t_s,card,gpu_busy_pct,package_temp_c,vram_temp_c,vram_hottest_channel_c,memory_controller_temp_c,pcie_temp_c,fan_rpm,power_w,energy_counter_uj
0.0,0,0.00,59.0,62.0,62.0,45.0,61.0,1425,,87198189111022
0.0,1,0.00,50.0,54.0,54.0,38.0,52.0,1088,,47972915675903
1.0,2,0.00,53.0,56.0,56.0,41.0,55.0,1191,,43668023934570
1.0,3,0.00,55.0,58.0,58.0,42.0,57.0,1255,,44192751109130
6.0,0,0.00,59.0,62.0,62.0,45.0,61.0,1364,49.87,87198471897705
6.0,1,0.00,51.0,54.0,54.0,38.0,52.0,1089,47.75,47973186419311
6.0,2,0.00,53.0,56.0,56.0,41.0,55.0,1184,46.98,43668290316772
6.0,3,0.00,55.0,58.0,58.0,42.0,57.0,1247,47.17,44193019012145
12.0,0,0.00,58.0,62.0,62.0,44.0,61.0,1345,49.12,87198750412536
12.0,1,0.00,50.0,54.0,54.0,38.0,52.0,1081,47.91,47973457588317
12.0,2,0.00,53.0,56.0,56.0,41.0,55.0,1167,47.16,43668557218566
12.0,3,0.00,55.0,58.0,58.0,42.0,57.0,1252,47.24,44193286365356
17.0,0,0.00,58.0,62.0,62.0,44.0,60.0,1354,49.04,87199028492492
17.0,1,0.00,50.0,54.0,54.0,38.0,52.0,1079,47.91,47973729698608
18.0,2,0.00,53.0,56.0,56.0,41.0,55.0,1184,47.30,43668825868286
18.0,3,0.00,55.0,58.0,58.0,42.0,57.0,1247,47.46,44193555948608
23.0,0,0.00,58.0,62.0,62.0,44.0,60.0,1303,48.67,87199304447631
23.0,1,0.00,50.0,54.0,54.0,38.0,52.0,1082,47.43,47973998156555
23.0,2,0.00,53.0,56.0,56.0,41.0,55.0,1188,47.32,43669093693115
23.0,3,0.00,55.0,58.0,58.0,42.0,56.0,1195,47.46,44193825515014
29.0,0,0.00,57.0,60.0,60.0,44.0,59.0,1302,49.06,87199582639160
29.0,1,0.00,50.0,54.0,54.0,39.0,52.0,1090,47.84,47974269905517
29.0,2,0.00,53.0,56.0,56.0,41.0,55.0,1174,47.03,43669360341369
29.0,3,0.00,55.0,58.0,58.0,42.0,56.0,1198,47.19,44194092635070
34.0,0,0.00,58.0,58.0,58.0,44.0,59.0,1313,53.38,87199884790771
34.0,1,0.00,50.0,54.0,54.0,39.0,52.0,1080,48.07,47974541967834
35.0,2,0.00,53.0,56.0,56.0,41.0,55.0,1181,47.18,43669629243957
35.0,3,0.00,55.0,58.0,58.0,42.0,57.0,1202,47.27,44194361620239
40.0,0,0.00,57.0,58.0,58.0,44.0,59.0,1297,52.35,87200183184997
40.0,1,0.00,50.0,54.0,54.0,38.0,52.0,1085,47.56,47974813032653
40.0,2,0.00,53.0,56.0,56.0,41.0,55.0,1185,47.35,43669897707397
40.0,3,0.00,55.0,58.0,58.0,42.0,56.0,1195,47.46,44194630698669
46.0,0,0.00,57.0,58.0,58.0,44.0,59.0,1292,50.56,87200469853088
46.0,1,0.00,50.0,54.0,54.0,38.0,52.0,1081,47.74,47975083692810
46.0,2,0.00,53.0,56.0,56.0,41.0,55.0,1176,46.88,43670163515747
46.0,3,0.00,55.0,58.0,58.0,42.0,57.0,1209,47.23,44194898034484
51.0,0,0.00,56.0,58.0,58.0,44.0,59.0,1273,49.21,87200748402954
51.0,1,0.00,50.0,54.0,54.0,38.0,52.0,1082,47.93,47975354982727
52.0,2,0.00,53.0,56.0,56.0,41.0,55.0,1177,47.25,43670430975219
52.0,3,0.00,55.0,58.0,58.0,42.0,56.0,1195,47.28,44195166596191
57.0,0,0.00,57.0,58.0,58.0,43.0,59.0,1268,51.06,87201038415344
57.0,1,0.00,50.0,54.0,54.0,38.0,52.0,1088,47.97,47975627433227
57.0,2,0.00,53.0,56.0,56.0,41.0,55.0,1183,47.24,43670699310729
57.0,3,0.00,55.0,58.0,58.0,42.0,56.0,1198,47.35,44195434577880
63.0,0,23.89,58.0,58.0,58.0,44.0,59.0,1273,68.81,87201427891235
63.0,1,0.00,50.0,54.0,54.0,39.0,52.0,1083,47.53,47975895990295
63.0,2,0.00,53.0,56.0,56.0,41.0,55.0,1178,47.39,43670967064575
63.0,3,0.00,55.0,58.0,58.0,42.0,56.0,1209,47.55,44195703724426
68.0,0,36.54,58.0,58.0,58.0,44.0,59.0,1257,78.44,87201873410949
68.0,1,0.00,50.0,54.0,54.0,38.0,52.0,1083,47.87,47976168852722
69.0,2,0.00,53.0,56.0,56.0,41.0,55.0,1174,46.87,43671235609802
69.0,3,0.00,54.0,58.0,58.0,41.0,56.0,1192,47.26,44195975021667
74.0,0,4.20,58.0,58.0,58.0,44.0,60.0,1257,75.22,87202305952636
74.0,1,0.00,50.0,54.0,54.0,38.0,52.0,1083,48.03,47976445987915
74.0,2,0.00,53.0,56.0,56.0,41.0,55.0,1181,47.14,43671506182434
75.0,3,0.00,54.0,58.0,58.0,42.0,56.0,1206,47.34,44196246298095
80.0,0,30.48,63.0,62.0,62.0,46.0,63.0,1322,75.67,87202737249572
80.0,1,0.00,50.0,54.0,54.0,38.0,52.0,1081,47.66,47976716235778
80.0,2,0.00,53.0,56.0,56.0,41.0,55.0,1165,47.29,43671774310852
80.0,3,0.00,54.0,58.0,58.0,41.0,56.0,1197,47.43,44196515224426
85.0,0,27.87,60.0,64.0,64.0,46.0,62.0,1334,164.85,87203671930114
86.0,1,0.00,50.0,54.0,54.0,38.0,52.0,1080,47.75,47976986985046
86.0,2,0.00,53.0,56.0,56.0,41.0,55.0,1175,47.04,43672041053894
86.0,3,0.00,54.0,58.0,58.0,42.0,56.0,1207,47.32,44196783530029
91.0,0,0.00,59.0,64.0,64.0,45.0,61.0,1427,57.64,87203998774475
91.0,1,0.00,50.0,54.0,54.0,38.0,52.0,1089,47.91,47977259110046
91.0,2,0.00,53.0,56.0,56.0,41.0,56.0,1173,47.03,43672308163940
92.0,3,0.00,54.0,58.0,58.0,41.0,56.0,1194,47.16,44197051385559
97.0,0,0.51,58.0,60.0,60.0,44.0,60.0,1395,52.76,87204298440856
97.0,1,0.00,50.0,54.0,54.0,38.0,52.0,1089,47.87,47977531016418
97.0,2,0.00,53.0,56.0,56.0,41.0,55.0,1173,47.24,43672576460998
97.0,3,0.00,54.0,58.0,58.0,41.0,56.0,1195,47.28,44197319931030
102.0,0,0.51,57.0,60.0,60.0,44.0,59.0,1312,49.88,87204581779663
103.0,1,0.00,50.0,54.0,54.0,38.0,52.0,1079,47.58,47977800799377
103.0,2,0.00,53.0,56.0,56.0,41.0,55.0,1175,47.41,43672845253417
103.0,3,0.00,54.0,58.0,58.0,41.0,56.0,1206,47.48,44197589138000
108.0,0,0.51,58.0,60.0,60.0,44.0,60.0,1292,57.79,87204909427185
108.0,1,0.00,50.0,54.0,54.0,38.0,52.0,1091,47.73,47978071404785
108.0,2,0.00,53.0,56.0,56.0,41.0,55.0,1187,47.03,43673111453552
109.0,3,0.00,54.0,58.0,58.0,41.0,56.0,1186,47.23,44197856923034
114.0,0,0.51,57.0,60.0,60.0,44.0,59.0,1312,50.00,87205192911437
114.0,1,0.00,50.0,54.0,54.0,38.0,52.0,1079,48.13,47978344300842
114.0,2,0.00,53.0,56.0,56.0,41.0,55.0,1163,47.09,43673378905395
114.0,3,0.00,54.0,58.0,58.0,41.0,56.0,1206,47.23,44198124710388
119.0,0,0.50,56.0,60.0,60.0,43.0,59.0,1280,48.15,87205465897583
120.0,1,0.00,50.0,54.0,54.0,39.0,52.0,1079,48.05,47978616743591
120.0,2,0.00,53.0,56.0,56.0,41.0,55.0,1164,47.31,43673647140502
120.0,3,0.00,54.0,58.0,58.0,41.0,56.0,1206,47.33,44198393092834
125.0,0,0.00,56.0,60.0,60.0,43.0,59.0,1271,48.14,87205738859436
125.0,1,0.00,50.0,54.0,54.0,38.0,52.0,1090,47.60,47978887112670
125.0,2,0.00,53.0,56.0,56.0,41.0,55.0,1186,47.34,43673916024536
126.0,3,0.00,54.0,58.0,58.0,41.0,56.0,1196,47.15,44198660441650
131.0,0,45.35,58.0,60.0,60.0,44.0,59.0,1281,90.28,87206250723937
131.0,1,0.00,50.0,54.0,54.0,38.0,52.0,1082,47.92,47979158319152
131.0,2,0.00,53.0,56.0,56.0,41.0,55.0,1167,47.06,43674181932495
131.0,3,0.00,54.0,58.0,58.0,41.0,56.0,1208,47.31,44198928694702
136.0,0,0.00,57.0,60.0,60.0,44.0,59.0,1332,57.16,87206574810119
137.0,1,0.00,50.0,54.0,54.0,38.0,52.0,1087,47.98,47979430848022
137.0,2,0.00,53.0,56.0,56.0,41.0,55.0,1181,47.00,43674449852539
137.0,3,0.00,54.0,58.0,58.0,41.0,56.0,1202,47.36,44199198158020
142.0,0,0.00,57.0,58.0,60.0,44.0,59.0,1267,60.99,87206921826416
142.0,1,0.00,50.0,54.0,54.0,38.0,52.0,1088,47.59,47979701141662
142.0,2,0.00,53.0,56.0,56.0,41.0,55.0,1173,47.31,43674718577087
143.0,3,0.00,54.0,58.0,58.0,41.0,56.0,1195,47.48,44199467844177
148.0,0,0.51,56.0,60.0,60.0,43.0,59.0,1311,57.30,87207247292907
148.0,1,0.00,50.0,54.0,54.0,39.0,52.0,1089,47.66,47979971825683
148.0,2,0.00,53.0,56.0,56.0,41.0,55.0,1152,47.18,43674986081115
148.0,3,0.00,54.0,58.0,58.0,41.0,56.0,1194,47.18,44199735853820
153.0,0,0.00,56.0,60.0,60.0,43.0,58.0,1278,50.60,87207534720458
154.0,1,0.00,50.0,54.0,54.0,38.0,52.0,1079,47.96,47980244241699
154.0,2,0.00,53.0,56.0,56.0,41.0,55.0,1174,47.02,43675253177307
154.0,3,0.00,54.0,58.0,58.0,41.0,56.0,1173,47.29,44200003964538
159.0,0,99.10,64.0,64.0,64.0,47.0,64.0,1248,184.35,87208579994934
159.0,1,0.00,50.0,54.0,54.0,39.0,52.0,1089,48.18,47980517431762
159.0,2,0.00,53.0,56.0,56.0,41.0,55.0,1185,47.10,43675520720214
160.0,3,0.00,54.0,58.0,58.0,41.0,56.0,1196,47.56,44200274092956
165.0,0,0.00,60.0,68.0,68.0,46.0,62.0,1378,134.64,87209343426757
165.0,1,0.00,50.0,54.0,54.0,38.0,52.0,1081,47.70,47980787887390
165.0,2,0.00,53.0,56.0,56.0,41.0,55.0,1167,47.42,43675789113647
165.0,3,0.00,54.0,58.0,58.0,41.0,56.0,1178,47.81,44200544247680
170.0,0,0.00,59.0,68.0,68.0,45.0,61.0,1452,52.44,87209640241882
171.0,1,0.00,50.0,54.0,54.0,38.0,52.0,1081,47.81,47981058518066
171.0,2,0.00,53.0,56.0,56.0,41.0,55.0,1175,47.13,43676055856628
171.0,3,0.00,54.0,58.0,58.0,41.0,56.0,1175,47.15,44200812035400
176.0,0,0.00,58.0,68.0,68.0,44.0,60.0,1332,52.33,87209937486450
176.0,1,0.00,50.0,54.0,54.0,38.0,52.0,1087,47.99,47981331555603
176.0,2,0.00,53.0,56.0,56.0,41.0,55.0,1183,47.03,43676323475036
177.0,3,0.00,54.0,58.0,58.0,41.0,56.0,1162,47.20,44201080108215
182.0,0,,62.0,66.0,68.0,47.0,64.0,1342,113.42,87210581725524
182.0,1,0.00,50.0,54.0,54.0,38.0,52.0,1090,47.60,47981601443298
182.0,2,0.00,53.0,56.0,56.0,41.0,55.0,1174,47.19,43676591036376
182.0,3,0.00,54.0,58.0,58.0,41.0,56.0,1174,47.41,44201348928771
188.0,0,,64.0,68.0,68.0,48.0,65.0,1376,175.50,87211576834167
188.0,1,0.00,50.0,54.0,54.0,38.0,52.0,1079,47.83,47981872647033
188.0,2,0.00,53.0,56.0,56.0,41.0,55.0,1185,47.22,43676859263366
188.0,3,0.00,54.0,58.0,58.0,41.0,56.0,1196,47.39,44201618120178
193.0,0,,66.0,70.0,72.0,49.0,67.0,1428,179.63,87212597139160
193.0,1,0.00,51.0,54.0,54.0,38.0,52.0,1089,47.91,47982144797424
194.0,2,0.00,53.0,56.0,56.0,41.0,55.0,1184,47.03,43677125913146
194.0,3,0.00,54.0,58.0,58.0,41.0,56.0,1163,47.66,44201888368103
199.0,0,,67.0,72.0,72.0,50.0,68.0,1606,176.90,87213601903564
199.0,1,0.00,50.0,54.0,54.0,39.0,52.0,1089,48.12,47982418125549
199.0,2,0.00,53.0,56.0,56.0,41.0,56.0,1184,47.09,43677393359436
199.0,3,0.00,54.0,58.0,58.0,41.0,56.0,1174,47.51,44202158250854
205.0,0,100.00,67.0,74.0,74.0,51.0,68.0,1800,181.37,87214630273254
205.0,1,0.00,50.0,54.0,54.0,38.0,52.0,1080,47.77,47982688969665
205.0,2,0.00,53.0,56.0,56.0,41.0,55.0,1176,47.23,43677661178649
205.0,3,0.00,54.0,58.0,58.0,41.0,56.0,1175,47.65,44202428432983
210.0,0,,68.0,76.0,76.0,51.0,69.0,2011,177.99,87215639459228
210.0,1,0.00,50.0,54.0,54.0,38.0,52.0,1079,47.89,47982960533386
211.0,2,0.00,53.0,56.0,56.0,41.0,55.0,1185,47.08,43677928104614
211.0,3,0.00,54.0,58.0,58.0,41.0,56.0,1163,47.47,44202698082824
216.0,0,,68.0,76.0,76.0,51.0,69.0,2082,182.14,87216674006347
216.0,1,0.00,50.0,54.0,54.0,38.0,52.0,1089,48.04,47983233385925
216.0,2,0.00,53.0,56.0,56.0,41.0,55.0,1185,46.93,43678194664367
216.0,3,0.00,54.0,58.0,58.0,41.0,56.0,1174,47.62,44202968096191
222.0,0,,68.0,78.0,78.0,51.0,70.0,2103,178.59,87217686609375
222.0,1,0.00,50.0,54.0,54.0,38.0,52.0,1089,48.15,47983506416198
222.0,2,0.00,53.0,56.0,56.0,41.0,55.0,1173,47.06,43678461958557
222.0,3,0.00,54.0,58.0,58.0,41.0,56.0,1205,47.57,44203238309814
227.0,0,,68.0,78.0,78.0,51.0,69.0,2231,181.55,87218717838623
227.0,1,0.00,50.0,54.0,54.0,38.0,52.0,1079,47.78,47983777832214
228.0,2,0.00,53.0,56.0,56.0,41.0,55.0,1185,47.31,43678730227905
228.0,3,0.00,54.0,58.0,58.0,41.0,56.0,1195,47.78,44203509217346
233.0,0,99.61,68.0,78.0,78.0,51.0,70.0,2232,181.95,87219749512939
233.0,1,0.00,50.0,54.0,54.0,38.0,52.0,1090,47.97,47984049815002
233.0,2,0.00,53.0,56.0,56.0,41.0,55.0,1185,46.95,43678996918701
233.0,3,0.00,54.0,58.0,58.0,42.0,56.0,1195,47.50,44203779003540
239.0,0,99.99,68.0,78.0,78.0,51.0,69.0,2284,178.81,87220765140075
239.0,1,0.00,50.0,54.0,54.0,38.0,52.0,1079,48.06,47984322821655
239.0,2,0.00,53.0,56.0,56.0,41.0,55.0,1153,47.10,43679263965026
239.0,3,0.00,54.0,58.0,58.0,41.0,56.0,1205,47.65,44204049193969
244.0,0,,68.0,78.0,78.0,51.0,69.0,2242,182.78,87221801510742
244.0,1,0.00,50.0,54.0,54.0,38.0,52.0,1089,47.75,47984594036804
245.0,2,0.00,53.0,56.0,56.0,41.0,55.0,1174,47.17,43679531893981
245.0,3,0.00,54.0,58.0,58.0,42.0,56.0,1195,47.60,44204319540893
250.0,0,,68.0,80.0,80.0,51.0,69.0,2285,178.65,87222816253662
250.0,1,0.00,50.0,54.0,54.0,38.0,52.0,1090,47.89,47984865548095
250.0,2,0.00,53.0,56.0,56.0,41.0,55.0,1184,47.12,43679799047607
250.0,3,0.00,54.0,58.0,58.0,42.0,56.0,1206,47.57,44204589237121
256.0,0,,68.0,80.0,80.0,51.0,69.0,2293,182.72,87223854096618
256.0,1,0.00,51.0,54.0,54.0,38.0,52.0,1078,48.00,47985138210876
256.0,2,0.00,53.0,56.0,56.0,41.0,55.0,1163,46.97,43680065830871
256.0,3,0.00,54.0,58.0,58.0,42.0,56.0,1195,47.60,44204859627502
261.0,0,99.99,68.0,80.0,80.0,51.0,69.0,2297,178.93,87224868602111
261.0,1,0.00,50.0,54.0,54.0,38.0,52.0,1089,48.12,47985411051940
262.0,2,0.00,53.0,56.0,56.0,41.0,55.0,1174,47.10,43680332912231
262.0,3,0.00,55.0,58.0,58.0,42.0,56.0,1205,47.68,44205129958068
267.0,0,,68.0,80.0,80.0,51.0,70.0,2294,182.82,87225905177612
267.0,1,0.00,50.0,54.0,54.0,38.0,52.0,1090,47.67,47985681797119
267.0,2,0.00,53.0,56.0,56.0,41.0,55.0,1185,47.19,43680600972412
267.0,3,0.00,55.0,58.0,58.0,42.0,57.0,1196,47.67,44205400736816
273.0,0,99.17,68.0,80.0,80.0,51.0,69.0,2296,182.32,87226940742126
273.0,1,0.00,50.0,54.0,54.0,38.0,52.0,1080,47.87,47985953217468
273.0,2,0.00,53.0,56.0,56.0,41.0,55.0,1175,47.00,43680867472839
273.0,3,0.00,55.0,58.0,58.0,42.0,56.0,1185,47.54,44205670284484
278.0,0,99.99,68.0,80.0,80.0,51.0,69.0,2296,179.12,87227956330566
278.0,1,0.00,50.0,54.0,54.0,38.0,52.0,1090,48.05,47986225639404
279.0,2,0.00,53.0,56.0,56.0,41.0,55.0,1185,47.06,43681134329223
279.0,3,0.00,55.0,58.0,58.0,42.0,57.0,1195,47.73,44205940933166
284.0,0,100.00,68.0,80.0,80.0,51.0,69.0,2291,183.07,87228996171630
284.0,1,0.00,50.0,54.0,54.0,38.0,52.0,1088,47.88,47986497602600
284.0,2,0.00,53.0,56.0,56.0,41.0,56.0,1183,47.19,43681402367370
284.0,3,0.00,55.0,58.0,58.0,42.0,57.0,1193,47.71,44206212380371
290.0,0,,68.0,80.0,80.0,51.0,69.0,2295,178.64,87230010871093
290.0,1,0.00,50.0,54.0,54.0,38.0,52.0,1079,47.79,47986769051940
290.0,2,0.00,53.0,56.0,56.0,41.0,55.0,1175,47.23,43681670616943
290.0,3,0.00,55.0,58.0,58.0,42.0,57.0,1207,47.52,44206481811401
295.0,0,,68.0,80.0,80.0,51.0,70.0,2297,182.95,87231048218627
296.0,1,0.00,50.0,54.0,54.0,38.0,52.0,1079,47.99,47987041140502
296.0,2,0.00,53.0,56.0,56.0,41.0,55.0,1185,47.08,43681937534790
296.0,3,0.00,55.0,58.0,58.0,42.0,57.0,1206,47.72,44206752369873
301.0,0,,71.0,78.0,78.0,52.0,70.0,2294,181.87,87232079439880
301.0,1,0.00,50.0,54.0,54.0,38.0,52.0,1090,48.13,47987314029357
301.0,2,0.00,53.0,56.0,56.0,41.0,55.0,1185,47.09,43682204555419
301.0,3,0.00,55.0,58.0,58.0,42.0,57.0,1227,47.71,44207022879516
307.0,0,,68.0,80.0,80.0,51.0,70.0,2296,180.32,87233101870178
307.0,1,0.00,50.0,54.0,54.0,38.0,52.0,1080,47.71,47987584571899
307.0,2,0.00,53.0,56.0,56.0,41.0,55.0,1175,47.12,43682471751770
307.0,3,0.00,55.0,58.0,58.0,42.0,57.0,1197,47.66,44207293131103
312.0,0,,68.0,80.0,80.0,51.0,70.0,2307,182.79,87234138281127
313.0,1,0.00,50.0,54.0,54.0,38.0,52.0,1090,47.79,47987855994689
313.0,2,0.00,53.0,56.0,56.0,41.0,55.0,1185,46.96,43682738507080
313.0,3,0.00,55.0,58.0,58.0,42.0,57.0,1206,47.52,44207563068298
318.0,0,,68.0,80.0,80.0,51.0,70.0,2284,177.65,87235147310974
318.0,1,0.00,50.0,54.0,54.0,38.0,52.0,1089,48.07,47988128578796
318.0,2,0.00,53.0,56.0,56.0,41.0,55.0,1163,47.10,43683005586975
318.0,3,0.00,55.0,58.0,58.0,42.0,57.0,1227,47.70,44207833500915
324.0,0,100.00,68.0,80.0,80.0,51.0,70.0,2294,181.36,87236177407409
324.0,1,0.00,50.0,54.0,54.0,38.0,52.0,1079,48.11,47988401855651
324.0,2,0.00,53.0,56.0,56.0,41.0,56.0,1173,47.10,43683273133666
324.0,3,0.00,55.0,58.0,58.0,42.0,57.0,1205,47.69,44208104384155
329.0,0,,68.0,80.0,82.0,51.0,70.0,2305,177.89,87237186026733
330.0,1,0.00,50.0,54.0,54.0,38.0,52.0,1089,47.84,47988673118164
330.0,2,0.00,53.0,56.0,56.0,41.0,56.0,1185,47.28,43683541183288
330.0,3,0.00,55.0,58.0,58.0,42.0,57.0,1237,47.76,44208375676757
335.0,0,,68.0,80.0,80.0,51.0,69.0,2284,181.32,87238215904357
335.0,1,0.00,50.0,54.0,54.0,38.0,52.0,1089,47.86,47988944943115
335.0,2,0.00,53.0,56.0,56.0,41.0,55.0,1184,47.05,43683808404357
336.0,3,0.00,55.0,58.0,58.0,42.0,57.0,1237,47.71,44208646209960
341.0,0,,68.0,80.0,80.0,51.0,70.0,2294,177.70,87239225248718
341.0,1,0.00,50.0,54.0,54.0,38.0,52.0,1079,48.03,47989217739196
341.0,2,0.00,53.0,56.0,56.0,41.0,55.0,1174,47.07,43684075775207
341.0,3,0.00,55.0,58.0,58.0,42.0,57.0,1258,47.73,44208917331909
346.0,0,,68.0,80.0,80.0,51.0,70.0,2295,181.89,87240256571777
347.0,1,0.00,50.0,54.0,54.0,38.0,52.0,1089,47.87,47989489166870
347.0,2,0.00,53.0,56.0,56.0,41.0,56.0,1174,47.17,43684343251159
347.0,3,0.00,55.0,58.0,58.0,42.0,57.0,1259,47.72,44209187903686
352.0,0,,68.0,80.0,80.0,51.0,70.0,2286,177.72,87241264247314
352.0,1,0.00,50.0,54.0,54.0,38.0,52.0,1080,47.73,47989759796630
352.0,2,0.00,53.0,56.0,56.0,41.0,55.0,1164,47.22,43684611465209
353.0,3,0.00,55.0,58.0,58.0,42.0,57.0,1238,47.47,44209457559753
358.0,0,0.00,64.0,80.0,80.0,49.0,66.0,2305,91.58,87241784411071
358.0,1,0.00,50.0,54.0,54.0,38.0,52.0,1089,47.90,47990031881530
358.0,2,0.00,53.0,56.0,56.0,41.0,56.0,1164,47.16,43684878886413
358.0,3,0.00,55.0,58.0,58.0,42.0,57.0,1259,47.40,44209726332397
363.0,0,0.00,63.0,80.0,80.0,48.0,64.0,1737,58.73,87242116839782
364.0,1,0.00,50.0,54.0,54.0,38.0,52.0,1081,47.97,47990303409667
364.0,2,0.00,53.0,56.0,56.0,41.0,55.0,1176,47.11,43685145978210
364.0,3,0.00,55.0,58.0,58.0,42.0,57.0,1250,47.40,44209995091003
369.0,0,99.99,66.0,74.0,74.0,50.0,67.0,1470,126.68,87242836373107
369.0,1,0.00,50.0,54.0,54.0,38.0,52.0,1089,47.64,47990574019287
369.0,2,0.00,53.0,56.0,56.0,41.0,56.0,1185,47.15,43685413346435
370.0,3,0.00,55.0,58.0,58.0,42.0,57.0,1248,47.61,44210265017150
375.0,0,,67.0,76.0,76.0,51.0,69.0,1704,177.75,87243844224975
375.0,1,0.00,50.0,54.0,54.0,38.0,52.0,1079,47.90,47990845620300
375.0,2,0.00,53.0,56.0,56.0,41.0,55.0,1174,47.06,43685680180419
375.0,3,0.00,55.0,58.0,58.0,42.0,57.0,1195,47.60,44210534891906
380.0,0,0.51,64.0,74.0,74.0,49.0,67.0,2009,143.27,87244656554260
381.0,1,0.00,50.0,54.0,54.0,38.0,52.0,1090,48.11,47991118403137
381.0,2,0.00,53.0,56.0,56.0,41.0,55.0,1175,47.25,43685948088989
381.0,3,0.00,55.0,58.0,58.0,42.0,57.0,1217,47.63,44210805452880
386.0,0,69.93,67.0,74.0,74.0,50.0,68.0,1874,84.82,87245138322082
386.0,1,0.00,50.0,54.0,54.0,38.0,52.0,1079,47.97,47991390894714
386.0,2,0.00,53.0,56.0,56.0,41.0,55.0,1185,47.00,43686215027038
387.0,3,0.00,55.0,58.0,58.0,42.0,57.0,1195,47.41,44211074257019
392.0,0,,68.0,76.0,76.0,51.0,69.0,1724,182.48,87246172994445
392.0,1,0.00,50.0,54.0,54.0,38.0,52.0,1089,47.78,47991661829711
392.0,2,0.00,53.0,56.0,56.0,41.0,55.0,1174,47.19,43686482609741
392.0,3,0.00,55.0,58.0,58.0,42.0,57.0,1195,47.78,44211345194885
397.0,0,75.26,66.0,74.0,74.0,50.0,67.0,2114,167.58,87247124837890
398.0,1,0.00,50.0,54.0,54.0,38.0,52.0,1089,47.88,47991933768920
398.0,2,0.00,53.0,56.0,56.0,41.0,55.0,1164,47.02,43686749683410
398.0,3,0.00,55.0,58.0,58.0,42.0,57.0,1205,47.57,44211615378356
403.0,0,100.00,68.0,78.0,78.0,51.0,70.0,2210,177.49,87248131207397
403.0,1,0.00,50.0,54.0,54.0,38.0,52.0,1079,48.08,47992206402160
403.0,2,0.00,53.0,56.0,56.0,41.0,55.0,1184,47.07,43687017044128
404.0,3,0.00,55.0,58.0,58.0,42.0,57.0,1195,47.69,44211886267944
409.0,0,,70.0,74.0,74.0,52.0,70.0,2283,188.21,87249200265991
409.0,1,0.00,50.0,54.0,54.0,38.0,52.0,1089,47.81,47992477936584
409.0,2,0.00,53.0,56.0,56.0,41.0,56.0,1174,47.23,43687284819702
409.0,3,0.00,55.0,58.0,58.0,42.0,57.0,1206,47.71,44212157261413
415.0,0,99.99,69.0,78.0,78.0,51.0,70.0,2315,182.83,87250238716796
415.0,1,0.00,50.0,54.0,54.0,38.0,52.0,1079,47.83,47992749606811
415.0,2,0.00,53.0,56.0,56.0,41.0,55.0,1184,46.98,43687551642395
415.0,3,0.00,55.0,58.0,58.0,42.0,57.0,1247,47.64,44212427379089
420.0,0,,71.0,76.0,76.0,52.0,70.0,2293,187.33,87251302768066
420.0,1,0.00,50.0,54.0,54.0,38.0,52.0,1088,48.04,47993022465454
420.0,2,0.00,53.0,56.0,56.0,41.0,56.0,1183,47.02,43687819204711
421.0,3,0.00,55.0,58.0,58.0,42.0,57.0,1236,47.70,44212698783996
426.0,0,,69.0,80.0,80.0,51.0,70.0,2356,183.44,87252344720947
426.0,1,0.00,50.0,54.0,54.0,38.0,52.0,1089,48.03,47993295268981
426.0,2,0.00,53.0,56.0,56.0,41.0,55.0,1174,47.22,43688086932922
426.0,3,0.00,55.0,58.0,58.0,42.0,57.0,1248,47.85,44212970094055
432.0,0,99.99,69.0,78.0,78.0,51.0,70.0,2316,188.96,87253416105346
432.0,1,0.00,50.0,54.0,54.0,38.0,52.0,1080,47.80,47993566318359
432.0,2,0.00,53.0,56.0,56.0,41.0,55.0,1176,47.07,43688353822875
432.0,3,0.00,55.0,58.0,58.0,42.0,57.0,1250,47.71,44213240581787
437.0,0,,69.0,80.0,80.0,51.0,70.0,2393,182.36,87254450101989
437.0,1,0.00,50.0,54.0,54.0,38.0,52.0,1090,47.83,47993837518859
438.0,2,0.00,53.0,56.0,56.0,41.0,55.0,1185,47.07,43688620682189
438.0,3,0.00,55.0,58.0,58.0,42.0,57.0,1237,47.69,44213510998046
443.0,0,,69.0,80.0,80.0,52.0,70.0,2339,188.87,87255521014465
443.0,1,0.00,50.0,54.0,54.0,38.0,52.0,1080,48.09,47994110192871
443.0,2,0.00,53.0,56.0,56.0,41.0,56.0,1174,47.04,43688887854858
443.0,3,0.00,55.0,58.0,58.0,42.0,57.0,1248,47.69,44213781895629
449.0,0,,69.0,80.0,80.0,52.0,70.0,2378,182.55,87256557922363
449.0,1,0.00,50.0,54.0,54.0,38.0,52.0,1089,47.79,47994381639526
449.0,2,0.00,53.0,56.0,56.0,41.0,55.0,1174,47.19,43689155403564
449.0,3,0.00,55.0,58.0,58.0,42.0,57.0,1248,47.83,44214053067932
454.0,0,,69.0,80.0,80.0,52.0,70.0,2316,188.40,87257626150573
454.0,1,0.00,50.0,54.0,54.0,38.0,52.0,1079,47.88,47994653096435
455.0,2,0.00,53.0,56.0,56.0,41.0,55.0,1185,47.14,43689423133911
455.0,3,0.00,55.0,58.0,58.0,42.0,57.0,1248,47.51,44214322920288
460.0,0,,68.0,80.0,80.0,51.0,70.0,2411,182.36,87258661939208
460.0,1,0.00,50.0,54.0,54.0,38.0,52.0,1090,47.89,47994925126403
460.0,2,0.00,53.0,56.0,56.0,41.0,55.0,1174,47.11,43689690253540
460.0,3,0.00,55.0,58.0,58.0,42.0,57.0,1248,47.75,44214593687927
466.0,0,,71.0,78.0,78.0,52.0,71.0,2337,188.26,87259729376586
466.0,1,0.00,50.0,54.0,54.0,38.0,52.0,1090,48.10,47995197876892
466.0,2,0.00,54.0,56.0,56.0,41.0,55.0,1174,47.17,43689957711242
466.0,3,0.00,55.0,58.0,58.0,42.0,57.0,1259,47.79,44214864638000
471.0,0,,69.0,80.0,80.0,52.0,70.0,2413,183.43,87260769423461
471.0,1,0.00,50.0,54.0,54.0,38.0,52.0,1080,47.86,47995469235839
472.0,2,0.00,53.0,56.0,56.0,41.0,56.0,1185,47.12,43690225326416
472.0,3,0.00,55.0,58.0,58.0,42.0,57.0,1248,47.72,44215135714965
477.0,0,83.66,66.0,80.0,80.0,50.0,68.0,2306,171.98,87261746286010
477.0,1,0.00,50.0,54.0,54.0,38.0,52.0,1089,47.73,47995740367980
477.0,2,0.00,53.0,56.0,56.0,41.0,56.0,1183,46.96,43690492059875
477.0,3,0.00,55.0,58.0,58.0,42.0,57.0,1246,47.43,44215405564636
483.0,0,0.00,64.0,80.0,80.0,48.0,66.0,2163,59.93,87262086688171
483.0,1,0.00,50.0,54.0,54.0,38.0,52.0,1088,47.93,47996013076477
483.0,2,0.00,53.0,56.0,56.0,41.0,55.0,1163,47.19,43690760122558
483.0,3,0.00,55.0,58.0,58.0,42.0,57.0,1259,47.40,44215674312133
488.0,0,0.00,63.0,80.0,80.0,48.0,65.0,1558,58.33,87262417438537
488.0,1,0.00,50.0,54.0,54.0,38.0,52.0,1082,48.03,47996284934875
489.0,2,0.00,53.0,56.0,56.0,41.0,55.0,1188,47.34,43691027612121
489.0,3,0.00,55.0,58.0,58.0,42.0,57.0,1242,47.50,44215942713378
494.0,0,99.99,67.0,76.0,76.0,50.0,68.0,1526,170.61,87263383095520
494.0,1,0.00,50.0,54.0,54.0,38.0,52.0,1080,47.85,47996555788208
494.0,2,0.00,53.0,56.0,56.0,41.0,55.0,1185,47.12,43691295233520
494.0,3,0.00,55.0,58.0,58.0,42.0,57.0,1238,47.82,44216213825439
500.0,0,100.00,71.0,76.0,76.0,51.0,70.0,1851,177.99,87264394067932
500.0,1,0.00,50.0,54.0,54.0,38.0,52.0,1090,47.82,47996827424011
500.0,2,0.00,53.0,56.0,56.0,41.0,56.0,1164,47.02,43691561833923
500.0,3,0.00,55.0,58.0,58.0,42.0,57.0,1185,47.55,44216483901062
505.0,0,,69.0,78.0,76.0,52.0,70.0,2223,194.83,87265498752868
505.0,1,0.00,50.0,54.0,54.0,38.0,52.0,1080,48.08,47997100024047
506.0,2,0.00,53.0,56.0,56.0,41.0,55.0,1185,47.11,43691828919860
506.0,3,0.00,55.0,58.0,58.0,42.0,57.0,1195,47.74,44216754607604
511.0,0,100.00,69.0,78.0,78.0,52.0,70.0,2443,188.17,87266565685180
511.0,1,0.00,50.0,54.0,54.0,38.0,52.0,1089,47.84,47997371295837
511.0,2,0.00,53.0,56.0,56.0,41.0,55.0,1184,47.24,43692096760498
511.0,3,0.00,55.0,58.0,58.0,42.0,57.0,1248,47.80,44217026133239
517.0,0,,69.0,76.0,76.0,52.0,70.0,2453,192.99,87267661860534
517.0,1,0.00,50.0,54.0,54.0,38.0,52.0,1079,47.78,47997642666870
517.0,2,0.00,53.0,56.0,56.0,41.0,56.0,1174,47.08,43692364165283
517.0,3,0.00,55.0,58.0,58.0,42.0,57.0,1248,47.60,44217296036804
522.0,0,100.00,68.0,78.0,78.0,51.0,70.0,2475,191.88,87268749831604
522.0,1,0.00,50.0,54.0,54.0,38.0,52.0,1090,47.91,47997914331665
523.0,2,0.00,53.0,56.0,56.0,41.0,55.0,1186,47.05,43692630960144
523.0,3,0.00,55.0,58.0,58.0,42.0,57.0,1250,47.77,44217566897460
528.0,0,,69.0,78.0,78.0,51.0,70.0,2488,187.94,87269815442321
528.0,1,0.00,50.0,54.0,54.0,38.0,52.0,1080,48.08,47998186933471
528.0,2,0.00,53.0,56.0,56.0,41.0,56.0,1175,47.14,43692898227661
528.0,3,0.00,55.0,58.0,58.0,42.0,57.0,1249,47.81,44217837977539
534.0,0,,71.0,76.0,76.0,52.0,70.0,2422,196.98,87270932309570
534.0,1,0.00,50.0,54.0,54.0,38.0,52.0,1090,47.92,47998458650634
534.0,2,0.00,53.0,56.0,56.0,41.0,55.0,1175,47.11,43693165357177
534.0,3,0.00,55.0,58.0,58.0,42.0,57.0,1260,47.87,44218109396057
539.0,0,99.99,69.0,78.0,78.0,51.0,70.0,2478,187.88,87271997570983
539.0,1,0.00,50.0,54.0,54.0,39.0,52.0,1080,47.84,47998729925048
540.0,2,0.00,53.0,56.0,56.0,41.0,55.0,1186,46.90,43693431285705
540.0,3,0.00,55.0,58.0,58.0,42.0,57.0,1249,47.63,44218379451721
545.0,0,,68.0,78.0,76.0,51.0,70.0,2474,191.16,87273081469421
545.0,1,0.00,50.0,54.0,54.0,38.0,52.0,1089,48.03,47999002707458
545.0,2,0.00,53.0,56.0,56.0,41.0,56.0,1173,47.07,43693698634155
545.0,3,0.00,55.0,58.0,58.0,42.0,57.0,1247,47.80,44218650937500
551.0,0,,69.0,78.0,78.0,52.0,70.0,2462,194.61,87274186855102
551.0,1,0.00,50.0,54.0,54.0,38.0,52.0,1079,48.17,47999275838500
551.0,2,0.00,53.0,56.0,56.0,41.0,55.0,1163,47.19,43693966228942
551.0,3,0.00,55.0,58.0,58.0,42.0,57.0,1258,47.85,44218922724609
556.0,0,,69.0,78.0,78.0,51.0,70.0,2483,188.24,87275256076782
557.0,1,0.00,50.0,54.0,54.0,38.0,52.0,1088,47.82,47999547447570
557.0,2,0.00,53.0,56.0,56.0,41.0,55.0,1183,47.09,43694234156188
557.0,3,0.00,55.0,58.0,58.0,42.0,57.0,1247,47.85,44219194523010
562.0,0,,69.0,78.0,78.0,52.0,70.0,2472,190.66,87276338999572
562.0,1,0.00,50.0,54.0,54.0,38.0,52.0,1089,47.89,47999819458984
562.0,2,0.00,53.0,56.0,56.0,41.0,55.0,1184,46.98,43694500546508
562.0,3,0.00,55.0,58.0,58.0,42.0,57.0,1247,47.61,44219464967956
568.0,0,,69.0,78.0,78.0,51.0,70.0,2465,195.33,87277446544128
568.0,1,0.00,50.0,54.0,54.0,38.0,51.0,1080,48.08,48000092068969
568.0,2,0.00,53.0,56.0,56.0,41.0,56.0,1175,47.02,43694767637268
568.0,3,0.00,55.0,58.0,58.0,42.0,57.0,1249,47.88,44219736433105
573.0,0,100.00,69.0,78.0,80.0,51.0,70.0,2484,188.15,87278515211364
574.0,1,0.00,50.0,54.0,54.0,38.0,52.0,1088,47.84,48000363825805
574.0,2,0.00,53.0,56.0,56.0,41.0,56.0,1184,47.19,43695035661621
574.0,3,0.00,55.0,58.0,58.0,42.0,57.0,1247,47.79,44220007906494
579.0,0,,71.0,76.0,76.0,52.0,70.0,2460,192.77,87279612078430
579.0,1,0.00,50.0,54.0,54.0,38.0,52.0,1088,47.80,48000635780273
579.0,2,0.00,53.0,56.0,56.0,41.0,55.0,1183,46.93,43695302232910
580.0,3,0.00,55.0,58.0,58.0,42.0,57.0,1247,47.61,44220278346496
585.0,0,,69.0,78.0,78.0,52.0,70.0,2486,193.00,87280706369445
585.0,1,0.00,50.0,54.0,54.0,38.0,52.0,1089,48.00,48000907942321
585.0,2,0.00,53.0,56.0,56.0,41.0,56.0,1163,47.00,43695569215393
585.0,3,0.00,55.0,58.0,58.0,42.0,57.0,1258,47.79,44220549808166
590.0,0,,69.0,78.0,80.0,51.0,70.0,2486,188.10,87281772913146
591.0,1,0.00,50.0,54.0,54.0,38.0,52.0,1080,48.13,48001180811645
591.0,2,0.00,53.0,56.0,56.0,41.0,56.0,1176,47.23,43695836536926
591.0,3,0.00,55.0,58.0,58.0,42.0,57.0,1250,47.87,44220821252319
596.0,0,,69.0,78.0,78.0,52.0,70.0,2421,194.87,87282879774658
596.0,1,0.00,50.0,54.0,54.0,38.0,52.0,1089,47.81,48001452372131
596.0,2,0.00,53.0,56.0,56.0,41.0,56.0,1184,47.13,43696104235168
597.0,3,0.00,55.0,58.0,58.0,42.0,57.0,1247,47.89,44221093292846
602.0,0,,69.0,80.0,78.0,52.0,70.0,2483,190.77,87283963341857
602.0,1,0.00,50.0,54.0,54.0,38.0,52.0,1089,47.89,48001724407653
602.0,2,0.00,53.0,56.0,56.0,41.0,55.0,1173,46.89,43696370574645
602.0,3,0.00,55.0,58.0,58.0,42.0,57.0,1258,47.68,44221363638488
607.0,0,,72.0,78.0,78.0,52.0,70.0,2488,188.35,87285031262817
608.0,1,0.00,50.0,54.0,54.0,38.0,52.0,1081,47.95,48001996301696
608.0,2,0.00,54.0,56.0,56.0,41.0,56.0,1165,47.06,43696637431396
608.0,3,0.00,55.0,58.0,58.0,42.0,57.0,1251,47.79,44221634625061
613.0,0,,69.0,78.0,78.0,52.0,70.0,2490,194.81,87286133893188
613.0,1,0.00,50.0,54.0,54.0,38.0,52.0,1080,48.19,48002269055603
613.0,2,0.00,53.0,56.0,56.0,41.0,56.0,1176,47.25,43696904891418
614.0,3,0.00,55.0,58.0,58.0,42.0,57.0,1239,47.95,44221906035156
619.0,0,99.99,69.0,78.0,80.0,52.0,70.0,2485,191.46,87287221359436
619.0,1,0.00,50.0,54.0,54.0,38.0,52.0,1090,47.82,48002540698852
619.0,2,0.00,53.0,56.0,56.0,41.0,55.0,1174,47.16,43697172732299
619.0,3,0.00,55.0,58.0,58.0,42.0,57.0,1259,47.53,44222176028625
624.0,0,,68.0,80.0,80.0,51.0,70.0,2484,188.31,87288289053466
625.0,1,0.00,50.0,54.0,54.0,38.0,52.0,1089,47.95,48002813034667
625.0,2,0.00,53.0,56.0,56.0,41.0,55.0,1184,46.97,43697439500610
625.0,3,0.00,55.0,58.0,58.0,42.0,57.0,1257,47.74,44222447171875
630.0,0,0.00,65.0,80.0,80.0,49.0,66.0,2318,113.25,87288931199462
630.0,1,0.00,50.0,54.0,54.0,38.0,52.0,1081,48.17,48003085695129
630.0,2,0.00,53.0,56.0,56.0,41.0,55.0,1176,47.32,43697707338500
631.0,3,0.00,55.0,58.0,58.0,42.0,57.0,1239,47.64,44222717267028
636.0,0,0.00,63.0,80.0,80.0,48.0,65.0,1840,58.76,87289264950012
636.0,1,0.00,50.0,54.0,54.0,38.0,52.0,1089,47.58,48003355944946
636.0,2,0.00,53.0,56.0,56.0,41.0,56.0,1173,47.34,43697976220092
636.0,3,0.00,55.0,58.0,58.0,42.0,57.0,1255,47.49,44222987013671
641.0,0,98.69,66.0,74.0,74.0,49.0,67.0,1509,99.69,87289832170166
642.0,1,0.00,50.0,54.0,54.0,38.0,52.0,1087,47.73,48003627504272
642.0,2,0.00,53.0,56.0,56.0,41.0,56.0,1183,46.84,43698242720458
642.0,3,0.00,55.0,58.0,58.0,42.0,57.0,1259,47.18,44223254997558
647.0,0,,67.0,76.0,76.0,50.0,68.0,1608,177.52,87290838714233
647.0,1,0.00,50.0,54.0,54.0,38.0,52.0,1080,47.97,48003899471130
647.0,2,0.00,53.0,56.0,56.0,41.0,56.0,1185,47.05,43698509507690
648.0,3,0.00,55.0,58.0,58.0,42.0,57.0,1238,47.72,44223525586853
653.0,0,98.54,70.0,74.0,74.0,52.0,70.0,1926,188.96,87291910143310
653.0,1,0.00,50.0,54.0,54.0,38.0,52.0,1090,48.15,48004172505554
653.0,2,0.00,53.0,56.0,56.0,41.0,55.0,1176,47.24,43698777347473
653.0,3,0.00,55.0,58.0,58.0,42.0,57.0,1249,47.78,44223796525939
659.0,0,,69.0,76.0,76.0,52.0,70.0,2329,197.17,87293028090698
659.0,1,0.00,50.0,54.0,54.0,39.0,52.0,1080,47.79,48004443459838
659.0,2,0.00,53.0,56.0,56.0,41.0,56.0,1174,47.16,43699044761535
659.0,3,0.00,55.0,58.0,58.0,42.0,57.0,1259,47.54,44224066537841
664.0,0,,70.0,78.0,78.0,52.0,70.0,2461,196.68,87294145250549
664.0,1,0.00,50.0,54.0,54.0,38.0,52.0,1088,47.90,48004715537902
664.0,2,0.00,53.0,56.0,56.0,41.0,55.0,1184,46.93,43699311313049
665.0,3,0.00,55.0,58.0,58.0,42.0,57.0,1247,47.68,44224337341430
670.0,0,100.00,69.0,78.0,78.0,52.0,71.0,2485,198.03,87295270055236
670.0,1,0.00,50.0,54.0,54.0,38.0,52.0,1079,48.07,48004988572631
670.0,2,0.00,53.0,56.0,56.0,41.0,56.0,1174,47.05,43699578559936
670.0,3,0.00,55.0,58.0,58.0,42.0,57.0,1249,47.89,44224608903259
676.0,0,,71.0,74.0,74.0,52.0,70.0,2729,200.79,87296408560180
676.0,1,0.00,50.0,54.0,54.0,38.0,52.0,1090,47.96,48005260519958
676.0,2,0.00,53.0,56.0,56.0,41.0,56.0,1185,47.25,43699846490905
676.0,3,0.00,55.0,58.0,58.0,42.0,57.0,1258,47.95,44224881261718
681.0,0,,69.0,78.0,78.0,52.0,70.0,2731,196.63,87297523476623
681.0,1,0.00,50.0,54.0,54.0,38.0,52.0,1089,47.76,48005531822875
682.0,2,0.00,54.0,56.0,56.0,41.0,55.0,1185,47.13,43700114210144
682.0,3,0.00,55.0,58.0,58.0,42.0,57.0,1238,47.68,44225151628051
687.0,0,,69.0,76.0,76.0,51.0,70.0,2514,198.37,87298650208374
687.0,1,0.00,50.0,54.0,54.0,38.0,52.0,1079,47.99,48005803947265
687.0,2,0.00,54.0,56.0,56.0,41.0,56.0,1174,46.91,43700380649719
687.0,3,0.00,55.0,58.0,58.0,42.0,57.0,1259,47.66,44225422313110
693.0,0,,71.0,74.0,76.0,52.0,70.0,2487,199.10,87299779094482
693.0,1,0.00,50.0,54.0,54.0,38.0,52.0,1090,48.09,48006076610473
693.0,2,0.00,53.0,56.0,56.0,41.0,56.0,1175,47.17,43700648077331
693.0,3,0.00,55.0,58.0,58.0,42.0,57.0,1249,47.95,44225694161987
698.0,0,,70.0,78.0,78.0,52.0,70.0,2662,198.37,87300905814880
698.0,1,0.00,50.0,54.0,54.0,38.0,52.0,1087,47.81,48006348644042
699.0,2,0.00,54.0,56.0,56.0,41.0,55.0,1182,47.21,43700916227661
699.0,3,0.00,55.0,58.0,58.0,42.0,57.0,1245,47.87,44225966515380
704.0,0,99.99,69.0,78.0,78.0,52.0,70.0,2525,196.45,87302023626037
704.0,1,0.00,50.0,54.0,54.0,38.0,52.0,1089,47.89,48006620669982
704.0,2,0.00,53.0,56.0,56.0,41.0,55.0,1164,46.85,43701182356262
704.0,3,0.00,55.0,58.0,58.0,42.0,57.0,1249,47.67,44226236812377
710.0,0,,71.0,76.0,76.0,52.0,70.0,2497,199.27,87303153513244
710.0,1,0.00,50.0,54.0,54.0,38.0,52.0,1080,48.03,48006893016174
710.0,2,0.00,54.0,56.0,56.0,41.0,55.0,1174,47.01,43701448899353
710.0,3,0.00,55.0,58.0,58.0,42.0,57.0,1259,47.86,44226508157836
715.0,0,,69.0,76.0,76.0,52.0,70.0,2560,199.52,87304284801635
715.0,1,0.00,50.0,54.0,54.0,38.0,52.0,1079,48.19,48007166273132
716.0,2,0.00,53.0,56.0,56.0,41.0,56.0,1164,47.25,43701716791809
716.0,3,0.00,55.0,58.0,58.0,42.0,57.0,1238,47.96,44226780550354
721.0,0,,69.0,78.0,78.0,52.0,70.0,2667,197.16,87305402678894
721.0,1,0.00,50.0,54.0,54.0,38.0,52.0,1089,47.80,48007437802001
721.0,2,0.00,53.0,56.0,56.0,41.0,56.0,1185,47.15,43701984614685
721.0,3,0.00,55.0,58.0,58.0,42.0,58.0,1248,47.89,44227052111999
727.0,0,,71.0,76.0,76.0,52.0,70.0,2507,198.64,87306530934265
727.0,1,0.00,50.0,54.0,54.0,38.0,52.0,1090,47.96,48007709742309
727.0,2,0.00,53.0,56.0,56.0,41.0,56.0,1165,46.91,43702250604858
727.0,3,0.00,56.0,58.0,58.0,42.0,58.0,1250,47.71,44227322599365
732.0,0,,71.0,76.0,76.0,52.0,70.0,2495,199.47,87307661901794
732.0,1,0.00,50.0,54.0,54.0,38.0,52.0,1078,48.08,48007982347473
733.0,2,0.00,53.0,56.0,56.0,41.0,55.0,1163,46.97,43702517397827
733.0,3,0.00,56.0,58.0,58.0,42.0,57.0,1247,47.86,44227594433105
738.0,0,,69.0,78.0,78.0,52.0,70.0,2726,197.52,87308783805664
738.0,1,0.00,50.0,54.0,54.0,38.0,52.0,1089,47.64,48008253397155
738.0,2,0.00,53.0,56.0,56.0,41.0,56.0,1184,47.26,43702785387451
738.0,3,0.00,55.0,58.0,58.0,42.0,57.0,1248,47.93,44227866201660
744.0,0,,71.0,76.0,76.0,52.0,70.0,2528,197.93,87309908072692
744.0,1,0.00,50.0,54.0,54.0,38.0,52.0,1080,48.01,48008525138732
744.0,2,0.00,53.0,56.0,56.0,41.0,55.0,1174,46.84,43703051466247
744.0,3,0.00,56.0,58.0,58.0,42.0,58.0,1248,47.60,44228136590332
749.0,0,,71.0,76.0,76.0,52.0,70.0,2489,198.92,87311033964294
749.0,1,0.00,50.0,54.0,54.0,38.0,52.0,1091,47.98,48008797209777
750.0,2,0.00,53.0,56.0,56.0,41.0,55.0,1186,47.05,43703317779174
750.0,3,0.00,55.0,58.0,58.0,42.0,57.0,1240,47.75,44228407323059
755.0,0,,69.0,78.0,78.0,52.0,70.0,2644,198.19,87312159701660
755.0,1,0.00,50.0,54.0,54.0,38.0,52.0,1079,48.09,48009070383911
755.0,2,0.00,53.0,56.0,56.0,41.0,55.0,1174,47.11,43703585337829
755.0,3,0.00,56.0,58.0,58.0,42.0,58.0,1247,48.03,44228679649475
761.0,0,,69.0,78.0,78.0,52.0,70.0,2601,197.95,87313282097595
761.0,1,0.00,50.0,54.0,54.0,38.0,52.0,1089,47.83,48009342045898
761.0,2,0.00,53.0,56.0,56.0,41.0,55.0,1172,47.21,43703853465637
761.0,3,0.00,56.0,58.0,58.0,42.0,57.0,1257,47.83,44228951794006
766.0,0,99.99,71.0,76.0,76.0,52.0,70.0,2492,199.17,87314415394409
766.0,1,0.00,50.0,54.0,54.0,38.0,52.0,1088,47.85,48009613843139
767.0,2,0.00,53.0,56.0,56.0,41.0,56.0,1173,46.94,43704120062744
767.0,3,0.00,56.0,58.0,58.0,42.0,58.0,1247,47.72,44229222817260
772.0,0,,71.0,76.0,76.0,52.0,70.0,2515,199.39,87315545928771
772.0,1,0.00,50.0,54.0,54.0,38.0,52.0,1089,48.00,48009886498474
772.0,2,0.00,53.0,56.0,56.0,41.0,56.0,1174,46.93,43704386628845
772.0,3,0.00,56.0,58.0,58.0,42.0,57.0,1248,47.89,44229494355712
778.0,0,99.99,69.0,78.0,78.0,52.0,69.0,2704,197.17,87316667833923
778.0,1,0.00,50.0,54.0,54.0,38.0,52.0,1088,47.83,48010158165100
778.0,2,0.00,54.0,56.0,56.0,41.0,56.0,1172,47.24,43704654975402
778.0,3,0.00,56.0,58.0,58.0,42.0,57.0,1247,47.98,44229766895935
783.0,0,,70.0,78.0,78.0,52.0,70.0,2515,197.82,87317789499206
784.0,1,0.00,50.0,54.0,54.0,39.0,52.0,1078,47.94,48010430488220
784.0,2,0.00,54.0,56.0,56.0,41.0,56.0,1184,47.23,43704923237060
784.0,3,0.00,56.0,58.0,58.0,43.0,58.0,1247,47.69,44230037777282
789.0,0,,69.0,76.0,76.0,52.0,70.0,2537,200.12,87318926198913
789.0,1,0.00,50.0,54.0,54.0,38.0,52.0,1089,48.02,48010702741577
789.0,2,0.00,53.0,56.0,56.0,41.0,55.0,1174,46.94,43705189860046
790.0,3,0.00,56.0,58.0,58.0,43.0,57.0,1248,47.75,44230308984985
795.0,0,,69.0,80.0,78.0,52.0,70.0,2644,197.39,87320047401977
795.0,1,0.00,50.0,54.0,54.0,38.0,52.0,1089,48.02,48010975472290
795.0,2,0.00,54.0,56.0,56.0,41.0,56.0,1174,47.09,43705456885009
795.0,3,0.00,56.0,58.0,58.0,43.0,58.0,1249,47.97,44230580969299
800.0,0,,70.0,80.0,80.0,52.0,70.0,2516,197.51,87321167306945
801.0,1,0.00,50.0,54.0,54.0,38.0,52.0,1079,47.91,48011247123962
801.0,2,0.00,54.0,56.0,56.0,41.0,56.0,1174,47.16,43705724725708
801.0,3,0.00,56.0,58.0,58.0,43.0,58.0,1248,47.92,44230853130310
806.0,0,99.99,68.0,80.0,80.0,51.0,70.0,2495,191.37,87322254289733
806.0,1,0.00,50.0,54.0,54.0,38.0,52.0,1089,47.86,48011518985473
806.0,2,0.00,53.0,56.0,56.0,41.0,56.0,1184,47.01,43705991256896
807.0,3,0.00,56.0,58.0,58.0,43.0,57.0,1247,47.69,44231123514343
812.0,0,0.00,65.0,80.0,80.0,49.0,67.0,2379,117.48,87322921569274
812.0,1,0.00,50.0,54.0,54.0,38.0,52.0,1089,47.96,48011791397216
812.0,2,0.00,54.0,56.0,56.0,41.0,56.0,1164,47.04,43706258472412
812.0,3,0.00,56.0,58.0,58.0,42.0,58.0,1249,47.46,44231393078674
817.0,0,0.00,63.0,80.0,80.0,48.0,65.0,1916,58.77,87323254777099
818.0,1,0.00,50.0,54.0,54.0,38.0,52.0,1079,48.02,48012063693908
818.0,2,0.00,54.0,56.0,56.0,41.0,56.0,1185,47.25,43706526392639
818.0,3,0.00,56.0,58.0,58.0,42.0,58.0,1249,47.53,44231662550781
823.0,0,67.50,66.0,72.0,72.0,49.0,67.0,1492,88.62,87323757275085
823.0,1,0.00,50.0,54.0,54.0,38.0,52.0,1090,47.61,48012333632873
823.0,2,0.00,53.0,56.0,56.0,41.0,56.0,1185,47.29,43706794508239
824.0,3,0.00,56.0,58.0,58.0,42.0,57.0,1249,47.64,44231932692687
829.0,0,100.00,67.0,76.0,76.0,50.0,68.0,1587,177.45,87324763403625
829.0,1,0.00,50.0,54.0,54.0,38.0,52.0,1079,47.97,48012605646240
829.0,2,0.00,53.0,56.0,56.0,41.0,56.0,1175,47.04,43707061201293
829.0,3,0.00,55.0,58.0,58.0,42.0,57.0,1249,47.66,44232202934875
834.0,0,97.54,69.0,74.0,74.0,52.0,69.0,1873,186.79,87325822522094
835.0,1,0.00,50.0,54.0,54.0,38.0,52.0,1090,47.94,48012877929870
835.0,2,0.00,54.0,56.0,56.0,41.0,56.0,1174,47.10,43707328718322
835.0,3,0.00,55.0,58.0,58.0,42.0,57.0,1259,47.69,44232473834838
840.0,0,,71.0,74.0,72.0,52.0,70.0,2328,199.80,87326957397460
840.0,1,0.00,50.0,54.0,54.0,38.0,52.0,1079,47.76,48013148713989
840.0,2,0.00,54.0,56.0,56.0,41.0,56.0,1184,47.31,43707596967651
841.0,3,0.00,55.0,58.0,58.0,42.0,57.0,1248,47.77,44232744674438
846.0,0,99.99,69.0,76.0,76.0,52.0,70.0,2738,199.04,87328085963378
846.0,1,0.00,50.0,54.0,54.0,38.0,52.0,1089,47.88,48013420168701
846.0,2,0.00,54.0,56.0,56.0,41.0,56.0,1164,46.94,43707863567199
846.0,3,0.00,55.0,58.0,58.0,42.0,57.0,1248,47.35,44233013600280
851.0,0,,69.0,78.0,78.0,52.0,70.0,2615,200.00,87329219977050
852.0,1,0.00,50.0,54.0,54.0,38.0,52.0,1080,48.05,48013692616821
852.0,2,0.00,54.0,56.0,56.0,41.0,56.0,1186,47.05,43708130315185
852.0,3,0.00,55.0,58.0,58.0,42.0,57.0,1260,47.89,44233285115661
857.0,0,,70.0,78.0,78.0,52.0,70.0,2496,199.79,87330354768676
857.0,1,0.00,50.0,54.0,54.0,38.0,52.0,1089,48.10,48013965834289
857.0,2,0.00,54.0,56.0,56.0,41.0,56.0,1184,47.20,43708397915405
858.0,3,0.00,55.0,58.0,58.0,42.0,57.0,1237,48.04,44233557492309
863.0,0,,71.0,74.0,74.0,52.0,70.0,2506,200.80,87331493313049
863.0,1,0.00,50.0,54.0,54.0,38.0,52.0,1090,47.97,48014237812316
863.0,2,0.00,54.0,56.0,56.0,41.0,56.0,1175,47.32,43708666231262
863.0,3,0.00,55.0,58.0,58.0,42.0,58.0,1260,47.94,44233829291870
868.0,0,,70.0,74.0,74.0,52.0,70.0,2751,200.09,87332627832763
869.0,1,0.00,50.0,54.0,54.0,38.0,52.0,1079,47.94,48014510116760
869.0,2,0.00,53.0,56.0,56.0,41.0,56.0,1175,47.07,43708933098144
869.0,3,0.00,56.0,58.0,58.0,42.0,58.0,1249,47.70,44234099741821
874.0,0,,71.0,74.0,74.0,52.0,70.0,2804,199.49,87333760919738
874.0,1,0.00,50.0,54.0,54.0,38.0,52.0,1090,48.06,48014782593505
874.0,2,0.00,54.0,56.0,56.0,41.0,56.0,1185,46.96,43709199811401
875.0,3,0.00,56.0,58.0,58.0,43.0,58.0,1248,47.75,44234370977905
880.0,0,,69.0,78.0,78.0,51.0,70.0,2708,199.66,87334892994812
880.0,1,0.00,50.0,54.0,54.0,38.0,52.0,1079,48.20,48015055868652
880.0,2,0.00,54.0,56.0,56.0,41.0,56.0,1163,47.20,43709467452087
880.0,3,0.00,56.0,58.0,58.0,42.0,58.0,1258,48.01,44234643658081
886.0,0,,68.0,78.0,78.0,51.0,70.0,2503,200.11,87336029644714
886.0,1,0.00,50.0,54.0,54.0,38.0,52.0,1088,48.03,48015328669616
886.0,2,0.00,53.0,56.0,56.0,41.0,56.0,1162,47.22,43709736155273
886.0,3,0.00,56.0,58.0,58.0,42.0,58.0,1258,47.85,44234915418090
891.0,0,,71.0,76.0,76.0,52.0,70.0,2432,200.45,87337168173034
891.0,1,0.00,50.0,54.0,54.0,38.0,52.0,1090,48.00,48015601295349
891.0,2,0.00,53.0,56.0,56.0,41.0,56.0,1185,47.07,43710003020385
892.0,3,0.00,56.0,58.0,58.0,42.0,57.0,1238,47.84,44235186668518
897.0,0,,70.0,74.0,74.0,52.0,70.0,2527,200.21,87338303338378
897.0,1,0.00,50.0,54.0,54.0,38.0,52.0,1079,48.07,48015873878784
897.0,2,0.00,54.0,56.0,56.0,41.0,56.0,1174,47.09,43710269994812
897.0,3,0.00,56.0,58.0,58.0,42.0,58.0,1248,47.78,44235458079650
903.0,0,,71.0,74.0,74.0,52.0,70.0,2770,199.88,87339438674011
903.0,1,0.00,50.0,54.0,54.0,39.0,52.0,1089,47.82,48016145499084
903.0,2,0.00,54.0,56.0,56.0,41.0,56.0,1174,47.13,43710537670593
903.0,3,0.00,56.0,58.0,58.0,43.0,58.0,1259,47.96,44235729988830
908.0,0,99.99,70.0,74.0,74.0,52.0,70.0,2644,200.00,87340572653320
908.0,1,0.00,50.0,54.0,54.0,38.0,52.0,1089,47.95,48016417349670
909.0,2,0.00,54.0,56.0,56.0,41.0,56.0,1184,47.08,43710804586730
909.0,3,0.00,56.0,58.0,58.0,42.0,57.0,1248,47.70,44236000938659
914.0,0,99.99,69.0,78.0,78.0,52.0,70.0,2489,199.24,87341702338256
914.0,1,0.00,50.0,54.0,54.0,38.0,52.0,1081,48.09,48016689999023
914.0,2,0.00,54.0,56.0,56.0,41.0,55.0,1165,47.09,43711071601989
914.0,3,0.00,56.0,58.0,58.0,42.0,58.0,1250,47.97,44236272462219
920.0,0,,71.0,76.0,76.0,52.0,71.0,2486,200.66,87342840106750
920.0,1,0.00,50.0,54.0,54.0,38.0,52.0,1080,48.23,48016963477355
920.0,2,0.00,54.0,56.0,56.0,41.0,56.0,1185,47.23,43711339381042
920.0,3,0.00,56.0,58.0,58.0,42.0,58.0,1249,48.06,44236544943237
925.0,0,,71.0,74.0,74.0,52.0,70.0,2561,200.05,87343974369812
925.0,1,0.00,50.0,54.0,54.0,39.0,52.0,1090,47.90,48017235046203
926.0,2,0.00,54.0,56.0,56.0,41.0,56.0,1185,47.26,43711607347412
926.0,3,0.00,56.0,58.0,58.0,43.0,58.0,1238,47.91,44236817071594
931.0,0,,71.0,74.0,74.0,52.0,70.0,2760,199.86,87345109556579
931.0,1,0.00,50.0,54.0,54.0,39.0,52.0,1079,47.89,48017507075622
931.0,2,0.00,53.0,56.0,56.0,41.0,55.0,1174,46.97,43711874139770
931.0,3,0.00,56.0,58.0,58.0,43.0,58.0,1258,47.71,44237087591369
937.0,0,,70.0,76.0,76.0,52.0,70.0,2632,199.61,87346241322875
937.0,1,0.00,50.0,54.0,54.0,38.0,52.0,1089,48.08,48017779714477
937.0,2,0.00,53.0,56.0,56.0,41.0,55.0,1173,47.15,43712141470336
937.0,3,0.00,56.0,58.0,58.0,43.0,58.0,1259,47.87,44237359508178
942.0,0,,70.0,78.0,78.0,52.0,70.0,2506,199.81,87347376261291
942.0,1,0.00,50.0,54.0,54.0,38.0,52.0,1089,47.87,48018051636230
943.0,2,0.00,53.0,56.0,56.0,41.0,56.0,1184,47.08,43712408878051
943.0,3,0.00,56.0,58.0,58.0,43.0,58.0,1247,48.06,44237631996826
948.0,0,,71.0,76.0,76.0,52.0,70.0,2494,200.24,87348513608398
948.0,1,0.00,50.0,54.0,54.0,38.0,52.0,1089,47.95,48018323991638
948.0,2,0.00,53.0,56.0,56.0,41.0,56.0,1153,47.30,43712677524047
948.0,3,0.00,56.0,58.0,58.0,42.0,58.0,1248,47.72,44237903062438
954.0,0,,70.0,76.0,76.0,52.0,70.0,2538,200.16,87349648504028
954.0,1,0.00,50.0,54.0,54.0,38.0,52.0,1079,48.06,48018596489013
954.0,2,0.00,53.0,56.0,56.0,41.0,56.0,1175,47.13,43712944736083
954.0,3,0.00,56.0,58.0,58.0,42.0,57.0,1259,47.82,44238174202636
959.0,0,,69.0,76.0,74.0,52.0,70.0,2720,200.34,87350784416931
959.0,1,0.00,50.0,54.0,54.0,38.0,52.0,1090,48.14,48018869448974
960.0,2,0.00,53.0,56.0,56.0,41.0,56.0,1185,47.17,43713212210571
960.0,3,0.00,56.0,58.0,58.0,43.0,58.0,1248,47.95,44238446581970
965.0,0,,69.0,76.0,76.0,51.0,70.0,2579,199.74,87351918935546
965.0,1,0.00,50.0,54.0,54.0,39.0,52.0,1079,47.93,48019141699707
965.0,2,0.00,53.0,56.0,56.0,41.0,56.0,1163,47.23,43713480475830
965.0,3,0.00,56.0,58.0,58.0,43.0,58.0,1248,48.12,44238719423217
971.0,0,,70.0,78.0,78.0,52.0,70.0,2633,199.73,87353051413024
971.0,1,0.00,50.0,54.0,54.0,38.0,52.0,1089,47.90,48019413758483
971.0,2,0.00,54.0,56.0,56.0,41.0,55.0,1185,46.94,43713747073913
971.0,3,0.00,56.0,58.0,58.0,43.0,58.0,1259,47.67,44238990174560
976.0,0,100.00,70.0,78.0,78.0,52.0,70.0,2510,199.87,87354184680908
976.0,1,0.00,50.0,54.0,54.0,38.0,52.0,1080,48.18,48019686451965
977.0,2,0.00,53.0,56.0,56.0,41.0,56.0,1185,47.08,43714014044677
977.0,3,0.00,56.0,58.0,58.0,43.0,58.0,1238,47.91,44239261818054
982.0,0,,71.0,76.0,76.0,52.0,70.0,2516,200.43,87355323115173
982.0,1,0.00,50.0,54.0,54.0,38.0,52.0,1089,47.96,48019958879699
982.0,2,0.00,54.0,56.0,56.0,41.0,56.0,1185,47.13,43714281246215
982.0,3,0.00,56.0,58.0,58.0,43.0,58.0,1249,47.97,44239533802124
988.0,0,,69.0,78.0,78.0,52.0,70.0,2748,199.45,87356455978698
988.0,1,0.00,50.0,54.0,54.0,38.0,52.0,1089,47.86,48020230719970
988.0,2,0.00,53.0,56.0,56.0,41.0,56.0,1163,47.16,43714549142639
988.0,3,0.00,56.0,58.0,58.0,43.0,58.0,1248,47.96,44239806193908
993.0,0,,69.0,76.0,74.0,52.0,70.0,2573,200.75,87357592245422
993.0,1,0.00,50.0,54.0,54.0,38.0,52.0,1080,47.96,48020502671569
994.0,2,0.00,53.0,56.0,56.0,41.0,56.0,1186,47.09,43714816159606
994.0,3,0.00,56.0,58.0,58.0,43.0,58.0,1249,47.82,44240077359558
999.0,0,,69.0,78.0,78.0,52.0,70.0,2580,199.43,87358725006896
999.0,1,0.00,50.0,54.0,54.0,38.0,52.0,1079,48.18,48020775840332
999.0,2,0.00,53.0,56.0,56.0,41.0,56.0,1184,47.16,43715083568542
999.0,3,0.00,56.0,58.0,58.0,43.0,58.0,1258,47.90,44240349412841
1005.0,0,,70.0,78.0,78.0,52.0,70.0,2524,199.83,87359860056274
1005.0,1,0.00,50.0,54.0,54.0,38.0,52.0,1088,47.94,48021048161560
1005.0,2,0.00,54.0,56.0,56.0,41.0,56.0,1173,47.22,43715351775268
1005.0,3,0.00,56.0,58.0,58.0,43.0,58.0,1248,48.13,44240622319763
1010.0,0,,70.0,78.0,78.0,52.0,71.0,2530,200.16,87360994971923
1010.0,1,0.00,50.0,54.0,54.0,38.0,52.0,1091,47.99,48021320250488
1011.0,2,0.00,54.0,56.0,56.0,41.0,56.0,1165,47.30,43715619950256
1011.0,3,0.00,56.0,58.0,58.0,43.0,58.0,1261,47.79,44240893280883
1016.0,0,,70.0,78.0,78.0,52.0,70.0,2603,200.02,87362129093322
1016.0,1,0.00,50.0,54.0,54.0,38.0,52.0,1080,48.05,48021592705688
1016.0,2,0.00,54.0,56.0,56.0,41.0,56.0,1185,47.09,43715886963073
1016.0,3,0.00,56.0,58.0,58.0,43.0,58.0,1247,47.80,44241164765686
1022.0,0,,71.0,76.0,76.0,52.0,70.0,2600,200.03,87363265263427
1022.0,1,0.00,50.0,54.0,54.0,39.0,52.0,1089,48.03,48021865541259
1022.0,2,0.00,54.0,56.0,56.0,41.0,56.0,1163,47.13,43716154656494
1022.0,3,0.00,56.0,58.0,58.0,43.0,58.0,1248,47.88,44241436264770
1027.0,0,,69.0,76.0,78.0,52.0,70.0,2686,200.00,87364399235961
1028.0,1,0.00,50.0,54.0,54.0,38.0,52.0,1089,47.90,48022137639160
1028.0,2,0.00,53.0,56.0,56.0,41.0,56.0,1184,47.11,43716422269531
1028.0,3,0.00,56.0,58.0,58.0,43.0,58.0,1247,48.01,44241708961059
1033.0,0,,69.0,78.0,78.0,52.0,70.0,2631,199.90,87365534682189
1033.0,1,0.00,50.0,54.0,54.0,38.0,52.0,1079,47.99,48022409719177
1033.0,2,0.00,54.0,56.0,56.0,41.0,56.0,1185,47.07,43716689138549
1033.0,3,0.00,56.0,58.0,58.0,43.0,58.0,1248,47.75,44241979694091
1039.0,0,,71.0,74.0,74.0,52.0,70.0,2506,200.40,87366672973449
1039.0,1,0.00,50.0,54.0,54.0,38.0,52.0,1089,48.14,48022683182006
1039.0,2,0.00,53.0,56.0,56.0,41.0,56.0,1173,47.17,43716957069274
1039.0,3,0.00,56.0,58.0,58.0,43.0,58.0,1258,47.96,44242252091735
1044.0,0,,69.0,78.0,78.0,52.0,70.0,2568,199.75,87367805558715
1045.0,1,0.00,50.0,54.0,54.0,39.0,52.0,1089,48.15,48022956659790
1045.0,2,0.00,53.0,56.0,56.0,41.0,56.0,1183,47.18,43717225065368
1045.0,3,0.00,56.0,58.0,58.0,43.0,58.0,1247,48.07,44242525153015
1050.0,0,,70.0,76.0,76.0,52.0,70.0,2558,200.43,87368944019897
1050.0,1,0.00,51.0,54.0,54.0,38.0,51.0,1079,47.94,48023228965942
1050.0,2,0.00,54.0,56.0,56.0,41.0,56.0,1185,47.15,43717492904785
1051.0,3,0.00,56.0,58.0,58.0,43.0,58.0,1248,47.79,44242796581665
1056.0,0,,70.0,78.0,78.0,52.0,70.0,2643,199.34,87370076290100
1056.0,1,0.00,50.0,54.0,54.0,38.0,52.0,1088,48.11,48023502253234
1056.0,2,0.00,54.0,56.0,56.0,41.0,56.0,1162,47.10,43717760439880
1056.0,3,0.00,56.0,58.0,58.0,43.0,58.0,1257,47.84,44243068306518
1061.0,0,100.00,69.0,78.0,78.0,52.0,70.0,2641,200.12,87371212955444
1062.0,1,0.00,50.0,54.0,54.0,39.0,52.0,1089,48.01,48023774935913
1062.0,2,0.00,54.0,56.0,56.0,41.0,55.0,1184,47.07,43718027776855
1062.0,3,0.00,56.0,58.0,58.0,43.0,58.0,1247,47.87,44243340205871
1067.0,0,,69.0,78.0,78.0,52.0,70.0,2526,198.77,87372341955627
1067.0,1,0.00,50.0,54.0,54.0,38.0,52.0,1079,47.89,48024046487060
1067.0,2,0.00,53.0,56.0,56.0,41.0,56.0,1185,47.26,43718295766967
1068.0,3,0.00,56.0,58.0,58.0,43.0,58.0,1270,48.09,44243612869506
1073.0,0,99.99,69.0,78.0,78.0,52.0,70.0,2485,194.01,87373443927734
1073.0,1,0.00,50.0,54.0,54.0,38.0,52.0,1089,47.94,48024318810668
1073.0,2,0.00,54.0,56.0,56.0,41.0,56.0,1173,46.93,43718562336303
1073.0,3,0.00,56.0,58.0,58.0,43.0,58.0,1258,47.68,44243883709838
1078.0,0,10.86,65.0,80.0,80.0,49.0,67.0,2390,147.39,87374279634704
1079.0,1,0.00,50.0,54.0,54.0,38.0,52.0,1090,48.03,48024591165100
1079.0,2,0.00,53.0,56.0,56.0,41.0,56.0,1175,47.28,43718830425354
1079.0,3,0.00,56.0,58.0,58.0,43.0,58.0,1238,47.77,44244154569824
1084.0,0,0.00,63.0,80.0,80.0,48.0,65.0,1911,59.24,87374616729736
1084.0,1,0.00,50.0,54.0,54.0,38.0,52.0,1088,48.01,48024864333374
1084.0,2,0.00,54.0,56.0,56.0,41.0,56.0,1182,47.15,43719098722778
1085.0,3,0.00,56.0,58.0,58.0,43.0,58.0,1245,47.47,44244424656860
1090.0,0,0.00,63.0,80.0,80.0,48.0,64.0,1545,58.27,87374947132995
1090.0,1,0.00,50.0,54.0,54.0,39.0,52.0,1080,47.77,48025135206237
1090.0,2,0.00,53.0,56.0,56.0,41.0,56.0,1176,47.25,43719366612365
1090.0,3,0.00,56.0,58.0,58.0,43.0,58.0,1249,47.59,44244694514282
1095.0,0,99.99,67.0,76.0,76.0,50.0,69.0,1493,175.05,87375939669494
1096.0,1,0.00,50.0,54.0,54.0,39.0,52.0,1091,47.98,48025407269287
1096.0,2,0.00,53.0,56.0,56.0,41.0,56.0,1175,47.08,43719633550842
1096.0,3,0.00,56.0,58.0,58.0,42.0,57.0,1260,47.74,44244965217285
1101.0,0,97.26,70.0,74.0,74.0,52.0,70.0,1766,179.35,87376956602600
1101.0,1,0.00,50.0,54.0,54.0,38.0,52.0,1078,48.04,48025680132202
1101.0,2,0.00,53.0,56.0,56.0,41.0,56.0,1173,47.16,43719901419189
1102.0,3,0.00,55.0,58.0,58.0,42.0,57.0,1236,47.74,44245236408569
1107.0,0,,71.0,74.0,74.0,52.0,70.0,2208,200.72,87378096677185
1107.0,1,0.00,50.0,54.0,54.0,38.0,52.0,1089,47.73,48025950771423
1107.0,2,0.00,54.0,56.0,56.0,41.0,55.0,1175,47.22,43720169133605
1107.0,3,0.00,56.0,58.0,58.0,42.0,57.0,1249,47.62,44245506386230
1113.0,0,,71.0,74.0,74.0,52.0,71.0,2679,199.91,87379230170166
1113.0,1,0.00,50.0,54.0,54.0,38.0,52.0,1080,47.85,48026222062744
1113.0,2,0.00,53.0,56.0,56.0,41.0,55.0,1175,47.28,43720437190185
1113.0,3,0.00,56.0,58.0,58.0,42.0,58.0,1248,47.47,44245776012451
1118.0,0,,70.0,74.0,74.0,52.0,70.0,2801,200.26,87380365620178
1118.0,1,0.00,50.0,54.0,54.0,38.0,52.0,1089,47.90,48026494142028
1118.0,2,0.00,53.0,56.0,56.0,41.0,56.0,1184,47.05,43720704415466
1119.0,3,0.00,56.0,58.0,58.0,42.0,58.0,1238,47.47,44246045195556
1124.0,0,,69.0,76.0,74.0,51.0,70.0,2696,198.18,87381491273071
1124.0,1,0.00,50.0,54.0,54.0,38.0,52.0,1089,48.07,48026767163391
1124.0,2,0.00,54.0,56.0,56.0,41.0,56.0,1163,47.14,43720972168090
1124.0,3,0.00,56.0,58.0,58.0,42.0,58.0,1248,47.91,44246317324401
1130.0,0,,70.0,76.0,76.0,52.0,70.0,2507,199.73,87382625748474
1130.0,1,0.00,50.0,54.0,54.0,38.0,52.0,1080,47.89,48027038705322
1130.0,2,0.00,54.0,56.0,56.0,41.0,56.0,1174,47.14,43721239432189
1130.0,3,0.00,56.0,58.0,58.0,42.0,58.0,1248,48.06,44246589843322
1135.0,0,,70.0,76.0,76.0,52.0,70.0,2492,200.09,87383762286865
1135.0,1,0.00,50.0,54.0,54.0,39.0,52.0,1087,48.06,48027311700500
1136.0,2,0.00,54.0,56.0,56.0,41.0,56.0,1182,46.92,43721506379211
1136.0,3,0.00,56.0,58.0,58.0,43.0,58.0,1245,47.79,44246861765625
1141.0,0,,70.0,76.0,76.0,52.0,71.0,2484,199.94,87384897963317
1141.0,1,0.00,50.0,54.0,54.0,38.0,52.0,1089,48.00,48027584314697
1141.0,2,0.00,54.0,56.0,56.0,41.0,56.0,1163,47.13,43721773614074
1141.0,3,0.00,56.0,58.0,58.0,43.0,58.0,1248,47.84,44247133497985
1147.0,0,,69.0,76.0,76.0,52.0,70.0,2490,200.22,87386035188842
1147.0,1,0.00,50.0,54.0,54.0,39.0,52.0,1087,47.81,48027856357421
1147.0,2,0.00,54.0,56.0,56.0,41.0,56.0,1181,47.12,43722041699584
1147.0,3,0.00,56.0,58.0,58.0,43.0,57.0,1256,47.91,44247406129272
1152.0,0,,70.0,74.0,74.0,52.0,71.0,2653,199.71,87387169569763
1152.0,1,0.00,50.0,54.0,54.0,38.0,52.0,1090,47.94,48028128188232
1153.0,2,0.00,53.0,56.0,56.0,41.0,55.0,1186,47.18,43722309218566
1153.0,3,0.00,56.0,58.0,58.0,43.0,58.0,1239,47.87,44247677093139
1158.0,0,,70.0,74.0,74.0,52.0,70.0,2793,200.25,87388304991027
1158.0,1,0.00,50.0,54.0,54.0,39.0,52.0,1079,47.94,48028400480651
1158.0,2,0.00,54.0,56.0,56.0,41.0,56.0,1174,46.93,43722575796936
1158.0,3,0.00,56.0,58.0,58.0,43.0,58.0,1257,47.61,44247947979125
1164.0,0,,71.0,74.0,74.0,52.0,70.0,2797,200.04,87389443230407
1164.0,1,0.00,50.0,54.0,54.0,38.0,52.0,1087,48.05,48028673412963
1164.0,2,0.00,54.0,56.0,56.0,41.0,56.0,1183,47.22,43722844020935
1164.0,3,0.00,56.0,58.0,58.0,43.0,58.0,1248,47.93,44248219725769
1169.0,0,,70.0,72.0,72.0,52.0,70.0,2805,199.91,87390576709899
1169.0,1,0.00,50.0,54.0,54.0,38.0,52.0,1090,47.77,48028944256652
1170.0,2,0.00,53.0,56.0,56.0,41.0,55.0,1185,47.13,43723111231750
1170.0,3,0.00,56.0,58.0,58.0,43.0,58.0,1249,47.83,44248491424865
1175.0,0,,69.0,74.0,74.0,51.0,69.0,2707,199.17,87391707986389
1175.0,1,0.00,50.0,54.0,54.0,38.0,52.0,1078,47.96,48029216691650
1175.0,2,0.00,53.0,56.0,56.0,41.0,55.0,1173,46.92,43723377724609
1175.0,3,0.00,56.0,58.0,58.0,43.0,58.0,1247,47.84,44248762681945
1181.0,0,,69.0,76.0,74.0,51.0,69.0,2506,199.70,87392840288024
1181.0,1,0.00,50.0,54.0,54.0,38.0,52.0,1089,48.01,48029489364990
1181.0,2,0.00,54.0,56.0,56.0,41.0,56.0,1184,47.03,43723644845336
1181.0,3,0.00,56.0,58.0,58.0,43.0,58.0,1246,47.75,44249034395751
1186.0,0,,70.0,74.0,76.0,51.0,70.0,2491,199.92,87393977819213
1186.0,1,0.00,50.0,54.0,54.0,38.0,52.0,1087,48.13,48029762767089
1187.0,2,0.00,53.0,56.0,56.0,41.0,56.0,1182,47.10,43723912850646
1187.0,3,0.00,56.0,58.0,58.0,43.0,58.0,1247,47.97,44249306890441
1192.0,0,,70.0,76.0,76.0,52.0,70.0,2484,199.85,87395112958618
1192.0,1,0.00,50.0,54.0,54.0,39.0,52.0,1089,47.80,48030034265441
1192.0,2,0.00,54.0,56.0,56.0,41.0,56.0,1185,47.18,43724180387634
1192.0,3,0.00,56.0,58.0,58.0,43.0,58.0,1248,48.02,44249579178771
1198.0,0,,70.0,76.0,76.0,52.0,70.0,2484,200.24,87396248347656
1198.0,1,0.00,50.0,54.0,54.0,38.0,52.0,1088,48.05,48030307193847
1198.0,2,0.00,54.0,56.0,56.0,41.0,56.0,1162,46.91,43724446827331
1198.0,3,0.00,56.0,58.0,58.0,43.0,58.0,1258,47.81,44249850764587
1203.0,0,,71.0,74.0,74.0,52.0,70.0,2566,200.95,87397389717285
1204.0,1,0.00,50.0,54.0,54.0,38.0,52.0,1078,48.03,48030580003784
1204.0,2,0.00,54.0,56.0,56.0,41.0,56.0,1173,47.10,43724714374816
1204.0,3,0.00,56.0,58.0,58.0,43.0,58.0,1246,47.82,44250122865844
1209.0,0,,71.0,74.0,74.0,52.0,70.0,2777,199.80,87398526593261
1209.0,1,0.00,50.0,54.0,54.0,39.0,52.0,1088,47.86,48030851857055
1209.0,2,0.00,54.0,56.0,56.0,41.0,56.0,1183,47.30,43724983028747
1210.0,3,0.00,56.0,58.0,58.0,43.0,58.0,1247,48.01,44250395099914
1215.0,0,,71.0,74.0,74.0,52.0,70.0,2800,200.10,87399663174072
1215.0,1,0.00,50.0,54.0,54.0,38.0,52.0,1088,47.98,48031124366455
1215.0,2,0.00,53.0,56.0,56.0,41.0,56.0,1172,46.87,43725249692077
1215.0,3,0.00,56.0,58.0,58.0,43.0,58.0,1246,47.69,44250666481811
1220.0,0,,70.0,74.0,74.0,52.0,70.0,2759,200.22,87400800427062
1221.0,1,0.00,50.0,54.0,54.0,38.0,52.0,1089,48.05,48031397274475
1221.0,2,0.00,53.0,56.0,56.0,41.0,55.0,1185,47.05,43725516463745
1221.0,3,0.00,56.0,58.0,58.0,43.0,58.0,1249,47.87,44250937885375
1226.0,0,,70.0,72.0,74.0,52.0,70.0,2528,200.02,87401934538085
1226.0,1,0.00,50.0,54.0,54.0,39.0,52.0,1079,48.05,48031669696411
1226.0,2,0.00,53.0,56.0,56.0,41.0,56.0,1185,47.20,43725784550781
1227.0,3,0.00,56.0,58.0,58.0,43.0,58.0,1247,47.84,44251209607482
1232.0,0,,69.0,74.0,74.0,52.0,70.0,2548,198.45,87403061712158
1232.0,1,0.00,50.0,54.0,54.0,38.0,52.0,1089,47.77,48031941037841
1232.0,2,0.00,53.0,56.0,56.0,41.0,56.0,1174,47.28,43726052641296
1232.0,3,0.00,56.0,58.0,58.0,43.0,58.0,1270,47.93,44251481384277
1237.0,0,,70.0,74.0,74.0,51.0,69.0,2718,199.91,87404195205810
1238.0,1,0.00,50.0,54.0,54.0,38.0,52.0,1089,47.95,48032212905273
1238.0,2,0.00,54.0,56.0,56.0,41.0,56.0,1173,46.86,43726318810607
1238.0,3,0.00,56.0,58.0,58.0,43.0,58.0,1246,47.82,44251753028442
1243.0,0,,70.0,74.0,74.0,51.0,70.0,2533,199.68,87405331401489
1243.0,1,0.00,50.0,54.0,54.0,38.0,52.0,1088,48.05,48032486332458
1243.0,2,0.00,53.0,56.0,56.0,41.0,56.0,1183,47.06,43726586088378
1244.0,3,0.00,56.0,58.0,58.0,43.0,58.0,1247,47.81,44252025041259
1249.0,0,,70.0,76.0,76.0,52.0,71.0,2493,200.06,87406467765747
1249.0,1,0.00,50.0,54.0,54.0,38.0,52.0,1088,47.82,48032757942993
1249.0,2,0.00,54.0,56.0,56.0,42.0,56.0,1173,47.25,43726854481628
1249.0,3,0.00,56.0,58.0,58.0,43.0,58.0,1279,48.02,44252297301818
1254.0,0,,69.0,76.0,76.0,52.0,70.0,2486,200.23,87407603088439
1255.0,1,0.00,50.0,54.0,54.0,38.0,52.0,1080,47.93,48033029703430
1255.0,2,0.00,54.0,56.0,56.0,41.0,56.0,1186,47.11,43727122070678
1255.0,3,0.00,56.0,58.0,58.0,43.0,58.0,1269,47.78,44252568681457
1260.0,0,,72.0,76.0,76.0,52.0,71.0,2484,200.47,87408741766784
1260.0,1,0.00,50.0,54.0,54.0,38.0,52.0,1089,48.08,48033302788391
1260.0,2,0.00,54.0,56.0,56.0,41.0,56.0,1173,46.94,43727388681945
1261.0,3,0.00,56.0,58.0,58.0,43.0,58.0,1226,47.86,44252840551635
1266.0,0,,70.0,74.0,74.0,52.0,70.0,2737,200.80,87409882295410
1266.0,1,0.00,51.0,54.0,54.0,38.0,52.0,1089,47.96,48033575224670
1266.0,2,0.00,54.0,56.0,56.0,41.0,56.0,1164,47.19,43727656244995
1266.0,3,0.00,56.0,58.0,58.0,43.0,58.0,1269,47.83,44253111771606
1272.0,0,,71.0,74.0,74.0,52.0,70.0,2760,200.09,87411016821411
1272.0,1,0.00,50.0,54.0,54.0,38.0,52.0,1079,47.81,48033846333801
1272.0,2,0.00,53.0,56.0,56.0,41.0,56.0,1185,47.24,43727924106628
1272.0,3,0.00,56.0,58.0,58.0,43.0,58.0,1280,47.79,44253383245910
1277.0,0,,70.0,74.0,74.0,52.0,70.0,2721,199.57,87412148384826
1277.0,1,0.00,50.0,54.0,54.0,38.0,52.0,1090,47.89,48034117879577
1277.0,2,0.00,54.0,56.0,56.0,41.0,56.0,1185,46.82,43728190058349
1278.0,3,0.00,56.0,58.0,58.0,43.0,58.0,1270,47.78,44253654184082
1283.0,0,,69.0,74.0,74.0,52.0,70.0,2526,198.61,87413276473449
1283.0,1,0.00,50.0,54.0,54.0,38.0,52.0,1079,48.16,48034391428283
1283.0,2,0.00,53.0,56.0,56.0,41.0,56.0,1175,47.07,43728456967834
1283.0,3,0.00,56.0,58.0,58.0,43.0,58.0,1259,48.00,44253926354858
1289.0,0,,71.0,74.0,74.0,52.0,70.0,2708,200.69,87414414398498
1289.0,1,0.00,50.0,54.0,54.0,38.0,52.0,1089,48.07,48034664443542
1289.0,2,0.00,53.0,56.0,56.0,41.0,56.0,1184,47.18,43728724959106
1289.0,3,0.00,56.0,58.0,58.0,43.0,58.0,1248,47.86,44254198198730
1294.0,0,,70.0,74.0,74.0,52.0,70.0,2728,199.98,87415550278686
1294.0,1,0.00,50.0,54.0,54.0,39.0,52.0,1090,47.84,48034935707519
1295.0,2,0.00,54.0,56.0,56.0,41.0,56.0,1175,47.29,43728993114318
1295.0,3,0.00,56.0,58.0,58.0,43.0,58.0,1238,47.76,44254469019104
1300.0,0,,70.0,74.0,74.0,51.0,70.0,2515,198.87,87416679884765
1300.0,1,0.00,50.0,54.0,54.0,39.0,52.0,1077,48.10,48035208915283
1300.0,2,0.00,54.0,56.0,56.0,41.0,56.0,1172,46.97,43729259906799
1300.0,3,0.00,56.0,58.0,58.0,43.0,58.0,1246,47.90,44254741574523
1306.0,0,,70.0,76.0,76.0,52.0,70.0,2493,199.96,87417815642089
1306.0,1,0.00,50.0,54.0,54.0,38.0,52.0,1089,48.08,48035482026000
1306.0,2,0.00,54.0,56.0,56.0,41.0,56.0,1162,47.04,43729527073486
1306.0,3,0.00,56.0,58.0,58.0,43.0,58.0,1257,47.96,44255013990600
1311.0,0,,70.0,76.0,76.0,52.0,70.0,2493,200.09,87418952162292
1311.0,1,0.00,50.0,54.0,54.0,38.0,52.0,1088,47.75,48035753241027
1312.0,2,0.00,54.0,56.0,56.0,41.0,56.0,1184,47.23,43729795338806
1312.0,3,0.00,56.0,58.0,58.0,43.0,58.0,1258,47.96,44255286399719
1317.0,0,,70.0,74.0,74.0,52.0,71.0,2484,200.82,87420092845275
1317.0,1,0.00,50.0,54.0,54.0,38.0,52.0,1089,47.86,48036025113891
1317.0,2,0.00,53.0,56.0,56.0,41.0,56.0,1174,46.89,43730061669250
1317.0,3,0.00,56.0,58.0,58.0,43.0,58.0,1269,47.80,44255557399414
1323.0,0,100.00,69.0,74.0,74.0,51.0,70.0,2729,200.18,87421227872863
1323.0,1,0.00,50.0,54.0,54.0,39.0,52.0,1079,48.09,48036297806030
1323.0,2,0.00,53.0,56.0,56.0,41.0,56.0,1174,47.03,43730328305541
1323.0,3,0.00,56.0,58.0,58.0,43.0,58.0,1248,47.96,44255829808349
1328.0,0,,70.0,74.0,74.0,52.0,70.0,2790,199.79,87422362662475
1328.0,1,0.00,50.0,54.0,54.0,38.0,52.0,1089,48.10,48036571018981
1329.0,2,0.00,54.0,56.0,56.0,41.0,56.0,1183,47.16,43730596191101
1329.0,3,0.00,56.0,58.0,58.0,43.0,58.0,1237,47.88,44256101778503
1334.0,0,,69.0,74.0,74.0,51.0,69.0,2793,200.40,87423498911804
1334.0,1,0.00,50.0,54.0,54.0,38.0,52.0,1089,47.81,48036842557250
1334.0,2,0.00,54.0,56.0,56.0,41.0,56.0,1175,47.22,43730864412048
1334.0,3,0.00,56.0,58.0,58.0,43.0,58.0,1281,47.94,44256373577575
1340.0,0,,70.0,72.0,72.0,51.0,70.0,2589,199.90,87424634348632
1340.0,1,0.00,50.0,54.0,54.0,38.0,52.0,1078,48.05,48037115462951
1340.0,2,0.00,54.0,56.0,56.0,41.0,56.0,1183,46.96,43731131171386
1340.0,3,0.00,56.0,58.0,58.0,43.0,58.0,1278,47.89,44256645602844
1345.0,0,,70.0,74.0,74.0,52.0,70.0,2493,199.53,87425767693725
1345.0,1,0.00,50.0,54.0,54.0,38.0,52.0,1089,48.11,48037388744140
1346.0,2,0.00,53.0,56.0,56.0,41.0,56.0,1184,47.06,43731398483581
1346.0,3,0.00,56.0,58.0,58.0,43.0,58.0,1268,47.99,44256918204284
1351.0,0,,69.0,74.0,74.0,52.0,69.0,2693,199.32,87426899828735
1351.0,1,0.00,50.0,54.0,54.0,38.0,52.0,1089,47.74,48037659429016
1351.0,2,0.00,54.0,56.0,56.0,41.0,56.0,1174,47.21,43731666614868
1351.0,3,0.00,56.0,58.0,58.0,43.0,58.0,1280,47.72,44257189280029
1357.0,0,,69.0,74.0,74.0,51.0,70.0,2655,199.57,87428033367126
1357.0,1,0.00,50.0,54.0,54.0,38.0,52.0,1079,47.86,48037931271728
1357.0,2,0.00,53.0,56.0,56.0,41.0,56.0,1174,47.02,43731933202636
1357.0,3,0.00,56.0,58.0,58.0,43.0,58.0,1280,47.79,44257460238647
1362.0,0,,69.0,76.0,76.0,52.0,69.0,2506,200.08,87429167816528
1362.0,1,0.00,50.0,54.0,54.0,38.0,52.0,1089,48.02,48038204003540
1363.0,2,0.00,53.0,56.0,56.0,41.0,56.0,1184,46.86,43732199373596
1363.0,3,0.00,56.0,58.0,58.0,43.0,58.0,1268,47.87,44257732113464
1368.0,0,,70.0,76.0,76.0,52.0,70.0,2484,199.85,87430302985961
1368.0,1,0.00,50.0,54.0,54.0,38.0,52.0,1089,48.20,48038477320495
1368.0,2,0.00,53.0,56.0,56.0,41.0,56.0,1173,47.00,43732466309143
1368.0,3,0.00,56.0,58.0,58.0,43.0,58.0,1247,47.94,44258004420043
1374.0,0,,70.0,76.0,76.0,52.0,70.0,2495,200.14,87431439807128
1374.0,1,0.00,50.0,54.0,54.0,39.0,52.0,1079,47.83,48038748970825
1374.0,2,0.00,54.0,56.0,56.0,41.0,56.0,1174,47.26,43732734250854
1374.0,3,0.00,56.0,58.0,58.0,43.0,58.0,1280,48.03,44258276739074
1379.0,0,,71.0,74.0,74.0,52.0,70.0,2716,200.41,87432578146301
1380.0,1,0.00,50.0,54.0,54.0,39.0,52.0,1089,47.98,48039021509887
1380.0,2,0.00,54.0,56.0,56.0,41.0,56.0,1184,46.98,43733001077209
1380.0,3,0.00,56.0,58.0,58.0,43.0,58.0,1258,47.81,44258548272644
1385.0,0,,70.0,74.0,74.0,52.0,70.0,2725,200.79,87433718658447
1385.0,1,0.00,50.0,54.0,54.0,38.0,52.0,1089,48.15,48039295006713
1385.0,2,0.00,54.0,56.0,56.0,41.0,56.0,1184,47.03,43733268213989
1386.0,3,0.00,56.0,58.0,58.0,43.0,58.0,1248,47.90,44258820341308
1391.0,0,,70.0,74.0,74.0,52.0,70.0,2751,199.60,87434850375488
1391.0,1,0.00,50.0,54.0,54.0,38.0,52.0,1089,47.81,48039566098327
1391.0,2,0.00,53.0,56.0,56.0,41.0,56.0,1163,47.09,43733535675598
1391.0,3,0.00,56.0,58.0,58.0,43.0,58.0,1258,47.85,44259092115539
1396.0,0,,71.0,74.0,74.0,52.0,70.0,2686,200.02,87435984485046
1397.0,1,0.00,50.0,54.0,54.0,39.0,52.0,1079,47.67,48039836858764
1397.0,2,0.00,53.0,56.0,56.0,42.0,56.0,1164,47.26,43733803651855
1397.0,3,0.00,56.0,58.0,58.0,43.0,58.0,1248,47.71,44259362626037
1402.0,0,,70.0,74.0,74.0,52.0,70.0,2504,200.18,87437121503906
1402.0,1,0.00,51.0,54.0,54.0,38.0,52.0,1088,48.04,48040109737731
1402.0,2,0.00,54.0,56.0,56.0,41.0,56.0,1183,46.97,43734070466857
1403.0,3,0.00,56.0,58.0,58.0,43.0,58.0,1278,47.78,44259634513793
1408.0,0,,71.0,74.0,74.0,52.0,70.0,2630,199.53,87438256827087
1408.0,1,0.00,50.0,54.0,54.0,38.0,52.0,1088,48.08,48040382819885
1408.0,2,0.00,53.0,58.0,58.0,41.0,56.0,1163,47.08,43734337898925
1408.0,3,0.00,56.0,58.0,58.0,43.0,58.0,1269,48.00,44259906645446
1413.0,0,,70.0,74.0,74.0,52.0,70.0,2750,199.72,87439389264587
1414.0,1,0.00,50.0,54.0,54.0,38.0,52.0,1090,47.77,48040653686767
1414.0,2,0.00,53.0,58.0,58.0,41.0,55.0,1174,47.13,43734605106628
1414.0,3,0.00,56.0,58.0,58.0,43.0,58.0,1259,47.77,44260177979736
1419.0,0,,69.0,74.0,74.0,52.0,70.0,2515,199.09,87440520096191
1419.0,1,0.00,50.0,54.0,54.0,38.0,52.0,1078,47.89,48040925728759
1419.0,2,0.00,53.0,58.0,58.0,41.0,55.0,1184,46.96,43734871824157
1420.0,3,0.00,56.0,58.0,58.0,43.0,58.0,1269,47.78,44260448916137
1425.0,0,,70.0,76.0,76.0,51.0,70.0,2496,200.19,87441655195190
1425.0,1,0.00,50.0,54.0,54.0,38.0,52.0,1090,48.15,48041198730957
1425.0,2,0.00,53.0,56.0,56.0,41.0,56.0,1163,46.96,43735138581359
1425.0,3,0.00,56.0,58.0,58.0,43.0,58.0,1258,47.95,44260721285095
1430.0,0,,70.0,76.0,76.0,52.0,70.0,2494,200.03,87442791380554
1431.0,1,0.00,50.0,54.0,54.0,38.0,52.0,1088,48.17,48041472354980
1431.0,2,0.00,54.0,56.0,56.0,41.0,56.0,1173,47.09,43735406034423
1431.0,3,0.00,56.0,58.0,58.0,43.0,58.0,1247,47.99,44260993876403
1436.0,0,,70.0,76.0,76.0,52.0,70.0,2482,199.97,87443927217102
1436.0,1,0.00,50.0,54.0,54.0,38.0,52.0,1078,47.76,48041744116943
1436.0,2,0.00,53.0,56.0,56.0,41.0,56.0,1183,47.23,43735674280517
1437.0,3,0.00,56.0,58.0,58.0,43.0,58.0,1247,47.92,44261266054870
1442.0,0,,71.0,74.0,74.0,52.0,70.0,2684,200.14,87445063987670
1442.0,1,0.00,50.0,54.0,54.0,39.0,52.0,1089,47.95,48042016489379
1442.0,2,0.00,53.0,56.0,56.0,41.0,56.0,1163,47.00,43735941223266
1442.0,3,0.00,56.0,58.0,58.0,43.0,58.0,1247,47.74,44261537232666
1448.0,0,,71.0,74.0,72.0,52.0,70.0,2799,200.00,87446200015625
1448.0,1,0.00,50.0,54.0,54.0,38.0,52.0,1088,48.14,48042289945678
1448.0,2,0.00,53.0,56.0,56.0,41.0,55.0,1183,47.03,43736208346374
1448.0,3,0.00,56.0,58.0,58.0,43.0,58.0,1257,47.90,44261809322631
1453.0,0,,69.0,76.0,76.0,51.0,69.0,2707,198.90,87447329745483
1453.0,1,0.00,51.0,54.0,54.0,38.0,52.0,1090,47.90,48042561559204
1453.0,2,0.00,53.0,56.0,56.0,41.0,56.0,1185,47.17,43736475804809
1454.0,3,0.00,56.0,58.0,58.0,43.0,58.0,1238,47.93,44262081568176
1459.0,0,,69.0,74.0,74.0,51.0,70.0,2589,200.50,87448468595092
1459.0,1,0.00,51.0,54.0,54.0,38.0,52.0,1078,47.89,48042833589416
1459.0,2,0.00,53.0,56.0,56.0,41.0,56.0,1174,46.97,43736742619201
1459.0,3,0.00,56.0,58.0,58.0,43.0,58.0,1279,47.68,44262352392150
1465.0,0,,71.0,72.0,72.0,52.0,70.0,2736,200.81,87449609179809
1465.0,1,0.00,50.0,54.0,54.0,38.0,52.0,1088,48.14,48043107047546
1465.0,2,0.00,53.0,56.0,56.0,41.0,56.0,1172,47.16,43737010485168
1465.0,3,0.00,56.0,58.0,58.0,43.0,58.0,1278,47.88,44262624363220
1470.0,0,,70.0,72.0,72.0,51.0,70.0,2632,199.49,87450742302185
1470.0,1,0.00,50.0,54.0,54.0,39.0,52.0,1089,48.14,48043380499633
1471.0,2,0.00,54.0,56.0,56.0,41.0,56.0,1184,47.08,43737277909606
1471.0,3,0.00,56.0,58.0,58.0,43.0,58.0,1270,48.10,44262897116638
1476.0,0,,70.0,74.0,74.0,52.0,70.0,2496,200.06,87451876636108
1476.0,1,0.00,50.0,54.0,54.0,39.0,52.0,1079,47.86,48043651869689
1476.0,2,0.00,54.0,56.0,56.0,41.0,56.0,1153,47.19,43737545456481
1476.0,3,0.00,56.0,58.0,58.0,43.0,58.0,1280,47.90,44263169203186
1482.0,0,100.00,70.0,76.0,76.0,52.0,70.0,2494,198.94,87453006602355
1482.0,1,0.00,50.0,54.0,54.0,39.0,52.0,1089,47.89,48043923884094
1482.0,2,0.00,53.0,56.0,56.0,41.0,56.0,1184,46.98,43737812310363
1482.0,3,0.00,56.0,58.0,58.0,43.0,58.0,1279,47.86,44263440567810
1487.0,0,,69.0,76.0,76.0,52.0,70.0,2516,200.25,87454142028808
1487.0,1,0.00,50.0,54.0,54.0,38.0,52.0,1089,48.13,48044197236877
1488.0,2,0.00,54.0,56.0,56.0,41.0,56.0,1174,47.00,43738079297729
1488.0,3,0.00,56.0,58.0,58.0,43.0,58.0,1258,47.92,44263712725402
1493.0,0,,70.0,74.0,74.0,52.0,70.0,2529,200.29,87455279675109
1493.0,1,0.00,50.0,54.0,54.0,38.0,52.0,1080,47.88,48044468728454
1493.0,2,0.00,53.0,56.0,56.0,41.0,56.0,1175,47.14,43738346562866
1493.0,3,0.00,56.0,58.0,58.0,43.0,58.0,1249,48.02,44263985011962
1499.0,0,,71.0,74.0,74.0,52.0,70.0,2759,200.69,87456417581420
1499.0,1,0.00,50.0,54.0,54.0,38.0,52.0,1089,47.89,48044740742431
1499.0,2,0.00,54.0,56.0,56.0,42.0,56.0,1173,47.28,43738615121337
1499.0,3,0.00,56.0,58.0,58.0,43.0,58.0,1278,47.71,44264255995178
1504.0,0,,71.0,74.0,74.0,52.0,70.0,2800,200.32,87457555374206
1504.0,1,0.00,50.0,54.0,54.0,38.0,52.0,1089,48.15,48045013728881
1505.0,2,0.00,54.0,56.0,56.0,41.0,56.0,1184,47.10,43738882643310
1505.0,3,0.00,56.0,58.0,58.0,43.0,58.0,1268,47.92,44264528166870
1510.0,0,,69.0,74.0,74.0,51.0,70.0,2695,198.50,87458682865112
1510.0,1,0.00,50.0,54.0,54.0,38.0,52.0,1079,48.10,48045286925903
1510.0,2,0.00,53.0,56.0,56.0,41.0,56.0,1174,47.12,43739149819885
1510.0,3,0.00,56.0,58.0,58.0,43.0,58.0,1249,47.88,44264800137084
1516.0,0,,70.0,74.0,74.0,52.0,70.0,2508,201.13,87459823295471
1516.0,1,0.00,50.0,54.0,54.0,39.0,52.0,1090,47.81,48045558506713
1516.0,2,0.00,53.0,56.0,56.0,41.0,56.0,1185,47.07,43739417164245
1516.0,3,0.00,56.0,58.0,58.0,43.0,58.0,1248,48.00,44265072281250
1521.0,0,,70.0,74.0,74.0,51.0,70.0,2579,198.90,87460953075561
1521.0,1,0.00,50.0,54.0,54.0,38.0,52.0,1089,47.95,48045830365295
1522.0,2,0.00,53.0,56.0,56.0,41.0,56.0,1184,47.02,43739683739807
1522.0,3,0.00,56.0,58.0,58.0,43.0,58.0,1248,47.71,44265343247680
1527.0,0,,70.0,74.0,74.0,51.0,70.0,2692,200.85,87462095901855
1527.0,1,0.00,50.0,54.0,54.0,39.0,52.0,1087,48.12,48046104180053
1527.0,2,0.00,53.0,56.0,56.0,41.0,56.0,1172,47.05,43739951439636
1527.0,3,0.00,56.0,58.0,58.0,43.0,58.0,1257,47.93,44265615499755
1533.0,0,,69.0,74.0,74.0,51.0,70.0,2519,199.83,87463228932312
1533.0,1,0.00,50.0,54.0,54.0,38.0,52.0,1080,48.14,48046377135131
1533.0,2,0.00,54.0,56.0,56.0,41.0,56.0,1175,47.06,43740218245361
1533.0,3,0.00,56.0,58.0,58.0,43.0,58.0,1269,48.04,44265887878906
1538.0,0,,70.0,76.0,76.0,52.0,70.0,2547,199.34,87464359174133
1538.0,1,0.00,50.0,54.0,54.0,38.0,52.0,1089,47.87,48046649039001
1539.0,2,0.00,53.0,56.0,56.0,41.0,56.0,1184,47.13,43740485948547
1539.0,3,0.00,56.0,58.0,58.0,43.0,57.0,1247,47.72,44266158923522
1544.0,0,,70.0,76.0,74.0,52.0,70.0,2559,200.07,87465495544921
1544.0,1,0.00,50.0,54.0,54.0,38.0,52.0,1089,48.07,48046921583618
1544.0,2,0.00,53.0,56.0,56.0,41.0,56.0,1163,47.05,43740753199462
1544.0,3,0.00,56.0,58.0,58.0,43.0,58.0,1248,47.80,44266430418212
1550.0,0,,70.0,76.0,76.0,51.0,69.0,2643,199.87,87466630781555
1550.0,1,0.00,50.0,54.0,54.0,38.0,52.0,1079,48.12,48047194879028
1550.0,2,0.00,54.0,56.0,56.0,41.0,56.0,1185,47.19,43741020763977
1550.0,3,0.00,56.0,58.0,58.0,43.0,58.0,1258,48.08,44266703040649
1555.0,0,100.00,70.0,74.0,74.0,52.0,70.0,2717,201.54,87467773492004
1556.0,1,0.00,51.0,54.0,54.0,38.0,52.0,1089,47.91,48047467019348
1556.0,2,0.00,53.0,56.0,56.0,41.0,56.0,1184,47.18,43741288723999
1556.0,3,0.00,56.0,58.0,58.0,43.0,58.0,1269,47.98,44266975559387
1561.0,0,,70.0,74.0,74.0,51.0,70.0,2728,199.50,87468906658691
1561.0,1,0.00,51.0,54.0,54.0,38.0,52.0,1089,47.90,48047738618469
1561.0,2,0.00,53.0,56.0,56.0,41.0,56.0,1174,46.96,43741554994567
1561.0,3,0.00,56.0,58.0,58.0,43.0,58.0,1269,47.68,44267245919128
1567.0,0,,71.0,74.0,74.0,52.0,70.0,2580,199.43,87470039413635
1567.0,1,0.00,50.0,54.0,54.0,38.0,52.0,1079,47.95,48048010973937
1567.0,2,0.00,54.0,56.0,56.0,41.0,56.0,1174,47.03,43741822117919
1567.0,3,0.00,56.0,58.0,58.0,43.0,58.0,1280,47.90,44267517970703
1572.0,0,,69.0,74.0,74.0,51.0,70.0,2569,199.83,87471172438171
1573.0,1,0.00,51.0,54.0,54.0,38.0,52.0,1089,48.25,48048284526794
1573.0,2,0.00,54.0,56.0,56.0,41.0,56.0,1184,47.22,43742089851501
1573.0,3,0.00,56.0,58.0,58.0,43.0,58.0,1269,48.01,44267790662292
1578.0,0,,69.0,76.0,74.0,51.0,70.0,2759,199.59,87472306107238
1578.0,1,0.00,50.0,54.0,54.0,38.0,52.0,1089,47.73,48048555609985
1578.0,2,0.00,54.0,56.0,56.0,41.0,55.0,1184,47.07,43742357211730
1579.0,3,0.00,56.0,58.0,58.0,43.0,58.0,1248,47.94,44268062486938
1584.0,0,,69.0,74.0,74.0,51.0,69.0,2569,200.24,87473441473144
1584.0,1,0.00,51.0,54.0,54.0,38.0,52.0,1079,48.01,48048827813903
1584.0,2,0.00,53.0,56.0,56.0,41.0,55.0,1164,46.98,43742624077331
1584.0,3,0.00,56.0,58.0,58.0,43.0,58.0,1279,47.79,44268333925354
1589.0,0,,69.0,74.0,74.0,52.0,70.0,2504,200.39,87474579676818
1590.0,1,0.00,50.0,54.0,54.0,38.0,52.0,1088,48.18,48049101502319
1590.0,2,0.00,53.0,56.0,56.0,41.0,56.0,1173,47.13,43742891760620
1590.0,3,0.00,56.0,58.0,58.0,43.0,58.0,1268,48.01,44268606639343
1595.0,0,,72.0,74.0,74.0,52.0,71.0,2601,199.91,87475715187561
1595.0,1,0.00,50.0,54.0,54.0,38.0,52.0,1089,47.88,48049373461486
1595.0,2,0.00,54.0,56.0,56.0,41.0,55.0,1185,47.17,43743159203735
1596.0,3,0.00,56.0,58.0,58.0,43.0,58.0,1248,48.01,44268878879333
1601.0,0,,71.0,74.0,74.0,52.0,70.0,2634,200.39,87476851404602
1601.0,1,0.00,51.0,54.0,54.0,39.0,52.0,1079,47.82,48049645061462
1601.0,2,0.00,53.0,56.0,56.0,41.0,56.0,1174,46.82,43743425150268
1601.0,3,0.00,56.0,58.0,58.0,43.0,58.0,1249,47.63,44269149397888
1606.0,0,,71.0,74.0,74.0,52.0,70.0,2581,199.97,87477987253417
1607.0,1,0.00,50.0,54.0,54.0,38.0,52.0,1090,47.98,48049917115051
1607.0,2,0.00,53.0,56.0,56.0,41.0,56.0,1185,47.05,43743691908813
1607.0,3,0.00,56.0,58.0,58.0,43.0,58.0,1260,47.80,44269420431701
1612.0,0,,71.0,74.0,74.0,51.0,70.0,2785,199.96,87479121028808
1612.0,1,0.00,50.0,54.0,54.0,38.0,52.0,1080,48.15,48050190151306
1612.0,2,0.00,53.0,56.0,56.0,41.0,56.0,1176,47.14,43743959215026
1613.0,3,0.00,56.0,58.0,58.0,43.0,58.0,1270,47.99,44269692510375
1618.0,0,,69.0,74.0,74.0,51.0,70.0,2663,199.75,87480253591125
1618.0,1,0.00,50.0,54.0,54.0,39.0,52.0,1089,47.87,48050462035949
1618.0,2,0.00,54.0,56.0,56.0,41.0,56.0,1172,47.10,43744226747985
1618.0,3,0.00,56.0,58.0,58.0,43.0,58.0,1278,48.01,44269965225891
1623.0,0,,70.0,74.0,74.0,52.0,70.0,2495,200.42,87481391991699
1624.0,1,0.00,50.0,54.0,54.0,38.0,52.0,1079,47.98,48050734086791
1624.0,2,0.00,54.0,58.0,58.0,41.0,56.0,1163,46.95,43744492981628
1624.0,3,0.00,56.0,58.0,58.0,43.0,58.0,1248,47.75,44270236424499
1629.0,0,,71.0,74.0,74.0,52.0,70.0,2560,200.42,87482528394287
1629.0,1,0.00,50.0,54.0,54.0,39.0,52.0,1089,48.05,48051007025390
1629.0,2,0.00,54.0,58.0,58.0,41.0,56.0,1184,47.08,43744760387451
1630.0,3,0.00,56.0,58.0,58.0,43.0,58.0,1248,47.92,44270508140319
1635.0,0,,70.0,76.0,76.0,51.0,69.0,2759,198.56,87483656238830
1635.0,1,0.00,50.0,54.0,54.0,39.0,52.0,1089,48.19,48051280268005
1635.0,2,0.00,54.0,58.0,58.0,41.0,56.0,1174,47.10,43745027893981
1635.0,3,0.00,56.0,58.0,58.0,43.0,58.0,1279,47.95,44270780515686
1641.0,0,,69.0,74.0,74.0,51.0,70.0,2633,200.15,87484793081054
1641.0,1,0.00,50.0,54.0,54.0,38.0,52.0,1089,47.87,48051552169006
1641.0,2,0.00,54.0,58.0,58.0,41.0,56.0,1184,47.18,43745295426879
1641.0,3,0.00,56.0,58.0,58.0,43.0,58.0,1258,47.82,44271051632385
1646.0,0,,70.0,74.0,74.0,52.0,70.0,2504,200.69,87485933020446
1646.0,1,0.00,50.0,54.0,54.0,38.0,52.0,1078,47.98,48051824697998
1646.0,2,0.00,54.0,58.0,58.0,41.0,55.0,1184,46.93,43745561995849
1647.0,3,0.00,56.0,58.0,58.0,43.0,58.0,1269,47.77,44271322948974
1652.0,0,,70.0,76.0,76.0,52.0,70.0,2580,199.17,87487062311157
1652.0,1,0.00,50.0,54.0,54.0,38.0,52.0,1089,48.11,48052097481689
1652.0,2,0.00,53.0,58.0,58.0,41.0,56.0,1174,47.09,43745829485351
1652.0,3,0.00,56.0,58.0,58.0,43.0,58.0,1280,47.96,44271595372253
1658.0,0,,69.0,76.0,76.0,52.0,70.0,2685,199.95,87488198038085
1658.0,1,0.00,50.0,54.0,54.0,38.0,52.0,1089,47.86,48052369317199
1658.0,2,0.00,54.0,58.0,58.0,41.0,55.0,1184,47.21,43746097138183
1658.0,3,0.00,56.0,58.0,58.0,43.0,57.0,1280,47.97,44271867826171
1663.0,0,,71.0,74.0,74.0,52.0,70.0,2622,200.85,87489338865051
1663.0,1,0.00,50.0,54.0,54.0,38.0,52.0,1078,47.84,48052641055541
1664.0,2,0.00,54.0,58.0,58.0,41.0,56.0,1184,46.92,43746363656860
1664.0,3,0.00,56.0,58.0,58.0,43.0,58.0,1216,47.81,44272138891967
1669.0,0,,70.0,76.0,76.0,51.0,70.0,2613,199.08,87490467655639
1669.0,1,0.00,50.0,54.0,54.0,39.0,52.0,1090,48.08,48052913647338
1669.0,2,0.00,54.0,58.0,58.0,41.0,55.0,1164,47.10,43746630711547
1669.0,3,0.00,56.0,58.0,58.0,43.0,58.0,1249,47.95,44272410752685
1675.0,0,,71.0,74.0,74.0,52.0,70.0,2486,201.37,87491609450866
1675.0,1,0.00,50.0,54.0,54.0,39.0,52.0,1079,48.21,48053187006652
1675.0,2,0.00,54.0,58.0,58.0,41.0,56.0,1185,47.14,43746898468627
1675.0,3,0.00,56.0,58.0,58.0,43.0,57.0,1259,47.95,44272683128479
1680.0,0,,70.0,76.0,76.0,51.0,70.0,2707,198.34,87492736045471
1680.0,1,0.00,50.0,54.0,54.0,39.0,52.0,1090,47.81,48053458575134
1681.0,2,0.00,54.0,58.0,58.0,41.0,55.0,1185,47.11,43747165564697
1681.0,3,0.00,56.0,58.0,58.0,43.0,58.0,1248,48.01,44272955349975
1686.0,0,,71.0,74.0,74.0,52.0,70.0,2601,201.08,87493876178588
1686.0,1,0.00,50.0,54.0,54.0,39.0,52.0,1090,48.05,48053730995971
1686.0,2,0.00,54.0,58.0,58.0,41.0,56.0,1164,46.98,43747431947570
1686.0,3,0.00,56.0,58.0,58.0,43.0,58.0,1281,47.76,44273226141174
1692.0,0,,69.0,76.0,76.0,51.0,69.0,2593,192.98,87494970380493
1692.0,1,0.00,50.0,54.0,54.0,38.0,52.0,1079,48.00,48054003616333
1692.0,2,0.00,54.0,58.0,58.0,41.0,56.0,1174,46.99,43747698875427
1692.0,3,0.00,56.0,58.0,58.0,43.0,58.0,1280,47.85,44273497920776
1697.0,0,,69.0,78.0,78.0,52.0,70.0,2496,198.18,87496096019897
1697.0,1,0.00,50.0,54.0,54.0,38.0,52.0,1090,48.02,48054275864074
1698.0,2,0.00,53.0,58.0,58.0,41.0,55.0,1175,47.30,43747967040588
1698.0,3,0.00,56.0,58.0,58.0,43.0,58.0,1270,48.14,44273770881591
1703.0,0,,69.0,78.0,78.0,52.0,70.0,2483,194.09,87497198454589
1703.0,1,0.00,50.0,54.0,54.0,38.0,52.0,1088,47.93,48054548115112
1703.0,2,0.00,54.0,58.0,58.0,41.0,56.0,1172,47.23,43748235285949
1703.0,3,0.00,56.0,58.0,58.0,43.0,58.0,1277,47.67,44274042101989
1709.0,0,0.00,65.0,78.0,78.0,49.0,67.0,2347,126.93,87497918164062
1709.0,1,0.00,50.0,54.0,54.0,38.0,52.0,1079,48.00,48054820734252
1709.0,2,0.00,54.0,58.0,58.0,41.0,56.0,1174,47.10,43748502791015
1709.0,3,0.00,56.0,58.0,58.0,43.0,58.0,1260,47.62,44274312093017
1714.0,0,0.00,63.0,78.0,78.0,48.0,65.0,1907,58.85,87498251867858
1714.0,1,0.00,50.0,54.0,54.0,38.0,52.0,1082,48.13,48055093159179
1715.0,2,0.00,54.0,58.0,58.0,41.0,56.0,1188,47.26,43748770265869
1715.0,3,0.00,56.0,58.0,58.0,43.0,58.0,1251,47.60,44274581486328
1720.0,0,83.78,66.0,72.0,72.0,49.0,67.0,1525,94.38,87498787008605
1720.0,1,0.00,50.0,54.0,54.0,38.0,52.0,1090,47.82,48055364294067
1720.0,2,0.00,54.0,58.0,58.0,41.0,56.0,1174,47.20,43749037910095
1720.0,3,0.00,56.0,58.0,58.0,43.0,58.0,1248,47.65,44274851646850
1726.0,0,,67.0,76.0,76.0,51.0,69.0,1554,177.53,87499793601501
1726.0,1,0.00,50.0,54.0,54.0,38.0,52.0,1079,47.85,48055636076660
1726.0,2,0.00,54.0,58.0,58.0,41.0,56.0,1185,46.91,43749304330871
1726.0,3,0.00,56.0,58.0,58.0,42.0,58.0,1259,47.54,44275121657714
1731.0,0,,68.0,76.0,76.0,51.0,69.0,1882,181.04,87500821928833
1731.0,1,0.00,50.0,54.0,54.0,38.0,52.0,1090,48.04,48055908456359
1732.0,2,0.00,54.0,58.0,58.0,41.0,56.0,1185,47.11,43749571462463
1732.0,3,0.00,56.0,58.0,58.0,42.0,57.0,1249,47.70,44275392106201
1737.0,0,,68.0,78.0,78.0,51.0,70.0,2063,177.32,87501827361328
1737.0,1,0.00,50.0,54.0,54.0,38.0,52.0,1089,48.06,48056181411499
1737.0,2,0.00,54.0,58.0,58.0,41.0,56.0,1163,47.24,43749839801696
1737.0,3,0.00,56.0,58.0,58.0,42.0,57.0,1247,47.89,44275664112060
1743.0,0,,68.0,78.0,78.0,51.0,70.0,2231,181.33,87502857309265
1743.0,1,0.00,50.0,54.0,54.0,38.0,52.0,1079,47.94,48056453256591
1743.0,2,0.00,54.0,58.0,58.0,41.0,56.0,1184,47.18,43750107775817
1743.0,3,0.00,55.0,58.0,58.0,42.0,58.0,1248,47.83,44275935792419
1748.0,0,,68.0,80.0,80.0,51.0,70.0,2281,177.75,87503866903137
1748.0,1,0.00,50.0,54.0,54.0,38.0,52.0,1088,47.89,48056725298156
1749.0,2,0.00,54.0,58.0,58.0,41.0,55.0,1185,47.05,43750374561828
1749.0,3,0.00,56.0,58.0,58.0,42.0,58.0,1248,47.71,44276206309509
1754.0,0,,68.0,80.0,80.0,51.0,70.0,2297,181.67,87504896993713
1754.0,1,0.00,50.0,54.0,54.0,38.0,52.0,1090,48.08,48056997932006
1754.0,2,0.00,54.0,58.0,58.0,41.0,56.0,1174,47.21,43750642228088
1754.0,3,0.00,56.0,58.0,58.0,42.0,58.0,1248,47.73,44276477430969
1760.0,0,,68.0,80.0,80.0,51.0,70.0,2296,177.81,87505905187377
1760.0,1,0.00,50.0,54.0,54.0,39.0,52.0,1079,47.81,48057269496643
1760.0,2,0.00,54.0,58.0,58.0,41.0,56.0,1174,47.24,43750910562988
1760.0,3,0.00,56.0,58.0,58.0,43.0,58.0,1259,47.90,44276749031127
1765.0,0,,68.0,80.0,80.0,52.0,70.0,2294,181.76,87506937582336
1766.0,1,0.00,51.0,54.0,54.0,38.0,52.0,1089,47.93,48057541712097
1766.0,2,0.00,54.0,58.0,58.0,41.0,56.0,1184,46.95,43751177237182
1766.0,3,0.00,56.0,58.0,58.0,42.0,58.0,1246,47.69,44277019900146
1771.0,0,99.30,68.0,80.0,80.0,52.0,70.0,2293,181.54,87507968701354
1771.0,1,0.00,51.0,54.0,54.0,38.0,52.0,1089,48.05,48057814179931
1771.0,2,0.00,53.0,58.0,58.0,41.0,56.0,1163,47.05,43751444033630
1771.0,3,0.00,56.0,58.0,58.0,43.0,58.0,1249,47.65,44277290055725
1777.0,0,,68.0,80.0,80.0,51.0,70.0,2297,177.89,87508977341308
1777.0,1,0.00,50.0,54.0,54.0,38.0,52.0,1080,48.07,48058086761779
1777.0,2,0.00,54.0,58.0,58.0,41.0,56.0,1185,47.19,43751711614746
1777.0,3,0.00,55.0,58.0,58.0,42.0,58.0,1259,47.85,44277561385314
1782.0,0,99.98,69.0,80.0,80.0,52.0,70.0,2297,181.75,87510007875305
1783.0,1,0.00,51.0,54.0,54.0,39.0,52.0,1080,47.90,48058358371459
1783.0,2,0.00,54.0,58.0,58.0,41.0,56.0,1186,47.28,43751979695434
1783.0,3,0.00,56.0,58.0,58.0,42.0,58.0,1239,47.87,44277832819152
1788.0,0,,69.0,80.0,80.0,52.0,70.0,2287,177.89,87511016520812
1788.0,1,0.00,50.0,54.0,54.0,38.0,52.0,1090,47.86,48058629730102
1788.0,2,0.00,53.0,58.0,58.0,41.0,56.0,1175,46.93,43752245785949
1788.0,3,0.00,56.0,58.0,58.0,42.0,58.0,1249,47.44,44278102270324
1794.0,0,,68.0,80.0,80.0,51.0,70.0,2297,181.76,87512047115783
1794.0,1,0.00,50.0,54.0,54.0,39.0,52.0,1080,47.91,48058901405029
1794.0,2,0.00,54.0,58.0,58.0,41.0,55.0,1175,47.06,43752512604431
1794.0,3,0.00,56.0,58.0,58.0,42.0,57.0,1250,47.80,44278372824401
1799.0,0,,68.0,80.0,82.0,51.0,70.0,2286,178.03,87513056547241
1800.0,1,0.00,50.0,54.0,54.0,39.0,52.0,1090,48.23,48059174880737
1800.0,2,0.00,54.0,58.0,58.0,41.0,56.0,1185,47.31,43752780844421
1800.0,3,0.00,56.0,58.0,58.0,42.0,58.0,1248,47.87,44278644697753
1805.0,0,,68.0,80.0,82.0,51.0,70.0,2294,181.72,87514088721923
1805.0,1,0.00,50.0,54.0,54.0,39.0,52.0,1078,47.94,48059447164855
1805.0,2,0.00,54.0,58.0,58.0,41.0,56.0,1173,47.27,43753049365051
1806.0,3,0.00,56.0,58.0,58.0,42.0,58.0,1248,47.98,44278916771972
1811.0,0,99.99,69.0,82.0,82.0,52.0,70.0,2303,177.88,87515099087280
1811.0,1,0.00,50.0,54.0,54.0,38.0,52.0,1089,47.91,48059719307434
1811.0,2,0.00,54.0,58.0,58.0,41.0,56.0,1173,46.97,43753316163391
1811.0,3,0.00,56.0,58.0,58.0,42.0,58.0,1258,47.61,44279187208557
1816.0,0,,69.0,80.0,82.0,51.0,70.0,2284,182.07,87516131404113
1817.0,1,0.00,50.0,54.0,54.0,39.0,52.0,1089,48.02,48059992062500
1817.0,2,0.00,54.0,58.0,58.0,41.0,56.0,1185,47.09,43753583624084
1817.0,3,0.00,56.0,58.0,58.0,42.0,58.0,1248,47.74,44279458359375
1822.0,0,,68.0,80.0,80.0,52.0,70.0,2294,181.69,87517163429260
1822.0,1,0.00,50.0,54.0,54.0,38.0,52.0,1089,47.84,48060263304016
1822.0,2,0.00,54.0,58.0,58.0,41.0,56.0,1184,47.38,43753852296630
1823.0,3,0.00,56.0,58.0,58.0,42.0,58.0,1248,47.90,44279729942382
1828.0,0,,68.0,82.0,80.0,52.0,70.0,2305,177.93,87518174071716
1828.0,1,0.00,51.0,54.0,54.0,39.0,52.0,1079,47.87,48060535212036
1828.0,2,0.00,54.0,58.0,58.0,41.0,56.0,1163,46.95,43754118946960
1828.0,3,0.00,56.0,58.0,58.0,42.0,57.0,1247,47.52,44280000353454
1833.0,0,,69.0,82.0,82.0,52.0,70.0,2284,182.25,87519207443359
1834.0,1,0.00,51.0,54.0,54.0,38.0,52.0,1089,47.98,48060807233276
1834.0,2,0.00,53.0,58.0,58.0,41.0,56.0,1185,47.07,43754385835571
1834.0,3,0.00,56.0,58.0,58.0,42.0,58.0,1249,47.72,44280270914916
1839.0,0,,68.0,82.0,82.0,51.0,70.0,2295,177.77,87520217185241
1839.0,1,0.00,50.0,54.0,54.0,39.0,52.0,1089,48.16,48061080765441
1839.0,2,0.00,54.0,58.0,58.0,41.0,56.0,1184,47.24,43754654179626
1840.0,3,0.00,56.0,58.0,58.0,43.0,58.0,1257,47.87,44280542799011
1845.0,0,,68.0,82.0,80.0,52.0,70.0,2294,182.34,87521251048156
1845.0,1,0.00,50.0,54.0,54.0,38.0,52.0,1080,47.93,48061352556457
1845.0,2,0.00,53.0,58.0,58.0,41.0,56.0,1176,47.32,43754922488037
1845.0,3,0.00,56.0,58.0,58.0,42.0,57.0,1250,48.00,44280814488037
1850.0,0,100.00,68.0,82.0,82.0,51.0,70.0,2286,177.65,87522260100830
1851.0,1,0.00,50.0,54.0,54.0,39.0,52.0,1089,47.90,48061624650268
1851.0,2,0.00,54.0,58.0,58.0,41.0,56.0,1183,46.96,43755189197937
1851.0,3,0.00,56.0,58.0,58.0,43.0,58.0,1248,47.58,44281084758728
1856.0,0,100.00,68.0,82.0,82.0,51.0,70.0,2304,182.25,87523293476013
1856.0,1,0.00,50.0,54.0,54.0,38.0,52.0,1079,48.10,48061897398010
1856.0,2,0.00,54.0,58.0,58.0,41.0,56.0,1185,47.12,43755456360229
1857.0,3,0.00,56.0,58.0,58.0,42.0,58.0,1248,47.73,44281355877441
1862.0,0,99.46,71.0,78.0,78.0,52.0,71.0,2294,181.41,87524323913208
1862.0,1,0.00,50.0,54.0,54.0,39.0,52.0,1089,47.85,48062169200622
1862.0,2,0.00,54.0,58.0,58.0,41.0,56.0,1163,47.20,43755724469970
1862.0,3,0.00,55.0,58.0,58.0,42.0,58.0,1247,47.85,44281627693176
1867.0,0,,69.0,82.0,82.0,52.0,70.0,2295,178.51,87525336083923
1868.0,1,0.00,50.0,54.0,54.0,38.0,52.0,1089,47.93,48062441446166
1868.0,2,0.00,53.0,58.0,58.0,41.0,56.0,1184,47.31,43755993180725
1868.0,3,0.00,56.0,58.0,58.0,42.0,58.0,1248,47.69,44281898107238
1873.0,0,,71.0,78.0,78.0,52.0,71.0,2306,181.89,87526369218627
1873.0,1,0.00,50.0,54.0,54.0,39.0,52.0,1079,47.96,48062713395690
1873.0,2,0.00,53.0,58.0,58.0,41.0,55.0,1164,46.99,43756259633544
1874.0,3,0.00,56.0,58.0,58.0,43.0,57.0,1249,47.60,44282168026977
1879.0,0,,68.0,82.0,82.0,52.0,70.0,2316,178.14,87527379294799
1879.0,1,0.00,50.0,54.0,54.0,39.0,52.0,1089,48.00,48062986059265
1879.0,2,0.00,54.0,58.0,58.0,41.0,56.0,1173,47.16,43756527489440
1879.0,3,0.00,56.0,58.0,58.0,42.0,58.0,1247,47.83,44282439699951
1885.0,0,,69.0,82.0,80.0,51.0,70.0,2294,181.83,87528412091003
1885.0,1,0.00,50.0,54.0,54.0,39.0,52.0,1079,47.95,48063257951660
1885.0,2,0.00,53.0,58.0,58.0,41.0,56.0,1185,47.31,43756795760192
1885.0,3,0.00,56.0,58.0,58.0,42.0,58.0,1249,47.89,44282711217590
1890.0,0,,68.0,82.0,82.0,52.0,70.0,2294,178.08,87529423567626
1890.0,1,0.00,50.0,54.0,54.0,39.0,52.0,1090,48.00,48063530117614
1890.0,2,0.00,53.0,58.0,58.0,41.0,56.0,1185,47.03,43757062409851
1891.0,3,0.00,56.0,58.0,58.0,42.0,58.0,1249,47.59,44282981517150
1896.0,0,0.00,65.0,82.0,82.0,50.0,67.0,2287,140.25,87530217385437
1896.0,1,0.00,50.0,54.0,54.0,39.0,52.0,1080,48.01,48063802358215
1896.0,2,0.00,54.0,56.0,56.0,41.0,56.0,1165,47.13,43757329623779
1896.0,3,0.00,56.0,58.0,58.0,42.0,57.0,1250,47.69,44283251469726
1902.0,0,0.00,64.0,82.0,82.0,48.0,66.0,1980,59.43,87530557933105
1902.0,1,0.00,50.0,54.0,54.0,39.0,52.0,1089,47.99,48064077840637
1902.0,2,0.00,54.0,56.0,56.0,41.0,56.0,1172,47.20,43757600551208
1902.0,3,0.00,55.0,58.0,58.0,43.0,58.0,1245,47.44,44283523753723
1907.0,0,51.09,66.0,74.0,74.0,50.0,67.0,1512,83.18,87531030387878
1907.0,1,0.00,50.0,54.0,54.0,39.0,52.0,1089,47.78,48064348742126
1908.0,2,0.00,54.0,56.0,56.0,41.0,56.0,1174,47.39,43757869274963
1908.0,3,0.00,55.0,58.0,58.0,42.0,57.0,1248,47.31,44283792458068
1913.0,0,,67.0,78.0,76.0,51.0,69.0,1650,177.72,87532039863281
1913.0,1,0.00,50.0,54.0,54.0,39.0,52.0,1079,47.95,48064621070068
1913.0,2,0.00,54.0,56.0,56.0,41.0,56.0,1174,46.95,43758135959716
1913.0,3,0.00,55.0,58.0,58.0,42.0,57.0,1248,47.65,44284062647827
1919.0,0,98.31,68.0,76.0,76.0,51.0,70.0,1937,184.98,87533088677001
1919.0,1,0.00,50.0,54.0,54.0,39.0,52.0,1090,48.02,48064893368530
1919.0,2,0.00,54.0,56.0,56.0,41.0,56.0,1175,47.11,43758403076049
1919.0,3,0.00,55.0,58.0,58.0,42.0,57.0,1260,47.69,44284333041503
1924.0,0,,69.0,78.0,78.0,52.0,70.0,2230,182.00,87534122437377
1924.0,1,0.00,50.0,54.0,54.0,38.0,52.0,1089,47.87,48065165294738
1925.0,2,0.00,54.0,56.0,56.0,41.0,56.0,1183,47.29,43758671673400
1925.0,3,0.00,55.0,58.0,58.0,42.0,57.0,1247,47.91,44284605164672
1930.0,0,,71.0,76.0,76.0,52.0,71.0,2283,187.67,87535186524719
1930.0,1,0.00,50.0,54.0,54.0,38.0,52.0,1078,48.00,48065437912658
1930.0,2,0.00,53.0,56.0,56.0,41.0,56.0,1163,47.05,43758938922851
1930.0,3,0.00,55.0,58.0,58.0,42.0,57.0,1247,47.66,44284875859619
1936.0,0,,68.0,80.0,80.0,52.0,70.0,2378,183.76,87536230256164
1936.0,1,0.00,50.0,54.0,54.0,39.0,52.0,1089,48.01,48065710584472
1936.0,2,0.00,54.0,56.0,56.0,41.0,56.0,1184,47.02,43759206022888
1936.0,3,0.00,55.0,58.0,58.0,42.0,57.0,1257,47.70,44285146782043
1941.0,0,,71.0,76.0,76.0,52.0,71.0,2323,188.45,87537300659484
1941.0,1,0.00,50.0,54.0,54.0,38.0,52.0,1088,48.12,48065983902832
1942.0,2,0.00,54.0,56.0,56.0,41.0,56.0,1182,47.14,43759474240844
1942.0,3,0.00,55.0,58.0,58.0,42.0,57.0,1234,47.80,44285418769470
1947.0,0,100.00,69.0,80.0,80.0,52.0,70.0,2414,183.04,87538343959716
1947.0,1,0.00,51.0,54.0,54.0,38.0,52.0,1086,47.89,48066256395568
1947.0,2,0.00,54.0,56.0,56.0,41.0,55.0,1172,47.32,43759743015502
1947.0,3,0.00,55.0,58.0,58.0,42.0,57.0,1246,47.64,44285689387390
1953.0,0,,71.0,78.0,78.0,52.0,71.0,2324,187.34,87539408037902
1953.0,1,0.00,50.0,54.0,54.0,39.0,52.0,1089,48.04,48066529244262
1953.0,2,0.00,54.0,56.0,56.0,41.0,56.0,1173,47.06,43760010326721
1953.0,3,0.00,55.0,58.0,58.0,42.0,57.0,1247,47.71,44285960408081
1958.0,0,99.99,68.0,80.0,80.0,52.0,70.0,2411,184.52,87540454239501
1959.0,1,0.00,50.0,54.0,54.0,39.0,52.0,1090,48.06,48066801729064
1959.0,2,0.00,53.0,56.0,56.0,41.0,56.0,1185,47.03,43760277431457
1959.0,3,0.00,55.0,58.0,58.0,42.0,57.0,1248,47.69,44286231313476
1964.0,0,,69.0,78.0,78.0,52.0,70.0,2358,188.87,87541527032897
1964.0,1,0.00,51.0,54.0,54.0,39.0,52.0,1079,47.81,48067073303894
1964.0,2,0.00,54.0,56.0,56.0,41.0,56.0,1164,47.29,43760545590515
1965.0,3,0.00,55.0,58.0,58.0,42.0,57.0,1248,47.90,44286502902038
1970.0,0,100.00,69.0,82.0,80.0,52.0,70.0,2402,182.61,87542562407958
1970.0,1,0.00,50.0,54.0,54.0,39.0,52.0,1090,48.02,48067345556091
1970.0,2,0.00,54.0,56.0,56.0,41.0,56.0,1185,47.12,43760812785034
1970.0,3,0.00,55.0,58.0,58.0,42.0,58.0,1248,47.65,44286773550170
1975.0,0,,69.0,80.0,80.0,52.0,70.0,2336,188.87,87543635203308
1976.0,1,0.00,50.0,54.0,54.0,39.0,52.0,1089,48.00,48067618196228
1976.0,2,0.00,54.0,56.0,56.0,41.0,56.0,1184,47.07,43761080143981
1976.0,3,0.00,55.0,58.0,58.0,42.0,57.0,1247,47.82,44287044688903
1981.0,0,,68.0,82.0,80.0,52.0,70.0,2400,182.98,87544672701477
1981.0,1,0.00,50.0,54.0,54.0,39.0,52.0,1078,48.00,48067890830505
1981.0,2,0.00,54.0,56.0,56.0,41.0,55.0,1173,47.17,43761348084777
1982.0,3,0.00,56.0,58.0,58.0,42.0,58.0,1247,47.78,44287316063537
1987.0,0,,69.0,80.0,80.0,52.0,70.0,2333,188.41,87545744747192
1987.0,1,0.00,50.0,54.0,54.0,38.0,52.0,1088,47.91,48068162956054
1987.0,2,0.00,54.0,56.0,56.0,41.0,56.0,1184,47.26,43761616507385
1987.0,3,0.00,55.0,58.0,58.0,42.0,57.0,1247,47.88,44287588048767
1992.0,0,,68.0,80.0,82.0,52.0,70.0,2422,182.89,87546781729125
1993.0,1,0.00,50.0,54.0,54.0,38.0,52.0,1090,47.97,48068434969970
1993.0,2,0.00,54.0,56.0,56.0,41.0,56.0,1185,47.13,43761883714172
1993.0,3,0.00,56.0,58.0,58.0,42.0,57.0,1249,47.76,44287858863708
1998.0,0,,71.0,78.0,78.0,52.0,71.0,2337,188.93,87547852943176
1998.0,1,0.00,50.0,54.0,54.0,38.0,52.0,1079,48.03,48068707788391
1998.0,2,0.00,54.0,56.0,56.0,41.0,55.0,1164,47.00,43762150666076
1999.0,3,0.00,56.0,58.0,58.0,42.0,57.0,1248,47.64,44288129475646
2004.0,0,,69.0,80.0,80.0,52.0,70.0,2422,182.68,87548890590637
2004.0,1,0.00,50.0,54.0,54.0,38.0,52.0,1090,47.83,48068978956726
2004.0,2,0.00,54.0,56.0,56.0,41.0,56.0,1174,47.24,43762418518798
2004.0,3,0.00,55.0,58.0,58.0,42.0,57.0,1258,47.73,44288400606079
2009.0,0,73.87,66.0,82.0,82.0,50.0,68.0,2324,168.30,87549846554138
2010.0,1,0.00,50.0,54.0,54.0,38.0,52.0,1088,47.98,48069251455688
2010.0,2,0.00,54.0,56.0,56.0,41.0,56.0,1181,47.35,43762688410278
2010.0,3,0.00,56.0,58.0,58.0,42.0,57.0,1254,47.69,44288671950561
2015.0,0,0.00,64.0,82.0,82.0,48.0,66.0,2131,59.75,87550186548828
2015.0,1,0.00,50.0,54.0,54.0,38.0,52.0,1088,47.97,48069524397766
2015.0,2,0.00,54.0,56.0,56.0,41.0,56.0,1184,47.24,43762956236572
2016.0,3,0.00,56.0,58.0,58.0,42.0,57.0,1248,47.40,44288940725830
2021.0,0,0.00,63.0,82.0,82.0,48.0,65.0,1566,58.58,87550518675231
2021.0,1,0.00,50.0,54.0,54.0,38.0,52.0,1080,47.99,48069796473205
2021.0,2,0.00,54.0,56.0,56.0,41.0,56.0,1165,47.15,43763223565063
2021.0,3,0.00,55.0,58.0,58.0,42.0,58.0,1250,47.34,44289209144592
2026.0,0,,67.0,76.0,76.0,51.0,69.0,1503,174.13,87551505990661
2027.0,1,0.00,50.0,54.0,54.0,38.0,52.0,1090,47.89,48070068007446
2027.0,2,0.00,53.0,56.0,56.0,41.0,56.0,1174,47.23,43763491343627
2027.0,3,0.00,55.0,58.0,58.0,42.0,57.0,1248,47.82,44289480773132
2032.0,0,98.03,71.0,74.0,76.0,52.0,70.0,1873,179.59,87552524256042
2032.0,1,0.00,50.0,54.0,54.0,38.0,52.0,1079,47.92,48070340196044
2032.0,2,0.00,54.0,56.0,56.0,41.0,56.0,1185,46.97,43763758152954
2033.0,3,0.00,55.0,58.0,58.0,42.0,57.0,1248,47.68,44289751123352
2038.0,0,,69.0,78.0,78.0,52.0,70.0,2220,193.62,87553624021484
2038.0,1,0.00,50.0,54.0,54.0,38.0,52.0,1089,47.90,48070612294616
2038.0,2,0.00,53.0,56.0,56.0,41.0,56.0,1174,47.07,43764025534606
2038.0,3,0.00,55.0,58.0,58.0,42.0,57.0,1247,47.62,44290021629455
2044.0,0,,69.0,78.0,78.0,52.0,70.0,2441,188.06,87554692211853
2044.0,1,0.00,51.0,54.0,54.0,38.0,52.0,1088,47.79,48070883752563
2044.0,2,0.00,54.0,56.0,56.0,41.0,55.0,1183,47.15,43764293335571
2044.0,3,0.00,55.0,58.0,58.0,42.0,57.0,1236,47.80,44290293150146
2049.0,0,,69.0,78.0,78.0,52.0,70.0,2483,192.74,87555786965698
2049.0,1,0.00,50.0,54.0,54.0,38.0,52.0,1078,48.00,48071155928283
2050.0,2,0.00,54.0,56.0,56.0,41.0,56.0,1184,47.25,43764561694030
2050.0,3,0.00,55.0,58.0,58.0,42.0,57.0,1247,47.71,44290564127807
2055.0,0,,69.0,78.0,78.0,52.0,70.0,2493,192.47,87556880200378
2055.0,1,0.00,50.0,54.0,54.0,38.0,52.0,1089,48.00,48071429038757
2055.0,2,0.00,54.0,56.0,56.0,41.0,56.0,1173,47.06,43764829022521
2055.0,3,0.00,55.0,58.0,58.0,42.0,57.0,1247,47.77,44290835485839
2061.0,0,,68.0,78.0,78.0,52.0,70.0,2483,188.05,87557948339050
2061.0,1,0.00,50.0,54.0,54.0,38.0,52.0,1089,48.16,48071702086975
2061.0,2,0.00,54.0,56.0,56.0,41.0,56.0,1162,47.14,43765096796630
2061.0,3,0.00,55.0,58.0,58.0,42.0,57.0,1247,47.78,44291106893493
2066.0,0,,68.0,76.0,76.0,52.0,69.0,2463,197.14,87559068105590
2066.0,1,0.00,51.0,54.0,54.0,38.0,52.0,1089,47.78,48071973474243
2067.0,2,0.00,54.0,56.0,56.0,41.0,56.0,1184,47.21,43765364499084
2067.0,3,0.00,55.0,58.0,58.0,42.0,57.0,1247,47.85,44291378681945
2072.0,0,,69.0,78.0,78.0,52.0,70.0,2474,187.76,87560134583740
2072.0,1,0.00,51.0,54.0,54.0,38.0,52.0,1079,47.94,48072245787536
2072.0,2,0.00,54.0,56.0,56.0,41.0,56.0,1175,46.94,43765631108337
2072.0,3,0.00,55.0,58.0,58.0,42.0,57.0,1249,47.67,44291648956481
2078.0,0,,69.0,78.0,78.0,52.0,70.0,2473,190.51,87561214770996
2078.0,1,0.00,51.0,54.0,54.0,39.0,52.0,1089,48.10,48072518502441
2078.0,2,0.00,53.0,56.0,56.0,41.0,55.0,1184,47.18,43765898599914
2078.0,3,0.00,55.0,58.0,58.0,42.0,57.0,1248,47.88,44291920433410
2083.0,0,100.00,69.0,78.0,78.0,52.0,71.0,2478,195.17,87562321391662
2083.0,1,0.00,50.0,54.0,54.0,39.0,52.0,1080,48.08,48072791115112
2084.0,2,0.00,54.0,56.0,56.0,41.0,56.0,1185,47.06,43766165898925
2084.0,3,0.00,56.0,58.0,58.0,42.0,57.0,1249,47.76,44292191737854
2089.0,0,,69.0,80.0,80.0,52.0,70.0,2483,188.12,87563389914367
2089.0,1,0.00,50.0,54.0,54.0,39.0,52.0,1089,47.92,48073063302856
2089.0,2,0.00,54.0,56.0,56.0,41.0,56.0,1173,47.29,43766434039794
2089.0,3,0.00,55.0,58.0,58.0,42.0,57.0,1246,47.85,44292463519958
2095.0,0,,71.0,76.0,76.0,52.0,71.0,2442,192.09,87564480974975
2095.0,1,0.00,50.0,54.0,54.0,39.0,52.0,1089,48.02,48073336072021
2095.0,2,0.00,54.0,56.0,56.0,41.0,56.0,1174,47.03,43766701164978
2095.0,3,0.00,55.0,58.0,58.0,42.0,58.0,1259,47.83,44292734693481
2100.0,0,99.99,69.0,78.0,78.0,52.0,70.0,2463,193.32,87565579009277
2100.0,1,0.00,50.0,54.0,54.0,39.0,52.0,1089,48.09,48073609219665
2101.0,2,0.00,54.0,56.0,56.0,41.0,55.0,1184,47.18,43766969131225
2101.0,3,0.00,55.0,58.0,58.0,42.0,57.0,1237,47.88,44293006674194
2106.0,0,,69.0,80.0,80.0,52.0,70.0,2483,188.48,87566647692565
2106.0,1,0.00,50.0,54.0,54.0,39.0,52.0,1078,47.71,48073880210021
2106.0,2,0.00,54.0,56.0,56.0,41.0,56.0,1174,47.13,43767236848937
2106.0,3,0.00,56.0,58.0,58.0,42.0,57.0,1248,47.77,44293278016296
2112.0,0,100.00,69.0,78.0,78.0,52.0,70.0,2452,192.59,87567741595153
2112.0,1,0.00,50.0,54.0,54.0,39.0,52.0,1089,48.05,48074152665954
2112.0,2,0.00,53.0,56.0,56.0,41.0,56.0,1173,46.99,43767503307556
2112.0,3,0.00,56.0,58.0,58.0,42.0,58.0,1248,47.63,44293548561645
2117.0,0,,69.0,80.0,78.0,52.0,69.0,2483,192.54,87568835204528
2117.0,1,0.00,51.0,54.0,54.0,39.0,52.0,1089,48.07,48074425682128
2118.0,2,0.00,54.0,56.0,56.0,41.0,55.0,1184,47.06,43767770624938
2118.0,3,0.00,56.0,58.0,58.0,42.0,58.0,1246,47.79,44293819986572
2123.0,0,,69.0,80.0,80.0,52.0,70.0,2495,187.83,87569902058166
2123.0,1,0.00,50.0,54.0,54.0,39.0,52.0,1079,47.96,48074698102478
2123.0,2,0.00,54.0,56.0,56.0,41.0,56.0,1174,47.15,43768038409423
2123.0,3,0.00,56.0,58.0,58.0,43.0,57.0,1248,47.78,44294091364868
2129.0,0,,69.0,78.0,78.0,52.0,70.0,2421,194.22,87571003288208
2129.0,1,0.00,50.0,54.0,54.0,39.0,52.0,1089,47.84,48074969823181
2129.0,2,0.00,54.0,56.0,56.0,41.0,56.0,1174,47.11,43768306021850
2129.0,3,0.00,56.0,58.0,58.0,43.0,58.0,1259,47.89,44294362881164
2134.0,0,99.99,68.0,80.0,80.0,52.0,70.0,2475,190.53,87572085519958
2135.0,1,0.00,50.0,54.0,54.0,38.0,52.0,1089,48.06,48075242323242
2135.0,2,0.00,53.0,56.0,56.0,41.0,56.0,1184,47.08,43768572973266
2135.0,3,0.00,56.0,58.0,58.0,42.0,58.0,1238,47.83,44294634079772
2140.0,0,99.99,70.0,76.0,76.0,52.0,70.0,2485,190.77,87573169069458
2140.0,1,0.00,50.0,54.0,54.0,39.0,52.0,1079,48.09,48075515465759
2140.0,2,0.00,54.0,56.0,56.0,41.0,55.0,1163,47.16,43768840822204
2140.0,3,0.00,56.0,58.0,58.0,42.0,58.0,1248,47.86,44294905926147
2146.0,0,,69.0,78.0,78.0,52.0,70.0,2487,191.54,87574255074096
2146.0,1,0.00,50.0,54.0,54.0,39.0,52.0,1090,47.80,48075786496337
2146.0,2,0.00,53.0,56.0,56.0,41.0,56.0,1185,47.17,43769108270141
2146.0,3,0.00,56.0,58.0,58.0,42.0,58.0,1249,47.85,44295177257507
2151.0,0,99.99,69.0,80.0,80.0,51.0,70.0,2484,190.72,87575336482727
2152.0,1,0.00,50.0,54.0,54.0,39.0,52.0,1089,47.85,48076058277648
2152.0,2,0.00,54.0,56.0,56.0,41.0,56.0,1184,47.25,43769376634643
2152.0,3,0.00,56.0,58.0,58.0,43.0,58.0,1247,47.67,44295448044311
2157.0,0,,67.0,80.0,80.0,51.0,69.0,2400,183.20,87576377075866
2157.0,1,0.00,50.0,54.0,54.0,39.0,52.0,1079,48.08,48076330912597
2157.0,2,0.00,54.0,58.0,58.0,41.0,56.0,1174,47.14,43769643933044
2158.0,3,0.00,56.0,58.0,58.0,43.0,58.0,1247,47.73,44295719166564
2163.0,0,0.00,64.0,80.0,80.0,49.0,65.0,2292,60.19,87576718946594
2163.0,1,0.00,50.0,54.0,54.0,38.0,52.0,1088,47.89,48076602929687
2163.0,2,0.00,54.0,58.0,58.0,41.0,55.0,1162,47.19,43769912457397
2163.0,3,0.00,56.0,58.0,58.0,43.0,58.0,1258,47.38,44295988280395
2168.0,0,0.00,63.0,80.0,80.0,48.0,64.0,1596,58.47,87577051048034
2169.0,1,0.00,50.0,54.0,54.0,39.0,52.0,1089,47.66,48076873635925
2169.0,2,0.00,54.0,58.0,58.0,41.0,56.0,1185,47.28,43770180510864
2169.0,3,0.00,56.0,58.0,58.0,42.0,58.0,1239,47.44,44296257247802
2174.0,0,,66.0,74.0,76.0,50.0,68.0,1525,156.80,87577940092285
2174.0,1,0.00,50.0,54.0,54.0,39.0,52.0,1080,47.92,48077145315002
2174.0,2,0.00,53.0,58.0,58.0,41.0,56.0,1175,46.99,43770446968933
2175.0,3,0.00,55.0,58.0,58.0,42.0,58.0,1248,47.64,44296527354370
2180.0,0,100.00,67.0,76.0,76.0,51.0,69.0,1735,177.95,87578949048706
2180.0,1,0.00,50.0,54.0,54.0,38.0,52.0,1090,48.19,48077418571044
2180.0,2,0.00,53.0,58.0,58.0,41.0,55.0,1174,47.17,43770714422180
2180.0,3,0.00,55.0,58.0,58.0,42.0,57.0,1249,47.73,44296798466674
2185.0,0,,71.0,74.0,74.0,52.0,70.0,2094,199.12,87580080054199
2186.0,1,0.00,50.0,54.0,54.0,39.0,52.0,1079,48.02,48077691313842
2186.0,2,0.00,54.0,58.0,58.0,41.0,56.0,1184,47.26,43770982879760
2186.0,3,0.00,55.0,58.0,58.0,42.0,57.0,1238,47.72,44297069057006
2191.0,0,,69.0,78.0,78.0,52.0,71.0,2420,195.98,87581191238037
2191.0,1,0.00,50.0,54.0,54.0,38.0,52.0,1089,47.79,48077962742858
2191.0,2,0.00,54.0,58.0,58.0,41.0,56.0,1173,47.11,43771250454650
2192.0,3,0.00,55.0,58.0,58.0,42.0,57.0,1246,47.81,44297340636230
2197.0,0,,69.0,78.0,78.0,52.0,70.0,2472,196.57,87582307733764
2197.0,1,0.00,50.0,54.0,54.0,38.0,52.0,1088,48.05,48078235660095
2197.0,2,0.00,54.0,58.0,58.0,41.0,56.0,1183,46.99,43771517333129
2197.0,3,0.00,55.0,58.0,58.0,42.0,57.0,1257,47.69,44297612016296
2202.0,0,,71.0,76.0,76.0,52.0,70.0,2480,200.11,87583446377014
2203.0,1,0.00,50.0,54.0,54.0,38.0,52.0,1088,48.12,48078508992187
2203.0,2,0.00,53.0,58.0,58.0,41.0,56.0,1183,47.03,43771784931030
2203.0,3,0.00,55.0,58.0,58.0,42.0,57.0,1247,47.86,44297883855041
2208.0,0,,69.0,78.0,78.0,52.0,70.0,2747,198.60,87584574414794
2208.0,1,0.00,50.0,54.0,54.0,38.0,52.0,1089,47.70,48078779940856
2208.0,2,0.00,54.0,58.0,58.0,41.0,56.0,1184,47.23,43772053180175
2209.0,3,0.00,56.0,58.0,58.0,42.0,57.0,1258,47.84,44298155579040
2214.0,0,,69.0,78.0,78.0,52.0,70.0,2611,196.73,87585691850708
2214.0,1,0.00,50.0,54.0,54.0,39.0,52.0,1079,47.96,48079052338378
2214.0,2,0.00,54.0,58.0,58.0,41.0,56.0,1163,46.96,43772319427917
2214.0,3,0.00,56.0,58.0,58.0,42.0,58.0,1248,47.71,44298426111083
2220.0,0,,69.0,78.0,78.0,52.0,70.0,2494,197.90,87586815908142
2220.0,1,0.00,50.0,54.0,54.0,39.0,52.0,1089,48.11,48079325612854
2220.0,2,0.00,54.0,58.0,58.0,41.0,56.0,1184,47.08,43772586815612
2220.0,3,0.00,56.0,58.0,58.0,42.0,58.0,1247,47.83,44298697808715
2225.0,0,,69.0,76.0,76.0,52.0,70.0,2535,200.50,87587954767639
2225.0,1,0.00,50.0,54.0,54.0,39.0,52.0,1088,48.11,48079598864013
2226.0,2,0.00,54.0,58.0,58.0,41.0,56.0,1173,47.26,43772855224182
2226.0,3,0.00,56.0,58.0,58.0,43.0,58.0,1257,47.92,44298970016967
2231.0,0,,69.0,78.0,78.0,52.0,70.0,2589,197.12,87589074405700
2231.0,1,0.00,51.0,54.0,54.0,39.0,52.0,1089,47.81,48079870415466
2231.0,2,0.00,54.0,58.0,58.0,41.0,56.0,1162,47.17,43773123173400
2231.0,3,0.00,56.0,58.0,58.0,42.0,58.0,1247,47.84,44299241755493
2237.0,0,,71.0,76.0,76.0,52.0,70.0,2505,198.51,87590199940246
2237.0,1,0.00,50.0,54.0,54.0,39.0,52.0,1089,47.97,48080142857177
2237.0,2,0.00,54.0,58.0,58.0,41.0,56.0,1184,46.92,43773389706604
2237.0,3,0.00,56.0,58.0,58.0,42.0,58.0,1247,47.75,44299512996032
2242.0,0,,69.0,78.0,78.0,52.0,70.0,2484,198.48,87591327326293
2242.0,1,0.00,50.0,54.0,54.0,39.0,52.0,1079,48.13,48080416254394
2243.0,2,0.00,53.0,58.0,58.0,41.0,56.0,1184,47.09,43773657172302
2243.0,3,0.00,56.0,58.0,58.0,42.0,58.0,1247,47.87,44299784882263
2248.0,0,,69.0,78.0,78.0,52.0,70.0,2589,199.10,87592458190429
2248.0,1,0.00,51.0,54.0,54.0,39.0,52.0,1089,47.87,48080687671691
2248.0,2,0.00,54.0,58.0,58.0,41.0,56.0,1173,47.34,43773925617797
2248.0,3,0.00,56.0,58.0,58.0,42.0,58.0,1258,47.76,44300056187255
2254.0,0,99.98,69.0,80.0,80.0,52.0,70.0,2549,196.52,87593574435729
2254.0,1,0.00,50.0,54.0,54.0,38.0,52.0,1079,47.84,48080959416076
2254.0,2,0.00,54.0,58.0,58.0,41.0,56.0,1164,47.11,43774193198364
2254.0,3,0.00,56.0,58.0,58.0,42.0,58.0,1248,47.70,44300326634826
2259.0,0,,69.0,78.0,78.0,52.0,71.0,2494,199.02,87594702876037
2259.0,1,0.00,50.0,54.0,54.0,38.0,52.0,1088,48.10,48081232605041
2260.0,2,0.00,54.0,58.0,58.0,41.0,56.0,1182,47.07,43774460552124
2260.0,3,0.00,56.0,58.0,58.0,43.0,58.0,1246,47.80,44300598588806
2265.0,0,,69.0,78.0,78.0,52.0,70.0,2492,198.30,87595831200317
2265.0,1,0.00,50.0,54.0,54.0,39.0,52.0,1088,48.19,48081506345947
2265.0,2,0.00,54.0,58.0,58.0,42.0,56.0,1173,47.22,43774728748962
2265.0,3,0.00,56.0,58.0,58.0,42.0,58.0,1247,47.93,44300870844848
2271.0,0,,69.0,78.0,78.0,52.0,70.0,2694,198.40,87596958135986
2271.0,1,0.00,51.0,54.0,54.0,39.0,52.0,1088,47.82,48081777940551
2271.0,2,0.00,54.0,58.0,58.0,41.0,56.0,1173,47.25,43774997154724
2271.0,3,0.00,56.0,58.0,58.0,43.0,58.0,1258,47.91,44301142945495
2276.0,0,,69.0,76.0,76.0,52.0,71.0,2493,199.27,87598090009094
2276.0,1,0.00,50.0,54.0,54.0,39.0,52.0,1089,47.97,48082050400939
2277.0,2,0.00,54.0,58.0,58.0,41.0,56.0,1183,46.88,43775263450988
2277.0,3,0.00,56.0,58.0,58.0,43.0,58.0,1236,47.66,44301413648925
2282.0,0,,71.0,76.0,76.0,52.0,71.0,2482,199.17,87599221281250
2282.0,1,0.00,50.0,54.0,54.0,38.0,52.0,1088,48.12,48082323717956
2282.0,2,0.00,53.0,58.0,58.0,42.0,56.0,1162,47.05,43775531141235
2282.0,3,0.00,56.0,58.0,58.0,42.0,57.0,1256,47.98,44301686163757
2288.0,0,99.99,69.0,78.0,78.0,52.0,70.0,2630,198.35,87600347935668
2288.0,1,0.00,50.0,54.0,54.0,38.0,52.0,1088,47.74,48082595381164
2288.0,2,0.00,54.0,58.0,58.0,41.0,56.0,1183,47.21,43775799318237
2288.0,3,0.00,56.0,58.0,58.0,43.0,58.0,1257,47.92,44301958809692
2293.0,0,,69.0,80.0,78.0,52.0,70.0,2565,197.36,87601470904724
2294.0,1,0.00,50.0,54.0,54.0,39.0,52.0,1077,47.90,48082867477050
2294.0,2,0.00,54.0,58.0,58.0,41.0,56.0,1182,47.23,43776068063415
2294.0,3,0.00,56.0,58.0,58.0,43.0,58.0,1246,47.75,44302230032287
2299.0,0,,71.0,76.0,76.0,52.0,70.0,2492,200.09,87602607410827
2299.0,1,0.00,51.0,54.0,54.0,38.0,52.0,1088,48.08,48083141030883
2299.0,2,0.00,54.0,58.0,58.0,41.0,56.0,1174,47.00,43776335010559
2300.0,3,0.00,56.0,58.0,58.0,43.0,58.0,1247,47.85,44302501808288
2305.0,0,,69.0,78.0,78.0,52.0,70.0,2492,197.09,87603728835388
2305.0,1,0.00,51.0,54.0,54.0,38.0,52.0,1088,48.20,48083414781066
2305.0,2,0.00,54.0,58.0,58.0,42.0,56.0,1173,47.22,43776603203002
2305.0,3,0.00,56.0,58.0,58.0,43.0,58.0,1258,47.99,44302774405944
2310.0,0,,69.0,78.0,78.0,52.0,70.0,2664,199.44,87604859664855
2311.0,1,0.00,50.0,54.0,54.0,39.0,52.0,1089,47.83,48083686445495
2311.0,2,0.00,54.0,58.0,58.0,42.0,56.0,1184,47.25,43776871609069
2311.0,3,0.00,56.0,58.0,58.0,43.0,58.0,1247,47.93,44303046626770
2316.0,0,,70.0,76.0,76.0,52.0,70.0,2526,198.76,87605988628234
2316.0,1,0.00,51.0,54.0,54.0,39.0,52.0,1088,47.94,48083958716857
2316.0,2,0.00,53.0,58.0,58.0,42.0,56.0,1162,46.91,43777138083068
2317.0,3,0.00,56.0,58.0,58.0,43.0,58.0,1247,47.69,44303317508605
2322.0,0,,72.0,78.0,78.0,52.0,71.0,2491,197.75,87607113821166
2322.0,1,0.00,50.0,54.0,54.0,39.0,52.0,1089,48.11,48084231957946
2322.0,2,0.00,54.0,58.0,58.0,41.0,56.0,1184,47.04,43777405293457
2322.0,3,0.00,56.0,58.0,58.0,43.0,58.0,1258,47.93,44303589744079
2327.0,0,,69.0,78.0,78.0,52.0,71.0,2590,198.89,87608241506042
2328.0,1,0.00,51.0,54.0,54.0,39.0,52.0,1079,47.95,48084503842773
2328.0,2,0.00,54.0,58.0,58.0,42.0,56.0,1184,47.27,43777673329223
2328.0,3,0.00,56.0,58.0,58.0,43.0,58.0,1237,47.97,44303862226440
2333.0,0,,69.0,80.0,80.0,52.0,70.0,2506,194.36,87609345480895
2333.0,1,0.00,50.0,54.0,54.0,38.0,52.0,1089,47.82,48084775437377
2333.0,2,0.00,54.0,58.0,58.0,42.0,56.0,1173,47.31,43777942054077
2334.0,3,0.00,56.0,58.0,58.0,43.0,58.0,1247,47.59,44304132557006
2339.0,0,,68.0,80.0,80.0,51.0,70.0,2484,185.63,87610397982849
2339.0,1,0.00,50.0,54.0,54.0,39.0,52.0,1089,48.04,48085048292114
2339.0,2,0.00,53.0,58.0,58.0,41.0,55.0,1174,47.02,43778209128051
2339.0,3,0.00,56.0,58.0,58.0,43.0,58.0,1258,47.82,44304403693115
2344.0,0,0.00,64.0,80.0,80.0,48.0,66.0,2262,70.40,87610797849243
2345.0,1,0.00,50.0,54.0,54.0,39.0,52.0,1079,48.14,48085321270507
2345.0,2,0.00,53.0,58.0,58.0,41.0,56.0,1184,47.08,43778476564514
2345.0,3,0.00,56.0,58.0,58.0,43.0,58.0,1248,47.52,44304673633300
2350.0,0,0.00,63.0,80.0,80.0,48.0,64.0,1692,58.52,87611130252136
2350.0,1,0.00,51.0,54.0,54.0,39.0,52.0,1089,47.64,48085591862182
2350.0,2,0.00,53.0,58.0,58.0,41.0,56.0,1164,47.38,43778745215881
2351.0,3,0.00,56.0,58.0,58.0,43.0,58.0,1259,47.58,44304943435913
2356.0,0,,66.0,74.0,74.0,50.0,67.0,1503,132.03,87611878878601
2356.0,1,0.00,50.0,54.0,54.0,39.0,52.0,1080,47.85,48085863158813
2356.0,2,0.00,53.0,58.0,58.0,41.0,56.0,1164,47.02,43779011826538
2356.0,3,0.00,56.0,58.0,58.0,42.0,58.0,1249,47.44,44305212424377
2361.0,0,100.00,68.0,76.0,76.0,51.0,69.0,1671,177.92,87612887682861
2362.0,1,0.00,50.0,54.0,54.0,39.0,52.0,1089,48.05,48086136063476
2362.0,2,0.00,53.0,58.0,58.0,41.0,56.0,1184,47.01,43779278836059
2362.0,3,0.00,55.0,58.0,58.0,42.0,57.0,1247,47.69,44305483299133
2367.0,0,,71.0,74.0,74.0,52.0,70.0,2031,193.88,87613988895690
2367.0,1,0.00,50.0,54.0,54.0,38.0,52.0,1079,48.11,48086408854858
2367.0,2,0.00,53.0,58.0,58.0,41.0,56.0,1185,47.28,43779546938842
2368.0,3,0.00,55.0,58.0,58.0,42.0,57.0,1249,47.84,44305754573730
2373.0,0,,71.0,74.0,74.0,52.0,70.0,2508,200.14,87615123705383
2373.0,1,0.00,50.0,54.0,54.0,38.0,52.0,1090,47.73,48086679485351
2373.0,2,0.00,54.0,58.0,58.0,41.0,55.0,1165,47.34,43779815337402
2373.0,3,0.00,55.0,58.0,58.0,42.0,58.0,1260,47.63,44306024614135
2379.0,0,100.00,69.0,76.0,76.0,52.0,70.0,2738,199.10,87616252577819
2379.0,1,0.00,50.0,54.0,54.0,38.0,52.0,1089,47.76,48086950752380
2379.0,2,0.00,53.0,58.0,58.0,41.0,56.0,1184,47.00,43780082301147
2379.0,3,0.00,56.0,58.0,58.0,42.0,58.0,1236,47.66,44306295304870
2384.0,0,,70.0,78.0,78.0,52.0,70.0,2527,199.83,87617387622070
2384.0,1,0.00,50.0,54.0,54.0,38.0,52.0,1079,48.30,48087224617858
2385.0,2,0.00,54.0,58.0,58.0,41.0,56.0,1184,47.15,43780350116638
2385.0,3,0.00,56.0,58.0,58.0,43.0,58.0,1247,48.02,44306568054504
2390.0,0,,69.0,78.0,78.0,52.0,70.0,2494,199.94,87618523290649
2390.0,1,0.00,50.0,54.0,54.0,39.0,52.0,1089,48.03,48087497418518
2390.0,2,0.00,53.0,58.0,58.0,41.0,56.0,1163,47.39,43780618810546
2390.0,3,0.00,56.0,58.0,58.0,42.0,57.0,1248,48.01,44306840731689
2396.0,0,,69.0,76.0,78.0,52.0,70.0,2569,200.02,87619659431274
2396.0,1,0.00,50.0,54.0,54.0,39.0,52.0,1089,47.87,48087769312866
2396.0,2,0.00,53.0,58.0,58.0,41.0,56.0,1184,47.02,43780885893371
2396.0,3,0.00,56.0,58.0,58.0,42.0,58.0,1248,47.72,44307111298706
2401.0,0,,71.0,74.0,76.0,52.0,70.0,2771,200.25,87620794842529
2401.0,1,0.00,50.0,54.0,54.0,39.0,52.0,1079,48.05,48088041753479
2402.0,2,0.00,54.0,58.0,58.0,41.0,56.0,1185,46.98,43781152268676
2402.0,3,0.00,56.0,58.0,58.0,43.0,58.0,1248,47.63,44307381842346
2407.0,0,,69.0,76.0,76.0,52.0,70.0,2800,200.09,87621931347961
2407.0,1,0.00,50.0,54.0,54.0,38.0,52.0,1088,48.10,48088314984252
2407.0,2,0.00,53.0,58.0,58.0,41.0,56.0,1173,47.08,43781420140014
2407.0,3,0.00,56.0,58.0,58.0,43.0,57.0,1247,47.85,44307653603210
2413.0,0,100.00,69.0,78.0,78.0,52.0,70.0,2589,199.50,87623064503295
2413.0,1,0.00,51.0,54.0,54.0,38.0,52.0,1089,47.95,48088587340576
2413.0,2,0.00,54.0,58.0,58.0,41.0,55.0,1174,47.33,43781688502868
2413.0,3,0.00,56.0,58.0,58.0,42.0,58.0,1247,48.07,44307926617553
2418.0,0,99.99,69.0,78.0,78.0,52.0,70.0,2495,199.96,87624200249572
2418.0,1,0.00,50.0,54.0,54.0,39.0,52.0,1089,47.98,48088859848083
2419.0,2,0.00,53.0,58.0,58.0,41.0,56.0,1184,46.99,43781955431579
2419.0,3,0.00,56.0,58.0,58.0,43.0,58.0,1248,47.83,44308197820129
2424.0,0,,71.0,76.0,76.0,52.0,71.0,2483,200.56,87625339423400
2424.0,1,0.00,50.0,54.0,54.0,39.0,52.0,1078,48.21,48089133703308
2424.0,2,0.00,54.0,58.0,58.0,41.0,56.0,1173,47.14,43782223176757
2424.0,3,0.00,56.0,58.0,58.0,43.0,58.0,1247,47.92,44308470017639
2430.0,0,,71.0,76.0,76.0,52.0,70.0,2714,199.78,87626474188476
2430.0,1,0.00,50.0,54.0,54.0,39.0,52.0,1088,47.94,48089405996459
2430.0,2,0.00,53.0,58.0,58.0,41.0,55.0,1162,47.16,43782491062500
2430.0,3,0.00,56.0,58.0,58.0,43.0,58.0,1247,48.00,44308742645751
2435.0,0,,69.0,76.0,76.0,52.0,70.0,2802,200.16,87627609110473
2435.0,1,0.00,50.0,54.0,54.0,39.0,52.0,1089,47.85,48089677810974
2436.0,2,0.00,54.0,58.0,58.0,41.0,56.0,1184,47.28,43782759602050
2436.0,3,0.00,56.0,58.0,58.0,43.0,58.0,1248,47.69,44309013533020
2441.0,0,99.99,69.0,78.0,78.0,52.0,69.0,2567,199.79,87628743931213
2441.0,1,0.00,51.0,54.0,54.0,39.0,52.0,1088,48.04,48089950675720
2441.0,2,0.00,53.0,58.0,58.0,41.0,56.0,1173,47.07,43783026957214
2441.0,3,0.00,56.0,58.0,58.0,43.0,58.0,1247,47.78,44309284919433
2447.0,0,,69.0,78.0,78.0,52.0,70.0,2484,199.88,87629879233093
2447.0,1,0.00,50.0,54.0,54.0,38.0,52.0,1078,48.24,48090224215820
2447.0,2,0.00,54.0,58.0,58.0,41.0,56.0,1184,47.11,43783294563232
2447.0,3,0.00,56.0,58.0,58.0,43.0,58.0,1258,47.98,44309557466064
2452.0,0,,71.0,76.0,76.0,52.0,71.0,2492,199.92,87631016788452
2452.0,1,0.00,51.0,54.0,54.0,39.0,52.0,1088,47.83,48090496385803
2453.0,2,0.00,53.0,58.0,58.0,41.0,56.0,1183,47.31,43783563287109
2453.0,3,0.00,56.0,58.0,58.0,43.0,58.0,1247,48.05,44309830367736
2458.0,0,,69.0,76.0,76.0,52.0,70.0,2687,200.33,87632152666931
2458.0,1,0.00,51.0,54.0,54.0,38.0,52.0,1090,47.92,48090768097656
2458.0,2,0.00,54.0,58.0,58.0,41.0,56.0,1153,47.06,43783830142028
2458.0,3,0.00,56.0,58.0,58.0,43.0,58.0,1248,47.63,44310100880126
2464.0,0,,71.0,76.0,76.0,52.0,70.0,2800,200.08,87633289144531
2464.0,1,0.00,50.0,54.0,54.0,38.0,52.0,1078,48.03,48091040910705
2464.0,2,0.00,54.0,58.0,58.0,41.0,56.0,1184,47.04,43784097356079
2464.0,3,0.00,56.0,58.0,58.0,43.0,58.0,1258,47.87,44310372322998
2469.0,0,,69.0,76.0,76.0,52.0,70.0,2686,200.01,87634423183410
2470.0,1,0.00,51.0,54.0,54.0,38.0,52.0,1090,48.21,48091314269836
2470.0,2,0.00,54.0,58.0,58.0,41.0,56.0,1185,47.14,43784365131103
2470.0,3,0.00,56.0,58.0,58.0,43.0,57.0,1238,48.00,44310644961242
2475.0,0,100.00,69.0,78.0,78.0,52.0,70.0,2508,199.75,87635555780334
2475.0,1,0.00,50.0,54.0,54.0,39.0,52.0,1090,47.98,48091586810119
2475.0,2,0.00,54.0,56.0,56.0,41.0,56.0,1164,47.38,43784633776245
2475.0,3,0.00,56.0,58.0,58.0,43.0,58.0,1248,48.11,44310917764160
2481.0,0,,69.0,76.0,76.0,52.0,70.0,2494,200.18,87636692793029
2481.0,1,0.00,50.0,54.0,54.0,38.0,52.0,1078,48.05,48091859727539
2481.0,2,0.00,54.0,56.0,56.0,42.0,56.0,1183,47.12,43784901422912
2481.0,3,0.00,56.0,58.0,58.0,43.0,58.0,1258,47.87,44311189665161
2486.0,0,,71.0,74.0,76.0,52.0,70.0,2600,200.21,87637829968261
2487.0,1,0.00,51.0,54.0,54.0,39.0,52.0,1090,48.17,48092132861877
2487.0,2,0.00,53.0,56.0,56.0,41.0,56.0,1185,47.11,43785168526733
2487.0,3,0.00,56.0,58.0,58.0,43.0,58.0,1238,47.88,44311461143920
2492.0,0,99.99,71.0,76.0,76.0,52.0,70.0,2677,199.90,87638963385742
2492.0,1,0.00,50.0,54.0,54.0,39.0,52.0,1089,47.79,48092404330749
2492.0,2,0.00,53.0,56.0,56.0,41.0,56.0,1174,47.15,43785436311279
2493.0,3,0.00,56.0,58.0,58.0,43.0,58.0,1280,47.88,44311733101013
2498.0,0,,71.0,74.0,74.0,52.0,70.0,2601,200.19,87640100448669
2498.0,1,0.00,51.0,54.0,54.0,39.0,52.0,1079,47.97,48092676300354
2498.0,2,0.00,53.0,56.0,56.0,41.0,56.0,1185,47.07,43785703210998
2498.0,3,0.00,56.0,58.0,58.0,43.0,57.0,1280,47.81,44312004180358
2503.0,0,,70.0,78.0,78.0,52.0,70.0,2611,199.16,87641231698730
2504.0,1,0.00,50.0,54.0,54.0,39.0,52.0,1089,48.05,48092949229125
2504.0,2,0.00,53.0,56.0,56.0,41.0,56.0,1184,47.07,43785970581176
2504.0,3,0.00,56.0,58.0,58.0,43.0,58.0,1269,47.84,44312275931579
2509.0,0,,71.0,76.0,76.0,52.0,70.0,2492,200.56,87642370867126
2509.0,1,0.00,50.0,54.0,54.0,39.0,52.0,1089,48.25,48093223295837
2509.0,2,0.00,53.0,56.0,56.0,41.0,56.0,1172,47.19,43786239109130
2510.0,3,0.00,56.0,58.0,58.0,43.0,58.0,1256,48.05,44312549341796
2515.0,0,,70.0,78.0,78.0,52.0,71.0,2589,199.76,87643505522644
2515.0,1,0.00,51.0,54.0,54.0,39.0,52.0,1088,47.96,48093495715637
2515.0,2,0.00,54.0,56.0,56.0,41.0,55.0,1184,47.74,43786509799682
2515.0,3,0.00,56.0,58.0,58.0,43.0,58.0,1258,48.11,44312822106872
2520.0,0,,70.0,76.0,76.0,52.0,70.0,2706,200.46,87644642135253
2521.0,1,0.00,50.0,54.0,54.0,39.0,52.0,1079,47.98,48093768220031
2521.0,2,0.00,53.0,56.0,56.0,41.0,56.0,1184,47.08,43786777210205
2521.0,3,0.00,56.0,58.0,58.0,43.0,58.0,1247,47.80,44313093628784
2526.0,0,,70.0,76.0,76.0,52.0,71.0,2664,199.84,87645777204833
2526.0,1,0.00,50.0,54.0,54.0,39.0,52.0,1089,48.11,48094040979797
2526.0,2,0.00,54.0,56.0,56.0,41.0,56.0,1174,47.17,43787044687316
2527.0,3,0.00,56.0,58.0,58.0,43.0,58.0,1259,47.87,44313365041442
2532.0,0,,70.0,78.0,78.0,52.0,70.0,2601,199.75,87646909791076
2532.0,1,0.00,51.0,54.0,54.0,39.0,52.0,1079,47.95,48094313322937
2532.0,2,0.00,54.0,56.0,56.0,42.0,56.0,1185,47.11,43787312261047
2532.0,3,0.00,56.0,58.0,58.0,43.0,58.0,1248,48.02,44313637777832
2537.0,0,,69.0,78.0,78.0,52.0,70.0,2508,200.14,87648044594543
2538.0,1,0.00,51.0,54.0,54.0,39.0,52.0,1090,47.96,48094585258117
2538.0,2,0.00,54.0,56.0,56.0,42.0,56.0,1186,47.36,43787580799255
2538.0,3,0.00,56.0,58.0,58.0,43.0,58.0,1270,47.92,44313909477172
2543.0,0,,70.0,78.0,78.0,52.0,71.0,2549,199.78,87649179338378
2543.0,1,0.00,51.0,54.0,54.0,39.0,52.0,1089,48.01,48094857498657
2543.0,2,0.00,53.0,56.0,56.0,41.0,56.0,1163,47.05,43787848053588
2544.0,3,0.00,56.0,58.0,58.0,43.0,58.0,1279,47.71,44314180463562
2549.0,0,100.00,71.0,76.0,76.0,52.0,71.0,2645,200.13,87650314060974
2549.0,1,0.00,50.0,54.0,54.0,38.0,52.0,1079,48.17,48095130626586
2549.0,2,0.00,54.0,56.0,56.0,42.0,56.0,1186,47.23,43788115366821
2549.0,3,0.00,56.0,58.0,58.0,43.0,58.0,1271,48.00,44314452634887
2554.0,0,,71.0,74.0,74.0,52.0,71.0,2624,200.57,87651451278015
2555.0,1,0.00,50.0,54.0,54.0,39.0,52.0,1090,47.92,48095402831298
2555.0,2,0.00,54.0,56.0,56.0,41.0,56.0,1174,47.23,43788383618591
2555.0,3,0.00,56.0,58.0,58.0,43.0,58.0,1268,48.17,44314725768859
2560.0,0,,71.0,76.0,76.0,52.0,70.0,2725,199.68,87652585480163
2560.0,1,0.00,50.0,54.0,54.0,38.0,52.0,1078,47.97,48095675321289
2560.0,2,0.00,54.0,56.0,56.0,42.0,56.0,1173,47.03,43788650724304
2561.0,3,0.00,56.0,58.0,58.0,43.0,58.0,1269,47.73,44314996891235
2566.0,0,,70.0,78.0,78.0,52.0,70.0,2558,199.53,87653718796813
2566.0,1,0.00,50.0,54.0,54.0,38.0,52.0,1089,48.17,48095948419189
2566.0,2,0.00,54.0,56.0,56.0,41.0,55.0,1173,47.16,43788918595214
2566.0,3,0.00,56.0,58.0,58.0,43.0,58.0,1247,47.91,44315269005432
2572.0,0,,71.0,74.0,74.0,52.0,70.0,2526,200.59,87654858166381
2572.0,1,0.00,50.0,54.0,54.0,39.0,52.0,1089,48.21,48096222276306
2572.0,2,0.00,54.0,56.0,56.0,41.0,56.0,1185,47.20,43789186197875
2572.0,3,0.00,56.0,58.0,58.0,43.0,58.0,1248,47.95,44315541375244
2577.0,0,,70.0,76.0,76.0,52.0,71.0,2655,199.96,87655991936706
2577.0,1,0.00,50.0,54.0,54.0,39.0,52.0,1090,47.91,48096494379577
2578.0,2,0.00,53.0,58.0,58.0,42.0,56.0,1184,47.24,43789454503051
2578.0,3,0.00,56.0,58.0,58.0,43.0,58.0,1270,48.06,44315813877197
2583.0,0,,70.0,76.0,76.0,52.0,70.0,2590,199.89,87657127325927
2583.0,1,0.00,51.0,54.0,54.0,39.0,52.0,1079,48.04,48096766755126
2583.0,2,0.00,54.0,58.0,58.0,41.0,56.0,1174,47.07,43789721389648
2583.0,3,0.00,56.0,58.0,58.0,43.0,58.0,1280,47.79,44316084870178
2589.0,0,,70.0,76.0,74.0,52.0,70.0,2559,200.30,87658263024169
2589.0,1,0.00,50.0,54.0,54.0,39.0,52.0,1089,48.10,48097039936401
2589.0,2,0.00,54.0,58.0,58.0,41.0,56.0,1164,47.12,43789989014953
2589.0,3,0.00,56.0,58.0,58.0,43.0,58.0,1269,47.91,44316357024353
2594.0,0,99.99,70.0,78.0,78.0,52.0,70.0,2686,199.05,87659393634155
2594.0,1,0.00,51.0,54.0,54.0,39.0,52.0,1079,47.96,48097311867553
2595.0,2,0.00,53.0,58.0,58.0,41.0,56.0,1185,47.22,43790256780151
2595.0,3,0.00,56.0,58.0,58.0,43.0,58.0,1270,48.04,44316629426452
2600.0,0,100.00,69.0,78.0,78.0,52.0,70.0,2507,196.42,87660507360412
2600.0,1,0.00,50.0,54.0,54.0,39.0,52.0,1090,48.10,48097584572814
2600.0,2,0.00,53.0,58.0,58.0,41.0,56.0,1174,47.15,43790524115478
2600.0,3,0.00,56.0,58.0,58.0,43.0,58.0,1259,47.84,44316901145751
2606.0,0,,68.0,80.0,80.0,51.0,70.0,2496,191.01,87661592271179
2606.0,1,0.00,50.0,54.0,54.0,39.0,52.0,1079,47.99,48097857141357
2606.0,2,0.00,54.0,58.0,58.0,41.0,56.0,1185,47.06,43790791413513
2606.0,3,0.00,56.0,58.0,58.0,43.0,58.0,1269,47.86,44317172536560
2611.0,0,0.00,64.0,80.0,80.0,49.0,66.0,2336,95.00,87662130905212
2611.0,1,0.00,50.0,54.0,54.0,39.0,52.0,1090,48.05,48098129611450
2612.0,2,0.00,54.0,58.0,58.0,41.0,56.0,1186,47.26,43791059402648
2612.0,3,0.00,56.0,58.0,58.0,43.0,58.0,1281,47.63,44317442620605
2617.0,0,0.00,63.0,80.0,80.0,48.0,65.0,1685,58.59,87662463124572
2617.0,1,0.00,51.0,54.0,54.0,39.0,52.0,1081,47.68,48098399940124
2617.0,2,0.00,54.0,58.0,58.0,42.0,56.0,1165,47.22,43791327162597
2617.0,3,0.00,56.0,58.0,58.0,43.0,58.0,1270,47.56,44317712300964
2623.0,0,79.89,65.0,74.0,72.0,49.0,67.0,1533,93.40,87662992726196
2623.0,1,0.00,50.0,54.0,54.0,39.0,52.0,1089,47.76,48098670716369
2623.0,2,0.00,54.0,58.0,58.0,41.0,56.0,1184,47.02,43791593791137
2623.0,3,0.00,56.0,58.0,58.0,43.0,58.0,1239,47.37,44317980884094
2628.0,0,,67.0,76.0,76.0,50.0,68.0,1535,177.27,87663997872253
2628.0,1,0.00,50.0,54.0,54.0,39.0,52.0,1080,48.01,48098942953186
2629.0,2,0.00,54.0,58.0,58.0,41.0,56.0,1185,47.07,43791861152648
2629.0,3,0.00,56.0,58.0,58.0,42.0,58.0,1247,47.68,44318251722534
2634.0,0,,70.0,74.0,74.0,52.0,70.0,1851,187.32,87665059988586
2634.0,1,0.00,51.0,54.0,54.0,39.0,52.0,1090,48.13,48099215865539
2634.0,2,0.00,53.0,58.0,58.0,41.0,56.0,1176,47.33,43792129015869
2634.0,3,0.00,56.0,58.0,58.0,42.0,57.0,1250,47.91,44318522908203
2640.0,0,,71.0,74.0,74.0,52.0,71.0,2351,200.02,87666194080383
2640.0,1,0.00,50.0,54.0,54.0,39.0,52.0,1080,47.85,48099487149475
2640.0,2,0.00,53.0,58.0,58.0,41.0,56.0,1186,47.24,43792396890197
2640.0,3,0.00,56.0,58.0,58.0,42.0,57.0,1238,47.44,44318792354919
2645.0,0,,71.0,72.0,72.0,52.0,70.0,2749,199.81,87667329025512
2645.0,1,0.00,50.0,54.0,54.0,38.0,52.0,1089,47.89,48099759186340
2646.0,2,0.00,54.0,58.0,58.0,41.0,56.0,1184,47.10,43792664439514
2646.0,3,0.00,56.0,58.0,58.0,43.0,58.0,1248,47.53,44319061837280
2651.0,0,,70.0,74.0,74.0,51.0,70.0,2800,198.18,87668454659973
2651.0,1,0.00,50.0,54.0,54.0,39.0,52.0,1089,47.97,48100031652526
2651.0,2,0.00,53.0,58.0,58.0,41.0,56.0,1163,47.10,43792931953491
2651.0,3,0.00,56.0,58.0,58.0,43.0,58.0,1247,47.57,44319332039611
2657.0,0,,70.0,76.0,76.0,51.0,70.0,2634,200.11,87669589298339
2657.0,1,0.00,50.0,54.0,54.0,39.0,51.0,1079,47.92,48100303386108
2657.0,2,0.00,54.0,58.0,58.0,41.0,56.0,1164,47.15,43793199311706
2657.0,3,0.00,56.0,58.0,58.0,43.0,58.0,1250,47.99,44319604144470
2662.0,0,,70.0,76.0,76.0,52.0,70.0,2488,199.97,87670723146118
2662.0,1,0.00,50.0,54.0,54.0,39.0,52.0,1090,47.92,48100575111633
2663.0,2,0.00,54.0,58.0,58.0,41.0,56.0,1185,46.90,43793465207702
2663.0,3,0.00,56.0,58.0,58.0,43.0,58.0,1248,47.64,44319874720275
2668.0,0,,70.0,76.0,76.0,52.0,70.0,2495,200.27,87671858684387
2668.0,1,0.00,50.0,54.0,54.0,38.0,52.0,1079,47.99,48100847688476
2668.0,2,0.00,54.0,58.0,58.0,41.0,56.0,1174,47.04,43793732413940
2668.0,3,0.00,56.0,58.0,58.0,42.0,58.0,1247,47.87,44320146148864
2674.0,0,,70.0,76.0,76.0,52.0,70.0,2485,199.75,87672993256042
2674.0,1,0.00,50.0,54.0,54.0,39.0,52.0,1089,48.20,48101121000122
2674.0,2,0.00,54.0,58.0,58.0,41.0,56.0,1174,47.17,43793999849975
2674.0,3,0.00,56.0,58.0,58.0,43.0,58.0,1248,47.85,44320417931274
2679.0,0,100.00,70.0,76.0,76.0,52.0,70.0,2603,200.08,87674127713867
2679.0,1,0.00,50.0,54.0,54.0,39.0,52.0,1079,47.90,48101393082580
2680.0,2,0.00,54.0,58.0,58.0,41.0,56.0,1185,47.10,43794267379577
2680.0,3,0.00,56.0,58.0,58.0,42.0,58.0,1249,48.07,44320690463623
2685.0,0,,70.0,74.0,74.0,52.0,71.0,2779,200.91,87675268861877
2685.0,1,0.00,50.0,54.0,54.0,39.0,52.0,1089,47.99,48101665179626
2685.0,2,0.00,54.0,58.0,58.0,41.0,56.0,1163,46.98,43794534221374
2685.0,3,0.00,56.0,58.0,58.0,43.0,58.0,1248,47.74,44320961631103
2691.0,0,100.00,71.0,74.0,74.0,52.0,70.0,2802,198.82,87676398163391
2691.0,1,0.00,50.0,54.0,54.0,39.0,52.0,1089,48.01,48101937887268
2691.0,2,0.00,54.0,58.0,58.0,41.0,56.0,1185,47.19,43794801779357
2691.0,3,0.00,56.0,58.0,58.0,43.0,58.0,1259,47.84,44321232879699
2696.0,0,,69.0,74.0,74.0,51.0,70.0,2716,199.86,87677533358642
2697.0,1,0.00,50.0,54.0,54.0,39.0,52.0,1078,47.88,48102209846496
2697.0,2,0.00,53.0,58.0,58.0,41.0,56.0,1162,47.21,43795069912231
2697.0,3,0.00,56.0,58.0,58.0,43.0,58.0,1247,48.06,44321505832763
2702.0,0,,70.0,72.0,72.0,51.0,70.0,2727,201.35,87678675035949
2702.0,1,0.00,50.0,54.0,54.0,39.0,52.0,1089,47.92,48102482044982
2702.0,2,0.00,53.0,58.0,58.0,41.0,56.0,1164,47.15,43795337708435
2702.0,3,0.00,56.0,58.0,58.0,43.0,58.0,1259,47.62,44321776302856
2708.0,0,,70.0,74.0,74.0,51.0,70.0,2759,199.81,87679809961791
2708.0,1,0.00,51.0,54.0,54.0,39.0,52.0,1089,47.94,48102753853454
2708.0,2,0.00,54.0,58.0,58.0,42.0,56.0,1184,47.01,43795604716247
2708.0,3,0.00,56.0,58.0,58.0,43.0,58.0,1257,47.72,44322047362304
2713.0,0,,70.0,74.0,74.0,51.0,70.0,2526,198.62,87680938148132
2714.0,1,0.00,50.0,54.0,54.0,39.0,52.0,1079,48.00,48103026520751
2714.0,2,0.00,53.0,58.0,58.0,41.0,56.0,1185,47.16,43795872122741
2714.0,3,0.00,56.0,58.0,58.0,43.0,58.0,1238,47.81,44322318469177
2719.0,0,,70.0,76.0,76.0,52.0,70.0,2486,200.07,87682072538146
2719.0,1,0.00,50.0,54.0,54.0,38.0,52.0,1089,47.99,48103298603820
2719.0,2,0.00,54.0,58.0,58.0,41.0,56.0,1174,47.12,43796139765930
2720.0,3,0.00,56.0,58.0,58.0,43.0,58.0,1248,48.00,44322591124084
2725.0,0,,70.0,76.0,76.0,51.0,69.0,2483,199.97,87683208355651
2725.0,1,0.00,50.0,54.0,54.0,39.0,52.0,1089,47.94,48103570907714
2725.0,2,0.00,54.0,58.0,58.0,41.0,56.0,1174,47.53,43796409255737
2725.0,3,0.00,56.0,58.0,58.0,43.0,58.0,1259,47.86,44322862474975
2730.0,0,,70.0,76.0,76.0,51.0,70.0,2486,200.07,87684342777587
2731.0,1,0.00,50.0,54.0,54.0,38.0,52.0,1079,48.10,48103843637634
2731.0,2,0.00,53.0,58.0,58.0,41.0,56.0,1185,47.12,43796676397827
2731.0,3,0.00,56.0,58.0,58.0,43.0,58.0,1237,47.84,44323134214904
2736.0,0,,70.0,76.0,76.0,52.0,70.0,2547,200.00,87685478787780
2736.0,1,0.00,50.0,54.0,54.0,39.0,52.0,1089,48.12,48104116955627
2736.0,2,0.00,54.0,58.0,58.0,41.0,56.0,1174,47.24,43796944721313
2737.0,3,0.00,56.0,58.0,58.0,43.0,58.0,1248,47.91,44323406363647
2742.0,0,,70.0,74.0,74.0,52.0,70.0,2771,201.11,87686621080566
2742.0,1,0.00,50.0,54.0,54.0,39.0,52.0,1089,47.94,48104389282531
2742.0,2,0.00,53.0,58.0,58.0,41.0,56.0,1173,47.14,43797212449035
2742.0,3,0.00,56.0,58.0,58.0,43.0,58.0,1259,48.03,44323678693298
2747.0,0,,70.0,74.0,74.0,52.0,70.0,2802,200.10,87687755647521
2748.0,1,0.00,50.0,54.0,54.0,39.0,52.0,1079,47.91,48104660950256
2748.0,2,0.00,54.0,58.0,58.0,41.0,56.0,1184,46.90,43797478813110
2748.0,3,0.00,56.0,58.0,58.0,43.0,58.0,1248,47.68,44323949535644
2753.0,0,,69.0,74.0,74.0,51.0,69.0,2800,198.72,87688884356384
2753.0,1,0.00,50.0,54.0,54.0,38.0,52.0,1089,48.03,48104933757873
2753.0,2,0.00,54.0,58.0,58.0,42.0,56.0,1163,47.12,43797746473022
2754.0,3,0.00,56.0,58.0,58.0,43.0,58.0,1247,47.80,44324221021179
2759.0,0,,70.0,74.0,74.0,52.0,70.0,2568,199.82,87690019314331
2759.0,1,0.00,51.0,54.0,54.0,38.0,52.0,1088,47.88,48105205727233
2759.0,2,0.00,54.0,58.0,58.0,41.0,56.0,1183,47.20,43798014591674
2759.0,3,0.00,56.0,58.0,58.0,43.0,58.0,1278,47.88,44324492961547
2764.0,0,,69.0,74.0,74.0,51.0,69.0,2565,199.99,87691157247741
2765.0,1,0.00,51.0,54.0,54.0,39.0,52.0,1088,47.98,48105478715026
2765.0,2,0.00,54.0,58.0,58.0,42.0,56.0,1184,46.94,43798281192199
2765.0,3,0.00,56.0,58.0,58.0,43.0,58.0,1269,47.79,44324764416259
2770.0,0,,70.0,72.0,72.0,52.0,70.0,2719,200.73,87692295391540
2770.0,1,0.00,50.0,54.0,54.0,39.0,52.0,1079,48.06,48105751234375
2770.0,2,0.00,53.0,58.0,58.0,42.0,56.0,1174,47.11,43798548308776
2771.0,3,0.00,56.0,58.0,58.0,43.0,58.0,1270,47.88,44325035885559
2776.0,0,,70.0,74.0,74.0,52.0,70.0,2615,198.99,87693423687561
2776.0,1,0.00,51.0,54.0,54.0,39.0,52.0,1091,48.09,48106023919067
2776.0,2,0.00,53.0,58.0,58.0,41.0,56.0,1176,47.14,43798815614990
2776.0,3,0.00,56.0,58.0,58.0,43.0,58.0,1281,47.90,44325307477355
2782.0,0,,70.0,76.0,76.0,52.0,70.0,2497,200.03,87694557830871
2782.0,1,0.00,51.0,54.0,54.0,38.0,52.0,1079,47.95,48106295779418
2782.0,2,0.00,53.0,58.0,58.0,41.0,56.0,1184,47.23,43799083403686
2782.0,3,0.00,56.0,58.0,58.0,43.0,58.0,1269,48.11,44325580255065
2787.0,0,,70.0,76.0,76.0,52.0,70.0,2492,200.16,87695694735046
2787.0,1,0.00,50.0,54.0,54.0,39.0,52.0,1088,47.93,48106568504089
2787.0,2,0.00,54.0,58.0,58.0,41.0,56.0,1172,46.88,43799350139343
2788.0,3,0.00,56.0,58.0,58.0,43.0,58.0,1277,47.76,44325852001892
2793.0,0,,70.0,76.0,76.0,52.0,70.0,2536,200.01,87696830774963
2793.0,1,0.00,51.0,54.0,54.0,39.0,52.0,1089,48.02,48106841231506
2793.0,2,0.00,53.0,58.0,58.0,42.0,56.0,1163,47.09,43799617619140
2793.0,3,0.00,56.0,58.0,58.0,43.0,58.0,1280,47.87,44326123883789
2799.0,0,,71.0,74.0,74.0,52.0,70.0,2621,200.97,87697972299072
2799.0,1,0.00,50.0,54.0,54.0,39.0,52.0,1089,48.02,48107113492431
2799.0,2,0.00,54.0,58.0,58.0,41.0,56.0,1184,47.31,43799885849426
2799.0,3,0.00,56.0,58.0,58.0,43.0,58.0,1247,47.92,44326396079772
2804.0,0,,71.0,74.0,74.0,52.0,70.0,2791,199.87,87699107551391
2804.0,1,0.00,50.0,54.0,54.0,39.0,52.0,1079,47.95,48107385873229
2805.0,2,0.00,54.0,58.0,58.0,41.0,56.0,1184,47.21,43800154030212
2805.0,3,0.00,56.0,58.0,58.0,43.0,58.0,1247,47.91,44326667715576
2810.0,0,,70.0,74.0,74.0,52.0,70.0,2759,200.12,87700242258972
2810.0,1,0.00,51.0,54.0,54.0,39.0,52.0,1089,47.99,48107658430725
2810.0,2,0.00,54.0,58.0,58.0,41.0,56.0,1173,46.95,43800420696411
2810.0,3,0.00,56.0,58.0,58.0,43.0,58.0,1247,47.85,44326939498352
2816.0,0,,71.0,72.0,72.0,52.0,70.0,2547,200.04,87701378479248
2816.0,1,0.00,50.0,54.0,54.0,39.0,52.0,1089,48.15,48107931427612
2816.0,2,0.00,54.0,58.0,58.0,42.0,56.0,1174,47.23,43800688504150
2816.0,3,0.00,56.0,58.0,58.0,43.0,58.0,1269,47.92,44327211669738
2821.0,0,,69.0,74.0,74.0,52.0,70.0,2726,199.00,87702508821960
2821.0,1,0.00,50.0,54.0,54.0,39.0,52.0,1088,47.86,48108203288391
2822.0,2,0.00,53.0,58.0,58.0,42.0,56.0,1183,47.20,43800957054504
2822.0,3,0.00,56.0,58.0,58.0,43.0,58.0,1246,47.87,44327483594848
2827.0,0,,69.0,74.0,74.0,51.0,70.0,2641,200.39,87703647023132
2827.0,1,0.00,50.0,54.0,54.0,39.0,52.0,1078,48.05,48108476239379
2827.0,2,0.00,54.0,58.0,58.0,41.0,55.0,1152,46.91,43801223519775
2827.0,3,0.00,56.0,58.0,58.0,43.0,58.0,1268,47.85,44327755383789
2833.0,0,,69.0,74.0,74.0,51.0,70.0,2611,199.95,87704782761779
2833.0,1,0.00,50.0,54.0,54.0,39.0,52.0,1089,47.99,48108748850524
2833.0,2,0.00,54.0,58.0,58.0,41.0,56.0,1184,47.04,43801490235900
2833.0,3,0.00,56.0,58.0,58.0,43.0,58.0,1268,47.79,44328026836181
2838.0,0,99.99,70.0,76.0,76.0,52.0,70.0,2495,199.30,87705914797668
2838.0,1,0.00,50.0,54.0,54.0,39.0,52.0,1089,47.84,48109020555847
2839.0,2,0.00,53.0,58.0,58.0,41.0,56.0,1184,47.15,43801758036743
2839.0,3,0.00,56.0,58.0,58.0,43.0,58.0,1280,47.88,44328298819824
2844.0,0,,70.0,76.0,76.0,52.0,70.0,2482,200.01,87707050869140
2844.0,1,0.00,50.0,54.0,54.0,39.0,52.0,1089,48.01,48109293242431
2844.0,2,0.00,54.0,58.0,58.0,41.0,56.0,1173,47.24,43802026333801
2844.0,3,0.00,56.0,58.0,58.0,43.0,58.0,1279,47.88,44328570303039
2850.0,0,,70.0,76.0,76.0,52.0,71.0,2485,200.14,87708185655090
2850.0,1,0.00,50.0,54.0,54.0,39.0,52.0,1079,48.06,48109565754638
2850.0,2,0.00,54.0,58.0,58.0,42.0,56.0,1185,46.92,43802292811401
2850.0,3,0.00,56.0,58.0,58.0,43.0,58.0,1269,47.89,44328842295471
2855.0,0,,71.0,74.0,74.0,52.0,71.0,2644,200.75,87709325910766
2855.0,1,0.00,50.0,54.0,54.0,39.0,52.0,1090,48.03,48109838585632
2856.0,2,0.00,54.0,58.0,58.0,41.0,56.0,1185,47.68,43802563153991
2856.0,3,0.00,56.0,58.0,58.0,43.0,58.0,1249,47.85,44329113613647
2861.0,0,,71.0,74.0,74.0,52.0,70.0,2791,199.87,87710459154479
2861.0,1,0.00,51.0,54.0,54.0,39.0,52.0,1079,47.92,48110110265808
2861.0,2,0.00,54.0,58.0,58.0,42.0,56.0,1164,47.31,43802831425415
2861.0,3,0.00,56.0,58.0,58.0,43.0,58.0,1270,47.87,44329385504516
2867.0,0,,69.0,74.0,74.0,51.0,70.0,2804,198.57,87711587018676
2867.0,1,0.00,51.0,54.0,54.0,39.0,52.0,1090,47.83,48110381930419
2867.0,2,0.00,53.0,58.0,58.0,41.0,56.0,1184,46.91,43803097869262
2867.0,3,0.00,56.0,58.0,58.0,43.0,58.0,1247,47.74,44329656164489
2872.0,0,,70.0,74.0,74.0,52.0,70.0,2598,201.36,87712730756530
2873.0,1,0.00,51.0,54.0,54.0,39.0,52.0,1088,48.09,48110655098999
2873.0,2,0.00,53.0,58.0,58.0,42.0,56.0,1183,47.07,43803365218322
2873.0,3,0.00,56.0,58.0,58.0,43.0,58.0,1268,47.90,44329928228332
2878.0,0,,71.0,74.0,74.0,52.0,70.0,2550,199.46,87713861722351
2878.0,1,0.00,50.0,54.0,54.0,38.0,52.0,1089,48.10,48110927848022
2878.0,2,0.00,54.0,58.0,58.0,41.0,56.0,1174,47.22,43803633442687
2878.0,3,0.00,56.0,58.0,58.0,43.0,58.0,1279,47.91,44330200334167
2884.0,0,,69.0,74.0,74.0,51.0,70.0,2768,199.75,87714996329223
2884.0,1,0.00,51.0,54.0,54.0,39.0,52.0,1079,47.97,48111200292724
2884.0,2,0.00,54.0,58.0,58.0,42.0,56.0,1175,47.25,43803901342163
2884.0,3,0.00,56.0,58.0,58.0,43.0,58.0,1281,48.04,44330472716247
2889.0,0,,70.0,74.0,74.0,51.0,70.0,2689,200.25,87716131766296
2890.0,1,0.00,50.0,54.0,54.0,39.0,52.0,1090,48.05,48111472741271
2890.0,2,0.00,54.0,58.0,58.0,42.0,56.0,1185,46.96,43804167608398
2890.0,3,0.00,56.0,58.0,58.0,43.0,58.0,1269,47.89,44330744243408
2895.0,0,,69.0,76.0,76.0,51.0,70.0,2506,198.71,87717260429016
2895.0,1,0.00,50.0,54.0,54.0,39.0,52.0,1079,48.14,48111745686401
2895.0,2,0.00,54.0,58.0,58.0,41.0,56.0,1174,47.01,43804434629577
2896.0,3,0.00,56.0,58.0,58.0,43.0,58.0,1280,47.92,44331016430480
2901.0,0,99.99,70.0,76.0,76.0,52.0,70.0,2483,200.19,87718395497314
2901.0,1,0.00,50.0,54.0,54.0,39.0,52.0,1089,47.85,48112017934387
2901.0,2,0.00,54.0,58.0,58.0,41.0,56.0,1184,47.23,43804702887817
2901.0,3,0.00,56.0,58.0,58.0,43.0,58.0,1278,47.95,44331288802185
2906.0,0,,70.0,76.0,76.0,52.0,70.0,2514,200.24,87719532882995
2907.0,1,0.00,51.0,54.0,54.0,39.0,52.0,1088,47.99,48112290500488
2907.0,2,0.00,54.0,58.0,58.0,42.0,56.0,1184,47.26,43804971298278
2907.0,3,0.00,56.0,58.0,58.0,43.0,58.0,1237,47.74,44331559945983
2912.0,0,,70.0,76.0,76.0,52.0,70.0,2620,199.94,87720668515014
2912.0,1,0.00,50.0,54.0,54.0,39.0,52.0,1088,48.02,48112563277526
2912.0,2,0.00,53.0,58.0,58.0,41.0,56.0,1162,47.01,43805238322631
2913.0,3,0.00,56.0,58.0,58.0,43.0,58.0,1258,47.89,44331831950012
2918.0,0,,69.0,74.0,74.0,52.0,70.0,2781,200.81,87721809124267
2918.0,1,0.00,51.0,54.0,54.0,39.0,52.0,1079,48.08,48112835873229
2918.0,2,0.00,54.0,58.0,58.0,41.0,56.0,1175,47.06,43805505143676
2918.0,3,0.00,56.0,58.0,58.0,43.0,58.0,1249,47.89,44332103484130
2923.0,0,,69.0,74.0,74.0,51.0,69.0,2802,198.94,87722939100524
2924.0,1,0.00,50.0,54.0,54.0,39.0,52.0,1089,47.93,48113108139404
2924.0,2,0.00,54.0,58.0,58.0,42.0,56.0,1184,47.28,43805773690917
2924.0,3,0.00,56.0,58.0,58.0,43.0,58.0,1268,47.93,44332375734436
2929.0,0,,70.0,74.0,74.0,52.0,70.0,2557,201.20,87724079888671
2929.0,1,0.00,50.0,54.0,54.0,38.0,52.0,1088,48.06,48113381147644
2929.0,2,0.00,54.0,58.0,58.0,42.0,56.0,1173,47.07,43806041049255
2930.0,3,0.00,56.0,58.0,58.0,43.0,58.0,1278,47.85,44332647536132
2935.0,0,,70.0,74.0,74.0,52.0,70.0,2623,199.98,87725215801330
2935.0,1,0.00,50.0,54.0,54.0,38.0,52.0,1079,48.11,48113653912963
2935.0,2,0.00,54.0,58.0,58.0,41.0,55.0,1174,47.08,43806307976440
2935.0,3,0.00,56.0,58.0,58.0,43.0,58.0,1280,47.80,44332919022094
2940.0,0,,71.0,74.0,74.0,52.0,70.0,2749,198.53,87726341477172
2941.0,1,0.00,50.0,54.0,54.0,38.0,52.0,1089,47.78,48113925310546
2941.0,2,0.00,54.0,58.0,58.0,41.0,56.0,1185,47.19,43806576005187
2941.0,3,0.00,56.0,58.0,58.0,43.0,58.0,1259,47.99,44333191132995
2946.0,0,,69.0,74.0,74.0,51.0,70.0,2653,200.44,87727479956848
2946.0,1,0.00,51.0,54.0,54.0,39.0,52.0,1089,47.99,48114197434387
2946.0,2,0.00,54.0,58.0,58.0,42.0,56.0,1153,47.20,43806844117553
2947.0,3,0.00,56.0,58.0,58.0,43.0,58.0,1279,47.64,44333461717651
2952.0,0,,69.0,74.0,76.0,51.0,70.0,2549,199.37,87728612400634
2952.0,1,0.00,50.0,54.0,54.0,39.0,52.0,1078,47.98,48114469963317
2952.0,2,0.00,54.0,58.0,58.0,42.0,56.0,1174,47.00,43807110588134
2952.0,3,0.00,56.0,58.0,58.0,43.0,58.0,1279,47.95,44333733578491
2958.0,0,,70.0,76.0,76.0,51.0,70.0,2494,199.94,87729748077819
2958.0,1,0.00,51.0,54.0,54.0,39.0,52.0,1089,48.04,48114742835388
2958.0,2,0.00,54.0,58.0,58.0,41.0,56.0,1184,47.01,43807377586853
2958.0,3,0.00,56.0,58.0,58.0,43.0,58.0,1269,47.92,44334005781616
2963.0,0,,70.0,76.0,76.0,52.0,70.0,2485,200.18,87730883115783
2963.0,1,0.00,51.0,54.0,54.0,38.0,52.0,1090,47.81,48115013925537
2963.0,2,0.00,54.0,58.0,58.0,41.0,56.0,1175,47.27,43807645628540
2964.0,3,0.00,56.0,58.0,58.0,43.0,58.0,1270,47.95,44334277664001
2969.0,0,,70.0,76.0,76.0,52.0,71.0,2538,199.90,87732018565917
2969.0,1,0.00,50.0,54.0,54.0,38.0,52.0,1079,48.01,48115286620788
2969.0,2,0.00,54.0,58.0,58.0,41.0,56.0,1184,47.04,43807912790161
2969.0,3,0.00,56.0,58.0,58.0,43.0,58.0,1279,47.85,44334549459411
2975.0,0,,71.0,76.0,76.0,52.0,71.0,2768,199.80,87733153404052
2975.0,1,0.00,50.0,54.0,54.0,39.0,52.0,1089,48.03,48115559418395
2975.0,2,0.00,54.0,58.0,58.0,41.0,56.0,1184,46.94,43808179390686
2975.0,3,0.00,56.0,58.0,58.0,43.0,58.0,1238,47.81,44334821006958
2980.0,0,,69.0,74.0,74.0,51.0,70.0,2803,200.91,87734292583251
2980.0,1,0.00,51.0,54.0,54.0,38.0,52.0,1089,48.13,48115832295776
2981.0,2,0.00,54.0,58.0,58.0,41.0,56.0,1174,47.14,43808446658935
2981.0,3,0.00,56.0,58.0,58.0,43.0,58.0,1259,47.96,44335092915893
2986.0,0,,70.0,74.0,74.0,52.0,70.0,2623,200.35,87735428573120
2986.0,1,0.00,50.0,54.0,54.0,38.0,52.0,1079,47.94,48116104102844
2986.0,2,0.00,54.0,58.0,58.0,41.0,56.0,1185,47.15,43808714491760
2986.0,3,0.00,56.0,58.0,58.0,43.0,58.0,1280,47.88,44335364873229
2992.0,0,,71.0,74.0,74.0,52.0,71.0,2591,199.90,87736564008483
2992.0,1,0.00,51.0,54.0,54.0,39.0,52.0,1090,47.92,48116376299804
2992.0,2,0.00,54.0,58.0,58.0,41.0,55.0,1184,47.03,43808981153991
2992.0,3,0.00,56.0,58.0,58.0,43.0,58.0,1269,47.79,44335635859863
2997.0,0,,70.0,72.0,72.0,52.0,70.0,2759,200.25,87737699441406
2997.0,1,0.00,51.0,54.0,54.0,38.0,52.0,1078,48.05,48116649220214
2998.0,2,0.00,54.0,58.0,58.0,41.0,56.0,1174,46.97,43809247963073
2998.0,3,0.00,56.0,58.0,58.0,43.0,58.0,1259,47.82,44335907469482
3003.0,0,,69.0,74.0,74.0,51.0,70.0,2664,199.17,87738830706420
3003.0,1,0.00,50.0,54.0,54.0,39.0,52.0,1089,47.91,48116920872619
3003.0,2,0.00,54.0,58.0,58.0,41.0,56.0,1173,47.20,43809515611633
3003.0,3,0.00,56.0,58.0,58.0,43.0,58.0,1258,47.96,44336179388000
3009.0,0,,69.0,76.0,74.0,51.0,70.0,2506,199.43,87739963492431
3009.0,1,0.00,51.0,54.0,54.0,39.0,52.0,1090,47.95,48117193202575
3009.0,2,0.00,53.0,58.0,58.0,41.0,56.0,1174,47.21,43809783781311
3009.0,3,0.00,56.0,58.0,58.0,43.0,58.0,1270,47.70,44336450336303
3014.0,0,,70.0,76.0,76.0,52.0,70.0,2498,200.02,87741097618286
3014.0,1,0.00,51.0,54.0,54.0,39.0,52.0,1080,48.08,48117465840332
3015.0,2,0.00,53.0,58.0,58.0,41.0,56.0,1185,47.03,43810050464721
3015.0,3,0.00,56.0,58.0,58.0,43.0,58.0,1270,47.96,44336722286621
3020.0,0,,70.0,76.0,76.0,52.0,70.0,2486,200.10,87742232187500
3020.0,1,0.00,50.0,54.0,54.0,38.0,52.0,1090,48.13,48117738723876
3020.0,2,0.00,54.0,58.0,58.0,41.0,56.0,1154,47.13,43810317681701
3020.0,3,0.00,56.0,58.0,58.0,43.0,58.0,1270,48.02,44336994560668
3026.0,0,,70.0,74.0,74.0,52.0,71.0,2484,201.02,87743373969360
3026.0,1,0.00,50.0,54.0,54.0,39.0,52.0,1089,47.88,48118010687133
3026.0,2,0.00,54.0,58.0,58.0,41.0,56.0,1172,47.24,43810586012817
3026.0,3,0.00,56.0,58.0,58.0,43.0,58.0,1268,47.99,44337267149536
3031.0,0,,72.0,74.0,76.0,52.0,70.0,2747,198.99,87744504249084
3031.0,1,0.00,51.0,54.0,54.0,39.0,52.0,1078,47.99,48118283273986
3032.0,2,0.00,54.0,58.0,58.0,41.0,56.0,1184,46.95,43810852688476
3032.0,3,0.00,56.0,58.0,58.0,43.0,58.0,1279,47.65,44337537774475
3037.0,0,,71.0,74.0,74.0,52.0,70.0,2791,201.09,87745644418518
3037.0,1,0.00,50.0,54.0,54.0,39.0,52.0,1089,48.07,48118555856933
3037.0,2,0.00,54.0,58.0,58.0,41.0,56.0,1164,47.08,43811119646789
3037.0,3,0.00,56.0,58.0,58.0,43.0,58.0,1259,47.94,44337809616943
3043.0,0,,70.0,74.0,76.0,51.0,70.0,2760,198.89,87746774112426
3043.0,1,0.00,50.0,54.0,54.0,39.0,52.0,1079,48.07,48118828884521
3043.0,2,0.00,54.0,58.0,58.0,41.0,56.0,1185,47.14,43811386923217
3043.0,3,0.00,56.0,58.0,58.0,43.0,58.0,1259,47.95,44338081954528
3048.0,0,,70.0,74.0,76.0,51.0,70.0,2539,200.09,87747908650756
3048.0,1,0.00,50.0,54.0,54.0,39.0,52.0,1090,47.92,48119100600341
3049.0,2,0.00,54.0,58.0,58.0,41.0,56.0,1184,47.28,43811655451538
3049.0,3,0.00,56.0,58.0,58.0,43.0,58.0,1269,47.79,44338352926635
3054.0,0,,70.0,74.0,76.0,52.0,70.0,2579,199.87,87749043898559
3054.0,1,0.00,51.0,54.0,54.0,39.0,52.0,1089,48.09,48119373737426
3054.0,2,0.00,54.0,58.0,58.0,41.0,55.0,1173,47.04,43811922655273
3054.0,3,0.00,56.0,58.0,58.0,43.0,58.0,1279,47.88,44338624911499
3060.0,0,,70.0,76.0,74.0,52.0,70.0,2645,200.20,87750179016357
3060.0,1,0.00,51.0,54.0,54.0,39.0,52.0,1079,48.10,48119646476196
3060.0,2,0.00,54.0,58.0,58.0,41.0,56.0,1174,47.11,43812189762451
3060.0,3,0.00,56.0,58.0,58.0,43.0,58.0,1270,47.99,44338896992980
3065.0,0,99.99,71.0,74.0,74.0,52.0,70.0,2622,200.94,87751318347778
3065.0,1,0.00,50.0,54.0,54.0,39.0,52.0,1090,47.78,48119917865600
3066.0,2,0.00,54.0,58.0,58.0,41.0,56.0,1185,47.10,43812457317138
3066.0,3,0.00,56.0,58.0,58.0,43.0,58.0,1280,47.86,44339168864074
3071.0,0,100.00,69.0,76.0,76.0,52.0,70.0,2505,199.11,87752449290649
3071.0,1,0.00,50.0,54.0,54.0,39.0,52.0,1089,48.06,48120190369018
3071.0,2,0.00,54.0,58.0,58.0,41.0,56.0,1173,47.01,43812724338867
3071.0,3,0.00,56.0,58.0,58.0,43.0,58.0,1278,47.72,44339439898803
3077.0,0,,70.0,76.0,76.0,52.0,70.0,2494,200.13,87753586012268
3077.0,1,0.00,51.0,54.0,54.0,39.0,52.0,1079,48.09,48120463515319
3077.0,2,0.00,54.0,58.0,58.0,41.0,56.0,1185,47.08,43812991285461
3077.0,3,0.00,56.0,58.0,58.0,43.0,58.0,1270,47.93,44339711656921
3082.0,0,,70.0,76.0,76.0,52.0,70.0,2612,200.07,87754720397033
3083.0,1,0.00,50.0,54.0,54.0,39.0,52.0,1089,48.09,48120736664123
3083.0,2,0.00,54.0,58.0,58.0,41.0,56.0,1185,47.12,43813258926147
3083.0,3,0.00,56.0,58.0,58.0,43.0,58.0,1269,47.99,44339984239318
3088.0,0,100.00,70.0,76.0,76.0,52.0,69.0,2768,199.75,87755854952575
3088.0,1,0.00,51.0,54.0,54.0,39.0,52.0,1088,47.84,48121008423339
3088.0,2,0.00,54.0,58.0,58.0,42.0,56.0,1172,47.14,43813526675720
3088.0,3,0.00,56.0,58.0,58.0,43.0,58.0,1278,47.86,44340256086181
3094.0,0,,70.0,74.0,74.0,52.0,70.0,2705,201.06,87756996988525
3094.0,1,0.00,51.0,54.0,54.0,39.0,52.0,1089,48.04,48121281297851
3094.0,2,0.00,54.0,58.0,58.0,41.0,56.0,1185,47.13,43813793890625
3094.0,3,0.00,56.0,58.0,58.0,43.0,58.0,1271,47.84,44340527335815
3099.0,0,,70.0,74.0,74.0,52.0,70.0,2701,199.99,87758130910339
3100.0,1,0.00,50.0,54.0,54.0,39.0,52.0,1081,48.19,48121554025634
3100.0,2,0.00,54.0,58.0,58.0,42.0,56.0,1185,47.03,43814061011047
3100.0,3,0.00,56.0,58.0,58.0,43.0,58.0,1279,47.96,44340799723266
3105.0,0,,71.0,74.0,74.0,52.0,70.0,2619,199.68,87759265103027
3105.0,1,0.00,50.0,54.0,54.0,38.0,52.0,1088,47.83,48121825674804
3105.0,2,0.00,54.0,58.0,58.0,42.0,56.0,1153,47.62,43814331481445
3106.0,3,0.00,56.0,58.0,58.0,43.0,58.0,1258,47.82,44341071322875
3111.0,0,,69.0,74.0,74.0,51.0,70.0,2696,198.76,87760394035644
3111.0,1,0.00,50.0,54.0,54.0,38.0,52.0,1079,47.87,48122097571594
3111.0,2,0.00,54.0,58.0,58.0,42.0,56.0,1174,47.25,43814599405700
3111.0,3,0.00,56.0,58.0,58.0,43.0,58.0,1280,47.70,44341341804931
3116.0,0,,70.0,74.0,74.0,51.0,70.0,2549,200.29,87761529671142
3117.0,1,0.00,51.0,54.0,54.0,38.0,52.0,1089,48.11,48122370327392
3117.0,2,0.00,54.0,58.0,58.0,42.0,56.0,1185,47.11,43814866511291
3117.0,3,0.00,56.0,58.0,58.0,43.0,58.0,1269,47.80,44341613282226
3122.0,0,,69.0,74.0,74.0,52.0,70.0,2527,200.68,87762669506652
3122.0,1,0.00,50.0,54.0,54.0,38.0,52.0,1079,48.04,48122643179992
3122.0,2,0.00,54.0,58.0,58.0,41.0,56.0,1163,47.08,43815133953369
3123.0,3,0.00,56.0,58.0,58.0,43.0,58.0,1259,48.06,44341885760681
3128.0,0,,70.0,76.0,76.0,51.0,70.0,2622,199.32,87763799652954
3128.0,1,0.00,50.0,54.0,54.0,39.0,52.0,1089,47.91,48122914828552
3128.0,2,0.00,54.0,58.0,58.0,42.0,56.0,1185,47.11,43815401529663
3128.0,3,0.00,56.0,58.0,58.0,43.0,58.0,1247,47.93,44342157979675
3133.0,0,,70.0,76.0,76.0,52.0,70.0,2579,199.91,87764935123657
3134.0,1,0.00,50.0,54.0,54.0,39.0,52.0,1088,47.88,48123187288818
3134.0,2,0.00,54.0,58.0,58.0,41.0,56.0,1183,47.03,43815668650939
3134.0,3,0.00,56.0,58.0,58.0,43.0,58.0,1268,47.80,44342429500488
3139.0,0,,70.0,74.0,74.0,52.0,70.0,2632,200.09,87766071624694
3139.0,1,0.00,50.0,54.0,54.0,39.0,52.0,1079,48.21,48123460650878
3139.0,2,0.00,54.0,58.0,58.0,41.0,56.0,1174,47.18,43815936161560
3140.0,3,0.00,56.0,58.0,58.0,43.0,58.0,1280,47.90,44342701546081
3145.0,0,,70.0,74.0,74.0,52.0,70.0,2695,201.35,87767215290405
3145.0,1,0.00,50.0,54.0,54.0,38.0,52.0,1088,48.19,48123734346435
3145.0,2,0.00,54.0,58.0,58.0,41.0,56.0,1173,47.21,43816204304016
3145.0,3,0.00,56.0,58.0,58.0,43.0,58.0,1280,48.13,44342974446594
3150.0,0,,70.0,76.0,76.0,51.0,70.0,2720,198.53,87768340931640
3151.0,1,0.00,50.0,54.0,54.0,38.0,52.0,1090,47.90,48124005935424
3151.0,2,0.00,54.0,58.0,58.0,41.0,56.0,1185,47.07,43816471658264
3151.0,3,0.00,56.0,58.0,58.0,43.0,58.0,1269,47.65,44343245082092
3156.0,0,,71.0,74.0,74.0,52.0,71.0,2517,201.14,87769481420349
3156.0,1,0.00,51.0,54.0,54.0,38.0,52.0,1079,48.04,48124278798400
3156.0,2,0.00,54.0,58.0,58.0,41.0,56.0,1174,47.10,43816738693176
3157.0,3,0.00,56.0,58.0,58.0,43.0,58.0,1271,47.82,44343516222656
3162.0,0,,71.0,74.0,74.0,52.0,70.0,2580,199.48,87770614469604
3162.0,1,0.00,51.0,54.0,54.0,39.0,52.0,1090,48.09,48124551475585
3162.0,2,0.00,54.0,58.0,58.0,41.0,56.0,1185,47.09,43817005717041
3162.0,3,0.00,56.0,58.0,58.0,43.0,58.0,1280,47.94,44343788047058
3167.0,0,100.00,70.0,74.0,74.0,51.0,70.0,2771,199.33,87771744673217
3168.0,1,0.00,51.0,54.0,54.0,39.0,52.0,1089,47.73,48124822608520
3168.0,2,0.00,54.0,58.0,58.0,42.0,56.0,1184,47.11,43817273308471
3168.0,3,0.00,56.0,58.0,58.0,43.0,58.0,1247,47.81,44344059581481
3173.0,0,,71.0,74.0,74.0,52.0,70.0,2600,200.90,87772885764465
3173.0,1,0.00,50.0,54.0,54.0,38.0,52.0,1079,48.06,48125095125793
3173.0,2,0.00,53.0,58.0,58.0,42.0,56.0,1173,46.94,43817539934387
3174.0,3,0.00,56.0,58.0,58.0,43.0,58.0,1247,47.65,44344330213195
3179.0,0,,70.0,74.0,74.0,52.0,70.0,2538,199.91,87774021276733
3179.0,1,0.00,50.0,54.0,54.0,39.0,52.0,1090,48.00,48125367777832
3179.0,2,0.00,54.0,58.0,58.0,42.0,56.0,1175,47.14,43817807206298
3179.0,3,0.00,56.0,58.0,58.0,43.0,58.0,1281,47.96,44344602168457
3185.0,0,,70.0,76.0,76.0,52.0,70.0,2581,199.00,87775149597656
3185.0,1,0.00,50.0,54.0,54.0,39.0,52.0,1089,48.17,48125640903381
3185.0,2,0.00,54.0,58.0,58.0,41.0,56.0,1184,47.18,43818075187316
3185.0,3,0.00,56.0,58.0,58.0,43.0,58.0,1269,48.05,44344875072143
3190.0,0,100.00,69.0,74.0,76.0,52.0,70.0,2663,200.09,87776286105895
3190.0,1,0.00,51.0,54.0,54.0,39.0,52.0,1078,47.84,48125912648986
3191.0,2,0.00,54.0,58.0,58.0,41.0,56.0,1174,47.24,43818343033752
3191.0,3,0.00,56.0,58.0,58.0,43.0,58.0,1269,48.02,44345147334716
3196.0,0,,71.0,74.0,74.0,52.0,71.0,2647,200.22,87777421370300
3196.0,1,0.00,50.0,54.0,54.0,38.0,52.0,1080,48.02,48126184933044
3196.0,2,0.00,54.0,58.0,58.0,41.0,56.0,1186,47.02,43818609610412
3196.0,3,0.00,56.0,58.0,58.0,43.0,58.0,1281,47.77,44345418190612
3202.0,0,100.00,70.0,74.0,74.0,52.0,71.0,2558,201.25,87778562446411
3202.0,1,0.00,51.0,54.0,54.0,39.0,52.0,1089,48.14,48126458344726
3202.0,2,0.00,54.0,58.0,58.0,41.0,55.0,1184,47.10,43818877123229
3202.0,3,0.00,56.0,58.0,58.0,43.0,58.0,1247,47.90,44345690280639
3207.0,0,,69.0,74.0,74.0,51.0,70.0,2548,199.20,87779693905334
3207.0,1,0.00,51.0,54.0,54.0,39.0,52.0,1089,47.86,48126729735961
3208.0,2,0.00,53.0,58.0,58.0,41.0,55.0,1163,47.22,43819144870727
3208.0,3,0.00,56.0,58.0,58.0,43.0,58.0,1269,48.05,44345963226806
3213.0,0,,70.0,76.0,76.0,52.0,70.0,2630,199.30,87780825909484
3213.0,1,0.00,50.0,54.0,54.0,39.0,52.0,1088,47.86,48127002079406
3213.0,2,0.00,53.0,58.0,58.0,41.0,56.0,1183,47.08,43819412781066
3213.0,3,0.00,56.0,58.0,58.0,43.0,58.0,1256,47.71,44346234247924
3219.0,0,,70.0,74.0,74.0,52.0,70.0,2790,200.92,87781967156616
3219.0,1,0.00,50.0,54.0,54.0,39.0,52.0,1089,48.01,48127274786926
3219.0,2,0.00,54.0,58.0,58.0,42.0,56.0,1184,47.10,43819680312316
3219.0,3,0.00,56.0,58.0,58.0,43.0,58.0,1258,47.84,44346505968750
3224.0,0,,69.0,76.0,76.0,51.0,69.0,2643,194.09,87783069603759
3224.0,1,0.00,50.0,54.0,54.0,39.0,52.0,1079,48.19,48127548030822
3225.0,2,0.00,54.0,58.0,58.0,41.0,56.0,1174,47.24,43819948145385
3225.0,3,0.00,56.0,58.0,58.0,43.0,58.0,1269,48.00,44346778625793
3230.0,0,,69.0,78.0,78.0,52.0,70.0,2506,198.81,87784198846130
3230.0,1,0.00,51.0,54.0,54.0,39.0,52.0,1089,47.93,48127820270202
3230.0,2,0.00,54.0,58.0,58.0,42.0,56.0,1163,47.25,43820216503112
3230.0,3,0.00,56.0,58.0,58.0,42.0,57.0,1280,48.12,44347051452575
3236.0,0,,69.0,78.0,78.0,51.0,70.0,2484,194.54,87785301860961
3236.0,1,0.00,50.0,54.0,54.0,39.0,52.0,1089,48.03,48128093103881
3236.0,2,0.00,54.0,58.0,58.0,42.0,56.0,1184,46.98,43820483375122
3236.0,3,0.00,56.0,58.0,58.0,43.0,58.0,1268,47.77,44347322799743
3241.0,0,0.00,65.0,78.0,78.0,49.0,67.0,2335,130.13,87786040994689
3241.0,1,0.00,50.0,54.0,54.0,39.0,52.0,1079,48.20,48128366408996
3242.0,2,0.00,54.0,58.0,58.0,41.0,56.0,1184,47.30,43820751588256
3242.0,3,0.00,56.0,58.0,58.0,43.0,58.0,1270,47.70,44347593760620
3247.0,0,0.00,63.0,78.0,78.0,48.0,65.0,1916,58.81,87786374436096
3247.0,1,0.00,50.0,54.0,54.0,39.0,52.0,1090,47.98,48128638434265
3247.0,2,0.00,54.0,58.0,58.0,41.0,56.0,1165,47.28,43821019669982
3247.0,3,0.00,56.0,58.0,58.0,43.0,58.0,1260,47.62,44347863272033
3253.0,0,80.73,66.0,72.0,72.0,49.0,67.0,1482,93.23,87786903046203
3253.0,1,0.00,51.0,54.0,54.0,39.0,52.0,1079,47.78,48128909368713
3253.0,2,0.00,54.0,58.0,58.0,41.0,56.0,1175,47.18,43821287182495
3253.0,3,0.00,56.0,58.0,58.0,43.0,58.0,1239,47.48,44348132936340
3258.0,0,100.00,67.0,76.0,76.0,50.0,69.0,1576,177.53,87787909633117
3258.0,1,0.00,50.0,54.0,54.0,39.0,52.0,1090,48.00,48129181553955
3259.0,2,0.00,54.0,58.0,58.0,41.0,56.0,1186,47.02,43821553779113
3259.0,3,0.00,56.0,58.0,58.0,43.0,58.0,1249,47.66,44348402715332
3264.0,0,,68.0,76.0,76.0,51.0,70.0,1862,181.29,87788939347839
3264.0,1,0.00,51.0,54.0,54.0,39.0,52.0,1079,47.99,48129454135437
3264.0,2,0.00,53.0,58.0,58.0,41.0,55.0,1163,47.18,43821821750183
3264.0,3,0.00,56.0,58.0,58.0,42.0,58.0,1259,47.80,44348674222656
3270.0,0,99.99,68.0,78.0,78.0,51.0,70.0,2072,179.00,87789954304626
3270.0,1,0.00,51.0,54.0,54.0,39.0,52.0,1089,47.77,48129725492858
3270.0,2,0.00,54.0,58.0,58.0,41.0,56.0,1184,47.26,43822090203125
3270.0,3,0.00,56.0,58.0,58.0,42.0,58.0,1247,47.90,44348946270751
3275.0,0,,68.0,78.0,78.0,51.0,70.0,2261,182.22,87790989324523
3275.0,1,0.00,50.0,54.0,54.0,39.0,52.0,1089,47.97,48129997488037
3276.0,2,0.00,54.0,58.0,58.0,41.0,56.0,1185,47.04,43822356943481
3276.0,3,0.00,56.0,58.0,58.0,42.0,57.0,1248,47.52,44349216206237
3281.0,0,99.99,68.0,80.0,80.0,51.0,70.0,2296,177.74,87791997093139
3281.0,1,0.00,51.0,54.0,54.0,39.0,52.0,1079,48.02,48130270219360
3281.0,2,0.00,54.0,58.0,58.0,41.0,56.0,1174,47.10,43822624447875
3281.0,3,0.00,56.0,58.0,58.0,42.0,58.0,1248,47.75,44349486960876
3287.0,0,,68.0,80.0,80.0,51.0,70.0,2292,181.84,87793029966369
3287.0,1,0.00,50.0,54.0,54.0,39.0,52.0,1088,48.14,48130543645690
3287.0,2,0.00,54.0,58.0,58.0,41.0,56.0,1183,47.23,43822892688659
3287.0,3,0.00,56.0,58.0,58.0,43.0,57.0,1247,47.89,44349758976928
3292.0,0,,68.0,80.0,80.0,51.0,70.0,2290,177.61,87794040541076
3293.0,1,0.00,51.0,54.0,54.0,39.0,52.0,1087,47.73,48130815237792
3293.0,2,0.00,54.0,58.0,58.0,41.0,56.0,1182,47.20,43823161276367
3293.0,3,0.00,56.0,58.0,58.0,42.0,58.0,1256,47.83,44350031150390
3298.0,0,,68.0,80.0,80.0,51.0,70.0,2303,182.04,87795074542236
3298.0,1,0.00,51.0,54.0,54.0,39.0,52.0,1089,48.00,48131087867858
3298.0,2,0.00,54.0,58.0,58.0,41.0,56.0,1163,47.00,43823427785888
3299.0,3,0.00,56.0,58.0,58.0,42.0,58.0,1248,47.60,44350301497314
3304.0,0,99.35,68.0,80.0,80.0,51.0,70.0,2294,181.53,87796105628540
3304.0,1,0.00,51.0,54.0,54.0,39.0,52.0,1089,48.16,48131360915039
3304.0,2,0.00,53.0,58.0,58.0,41.0,56.0,1173,47.18,43823695744323
3304.0,3,0.00,55.0,58.0,58.0,42.0,58.0,1247,47.76,44350572754455
3309.0,0,99.99,68.0,80.0,80.0,52.0,70.0,2295,177.80,87797115546936
3310.0,1,0.00,51.0,54.0,54.0,39.0,52.0,1078,47.82,48131632534240
3310.0,2,0.00,54.0,58.0,58.0,41.0,56.0,1184,47.30,43823964398681
3310.0,3,0.00,56.0,58.0,58.0,43.0,58.0,1247,47.93,44350844509460
3315.0,0,,68.0,80.0,80.0,51.0,70.0,2292,181.81,87798148232360
3315.0,1,0.00,51.0,54.0,54.0,39.0,52.0,1089,47.88,48131904473571
3315.0,2,0.00,54.0,58.0,58.0,41.0,56.0,1173,47.23,43824232676452
3316.0,3,0.00,56.0,58.0,58.0,42.0,58.0,1247,47.54,44351114508605
3321.0,0,,68.0,80.0,80.0,52.0,70.0,2294,178.22,87799158720581
3321.0,1,0.00,51.0,54.0,54.0,39.0,52.0,1089,48.07,48132177483886
3321.0,2,0.00,54.0,58.0,58.0,41.0,56.0,1174,47.01,43824499698669
3321.0,3,0.00,56.0,58.0,58.0,42.0,58.0,1248,47.66,44351385189697
3326.0,0,,68.0,80.0,80.0,52.0,70.0,2296,181.72,87800190909179
3327.0,1,0.00,50.0,54.0,54.0,39.0,52.0,1080,48.20,48132450774658
3327.0,2,0.00,54.0,58.0,58.0,41.0,56.0,1174,47.27,43824767712524
3327.0,3,0.00,56.0,58.0,58.0,42.0,58.0,1248,47.89,44351656739807
3332.0,0,,68.0,82.0,80.0,52.0,70.0,2293,177.96,87801201724853
3332.0,1,0.00,50.0,54.0,54.0,39.0,52.0,1089,47.78,48132722174621
3332.0,2,0.00,54.0,58.0,58.0,41.0,56.0,1163,47.22,43825035908752
3333.0,3,0.00,56.0,58.0,58.0,42.0,57.0,1248,47.80,44351928220458
3338.0,0,,69.0,82.0,80.0,52.0,70.0,2295,181.99,87802233621093
3338.0,1,0.00,50.0,54.0,54.0,39.0,52.0,1090,47.98,48132994242126
3338.0,2,0.00,54.0,58.0,58.0,41.0,56.0,1185,46.97,43825302255920
3338.0,3,0.00,56.0,58.0,58.0,42.0,58.0,1259,47.57,44352198439453
3343.0,0,,71.0,80.0,80.0,52.0,71.0,2294,178.64,87803248275146
3344.0,1,0.00,50.0,54.0,54.0,39.0,52.0,1079,48.07,48133267271728
3344.0,2,0.00,53.0,58.0,58.0,41.0,56.0,1184,47.08,43825569678344
3344.0,3,0.00,56.0,58.0,58.0,42.0,57.0,1238,47.75,44352469164489
3349.0,0,,68.0,82.0,80.0,52.0,71.0,2296,181.24,87804275896118
3349.0,1,0.00,51.0,54.0,54.0,39.0,52.0,1090,48.13,48133540197021
3349.0,2,0.00,54.0,58.0,58.0,42.0,56.0,1174,47.35,43825838141601
3350.0,3,0.00,56.0,58.0,58.0,42.0,58.0,1249,47.94,44352740966308
3355.0,0,99.38,68.0,82.0,80.0,52.0,71.0,2316,181.99,87805307781188
3355.0,1,0.00,51.0,54.0,54.0,39.0,52.0,1079,47.91,48133811836181
3355.0,2,0.00,54.0,58.0,58.0,41.0,56.0,1184,47.19,43826106188293
3355.0,3,0.00,56.0,58.0,58.0,43.0,58.0,1248,47.58,44353011243591
3360.0,0,,69.0,82.0,82.0,52.0,70.0,2296,178.14,87806317824340
3361.0,1,0.00,51.0,54.0,54.0,39.0,52.0,1090,48.01,48134084515747
3361.0,2,0.00,54.0,58.0,58.0,41.0,56.0,1186,47.02,43826372818115
3361.0,3,0.00,56.0,58.0,58.0,42.0,58.0,1239,47.65,44353281406616
3366.0,0,99.99,69.0,80.0,82.0,52.0,70.0,2296,181.89,87807350956787
3366.0,1,0.00,50.0,54.0,54.0,39.0,52.0,1079,48.13,48134357419311
3366.0,2,0.00,54.0,58.0,58.0,42.0,56.0,1163,47.28,43826640896972
3367.0,3,0.00,56.0,58.0,58.0,42.0,58.0,1258,47.88,44353552888977
3372.0,0,,69.0,82.0,82.0,52.0,70.0,2292,178.05,87808362268493
3372.0,1,0.00,50.0,54.0,54.0,39.0,52.0,1088,47.82,48134629039855
3372.0,2,0.00,53.0,58.0,58.0,41.0,56.0,1184,47.28,43826909432495
3372.0,3,0.00,56.0,58.0,58.0,42.0,58.0,1258,47.80,44353824407714
3378.0,0,,69.0,82.0,82.0,52.0,71.0,2298,182.09,87809394722106
3378.0,1,0.00,51.0,54.0,54.0,39.0,52.0,1091,47.81,48134900142028
3378.0,2,0.00,54.0,58.0,58.0,41.0,56.0,1185,47.01,43827175952270
3378.0,3,0.00,56.0,58.0,58.0,42.0,58.0,1248,47.56,44354094559753
3383.0,0,,68.0,82.0,82.0,52.0,70.0,2300,178.04,87810407752380
3383.0,1,0.00,50.0,54.0,54.0,39.0,52.0,1087,48.08,48135173701293
3384.0,2,0.00,54.0,58.0,58.0,41.0,56.0,1172,47.02,43827443469116
3384.0,3,0.00,56.0,58.0,58.0,42.0,58.0,1255,47.62,44354365498046
3389.0,0,100.00,69.0,80.0,82.0,52.0,70.0,2313,182.11,87811442148193
3389.0,1,0.00,51.0,54.0,54.0,39.0,52.0,1088,48.16,48135447234436
3389.0,2,0.00,54.0,58.0,58.0,41.0,56.0,1183,47.29,43827712065673
3389.0,3,0.00,56.0,58.0,58.0,42.0,58.0,1258,47.85,44354637268127
3395.0,0,99.31,69.0,78.0,78.0,52.0,71.0,2294,182.10,87812476479553
3395.0,1,0.00,51.0,54.0,54.0,39.0,52.0,1079,47.81,48135718775817
3395.0,2,0.00,54.0,58.0,58.0,42.0,56.0,1185,47.29,43827980655944
3395.0,3,0.00,56.0,58.0,58.0,42.0,57.0,1238,47.95,44354909134582
3400.0,0,,68.0,82.0,82.0,51.0,70.0,2316,178.07,87813486149963
3400.0,1,0.00,51.0,54.0,54.0,39.0,52.0,1089,48.03,48135991124877
3401.0,2,0.00,54.0,58.0,58.0,41.0,56.0,1174,46.99,43828247548095
3401.0,3,0.00,56.0,58.0,58.0,42.0,58.0,1258,47.61,44355179545471
3406.0,0,99.99,68.0,80.0,80.0,51.0,71.0,2296,182.24,87814519439758
3406.0,1,0.00,51.0,54.0,54.0,39.0,52.0,1079,48.08,48136264239379
3406.0,2,0.00,54.0,58.0,58.0,41.0,56.0,1185,47.11,43828514675720
3406.0,3,0.00,56.0,58.0,58.0,43.0,58.0,1249,47.77,44355450413513
3412.0,0,99.99,69.0,82.0,82.0,52.0,70.0,2296,177.73,87815528934570
3412.0,1,0.00,51.0,54.0,54.0,39.0,52.0,1090,47.92,48136535951049
3412.0,2,0.00,54.0,58.0,58.0,41.0,56.0,1185,47.32,43828782971130
3412.0,3,0.00,56.0,58.0,58.0,42.0,58.0,1248,47.90,44355722023254
3417.0,0,,69.0,82.0,82.0,52.0,70.0,2294,182.28,87816562477050
3417.0,1,0.00,50.0,54.0,54.0,39.0,52.0,1089,47.89,48136807503173
3418.0,2,0.00,53.0,58.0,58.0,41.0,56.0,1175,47.31,43829051229553
3418.0,3,0.00,56.0,58.0,58.0,42.0,57.0,1249,47.57,44355991729309
3423.0,0,,69.0,82.0,82.0,52.0,71.0,2317,178.02,87817573639770
3423.0,1,0.00,51.0,54.0,54.0,39.0,52.0,1079,47.90,48137079603210
3423.0,2,0.00,53.0,58.0,58.0,41.0,56.0,1174,46.99,43829318134094
3423.0,3,0.00,56.0,58.0,58.0,42.0,58.0,1258,47.62,44356262193786
3429.0,0,0.00,65.0,82.0,82.0,50.0,67.0,2288,136.58,87818346683105
3429.0,1,0.00,50.0,54.0,54.0,39.0,52.0,1081,48.16,48137352177185
3429.0,2,0.00,54.0,58.0,58.0,41.0,56.0,1177,47.28,43829585714294
3429.0,3,0.00,56.0,58.0,58.0,42.0,58.0,1241,47.74,44356532405334
3434.0,0,0.00,64.0,82.0,82.0,48.0,65.0,1980,59.72,87818685317504
3434.0,1,0.00,50.0,54.0,54.0,39.0,52.0,1090,47.69,48137622581054
3435.0,2,0.00,54.0,58.0,58.0,42.0,56.0,1165,47.66,43829855938964
3435.0,3,0.00,56.0,58.0,58.0,42.0,58.0,1250,47.53,44356801878845
3440.0,0,63.23,66.0,74.0,74.0,49.0,68.0,1536,87.54,87819181641662
3440.0,1,0.00,51.0,54.0,54.0,39.0,52.0,1081,47.77,48137893413085
3440.0,2,0.00,53.0,58.0,58.0,42.0,56.0,1186,46.86,43830121616333
3440.0,3,0.00,55.0,58.0,58.0,42.0,57.0,1249,47.22,44357069621459
3446.0,0,100.00,67.0,76.0,76.0,51.0,69.0,1691,178.09,87820191414489
3446.0,1,0.00,51.0,54.0,54.0,39.0,52.0,1089,48.22,48138166841796
3446.0,2,0.00,54.0,58.0,58.0,42.0,56.0,1174,47.12,43830388764099
3446.0,3,0.00,55.0,58.0,58.0,42.0,57.0,1249,47.73,44357340261901
3451.0,0,98.34,68.0,76.0,76.0,51.0,70.0,1949,184.12,87821235363037
3451.0,1,0.00,50.0,54.0,54.0,38.0,52.0,1080,48.10,48138439573791
3452.0,2,0.00,53.0,58.0,58.0,41.0,56.0,1176,47.23,43830656566955
3452.0,3,0.00,55.0,58.0,58.0,42.0,57.0,1249,47.84,44357611541320
3457.0,0,,69.0,78.0,80.0,52.0,70.0,2242,183.72,87822278880615
3457.0,1,0.00,51.0,54.0,54.0,38.0,52.0,1090,47.86,48138710947631
3457.0,2,0.00,54.0,58.0,58.0,41.0,56.0,1184,47.26,43830925024230
3457.0,3,0.00,55.0,58.0,58.0,42.0,57.0,1259,47.81,44357883122558
3463.0,0,,71.0,76.0,76.0,52.0,71.0,2286,189.59,87823351938354
3463.0,1,0.00,51.0,54.0,54.0,39.0,52.0,1079,47.84,48138982693969
3463.0,2,0.00,54.0,58.0,58.0,41.0,56.0,1186,47.00,43831191525268
3463.0,3,0.00,55.0,58.0,58.0,42.0,57.0,1248,47.60,44358153002136
3468.0,0,99.99,69.0,80.0,80.0,52.0,70.0,2401,182.98,87824391267272
3468.0,1,0.00,50.0,54.0,54.0,39.0,52.0,1090,48.19,48139255919433
3469.0,2,0.00,54.0,58.0,58.0,41.0,56.0,1164,47.10,43831458584655
3469.0,3,0.00,55.0,58.0,58.0,42.0,57.0,1249,47.71,44358423521362
3474.0,0,,71.0,76.0,76.0,52.0,70.0,2339,189.08,87825463375000
3474.0,1,0.00,51.0,54.0,54.0,39.0,52.0,1080,47.84,48139527158325
3474.0,2,0.00,54.0,58.0,58.0,42.0,56.0,1165,47.30,43831726787719
3474.0,3,0.00,56.0,58.0,58.0,42.0,57.0,1260,47.89,44358695057128
3480.0,0,,68.0,80.0,80.0,52.0,70.0,2412,182.73,87826499446838
3480.0,1,0.00,51.0,54.0,54.0,39.0,52.0,1090,47.92,48139798877990
3480.0,2,0.00,54.0,58.0,58.0,42.0,56.0,1185,47.41,43831995598510
3480.0,3,0.00,55.0,58.0,58.0,42.0,57.0,1238,47.69,44358965464599
3485.0,0,,71.0,78.0,78.0,52.0,71.0,2307,187.76,87827564055908
3485.0,1,0.00,50.0,54.0,54.0,39.0,52.0,1080,48.10,48140071619506
3486.0,2,0.00,54.0,58.0,58.0,41.0,56.0,1174,46.99,43832262478393
3486.0,3,0.00,55.0,58.0,58.0,42.0,57.0,1248,47.64,44359236081359
3491.0,0,,69.0,80.0,80.0,52.0,70.0,2398,183.70,87828607480895
3491.0,1,0.00,51.0,54.0,54.0,39.0,52.0,1089,48.13,48140344969787
3491.0,2,0.00,54.0,58.0,58.0,41.0,56.0,1184,47.16,43832530373901
3491.0,3,0.00,55.0,58.0,58.0,42.0,57.0,1247,47.84,44359507787658
3497.0,0,,69.0,80.0,80.0,52.0,70.0,2337,188.79,87829679797363
3497.0,1,0.00,50.0,54.0,54.0,39.0,52.0,1089,47.80,48140616474121
3497.0,2,0.00,54.0,58.0,58.0,42.0,56.0,1184,47.36,43832798892883
3497.0,3,0.00,56.0,58.0,58.0,42.0,57.0,1247,47.96,44359779735900
3502.0,0,99.99,69.0,82.0,80.0,52.0,70.0,2411,183.01,87830717461608
3502.0,1,0.00,51.0,54.0,54.0,39.0,52.0,1079,47.86,48140888298889
3503.0,2,0.00,53.0,58.0,58.0,41.0,56.0,1185,46.91,43833065348571
3503.0,3,0.00,56.0,58.0,58.0,42.0,57.0,1249,47.51,44360049593811
3508.0,0,,69.0,80.0,80.0,52.0,71.0,2360,189.11,87831789736877
3508.0,1,0.00,50.0,54.0,54.0,39.0,52.0,1090,48.04,48141160670654
3508.0,2,0.00,54.0,58.0,58.0,41.0,56.0,1174,47.08,43833332299499
3508.0,3,0.00,56.0,58.0,58.0,42.0,57.0,1259,47.80,44360320612670
3514.0,0,,69.0,82.0,80.0,51.0,70.0,2398,182.84,87832828263793
3514.0,1,0.00,51.0,54.0,54.0,39.0,52.0,1079,48.23,48141434122070
3514.0,2,0.00,53.0,58.0,58.0,42.0,56.0,1185,47.27,43833600296264
3514.0,3,0.00,56.0,58.0,58.0,42.0,58.0,1248,47.82,44360592242736
3519.0,0,,69.0,80.0,80.0,52.0,70.0,2338,188.11,87833896707214
3520.0,1,0.00,50.0,54.0,54.0,39.0,52.0,1089,47.80,48141705635070
3520.0,2,0.00,54.0,58.0,58.0,41.0,56.0,1184,47.32,43833869085449
3520.0,3,0.00,56.0,58.0,58.0,42.0,58.0,1247,48.00,44360864380554
3525.0,0,,69.0,82.0,82.0,52.0,70.0,2409,182.92,87834935670776
3525.0,1,0.00,50.0,54.0,54.0,38.0,52.0,1088,48.01,48141978320007
3525.0,2,0.00,54.0,58.0,58.0,41.0,56.0,1162,47.07,43834136424011
3526.0,3,0.00,56.0,58.0,58.0,42.0,58.0,1257,47.60,44361135216003
3531.0,0,,71.0,78.0,78.0,52.0,71.0,2325,189.53,87836012182006
3531.0,1,0.00,51.0,54.0,54.0,39.0,52.0,1079,48.13,48142251710205
3531.0,2,0.00,54.0,58.0,58.0,41.0,56.0,1185,47.07,43834403764587
3531.0,3,0.00,56.0,58.0,58.0,42.0,57.0,1249,47.82,44361406374938
3536.0,0,,69.0,82.0,82.0,52.0,70.0,2412,182.39,87837046345642
3537.0,1,0.00,50.0,54.0,54.0,39.0,52.0,1090,47.81,48142522785034
3537.0,2,0.00,54.0,58.0,58.0,42.0,56.0,1185,47.35,43834672211730
3537.0,3,0.00,56.0,58.0,58.0,42.0,58.0,1249,47.93,44361678141113
3542.0,0,65.66,66.0,82.0,82.0,50.0,68.0,2316,166.27,87837989085266
3542.0,1,0.00,51.0,54.0,54.0,39.0,52.0,1089,47.83,48142794475708
3542.0,2,0.00,54.0,58.0,58.0,41.0,56.0,1174,47.10,43834939757446
3543.0,3,0.00,56.0,58.0,58.0,42.0,57.0,1247,47.56,44361948279418
3548.0,0,0.00,64.0,82.0,82.0,48.0,66.0,2166,59.97,87838329733459
3548.0,1,0.00,50.0,54.0,54.0,39.0,52.0,1078,48.02,48143066732116
3548.0,2,0.00,54.0,58.0,58.0,41.0,56.0,1184,47.06,43835207036071
3548.0,3,0.00,56.0,58.0,58.0,42.0,58.0,1248,47.24,44362216617736
3553.0,0,0.00,63.0,82.0,82.0,48.0,64.0,1556,58.52,87838661554870
3554.0,1,0.00,50.0,54.0,54.0,39.0,52.0,1091,48.16,48143339820434
3554.0,2,0.00,53.0,58.0,58.0,41.0,56.0,1187,47.11,43835474177795
3554.0,3,0.00,55.0,58.0,58.0,42.0,57.0,1249,47.43,44362485547851
3559.0,0,99.99,67.0,76.0,76.0,51.0,69.0,1566,180.54,87839687045776
3559.0,1,0.00,51.0,54.0,54.0,39.0,52.0,1078,47.82,48143611447509
3559.0,2,0.00,54.0,58.0,58.0,42.0,56.0,1173,47.34,43835742576477
3560.0,3,0.00,55.0,58.0,58.0,42.0,57.0,1248,47.94,44362757359924
3565.0,0,97.62,70.0,74.0,76.0,52.0,70.0,1892,180.15,87840708513244
3565.0,1,0.00,51.0,54.0,54.0,39.0,52.0,1089,47.91,48143883552490
3565.0,2,0.00,53.0,58.0,58.0,42.0,55.0,1185,47.00,43836009523620
3565.0,3,0.00,55.0,58.0,58.0,42.0,57.0,1249,47.59,44363027685791
3570.0,0,,69.0,78.0,78.0,52.0,71.0,2243,193.02,87841802914001
3571.0,1,0.00,51.0,54.0,54.0,39.0,52.0,1079,48.17,48144156651062
3571.0,2,0.00,54.0,58.0,58.0,41.0,56.0,1184,47.07,43836276399719
3571.0,3,0.00,55.0,58.0,58.0,42.0,57.0,1247,47.75,44363298453552
3576.0,0,,69.0,78.0,78.0,52.0,70.0,2440,188.05,87842872923706
3576.0,1,0.00,51.0,54.0,54.0,39.0,52.0,1089,47.93,48144428883911
3576.0,2,0.00,54.0,58.0,58.0,41.0,56.0,1163,47.19,43836544466918
3577.0,3,0.00,55.0,58.0,58.0,42.0,57.0,1248,47.86,44363570297119
3582.0,0,99.99,72.0,76.0,78.0,52.0,71.0,2484,193.20,87843968366516
3582.0,1,0.00,51.0,54.0,54.0,39.0,52.0,1089,47.79,48144700355957
3582.0,2,0.00,53.0,58.0,58.0,41.0,55.0,1174,47.25,43836812855773
3582.0,3,0.00,55.0,58.0,58.0,42.0,57.0,1259,47.68,44363841128173
3587.0,0,,69.0,78.0,78.0,52.0,70.0,2528,192.32,87845060746154
3588.0,1,0.00,51.0,54.0,54.0,39.0,52.0,1090,47.98,48144972417846
3588.0,2,0.00,54.0,58.0,58.0,41.0,56.0,1175,47.00,43837079351318
3588.0,3,0.00,55.0,58.0,58.0,42.0,57.0,1248,47.69,44364111513610
3593.0,0,,69.0,78.0,78.0,52.0,70.0,2497,188.26,87846128193298
3593.0,1,0.00,51.0,54.0,54.0,39.0,52.0,1080,48.07,48145244958007
3593.0,2,0.00,54.0,58.0,58.0,42.0,56.0,1174,47.13,43837346596923
3594.0,3,0.00,56.0,58.0,58.0,42.0,57.0,1248,47.88,44364382965454
3599.0,0,,71.0,76.0,76.0,52.0,71.0,2451,196.93,87847246771545
3599.0,1,0.00,51.0,54.0,54.0,39.0,52.0,1089,47.89,48145516952514
3599.0,2,0.00,54.0,58.0,58.0,41.0,56.0,1184,47.20,43837614680175
3599.0,3,0.00,56.0,58.0,58.0,42.0,57.0,1258,47.92,44364655123779
3604.0,0,,68.0,78.0,80.0,52.0,70.0,2486,189.04,87848318643981
3605.0,1,0.00,51.0,54.0,54.0,39.0,52.0,1078,47.93,48145789173339
3605.0,2,0.00,54.0,58.0,58.0,41.0,56.0,1163,47.04,43837881876708
3605.0,3,0.00,56.0,58.0,58.0,42.0,58.0,1237,47.72,44364926178466
3610.0,0,,72.0,78.0,78.0,52.0,71.0,2489,191.27,87849406978271
3610.0,1,0.00,51.0,54.0,54.0,39.0,52.0,1086,48.09,48146062831359
3610.0,2,0.00,54.0,58.0,58.0,42.0,56.0,1171,47.05,43838149582580
3611.0,3,0.00,56.0,58.0,58.0,42.0,57.0,1255,47.76,44365197959289
3616.0,0,,69.0,78.0,78.0,52.0,70.0,2495,194.29,87850510524047
3616.0,1,0.00,50.0,54.0,54.0,39.0,52.0,1089,48.23,48146336307495
3616.0,2,0.00,54.0,56.0,56.0,42.0,56.0,1184,47.19,43838417154846
3616.0,3,0.00,56.0,58.0,58.0,42.0,57.0,1258,47.88,44365469943725
3622.0,0,,69.0,80.0,78.0,52.0,70.0,2482,188.23,87851579645019
3622.0,1,0.00,51.0,54.0,54.0,39.0,52.0,1088,47.77,48146608095458
3622.0,2,0.00,54.0,56.0,56.0,42.0,56.0,1183,47.25,43838685998168
3622.0,3,0.00,56.0,58.0,58.0,42.0,58.0,1246,48.02,44365742703918
3627.0,0,,71.0,78.0,78.0,52.0,71.0,2493,192.23,87852671505004
3627.0,1,0.00,50.0,54.0,54.0,39.0,52.0,1089,47.98,48146880593994
3628.0,2,0.00,54.0,56.0,56.0,41.0,56.0,1173,47.05,43838953216552
3628.0,3,0.00,56.0,58.0,58.0,42.0,57.0,1249,47.67,44366013442504
3633.0,0,,69.0,78.0,78.0,52.0,70.0,2484,193.70,87853771738220
3633.0,1,0.00,51.0,54.0,54.0,39.0,52.0,1078,48.17,48147153728942
3633.0,2,0.00,54.0,56.0,56.0,41.0,56.0,1184,47.09,43839220713317
3633.0,3,0.00,56.0,58.0,58.0,42.0,58.0,1257,47.81,44366285020996
3639.0,0,,69.0,80.0,80.0,51.0,70.0,2494,188.18,87854840610717
3639.0,1,0.00,51.0,54.0,54.0,39.0,52.0,1089,47.90,48147425787109
3639.0,2,0.00,54.0,56.0,56.0,41.0,56.0,1184,47.25,43839488620239
3639.0,3,0.00,56.0,58.0,58.0,42.0,57.0,1247,47.91,44366557167480
3644.0,0,,69.0,78.0,78.0,52.0,70.0,2452,193.60,87855938318603
3644.0,1,0.00,51.0,54.0,54.0,39.0,52.0,1089,47.93,48147698045104
3645.0,2,0.00,54.0,56.0,56.0,42.0,56.0,1163,47.00,43839755571777
3645.0,3,0.00,56.0,58.0,58.0,42.0,57.0,1248,47.79,44366828117370
3650.0,0,,69.0,80.0,80.0,52.0,70.0,2484,192.60,87857032293395
3650.0,1,0.00,50.0,54.0,54.0,39.0,52.0,1089,48.11,48147970802551
3650.0,2,0.00,54.0,56.0,56.0,42.0,56.0,1183,47.11,43840023174011
3650.0,3,0.00,56.0,58.0,58.0,42.0,57.0,1258,47.83,44367099810791
3656.0,0,,69.0,80.0,80.0,52.0,70.0,2494,188.07,87858100553039
3656.0,1,0.00,51.0,54.0,54.0,39.0,52.0,1079,48.16,48148244341003
3656.0,2,0.00,54.0,58.0,58.0,41.0,56.0,1185,47.24,43840291050720
3656.0,3,0.00,56.0,58.0,58.0,42.0,58.0,1248,47.84,44367371556579
3661.0,0,,69.0,78.0,78.0,52.0,71.0,2421,197.00,87859219539855
3661.0,1,0.00,51.0,54.0,54.0,39.0,52.0,1089,47.88,48148516303100
3662.0,2,0.00,54.0,58.0,58.0,42.0,56.0,1174,47.18,43840559009460
3662.0,3,0.00,56.0,58.0,58.0,43.0,58.0,1248,47.99,44367643678771
3667.0,0,,69.0,80.0,80.0,52.0,70.0,2475,188.54,87860288584472
3667.0,1,0.00,50.0,54.0,54.0,39.0,52.0,1079,47.94,48148788144470
3667.0,2,0.00,54.0,58.0,58.0,41.0,56.0,1184,47.04,43840826203002
3667.0,3,0.00,56.0,58.0,58.0,43.0,58.0,1248,47.76,44367914973999
3673.0,0,,68.0,78.0,78.0,51.0,70.0,2494,190.52,87861370750671
3673.0,1,0.00,51.0,54.0,54.0,39.0,52.0,1089,48.10,48149061373413
3673.0,2,0.00,54.0,58.0,58.0,42.0,56.0,1183,47.07,43841093575683
3673.0,3,0.00,56.0,58.0,58.0,43.0,58.0,1247,47.79,44368186422485
3678.0,0,99.99,69.0,78.0,78.0,52.0,70.0,2483,195.23,87862479634033
3678.0,1,0.00,51.0,54.0,54.0,39.0,52.0,1089,47.90,48149333458496
3679.0,2,0.00,54.0,58.0,58.0,42.0,56.0,1174,47.24,43841361447448
3679.0,3,0.00,56.0,58.0,58.0,42.0,58.0,1248,47.88,44368458382324
3684.0,0,,69.0,80.0,80.0,51.0,70.0,2486,188.45,87863548149047
3684.0,1,0.00,51.0,54.0,54.0,39.0,52.0,1089,47.88,48149605441345
3684.0,2,0.00,54.0,58.0,58.0,42.0,56.0,1184,47.30,43841630085632
3684.0,3,0.00,56.0,58.0,58.0,43.0,58.0,1258,47.84,44368729632629
3690.0,0,35.57,65.0,80.0,80.0,50.0,67.0,2441,159.14,87864452083740
3690.0,1,0.00,51.0,54.0,54.0,39.0,52.0,1079,48.03,48149878273132
3690.0,2,0.00,54.0,58.0,58.0,42.0,56.0,1182,47.24,43841898863708
3690.0,3,0.00,56.0,58.0,58.0,43.0,58.0,1246,47.72,44369001181701
3695.0,0,0.00,64.0,80.0,80.0,48.0,65.0,2059,59.55,87864790950866
3696.0,1,0.00,50.0,54.0,54.0,39.0,52.0,1089,48.17,48150151900268
3696.0,2,0.00,54.0,58.0,58.0,42.0,56.0,1187,47.10,43842165945922
3696.0,3,0.00,56.0,58.0,58.0,42.0,58.0,1250,47.35,44369269657836
3701.0,0,0.00,68.0,68.0,74.0,50.0,67.0,1526,61.29,87865137861206
3701.0,1,0.00,51.0,54.0,54.0,39.0,52.0,1080,47.85,48150422759399
3701.0,2,0.00,54.0,58.0,58.0,42.0,56.0,1165,47.29,43842433623352
3701.0,3,0.00,55.0,58.0,58.0,42.0,57.0,1249,47.60,44369539533447
3707.0,0,,67.0,76.0,76.0,51.0,68.0,1531,180.75,87866164529541
3707.0,1,0.00,51.0,54.0,54.0,39.0,52.0,1088,47.82,48150694841796
3707.0,2,0.00,54.0,58.0,58.0,42.0,56.0,1183,47.01,43842701102539
3707.0,3,0.00,56.0,58.0,58.0,42.0,58.0,1247,47.68,44369810351745
3712.0,0,97.66,70.0,74.0,74.0,52.0,70.0,1798,181.10,87867193178100
3713.0,1,0.00,51.0,54.0,54.0,39.0,52.0,1089,48.10,48150967563720
3713.0,2,0.00,54.0,58.0,58.0,42.0,56.0,1184,47.22,43842968833312
3713.0,3,0.00,55.0,58.0,58.0,42.0,57.0,1248,47.73,44370080998046
3718.0,0,,69.0,76.0,76.0,52.0,70.0,2240,198.94,87868323153259
3718.0,1,0.00,51.0,54.0,54.0,39.0,52.0,1079,47.77,48151238885864
3718.0,2,0.00,54.0,58.0,58.0,41.0,56.0,1164,47.11,43843236404907
3719.0,3,0.00,55.0,58.0,58.0,42.0,57.0,1248,47.59,44370351330017
3724.0,0,,69.0,78.0,78.0,52.0,70.0,2505,196.82,87869439105712
3724.0,1,0.00,51.0,54.0,54.0,39.0,52.0,1088,47.98,48151511392761
3724.0,2,0.00,54.0,58.0,58.0,42.0,56.0,1183,47.22,43843504604125
3724.0,3,0.00,55.0,58.0,58.0,42.0,57.0,1245,47.74,44370622467834
3729.0,0,,70.0,78.0,78.0,52.0,70.0,2485,196.47,87870555050292
3730.0,1,0.00,51.0,54.0,54.0,39.0,52.0,1090,48.04,48151783789794
3730.0,2,0.00,54.0,58.0,58.0,42.0,56.0,1185,47.10,43843771660095
3730.0,3,0.00,56.0,58.0,58.0,42.0,57.0,1250,47.80,44370893498535
3735.0,0,,70.0,76.0,76.0,52.0,71.0,2582,201.10,87871695279602
3735.0,1,0.00,51.0,54.0,54.0,39.0,52.0,1080,48.13,48152056686157
3735.0,2,0.00,54.0,58.0,58.0,41.0,56.0,1175,47.18,43844039149353
3736.0,3,0.00,56.0,58.0,58.0,42.0,58.0,1249,47.88,44371164963623
3741.0,0,,69.0,78.0,78.0,52.0,70.0,2782,198.07,87872818326171
3741.0,1,0.00,51.0,54.0,54.0,39.0,52.0,1090,47.85,48152328451171
3741.0,2,0.00,54.0,58.0,58.0,42.0,56.0,1173,47.19,43844307165832
3741.0,3,0.00,56.0,58.0,58.0,43.0,58.0,1246,47.82,44371437051086
3746.0,0,,69.0,78.0,80.0,52.0,70.0,2534,196.52,87873936543518
3747.0,1,0.00,51.0,54.0,54.0,39.0,52.0,1088,47.95,48152600805541
3747.0,2,0.00,54.0,58.0,58.0,41.0,56.0,1184,46.93,43844573744384
3747.0,3,0.00,56.0,58.0,58.0,43.0,57.0,1248,47.74,44371707739257
3752.0,0,,71.0,76.0,78.0,52.0,71.0,2494,198.92,87875066411804
3752.0,1,0.00,51.0,54.0,54.0,39.0,52.0,1089,47.93,48152873045837
3752.0,2,0.00,54.0,58.0,58.0,42.0,56.0,1174,47.07,43844841103942
3753.0,3,0.00,56.0,58.0,58.0,43.0,57.0,1258,47.82,44371979343994
3758.0,0,100.00,69.0,78.0,78.0,52.0,71.0,2569,199.08,87876195201416
3758.0,1,0.00,51.0,54.0,54.0,39.0,52.0,1079,48.20,48153146327026
3758.0,2,0.00,54.0,58.0,58.0,42.0,56.0,1185,47.18,43845108588378
3758.0,3,0.00,56.0,58.0,58.0,43.0,58.0,1249,47.84,44372250572265
3763.0,0,100.00,69.0,80.0,80.0,52.0,70.0,2616,197.51,87877315102355
3764.0,1,0.00,51.0,54.0,54.0,39.0,52.0,1080,47.84,48153417583923
3764.0,2,0.00,54.0,58.0,58.0,41.0,56.0,1165,47.18,43845376116516
3764.0,3,0.00,56.0,58.0,58.0,42.0,58.0,1249,47.88,44372522513427
3769.0,0,,70.0,76.0,76.0,52.0,71.0,2494,198.98,87878445301940
3769.0,1,0.00,51.0,54.0,54.0,39.0,52.0,1089,47.99,48153690165771
3769.0,2,0.00,54.0,58.0,58.0,41.0,56.0,1173,47.09,43845643579956
3770.0,3,0.00,56.0,58.0,58.0,43.0,58.0,1257,47.87,44372794422241
3775.0,0,100.00,69.0,78.0,76.0,52.0,71.0,2483,198.70,87879573914611
3775.0,1,0.00,51.0,54.0,54.0,39.0,52.0,1088,48.13,48153963564025
3775.0,2,0.00,54.0,58.0,58.0,42.0,56.0,1184,47.18,43845911546813
3775.0,3,0.00,56.0,58.0,58.0,43.0,58.0,1258,47.95,44373066277282
3780.0,0,,69.0,78.0,78.0,52.0,70.0,2728,198.52,87880699508911
3781.0,1,0.00,51.0,54.0,54.0,39.0,52.0,1089,47.86,48154235412109
3781.0,2,0.00,54.0,58.0,58.0,42.0,56.0,1184,47.65,43846182185791
3781.0,3,0.00,56.0,58.0,58.0,42.0,58.0,1247,47.87,44373338168579
3786.0,0,,69.0,80.0,80.0,52.0,70.0,2526,196.85,87881817610168
3786.0,1,0.00,51.0,54.0,54.0,39.0,52.0,1079,48.00,48154507593933
3786.0,2,0.00,54.0,58.0,58.0,42.0,56.0,1174,46.96,43846448448974
3787.0,3,0.00,56.0,58.0,58.0,43.0,58.0,1249,47.66,44373608883972
3792.0,0,,69.0,78.0,80.0,52.0,70.0,2497,198.65,87882943944213
3792.0,1,0.00,51.0,54.0,54.0,39.0,52.0,1090,47.88,48154779575073
3792.0,2,0.00,54.0,58.0,58.0,41.0,56.0,1185,47.04,43846715640625
3792.0,3,0.00,56.0,58.0,58.0,43.0,58.0,1248,47.82,44373879995056
3798.0,0,,69.0,78.0,78.0,52.0,70.0,2603,199.27,87884075812500
3798.0,1,0.00,51.0,54.0,54.0,39.0,52.0,1080,48.13,48155052463684
3798.0,2,0.00,54.0,58.0,58.0,42.0,56.0,1186,47.16,43846983043884
3798.0,3,0.00,56.0,58.0,58.0,43.0,58.0,1239,47.82,44374151155029
3803.0,0,,69.0,80.0,80.0,52.0,70.0,2582,197.80,87885197346313
3803.0,1,0.00,51.0,54.0,54.0,39.0,53.0,1089,47.91,48155324141113
3803.0,2,0.00,54.0,58.0,58.0,41.0,56.0,1163,47.20,43847250660156
3804.0,3,0.00,56.0,58.0,58.0,43.0,58.0,1247,47.83,44374422853881
3809.0,0,,69.0,80.0,78.0,52.0,70.0,2493,198.11,87886322638671
3809.0,1,0.00,51.0,54.0,54.0,39.0,52.0,1088,47.99,48155596752197
3809.0,2,0.00,54.0,58.0,58.0,42.0,56.0,1183,46.92,43847517651672
3809.0,3,0.00,56.0,58.0,58.0,43.0,58.0,1246,47.88,44374694821899
3815.0,0,,69.0,78.0,78.0,52.0,71.0,2557,199.35,87887454940673
3815.0,1,0.00,51.0,54.0,54.0,39.0,52.0,1079,48.02,48155869479858
3815.0,2,0.00,54.0,58.0,58.0,41.0,56.0,1185,47.19,43847785243896
3815.0,3,0.00,56.0,58.0,58.0,43.0,58.0,1238,47.95,44374966700988
3820.0,0,100.00,69.0,78.0,78.0,52.0,70.0,2668,198.39,87888579798889
3820.0,1,0.00,51.0,54.0,54.0,39.0,52.0,1090,47.96,48156141385986
3821.0,2,0.00,54.0,58.0,58.0,42.0,56.0,1165,47.22,43848052987670
3821.0,3,0.00,56.0,58.0,58.0,43.0,57.0,1250,47.94,44375238506286
3826.0,0,,69.0,80.0,80.0,52.0,71.0,2517,197.69,87889700713317
3826.0,1,0.00,51.0,54.0,54.0,39.0,52.0,1079,47.97,48156413369201
3826.0,2,0.00,54.0,58.0,58.0,42.0,56.0,1185,47.24,43848320848449
3826.0,3,0.00,56.0,58.0,58.0,43.0,58.0,1258,47.73,44375509631225
3832.0,0,,69.0,78.0,78.0,52.0,71.0,2493,198.76,87890829649841
3832.0,1,0.00,51.0,54.0,54.0,39.0,52.0,1088,47.97,48156685863281
3832.0,2,0.00,54.0,58.0,58.0,42.0,56.0,1183,46.92,43848587841674
3832.0,3,0.00,56.0,58.0,58.0,43.0,58.0,1246,47.87,44375781514465
3837.0,0,100.00,69.0,76.0,76.0,52.0,71.0,2641,200.91,87891970846862
3837.0,1,0.00,51.0,54.0,54.0,39.0,52.0,1089,48.01,48156958578430
3838.0,2,0.00,54.0,58.0,58.0,42.0,56.0,1174,47.24,43848855706909
3838.0,3,0.00,56.0,58.0,58.0,43.0,57.0,1249,47.93,44376053289245
3843.0,0,,69.0,80.0,80.0,52.0,70.0,2601,196.73,87893086314025
3843.0,1,0.00,51.0,54.0,54.0,39.0,52.0,1089,47.85,48157230373107
3843.0,2,0.00,54.0,58.0,58.0,41.0,56.0,1173,47.14,43849123464538
3843.0,3,0.00,56.0,58.0,58.0,43.0,58.0,1279,47.90,44376325362670
3849.0,0,,71.0,76.0,76.0,52.0,71.0,2494,199.50,87894219494689
3849.0,1,0.00,51.0,54.0,54.0,39.0,52.0,1078,47.95,48157502705688
3849.0,2,0.00,54.0,58.0,58.0,41.0,56.0,1185,46.93,43849389998962
3849.0,3,0.00,56.0,58.0,58.0,43.0,58.0,1247,47.81,44376596923706
3854.0,0,,69.0,78.0,78.0,52.0,71.0,2641,198.92,87895349332397
3854.0,1,0.00,51.0,54.0,54.0,39.0,52.0,1088,48.09,48157775849304
3855.0,2,0.00,54.0,58.0,58.0,42.0,56.0,1163,47.15,43849657783142
3855.0,3,0.00,56.0,58.0,58.0,43.0,58.0,1248,47.94,44376869228942
3860.0,0,,69.0,80.0,80.0,52.0,70.0,2549,197.00,87896468275939
3860.0,1,0.00,51.0,54.0,54.0,39.0,52.0,1090,48.21,48158049198852
3860.0,2,0.00,54.0,58.0,58.0,42.0,56.0,1185,47.27,43849925799926
3860.0,3,0.00,56.0,58.0,58.0,43.0,58.0,1280,48.00,44377141402770
3866.0,0,,69.0,80.0,80.0,52.0,71.0,2494,192.45,87897561407043
3866.0,1,0.00,51.0,54.0,54.0,39.0,52.0,1078,47.99,48158321779724
3866.0,2,0.00,54.0,58.0,58.0,41.0,56.0,1184,47.24,43850194137878
3866.0,3,0.00,56.0,58.0,58.0,43.0,58.0,1257,48.00,44377414026123
3871.0,0,26.40,65.0,80.0,80.0,50.0,67.0,2431,153.38,87898431052368
3871.0,1,0.00,51.0,54.0,54.0,39.0,52.0,1087,47.98,48158594811950
3872.0,2,0.00,54.0,58.0,58.0,42.0,56.0,1172,47.02,43850461669982
3872.0,3,0.00,56.0,58.0,58.0,43.0,58.0,1247,47.62,44377684987548
3877.0,0,0.00,63.0,80.0,80.0,48.0,65.0,2029,59.42,87898768571472
3877.0,1,0.00,51.0,54.0,54.0,39.0,52.0,1091,47.97,48158866319763
3877.0,2,0.00,54.0,58.0,58.0,42.0,56.0,1176,47.29,43850729322448
3877.0,3,0.00,56.0,58.0,58.0,43.0,58.0,1248,47.49,44377954282409
3883.0,0,0.00,63.0,80.0,80.0,48.0,64.0,1502,58.37,87899100089782
3883.0,1,0.00,51.0,54.0,54.0,39.0,52.0,1079,47.70,48159137227844
3883.0,2,0.00,54.0,58.0,58.0,41.0,55.0,1185,47.31,43850998046875
3883.0,3,0.00,56.0,58.0,58.0,43.0,58.0,1249,47.48,44378223469177
3888.0,0,100.00,67.0,76.0,76.0,50.0,68.0,1545,180.35,87900122679870
3888.0,1,0.00,51.0,54.0,54.0,39.0,52.0,1090,47.97,48159409201171
3889.0,2,0.00,54.0,58.0,58.0,42.0,55.0,1173,47.20,43851266140258
3889.0,3,0.00,56.0,58.0,58.0,42.0,58.0,1258,47.58,44378493700561
3894.0,0,97.41,70.0,74.0,74.0,51.0,70.0,1851,180.43,87901145743103
3894.0,1,0.00,51.0,54.0,54.0,39.0,52.0,1089,48.01,48159681901000
3894.0,2,0.00,54.0,58.0,58.0,42.0,56.0,1184,47.15,43851533461608
3894.0,3,0.00,55.0,58.0,58.0,42.0,58.0,1258,47.85,44378765018615
3900.0,0,,71.0,74.0,74.0,52.0,70.0,2241,200.33,87902283600891
3900.0,1,0.00,51.0,54.0,54.0,39.0,52.0,1079,48.14,48159954872070
3900.0,2,0.00,54.0,58.0,58.0,41.0,56.0,1185,47.21,43851801632080
3900.0,3,0.00,56.0,58.0,58.0,42.0,58.0,1238,47.60,44379035411987
3905.0,0,,69.0,74.0,74.0,52.0,70.0,2719,200.06,87903417924011
3906.0,1,0.00,51.0,54.0,54.0,39.0,52.0,1090,47.82,48160226465454
3906.0,2,0.00,54.0,58.0,58.0,42.0,56.0,1174,47.30,43852069809387
3906.0,3,0.00,56.0,58.0,58.0,43.0,58.0,1248,47.74,44379306114013
3911.0,0,,69.0,78.0,78.0,52.0,70.0,2652,198.89,87904547643249
3911.0,1,0.00,51.0,54.0,54.0,39.0,52.0,1079,48.14,48160499396545
3911.0,2,0.00,54.0,58.0,58.0,42.0,56.0,1173,47.02,43852336880981
3912.0,3,0.00,56.0,58.0,58.0,43.0,58.0,1247,47.86,44379577940185
3917.0,0,,69.0,78.0,78.0,52.0,70.0,2504,200.04,87905683863403
3917.0,1,0.00,51.0,54.0,54.0,39.0,52.0,1088,48.11,48160773123229
3917.0,2,0.00,54.0,58.0,58.0,42.0,56.0,1173,47.19,43852604910522
3917.0,3,0.00,56.0,58.0,58.0,43.0,58.0,1247,47.97,44379850423034
3922.0,0,,71.0,76.0,76.0,52.0,70.0,2484,200.43,87906822292602
3923.0,1,0.00,51.0,54.0,54.0,39.0,52.0,1089,48.03,48161045427001
3923.0,2,0.00,54.0,58.0,58.0,41.0,56.0,1184,47.30,43852873576721
3923.0,3,0.00,56.0,58.0,58.0,43.0,58.0,1248,48.03,44380123243835
3928.0,0,,71.0,74.0,74.0,52.0,71.0,2673,200.12,87907958959533
3928.0,1,0.00,51.0,54.0,54.0,39.0,52.0,1089,47.95,48161317810302
3928.0,2,0.00,54.0,58.0,58.0,41.0,56.0,1152,47.22,43853141336059
3929.0,3,0.00,56.0,58.0,58.0,43.0,58.0,1258,47.66,44380393947814
3934.0,0,,70.0,74.0,74.0,52.0,71.0,2801,200.23,87909096284667
3934.0,1,0.00,51.0,54.0,54.0,39.0,52.0,1089,47.93,48161590055480
3934.0,2,0.00,54.0,58.0,58.0,42.0,56.0,1184,47.03,43853408456787
3934.0,3,0.00,56.0,58.0,58.0,43.0,58.0,1247,47.83,44380665618164
3939.0,0,,69.0,78.0,78.0,52.0,70.0,2780,198.98,87910226495666
3940.0,1,0.00,51.0,54.0,54.0,39.0,52.0,1079,48.03,48161862867370
3940.0,2,0.00,54.0,58.0,58.0,42.0,56.0,1185,47.11,43853676031677
3940.0,3,0.00,56.0,58.0,58.0,43.0,58.0,1248,48.00,44380937764587
3945.0,0,,69.0,78.0,78.0,52.0,70.0,2527,200.11,87911361124023
3945.0,1,0.00,51.0,54.0,54.0,39.0,52.0,1089,47.98,48162135388061
3945.0,2,0.00,54.0,58.0,58.0,41.0,56.0,1173,47.28,43853944580749
3946.0,3,0.00,56.0,58.0,58.0,43.0,58.0,1258,48.01,44381210457519
3951.0,0,,70.0,76.0,76.0,52.0,70.0,2494,200.61,87912500575439
3951.0,1,0.00,51.0,54.0,54.0,39.0,52.0,1089,48.16,48162408455749
3951.0,2,0.00,54.0,58.0,58.0,42.0,56.0,1184,47.02,43854211660278
3951.0,3,0.00,56.0,58.0,58.0,43.0,58.0,1257,47.90,44381482554748
3956.0,0,,69.0,76.0,76.0,52.0,71.0,2557,200.03,87913636763732
3957.0,1,0.00,51.0,54.0,54.0,39.0,52.0,1078,48.11,48162681748901
3957.0,2,0.00,54.0,58.0,58.0,42.0,56.0,1184,47.16,43854479062072
3957.0,3,0.00,56.0,58.0,58.0,43.0,58.0,1249,47.89,44381754104553
3962.0,0,,69.0,76.0,76.0,52.0,70.0,2772,199.49,87914767873291
3962.0,1,0.00,51.0,54.0,54.0,39.0,52.0,1090,48.08,48162954380004
3962.0,2,0.00,54.0,58.0,58.0,42.0,56.0,1175,47.29,43854747198303
3963.0,3,0.00,56.0,58.0,58.0,43.0,58.0,1248,47.83,44382025789184
3968.0,0,,70.0,74.0,74.0,52.0,69.0,2729,200.49,87915904664062
3968.0,1,0.00,51.0,54.0,54.0,39.0,52.0,1079,47.87,48163226270751
3968.0,2,0.00,54.0,58.0,58.0,41.0,55.0,1185,47.20,43855015272460
3968.0,3,0.00,56.0,58.0,58.0,43.0,58.0,1249,47.90,44382297376708
3973.0,0,,68.0,78.0,78.0,52.0,70.0,2507,199.23,87917036305786
3974.0,1,0.00,51.0,54.0,54.0,39.0,52.0,1089,48.11,48163499075988
3974.0,2,0.00,54.0,58.0,58.0,41.0,56.0,1185,47.03,43855281957824
3974.0,3,0.00,56.0,58.0,58.0,43.0,58.0,1248,47.84,44382569124389
3979.0,0,,71.0,76.0,76.0,52.0,70.0,2493,200.45,87918174878967
3979.0,1,0.00,51.0,54.0,54.0,39.0,52.0,1089,48.16,48163772603271
3979.0,2,0.00,54.0,58.0,58.0,42.0,56.0,1152,47.21,43855550120544
3980.0,3,0.00,56.0,58.0,58.0,43.0,58.0,1269,48.11,44382841886657
3985.0,0,,71.0,76.0,76.0,52.0,70.0,2526,200.25,87919310278442
3985.0,1,0.00,51.0,54.0,54.0,39.0,52.0,1079,47.95,48164044504211
3985.0,2,0.00,54.0,58.0,58.0,41.0,56.0,1185,47.27,43855818596191
3985.0,3,0.00,56.0,58.0,58.0,43.0,58.0,1269,47.87,44383113791015
3991.0,0,,71.0,74.0,74.0,52.0,70.0,2771,200.01,87920446317504
3991.0,1,0.00,51.0,54.0,54.0,39.0,52.0,1089,47.99,48164317115722
3991.0,2,0.00,54.0,58.0,58.0,42.0,56.0,1163,47.06,43856085400085
3991.0,3,0.00,56.0,58.0,58.0,43.0,58.0,1237,47.71,44383384773864
3996.0,0,,68.0,76.0,76.0,52.0,70.0,2791,199.67,87921580440551
3996.0,1,0.00,51.0,54.0,54.0,39.0,52.0,1089,47.99,48164589682434
3997.0,2,0.00,54.0,58.0,58.0,42.0,56.0,1174,46.98,43856352239318
3997.0,3,0.00,56.0,58.0,58.0,43.0,58.0,1249,47.92,44383656505737
4002.0,0,100.00,69.0,78.0,78.0,52.0,70.0,2530,199.51,87922711682617
4002.0,1,0.00,51.0,54.0,54.0,39.0,52.0,1080,48.13,48164862587890
4002.0,2,0.00,54.0,58.0,58.0,42.0,56.0,1186,47.19,43856619790283
4002.0,3,0.00,56.0,58.0,58.0,43.0,58.0,1281,48.06,44383929025817
4008.0,0,100.00,71.0,76.0,76.0,52.0,71.0,2497,200.73,87923849814392
4008.0,1,0.00,51.0,54.0,54.0,39.0,52.0,1090,47.96,48165134516296
4008.0,2,0.00,54.0,58.0,58.0,42.0,56.0,1185,47.37,43856888352172
4008.0,3,0.00,56.0,58.0,58.0,43.0,58.0,1259,48.11,44384201809814
4013.0,0,,70.0,74.0,74.0,52.0,70.0,2497,200.14,87924984609313
4013.0,1,0.00,51.0,54.0,54.0,39.0,52.0,1079,48.09,48165407174133
4014.0,2,0.00,54.0,58.0,58.0,42.0,56.0,1174,46.91,43857154776489
4014.0,3,0.00,56.0,58.0,58.0,43.0,57.0,1279,47.75,44384473051269
4019.0,0,100.00,71.0,76.0,76.0,52.0,70.0,2752,199.78,87926117351928
4019.0,1,0.00,51.0,54.0,54.0,39.0,52.0,1091,48.01,48165679386230
4019.0,2,0.00,54.0,58.0,58.0,42.0,55.0,1186,47.04,43857421505493
4019.0,3,0.00,56.0,58.0,58.0,43.0,58.0,1250,47.92,44384744767761
4025.0,0,,69.0,78.0,78.0,52.0,70.0,2726,199.52,87927250616149
4025.0,1,0.00,51.0,54.0,54.0,39.0,52.0,1088,48.07,48165952879272
4025.0,2,0.00,54.0,58.0,58.0,41.0,56.0,1183,47.25,43857689885742
4025.0,3,0.00,56.0,58.0,58.0,43.0,58.0,1246,48.04,44385017634582
4030.0,0,,70.0,74.0,74.0,52.0,70.0,2568,200.63,87928390186340
4030.0,1,0.00,51.0,54.0,54.0,39.0,52.0,1089,48.00,48166225039733
4031.0,2,0.00,54.0,58.0,58.0,42.0,56.0,1173,47.29,43857958515563
4031.0,3,0.00,56.0,58.0,58.0,43.0,58.0,1279,47.73,44385288731506
4036.0,0,,69.0,78.0,78.0,52.0,70.0,2504,199.40,87929522750976
4036.0,1,0.00,51.0,54.0,54.0,39.0,53.0,1079,48.12,48166498381896
4036.0,2,0.00,54.0,58.0,58.0,42.0,56.0,1185,47.11,43858225605224
4036.0,3,0.00,56.0,58.0,58.0,43.0,58.0,1270,47.95,44385560632995
4042.0,0,,70.0,78.0,78.0,52.0,70.0,2498,200.03,87930656912719
4042.0,1,0.00,51.0,54.0,54.0,39.0,52.0,1090,48.21,48166771720031
4042.0,2,0.00,54.0,58.0,58.0,42.0,56.0,1185,47.21,43858493282653
4042.0,3,0.00,56.0,58.0,58.0,43.0,58.0,1216,47.98,44385833158630
4047.0,0,99.99,69.0,76.0,76.0,52.0,70.0,2685,200.19,87931794009643
4047.0,1,0.00,51.0,54.0,54.0,39.0,52.0,1079,47.82,48167043316772
4048.0,2,0.00,54.0,58.0,58.0,42.0,56.0,1174,47.21,43858761449768
4048.0,3,0.00,56.0,58.0,58.0,43.0,58.0,1248,47.90,44386104746826
4053.0,0,,69.0,76.0,76.0,52.0,70.0,2749,200.28,87932929583251
4053.0,1,0.00,51.0,54.0,54.0,39.0,52.0,1089,48.08,48167316407653
4053.0,2,0.00,54.0,58.0,58.0,42.0,56.0,1174,47.00,43859028424316
4053.0,3,0.00,56.0,58.0,58.0,43.0,58.0,1279,47.74,44386375930114
4059.0,0,,69.0,78.0,78.0,52.0,70.0,2737,199.36,87934061939514
4059.0,1,0.00,51.0,54.0,54.0,39.0,52.0,1089,48.11,48167589184997
4059.0,2,0.00,54.0,58.0,58.0,42.0,56.0,1184,46.99,43859295353881
4059.0,3,0.00,56.0,58.0,58.0,43.0,58.0,1269,47.87,44386647832824
4064.0,0,,69.0,78.0,78.0,52.0,70.0,2506,199.94,87935197582519
4064.0,1,0.00,51.0,54.0,54.0,39.0,52.0,1079,48.10,48167862388427
4065.0,2,0.00,54.0,58.0,58.0,42.0,56.0,1174,47.23,43859563143615
4065.0,3,0.00,56.0,58.0,58.0,43.0,58.0,1269,48.07,44386920406188
4070.0,0,,71.0,74.0,76.0,52.0,70.0,2496,200.71,87936335612121
4070.0,1,0.00,51.0,54.0,54.0,39.0,52.0,1089,48.02,48168135115051
4070.0,2,0.00,54.0,58.0,58.0,42.0,56.0,1173,47.36,43859832152770
4070.0,3,0.00,56.0,58.0,58.0,43.0,58.0,1279,48.08,44387193475646
4076.0,0,,70.0,78.0,76.0,52.0,71.0,2557,199.58,87937469248046
4076.0,1,0.00,51.0,54.0,54.0,39.0,52.0,1089,48.17,48168408260559
4076.0,2,0.00,54.0,58.0,58.0,41.0,56.0,1185,47.10,43860099205078
4076.0,3,0.00,56.0,58.0,58.0,43.0,58.0,1270,47.94,44387465282470
4081.0,0,,71.0,76.0,76.0,52.0,70.0,2728,200.36,87938605299072
4081.0,1,0.00,51.0,54.0,54.0,39.0,52.0,1079,48.02,48168680995178
4082.0,2,0.00,54.0,58.0,58.0,42.0,56.0,1174,47.01,43860366232788
4082.0,3,0.00,56.0,58.0,58.0,43.0,58.0,1270,47.90,44387737362731
4087.0,0,,70.0,74.0,74.0,51.0,70.0,2730,200.23,87939742607238
4087.0,1,0.00,51.0,54.0,54.0,39.0,52.0,1090,47.91,48168952622131
4087.0,2,0.00,54.0,58.0,58.0,41.0,56.0,1175,47.29,43860634375915
4087.0,3,0.00,56.0,58.0,58.0,43.0,58.0,1280,47.94,44388009171142
4093.0,0,,70.0,78.0,78.0,52.0,71.0,2489,199.39,87940871141723
4093.0,1,0.00,51.0,54.0,54.0,39.0,52.0,1080,47.96,48169224531188
4093.0,2,0.00,54.0,58.0,58.0,42.0,56.0,1185,47.33,43860902725036
4093.0,3,0.00,56.0,58.0,58.0,43.0,58.0,1270,47.84,44388280408264
4098.0,0,,71.0,76.0,76.0,52.0,71.0,2484,200.42,87942009517761
4098.0,1,0.00,51.0,54.0,54.0,39.0,52.0,1089,48.23,48169497992553
4099.0,2,0.00,54.0,58.0,58.0,41.0,56.0,1163,47.04,43861169890563
4099.0,3,0.00,56.0,58.0,58.0,43.0,58.0,1268,47.94,44388552697875
4104.0,0,,70.0,78.0,78.0,52.0,70.0,2627,199.41,87943144162353
4104.0,1,0.00,51.0,54.0,54.0,39.0,52.0,1086,47.96,48169771367797
4104.0,2,0.00,54.0,58.0,58.0,42.0,55.0,1182,47.13,43861438072937
4104.0,3,0.00,56.0,58.0,58.0,43.0,58.0,1277,47.99,44388825782165
4110.0,0,,69.0,78.0,78.0,52.0,70.0,2693,200.15,87944281012390
4110.0,1,0.00,51.0,54.0,54.0,39.0,52.0,1088,48.00,48170044030212
4110.0,2,0.00,54.0,58.0,58.0,42.0,56.0,1183,47.35,43861707020874
4110.0,3,0.00,56.0,58.0,58.0,43.0,57.0,1247,48.05,44389098703002
4115.0,0,100.00,71.0,76.0,76.0,52.0,70.0,2602,200.27,87945418551818
4116.0,1,0.00,50.0,54.0,54.0,39.0,52.0,1090,48.08,48170316619995
4116.0,2,0.00,54.0,58.0,58.0,42.0,56.0,1174,47.09,43861973993347
4116.0,3,0.00,56.0,58.0,58.0,43.0,58.0,1248,47.79,44389369664978
4121.0,0,,71.0,76.0,76.0,52.0,71.0,2653,199.64,87946552510192
4121.0,1,0.00,51.0,54.0,54.0,39.0,52.0,1078,48.05,48170589536071
4121.0,2,0.00,54.0,58.0,58.0,42.0,56.0,1173,47.05,43862241229248
4122.0,3,0.00,56.0,58.0,58.0,43.0,58.0,1279,47.91,44389641810363
4127.0,0,100.00,69.0,78.0,78.0,52.0,70.0,2580,199.88,87947685828979
4127.0,1,0.00,51.0,54.0,54.0,39.0,52.0,1089,48.00,48170861704650
4127.0,2,0.00,54.0,58.0,58.0,41.0,56.0,1185,47.16,43862509080017
4127.0,3,0.00,56.0,58.0,58.0,43.0,58.0,1269,48.07,44389914824890
4132.0,0,,69.0,78.0,78.0,52.0,70.0,2493,195.75,87948797681518
4133.0,1,0.00,51.0,54.0,54.0,39.0,52.0,1089,47.96,48171134125061
4133.0,2,0.00,54.0,58.0,58.0,42.0,56.0,1184,47.29,43862777681091
4133.0,3,0.00,56.0,58.0,58.0,43.0,57.0,1247,47.69,44390185679016
4138.0,0,70.74,66.0,80.0,80.0,50.0,68.0,2473,173.07,87949780737304
4138.0,1,0.00,51.0,54.0,54.0,39.0,52.0,1088,48.04,48171407473999
4138.0,2,0.00,54.0,58.0,58.0,42.0,56.0,1172,47.16,43863045559082
4139.0,3,0.00,56.0,58.0,58.0,43.0,58.0,1246,47.78,44390457091125
4144.0,0,0.00,63.0,80.0,80.0,48.0,66.0,2080,59.56,87950119022888
4144.0,1,0.00,51.0,54.0,54.0,39.0,52.0,1089,47.92,48171679687255
4144.0,2,0.00,54.0,58.0,58.0,42.0,56.0,1184,47.09,43863313048889
4144.0,3,0.00,56.0,58.0,58.0,43.0,58.0,1248,47.48,44390726780944
4149.0,0,0.00,63.0,80.0,80.0,48.0,64.0,1503,58.38,87950450635437
4150.0,1,0.00,51.0,54.0,54.0,39.0,52.0,1080,47.69,48171950065429
4150.0,2,0.00,53.0,58.0,58.0,41.0,56.0,1186,47.32,43863581341735
4150.0,3,0.00,56.0,58.0,58.0,43.0,58.0,1270,47.55,44390996366333
4155.0,0,,66.0,74.0,74.0,50.0,68.0,1513,143.31,87951263182739
4155.0,1,0.00,51.0,54.0,54.0,39.0,52.0,1090,47.97,48172222027404
4155.0,2,0.00,54.0,58.0,58.0,42.0,56.0,1175,47.09,43863848347900
4156.0,3,0.00,56.0,58.0,58.0,43.0,58.0,1270,47.53,44391265864807
4161.0,0,100.00,67.0,76.0,76.0,51.0,69.0,1692,177.82,87952271423706
4161.0,1,0.00,51.0,54.0,54.0,39.0,52.0,1079,48.16,48172495110595
4161.0,2,0.00,54.0,58.0,58.0,42.0,56.0,1185,47.05,43864115586059
4161.0,3,0.00,55.0,58.0,58.0,42.0,58.0,1227,47.75,44391537088134
4166.0,0,,70.0,74.0,74.0,52.0,70.0,2021,196.64,87953386385864
4167.0,1,0.00,51.0,54.0,54.0,39.0,52.0,1090,47.90,48172767184875
4167.0,2,0.00,54.0,58.0,58.0,41.0,56.0,1185,47.20,43864383188537
4167.0,3,0.00,56.0,58.0,58.0,43.0,58.0,1249,47.81,44391808176086
4172.0,0,,71.0,72.0,74.0,52.0,71.0,2560,199.74,87954520911071
4172.0,1,0.00,51.0,54.0,54.0,39.0,52.0,1079,47.81,48173038279113
4172.0,2,0.00,54.0,58.0,58.0,42.0,56.0,1164,47.38,43864651813964
4173.0,3,0.00,56.0,58.0,58.0,43.0,58.0,1258,47.70,44392078654968
4178.0,0,,71.0,72.0,74.0,52.0,70.0,2780,200.28,87955656478027
4178.0,1,0.00,51.0,54.0,54.0,39.0,52.0,1089,47.87,48173310200134
4178.0,2,0.00,54.0,58.0,58.0,42.0,56.0,1184,47.08,43864919226074
4178.0,3,0.00,56.0,58.0,58.0,42.0,58.0,1248,47.49,44392348386413
4184.0,0,,70.0,76.0,76.0,51.0,70.0,2803,198.03,87956781291687
4184.0,1,0.00,51.0,54.0,54.0,39.0,52.0,1089,48.04,48173583052551
4184.0,2,0.00,54.0,58.0,58.0,42.0,56.0,1184,46.99,43865186128540
4184.0,3,0.00,56.0,58.0,58.0,43.0,58.0,1247,47.80,44392619894775
4189.0,0,,69.0,76.0,76.0,52.0,70.0,2554,199.87,87957918543395
4189.0,1,0.00,51.0,54.0,54.0,39.0,52.0,1077,47.83,48173854717285
4189.0,2,0.00,54.0,58.0,58.0,42.0,56.0,1173,47.19,43865454174194
4190.0,3,0.00,56.0,58.0,58.0,43.0,58.0,1257,48.02,44392892642822
4195.0,0,,70.0,76.0,76.0,51.0,70.0,2497,200.01,87959052579650
4195.0,1,0.00,51.0,54.0,54.0,39.0,52.0,1090,48.04,48174127076049
4195.0,2,0.00,54.0,58.0,58.0,42.0,56.0,1185,47.03,43865720815307
4195.0,3,0.00,56.0,58.0,58.0,43.0,58.0,1239,47.74,44393163300598
4201.0,0,,70.0,76.0,76.0,52.0,70.0,2485,200.18,87960187604614
4201.0,1,0.00,51.0,54.0,54.0,39.0,52.0,1089,48.09,48174400215209
4201.0,2,0.00,54.0,58.0,58.0,41.0,56.0,1184,47.09,43865988264343
4201.0,3,0.00,56.0,58.0,58.0,43.0,58.0,1257,47.84,44393435018859
4206.0,0,,70.0,76.0,76.0,52.0,70.0,2588,199.80,87961324475769
4206.0,1,0.00,51.0,54.0,54.0,39.0,52.0,1078,48.07,48174673263000
4207.0,2,0.00,54.0,58.0,58.0,42.0,56.0,1173,47.11,43866255832153
4207.0,3,0.00,56.0,58.0,58.0,43.0,58.0,1258,47.97,44393707515258
4212.0,0,99.99,69.0,76.0,76.0,52.0,70.0,2705,200.47,87962461158996
4212.0,1,0.00,50.0,54.0,54.0,39.0,52.0,1089,47.96,48174945209838
4212.0,2,0.00,54.0,58.0,58.0,42.0,56.0,1175,47.21,43866523528686
4212.0,3,0.00,56.0,58.0,58.0,43.0,58.0,1249,48.02,44393979816894
4218.0,0,,71.0,74.0,74.0,52.0,70.0,2773,199.86,87963594343994
4218.0,1,0.00,51.0,54.0,54.0,39.0,52.0,1080,47.93,48175216972045
4218.0,2,0.00,54.0,58.0,58.0,41.0,56.0,1186,46.96,43866789818664
4218.0,3,0.00,56.0,58.0,58.0,43.0,58.0,1250,47.51,44394249179809
4223.0,0,,70.0,74.0,74.0,52.0,70.0,2806,200.92,87964733587951
4223.0,1,0.00,51.0,54.0,54.0,39.0,52.0,1090,48.18,48175490144409
4224.0,2,0.00,54.0,58.0,58.0,41.0,56.0,1164,47.09,43867056836486
4224.0,3,0.00,56.0,58.0,58.0,43.0,58.0,1249,47.92,44394520858337
4229.0,0,,70.0,74.0,74.0,52.0,70.0,2800,200.01,87965869646484
4229.0,1,0.00,51.0,54.0,54.0,39.0,52.0,1089,48.04,48175762988281
4229.0,2,0.00,54.0,58.0,58.0,42.0,56.0,1183,47.11,43867324426757
4229.0,3,0.00,56.0,58.0,58.0,43.0,58.0,1258,47.93,44394793102905
4235.0,0,,69.0,74.0,74.0,51.0,69.0,2759,198.54,87966997336181
4235.0,1,0.00,51.0,54.0,54.0,39.0,52.0,1079,47.87,48176034871643
4235.0,2,0.00,54.0,58.0,58.0,42.0,56.0,1185,47.20,43867592494628
4235.0,3,0.00,56.0,58.0,58.0,43.0,58.0,1237,47.59,44395063405212
4240.0,0,100.00,69.0,74.0,74.0,51.0,70.0,2495,200.10,87968131930541
4240.0,1,0.00,51.0,54.0,54.0,39.0,52.0,1089,48.10,48176307622558
4241.0,2,0.00,54.0,58.0,58.0,42.0,56.0,1172,47.06,43867859811157
4241.0,3,0.00,56.0,58.0,58.0,43.0,58.0,1278,47.76,44395334685607
4246.0,0,,70.0,76.0,76.0,52.0,70.0,2490,199.86,87969269127258
4246.0,1,0.00,51.0,54.0,54.0,39.0,52.0,1087,48.10,48176581310852
4246.0,2,0.00,54.0,58.0,58.0,42.0,56.0,1183,47.09,43868127281066
4246.0,3,0.00,56.0,58.0,58.0,43.0,58.0,1277,47.96,44395607564880
4252.0,0,,70.0,76.0,76.0,52.0,70.0,2492,200.13,87970405838256
4252.0,1,0.00,51.0,54.0,54.0,39.0,53.0,1088,47.79,48176852782775
4252.0,2,0.00,54.0,58.0,58.0,41.0,56.0,1183,47.09,43868395234558
4252.0,3,0.00,56.0,58.0,58.0,43.0,58.0,1247,48.04,44395880449218
4257.0,0,,70.0,76.0,76.0,52.0,70.0,2481,199.77,87971542529418
4257.0,1,0.00,51.0,54.0,54.0,39.0,52.0,1088,47.95,48177125590087
4258.0,2,0.00,54.0,58.0,58.0,42.0,56.0,1162,46.96,43868661992675
4258.0,3,0.00,56.0,58.0,58.0,43.0,58.0,1247,47.70,44396151358154
4263.0,0,,70.0,76.0,76.0,52.0,70.0,2529,200.42,87972678888183
4263.0,1,0.00,51.0,54.0,54.0,39.0,52.0,1079,48.12,48177398443298
4263.0,2,0.00,54.0,58.0,58.0,42.0,56.0,1174,47.14,43868929257568
4263.0,3,0.00,56.0,58.0,58.0,43.0,58.0,1259,47.95,44396423258728
4269.0,0,100.00,70.0,74.0,74.0,52.0,70.0,2771,200.94,87973818245544
4269.0,1,0.00,51.0,54.0,54.0,39.0,52.0,1089,48.15,48177671482055
4269.0,2,0.00,54.0,58.0,58.0,41.0,56.0,1184,47.08,43869196683837
4269.0,3,0.00,56.0,58.0,58.0,43.0,58.0,1268,48.00,44396695909484
4274.0,0,,70.0,74.0,74.0,52.0,70.0,2801,200.28,87974955817565
4274.0,1,0.00,51.0,54.0,54.0,39.0,52.0,1090,47.89,48177943506469
4275.0,2,0.00,54.0,58.0,58.0,41.0,56.0,1174,47.31,43869464958679
4275.0,3,0.00,56.0,58.0,58.0,43.0,58.0,1269,48.09,44396968581542
4280.0,0,,71.0,74.0,74.0,52.0,70.0,2802,199.20,87976087288574
4280.0,1,0.00,51.0,54.0,54.0,39.0,52.0,1089,48.00,48178216173339
4280.0,2,0.00,54.0,58.0,58.0,41.0,56.0,1163,47.00,43869731915466
4280.0,3,0.00,56.0,58.0,58.0,43.0,58.0,1279,47.70,44397239496704
4286.0,0,,70.0,74.0,74.0,51.0,70.0,2683,200.72,87977227384765
4286.0,1,0.00,51.0,54.0,54.0,39.0,52.0,1078,48.14,48178489605224
4286.0,2,0.00,54.0,58.0,58.0,42.0,56.0,1184,47.20,43870000013549
4286.0,3,0.00,56.0,58.0,58.0,43.0,58.0,1269,47.92,44397511663635
4291.0,0,,71.0,74.0,74.0,51.0,70.0,2665,199.59,87978359078918
4292.0,1,0.00,51.0,54.0,54.0,39.0,52.0,1090,47.74,48178760267639
4292.0,2,0.00,54.0,58.0,58.0,42.0,56.0,1174,47.11,43870267125488
4292.0,3,0.00,56.0,58.0,58.0,43.0,58.0,1270,47.93,44397783430603
4297.0,0,,70.0,74.0,72.0,51.0,70.0,2508,200.07,87979493490844
4297.0,1,0.00,51.0,54.0,54.0,39.0,52.0,1079,47.95,48179032597412
4297.0,2,0.00,54.0,58.0,58.0,42.0,56.0,1174,46.90,43870533504760
4298.0,3,0.00,56.0,58.0,58.0,43.0,58.0,1279,47.69,44398054329101
4303.0,0,,69.0,76.0,76.0,51.0,70.0,2536,198.90,87980623227233
4303.0,1,0.00,51.0,54.0,54.0,39.0,52.0,1089,48.15,48179305631835
4303.0,2,0.00,54.0,58.0,58.0,42.0,56.0,1184,47.07,43870800395507
4303.0,3,0.00,56.0,58.0,58.0,43.0,58.0,1269,47.83,44398325984191
4308.0,0,,70.0,76.0,76.0,52.0,70.0,2495,199.86,87981758419189
4309.0,1,0.00,51.0,54.0,54.0,39.0,52.0,1089,48.13,48179579024169
4309.0,2,0.00,54.0,58.0,58.0,42.0,56.0,1173,47.07,43871068243408
4309.0,3,0.00,56.0,58.0,58.0,43.0,58.0,1279,47.99,44398598569885
4314.0,0,,70.0,76.0,76.0,52.0,70.0,2484,200.01,87982894471862
4314.0,1,0.00,51.0,54.0,54.0,39.0,52.0,1089,47.85,48179850812744
4314.0,2,0.00,54.0,58.0,58.0,41.0,56.0,1185,47.15,43871335587951
4315.0,3,0.00,56.0,58.0,58.0,43.0,58.0,1280,48.06,44398871047912
4320.0,0,,71.0,74.0,74.0,52.0,70.0,2664,201.69,87984038077453
4320.0,1,0.00,51.0,54.0,54.0,39.0,52.0,1079,48.13,48180123732299
4320.0,2,0.00,54.0,58.0,58.0,41.0,56.0,1174,47.03,43871602738891
4320.0,3,0.00,56.0,58.0,58.0,43.0,57.0,1247,47.79,44399142486206
4325.0,0,,71.0,74.0,74.0,52.0,70.0,2791,199.64,87985172011596
4326.0,1,0.00,50.0,54.0,54.0,39.0,52.0,1089,48.20,48180397506103
4326.0,2,0.00,54.0,58.0,58.0,42.0,56.0,1184,47.26,43871870711608
4326.0,3,0.00,56.0,58.0,58.0,43.0,58.0,1270,47.80,44399414016967
4331.0,0,100.00,70.0,76.0,76.0,51.0,70.0,2793,198.72,87986298726745
4331.0,1,0.00,51.0,54.0,54.0,39.0,52.0,1079,47.81,48180668605468
4331.0,2,0.00,54.0,58.0,58.0,41.0,56.0,1164,47.02,43872137762939
4332.0,3,0.00,56.0,58.0,58.0,43.0,58.0,1280,48.03,44399686343505
4337.0,0,,71.0,74.0,74.0,52.0,70.0,2588,200.61,87987440175231
4337.0,1,0.00,51.0,54.0,54.0,39.0,52.0,1088,47.80,48180940579040
4337.0,2,0.00,54.0,58.0,58.0,41.0,56.0,1184,47.25,43872406143920
4337.0,3,0.00,56.0,58.0,58.0,43.0,58.0,1269,47.83,44399957999511
4342.0,0,,70.0,74.0,74.0,52.0,70.0,2751,200.37,87988576250305
4343.0,1,0.00,50.0,54.0,54.0,39.0,52.0,1090,48.09,48181213222778
4343.0,2,0.00,54.0,58.0,58.0,42.0,56.0,1174,47.11,43872673231140
4343.0,3,0.00,56.0,58.0,58.0,43.0,58.0,1279,47.76,44400228806335
4348.0,0,,70.0,74.0,74.0,51.0,70.0,2747,198.65,87989702591613
4348.0,1,0.00,50.0,54.0,54.0,39.0,52.0,1089,48.05,48181486139160
4348.0,2,0.00,54.0,58.0,58.0,41.0,56.0,1173,47.18,43872941206665
4349.0,3,0.00,56.0,58.0,58.0,43.0,58.0,1279,47.91,44400500934265
4354.0,0,,70.0,74.0,74.0,51.0,70.0,2611,199.87,87990837863464
4354.0,1,0.00,51.0,54.0,54.0,39.0,52.0,1079,47.83,48181757331787
4354.0,2,0.00,54.0,58.0,58.0,41.0,56.0,1174,47.03,43873208321472
4354.0,3,0.00,56.0,58.0,58.0,43.0,58.0,1268,47.93,44400773157043
4359.0,0,,70.0,76.0,76.0,52.0,70.0,2517,199.91,87991973353088
4360.0,1,0.00,51.0,54.0,54.0,39.0,52.0,1089,47.96,48182029731506
4360.0,2,0.00,54.0,58.0,58.0,41.0,56.0,1185,46.97,43873474624755
4360.0,3,0.00,56.0,58.0,58.0,43.0,58.0,1280,47.82,44401044302917
4365.0,0,,70.0,76.0,76.0,52.0,70.0,2496,200.12,87993108042297
4365.0,1,0.00,51.0,54.0,54.0,39.0,52.0,1079,48.13,48182303116577
4365.0,2,0.00,54.0,58.0,58.0,42.0,56.0,1163,47.09,43873742123657
4366.0,3,0.00,56.0,58.0,58.0,43.0,58.0,1280,47.88,44401316258300
4371.0,0,100.00,70.0,76.0,76.0,52.0,70.0,2486,199.76,87994242676391
4371.0,1,0.00,50.0,54.0,54.0,39.0,52.0,1090,48.17,48182576222167
4371.0,2,0.00,54.0,58.0,58.0,42.0,56.0,1186,47.20,43874009755981
4371.0,3,0.00,56.0,58.0,58.0,43.0,58.0,1260,48.06,44401588743591
4377.0,0,,70.0,76.0,76.0,52.0,70.0,2508,200.25,87995378085693
4377.0,1,0.00,50.0,54.0,54.0,39.0,52.0,1089,47.93,48182847980041
4377.0,2,0.00,54.0,58.0,58.0,41.0,56.0,1185,47.19,43874277317565
4377.0,3,0.00,56.0,58.0,58.0,43.0,58.0,1269,48.05,44401861203125
4382.0,0,,70.0,74.0,74.0,52.0,71.0,2760,201.43,87996520213806
4382.0,1,0.00,50.0,54.0,54.0,39.0,52.0,1080,48.10,48183120683593
4382.0,2,0.00,54.0,58.0,58.0,42.0,56.0,1175,46.98,43874543703552
4383.0,3,0.00,56.0,58.0,58.0,43.0,58.0,1281,47.74,44402131900756
4388.0,0,,71.0,74.0,74.0,52.0,71.0,2802,199.30,87997652240722
4388.0,1,0.00,51.0,54.0,54.0,39.0,52.0,1089,48.05,48183393619628
4388.0,2,0.00,54.0,58.0,58.0,41.0,56.0,1184,47.10,43874811234375
4388.0,3,0.00,56.0,58.0,58.0,43.0,58.0,1269,47.79,44402403368713
4394.0,0,99.99,69.0,76.0,76.0,51.0,70.0,2781,199.09,87998781071044
4394.0,1,0.00,51.0,54.0,54.0,39.0,52.0,1079,47.78,48183664994812
4394.0,2,0.00,54.0,58.0,58.0,41.0,56.0,1184,47.17,43875078692504
4394.0,3,0.00,56.0,58.0,58.0,43.0,58.0,1269,47.88,44402675309326
4399.0,0,,68.0,74.0,76.0,52.0,70.0,2571,199.21,87999912601440
4399.0,1,0.00,51.0,54.0,54.0,39.0,52.0,1089,47.94,48183936835144
4400.0,2,0.00,54.0,58.0,58.0,42.0,56.0,1173,46.76,43875344744750
4400.0,3,0.00,56.0,58.0,58.0,43.0,58.0,1279,47.70,44402946255432
4405.0,0,,71.0,74.0,74.0,52.0,70.0,2674,201.45,88001054825012
4405.0,1,0.00,51.0,54.0,54.0,39.0,52.0,1090,48.05,48184209274719
4405.0,2,0.00,54.0,58.0,58.0,41.0,56.0,1175,47.04,43875611452880
4405.0,3,0.00,56.0,58.0,58.0,43.0,58.0,1270,47.75,44403216997985
4411.0,0,,70.0,74.0,74.0,52.0,70.0,2747,199.00,88002185142883
4411.0,1,0.00,51.0,54.0,54.0,39.0,52.0,1078,48.21,48184483135559
4411.0,2,0.00,54.0,58.0,58.0,41.0,55.0,1184,47.30,43875879657653
4411.0,3,0.00,56.0,58.0,58.0,43.0,58.0,1279,47.97,44403489494873
4416.0,0,,70.0,74.0,74.0,51.0,70.0,2549,199.74,88003319644836
4416.0,1,0.00,51.0,54.0,54.0,39.0,52.0,1090,47.83,48184754810485
4417.0,2,0.00,54.0,58.0,58.0,42.0,56.0,1163,47.12,43876147277221
4417.0,3,0.00,56.0,58.0,58.0,43.0,57.0,1280,48.07,44403762073181
4422.0,0,,70.0,76.0,76.0,51.0,70.0,2495,200.12,88004454316467
4422.0,1,0.00,51.0,54.0,54.0,39.0,52.0,1089,48.01,48185027049255
4422.0,2,0.00,54.0,58.0,58.0,41.0,56.0,1185,46.90,43876413667053
4422.0,3,0.00,56.0,58.0,58.0,43.0,58.0,1279,47.80,44404033575988
4428.0,0,,70.0,76.0,76.0,52.0,70.0,2484,199.93,88005589895568
4428.0,1,0.00,51.0,54.0,54.0,39.0,52.0,1078,48.14,48185300486389
4428.0,2,0.00,54.0,58.0,58.0,42.0,56.0,1184,47.10,43876681176208
4428.0,3,0.00,56.0,58.0,58.0,43.0,58.0,1269,47.86,44404305428100
4433.0,0,,70.0,76.0,76.0,52.0,70.0,2537,199.99,88006725827697
4433.0,1,0.00,51.0,54.0,54.0,39.0,52.0,1089,47.87,48185572388488
4434.0,2,0.00,54.0,58.0,58.0,41.0,56.0,1173,47.31,43876949426086
4434.0,3,0.00,56.0,58.0,58.0,43.0,58.0,1279,48.14,44404578380859
4439.0,0,,70.0,76.0,76.0,52.0,71.0,2772,200.19,88007860912292
4439.0,1,0.00,50.0,54.0,54.0,39.0,52.0,1080,47.90,48185843981079
4439.0,2,0.00,54.0,58.0,58.0,41.0,56.0,1165,47.13,43877216650207
4439.0,3,0.00,56.0,58.0,58.0,43.0,58.0,1271,47.73,44404849011230
4445.0,0,,71.0,74.0,74.0,52.0,70.0,2761,200.75,88008999182678
4445.0,1,0.00,51.0,54.0,54.0,39.0,52.0,1090,48.07,48186116998596
4445.0,2,0.00,54.0,58.0,58.0,42.0,56.0,1185,46.97,43877483424987
4445.0,3,0.00,56.0,58.0,58.0,43.0,58.0,1216,47.80,44405120508483
4450.0,0,,71.0,74.0,76.0,52.0,70.0,2748,199.02,88010129621276
4450.0,1,0.00,51.0,54.0,54.0,39.0,52.0,1089,48.21,48186390361450
4451.0,2,0.00,54.0,58.0,58.0,41.0,56.0,1174,47.22,43877751186767
4451.0,3,0.00,56.0,58.0,58.0,43.0,58.0,1279,47.81,44405392077026
4456.0,0,,69.0,74.0,74.0,51.0,70.0,2602,200.64,88011267228698
4456.0,1,0.00,51.0,54.0,54.0,39.0,52.0,1080,47.84,48186661599182
4456.0,2,0.00,54.0,58.0,58.0,42.0,56.0,1164,47.25,43878019105773
4456.0,3,0.00,56.0,58.0,58.0,43.0,58.0,1281,48.00,44405664241027
4462.0,0,,70.0,72.0,72.0,52.0,70.0,2697,199.97,88012403030029
4462.0,1,0.00,51.0,54.0,54.0,38.0,52.0,1089,47.83,48186933283935
4462.0,2,0.00,54.0,58.0,58.0,42.0,56.0,1174,46.88,43878285356018
4462.0,3,0.00,56.0,58.0,58.0,43.0,58.0,1269,47.79,44405935188049
4467.0,0,,70.0,74.0,74.0,51.0,70.0,2726,199.15,88013532222167
4467.0,1,0.00,51.0,54.0,54.0,39.0,52.0,1088,48.13,48187206635864
4468.0,2,0.00,54.0,58.0,58.0,42.0,56.0,1172,47.07,43878552713562
4468.0,3,0.00,56.0,58.0,58.0,43.0,58.0,1278,47.74,44406206811340
4473.0,0,100.00,70.0,74.0,74.0,51.0,69.0,2511,199.92,88014669789245
4473.0,1,0.00,51.0,54.0,54.0,39.0,52.0,1088,48.13,48187480495117
4473.0,2,0.00,54.0,58.0,58.0,42.0,56.0,1183,47.11,43878820757934
4473.0,3,0.00,56.0,58.0,58.0,43.0,58.0,1278,47.92,44406478979492
4479.0,0,,70.0,76.0,76.0,52.0,70.0,2485,199.74,88015804329284
4479.0,1,0.00,51.0,54.0,54.0,39.0,52.0,1079,47.83,48187751711181
4479.0,2,0.00,54.0,58.0,58.0,42.0,56.0,1185,47.26,43879088699768
4479.0,3,0.00,56.0,58.0,58.0,43.0,58.0,1269,48.13,44406751896118
4484.0,0,,69.0,76.0,76.0,52.0,70.0,2485,200.16,88016939232910
4485.0,1,0.00,51.0,54.0,54.0,39.0,52.0,1090,48.06,48188024216186
4485.0,2,0.00,54.0,58.0,58.0,42.0,56.0,1174,46.93,43879355269836
4485.0,3,0.00,56.0,58.0,58.0,43.0,58.0,1259,47.80,44407023396301
4490.0,0,,70.0,76.0,76.0,52.0,70.0,2664,199.92,88018074756164
4490.0,1,0.00,51.0,54.0,54.0,39.0,53.0,1078,48.18,48188297860290
4490.0,2,0.00,54.0,58.0,58.0,41.0,56.0,1184,47.19,43879622827026
4490.0,3,0.00,56.0,58.0,58.0,43.0,58.0,1257,47.96,44407295824584
4496.0,0,,70.0,74.0,74.0,52.0,70.0,2685,201.59,88019219806823
4496.0,1,0.00,51.0,54.0,54.0,39.0,52.0,1089,47.87,48188569785705
4496.0,2,0.00,54.0,58.0,58.0,42.0,56.0,1184,47.29,43879891432556
4496.0,3,0.00,56.0,58.0,58.0,43.0,58.0,1269,48.04,44407568682006
4501.0,0,100.00,71.0,74.0,74.0,52.0,70.0,2802,199.91,88020353289367
4502.0,1,0.00,51.0,54.0,54.0,39.0,52.0,1089,47.84,48188841520874
4502.0,2,0.00,54.0,58.0,58.0,42.0,56.0,1174,46.89,43880157765930
4502.0,3,0.00,56.0,58.0,58.0,43.0,58.0,1279,47.71,44407839651000
4507.0,0,,69.0,76.0,74.0,51.0,69.0,2681,198.42,88021482275695
4507.0,1,0.00,51.0,54.0,54.0,39.0,52.0,1087,48.12,48189114816589
4507.0,2,0.00,54.0,58.0,58.0,42.0,56.0,1182,46.94,43880424832031
4508.0,3,0.00,56.0,58.0,58.0,43.0,58.0,1279,47.94,44408111490539
4513.0,0,,70.0,74.0,74.0,51.0,70.0,2525,200.03,88022618466735
4513.0,1,0.00,51.0,54.0,54.0,39.0,52.0,1089,48.14,48189388263427
4513.0,2,0.00,54.0,58.0,58.0,41.0,56.0,1184,47.27,43880692849182
4513.0,3,0.00,56.0,58.0,58.0,43.0,58.0,1268,47.80,44408383453125
4518.0,0,,71.0,74.0,74.0,52.0,70.0,2713,200.99,88023760115661
4519.0,1,0.00,50.0,54.0,54.0,39.0,52.0,1077,47.73,48189659863586
4519.0,2,0.00,54.0,58.0,58.0,41.0,56.0,1172,47.22,43880961552368
4519.0,3,0.00,56.0,58.0,58.0,43.0,58.0,1279,48.02,44408656186523
4524.0,0,100.00,70.0,72.0,72.0,52.0,70.0,2804,200.17,88024897075988
4524.0,1,0.00,51.0,54.0,54.0,39.0,52.0,1089,48.02,48189932139343
4524.0,2,0.00,54.0,58.0,58.0,41.0,56.0,1185,47.03,43881228217834
4525.0,3,0.00,56.0,58.0,58.0,43.0,58.0,1279,47.94,44408927982727
4530.0,0,,69.0,74.0,74.0,51.0,70.0,2695,198.71,88026023775756
4530.0,1,0.00,51.0,54.0,54.0,39.0,52.0,1089,48.09,48190205310546
4530.0,2,0.00,54.0,58.0,58.0,42.0,56.0,1173,46.99,43881495097778
4530.0,3,0.00,56.0,58.0,58.0,43.0,58.0,1247,47.85,44409199777343
4535.0,0,,70.0,76.0,76.0,51.0,70.0,2495,199.88,88027159091369
4536.0,1,0.00,51.0,54.0,54.0,39.0,52.0,1079,48.01,48190477506225
4536.0,2,0.00,54.0,58.0,58.0,42.0,56.0,1185,47.30,43881763305664
4536.0,3,0.00,56.0,58.0,58.0,43.0,58.0,1259,48.08,44409472410827
4541.0,0,99.99,70.0,76.0,76.0,52.0,70.0,2488,200.01,88028293132385
4541.0,1,0.00,51.0,54.0,54.0,39.0,52.0,1091,47.91,48190749172668
4541.0,2,0.00,54.0,58.0,58.0,42.0,56.0,1165,47.24,43882031170654
4542.0,3,0.00,56.0,58.0,58.0,43.0,58.0,1281,47.84,44409743641723
4547.0,0,,70.0,76.0,76.0,52.0,69.0,2486,200.29,88029428785095
4547.0,1,0.00,51.0,54.0,54.0,39.0,52.0,1079,47.99,48191021776855
4547.0,2,0.00,54.0,58.0,58.0,42.0,56.0,1185,46.88,43882297465026
4547.0,3,0.00,56.0,58.0,58.0,43.0,58.0,1268,47.81,44410015218811
4552.0,0,,70.0,74.0,74.0,52.0,70.0,2748,201.04,88030570719604
4553.0,1,0.00,51.0,54.0,54.0,39.0,52.0,1089,48.25,48191295381408
4553.0,2,0.00,54.0,58.0,58.0,42.0,56.0,1183,47.17,43882565369079
4553.0,3,0.00,56.0,58.0,58.0,43.0,58.0,1269,47.84,44410286969604
4558.0,0,,69.0,74.0,74.0,52.0,70.0,2801,199.82,88031705688903
4558.0,1,0.00,51.0,54.0,54.0,39.0,52.0,1079,47.81,48191566936950
4558.0,2,0.00,54.0,58.0,58.0,41.0,56.0,1174,47.24,43882833242675
4559.0,3,0.00,56.0,58.0,58.0,43.0,58.0,1280,47.99,44410559079650
4564.0,0,,70.0,72.0,72.0,51.0,70.0,2762,199.56,88032837183288
4564.0,1,0.00,51.0,54.0,54.0,39.0,52.0,1090,47.83,48191838109558
4564.0,2,0.00,54.0,58.0,58.0,41.0,56.0,1185,46.99,43883099687744
4564.0,3,0.00,56.0,58.0,58.0,43.0,58.0,1269,47.78,44410830497192
4570.0,0,,70.0,74.0,74.0,51.0,70.0,2578,200.37,88033975286926
4570.0,1,0.00,51.0,54.0,54.0,39.0,52.0,1089,48.19,48192111803710
4570.0,2,0.00,54.0,58.0,58.0,41.0,56.0,1183,47.07,43883367069580
4570.0,3,0.00,56.0,58.0,58.0,43.0,58.0,1268,47.90,44411102564880
4575.0,0,,69.0,74.0,74.0,52.0,69.0,2632,198.57,88035103178283
4575.0,1,0.00,51.0,54.0,54.0,39.0,52.0,1079,48.15,48192385280029
4575.0,2,0.00,54.0,58.0,58.0,42.0,55.0,1163,47.21,43883635195007
4576.0,3,0.00,56.0,58.0,58.0,43.0,58.0,1279,47.98,44411374629394
4581.0,0,,70.0,74.0,74.0,52.0,70.0,2527,201.53,88036245841247
4581.0,1,0.00,51.0,54.0,54.0,39.0,52.0,1089,47.89,48192657316650
4581.0,2,0.00,54.0,58.0,58.0,42.0,55.0,1185,47.26,43883903658630
4581.0,3,0.00,56.0,58.0,58.0,43.0,58.0,1269,48.06,44411647589416
4587.0,0,100.00,71.0,74.0,74.0,52.0,70.0,2706,199.29,88037377806762
4587.0,1,0.00,51.0,54.0,54.0,39.0,52.0,1089,48.01,48192929506469
4587.0,2,0.00,54.0,58.0,58.0,41.0,56.0,1184,46.95,43884169869995
4587.0,3,0.00,56.0,58.0,58.0,43.0,58.0,1269,47.83,44411918801513
4592.0,0,,70.0,76.0,76.0,51.0,69.0,2654,199.02,88038508222656
4592.0,1,0.00,51.0,54.0,54.0,39.0,52.0,1079,48.10,48193202698120
4593.0,2,0.00,54.0,58.0,58.0,42.0,56.0,1173,47.08,43884437307800
4593.0,3,0.00,56.0,58.0,58.0,43.0,58.0,1279,47.97,44412191244323
4598.0,0,100.00,70.0,76.0,76.0,52.0,70.0,2504,200.31,88039643957397
4598.0,1,0.00,51.0,54.0,54.0,39.0,52.0,1089,47.85,48193474461608
4598.0,2,0.00,54.0,58.0,58.0,42.0,56.0,1184,47.21,43884705474792
4598.0,3,0.00,56.0,58.0,58.0,43.0,58.0,1258,47.91,44412463359680
4604.0,0,100.00,70.0,76.0,76.0,52.0,70.0,2494,200.00,88040779983642
4604.0,1,0.00,51.0,54.0,54.0,39.0,52.0,1089,47.87,48193746335266
4604.0,2,0.00,54.0,58.0,58.0,41.0,56.0,1184,47.03,43884972598388
4604.0,3,0.00,56.0,58.0,58.0,43.0,58.0,1247,47.68,44412734206298
4609.0,0,,69.0,76.0,74.0,51.0,70.0,2685,200.17,88041916922424
4609.0,1,0.00,50.0,54.0,54.0,39.0,52.0,1079,48.15,48194019351013
4610.0,2,0.00,54.0,58.0,58.0,41.0,56.0,1163,47.09,43885239593078
4610.0,3,0.00,56.0,58.0,58.0,43.0,58.0,1248,47.90,44413006261962
4615.0,0,100.00,70.0,74.0,74.0,52.0,70.0,2793,201.27,88043058110961
4615.0,1,0.00,50.0,54.0,54.0,39.0,52.0,1090,48.14,48194292768493
4615.0,2,0.00,54.0,58.0,58.0,42.0,56.0,1184,47.11,43885507152343
4615.0,3,0.00,56.0,58.0,58.0,43.0,58.0,1269,47.99,44413278340881
4621.0,0,,70.0,74.0,74.0,52.0,70.0,2682,199.29,88044192080322
4621.0,1,0.00,51.0,54.0,54.0,39.0,52.0,1088,47.92,48194564960510
4621.0,2,0.00,54.0,58.0,58.0,41.0,56.0,1183,47.78,43885778552978
4621.0,3,0.00,56.0,58.0,58.0,43.0,58.0,1268,48.06,44413551308837
4626.0,0,,69.0,74.0,74.0,51.0,70.0,2622,199.64,88045324066101
4626.0,1,0.00,51.0,54.0,54.0,39.0,52.0,1079,47.94,48194837253417
4627.0,2,0.00,54.0,58.0,58.0,42.0,56.0,1174,46.96,43886045274597
4627.0,3,0.00,56.0,58.0,58.0,43.0,58.0,1279,47.81,44413822849975
4632.0,0,,70.0,72.0,72.0,52.0,70.0,2632,200.48,88046462812561
4632.0,1,0.00,50.0,54.0,54.0,38.0,52.0,1089,48.20,48195110531250
4632.0,2,0.00,54.0,58.0,58.0,42.0,56.0,1185,47.08,43886312238830
4632.0,3,0.00,56.0,58.0,58.0,43.0,58.0,1280,47.84,44414094126464
4638.0,0,,70.0,74.0,74.0,52.0,70.0,2612,199.78,88047597545898
4638.0,1,0.00,51.0,54.0,54.0,39.0,52.0,1089,47.96,48195382962707
4638.0,2,0.00,54.0,58.0,58.0,41.0,56.0,1184,47.18,43886580216430
4638.0,3,0.00,56.0,58.0,58.0,43.0,58.0,1268,48.01,44414366801818
4643.0,0,,69.0,74.0,74.0,51.0,70.0,2621,199.96,88048731336791
4643.0,1,0.00,50.0,54.0,54.0,39.0,52.0,1089,47.89,48195654950927
4644.0,2,0.00,54.0,58.0,58.0,42.0,56.0,1152,47.26,43886848671386
4644.0,3,0.00,56.0,58.0,58.0,43.0,58.0,1279,47.83,44414638451721
4649.0,0,99.99,70.0,76.0,76.0,52.0,70.0,2599,199.28,88049863229248
4649.0,1,0.00,51.0,54.0,54.0,39.0,52.0,1078,48.03,48195927270751
4649.0,2,0.00,54.0,58.0,58.0,41.0,56.0,1184,47.00,43887115610595
4649.0,3,0.00,56.0,58.0,58.0,43.0,58.0,1280,47.91,44414910554138
4655.0,0,100.00,69.0,76.0,76.0,52.0,70.0,2476,199.73,88050997669555
4655.0,1,0.00,51.0,54.0,54.0,39.0,52.0,1090,48.14,48196200679138
4655.0,2,0.00,54.0,58.0,58.0,41.0,56.0,1185,47.10,43887382676513
4655.0,3,0.00,56.0,58.0,58.0,43.0,57.0,1259,47.97,44415182553588
4660.0,0,,69.0,74.0,74.0,52.0,71.0,2685,200.72,88052135724731
4660.0,1,0.00,51.0,54.0,54.0,39.0,52.0,1079,48.01,48196472919921
4661.0,2,0.00,54.0,58.0,58.0,41.0,56.0,1174,47.32,43887650986999
4661.0,3,0.00,56.0,58.0,58.0,43.0,58.0,1280,48.07,44415455123474
4666.0,0,,71.0,74.0,74.0,52.0,70.0,2792,200.46,88053274350158
4666.0,1,0.00,51.0,54.0,54.0,39.0,52.0,1089,47.89,48196744922302
4666.0,2,0.00,54.0,58.0,58.0,42.0,56.0,1183,47.00,43887917938842
4666.0,3,0.00,56.0,58.0,58.0,43.0,58.0,1278,47.76,44415726874328
4672.0,0,,70.0,76.0,76.0,51.0,70.0,2725,198.86,88054403848266
4672.0,1,0.00,51.0,54.0,54.0,39.0,52.0,1088,48.02,48197017675598
4672.0,2,0.00,54.0,58.0,58.0,42.0,56.0,1184,47.47,43888187571899
4672.0,3,0.00,56.0,58.0,58.0,43.0,58.0,1268,47.90,44415998462890
4677.0,0,,70.0,74.0,74.0,52.0,70.0,2526,201.06,88055545852783
4678.0,1,0.00,51.0,54.0,54.0,39.0,52.0,1089,48.11,48197290949890
4678.0,2,0.00,54.0,58.0,58.0,42.0,56.0,1174,47.15,43888455363891
4678.0,3,0.00,56.0,58.0,58.0,43.0,58.0,1280,47.91,44416270593688
4683.0,0,,70.0,74.0,74.0,52.0,70.0,2591,200.07,88056680272521
4683.0,1,0.00,51.0,54.0,54.0,39.0,52.0,1079,47.88,48197562905090
4683.0,2,0.00,54.0,58.0,58.0,41.0,56.0,1174,47.24,43888723675415
4684.0,3,0.00,56.0,58.0,58.0,43.0,58.0,1279,47.78,44416541964111
4689.0,0,,71.0,74.0,74.0,52.0,70.0,2770,199.63,88057814161437
4689.0,1,0.00,51.0,54.0,54.0,39.0,52.0,1090,48.01,48197835132751
4689.0,2,0.00,54.0,58.0,58.0,42.0,56.0,1185,47.14,43888990970092
4689.0,3,0.00,56.0,58.0,58.0,43.0,58.0,1269,47.87,44416813367736
4694.0,0,,70.0,74.0,74.0,51.0,70.0,2655,199.32,88058944321411
4695.0,1,0.00,51.0,54.0,54.0,39.0,52.0,1079,48.23,48198108590393
4695.0,2,0.00,54.0,58.0,58.0,42.0,56.0,1173,47.08,43889258375122
4695.0,3,0.00,56.0,58.0,58.0,43.0,58.0,1279,47.97,44417085851135
4700.0,0,99.99,69.0,74.0,74.0,51.0,69.0,2547,200.42,88060082703125
4700.0,1,0.00,51.0,54.0,54.0,39.0,52.0,1089,47.88,48198380576782
4700.0,2,0.00,54.0,58.0,58.0,42.0,56.0,1184,47.28,43889526481018
4701.0,3,0.00,56.0,58.0,58.0,43.0,58.0,1279,47.93,44417358073425
4706.0,0,,70.0,74.0,74.0,52.0,70.0,2547,200.39,88061220921264
4706.0,1,0.00,51.0,54.0,54.0,39.0,52.0,1089,47.97,48198653035705
4706.0,2,0.00,54.0,58.0,58.0,42.0,56.0,1184,47.07,43889793860412
4706.0,3,0.00,56.0,58.0,58.0,43.0,58.0,1269,47.93,44417629810302
4711.0,0,,71.0,74.0,74.0,52.0,71.0,2571,199.74,88062353445373
4712.0,1,0.00,51.0,54.0,54.0,39.0,52.0,1079,48.10,48198925762329
4712.0,2,0.00,54.0,58.0,58.0,42.0,56.0,1164,47.09,43890060845825
4712.0,3,0.00,56.0,58.0,58.0,43.0,58.0,1280,47.99,44417901887329
4717.0,0,,69.0,74.0,74.0,51.0,70.0,2761,200.03,88063487597412
4717.0,1,0.00,50.0,54.0,54.0,39.0,52.0,1090,48.11,48199199051696
4717.0,2,0.00,54.0,58.0,58.0,41.0,56.0,1185,47.02,43890327929504
4718.0,3,0.00,56.0,58.0,58.0,43.0,58.0,1279,47.91,44418174002136
4723.0,0,,71.0,74.0,74.0,52.0,70.0,2746,200.15,88064626470214
4723.0,1,0.00,51.0,54.0,54.0,39.0,52.0,1088,47.89,48199471059509
4723.0,2,0.00,54.0,58.0,58.0,42.0,56.0,1183,47.21,43890596071655
4723.0,3,0.00,56.0,58.0,58.0,43.0,58.0,1268,47.97,44418446446289
4728.0,0,100.00,69.0,74.0,74.0,52.0,70.0,2493,199.46,88065759426147
4729.0,1,0.00,51.0,54.0,54.0,39.0,52.0,1078,47.95,48199743437011
4729.0,2,0.00,54.0,58.0,58.0,41.0,55.0,1173,47.02,43890863151672
4729.0,3,0.00,56.0,58.0,58.0,43.0,58.0,1280,47.87,44418718320983
4734.0,0,,70.0,76.0,74.0,52.0,70.0,2636,199.52,88066890726013
4734.0,1,0.00,51.0,54.0,54.0,39.0,52.0,1091,48.02,48200015692871
4734.0,2,0.00,54.0,58.0,58.0,42.0,55.0,1176,47.04,43891129852416
4735.0,3,0.00,56.0,58.0,58.0,43.0,58.0,1271,47.93,44418990064331
4740.0,0,,69.0,74.0,74.0,51.0,70.0,2642,200.59,88068028048522
4740.0,1,0.00,51.0,54.0,54.0,39.0,52.0,1089,48.05,48200288121398
4740.0,2,0.00,54.0,58.0,58.0,41.0,56.0,1183,47.25,43891398246215
4740.0,3,0.00,56.0,58.0,58.0,43.0,58.0,1268,48.05,44419262997375
4745.0,0,,69.0,76.0,76.0,52.0,69.0,2673,197.05,88069147276306
4746.0,1,0.00,51.0,54.0,54.0,39.0,52.0,1078,47.89,48200560631713
4746.0,2,0.00,54.0,58.0,58.0,42.0,56.0,1163,47.28,43891666791931
4746.0,3,0.00,56.0,58.0,58.0,43.0,58.0,1278,47.85,44419534786560
4751.0,0,,69.0,78.0,78.0,52.0,70.0,2505,196.88,88070265526733
4751.0,1,0.00,51.0,54.0,54.0,39.0,52.0,1089,48.12,48200833461486
4751.0,2,0.00,54.0,58.0,58.0,42.0,56.0,1174,47.19,43891934350341
4752.0,3,0.00,56.0,58.0,58.0,43.0,58.0,1280,48.02,44419807039611
4757.0,0,,69.0,78.0,78.0,52.0,70.0,2487,197.20,88071383634155
4757.0,1,0.00,51.0,54.0,54.0,39.0,52.0,1079,48.22,48201106847167
4757.0,2,0.00,54.0,58.0,58.0,42.0,56.0,1185,47.12,43892202000976
4757.0,3,0.00,56.0,58.0,58.0,43.0,58.0,1268,47.97,44420079531555
4763.0,0,16.68,65.0,78.0,78.0,49.0,67.0,2402,152.21,88072251232238
4763.0,1,0.00,51.0,54.0,54.0,39.0,52.0,1086,47.77,48201379157287
4763.0,2,0.00,54.0,58.0,58.0,42.0,56.0,1181,47.36,43892471484191
4763.0,3,0.00,56.0,58.0,58.0,43.0,58.0,1278,47.87,44420351893859
4768.0,0,0.00,63.0,78.0,78.0,48.0,65.0,2013,59.34,88072587075500
4768.0,1,0.00,51.0,54.0,54.0,39.0,52.0,1080,47.81,48201650229003
4769.0,2,0.00,54.0,58.0,58.0,42.0,55.0,1164,47.13,43892738706848
4769.0,3,0.00,56.0,58.0,58.0,43.0,58.0,1278,47.36,44420620906677
4774.0,0,25.70,68.0,70.0,70.0,50.0,67.0,1540,74.42,88073010549133
4774.0,1,0.00,51.0,54.0,54.0,39.0,52.0,1088,47.96,48201922618591
4774.0,2,0.00,54.0,58.0,58.0,42.0,56.0,1183,47.11,43893006769226
4774.0,3,0.00,56.0,58.0,58.0,43.0,58.0,1270,47.47,44420890517395
4780.0,0,99.99,67.0,76.0,76.0,50.0,68.0,1523,177.06,88074016273559
4780.0,1,0.00,51.0,54.0,54.0,39.0,52.0,1089,47.93,48202194834655
4780.0,2,0.00,54.0,58.0,58.0,41.0,56.0,1184,47.23,43893275007507
4780.0,3,0.00,56.0,58.0,58.0,43.0,58.0,1247,47.89,44421162512329
4785.0,0,98.31,68.0,76.0,76.0,51.0,70.0,1859,181.48,88075047077575
4785.0,1,0.00,51.0,54.0,54.0,39.0,52.0,1078,47.96,48202467270141
4786.0,2,0.00,54.0,58.0,58.0,41.0,56.0,1173,47.35,43893543486389
4786.0,3,0.00,56.0,58.0,58.0,42.0,58.0,1259,47.66,44421432764465
4791.0,0,100.00,68.0,78.0,78.0,51.0,70.0,2074,178.93,88076061638305
4791.0,1,0.00,51.0,54.0,54.0,39.0,52.0,1090,47.91,48202739398376
4791.0,2,0.00,54.0,58.0,58.0,41.0,56.0,1185,47.11,43893811070495
4791.0,3,0.00,56.0,58.0,58.0,43.0,58.0,1247,47.76,44421704032531
4797.0,0,99.61,68.0,78.0,78.0,51.0,70.0,2252,182.37,88077097521728
4797.0,1,0.00,51.0,54.0,54.0,39.0,52.0,1089,48.16,48203012437805
4797.0,2,0.00,54.0,58.0,58.0,42.0,56.0,1185,47.18,43894078583068
4797.0,3,0.00,56.0,58.0,58.0,42.0,57.0,1249,47.85,44421975336181
4802.0,0,99.99,68.0,80.0,80.0,52.0,70.0,2285,177.88,88078106128479
4802.0,1,0.00,51.0,54.0,54.0,39.0,52.0,1079,47.90,48203284051879
4803.0,2,0.00,54.0,58.0,58.0,41.0,56.0,1174,47.16,43894346475646
4803.0,3,0.00,56.0,58.0,58.0,42.0,58.0,1248,47.72,44422246378112
4808.0,0,,68.0,80.0,80.0,51.0,70.0,2294,181.57,88079137422302
4808.0,1,0.00,51.0,54.0,54.0,39.0,52.0,1089,47.82,48203555662841
4808.0,2,0.00,54.0,58.0,58.0,42.0,56.0,1173,47.04,43894613657409
4808.0,3,0.00,56.0,58.0,58.0,42.0,58.0,1247,47.66,44422517087646
4814.0,0,99.99,68.0,80.0,80.0,51.0,70.0,2293,177.62,88080146310363
4814.0,1,0.00,51.0,54.0,54.0,39.0,52.0,1089,47.99,48203828271789
4814.0,2,0.00,54.0,58.0,58.0,41.0,56.0,1184,47.24,43894881480346
4814.0,3,0.00,56.0,58.0,58.0,42.0,57.0,1247,47.74,44422788258666
4819.0,0,,68.0,80.0,80.0,51.0,69.0,2292,181.77,88081178772033
4819.0,1,0.00,51.0,54.0,54.0,39.0,52.0,1087,48.07,48204101773986
4820.0,2,0.00,54.0,58.0,58.0,42.0,56.0,1172,47.15,43895149768798
4820.0,3,0.00,56.0,58.0,58.0,42.0,58.0,1246,47.90,44423060314514
4825.0,0,99.99,70.0,80.0,80.0,52.0,70.0,2294,177.50,88082186997131
4825.0,1,0.00,50.0,54.0,54.0,39.0,53.0,1080,47.96,48204373728027
4825.0,2,0.00,54.0,58.0,58.0,42.0,56.0,1175,47.27,43895417770019
4825.0,3,0.00,56.0,58.0,58.0,42.0,58.0,1260,47.89,44423331876586
4831.0,0,100.00,68.0,80.0,80.0,52.0,70.0,2285,182.11,88083219547668
4831.0,1,0.00,51.0,54.0,54.0,39.0,52.0,1089,48.02,48204645988403
4831.0,2,0.00,54.0,58.0,58.0,41.0,56.0,1185,47.17,43895685230651
4831.0,3,0.00,56.0,58.0,58.0,42.0,58.0,1238,47.80,44423602922729
4836.0,0,99.99,68.0,80.0,80.0,51.0,70.0,2296,177.72,88084227229125
4836.0,1,0.00,51.0,54.0,54.0,39.0,52.0,1079,47.96,48204918409851
4837.0,2,0.00,54.0,58.0,58.0,41.0,56.0,1163,47.20,43895953344543
4837.0,3,0.00,56.0,58.0,58.0,42.0,58.0,1248,47.82,44423874520385
4842.0,0,,68.0,80.0,80.0,52.0,70.0,2294,181.92,88085260518920
4842.0,1,0.00,51.0,54.0,54.0,39.0,52.0,1089,47.94,48205190232666
4842.0,2,0.00,54.0,58.0,58.0,41.0,56.0,1184,47.19,43896221377624
4842.0,3,0.00,56.0,58.0,58.0,42.0,58.0,1248,47.76,44424145797973
4848.0,0,,71.0,78.0,78.0,52.0,71.0,2294,181.89,88086293627319
4848.0,1,0.00,50.0,54.0,54.0,39.0,52.0,1088,47.85,48205462493957
4848.0,2,0.00,54.0,58.0,58.0,41.0,56.0,1183,47.01,43896488412475
4848.0,3,0.00,56.0,58.0,58.0,42.0,58.0,1247,47.54,44424415830322
4853.0,0,100.00,69.0,80.0,80.0,51.0,70.0,2295,177.70,88087302953186
4854.0,1,0.00,50.0,54.0,54.0,39.0,52.0,1080,48.02,48205734770263
4854.0,2,0.00,54.0,58.0,58.0,41.0,56.0,1175,47.16,43896755800354
4854.0,3,0.00,56.0,58.0,58.0,43.0,57.0,1248,47.73,44424686934020
4859.0,0,100.00,69.0,80.0,82.0,52.0,70.0,2293,181.71,88088335073425
4859.0,1,0.00,51.0,54.0,54.0,39.0,52.0,1088,48.07,48206007806640
4859.0,2,0.00,54.0,58.0,58.0,42.0,56.0,1182,47.23,43897024544311
4860.0,3,0.00,56.0,58.0,58.0,43.0,58.0,1257,47.85,44424958739501
4865.0,0,,68.0,80.0,82.0,52.0,70.0,2292,177.99,88089346060424
4865.0,1,0.00,51.0,54.0,54.0,39.0,52.0,1089,47.89,48206279847473
4865.0,2,0.00,54.0,58.0,58.0,42.0,56.0,1184,47.30,43897292757812
4865.0,3,0.00,56.0,58.0,58.0,43.0,58.0,1238,47.89,44425230249755
4870.0,0,100.00,69.0,82.0,80.0,52.0,70.0,2317,182.05,88090378302612
4871.0,1,0.00,51.0,54.0,54.0,39.0,52.0,1079,48.04,48206552211181
4871.0,2,0.00,54.0,58.0,58.0,41.0,56.0,1174,47.03,43897559874755
4871.0,3,0.00,56.0,58.0,58.0,42.0,58.0,1258,47.66,44425500949645
4876.0,0,,69.0,80.0,80.0,52.0,70.0,2294,181.77,88091410735473
4876.0,1,0.00,51.0,54.0,54.0,39.0,52.0,1089,48.02,48206824990478
4876.0,2,0.00,54.0,58.0,58.0,42.0,56.0,1184,47.25,43897827784179
4877.0,3,0.00,56.0,58.0,58.0,42.0,57.0,1259,47.88,44425772415283
4882.0,0,100.00,69.0,82.0,82.0,52.0,70.0,2325,178.42,88092422367126
4882.0,1,0.00,51.0,54.0,54.0,39.0,52.0,1089,47.92,48207097186645
4882.0,2,0.00,54.0,58.0,58.0,42.0,56.0,1184,47.22,43898095974487
4882.0,3,0.00,56.0,58.0,58.0,43.0,57.0,1237,47.85,44426044184204
4887.0,0,,69.0,80.0,80.0,52.0,71.0,2294,181.78,88093454863525
4888.0,1,0.00,51.0,54.0,54.0,39.0,52.0,1078,47.91,48207369315185
4888.0,2,0.00,54.0,58.0,58.0,42.0,56.0,1173,47.22,43898364166076
4888.0,3,0.00,56.0,58.0,58.0,43.0,58.0,1247,47.55,44426314282958
4893.0,0,,69.0,82.0,80.0,52.0,70.0,2292,178.17,88094466872131
4893.0,1,0.00,51.0,54.0,54.0,39.0,52.0,1088,47.94,48207641617492
4893.0,2,0.00,54.0,58.0,58.0,41.0,56.0,1183,47.17,43898632064514
4894.0,3,0.00,56.0,58.0,58.0,43.0,58.0,1257,47.79,44426585707153
4899.0,0,,69.0,82.0,82.0,52.0,70.0,2313,182.10,88095501208557
4899.0,1,0.00,51.0,54.0,54.0,39.0,52.0,1089,48.04,48207914474060
4899.0,2,0.00,54.0,58.0,58.0,42.0,56.0,1185,47.19,43898900101745
4899.0,3,0.00,56.0,58.0,58.0,43.0,58.0,1247,47.81,44426857266784
4904.0,0,100.00,69.0,82.0,82.0,52.0,70.0,2305,178.07,88096512642944
4905.0,1,0.00,51.0,54.0,54.0,39.0,52.0,1089,47.99,48208186583984
4905.0,2,0.00,54.0,58.0,58.0,42.0,56.0,1173,47.24,43899168404968
4905.0,3,0.00,56.0,58.0,58.0,43.0,58.0,1247,47.80,44427128787658
4910.0,0,,69.0,82.0,82.0,52.0,70.0,2317,181.90,88097545849487
4910.0,1,0.00,51.0,54.0,54.0,39.0,52.0,1080,47.97,48208459062316
4910.0,2,0.00,54.0,58.0,58.0,42.0,56.0,1186,47.00,43899434880065
4911.0,3,0.00,56.0,58.0,58.0,43.0,58.0,1260,47.66,44427399008911
4916.0,0,,69.0,82.0,82.0,52.0,70.0,2296,178.10,88098555684997
4916.0,1,0.00,51.0,54.0,54.0,39.0,52.0,1090,48.13,48208731957031
4916.0,2,0.00,54.0,58.0,58.0,42.0,56.0,1175,47.20,43899702507690
4916.0,3,0.00,56.0,58.0,58.0,42.0,58.0,1249,47.86,44427670349426
4921.0,0,,69.0,82.0,82.0,52.0,70.0,2316,182.14,88099588397155
4922.0,1,0.00,51.0,54.0,54.0,39.0,52.0,1078,48.14,48209004908203
4922.0,2,0.00,54.0,58.0,58.0,42.0,56.0,1173,47.30,43899971171997
4922.0,3,0.00,56.0,58.0,58.0,43.0,57.0,1247,47.92,44427942561096
4927.0,0,,68.0,82.0,82.0,52.0,71.0,2292,178.02,88100599551147
4927.0,1,0.00,51.0,54.0,54.0,39.0,52.0,1089,47.97,48209277360046
4927.0,2,0.00,54.0,58.0,58.0,41.0,56.0,1173,47.22,43900239395751
4928.0,3,0.00,56.0,58.0,58.0,43.0,58.0,1258,47.81,44428214113464
4933.0,0,,69.0,82.0,82.0,52.0,70.0,2318,182.21,88101632679443
4933.0,1,0.00,51.0,54.0,54.0,39.0,52.0,1090,47.92,48209549558532
4933.0,2,0.00,54.0,58.0,58.0,42.0,56.0,1185,47.09,43900506407531
4933.0,3,0.00,56.0,58.0,58.0,42.0,58.0,1238,47.70,44428484579833
4939.0,0,,71.0,78.0,78.0,52.0,71.0,2291,182.05,88102668551757
4939.0,1,0.00,51.0,54.0,54.0,39.0,52.0,1087,48.14,48209823012939
4939.0,2,0.00,54.0,58.0,58.0,42.0,56.0,1183,47.16,43900774733032
4939.0,3,0.00,56.0,58.0,58.0,43.0,58.0,1245,47.76,44428756360656
4944.0,0,,68.0,82.0,82.0,52.0,70.0,2322,178.13,88103680335144
4944.0,1,0.00,50.0,54.0,54.0,39.0,52.0,1088,47.86,48210095326660
4945.0,2,0.00,54.0,58.0,58.0,41.0,56.0,1172,47.32,43901043504028
4945.0,3,0.00,56.0,58.0,58.0,43.0,58.0,1247,47.87,44429028248046
4950.0,0,48.76,66.0,82.0,82.0,50.0,68.0,2287,157.22,88104571752075
4950.0,1,0.00,50.0,54.0,54.0,39.0,52.0,1081,48.06,48210367319763
4950.0,2,0.00,54.0,58.0,58.0,42.0,56.0,1166,47.08,43901309967041
4950.0,3,0.00,56.0,58.0,58.0,43.0,57.0,1250,47.59,44429297590332
4956.0,0,0.00,64.0,82.0,82.0,49.0,66.0,2115,59.89,88104911904968
4956.0,1,0.00,51.0,54.0,54.0,39.0,52.0,1079,48.00,48210639957641
4956.0,2,0.00,54.0,58.0,58.0,42.0,56.0,1185,47.52,43901579897949
4956.0,3,0.00,56.0,58.0,58.0,43.0,58.0,1249,47.40,44429566804992
4961.0,0,9.68,68.0,70.0,70.0,50.0,68.0,1567,67.63,88105295377502
4961.0,1,0.00,51.0,54.0,54.0,39.0,53.0,1090,48.07,48210912521667
4962.0,2,0.00,54.0,58.0,58.0,41.0,56.0,1163,47.32,43901848209899
4962.0,3,0.00,56.0,58.0,58.0,42.0,57.0,1248,47.57,44429836982788
4967.0,0,100.00,67.0,78.0,76.0,51.0,69.0,1596,179.16,88106313012268
4967.0,1,0.00,51.0,54.0,54.0,39.0,53.0,1089,47.83,48211184207336
4967.0,2,0.00,54.0,58.0,58.0,42.0,56.0,1184,47.23,43902116465515
4967.0,3,0.00,55.0,58.0,58.0,42.0,58.0,1247,47.89,44430108523986
4973.0,0,98.24,71.0,74.0,74.0,52.0,70.0,1923,182.78,88107349385925
4973.0,1,0.00,51.0,54.0,54.0,39.0,52.0,1078,48.02,48211456970275
4973.0,2,0.00,54.0,58.0,58.0,42.0,56.0,1183,46.91,43902383401855
4973.0,3,0.00,55.0,58.0,58.0,42.0,57.0,1247,47.52,44430378917297
4978.0,0,100.00,69.0,78.0,78.0,52.0,70.0,2209,183.93,88108394111511
4978.0,1,0.00,51.0,54.0,54.0,39.0,52.0,1090,48.08,48211729567687
4979.0,2,0.00,54.0,58.0,58.0,41.0,56.0,1175,47.21,43902651057434
4979.0,3,0.00,55.0,58.0,58.0,42.0,57.0,1248,47.87,44430650329711
4984.0,0,99.20,71.0,78.0,78.0,52.0,71.0,2282,183.96,88109438988159
4984.0,1,0.00,51.0,54.0,54.0,39.0,52.0,1089,47.85,48212001368041
4984.0,2,0.00,54.0,58.0,58.0,42.0,56.0,1183,47.29,43902919658874
4984.0,3,0.00,56.0,58.0,58.0,42.0,57.0,1247,47.85,44430922136840
4990.0,0,100.00,69.0,80.0,80.0,52.0,70.0,2390,186.50,88110498333007
4990.0,1,0.00,51.0,54.0,54.0,39.0,52.0,1088,47.94,48212274161621
4990.0,2,0.00,54.0,58.0,58.0,42.0,56.0,1184,47.27,43903188130493
4990.0,3,0.00,56.0,58.0,58.0,42.0,58.0,1247,47.57,44431192338378
4995.0,0,,69.0,80.0,80.0,52.0,71.0,2324,185.72,88111553232116
4995.0,1,0.00,51.0,54.0,54.0,39.0,52.0,1079,48.11,48212546962158
4996.0,2,0.00,54.0,58.0,58.0,42.0,56.0,1174,47.11,43903455234680
4996.0,3,0.00,56.0,58.0,58.0,42.0,57.0,1258,47.71,44431463340148
5001.0,0,100.00,69.0,80.0,80.0,52.0,70.0,2443,186.33,88112609722106
5001.0,1,0.00,51.0,54.0,54.0,39.0,52.0,1090,48.07,48212819994567
5001.0,2,0.00,54.0,58.0,58.0,42.0,56.0,1185,47.19,43903723256225
5001.0,3,0.00,56.0,58.0,58.0,42.0,58.0,1249,47.93,44431735096923
5007.0,0,,69.0,80.0,80.0,52.0,70.0,2326,182.30,88113645195068
5007.0,1,0.00,51.0,54.0,54.0,39.0,52.0,1089,47.88,48213091472290
5007.0,2,0.00,54.0,58.0,58.0,42.0,56.0,1184,47.39,43903991970581
5007.0,3,0.00,56.0,58.0,58.0,42.0,58.0,1248,47.85,44432006871276
5012.0,0,,69.0,80.0,80.0,52.0,70.0,2388,188.38,88114715179016
5012.0,1,0.00,51.0,54.0,54.0,39.0,52.0,1077,48.03,48213364294799
5013.0,2,0.00,54.0,58.0,58.0,42.0,56.0,1172,46.92,43904258926147
5013.0,3,0.00,56.0,58.0,58.0,43.0,58.0,1257,47.64,44432277487243
5018.0,0,100.00,69.0,80.0,80.0,52.0,70.0,2312,185.83,88115770713989
5018.0,1,0.00,51.0,54.0,54.0,39.0,52.0,1088,47.97,48213637259094
5018.0,2,0.00,54.0,58.0,58.0,42.0,56.0,1183,47.14,43904526704162
5018.0,3,0.00,55.0,58.0,58.0,42.0,58.0,1257,47.79,44432548922851
5024.0,0,100.00,69.0,80.0,80.0,52.0,70.0,2448,186.10,88116829616271
5024.0,1,0.00,51.0,54.0,54.0,39.0,52.0,1088,47.90,48213909305236
5024.0,2,0.00,54.0,58.0,58.0,42.0,56.0,1182,47.29,43904795311523
5024.0,3,0.00,56.0,58.0,58.0,42.0,57.0,1246,47.85,44432821196777
5029.0,0,,71.0,78.0,78.0,52.0,71.0,2348,189.18,88117904179138
5030.0,1,0.00,51.0,54.0,54.0,39.0,52.0,1089,47.91,48214181410583
5030.0,2,0.00,54.0,58.0,58.0,42.0,56.0,1175,47.20,43905063379333
5030.0,3,0.00,56.0,58.0,58.0,42.0,57.0,1259,47.59,44433091026550
5035.0,0,,69.0,80.0,80.0,52.0,71.0,2422,182.72,88118940224670
5035.0,1,0.00,51.0,54.0,54.0,39.0,52.0,1079,48.17,48214454524536
5035.0,2,0.00,54.0,58.0,58.0,42.0,56.0,1163,47.08,43905330328063
5036.0,3,0.00,56.0,58.0,58.0,42.0,58.0,1258,47.72,44433362081542
5041.0,0,100.00,71.0,78.0,78.0,52.0,71.0,2315,187.48,88120005097229
5041.0,1,0.00,51.0,54.0,54.0,39.0,52.0,1089,48.08,48214727639770
5041.0,2,0.00,54.0,58.0,58.0,42.0,56.0,1173,47.20,43905598424133
5041.0,3,0.00,56.0,58.0,58.0,42.0,57.0,1238,47.94,44433633887390
5046.0,0,,69.0,82.0,82.0,52.0,70.0,2422,183.86,88121047579956
5047.0,1,0.00,51.0,54.0,54.0,39.0,52.0,1089,47.87,48214999085876
5047.0,2,0.00,54.0,58.0,58.0,42.0,56.0,1174,47.33,43905866765197
5047.0,3,0.00,56.0,58.0,58.0,42.0,58.0,1249,47.91,44433905533447
5052.0,0,,69.0,80.0,80.0,52.0,71.0,2317,185.58,88122101701843
5052.0,1,0.00,51.0,54.0,54.0,39.0,52.0,1079,47.86,48215270932128
5052.0,2,0.00,54.0,58.0,58.0,42.0,56.0,1175,46.91,43906133223388
5053.0,3,0.00,56.0,58.0,58.0,43.0,58.0,1259,47.57,44434175705017
5058.0,0,,69.0,80.0,80.0,52.0,71.0,2443,186.37,88123158395446
5058.0,1,0.00,51.0,54.0,54.0,39.0,52.0,1089,48.14,48215543863037
5058.0,2,0.00,54.0,58.0,58.0,42.0,56.0,1184,47.06,43906400535034
5058.0,3,0.00,56.0,58.0,58.0,42.0,58.0,1247,47.77,44434447018005
5063.0,0,,68.0,82.0,80.0,52.0,70.0,2365,182.31,88124193904968
5064.0,1,0.00,51.0,54.0,54.0,39.0,52.0,1088,48.04,48215816753356
5064.0,2,0.00,54.0,58.0,58.0,42.0,56.0,1173,47.28,43906669099304
5064.0,3,0.00,56.0,58.0,58.0,42.0,57.0,1258,47.90,44434719101196
5069.0,0,0.00,64.0,82.0,82.0,49.0,66.0,2304,76.41,88124627893798
5069.0,1,0.00,51.0,54.0,54.0,39.0,52.0,1078,47.87,48216088674865
5069.0,2,0.00,54.0,58.0,58.0,42.0,56.0,1174,47.43,43906938023681
5070.0,3,0.00,56.0,58.0,58.0,43.0,58.0,1248,47.59,44434988932189
5075.0,0,0.00,63.0,82.0,82.0,48.0,65.0,1809,58.70,88124960722290
5075.0,1,0.00,51.0,54.0,54.0,39.0,52.0,1089,47.99,48216361229675
5075.0,2,0.00,54.0,58.0,58.0,42.0,56.0,1184,47.40,43907207230041
5075.0,3,0.00,56.0,58.0,58.0,42.0,58.0,1247,47.23,44435257214355
5080.0,0,,66.0,76.0,76.0,50.0,68.0,1500,143.77,88125777316894
5081.0,1,0.00,51.0,54.0,54.0,39.0,52.0,1089,48.09,48216633918151
5081.0,2,0.00,54.0,58.0,58.0,42.0,56.0,1174,47.15,43907474562194
5081.0,3,0.00,55.0,58.0,58.0,42.0,57.0,1248,47.70,44435528158386
5086.0,0,99.99,68.0,78.0,78.0,51.0,69.0,1745,177.85,88126787490234
5086.0,1,0.00,51.0,54.0,54.0,39.0,52.0,1079,47.74,48216905086242
5086.0,2,0.00,54.0,58.0,58.0,42.0,56.0,1174,47.28,43907743104003
5087.0,3,0.00,55.0,58.0,58.0,42.0,57.0,1248,47.92,44435799840942
5092.0,0,100.00,69.0,76.0,76.0,52.0,70.0,2083,192.87,88127881077514
5092.0,1,0.00,51.0,54.0,54.0,39.0,52.0,1089,47.85,48217176891052
5092.0,2,0.00,54.0,58.0,58.0,42.0,56.0,1183,47.04,43908010295043
5092.0,3,0.00,55.0,58.0,58.0,42.0,57.0,1237,47.45,44436069341674
5097.0,0,,69.0,78.0,78.0,52.0,70.0,2422,188.07,88128949309631
5098.0,1,0.00,51.0,54.0,54.0,39.0,52.0,1090,48.15,48217449914123
5098.0,2,0.00,54.0,58.0,58.0,42.0,56.0,1174,47.05,43908277064392
5098.0,3,0.00,55.0,58.0,58.0,42.0,57.0,1249,47.74,44436340029113
5103.0,0,,69.0,78.0,78.0,52.0,71.0,2475,190.45,88130029183044
5103.0,1,0.00,51.0,54.0,54.0,39.0,52.0,1079,48.04,48217722781066
5103.0,2,0.00,54.0,58.0,58.0,42.0,56.0,1174,47.15,43908544867492
5104.0,3,0.00,56.0,58.0,58.0,42.0,58.0,1258,47.84,44436611745910
5109.0,0,,69.0,78.0,78.0,52.0,70.0,2483,194.33,88131133005126
5109.0,1,0.00,51.0,54.0,54.0,39.0,52.0,1089,47.95,48217994630004
5109.0,2,0.00,54.0,58.0,58.0,42.0,56.0,1184,47.26,43908813297180
5109.0,3,0.00,56.0,58.0,58.0,43.0,58.0,1248,47.89,44436883787658
5115.0,0,100.00,69.0,78.0,78.0,52.0,70.0,2486,188.11,88132201479309
5115.0,1,0.00,51.0,54.0,54.0,39.0,52.0,1089,48.00,48218267284912
5115.0,2,0.00,54.0,58.0,58.0,42.0,56.0,1173,47.12,43909080469177
5115.0,3,0.00,56.0,58.0,58.0,42.0,57.0,1247,47.65,44437154445068
5120.0,0,,71.0,76.0,76.0,52.0,71.0,2492,194.91,88133308567687
5120.0,1,0.00,51.0,54.0,54.0,39.0,52.0,1088,48.16,48218540851745
5121.0,2,0.00,54.0,58.0,58.0,42.0,56.0,1162,47.10,43909348021728
5121.0,3,0.00,56.0,58.0,58.0,42.0,58.0,1247,47.91,44437426097167
5126.0,0,,69.0,78.0,78.0,52.0,70.0,2486,190.34,88134387788513
5126.0,1,0.00,51.0,54.0,54.0,39.0,52.0,1079,47.90,48218812439270
5126.0,2,0.00,54.0,58.0,58.0,42.0,56.0,1175,47.23,43909616263427
5126.0,3,0.00,56.0,58.0,58.0,42.0,58.0,1249,47.93,44437698367126
5132.0,0,,68.0,80.0,80.0,52.0,70.0,2486,187.97,88135455481933
5132.0,1,0.00,51.0,54.0,54.0,39.0,52.0,1090,47.89,48219084447998
5132.0,2,0.00,54.0,58.0,58.0,42.0,56.0,1186,47.29,43909884390258
5132.0,3,0.00,56.0,58.0,58.0,42.0,58.0,1247,47.65,44437969005981
5137.0,0,,70.0,76.0,76.0,52.0,71.0,2482,196.90,88136573851623
5137.0,1,0.00,51.0,54.0,54.0,39.0,52.0,1088,48.05,48219357348083
5138.0,2,0.00,54.0,58.0,58.0,42.0,56.0,1171,47.00,43910151831665
5138.0,3,0.00,56.0,58.0,58.0,42.0,57.0,1257,47.78,44438240408264
5143.0,0,,69.0,80.0,80.0,52.0,70.0,2493,188.38,88137643859008
5143.0,1,0.00,50.0,54.0,54.0,39.0,52.0,1078,48.08,48219630434265
5143.0,2,0.00,54.0,58.0,58.0,42.0,56.0,1184,47.17,43910419305480
5143.0,3,0.00,56.0,58.0,58.0,42.0,58.0,1248,47.90,44438511988220
5149.0,0,,69.0,78.0,78.0,52.0,70.0,2485,190.32,88138724876220
5149.0,1,0.00,51.0,54.0,54.0,39.0,52.0,1089,47.76,48219901684020
5149.0,2,0.00,54.0,58.0,58.0,42.0,56.0,1184,47.26,43910687729919
5149.0,3,0.00,56.0,58.0,58.0,43.0,58.0,1248,47.96,44438784406738
5154.0,0,,69.0,78.0,78.0,52.0,71.0,2496,195.25,88139831965270
5154.0,1,0.00,51.0,54.0,54.0,39.0,52.0,1089,48.08,48220174324279
5155.0,2,0.00,54.0,58.0,58.0,42.0,56.0,1163,47.02,43910954788330
5155.0,3,0.00,56.0,58.0,58.0,43.0,58.0,1258,47.70,44439055359375
5160.0,0,,69.0,80.0,80.0,52.0,70.0,2482,188.25,88140901227722
5160.0,1,0.00,51.0,54.0,54.0,39.0,52.0,1088,48.15,48220447804565
5160.0,2,0.00,54.0,58.0,58.0,42.0,56.0,1183,47.11,43911222356201
5160.0,3,0.00,56.0,58.0,58.0,42.0,57.0,1247,47.81,44439326932983
5166.0,0,,69.0,80.0,80.0,52.0,70.0,2483,190.39,88141982639587
5166.0,1,0.00,51.0,54.0,54.0,39.0,52.0,1078,48.13,48220721209533
5166.0,2,0.00,54.0,58.0,58.0,42.0,56.0,1184,47.25,43911490283752
5166.0,3,0.00,56.0,58.0,58.0,43.0,58.0,1248,47.98,44439599469482
5171.0,0,99.99,69.0,78.0,78.0,52.0,70.0,2485,195.45,88143090833496
5171.0,1,0.00,51.0,54.0,54.0,39.0,52.0,1090,47.84,48220992938781
5172.0,2,0.00,54.0,58.0,58.0,42.0,56.0,1174,47.23,43911758563476
5172.0,3,0.00,56.0,58.0,58.0,43.0,58.0,1248,48.00,44439871646606
5177.0,0,,69.0,80.0,80.0,51.0,70.0,2486,188.18,88144159684875
5177.0,1,0.00,51.0,54.0,54.0,39.0,52.0,1079,48.04,48221265308715
5177.0,2,0.00,54.0,58.0,58.0,42.0,56.0,1174,47.14,43912025824523
5177.0,3,0.00,56.0,58.0,58.0,43.0,58.0,1248,47.72,44440142237426
5183.0,0,,71.0,76.0,76.0,52.0,70.0,2485,194.62,88145263157714
5183.0,1,0.00,51.0,54.0,54.0,39.0,52.0,1089,48.10,48221538528991
5183.0,2,0.00,54.0,58.0,58.0,42.0,56.0,1185,47.08,43912293220153
5183.0,3,0.00,56.0,58.0,58.0,43.0,58.0,1249,47.76,44440413487426
5188.0,0,,69.0,80.0,80.0,52.0,70.0,2486,190.35,88146344324829
5188.0,1,0.00,51.0,54.0,54.0,39.0,52.0,1079,47.82,48221809688171
5189.0,2,0.00,54.0,58.0,58.0,42.0,56.0,1174,47.24,43912561093322
5189.0,3,0.00,56.0,58.0,58.0,43.0,58.0,1249,47.89,44440685032775
5194.0,0,,69.0,80.0,80.0,52.0,70.0,2485,188.39,88147412482421
5194.0,1,0.00,51.0,54.0,54.0,39.0,52.0,1089,48.04,48222082057617
5194.0,2,0.00,54.0,58.0,58.0,42.0,56.0,1185,47.12,43912828235961
5194.0,3,0.00,56.0,58.0,58.0,43.0,58.0,1248,47.70,44440955984558
5200.0,0,100.00,69.0,80.0,78.0,52.0,70.0,2485,195.16,88148520981811
5200.0,1,0.00,51.0,54.0,54.0,39.0,52.0,1089,48.12,48222355400817
5200.0,2,0.00,54.0,58.0,58.0,42.0,56.0,1184,47.07,43913095590270
5200.0,3,0.00,56.0,58.0,58.0,43.0,58.0,1248,47.88,44441227455383
5205.0,0,99.99,69.0,80.0,80.0,52.0,71.0,2485,190.85,88149603122070
5206.0,1,0.00,51.0,54.0,54.0,39.0,52.0,1079,48.19,48222628617980
5206.0,2,0.00,54.0,58.0,58.0,42.0,56.0,1152,47.17,43913363527893
5206.0,3,0.00,56.0,58.0,58.0,43.0,58.0,1247,47.93,44441499693847
5211.0,0,,69.0,80.0,80.0,52.0,70.0,2493,187.91,88150670475708
5211.0,1,0.00,51.0,54.0,54.0,39.0,52.0,1088,47.77,48222900434265
5211.0,2,0.00,54.0,58.0,58.0,42.0,56.0,1184,47.29,43913632119018
5211.0,3,0.00,56.0,58.0,58.0,43.0,58.0,1254,48.01,44441772891113
5217.0,0,0.00,64.0,80.0,80.0,49.0,66.0,2373,90.17,88151183531738
5217.0,1,0.00,51.0,54.0,54.0,39.0,52.0,1087,47.95,48223173250244
5217.0,2,0.00,54.0,58.0,58.0,42.0,56.0,1182,47.14,43913900351501
5217.0,3,0.00,56.0,58.0,58.0,43.0,58.0,1249,47.28,44442041422485
5222.0,0,0.00,63.0,80.0,80.0,48.0,65.0,1727,58.58,88151515706115
5223.0,1,0.00,51.0,54.0,54.0,39.0,52.0,1092,48.06,48223445287963
5223.0,2,0.00,54.0,58.0,58.0,42.0,56.0,1177,47.13,43914167080993
5223.0,3,0.00,56.0,58.0,58.0,43.0,58.0,1251,47.41,44442309758117
5228.0,0,,66.0,74.0,74.0,50.0,67.0,1513,121.13,88152202507629
5228.0,1,0.00,51.0,54.0,54.0,39.0,52.0,1079,47.79,48223716241271
5228.0,2,0.00,54.0,58.0,58.0,42.0,56.0,1184,47.09,43914434578369
5229.0,3,0.00,56.0,58.0,58.0,43.0,58.0,1258,47.72,44442580796142
5234.0,0,100.00,67.0,76.0,76.0,51.0,69.0,1670,177.58,88153211151794
5234.0,1,0.00,51.0,54.0,54.0,39.0,52.0,1088,47.82,48223987875488
5234.0,2,0.00,54.0,58.0,58.0,41.0,56.0,1184,47.43,43914703531921
5234.0,3,0.00,56.0,58.0,58.0,42.0,58.0,1238,47.74,44442851486389
5239.0,0,100.00,71.0,74.0,74.0,52.0,70.0,1999,192.57,88154304966613
5240.0,1,0.00,51.0,54.0,54.0,39.0,52.0,1089,48.06,48224260863647
5240.0,2,0.00,54.0,58.0,58.0,42.0,56.0,1174,47.17,43914971456604
5240.0,3,0.00,56.0,58.0,58.0,42.0,58.0,1258,47.66,44443122208740
5245.0,0,,70.0,78.0,78.0,52.0,71.0,2379,196.88,88155421258911
5245.0,1,0.00,51.0,54.0,54.0,39.0,52.0,1079,48.14,48224533833618
5245.0,2,0.00,54.0,58.0,58.0,42.0,56.0,1185,47.08,43915238375366
5246.0,3,0.00,56.0,58.0,58.0,43.0,58.0,1259,47.68,44443393035522
5251.0,0,100.00,69.0,78.0,78.0,52.0,71.0,2473,196.57,88156537761230
5251.0,1,0.00,51.0,54.0,54.0,39.0,52.0,1089,47.87,48224805757141
5251.0,2,0.00,54.0,58.0,58.0,42.0,56.0,1184,47.61,43915508788635
5251.0,3,0.00,56.0,58.0,58.0,43.0,58.0,1238,48.05,44443665507202
5256.0,0,,69.0,76.0,76.0,52.0,70.0,2498,199.42,88157668496337
5257.0,1,0.00,51.0,54.0,54.0,39.0,52.0,1080,48.03,48225078094055
5257.0,2,0.00,54.0,58.0,58.0,42.0,56.0,1176,47.02,43915775385009
5257.0,3,0.00,56.0,58.0,58.0,43.0,58.0,1249,47.73,44443936150390
5262.0,0,,71.0,76.0,76.0,52.0,71.0,2751,199.76,88158801109497
5262.0,1,0.00,51.0,54.0,54.0,39.0,52.0,1090,48.16,48225351185180
5262.0,2,0.00,54.0,58.0,58.0,42.0,56.0,1174,47.18,43916042903076
5263.0,3,0.00,56.0,58.0,58.0,42.0,58.0,1248,47.80,44444207176269
5268.0,0,,69.0,78.0,78.0,51.0,70.0,2643,196.32,88159916192504
5268.0,1,0.00,51.0,54.0,54.0,39.0,52.0,1079,48.10,48225624404296
5268.0,2,0.00,54.0,58.0,58.0,42.0,56.0,1183,47.14,43916310672180
5268.0,3,0.00,56.0,58.0,58.0,43.0,58.0,1236,47.94,44444479493896
5273.0,0,,69.0,78.0,78.0,52.0,70.0,2493,198.56,88161044006103
5274.0,1,0.00,51.0,54.0,54.0,39.0,52.0,1088,47.89,48225896429321
5274.0,2,0.00,54.0,58.0,58.0,42.0,56.0,1173,47.20,43916578769165
5274.0,3,0.00,56.0,58.0,58.0,43.0,58.0,1247,47.95,44444751855773
5279.0,0,,69.0,78.0,78.0,52.0,71.0,2535,197.95,88162168335144
5279.0,1,0.00,51.0,54.0,54.0,39.0,52.0,1089,48.11,48226169696105
5279.0,2,0.00,54.0,58.0,58.0,42.0,55.0,1183,47.11,43916846332397
5280.0,3,0.00,56.0,58.0,58.0,43.0,58.0,1257,47.75,44445023552429
5285.0,0,,69.0,78.0,78.0,52.0,71.0,2643,199.37,88163298755004
5285.0,1,0.00,51.0,54.0,54.0,39.0,52.0,1088,48.18,48226443362792
5285.0,2,0.00,54.0,58.0,58.0,42.0,56.0,1184,47.12,43917113996093
5285.0,3,0.00,56.0,58.0,58.0,43.0,58.0,1238,47.90,44445295168884
5290.0,0,,69.0,80.0,80.0,52.0,70.0,2508,196.77,88164414441955
5291.0,1,0.00,51.0,54.0,54.0,39.0,52.0,1080,47.85,48226714658142
5291.0,2,0.00,54.0,58.0,58.0,41.0,56.0,1176,47.34,43917382426940
5291.0,3,0.00,56.0,58.0,58.0,43.0,58.0,1249,47.97,44445567142639
5296.0,0,,69.0,78.0,78.0,52.0,71.0,2494,198.70,88165543071228
5296.0,1,0.00,51.0,54.0,54.0,39.0,52.0,1089,47.94,48226986956665
5296.0,2,0.00,54.0,58.0,58.0,42.0,56.0,1184,47.04,43917649634277
5297.0,3,0.00,56.0,58.0,58.0,43.0,58.0,1258,47.78,44445838507324
5302.0,0,,68.0,78.0,78.0,52.0,70.0,2603,199.25,88166674812866
5302.0,1,0.00,51.0,54.0,54.0,39.0,52.0,1080,48.12,48227259806091
5302.0,2,0.00,54.0,58.0,58.0,41.0,56.0,1185,47.10,43917916673828
5302.0,3,0.00,56.0,58.0,58.0,43.0,58.0,1239,47.76,44446109287658
5308.0,0,100.00,69.0,80.0,78.0,52.0,70.0,2642,198.01,88167797526245
5308.0,1,0.00,51.0,54.0,54.0,39.0,52.0,1089,48.10,48227533034118
5308.0,2,0.00,54.0,58.0,58.0,42.0,56.0,1162,47.13,43918184362487
5308.0,3,0.00,56.0,58.0,58.0,43.0,58.0,1257,47.92,44446381483032
5313.0,0,,71.0,76.0,76.0,52.0,71.0,2506,199.35,88168929822814
5313.0,1,0.00,51.0,54.0,54.0,39.0,52.0,1089,47.94,48227804862548
5313.0,2,0.00,54.0,58.0,58.0,42.0,56.0,1185,47.19,43918451945312
5314.0,3,0.00,56.0,58.0,58.0,43.0,58.0,1259,48.03,44446653801757
5319.0,0,,71.0,76.0,76.0,52.0,71.0,2516,198.73,88170058583557
5319.0,1,0.00,51.0,54.0,54.0,39.0,52.0,1089,47.97,48228077311645
5319.0,2,0.00,54.0,58.0,58.0,42.0,56.0,1163,47.05,43918719206787
5319.0,3,0.00,56.0,58.0,58.0,43.0,58.0,1248,47.85,44446925604187
5325.0,0,,69.0,80.0,78.0,52.0,70.0,2706,197.40,88171177869445
5325.0,1,0.00,51.0,54.0,54.0,39.0,52.0,1078,48.18,48228350971374
5325.0,2,0.00,54.0,58.0,58.0,42.0,56.0,1162,47.12,43918986848083
5325.0,3,0.00,56.0,58.0,58.0,43.0,58.0,1247,47.82,44447197221740
5330.0,0,,70.0,78.0,78.0,52.0,71.0,2506,197.44,88172299339172
5330.0,1,0.00,51.0,54.0,54.0,39.0,52.0,1089,47.97,48228622945800
5331.0,2,0.00,54.0,58.0,58.0,42.0,56.0,1175,47.20,43919254493652
5331.0,3,0.00,56.0,58.0,58.0,43.0,58.0,1260,48.02,44447469468444
5336.0,0,100.00,69.0,78.0,78.0,52.0,70.0,2496,198.92,88173427211242
5336.0,1,0.00,51.0,54.0,54.0,39.0,52.0,1089,47.93,48228895162536
5336.0,2,0.00,54.0,58.0,58.0,42.0,56.0,1194,47.27,43919523000244
5336.0,3,0.00,56.0,58.0,58.0,43.0,58.0,1258,47.85,44447741248535
5342.0,0,,71.0,76.0,76.0,52.0,71.0,2677,200.31,88174564991760
5342.0,1,0.00,51.0,54.0,54.0,39.0,52.0,1080,48.11,48229167931701
5342.0,2,0.00,54.0,58.0,58.0,42.0,56.0,1186,47.02,43919789629577
5342.0,3,0.00,56.0,58.0,58.0,43.0,58.0,1260,47.81,44448012343444
5347.0,0,,71.0,76.0,76.0,52.0,71.0,2579,198.16,88175688563598
5347.0,1,0.00,51.0,54.0,54.0,39.0,52.0,1088,48.15,48229441432189
5348.0,2,0.00,54.0,58.0,58.0,42.0,56.0,1173,47.10,43920057172973
5348.0,3,0.00,56.0,58.0,58.0,43.0,58.0,1247,47.86,44448284179260
5353.0,0,,69.0,78.0,78.0,52.0,70.0,2492,197.06,88176809828247
5353.0,1,0.00,51.0,54.0,54.0,39.0,52.0,1089,47.88,48229713395751
5353.0,2,0.00,54.0,58.0,58.0,41.0,56.0,1184,47.16,43920325019714
5353.0,3,0.00,56.0,58.0,58.0,43.0,58.0,1258,48.01,44448556889831
5359.0,0,,70.0,78.0,78.0,52.0,70.0,2558,199.50,88177940971862
5359.0,1,0.00,51.0,54.0,54.0,39.0,52.0,1078,47.92,48229985602661
5359.0,2,0.00,54.0,58.0,58.0,41.0,56.0,1183,46.97,43920591826354
5359.0,3,0.00,56.0,58.0,58.0,43.0,58.0,1257,47.76,44448828172485
5364.0,0,,69.0,80.0,80.0,52.0,71.0,2727,198.16,88179066540100
5364.0,1,0.00,51.0,54.0,54.0,39.0,52.0,1089,48.24,48230259100769
5365.0,2,0.00,54.0,58.0,58.0,42.0,56.0,1164,47.16,43920859241760
5365.0,3,0.00,56.0,58.0,58.0,43.0,57.0,1249,47.85,44449099492553
5370.0,0,,69.0,80.0,80.0,52.0,70.0,2518,197.46,88180188095886
5370.0,1,0.00,51.0,54.0,54.0,39.0,52.0,1090,48.14,48230532524047
5370.0,2,0.00,54.0,58.0,58.0,42.0,56.0,1185,47.10,43921126785827
5370.0,3,0.00,56.0,58.0,58.0,43.0,58.0,1259,47.91,44449371624145
5376.0,0,,69.0,78.0,78.0,52.0,70.0,2517,199.72,88181320492004
5376.0,1,0.00,51.0,54.0,54.0,39.0,52.0,1079,47.92,48230804204833
5376.0,2,0.00,54.0,58.0,58.0,42.0,56.0,1185,47.25,43921394688964
5376.0,3,0.00,56.0,58.0,58.0,43.0,58.0,1279,48.10,44449644337280
5381.0,0,,69.0,76.0,76.0,52.0,70.0,2686,200.42,88182456870910
5381.0,1,0.00,51.0,54.0,54.0,39.0,52.0,1089,47.99,48231076779785
5382.0,2,0.00,54.0,58.0,58.0,42.0,56.0,1174,47.01,43921661722717
5382.0,3,0.00,56.0,58.0,58.0,43.0,58.0,1280,47.83,44449916006530
5387.0,0,,69.0,80.0,80.0,52.0,70.0,2475,195.26,88183565971923
5387.0,1,0.00,51.0,54.0,54.0,39.0,52.0,1079,48.20,48231350070983
5387.0,2,0.00,54.0,58.0,58.0,42.0,56.0,1174,47.18,43921929243835
5387.0,3,0.00,56.0,58.0,58.0,43.0,58.0,1269,47.91,44450187644592
5393.0,0,,68.0,80.0,80.0,52.0,70.0,2493,186.82,88184627135620
5393.0,1,0.00,51.0,54.0,54.0,39.0,52.0,1088,47.76,48231621321166
5393.0,2,0.00,54.0,58.0,58.0,42.0,56.0,1183,47.16,43922197580871
5393.0,3,0.00,56.0,58.0,58.0,43.0,58.0,1267,47.84,44450459829895
5398.0,0,0.00,64.0,80.0,80.0,49.0,66.0,2197,81.64,88185090857666
5398.0,1,0.00,51.0,54.0,54.0,39.0,52.0,1088,47.81,48231892888793
5399.0,2,0.00,54.0,58.0,58.0,42.0,56.0,1173,46.96,43922464336364
5399.0,3,0.00,56.0,58.0,58.0,43.0,58.0,1279,47.39,44450728999450
5404.0,0,0.00,63.0,80.0,80.0,48.0,65.0,1596,58.55,88185423424255
5404.0,1,0.00,51.0,54.0,54.0,39.0,52.0,1089,47.93,48232165117370
5404.0,2,0.00,54.0,58.0,58.0,42.0,56.0,1184,47.26,43922732298217
5404.0,3,0.00,56.0,58.0,58.0,43.0,58.0,1247,47.43,44450998388488
5410.0,0,99.99,66.0,74.0,74.0,49.0,68.0,1500,120.22,88186106254516
5410.0,1,0.00,51.0,54.0,54.0,39.0,52.0,1079,48.21,48232438968811
5410.0,2,0.00,54.0,58.0,58.0,42.0,56.0,1184,47.20,43923000366516
5410.0,3,0.00,56.0,58.0,58.0,43.0,58.0,1237,47.67,44451268676818
5415.0,0,,68.0,76.0,76.0,51.0,69.0,1692,177.97,88187115354431
5416.0,1,0.00,51.0,54.0,54.0,39.0,52.0,1089,47.85,48232710780456
5416.0,2,0.00,54.0,58.0,58.0,42.0,56.0,1163,47.21,43923268539184
5416.0,3,0.00,56.0,58.0,58.0,43.0,58.0,1258,47.92,44451540855285
5421.0,0,100.00,70.0,74.0,74.0,52.0,70.0,2018,192.26,88188207376647
5421.0,1,0.00,51.0,54.0,54.0,39.0,52.0,1089,48.01,48232983023376
5421.0,2,0.00,54.0,58.0,58.0,42.0,56.0,1184,47.12,43923535732604
5422.0,3,0.00,56.0,58.0,58.0,43.0,58.0,1249,47.72,44451811430419
5427.0,0,100.00,70.0,74.0,74.0,52.0,70.0,2508,200.08,88189341822204
5427.0,1,0.00,51.0,54.0,54.0,39.0,52.0,1080,48.18,48233256192932
5427.0,2,0.00,54.0,58.0,58.0,42.0,56.0,1185,47.20,43923803368469
5427.0,3,0.00,56.0,58.0,58.0,42.0,58.0,1248,47.55,44452081505249
5432.0,0,,70.0,76.0,76.0,52.0,71.0,2770,198.80,88190470986022
5433.0,1,0.00,51.0,54.0,54.0,39.0,52.0,1089,47.83,48233527854187
5433.0,2,0.00,54.0,58.0,58.0,42.0,56.0,1173,47.15,43924071198425
5433.0,3,0.00,56.0,58.0,58.0,43.0,58.0,1248,47.72,44452352558288
5438.0,0,,70.0,78.0,78.0,52.0,71.0,2571,200.04,88191605194396
5438.0,1,0.00,51.0,54.0,54.0,39.0,52.0,1089,48.06,48233800372131
5438.0,2,0.00,54.0,58.0,58.0,41.0,56.0,1174,47.21,43924339353271
5439.0,3,0.00,56.0,58.0,58.0,43.0,58.0,1259,47.88,44452624032043
5444.0,0,,69.0,78.0,78.0,52.0,70.0,2493,200.00,88192741220031
5444.0,1,0.00,51.0,54.0,54.0,39.0,52.0,1077,48.07,48234073916564
5444.0,2,0.00,54.0,58.0,58.0,42.0,56.0,1183,47.10,43924606889953
5444.0,3,0.00,56.0,58.0,58.0,43.0,58.0,1235,47.94,44452896311462
5449.0,0,,69.0,76.0,76.0,52.0,71.0,2588,200.54,88193880296875
5450.0,1,0.00,51.0,54.0,54.0,39.0,52.0,1089,48.22,48234347825439
5450.0,2,0.00,54.0,58.0,58.0,42.0,56.0,1163,47.25,43924875278381
5450.0,3,0.00,56.0,58.0,58.0,43.0,58.0,1258,47.89,44453168323486
5455.0,0,,69.0,74.0,74.0,52.0,70.0,2778,200.16,88195017222900
5455.0,1,0.00,51.0,54.0,54.0,39.0,52.0,1089,47.93,48234620062072
5455.0,2,0.00,54.0,58.0,58.0,41.0,56.0,1183,47.27,43925143780578
5456.0,3,0.00,56.0,58.0,58.0,43.0,58.0,1257,47.99,44453440914672
5461.0,0,,70.0,74.0,74.0,52.0,70.0,2801,200.00,88196153245910
5461.0,1,0.00,51.0,54.0,54.0,39.0,53.0,1089,48.01,48234892275451
5461.0,2,0.00,54.0,58.0,58.0,42.0,56.0,1185,46.88,43925410079467
5461.0,3,0.00,56.0,58.0,58.0,43.0,58.0,1238,47.80,44453711939758
5466.0,0,,69.0,78.0,78.0,52.0,69.0,2663,199.16,88197284463867
5467.0,1,0.00,51.0,54.0,54.0,39.0,52.0,1078,48.19,48235165971435
5467.0,2,0.00,54.0,58.0,58.0,42.0,56.0,1173,47.22,43925678274230
5467.0,3,0.00,56.0,58.0,58.0,43.0,58.0,1256,47.95,44453984800659
5472.0,0,,70.0,78.0,78.0,52.0,70.0,2501,199.84,88198421545043
5472.0,1,0.00,51.0,54.0,54.0,39.0,52.0,1087,47.98,48235438962829
5472.0,2,0.00,54.0,58.0,58.0,42.0,56.0,1172,47.30,43925946924743
5473.0,3,0.00,56.0,58.0,58.0,43.0,58.0,1256,48.00,44454257933715
5478.0,0,,71.0,76.0,76.0,52.0,71.0,2482,200.74,88199561774353
5478.0,1,0.00,51.0,54.0,54.0,39.0,52.0,1088,47.95,48235711305053
5478.0,2,0.00,54.0,58.0,58.0,42.0,56.0,1183,47.34,43926215796508
5478.0,3,0.00,56.0,58.0,58.0,43.0,58.0,1246,47.88,44454529878417
5484.0,0,,70.0,76.0,76.0,52.0,70.0,2696,199.67,88200695902038
5484.0,1,0.00,51.0,54.0,54.0,39.0,52.0,1089,47.98,48235983803710
5484.0,2,0.00,54.0,58.0,58.0,42.0,56.0,1173,46.94,43926482425354
5484.0,3,0.00,56.0,58.0,58.0,43.0,58.0,1248,47.82,44454801020019
5489.0,0,,70.0,76.0,76.0,52.0,71.0,2792,199.98,88201829762084
5489.0,1,0.00,51.0,54.0,54.0,39.0,52.0,1090,48.16,48236256883789
5490.0,2,0.00,54.0,58.0,58.0,42.0,56.0,1185,47.16,43926750309387
5490.0,3,0.00,56.0,58.0,58.0,43.0,58.0,1278,47.92,44455073182250
5495.0,0,99.99,69.0,78.0,78.0,52.0,70.0,2722,199.71,88202966118713
5495.0,1,0.00,51.0,54.0,54.0,39.0,52.0,1087,47.93,48236529590515
5495.0,2,0.00,54.0,58.0,58.0,42.0,56.0,1182,47.33,43927019159790
5495.0,3,0.00,56.0,58.0,58.0,43.0,58.0,1268,47.92,44455345869262
5501.0,0,99.99,69.0,78.0,78.0,52.0,70.0,2507,200.11,88204100728149
5501.0,1,0.00,51.0,54.0,54.0,39.0,52.0,1080,48.11,48236802353210
5501.0,2,0.00,54.0,58.0,58.0,42.0,56.0,1175,47.05,43927285925781
5501.0,3,0.00,56.0,58.0,58.0,43.0,58.0,1270,47.92,44455617573791
5506.0,0,,70.0,76.0,76.0,52.0,71.0,2496,200.31,88205238483703
5506.0,1,0.00,51.0,54.0,54.0,39.0,52.0,1089,48.15,48237075850341
5507.0,2,0.00,54.0,58.0,58.0,41.0,56.0,1184,47.19,43927553952880
5507.0,3,0.00,56.0,58.0,58.0,43.0,58.0,1268,48.04,44455889964782
5512.0,0,,71.0,74.0,74.0,52.0,70.0,2652,199.97,88206374333251
5512.0,1,0.00,51.0,54.0,54.0,39.0,52.0,1089,48.17,48237349434082
5512.0,2,0.00,54.0,58.0,58.0,42.0,56.0,1184,47.17,43927821857482
5512.0,3,0.00,56.0,58.0,58.0,43.0,58.0,1269,47.84,44456161697265
5518.0,0,100.00,69.0,78.0,78.0,52.0,70.0,2792,199.79,88207507170776
5518.0,1,0.00,51.0,54.0,54.0,39.0,52.0,1079,47.89,48237620955139
5518.0,2,0.00,54.0,58.0,58.0,42.0,56.0,1174,47.26,43928089818847
5518.0,3,0.00,56.0,58.0,58.0,43.0,58.0,1269,47.92,44456433420166
5523.0,0,,69.0,76.0,76.0,52.0,70.0,2708,200.10,88208643718078
5523.0,1,0.00,51.0,54.0,54.0,39.0,52.0,1089,47.96,48237893392578
5524.0,2,0.00,54.0,58.0,58.0,42.0,56.0,1174,46.91,43928356279663
5524.0,3,0.00,56.0,58.0,58.0,43.0,58.0,1279,47.83,44456705109802
5529.0,0,,70.0,78.0,78.0,52.0,70.0,2515,199.82,88209776687683
5529.0,1,0.00,51.0,54.0,54.0,39.0,52.0,1088,48.21,48238167212646
5529.0,2,0.00,54.0,58.0,58.0,42.0,56.0,1184,47.15,43928624108032
5529.0,3,0.00,56.0,58.0,58.0,43.0,58.0,1269,48.00,44456977724243
5535.0,0,100.00,71.0,76.0,76.0,52.0,71.0,2486,200.49,88210915444763
5535.0,1,0.00,51.0,54.0,54.0,39.0,52.0,1079,48.05,48238439654663
5535.0,2,0.00,54.0,58.0,58.0,42.0,56.0,1174,47.41,43928892946228
5535.0,3,0.00,56.0,58.0,58.0,43.0,58.0,1269,48.06,44457250216613
5540.0,0,,70.0,76.0,76.0,52.0,70.0,2633,200.00,88212049426391
5540.0,1,0.00,50.0,54.0,54.0,39.0,52.0,1090,47.91,48238711758300
5541.0,2,0.00,54.0,58.0,58.0,42.0,56.0,1164,46.94,43929159585449
5541.0,3,0.00,56.0,58.0,58.0,43.0,58.0,1280,47.70,44457521144470
5546.0,0,,71.0,76.0,76.0,52.0,70.0,2741,199.69,88213181695922
5546.0,1,0.00,51.0,54.0,54.0,39.0,52.0,1080,48.12,48238984609985
5546.0,2,0.00,54.0,58.0,58.0,42.0,56.0,1184,47.08,43929427021911
5546.0,3,0.00,56.0,58.0,58.0,43.0,58.0,1236,48.01,44457793866638
5552.0,0,,71.0,74.0,74.0,52.0,71.0,2588,200.21,88214320892028
5552.0,1,0.00,51.0,54.0,54.0,39.0,52.0,1088,48.15,48239258126403
5552.0,2,0.00,54.0,58.0,58.0,42.0,56.0,1185,47.28,43929695104370
5552.0,3,0.00,56.0,58.0,58.0,43.0,58.0,1249,48.00,44458066000366
5557.0,0,100.00,69.0,78.0,78.0,52.0,70.0,2634,199.40,88215451474853
5557.0,1,0.00,51.0,54.0,54.0,39.0,52.0,1090,48.01,48239530339660
5558.0,2,0.00,54.0,58.0,58.0,42.0,56.0,1174,47.33,43929963458496
5558.0,3,0.00,56.0,58.0,58.0,43.0,58.0,1280,48.07,44458338535461
5563.0,0,,69.0,78.0,78.0,52.0,71.0,2506,200.27,88216587009460
5563.0,1,0.00,51.0,54.0,54.0,39.0,52.0,1079,48.08,48239802942749
5563.0,2,0.00,54.0,58.0,58.0,42.0,56.0,1174,47.05,43930230684020
5563.0,3,0.00,56.0,58.0,58.0,43.0,58.0,1269,47.95,44458610866271
5569.0,0,,70.0,76.0,76.0,52.0,71.0,2558,200.35,88217725008117
5569.0,1,0.00,51.0,54.0,54.0,39.0,52.0,1088,48.09,48240076575500
5569.0,2,0.00,54.0,58.0,58.0,42.0,56.0,1173,47.11,43930498285461
5569.0,3,0.00,56.0,58.0,58.0,43.0,58.0,1278,47.96,44458883251770
5574.0,0,,71.0,76.0,76.0,52.0,71.0,2714,199.88,88218860322875
5575.0,1,0.00,51.0,54.0,54.0,39.0,52.0,1088,47.92,48240348778320
5575.0,2,0.00,54.0,58.0,58.0,42.0,56.0,1173,47.29,43930766895996
5575.0,3,0.00,56.0,58.0,58.0,43.0,58.0,1279,48.00,44459155879943
5580.0,0,,69.0,76.0,76.0,52.0,70.0,2696,199.79,88219995140930
5580.0,1,0.00,51.0,54.0,54.0,39.0,52.0,1089,47.96,48240620692321
5580.0,2,0.00,54.0,58.0,58.0,42.0,56.0,1174,47.36,43931035412475
5580.0,3,0.00,56.0,58.0,58.0,43.0,58.0,1270,47.73,44459426536376
5586.0,0,,70.0,78.0,78.0,52.0,70.0,2687,199.96,88221128889160
5586.0,1,0.00,51.0,54.0,54.0,39.0,52.0,1079,48.02,48240893450866
5586.0,2,0.00,54.0,58.0,58.0,42.0,56.0,1184,47.02,43931302464782
5586.0,3,0.00,56.0,58.0,58.0,43.0,58.0,1269,47.93,44459698786376
5591.0,0,,70.0,76.0,76.0,52.0,71.0,2505,200.34,88222266829223
5592.0,1,0.00,51.0,54.0,54.0,39.0,52.0,1090,48.26,48241167060363
5592.0,2,0.00,54.0,58.0,58.0,42.0,55.0,1175,47.24,43931570337280
5592.0,3,0.00,56.0,58.0,58.0,43.0,58.0,1280,47.96,44459971220214
5597.0,0,,70.0,76.0,76.0,52.0,71.0,2535,200.09,88223403328247
5597.0,1,0.00,51.0,54.0,54.0,39.0,52.0,1089,47.93,48241439289733
5597.0,2,0.00,54.0,58.0,58.0,42.0,56.0,1184,47.26,43931838792968
5598.0,3,0.00,56.0,58.0,58.0,43.0,58.0,1269,47.99,44460243337280
5603.0,0,,70.0,76.0,76.0,52.0,70.0,2699,199.97,88224537178894
5603.0,1,0.00,51.0,54.0,54.0,39.0,52.0,1080,47.94,48241711119201
5603.0,2,0.00,54.0,58.0,58.0,42.0,56.0,1164,46.98,43932105143005
5603.0,3,0.00,56.0,58.0,58.0,43.0,58.0,1280,47.76,44460514117187
5608.0,0,,70.0,74.0,76.0,52.0,70.0,2656,200.03,88225671348205
5609.0,1,0.00,51.0,54.0,54.0,39.0,52.0,1090,48.15,48241984102661
5609.0,2,0.00,54.0,58.0,58.0,42.0,56.0,1164,47.02,43932372228698
5609.0,3,0.00,56.0,58.0,58.0,43.0,58.0,1280,47.88,44460786100952
5614.0,0,,71.0,76.0,76.0,52.0,70.0,2738,199.69,88226805585021
5614.0,1,0.00,51.0,54.0,54.0,39.0,53.0,1078,48.16,48242257667846
5614.0,2,0.00,54.0,58.0,58.0,42.0,56.0,1184,47.26,43932640177185
5615.0,3,0.00,56.0,58.0,58.0,43.0,58.0,1269,47.89,44461058120666
5620.0,0,99.99,70.0,78.0,78.0,52.0,70.0,2538,199.73,88227938034484
5620.0,1,0.00,51.0,54.0,54.0,39.0,52.0,1090,47.97,48242530141906
5620.0,2,0.00,54.0,58.0,58.0,42.0,56.0,1184,47.31,43932908894409
5620.0,3,0.00,56.0,58.0,58.0,43.0,58.0,1269,48.15,44461331117553
5625.0,0,,70.0,74.0,74.0,52.0,70.0,2504,200.66,88229077763305
5626.0,1,0.00,51.0,54.0,54.0,39.0,52.0,1088,48.10,48242803323242
5626.0,2,0.00,54.0,58.0,58.0,42.0,56.0,1173,47.07,43933176240844
5626.0,3,0.00,56.0,58.0,58.0,43.0,58.0,1279,47.92,44461603326538
5631.0,0,,71.0,76.0,76.0,52.0,70.0,2589,199.83,88230212784790
5631.0,1,0.00,51.0,54.0,54.0,39.0,52.0,1078,48.22,48243076722961
5631.0,2,0.00,54.0,58.0,58.0,42.0,56.0,1184,47.15,43933444050109
5632.0,3,0.00,56.0,58.0,58.0,43.0,58.0,1278,48.03,44461876133239
5637.0,0,,70.0,74.0,74.0,52.0,71.0,2608,199.84,88231349899536
5637.0,1,0.00,51.0,54.0,54.0,39.0,52.0,1088,47.88,48243349180847
5637.0,2,0.00,54.0,58.0,58.0,42.0,56.0,1184,47.30,43933712734252
5637.0,3,0.00,56.0,58.0,58.0,43.0,58.0,1269,47.94,44462148432067
5642.0,0,100.00,71.0,74.0,74.0,52.0,70.0,2772,200.09,88232484424011
5643.0,1,0.00,51.0,54.0,54.0,39.0,52.0,1090,48.00,48243621314636
5643.0,2,0.00,54.0,58.0,58.0,42.0,56.0,1163,47.13,43933979979248
5643.0,3,0.00,56.0,58.0,58.0,43.0,58.0,1280,47.78,44462419331848
5648.0,0,,70.0,78.0,78.0,52.0,70.0,2674,199.54,88233615835815
5648.0,1,0.00,51.0,54.0,54.0,39.0,52.0,1089,47.94,48243893586853
5648.0,2,0.00,54.0,58.0,58.0,42.0,56.0,1174,47.03,43934247100952
5649.0,3,0.00,56.0,58.0,58.0,43.0,58.0,1279,47.95,44462691687683
5654.0,0,,69.0,78.0,78.0,52.0,70.0,2506,197.48,88234737513977
5654.0,1,0.00,51.0,54.0,54.0,39.0,52.0,1079,48.32,48244167581420
5654.0,2,0.00,54.0,58.0,58.0,42.0,56.0,1195,47.26,43934515073364
5654.0,3,0.00,56.0,58.0,58.0,43.0,58.0,1270,48.06,44462964199096
5659.0,0,,68.0,80.0,80.0,51.0,70.0,2497,193.00,88235831798950
5660.0,1,0.00,51.0,54.0,54.0,39.0,52.0,1089,47.93,48244439815063
5660.0,2,0.00,54.0,58.0,58.0,42.0,56.0,1185,47.25,43934783449768
5660.0,3,0.00,56.0,58.0,58.0,43.0,58.0,1280,47.90,44463236266967
5665.0,0,0.00,64.0,80.0,80.0,49.0,66.0,2359,96.84,88236381822998
5665.0,1,0.00,51.0,54.0,54.0,39.0,52.0,1080,47.93,48244711569763
5665.0,2,0.00,54.0,58.0,58.0,42.0,56.0,1185,47.07,43935050334045
5666.0,3,0.00,56.0,58.0,58.0,43.0,57.0,1280,47.50,44463505613037
5671.0,0,0.00,63.0,80.0,80.0,48.0,65.0,1704,58.75,88236714921447
5671.0,1,0.00,51.0,54.0,54.0,39.0,52.0,1090,48.12,48244984402832
5671.0,2,0.00,54.0,58.0,58.0,42.0,56.0,1185,47.13,43935317542663
5671.0,3,0.00,56.0,58.0,58.0,43.0,58.0,1269,47.57,44463775314392
5677.0,0,85.79,66.0,72.0,74.0,49.0,67.0,1523,95.04,88237253795837
5677.0,1,0.00,51.0,54.0,54.0,39.0,52.0,1079,47.85,48245255697143
5677.0,2,0.00,54.0,58.0,58.0,42.0,56.0,1175,47.15,43935584910888
5677.0,3,0.00,56.0,58.0,58.0,43.0,58.0,1271,47.49,44464044606079
5682.0,0,100.00,67.0,76.0,76.0,51.0,69.0,1567,177.36,88238259434265
5682.0,1,0.00,51.0,54.0,54.0,39.0,52.0,1090,47.92,48245527419921
5682.0,2,0.00,54.0,58.0,58.0,42.0,56.0,1174,47.30,43935853577758
5683.0,3,0.00,56.0,58.0,58.0,43.0,58.0,1237,47.58,44464314834289
5688.0,0,,71.0,74.0,74.0,52.0,70.0,1902,187.64,88239325202026
5688.0,1,0.00,51.0,54.0,54.0,39.0,52.0,1088,47.98,48245799966247
5688.0,2,0.00,54.0,58.0,58.0,41.0,56.0,1184,47.05,43936120840515
5688.0,3,0.00,56.0,58.0,58.0,42.0,58.0,1236,47.67,44464585580017
5694.0,0,,71.0,74.0,74.0,52.0,71.0,2387,200.13,88240461927368
5694.0,1,0.00,51.0,54.0,54.0,39.0,52.0,1078,48.12,48246073260620
5694.0,2,0.00,54.0,58.0,58.0,41.0,56.0,1173,47.12,43936388463317
5694.0,3,0.00,56.0,58.0,58.0,43.0,58.0,1247,47.64,44464856193908
5699.0,0,100.00,71.0,74.0,74.0,52.0,71.0,2749,199.79,88241596752380
5699.0,1,0.00,51.0,54.0,54.0,39.0,52.0,1089,47.86,48246345105285
5700.0,2,0.00,54.0,58.0,58.0,42.0,56.0,1184,47.37,43936657068054
5700.0,3,0.00,56.0,58.0,58.0,43.0,58.0,1247,47.59,44465126488708
5705.0,0,,70.0,74.0,74.0,52.0,70.0,2799,198.38,88242723543090
5705.0,1,0.00,51.0,54.0,54.0,39.0,52.0,1088,47.84,48246616816345
5705.0,2,0.00,54.0,58.0,58.0,42.0,56.0,1184,47.01,43936924068908
5705.0,3,0.00,56.0,58.0,58.0,43.0,58.0,1248,47.52,44465395952941
5711.0,0,100.00,70.0,76.0,74.0,51.0,70.0,2602,200.02,88243857636596
5711.0,1,0.00,51.0,54.0,54.0,39.0,52.0,1079,48.07,48246889859619
5711.0,2,0.00,54.0,58.0,58.0,42.0,56.0,1174,46.98,43937190932556
5711.0,3,0.00,56.0,58.0,58.0,43.0,58.0,1258,47.92,44465668166625
5716.0,0,,70.0,76.0,76.0,52.0,70.0,2497,200.05,88244991947998
5716.0,1,0.00,51.0,54.0,54.0,39.0,52.0,1091,48.21,48247163204772
5717.0,2,0.00,54.0,58.0,58.0,42.0,56.0,1175,47.15,43937458282836
5717.0,3,0.00,56.0,58.0,58.0,43.0,58.0,1249,48.05,44465940616821
5722.0,0,,69.0,76.0,76.0,52.0,70.0,2482,199.75,88246128529296
5722.0,1,0.00,51.0,54.0,54.0,39.0,52.0,1088,47.94,48247435500000
5722.0,2,0.00,54.0,58.0,58.0,42.0,56.0,1183,47.29,43937726893127
5722.0,3,0.00,56.0,58.0,58.0,43.0,58.0,1247,48.00,44466213267700
5728.0,0,,70.0,76.0,76.0,52.0,70.0,2554,200.10,88247265082580
5728.0,1,0.00,51.0,54.0,54.0,39.0,52.0,1088,48.04,48247708351562
5728.0,2,0.00,54.0,58.0,58.0,41.0,56.0,1172,47.05,43937994126220
5728.0,3,0.00,56.0,58.0,58.0,43.0,58.0,1246,47.74,44466484883728
5733.0,0,99.99,70.0,76.0,76.0,52.0,70.0,2729,199.86,88248400273376
5733.0,1,0.00,51.0,54.0,54.0,39.0,52.0,1079,48.04,48247981200561
5734.0,2,0.00,54.0,58.0,58.0,42.0,56.0,1174,47.07,43938261469421
5734.0,3,0.00,56.0,58.0,58.0,43.0,58.0,1258,48.07,44466757445068
5739.0,0,100.00,69.0,74.0,74.0,52.0,70.0,2685,201.05,88249540217590
5739.0,1,0.00,51.0,54.0,54.0,39.0,52.0,1089,47.94,48248253514526
5739.0,2,0.00,54.0,58.0,58.0,42.0,56.0,1184,47.22,43938529688537
5739.0,3,0.00,56.0,58.0,58.0,43.0,58.0,1268,47.90,44467029521179
5745.0,0,,70.0,74.0,74.0,52.0,70.0,2800,200.11,88250676853332
5745.0,1,0.00,51.0,54.0,54.0,39.0,52.0,1089,48.04,48248525874023
5745.0,2,0.00,54.0,58.0,58.0,42.0,56.0,1173,47.02,43938796763061
5745.0,3,0.00,56.0,58.0,58.0,43.0,58.0,1280,47.70,44467300476501
5750.0,0,,69.0,74.0,74.0,51.0,70.0,2801,200.14,88251813660339
5750.0,1,0.00,51.0,54.0,54.0,39.0,52.0,1078,48.07,48248798889465
5751.0,2,0.00,54.0,58.0,58.0,41.0,56.0,1174,47.18,43939064299682
5751.0,3,0.00,56.0,58.0,58.0,43.0,58.0,1269,47.88,44467572415771
5756.0,0,,69.0,74.0,74.0,51.0,70.0,2802,198.81,88252942879089
5756.0,1,0.00,51.0,54.0,54.0,39.0,52.0,1089,48.13,48249072259277
5756.0,2,0.00,54.0,58.0,58.0,42.0,56.0,1173,47.13,43939331989196
5756.0,3,0.00,56.0,58.0,58.0,43.0,58.0,1227,48.02,44467844697937
5762.0,0,,70.0,72.0,72.0,52.0,70.0,2537,200.95,88254082275329
5762.0,1,0.00,51.0,54.0,54.0,39.0,53.0,1089,47.91,48249343936279
5762.0,2,0.00,54.0,58.0,58.0,42.0,56.0,1175,47.21,43939599653442
5762.0,3,0.00,56.0,58.0,58.0,43.0,58.0,1280,47.80,44468116184997
5767.0,0,,70.0,76.0,76.0,51.0,70.0,2497,198.93,88255210213684
5767.0,1,0.00,51.0,54.0,54.0,39.0,52.0,1079,47.94,48249616225219
5768.0,2,0.00,54.0,58.0,58.0,42.0,56.0,1174,47.00,43939866599731
5768.0,3,0.00,56.0,58.0,58.0,43.0,58.0,1270,47.78,44468387077026
5773.0,0,,70.0,76.0,76.0,51.0,70.0,2486,199.86,88256345428710
5773.0,1,0.00,51.0,54.0,54.0,39.0,52.0,1090,48.09,48249888880249
5773.0,2,0.00,54.0,58.0,58.0,42.0,56.0,1174,47.03,43940133277160
5773.0,3,0.00,56.0,58.0,58.0,43.0,58.0,1216,48.01,44468659272460
5779.0,0,,70.0,76.0,76.0,52.0,70.0,2484,199.92,88257480978881
5779.0,1,0.00,51.0,54.0,54.0,39.0,52.0,1089,47.98,48250161379272
5779.0,2,0.00,54.0,58.0,58.0,42.0,56.0,1184,47.14,43940401060058
5779.0,3,0.00,56.0,58.0,58.0,43.0,58.0,1279,48.02,44468932023437
5784.0,0,,70.0,76.0,76.0,52.0,71.0,2495,200.23,88258616301818
5785.0,1,0.00,51.0,54.0,54.0,39.0,52.0,1079,48.07,48250433939086
5785.0,2,0.00,54.0,58.0,58.0,41.0,56.0,1163,47.25,43940669448120
5785.0,3,0.00,56.0,58.0,58.0,43.0,58.0,1278,47.74,44469203208007
5790.0,0,,70.0,76.0,76.0,52.0,70.0,2759,200.30,88259754003417
5790.0,1,0.00,51.0,54.0,54.0,39.0,52.0,1089,48.07,48250706973999
5790.0,2,0.00,54.0,58.0,58.0,42.0,56.0,1184,47.16,43940936864990
5791.0,3,0.00,56.0,58.0,58.0,43.0,58.0,1270,47.87,44469475109680
5796.0,0,,71.0,74.0,74.0,52.0,70.0,2805,200.82,88260892646057
5796.0,1,0.00,51.0,54.0,54.0,39.0,52.0,1080,48.16,48250980032104
5796.0,2,0.00,54.0,58.0,58.0,42.0,56.0,1185,47.07,43941204196533
5796.0,3,0.00,56.0,58.0,58.0,43.0,58.0,1269,48.08,44469747728637
5801.0,0,,69.0,74.0,74.0,51.0,70.0,2800,198.91,88262022434387
5802.0,1,0.00,51.0,54.0,54.0,39.0,52.0,1089,47.88,48251251989379
5802.0,2,0.00,54.0,58.0,58.0,42.0,56.0,1173,47.20,43941471829040
5802.0,3,0.00,56.0,58.0,58.0,43.0,58.0,1280,47.89,44470019743591
5807.0,0,,70.0,72.0,74.0,52.0,70.0,2717,200.87,88263163357971
5807.0,1,0.00,50.0,54.0,54.0,39.0,52.0,1089,47.88,48251523937316
5807.0,2,0.00,54.0,58.0,58.0,42.0,56.0,1163,46.99,43941738748657
5808.0,3,0.00,56.0,58.0,58.0,43.0,58.0,1268,47.69,44470290631225
5813.0,0,,71.0,72.0,72.0,52.0,70.0,2600,200.00,88264299337768
5813.0,1,0.00,51.0,54.0,54.0,39.0,52.0,1089,48.09,48251797102905
5813.0,2,0.00,54.0,58.0,58.0,42.0,56.0,1183,47.14,43942006531433
5813.0,3,0.00,56.0,58.0,58.0,43.0,58.0,1279,47.89,44470562646484
5818.0,0,100.00,71.0,74.0,74.0,52.0,70.0,2589,199.86,88265434542907
5819.0,1,0.00,51.0,54.0,54.0,39.0,52.0,1078,48.12,48252070407714
5819.0,2,0.00,54.0,58.0,58.0,42.0,56.0,1164,47.11,43942274088562
5819.0,3,0.00,56.0,58.0,58.0,43.0,58.0,1280,48.08,44470835252441
5824.0,0,,70.0,74.0,76.0,51.0,70.0,2634,199.07,88266563251953
5824.0,1,0.00,51.0,54.0,54.0,39.0,52.0,1090,47.98,48252342472778
5824.0,2,0.00,54.0,58.0,58.0,42.0,56.0,1185,47.21,43942541787841
5825.0,3,0.00,56.0,58.0,58.0,43.0,57.0,1280,48.04,44471107656799
5830.0,0,,70.0,76.0,76.0,52.0,70.0,2506,200.21,88267698456848
5830.0,1,0.00,51.0,54.0,54.0,39.0,52.0,1089,48.01,48252615162597
5830.0,2,0.00,54.0,58.0,58.0,41.0,56.0,1194,47.07,43942809134521
5830.0,3,0.00,56.0,58.0,58.0,43.0,58.0,1269,47.82,44471379267578
5835.0,0,,70.0,76.0,76.0,52.0,70.0,2484,199.84,88268833556884
5836.0,1,0.00,51.0,54.0,54.0,39.0,52.0,1079,48.17,48252888264770
5836.0,2,0.00,54.0,58.0,58.0,42.0,56.0,1175,47.15,43943076493530
5836.0,3,0.00,56.0,58.0,58.0,43.0,58.0,1280,48.07,44471651826843
5841.0,0,,70.0,76.0,74.0,52.0,71.0,2622,200.78,88269971963134
5841.0,1,0.00,51.0,54.0,54.0,39.0,52.0,1089,47.92,48253160453247
5841.0,2,0.00,54.0,58.0,58.0,41.0,56.0,1183,47.20,43943344600341
5842.0,3,0.00,56.0,58.0,58.0,43.0,58.0,1278,47.99,44471924907897
5847.0,0,,70.0,76.0,76.0,52.0,70.0,2789,199.25,88271105690185
5847.0,1,0.00,51.0,54.0,54.0,39.0,52.0,1089,48.01,48253433157775
5847.0,2,0.00,54.0,58.0,58.0,42.0,56.0,1184,46.98,43943611435058
5847.0,3,0.00,56.0,58.0,58.0,43.0,58.0,1258,47.76,44472195700622
5852.0,0,,69.0,74.0,74.0,51.0,70.0,2750,200.86,88272244576477
5853.0,1,0.00,51.0,54.0,54.0,39.0,52.0,1079,48.09,48253705812683
5853.0,2,0.00,54.0,58.0,58.0,42.0,56.0,1153,47.12,43943878612915
5853.0,3,0.00,56.0,58.0,58.0,43.0,58.0,1280,47.80,44472467214477
5858.0,0,,69.0,74.0,74.0,51.0,70.0,2601,199.85,88273377735656
5858.0,1,0.00,51.0,54.0,54.0,39.0,52.0,1090,48.07,48253978865783
5858.0,2,0.00,54.0,58.0,58.0,42.0,56.0,1175,47.03,43944145753601
5859.0,3,0.00,56.0,58.0,58.0,43.0,58.0,1281,47.98,44472739265258
5864.0,0,,68.0,74.0,74.0,51.0,69.0,2784,199.37,88274510145019
5864.0,1,0.00,51.0,54.0,54.0,39.0,52.0,1080,47.93,48254250648193
5864.0,2,0.00,54.0,58.0,58.0,42.0,56.0,1185,47.24,43944413632690
5864.0,3,0.00,56.0,58.0,58.0,43.0,58.0,1269,48.05,44473011682739
5870.0,0,,69.0,74.0,74.0,51.0,70.0,2747,200.23,88275645455383
5870.0,1,0.00,51.0,54.0,54.0,39.0,52.0,1089,48.15,48254523671142
5870.0,2,0.00,54.0,58.0,58.0,42.0,56.0,1174,47.03,43944680767761
5870.0,3,0.00,56.0,58.0,58.0,43.0,58.0,1279,47.76,44473282937133
5875.0,0,,71.0,72.0,72.0,52.0,70.0,2558,200.18,88276782504028
5875.0,1,0.00,51.0,54.0,54.0,39.0,52.0,1089,48.13,48254797030822
5875.0,2,0.00,54.0,58.0,58.0,42.0,56.0,1184,47.19,43944948802612
5876.0,3,0.00,56.0,58.0,58.0,43.0,58.0,1268,47.98,44473555477905
5881.0,0,,69.0,74.0,74.0,51.0,70.0,2550,199.78,88277915265991
5881.0,1,0.00,51.0,54.0,54.0,39.0,52.0,1079,48.01,48255069275634
5881.0,2,0.00,54.0,58.0,58.0,42.0,56.0,1185,47.49,43945218045532
5881.0,3,0.00,56.0,58.0,58.0,43.0,58.0,1269,48.18,44473828656555
5887.0,0,,69.0,76.0,76.0,52.0,70.0,2547,199.24,88279046927062
5887.0,1,0.00,51.0,54.0,54.0,39.0,52.0,1089,47.92,48255341936218
5887.0,2,0.00,54.0,58.0,58.0,42.0,56.0,1173,47.17,43945485954589
5887.0,3,0.00,56.0,58.0,58.0,43.0,58.0,1278,47.72,44474099728820
5892.0,0,,70.0,76.0,76.0,52.0,70.0,2494,199.87,88280182172790
5892.0,1,0.00,51.0,54.0,54.0,39.0,52.0,1090,48.04,48255614321899
5893.0,2,0.00,54.0,58.0,58.0,42.0,56.0,1174,47.11,43945753090454
5893.0,3,0.00,56.0,58.0,58.0,43.0,58.0,1280,47.89,44474371293151
5898.0,0,,72.0,76.0,76.0,53.0,71.0,2485,199.98,88281318073059
5898.0,1,0.00,51.0,54.0,54.0,39.0,52.0,1079,48.07,48255887352539
5898.0,2,0.00,54.0,58.0,58.0,42.0,56.0,1185,47.10,43946020622680
5898.0,3,0.00,56.0,58.0,58.0,43.0,58.0,1259,47.92,44474643483337
5904.0,0,,71.0,74.0,74.0,52.0,70.0,2687,201.22,88282459002746
5904.0,1,0.00,51.0,54.0,54.0,39.0,52.0,1090,47.86,48256158700988
5904.0,2,0.00,54.0,58.0,58.0,42.0,56.0,1174,47.19,43946288177307
5904.0,3,0.00,56.0,58.0,58.0,43.0,58.0,1280,47.91,44474915126342
5909.0,0,,71.0,74.0,74.0,52.0,71.0,2793,199.66,88283591096862
5909.0,1,0.00,51.0,54.0,54.0,39.0,52.0,1079,48.08,48256431341308
5910.0,2,0.00,54.0,58.0,58.0,42.0,56.0,1185,46.92,43946554665771
5910.0,3,0.00,56.0,58.0,58.0,43.0,58.0,1280,47.71,44475186117065
5915.0,0,,69.0,74.0,74.0,51.0,70.0,2802,199.16,88284722348815
5915.0,1,0.00,51.0,54.0,54.0,39.0,52.0,1089,48.02,48256704112792
5915.0,2,0.00,54.0,58.0,58.0,42.0,56.0,1184,47.17,43946822129028
5915.0,3,0.00,56.0,58.0,58.0,43.0,58.0,1269,47.91,44475457739929
5921.0,0,,71.0,74.0,74.0,51.0,70.0,2695,201.53,88285865013366
5921.0,1,0.00,51.0,54.0,54.0,39.0,52.0,1089,48.13,48256977470336
5921.0,2,0.00,54.0,58.0,58.0,41.0,56.0,1174,47.21,43947090306030
5921.0,3,0.00,56.0,58.0,58.0,43.0,58.0,1278,48.03,44475730559631
5926.0,0,,71.0,74.0,74.0,52.0,70.0,2609,199.56,88287000492004
5926.0,1,0.00,51.0,54.0,54.0,39.0,52.0,1078,48.04,48257250344909
5927.0,2,0.00,54.0,58.0,58.0,42.0,56.0,1183,47.24,43947358640686
5927.0,3,0.00,56.0,58.0,58.0,43.0,58.0,1279,48.02,44476003319519
5932.0,0,,70.0,74.0,74.0,52.0,70.0,2695,200.26,88288135979187
5932.0,1,0.00,51.0,54.0,54.0,39.0,52.0,1089,48.06,48257522825622
5932.0,2,0.00,54.0,58.0,58.0,42.0,56.0,1174,46.99,43947625521545
5932.0,3,0.00,56.0,58.0,58.0,43.0,58.0,1269,47.65,44476273986328
5938.0,0,,70.0,74.0,74.0,51.0,70.0,2665,198.39,88289262844482
5938.0,1,0.00,51.0,54.0,54.0,39.0,52.0,1089,48.03,48257795608764
5938.0,2,0.00,54.0,58.0,58.0,42.0,56.0,1174,47.23,43947893326843
5938.0,3,0.00,56.0,58.0,58.0,43.0,58.0,1280,47.96,44476545940185
5943.0,0,,70.0,76.0,76.0,52.0,70.0,2496,200.10,88290397394592
5943.0,1,0.00,51.0,54.0,54.0,39.0,52.0,1079,47.85,48258066938659
5944.0,2,0.00,54.0,58.0,58.0,42.0,56.0,1175,47.13,43948160579284
5944.0,3,0.00,56.0,58.0,58.0,43.0,58.0,1280,47.98,44476817998535
5949.0,0,,70.0,76.0,76.0,52.0,70.0,2497,199.97,88291531221496
5949.0,1,0.00,51.0,54.0,54.0,39.0,52.0,1090,47.96,48258338873901
5949.0,2,0.00,54.0,58.0,58.0,42.0,56.0,1185,46.96,43948426852539
5949.0,3,0.00,56.0,58.0,58.0,43.0,58.0,1260,47.70,44477088920959
5955.0,0,100.00,70.0,76.0,76.0,52.0,70.0,2486,199.80,88292666076660
5955.0,1,0.00,51.0,54.0,54.0,39.0,52.0,1079,48.01,48258611586242
5955.0,2,0.00,54.0,58.0,58.0,42.0,56.0,1174,47.07,43948694227111
5955.0,3,0.00,56.0,58.0,58.0,43.0,58.0,1279,47.91,44477360547485
5960.0,0,100.00,71.0,74.0,74.0,52.0,71.0,2623,201.19,88293806845458
5960.0,1,0.00,51.0,54.0,54.0,39.0,52.0,1090,48.22,48258884979064
5961.0,2,0.00,54.0,58.0,58.0,42.0,56.0,1174,47.28,43948962328979
5961.0,3,0.00,56.0,58.0,58.0,43.0,58.0,1280,48.04,44477632953735
5966.0,0,,71.0,74.0,74.0,52.0,70.0,2790,199.79,88294941640747
5966.0,1,0.00,51.0,54.0,54.0,39.0,52.0,1078,47.94,48259157277282
5966.0,2,0.00,54.0,58.0,58.0,42.0,56.0,1173,47.16,43949230175537
5966.0,3,0.00,56.0,58.0,58.0,43.0,58.0,1268,47.96,44477905841125
5972.0,0,,70.0,74.0,74.0,52.0,70.0,2797,200.41,88296079975830
5972.0,1,0.00,51.0,54.0,54.0,39.0,52.0,1088,47.97,48259430223388
5972.0,2,0.00,54.0,58.0,58.0,42.0,56.0,1183,46.86,43949496820373
5972.0,3,0.00,56.0,58.0,58.0,43.0,58.0,1278,47.70,44478176795166
5977.0,0,,70.0,74.0,74.0,51.0,70.0,2622,200.20,88297217133239
5978.0,1,0.00,51.0,54.0,54.0,39.0,52.0,1089,48.15,48259703261291
5978.0,2,0.00,54.0,58.0,58.0,42.0,56.0,1174,47.23,43949764620727
5978.0,3,0.00,56.0,58.0,58.0,43.0,58.0,1279,47.92,44478448959899
5983.0,0,,71.0,74.0,74.0,52.0,70.0,2632,199.48,88298350178771
5983.0,1,0.00,51.0,54.0,54.0,39.0,52.0,1089,47.80,48259974788452
5983.0,2,0.00,54.0,58.0,58.0,42.0,56.0,1173,47.21,43950032801452
5983.0,3,0.00,56.0,58.0,58.0,43.0,58.0,1268,47.93,44478721188354
5989.0,0,,70.0,72.0,72.0,51.0,70.0,2769,200.11,88299486781799
5989.0,1,0.00,51.0,54.0,54.0,39.0,52.0,1078,47.92,48260246971740
5989.0,2,0.00,54.0,58.0,58.0,42.0,56.0,1183,47.25,43950301160461
5989.0,3,0.00,56.0,58.0,58.0,43.0,58.0,1267,47.66,44478991871704
5994.0,0,,71.0,74.0,74.0,52.0,70.0,2715,198.79,88300615881408
5995.0,1,0.00,51.0,54.0,54.0,39.0,52.0,1089,48.10,48260520157714
5995.0,2,0.00,54.0,58.0,58.0,42.0,56.0,1173,47.03,43950568310485
5995.0,3,0.00,56.0,58.0,58.0,43.0,58.0,1280,47.87,44479263267639
6000.0,0,,70.0,74.0,74.0,52.0,70.0,2506,199.85,88301749019042
6000.0,1,0.00,50.0,54.0,54.0,39.0,52.0,1089,48.15,48260793144348
6000.0,2,0.00,54.0,58.0,58.0,42.0,56.0,1185,47.21,43950835992675
6001.0,3,0.00,56.0,58.0,58.0,43.0,58.0,1270,48.02,44479535532958
6006.0,0,100.00,70.0,76.0,76.0,52.0,70.0,2486,199.99,88302882961486
6006.0,1,0.00,51.0,54.0,54.0,39.0,52.0,1080,47.85,48261064959411
6006.0,2,0.00,54.0,58.0,58.0,42.0,56.0,1185,47.13,43951103678283
6006.0,3,0.00,56.0,58.0,58.0,43.0,58.0,1281,48.01,44479808220886
6011.0,0,,70.0,76.0,76.0,52.0,70.0,2485,199.77,88304017629516
6012.0,1,0.00,51.0,54.0,54.0,39.0,52.0,1089,48.06,48261337481262
6012.0,2,0.00,54.0,58.0,58.0,42.0,56.0,1163,46.97,43951370010742
6012.0,3,0.00,56.0,58.0,58.0,43.0,58.0,1279,47.82,44480079381469
6017.0,0,,71.0,74.0,74.0,52.0,71.0,2664,201.21,88305160490173
6017.0,1,0.00,51.0,54.0,54.0,39.0,52.0,1079,48.05,48261610397888
6017.0,2,0.00,54.0,58.0,58.0,42.0,56.0,1185,47.05,43951637236572
6018.0,3,0.00,56.0,58.0,58.0,43.0,58.0,1269,47.81,44480350950134
6023.0,0,,71.0,74.0,74.0,52.0,70.0,2796,200.18,88306293501953
6023.0,1,0.00,51.0,54.0,54.0,39.0,52.0,1091,48.09,48261882609252
6023.0,2,0.00,54.0,58.0,58.0,42.0,56.0,1185,47.27,43951905271728
6023.0,3,0.00,56.0,58.0,58.0,43.0,58.0,1270,48.05,44480623369018
6028.0,0,,70.0,74.0,76.0,51.0,70.0,2801,198.86,88307423016296
6029.0,1,0.00,51.0,54.0,54.0,39.0,52.0,1078,47.93,48262154861694
6029.0,2,0.00,54.0,58.0,58.0,42.0,56.0,1175,47.16,43952172658752
6029.0,3,0.00,56.0,58.0,58.0,43.0,58.0,1280,47.97,44480895863281
6034.0,0,,70.0,74.0,74.0,52.0,70.0,2527,201.30,88308566372314
6034.0,1,0.00,51.0,54.0,54.0,39.0,52.0,1089,47.99,48262427464904
6034.0,2,0.00,54.0,58.0,58.0,42.0,56.0,1184,46.98,43952439497314
6035.0,3,0.00,56.0,58.0,58.0,43.0,58.0,1269,47.85,44481167152832
6040.0,0,,71.0,74.0,74.0,52.0,70.0,2652,199.84,88309701451538
6040.0,1,0.00,51.0,54.0,54.0,39.0,52.0,1089,48.04,48262700354675
6040.0,2,0.00,54.0,58.0,58.0,42.0,56.0,1183,47.16,43952707391052
6040.0,3,0.00,56.0,58.0,58.0,43.0,58.0,1268,47.85,44481438936462
6045.0,0,,70.0,74.0,74.0,52.0,70.0,2790,200.12,88310838107788
6046.0,1,0.00,51.0,54.0,54.0,39.0,52.0,1089,47.76,48262971620849
6046.0,2,0.00,54.0,58.0,58.0,42.0,56.0,1174,47.21,43952975537231
6046.0,3,0.00,56.0,58.0,58.0,43.0,58.0,1270,47.89,44481710952941
6051.0,0,,69.0,74.0,74.0,52.0,70.0,2727,198.85,88311965559143
6051.0,1,0.00,51.0,54.0,54.0,39.0,52.0,1078,48.03,48263243960632
6051.0,2,0.00,54.0,58.0,58.0,42.0,56.0,1173,46.94,43953242134277
6052.0,3,0.00,56.0,58.0,58.0,43.0,58.0,1278,47.81,44481982520751
6057.0,0,,71.0,74.0,74.0,51.0,70.0,2505,200.98,88313107134948
6057.0,1,0.00,51.0,54.0,54.0,39.0,52.0,1089,48.07,48263516995788
6057.0,2,0.00,54.0,58.0,58.0,42.0,56.0,1185,47.01,43953508680175
6057.0,3,0.00,56.0,58.0,58.0,43.0,58.0,1269,47.87,44482253929138
6062.0,0,,70.0,76.0,76.0,51.0,70.0,2498,198.93,88314235073791
6063.0,1,0.00,51.0,54.0,54.0,39.0,52.0,1090,48.08,48263789602355
6063.0,2,0.00,54.0,58.0,58.0,42.0,56.0,1164,47.25,43953776601989
6063.0,3,0.00,56.0,58.0,58.0,43.0,58.0,1270,47.98,44482526445861
6068.0,0,100.00,70.0,76.0,76.0,52.0,70.0,2483,199.99,88315371044860
6068.0,1,0.00,51.0,54.0,54.0,39.0,52.0,1078,47.94,48264061881042
6068.0,2,0.00,54.0,58.0,58.0,42.0,56.0,1184,47.21,43954044744995
6069.0,3,0.00,56.0,58.0,58.0,43.0,58.0,1279,48.13,44482799327819
6074.0,0,100.00,70.0,74.0,74.0,52.0,70.0,2560,200.22,88316506266906
6074.0,1,0.00,51.0,54.0,54.0,39.0,52.0,1090,48.05,48264334350463
6074.0,2,0.00,54.0,58.0,58.0,42.0,56.0,1185,46.99,43954311630859
6074.0,3,0.00,56.0,58.0,58.0,43.0,58.0,1270,47.70,44483070239196
6080.0,0,,70.0,76.0,76.0,52.0,70.0,2772,199.42,88317638976623
6080.0,1,0.00,51.0,54.0,54.0,39.0,52.0,1079,48.04,48264607213684
6080.0,2,0.00,54.0,58.0,58.0,42.0,56.0,1164,47.07,43954578532897
6080.0,3,0.00,56.0,58.0,58.0,43.0,58.0,1280,47.89,44483341749389
6085.0,0,,69.0,74.0,74.0,51.0,70.0,2802,201.30,88318780337219
6085.0,1,0.00,51.0,54.0,54.0,39.0,52.0,1089,47.92,48264878940063
6086.0,2,0.00,54.0,58.0,58.0,42.0,56.0,1173,47.30,43954847188171
6086.0,3,0.00,56.0,58.0,58.0,43.0,58.0,1279,48.08,44483614820556
6091.0,0,,70.0,74.0,74.0,51.0,70.0,2800,198.75,88319909232971
6091.0,1,0.00,51.0,54.0,54.0,39.0,52.0,1089,47.98,48265151488037
6091.0,2,0.00,54.0,58.0,58.0,42.0,56.0,1184,47.22,43955115408874
6091.0,3,0.00,56.0,58.0,58.0,43.0,58.0,1268,47.82,44483886457580
6097.0,0,,70.0,74.0,74.0,51.0,70.0,2526,199.91,88321044702331
6097.0,1,0.00,51.0,54.0,54.0,39.0,52.0,1079,48.11,48265424746643
6097.0,2,0.00,54.0,58.0,58.0,42.0,56.0,1174,46.99,43955381869934
6097.0,3,0.00,56.0,58.0,58.0,43.0,58.0,1280,47.79,44484157421264
6102.0,0,,71.0,74.0,72.0,52.0,70.0,2569,201.26,88322185864318
6102.0,1,0.00,51.0,54.0,54.0,39.0,52.0,1089,48.05,48265697678161
6103.0,2,0.00,54.0,58.0,58.0,42.0,56.0,1184,47.17,43955649818847
6103.0,3,0.00,56.0,58.0,58.0,43.0,58.0,1279,47.88,44484429396667
6108.0,0,,70.0,74.0,74.0,52.0,71.0,2715,199.71,88323322233032
6108.0,1,0.00,51.0,54.0,54.0,39.0,52.0,1089,47.83,48265969337158
6108.0,2,0.00,54.0,58.0,58.0,41.0,56.0,1185,47.26,43955918272888
6108.0,3,0.00,56.0,58.0,58.0,43.0,58.0,1269,48.00,44484702059814
6114.0,0,,69.0,76.0,74.0,51.0,69.0,2748,199.04,88324450815368
6114.0,1,0.00,51.0,54.0,54.0,39.0,52.0,1089,48.04,48266241707519
6114.0,2,0.00,54.0,58.0,58.0,42.0,56.0,1162,46.84,43956184321166
6114.0,3,0.00,56.0,58.0,58.0,43.0,58.0,1279,47.73,44484973151855
6119.0,0,,70.0,76.0,76.0,51.0,70.0,2517,199.87,88325586079162
6119.0,1,0.00,51.0,54.0,54.0,39.0,52.0,1079,48.03,48266514520568
6120.0,2,0.00,54.0,58.0,58.0,42.0,56.0,1174,47.09,43956451349365
6120.0,3,0.00,56.0,58.0,58.0,43.0,58.0,1279,47.95,44485245018493
6125.0,0,,71.0,74.0,74.0,52.0,70.0,2495,201.38,88326727908081
6125.0,1,0.00,51.0,54.0,54.0,39.0,52.0,1090,48.24,48266788040893
6125.0,2,0.00,54.0,58.0,58.0,42.0,56.0,1185,47.30,43956719549926
6125.0,3,0.00,56.0,58.0,58.0,43.0,58.0,1270,48.04,44485517862365
6131.0,0,,70.0,76.0,76.0,52.0,70.0,2603,198.66,88327856290893
6131.0,1,0.00,51.0,54.0,54.0,39.0,52.0,1079,47.93,48267060308471
6131.0,2,0.00,54.0,58.0,58.0,42.0,56.0,1174,47.29,43956988143127
6131.0,3,0.00,56.0,58.0,58.0,43.0,58.0,1280,48.17,44485791007629
6136.0,0,,70.0,76.0,76.0,52.0,70.0,2717,200.23,88328991609436
6136.0,1,0.00,51.0,54.0,54.0,39.0,52.0,1090,48.12,48267333155395
6137.0,2,0.00,54.0,58.0,58.0,42.0,56.0,1185,46.98,43957254507385
6137.0,3,0.00,56.0,58.0,58.0,43.0,58.0,1280,47.87,44486062404724
6142.0,0,,71.0,74.0,74.0,52.0,70.0,2697,200.44,88330130112426
6142.0,1,0.00,51.0,54.0,54.0,39.0,52.0,1089,48.10,48267606384277
6142.0,2,0.00,54.0,58.0,58.0,42.0,56.0,1183,47.12,43957522136718
6142.0,3,0.00,56.0,58.0,58.0,43.0,58.0,1268,47.87,44486334797607
6148.0,0,,70.0,74.0,74.0,52.0,70.0,2703,200.15,88331266981567
6148.0,1,0.00,51.0,54.0,54.0,39.0,52.0,1088,47.83,48267878046630
6148.0,2,0.00,54.0,58.0,58.0,42.0,56.0,1173,47.29,43957791211853
6148.0,3,0.00,56.0,58.0,58.0,43.0,58.0,1279,47.96,44486607216003
6153.0,0,,70.0,76.0,76.0,51.0,70.0,2684,198.67,88332395425781
6153.0,1,0.00,51.0,54.0,54.0,39.0,52.0,1087,47.98,48268151043640
6154.0,2,0.00,54.0,58.0,58.0,42.0,56.0,1181,46.93,43958058224853
6154.0,3,0.00,56.0,58.0,58.0,43.0,58.0,1276,47.82,44486879309509
6159.0,0,,69.0,74.0,74.0,51.0,70.0,2592,199.97,88333535278991
6159.0,1,0.00,51.0,54.0,54.0,39.0,52.0,1088,48.00,48268424143127
6159.0,2,0.00,54.0,58.0,58.0,42.0,56.0,1195,46.99,43958325143066
6159.0,3,0.00,56.0,58.0,58.0,43.0,58.0,1269,47.70,44487150268554
6165.0,0,,70.0,74.0,74.0,52.0,70.0,2645,201.54,88334678032470
6165.0,1,0.00,51.0,54.0,54.0,39.0,52.0,1079,48.20,48268697461120
6165.0,2,0.00,54.0,58.0,58.0,42.0,56.0,1185,47.28,43958593219482
6165.0,3,0.00,56.0,58.0,58.0,43.0,58.0,1280,48.03,44487422604187
6170.0,0,,70.0,74.0,74.0,51.0,70.0,2778,198.54,88335805736694
6171.0,1,0.00,51.0,54.0,54.0,39.0,52.0,1088,47.90,48268969518127
6171.0,2,0.00,54.0,58.0,58.0,42.0,56.0,1162,47.27,43958861731323
6171.0,3,0.00,56.0,58.0,58.0,43.0,58.0,1278,47.98,44487695592590
6176.0,0,,70.0,74.0,74.0,52.0,70.0,2579,201.01,88336947451843
6176.0,1,0.00,51.0,54.0,54.0,39.0,52.0,1089,48.06,48269242491027
6176.0,2,0.00,54.0,58.0,58.0,42.0,56.0,1185,47.01,43959128294616
6177.0,3,0.00,56.0,58.0,58.0,43.0,58.0,1270,47.90,44487967174072
6182.0,0,,70.0,76.0,76.0,51.0,70.0,2498,198.84,88338074864257
6182.0,1,0.00,51.0,54.0,54.0,39.0,52.0,1080,48.23,48269515930969
6182.0,2,0.00,54.0,58.0,58.0,42.0,56.0,1194,47.02,43959395361694
6182.0,3,0.00,56.0,58.0,58.0,43.0,58.0,1279,47.98,44488239218444
6187.0,0,,69.0,74.0,74.0,52.0,70.0,2537,200.77,88339213247863
6188.0,1,0.00,51.0,54.0,54.0,39.0,52.0,1089,47.89,48269787959594
6188.0,2,0.00,54.0,58.0,58.0,42.0,56.0,1174,47.27,43959663871520
6188.0,3,0.00,56.0,58.0,58.0,43.0,58.0,1279,48.01,44488511923339
6193.0,0,,70.0,74.0,74.0,52.0,70.0,2726,199.97,88340349077880
6193.0,1,0.00,51.0,54.0,54.0,39.0,52.0,1089,47.98,48270060009155
6193.0,2,0.00,54.0,58.0,58.0,42.0,56.0,1185,47.26,43959932283447
6194.0,3,0.00,56.0,58.0,58.0,43.0,58.0,1270,47.86,44488783301574
6199.0,0,,70.0,76.0,76.0,52.0,70.0,2730,199.58,88341480673522
6199.0,1,0.00,50.0,54.0,54.0,39.0,52.0,1079,48.04,48270332855834
6199.0,2,0.00,54.0,58.0,58.0,42.0,56.0,1164,46.93,43960198349243
6199.0,3,0.00,56.0,58.0,58.0,43.0,58.0,1269,47.76,44489054553588
6204.0,0,,70.0,74.0,74.0,52.0,70.0,2568,200.92,88342621921447
6205.0,1,0.00,51.0,54.0,54.0,39.0,52.0,1089,48.02,48270605581970
6205.0,2,0.00,54.0,58.0,58.0,42.0,56.0,1173,47.07,43960465728454
6205.0,3,0.00,56.0,58.0,58.0,43.0,58.0,1278,47.88,44489326540222
6210.0,0,,71.0,74.0,74.0,52.0,70.0,2633,200.00,88343757923706
6210.0,1,0.00,51.0,54.0,54.0,39.0,52.0,1079,47.97,48270877577392
6210.0,2,0.00,54.0,58.0,58.0,42.0,56.0,1185,47.38,43960734370056
6211.0,3,0.00,56.0,58.0,58.0,43.0,58.0,1269,48.14,44489599500732
6216.0,0,,70.0,74.0,74.0,51.0,70.0,2738,198.79,88344887079162
6216.0,1,0.00,51.0,54.0,54.0,39.0,52.0,1089,48.05,48271150492248
6216.0,2,0.00,54.0,58.0,58.0,42.0,56.0,1185,47.04,43961001545104
6216.0,3,0.00,56.0,58.0,58.0,43.0,58.0,1279,47.83,44489871164794
6221.0,0,,69.0,76.0,76.0,52.0,70.0,2550,200.04,88346021323059
6222.0,1,0.00,51.0,54.0,54.0,39.0,52.0,1090,48.14,48271423467041
6222.0,2,0.00,54.0,58.0,58.0,42.0,56.0,1174,47.11,43961268633972
6222.0,3,0.00,56.0,58.0,58.0,43.0,58.0,1280,47.93,44490142946472
6227.0,0,,71.0,74.0,74.0,52.0,71.0,2579,200.58,88347160607360
6227.0,1,0.00,51.0,54.0,54.0,39.0,52.0,1079,48.11,48271696725524
6227.0,2,0.00,54.0,58.0,58.0,41.0,56.0,1175,47.07,43961536018249
6228.0,3,0.00,56.0,58.0,58.0,43.0,58.0,1270,47.86,44490414791687
6233.0,0,,70.0,76.0,76.0,52.0,70.0,2657,199.25,88348290350280
6233.0,1,0.00,51.0,54.0,54.0,39.0,52.0,1090,47.85,48271968050537
6233.0,2,0.00,54.0,58.0,58.0,42.0,56.0,1184,47.31,43961804253784
6233.0,3,0.00,56.0,58.0,58.0,43.0,58.0,1269,48.04,44490687181396
6238.0,0,,70.0,76.0,76.0,52.0,70.0,2654,199.94,88349423981872
6239.0,1,0.00,51.0,54.0,54.0,39.0,52.0,1080,48.09,48272240710754
6239.0,2,0.00,54.0,58.0,58.0,42.0,56.0,1165,47.02,43962070861022
6239.0,3,0.00,56.0,58.0,58.0,43.0,58.0,1281,47.83,44490958400451
6244.0,0,,71.0,74.0,74.0,52.0,70.0,2645,201.27,88350565167297
6244.0,1,0.00,51.0,54.0,54.0,39.0,52.0,1090,48.16,48272513768859
6244.0,2,0.00,54.0,58.0,58.0,42.0,56.0,1185,47.05,43962337630187
6245.0,3,0.00,56.0,58.0,58.0,43.0,58.0,1269,47.79,44491229846008
6250.0,0,,69.0,74.0,74.0,52.0,69.0,2631,199.20,88351696639282
6250.0,1,0.00,51.0,54.0,54.0,39.0,52.0,1078,47.90,48272785826354
6250.0,2,0.00,54.0,58.0,58.0,42.0,56.0,1173,47.28,43962606632873
6250.0,3,0.00,56.0,58.0,58.0,43.0,58.0,1278,48.06,44491502828552
6256.0,0,,70.0,74.0,74.0,52.0,71.0,2548,200.71,88352836677490
6256.0,1,0.00,51.0,54.0,54.0,39.0,52.0,1089,47.96,48273058231933
6256.0,2,0.00,54.0,58.0,58.0,42.0,56.0,1164,47.13,43962873839477
6256.0,3,0.00,56.0,58.0,58.0,43.0,58.0,1279,47.88,44491774285400
6261.0,0,,70.0,76.0,76.0,52.0,70.0,2728,198.81,88353963934509
6261.0,1,0.00,51.0,54.0,54.0,39.0,52.0,1089,48.08,48273331349426
6261.0,2,0.00,54.0,58.0,58.0,42.0,56.0,1185,46.94,43963140472351
6262.0,3,0.00,56.0,58.0,58.0,43.0,58.0,1280,47.81,44492045852844
6267.0,0,,71.0,74.0,74.0,52.0,70.0,2654,201.31,88355107366149
6267.0,1,0.00,51.0,54.0,54.0,39.0,52.0,1079,48.16,48273604442138
6267.0,2,0.00,54.0,58.0,58.0,42.0,56.0,1184,47.28,43963408572692
6267.0,3,0.00,56.0,58.0,58.0,43.0,58.0,1270,47.99,44492317968322
6273.0,0,,70.0,76.0,76.0,51.0,70.0,2589,196.82,88356225289611
6273.0,1,0.00,51.0,54.0,54.0,39.0,52.0,1089,47.84,48273876166015
6273.0,2,0.00,54.0,58.0,58.0,42.0,56.0,1184,47.21,43963676713439
6273.0,3,0.00,56.0,58.0,58.0,43.0,58.0,1280,47.98,44492590479370
6278.0,0,100.00,70.0,78.0,78.0,52.0,70.0,2498,196.78,88357341034912
6278.0,1,0.00,51.0,54.0,54.0,39.0,52.0,1080,48.04,48274148544738
6279.0,2,0.00,54.0,58.0,58.0,42.0,56.0,1175,47.09,43963943690856
6279.0,3,0.00,56.0,58.0,58.0,43.0,58.0,1280,47.97,44492862458007
6284.0,0,,69.0,78.0,78.0,52.0,70.0,2495,196.72,88358456421142
6284.0,1,0.00,51.0,54.0,54.0,39.0,52.0,1089,48.16,48274422102294
6284.0,2,0.00,54.0,58.0,58.0,42.0,56.0,1173,47.08,43964211115722
6284.0,3,0.00,56.0,58.0,58.0,43.0,58.0,1269,47.86,44493134330322
6290.0,0,0.00,65.0,78.0,78.0,49.0,67.0,2422,145.91,88359285178100
6290.0,1,0.00,51.0,54.0,54.0,39.0,52.0,1080,47.76,48274692906860
6290.0,2,0.00,54.0,58.0,58.0,42.0,56.0,1166,47.30,43964479291259
6290.0,3,0.00,56.0,58.0,58.0,43.0,58.0,1272,47.92,44493405542053
6295.0,0,0.00,63.0,78.0,78.0,48.0,65.0,1988,59.20,88359620829284
6295.0,1,0.00,51.0,54.0,54.0,39.0,52.0,1089,47.87,48274964338623
6296.0,2,0.00,54.0,58.0,58.0,42.0,56.0,1184,47.47,43964748442321
6296.0,3,0.00,56.0,58.0,58.0,43.0,58.0,1278,47.32,44493674782592
6301.0,0,52.58,65.0,72.0,72.0,49.0,67.0,1502,83.37,88360094357055
6301.0,1,0.00,51.0,54.0,54.0,39.0,52.0,1090,48.01,48275237058959
6301.0,2,0.00,54.0,58.0,58.0,42.0,56.0,1174,47.01,43965015457763
6301.0,3,0.00,56.0,58.0,58.0,43.0,58.0,1259,47.52,44493944192932
6307.0,0,,67.0,76.0,76.0,51.0,68.0,1576,177.62,88361101446350
6307.0,1,0.00,51.0,54.0,54.0,39.0,52.0,1079,48.14,48275510036437
6307.0,2,0.00,54.0,58.0,58.0,42.0,56.0,1175,47.18,43965282954589
6307.0,3,0.00,56.0,58.0,58.0,43.0,58.0,1248,47.84,44494215418029
6312.0,0,98.10,68.0,76.0,76.0,51.0,69.0,1862,181.56,88362130893615
6312.0,1,0.00,51.0,54.0,54.0,39.0,52.0,1090,47.78,48275781412841
6313.0,2,0.00,54.0,58.0,58.0,42.0,56.0,1174,47.19,43965550998840
6313.0,3,0.00,56.0,58.0,58.0,42.0,58.0,1248,47.82,44494487054565
6318.0,0,100.00,68.0,78.0,78.0,52.0,70.0,2104,178.79,88363146440124
6318.0,1,0.00,51.0,54.0,54.0,39.0,52.0,1089,47.96,48276053371520
6318.0,2,0.00,54.0,58.0,58.0,41.0,56.0,1185,47.19,43965818571289
6318.0,3,0.00,56.0,58.0,58.0,42.0,58.0,1238,47.65,44494757220886
6324.0,0,,69.0,78.0,78.0,52.0,70.0,2264,182.42,88364180787536
6324.0,1,0.00,51.0,54.0,54.0,39.0,52.0,1079,48.09,48276326548583
6324.0,2,0.00,54.0,58.0,58.0,42.0,56.0,1174,47.05,43966085830444
6324.0,3,0.00,56.0,58.0,58.0,42.0,58.0,1248,47.67,44495027999389
6329.0,0,,68.0,80.0,80.0,52.0,70.0,2286,177.82,88365189035705
6329.0,1,0.00,51.0,54.0,54.0,39.0,53.0,1080,48.16,48276599120544
6330.0,2,0.00,54.0,58.0,58.0,42.0,55.0,1185,47.18,43966353324218
6330.0,3,0.00,56.0,58.0,58.0,43.0,58.0,1249,47.81,44495299102172
6335.0,0,,68.0,80.0,80.0,52.0,70.0,2294,181.74,88366221314086
6335.0,1,0.00,51.0,54.0,54.0,39.0,52.0,1088,47.80,48276871122314
6335.0,2,0.00,54.0,58.0,58.0,42.0,56.0,1184,47.35,43966622268310
6335.0,3,0.00,56.0,58.0,58.0,43.0,58.0,1236,47.95,44495571445129
6341.0,0,100.00,68.0,80.0,80.0,51.0,70.0,2294,177.64,88367230282409
6341.0,1,0.00,51.0,54.0,54.0,39.0,52.0,1090,48.12,48277143958923
6341.0,2,0.00,54.0,58.0,58.0,42.0,56.0,1174,47.15,43966889596923
6341.0,3,0.00,56.0,58.0,58.0,43.0,58.0,1249,47.78,44495842332458
6346.0,0,,68.0,80.0,80.0,51.0,70.0,2296,182.02,88368262359069
6346.0,1,0.00,51.0,54.0,54.0,39.0,52.0,1079,48.17,48277417067565
6347.0,2,0.00,54.0,58.0,58.0,42.0,56.0,1185,47.16,43967156998413
6347.0,3,0.00,56.0,58.0,58.0,43.0,58.0,1248,47.74,44496113522766
6352.0,0,99.34,71.0,78.0,78.0,52.0,70.0,2294,181.45,88369293012634
6352.0,1,0.00,51.0,54.0,54.0,39.0,52.0,1090,47.65,48277687720947
6352.0,2,0.00,54.0,58.0,58.0,42.0,56.0,1184,47.18,43967424983825
6352.0,3,0.00,56.0,58.0,58.0,43.0,58.0,1248,47.87,44496384973999
6358.0,0,,68.0,80.0,82.0,52.0,70.0,2288,178.19,88370301573425
6358.0,1,0.00,51.0,54.0,54.0,39.0,52.0,1080,47.94,48277959050292
6358.0,2,0.00,54.0,58.0,58.0,42.0,56.0,1165,47.35,43967693431213
6358.0,3,0.00,56.0,58.0,58.0,42.0,58.0,1250,47.62,44496654951965
6363.0,0,,70.0,78.0,78.0,52.0,71.0,2296,181.47,88371332305725
6363.0,1,0.00,51.0,54.0,54.0,39.0,52.0,1079,47.95,48278231380981
6364.0,2,0.00,54.0,58.0,58.0,42.0,56.0,1186,47.14,43967960714660
6364.0,3,0.00,56.0,58.0,58.0,43.0,58.0,1249,47.80,44496926004516
6369.0,0,,68.0,82.0,80.0,52.0,70.0,2295,178.25,88372342976684
6369.0,1,0.00,51.0,54.0,54.0,39.0,52.0,1090,48.19,48278504599731
6369.0,2,0.00,54.0,58.0,58.0,42.0,56.0,1174,47.12,43968227901428
6369.0,3,0.00,56.0,58.0,58.0,43.0,58.0,1248,47.80,44497197028137
6375.0,0,,69.0,80.0,80.0,52.0,70.0,2306,181.91,88373374432250
6375.0,1,0.00,51.0,54.0,54.0,39.0,52.0,1089,47.82,48278776203186
6375.0,2,0.00,54.0,58.0,58.0,42.0,56.0,1174,47.19,43968495936462
6375.0,3,0.00,56.0,58.0,58.0,43.0,58.0,1248,47.84,44497468768005
6380.0,0,,69.0,80.0,82.0,52.0,70.0,2305,177.94,88374385138854
6380.0,1,0.00,51.0,54.0,54.0,39.0,52.0,1079,48.05,48279048632934
6381.0,2,0.00,54.0,58.0,58.0,42.0,56.0,1173,47.10,43968763439819
6381.0,3,0.00,56.0,58.0,58.0,43.0,58.0,1257,47.76,44497740052856
6386.0,0,100.00,69.0,80.0,80.0,52.0,70.0,2313,181.83,88375417943481
6386.0,1,0.00,51.0,54.0,54.0,39.0,52.0,1089,48.18,48279322281250
6386.0,2,0.00,54.0,58.0,58.0,42.0,56.0,1184,47.16,43969031294189
6386.0,3,0.00,56.0,58.0,58.0,43.0,58.0,1237,47.79,44498011474426
6392.0,0,100.00,68.0,80.0,82.0,52.0,69.0,2303,177.87,88376428226684
6392.0,1,0.00,51.0,54.0,54.0,39.0,52.0,1088,48.09,48279595424316
6392.0,2,0.00,54.0,58.0,58.0,42.0,56.0,1162,47.23,43969299577026
6392.0,3,0.00,56.0,58.0,58.0,42.0,58.0,1247,47.82,44498283064086
6397.0,0,,68.0,80.0,82.0,52.0,70.0,2294,181.82,88377460986877
6398.0,1,0.00,51.0,54.0,54.0,39.0,52.0,1089,47.89,48279867439941
6398.0,2,0.00,54.0,58.0,58.0,42.0,56.0,1184,47.29,43969568166015
6398.0,3,0.00,56.0,58.0,58.0,43.0,58.0,1258,47.64,44498553654541
6403.0,0,99.99,69.0,80.0,80.0,52.0,70.0,2317,182.00,88378492905029
6403.0,1,0.00,51.0,54.0,54.0,39.0,52.0,1080,48.04,48280139823364
6403.0,2,0.00,54.0,58.0,58.0,41.0,56.0,1186,47.23,43969835502746
6404.0,3,0.00,56.0,58.0,58.0,43.0,58.0,1249,47.69,44498824063232
6409.0,0,,69.0,82.0,82.0,52.0,70.0,2304,178.08,88379504406433
6409.0,1,0.00,51.0,54.0,54.0,39.0,52.0,1089,48.15,48280413333801
6409.0,2,0.00,54.0,58.0,58.0,42.0,55.0,1184,47.15,43970103287231
6409.0,3,0.00,56.0,58.0,58.0,42.0,58.0,1247,47.81,44499095143310
6414.0,0,,69.0,82.0,80.0,52.0,70.0,2315,181.97,88380538000061
6415.0,1,0.00,51.0,54.0,54.0,39.0,52.0,1079,47.82,48280684975524
6415.0,2,0.00,54.0,58.0,58.0,42.0,56.0,1163,47.16,43970371171264
6415.0,3,0.00,56.0,58.0,58.0,43.0,58.0,1258,47.78,44499366559692
6420.0,0,,69.0,82.0,82.0,52.0,71.0,2296,178.05,88381547569335
6420.0,1,0.00,51.0,54.0,54.0,39.0,52.0,1090,47.97,48280956962829
6420.0,2,0.00,54.0,58.0,58.0,42.0,56.0,1185,47.14,43970638426879
6421.0,3,0.00,56.0,58.0,58.0,43.0,58.0,1249,47.62,44499637060791
6426.0,0,100.00,69.0,82.0,82.0,52.0,71.0,2304,182.00,88382581305236
6426.0,1,0.00,51.0,54.0,54.0,39.0,52.0,1089,48.12,48281230294067
6426.0,2,0.00,54.0,58.0,58.0,42.0,56.0,1184,47.17,43970906363952
6426.0,3,0.00,56.0,58.0,58.0,43.0,57.0,1247,47.92,44499908773254
6431.0,0,100.00,68.0,82.0,82.0,51.0,70.0,2295,178.10,88383591156250
6432.0,1,0.00,51.0,54.0,54.0,39.0,52.0,1079,48.13,48281503658142
6432.0,2,0.00,54.0,58.0,58.0,42.0,56.0,1174,47.13,43971174063171
6432.0,3,0.00,56.0,58.0,58.0,43.0,58.0,1247,47.77,44500180126342
6437.0,0,99.99,68.0,82.0,82.0,52.0,70.0,2324,182.07,88384625295532
6437.0,1,0.00,51.0,54.0,54.0,39.0,52.0,1089,47.82,48281774802368
6437.0,2,0.00,54.0,58.0,58.0,42.0,56.0,1173,47.25,43971442454345
6438.0,3,0.00,56.0,58.0,58.0,43.0,58.0,1238,47.86,44500451960449
6443.0,0,,71.0,78.0,78.0,52.0,71.0,2295,180.57,88385650929504
6443.0,1,0.00,51.0,54.0,54.0,39.0,52.0,1079,47.93,48282047036437
6443.0,2,0.00,54.0,58.0,58.0,42.0,56.0,1174,47.11,43971709542419
6443.0,3,0.00,56.0,58.0,58.0,43.0,58.0,1248,47.74,44500722651672
6448.0,0,,69.0,82.0,82.0,52.0,70.0,2348,179.56,88386669017700
6449.0,1,0.00,51.0,54.0,54.0,39.0,52.0,1089,48.09,48282320189025
6449.0,2,0.00,54.0,58.0,58.0,42.0,56.0,1163,47.20,43971977621398
6449.0,3,0.00,56.0,58.0,58.0,43.0,58.0,1248,47.78,44500994028625
6454.0,0,,71.0,78.0,78.0,52.0,71.0,2303,181.55,88387700214050
6454.0,1,0.00,51.0,54.0,54.0,39.0,52.0,1088,47.88,48282592174011
6454.0,2,0.00,54.0,58.0,58.0,42.0,56.0,1194,47.20,43972245701110
6455.0,3,0.00,56.0,58.0,58.0,43.0,58.0,1246,47.90,44501266082275
6460.0,0,,69.0,82.0,82.0,52.0,70.0,2324,178.44,88388713771972
6460.0,1,0.00,51.0,54.0,54.0,39.0,52.0,1089,47.94,48282864468811
6460.0,2,0.00,54.0,58.0,58.0,42.0,56.0,1173,47.29,43972514325805
6460.0,3,0.00,56.0,58.0,58.0,42.0,58.0,1258,47.68,44501536900024
6465.0,0,100.00,69.0,80.0,80.0,52.0,71.0,2293,182.02,88389747626220
6466.0,1,0.00,51.0,54.0,54.0,39.0,52.0,1078,48.14,48283137925720
6466.0,2,0.00,54.0,58.0,58.0,42.0,56.0,1173,47.16,43972782204162
6466.0,3,0.00,56.0,58.0,58.0,43.0,58.0,1247,47.81,44501808452941
6471.0,0,,69.0,82.0,82.0,52.0,70.0,2321,178.09,88390760941406
6471.0,1,0.00,51.0,54.0,54.0,39.0,52.0,1087,48.26,48283412063110
6471.0,2,0.00,54.0,58.0,58.0,42.0,56.0,1182,47.25,43973051038208
6472.0,3,0.00,56.0,58.0,58.0,43.0,58.0,1245,47.82,44502080572631
6477.0,0,19.78,65.0,82.0,82.0,50.0,68.0,2286,146.77,88391597520385
6477.0,1,0.00,51.0,54.0,54.0,39.0,52.0,1086,47.69,48283683877746
6477.0,2,0.00,54.0,58.0,58.0,42.0,56.0,1182,47.35,43973320434570
6477.0,3,0.00,56.0,58.0,58.0,42.0,58.0,1256,47.71,44502352014892
6483.0,0,0.00,64.0,82.0,82.0,48.0,66.0,2096,59.65,88391935713745
6483.0,1,0.00,51.0,54.0,54.0,39.0,52.0,1080,47.92,48283955556030
6483.0,2,0.00,54.0,58.0,58.0,42.0,56.0,1172,47.07,43973590173095
6483.0,3,0.00,56.0,58.0,58.0,42.0,57.0,1256,47.40,44502623594177
6488.0,0,34.08,65.0,72.0,72.0,50.0,67.0,1559,77.17,88392377894042
6488.0,1,0.00,51.0,54.0,54.0,39.0,52.0,1089,48.11,48284231198791
6489.0,2,0.00,54.0,58.0,58.0,42.0,56.0,1175,47.22,43973857900512
6489.0,3,0.00,56.0,58.0,58.0,43.0,58.0,1248,47.50,44502893409362
6494.0,0,99.99,67.0,76.0,76.0,51.0,69.0,1595,177.41,88393385605895
6494.0,1,0.00,51.0,54.0,54.0,39.0,52.0,1089,47.92,48284503381774
6494.0,2,0.00,54.0,58.0,58.0,42.0,56.0,1183,47.22,43974126101379
6494.0,3,0.00,56.0,58.0,58.0,42.0,57.0,1246,47.82,44503165012084
6500.0,0,98.15,71.0,74.0,74.0,52.0,70.0,1942,183.59,88394430230590
6500.0,1,0.00,51.0,54.0,54.0,39.0,52.0,1087,47.94,48284776175598
6500.0,2,0.00,54.0,58.0,58.0,42.0,56.0,1172,46.94,43974393170898
6500.0,3,0.00,55.0,58.0,58.0,42.0,57.0,1257,47.63,44503435527709
6505.0,0,,69.0,78.0,78.0,52.0,70.0,2242,182.46,88395464770019
6505.0,1,0.00,51.0,54.0,54.0,39.0,52.0,1079,48.13,48285049065002
6506.0,2,0.00,54.0,58.0,58.0,42.0,56.0,1174,47.13,43974660879150
6506.0,3,0.00,56.0,58.0,58.0,42.0,57.0,1258,47.81,44503707060974
6511.0,0,,71.0,76.0,76.0,52.0,70.0,2284,186.02,88396521371337
6511.0,1,0.00,51.0,54.0,54.0,39.0,52.0,1089,48.20,48285322814270
6511.0,2,0.00,54.0,58.0,58.0,41.0,56.0,1185,47.34,43974929289489
6511.0,3,0.00,56.0,58.0,58.0,42.0,58.0,1248,47.94,44503978884216
6517.0,0,,69.0,80.0,80.0,52.0,70.0,2400,184.28,88397568066101
6517.0,1,0.00,51.0,54.0,54.0,39.0,52.0,1079,47.82,48285594404541
6517.0,2,0.00,54.0,58.0,58.0,42.0,56.0,1174,47.16,43975197153930
6517.0,3,0.00,55.0,58.0,58.0,42.0,57.0,1249,47.72,44504249960266
6522.0,0,100.00,69.0,80.0,80.0,52.0,70.0,2316,185.78,88398621436523
6523.0,1,0.00,51.0,54.0,54.0,39.0,53.0,1089,47.92,48285866135253
6523.0,2,0.00,54.0,58.0,58.0,41.0,56.0,1184,47.07,43975464051025
6523.0,3,0.00,55.0,58.0,58.0,42.0,57.0,1248,47.77,44504520812622
6528.0,0,,68.0,80.0,80.0,52.0,70.0,2422,186.12,88399676736755
6528.0,1,0.00,51.0,54.0,54.0,39.0,52.0,1089,48.12,48286139430603
6528.0,2,0.00,54.0,58.0,58.0,42.0,56.0,1174,47.14,43975731829650
6528.0,3,0.00,56.0,58.0,58.0,42.0,58.0,1248,47.81,44504792373046
6534.0,0,,69.0,78.0,78.0,52.0,71.0,2316,185.73,88400731699462
6534.0,1,0.00,51.0,54.0,54.0,39.0,52.0,1079,47.94,48286411260559
6534.0,2,0.00,54.0,58.0,58.0,42.0,56.0,1173,47.31,43976000538269
6534.0,3,0.00,56.0,58.0,58.0,42.0,57.0,1247,47.84,44505064100830
6539.0,0,,69.0,80.0,82.0,52.0,70.0,2420,185.72,88401786609802
6540.0,1,0.00,51.0,54.0,54.0,39.0,52.0,1089,47.91,48286683412719
6540.0,2,0.00,54.0,58.0,58.0,42.0,56.0,1185,47.27,43976268562377
6540.0,3,0.00,56.0,58.0,58.0,43.0,58.0,1248,47.66,44505334358947
6545.0,0,,71.0,78.0,78.0,52.0,71.0,2335,187.70,88402852724792
6545.0,1,0.00,51.0,54.0,54.0,39.0,52.0,1089,48.04,48286956305725
6545.0,2,0.00,54.0,58.0,58.0,42.0,56.0,1184,47.06,43976535885253
6546.0,3,0.00,56.0,58.0,58.0,42.0,58.0,1247,47.82,44505605957153
6551.0,0,100.00,69.0,80.0,80.0,52.0,70.0,2442,184.26,88403897495788
6551.0,1,0.00,51.0,54.0,54.0,39.0,52.0,1079,48.24,48287229826110
6551.0,2,0.00,54.0,58.0,58.0,42.0,56.0,1195,47.25,43976804263244
6551.0,3,0.00,56.0,58.0,58.0,42.0,58.0,1248,47.89,44505877968933
6556.0,0,,69.0,80.0,80.0,52.0,71.0,2370,188.72,88404969399108
6557.0,1,0.00,51.0,54.0,54.0,39.0,52.0,1090,47.83,48287501511840
6557.0,2,0.00,54.0,58.0,58.0,42.0,56.0,1174,47.28,43977072328918
6557.0,3,0.00,56.0,58.0,58.0,42.0,58.0,1249,47.86,44506149309204
6562.0,0,,69.0,82.0,80.0,52.0,70.0,2420,183.08,88406007483703
6562.0,1,0.00,51.0,54.0,54.0,39.0,52.0,1089,47.97,48287773478393
6562.0,2,0.00,54.0,58.0,58.0,42.0,56.0,1174,46.96,43977339064453
6563.0,3,0.00,56.0,58.0,58.0,43.0,57.0,1248,47.57,44506419519653
6568.0,0,,68.0,78.0,78.0,52.0,71.0,2317,189.14,88407081821716
6568.0,1,0.00,51.0,54.0,54.0,39.0,52.0,1079,48.09,48288046642272
6568.0,2,0.00,54.0,58.0,58.0,41.0,56.0,1184,47.17,43977606540344
6568.0,3,0.00,56.0,58.0,58.0,42.0,58.0,1247,47.81,44506691080871
6573.0,0,,69.0,80.0,80.0,52.0,70.0,2410,182.52,88408116697875
6574.0,1,0.00,51.0,54.0,54.0,39.0,52.0,1089,47.85,48288318406921
6574.0,2,0.00,54.0,58.0,58.0,42.0,56.0,1163,47.23,43977874817138
6574.0,3,0.00,56.0,58.0,58.0,43.0,58.0,1248,47.91,44506962749694
6579.0,0,99.99,69.0,80.0,80.0,52.0,70.0,2335,185.49,88409172163757
6579.0,1,0.00,51.0,54.0,54.0,39.0,52.0,1088,47.95,48288590782226
6579.0,2,0.00,54.0,58.0,58.0,42.0,56.0,1183,47.25,43978143199401
6580.0,3,0.00,56.0,58.0,58.0,43.0,58.0,1246,47.63,44507233312805
6585.0,0,100.00,69.0,82.0,80.0,52.0,70.0,2441,186.40,88410229034606
6585.0,1,0.00,51.0,54.0,54.0,39.0,52.0,1079,47.99,48288863387023
6585.0,2,0.00,54.0,58.0,58.0,42.0,56.0,1184,47.00,43978410150756
6585.0,3,0.00,56.0,58.0,58.0,43.0,58.0,1248,47.76,44507504607849
6590.0,0,,68.0,82.0,82.0,51.0,70.0,2326,180.59,88411254784729
6591.0,1,0.00,51.0,54.0,54.0,39.0,52.0,1089,48.23,48289136874938
6591.0,2,0.00,54.0,58.0,58.0,42.0,56.0,1173,47.27,43978678631958
6591.0,3,0.00,56.0,58.0,58.0,43.0,58.0,1247,47.86,44507776454956
6596.0,0,0.00,64.0,82.0,82.0,48.0,66.0,2354,60.60,88411598975158
6596.0,1,0.00,51.0,54.0,54.0,39.0,52.0,1088,47.84,48289408613525
6596.0,2,0.00,54.0,58.0,58.0,41.0,56.0,1184,47.42,43978947509948
6597.0,3,0.00,56.0,58.0,58.0,43.0,58.0,1249,47.44,44508045897705
6602.0,0,0.00,63.0,82.0,82.0,48.0,64.0,1726,58.44,88411930331909
6602.0,1,0.00,51.0,54.0,54.0,39.0,52.0,1080,47.75,48289679382202
6602.0,2,0.00,54.0,58.0,58.0,42.0,56.0,1176,46.94,43979213641052
6602.0,3,0.00,56.0,58.0,58.0,43.0,58.0,1239,47.20,44508313070678
6607.0,0,99.99,67.0,76.0,76.0,50.0,68.0,1514,162.15,88412849739074
6608.0,1,0.00,51.0,54.0,54.0,39.0,52.0,1080,47.96,48289951326354
6608.0,2,0.00,54.0,58.0,58.0,42.0,56.0,1175,47.06,43979480482116
6608.0,3,0.00,56.0,58.0,58.0,42.0,58.0,1249,47.81,44508584159484
6613.0,0,100.00,68.0,78.0,78.0,51.0,69.0,1767,178.07,88413859374267
6613.0,1,0.00,51.0,54.0,54.0,39.0,52.0,1090,48.21,48290224666931
6613.0,2,0.00,54.0,58.0,58.0,42.0,56.0,1184,47.29,43979748592834
6614.0,3,0.00,56.0,58.0,58.0,42.0,58.0,1247,47.84,44508855912231
6619.0,0,,69.0,76.0,78.0,52.0,70.0,2167,194.13,88414962015258
6619.0,1,0.00,51.0,54.0,54.0,39.0,52.0,1089,47.81,48290496225769
6619.0,2,0.00,53.0,58.0,58.0,41.0,56.0,1184,47.28,43980017157043
6619.0,3,0.00,55.0,58.0,58.0,42.0,57.0,1248,47.72,44509126980834
6625.0,0,,69.0,78.0,78.0,52.0,70.0,2431,188.05,88416030149597
6625.0,1,0.00,51.0,54.0,54.0,39.0,52.0,1078,48.01,48290768935729
6625.0,2,0.00,54.0,58.0,58.0,42.0,56.0,1174,46.99,43980284040344
6625.0,3,0.00,55.0,58.0,58.0,42.0,57.0,1258,47.76,44509397756103
6630.0,0,100.00,71.0,76.0,76.0,52.0,71.0,2474,192.60,88417124112304
6630.0,1,0.00,51.0,54.0,54.0,39.0,52.0,1089,48.13,48291042306091
6631.0,2,0.00,54.0,58.0,58.0,42.0,56.0,1173,47.13,43980551753662
6631.0,3,0.00,56.0,58.0,58.0,42.0,58.0,1236,47.91,44509669895141
6636.0,0,,69.0,78.0,78.0,52.0,70.0,2493,192.54,88418217733825
6636.0,1,0.00,51.0,54.0,54.0,39.0,53.0,1089,48.01,48291315027770
6636.0,2,0.00,54.0,58.0,58.0,42.0,56.0,1184,47.28,43980820322448
6636.0,3,0.00,56.0,58.0,58.0,42.0,58.0,1258,47.90,44509941983764
6642.0,0,,69.0,78.0,78.0,51.0,69.0,2486,188.31,88419285441101
6642.0,1,0.00,51.0,54.0,54.0,39.0,52.0,1079,48.00,48291587212768
6642.0,2,0.00,54.0,58.0,58.0,42.0,56.0,1153,47.33,43981088704956
6642.0,3,0.00,56.0,58.0,58.0,42.0,58.0,1249,47.55,44510212081787
6647.0,0,,71.0,76.0,76.0,52.0,70.0,2486,196.43,88420399193054
6647.0,1,0.00,51.0,54.0,54.0,39.0,52.0,1090,47.95,48291859590698
6648.0,2,0.00,54.0,58.0,58.0,42.0,56.0,1185,46.95,43981355374389
6648.0,3,0.00,56.0,58.0,58.0,42.0,58.0,1249,47.77,44510482963134
6653.0,0,,69.0,78.0,80.0,52.0,70.0,2487,188.45,88421469584838
6653.0,1,0.00,51.0,54.0,54.0,39.0,52.0,1079,48.20,48292132912170
6653.0,2,0.00,54.0,58.0,58.0,42.0,56.0,1184,47.26,43981623331665
6653.0,3,0.00,56.0,58.0,58.0,42.0,58.0,1247,47.92,44510755156433
6659.0,0,,71.0,76.0,76.0,52.0,70.0,2484,190.84,88422551647094
6659.0,1,0.00,51.0,54.0,54.0,39.0,52.0,1089,47.88,48292404873596
6659.0,2,0.00,54.0,58.0,58.0,42.0,56.0,1163,47.20,43981891426635
6659.0,3,0.00,56.0,58.0,58.0,42.0,58.0,1259,47.86,44511026535461
6664.0,0,,69.0,78.0,78.0,52.0,70.0,2485,195.00,88423659239074
6664.0,1,0.00,51.0,54.0,54.0,39.0,52.0,1090,48.04,48292677244628
6665.0,2,0.00,54.0,58.0,58.0,42.0,56.0,1185,46.98,43982157825622
6665.0,3,0.00,56.0,58.0,58.0,43.0,57.0,1249,47.76,44511297335632
6670.0,0,,69.0,80.0,80.0,52.0,70.0,2495,188.35,88424727197082
6670.0,1,0.00,51.0,54.0,54.0,39.0,52.0,1088,48.08,48292950364440
6670.0,2,0.00,54.0,58.0,58.0,42.0,56.0,1173,47.14,43982425579223
6670.0,3,0.00,56.0,58.0,58.0,43.0,58.0,1246,47.90,44511569399780
6676.0,0,100.00,69.0,80.0,80.0,52.0,70.0,2485,190.23,88425807705383
6676.0,1,0.00,51.0,54.0,54.0,39.0,52.0,1079,48.26,48293223972351
6676.0,2,0.00,54.0,58.0,58.0,42.0,56.0,1175,47.29,43982693740966
6676.0,3,0.00,56.0,58.0,58.0,43.0,58.0,1249,48.00,44511841568969
6681.0,0,,69.0,78.0,78.0,52.0,70.0,2488,195.34,88426915279907
6681.0,1,0.00,51.0,54.0,54.0,39.0,52.0,1080,48.00,48293496130737
6682.0,2,0.00,54.0,58.0,58.0,42.0,56.0,1174,47.25,43982962125183
6682.0,3,0.00,56.0,58.0,58.0,43.0,58.0,1248,47.64,44512112155517
6687.0,0,,69.0,80.0,80.0,52.0,70.0,2483,188.16,88427984033142
6687.0,1,0.00,51.0,54.0,54.0,39.0,52.0,1088,47.98,48293768646972
6687.0,2,0.00,54.0,58.0,58.0,42.0,56.0,1184,47.00,43983229061340
6687.0,3,0.00,56.0,58.0,58.0,43.0,58.0,1247,47.68,44512382971130
6693.0,0,100.00,71.0,78.0,78.0,52.0,70.0,2486,192.02,88429074726562
6693.0,1,0.00,51.0,54.0,54.0,39.0,52.0,1090,47.98,48294041150695
6693.0,2,0.00,54.0,58.0,58.0,42.0,56.0,1164,47.16,43983496439208
6693.0,3,0.00,56.0,58.0,58.0,43.0,58.0,1248,47.95,44512654870178
6698.0,0,100.00,69.0,78.0,80.0,52.0,70.0,2484,193.48,88430171780761
6698.0,1,0.00,51.0,54.0,54.0,39.0,52.0,1079,47.96,48294313106750
6699.0,2,0.00,54.0,58.0,58.0,42.0,56.0,1184,47.26,43983764867370
6699.0,3,0.00,56.0,58.0,58.0,42.0,58.0,1248,47.89,44512926871337
6704.0,0,,69.0,80.0,80.0,52.0,70.0,2486,188.27,88431239250488
6704.0,1,0.00,51.0,54.0,54.0,39.0,52.0,1090,47.80,48294584622009
6704.0,2,0.00,54.0,58.0,58.0,41.0,56.0,1185,47.07,43984031750854
6704.0,3,0.00,56.0,58.0,58.0,42.0,58.0,1249,47.67,44513197181091
6710.0,0,100.00,69.0,78.0,78.0,52.0,70.0,2483,194.68,88432345019897
6710.0,1,0.00,51.0,54.0,54.0,39.0,52.0,1088,48.10,48294857830383
6710.0,2,0.00,54.0,58.0,58.0,41.0,56.0,1173,47.09,43984299214660
6710.0,3,0.00,56.0,58.0,58.0,43.0,57.0,1247,47.87,44513469094665
6715.0,0,,69.0,80.0,80.0,52.0,71.0,2484,190.70,88433428177429
6715.0,1,0.00,51.0,54.0,54.0,39.0,52.0,1079,48.26,48295131483520
6716.0,2,0.00,54.0,58.0,58.0,42.0,56.0,1174,47.26,43984567189086
6716.0,3,0.00,56.0,58.0,58.0,43.0,58.0,1249,47.92,44513741307434
6721.0,0,99.99,71.0,76.0,78.0,52.0,70.0,2486,190.56,88434508674560
6721.0,1,0.00,51.0,54.0,54.0,39.0,52.0,1090,47.92,48295403654968
6721.0,2,0.00,54.0,58.0,58.0,42.0,56.0,1175,47.32,43984835513977
6721.0,3,0.00,56.0,58.0,58.0,43.0,58.0,1239,48.04,44514013224304
6727.0,0,,72.0,78.0,78.0,52.0,71.0,2487,193.47,88435605642395
6727.0,1,0.00,51.0,54.0,54.0,39.0,52.0,1080,48.05,48295675625610
6727.0,2,0.00,54.0,58.0,58.0,42.0,56.0,1175,46.91,43985101976684
6727.0,3,0.00,56.0,58.0,58.0,43.0,58.0,1249,47.60,44514283568908
6732.0,0,,69.0,80.0,80.0,52.0,70.0,2486,189.82,88436683817993
6733.0,1,0.00,51.0,54.0,54.0,39.0,52.0,1089,48.01,48295948309448
6733.0,2,0.00,54.0,58.0,58.0,42.0,56.0,1184,47.09,43985368964477
6733.0,3,0.00,56.0,58.0,58.0,43.0,58.0,1248,47.92,44514555255065
6738.0,0,90.38,66.0,80.0,80.0,50.0,68.0,2464,179.72,88437702850219
6738.0,1,0.00,51.0,54.0,54.0,39.0,52.0,1079,47.99,48296220386230
6738.0,2,0.00,54.0,58.0,58.0,42.0,56.0,1184,47.27,43985637471191
6738.0,3,0.00,56.0,58.0,58.0,43.0,58.0,1247,47.93,44514827524658
6744.0,0,0.00,64.0,80.0,80.0,48.0,66.0,2140,59.46,88438041186340
6744.0,1,0.00,51.0,54.0,54.0,39.0,53.0,1087,47.80,48296492343933
6744.0,2,0.00,54.0,58.0,58.0,42.0,56.0,1173,47.44,43985906938598
6744.0,3,0.00,56.0,58.0,58.0,43.0,58.0,1247,47.19,44515095556579
6749.0,0,0.00,63.0,80.0,80.0,48.0,65.0,1588,58.44,88438372542663
6750.0,1,0.00,51.0,54.0,54.0,39.0,52.0,1080,47.96,48296764286071
6750.0,2,0.00,54.0,58.0,58.0,42.0,56.0,1175,47.03,43986173586914
6750.0,3,0.00,56.0,58.0,58.0,43.0,58.0,1250,47.36,44515364063781
6755.0,0,,66.0,76.0,76.0,50.0,68.0,1504,161.82,88439290073303
6755.0,1,0.00,51.0,54.0,54.0,39.0,52.0,1080,48.15,48297037288085
6755.0,2,0.00,54.0,58.0,58.0,42.0,56.0,1186,47.14,43986440860046
6756.0,3,0.00,56.0,58.0,58.0,43.0,58.0,1249,47.88,44515635518005
6761.0,0,,68.0,78.0,78.0,51.0,69.0,1768,178.07,88440299719970
6761.0,1,0.00,51.0,54.0,54.0,39.0,52.0,1091,47.93,48297309066223
6761.0,2,0.00,54.0,58.0,58.0,42.0,56.0,1164,47.34,43986709271179
6761.0,3,0.00,56.0,58.0,58.0,43.0,58.0,1249,47.92,44515907215881
6766.0,0,,71.0,74.0,74.0,52.0,71.0,2294,200.07,88441436140808
6767.0,1,0.00,51.0,54.0,54.0,39.0,52.0,1078,47.89,48297581084899
6767.0,2,0.00,54.0,58.0,58.0,42.0,56.0,1184,47.06,43986976573913
6767.0,3,0.00,56.0,58.0,58.0,43.0,58.0,1257,47.49,44516176972717
6772.0,0,100.00,69.0,78.0,78.0,52.0,70.0,2453,195.82,88442546453002
6772.0,1,0.00,51.0,54.0,54.0,39.0,52.0,1090,48.06,48297853598327
6772.0,2,0.00,54.0,58.0,58.0,42.0,56.0,1175,47.00,43987243086547
6773.0,3,0.00,56.0,58.0,58.0,42.0,57.0,1238,47.77,44516447806335
6778.0,0,,69.0,78.0,78.0,52.0,71.0,2487,196.64,88443661389953
6778.0,1,0.00,51.0,54.0,54.0,39.0,52.0,1079,48.19,48298126810913
6778.0,2,0.00,54.0,58.0,58.0,41.0,56.0,1173,47.13,43987510763732
6778.0,3,0.00,56.0,58.0,58.0,42.0,57.0,1247,47.94,44516720125610
6783.0,0,,69.0,76.0,76.0,52.0,71.0,2535,200.25,88444798815979
6784.0,1,0.00,51.0,54.0,54.0,39.0,53.0,1088,47.92,48298399490783
6784.0,2,0.00,54.0,58.0,58.0,42.0,56.0,1173,47.25,43987779143737
6784.0,3,0.00,56.0,58.0,58.0,42.0,58.0,1248,47.94,44516992422180
6789.0,0,,70.0,78.0,78.0,52.0,71.0,2759,198.60,88445926889892
6789.0,1,0.00,51.0,54.0,54.0,39.0,52.0,1089,48.00,48298671647521
6789.0,2,0.00,54.0,58.0,58.0,42.0,56.0,1184,47.05,43988046366943
6790.0,3,0.00,56.0,58.0,58.0,43.0,58.0,1247,47.75,44517263653503
6795.0,0,,69.0,78.0,78.0,52.0,71.0,2603,196.99,88447043825012
6795.0,1,0.00,51.0,54.0,54.0,39.0,52.0,1080,48.10,48298944365417
6795.0,2,0.00,54.0,58.0,58.0,42.0,56.0,1186,47.18,43988313401184
6795.0,3,0.00,56.0,58.0,58.0,43.0,58.0,1250,47.89,44517535185241
6800.0,0,100.00,69.0,78.0,78.0,52.0,70.0,2497,198.00,88448166482971
6801.0,1,0.00,51.0,54.0,54.0,39.0,52.0,1090,47.94,48299216158081
6801.0,2,0.00,54.0,58.0,58.0,42.0,56.0,1164,47.19,43988581425659
6801.0,3,0.00,56.0,58.0,58.0,43.0,58.0,1259,48.02,44517807436157
6806.0,0,,69.0,78.0,76.0,52.0,70.0,2540,199.77,88449301159667
6806.0,1,0.00,51.0,54.0,54.0,39.0,52.0,1079,47.95,48299488502929
6806.0,2,0.00,54.0,58.0,58.0,42.0,56.0,1185,47.37,43988850028991
6807.0,3,0.00,56.0,58.0,58.0,43.0,58.0,1249,47.72,44518077998962
6812.0,0,,69.0,78.0,78.0,52.0,70.0,2694,197.84,88450424868469
6812.0,1,0.00,51.0,54.0,54.0,39.0,52.0,1088,48.04,48299761375244
6812.0,2,0.00,54.0,58.0,58.0,42.0,56.0,1194,47.02,43989117089782
6812.0,3,0.00,56.0,58.0,58.0,43.0,58.0,1247,47.74,44518349145812
6817.0,0,,71.0,76.0,76.0,52.0,70.0,2508,198.39,88451549746948
6818.0,1,0.00,51.0,54.0,54.0,39.0,52.0,1080,48.11,48300034139770
6818.0,2,0.00,54.0,58.0,58.0,42.0,56.0,1186,47.06,43989383908813
6818.0,3,0.00,56.0,58.0,58.0,43.0,57.0,1249,47.90,44518620763488
6823.0,0,,71.0,76.0,76.0,52.0,71.0,2497,199.47,88452680760131
6823.0,1,0.00,51.0,54.0,54.0,39.0,52.0,1090,48.01,48300306338623
6823.0,2,0.00,54.0,58.0,58.0,41.0,56.0,1195,47.32,43989652211730
6824.0,3,0.00,56.0,58.0,58.0,43.0,58.0,1248,48.03,44518893082580
6829.0,0,,69.0,78.0,78.0,52.0,71.0,2695,197.73,88453803838195
6829.0,1,0.00,51.0,54.0,54.0,39.0,52.0,1078,47.93,48300578604675
6829.0,2,0.00,54.0,58.0,58.0,42.0,56.0,1184,46.98,43989919044921
6829.0,3,0.00,56.0,58.0,58.0,43.0,58.0,1257,47.66,44519163798583
6834.0,0,,69.0,80.0,80.0,52.0,70.0,2549,197.04,88454921058105
6835.0,1,0.00,51.0,54.0,54.0,39.0,52.0,1089,48.08,48300851703125
6835.0,2,0.00,54.0,58.0,58.0,42.0,56.0,1163,47.05,43990186293029
6835.0,3,0.00,56.0,58.0,58.0,43.0,58.0,1248,47.84,44519435552978
6840.0,0,,70.0,78.0,78.0,52.0,70.0,2494,198.45,88456048250488
6840.0,1,0.00,51.0,54.0,54.0,39.0,52.0,1089,48.01,48301123892272
6840.0,2,0.00,54.0,58.0,58.0,42.0,56.0,1185,47.18,43990453815917
6841.0,3,0.00,56.0,58.0,58.0,43.0,57.0,1248,48.05,44519707981018
6846.0,0,,69.0,78.0,76.0,52.0,70.0,2569,200.29,88457185894897
6846.0,1,0.00,51.0,54.0,54.0,39.0,52.0,1089,48.01,48301396583984
6846.0,2,0.00,54.0,58.0,58.0,42.0,56.0,1174,47.30,43990722492004
6846.0,3,0.00,56.0,58.0,58.0,43.0,58.0,1248,47.75,44519979228393
6852.0,0,,69.0,80.0,78.0,52.0,70.0,2613,196.88,88458302177795
6852.0,1,0.00,51.0,54.0,54.0,39.0,52.0,1079,48.01,48301668777526
6852.0,2,0.00,54.0,58.0,58.0,42.0,56.0,1174,47.11,43990989616577
6852.0,3,0.00,56.0,58.0,58.0,43.0,58.0,1258,47.76,44520250516601
6857.0,0,99.99,69.0,78.0,78.0,52.0,70.0,2495,198.51,88459429703552
6857.0,1,0.00,51.0,54.0,54.0,39.0,52.0,1089,48.05,48301941706420
6858.0,2,0.00,54.0,58.0,58.0,42.0,56.0,1173,47.05,43991256861694
6858.0,3,0.00,56.0,58.0,58.0,43.0,58.0,1247,47.94,44520522820739
6863.0,0,,69.0,76.0,76.0,52.0,70.0,2608,199.83,88460564755065
6863.0,1,0.00,51.0,54.0,54.0,39.0,52.0,1078,47.88,48302213652038
6863.0,2,0.00,54.0,58.0,58.0,42.0,56.0,1184,47.24,43991525161437
6863.0,3,0.00,56.0,58.0,58.0,43.0,58.0,1248,48.10,44520795524475
6869.0,0,,69.0,78.0,78.0,52.0,70.0,2642,197.71,88461687727844
6869.0,1,0.00,51.0,54.0,54.0,39.0,52.0,1089,48.01,48302486345520
6869.0,2,0.00,54.0,58.0,58.0,42.0,56.0,1173,47.03,43991792265686
6869.0,3,0.00,56.0,58.0,58.0,43.0,58.0,1279,47.71,44521066531738
6874.0,0,,69.0,78.0,78.0,52.0,70.0,2498,197.59,88462808048095
6874.0,1,0.00,51.0,54.0,54.0,39.0,52.0,1091,48.03,48302758691955
6875.0,2,0.00,54.0,58.0,58.0,42.0,56.0,1186,47.08,43992059225891
6875.0,3,0.00,56.0,58.0,58.0,43.0,58.0,1271,47.88,44521338031738
6880.0,0,,69.0,78.0,78.0,52.0,70.0,2540,199.14,88463937172485
6880.0,1,0.00,51.0,54.0,54.0,39.0,52.0,1080,48.19,48303031917297
6880.0,2,0.00,54.0,58.0,58.0,42.0,56.0,1185,47.16,43992326611938
6880.0,3,0.00,56.0,58.0,58.0,43.0,58.0,1270,48.05,44521610447448
6886.0,0,,71.0,76.0,76.0,52.0,71.0,2633,199.92,88465070737365
6886.0,1,0.00,51.0,54.0,54.0,39.0,52.0,1090,48.02,48303304165588
6886.0,2,0.00,54.0,58.0,58.0,42.0,56.0,1163,47.29,43992594764465
6886.0,3,0.00,56.0,58.0,58.0,43.0,58.0,1280,48.00,44521883096740
6891.0,0,,71.0,76.0,76.0,52.0,71.0,2611,197.80,88466194260375
6891.0,1,0.00,51.0,54.0,54.0,39.0,52.0,1078,48.00,48303576790222
6892.0,2,0.00,54.0,58.0,58.0,42.0,56.0,1183,47.07,43992862111389
6892.0,3,0.00,56.0,58.0,58.0,43.0,58.0,1277,47.82,44522154740600
6897.0,0,100.00,70.0,76.0,76.0,52.0,71.0,2502,198.56,88467322062011
6897.0,1,0.00,51.0,54.0,54.0,39.0,52.0,1088,48.18,48303850472106
6897.0,2,0.00,54.0,58.0,58.0,42.0,56.0,1163,47.07,43993129441589
6897.0,3,0.00,56.0,58.0,58.0,43.0,58.0,1269,47.85,44522426517517
6903.0,0,,71.0,76.0,78.0,52.0,70.0,2650,198.49,88468451496032
6903.0,1,0.00,51.0,54.0,54.0,39.0,52.0,1088,47.89,48304122960388
6903.0,2,0.00,54.0,58.0,58.0,42.0,56.0,1172,47.07,43993397259094
6903.0,3,0.00,56.0,58.0,58.0,43.0,58.0,1277,47.98,44522699042846
6908.0,0,100.00,69.0,78.0,80.0,52.0,70.0,2655,197.84,88469573228332
6908.0,1,0.00,51.0,54.0,54.0,39.0,52.0,1090,48.06,48304395448242
6909.0,2,0.00,54.0,58.0,58.0,42.0,56.0,1174,47.34,43993665661560
6909.0,3,0.00,56.0,58.0,58.0,43.0,58.0,1280,47.72,44522970079772
6914.0,0,,69.0,80.0,80.0,52.0,70.0,2507,195.60,88470682306335
6914.0,1,0.00,51.0,54.0,54.0,39.0,52.0,1079,48.04,48304667849365
6914.0,2,0.00,54.0,58.0,58.0,42.0,56.0,1185,47.00,43993932601501
6914.0,3,0.00,56.0,58.0,58.0,43.0,58.0,1238,47.81,44523241134643
6920.0,0,61.84,66.0,80.0,80.0,50.0,67.0,2453,166.54,88471628228088
6920.0,1,0.00,51.0,54.0,54.0,39.0,52.0,1088,48.03,48304940669067
6920.0,2,0.00,54.0,58.0,58.0,42.0,56.0,1173,47.30,43994200770019
6920.0,3,0.00,56.0,58.0,58.0,43.0,58.0,1258,47.84,44523512853088
6925.0,0,0.00,64.0,80.0,80.0,48.0,65.0,2157,60.02,88471968534484
6925.0,1,0.00,51.0,54.0,54.0,39.0,52.0,1090,47.82,48305211811828
6926.0,2,0.00,54.0,58.0,58.0,42.0,56.0,1175,47.24,43994468630798
6926.0,3,0.00,56.0,58.0,58.0,43.0,58.0,1250,47.71,44523782883850
6931.0,0,0.00,63.0,80.0,80.0,48.0,64.0,1535,58.23,88472298709838
6931.0,1,0.00,51.0,54.0,54.0,39.0,52.0,1080,48.01,48305484022827
6931.0,2,0.00,54.0,58.0,58.0,42.0,56.0,1185,47.04,43994735804992
6931.0,3,0.00,56.0,58.0,58.0,43.0,58.0,1238,47.21,44524051026245
6937.0,0,,67.0,76.0,76.0,50.0,68.0,1534,166.69,88473245481262
6937.0,1,0.00,51.0,54.0,54.0,39.0,52.0,1079,47.95,48305756393737
6937.0,2,0.00,54.0,58.0,58.0,42.0,56.0,1174,47.23,43995003603027
6937.0,3,0.00,56.0,58.0,58.0,43.0,58.0,1248,47.82,44524322162597
6942.0,0,,68.0,78.0,78.0,51.0,69.0,1785,177.99,88474256481750
6942.0,1,0.00,51.0,54.0,54.0,39.0,52.0,1088,48.17,48306030019042
6943.0,2,0.00,54.0,58.0,58.0,42.0,56.0,1182,47.15,43995271881164
6943.0,3,0.00,56.0,58.0,58.0,43.0,58.0,1256,47.84,44524594351013
6948.0,0,,70.0,74.0,74.0,52.0,70.0,2156,200.75,88475396734558
6948.0,1,0.00,51.0,54.0,54.0,39.0,52.0,1090,47.82,48306301625061
6948.0,2,0.00,54.0,58.0,58.0,42.0,56.0,1185,47.33,43995540257568
6948.0,3,0.00,56.0,58.0,58.0,42.0,58.0,1237,47.58,44524864141967
6954.0,0,,71.0,74.0,74.0,52.0,71.0,2644,200.30,88476532416809
6954.0,1,0.00,51.0,54.0,54.0,39.0,52.0,1088,47.99,48306574197631
6954.0,2,0.00,54.0,58.0,58.0,42.0,56.0,1173,47.13,43995807955688
6954.0,3,0.00,56.0,58.0,58.0,43.0,58.0,1247,47.45,44525133659790
6959.0,0,100.00,70.0,78.0,78.0,52.0,70.0,2748,198.72,88477661139038
6960.0,1,0.00,51.0,54.0,54.0,39.0,52.0,1079,48.14,48306847124206
6960.0,2,0.00,54.0,58.0,58.0,42.0,56.0,1175,47.23,43996075772888
6960.0,3,0.00,56.0,58.0,58.0,43.0,58.0,1260,48.01,44525405862854
6965.0,0,100.00,69.0,78.0,78.0,52.0,70.0,2518,200.03,88478795314575
6965.0,1,0.00,51.0,54.0,54.0,39.0,52.0,1090,48.07,48307119704162
6965.0,2,0.00,54.0,58.0,58.0,42.0,56.0,1184,47.27,43996344265441
6966.0,3,0.00,56.0,58.0,58.0,43.0,58.0,1236,48.09,44525678998046
6971.0,0,100.00,71.0,76.0,76.0,52.0,71.0,2493,200.55,88479934435729
6971.0,1,0.00,51.0,54.0,54.0,39.0,52.0,1088,48.15,48307393179138
6971.0,2,0.00,54.0,58.0,58.0,42.0,56.0,1173,47.15,43996612101867
6971.0,3,0.00,56.0,58.0,58.0,43.0,58.0,1258,47.84,44525950745300
6976.0,0,,69.0,76.0,76.0,52.0,70.0,2674,199.74,88481068977172
6977.0,1,0.00,51.0,54.0,54.0,39.0,52.0,1078,48.03,48307665965637
6977.0,2,0.00,54.0,58.0,58.0,42.0,56.0,1184,47.16,43996879499755
6977.0,3,0.00,56.0,58.0,58.0,43.0,58.0,1259,47.78,44526221661865
6982.0,0,,68.0,76.0,76.0,52.0,70.0,2791,200.28,88482204566284
6982.0,1,0.00,51.0,54.0,54.0,39.0,52.0,1089,48.09,48307939122863
6982.0,2,0.00,54.0,58.0,58.0,42.0,56.0,1194,47.14,43997147238220
6983.0,3,0.00,56.0,58.0,58.0,43.0,58.0,1236,47.82,44526493743896
6988.0,0,100.00,69.0,78.0,76.0,52.0,70.0,2789,199.25,88483338275085
6988.0,1,0.00,51.0,54.0,54.0,39.0,52.0,1089,47.88,48308211062255
6988.0,2,0.00,54.0,58.0,58.0,42.0,56.0,1184,47.08,43997414655090
6988.0,3,0.00,56.0,58.0,58.0,43.0,58.0,1248,47.93,44526765479187
6993.0,0,,69.0,78.0,78.0,52.0,70.0,2527,200.11,88484472905700
6994.0,1,0.00,51.0,54.0,54.0,39.0,52.0,1079,48.20,48308484368408
6994.0,2,0.00,54.0,58.0,58.0,42.0,56.0,1185,47.05,43997681906372
6994.0,3,0.00,56.0,58.0,58.0,43.0,58.0,1248,47.84,44527037189880
6999.0,0,,70.0,76.0,76.0,52.0,71.0,2497,200.48,88485609649291
6999.0,1,0.00,51.0,54.0,54.0,39.0,52.0,1090,48.10,48308757594787
6999.0,2,0.00,54.0,58.0,58.0,41.0,56.0,1185,47.19,43997949484680
7000.0,3,0.00,56.0,58.0,58.0,43.0,58.0,1249,47.95,44527309064208
7005.0,0,,71.0,74.0,74.0,52.0,71.0,2550,200.29,88486747311889
7005.0,1,0.00,51.0,54.0,54.0,39.0,52.0,1090,47.95,48309029475158
7005.0,2,0.00,54.0,58.0,58.0,42.0,56.0,1174,47.29,43998217629821
7005.0,3,0.00,56.0,58.0,58.0,43.0,58.0,1280,48.04,44527581464111
7010.0,0,,70.0,74.0,74.0,52.0,70.0,2771,199.92,88487880869628
7011.0,1,0.00,51.0,54.0,54.0,39.0,52.0,1079,48.03,48309301811401
7011.0,2,0.00,54.0,58.0,58.0,42.0,56.0,1174,47.18,43998485603698
7011.0,3,0.00,56.0,58.0,58.0,43.0,58.0,1281,47.69,44527852345947
7016.0,0,,70.0,76.0,76.0,52.0,71.0,2765,199.42,88489011602844
7016.0,1,0.00,51.0,54.0,54.0,39.0,52.0,1081,48.02,48309574080993
7016.0,2,0.00,54.0,58.0,58.0,42.0,56.0,1187,47.13,43998752376037
7017.0,3,0.00,56.0,58.0,58.0,43.0,58.0,1271,47.84,44528123142211
7022.0,0,,70.0,78.0,78.0,51.0,70.0,2515,199.68,88490145774108
7022.0,1,0.00,51.0,54.0,54.0,39.0,52.0,1089,48.13,48309847461853
7022.0,2,0.00,54.0,58.0,58.0,42.0,56.0,1172,47.29,43999021010375
7022.0,3,0.00,56.0,58.0,58.0,43.0,58.0,1256,47.94,44528395923767
7027.0,0,,69.0,78.0,78.0,52.0,70.0,2493,200.00,88491281799194
7028.0,1,0.00,51.0,54.0,54.0,39.0,52.0,1089,48.02,48310120199645
7028.0,2,0.00,54.0,58.0,58.0,42.0,56.0,1184,47.19,43999289064697
7028.0,3,0.00,56.0,58.0,58.0,43.0,58.0,1269,48.11,44528668726867
7033.0,0,,71.0,76.0,76.0,52.0,71.0,2515,200.78,88492422202087
7033.0,1,0.00,51.0,54.0,54.0,39.0,52.0,1089,48.00,48310392846496
7033.0,2,0.00,54.0,58.0,58.0,42.0,56.0,1174,47.02,43999556154174
7034.0,3,0.00,56.0,58.0,58.0,43.0,58.0,1269,47.79,44528940199462
7039.0,0,,71.0,74.0,74.0,52.0,70.0,2772,199.81,88493555098571
7039.0,1,0.00,51.0,54.0,54.0,39.0,52.0,1079,48.10,48310665594970
7039.0,2,0.00,54.0,58.0,58.0,42.0,56.0,1174,47.18,43999823669677
7039.0,3,0.00,56.0,58.0,58.0,43.0,58.0,1279,47.86,44529211557617
7045.0,0,,71.0,74.0,74.0,52.0,70.0,2800,199.95,88494690816345
7045.0,1,0.00,51.0,54.0,54.0,39.0,52.0,1088,48.11,48310938880676
7045.0,2,0.00,54.0,58.0,58.0,41.0,56.0,1173,47.24,44000091983154
7045.0,3,0.00,56.0,58.0,58.0,43.0,58.0,1279,47.97,44529484000549
7050.0,0,,70.0,78.0,78.0,52.0,70.0,2641,199.46,88495823765380
7050.0,1,0.00,51.0,54.0,54.0,39.0,52.0,1089,48.04,48311211729492
7050.0,2,0.00,54.0,58.0,58.0,41.0,56.0,1162,47.26,44000360429931
7051.0,3,0.00,56.0,58.0,58.0,43.0,58.0,1269,47.88,44529755984252
7056.0,0,,69.0,78.0,78.0,52.0,70.0,2498,200.01,88496957798400
7056.0,1,0.00,51.0,54.0,54.0,39.0,52.0,1080,48.16,48311484817504
7056.0,2,0.00,54.0,58.0,58.0,42.0,56.0,1186,47.14,44000627731140
7056.0,3,0.00,56.0,58.0,58.0,43.0,58.0,1281,47.95,44530027860534
7062.0,0,,71.0,76.0,76.0,52.0,70.0,2484,200.40,88498096057556
7062.0,1,0.00,51.0,54.0,54.0,39.0,52.0,1089,48.12,48311758129028
7062.0,2,0.00,54.0,58.0,58.0,42.0,56.0,1173,47.21,44000895906433
7062.0,3,0.00,56.0,58.0,58.0,43.0,58.0,1267,47.83,44530299987243
7067.0,0,99.99,69.0,78.0,78.0,52.0,70.0,2717,199.75,88499228627502
7067.0,1,0.00,51.0,54.0,54.0,39.0,52.0,1089,47.92,48312029856140
7068.0,2,0.00,54.0,58.0,58.0,42.0,56.0,1206,47.16,44001163772155
7068.0,3,0.00,56.0,58.0,58.0,43.0,58.0,1270,47.99,44530572104125
7073.0,0,100.00,71.0,76.0,76.0,52.0,71.0,2772,200.57,88500365873779
7073.0,1,0.00,51.0,54.0,54.0,39.0,53.0,1080,47.96,48312301781921
7073.0,2,0.00,54.0,58.0,58.0,42.0,56.0,1176,46.95,44001429486083
7073.0,3,0.00,56.0,58.0,58.0,43.0,57.0,1271,47.75,44530842369079
7079.0,0,,70.0,74.0,74.0,52.0,71.0,2530,200.08,88501500307250
7079.0,1,0.00,51.0,54.0,54.0,39.0,52.0,1080,48.15,48312574799926
7079.0,2,0.00,54.0,58.0,58.0,42.0,56.0,1174,47.15,44001696820861
7079.0,3,0.00,56.0,58.0,58.0,43.0,58.0,1269,47.79,44531113841796
7084.0,0,,70.0,78.0,78.0,52.0,71.0,2549,199.15,88502631470397
7084.0,1,0.00,51.0,54.0,54.0,39.0,52.0,1089,48.15,48312848307128
7085.0,2,0.00,54.0,58.0,58.0,42.0,56.0,1184,47.21,44001964957702
7085.0,3,0.00,56.0,58.0,58.0,43.0,58.0,1226,48.06,44531386361755
7090.0,0,,71.0,76.0,74.0,52.0,70.0,2496,200.85,88503770271301
7090.0,1,0.00,51.0,54.0,54.0,39.0,52.0,1090,48.09,48313120982788
7090.0,2,0.00,54.0,58.0,58.0,42.0,56.0,1185,47.33,44002233313903
7090.0,3,0.00,56.0,58.0,58.0,43.0,58.0,1270,48.05,44531659270751
7096.0,0,,71.0,76.0,76.0,52.0,71.0,2731,199.74,88504902810546
7096.0,1,0.00,51.0,54.0,54.0,39.0,52.0,1079,48.04,48313393387023
7096.0,2,0.00,54.0,58.0,58.0,42.0,56.0,1174,46.91,44002499735778
7096.0,3,0.00,56.0,58.0,58.0,43.0,58.0,1280,47.80,44531930282104
7101.0,0,,71.0,76.0,76.0,52.0,70.0,2795,199.68,88506034989807
7101.0,1,0.00,51.0,54.0,54.0,39.0,52.0,1090,48.05,48313666315368
7102.0,2,0.00,54.0,58.0,58.0,42.0,56.0,1175,47.20,44002767372863
7102.0,3,0.00,56.0,58.0,58.0,43.0,58.0,1270,47.92,44532202015258
7107.0,0,100.00,71.0,76.0,76.0,52.0,70.0,2643,200.36,88507173052490
7107.0,1,0.00,51.0,54.0,54.0,39.0,52.0,1079,47.89,48313937846557
7107.0,2,0.00,54.0,58.0,58.0,42.0,56.0,1185,47.28,44003035457763
7107.0,3,0.00,56.0,58.0,58.0,43.0,58.0,1269,48.10,44532474760131
7113.0,0,,69.0,78.0,78.0,52.0,71.0,2505,199.63,88508304934936
7113.0,1,0.00,51.0,54.0,54.0,39.0,52.0,1089,47.98,48314210374633
7113.0,2,0.00,54.0,58.0,58.0,42.0,56.0,1184,47.18,44003303433898
7113.0,3,0.00,56.0,58.0,58.0,43.0,58.0,1279,47.75,44532746004272
7118.0,0,,70.0,78.0,78.0,52.0,70.0,2495,200.10,88509441513610
7118.0,1,0.00,51.0,54.0,54.0,39.0,52.0,1089,48.19,48314483601867
7119.0,2,0.00,54.0,58.0,58.0,42.0,56.0,1174,47.12,44003571071411
7119.0,3,0.00,56.0,58.0,58.0,43.0,58.0,1269,47.91,44533018145935
7124.0,0,,70.0,78.0,78.0,52.0,71.0,2696,199.86,88510576700012
7124.0,1,0.00,51.0,54.0,54.0,39.0,53.0,1079,48.11,48314756885009
7124.0,2,0.00,54.0,58.0,58.0,41.0,56.0,1195,47.25,44003839005004
7124.0,3,0.00,56.0,58.0,58.0,43.0,58.0,1270,47.92,44533289875610
7130.0,0,,71.0,76.0,76.0,52.0,70.0,2654,200.27,88511712238220
7130.0,1,0.00,51.0,54.0,54.0,39.0,53.0,1089,47.94,48315029192749
7130.0,2,0.00,54.0,58.0,58.0,42.0,56.0,1174,47.27,44004107491394
7130.0,3,0.00,56.0,58.0,58.0,43.0,58.0,1269,47.99,44533562481445
7135.0,0,99.99,71.0,76.0,76.0,52.0,70.0,2730,199.95,88512847937622
7135.0,1,0.00,51.0,54.0,54.0,39.0,52.0,1080,48.10,48315301929260
7136.0,2,0.00,54.0,58.0,58.0,42.0,56.0,1185,47.05,44004374273010
7136.0,3,0.00,56.0,58.0,58.0,43.0,58.0,1281,47.86,44533833845458
7141.0,0,,70.0,78.0,78.0,52.0,71.0,2603,199.58,88513979546386
7141.0,1,0.00,51.0,54.0,54.0,39.0,52.0,1090,48.16,48315575023193
7141.0,2,0.00,54.0,58.0,58.0,42.0,56.0,1184,47.22,44004641989501
7141.0,3,0.00,56.0,58.0,58.0,43.0,58.0,1269,47.95,44534105696655
7147.0,0,,70.0,78.0,78.0,52.0,70.0,2527,200.15,88515114401306
7147.0,1,0.00,51.0,54.0,54.0,39.0,52.0,1089,48.20,48315848805236
7147.0,2,0.00,54.0,58.0,58.0,42.0,56.0,1164,47.24,44004910292724
7147.0,3,0.00,56.0,58.0,58.0,43.0,58.0,1280,47.99,44534378293762
7152.0,0,99.99,69.0,78.0,78.0,52.0,70.0,2581,199.84,88516249478515
7152.0,1,0.00,51.0,54.0,54.0,39.0,52.0,1080,48.02,48316121062316
7153.0,2,0.00,54.0,58.0,58.0,42.0,56.0,1185,47.21,44005177972656
7153.0,3,0.00,56.0,58.0,58.0,43.0,58.0,1281,48.05,44534650720092
7158.0,0,,70.0,76.0,76.0,52.0,71.0,2614,200.77,88517387823791
7158.0,1,0.00,51.0,54.0,54.0,39.0,52.0,1090,48.15,48316394075500
7158.0,2,0.00,54.0,58.0,58.0,42.0,56.0,1185,47.07,44005444879089
7158.0,3,0.00,56.0,58.0,58.0,43.0,58.0,1269,47.91,44534922367309
7164.0,0,,70.0,78.0,78.0,52.0,71.0,2684,199.19,88518519203796
7164.0,1,0.00,51.0,54.0,54.0,39.0,52.0,1078,48.04,48316666917968
7164.0,2,0.00,54.0,58.0,58.0,42.0,56.0,1173,47.11,44005712486022
7164.0,3,0.00,56.0,58.0,58.0,43.0,58.0,1279,47.81,44535193955078
7169.0,0,,70.0,74.0,74.0,52.0,70.0,2559,200.83,88519657917785
7169.0,1,0.00,51.0,54.0,54.0,39.0,52.0,1090,47.99,48316939034362
7170.0,2,0.00,54.0,58.0,58.0,41.0,56.0,1175,47.33,44005980828247
7170.0,3,0.00,56.0,58.0,58.0,43.0,58.0,1270,47.89,44535465968750
7175.0,0,,70.0,78.0,78.0,52.0,71.0,2614,199.44,88520788734863
7175.0,1,0.00,51.0,54.0,54.0,39.0,52.0,1079,48.02,48317211781372
7175.0,2,0.00,54.0,58.0,58.0,42.0,56.0,1195,47.30,44006249502990
7175.0,3,0.00,56.0,58.0,58.0,43.0,58.0,1237,47.95,44535737853454
7181.0,0,,69.0,80.0,80.0,52.0,70.0,2496,194.11,88521891307373
7181.0,1,0.00,51.0,54.0,54.0,39.0,52.0,1089,48.21,48317485151306
7181.0,2,0.00,54.0,58.0,58.0,42.0,56.0,1174,47.12,44006516646545
7181.0,3,0.00,56.0,58.0,58.0,43.0,58.0,1280,47.88,44536009785827
7186.0,0,,68.0,80.0,80.0,51.0,70.0,2492,187.70,88522957437805
7187.0,1,0.00,51.0,54.0,54.0,39.0,52.0,1088,48.13,48317758557495
7187.0,2,0.00,54.0,58.0,58.0,42.0,56.0,1183,47.20,44006785232849
7187.0,3,0.00,56.0,58.0,58.0,43.0,58.0,1279,47.87,44536281703002
7192.0,0,0.00,64.0,80.0,80.0,48.0,66.0,2296,66.07,88523332041503
7192.0,1,0.00,51.0,54.0,54.0,39.0,52.0,1079,47.58,48318028810974
7192.0,2,0.00,54.0,58.0,58.0,42.0,56.0,1176,47.33,44007053612182
7193.0,3,0.00,56.0,58.0,58.0,43.0,58.0,1259,47.65,44536551888549
7198.0,0,0.00,63.0,80.0,80.0,48.0,65.0,1682,58.27,88523662994567
7198.0,1,0.00,51.0,54.0,54.0,39.0,52.0,1089,47.93,48318300589050
7198.0,2,0.00,54.0,58.0,58.0,42.0,56.0,1174,47.02,44007320203186
7198.0,3,0.00,56.0,58.0,58.0,43.0,58.0,1280,47.41,44536820728393
7203.0,0,100.00,66.0,74.0,74.0,50.0,67.0,1513,120.81,88524347989562
7204.0,1,0.00,51.0,54.0,54.0,39.0,52.0,1080,47.99,48318572671630
7204.0,2,0.00,54.0,58.0,58.0,42.0,56.0,1185,47.05,44007587445434
7204.0,3,0.00,56.0,58.0,58.0,43.0,58.0,1279,47.56,44537090868774
7209.0,0,,67.0,76.0,76.0,51.0,69.0,1595,177.60,88525356779479
7209.0,1,0.00,51.0,54.0,54.0,39.0,52.0,1088,47.81,48318844699218
7209.0,2,0.00,54.0,58.0,58.0,42.0,56.0,1183,47.32,44007856207092
7210.0,3,0.00,56.0,58.0,58.0,42.0,58.0,1236,47.78,44537362261596
7215.0,0,,71.0,74.0,74.0,52.0,70.0,1946,192.59,88526450714416
7215.0,1,0.00,51.0,54.0,54.0,39.0,52.0,1090,48.03,48319117031250
7215.0,2,0.00,54.0,58.0,58.0,42.0,56.0,1175,47.36,44008124733886
7215.0,3,0.00,56.0,58.0,58.0,43.0,58.0,1260,47.63,44537632315185
7220.0,0,,71.0,74.0,74.0,52.0,70.0,2464,200.16,88527585643371
7221.0,1,0.00,51.0,54.0,54.0,39.0,52.0,1079,48.04,48319389903747
7221.0,2,0.00,54.0,58.0,58.0,41.0,56.0,1185,46.97,44008391500488
7221.0,3,0.00,56.0,58.0,58.0,42.0,57.0,1248,47.56,44537902479370
7226.0,0,,71.0,74.0,74.0,52.0,71.0,2759,199.84,88528720760131
7226.0,1,0.00,51.0,54.0,54.0,39.0,53.0,1089,48.12,48319662716979
7226.0,2,0.00,54.0,58.0,58.0,42.0,56.0,1184,47.29,44008659622863
7227.0,3,0.00,56.0,58.0,58.0,43.0,58.0,1247,47.64,44538173070190
7232.0,0,99.99,70.0,74.0,74.0,52.0,70.0,2802,198.09,88529845883056
7232.0,1,0.00,51.0,54.0,54.0,39.0,52.0,1089,47.66,48319933429260
7232.0,2,0.00,54.0,58.0,58.0,42.0,56.0,1174,47.13,44008927349426
7232.0,3,0.00,56.0,58.0,58.0,43.0,58.0,1260,47.68,44538443407409
7237.0,0,,69.0,76.0,76.0,51.0,70.0,2561,200.09,88530980384277
7238.0,1,0.00,51.0,54.0,54.0,39.0,52.0,1079,48.09,48320206089599
7238.0,2,0.00,54.0,58.0,58.0,42.0,56.0,1185,47.00,44009193844360
7238.0,3,0.00,56.0,58.0,58.0,43.0,58.0,1248,47.84,44538714657653
7243.0,0,,70.0,76.0,76.0,52.0,70.0,2496,200.12,88532115063232
7243.0,1,0.00,51.0,54.0,54.0,39.0,52.0,1090,48.13,48320479010498
7243.0,2,0.00,54.0,58.0,58.0,42.0,56.0,1185,46.98,44009460218322
7244.0,3,0.00,56.0,58.0,58.0,43.0,58.0,1248,47.82,44538986279479
7249.0,0,,70.0,76.0,76.0,52.0,70.0,2484,199.87,88533250346252
7249.0,1,0.00,51.0,54.0,54.0,39.0,52.0,1088,48.07,48320752061096
7249.0,2,0.00,54.0,58.0,58.0,42.0,56.0,1172,47.15,44009728497497
7249.0,3,0.00,56.0,58.0,58.0,43.0,58.0,1257,47.94,44539258576843
7254.0,0,99.99,70.0,76.0,76.0,52.0,70.0,2673,200.02,88534386457763
7255.0,1,0.00,51.0,54.0,54.0,39.0,52.0,1079,47.93,48321024298400
7255.0,2,0.00,54.0,58.0,58.0,42.0,56.0,1174,47.27,44009996538879
7255.0,3,0.00,56.0,58.0,58.0,43.0,58.0,1249,48.04,44539530973144
7260.0,0,,71.0,76.0,74.0,52.0,71.0,2527,201.13,88535526887023
7260.0,1,0.00,51.0,54.0,54.0,39.0,52.0,1089,48.09,48321297458068
7260.0,2,0.00,54.0,58.0,58.0,42.0,56.0,1182,46.96,44010263755859
7261.0,3,0.00,56.0,58.0,58.0,43.0,58.0,1245,47.85,44539803245971
7266.0,0,,70.0,74.0,74.0,52.0,70.0,2743,199.98,88536664789062
7266.0,1,0.00,51.0,54.0,54.0,39.0,52.0,1087,48.17,48321571042541
7266.0,2,0.00,54.0,58.0,58.0,41.0,56.0,1174,47.10,44010531277832
7266.0,3,0.00,56.0,58.0,58.0,43.0,58.0,1248,47.74,44540074405212
7272.0,0,,70.0,74.0,74.0,51.0,70.0,2799,199.07,88537795489868
7272.0,1,0.00,51.0,54.0,54.0,39.0,52.0,1088,47.76,48321842776184
7272.0,2,0.00,54.0,58.0,58.0,42.0,56.0,1172,47.27,44010799754089
7272.0,3,0.00,56.0,58.0,58.0,43.0,58.0,1258,47.87,44540346309509
7277.0,0,,70.0,74.0,74.0,52.0,70.0,2771,200.85,88538936306213
7277.0,1,0.00,51.0,54.0,54.0,39.0,52.0,1090,47.94,48322114581481
7278.0,2,0.00,54.0,58.0,58.0,42.0,56.0,1175,47.07,44011066623840
7278.0,3,0.00,56.0,58.0,58.0,43.0,58.0,1269,47.79,44540617262939
7283.0,0,,70.0,74.0,74.0,52.0,70.0,2738,200.32,88540072096740
7283.0,1,0.00,51.0,54.0,54.0,39.0,52.0,1089,48.08,48322387655151
7283.0,2,0.00,54.0,58.0,58.0,42.0,56.0,1184,46.99,44011333499633
7283.0,3,0.00,56.0,58.0,58.0,43.0,58.0,1268,47.83,44540888934020
7289.0,0,,70.0,74.0,74.0,52.0,69.0,2801,198.84,88541201524353
7289.0,1,0.00,51.0,54.0,54.0,39.0,52.0,1078,48.13,48322660567565
7289.0,2,0.00,54.0,58.0,58.0,42.0,56.0,1173,47.20,44011601572998
7289.0,3,0.00,56.0,58.0,58.0,43.0,58.0,1278,47.79,44541160395629
7294.0,0,,69.0,76.0,76.0,51.0,69.0,2641,199.45,88542334388366
7294.0,1,0.00,51.0,54.0,54.0,39.0,52.0,1088,47.80,48322932545837
7295.0,2,0.00,54.0,58.0,58.0,42.0,56.0,1183,47.23,44011869834289
7295.0,3,0.00,56.0,58.0,58.0,43.0,58.0,1269,47.95,44541432756103
7300.0,0,,70.0,76.0,76.0,52.0,70.0,2484,199.90,88543469847412
7300.0,1,0.00,51.0,54.0,54.0,39.0,52.0,1089,48.12,48323205408081
7300.0,2,0.00,54.0,58.0,58.0,42.0,56.0,1185,47.02,44012136445190
7300.0,3,0.00,56.0,58.0,58.0,43.0,58.0,1279,47.85,44541704563415
7306.0,0,99.99,70.0,76.0,76.0,52.0,70.0,2483,200.00,88544605825317
7306.0,1,0.00,51.0,54.0,54.0,39.0,52.0,1089,48.20,48323479209106
7306.0,2,0.00,54.0,58.0,58.0,42.0,56.0,1153,47.04,44012403607788
7306.0,3,0.00,56.0,58.0,58.0,43.0,58.0,1280,48.02,44541976828430
7311.0,0,,70.0,76.0,76.0,52.0,70.0,2486,200.19,88545740905700
7311.0,1,0.00,51.0,54.0,54.0,39.0,52.0,1079,47.84,48323750951171
7312.0,2,0.00,54.0,58.0,58.0,42.0,56.0,1184,47.23,44012671880981
7312.0,3,0.00,56.0,58.0,58.0,43.0,58.0,1269,47.99,44542249414916
7317.0,0,,71.0,74.0,74.0,52.0,70.0,2643,201.31,88546884327087
7317.0,1,0.00,51.0,54.0,54.0,39.0,53.0,1090,48.01,48324023160705
7317.0,2,0.00,54.0,58.0,58.0,42.0,56.0,1185,47.34,44012940294982
7317.0,3,0.00,56.0,58.0,58.0,43.0,58.0,1279,47.69,44542520284301
7323.0,0,,70.0,74.0,74.0,52.0,70.0,2790,199.57,88548017880065
7323.0,1,0.00,51.0,54.0,54.0,39.0,52.0,1079,48.08,48324296264526
7323.0,2,0.00,54.0,58.0,58.0,42.0,56.0,1174,46.96,44013207008666
7323.0,3,0.00,56.0,58.0,58.0,43.0,58.0,1269,47.90,44542791853454
7328.0,0,,69.0,74.0,74.0,51.0,70.0,2801,199.01,88549148233642
7328.0,1,0.00,51.0,54.0,54.0,39.0,52.0,1089,48.08,48324569353942
7329.0,2,0.00,54.0,58.0,58.0,42.0,56.0,1184,47.07,44013474382202
7329.0,3,0.00,56.0,58.0,58.0,43.0,58.0,1268,47.81,44543063393005
7334.0,0,,70.0,72.0,72.0,51.0,70.0,2760,201.12,88550288573913
7334.0,1,0.00,51.0,54.0,54.0,39.0,52.0,1089,47.87,48324840769775
7334.0,2,0.00,54.0,58.0,58.0,42.0,56.0,1185,47.34,44013742806213
7334.0,3,0.00,56.0,58.0,58.0,43.0,58.0,1270,48.00,44543335572082
7340.0,0,,69.0,74.0,74.0,51.0,70.0,2654,198.90,88551418353759
7340.0,1,0.00,51.0,54.0,54.0,39.0,52.0,1088,48.07,48325113802551
7340.0,2,0.00,54.0,58.0,58.0,42.0,56.0,1173,47.07,44014010165100
7340.0,3,0.00,56.0,58.0,58.0,43.0,58.0,1278,47.79,44543607497680
7345.0,0,,69.0,72.0,74.0,52.0,70.0,2599,201.41,88552562351745
7345.0,1,0.00,51.0,54.0,54.0,39.0,52.0,1079,48.13,48325387185546
7346.0,2,0.00,54.0,58.0,58.0,42.0,56.0,1184,47.25,44014278572937
7346.0,3,0.00,56.0,58.0,58.0,43.0,58.0,1279,47.94,44543879313964
7351.0,0,,70.0,72.0,72.0,52.0,70.0,2747,199.46,88553695293762
7351.0,1,0.00,51.0,54.0,54.0,39.0,52.0,1089,48.15,48325660673156
7351.0,2,0.00,54.0,58.0,58.0,42.0,56.0,1194,47.18,44014546581420
7351.0,3,0.00,56.0,58.0,58.0,43.0,58.0,1268,47.89,44544151789123
7357.0,0,,70.0,74.0,74.0,52.0,70.0,2526,199.14,88554824440856
7357.0,1,0.00,51.0,54.0,54.0,39.0,52.0,1089,47.91,48325932317016
7357.0,2,0.00,54.0,58.0,58.0,42.0,56.0,1164,47.25,44014814961059
7357.0,3,0.00,56.0,58.0,58.0,43.0,58.0,1280,48.02,44544424043945
7362.0,0,,70.0,76.0,76.0,52.0,69.0,2496,199.83,88555959459472
7363.0,1,0.00,51.0,54.0,54.0,39.0,52.0,1079,47.98,48326204859497
7363.0,2,0.00,54.0,58.0,58.0,42.0,56.0,1185,47.05,44015081735656
7363.0,3,0.00,56.0,58.0,58.0,43.0,58.0,1280,47.94,44544695886047
7368.0,0,,70.0,76.0,76.0,52.0,70.0,2494,199.96,88557095222900
7368.0,1,0.00,51.0,54.0,54.0,39.0,52.0,1089,48.17,48326478447692
7368.0,2,0.00,54.0,58.0,58.0,42.0,56.0,1184,47.06,44015349028198
7368.0,3,0.00,56.0,58.0,58.0,43.0,58.0,1269,47.90,44544967981567
7374.0,0,,71.0,74.0,74.0,52.0,70.0,2675,201.33,88558236780578
7374.0,1,0.00,51.0,54.0,54.0,39.0,52.0,1089,47.82,48326749607910
7374.0,2,0.00,54.0,58.0,58.0,42.0,56.0,1173,47.25,44015617399841
7374.0,3,0.00,56.0,58.0,58.0,43.0,58.0,1279,47.85,44545239770507
7379.0,0,,70.0,74.0,74.0,51.0,70.0,2791,199.95,88559372491394
7380.0,1,0.00,51.0,54.0,54.0,39.0,52.0,1079,47.98,48327022161621
7380.0,2,0.00,54.0,58.0,58.0,42.0,56.0,1184,47.15,44015884733520
7380.0,3,0.00,56.0,58.0,58.0,43.0,58.0,1279,47.83,44545511454284
7385.0,0,,71.0,74.0,74.0,52.0,70.0,2684,199.99,88560508441284
7385.0,1,0.00,51.0,54.0,54.0,39.0,53.0,1089,48.14,48327295588623
7385.0,2,0.00,54.0,58.0,58.0,42.0,56.0,1162,47.05,44016151994934
7386.0,3,0.00,56.0,58.0,58.0,43.0,58.0,1268,47.95,44545783822692
7391.0,0,,70.0,74.0,74.0,51.0,70.0,2663,198.95,88561638476318
7391.0,1,0.00,51.0,54.0,54.0,39.0,52.0,1089,48.18,48327569269714
7391.0,2,0.00,54.0,58.0,58.0,42.0,56.0,1174,47.13,44016419700134
7391.0,3,0.00,56.0,58.0,58.0,43.0,58.0,1280,47.99,44546055900695
7396.0,0,,71.0,74.0,74.0,52.0,70.0,2740,200.15,88562773330322
7397.0,1,0.00,51.0,54.0,54.0,39.0,52.0,1079,47.94,48327841108642
7397.0,2,0.00,54.0,58.0,58.0,42.0,56.0,1184,47.28,44016688249877
7397.0,3,0.00,56.0,58.0,58.0,43.0,58.0,1280,47.91,44546328001220
7402.0,0,,70.0,74.0,74.0,51.0,70.0,2697,201.43,88563915412414
7402.0,1,0.00,51.0,54.0,54.0,39.0,52.0,1090,48.03,48328113435852
7402.0,2,0.00,54.0,58.0,58.0,42.0,56.0,1185,47.05,44016955006347
7403.0,3,0.00,56.0,58.0,58.0,43.0,58.0,1270,47.78,44546598888244
7408.0,0,,69.0,74.0,74.0,51.0,70.0,2527,198.37,88565042174255
7408.0,1,0.00,51.0,54.0,54.0,39.0,52.0,1079,48.07,48328386478271
7408.0,2,0.00,54.0,58.0,58.0,42.0,56.0,1184,47.09,44017222034667
7408.0,3,0.00,56.0,58.0,58.0,43.0,58.0,1269,48.00,44546871054565
7413.0,0,,70.0,74.0,74.0,52.0,70.0,2549,200.17,88566177132385
7414.0,1,0.00,51.0,54.0,54.0,39.0,52.0,1089,47.82,48328658103881
7414.0,2,0.00,54.0,58.0,58.0,42.0,56.0,1206,47.05,44017489266784
7414.0,3,0.00,56.0,58.0,58.0,43.0,58.0,1269,47.88,44547143007995
7419.0,0,,70.0,76.0,76.0,52.0,70.0,2501,199.89,88567314486083
7419.0,1,0.00,51.0,54.0,54.0,39.0,53.0,1087,47.91,48328930243591
7419.0,2,0.00,54.0,58.0,58.0,42.0,56.0,1182,47.32,44017758064514
7420.0,3,0.00,56.0,58.0,58.0,43.0,58.0,1268,47.79,44547414481323
7425.0,0,100.00,70.0,76.0,76.0,52.0,70.0,2496,199.84,88568449582092
7425.0,1,0.00,51.0,54.0,54.0,39.0,52.0,1089,48.10,48329203455810
7425.0,2,0.00,54.0,58.0,58.0,42.0,56.0,1174,47.06,44018025379760
7425.0,3,0.00,56.0,58.0,58.0,43.0,58.0,1280,47.92,44547686640747
7430.0,0,,71.0,74.0,74.0,52.0,71.0,2613,201.50,88569592079284
7431.0,1,0.00,51.0,54.0,54.0,39.0,52.0,1080,48.25,48329477010559
7431.0,2,0.00,54.0,58.0,58.0,42.0,56.0,1175,47.21,44018293048461
7431.0,3,0.00,56.0,58.0,58.0,43.0,58.0,1280,48.05,44547959056213
7436.0,0,,70.0,76.0,76.0,52.0,70.0,2792,198.71,88570718777526
7436.0,1,0.00,51.0,54.0,54.0,39.0,52.0,1089,47.86,48329748871948
7436.0,2,0.00,54.0,58.0,58.0,42.0,56.0,1184,47.21,44018561228698
7437.0,3,0.00,56.0,58.0,58.0,43.0,58.0,1269,47.91,44548231173889
7442.0,0,,70.0,74.0,74.0,52.0,70.0,2804,200.52,88571857743347
7442.0,1,0.00,51.0,54.0,54.0,39.0,52.0,1080,47.97,48330020888549
7442.0,2,0.00,54.0,58.0,58.0,42.0,56.0,1165,47.02,44018827817077
7442.0,3,0.00,56.0,58.0,58.0,43.0,58.0,1271,47.72,44548501757141
7448.0,0,,69.0,74.0,76.0,51.0,70.0,2750,199.03,88572986246459
7448.0,1,0.00,51.0,54.0,54.0,39.0,52.0,1090,48.13,48330293800903
7448.0,2,0.00,54.0,58.0,58.0,42.0,56.0,1174,47.11,44019094905700
7448.0,3,0.00,56.0,58.0,58.0,43.0,58.0,1279,48.02,44548774032287
7453.0,0,,69.0,74.0,74.0,51.0,70.0,2601,200.38,88574122429077
7453.0,1,0.00,51.0,54.0,54.0,39.0,52.0,1079,48.23,48330567258239
7453.0,2,0.00,54.0,58.0,58.0,42.0,56.0,1174,47.09,44019362381958
7454.0,3,0.00,56.0,58.0,58.0,43.0,58.0,1270,47.84,44549045763000
7459.0,0,,70.0,74.0,72.0,52.0,70.0,2656,200.68,88575262304565
7459.0,1,0.00,51.0,54.0,54.0,39.0,52.0,1090,47.83,48330838916992
7459.0,2,0.00,54.0,58.0,58.0,42.0,56.0,1175,47.33,44019630742736
7459.0,3,0.00,56.0,58.0,58.0,43.0,58.0,1270,47.94,44549317559814
7465.0,0,,70.0,74.0,74.0,51.0,70.0,2718,200.56,88576399468200
7465.0,1,0.00,51.0,54.0,54.0,39.0,52.0,1079,48.10,48331111666137
7465.0,2,0.00,54.0,58.0,58.0,42.0,56.0,1184,47.13,44019897965576
7465.0,3,0.00,56.0,58.0,58.0,43.0,58.0,1280,47.89,44549589096252
7470.0,0,,71.0,74.0,74.0,52.0,70.0,2570,198.90,88577527213500
7470.0,1,0.00,51.0,54.0,54.0,39.0,53.0,1089,48.14,48331385075866
7471.0,2,0.00,54.0,58.0,58.0,42.0,56.0,1174,47.03,44020165088928
7471.0,3,0.00,56.0,58.0,58.0,43.0,58.0,1270,47.96,44549861518432
7476.0,0,,70.0,76.0,76.0,52.0,70.0,2496,199.49,88578660335998
7476.0,1,0.00,51.0,54.0,54.0,39.0,52.0,1089,47.88,48331656571838
7476.0,2,0.00,54.0,58.0,58.0,42.0,56.0,1185,47.22,44020432817199
7476.0,3,0.00,56.0,58.0,58.0,43.0,58.0,1280,48.02,44550133775878
7482.0,0,,70.0,76.0,76.0,52.0,70.0,2484,199.87,88579795593566
7482.0,1,0.00,51.0,54.0,54.0,39.0,52.0,1079,47.94,48331928851562
7482.0,2,0.00,54.0,58.0,58.0,42.0,56.0,1163,47.02,44020699867065
7482.0,3,0.00,56.0,58.0,58.0,43.0,58.0,1280,47.72,44550404831909
7487.0,0,,70.0,76.0,76.0,52.0,70.0,2612,200.29,88580931219421
7487.0,1,0.00,51.0,54.0,54.0,39.0,52.0,1089,48.14,48332201831298
7488.0,2,0.00,54.0,58.0,58.0,42.0,56.0,1184,47.01,44020966869018
7488.0,3,0.00,56.0,58.0,58.0,43.0,58.0,1268,47.86,44550676687683
7493.0,0,,71.0,74.0,74.0,52.0,70.0,2737,200.76,88582071529663
7493.0,1,0.00,51.0,54.0,54.0,39.0,52.0,1079,48.05,48332474777893
7493.0,2,0.00,54.0,58.0,58.0,42.0,56.0,1184,47.13,44021234103637
7493.0,3,0.00,56.0,58.0,58.0,43.0,58.0,1269,47.98,44550948758544
7499.0,0,,71.0,74.0,74.0,52.0,71.0,2759,199.96,88583205319458
7499.0,1,0.00,51.0,54.0,54.0,39.0,52.0,1089,47.83,48332746442810
7499.0,2,0.00,54.0,58.0,58.0,41.0,56.0,1153,47.20,44021502225402
7499.0,3,0.00,56.0,58.0,58.0,43.0,58.0,1279,47.93,44551220998229
7504.0,0,100.00,69.0,74.0,74.0,51.0,69.0,2759,199.08,88584336109497
7504.0,1,0.00,51.0,54.0,54.0,39.0,52.0,1089,48.00,48333018625061
7505.0,2,0.00,54.0,58.0,58.0,41.0,56.0,1184,47.05,44021769487243
7505.0,3,0.00,56.0,58.0,58.0,43.0,58.0,1268,47.85,44551492779602
7510.0,0,,70.0,74.0,74.0,52.0,70.0,2630,200.72,88585476200561
7510.0,1,0.00,51.0,54.0,54.0,39.0,52.0,1089,48.21,48333292438842
7510.0,2,0.00,54.0,58.0,58.0,42.0,56.0,1184,47.15,44022037301330
7510.0,3,0.00,56.0,58.0,58.0,43.0,58.0,1270,47.94,44551765066955
7516.0,0,,70.0,74.0,74.0,52.0,70.0,2685,199.34,88586608434936
7516.0,1,0.00,51.0,54.0,54.0,39.0,52.0,1079,47.87,48333564325561
7516.0,2,0.00,54.0,58.0,58.0,42.0,56.0,1163,47.18,44022304823730
7516.0,3,0.00,56.0,58.0,58.0,43.0,58.0,1279,47.93,44552037286560
7521.0,0,,71.0,74.0,74.0,52.0,70.0,2706,199.78,88587743181152
7521.0,1,0.00,51.0,54.0,54.0,39.0,52.0,1089,47.90,48333836399597
7522.0,2,0.00,54.0,58.0,58.0,42.0,56.0,1184,47.26,44022573237487
7522.0,3,0.00,56.0,58.0,58.0,43.0,58.0,1269,47.82,44552308400695
7527.0,0,,69.0,76.0,76.0,51.0,70.0,2633,199.38,88588873691040
7527.0,1,0.00,51.0,54.0,54.0,39.0,52.0,1089,48.07,48334109453186
7527.0,2,0.00,54.0,58.0,58.0,41.0,56.0,1185,47.01,44022840228088
7527.0,3,0.00,56.0,58.0,58.0,43.0,58.0,1280,47.84,44552580148620
7533.0,0,,70.0,76.0,76.0,52.0,70.0,2497,199.74,88590008216247
7533.0,1,0.00,51.0,54.0,54.0,39.0,52.0,1080,48.14,48334382396545
7533.0,2,0.00,54.0,58.0,58.0,42.0,56.0,1164,47.18,44023107730712
7533.0,3,0.00,56.0,58.0,58.0,43.0,58.0,1280,48.05,44552852620300
7538.0,0,,71.0,74.0,74.0,52.0,70.0,2495,201.05,88591148192016
7538.0,1,0.00,51.0,54.0,54.0,39.0,52.0,1089,47.90,48334653971984
7539.0,2,0.00,54.0,58.0,58.0,42.0,56.0,1185,47.15,44023375097412
7539.0,3,0.00,56.0,58.0,58.0,43.0,58.0,1269,47.90,44553124693237
7544.0,0,,70.0,76.0,76.0,52.0,71.0,2537,198.97,88592278352050
7544.0,1,0.00,51.0,54.0,54.0,39.0,52.0,1089,47.90,48334926057373
7544.0,2,0.00,54.0,58.0,58.0,41.0,56.0,1184,47.00,44023642068969
7544.0,3,0.00,56.0,58.0,58.0,43.0,58.0,1279,47.77,44553395541442
7550.0,0,,71.0,74.0,74.0,52.0,71.0,2684,201.21,88593421212951
7550.0,1,0.00,51.0,54.0,54.0,39.0,53.0,1078,48.15,48335199558105
7550.0,2,0.00,54.0,58.0,58.0,42.0,56.0,1163,47.12,44023909689819
7550.0,3,0.00,56.0,58.0,58.0,43.0,58.0,1278,47.84,44553667757385
7555.0,0,,70.0,74.0,74.0,51.0,70.0,2801,198.86,88594550746276
7556.0,1,0.00,51.0,54.0,54.0,39.0,52.0,1089,48.23,48335473482238
7556.0,2,0.00,54.0,58.0,58.0,42.0,56.0,1185,47.11,44024177268920
7556.0,3,0.00,56.0,58.0,58.0,43.0,58.0,1280,48.13,44553940679321
7561.0,0,,70.0,76.0,76.0,52.0,70.0,2780,200.11,88595685354248
7561.0,1,0.00,51.0,54.0,54.0,39.0,52.0,1088,47.95,48335745809997
7561.0,2,0.00,54.0,58.0,58.0,41.0,56.0,1183,47.21,44024445423583
7561.0,3,0.00,56.0,58.0,58.0,43.0,58.0,1268,48.02,44554213422912
7567.0,0,,70.0,74.0,74.0,52.0,70.0,2535,201.62,88596830528625
7567.0,1,0.00,51.0,54.0,54.0,39.0,52.0,1079,48.04,48336018649536
7567.0,2,0.00,54.0,58.0,58.0,42.0,56.0,1174,47.05,44024712666931
7567.0,3,0.00,56.0,58.0,58.0,43.0,58.0,1279,47.74,44554484574035
7572.0,0,,70.0,74.0,74.0,51.0,70.0,2761,198.21,88597956349060
7573.0,1,0.00,51.0,54.0,54.0,39.0,52.0,1090,48.16,48336291715942
7573.0,2,0.00,54.0,58.0,58.0,42.0,56.0,1175,47.14,44024979954467
7573.0,3,0.00,56.0,58.0,58.0,43.0,58.0,1280,47.90,44554756194641
7578.0,0,100.00,71.0,74.0,74.0,52.0,70.0,2583,201.10,88599096597595
7578.0,1,0.00,51.0,54.0,54.0,39.0,52.0,1090,47.78,48336562635009
7578.0,2,0.00,54.0,58.0,58.0,42.0,56.0,1185,47.19,44025247544128
7579.0,3,0.00,56.0,58.0,58.0,43.0,58.0,1260,47.96,44555028119506
7584.0,0,,70.0,76.0,76.0,51.0,70.0,2677,198.68,88600223117065
7584.0,1,0.00,51.0,54.0,54.0,39.0,52.0,1079,47.86,48336833976196
7584.0,2,0.00,54.0,58.0,58.0,42.0,56.0,1174,46.90,44025513438964
7584.0,3,0.00,56.0,58.0,58.0,43.0,58.0,1280,47.65,44555298320007
7589.0,0,,70.0,76.0,76.0,52.0,70.0,2515,199.96,88601358905944
7590.0,1,0.00,51.0,54.0,54.0,39.0,53.0,1089,48.05,48337106907165
7590.0,2,0.00,54.0,58.0,58.0,42.0,56.0,1173,47.06,44025780718933
7590.0,3,0.00,56.0,58.0,58.0,43.0,58.0,1278,47.94,44555570595581
7595.0,0,,70.0,76.0,76.0,52.0,70.0,2494,199.87,88602494186706
7595.0,1,0.00,51.0,54.0,54.0,39.0,52.0,1079,48.19,48337380635559
7595.0,2,0.00,54.0,58.0,58.0,42.0,56.0,1184,47.16,44026048613708
7596.0,3,0.00,56.0,58.0,58.0,43.0,58.0,1269,48.01,44555843288024
7601.0,0,,71.0,74.0,74.0,52.0,70.0,2485,201.00,88603633876220
7601.0,1,0.00,51.0,54.0,54.0,39.0,52.0,1089,47.92,48337652365722
7601.0,2,0.00,54.0,58.0,58.0,42.0,56.0,1163,47.16,44026316479858
7601.0,3,0.00,56.0,58.0,58.0,43.0,58.0,1280,47.98,44556115790405
7606.0,0,,70.0,74.0,74.0,51.0,70.0,2725,200.05,88604770179321
7607.0,1,0.00,51.0,54.0,54.0,39.0,52.0,1088,47.89,48337924846374
7607.0,2,0.00,54.0,58.0,58.0,42.0,56.0,1183,47.04,44026583651794
7607.0,3,0.00,56.0,58.0,58.0,43.0,58.0,1278,47.77,44556387147460
7612.0,0,,69.0,74.0,76.0,51.0,70.0,2799,199.66,88605904234985
7612.0,1,0.00,51.0,54.0,54.0,39.0,52.0,1089,48.19,48338198578186
7612.0,2,0.00,54.0,58.0,58.0,42.0,56.0,1184,47.09,44026851146728
7613.0,3,0.00,56.0,58.0,58.0,43.0,58.0,1268,47.96,44556659540954
7618.0,0,,70.0,74.0,74.0,52.0,70.0,2799,200.71,88607044288269
7618.0,1,0.00,51.0,54.0,54.0,39.0,52.0,1078,47.90,48338470643432
7618.0,2,0.00,54.0,58.0,58.0,42.0,56.0,1162,47.18,44027119102966
7618.0,3,0.00,56.0,58.0,58.0,43.0,58.0,1280,47.94,44556931818237
7623.0,0,,70.0,74.0,74.0,51.0,70.0,2635,200.44,88608180791809
7624.0,1,0.00,51.0,54.0,54.0,39.0,52.0,1090,47.94,48338742477172
7624.0,2,0.00,54.0,58.0,58.0,42.0,56.0,1185,47.28,44027387202819
7624.0,3,0.00,56.0,58.0,58.0,43.0,58.0,1279,47.78,44557202758544
7629.0,0,,69.0,74.0,74.0,52.0,70.0,2569,199.51,88609314026184
7629.0,1,0.00,51.0,54.0,54.0,39.0,52.0,1089,48.09,48339015140380
7629.0,2,0.00,54.0,58.0,58.0,42.0,56.0,1185,47.10,44027654234924
7630.0,3,0.00,56.0,58.0,58.0,43.0,58.0,1270,47.79,44557474187561
7635.0,0,,69.0,76.0,76.0,51.0,70.0,2719,198.94,88610442026000
7635.0,1,0.00,51.0,54.0,54.0,39.0,53.0,1079,48.11,48339288406738
7635.0,2,0.00,54.0,58.0,58.0,42.0,56.0,1174,47.15,44027922032897
7635.0,3,0.00,56.0,58.0,58.0,43.0,58.0,1259,48.03,44557746506286
7640.0,0,,70.0,74.0,74.0,52.0,70.0,2515,201.19,88611584766967
7641.0,1,0.00,51.0,54.0,54.0,39.0,52.0,1089,47.96,48339560359313
7641.0,2,0.00,54.0,58.0,58.0,42.0,56.0,1185,47.17,44028189487731
7641.0,3,0.00,56.0,58.0,58.0,43.0,58.0,1259,47.98,44558019060241
7646.0,0,,70.0,74.0,76.0,52.0,70.0,2571,198.77,88612713804016
7646.0,1,0.00,51.0,54.0,54.0,39.0,52.0,1089,47.97,48339832814697
7646.0,2,0.00,54.0,58.0,58.0,42.0,56.0,1184,46.94,44028456091125
7647.0,3,0.00,56.0,58.0,58.0,43.0,58.0,1268,47.82,44558290655883
7652.0,0,,70.0,76.0,76.0,51.0,69.0,2706,200.09,88613848316711
7652.0,1,0.00,51.0,54.0,54.0,39.0,52.0,1078,48.09,48340105963928
7652.0,2,0.00,54.0,58.0,58.0,42.0,56.0,1173,47.09,44028723564758
7652.0,3,0.00,56.0,58.0,58.0,43.0,58.0,1279,48.00,44558562825012
7658.0,0,,69.0,76.0,76.0,52.0,70.0,2526,200.02,88614984418029
7658.0,1,0.00,51.0,54.0,54.0,39.0,52.0,1089,48.16,48340379523559
7658.0,2,0.00,54.0,58.0,58.0,42.0,56.0,1174,47.13,44028991245666
7658.0,3,0.00,56.0,58.0,58.0,43.0,58.0,1279,47.97,44558835283874
7663.0,0,,69.0,76.0,76.0,52.0,70.0,2663,200.18,88616121419128
7663.0,1,0.00,51.0,54.0,54.0,39.0,52.0,1089,47.87,48340650954956
7664.0,2,0.00,54.0,58.0,58.0,42.0,56.0,1184,47.17,44029259191955
7664.0,3,0.00,56.0,58.0,58.0,43.0,58.0,1269,47.94,44559107610839
7669.0,0,,70.0,74.0,74.0,52.0,70.0,2707,201.01,88617263135437
7669.0,1,0.00,51.0,54.0,54.0,39.0,52.0,1079,48.01,48340923654846
7669.0,2,0.00,54.0,58.0,58.0,42.0,56.0,1174,47.08,44029526113891
7669.0,3,0.00,56.0,58.0,58.0,43.0,58.0,1280,47.84,44559378843200
7675.0,0,,69.0,74.0,74.0,51.0,70.0,2739,199.23,88618392781677
7675.0,1,0.00,51.0,54.0,54.0,39.0,52.0,1090,48.08,48341196265014
7675.0,2,0.00,54.0,58.0,58.0,42.0,56.0,1174,47.17,44029793581237
7675.0,3,0.00,56.0,58.0,58.0,43.0,58.0,1270,47.91,44559650974365
7680.0,0,,69.0,74.0,74.0,51.0,70.0,2644,199.02,88619523222656
7680.0,1,0.00,51.0,54.0,54.0,39.0,52.0,1089,47.96,48341468659179
7681.0,2,0.00,54.0,58.0,58.0,41.0,56.0,1184,47.42,44030062943237
7681.0,3,0.00,56.0,58.0,58.0,43.0,58.0,1247,48.14,44559923923706
7686.0,0,,71.0,74.0,74.0,52.0,70.0,2590,201.17,88620663862304
7686.0,1,0.00,51.0,54.0,54.0,39.0,52.0,1079,48.03,48341740964233
7686.0,2,0.00,54.0,58.0,58.0,42.0,56.0,1184,46.96,44030329674804
7686.0,3,0.00,56.0,58.0,58.0,43.0,58.0,1269,47.71,44560194922851
7692.0,0,,70.0,74.0,74.0,52.0,70.0,2729,199.81,88621798780456
7692.0,1,0.00,51.0,54.0,54.0,39.0,53.0,1090,48.05,48342013900634
7692.0,2,0.00,54.0,58.0,58.0,42.0,56.0,1185,47.12,44030596848693
7692.0,3,0.00,56.0,58.0,58.0,43.0,58.0,1269,47.99,44560467004821
7697.0,0,,69.0,74.0,74.0,51.0,70.0,2632,199.17,88622930064025
7697.0,1,0.00,51.0,54.0,54.0,39.0,52.0,1089,48.21,48342287748596
7698.0,2,0.00,54.0,58.0,58.0,41.0,56.0,1173,47.18,44030864834838
7698.0,3,0.00,56.0,58.0,58.0,43.0,58.0,1268,48.07,44560740060791
7703.0,0,,70.0,74.0,76.0,52.0,70.0,2535,199.73,88624064544006
7703.0,1,0.00,51.0,54.0,54.0,39.0,52.0,1078,47.95,48342560096923
7703.0,2,0.00,54.0,58.0,58.0,42.0,56.0,1183,47.20,44031132953247
7703.0,3,0.00,56.0,58.0,58.0,43.0,58.0,1278,47.95,44561012422790
7709.0,0,,71.0,74.0,74.0,52.0,71.0,2548,200.89,88625203606628
7709.0,1,0.00,51.0,54.0,54.0,39.0,52.0,1090,48.02,48342832386718
7709.0,2,0.00,54.0,58.0,58.0,42.0,56.0,1174,46.87,44031399156188
7709.0,3,0.00,56.0,58.0,58.0,43.0,58.0,1280,47.67,44561283207153
7714.0,0,,71.0,74.0,74.0,52.0,70.0,2632,200.32,88626341429931
7714.0,1,0.00,51.0,54.0,54.0,39.0,52.0,1089,48.15,48343105859802
7715.0,2,0.00,54.0,58.0,58.0,42.0,56.0,1184,47.19,44031666741271
7715.0,3,0.00,56.0,58.0,58.0,43.0,58.0,1269,47.95,44561555561523
7720.0,0,,71.0,74.0,74.0,52.0,70.0,2778,200.02,88627477548767
7720.0,1,0.00,51.0,54.0,54.0,39.0,52.0,1088,48.03,48343378656677
7720.0,2,0.00,54.0,58.0,58.0,42.0,56.0,1183,47.26,44031935656066
7720.0,3,0.00,56.0,58.0,58.0,43.0,58.0,1278,48.11,44561828809631
7726.0,0,,71.0,74.0,74.0,51.0,70.0,2727,199.96,88628613346008
7726.0,1,0.00,51.0,54.0,54.0,39.0,52.0,1078,47.92,48343650817199
7726.0,2,0.00,54.0,58.0,58.0,42.0,56.0,1163,47.25,44032203554931
7726.0,3,0.00,56.0,58.0,58.0,43.0,58.0,1280,47.81,44562099873291
7731.0,0,,70.0,76.0,76.0,52.0,70.0,2497,198.90,88629741097412
7731.0,1,0.00,51.0,54.0,54.0,39.0,52.0,1090,48.07,48343923394104
7732.0,2,0.00,54.0,58.0,58.0,42.0,56.0,1172,46.99,44032470446289
7732.0,3,0.00,56.0,58.0,58.0,43.0,58.0,1278,47.81,44562371893859
7737.0,0,100.00,71.0,74.0,74.0,52.0,70.0,2651,200.68,88630880983215
7737.0,1,0.00,51.0,54.0,54.0,39.0,52.0,1088,48.04,48344196751525
7737.0,2,0.00,54.0,58.0,58.0,42.0,56.0,1175,47.11,44032738034423
7737.0,3,0.00,56.0,58.0,58.0,43.0,58.0,1269,47.98,44562643958251
7743.0,0,,69.0,74.0,74.0,51.0,70.0,2791,199.68,88632015168823
7743.0,1,0.00,51.0,54.0,54.0,39.0,52.0,1079,47.97,48344468716430
7743.0,2,0.00,54.0,58.0,58.0,42.0,56.0,1164,47.25,44033005917663
7743.0,3,0.00,56.0,58.0,58.0,43.0,58.0,1271,48.02,44562916212463
7748.0,0,99.99,70.0,74.0,74.0,52.0,70.0,2617,200.62,88633152660766
7748.0,1,0.00,51.0,54.0,54.0,39.0,52.0,1092,47.92,48344739966979
7749.0,2,0.00,54.0,58.0,58.0,42.0,56.0,1186,46.89,44033271804626
7749.0,3,0.00,56.0,58.0,58.0,43.0,58.0,1269,47.76,44563187011169
7754.0,0,,70.0,76.0,74.0,52.0,70.0,2549,199.03,88634281160461
7754.0,1,0.00,51.0,54.0,54.0,39.0,52.0,1078,48.05,48345012893554
7754.0,2,0.00,54.0,58.0,58.0,41.0,56.0,1174,47.07,44033538697326
7754.0,3,0.00,56.0,58.0,58.0,43.0,58.0,1280,47.86,44563458832092
7760.0,0,,71.0,74.0,74.0,52.0,70.0,2546,201.41,88635425193603
7760.0,1,0.00,51.0,54.0,54.0,39.0,52.0,1089,48.14,48345286321716
7760.0,2,0.00,54.0,58.0,58.0,42.0,56.0,1174,47.25,44033807082275
7760.0,3,0.00,56.0,58.0,58.0,43.0,58.0,1280,48.13,44563731714843
7765.0,0,,70.0,76.0,76.0,51.0,70.0,2731,198.69,88636551762573
7766.0,1,0.00,51.0,54.0,54.0,39.0,53.0,1090,47.92,48345558017700
7766.0,2,0.00,54.0,58.0,58.0,42.0,56.0,1184,47.17,44034075011657
7766.0,3,0.00,56.0,58.0,58.0,43.0,58.0,1279,47.99,44564004297546
7771.0,0,100.00,71.0,74.0,74.0,52.0,70.0,2726,200.92,88637692994934
7771.0,1,0.00,51.0,54.0,54.0,39.0,52.0,1078,47.99,48345830604736
7771.0,2,0.00,54.0,58.0,58.0,42.0,56.0,1184,47.01,44034341571777
7772.0,3,0.00,56.0,58.0,58.0,43.0,58.0,1247,47.77,44564275656738
7777.0,0,,70.0,76.0,76.0,51.0,70.0,2610,198.95,88638823031677
7777.0,1,0.00,51.0,54.0,54.0,39.0,52.0,1089,48.13,48346103965881
7777.0,2,0.00,54.0,58.0,58.0,41.0,56.0,1195,47.13,44034609251159
7777.0,3,0.00,56.0,58.0,58.0,43.0,58.0,1269,48.01,44564547877563
7782.0,0,,69.0,76.0,76.0,52.0,70.0,2560,200.13,88639957765319
7783.0,1,0.00,51.0,54.0,54.0,39.0,53.0,1090,47.99,48346376045593
7783.0,2,0.00,54.0,58.0,58.0,42.0,56.0,1186,47.28,44034877355895
7783.0,3,0.00,56.0,58.0,58.0,43.0,58.0,1281,48.04,44564820288024
7788.0,0,,70.0,76.0,76.0,52.0,70.0,2669,199.96,88641091510559
7788.0,1,0.00,51.0,54.0,54.0,39.0,53.0,1081,47.88,48346647542480
7788.0,2,0.00,54.0,58.0,58.0,42.0,56.0,1175,46.95,44035143560180
7789.0,3,0.00,56.0,58.0,58.0,43.0,58.0,1259,47.70,44565090762207
7794.0,0,,71.0,74.0,74.0,52.0,70.0,2603,201.58,88642234468627
7794.0,1,0.00,51.0,54.0,54.0,39.0,52.0,1079,48.14,48346920479064
7794.0,2,0.00,54.0,58.0,58.0,41.0,56.0,1175,47.09,44035410567199
7794.0,3,0.00,56.0,58.0,58.0,43.0,58.0,1271,47.87,44565362196533
7799.0,0,,69.0,76.0,76.0,52.0,70.0,2633,194.64,88643338069152
7800.0,1,0.00,51.0,54.0,54.0,39.0,52.0,1089,48.10,48347193703552
7800.0,2,0.00,54.0,58.0,58.0,42.0,56.0,1174,47.12,44035678213745
7800.0,3,0.00,56.0,58.0,58.0,43.0,58.0,1279,47.93,44565634433044
7805.0,0,,70.0,78.0,78.0,52.0,70.0,2497,196.81,88644455950622
7805.0,1,0.00,51.0,54.0,54.0,39.0,52.0,1090,48.10,48347466425903
7805.0,2,0.00,54.0,58.0,58.0,42.0,56.0,1185,47.36,44035946765502
7806.0,3,0.00,56.0,58.0,58.0,43.0,58.0,1238,48.20,44565907716186
7811.0,0,,69.0,78.0,78.0,51.0,70.0,2495,196.40,88645571515380
7811.0,1,0.00,51.0,54.0,54.0,39.0,52.0,1079,48.03,48347739236633
7811.0,2,0.00,54.0,58.0,58.0,42.0,56.0,1163,47.01,44036213780212
7811.0,3,0.00,56.0,58.0,58.0,43.0,58.0,1280,47.83,44566179370727
7816.0,0,0.00,65.0,78.0,78.0,49.0,67.0,2409,144.83,88646392702148
7817.0,1,0.00,51.0,54.0,54.0,39.0,52.0,1088,48.15,48348012706909
7817.0,2,0.00,54.0,58.0,58.0,42.0,56.0,1183,47.17,44036481689270
7817.0,3,0.00,56.0,58.0,58.0,43.0,58.0,1278,47.84,44566451101074
7822.0,0,0.00,63.0,78.0,78.0,48.0,66.0,1889,59.17,88646729380676
7822.0,1,0.00,51.0,54.0,54.0,39.0,53.0,1087,47.81,48348284240295
7822.0,2,0.00,54.0,58.0,58.0,42.0,56.0,1182,47.29,44036750766296
7823.0,3,0.00,56.0,58.0,58.0,43.0,58.0,1265,47.68,44566722884704
7828.0,0,0.00,63.0,78.0,78.0,47.0,65.0,1529,58.21,88647060594421
7828.0,1,0.00,51.0,54.0,54.0,39.0,52.0,1086,47.71,48348556186157
7828.0,2,0.00,54.0,58.0,58.0,42.0,56.0,1171,47.41,44037020538391
7828.0,3,0.00,56.0,58.0,58.0,43.0,58.0,1255,47.47,44566992976745
7834.0,0,0.00,62.0,78.0,78.0,47.0,64.0,1498,58.27,88647392169372
7834.0,1,0.00,51.0,54.0,54.0,39.0,52.0,1086,47.85,48348828467590
7834.0,2,0.00,54.0,58.0,58.0,42.0,56.0,1182,47.04,44037288197753
7834.0,3,0.00,56.0,58.0,58.0,43.0,58.0,1244,47.54,44567263457397
7839.0,0,0.00,62.0,78.0,78.0,47.0,63.0,1445,58.29,88647723866699
7839.0,1,0.00,51.0,54.0,54.0,39.0,52.0,1085,48.10,48349102158386
7840.0,2,0.00,54.0,58.0,58.0,42.0,56.0,1180,47.16,44037556985473
7840.0,3,0.00,56.0,58.0,58.0,43.0,58.0,1244,47.73,44567535056274
7845.0,0,0.00,61.0,78.0,78.0,46.0,63.0,1456,57.96,88648053651428
7845.0,1,0.00,51.0,54.0,54.0,39.0,53.0,1088,47.80,48349374161132
