t_s,card,power_w,gpu_clock_mhz,throttle_reason,vram_used_mib
0.0,0,52.26,1150,None,226.5078125
0.0,1,52.30,1050,None,226.5
0.0,2,51.25,1150,None,226.5
0.0,3,51.38,1100,None,226.4375
5.0,0,51.83,1150,None,226.5078125
5.0,1,52.16,1050,None,226.5
5.0,2,50.77,1150,None,226.5
5.0,3,51.29,1100,None,226.4375
10.0,0,51.80,1150,None,226.5078125
10.0,1,51.91,1050,None,226.5
10.0,2,50.94,1150,None,226.5
10.0,3,51.30,1100,None,226.4375
15.0,0,51.75,1150,None,226.5078125
15.0,1,51.53,1050,None,226.5
15.0,2,50.59,1150,None,226.5
15.0,3,51.33,1100,None,226.4375
20.0,0,51.65,1150,None,226.5078125
20.0,1,51.54,1050,None,226.5
20.0,2,50.31,1150,None,226.5
20.0,3,51.08,1100,None,226.4375
25.0,0,50.43,1150,None,226.5078125
25.0,1,50.66,1050,None,226.5
25.0,2,49.13,1150,None,226.5
25.0,3,49.98,1100,None,226.4375
30.0,0,50.18,1150,None,226.5078125
30.0,1,50.24,1050,None,226.5
30.0,2,48.59,1150,None,226.5
30.0,3,49.65,1100,None,226.4375
35.0,0,50.30,1150,None,226.5078125
35.0,1,50.10,1050,None,226.5
35.0,2,48.71,1150,None,226.5
35.0,3,49.72,1100,None,226.4375
40.0,0,51.46,1300,None,401.359375
40.0,1,51.10,1050,None,226.5
40.0,2,49.59,1150,None,226.5
40.0,3,50.19,1100,None,226.4375
45.0,0,52.38,1300,None,226.5078125
45.0,1,51.52,1050,None,226.5
45.0,2,49.73,1150,None,226.5
45.0,3,50.52,1100,None,226.4375
50.0,0,53.75,1500,None,401.34375
50.0,1,51.53,1050,None,226.5
50.0,2,49.68,1150,None,226.5
50.0,3,50.29,1100,None,226.4375
55.0,0,52.61,1500,None,401.34375
55.0,1,51.47,1050,None,226.5
55.0,2,49.71,1150,None,226.5
55.0,3,50.45,1100,None,226.4375
60.0,0,52.20,1450,None,401.34375
60.0,1,51.20,1050,None,226.5
60.0,2,49.61,1150,None,226.5
60.0,3,50.28,1100,None,226.4375
65.0,0,52.03,1450,None,401.34375
65.0,1,51.09,1050,None,226.5
65.0,2,49.35,1150,None,226.5
65.0,3,50.24,1100,None,226.4375
70.0,0,50.56,1450,None,401.34375
70.0,1,49.93,1050,None,226.5
70.0,2,47.97,1150,None,226.5
70.0,3,49.12,1100,None,226.4375
75.0,0,53.09,2400,None,14939.828125
75.0,1,49.73,1050,None,226.5
75.0,2,48.03,1150,None,226.5
75.0,3,49.18,1100,None,226.4375
80.0,0,71.54,2400,None,23662.30078125
80.0,1,50.10,1050,None,226.5
80.0,2,48.55,1150,None,226.5
80.0,3,49.29,1100,None,226.4375
85.0,0,57.52,1050,None,18851.73828125
85.0,1,51.14,1050,None,226.5
85.0,2,49.34,1150,None,226.5
85.0,3,50.18,1100,None,226.4375
90.0,0,51.00,1050,None,18851.73828125
90.0,1,51.22,1050,None,226.5
90.0,2,49.39,1150,None,226.5
90.0,3,50.15,1100,None,226.4375
95.0,0,54.89,1300,None,21472.19140625
95.0,1,51.09,1050,None,226.5
95.0,2,49.47,1150,None,226.5
95.0,3,50.18,1100,None,226.4375
100.0,0,60.85,2400,None,21472.19140625
100.0,1,50.97,1050,None,226.5
100.0,2,49.56,1150,None,226.5
100.0,3,50.11,1100,None,226.4375
105.0,0,70.00,1700,None,21472.19140625
105.0,1,51.08,1050,None,226.5
105.0,2,49.44,1150,None,226.5
105.0,3,49.90,1100,None,226.4375
110.0,0,62.02,1550,None,20054.19140625
110.0,1,49.97,1050,None,226.5
110.0,2,48.21,1150,None,226.5
110.0,3,49.01,1100,None,226.4375
115.0,0,56.19,2400,None,20054.19140625
115.0,1,49.74,1050,None,226.5
115.0,2,47.88,1150,None,226.5
115.0,3,49.01,1100,None,226.4375
120.0,0,55.52,2400,None,19974.25390625
120.0,1,49.79,1050,None,226.5
120.0,2,48.07,1150,None,226.5
120.0,3,48.66,1100,None,226.4375
125.0,0,60.20,2400,None,20522.4609375
125.0,1,50.81,1050,None,226.5
125.0,2,49.17,1150,None,226.5
125.0,3,49.59,1100,None,226.4375
130.0,0,193.46,2400,None,22999.0625
130.0,1,50.92,1050,None,226.5
130.0,2,49.47,1150,None,226.5
130.0,3,50.00,1100,None,226.4375
135.0,0,66.68,750,None,20220.96484375
135.0,1,50.79,1050,None,226.5
135.0,2,49.47,1150,None,226.5
135.0,3,49.95,1100,None,226.4375
140.0,0,121.59,2400,None,20647.328125
140.0,1,50.77,1050,None,226.5
140.0,2,49.89,1150,None,226.5
140.0,3,50.25,1100,None,226.4375
145.0,0,124.74,2400,None,20666.203125
145.0,1,50.78,1050,None,226.5
145.0,2,49.68,1150,None,226.5
145.0,3,49.99,1100,None,226.4375
150.0,0,49.33,400,None,25970.57421875
150.0,1,50.83,1050,None,226.5
150.0,2,48.77,1150,None,226.5
150.0,3,49.40,1100,None,226.4375
155.0,0,58.47,1850,None,26269.83203125
155.0,1,49.69,1050,None,226.5
155.0,2,47.88,1150,None,226.5
155.0,3,48.73,1100,None,226.4375
160.0,0,51.90,1850,None,26259.83203125
160.0,1,49.56,1050,None,226.5
160.0,2,48.05,1150,None,226.5
160.0,3,48.59,1100,None,226.4375
165.0,0,58.18,2400,None,26321.21484375
165.0,1,50.07,1050,None,226.5
165.0,2,48.68,1150,None,226.5
165.0,3,48.89,1100,None,226.4375
170.0,0,128.87,2400,None,26297.3515625
170.0,1,50.72,1050,None,226.5
170.0,2,49.58,1150,None,226.5
170.0,3,50.05,1100,None,226.4375
175.0,0,134.80,2400,None,26205.36328125
175.0,1,50.81,1050,None,226.5
175.0,2,49.78,1150,None,226.5
175.0,3,50.23,1100,None,226.4375
180.0,0,81.43,2400,None,26219.41015625
180.0,1,50.57,1050,None,226.5
180.0,2,49.58,1150,None,226.5
180.0,3,49.84,1100,None,226.4375
185.0,0,59.20,2400,None,26219.41015625
185.0,1,50.62,1050,None,226.5
185.0,2,49.41,1150,None,226.5
185.0,3,49.57,1100,None,226.4375
190.0,0,128.28,2033,PowerBurst,26827.73046875
190.0,1,50.71,1050,None,226.5
190.0,2,49.38,1150,None,226.5
190.0,3,49.74,1100,None,226.4375
195.0,0,189.95,2400,None,26827.73046875
195.0,1,49.46,1050,None,226.5
195.0,2,48.17,1150,None,226.5
195.0,3,48.78,1100,None,226.4375
200.0,0,82.21,2400,None,26827.73046875
200.0,1,49.31,1050,None,226.5
200.0,2,48.01,1150,None,226.5
200.0,3,48.57,1100,None,226.4375
205.0,0,55.65,2400,None,26827.73046875
205.0,1,49.52,1050,None,226.5
205.0,2,48.09,1150,None,226.5
205.0,3,48.37,1100,None,226.4375
210.0,0,59.40,2400,None,26827.73046875
210.0,1,50.61,1050,None,226.5
210.0,2,49.12,1150,None,226.5
210.0,3,49.55,1100,None,226.4375
215.0,0,59.58,2400,None,26827.73046875
215.0,1,50.69,1050,None,226.5
215.0,2,49.29,1150,None,226.5
215.0,3,49.78,1100,None,226.4375
220.0,0,59.58,2400,None,26827.73046875
220.0,1,50.45,1050,None,226.5
220.0,2,49.44,1150,None,226.5
220.0,3,49.71,1100,None,226.4375
225.0,0,59.56,2400,None,26827.73046875
225.0,1,50.59,1050,None,226.5
225.0,2,49.20,1150,None,226.5
225.0,3,49.42,1100,None,226.4375
230.0,0,59.20,2400,None,26827.73046875
230.0,1,50.52,1050,None,226.5
230.0,2,49.27,1150,None,226.5
230.0,3,49.47,1100,None,226.4375
235.0,0,57.14,2400,None,26827.73046875
235.0,1,49.07,550,None,401.3515625
235.0,2,48.48,1150,None,226.5
235.0,3,49.04,1100,None,226.4375
240.0,0,55.17,2400,None,26827.73046875
240.0,1,50.81,1500,None,401.3671875
240.0,2,47.96,1150,None,226.5
240.0,3,48.48,1100,None,226.4375
245.0,0,55.11,2400,None,26827.73046875
245.0,1,50.52,1500,None,401.3671875
245.0,2,47.98,1150,None,226.5
245.0,3,48.14,1100,None,226.4375
250.0,0,57.05,2400,None,26827.73046875
250.0,1,51.78,1100,None,401.3671875
250.0,2,48.49,1150,None,226.5
250.0,3,48.85,1100,None,226.4375
255.0,0,59.06,2400,None,26827.73046875
255.0,1,50.72,1100,None,401.3671875
255.0,2,49.27,1150,None,226.5
255.0,3,49.61,1100,None,226.4375
260.0,0,58.83,2400,None,26827.73046875
260.0,1,50.70,1100,None,401.3671875
260.0,2,49.38,1150,None,226.5
260.0,3,49.73,1100,None,226.4375
265.0,0,58.89,2400,None,26827.73046875
265.0,1,50.72,1350,None,725.49609375
265.0,2,49.53,1150,None,226.5
265.0,3,49.61,1100,None,226.4375
270.0,0,58.84,2400,None,26827.73046875
270.0,1,67.61,2400,None,18000.17578125
270.0,2,49.26,1150,None,226.5
270.0,3,49.45,1100,None,226.4375
275.0,0,58.80,2400,None,26827.73046875
275.0,1,59.70,1050,None,18851.7578125
275.0,2,49.25,1150,None,226.5
275.0,3,49.56,1100,None,226.4375
280.0,0,54.97,2400,None,26827.73046875
280.0,1,49.61,1050,None,18851.7578125
280.0,2,47.89,1150,None,226.5
280.0,3,48.37,1100,None,226.4375
285.0,0,54.93,2400,None,26827.73046875
285.0,1,51.08,2400,None,18851.7578125
285.0,2,48.03,1150,None,226.5
285.0,3,48.32,1100,None,226.4375
290.0,0,54.79,2400,None,26827.73046875
290.0,1,58.85,2400,None,21472.2109375
290.0,2,47.98,1150,None,226.5
290.0,3,48.38,1100,None,226.4375
295.0,0,58.49,2400,None,26827.73046875
295.0,1,68.88,2400,None,21472.2109375
295.0,2,49.14,1150,None,226.5
295.0,3,49.53,1100,None,226.4375
300.0,0,58.63,2400,None,26827.73046875
300.0,1,65.38,1550,None,20054.2109375
300.0,2,49.32,1150,None,226.5
300.0,3,49.64,1100,None,226.4375
305.0,0,58.59,2400,None,26827.73046875
305.0,1,56.56,1550,None,20054.2109375
305.0,2,49.48,1150,None,226.5
305.0,3,49.58,1100,None,226.4375
310.0,0,58.54,2400,None,26827.73046875
310.0,1,57.33,2400,None,19974.2109375
310.0,2,49.15,1150,None,226.5
310.0,3,49.29,1100,None,226.4375
315.0,0,58.39,2400,None,26827.73046875
315.0,1,60.61,2400,None,19974.2734375
315.0,2,49.19,1150,None,226.5
315.0,3,49.46,1100,None,226.4375
320.0,0,56.36,2400,None,26827.73046875
320.0,1,156.43,2283,PowerBurst,22999.078125
320.0,2,48.52,1150,None,226.5
320.0,3,48.97,1100,None,226.4375
325.0,0,54.65,2400,None,26827.73046875
325.0,1,99.34,1000,None,23053.98046875
325.0,2,48.11,1150,None,226.5
325.0,3,48.39,1100,None,226.4375
330.0,0,54.33,2400,None,26827.73046875
330.0,1,91.73,2400,None,20582.03515625
330.0,2,48.12,1150,None,226.5
330.0,3,48.32,1100,None,226.4375
335.0,0,56.73,2400,None,26827.73046875
335.0,1,127.73,2400,None,20874.51171875
335.0,2,48.88,1150,None,226.5
335.0,3,49.38,1100,None,226.4375
340.0,0,58.51,2400,None,26827.73046875
340.0,1,78.59,600,None,25922.0859375
340.0,2,49.41,1150,None,226.5
340.0,3,49.65,1100,None,226.4375
345.0,0,58.43,2400,None,26827.73046875
345.0,1,56.04,400,None,26175.3359375
345.0,2,49.43,1150,None,226.5
345.0,3,50.28,1100,None,226.4375
350.0,0,58.22,2400,None,26827.73046875
350.0,1,55.69,1700,None,26285.83984375
350.0,2,49.54,1150,None,226.5
350.0,3,49.77,1100,None,226.4375
355.0,0,58.10,2400,None,26827.73046875
355.0,1,53.27,1250,None,26286.21484375
355.0,2,49.16,1150,None,226.5
355.0,3,49.33,1100,None,226.4375
360.0,0,58.11,2400,None,26827.73046875
360.0,1,103.62,2400,None,26237.36328125
360.0,2,49.29,1150,None,226.5
360.0,3,49.57,1100,None,226.4375
365.0,0,54.49,2400,None,26827.73046875
365.0,1,122.44,2400,None,26197.359375
365.0,2,48.19,1150,None,226.5
365.0,3,48.56,1100,None,226.4375
370.0,0,54.61,2400,None,26827.73046875
370.0,1,111.09,2400,None,26219.421875
370.0,2,48.32,1150,None,226.5
370.0,3,48.34,1100,None,226.4375
375.0,0,54.59,2400,None,26827.73046875
375.0,1,55.23,2400,None,26219.421875
375.1,2,48.11,1150,None,226.5
375.1,3,48.44,1100,None,226.4375
380.1,0,58.28,2400,None,26827.73046875
380.1,1,93.43,2233,PowerBurst,26827.7421875
380.1,2,49.32,1150,None,226.5
380.1,3,49.60,1100,None,226.4375
385.1,0,58.40,2400,None,26827.73046875
385.1,1,194.09,2067,PowerBurst,26827.7421875
385.1,2,49.53,1150,None,226.5
385.1,3,49.76,1100,None,226.4375
390.1,0,58.25,2400,None,26827.73046875
390.1,1,122.26,2400,None,26827.7421875
390.1,2,49.53,1150,None,226.5
390.1,3,49.70,1100,None,226.4375
395.1,0,58.12,2400,None,26827.73046875
395.1,1,59.07,2400,None,26827.7421875
395.1,2,49.14,1150,None,226.5
395.1,3,49.30,1100,None,226.4375
400.1,0,58.18,2400,None,26827.73046875
400.1,1,59.05,2400,None,26827.7421875
400.1,2,49.22,1150,None,226.5
400.1,3,49.48,1100,None,226.4375
405.1,0,55.52,2400,None,26827.73046875
405.1,1,56.09,2400,None,26827.7421875
405.1,2,48.35,1150,None,226.5
405.1,3,48.55,1100,None,226.4375
410.1,0,54.56,2400,None,26827.73046875
410.1,1,54.95,2400,None,26827.7421875
410.1,2,48.07,1150,None,226.5
410.1,3,47.80,1100,None,226.4375
415.1,0,54.30,2400,None,26827.73046875
415.1,1,55.06,2400,None,26827.7421875
415.1,2,47.85,1150,None,226.5
415.1,3,48.13,1100,None,226.4375
420.1,0,57.04,2400,None,26827.73046875
420.1,1,57.79,2400,None,26827.7421875
420.1,2,48.81,1150,None,226.5
420.1,3,49.12,1100,None,226.4375
425.1,0,58.39,2400,None,26827.73046875
425.1,1,58.93,2400,None,26827.7421875
425.1,2,49.15,1000,None,401.34765625
425.1,3,49.44,1100,None,226.4375
430.1,0,58.15,2400,None,26827.73046875
430.1,1,59.00,2400,None,26827.7421875
430.1,2,49.17,1600,None,401.3359375
430.1,3,49.54,1100,None,226.4375
435.1,0,57.86,2400,None,26827.73046875
435.1,1,58.69,2400,None,26827.7421875
435.1,2,50.79,1600,None,401.3359375
435.1,3,49.24,1100,None,226.4375
440.1,0,58.03,2400,None,26827.73046875
440.1,1,58.80,2400,None,26827.7421875
440.1,2,50.96,1400,None,576.1640625
440.1,3,49.44,1100,None,226.4375
445.1,0,57.11,2400,None,26827.73046875
445.1,1,57.88,2400,None,26827.7421875
445.1,2,50.27,1400,None,401.3359375
445.1,3,49.19,1100,None,226.4375
450.1,0,54.30,2400,None,26827.73046875
450.1,1,54.65,2400,None,26827.7421875
450.1,2,48.69,1400,None,401.3359375
450.1,3,48.03,1100,None,226.4375
455.1,0,54.17,2400,None,26827.73046875
455.1,1,54.94,2400,None,26827.7421875
455.1,2,48.18,1400,None,576.16796875
455.1,3,48.09,1100,None,226.4375
460.1,0,55.26,2400,None,26827.73046875
460.1,1,55.99,2400,None,26827.7421875
460.1,2,56.69,2400,None,17999.8125
460.1,3,48.60,1100,None,226.4375
465.1,0,58.24,2400,None,26827.73046875
465.1,1,58.80,2400,None,26827.7421875
465.1,2,63.79,1850,None,18844.2578125
465.1,3,49.61,1100,None,226.4375
470.1,0,58.27,2400,None,26827.73046875
470.1,1,58.83,2400,None,26827.7421875
470.1,2,48.38,800,None,18851.7109375
470.1,3,49.53,1100,None,226.4375
475.1,0,58.11,2400,None,26827.73046875
475.1,1,58.46,2400,None,26827.7421875
475.1,2,48.60,800,None,18851.7109375
475.1,3,49.23,1100,None,226.4375
480.1,0,58.03,2400,None,26827.73046875
480.1,1,58.56,2400,None,26827.7421875
480.1,2,53.49,1350,None,21472.1640625
480.1,3,49.38,1100,None,226.4375
485.1,0,58.13,2400,None,26827.73046875
485.1,1,58.84,2400,None,26827.7421875
485.1,2,60.62,2400,None,21472.1640625
485.1,3,49.48,1100,None,226.4375
490.1,0,55.14,2400,None,26827.73046875
490.1,1,55.69,2400,None,26827.7421875
490.1,2,73.20,2400,None,20054.1640625
490.1,3,48.46,1100,None,226.4375
495.1,0,53.98,2400,None,26827.73046875
495.1,1,54.56,2400,None,26827.7421875
495.1,2,53.08,1500,None,20054.1640625
495.1,3,47.82,1100,None,226.4375
500.1,0,54.13,2400,None,26827.73046875
500.1,1,54.96,2400,None,26827.7421875
500.1,2,54.43,2400,None,19974.1640625
500.1,3,48.17,1100,None,226.4375
505.1,0,57.30,2400,None,26827.73046875
505.1,1,57.99,2400,None,26827.7421875
505.1,2,53.60,2400,None,19974.2265625
505.1,3,49.20,1100,None,226.4375
510.1,0,58.22,2400,None,26827.73046875
510.1,1,58.54,2400,None,26827.7421875
510.1,2,124.94,2283,PowerBurst,20573.02734375
510.1,3,49.57,1100,None,226.4375
515.1,0,58.24,2400,None,26827.73046875
515.1,1,58.36,2400,None,26827.7421875
515.1,2,137.19,2400,None,22999.03515625
515.1,3,49.73,1100,None,226.4375
520.1,0,57.89,2400,None,26827.73046875
520.1,1,58.49,2400,None,26827.7421875
520.1,2,71.40,2400,None,20533.0234375
520.1,3,49.42,1100,None,226.4375
525.1,0,58.16,2400,None,26827.73046875
525.1,1,58.44,2400,None,26827.7421875
525.1,2,134.40,2367,PowerBurst,20757.9921875
525.1,3,49.75,1100,None,226.4375
530.1,0,56.83,2400,None,26827.73046875
530.1,1,57.40,2400,None,26827.7421875
530.1,2,89.28,600,None,25460.19921875
530.1,3,49.29,1100,None,226.4375
535.1,0,54.42,2400,None,26827.73046875
535.1,1,54.63,2400,None,26827.7421875
535.1,2,52.22,600,None,25724.69140625
535.1,3,47.72,1100,None,226.4375
540.1,0,54.05,2400,None,26827.73046875
540.1,1,54.58,2400,None,26827.7421875
540.1,2,50.46,1850,None,25955.796875
540.1,3,48.26,1100,None,226.4375
545.1,0,55.44,2400,None,26827.73046875
545.1,1,56.22,2400,None,26827.7421875
545.1,2,50.56,1850,None,25955.796875
545.1,3,48.61,1100,None,226.4375
550.1,0,58.20,2400,None,26827.73046875
550.1,1,58.70,2400,None,26827.7421875
550.1,2,87.65,2400,None,25887.31640625
550.1,3,49.80,1100,None,226.4375
555.1,0,58.46,2400,None,26827.73046875
555.1,1,58.61,2400,None,26827.7421875
555.1,2,122.87,2400,None,25919.3203125
555.1,3,49.79,1100,None,226.4375
560.1,0,57.89,2400,None,26827.73046875
560.1,1,58.13,2400,None,26827.7421875
560.1,2,123.71,2400,None,25921.375
560.1,3,49.55,1100,None,226.4375
565.1,0,58.02,2400,None,26827.73046875
565.1,1,58.44,2400,None,26827.7421875
565.1,2,56.78,2400,None,25921.375
565.1,3,49.41,1100,None,226.4375
570.1,0,58.14,2400,None,26827.73046875
570.1,1,58.57,2400,None,26827.7421875
570.1,2,60.61,2350,None,25921.4375
570.1,3,49.59,1100,None,226.4375
575.1,0,54.79,2400,None,26827.73046875
575.1,1,54.64,2400,None,26827.7421875
575.1,2,175.56,2400,None,26529.69140625
575.1,3,48.51,1100,None,226.4375
580.1,0,53.83,2400,None,26827.73046875
580.1,1,54.31,2400,None,26827.7421875
580.1,2,166.51,2400,None,26529.69140625
580.1,3,48.07,1100,None,226.4375
585.1,0,54.24,2400,None,26827.73046875
585.1,1,54.95,2400,None,26827.7421875
585.1,2,53.84,2400,None,26529.69140625
585.1,3,48.27,1100,None,226.4375
590.1,0,57.78,2400,None,26827.73046875
590.1,1,58.49,2400,None,26827.7421875
590.1,2,56.85,2400,None,26529.69140625
590.1,3,49.26,1100,None,226.4375
595.1,0,58.16,2400,None,26827.73046875
595.1,1,58.54,2400,None,26827.7421875
595.1,2,56.91,2400,None,26529.69140625
595.1,3,49.51,1100,None,226.4375
600.1,0,58.14,2400,None,26827.73046875
600.1,1,58.43,2400,None,26827.7421875
600.1,2,56.50,2400,None,26529.69140625
600.1,3,49.24,1100,None,226.4375
605.1,0,57.81,2400,None,26827.73046875
605.1,1,58.51,2400,None,26827.7421875
605.1,2,56.64,2400,None,26529.69140625
605.1,3,49.37,1100,None,226.4375
610.1,0,58.09,2400,None,26827.73046875
610.1,1,58.86,2400,None,26827.7421875
610.1,2,56.57,2400,None,26529.69140625
610.1,3,49.48,1100,None,226.4375
615.1,0,56.07,2400,None,26827.73046875
615.1,1,56.60,2400,None,26827.7421875
615.1,2,54.71,2400,None,26529.69140625
615.1,3,47.53,550,None,401.265625
620.1,0,53.69,2400,None,26827.73046875
620.1,1,54.59,2400,None,26827.7421875
620.1,2,52.53,2400,None,26529.69140625
620.1,3,46.82,400,None,247.86328125
625.1,0,54.10,2400,None,26827.73046875
625.1,1,54.63,2400,None,26827.7421875
625.1,2,52.84,2400,None,26529.69140625
625.1,3,48.33,1350,None,401.2734375
630.1,0,56.00,2400,None,26827.73046875
630.1,1,56.82,2400,None,26827.7421875
630.1,2,54.55,2400,None,26529.69140625
630.1,3,49.49,1350,None,401.2734375
635.1,0,58.13,2400,None,26827.73046875
635.1,1,58.59,2400,None,26827.7421875
635.1,2,56.63,2400,None,26529.69140625
635.1,3,49.52,1000,None,401.2734375
640.1,0,58.13,2400,None,26827.73046875
640.1,1,58.20,2400,None,26827.7421875
640.1,2,56.80,2400,None,26529.69140625
640.1,3,49.05,1000,None,401.2734375
645.1,0,57.80,2400,None,26827.73046875
645.1,1,58.54,2400,None,26827.7421875
645.1,2,56.45,2400,None,26529.69140625
645.1,3,49.01,1000,None,401.2734375
650.1,0,57.87,2400,None,26827.73046875
650.1,1,58.30,2400,None,26827.7421875
650.1,2,56.49,2400,None,26529.69140625
650.1,3,53.67,2400,None,17999.73828125
655.1,0,58.06,2400,None,26827.73046875
655.1,1,58.75,2400,None,26827.7421875
655.1,2,56.67,2400,None,26529.69140625
655.1,3,70.99,2400,None,23662.19921875
660.1,0,53.76,2400,None,26827.73046875
660.1,1,54.36,2400,None,26827.7421875
660.1,2,52.46,2400,None,26529.69140625
660.1,3,50.38,1100,None,18851.640625
665.1,0,53.67,2400,None,26827.73046875
665.1,1,54.54,2400,None,26827.7421875
665.1,2,52.42,2400,None,26529.69140625
665.1,3,47.98,1100,None,18851.640625
670.1,0,54.42,2400,None,26827.73046875
670.1,1,55.26,2400,None,26827.7421875
670.1,2,53.04,2400,None,26529.69140625
670.1,3,50.93,1250,None,21472.09375
675.1,0,58.23,2400,None,26827.73046875
675.1,1,58.79,2400,None,26827.7421875
675.1,2,56.84,2400,None,26529.69140625
675.1,3,53.87,2400,None,21472.09375
680.1,0,58.07,0,None,26827.73046875
680.1,1,58.15,2400,None,26827.7421875
680.1,2,56.75,2400,None,26529.69140625
680.1,3,67.20,2400,None,21472.21484375
685.1,0,57.77,2400,None,26827.73046875
685.1,1,58.44,2400,None,26827.7421875
685.1,2,56.36,2400,None,26529.69140625
685.1,3,62.69,1150,None,20054.09375
690.1,0,57.76,2400,None,26827.73046875
690.1,1,58.58,2400,None,26827.7421875
690.1,2,56.49,2400,None,26529.69140625
690.1,3,55.93,1900,None,20054.09375
695.1,0,58.12,2400,None,26827.73046875
695.1,1,58.83,2400,None,26827.7421875
695.1,2,56.73,2400,None,26529.69140625
695.1,3,58.24,2400,None,19974.15625
700.1,0,55.69,2400,None,26827.73046875
700.1,1,56.02,2400,None,26827.7421875
700.1,2,54.27,2400,None,26529.69140625
700.1,3,59.81,2350,PowerBurst,20522.421875
705.1,0,53.71,2400,None,26827.73046875
705.1,1,54.33,2400,None,26827.7421875
705.1,2,52.45,2400,None,26529.69140625
705.1,3,187.97,2400,None,22998.9609375
710.1,0,53.98,2400,None,26827.73046875
710.1,1,54.73,2400,None,26827.7421875
710.1,2,52.69,2400,None,26529.69140625
710.1,3,64.22,850,None,20220.86328125
715.1,0,57.03,2400,None,26827.73046875
715.1,1,57.24,2400,None,26827.7421875
715.1,2,55.70,2400,None,26529.69140625
715.1,3,123.15,2400,None,20663.4375
720.1,0,58.27,2400,None,26827.73046875
720.1,1,58.38,2400,None,26827.7421875
720.1,2,56.66,2400,None,26529.69140625
720.1,3,115.09,2400,None,20858.09765625
725.1,0,57.80,2400,None,26827.73046875
725.1,1,58.22,2400,None,26827.7421875
725.1,2,56.39,2400,None,26529.69140625
725.1,3,52.91,2400,None,25674.609375
730.1,0,57.95,2400,None,26827.73046875
730.1,1,58.51,2400,None,26827.7421875
730.1,2,56.60,2400,None,26529.69140625
730.1,3,52.84,1850,None,25965.7109375
735.1,0,58.19,2400,None,26827.73046875
735.1,1,58.44,2400,None,26827.7421875
735.1,2,56.57,2400,None,26529.69140625
735.1,3,52.67,1850,None,25955.7109375
740.1,0,57.27,2400,None,26827.73046875
740.1,1,57.44,2400,None,26827.7421875
740.1,2,55.76,2400,None,26529.69140625
740.1,3,60.17,2400,None,25999.23046875
745.1,0,53.94,2400,None,26827.73046875
745.1,1,54.30,2400,None,26827.7421875
745.1,2,52.65,2400,None,26529.69140625
745.1,3,123.94,2400,None,26025.234375
750.1,0,54.18,2400,None,26827.73046875
750.1,1,54.48,2400,None,26827.7421875
750.1,2,52.98,2400,None,26529.69140625
750.1,3,129.70,2400,None,25909.25
755.1,0,55.26,2400,None,26827.73046875
755.1,1,55.73,2400,None,26827.7421875
755.1,2,53.78,2400,None,26529.69140625
755.1,3,68.37,2400,None,25921.296875
760.1,0,58.29,2400,None,26827.73046875
760.1,1,58.37,2400,None,26827.7421875
760.1,2,56.55,2400,None,26529.69140625
760.1,3,57.46,2400,None,25921.296875
765.1,0,57.81,2400,None,26827.73046875
765.1,1,58.15,2400,None,26827.7421875
765.1,2,56.45,2400,None,26529.69140625
765.1,3,144.29,2400,None,26529.61328125
770.1,0,58.02,2400,None,26827.73046875
770.1,1,58.24,2400,None,26827.7421875
770.1,2,56.54,2400,None,26529.69140625
770.1,3,187.92,2400,None,26529.61328125
775.1,0,69.00,2400,None,26827.73046875
775.1,1,69.25,2400,None,26827.7421875
775.1,2,67.25,2400,None,26529.69140625
775.1,3,82.38,2400,None,26529.61328125
780.1,0,58.36,2400,None,26827.73046875
780.1,1,58.32,2400,None,26827.7421875
780.1,2,56.84,2400,None,26529.69140625
780.1,3,58.50,2400,None,26529.61328125
785.1,0,54.44,2400,None,26827.73046875
785.1,1,55.08,2400,None,26827.7421875
785.1,2,53.14,2400,None,26529.69140625
785.1,3,54.91,2400,None,26529.61328125
790.1,0,53.84,2400,None,26827.73046875
790.1,1,54.61,2400,None,26827.7421875
790.1,2,52.44,2400,None,26529.69140625
790.1,3,54.23,2400,None,26529.61328125
795.1,0,143.13,2400,None,26827.85546875
795.1,1,54.78,2400,None,26827.7421875
795.1,2,52.88,2400,None,26529.69140625
795.1,3,54.40,2400,None,26529.61328125
800.1,0,181.75,2400,None,26827.85546875
800.1,1,57.79,2400,None,26827.7421875
800.1,2,56.19,2400,None,26529.69140625
800.1,3,57.59,2400,None,26529.61328125
805.1,0,186.41,2400,None,26827.85546875
805.1,1,57.98,2400,None,26827.7421875
805.1,2,56.72,2400,None,26529.69140625
805.1,3,57.52,2400,None,26529.61328125
810.1,0,183.22,2400,None,26827.85546875
810.1,1,58.06,2400,None,26827.7421875
810.1,2,56.47,2400,None,26529.69140625
810.1,3,57.73,2400,None,26529.61328125
815.1,0,187.69,2400,None,26827.85546875
815.1,1,58.33,2400,None,26827.7421875
815.1,2,56.51,2400,None,26529.69140625
815.1,3,57.78,2400,None,26529.61328125
820.1,0,187.65,2100,PowerBurst,26827.85546875
820.1,1,58.32,2400,None,26827.7421875
820.1,2,56.77,2400,None,26529.69140625
820.1,3,57.97,2400,None,26529.61328125
825.1,0,185.46,2400,None,26827.85546875
825.1,1,56.41,2400,None,26827.7421875
825.1,2,54.86,2400,None,26529.69140625
825.1,3,56.03,2400,None,26529.61328125
830.1,0,188.72,2400,None,26827.85546875
830.1,1,54.36,2400,None,26827.7421875
830.1,2,52.60,2400,None,26529.69140625
830.1,3,53.87,2400,None,26529.61328125
835.1,0,186.32,2400,None,26827.85546875
835.1,1,54.41,2400,None,26827.7421875
835.1,2,52.81,2400,None,26529.69140625
835.1,3,53.96,2400,None,26529.61328125
840.1,0,186.40,2400,None,26827.85546875
840.1,1,56.19,2400,None,26827.7421875
840.1,2,54.70,2400,None,26529.69140625
840.1,3,55.67,2400,None,26529.61328125
845.1,0,189.56,2400,None,26827.85546875
845.1,1,58.03,2400,None,26827.7421875
845.1,2,56.56,2400,None,26529.69140625
845.1,3,57.90,2400,None,26529.61328125
850.1,0,186.56,2400,None,26827.85546875
850.1,1,58.10,2400,None,26827.7421875
850.1,2,56.44,2400,None,26529.69140625
850.1,3,57.43,2400,None,26529.61328125
855.1,0,189.67,2400,None,26827.85546875
855.1,1,58.34,2400,None,26827.7421875
855.1,2,56.66,2400,None,26529.69140625
855.1,3,57.62,2400,None,26529.61328125
860.1,0,186.80,2400,None,26827.85546875
860.1,1,58.23,2400,None,26827.7421875
860.1,2,56.72,2400,None,26529.69140625
860.1,3,57.51,2400,None,26529.61328125
865.1,0,189.26,2400,None,26827.85546875
865.1,1,57.99,2400,None,26827.7421875
865.1,2,56.27,2400,None,26529.69140625
865.1,3,57.28,2400,None,26529.61328125
870.1,0,185.53,2400,None,26827.85546875
870.1,1,54.29,2400,None,26827.7421875
870.1,2,52.53,2400,None,26529.69140625
870.1,3,53.65,2400,None,26529.61328125
875.1,0,188.84,2400,None,26827.85546875
875.1,1,54.36,2400,None,26827.7421875
875.1,2,52.82,2400,None,26529.69140625
875.1,3,53.77,2400,None,26529.61328125
880.1,0,185.65,2400,None,26827.85546875
880.1,1,54.80,2400,None,26827.7421875
880.1,2,53.04,2400,None,26529.69140625
880.1,3,54.09,2400,None,26529.61328125
885.1,0,188.97,2400,None,26827.85546875
885.1,1,58.02,2400,None,26827.7421875
885.1,2,56.62,2400,None,26529.69140625
885.1,3,57.94,2400,None,26529.61328125
890.1,0,185.84,2400,None,26827.85546875
890.1,1,58.04,2400,None,26827.7421875
890.1,2,56.48,2400,None,26529.69140625
890.1,3,57.66,2400,None,26529.61328125
895.1,0,188.69,2400,None,26827.85546875
895.1,1,58.05,2400,None,26827.7421875
895.1,2,56.64,2400,None,26529.69140625
895.1,3,57.59,2400,None,26529.61328125
900.1,0,186.02,2400,None,26827.85546875
900.1,1,58.26,2400,None,26827.7421875
900.1,2,56.61,2400,None,26529.69140625
900.1,3,57.64,2400,None,26529.61328125
905.1,0,188.73,2400,None,26827.85546875
905.1,1,58.00,2400,None,26827.7421875
905.1,2,56.59,2400,None,26529.69140625
905.1,3,57.54,2400,None,26529.61328125
910.1,0,185.98,2400,None,26827.85546875
910.1,1,55.52,2400,None,26827.7421875
910.1,2,54.01,2400,None,26529.69140625
910.1,3,54.96,2400,None,26529.61328125
915.1,0,189.12,2083,PowerBurst,26827.85546875
915.1,1,54.29,2400,None,26827.7421875
915.1,2,52.75,2400,None,26529.69140625
915.1,3,53.67,2400,None,26529.61328125
920.1,0,185.58,2400,None,26827.85546875
920.1,1,54.49,2400,None,26827.7421875
920.1,2,52.78,2400,None,26529.69140625
920.1,3,53.81,2400,None,26529.61328125
925.1,0,189.38,2150,PowerBurst,26827.85546875
925.1,1,56.84,2400,None,26827.7421875
925.1,2,55.50,2400,None,26529.69140625
925.1,3,56.62,2400,None,26529.61328125
930.1,0,185.53,2400,None,26827.85546875
930.1,1,58.06,2400,None,26827.7421875
930.1,2,56.52,2400,None,26529.69140625
930.1,3,57.40,2400,None,26529.61328125
935.1,0,188.24,2117,PowerBurst,26827.85546875
935.1,1,58.14,2400,None,26827.7421875
935.1,2,56.45,2400,None,26529.69140625
935.1,3,57.54,2400,None,26529.61328125
940.1,0,186.44,2400,None,26827.85546875
940.1,1,58.28,2400,None,26827.7421875
940.1,2,56.61,2400,None,26529.69140625
940.1,3,57.74,2400,None,26529.61328125
945.1,0,185.89,2400,None,26827.85546875
945.1,1,57.94,2400,None,26827.7421875
945.1,2,56.66,2400,None,26529.69140625
945.1,3,57.32,2400,None,26529.61328125
950.1,0,189.21,2400,None,26827.85546875
950.1,1,56.99,2400,None,26827.7421875
950.1,2,55.42,2400,None,26529.69140625
950.1,3,56.40,2400,None,26529.61328125
955.1,0,185.92,2400,None,26827.85546875
955.1,1,54.36,2400,None,26827.7421875
955.1,2,52.60,2400,None,26529.69140625
955.1,3,53.61,2400,None,26529.61328125
960.1,0,189.29,2400,None,26827.85546875
960.1,1,54.46,2400,None,26827.7421875
960.1,2,52.77,2400,None,26529.69140625
960.1,3,53.82,2400,None,26529.61328125
965.1,0,185.84,2400,None,26827.85546875
965.1,1,55.68,2400,None,26827.7421875
965.1,2,54.11,2400,None,26529.69140625
965.1,3,55.28,2400,None,26529.61328125
970.1,0,76.62,2400,None,26827.85546875
970.1,1,58.37,2400,None,26827.7421875
970.1,2,56.32,2400,None,26529.69140625
970.1,3,57.49,2400,None,26529.61328125
975.1,0,60.44,2400,None,26827.85546875
975.1,1,58.51,2400,None,26827.7421875
975.1,2,56.40,2400,None,26529.69140625
975.1,3,57.87,2400,None,26529.61328125
980.1,0,113.70,2400,None,26827.85546875
980.1,1,58.20,2400,None,26827.7421875
980.1,2,56.60,2400,None,26529.69140625
980.1,3,57.99,2400,None,26529.61328125
985.1,0,185.56,2400,None,26827.85546875
985.1,1,57.92,2400,None,26827.7421875
985.1,2,56.74,2400,None,26529.69140625
985.1,3,57.45,2400,None,26529.61328125
990.1,0,189.34,2400,None,26827.85546875
990.1,1,58.08,2400,None,26827.7421875
990.1,2,56.48,2400,None,26529.69140625
990.1,3,57.32,2400,None,26529.61328125
995.1,0,186.80,2400,None,26827.85546875
995.1,1,54.46,2400,None,26827.7421875
995.1,2,52.73,2400,None,26529.69140625
995.1,3,53.78,2400,None,26529.61328125
1000.1,0,189.46,2400,None,26827.85546875
1000.1,1,54.34,2400,None,26827.7421875
1000.1,2,52.87,2400,None,26529.69140625
1000.1,3,53.68,2400,None,26529.61328125
1005.1,0,185.73,2400,None,26827.85546875
1005.1,1,54.52,2400,None,26827.7421875
1005.1,2,52.90,2400,None,26529.69140625
1005.1,3,53.68,2400,None,26529.61328125
1010.1,0,189.08,2400,None,26827.85546875
1010.1,1,58.11,2400,None,26827.7421875
1010.1,2,56.36,2400,None,26529.69140625
1010.1,3,57.63,2400,None,26529.61328125
1015.1,0,185.76,2400,None,26827.85546875
1015.1,1,58.18,2400,None,26827.7421875
1015.1,2,56.55,2400,None,26529.69140625
1015.1,3,57.46,2400,None,26529.61328125
1020.1,0,189.14,2400,None,26827.85546875
1020.1,1,58.15,2400,None,26827.7421875
1020.1,2,56.63,2400,None,26529.69140625
1020.1,3,57.74,2400,None,26529.61328125
1025.1,0,185.92,2400,None,26827.85546875
1025.1,1,58.03,2400,None,26827.7421875
1025.1,2,56.65,2400,None,26529.69140625
1025.1,3,57.85,2400,None,26529.61328125
1030.1,0,189.00,2400,None,26827.85546875
1030.1,1,58.12,2400,None,26827.7421875
1030.1,2,56.36,2400,None,26529.69140625
1030.1,3,57.62,2400,None,26529.61328125
1035.1,0,185.99,2400,None,26827.85546875
1035.1,1,55.85,2400,None,26827.7421875
1035.1,2,54.23,2400,None,26529.69140625
1035.1,3,55.11,2400,None,26529.61328125
1040.1,0,189.03,2400,None,26827.85546875
1040.1,1,54.42,2400,None,26827.7421875
1040.1,2,52.84,2400,None,26529.69140625
1040.1,3,53.80,2400,None,26529.61328125
1045.1,0,186.06,2400,None,26827.85546875
1045.1,1,54.32,2400,None,26827.7421875
1045.1,2,52.69,2400,None,26529.69140625
1045.1,3,53.77,2400,None,26529.61328125
1050.1,0,189.06,2400,None,26827.85546875
1050.1,1,56.77,2400,None,26827.7421875
1050.1,2,55.16,2400,None,26529.69140625
1050.1,3,56.29,2400,None,26529.61328125
1055.1,0,186.28,2400,None,26827.85546875
1055.1,1,58.12,2400,None,26827.7421875
1055.1,2,56.54,2400,None,26529.69140625
1055.1,3,57.65,2400,None,26529.61328125
1060.1,0,188.95,2400,None,26827.85546875
1060.1,1,58.18,2400,None,26827.7421875
1060.1,2,56.58,2400,None,26529.69140625
1060.1,3,57.73,2400,None,26529.61328125
1065.1,0,186.22,2400,None,26827.85546875
1065.1,1,57.84,2400,None,26827.7421875
1065.1,2,56.58,2400,None,26529.69140625
1065.1,3,57.82,2400,None,26529.61328125
1070.1,0,189.06,2400,None,26827.85546875
1070.1,1,58.03,2400,None,26827.7421875
1070.1,2,56.40,2400,None,26529.69140625
1070.1,3,57.51,2400,None,26529.61328125
1075.1,0,186.15,2400,None,26827.85546875
1075.1,1,57.24,2400,None,26827.7421875
1075.1,2,55.70,2400,None,26529.69140625
1075.1,3,56.61,2400,None,26529.61328125
1080.1,0,188.92,2400,None,26827.85546875
1080.1,1,54.46,2400,None,26827.7421875
1080.1,2,52.73,2400,None,26529.69140625
1080.1,3,53.85,2400,None,26529.61328125
1085.1,0,186.23,2400,None,26827.85546875
1085.1,1,54.03,2400,None,26827.7421875
1085.1,2,52.51,2400,None,26529.69140625
1085.1,3,53.56,2400,None,26529.61328125
1090.1,0,189.26,2167,PowerBurst,26827.85546875
1090.1,1,55.41,2400,None,26827.7421875
1090.1,2,53.82,2400,None,26529.69140625
1090.1,3,54.79,2400,None,26529.61328125
1095.1,0,185.81,2400,None,26827.85546875
1095.1,1,58.21,2400,None,26827.7421875
1095.1,2,56.55,2400,None,26529.69140625
1095.1,3,57.62,2400,None,26529.61328125
1100.1,0,185.87,2400,None,26827.85546875
1100.1,1,58.29,2400,None,26827.7421875
1100.1,2,56.54,2400,None,26529.69140625
1100.1,3,57.76,2400,None,26529.61328125
1105.1,0,189.16,2400,None,26827.85546875
1105.1,1,57.83,2400,None,26827.7421875
1105.1,2,56.56,2400,None,26529.69140625
1105.1,3,57.72,2400,None,26529.61328125
1110.1,0,186.02,2400,None,26827.85546875
1110.1,1,58.10,2400,None,26827.7421875
1110.1,2,56.43,2400,None,26529.69140625
1110.1,3,57.44,2400,None,26529.61328125
1115.1,0,189.31,2400,None,26827.85546875
1115.1,1,58.20,2400,None,26827.7421875
1115.1,2,56.52,2400,None,26529.69140625
1115.1,3,57.64,2400,None,26529.61328125
1120.1,0,185.95,2400,None,26827.85546875
1120.1,1,54.98,2400,None,26827.7421875
1120.1,2,53.27,2400,None,26529.69140625
1120.1,3,54.51,2400,None,26529.61328125
1125.1,0,189.31,2400,None,26827.85546875
1125.1,1,53.95,2400,None,26827.7421875
1125.1,2,52.85,2400,None,26529.69140625
1125.1,3,53.56,2400,None,26529.61328125
1130.2,0,185.97,2400,None,26827.85546875
1130.2,1,54.46,2400,None,26827.7421875
1130.2,2,52.88,2400,None,26529.69140625
1130.2,3,53.65,2400,None,26529.61328125
1135.2,0,189.23,2400,None,26827.85546875
1135.2,1,57.83,2400,None,26827.7421875
1135.2,2,56.11,2400,None,26529.69140625
1135.2,3,57.32,2400,None,26529.61328125
1140.2,0,186.02,2400,None,26827.85546875
1140.2,1,58.18,2400,None,26827.7421875
1140.2,2,56.50,2400,None,26529.69140625
1140.2,3,57.70,2400,None,26529.61328125
1145.2,0,189.20,2400,None,26827.85546875
1145.2,1,57.86,2400,None,26827.7421875
1145.2,2,56.68,2400,None,26529.69140625
1145.2,3,57.50,2400,None,26529.61328125
1150.2,0,186.21,2400,None,26827.85546875
1150.2,1,58.01,2400,None,26827.7421875
1150.2,2,56.47,2400,None,26529.69140625
1150.2,3,57.22,2400,None,26529.61328125
1155.2,0,111.18,2400,None,26827.85546875
1155.2,1,58.41,2400,None,26827.7421875
1155.2,2,56.50,2400,None,26529.69140625
1155.2,3,57.49,2400,None,26529.61328125
1160.2,0,59.12,2400,None,26827.85546875
1160.2,1,56.63,2400,None,26827.7421875
1160.2,2,54.69,2400,None,26529.69140625
1160.2,3,55.47,2400,None,26529.61328125
1165.2,0,74.88,2083,PowerBurst,26827.85546875
1165.2,1,54.32,2400,None,26827.7421875
1165.2,2,52.85,2400,None,26529.69140625
1165.2,3,53.93,2400,None,26529.61328125
1170.2,0,184.83,2400,None,26827.85546875
1170.2,1,54.27,2400,None,26827.7421875
1170.2,2,52.66,2400,None,26529.69140625
1170.2,3,53.81,2400,None,26529.61328125
1175.2,0,188.94,2400,None,26827.85546875
1175.2,1,56.24,2400,None,26827.7421875
1175.2,2,54.62,2400,None,26529.69140625
1175.2,3,55.61,2400,None,26529.61328125
1180.2,0,185.36,2400,None,26827.85546875
1180.2,1,58.27,2400,None,26827.7421875
1180.2,2,56.60,2400,None,26529.69140625
1180.2,3,57.42,2400,None,26529.61328125
1185.2,0,188.74,2400,None,26827.85546875
1185.2,1,58.30,2400,None,26827.7421875
1185.2,2,56.70,2400,None,26529.69140625
1185.2,3,57.50,2400,None,26529.61328125
1190.2,0,185.71,2400,None,26827.85546875
1190.2,1,57.94,2400,None,26827.7421875
1190.2,2,56.31,2400,None,26529.69140625
1190.2,3,57.27,2400,None,26529.61328125
1195.2,0,189.02,2400,None,26827.85546875
1195.2,1,58.18,2400,None,26827.7421875
1195.2,2,56.45,2400,None,26529.69140625
1195.2,3,57.40,2400,None,26529.61328125
1200.2,0,186.00,2400,None,26827.85546875
1200.2,1,58.03,2400,None,26827.7421875
1200.2,2,56.37,2400,None,26529.69140625
1200.2,3,57.44,2400,None,26529.61328125
1205.2,0,189.15,2400,None,26827.85546875
1205.2,1,54.03,2400,None,26827.7421875
1205.2,2,52.89,2400,None,26529.69140625
1205.2,3,53.85,2400,None,26529.61328125
1210.2,0,185.98,2400,None,26827.85546875
1210.2,1,54.09,2400,None,26827.7421875
1210.2,2,52.56,2400,None,26529.69140625
1210.2,3,53.62,2400,None,26529.61328125
1215.2,0,188.87,2400,None,26827.85546875
1215.2,1,54.86,2400,None,26827.7421875
1215.2,2,53.22,2400,None,26529.69140625
1215.2,3,54.26,2400,None,26529.61328125
1220.2,0,186.17,2400,None,26827.85546875
1220.2,1,58.29,2400,None,26827.7421875
1220.2,2,56.62,2400,None,26529.69140625
1220.2,3,57.83,2400,None,26529.61328125
1225.2,0,189.03,2400,None,26827.85546875
1225.2,1,58.13,2400,None,26827.7421875
1225.2,2,56.65,2400,None,26529.69140625
1225.2,3,57.69,2400,None,26529.61328125
1230.2,0,186.20,2400,None,26827.85546875
1230.2,1,57.96,2400,None,26827.7421875
1230.2,2,56.62,2400,None,26529.69140625
1230.2,3,57.23,2400,None,26529.61328125
1235.2,0,189.49,2083,PowerBurst,26827.85546875
1235.2,1,58.09,2400,None,26827.7421875
1235.2,2,56.54,2400,None,26529.69140625
1235.2,3,57.24,2400,None,26529.61328125
1240.2,0,185.55,2400,None,26827.85546875
1240.2,1,58.34,2400,None,26827.7421875
1240.2,2,56.63,2400,None,26529.69140625
1240.2,3,57.77,2400,None,26529.61328125
1245.2,0,188.56,2100,PowerBurst,26827.85546875
1245.2,1,55.25,2400,None,26827.7421875
1245.2,2,53.98,2400,None,26529.69140625
1245.2,3,55.21,2400,None,26529.61328125
1250.2,0,186.61,2400,None,26827.85546875
1250.2,1,54.13,2400,None,26827.7421875
1250.2,2,52.54,2400,None,26529.69140625
1250.2,3,53.47,2400,None,26529.61328125
1255.2,0,189.36,2083,PowerBurst,26827.85546875
1255.2,1,54.39,2400,None,26827.7421875
1255.2,2,52.87,2400,None,26529.69140625
1255.2,3,53.73,2400,None,26529.61328125
1260.2,0,186.06,2400,None,26827.85546875
1260.2,1,57.12,2400,None,26827.7421875
1260.2,2,55.38,2400,None,26529.69140625
1260.2,3,56.67,2400,None,26529.61328125
1265.2,0,187.77,2167,PowerBurst,26827.85546875
1265.2,1,58.13,2400,None,26827.7421875
1265.2,2,56.55,2400,None,26529.69140625
1265.2,3,57.55,2400,None,26529.61328125
1270.2,0,187.61,2400,None,26827.85546875
1270.2,1,58.03,2400,None,26827.7421875
1270.2,2,56.68,2400,None,26529.69140625
1270.2,3,57.38,2400,None,26529.61328125
1275.2,0,185.84,2400,None,26827.85546875
1275.2,1,58.09,2400,None,26827.7421875
1275.2,2,56.49,2400,None,26529.69140625
1275.2,3,57.48,2400,None,26529.61328125
1280.2,0,189.26,2400,None,26827.85546875
1280.2,1,58.24,2400,None,26827.7421875
1280.2,2,56.52,2400,None,26529.69140625
1280.2,3,57.57,2400,None,26529.61328125
1285.2,0,186.14,2400,None,26827.85546875
1285.2,1,57.12,2400,None,26827.7421875
1285.2,2,55.43,2400,None,26529.69140625
1285.2,3,56.55,2400,None,26529.61328125
1290.2,0,189.18,2400,None,26827.85546875
1290.2,1,54.14,2400,None,26827.7421875
1290.2,2,52.61,2400,None,26529.69140625
1290.2,3,53.48,2400,None,26529.61328125
1295.2,0,186.10,2400,None,26827.85546875
1295.2,1,54.17,2400,None,26827.7421875
1295.2,2,52.68,2400,None,26529.69140625
1295.2,3,53.67,2400,None,26529.61328125
1300.2,0,189.23,2400,None,26827.85546875
1300.2,1,55.74,2400,None,26827.7421875
1300.2,2,54.01,2400,None,26529.69140625
1300.2,3,55.14,2400,None,26529.61328125
1305.2,0,186.13,2400,None,26827.85546875
1305.2,1,58.20,2400,None,26827.7421875
1305.2,2,56.63,2400,None,26529.69140625
1305.2,3,57.68,2400,None,26529.61328125
1310.2,0,189.19,2400,None,26827.85546875
1310.2,1,57.87,2400,None,26827.7421875
1310.2,2,56.74,2400,None,26529.69140625
1310.2,3,57.76,2400,None,26529.61328125
1315.2,0,186.24,2400,None,26827.85546875
1315.2,1,58.06,2400,None,26827.7421875
1315.2,2,56.45,2400,None,26529.69140625
1315.2,3,57.54,2400,None,26529.61328125
1320.2,0,188.97,2400,None,26827.85546875
1320.2,1,58.13,2400,None,26827.7421875
1320.2,2,56.53,2400,None,26529.69140625
1320.2,3,57.54,2400,None,26529.61328125
1325.2,0,186.13,2400,None,26827.85546875
1325.2,1,58.39,2400,None,26827.7421875
1325.2,2,56.64,2400,None,26529.69140625
1325.2,3,57.73,2400,None,26529.61328125
1330.2,0,189.13,2400,None,26827.85546875
1330.2,1,54.36,2400,None,26827.7421875
1330.2,2,52.89,2400,None,26529.69140625
1330.2,3,53.87,2400,None,26529.61328125
1335.2,0,186.15,2400,None,26827.85546875
1335.2,1,54.13,2400,None,26827.7421875
1335.2,2,52.53,2400,None,26529.69140625
1335.2,3,53.66,2400,None,26529.61328125
1340.2,0,132.19,2400,None,26827.85546875
1340.2,1,54.56,2400,None,26827.7421875
1340.2,2,52.74,2400,None,26529.69140625
1340.2,3,53.74,2400,None,26529.61328125
1345.2,0,61.38,2400,None,26827.85546875
1345.2,1,58.44,2400,None,26827.7421875
1345.2,2,56.53,2400,None,26529.69140625
1345.2,3,57.82,2400,None,26529.61328125
1350.2,0,59.91,2400,None,26827.85546875
1350.2,1,58.01,2400,None,26827.7421875
1350.2,2,56.75,2400,None,26529.69140625
1350.2,3,57.50,2400,None,26529.61328125
1355.2,0,177.38,2400,None,26827.85546875
1355.2,1,58.09,2400,None,26827.7421875
1355.2,2,56.39,2400,None,26529.69140625
1355.2,3,57.61,2400,None,26529.61328125
1360.2,0,175.15,2400,None,26827.85546875
1360.2,1,58.20,2400,None,26827.7421875
1360.2,2,56.50,2400,None,26529.69140625
1360.2,3,70.37,2183,PowerBurst,26529.73828125
1365.2,0,61.04,2400,None,26827.85546875
1365.2,1,58.35,2400,None,26827.7421875
1365.2,2,56.72,2400,None,26529.69140625
1365.2,3,179.78,2400,None,26529.73828125
1370.2,0,85.75,2400,None,26827.85546875
1370.2,1,55.76,2400,None,26827.7421875
1370.2,2,54.19,2400,None,26529.69140625
1370.2,3,154.92,2400,None,26529.73828125
1375.2,0,185.26,2400,None,26827.85546875
1375.2,1,54.22,2400,None,26827.7421875
1375.2,2,52.49,2400,None,26529.69140625
1375.2,3,54.08,2400,None,26529.73828125
1380.2,0,133.48,2400,None,26827.85546875
1380.2,1,54.34,2400,None,26827.7421875
1380.2,2,106.90,2400,None,26529.81640625
1380.2,3,54.21,2400,None,26529.73828125
1385.2,0,58.89,2400,None,26827.85546875
1385.2,1,56.83,2400,None,26827.7421875
1385.2,2,177.78,2400,None,26529.81640625
1385.2,3,56.74,2400,None,26529.73828125
1390.2,0,59.92,2400,None,26827.85546875
1390.2,1,130.84,2400,None,26827.8671875
1390.2,2,109.27,2400,None,26529.81640625
1390.2,3,58.00,2400,None,26529.73828125
1395.2,0,59.55,2400,None,26827.85546875
1395.2,1,180.10,2400,None,26827.8671875
1395.2,2,56.87,2400,None,26529.81640625
1395.2,3,57.62,2400,None,26529.73828125
1400.2,0,59.54,2400,None,26827.85546875
1400.2,1,156.91,2400,None,26827.8671875
1400.2,2,56.84,2400,None,26529.81640625
1400.2,3,85.15,2317,PowerBurst,26529.73828125
1405.2,0,59.67,2400,None,26827.85546875
1405.2,1,58.99,2400,None,26827.8671875
1405.2,2,56.81,2400,None,26529.81640625
1405.2,3,179.15,2400,None,26529.73828125
1410.2,0,58.81,2400,None,26827.85546875
1410.2,1,57.97,2400,None,26827.8671875
1410.2,2,56.22,2400,None,26529.81640625
1410.2,3,179.56,2400,None,26529.73828125
1415.2,0,184.31,2400,None,26827.85546875
1415.2,1,54.59,2400,None,26827.8671875
1415.2,2,52.80,2400,None,26529.81640625
1415.2,3,57.24,2400,None,26529.73828125
1420.2,0,184.62,2400,None,26827.85546875
1420.2,1,54.77,2400,None,26827.8671875
1420.2,2,52.86,2400,None,26529.81640625
1420.2,3,54.39,2400,None,26529.73828125
1425.2,0,69.15,2400,None,26827.85546875
1425.2,1,55.68,2400,None,26827.8671875
1425.2,2,170.67,2400,None,26529.81640625
1425.2,3,55.38,2400,None,26529.73828125
1430.2,0,59.92,2400,None,26827.85546875
1430.2,1,58.32,2400,None,26827.8671875
1430.2,2,178.07,2400,None,26529.81640625
1430.2,3,58.29,2400,None,26529.73828125
1435.2,0,59.45,2400,None,26827.85546875
1435.2,1,162.29,2400,None,26827.8671875
1435.2,2,79.65,2400,None,26529.81640625
1435.2,3,57.85,2400,None,26529.73828125
1440.2,0,59.47,2400,None,26827.85546875
1440.2,1,181.01,2400,None,26827.8671875
1440.2,2,57.24,2400,None,26529.81640625
1440.2,3,58.03,2400,None,26529.73828125
1445.2,0,59.45,2400,None,26827.85546875
1445.2,1,77.08,2400,None,26827.8671875
1445.2,2,57.27,2400,None,26529.81640625
1445.2,3,165.74,2400,None,26529.73828125
1450.2,0,59.56,2400,None,26827.85546875
1450.2,1,58.94,2400,None,26827.8671875
1450.2,2,57.28,2400,None,26529.81640625
1450.2,3,179.74,2400,None,26529.73828125
1455.2,0,162.49,2400,None,26827.85546875
1455.2,1,55.71,2400,None,26827.8671875
1455.2,2,53.64,2400,None,26529.81640625
1455.2,3,80.39,2400,None,26529.73828125
1460.2,0,184.31,2400,None,26827.85546875
1460.2,1,54.84,2400,None,26827.8671875
1460.2,2,53.02,2400,None,26529.81640625
1460.2,3,54.53,2400,None,26529.73828125
1465.2,0,90.14,2400,None,26827.85546875
1465.2,1,54.88,2400,None,26827.8671875
1465.2,2,149.21,2400,None,26529.81640625
1465.2,3,54.45,2400,None,26529.73828125
1470.2,0,59.36,2400,None,26827.85546875
1470.2,1,58.37,2400,None,26827.8671875
1470.2,2,178.12,2400,None,26529.81640625
1470.2,3,57.89,2400,None,26529.73828125
1475.2,0,59.45,2400,None,26827.85546875
1475.2,1,118.96,2400,None,26827.8671875
1475.2,2,122.14,2400,None,26529.81640625
1475.2,3,58.06,2400,None,26529.73828125
1480.2,0,59.50,2400,None,26827.85546875
1480.2,1,181.38,2400,None,26827.8671875
1480.2,2,57.76,2400,None,26529.81640625
1480.2,3,57.99,2400,None,26529.73828125
1485.2,0,59.39,2400,None,26827.85546875
1485.2,1,128.69,2400,None,26827.8671875
1485.2,2,57.45,2400,None,26529.81640625
1485.2,3,114.46,2400,None,26529.73828125
1490.2,0,59.33,2400,None,26827.85546875
1490.2,1,58.97,2400,None,26827.8671875
1490.2,2,57.41,2400,None,26529.81640625
1490.2,3,179.77,2400,None,26529.73828125
1495.2,0,99.59,2400,None,26827.85546875
1495.2,1,57.12,2400,None,26827.8671875
1495.2,2,55.39,2400,None,26529.81640625
1495.2,3,141.60,2400,None,26529.73828125
1500.2,0,183.85,2400,None,26827.85546875
1500.2,1,55.08,2400,None,26827.8671875
1500.2,2,53.00,2400,None,26529.81640625
1500.2,3,54.58,2400,None,26529.73828125
1505.2,0,155.26,2400,None,26827.85546875
1505.2,1,55.07,2400,None,26827.8671875
1505.2,2,85.54,2400,None,26529.81640625
1505.2,3,54.74,2400,None,26529.73828125
1510.2,0,57.98,2400,None,26827.85546875
1510.2,1,57.01,2400,None,26827.8671875
1510.2,2,179.31,2400,None,26529.81640625
1510.2,3,56.52,2400,None,26529.73828125
1515.2,0,59.45,2400,None,26827.85546875
1515.2,1,87.42,2333,PowerBurst,26827.8671875
1515.2,2,154.44,2400,None,26529.81640625
1515.2,3,58.11,2400,None,26529.73828125
1520.2,0,59.43,2400,None,26827.85546875
1520.2,1,181.52,2400,None,26827.8671875
1520.2,2,57.77,2400,None,26529.81640625
1520.2,3,58.13,2400,None,26529.73828125
1525.2,0,59.52,2400,None,26827.85546875
1525.2,1,162.26,2400,None,26827.8671875
1525.2,2,57.78,2400,None,26529.81640625
1525.2,3,58.34,2400,None,26529.73828125
1530.2,0,59.62,2400,None,26827.85546875
1530.2,1,59.20,2400,None,26827.8671875
1530.2,2,57.27,2400,None,26529.81640625
1530.2,3,58.43,2400,None,26529.73828125
1535.2,0,59.13,2400,None,26827.85546875
1535.2,1,58.73,2400,None,26827.8671875
1535.2,2,56.52,2400,None,26529.81640625
1535.2,3,57.97,2400,None,26529.73828125
1540.2,0,55.02,2400,None,26827.85546875
1540.2,1,138.78,2400,None,26827.8671875
1540.2,2,53.21,2400,None,26529.81640625
1540.2,3,54.18,2400,None,26529.73828125
1545.2,0,55.10,2400,None,26827.85546875
1545.2,1,182.31,2400,None,26827.8671875
1545.2,2,53.36,2400,None,26529.81640625
1545.2,3,54.24,2400,None,26529.73828125
1550.2,0,170.14,2400,None,26827.85546875
1550.2,1,190.26,2400,None,26827.8671875
1550.2,2,167.68,2400,None,26529.81640625
1550.2,3,166.44,2400,None,26529.73828125
1555.2,0,188.13,2400,None,26827.85546875
1555.2,1,185.67,2400,None,26827.8671875
1555.2,2,182.73,2400,None,26529.81640625
1555.2,3,181.61,2400,None,26529.73828125
1560.2,0,193.65,2333,PowerBurst,26827.85546875
1560.2,1,191.47,2400,None,26827.8671875
1560.2,2,189.97,2400,None,26529.81640625
1560.2,3,185.54,2400,None,26529.80078125
1565.2,0,189.77,2400,None,26827.85546875
1565.2,1,185.30,2400,None,26827.8671875
1565.2,2,183.89,2400,None,26529.81640625
1565.2,3,186.87,2400,None,26529.80078125
1570.2,0,192.04,2400,None,26827.85546875
1570.2,1,187.91,2283,PowerBurst,26827.8671875
1570.2,2,187.37,2400,None,26529.81640625
1570.2,3,185.53,2283,PowerBurst,26529.80078125
1575.2,0,192.99,2400,None,26827.85546875
1575.2,1,188.86,2400,None,26827.8671875
1575.2,2,188.04,2400,None,26529.81640625
1575.2,3,186.40,2400,None,26529.80078125
1580.2,0,191.78,2233,PowerBurst,26827.85546875
1580.2,1,185.30,2400,None,26827.8671875
1580.2,2,187.86,2117,PowerBurst,26529.81640625
1580.2,3,182.64,2400,None,26529.80078125
1585.2,0,192.71,2400,None,26827.85546875
1585.2,1,191.76,2400,None,26827.8671875
1585.2,2,188.54,2400,None,26529.81640625
1585.2,3,190.03,2400,None,26529.80078125
1590.2,0,189.51,2400,None,26827.85546875
1590.2,1,185.78,2400,None,26827.8671875
1590.2,2,185.50,2383,PowerBurst,26529.81640625
1590.2,3,183.46,2400,None,26529.80078125
1595.2,0,194.13,2400,None,26827.85546875
1595.2,1,191.07,2133,PowerBurst,26827.8671875
1595.2,2,191.62,2317,PowerBurst,26529.81640625
1595.2,3,189.98,2133,PowerBurst,26529.80078125
1600.2,0,189.71,2400,None,26827.85546875
1600.2,1,186.47,2400,None,26827.8671875
1600.2,2,185.17,2400,None,26529.81640625
1600.2,3,183.84,2400,None,26529.80078125
1605.2,0,194.46,2267,PowerBurst,26827.85546875
1605.2,1,187.69,2150,PowerBurst,26827.8671875
1605.2,2,188.40,2400,None,26529.81640625
1605.2,3,186.69,2400,None,26529.80078125
1610.2,0,189.76,2400,None,26827.85546875
1610.2,1,189.96,2400,None,26827.8671875
1610.2,2,188.56,2400,None,26529.81640625
1610.2,3,187.17,2400,None,26529.80078125
1615.2,0,194.82,2167,PowerBurst,26827.85546875
1615.2,1,185.80,2400,None,26827.8671875
1615.2,2,188.29,2400,None,26529.81640625
1615.2,3,186.69,2400,None,26529.80078125
1620.2,0,189.72,2400,None,26827.85546875
1620.2,1,192.04,2400,None,26827.8671875
1620.2,2,188.55,2400,None,26529.81640625
1620.2,3,186.97,2400,None,26529.80078125
1625.2,0,192.01,2383,PowerBurst,26827.85546875
1625.2,1,186.19,2400,None,26827.8671875
1625.2,2,189.08,2083,PowerBurst,26529.81640625
1625.2,3,183.71,2400,None,26529.80078125
1630.2,0,192.48,2400,None,26827.85546875
1630.2,1,191.76,2117,PowerBurst,26827.8671875
1630.2,2,185.06,2400,None,26529.81640625
1630.2,3,186.89,2400,None,26529.80078125
1635.2,0,189.68,2400,None,26827.85546875
1635.2,1,186.39,2400,None,26827.8671875
1635.2,2,188.57,2400,None,26529.81640625
1635.2,3,187.18,2400,None,26529.80078125
1640.2,0,81.41,2400,None,26827.85546875
1640.2,1,176.57,2400,None,26827.8671875
1640.2,2,181.77,2400,None,26529.81640625
1640.2,3,182.35,2400,None,26529.80078125
1645.2,0,60.45,2400,None,26827.85546875
1645.2,1,61.66,2400,None,26827.8671875
1645.2,2,59.08,2400,None,26529.81640625
1645.2,3,93.89,2400,None,26529.80078125
1650.2,0,59.85,2400,None,26827.85546875
1650.2,1,60.55,2400,None,26827.8671875
1650.2,2,58.85,2400,None,26529.81640625
1650.2,3,59.57,2400,None,26529.80078125
1655.2,0,79.22,2100,PowerBurst,26827.85546875
1655.2,1,60.24,2400,None,26827.8671875
1655.2,2,58.24,2400,None,26529.81640625
1655.2,3,58.82,2400,None,26529.80078125
1660.2,0,184.78,2400,None,26827.85546875
1660.2,1,59.77,2400,None,26827.8671875
1660.2,2,57.89,2400,None,26529.81640625
1660.2,3,58.74,2400,None,26529.80078125
1665.2,0,191.24,2017,PowerBurst,27243.85546875
1665.2,1,90.93,2050,PowerBurst,27243.8671875
1665.2,2,89.73,2033,PowerBurst,26945.8203125
1665.2,3,90.16,2083,PowerBurst,26945.8046875
1670.2,0,197.20,2383,PowerBurst,27243.85546875
1670.2,1,195.53,2383,None,27243.8671875
1670.2,2,194.41,2400,None,26945.8203125
1670.2,3,194.29,2400,None,26945.8046875
1675.2,0,198.21,2383,PowerBurst,27243.85546875
1675.2,1,194.85,2400,None,27243.8671875
1675.2,2,193.61,2400,None,26945.8203125
1675.2,3,192.50,2400,None,26945.8046875
1680.2,0,199.26,2350,PowerBurst,27243.85546875
1680.2,1,197.56,2267,PowerBurst,27243.8671875
1680.2,2,197.72,2200,PowerBurst,26945.8203125
1680.2,3,196.76,2267,PowerBurst,26945.8046875
1685.2,0,199.41,2383,PowerBurst,27243.85546875
1685.2,1,197.33,2383,PowerBurst,27243.8671875
1685.2,2,196.44,2400,None,26945.8203125
1685.2,3,196.19,2400,PowerBurst,26945.8046875
1690.2,0,198.45,2383,PowerBurst,27243.85546875
1690.2,1,195.57,2400,None,27243.8671875
1690.2,2,194.71,2400,None,26945.8203125
1690.2,3,193.83,2400,None,26945.8046875
1695.2,0,199.41,2383,None,27243.98046875
1695.2,1,199.03,2217,PowerBurst,27243.8671875
1695.2,2,199.04,2200,PowerBurst,26945.8828125
1695.2,3,198.04,2133,PowerBurst,26945.8046875
1700.2,0,199.33,2383,PowerBurst,27243.98046875
1700.2,1,196.67,2400,None,27243.8671875
1700.2,2,195.84,2400,None,26945.8828125
1700.2,3,195.08,2400,None,26945.8046875
1705.2,0,199.75,2167,PowerBurst,27243.98046875
1705.2,1,195.64,2400,None,27243.8671875
1705.2,2,194.62,2400,None,26945.8828125
1705.2,3,193.88,2400,None,26945.8046875
1710.2,0,198.41,2367,PowerBurst,27243.98046875
1710.2,1,198.55,2300,PowerBurst,27243.9921875
1710.2,2,200.22,2167,PowerBurst,26945.8828125
1710.2,3,198.29,2267,PowerBurst,26945.8046875
1715.2,0,199.10,2400,None,27243.98046875
1715.2,1,197.08,2400,None,27243.9921875
1715.2,2,195.30,2400,None,26945.8828125
1715.2,3,195.45,2400,None,26945.8046875
1720.2,0,198.99,2367,PowerBurst,27243.98046875
1720.2,1,196.94,2333,PowerBurst,27243.9921875
1720.2,2,196.29,2150,PowerBurst,26945.8828125
1720.2,3,193.80,2400,None,26945.8046875
1725.2,0,199.71,2267,PowerBurst,27243.98046875
1725.2,1,197.72,2283,PowerBurst,27243.9921875
1725.2,2,198.85,2233,PowerBurst,26945.8828125
1725.2,3,199.60,2150,PowerBurst,26945.8046875
1730.2,0,198.74,2383,PowerBurst,27243.98046875
1730.2,1,196.83,2400,None,27243.9921875
1730.2,2,194.66,2400,None,26945.8828125
1730.2,3,194.23,2400,None,26945.8046875
1735.2,0,199.19,2350,PowerBurst,27243.98046875
1735.2,1,196.81,2400,None,27244.0546875
1735.2,2,196.82,2100,PowerBurst,26945.8828125
1735.2,3,194.61,2250,PowerBurst,26945.8046875
1740.2,0,199.34,2317,PowerBurst,27243.98046875
1740.2,1,197.89,2383,PowerBurst,27244.0546875
1740.2,2,197.33,2400,None,26945.8828125
1740.2,3,198.29,2217,PowerBurst,26945.8046875
1745.2,0,199.16,2383,PowerBurst,27243.98046875
1745.2,1,197.20,2383,PowerBurst,27244.0546875
1745.2,2,194.75,2400,None,26945.8828125
1745.2,3,194.81,2400,None,26945.8046875
1750.2,0,199.00,2383,PowerBurst,27243.98046875
1750.2,1,196.67,2400,None,27244.0546875
1750.2,2,197.72,2217,PowerBurst,26945.8828125
1750.2,3,195.85,2150,PowerBurst,26945.8046875
1755.2,0,198.85,2367,PowerBurst,27244.04296875
1755.2,1,197.74,2400,None,27244.0546875
1755.2,2,196.68,2400,None,26945.8828125
1755.2,3,195.60,2400,None,26945.8046875
1760.2,0,199.24,2383,None,27244.04296875
1760.2,1,197.11,2400,None,27244.0546875
1760.2,2,194.85,2400,None,26945.8828125
1760.2,3,195.79,2400,None,26945.8046875
1765.2,0,199.04,2383,PowerBurst,27244.04296875
1765.2,1,196.80,2383,PowerBurst,27244.0546875
1765.2,2,197.30,2350,PowerBurst,26945.8828125
1765.2,3,196.45,2350,PowerBurst,26945.8046875
1770.2,0,199.29,2383,PowerBurst,27244.04296875
1770.2,1,199.06,2267,PowerBurst,27244.0546875
1770.2,2,197.13,2383,PowerBurst,26945.8828125
1770.2,3,196.49,2400,None,26945.8046875
1775.2,0,199.19,2400,None,27244.04296875
1775.2,1,195.88,2383,PowerBurst,27244.0546875
1775.2,2,194.44,2400,None,26945.8828125
1775.2,3,194.36,2400,PowerBurst,26945.8046875
1780.2,0,196.79,2400,None,27244.04296875
1780.2,1,194.14,2400,None,27244.0546875
1780.2,2,169.29,2400,None,26945.8828125
1780.2,3,189.03,2400,None,26945.8046875
1785.2,0,110.84,2400,None,27244.04296875
1785.2,1,104.28,2400,None,27244.0546875
1785.2,2,59.27,2400,None,26945.8828125
1785.2,3,104.08,2400,None,26945.8046875
1790.2,0,57.58,2400,None,27244.04296875
1790.2,1,57.82,2400,None,27244.0546875
1790.2,2,55.61,2400,None,26945.8828125
1790.2,3,56.54,2400,None,26945.8046875
1795.2,0,55.32,2400,None,27244.04296875
1795.2,1,56.18,2400,None,27244.0546875
1795.2,2,54.39,2400,None,26945.8828125
1795.2,3,54.74,2400,None,26945.8046875
1800.2,0,55.67,2400,None,27244.04296875
1800.2,1,178.84,2400,None,27244.0546875
1800.2,2,54.17,2400,None,26945.8828125
1800.2,3,54.93,2400,None,26945.8046875
1805.2,0,70.13,2150,PowerBurst,27249.48828125
1805.2,1,185.44,2150,PowerBurst,27249.5
1805.2,2,68.93,2150,PowerBurst,26951.328125
1805.2,3,68.97,2183,PowerBurst,26951.25
1810.2,0,200.73,2000,PowerBurst,28443.4921875
1810.2,1,200.60,2033,PowerBurst,28445.50390625
1810.2,2,200.78,2000,PowerBurst,28145.33203125
1810.2,3,200.82,2050,PowerBurst,28147.25390625
1815.2,0,197.35,2383,PowerBurst,28443.4921875
1815.2,1,197.29,2383,PowerBurst,28445.50390625
1815.2,2,194.62,2383,PowerBurst,28145.33203125
1815.2,3,194.80,2400,None,28147.25390625
1820.2,0,199.12,2400,None,28443.4921875
1820.2,1,198.63,2383,PowerBurst,28445.50390625
1820.2,2,195.74,2400,None,28145.33203125
1820.2,3,196.08,2400,None,28147.25390625
1825.2,0,200.46,2217,PowerBurst,28443.4921875
1825.2,1,200.37,2133,PowerBurst,28445.50390625
1825.2,2,199.65,2133,PowerBurst,28145.33203125
1825.2,3,197.98,2400,None,28147.25390625
1830.2,0,200.92,2033,PowerBurst,28443.4921875
1830.2,1,200.04,2133,PowerBurst,28445.50390625
1830.2,2,199.41,2250,PowerBurst,28145.33203125
1830.2,3,201.03,2167,PowerBurst,28147.37890625
1835.2,0,198.14,2383,PowerBurst,28443.4921875
1835.2,1,197.92,2383,PowerBurst,28445.50390625
1835.2,2,196.85,2400,None,28145.33203125
1835.2,3,197.09,2383,PowerBurst,28147.37890625
1840.2,0,199.70,2383,PowerBurst,28443.4921875
1840.2,1,198.61,2383,PowerBurst,28445.50390625
1840.2,2,196.46,2400,None,28145.33203125
1840.2,3,196.83,2383,PowerBurst,28147.37890625
1845.2,0,200.80,2167,PowerBurst,28443.4921875
1845.2,1,201.07,2133,PowerBurst,28445.50390625
1845.2,2,200.65,2017,PowerBurst,28145.33203125
1845.2,3,199.60,2183,PowerBurst,28147.37890625
1850.2,0,199.73,2200,PowerBurst,28443.4921875
1850.2,1,199.65,2200,PowerBurst,28445.50390625
1850.2,2,199.30,2100,PowerBurst,28145.33203125
1850.2,3,200.18,2150,PowerBurst,28147.37890625
1855.2,0,199.08,2383,PowerBurst,28443.4921875
1855.2,1,198.20,2400,None,28445.50390625
1855.2,2,196.00,2383,PowerBurst,28145.33203125
1855.2,3,196.72,2383,PowerBurst,28147.37890625
1860.2,0,199.72,2383,PowerBurst,28443.4921875
1860.2,1,198.65,2383,PowerBurst,28445.50390625
1860.2,2,196.42,2400,None,28145.33203125
1860.2,3,196.68,2400,None,28147.37890625
1865.2,0,200.17,2333,PowerBurst,28443.4921875
1865.2,1,201.42,2133,PowerBurst,28445.50390625
1865.2,2,200.74,2133,PowerBurst,28145.33203125
1865.2,3,199.75,2283,PowerBurst,28147.37890625
1870.2,0,201.26,2083,PowerBurst,28443.4921875
1870.2,1,199.29,2250,PowerBurst,28445.50390625
1870.2,2,199.17,2217,PowerBurst,28145.45703125
1870.2,3,199.59,2300,PowerBurst,28147.37890625
1875.2,0,198.32,2400,None,28443.4921875
1875.2,1,198.39,2383,PowerBurst,28445.50390625
1875.2,2,196.43,2383,PowerBurst,28145.45703125
1875.2,3,197.67,2383,PowerBurst,28147.37890625
1880.2,0,199.88,2400,None,28443.4921875
1880.2,1,199.37,2283,PowerBurst,28445.50390625
1880.2,2,198.07,2200,PowerBurst,28145.45703125
1880.2,3,198.88,2217,PowerBurst,28147.37890625
1885.2,0,199.93,2383,PowerBurst,28443.4921875
1885.2,1,199.41,2383,PowerBurst,28445.50390625
1885.2,2,199.20,2283,PowerBurst,28145.45703125
1885.2,3,199.36,2150,PowerBurst,28147.37890625
1890.2,0,200.62,2267,PowerBurst,28443.4921875
1890.2,1,199.70,2383,PowerBurst,28445.50390625
1890.2,2,198.87,2400,None,28145.45703125
1890.2,3,198.64,2233,PowerBurst,28147.37890625
1895.2,0,199.34,2383,PowerBurst,28443.4921875
1895.2,1,198.90,2383,PowerBurst,28445.50390625
1895.2,2,196.78,2383,PowerBurst,28145.45703125
1895.2,3,196.97,2400,None,28147.37890625
1900.2,0,201.27,2117,PowerBurst,28443.4921875
1900.2,1,200.25,2133,PowerBurst,28445.50390625
1900.2,2,197.99,2133,PowerBurst,28145.45703125
1900.2,3,198.51,2317,PowerBurst,28147.37890625
1905.2,0,199.52,2183,PowerBurst,28443.4921875
1905.2,1,198.60,2383,PowerBurst,28445.50390625
1905.2,2,200.27,2083,PowerBurst,28145.45703125
1905.2,3,199.41,2300,PowerBurst,28147.37890625
1910.2,0,200.18,2133,PowerBurst,28443.4921875
1910.2,1,199.74,2383,PowerBurst,28445.50390625
1910.2,2,197.29,2400,None,28145.45703125
1910.2,3,198.58,2350,PowerBurst,28147.37890625
1915.2,0,198.72,2383,PowerBurst,28443.4921875
1915.2,1,198.93,2383,PowerBurst,28445.50390625
1915.2,2,196.53,2383,PowerBurst,28145.45703125
1915.2,3,197.65,2400,None,28147.37890625
1920.2,0,200.07,2333,PowerBurst,28443.4921875
1920.2,1,199.33,2367,PowerBurst,28445.50390625
1920.2,2,197.93,2217,PowerBurst,28145.45703125
1920.2,3,199.84,2183,PowerBurst,28147.37890625
1925.2,0,199.82,2350,PowerBurst,28443.4921875
1925.2,1,201.02,2117,PowerBurst,28445.50390625
1925.2,2,199.31,2333,PowerBurst,28145.45703125
1925.2,3,197.85,2400,None,28147.37890625
1930.2,0,201.43,2100,PowerBurst,28443.4921875
1930.2,1,198.32,2383,PowerBurst,28445.50390625
1930.2,2,198.53,2400,None,28145.45703125
1930.2,3,199.14,2400,None,28147.37890625
1935.2,0,198.35,2383,None,28443.4921875
1935.2,1,198.94,2383,PowerBurst,28445.50390625
1935.2,2,196.90,2383,PowerBurst,28145.45703125
1935.2,3,198.71,2150,PowerBurst,28147.37890625
1940.2,0,200.83,2200,PowerBurst,28443.4921875
1940.2,1,199.50,2367,PowerBurst,28445.50390625
1940.2,2,198.36,2400,None,28145.45703125
1940.2,3,198.22,2233,PowerBurst,28147.37890625
1945.2,0,199.73,2250,PowerBurst,28443.4921875
1945.2,1,200.78,2217,PowerBurst,28445.50390625
1945.2,2,200.28,2300,PowerBurst,28145.45703125
1945.2,3,199.12,2150,PowerBurst,28147.37890625
1950.2,0,200.49,2133,PowerBurst,28443.4921875
1950.2,1,198.66,2400,None,28445.50390625
1950.2,2,197.96,2383,PowerBurst,28145.45703125
1950.2,3,197.95,2383,PowerBurst,28147.37890625
1955.2,0,198.62,2383,PowerBurst,28443.4921875
1955.2,1,198.62,2400,None,28445.50390625
1955.2,2,196.77,2400,None,28145.45703125
1955.2,3,196.85,2383,PowerBurst,28147.37890625
1960.2,0,198.71,2400,None,28443.4921875
1960.2,1,192.67,2400,None,28445.50390625
1960.2,2,178.63,2400,None,28145.45703125
1960.2,3,192.45,2400,None,28147.37890625
1965.2,0,141.43,2400,None,28443.4921875
1965.2,1,73.91,2400,None,28445.50390625
1965.2,2,55.32,2400,None,28145.45703125
1965.2,3,68.01,2400,None,28147.37890625
1970.2,0,59.34,2400,None,28443.4921875
1970.2,1,58.93,2400,None,28445.50390625
1970.3,2,57.06,2400,None,28145.45703125
1970.3,3,57.76,2400,None,28147.37890625
1975.2,0,59.88,2400,None,28443.4921875
1975.3,1,60.16,2400,None,28445.50390625
1975.3,2,58.54,2400,None,28145.45703125
1975.3,3,58.88,2400,None,28147.37890625
1980.2,0,170.80,2400,None,28443.4921875
1980.2,1,59.88,2400,None,28445.50390625
1980.2,2,57.76,2400,None,28145.45703125
1980.3,3,58.65,2400,None,28147.37890625
1985.3,0,181.83,2400,None,28443.4921875
1985.3,1,59.81,2400,None,28445.50390625
1985.3,2,57.81,2400,None,28145.45703125
1985.3,3,63.52,2283,PowerBurst,28147.37890625
1990.3,0,60.96,2400,None,28443.4921875
1990.3,1,59.62,2400,None,28445.50390625
1990.3,2,57.81,2400,None,28145.45703125
1990.3,3,183.49,2400,None,28147.37890625
1995.3,0,83.07,2300,PowerBurst,28443.4921875
1995.3,1,59.10,2400,None,28445.50390625
1995.3,2,57.51,2400,None,28145.45703125
1995.3,3,162.20,2400,None,28147.37890625
2000.3,0,185.19,2400,None,28443.4921875
2000.3,1,55.33,2400,None,28445.50390625
2000.3,2,53.36,2400,None,28145.45703125
2000.3,3,55.41,2400,None,28147.37890625
2005.3,0,142.11,2400,None,28443.4921875
2005.3,1,55.31,2400,None,28445.50390625
2005.3,2,99.89,2400,None,28145.45703125
2005.3,3,54.98,2400,None,28147.37890625
2010.3,0,57.07,2400,None,28443.4921875
2010.3,1,56.01,2400,None,28445.50390625
2010.3,2,178.83,2400,None,28145.45703125
2010.3,3,55.50,2400,None,28147.37890625
2015.3,0,59.95,2400,None,28443.4921875
2015.3,1,127.12,2400,None,28445.50390625
2015.3,2,116.67,2400,None,28145.45703125
2015.3,3,58.76,2400,None,28147.37890625
2020.3,0,59.55,2400,None,28443.4921875
2020.3,1,182.77,2400,None,28445.50390625
2020.3,2,58.06,2400,None,28145.45703125
2020.3,3,58.44,2400,None,28147.37890625
2025.3,0,59.62,2400,None,28443.4921875
2025.3,1,164.69,2400,None,28445.50390625
2025.3,2,57.72,2400,None,28145.45703125
2025.3,3,80.44,2133,PowerBurst,28147.37890625
2030.3,0,59.62,2400,None,28443.4921875
2030.3,1,60.14,2400,None,28445.50390625
2030.3,2,57.81,2400,None,28145.45703125
2030.3,3,180.41,2400,None,28147.37890625
2035.3,0,59.58,2400,None,28443.4921875
2035.3,1,59.49,2400,None,28445.50390625
2035.3,2,57.79,2400,None,28145.45703125
2035.3,3,181.11,2400,None,28147.37890625
2040.3,0,178.17,2400,None,28443.4921875
2040.3,1,56.61,2400,None,28445.50390625
2040.3,2,54.46,2400,None,28145.45703125
2040.3,3,65.59,2400,None,28147.37890625
2045.3,0,184.75,2400,None,28443.4921875
2045.3,1,55.38,2400,None,28445.50390625
2045.3,2,53.51,2400,None,28145.45703125
2045.3,3,55.00,2400,None,28147.37890625
2050.3,0,72.47,2400,None,28443.4921875
2050.3,1,55.40,2400,None,28445.50390625
2050.3,2,166.79,2400,None,28145.45703125
2050.3,3,54.79,2400,None,28147.37890625
2055.3,0,59.08,2400,None,28443.4921875
2055.3,1,58.42,2400,None,28445.50390625
2055.3,2,179.03,2400,None,28145.45703125
2055.3,3,57.75,2400,None,28147.37890625
2060.3,0,59.49,2400,None,28443.4921875
2060.3,1,160.62,2400,None,28445.50390625
2060.3,2,83.27,2400,None,28145.45703125
2060.3,3,58.31,2400,None,28147.37890625
2065.3,0,59.42,2400,None,28443.4921875
2065.3,1,182.78,2400,None,28445.50390625
2065.3,2,57.93,2400,None,28145.45703125
2065.3,3,58.34,2400,None,28147.37890625
2070.3,0,59.53,2400,None,28443.4921875
2070.3,1,84.01,2400,None,28445.50390625
2070.3,2,57.88,2400,None,28145.45703125
2070.3,3,160.68,2400,None,28147.37890625
2075.3,0,59.45,2400,None,28443.4921875
2075.3,1,59.52,2400,None,28445.50390625
2075.3,2,57.79,2400,None,28145.45703125
2075.3,3,180.56,2400,None,28147.37890625
2080.3,0,156.49,2400,None,28443.4921875
2080.3,1,58.13,2400,None,28445.50390625
2080.3,2,56.11,2400,None,28145.45703125
2080.3,3,88.24,2400,None,28147.37890625
2085.3,0,184.43,2400,None,28443.4921875
2085.3,1,55.38,2400,None,28445.50390625
2085.3,2,53.39,2400,None,28145.45703125
2085.3,3,54.86,2400,None,28147.37890625
2090.3,0,98.15,2400,None,28443.4921875
2090.3,1,55.42,2400,None,28445.50390625
2090.3,2,141.55,2400,None,28145.45703125
2090.3,3,54.74,2400,None,28147.37890625
2095.3,0,57.38,2400,None,28443.4921875
2095.3,1,56.80,2400,None,28445.50390625
2095.3,2,178.88,2400,None,28145.45703125
2095.3,3,56.28,2400,None,28147.37890625
2100.3,0,59.51,2400,None,28443.4921875
2100.3,1,113.32,2400,None,28445.50390625
2100.3,2,129.02,2400,None,28145.45703125
2100.3,3,58.24,2400,None,28147.37890625
2105.3,0,59.39,2400,None,28443.4921875
2105.3,1,182.50,2400,None,28445.50390625
2105.3,2,58.33,2400,None,28145.45703125
2105.3,3,58.31,2400,None,28147.37890625
2110.3,0,59.43,2400,None,28443.4921875
2110.3,1,132.48,2400,None,28445.50390625
2110.3,2,57.92,2400,None,28145.45703125
2110.3,3,112.07,2400,None,28147.37890625
2115.3,0,59.35,2400,None,28443.4921875
2115.3,1,59.60,2400,None,28445.50390625
2115.3,2,57.71,2400,None,28145.45703125
2115.3,3,180.33,2400,None,28147.37890625
2120.3,0,96.02,2400,None,28443.4921875
2120.3,1,59.47,2400,None,28445.50390625
2120.3,2,57.53,2400,None,28145.45703125
2120.3,3,147.47,2400,None,28147.37890625
2125.3,0,183.88,2400,None,28443.4921875
2125.3,1,55.49,2400,None,28445.50390625
2125.3,2,53.65,2400,None,28145.45703125
2125.3,3,55.22,2400,None,28147.37890625
2130.3,0,163.91,2400,None,28443.4921875
2130.3,1,55.35,2400,None,28445.50390625
2130.3,2,77.62,2267,PowerBurst,28145.45703125
2130.3,3,54.76,2400,None,28147.37890625
2135.3,0,55.78,2250,None,28443.4921875
2135.3,1,55.32,2400,None,28445.50390625
2135.3,2,178.24,2400,None,28145.45703125
2135.3,3,54.80,2400,None,28147.37890625
2140.3,0,59.80,2400,None,28443.4921875
2140.3,1,81.78,2133,PowerBurst,28445.50390625
2140.3,2,161.10,2400,None,28145.45703125
2140.3,3,58.40,2400,None,28147.37890625
2145.3,0,59.52,2400,None,28443.4921875
2145.3,1,181.87,2400,None,28445.50390625
2145.3,2,58.28,2400,None,28145.45703125
2145.3,3,58.32,2400,None,28147.37890625
2150.3,0,59.45,2400,None,28443.4921875
2150.3,1,169.44,2400,None,28445.50390625
2150.3,2,57.90,2400,None,28145.45703125
2150.3,3,58.30,2400,None,28147.37890625
2155.3,0,59.63,2400,None,28443.4921875
2155.3,1,59.93,2400,None,28445.50390625
2155.3,2,57.92,2400,None,28145.45703125
2155.3,3,58.60,2400,None,28147.37890625
2160.3,0,59.31,2400,None,28443.4921875
2160.3,1,59.50,2400,None,28445.50390625
2160.3,2,57.44,2400,None,28145.45703125
2160.3,3,58.29,2400,None,28147.37890625
2165.3,0,56.89,2400,None,28443.4921875
2165.3,1,131.78,2400,None,28445.50390625
2165.3,2,55.18,2400,None,28145.45703125
2165.3,3,55.99,2400,None,28147.37890625
2170.3,0,55.04,2400,None,28443.4921875
2170.3,1,183.07,2400,None,28445.50390625
2170.3,2,53.62,2400,None,28145.45703125
2170.3,3,54.30,2400,None,28147.37890625
2175.3,0,55.08,2400,None,28443.4921875
2175.3,1,84.03,2400,None,28445.50390625
2175.3,2,155.55,2400,None,28145.45703125
2175.3,3,54.41,2400,None,28147.37890625
2180.3,0,57.63,2400,None,28443.4921875
2180.3,1,58.26,2400,None,28445.50390625
2180.3,2,178.76,2400,None,28145.45703125
2180.3,3,56.43,2400,None,28147.37890625
2185.3,0,58.86,2400,None,28443.4921875
2185.3,1,175.05,2400,None,28445.50390625
2185.3,2,70.08,2400,None,28145.45703125
2185.3,3,57.97,2400,None,28147.37890625
2190.3,0,58.95,2400,None,28443.4921875
2190.3,1,177.58,2400,None,28445.50390625
2190.3,2,57.99,2400,None,28145.45703125
2190.3,3,64.88,2250,PowerBurst,28147.37890625
2195.3,0,59.13,2400,None,28443.4921875
2195.3,1,60.50,2400,None,28445.50390625
2195.3,2,57.89,2400,None,28145.45703125
2195.3,3,181.70,2400,None,28147.37890625
2200.3,0,83.66,2200,PowerBurst,28443.4921875
2200.3,1,59.74,2400,None,28445.50390625
2200.3,2,57.45,2400,None,28145.45703125
2200.3,3,159.11,2400,None,28147.37890625
2205.3,0,182.65,2400,None,28443.4921875
2205.3,1,58.81,2400,None,28445.50390625
2205.3,2,56.80,2400,None,28145.45703125
2205.3,3,58.04,2400,None,28147.37890625
2210.3,0,183.73,2400,None,28443.4921875
2210.3,1,55.56,2400,None,28445.50390625
2210.3,2,53.40,2400,None,28145.45703125
2210.3,3,54.61,2400,None,28147.37890625
2215.3,0,72.95,2400,None,28443.4921875
2215.3,1,55.25,2400,None,28445.50390625
2215.3,2,165.46,2400,None,28145.45703125
2215.3,3,54.57,2400,None,28147.37890625
2220.3,0,56.40,2400,None,28443.4921875
2220.3,1,56.14,2400,None,28445.50390625
2220.3,2,179.00,2400,None,28145.45703125
2220.3,3,55.43,2400,None,28147.37890625
2225.3,0,59.39,2400,None,28443.4921875
2225.3,1,148.14,2400,None,28445.50390625
2225.3,2,95.82,2400,None,28145.45703125
2225.3,3,58.19,2400,None,28147.37890625
2230.3,0,59.24,2400,None,28443.4921875
2230.3,1,182.91,2400,None,28445.50390625
2230.3,2,58.17,2400,None,28145.45703125
2230.3,3,58.17,2400,None,28147.37890625
2235.3,0,59.25,2400,None,28443.4921875
2235.3,1,111.02,2400,None,28445.50390625
2235.3,2,57.85,2400,None,28145.45703125
2235.3,3,132.45,2400,None,28147.37890625
2240.3,0,58.99,2400,None,28443.4921875
2240.3,1,59.79,2400,None,28445.50390625
2240.3,2,57.38,2400,None,28145.45703125
2240.3,3,179.96,2400,None,28147.37890625
2245.3,0,129.45,2400,None,28443.4921875
2245.3,1,59.60,2400,None,28445.50390625
2245.3,2,57.39,2400,None,28145.45703125
2245.3,3,115.21,2400,None,28147.37890625
2250.3,0,183.65,2400,None,28443.4921875
2250.3,1,56.20,2400,None,28445.50390625
2250.3,2,54.36,2400,None,28145.45703125
2250.3,3,55.52,2400,None,28147.37890625
2255.3,0,104.21,2400,None,28443.4921875
2255.3,1,55.32,2400,None,28445.50390625
2255.3,2,135.95,2400,None,28145.45703125
2255.3,3,54.75,2400,None,28147.37890625
2260.3,0,55.47,2400,None,28443.4921875
2260.3,1,55.25,2400,None,28445.50390625
2260.3,2,178.82,2400,None,28145.45703125
2260.3,3,54.52,2400,None,28147.37890625
2265.3,0,58.76,2400,None,28443.4921875
2265.3,1,135.28,2400,None,28445.50390625
2265.3,2,107.11,2400,None,28145.45703125
2265.3,3,57.67,2400,None,28147.37890625
2270.3,0,59.39,2400,None,28443.4921875
2270.3,1,182.88,2400,None,28445.50390625
2270.3,2,58.29,2400,None,28145.45703125
2270.3,3,58.35,2400,None,28147.37890625
2275.3,0,59.36,2400,None,28443.4921875
2275.3,1,129.50,2400,None,28445.50390625
2275.3,2,57.82,2400,None,28145.45703125
2275.3,3,114.40,2400,None,28147.37890625
2280.3,0,59.38,2400,None,28443.4921875
2280.3,1,59.68,2400,None,28445.50390625
2280.3,2,57.81,2400,None,28145.45703125
2280.3,3,180.07,2400,None,28147.37890625
2285.3,0,78.48,2100,PowerBurst,28443.4921875
2285.3,1,59.62,2400,None,28445.50390625
2285.3,2,57.35,2400,None,28145.45703125
2285.3,3,164.57,2400,None,28147.37890625
2290.3,0,183.31,2400,None,28443.4921875
2290.3,1,57.70,2400,None,28445.50390625
2290.3,2,55.70,2400,None,28145.45703125
2290.3,3,57.52,2400,None,28147.37890625
2295.3,0,167.12,2400,None,28443.4921875
2295.3,1,55.14,2400,None,28445.50390625
2295.3,2,74.71,2167,PowerBurst,28145.45703125
2295.3,3,54.66,2400,None,28147.37890625
2300.3,0,55.44,2400,None,28443.4921875
2300.3,1,55.25,2400,None,28445.50390625
2300.3,2,178.00,2400,None,28145.45703125
2300.3,3,54.53,2400,None,28147.37890625
2305.3,0,57.45,2400,None,28443.4921875
2305.3,1,71.09,2150,PowerBurst,28445.50390625
2305.3,2,167.79,2400,None,28145.45703125
2305.3,3,56.41,2400,None,28147.37890625
2310.3,0,59.40,2400,None,28443.4921875
2310.3,1,183.03,2400,None,28445.50390625
2310.3,2,58.42,2400,None,28145.45703125
2310.3,3,58.36,2400,None,28147.37890625
2315.3,0,59.46,2400,None,28443.4921875
2315.3,1,182.80,2400,None,28445.50390625
2315.3,2,58.06,2400,None,28145.45703125
2315.3,3,58.43,2400,None,28147.37890625
2320.3,0,59.34,2400,None,28443.4921875
2320.3,1,67.94,2400,None,28445.50390625
2320.3,2,57.80,2400,None,28145.45703125
2320.3,3,175.01,2400,None,28147.37890625
2325.3,0,59.23,2400,None,28443.4921875
2325.3,1,59.64,2400,None,28445.50390625
2325.3,2,57.50,2400,None,28145.45703125
2325.3,3,180.37,2400,None,28147.37890625
2330.3,0,172.01,2400,None,28443.4921875
2330.3,1,59.31,2400,None,28445.50390625
2330.3,2,57.29,2400,None,28145.45703125
2330.3,3,73.92,2400,None,28147.37890625
2335.3,0,184.07,2400,None,28443.4921875
2335.3,1,55.50,2400,None,28445.50390625
2335.3,2,53.49,2400,None,28145.45703125
2335.3,3,54.89,2400,None,28147.37890625
2340.3,0,70.38,2400,None,28443.4921875
2340.3,1,55.03,2400,None,28445.50390625
2340.3,2,53.06,2400,None,28145.45703125
2340.3,3,54.40,2400,None,28147.37890625
2345.3,0,55.98,2400,None,28443.4921875
2345.3,1,55.63,2400,None,28445.50390625
2345.3,2,53.72,2400,None,28145.45703125
2345.3,3,55.23,2400,None,28147.37890625
2350.3,0,120.35,2400,None,28443.4921875
2350.3,1,59.06,2400,None,28445.50390625
2350.3,2,57.03,2400,None,28145.45703125
2350.3,3,58.46,2400,None,28147.37890625
2355.3,0,184.43,2400,None,28443.4921875
2355.3,1,59.03,2400,None,28445.50390625
2355.3,2,57.24,2400,None,28145.45703125
2355.3,3,58.48,2400,None,28147.37890625
2360.3,0,113.97,2400,None,28443.4921875
2360.3,1,58.81,2400,None,28445.50390625
2360.3,2,57.26,2400,None,28145.45703125
2360.3,3,130.79,2400,None,28147.37890625
2365.3,0,59.74,2400,None,28443.4921875
2365.3,1,58.98,2400,None,28445.50390625
2365.3,2,57.05,2400,None,28145.45703125
2365.3,3,180.17,2400,None,28147.37890625
2370.3,0,151.06,2400,None,28443.4921875
2370.3,1,59.04,2400,None,28445.50390625
2370.3,2,57.03,2400,None,28145.45703125
2370.3,3,95.37,2400,None,28147.37890625
2375.3,0,185.14,2400,None,28443.4921875
2375.3,1,56.18,2400,None,28445.50390625
2375.3,2,54.33,2400,None,28145.45703125
2375.3,3,55.97,2400,None,28147.37890625
2380.3,0,68.33,2400,None,28443.4921875
2380.3,1,54.84,2400,None,28445.50390625
2380.3,2,171.01,2400,None,28145.45703125
2380.3,3,54.40,2400,None,28147.37890625
2385.3,0,55.63,2400,None,28443.4921875
2385.3,1,58.22,2300,PowerBurst,28445.50390625
2385.3,2,176.11,2400,None,28145.45703125
2385.3,3,54.58,2400,None,28147.37890625
2390.3,0,58.56,2400,None,28443.4921875
2390.3,1,184.31,2400,None,28445.50390625
2390.3,2,56.66,2400,None,28145.45703125
2390.3,3,57.37,2400,None,28147.37890625
2395.3,0,59.61,2400,None,28443.4921875
2395.3,1,181.93,2400,None,28445.50390625
2395.3,2,57.80,2400,None,28145.45703125
2395.3,3,58.41,2400,None,28147.37890625
2400.3,0,59.45,2400,None,28443.4921875
2400.3,1,100.05,2400,None,28445.50390625
2400.3,2,57.60,2400,None,28145.45703125
2400.3,3,143.06,2400,None,28147.37890625
2405.3,0,59.12,2400,None,28443.4921875
2405.3,1,59.33,2400,None,28445.50390625
2405.3,2,57.15,2400,None,28145.45703125
2405.3,3,180.36,2400,None,28147.37890625
2410.3,0,115.35,2400,None,28443.4921875
2410.3,1,59.31,2400,None,28445.50390625
2410.3,2,57.29,2400,None,28145.45703125
2410.3,3,128.49,2400,None,28147.37890625
2415.3,0,184.21,2400,None,28443.4921875
2415.3,1,57.99,2400,None,28445.50390625
2415.3,2,56.10,2400,None,28145.45703125
2415.3,3,57.76,2400,None,28147.37890625
2420.3,0,138.90,2400,None,28443.4921875
2420.3,1,54.83,2400,None,28445.50390625
2420.3,2,102.78,2400,None,28145.45703125
2420.3,3,54.23,2400,None,28147.37890625
2425.3,0,55.65,2400,None,28443.4921875
2425.3,1,55.10,2400,None,28445.50390625
2425.3,2,178.71,2400,None,28145.45703125
2425.3,3,54.62,2400,None,28147.37890625
2430.3,0,56.97,2400,None,28443.4921875
2430.3,1,104.73,2400,None,28445.50390625
2430.3,2,135.35,2400,None,28145.45703125
2430.3,3,56.00,2400,None,28147.37890625
2435.3,0,59.58,2400,None,28443.4921875
2435.3,1,182.08,2400,None,28445.50390625
2435.3,2,58.13,2400,None,28145.45703125
2435.3,3,58.43,2400,None,28147.37890625
2440.3,0,59.54,2400,None,28443.4921875
2440.3,1,133.55,2400,None,28445.50390625
2440.3,2,57.77,2400,None,28145.45703125
2440.3,3,111.24,2400,None,28147.37890625
2445.3,0,59.16,2400,None,28443.4921875
2445.3,1,59.51,2400,None,28445.50390625
2445.3,2,57.38,2400,None,28145.45703125
2445.3,3,180.17,2400,None,28147.37890625
2450.3,0,100.46,2400,None,28443.4921875
2450.3,1,59.26,2400,None,28445.50390625
2450.3,2,57.37,2400,None,28145.45703125
2450.3,3,143.94,2400,None,28147.37890625
2455.3,0,184.03,2400,None,28443.4921875
2455.3,1,59.30,2400,None,28445.50390625
2455.3,2,57.29,2400,None,28145.45703125
2455.3,3,59.09,2400,None,28147.37890625
2460.3,0,164.15,2400,None,28443.4921875
2460.3,1,55.33,2400,None,28445.50390625
2460.3,2,77.64,2333,PowerBurst,28145.45703125
2460.3,3,54.74,2400,None,28147.37890625
2465.3,0,55.49,2400,None,28443.4921875
2465.3,1,54.91,2400,None,28445.50390625
2465.3,2,178.66,2400,None,28145.45703125
2465.3,3,54.33,2400,None,28147.37890625
2470.3,0,55.66,2400,None,28443.4921875
2470.3,1,55.22,2400,None,28445.50390625
2470.3,2,178.81,2400,None,28145.45703125
2470.3,3,54.68,2400,None,28147.37890625
2475.3,0,59.44,2400,None,28443.4921875
2475.3,1,177.09,2400,None,28445.50390625
2475.3,2,66.25,2400,None,28145.45703125
2475.3,3,58.33,2400,None,28147.37890625
2480.3,0,59.55,2400,None,28443.4921875
2480.3,1,182.35,2400,None,28445.50390625
2480.3,2,57.73,2400,None,28145.45703125
2480.3,3,58.28,2400,None,28147.37890625
2485.3,0,59.25,2400,None,28443.4921875
2485.3,1,67.38,2400,None,28445.50390625
2485.3,2,57.55,2400,None,28145.45703125
2485.3,3,176.36,2400,None,28147.37890625
2490.3,0,59.17,2400,None,28443.4921875
2490.3,1,59.41,2400,None,28445.50390625
2490.3,2,57.53,2400,None,28145.45703125
2490.3,3,180.36,2400,None,28147.37890625
2495.3,0,167.78,2400,None,28443.4921875
2495.3,1,59.32,2400,None,28445.50390625
2495.3,2,57.52,2400,None,28145.45703125
2495.3,3,77.73,2400,None,28147.37890625
2500.3,0,184.31,2400,None,28443.4921875
2500.3,1,56.93,2400,None,28445.50390625
2500.3,2,55.41,2400,None,28145.45703125
2500.3,3,56.71,2400,None,28147.37890625
2505.3,0,90.97,2400,None,28443.4921875
2505.3,1,55.04,2400,None,28445.50390625
2505.3,2,147.92,2400,None,28145.45703125
2505.3,3,54.40,2400,None,28147.37890625
2510.3,0,55.49,2400,None,28443.4921875
2510.3,1,54.98,2400,None,28445.50390625
2510.3,2,178.68,2400,None,28145.45703125
2510.3,3,54.45,2400,None,28147.37890625
2515.3,0,57.95,2400,None,28443.4921875
2515.3,1,152.43,2400,None,28445.50390625
2515.3,2,89.48,2400,None,28145.45703125
2515.3,3,56.85,2400,None,28147.37890625
2520.3,0,59.52,2400,None,28443.4921875
2520.3,1,182.31,2400,None,28445.50390625
2520.3,2,58.18,2400,None,28145.45703125
2520.3,3,58.37,2400,None,28147.37890625
2525.3,0,59.33,2400,None,28443.4921875
2525.3,1,103.36,2400,None,28445.50390625
2525.3,2,57.70,2400,None,28145.45703125
2525.3,3,58.26,2400,None,28147.37890625
2530.3,0,59.55,2400,None,28443.4921875
2530.3,1,59.58,2400,None,28445.50390625
2530.3,2,57.60,2400,None,28145.45703125
2530.3,3,58.31,2400,None,28147.37890625
2535.3,0,59.71,2400,None,28443.4921875
2535.3,1,73.09,2133,PowerBurst,28445.50390625
2535.3,2,57.57,2400,None,28145.45703125
2535.3,3,58.60,2400,None,28147.37890625
2540.3,0,58.53,2400,None,28443.4921875
2540.3,1,183.43,2400,None,28445.50390625
2540.3,2,56.87,2400,None,28145.45703125
2540.3,3,57.58,2400,None,28147.37890625
2545.3,0,85.07,2100,PowerBurst,28443.4921875
2545.3,1,188.40,2117,PowerBurst,28445.50390625
2545.3,2,83.73,2100,PowerBurst,28145.45703125
2545.3,3,84.11,2133,PowerBurst,28147.37890625
2550.3,0,187.94,2400,None,28443.4921875
2550.3,1,186.53,2400,None,28445.50390625
2550.3,2,183.26,2400,None,28145.45703125
2550.3,3,182.54,2400,None,28147.37890625
2555.3,0,188.31,2400,None,28443.4921875
2555.3,1,187.09,2133,PowerBurst,28445.50390625
2555.3,2,186.77,2100,PowerBurst,28145.45703125
2555.3,3,185.35,2133,PowerBurst,28147.37890625
2560.3,0,193.92,2400,None,28443.4921875
2560.3,1,189.49,2400,None,28445.50390625
2560.3,2,186.61,2400,None,28145.45703125
2560.3,3,186.01,2400,None,28147.37890625
2565.3,0,189.87,2400,None,28443.4921875
2565.3,1,185.36,2400,None,28445.50390625
2565.3,2,184.17,2400,None,28145.45703125
2565.3,3,181.91,2400,None,28147.37890625
2570.3,0,194.65,2333,PowerBurst,28443.4921875
2570.3,1,191.56,2400,None,28445.50390625
2570.3,2,191.15,2400,None,28145.45703125
2570.3,3,189.43,2400,None,28147.37890625
2575.3,0,189.11,2400,None,28443.4921875
2575.3,1,185.98,2400,None,28445.50390625
2575.3,2,185.21,2400,None,28145.45703125
2575.3,3,183.20,2400,None,28147.37890625
2580.3,0,194.17,2100,PowerBurst,28443.4921875
2580.3,1,191.46,2200,PowerBurst,28445.50390625
2580.3,2,188.01,2400,None,28145.45703125
2580.3,3,186.05,2400,None,28147.37890625
2585.3,0,189.61,2400,None,28443.4921875
2585.3,1,186.09,2400,None,28445.50390625
2585.3,2,188.80,2400,None,28145.45703125
2585.3,3,187.19,2400,None,28147.37890625
2590.3,0,191.93,2400,None,28443.4921875
2590.3,1,188.71,2400,None,28445.50390625
2590.3,2,188.49,2400,None,28145.45703125
2590.3,3,186.37,2133,PowerBurst,28147.37890625
2595.3,0,192.04,2400,None,28443.4921875
2595.3,1,189.20,2400,None,28445.50390625
2595.3,2,188.52,2400,None,28145.45703125
2595.3,3,187.38,2400,None,28147.37890625
2600.3,0,192.19,2300,PowerBurst,28443.4921875
2600.3,1,186.02,2400,None,28445.50390625
2600.3,2,187.24,2167,PowerBurst,28145.45703125
2600.3,3,183.29,2400,None,28147.37890625
2605.3,0,191.99,2400,None,28443.4921875
2605.3,1,191.86,2400,None,28445.50390625
2605.3,2,189.73,2400,None,28145.45703125
2605.3,3,190.36,2400,None,28147.37890625
2610.3,0,189.88,2400,None,28443.4921875
2610.3,1,186.57,2400,None,28445.50390625
2610.3,2,185.55,2400,None,28145.45703125
2610.3,3,183.85,2400,None,28147.37890625
2615.3,0,194.30,2117,PowerBurst,28443.4921875
2615.3,1,192.14,2200,PowerBurst,28445.50390625
2615.3,2,188.52,2400,None,28145.45703125
2615.3,3,190.15,2133,PowerBurst,28147.37890625
2620.3,0,190.08,2400,None,28443.4921875
2620.3,1,186.32,2400,None,28445.50390625
2620.3,2,188.73,2400,None,28145.45703125
2620.3,3,183.98,2400,None,28147.37890625
2625.3,0,192.13,2400,None,28443.4921875
2625.3,1,188.97,2400,None,28445.50390625
2625.3,2,188.80,2400,None,28145.45703125
2625.3,3,186.72,2400,None,28147.37890625
2630.3,0,192.23,2400,None,28443.4921875
2630.3,1,189.60,2400,None,28445.50390625
2630.3,2,188.73,2400,None,28145.45703125
2630.3,3,187.31,2400,None,28147.37890625
2635.3,0,189.07,2400,None,28443.4921875
2635.3,1,185.91,2400,None,28445.50390625
2635.3,2,184.92,2400,None,28145.45703125
2635.3,3,183.21,2400,None,28147.37890625
2640.3,0,101.01,2400,None,28443.4921875
2640.3,1,103.00,2400,None,28445.50390625
2640.3,2,131.76,2400,None,28145.45703125
2640.3,3,88.34,2400,None,28147.37890625
2645.3,0,61.04,2400,None,28443.4921875
2645.3,1,60.90,2400,None,28445.50390625
2645.3,2,58.90,2400,None,28145.45703125
2645.3,3,59.60,2400,None,28147.37890625
2650.3,0,59.80,2400,None,28443.4921875
2650.3,1,60.26,2400,None,28445.50390625
2650.3,2,58.41,2400,None,28145.45703125
2650.3,3,58.93,2400,None,28147.37890625
2655.3,0,163.47,2400,None,28443.4921875
2655.3,1,60.16,2400,None,28445.50390625
2655.3,2,58.01,2400,None,28145.45703125
2655.3,3,58.92,2400,None,28147.37890625
2660.3,0,185.57,2400,None,28443.4921875
2660.3,1,59.55,2400,None,28445.50390625
2660.3,2,58.08,2400,None,28145.45703125
2660.3,3,58.78,2400,None,28147.37890625
2665.3,0,194.47,2400,None,28443.4921875
2665.3,1,187.95,2400,None,28445.50390625
2665.3,2,186.54,2400,None,28145.45703125
2665.3,3,186.14,2400,None,28147.37890625
2670.3,0,191.00,2400,None,28443.4921875
2670.3,1,185.67,2400,None,28445.50390625
2670.3,2,183.78,2400,None,28145.45703125
2670.3,3,182.40,2400,None,28147.37890625
2675.3,0,194.68,2400,None,28443.4921875
2675.3,1,191.49,2400,None,28445.50390625
2675.3,2,190.75,2400,None,28145.45703125
2675.3,3,189.94,2400,None,28147.37890625
2680.3,0,189.95,2400,None,28443.4921875
2680.3,1,185.65,2400,None,28445.50390625
2680.3,2,185.03,2400,None,28145.45703125
2680.3,3,183.32,2400,None,28147.37890625
2685.4,0,195.02,2133,PowerBurst,28443.4921875
2685.4,1,190.82,2117,PowerBurst,28445.50390625
2685.4,2,188.46,2400,None,28145.45703125
2685.4,3,189.79,2400,None,28147.37890625
2690.4,0,189.67,2400,None,28443.4921875
2690.4,1,186.20,2400,None,28445.50390625
2690.4,2,188.90,2400,None,28145.45703125
2690.4,3,183.92,2400,None,28147.37890625
2695.4,0,192.77,2167,PowerBurst,28443.4921875
2695.4,1,185.65,2400,None,28445.50390625
2695.4,2,188.81,2100,PowerBurst,28145.45703125
2695.4,3,186.48,2400,None,28147.37890625
2700.4,0,192.05,2400,None,28443.4921875
2700.4,1,192.16,2400,None,28445.50390625
2700.4,2,188.86,2400,None,28145.45703125
2700.4,3,187.45,2400,None,28147.37890625
2705.4,0,189.97,2400,None,28443.4921875
2705.4,1,186.29,2400,None,28445.50390625
2705.4,2,185.77,2400,None,28145.45703125
2705.4,3,185.78,2150,PowerBurst,28147.37890625
2710.4,0,194.84,2400,None,28443.4921875
2710.4,1,192.20,2117,PowerBurst,28445.50390625
2710.4,2,191.84,2400,None,28145.45703125
2710.4,3,188.43,2400,None,28147.37890625
2715.4,0,190.21,2400,None,28443.4921875
2715.4,1,186.22,2400,None,28445.50390625
2715.4,2,185.96,2400,None,28145.45703125
2715.4,3,183.47,2400,None,28147.37890625
2720.4,0,194.23,2400,None,28443.4921875
2720.4,1,187.44,2183,PowerBurst,28445.50390625
2720.4,2,192.20,2083,PowerBurst,28145.45703125
2720.4,3,190.80,2400,None,28147.37890625
2725.4,0,190.52,2400,None,28443.4921875
2725.4,1,190.91,2400,None,28445.50390625
2725.4,2,185.38,2400,None,28145.45703125
2725.4,3,183.80,2400,None,28147.37890625
2730.4,0,192.24,2400,None,28443.4921875
2730.4,1,186.05,2400,None,28445.50390625
2730.4,2,188.79,2400,None,28145.45703125
2730.4,3,190.23,2400,None,28147.37890625
2735.4,0,192.76,2400,None,28443.4921875
2735.4,1,192.09,2400,None,28445.50390625
2735.4,2,188.84,2400,None,28145.45703125
2735.4,3,184.39,2400,None,28147.37890625
2740.4,0,192.36,2400,None,28443.4921875
2740.4,1,186.55,2400,None,28445.50390625
2740.4,2,188.16,2133,PowerBurst,28145.45703125
2740.4,3,186.90,2400,None,28147.37890625
2745.4,0,192.57,2400,None,28443.4921875
2745.4,1,188.93,2400,None,28445.50390625
2745.4,2,189.30,2400,None,28145.45703125
2745.4,3,187.70,2400,None,28147.37890625
2750.4,0,190.22,2400,None,28443.4921875
2750.4,1,189.74,2400,None,28445.50390625
2750.4,2,185.83,2400,None,28145.45703125
2750.4,3,183.50,2400,None,28147.37890625
2755.4,0,124.35,2400,None,28443.4921875
2755.4,1,185.63,2400,None,28445.50390625
2755.4,2,152.63,2400,None,28145.45703125
2755.4,3,68.04,2400,None,28147.37890625
2760.4,0,56.90,2400,None,28443.4921875
2760.4,1,84.98,2400,None,28445.50390625
2760.4,2,55.21,2400,None,28145.45703125
2760.4,3,55.68,2400,None,28147.37890625
2765.4,0,57.46,2400,None,28443.4921875
2765.4,1,58.56,2400,None,28445.50390625
2765.4,2,56.24,2400,None,28145.45703125
2765.4,3,56.67,2400,None,28147.37890625
2770.4,0,59.73,2400,None,28443.4921875
2770.4,1,60.26,2400,None,28445.50390625
2770.4,2,92.01,2400,None,28145.45703125
2770.4,3,58.76,2400,None,28147.37890625
2775.4,0,59.78,2400,None,28443.4921875
2775.4,1,60.08,2400,None,28445.50390625
2775.4,2,179.69,2400,None,28145.45703125
2775.4,3,58.77,2400,None,28147.37890625
2780.4,0,114.03,2367,PowerBurst,28443.4921875
2780.4,1,114.11,2400,None,28445.50390625
2780.4,2,187.44,2400,None,28145.45703125
2780.4,3,112.88,2400,None,28147.37890625
2785.4,0,189.18,2400,None,28443.4921875
2785.4,1,185.86,2400,None,28445.50390625
2785.4,2,185.14,2400,None,28145.45703125
2785.4,3,183.08,2400,None,28147.37890625
2790.4,0,189.89,2400,None,28443.4921875
2790.4,1,188.69,2400,None,28445.50390625
2790.4,2,188.26,2400,None,28145.45703125
2790.4,3,185.30,2400,None,28147.37890625
2795.4,0,193.96,2400,None,28443.4921875
2795.4,1,189.03,2400,None,28445.50390625
2795.4,2,188.82,2400,None,28145.45703125
2795.4,3,186.90,2400,None,28147.37890625
2800.4,0,189.53,2400,None,28443.4921875
2800.4,1,185.42,2400,None,28445.50390625
2800.4,2,185.79,2400,None,28145.45703125
2800.4,3,183.37,2400,None,28147.37890625
2805.4,0,194.36,2400,None,28443.4921875
2805.4,1,191.98,2400,None,28445.50390625
2805.4,2,191.89,2400,None,28145.45703125
2805.4,3,189.89,2400,None,28147.37890625
2810.4,0,189.95,2400,None,28443.4921875
2810.4,1,185.98,2400,None,28445.50390625
2810.4,2,185.89,2400,None,28145.45703125
2810.4,3,183.85,2400,None,28147.37890625
2815.4,0,194.44,2400,None,28443.4921875
2815.4,1,191.87,2400,None,28445.50390625
2815.4,2,191.84,2300,PowerBurst,28145.45703125
2815.4,3,186.64,2400,None,28147.37890625
2820.4,0,190.08,2400,None,28443.4921875
2820.4,1,186.32,2400,None,28445.50390625
2820.4,2,184.63,2400,None,28145.45703125
2820.4,3,187.51,2400,None,28147.37890625
2825.4,0,192.15,2400,None,28443.4921875
2825.4,1,191.67,2400,None,28445.50390625
2825.4,2,190.82,2100,PowerBurst,28145.45703125
2825.4,3,183.42,2400,None,28147.37890625
2830.4,0,192.45,2400,None,28443.4921875
2830.4,1,186.62,2400,None,28445.50390625
2830.4,2,186.14,2400,None,28145.45703125
2830.4,3,190.21,2400,None,28147.37890625
2835.4,0,192.68,2083,PowerBurst,28443.4921875
2835.4,1,191.33,2133,PowerBurst,28445.50390625
2835.4,2,185.82,2400,None,28145.45703125
2835.4,3,183.88,2400,None,28147.37890625
2840.4,0,192.03,2400,None,28443.4921875
2840.4,1,187.24,2400,None,28445.50390625
2840.4,2,191.81,2400,None,28145.45703125
2840.4,3,189.60,2400,None,28147.37890625
2845.4,0,190.15,2400,None,28443.4921875
2845.4,1,185.99,2400,None,28445.50390625
2845.4,2,185.96,2400,None,28145.45703125
2845.4,3,184.34,2400,None,28147.37890625
2850.4,0,194.76,2100,PowerBurst,28443.4921875
2850.4,1,192.52,2400,None,28445.50390625
2850.4,2,191.94,2400,None,28145.45703125
2850.4,3,186.96,2400,None,28147.37890625
2855.4,0,189.98,2400,None,28443.4921875
2855.4,1,186.33,2400,None,28445.50390625
2855.4,2,185.98,2400,None,28145.45703125
2855.4,3,187.62,2400,None,28147.37890625
2860.4,0,192.50,2400,None,28443.4921875
2860.4,1,192.17,2400,None,28445.50390625
2860.4,2,188.84,2400,None,28145.45703125
2860.4,3,183.67,2400,None,28147.37890625
2865.4,0,192.38,2400,None,28443.4921875
2865.4,1,186.75,2400,None,28445.50390625
2865.4,2,188.73,2400,None,28145.45703125
2865.4,3,190.71,2400,None,28147.37890625
2870.4,0,188.46,2400,None,28443.4921875
2870.4,1,154.69,2400,None,28445.50390625
2870.4,2,183.06,2400,None,28145.45703125
2870.4,3,184.12,2400,None,28147.37890625
2875.4,0,108.61,2400,None,28443.4921875
2875.4,1,60.12,2400,None,28445.50390625
2875.4,2,71.81,2400,None,28145.45703125
2875.4,3,158.37,2400,None,28147.37890625
2880.4,0,56.76,2400,None,28443.4921875
2880.4,1,56.94,2400,None,28445.50390625
2880.4,2,54.84,2400,None,28145.45703125
2880.4,3,56.43,2400,None,28147.37890625
2885.4,0,55.74,2400,None,28443.4921875
2885.4,1,56.34,2400,None,28445.50390625
2885.4,2,54.50,2400,None,28145.45703125
2885.4,3,55.38,2400,None,28147.37890625
2890.4,0,143.34,2400,None,28443.4921875
2890.4,1,57.12,2400,None,28445.50390625
2890.4,2,55.24,2400,None,28145.45703125
2890.4,3,56.18,2400,None,28147.37890625
2895.4,0,185.64,2400,None,28443.4921875
2895.4,1,59.85,2400,None,28445.50390625
2895.4,2,57.95,2400,None,28145.45703125
2895.4,3,58.79,2400,None,28147.37890625
2900.4,0,196.61,2367,PowerBurst,28443.4921875
2900.4,1,164.93,2400,None,28445.50390625
2900.4,2,164.34,2400,None,28145.45703125
2900.4,3,164.57,2383,None,28147.37890625
2905.4,0,198.44,2400,None,28443.4921875
2905.4,1,195.55,2400,None,28445.50390625
2905.4,2,193.76,2383,None,28145.45703125
2905.4,3,192.91,2400,None,28147.37890625
2910.4,0,199.84,2100,PowerBurst,28443.4921875
2910.4,1,196.31,2167,PowerBurst,28445.50390625
2910.4,2,193.71,2400,None,28145.45703125
2910.4,3,194.86,2133,PowerBurst,28147.37890625
2915.4,0,198.37,2383,PowerBurst,28443.4921875
2915.4,1,197.99,2400,None,28445.50390625
2915.4,2,200.22,2117,PowerBurst,28145.45703125
2915.4,3,196.93,2400,None,28147.37890625
2920.4,0,199.02,2383,PowerBurst,28443.4921875
2920.4,1,196.09,2383,PowerBurst,28445.50390625
2920.4,2,194.05,2383,PowerBurst,28145.45703125
2920.4,3,194.51,2400,None,28147.37890625
2925.4,0,200.42,2083,PowerBurst,28443.4921875
2925.4,1,197.01,2133,PowerBurst,28445.50390625
2925.4,2,194.68,2217,PowerBurst,28145.45703125
2925.4,3,195.77,2183,PowerBurst,28147.37890625
2930.4,0,198.12,2400,None,28443.4921875
2930.4,1,197.78,2383,PowerBurst,28445.50390625
2930.4,2,198.39,2283,PowerBurst,28145.45703125
2930.4,3,197.28,2400,None,28147.37890625
2935.4,0,198.72,2400,None,28443.4921875
2935.4,1,196.19,2400,None,28445.50390625
2935.4,2,196.01,2383,PowerBurst,28145.45703125
2935.4,3,194.41,2400,None,28147.37890625
2940.4,0,199.82,2283,PowerBurst,28443.4921875
2940.4,1,196.47,2217,PowerBurst,28445.50390625
2940.4,2,196.93,2117,PowerBurst,28145.45703125
2940.4,3,195.70,2150,PowerBurst,28147.37890625
2945.4,0,198.95,2383,PowerBurst,28443.4921875
2945.4,1,198.59,2400,None,28445.50390625
2945.4,2,197.61,2400,None,28145.45703125
2945.4,3,198.16,2133,PowerBurst,28147.37890625
2950.4,0,198.49,2383,PowerBurst,28443.4921875
2950.4,1,196.17,2400,None,28445.50390625
2950.4,2,194.45,2400,None,28145.45703125
2950.4,3,193.61,2400,None,28147.37890625
2955.4,0,199.86,2367,PowerBurst,28443.4921875
2955.4,1,197.55,2133,PowerBurst,28445.50390625
2955.4,2,195.90,2100,PowerBurst,28145.45703125
2955.4,3,197.12,2133,PowerBurst,28147.37890625
2960.4,0,199.23,2383,PowerBurst,28443.4921875
2960.4,1,197.61,2400,None,28445.50390625
2960.4,2,197.45,2400,PowerBurst,28145.45703125
2960.4,3,196.97,2133,PowerBurst,28147.37890625
2965.4,0,198.47,2383,PowerBurst,28443.4921875
2965.4,1,196.26,2383,PowerBurst,28445.50390625
2965.4,2,194.63,2400,None,28145.45703125
2965.4,3,193.63,2400,None,28147.37890625
2970.4,0,199.69,2400,None,28443.4921875
2970.4,1,196.71,2400,None,28445.50390625
2970.4,2,197.32,2167,PowerBurst,28145.45703125
2970.4,3,197.04,2217,PowerBurst,28147.37890625
2975.4,0,199.42,2383,PowerBurst,28443.4921875
2975.4,1,198.60,2383,PowerBurst,28445.50390625
2975.4,2,197.52,2383,PowerBurst,28145.45703125
2975.4,3,196.38,2333,PowerBurst,28147.37890625
2980.4,0,200.12,2100,PowerBurst,28443.4921875
2980.4,1,196.20,2400,None,28445.50390625
2980.4,2,195.36,2400,None,28145.45703125
2980.4,3,194.05,2400,None,28147.37890625
2985.4,0,198.19,2383,PowerBurst,28443.4921875
2985.4,1,196.77,2383,PowerBurst,28445.50390625
2985.4,2,197.58,2367,PowerBurst,28145.45703125
2985.4,3,196.65,2400,None,28147.37890625
2990.4,0,199.21,2400,None,28443.4921875
2990.4,1,199.06,2400,None,28445.50390625
2990.4,2,197.67,2383,PowerBurst,28145.45703125
2990.4,3,196.98,2367,PowerBurst,28147.37890625
2995.4,0,198.81,2400,None,28443.4921875
2995.4,1,196.32,2383,PowerBurst,28445.50390625
2995.4,2,194.62,2400,None,28145.45703125
2995.4,3,194.08,2400,None,28147.37890625
3000.4,0,199.58,2383,PowerBurst,28443.4921875
3000.4,1,197.90,2183,PowerBurst,28445.50390625
3000.4,2,198.79,2150,PowerBurst,28145.45703125
3000.4,3,197.05,2333,PowerBurst,28147.37890625
3005.4,0,199.32,2400,None,28443.4921875
3005.4,1,197.59,2400,None,28445.50390625
3005.4,2,196.23,2383,PowerBurst,28145.45703125
3005.4,3,196.62,2400,None,28147.37890625
3010.4,0,195.13,2400,None,28443.4921875
3010.4,1,196.18,2400,None,28445.50390625
3010.4,2,195.07,2383,PowerBurst,28145.45703125
3010.4,3,193.96,2400,None,28147.37890625
3015.4,0,76.34,2400,None,28443.4921875
3015.4,1,190.00,2400,None,28445.50390625
3015.4,2,136.00,2400,None,28145.45703125
3015.4,3,176.45,2400,None,28147.37890625
3020.4,0,60.61,2400,None,28443.4921875
3020.4,1,61.92,2400,None,28445.50390625
3020.4,2,59.07,2400,None,28145.45703125
3020.4,3,60.58,2400,None,28147.37890625
3025.4,0,59.90,2400,None,28443.4921875
3025.4,1,60.63,2400,None,28445.50390625
3025.4,2,58.82,2400,None,28145.45703125
3025.4,3,59.59,2400,None,28147.37890625
3030.4,0,59.55,2400,None,28443.4921875
3030.4,1,60.20,2400,None,28445.50390625
3030.4,2,112.75,2400,None,28145.45703125
3030.4,3,58.83,2400,None,28147.37890625
3035.4,0,59.72,2400,None,28443.4921875
3035.4,1,59.97,2400,None,28445.50390625
3035.4,2,179.81,2400,None,28145.45703125
3035.4,3,58.68,2400,None,28147.37890625
3040.4,0,134.16,2033,PowerBurst,28443.4921875
3040.4,1,135.07,2033,PowerBurst,28445.50390625
3040.4,2,193.05,2017,PowerBurst,28145.45703125
3040.4,3,133.84,2067,PowerBurst,28147.37890625
3045.4,0,196.19,2383,PowerBurst,28443.4921875
3045.4,1,194.39,2400,None,28445.50390625
3045.4,2,193.93,2400,None,28145.45703125
3045.4,3,192.18,2400,None,28147.37890625
3050.4,0,197.74,2383,PowerBurst,28443.4921875
3050.4,1,194.82,2400,None,28445.50390625
3050.4,2,194.65,2383,PowerBurst,28145.45703125
3050.4,3,192.69,2400,None,28147.37890625
3055.4,0,199.20,2350,PowerBurst,28443.4921875
3055.4,1,198.57,2400,None,28445.50390625
3055.4,2,200.42,2133,PowerBurst,28145.45703125
3055.4,3,199.96,2133,PowerBurst,28147.37890625
3060.4,0,198.86,2383,PowerBurst,28443.4921875
3060.4,1,197.13,2383,PowerBurst,28445.50390625
3060.4,2,194.92,2400,None,28145.45703125
3060.4,3,193.77,2400,None,28147.37890625
3065.4,0,198.67,2300,PowerBurst,28443.4921875
3065.4,1,195.54,2383,None,28445.50390625
3065.4,2,196.51,2133,PowerBurst,28145.45703125
3065.4,3,193.77,2400,None,28147.37890625
3070.4,0,199.24,2367,PowerBurst,28443.4921875
3070.4,1,200.64,2167,PowerBurst,28445.50390625
3070.4,2,198.33,2133,PowerBurst,28145.45703125
3070.4,3,197.66,2400,None,28147.37890625
3075.4,0,199.35,2383,PowerBurst,28443.4921875
3075.4,1,195.50,2400,None,28445.50390625
3075.4,2,194.43,2383,PowerBurst,28145.45703125
3075.4,3,195.67,2400,None,28147.37890625
3080.4,0,199.27,2200,PowerBurst,28443.4921875
3080.4,1,197.18,2233,PowerBurst,28445.50390625
3080.4,2,195.80,2400,None,28145.45703125
3080.4,3,195.20,2400,None,28147.37890625
3085.4,0,198.81,2400,None,28443.4921875
3085.4,1,198.44,2317,PowerBurst,28445.50390625
3085.4,2,198.68,2200,PowerBurst,28145.45703125
3085.4,3,198.60,2167,PowerBurst,28147.37890625
3090.4,0,199.28,2383,PowerBurst,28443.4921875
3090.4,1,196.11,2400,None,28445.50390625
3090.4,2,194.98,2400,None,28145.45703125
3090.4,3,193.68,2400,None,28147.37890625
3095.4,0,199.70,2183,PowerBurst,28443.4921875
3095.4,1,196.80,2350,PowerBurst,28445.50390625
3095.4,2,195.83,2400,None,28145.45703125
3095.4,3,195.22,2400,None,28147.37890625
3100.4,0,198.40,2400,None,28443.4921875
3100.4,1,198.70,2367,PowerBurst,28445.50390625
3100.4,2,198.34,2400,None,28145.45703125
3100.4,3,197.31,2400,None,28147.37890625
3105.4,0,199.36,2383,PowerBurst,28443.4921875
3105.4,1,196.21,2400,None,28445.50390625
3105.4,2,194.67,2400,None,28145.45703125
3105.4,3,194.45,2383,PowerBurst,28147.37890625
3110.4,0,198.88,2367,PowerBurst,28443.4921875
3110.4,1,196.72,2400,None,28445.50390625
3110.4,2,197.86,2117,PowerBurst,28145.45703125
3110.4,3,195.28,2400,None,28147.37890625
3115.4,0,199.18,2400,None,28443.4921875
3115.4,1,198.58,2400,None,28445.50390625
3115.4,2,196.61,2400,None,28145.45703125
3115.4,3,198.02,2333,PowerBurst,28147.37890625
3120.4,0,199.29,2383,None,28443.4921875
3120.4,1,196.29,2383,PowerBurst,28445.50390625
3120.4,2,194.80,2400,None,28145.45703125
3120.4,3,194.31,2383,PowerBurst,28147.37890625
3125.4,0,198.91,2400,None,28443.4921875
3125.4,1,197.58,2350,PowerBurst,28445.50390625
3125.4,2,197.02,2400,None,28145.45703125
3125.4,3,195.33,2400,None,28147.37890625
3130.4,0,199.91,2283,PowerBurst,28443.4921875
3130.4,1,198.09,2400,PowerBurst,28445.50390625
3130.4,2,196.92,2400,None,28145.45703125
3130.4,3,198.30,2283,PowerBurst,28147.37890625
3135.4,0,198.63,2400,None,28443.4921875
3135.4,1,196.00,2400,None,28445.50390625
3135.4,2,194.20,2400,None,28145.45703125
3135.4,3,195.37,2183,PowerBurst,28147.37890625
3140.4,0,198.88,2400,None,28443.4921875
3140.4,1,197.33,2400,None,28445.50390625
3140.4,2,197.49,2400,None,28145.45703125
3140.4,3,193.94,2400,None,28147.37890625
3145.4,0,200.45,2250,PowerBurst,28443.4921875
3145.4,1,197.83,2400,None,28445.50390625
3145.4,2,197.69,2400,None,28145.45703125
3145.4,3,198.00,2400,None,28147.37890625
3150.4,0,198.23,2383,PowerBurst,28443.4921875
3150.4,1,196.08,2400,None,28445.50390625
3150.4,2,195.24,2400,None,28145.45703125
3150.4,3,193.35,2400,None,28147.37890625
3155.4,0,193.49,2400,None,28443.4921875
3155.4,1,143.13,2400,None,28445.50390625
3155.4,2,184.76,2400,None,28145.45703125
3155.4,3,188.20,2400,None,28147.37890625
3160.4,0,72.83,2400,None,28443.4921875
3160.4,1,61.09,2400,None,28445.50390625
3160.4,2,63.61,2400,None,28145.45703125
3160.4,3,79.16,2400,None,28147.37890625
3165.4,0,60.42,2400,None,28443.4921875
3165.4,1,60.82,2400,None,28445.50390625
3165.4,2,58.78,2400,None,28145.45703125
3165.4,3,59.56,2400,None,28147.37890625
3170.4,0,88.29,2400,None,28443.4921875
3170.4,1,58.42,2400,None,28445.50390625
3170.4,2,56.74,2400,None,28145.45703125
3170.4,3,57.53,2400,None,28147.37890625
3175.4,0,185.43,2400,None,28443.4921875
3175.4,1,55.67,2400,None,28445.50390625
3175.4,2,53.91,2400,None,28145.45703125
3175.4,3,54.72,2400,None,28147.37890625
3180.4,0,193.65,2017,PowerBurst,28443.4921875
3180.4,1,118.00,2050,PowerBurst,28445.50390625
3180.4,2,116.80,2033,PowerBurst,28145.45703125
3180.4,3,117.23,2083,PowerBurst,28147.37890625
3185.4,0,197.01,2383,PowerBurst,28443.4921875
3185.4,1,194.88,2400,None,28445.50390625
3185.4,2,193.53,2400,None,28145.45703125
3185.4,3,193.25,2400,None,28147.37890625
3190.4,0,198.23,2383,PowerBurst,28443.4921875
3190.4,1,194.73,2400,None,28445.50390625
3190.4,2,193.84,2400,None,28145.45703125
3190.4,3,192.63,2400,None,28147.37890625
3195.4,0,200.43,2183,PowerBurst,28443.4921875
3195.4,1,198.66,2317,PowerBurst,28445.50390625
3195.4,2,198.12,2133,PowerBurst,28145.45703125
3195.4,3,199.01,2133,PowerBurst,28147.37890625
3200.4,0,198.46,2383,PowerBurst,28443.4921875
3200.4,1,196.89,2400,None,28445.50390625
3200.4,2,195.84,2400,None,28145.45703125
3200.4,3,194.17,2400,None,28147.37890625
3205.4,0,198.55,2400,None,28443.4921875
3205.4,1,195.51,2400,None,28445.50390625
3205.4,2,193.71,2400,None,28145.45703125
3205.4,3,193.88,2400,None,28147.37890625
3210.4,0,201.23,2083,PowerBurst,28443.4921875
3210.4,1,198.89,2383,PowerBurst,28445.50390625
3210.4,2,197.20,2400,None,28145.45703125
3210.4,3,197.55,2400,None,28147.37890625
3215.4,0,197.64,2400,None,28443.4921875
3215.4,1,197.20,2400,None,28445.50390625
3215.4,2,197.67,2400,None,28145.45703125
3215.4,3,196.03,2383,PowerBurst,28147.37890625
3220.4,0,199.90,2133,PowerBurst,28443.4921875
3220.4,1,195.83,2400,None,28445.50390625
3220.4,2,196.95,2117,PowerBurst,28145.45703125
3220.4,3,194.25,2300,PowerBurst,28147.37890625
3225.4,0,199.88,2083,PowerBurst,28443.4921875
3225.4,1,198.69,2400,None,28445.50390625
3225.4,2,197.66,2117,PowerBurst,28145.45703125
3225.4,3,198.73,2167,PowerBurst,28147.37890625
3230.4,0,197.63,2400,None,28443.4921875
3230.4,1,197.29,2400,None,28445.50390625
3230.4,2,194.37,2400,None,28145.45703125
3230.4,3,194.25,2400,None,28147.37890625
3235.4,0,198.95,2400,None,28443.4921875
3235.4,1,195.61,2400,None,28445.50390625
3235.4,2,195.68,2400,None,28145.45703125
3235.4,3,195.40,2150,PowerBurst,28147.37890625
3240.4,0,199.59,2333,PowerBurst,28443.4921875
3240.4,1,199.14,2383,PowerBurst,28445.50390625
3240.4,2,199.04,2117,PowerBurst,28145.45703125
3240.4,3,197.27,2400,None,28147.37890625
3245.4,0,198.84,2383,PowerBurst,28443.4921875
3245.4,1,197.26,2383,PowerBurst,28445.50390625
3245.4,2,194.74,2400,None,28145.45703125
3245.4,3,194.61,2400,None,28147.37890625
3250.4,0,198.86,2383,PowerBurst,28443.4921875
3250.4,1,197.54,2133,PowerBurst,28445.50390625
3250.4,2,196.04,2400,None,28145.45703125
3250.4,3,195.92,2133,PowerBurst,28147.37890625
3255.4,0,201.21,2083,PowerBurst,28443.4921875
3255.4,1,197.25,2383,PowerBurst,28445.50390625
3255.4,2,198.91,2400,None,28145.45703125
3255.4,3,197.48,2400,None,28147.37890625
3260.4,0,197.39,2400,None,28443.4921875
3260.4,1,197.23,2400,None,28445.50390625
3260.4,2,194.77,2400,None,28145.45703125
3260.4,3,194.61,2400,None,28147.37890625
3265.4,0,199.38,2317,PowerBurst,28443.4921875
3265.4,1,196.84,2333,PowerBurst,28445.50390625
3265.4,2,195.60,2400,None,28145.45703125
3265.4,3,197.26,2133,PowerBurst,28147.37890625
3270.4,0,200.52,2117,PowerBurst,28443.4921875
3270.4,1,197.88,2400,None,28445.50390625
3270.4,2,198.32,2400,None,28145.45703125
3270.4,3,197.10,2133,PowerBurst,28147.37890625
3275.4,0,197.41,2400,None,28443.4921875
3275.4,1,197.17,2400,None,28445.50390625
3275.4,2,195.47,2400,None,28145.45703125
3275.4,3,193.53,2400,None,28147.37890625
3280.4,0,199.33,2350,PowerBurst,28443.4921875
3280.4,1,196.97,2400,None,28445.50390625
3280.4,2,195.78,2400,None,28145.45703125
3280.4,3,196.77,2400,None,28147.37890625
3285.4,0,199.44,2383,PowerBurst,28443.4921875
3285.4,1,197.87,2383,PowerBurst,28445.50390625
3285.4,2,198.20,2400,None,28145.45703125
3285.4,3,197.02,2400,None,28147.37890625
3290.4,0,198.88,2383,PowerBurst,28443.4921875
3290.4,1,197.29,2383,PowerBurst,28445.50390625
3290.4,2,193.67,2400,None,28145.45703125
3290.4,3,194.24,2400,None,28147.37890625
3295.4,0,192.08,2400,None,28443.4921875
3295.4,1,194.25,2400,None,28445.50390625
3295.4,2,166.34,2400,None,28145.45703125
3295.4,3,187.55,2400,None,28147.37890625
3300.4,0,62.90,2400,None,28443.4921875
3300.4,1,108.48,2400,None,28445.50390625
3300.4,2,55.28,2400,None,28145.45703125
3300.4,3,57.51,2400,None,28147.37890625
3305.4,0,56.26,2400,None,28443.4921875
3305.4,1,57.32,2400,None,28445.50390625
3305.4,2,54.82,2400,None,28145.45703125
3305.4,3,55.57,2400,None,28147.37890625
3310.4,0,57.79,2400,None,28443.4921875
3310.4,1,58.46,2400,None,28445.50390625
3310.4,2,56.77,2400,None,28145.45703125
3310.4,3,56.97,2400,None,28147.37890625
3315.4,0,59.67,2400,None,28443.4921875
3315.4,1,59.91,2400,None,28445.50390625
3315.4,2,166.31,2400,None,28145.45703125
3315.4,3,58.71,2400,None,28147.37890625
3320.4,0,60.69,2400,None,28443.4921875
3320.4,1,60.84,2400,None,28445.50390625
3320.4,2,179.89,2367,PowerBurst,28145.45703125
3320.4,3,59.52,2400,None,28147.37890625
3325.4,0,202.08,2017,PowerBurst,28443.4921875
3325.4,1,201.89,2050,PowerBurst,28445.50390625
3325.4,2,201.91,2000,PowerBurst,28629.4609375
3325.4,3,201.96,2050,PowerBurst,28147.37890625
3330.4,0,197.52,2383,None,28443.4921875
3330.4,1,196.79,2400,None,28445.50390625
3330.4,2,195.38,2400,None,28629.4609375
3330.4,3,195.18,2383,None,28147.37890625
3335.4,0,199.49,2383,PowerBurst,28443.4921875
3335.4,1,198.03,2400,None,28445.50390625
3335.4,2,195.81,2400,None,28629.4609375
3335.4,3,196.16,2383,PowerBurst,28147.37890625
3340.4,0,200.23,2283,PowerBurst,28443.4921875
3340.4,1,199.99,2183,PowerBurst,28445.50390625
3340.4,2,197.66,2367,PowerBurst,28629.4609375
3340.4,3,197.73,2367,PowerBurst,28147.37890625
3345.4,0,200.24,2217,PowerBurst,28443.4921875
3345.4,1,199.06,2350,PowerBurst,28445.50390625
3345.4,2,200.67,2267,PowerBurst,28629.4609375
3345.4,3,201.20,2133,PowerBurst,28147.37890625
3350.4,0,199.11,2383,PowerBurst,28443.4921875
3350.4,1,199.19,2383,PowerBurst,28445.50390625
3350.4,2,197.14,2383,PowerBurst,28629.4609375
3350.4,3,197.27,2400,None,28147.37890625
3355.4,0,199.72,2383,None,28443.4921875
3355.4,1,198.69,2400,None,28445.50390625
3355.4,2,196.50,2400,None,28629.4609375
3355.4,3,196.92,2400,None,28147.37890625
3360.4,0,201.48,2083,PowerBurst,28443.4921875
3360.4,1,201.33,2083,PowerBurst,28445.50390625
3360.4,2,199.45,2167,PowerBurst,28629.4609375
3360.4,3,200.02,2117,PowerBurst,28147.37890625
3365.4,0,199.95,2100,PowerBurst,28443.4921875
3365.4,1,199.34,2183,PowerBurst,28445.50390625
3365.4,2,200.07,2150,PowerBurst,28629.4609375
3365.4,3,198.61,2333,PowerBurst,28147.37890625
3370.4,0,198.40,2383,PowerBurst,28443.4921875
3370.4,1,198.25,2400,None,28445.50390625
3370.4,2,196.31,2383,PowerBurst,28629.4609375
3370.4,3,198.05,2400,None,28147.37890625
3375.4,0,199.87,2383,PowerBurst,28443.4921875
3375.4,1,198.72,2400,None,28445.50390625
3375.4,2,196.34,2400,None,28629.4609375
3375.4,3,196.85,2400,None,28147.37890625
3380.4,0,200.66,2217,PowerBurst,28443.4921875
3380.4,1,200.87,2133,PowerBurst,28445.50390625
3380.4,2,200.84,2117,PowerBurst,28629.4609375
3380.4,3,198.85,2383,PowerBurst,28147.37890625
3385.4,0,200.91,2033,PowerBurst,28443.4921875
3385.4,1,198.51,2400,None,28445.50390625
3385.4,2,199.51,2100,PowerBurst,28629.4609375
3385.4,3,199.95,2383,PowerBurst,28147.37890625
3390.4,0,198.04,2400,PowerBurst,28443.4921875
3390.4,1,199.40,2383,PowerBurst,28445.50390625
3390.4,2,196.11,2383,PowerBurst,28629.4609375
3390.4,3,198.13,2400,None,28147.37890625
3395.4,0,200.18,2317,PowerBurst,28443.4921875
3395.4,1,200.07,2133,PowerBurst,28445.50390625
3395.4,2,197.22,2283,PowerBurst,28629.4609375
3395.4,3,198.57,2183,PowerBurst,28147.37890625
3400.4,0,200.30,2250,PowerBurst,28443.4921875
3400.4,1,198.51,2383,PowerBurst,28445.50390625
3400.4,2,199.86,2300,PowerBurst,28629.4609375
3400.4,3,199.75,2133,PowerBurst,28147.37890625
3405.4,0,199.56,2333,PowerBurst,28443.4921875
3405.4,1,199.56,2400,None,28445.50390625
3405.4,2,198.98,2383,PowerBurst,28629.4609375
3405.4,3,198.01,2383,PowerBurst,28147.37890625
3410.4,0,199.65,2383,PowerBurst,28443.4921875
3410.4,1,199.30,2383,PowerBurst,28445.50390625
3410.4,2,197.12,2400,None,28629.4609375
3410.4,3,198.00,2400,None,28147.37890625
3415.4,0,200.07,2350,PowerBurst,28443.4921875
3415.4,1,200.18,2133,PowerBurst,28445.50390625
3415.4,2,197.73,2183,PowerBurst,28629.4609375
3415.4,3,198.89,2150,PowerBurst,28147.37890625
3420.4,0,199.82,2367,PowerBurst,28443.4921875
3420.4,1,199.42,2250,PowerBurst,28445.50390625
3420.4,2,200.45,2067,PowerBurst,28629.4609375
3420.4,3,198.65,2367,PowerBurst,28147.37890625
3425.4,0,200.31,2300,PowerBurst,28443.4921875
3425.4,1,199.89,2233,PowerBurst,28445.50390625
3425.4,2,197.29,2400,None,28629.4609375
3425.4,3,198.53,2400,None,28147.37890625
3430.4,0,199.48,2383,PowerBurst,28443.4921875
3430.4,1,198.48,2383,PowerBurst,28445.50390625
3430.4,2,196.55,2400,None,28629.4609375
3430.4,3,197.97,2383,PowerBurst,28147.37890625
3435.4,0,199.91,2383,PowerBurst,28443.4921875
3435.4,1,199.13,2367,PowerBurst,28445.50390625
3435.4,2,198.76,2117,PowerBurst,28629.4609375
3435.4,3,198.45,2367,PowerBurst,28147.37890625
3440.4,0,200.40,2300,PowerBurst,28443.4921875
3440.4,1,200.99,2133,PowerBurst,28445.50390625
3440.4,2,199.50,2167,PowerBurst,28629.4609375
3440.4,3,199.11,2367,PowerBurst,28147.37890625
3445.4,0,200.88,2133,PowerBurst,28443.4921875
3445.4,1,199.19,2233,PowerBurst,28445.50390625
3445.4,2,197.71,2400,None,28629.4609375
3445.4,3,200.42,2150,PowerBurst,28147.37890625
3450.4,0,198.45,2400,None,28443.4921875
3450.4,1,198.36,2400,None,28445.50390625
3450.4,2,196.47,2383,PowerBurst,28629.4609375
3450.4,3,196.22,2383,PowerBurst,28147.37890625
3455.4,0,200.22,2333,PowerBurst,28443.4921875
3455.4,1,199.00,2400,None,28445.50390625
3455.4,2,199.11,2117,PowerBurst,28629.4609375
3455.4,3,198.56,2383,PowerBurst,28147.37890625
3460.4,0,199.99,2333,PowerBurst,28443.4921875
3460.4,1,201.36,2117,PowerBurst,28445.56640625
3460.4,2,198.47,2383,None,28629.4609375
3460.4,3,200.30,2217,PowerBurst,28147.37890625
3465.4,0,200.59,2217,PowerBurst,28443.4921875
3465.4,1,199.56,2133,PowerBurst,28445.56640625
3465.4,2,198.70,2383,PowerBurst,28629.4609375
3465.4,3,198.52,2350,PowerBurst,28147.37890625
3470.4,0,199.02,2383,PowerBurst,28443.4921875
3470.4,1,197.99,2383,PowerBurst,28445.56640625
3470.4,2,196.44,2400,None,28629.4609375
3470.4,3,196.88,2383,PowerBurst,28147.37890625
3475.4,0,197.18,2383,None,28443.4921875
3475.4,1,197.21,2400,None,28445.56640625
3475.4,2,190.79,2400,None,28629.4609375
3475.4,3,192.88,2400,None,28147.37890625
3480.4,0,100.93,2400,None,28443.4921875
3480.4,1,122.80,2400,None,28445.56640625
3480.4,2,66.33,2400,None,28629.4609375
3480.4,3,106.14,2400,None,28147.37890625
3485.4,0,60.95,2400,None,28443.4921875
3485.4,1,61.21,2400,None,28445.56640625
3485.4,2,58.72,2400,None,28629.4609375
3485.4,3,60.00,2400,None,28147.37890625
3490.4,0,59.92,2400,None,28443.4921875
3490.4,1,60.22,2400,None,28445.56640625
3490.4,2,58.36,2400,None,28629.4609375
3490.4,3,58.96,2400,None,28147.37890625
3495.4,0,148.41,2400,None,28443.4921875
3495.4,1,60.16,2400,None,28445.56640625
3495.4,2,58.04,2400,None,28629.4609375
3495.4,3,58.77,2400,None,28147.37890625
3500.4,0,185.66,2400,None,28443.4921875
3500.4,1,59.83,2400,None,28445.56640625
3500.4,2,57.84,2400,None,28629.4609375
3500.4,3,58.74,2400,None,28147.37890625
3505.4,0,199.71,2000,PowerBurst,28927.49609375
3505.4,1,180.73,2033,PowerBurst,28445.56640625
3505.4,2,180.93,2000,PowerBurst,28629.4609375
3505.4,3,181.02,2050,PowerBurst,28147.37890625
3510.4,0,197.87,2383,PowerBurst,28927.49609375
3510.4,1,196.83,2383,PowerBurst,28445.56640625
3510.4,2,195.49,2400,None,28629.4609375
3510.4,3,195.69,2400,None,28147.37890625
3515.4,0,199.71,2400,None,28927.49609375
3515.4,1,197.91,2383,PowerBurst,28445.56640625
3515.4,2,195.79,2400,None,28629.4609375
3515.4,3,196.25,2400,None,28147.37890625
3520.4,0,200.84,2150,PowerBurst,28927.49609375
3520.4,1,199.90,2133,PowerBurst,28445.56640625
3520.4,2,197.10,2400,None,28629.4609375
3520.4,3,198.80,2133,PowerBurst,28147.37890625
3525.4,0,200.64,2033,PowerBurst,28927.49609375
3525.4,1,199.27,2283,PowerBurst,28445.56640625
3525.4,2,201.12,2117,PowerBurst,28629.4609375
3525.4,3,199.57,2183,PowerBurst,28147.37890625
3530.4,0,198.07,2383,PowerBurst,28927.49609375
3530.4,1,198.83,2400,None,28445.56640625
3530.4,2,197.07,2400,None,28629.4609375
3530.4,3,197.52,2400,None,28147.37890625
3535.4,0,199.76,2400,None,28927.49609375
3535.4,1,198.78,2400,None,28445.56640625
3535.4,2,196.40,2400,None,28629.4609375
3535.4,3,196.99,2400,None,28147.37890625
3540.4,0,201.27,2133,PowerBurst,28927.49609375
3540.4,1,200.69,2133,PowerBurst,28445.56640625
3540.4,2,198.24,2367,PowerBurst,28629.4609375
3540.4,3,198.13,2367,PowerBurst,28147.37890625
3545.4,0,200.17,2100,PowerBurst,28927.49609375
3545.4,1,198.72,2367,PowerBurst,28445.56640625
3545.4,2,200.67,2133,PowerBurst,28629.4609375
3545.4,3,201.63,2033,PowerBurst,28147.37890625
3550.4,0,198.43,2383,PowerBurst,28927.49609375
3550.4,1,199.16,2383,PowerBurst,28445.56640625
3550.4,2,196.91,2383,PowerBurst,28629.4609375
3550.4,3,196.70,2400,None,28147.37890625
3555.4,0,199.81,2383,PowerBurst,28927.49609375
3555.4,1,198.75,2400,None,28445.56640625
3555.4,2,196.56,2400,None,28629.4609375
3555.4,3,197.01,2400,None,28147.37890625
3560.4,0,200.58,2250,PowerBurst,28927.49609375
3560.4,1,200.98,2133,PowerBurst,28445.56640625
3560.4,2,198.96,2400,None,28629.4609375
3560.4,3,199.65,2133,PowerBurst,28147.37890625
3565.4,0,200.89,2083,PowerBurst,28927.49609375
3565.4,1,198.67,2367,PowerBurst,28445.56640625
3565.4,2,200.74,2117,PowerBurst,28629.4609375
3565.4,3,199.15,2300,PowerBurst,28147.37890625
3570.4,0,198.39,2383,PowerBurst,28927.49609375
3570.4,1,199.29,2383,PowerBurst,28445.56640625
3570.4,2,196.98,2400,None,28629.4609375
3570.4,3,197.89,2400,None,28147.37890625
3575.4,0,199.79,2383,PowerBurst,28927.49609375
3575.4,1,200.13,2150,PowerBurst,28445.56640625
3575.4,2,196.81,2383,PowerBurst,28629.4609375
3575.4,3,196.91,2400,None,28147.37890625
3580.4,0,200.47,2283,PowerBurst,28927.49609375
3580.4,1,199.97,2133,PowerBurst,28445.56640625
3580.4,2,199.43,2383,PowerBurst,28629.4609375
3580.4,3,200.62,2133,PowerBurst,28147.37890625
3585.4,0,201.08,2100,PowerBurst,28927.49609375
3585.4,1,198.31,2350,PowerBurst,28445.56640625
3585.4,2,199.03,2383,PowerBurst,28629.4609375
3585.4,3,198.92,2250,PowerBurst,28147.37890625
3590.4,0,198.37,2383,PowerBurst,28927.49609375
3590.4,1,199.24,2383,PowerBurst,28445.56640625
3590.4,2,197.64,2400,None,28629.4609375
3590.4,3,197.15,2383,PowerBurst,28147.37890625
3595.4,0,199.80,2383,PowerBurst,28927.49609375
3595.4,1,199.81,2200,PowerBurst,28445.56640625
3595.4,2,198.23,2117,PowerBurst,28629.4609375
3595.4,3,198.30,2217,PowerBurst,28147.37890625
3600.4,0,201.60,2083,PowerBurst,28927.49609375
3600.4,1,200.17,2133,PowerBurst,28445.56640625
3600.4,2,197.83,2367,PowerBurst,28629.4609375
3600.4,3,199.65,2133,PowerBurst,28147.37890625
3605.4,0,199.98,2083,PowerBurst,28927.49609375
3605.4,1,198.65,2333,PowerBurst,28445.56640625
3605.4,2,199.23,2400,None,28629.4609375
3605.4,3,198.55,2400,None,28147.37890625
3610.4,0,198.41,2383,PowerBurst,28927.49609375
3610.4,1,199.04,2383,PowerBurst,28445.56640625
3610.4,2,198.00,2383,PowerBurst,28629.4609375
3610.4,3,197.43,2383,PowerBurst,28147.37890625
3615.4,0,200.94,2167,PowerBurst,28927.49609375
3615.4,1,200.53,2133,PowerBurst,28445.56640625
3615.4,2,197.57,2400,None,28629.4609375
3615.4,3,197.77,2383,PowerBurst,28147.37890625
3620.4,0,199.25,2317,PowerBurst,28927.49609375
3620.4,1,198.68,2367,PowerBurst,28445.56640625
3620.4,2,200.91,2117,PowerBurst,28629.4609375
3620.4,3,200.02,2183,PowerBurst,28147.37890625
3625.4,0,201.08,2133,PowerBurst,28927.49609375
3625.4,1,199.76,2350,PowerBurst,28445.56640625
3625.4,2,198.96,2133,PowerBurst,28629.4609375
3625.4,3,198.87,2400,None,28147.37890625
3630.4,0,198.39,2383,PowerBurst,28927.49609375
3630.4,1,198.84,2400,None,28445.56640625
3630.4,2,196.44,2400,None,28629.4609375
3630.4,3,197.36,2383,PowerBurst,28147.37890625
3635.4,0,200.27,2300,PowerBurst,28927.49609375
3635.4,1,199.64,2317,PowerBurst,28445.56640625
3635.4,2,198.43,2283,PowerBurst,28629.4609375
3635.4,3,197.70,2383,None,28147.37890625
3640.4,0,200.71,2167,PowerBurst,28927.49609375
3640.4,1,199.53,2383,PowerBurst,28445.56640625
3640.4,2,199.16,2300,PowerBurst,28629.4609375
3640.4,3,200.90,2133,PowerBurst,28147.37890625
3645.4,0,200.46,2083,PowerBurst,28927.49609375
3645.4,1,201.06,2133,PowerBurst,28445.56640625
3645.4,2,198.90,2283,PowerBurst,28629.4609375
3645.4,3,198.15,2400,None,28147.37890625
3650.4,0,198.37,2383,PowerBurst,28927.49609375
3650.4,1,197.59,2383,None,28445.56640625
3650.4,2,197.05,2400,None,28629.4609375
3650.4,3,197.27,2400,None,28147.37890625
3655.4,0,197.83,2400,None,28927.49609375
3655.4,1,195.56,2400,None,28445.56640625
3655.4,2,192.26,2400,None,28629.4609375
3655.4,3,195.16,2400,None,28147.37890625
3660.4,0,92.39,2400,None,28927.49609375
3660.4,1,101.14,2400,None,28445.56640625
3660.4,2,140.15,2400,None,28629.4609375
3660.4,3,119.99,2400,None,28147.37890625
3665.4,0,60.66,2400,None,28927.49609375
3665.4,1,61.17,2400,None,28445.56640625
3665.4,2,59.05,2400,None,28629.4609375
3665.5,3,60.11,2400,None,28147.37890625
3670.5,0,58.97,2400,None,28927.49609375
3670.5,1,59.98,2400,None,28445.56640625
3670.5,2,57.76,2400,None,28629.4609375
3670.5,3,58.29,2400,None,28147.37890625
3675.5,0,55.51,2400,None,28927.49609375
3675.5,1,55.95,2400,None,28445.56640625
3675.5,2,127.09,2400,None,28629.4609375
3675.5,3,54.73,2400,None,28147.37890625
3680.5,0,55.38,2400,None,28927.49609375
3680.5,1,55.84,2400,None,28445.56640625
3680.5,2,179.80,2400,None,28629.4609375
3680.5,3,54.73,2400,None,28147.37890625
3685.5,0,168.03,2017,PowerBurst,28927.49609375
3685.5,1,168.03,2033,PowerBurst,28445.56640625
3685.5,2,196.28,2000,PowerBurst,28629.4609375
3685.5,3,167.32,2050,PowerBurst,28147.37890625
3690.5,0,197.75,2383,PowerBurst,28927.49609375
3690.5,1,197.43,2383,PowerBurst,28445.56640625
3690.5,2,196.66,2400,None,28629.4609375
3690.5,3,196.42,2383,PowerBurst,28147.37890625
3695.5,0,199.18,2383,PowerBurst,28927.49609375
3695.5,1,198.16,2400,None,28445.56640625
3695.5,2,196.59,2383,PowerBurst,28629.4609375
3695.5,3,196.18,2400,None,28147.37890625
3700.5,0,199.72,2283,PowerBurst,28927.49609375
3700.5,1,198.82,2300,PowerBurst,28445.56640625
3700.5,2,198.22,2133,PowerBurst,28629.4609375
3700.5,3,198.05,2167,PowerBurst,28147.37890625
3705.5,0,200.51,2183,PowerBurst,28927.49609375
3705.5,1,200.83,2133,PowerBurst,28445.56640625
3705.5,2,199.93,2133,PowerBurst,28629.4609375
3705.5,3,199.88,2150,PowerBurst,28147.37890625
3710.5,0,199.03,2367,PowerBurst,28927.49609375
3710.5,1,198.25,2400,None,28445.56640625
3710.5,2,197.73,2400,None,28629.4609375
3710.5,3,197.96,2383,PowerBurst,28147.37890625
3715.5,0,199.76,2383,None,28927.49609375
3715.5,1,198.77,2383,PowerBurst,28445.56640625
3715.5,2,197.13,2383,PowerBurst,28629.4609375
3715.5,3,197.05,2383,PowerBurst,28147.37890625
3720.5,0,199.90,2350,PowerBurst,28927.49609375
3720.5,1,200.25,2133,PowerBurst,28445.56640625
3720.5,2,197.89,2333,PowerBurst,28629.4609375
3720.5,3,198.53,2317,PowerBurst,28147.37890625
3725.5,0,201.43,2100,PowerBurst,28927.49609375
3725.5,1,199.04,2300,PowerBurst,28445.56640625
3725.5,2,201.27,2100,PowerBurst,28629.4609375
3725.5,3,200.67,2150,PowerBurst,28147.37890625
3730.5,0,198.40,2383,PowerBurst,28927.49609375
3730.5,1,199.25,2383,None,28445.56640625
3730.5,2,196.99,2400,None,28629.4609375
3730.5,3,197.85,2383,PowerBurst,28147.37890625
3735.5,0,199.84,2383,PowerBurst,28927.49609375
3735.5,1,198.85,2383,PowerBurst,28445.56640625
3735.5,2,196.64,2400,None,28629.4609375
3735.5,3,196.98,2383,PowerBurst,28147.37890625
3740.5,0,199.92,2383,PowerBurst,28927.49609375
3740.5,1,200.51,2150,PowerBurst,28445.56640625
3740.5,2,198.73,2250,PowerBurst,28629.4609375
3740.5,3,199.98,2167,PowerBurst,28147.37890625
3745.5,0,200.10,2367,PowerBurst,28927.49609375
3745.5,1,199.26,2283,PowerBurst,28445.56640625
3745.5,2,200.23,2167,PowerBurst,28629.4609375
3745.5,3,199.02,2150,PowerBurst,28147.37890625
3750.5,0,199.86,2383,PowerBurst,28927.49609375
3750.5,1,199.10,2400,None,28445.56640625
3750.5,2,197.59,2383,PowerBurst,28629.4609375
3750.5,3,197.93,2383,PowerBurst,28147.37890625
3755.5,0,199.83,2400,None,28927.49609375
3755.5,1,198.93,2400,PowerBurst,28445.56640625
3755.5,2,196.86,2400,None,28629.4609375
3755.5,3,197.95,2250,PowerBurst,28147.37890625
3760.5,0,200.33,2300,PowerBurst,28927.49609375
3760.5,1,201.13,2133,PowerBurst,28445.56640625
3760.5,2,199.80,2267,PowerBurst,28629.4609375
3760.5,3,199.72,2133,PowerBurst,28147.37890625
3765.5,0,201.09,2100,PowerBurst,28927.49609375
3765.5,1,199.64,2133,PowerBurst,28445.56640625
3765.5,2,199.47,2233,PowerBurst,28629.4609375
3765.5,3,198.10,2300,PowerBurst,28147.37890625
3770.5,0,198.44,2383,PowerBurst,28927.49609375
3770.5,1,198.20,2400,None,28445.56640625
3770.5,2,196.84,2383,PowerBurst,28629.4609375
3770.5,3,198.43,2400,None,28147.37890625
3775.5,0,199.75,2383,PowerBurst,28927.49609375
3775.5,1,198.68,2400,None,28445.56640625
3775.5,2,195.85,2400,None,28629.4609375
3775.5,3,198.22,2200,PowerBurst,28147.37890625
3780.5,0,200.53,2267,PowerBurst,28927.49609375
3780.5,1,201.27,2133,PowerBurst,28445.56640625
3780.5,2,199.97,2217,PowerBurst,28629.4609375
3780.5,3,198.84,2367,PowerBurst,28147.37890625
3785.5,0,200.68,2150,PowerBurst,28927.49609375
3785.5,1,198.95,2317,PowerBurst,28445.56640625
3785.5,2,200.13,2167,PowerBurst,28629.4609375
3785.5,3,198.62,2383,PowerBurst,28147.37890625
3790.5,0,198.79,2383,PowerBurst,28927.49609375
3790.5,1,198.99,2383,None,28445.56640625
3790.5,2,196.52,2400,PowerBurst,28629.4609375
3790.5,3,198.72,2400,None,28147.37890625
3795.5,0,199.84,2383,PowerBurst,28927.49609375
3795.5,1,199.45,2283,PowerBurst,28445.56640625
3795.5,2,198.06,2183,PowerBurst,28629.4609375
3795.5,3,197.86,2383,None,28147.37890625
3800.5,0,200.03,2350,PowerBurst,28927.49609375
3800.5,1,200.32,2133,PowerBurst,28445.56640625
3800.5,2,199.61,2117,PowerBurst,28629.4609375
3800.5,3,199.44,2400,None,28147.37890625
3805.5,0,200.05,2350,PowerBurst,28927.49609375
3805.5,1,198.71,2350,PowerBurst,28445.56640625
3805.5,2,198.94,2250,PowerBurst,28629.4609375
3805.5,3,200.35,2133,PowerBurst,28147.37890625
3810.5,0,199.71,2383,PowerBurst,28927.49609375
3810.5,1,199.25,2383,PowerBurst,28445.56640625
3810.5,2,196.32,2400,None,28629.4609375
3810.5,3,197.09,2400,None,28147.37890625
3815.5,0,199.91,2400,None,28927.49609375
3815.5,1,200.14,2200,PowerBurst,28445.56640625
3815.5,2,198.17,2117,PowerBurst,28629.4609375
3815.5,3,199.24,2183,PowerBurst,28147.37890625
3820.5,0,201.40,2100,PowerBurst,28927.49609375
3820.5,1,199.06,2317,PowerBurst,28445.56640625
3820.5,2,199.96,2133,PowerBurst,28629.4609375
3820.5,3,199.45,2150,PowerBurst,28147.37890625
3825.5,0,198.55,2367,PowerBurst,28927.49609375
3825.5,1,199.74,2300,PowerBurst,28445.56640625
3825.5,2,197.91,2383,PowerBurst,28629.4609375
3825.5,3,198.13,2333,PowerBurst,28147.37890625
3830.5,0,199.85,2383,PowerBurst,28927.49609375
3830.5,1,198.90,2383,PowerBurst,28445.56640625
3830.5,2,196.60,2400,None,28629.4609375
3830.5,3,197.90,2400,None,28147.37890625
3835.5,0,199.83,2400,None,28927.49609375
3835.5,1,197.67,2400,None,28445.56640625
3835.5,2,193.28,2400,None,28629.4609375
3835.5,3,195.15,2400,None,28147.37890625
3840.5,0,137.13,2400,None,28927.49609375
3840.5,1,173.15,2400,None,28445.56640625
3840.5,2,110.11,2400,None,28629.4609375
3840.5,3,161.68,2400,None,28147.37890625
