t_s,card,power_w,gpu_clock_mhz,throttle_reason,vram_used_mib
0.0,0,51.10,800,None,226.5078125
0.0,1,48.02,550,None,226.5
0.0,2,47.53,550,None,226.5
0.0,3,47.73,500,None,226.4375
5.0,0,50.83,800,None,226.5078125
5.0,1,47.84,550,None,226.5
5.0,2,47.31,550,None,226.5
5.0,3,47.33,500,None,226.4375
10.0,0,49.91,400,None,235.3046875
10.0,1,47.99,550,None,226.5
10.0,2,47.51,550,None,226.5
10.0,3,47.45,500,None,226.4375
15.0,0,49.68,400,None,235.3046875
15.0,1,48.03,550,None,226.5
15.0,2,47.47,550,None,226.5
15.0,3,47.64,500,None,226.4375
20.0,0,49.85,400,None,244.08984375
20.0,1,47.98,550,None,226.5
20.0,2,47.58,550,None,226.5
20.0,3,47.76,500,None,226.4375
25.0,0,48.95,400,None,244.08984375
25.0,1,47.48,550,None,226.5
25.0,2,46.71,550,None,226.5
25.0,3,46.74,500,None,226.4375
30.0,0,51.54,2050,None,426.25390625
30.0,1,47.15,550,None,226.5
30.0,2,46.59,550,None,226.5
30.0,3,46.52,500,None,226.4375
35.0,0,52.41,1650,None,244.09765625
35.0,1,47.23,550,None,226.5
35.0,2,46.63,550,None,226.5
35.0,3,46.80,500,None,226.4375
40.0,0,52.99,1550,None,426.26171875
40.0,1,47.85,550,None,226.5
40.0,2,47.29,550,None,226.5
40.0,3,47.54,500,None,226.4375
45.0,0,52.29,1300,None,417.46875
45.0,1,47.93,550,None,226.5
45.0,2,47.68,550,None,226.5
45.0,3,47.67,500,None,226.4375
50.0,0,50.84,1000,None,426.26171875
50.0,1,47.95,550,None,226.5
50.0,2,47.67,550,None,226.5
50.0,3,47.62,500,None,226.4375
55.0,0,52.44,1800,None,3802.25390625
55.0,1,48.09,550,None,226.5
55.0,2,47.50,550,None,226.5
55.0,3,47.52,500,None,226.4375
60.0,0,73.79,2400,None,10323.99609375
60.0,1,48.13,550,None,226.5
60.0,2,47.46,550,None,226.5
60.0,3,47.74,500,None,226.4375
65.0,0,78.80,2400,None,15374.015625
65.0,1,48.01,550,None,226.5
65.0,2,46.96,550,None,226.5
65.0,3,47.35,500,None,226.4375
70.0,0,76.78,2400,None,24084.046875
70.0,1,47.25,550,None,226.5
70.0,2,46.48,550,None,226.5
70.0,3,46.61,500,None,226.4375
75.0,0,58.28,2100,None,19873.68359375
75.0,1,47.29,550,None,226.5
75.0,2,46.66,550,None,226.5
75.0,3,46.68,500,None,226.4375
80.0,0,175.87,2283,PowerBurst,20994.13671875
80.0,1,47.81,550,None,226.5
80.0,2,47.11,550,None,226.5
80.0,3,47.53,500,None,226.4375
85.0,0,79.83,2400,None,20994.13671875
85.0,1,48.11,550,None,226.5
85.0,2,47.60,550,None,226.5
85.0,3,47.41,500,None,226.4375
90.0,0,59.21,2400,None,20994.13671875
90.0,1,48.02,550,None,226.5
90.0,2,47.43,550,None,226.5
90.0,3,47.40,500,None,226.4375
95.0,0,53.66,1450,None,21060.140625
95.0,1,48.17,550,None,226.5
95.0,2,47.55,550,None,226.5
95.0,3,47.54,500,None,226.4375
100.0,0,50.57,650,None,21060.140625
100.0,1,48.10,550,None,226.5
100.0,2,47.55,550,None,226.5
100.0,3,47.71,500,None,226.4375
105.0,0,59.67,2300,None,30139.18359375
105.0,1,48.25,550,None,226.5
105.0,2,47.26,550,None,226.5
105.0,3,47.47,500,None,226.4375
110.0,0,49.49,800,None,30139.18359375
110.0,1,47.39,550,None,226.5
110.0,2,46.57,550,None,226.5
110.0,3,46.58,500,None,226.4375
115.0,0,48.32,400,None,29947.18359375
115.0,1,47.42,550,None,226.5
115.0,2,46.70,550,None,226.5
115.0,3,46.63,500,None,226.4375
120.0,0,47.91,400,None,29947.18359375
120.0,1,47.59,550,None,226.5
120.0,2,46.69,550,None,226.5
120.0,3,46.90,500,None,226.4375
125.0,0,63.01,2400,None,30298.71875
125.0,1,48.22,550,None,226.5
125.0,2,47.58,550,None,226.5
125.0,3,47.85,500,None,226.4375
130.0,0,81.18,2400,None,30341.453125
130.0,1,48.20,550,None,226.5
130.0,2,47.26,550,None,226.5
130.0,3,47.49,500,None,226.4375
135.0,0,58.64,2400,None,30341.453125
135.0,1,48.23,550,None,226.5
135.0,2,47.51,550,None,226.5
135.0,3,47.58,500,None,226.4375
140.0,0,62.96,2200,None,30427.8046875
140.0,1,48.12,550,None,226.5
140.0,2,47.58,550,None,226.5
140.0,3,47.69,500,None,226.4375
145.0,0,59.66,1700,None,30518.9375
145.0,1,48.16,550,None,226.5
145.0,2,47.62,550,None,226.5
145.0,3,47.40,500,None,226.4375
150.0,0,50.36,1200,None,30518.9375
150.0,1,47.90,550,None,226.5
150.0,2,46.83,550,None,226.5
150.0,3,47.05,500,None,226.4375
155.0,0,168.82,2400,None,30558.5703125
155.0,1,47.60,550,None,226.5
155.0,2,46.67,550,None,226.5
155.0,3,46.98,500,None,226.4375
160.0,0,172.84,2400,None,30558.5703125
160.0,1,47.79,550,None,226.5
160.0,2,46.74,550,None,226.5
160.0,3,47.11,500,None,226.4375
165.0,0,57.79,2400,None,30558.5703125
165.0,1,47.93,400,None,235.296875
165.0,2,47.18,550,None,226.5
165.0,3,47.36,500,None,226.4375
170.0,0,59.09,2400,None,30558.5703125
170.0,1,47.87,400,None,235.296875
170.0,2,47.25,550,None,226.5
170.0,3,47.41,500,None,226.4375
175.0,0,58.99,2400,None,30558.5703125
175.0,1,47.90,400,None,244.09375
175.0,2,47.50,550,None,226.5
175.0,3,47.44,500,None,226.4375
180.0,0,59.12,2400,None,30558.5703125
180.0,1,48.37,1600,None,309.23828125
180.0,2,47.60,550,None,226.5
180.0,3,47.56,500,None,226.4375
185.0,0,59.00,2400,None,30558.5703125
185.0,1,51.59,1450,None,290.19921875
185.0,2,47.57,550,None,226.5
185.0,3,47.76,500,None,226.4375
190.0,0,58.67,2400,None,30558.5703125
190.0,1,49.84,950,None,244.08984375
190.0,2,47.27,550,None,226.5
190.0,3,47.49,500,None,226.4375
195.0,0,54.86,2400,None,30558.5703125
195.0,1,49.86,1500,None,235.296875
195.0,2,46.55,550,None,226.5
195.0,3,46.53,500,None,226.4375
200.0,0,55.05,2400,None,30558.5703125
200.0,1,49.33,1450,None,417.4609375
200.0,2,46.75,550,None,226.5
200.0,3,46.67,500,None,226.4375
205.0,0,54.95,2400,None,30558.5703125
205.0,1,49.22,1000,None,426.25
205.0,2,46.68,550,None,226.5
205.0,3,46.89,500,None,226.4375
210.0,0,58.83,2400,None,30558.5703125
210.0,1,50.94,2300,None,4561.40234375
210.0,2,47.61,550,None,226.5
210.0,3,47.83,500,None,226.4375
215.0,0,58.53,2400,None,30558.5703125
215.0,1,73.98,2400,None,11003.99609375
215.0,2,47.34,550,None,226.5
215.0,3,47.55,500,None,226.4375
220.0,0,58.73,2400,None,30558.5703125
220.0,1,75.72,2400,None,15884.015625
220.0,2,47.56,550,None,226.5
220.0,3,47.62,500,None,226.4375
225.0,0,58.47,2400,None,30558.5703125
225.0,1,73.43,2400,None,24084.046875
225.0,2,47.63,550,None,226.5
225.0,3,47.75,500,None,226.4375
230.0,0,58.37,2400,None,30558.5703125
230.0,1,59.13,1800,None,19873.68359375
230.0,2,47.28,550,None,226.5
230.0,3,47.49,500,None,226.4375
235.0,0,55.67,2400,None,30558.5703125
235.0,1,174.63,2317,PowerBurst,20994.13671875
235.0,2,46.74,550,None,226.5
235.0,3,47.06,500,None,226.4375
240.0,0,54.54,2400,None,30558.5703125
240.0,1,70.20,2400,None,20994.13671875
240.0,2,46.76,550,None,226.5
240.0,3,46.95,500,None,226.4375
245.0,0,54.80,2400,None,30558.5703125
245.0,1,54.71,2400,None,20994.13671875
245.0,2,46.79,550,None,226.5
245.0,3,46.77,500,None,226.4375
250.0,0,57.50,2400,None,30558.5703125
250.0,1,56.76,1350,None,21060.140625
250.0,2,47.39,550,None,226.5
250.0,3,47.27,500,None,226.4375
255.0,0,58.32,2400,None,30558.5703125
255.0,1,50.09,550,None,21060.140625
255.0,2,47.36,550,None,226.5
255.0,3,47.46,500,None,226.4375
260.0,0,58.26,2400,None,30558.5703125
260.0,1,54.63,2300,None,30139.18359375
260.0,2,47.55,550,None,226.5
260.0,3,47.51,500,None,226.4375
265.0,0,58.58,2400,None,30558.5703125
265.0,1,51.39,850,None,30139.18359375
265.0,2,47.66,550,None,226.5
265.0,3,47.65,500,None,226.4375
270.0,0,58.12,2400,None,30558.5703125
270.0,1,48.30,400,None,29947.18359375
270.0,2,47.25,550,None,226.5
270.0,3,47.42,500,None,226.4375
275.0,0,57.21,2400,None,30558.5703125
275.0,1,48.11,400,None,29947.18359375
275.0,2,47.10,550,None,226.5
275.0,3,47.36,500,None,226.4375
280.0,0,54.42,2400,None,30558.5703125
280.0,1,62.21,2400,None,30298.70703125
280.0,2,46.59,550,None,226.5
280.0,3,46.59,500,None,226.4375
285.0,0,54.64,2400,None,30558.5703125
285.0,1,81.70,2400,None,30341.43359375
285.0,2,46.83,550,None,226.5
285.0,3,47.08,500,None,226.4375
290.0,0,55.41,2400,None,30558.5703125
290.0,1,54.91,2400,None,30341.43359375
290.0,2,46.92,550,None,226.5
290.0,3,47.37,500,None,226.4375
295.0,0,58.13,2400,None,30558.5703125
295.0,1,58.91,1900,None,30427.78125
295.0,2,47.27,550,None,226.5
295.0,3,47.52,500,None,226.4375
300.0,0,58.24,2400,None,30558.5703125
300.0,1,54.12,1700,None,30518.91796875
300.0,2,47.46,550,None,226.5
300.0,3,47.52,0,None,226.4375
305.0,0,58.48,2400,None,30558.5703125
305.0,1,50.42,1150,None,30518.91796875
305.0,2,47.64,550,None,226.5
305.0,3,47.61,500,None,226.4375
310.0,0,58.37,2400,None,30558.5703125
310.0,1,170.95,2400,None,30558.55078125
310.0,2,47.28,550,None,226.5
310.0,3,47.58,500,None,226.4375
315.0,0,58.10,2400,None,30558.5703125
315.0,1,167.75,2400,None,30558.55078125
315.0,2,47.34,550,None,226.5
315.0,3,47.78,500,None,226.4375
320.0,0,54.60,2400,None,30558.5703125
320.0,1,55.26,2400,None,30558.55078125
320.0,2,46.27,400,None,235.296875
320.0,3,46.81,500,None,226.4375
325.0,0,54.35,2400,None,30558.5703125
325.0,1,54.70,2400,None,30558.55078125
325.0,2,46.39,400,None,235.296875
325.0,3,46.74,500,None,226.4375
330.0,0,54.26,2400,None,30558.5703125
330.0,1,54.94,2400,None,30558.55078125
330.0,2,46.37,400,None,244.09765625
330.0,3,46.85,500,None,226.4375
335.0,0,57.63,2400,None,30558.5703125
335.0,1,58.14,2400,None,30558.55078125
335.0,2,46.73,550,None,260.06640625
335.0,3,47.39,500,None,226.4375
340.0,0,58.12,2400,None,30558.5703125
340.0,1,58.70,2400,None,30558.55078125
340.0,2,50.24,1300,None,329.8515625
340.0,3,47.49,500,None,226.4375
345.0,0,58.20,2400,None,30558.5703125
345.0,1,58.57,2400,None,30558.55078125
345.0,2,48.77,650,None,244.09765625
345.0,3,47.57,500,None,226.4375
350.0,0,58.17,2400,None,30558.5703125
350.0,1,58.46,2400,None,30558.55078125
350.0,2,49.81,1200,None,252.95703125
350.0,3,47.70,500,None,226.4375
355.0,0,57.96,2400,None,30558.5703125
355.0,1,58.46,2400,None,30558.55078125
355.0,2,50.50,1500,None,417.4609375
355.0,3,47.47,500,None,226.4375
360.0,0,56.28,2400,None,30558.5703125
360.0,1,56.37,2400,None,30558.55078125
360.0,2,49.02,1300,None,426.26171875
360.0,3,47.26,500,None,226.4375
365.0,0,54.18,2400,None,30558.5703125
365.0,1,55.02,2400,None,30558.55078125
365.0,2,51.29,2400,None,4561.40625
365.0,3,46.71,500,None,226.4375
370.0,0,54.24,2400,None,30558.5703125
370.0,1,54.39,2400,None,30558.55078125
370.0,2,70.18,2400,None,11003.99609375
370.1,3,46.75,500,None,226.4375
375.1,0,56.22,2400,None,30558.5703125
375.1,1,56.55,2400,None,30558.55078125
375.1,2,73.93,2400,None,15884.015625
375.1,3,47.32,500,None,226.4375
380.1,0,58.18,2400,None,30558.5703125
380.1,1,58.46,2400,None,30558.55078125
380.1,2,70.70,2400,None,24084.046875
380.1,3,47.71,500,None,226.4375
385.1,0,58.24,2400,None,30558.5703125
385.1,1,58.62,2400,None,30558.55078125
385.1,2,58.74,1750,None,19873.68359375
385.1,3,47.61,500,None,226.4375
390.1,0,58.34,2400,None,30558.5703125
390.1,1,58.02,2400,None,30558.55078125
390.1,2,175.07,2317,PowerBurst,20994.13671875
390.1,3,47.40,500,None,226.4375
395.1,0,57.98,2400,None,30558.5703125
395.1,1,58.46,2400,None,30558.55078125
395.1,2,73.54,2400,None,20994.13671875
395.1,3,47.52,500,None,226.4375
400.1,0,57.13,2400,None,30558.5703125
400.1,1,57.76,2400,None,30558.55078125
400.1,2,55.60,2400,None,20994.13671875
400.1,3,47.43,500,None,226.4375
405.1,0,54.24,2400,None,30558.5703125
405.1,1,54.94,2400,None,30558.55078125
405.1,2,49.44,1400,None,21060.140625
405.1,3,46.78,500,None,226.4375
410.1,0,53.88,2400,None,30558.5703125
410.1,1,54.44,2400,None,30558.55078125
410.1,2,47.88,700,None,21060.140625
410.1,3,46.52,500,None,226.4375
415.1,0,54.96,2400,None,30558.5703125
415.1,1,55.66,2400,None,30558.55078125
415.1,2,48.03,2300,None,30139.18359375
415.1,3,46.97,500,None,226.4375
420.1,0,58.05,2400,None,30558.5703125
420.1,1,58.58,2400,None,30558.55078125
420.1,2,51.37,800,None,30139.18359375
420.1,3,47.61,500,None,226.4375
425.1,0,58.20,2400,None,30558.5703125
425.1,1,58.50,2400,None,30558.55078125
425.1,2,48.15,400,None,29947.18359375
425.1,3,47.60,500,None,226.4375
430.1,0,58.05,2400,None,30558.5703125
430.1,1,58.07,2400,None,30558.55078125
430.1,2,47.40,400,None,29947.18359375
430.1,3,47.66,500,None,226.4375
435.1,0,57.94,2400,None,30558.5703125
435.1,1,58.50,2400,None,30558.55078125
435.1,2,66.93,2400,None,30212.71875
435.1,3,47.47,500,None,226.4375
440.1,0,58.12,2400,None,30558.5703125
440.1,1,58.51,2400,None,30558.55078125
440.1,2,84.68,2400,None,30341.4609375
440.1,3,47.80,500,None,226.4375
445.1,0,55.16,2400,None,30558.5703125
445.1,1,55.11,2400,None,30558.55078125
445.1,2,53.67,2400,None,30341.4609375
445.1,3,47.39,500,None,226.4375
450.1,0,54.29,2400,None,30558.5703125
450.1,1,54.26,2400,None,30558.55078125
450.1,2,55.16,1900,None,30427.8046875
450.1,3,46.41,500,None,226.4375
455.1,0,54.02,2400,None,30558.5703125
455.1,1,54.69,2400,None,30558.55078125
455.1,2,50.77,1700,None,30518.9453125
455.1,3,46.70,500,None,226.4375
460.1,0,57.23,2400,None,30558.5703125
460.1,1,57.71,2400,None,30558.55078125
460.1,2,50.46,1200,None,30518.9453125
460.1,3,47.42,500,None,226.4375
465.1,0,58.18,2400,None,30558.5703125
465.1,1,58.23,2400,None,30558.55078125
465.1,2,174.37,2400,None,30558.578125
465.1,3,47.89,500,None,226.4375
470.1,0,58.13,2400,None,30558.5703125
470.1,1,57.96,2400,None,30558.55078125
470.1,2,159.35,2400,None,30558.578125
470.1,3,47.77,500,None,226.4375
475.1,0,57.61,2400,None,30558.5703125
475.1,1,58.11,2400,None,30558.55078125
475.1,2,56.56,2400,None,30558.578125
475.1,3,47.26,400,None,235.23828125
480.1,0,57.98,2400,None,30558.5703125
480.1,1,58.46,2400,None,30558.55078125
480.1,2,56.55,2400,None,30558.578125
480.1,3,47.43,400,None,235.23828125
485.1,0,56.46,2400,None,30558.5703125
485.1,1,57.11,2400,None,30558.55078125
485.1,2,55.17,2400,None,30558.578125
485.1,3,47.30,400,None,244.03125
490.1,0,54.20,2400,None,30558.5703125
490.1,1,54.27,2400,None,30558.55078125
490.1,2,52.84,2400,None,30558.578125
490.1,3,47.07,1950,None,426.1953125
495.1,0,53.91,2400,None,30558.5703125
495.1,1,54.39,2400,None,30558.55078125
495.1,2,52.72,2400,None,30558.578125
495.1,3,49.72,1950,None,235.23828125
500.1,0,55.49,2400,None,30558.5703125
500.1,1,56.16,2400,None,30558.55078125
500.1,2,54.11,2400,None,30558.578125
500.1,3,51.05,1600,None,244.0390625
505.1,0,57.97,2400,None,30558.5703125
505.1,1,58.56,2400,None,30558.55078125
505.1,2,56.53,2400,None,30558.578125
505.1,3,52.12,1150,None,417.40625
510.1,0,58.21,2400,None,30558.5703125
510.1,1,58.49,2400,None,30558.55078125
510.1,2,56.72,2400,None,30558.578125
510.1,3,49.47,1150,None,417.40625
515.1,0,57.59,2400,None,30558.5703125
515.1,1,57.89,2400,None,30558.55078125
515.1,2,56.43,2400,None,30558.578125
515.1,3,48.35,850,None,426.2109375
520.1,0,57.91,2400,None,30558.5703125
520.1,1,58.45,2400,None,30558.55078125
520.1,2,56.30,2400,None,30558.578125
520.1,3,52.82,2400,None,6987.37109375
525.1,0,57.95,2400,None,30558.5703125
525.1,1,58.37,2400,None,30558.55078125
525.1,2,56.47,2400,None,30558.578125
525.1,3,72.22,2400,None,11003.95703125
530.1,0,54.52,2400,None,30558.5703125
530.1,1,54.28,2400,None,30558.55078125
530.1,2,53.15,2400,None,30558.578125
530.1,3,74.65,2400,None,15883.9765625
535.1,0,53.84,2400,None,30558.5703125
535.1,1,54.20,2400,None,30558.55078125
535.1,2,52.43,2400,None,30558.578125
535.1,3,72.46,2400,None,24084.0078125
540.1,0,54.12,2400,None,30558.5703125
540.1,1,54.70,2400,None,30558.55078125
540.1,2,52.63,2400,None,30558.578125
540.1,3,54.52,1750,None,19873.64453125
545.1,0,57.89,2400,None,30558.5703125
545.1,1,58.11,2400,None,30558.55078125
545.1,2,56.37,2400,None,30558.578125
545.1,3,189.28,2350,PowerBurst,20994.09765625
550.1,0,58.27,2400,None,30558.5703125
550.1,1,58.22,2400,None,30558.55078125
550.1,2,56.68,2400,None,30558.578125
550.1,3,61.82,2400,None,20994.09765625
555.1,0,58.13,2400,None,30558.5703125
555.1,1,58.14,2400,None,30558.55078125
555.1,2,56.63,2400,None,30558.578125
555.1,3,56.85,2400,None,20994.09765625
560.1,0,57.71,2400,None,30558.5703125
560.1,1,58.20,2400,None,30558.55078125
560.1,2,56.29,2400,None,30558.578125
560.1,3,51.55,1650,None,21060.1015625
565.1,0,58.00,2400,None,30558.5703125
565.1,1,58.51,2400,None,30558.55078125
565.1,2,56.49,2400,None,30558.578125
565.1,3,48.75,750,None,21060.1015625
570.1,0,56.05,2400,None,30558.5703125
570.1,1,56.46,2400,None,30558.55078125
570.1,2,54.65,2400,None,30558.578125
570.1,3,55.16,1650,None,30139.14453125
575.1,0,53.53,2400,None,30558.5703125
575.1,1,54.24,2400,None,30558.55078125
575.1,2,52.32,2400,None,30558.578125
575.1,3,47.80,800,None,30139.14453125
580.1,0,54.00,2400,None,30558.5703125
580.1,1,54.52,2400,None,30558.55078125
580.1,2,52.61,2400,None,30558.578125
580.1,3,47.40,400,None,29947.14453125
585.1,0,56.36,2400,None,30558.5703125
585.1,1,56.81,2400,None,30558.55078125
585.1,2,54.89,2400,None,30558.578125
585.1,3,47.40,400,None,29947.14453125
590.1,0,58.26,2400,None,30558.5703125
590.1,1,58.30,2400,None,30558.55078125
590.1,2,56.60,2400,None,30558.578125
590.1,3,71.02,2400,None,30307.9765625
595.1,0,58.28,2400,None,30558.5703125
595.1,1,58.16,2400,None,30558.55078125
595.1,2,56.68,2400,None,30558.578125
595.1,3,73.00,2400,None,30341.421875
600.1,0,57.87,2400,None,30558.5703125
600.1,1,57.99,2400,None,30558.55078125
600.1,2,56.43,2400,None,30558.578125
600.1,3,56.91,2400,None,30341.421875
605.1,0,58.12,2400,None,30558.5703125
605.1,1,58.29,2400,None,30558.55078125
605.1,2,56.57,2400,None,30558.578125
605.1,3,59.09,1850,None,30427.765625
610.1,0,57.54,2400,None,30558.5703125
610.1,1,58.10,2400,None,30558.55078125
610.1,2,55.99,2400,None,30558.578125
610.1,3,54.91,1650,None,30518.90625
615.1,0,53.77,2400,None,30558.5703125
615.1,1,54.28,2400,None,30558.55078125
615.1,2,52.31,2400,None,30558.578125
615.1,3,48.29,1200,None,30518.90625
620.1,0,54.06,2400,None,30558.5703125
620.1,1,54.13,2400,None,30558.55078125
620.1,2,52.62,2400,None,30558.578125
620.1,3,179.60,2267,PowerBurst,30558.5390625
625.1,0,54.79,2400,None,30558.5703125
625.1,1,55.09,2400,None,30558.55078125
625.1,2,53.38,2400,None,30558.578125
625.1,3,152.22,2400,None,30558.5390625
630.1,0,61.83,2400,None,30558.5703125
630.1,1,63.32,2400,None,30558.55078125
630.1,2,61.25,2400,None,30558.578125
630.1,3,61.63,2400,None,30558.5390625
635.1,0,72.57,2300,None,30567.35546875
635.1,1,70.39,2400,None,30558.55078125
635.1,2,68.86,2400,None,30558.578125
635.1,3,69.88,2400,None,30558.5390625
640.1,0,56.92,2300,None,30558.5703125
640.1,1,58.33,2400,None,30558.55078125
640.1,2,56.39,2400,None,30558.578125
640.1,3,57.83,2400,None,30558.5390625
645.1,0,56.84,2300,None,30558.5703125
645.1,1,58.34,2400,None,30558.55078125
645.1,2,56.31,2400,None,30558.578125
645.1,3,57.49,2400,None,30558.5390625
650.1,0,116.71,2400,None,30559.0703125
650.1,1,58.40,2400,None,30558.55078125
650.1,2,56.53,2400,None,30558.578125
650.1,3,57.56,2400,None,30558.5390625
655.1,0,174.52,2400,None,30559.0703125
655.1,1,54.73,2400,None,30558.55078125
655.1,2,53.27,2400,None,30558.578125
655.1,3,54.15,2400,None,30558.5390625
660.1,0,179.08,2400,None,30559.0703125
660.1,1,54.20,2400,None,30558.55078125
660.1,2,52.60,2400,None,30558.578125
660.1,3,53.63,2400,None,30558.5390625
665.1,0,175.52,2400,None,30559.0703125
665.1,1,54.44,2400,None,30558.55078125
665.1,2,52.73,2400,None,30558.578125
665.1,3,53.87,2400,None,30558.5390625
670.1,0,180.46,2383,PowerBurst,30559.0703125
670.1,1,57.51,2400,None,30558.55078125
670.1,2,56.10,2400,None,30558.578125
670.1,3,56.95,2400,None,30558.5390625
675.1,0,176.88,2400,None,30559.0703125
675.1,1,57.85,2400,None,30558.55078125
675.1,2,56.62,2400,None,30558.578125
675.1,3,57.41,2400,None,30558.5390625
680.1,0,180.78,2117,PowerBurst,30559.0703125
680.1,1,58.08,2400,None,30558.55078125
680.1,2,56.34,2400,None,30558.578125
680.1,3,57.40,2400,None,30558.5390625
685.1,0,178.63,2400,None,30559.0703125
685.1,1,58.17,2400,None,30558.55078125
685.1,2,56.43,2400,None,30558.578125
685.1,3,57.51,2400,None,30558.5390625
690.1,0,180.32,2167,PowerBurst,30559.0703125
690.1,1,58.07,2400,None,30558.55078125
690.1,2,56.67,2400,None,30558.578125
690.1,3,57.56,2400,None,30558.5390625
695.1,0,180.61,2400,None,30559.0703125
695.1,1,56.33,2400,None,30558.55078125
695.1,2,54.76,2400,None,30558.578125
695.1,3,55.66,2400,None,30558.5390625
700.1,0,182.69,2400,None,30559.0703125
700.1,1,54.20,2400,None,30558.55078125
700.1,2,52.54,2400,None,30558.578125
700.1,3,53.55,2400,None,30558.5390625
705.1,0,178.82,2400,None,30559.0703125
705.1,1,54.25,2400,None,30558.55078125
705.1,2,52.73,2400,None,30558.578125
705.1,3,53.51,2400,None,30558.5390625
710.1,0,178.61,2400,None,30559.0703125
710.1,1,56.24,2400,None,30558.55078125
710.1,2,54.68,2400,None,30558.578125
710.1,3,55.59,2400,None,30558.5390625
715.1,0,182.34,2400,None,30559.0703125
715.1,1,57.86,2400,None,30558.55078125
715.1,2,56.56,2400,None,30558.578125
715.1,3,57.49,2400,None,30558.5390625
720.1,0,177.51,2400,None,30559.0703125
720.1,1,57.89,2400,None,30558.55078125
720.1,2,56.27,2400,None,30558.578125
720.1,3,57.17,2400,None,30558.5390625
725.1,0,183.15,2400,None,30559.0703125
725.1,1,58.08,2400,None,30558.55078125
725.1,2,56.51,2400,None,30558.578125
725.1,3,57.42,2400,None,30558.5390625
730.1,0,180.47,2217,PowerBurst,30559.0703125
730.1,1,58.07,2400,None,30558.55078125
730.1,2,56.60,2400,None,30558.578125
730.1,3,57.39,2400,None,30558.5390625
735.1,0,180.74,2400,None,30559.0703125
735.1,1,57.88,2400,None,30558.55078125
735.1,2,56.44,2400,None,30558.578125
735.1,3,57.19,2400,None,30558.5390625
740.1,0,181.74,2083,PowerBurst,30559.0703125
740.1,1,54.01,2400,None,30558.55078125
740.1,2,52.44,2400,None,30558.578125
740.1,3,53.46,2400,None,30558.5390625
745.1,0,177.87,2400,None,30559.0703125
745.1,1,54.24,2400,None,30558.55078125
745.1,2,52.76,2400,None,30558.578125
745.1,3,53.52,2400,None,30558.5390625
750.1,0,182.08,2400,None,30559.0703125
750.1,1,54.82,2400,None,30558.55078125
750.1,2,53.21,2400,None,30558.578125
750.1,3,54.10,2400,None,30558.5390625
755.1,0,177.92,2400,None,30559.0703125
755.1,1,57.85,2400,None,30558.55078125
755.1,2,56.55,2400,None,30558.578125
755.1,3,57.55,2400,None,30558.5390625
760.1,0,182.52,2400,None,30559.0703125
760.1,1,57.88,2400,None,30558.55078125
760.1,2,56.34,2400,None,30558.578125
760.1,3,57.23,2400,None,30558.5390625
765.1,0,179.30,2400,None,30559.0703125
765.1,1,58.14,2400,None,30558.55078125
765.1,2,56.55,2400,None,30558.578125
765.1,3,57.38,2400,None,30558.5390625
770.1,0,183.59,2250,PowerBurst,30559.0703125
770.1,1,58.12,2400,None,30558.55078125
770.1,2,56.50,2400,None,30558.578125
770.1,3,57.48,2400,None,30558.5390625
775.1,0,177.89,2400,None,30559.0703125
775.1,1,57.79,2400,None,30558.55078125
775.1,2,56.62,2400,None,30558.578125
775.1,3,57.62,2400,None,30558.5390625
780.1,0,181.57,2100,PowerBurst,30559.0703125
780.1,1,55.37,2400,None,30558.55078125
780.1,2,53.89,2400,None,30558.578125
780.1,3,54.61,2400,None,30558.5390625
785.1,0,178.72,2400,None,30559.0703125
785.1,1,54.30,2400,None,30558.55078125
785.1,2,52.69,2400,None,30558.578125
785.1,3,53.53,2400,None,30558.5390625
790.1,0,180.35,2150,PowerBurst,30559.0703125
790.1,1,54.38,2400,None,30558.55078125
790.1,2,52.77,2400,None,30558.578125
790.1,3,53.71,2400,None,30558.5390625
795.1,0,180.03,2400,None,30559.0703125
795.1,1,57.02,2400,None,30558.55078125
795.1,2,55.55,2400,None,30558.578125
795.1,3,56.29,2400,None,30558.5390625
800.1,0,177.89,2400,None,30559.0703125
800.1,1,57.94,2400,None,30558.55078125
800.1,2,56.39,2400,None,30558.578125
800.1,3,57.15,2400,None,30558.5390625
805.1,0,182.42,2400,None,30559.0703125
805.1,1,58.01,2400,None,30558.55078125
805.1,2,56.41,2400,None,30558.578125
805.1,3,57.29,2400,None,30558.5390625
810.1,0,178.04,2400,None,30559.0703125
810.1,1,58.22,2400,None,30558.55078125
810.1,2,56.51,2400,None,30558.578125
810.1,3,57.48,2400,None,30558.5390625
815.1,0,182.52,2400,None,30559.0703125
815.1,1,57.77,2400,None,30558.55078125
815.1,2,56.58,2400,None,30558.578125
815.1,3,57.64,2400,None,30558.5390625
820.1,0,178.03,2400,None,30559.0703125
820.1,1,57.03,2400,None,30558.55078125
820.1,2,55.46,2400,None,30558.578125
820.1,3,56.24,2400,None,30558.5390625
825.1,0,108.50,2400,None,30559.0703125
825.1,1,54.47,2400,None,30558.55078125
825.1,2,52.55,2400,None,30558.578125
825.1,3,53.41,2400,None,30558.5390625
830.1,0,56.65,2400,None,30559.0703125
830.1,1,54.66,2400,None,30558.55078125
830.1,2,52.56,2400,None,30558.578125
830.1,3,53.30,2400,None,30558.5390625
835.1,0,76.47,2100,PowerBurst,30559.0703125
835.1,1,55.71,2400,None,30558.55078125
835.1,2,54.01,2400,None,30558.578125
835.1,3,54.53,2400,None,30558.5390625
840.1,0,177.87,2400,None,30559.0703125
840.1,1,57.99,2400,None,30558.55078125
840.1,2,56.62,2400,None,30558.578125
840.1,3,57.47,2400,None,30558.5390625
845.1,0,178.17,2400,None,30559.0703125
845.1,1,57.99,2400,None,30558.55078125
845.1,2,56.37,2400,None,30558.578125
845.1,3,57.29,2400,None,30558.5390625
850.1,0,182.39,2400,None,30559.0703125
850.1,1,58.05,2400,None,30558.55078125
850.1,2,56.53,2400,None,30558.578125
850.1,3,57.50,2400,None,30558.5390625
855.1,0,179.07,2400,None,30559.0703125
855.1,1,57.85,2400,None,30558.55078125
855.1,2,56.61,2400,None,30558.578125
855.1,3,57.41,2400,None,30558.5390625
860.1,0,182.55,2400,None,30559.0703125
860.1,1,57.95,2400,None,30558.55078125
860.1,2,56.42,2400,None,30558.578125
860.1,3,57.43,2400,None,30558.5390625
865.1,0,177.86,2400,None,30559.0703125
865.1,1,54.59,2400,None,30558.55078125
865.1,2,52.98,2400,None,30558.578125
865.1,3,54.02,2400,None,30558.5390625
870.1,0,182.42,2400,None,30559.0703125
870.1,1,54.35,2400,None,30558.55078125
870.1,2,52.81,2400,None,30558.578125
870.1,3,53.69,2400,None,30558.5390625
875.1,0,178.00,2400,None,30559.0703125
875.1,1,54.32,2400,None,30558.55078125
875.1,2,52.94,2400,None,30558.578125
875.1,3,53.78,2400,None,30558.5390625
880.1,0,182.46,2400,None,30559.0703125
880.1,1,57.53,2400,None,30558.55078125
880.1,2,56.24,2400,None,30558.578125
880.1,3,57.16,2400,None,30558.5390625
885.1,0,178.03,2400,None,30559.0703125
885.1,1,57.99,2400,None,30558.55078125
885.1,2,56.40,2400,None,30558.578125
885.1,3,57.22,2400,None,30558.5390625
890.1,0,182.29,2400,None,30559.0703125
890.1,1,58.10,2400,None,30558.55078125
890.1,2,56.53,2400,None,30558.578125
890.1,3,57.33,2400,None,30558.5390625
895.1,0,178.09,2400,None,30559.0703125
895.1,1,58.18,2400,None,30558.55078125
895.1,2,56.67,2400,None,30558.578125
895.1,3,57.44,2400,None,30558.5390625
900.1,0,182.60,2400,None,30559.0703125
900.1,1,57.85,2400,None,30558.55078125
900.1,2,56.25,2400,None,30558.578125
900.1,3,57.46,2400,None,30558.5390625
905.1,0,178.14,2400,None,30559.0703125
905.1,1,56.18,2400,None,30558.55078125
905.1,2,54.60,2400,None,30558.578125
905.1,3,55.48,2400,None,30558.5390625
910.1,0,182.56,2400,None,30559.0703125
910.1,1,54.36,2400,None,30558.55078125
910.1,2,52.85,2400,None,30558.578125
910.1,3,53.63,2400,None,30558.5390625
915.1,0,178.12,2400,None,30559.0703125
915.1,1,54.12,2400,None,30558.55078125
915.1,2,52.78,2400,None,30558.578125
915.1,3,53.80,2400,None,30558.5390625
920.1,0,182.43,2400,None,30559.0703125
920.1,1,56.02,2400,None,30558.55078125
920.1,2,54.69,2400,None,30558.578125
920.1,3,55.53,2400,None,30558.5390625
925.1,0,178.19,2400,None,30559.0703125
925.1,1,58.05,2400,None,30558.55078125
925.1,2,56.46,2400,None,30558.578125
925.1,3,57.26,2400,None,30558.5390625
930.1,0,182.57,2400,None,30559.0703125
930.1,1,58.09,2400,None,30558.55078125
930.1,2,56.51,2400,None,30558.578125
930.1,3,57.65,2400,None,30558.5390625
935.1,0,178.13,2400,None,30559.0703125
935.1,1,57.96,2400,None,30558.55078125
935.1,2,56.58,2400,None,30558.578125
935.1,3,57.74,2400,None,30558.5390625
940.1,0,182.86,2400,None,30559.0703125
940.1,1,57.82,2400,None,30558.55078125
940.1,2,56.56,2400,None,30558.578125
940.1,3,57.14,2400,None,30558.5390625
945.1,0,179.85,2217,PowerBurst,30559.0703125
945.1,1,57.72,2400,None,30558.55078125
945.1,2,56.27,2400,None,30558.578125
945.1,3,57.09,2400,None,30558.5390625
950.1,0,180.97,2400,None,30559.0703125
950.1,1,54.23,2400,None,30558.55078125
950.1,2,52.69,2400,None,30558.578125
950.1,3,53.78,2400,None,30558.5390625
955.1,0,178.07,2400,None,30559.0703125
955.1,1,54.14,2400,None,30558.55078125
955.1,2,52.77,2400,None,30558.578125
955.1,3,53.82,2400,None,30558.5390625
960.1,0,182.71,2400,None,30559.0703125
960.1,1,54.65,2400,None,30558.55078125
960.1,2,53.26,2400,None,30558.578125
960.1,3,54.18,2400,None,30558.5390625
965.1,0,178.06,2400,None,30559.0703125
965.1,1,58.03,2400,None,30558.55078125
965.1,2,56.48,2400,None,30558.578125
965.1,3,57.32,2400,None,30558.5390625
970.1,0,182.66,2400,None,30559.0703125
970.1,1,58.05,2400,None,30558.55078125
970.1,2,56.42,2400,None,30558.578125
970.1,3,57.55,2400,None,30558.5390625
975.1,0,178.11,2400,None,30559.0703125
975.1,1,58.03,2400,None,30558.55078125
975.1,2,56.55,2400,None,30558.578125
975.1,3,57.51,2400,None,30558.5390625
980.1,0,182.71,2400,None,30559.0703125
980.1,1,57.94,2400,None,30558.55078125
980.1,2,56.67,2400,None,30558.578125
980.1,3,57.32,2400,None,30558.5390625
985.1,0,178.22,2400,None,30559.0703125
985.1,1,58.03,2400,None,30558.55078125
985.1,2,56.44,2400,None,30558.578125
985.1,3,57.44,2400,None,30558.5390625
990.1,0,182.58,2400,None,30559.0703125
990.1,1,55.44,2400,None,30558.55078125
990.1,2,53.88,2400,None,30558.578125
990.1,3,54.92,2400,None,30558.5390625
995.1,0,178.12,2400,None,30559.0703125
995.1,1,54.41,2400,None,30558.55078125
995.1,2,52.78,2400,None,30558.578125
995.1,3,53.63,2400,None,30558.5390625
1000.1,0,182.61,2400,None,30559.0703125
1000.1,1,54.25,2400,None,30558.55078125
1000.1,2,52.79,2400,None,30558.578125
1000.1,3,53.63,2400,None,30558.5390625
1005.1,0,178.31,2400,None,30559.0703125
1005.1,1,56.97,2400,None,30558.55078125
1005.1,2,55.35,2400,None,30558.578125
1005.1,3,56.48,2400,None,30558.5390625
1010.1,0,146.73,2400,None,30559.0703125
1010.1,1,58.19,2400,None,30558.55078125
1010.1,2,56.41,2400,None,30558.578125
1010.1,3,57.51,2400,None,30558.5390625
1015.1,0,61.60,2400,None,30559.0703125
1015.1,1,58.31,2400,None,30558.55078125
1015.1,2,56.61,2400,None,30558.578125
1015.1,3,57.13,2400,None,30558.5390625
1020.1,0,60.14,2400,None,30559.0703125
1020.1,1,57.99,2400,None,30558.55078125
1020.1,2,56.75,2400,None,30558.578125
1020.1,3,57.57,2400,None,30558.5390625
1025.1,0,148.49,2400,None,30559.0703125
1025.1,1,57.99,2400,None,30558.55078125
1025.1,2,56.28,2400,None,30558.578125
1025.1,3,57.24,2400,None,30558.5390625
1030.1,0,177.98,2400,None,30559.0703125
1030.1,1,56.99,2400,None,30558.55078125
1030.1,2,55.44,2400,None,30558.578125
1030.1,3,56.62,2400,None,30558.5390625
1035.1,0,181.58,2400,None,30559.0703125
1035.1,1,54.38,2400,None,30558.55078125
1035.1,2,52.84,2400,None,30558.578125
1035.1,3,53.84,2400,None,30558.5390625
1040.1,0,177.73,2400,None,30559.0703125
1040.1,1,54.04,2400,None,30558.55078125
1040.1,2,52.70,2400,None,30558.578125
1040.1,3,53.65,2400,None,30558.5390625
1045.1,0,182.05,2400,None,30559.0703125
1045.1,1,55.45,2400,None,30558.55078125
1045.1,2,53.83,2400,None,30558.578125
1045.1,3,54.73,2400,None,30558.5390625
1050.1,0,177.94,2400,None,30559.0703125
1050.1,1,58.11,2400,None,30558.55078125
1050.1,2,56.50,2400,None,30558.578125
1050.1,3,57.32,2400,None,30558.5390625
1055.1,0,182.29,2400,None,30559.0703125
1055.1,1,58.18,2400,None,30558.55078125
1055.1,2,56.64,2400,None,30558.578125
1055.1,3,57.76,2400,None,30558.5390625
1060.1,0,177.97,2400,None,30559.0703125
1060.1,1,57.77,2400,None,30558.55078125
1060.1,2,56.53,2400,None,30558.578125
1060.1,3,57.45,2400,None,30558.5390625
1065.1,0,182.33,2400,None,30559.0703125
1065.1,1,57.99,2400,None,30558.55078125
1065.1,2,56.30,2400,None,30558.578125
1065.1,3,57.25,2400,None,30558.5390625
1070.1,0,178.23,2400,None,30559.0703125
1070.1,1,58.11,2400,None,30558.55078125
1070.1,2,56.52,2400,None,30558.578125
1070.1,3,57.52,2400,None,30558.5390625
1075.1,0,182.41,2400,None,30559.0703125
1075.1,1,54.66,2400,None,30558.55078125
1075.1,2,53.23,2400,None,30558.578125
1075.1,3,54.22,2400,None,30558.5390625
1080.1,0,178.16,2400,None,30559.0703125
1080.1,1,53.97,2400,None,30558.55078125
1080.1,2,52.83,2400,None,30558.578125
1080.1,3,53.59,2400,None,30558.5390625
1085.1,0,182.53,2083,PowerBurst,30559.0703125
1085.1,1,54.32,2400,None,30558.55078125
1085.1,2,52.80,2400,None,30558.578125
1085.1,3,53.63,2400,None,30558.5390625
1090.1,0,178.26,2400,None,30559.0703125
1090.1,1,57.82,2400,None,30558.55078125
1090.1,2,56.29,2400,None,30558.578125
1090.1,3,57.20,2400,None,30558.5390625
1095.1,0,180.02,2183,PowerBurst,30559.0703125
1095.1,1,58.06,2400,None,30558.55078125
1095.1,2,56.56,2400,None,30558.578125
1095.1,3,57.65,2400,None,30558.5390625
1100.1,0,180.77,2400,None,30559.0703125
1100.1,1,58.16,2400,None,30558.55078125
1100.1,2,56.50,2400,None,30558.578125
1100.1,3,57.54,2400,None,30558.5390625
1105.1,0,182.22,2400,None,30559.0703125
1105.1,1,57.89,2400,None,30558.55078125
1105.1,2,56.40,2400,None,30558.578125
1105.1,3,57.41,2400,None,30558.5390625
1110.1,0,178.25,2400,None,30559.0703125
1110.1,1,58.06,2400,None,30558.55078125
1110.1,2,56.52,2400,None,30558.578125
1110.1,3,57.56,2400,None,30558.5390625
1115.1,0,182.44,2400,None,30559.0703125
1115.1,1,56.08,2400,None,30558.55078125
1115.1,2,54.56,2400,None,30558.578125
1115.1,3,55.57,2400,None,30558.5390625
1120.1,0,178.30,2400,None,30559.0703125
1120.1,1,53.98,2400,None,30558.55078125
1120.1,2,52.77,2400,None,30558.578125
1120.1,3,53.85,2400,None,30558.5390625
1125.1,0,182.72,2400,None,30559.0703125
1125.1,1,54.20,2400,None,30558.55078125
1125.1,2,52.82,2400,None,30558.578125
1125.1,3,53.61,2400,None,30558.5390625
1130.1,0,178.31,2400,None,30559.0703125
1130.1,1,56.44,2400,None,30558.55078125
1130.1,2,54.83,2400,None,30558.578125
1130.1,3,55.93,2400,None,30558.5390625
1135.1,0,182.70,2400,None,30559.0703125
1135.1,1,58.13,2400,None,30558.55078125
1135.1,2,56.47,2400,None,30558.578125
1135.1,3,57.48,2400,None,30558.5390625
1140.1,0,178.20,2400,None,30559.0703125
1140.1,1,58.19,2400,None,30558.55078125
1140.1,2,56.66,2400,None,30558.578125
1140.1,3,57.54,2400,None,30558.5390625
1145.1,0,182.58,2400,None,30559.0703125
1145.1,1,57.86,2400,None,30558.55078125
1145.1,2,56.36,2400,None,30558.578125
1145.1,3,57.31,2400,None,30558.5390625
1150.1,0,178.28,2400,None,30559.0703125
1150.1,1,58.04,2400,None,30558.55078125
1150.1,2,56.45,2400,None,30558.578125
1150.1,3,57.52,2400,None,30558.5390625
1155.1,0,182.45,2400,None,30559.0703125
1155.1,1,57.69,2400,None,30558.55078125
1155.1,2,55.99,2400,None,30558.578125
1155.1,3,56.99,2400,None,30558.5390625
1160.1,0,178.26,2400,None,30559.0703125
1160.1,1,54.12,2400,None,30558.55078125
1160.1,2,52.89,2400,None,30558.578125
1160.1,3,53.85,2400,None,30558.5390625
1165.1,0,182.89,2100,PowerBurst,30559.0703125
1165.1,1,54.02,2400,None,30558.55078125
1165.1,2,52.70,2400,None,30558.578125
1165.1,3,53.62,2400,None,30558.5390625
1170.1,0,178.00,2400,None,30559.0703125
1170.1,1,55.03,2400,None,30558.55078125
1170.1,2,53.32,2400,None,30558.578125
1170.1,3,54.27,2400,None,30558.5390625
1175.1,0,178.07,2400,None,30559.0703125
1175.1,1,58.19,2400,None,30558.55078125
1175.1,2,56.54,2400,None,30558.578125
1175.1,3,57.51,2400,None,30558.5390625
1180.1,0,182.81,2400,None,30559.0703125
1180.1,1,58.04,2400,None,30558.55078125
1180.1,2,56.70,2400,None,30558.578125
1180.2,3,57.71,2400,None,30558.5390625
1185.1,0,178.13,2400,None,30559.0703125
1185.1,1,57.88,2400,None,30558.55078125
1185.1,2,56.32,2400,None,30558.578125
1185.2,3,57.27,2400,None,30558.5390625
1190.1,0,182.80,2400,None,30559.0703125
1190.1,1,57.97,2400,None,30558.55078125
1190.1,2,56.43,2400,None,30558.578125
1190.2,3,57.43,2400,None,30558.5390625
1195.1,0,178.25,2400,None,30559.0703125
1195.1,1,58.22,2400,None,30558.55078125
1195.1,2,56.52,2400,None,30558.578125
1195.1,3,57.45,2400,None,30558.5390625
1200.1,0,110.73,2400,None,30559.0703125
1200.1,1,55.15,2400,None,30558.55078125
1200.1,2,54.02,2400,None,30558.578125
1200.2,3,54.67,2400,None,30558.5390625
1205.2,0,56.71,2400,None,30559.0703125
1205.2,1,54.24,2400,None,30558.55078125
1205.2,2,52.35,2400,None,30558.578125
1205.2,3,53.13,2400,None,30558.5390625
1210.2,0,74.03,2083,PowerBurst,30559.0703125
1210.2,1,54.54,2400,None,30558.55078125
1210.2,2,52.51,2400,None,30558.578125
1210.2,3,53.23,2400,None,30558.5390625
1215.2,0,177.87,2400,None,30559.0703125
1215.2,1,57.29,2400,None,30558.55078125
1215.2,2,55.74,2400,None,30558.578125
1215.2,3,56.76,2400,None,30558.5390625
1220.2,0,178.23,2400,None,30559.0703125
1220.2,1,58.02,2400,None,30558.55078125
1220.2,2,56.61,2400,None,30558.578125
1220.2,3,57.69,2400,None,30558.5390625
1225.2,0,67.14,2400,None,30559.0703125
1225.2,1,57.92,2400,None,30558.55078125
1225.2,2,56.62,2400,None,30558.578125
1225.2,3,168.52,2400,None,30559.0390625
1230.2,0,60.13,2400,None,30559.0703125
1230.2,1,58.00,2400,None,30558.55078125
1230.2,2,56.36,2400,None,30558.578125
1230.2,3,171.37,2400,None,30559.0390625
1235.2,0,151.52,2400,None,30559.0703125
1235.2,1,58.12,2400,None,30558.55078125
1235.2,2,56.61,2400,None,30558.578125
1235.2,3,87.20,2400,None,30559.0390625
1240.2,0,177.99,2400,None,30559.0703125
1240.2,1,56.90,2400,None,30558.55078125
1240.2,2,55.35,2400,None,30558.578125
1240.2,3,56.91,2400,None,30559.0390625
1245.2,0,103.18,2400,None,30559.0703125
1245.2,1,54.04,2400,None,30558.55078125
1245.2,2,130.43,2400,None,30559.078125
1245.2,3,53.82,2400,None,30559.0390625
1250.2,0,55.95,2400,None,30559.0703125
1250.2,1,54.12,2400,None,30558.55078125
1250.2,2,170.28,2400,None,30559.078125
1250.2,3,54.08,2400,None,30559.0390625
1255.2,0,57.40,2400,None,30559.0703125
1255.2,1,133.82,2400,None,30559.05078125
1255.2,2,98.25,2400,None,30559.078125
1255.2,3,55.54,2400,None,30559.0390625
1260.2,0,59.91,2400,None,30559.0703125
1260.2,1,172.81,2400,None,30559.05078125
1260.2,2,56.99,2400,None,30559.078125
1260.2,3,57.94,2400,None,30559.0390625
1265.2,0,59.71,2400,None,30559.0703125
1265.2,1,89.37,2400,None,30559.05078125
1265.2,2,57.03,2400,None,30559.078125
1265.2,3,145.94,2400,None,30559.0390625
1270.2,0,59.35,2400,None,30559.0703125
1270.2,1,58.57,2400,None,30559.05078125
1270.2,2,56.66,2400,None,30559.078125
1270.2,3,171.85,2400,None,30559.0390625
1275.2,0,114.35,2400,None,30559.0703125
1275.2,1,58.61,2400,None,30559.05078125
1275.2,2,56.79,2400,None,30559.078125
1275.2,3,123.61,2400,None,30559.0390625
1280.2,0,176.59,2400,None,30559.0703125
1280.2,1,58.75,2400,None,30559.05078125
1280.2,2,56.80,2400,None,30559.078125
1280.2,3,58.61,2400,None,30559.0390625
1285.2,0,141.55,2400,None,30559.0703125
1285.2,1,54.56,2400,None,30559.05078125
1285.2,2,94.16,2400,None,30559.078125
1285.2,3,54.36,2400,None,30559.0390625
1290.2,0,55.70,2400,None,30559.0703125
1290.2,1,54.47,2400,None,30559.05078125
1290.2,2,170.83,2400,None,30559.078125
1290.2,3,54.16,2400,None,30559.0390625
1295.2,0,55.71,2400,None,30559.0703125
1295.2,1,125.76,2400,None,30559.05078125
1295.2,2,104.80,2400,None,30559.078125
1295.2,3,54.48,2400,None,30559.0390625
1300.2,0,59.64,2400,None,30559.0703125
1300.2,1,173.31,2400,None,30559.05078125
1300.2,2,57.26,2400,None,30559.078125
1300.2,3,58.07,2400,None,30559.0390625
1305.2,0,59.59,2400,None,30559.0703125
1305.2,1,99.61,2400,None,30559.05078125
1305.2,2,57.16,2400,None,30559.078125
1305.2,3,136.02,2400,None,30559.0390625
1310.2,0,59.32,2400,None,30559.0703125
1310.2,1,58.97,2400,None,30559.05078125
1310.2,2,56.82,2400,None,30559.078125
1310.2,3,172.26,2400,None,30559.0390625
1315.2,0,147.86,2400,None,30559.0703125
1315.2,1,58.90,2400,None,30559.05078125
1315.2,2,56.83,2400,None,30559.078125
1315.2,3,91.15,2400,None,30559.0390625
1320.2,0,176.60,2400,None,30559.0703125
1320.2,1,58.90,2400,None,30559.05078125
1320.2,2,57.02,2400,None,30559.078125
1320.2,3,58.54,2400,None,30559.0390625
1325.2,0,74.54,2400,None,30559.0703125
1325.2,1,56.31,2400,None,30559.05078125
1325.2,2,161.08,2400,None,30559.078125
1325.2,3,55.90,2400,None,30559.0390625
1330.2,0,55.33,2400,None,30559.0703125
1330.2,1,54.69,2400,None,30559.05078125
1330.2,2,170.34,2400,None,30559.078125
1330.2,3,54.20,2400,None,30559.0390625
1335.2,0,55.45,2400,None,30559.0703125
1335.2,1,145.89,2400,None,30559.05078125
1335.2,2,86.01,2400,None,30559.078125
1335.2,3,54.24,2400,None,30559.0390625
1340.2,0,58.14,2400,None,30559.0703125
1340.2,1,173.93,2400,None,30559.05078125
1340.2,2,56.16,2400,None,30559.078125
1340.2,3,56.90,2400,None,30559.0390625
1345.2,0,59.44,2400,None,30559.0703125
1345.2,1,99.36,2400,None,30559.05078125
1345.2,2,57.41,2400,None,30559.078125
1345.2,3,137.39,2400,None,30559.0390625
1350.2,0,59.17,2400,None,30559.0703125
1350.2,1,58.98,2400,None,30559.05078125
1350.2,2,57.15,2400,None,30559.078125
1350.2,3,172.45,2400,None,30559.0390625
1355.2,0,117.85,2400,None,30559.0703125
1355.2,1,59.00,2400,None,30559.05078125
1355.2,2,57.08,2400,None,30559.078125
1355.2,3,119.25,2400,None,30559.0390625
1360.2,0,176.13,2400,None,30559.0703125
1360.2,1,58.90,2400,None,30559.05078125
1360.2,2,57.11,2400,None,30559.078125
1360.2,3,58.69,2400,None,30559.0390625
1365.2,0,154.98,2400,None,30559.0703125
1365.2,1,57.90,2400,None,30559.05078125
1365.2,2,83.53,2400,None,30559.078125
1365.2,3,57.44,2400,None,30559.0390625
1370.2,0,55.56,2400,None,30559.0703125
1370.2,1,54.75,2400,None,30559.05078125
1370.2,2,171.32,2400,None,30559.078125
1370.2,3,54.22,2400,None,30559.0390625
1375.2,0,55.37,2400,None,30559.0703125
1375.2,1,78.72,2300,PowerBurst,30559.05078125
1375.2,2,152.46,2400,None,30559.078125
1375.2,3,54.39,2400,None,30559.0390625
1380.2,0,56.64,2400,None,30559.0703125
1380.2,1,173.80,2400,None,30559.05078125
1380.2,2,55.07,2400,None,30559.078125
1380.2,3,55.50,2400,None,30559.0390625
1385.2,0,59.68,2400,None,30559.0703125
1385.2,1,174.29,2400,None,30559.05078125
1385.2,2,57.66,2400,None,30559.078125
1385.2,3,58.17,2400,None,30559.0390625
1390.2,0,59.28,2400,None,30559.0703125
1390.2,1,60.63,2400,None,30559.05078125
1390.2,2,56.99,2400,None,30559.078125
1390.2,3,58.01,2400,None,30559.0390625
1395.2,0,59.44,2400,None,30559.0703125
1395.2,1,59.03,2400,None,30559.05078125
1395.2,2,56.95,2400,None,30559.078125
1395.2,3,58.32,2400,None,30559.0390625
1400.2,0,59.38,2400,None,30559.0703125
1400.2,1,112.74,2400,None,30559.05078125
1400.2,2,57.05,2400,None,30559.078125
1400.2,3,58.00,2400,None,30559.0390625
1405.2,0,59.37,2400,None,30559.0703125
1405.2,1,174.76,2400,None,30559.05078125
1405.2,2,57.35,2400,None,30559.078125
1405.2,3,58.10,2400,None,30559.0390625
1410.2,0,91.45,2100,PowerBurst,30600.078125
1410.2,1,183.09,2133,PowerBurst,30600.05859375
1410.2,2,90.55,2100,PowerBurst,30600.0859375
1410.2,3,90.86,2133,PowerBurst,30600.046875
1415.2,0,56.29,1400,None,30600.078125
1415.2,1,56.04,1400,None,30600.05859375
1415.2,2,55.17,1850,None,30600.0859375
1415.2,3,54.81,1400,None,30600.046875
1420.2,0,142.97,2400,None,30600.078125
1420.2,1,138.63,2400,None,30600.05859375
1420.2,2,139.51,2400,None,30600.0859375
1420.2,3,135.93,2400,None,30600.046875
1425.2,0,180.68,2400,None,30600.078125
1425.2,1,178.37,2400,None,30600.05859375
1425.2,2,175.52,2400,None,30600.0859375
1425.2,3,174.47,2400,None,30600.046875
1430.2,0,180.77,2400,None,30600.078125
1430.2,1,179.28,2400,None,30600.05859375
1430.2,2,177.84,2400,None,30600.0859375
1430.2,3,177.28,2400,None,30600.046875
1435.2,0,182.32,2400,None,30600.078125
1435.2,1,179.74,2400,None,30600.05859375
1435.2,2,176.18,2400,None,30600.0859375
1435.2,3,176.18,2400,None,30600.046875
1440.2,0,187.67,2167,PowerBurst,30600.078125
1440.2,1,183.10,2400,None,30600.05859375
1440.2,2,183.57,2150,PowerBurst,30600.0859375
1440.2,3,180.90,2400,None,30600.046875
1445.2,0,185.01,2400,None,30600.078125
1445.2,1,183.06,2400,None,30600.05859375
1445.2,2,179.08,2400,None,30600.0859375
1445.2,3,180.53,2400,None,30600.046875
1450.2,0,185.44,2167,PowerBurst,30600.078125
1450.2,1,182.88,2400,None,30600.05859375
1450.2,2,177.15,2400,None,30600.0859375
1450.2,3,180.13,2400,None,30600.046875
1455.2,0,187.48,2400,None,30600.078125
1455.2,1,183.37,2400,None,30600.05859375
1455.2,2,186.36,2400,None,30600.0859375
1455.2,3,180.84,2400,None,30600.046875
1460.2,0,181.98,2400,None,30600.078125
1460.2,1,180.97,2183,PowerBurst,30600.05859375
1460.2,2,177.53,2400,None,30600.0859375
1460.2,3,176.34,2350,PowerBurst,30600.046875
1465.2,0,189.66,2400,None,30600.078125
1465.2,1,185.43,2317,PowerBurst,30600.05859375
1465.2,2,186.58,2400,None,30600.0859375
1465.2,3,185.11,2400,None,30600.046875
1470.2,0,182.31,2400,None,30600.078125
1470.2,1,179.21,2400,None,30600.05859375
1470.2,2,177.83,2400,None,30600.0859375
1470.2,3,176.28,2400,None,30600.046875
1475.2,0,189.17,2400,None,30600.078125
1475.2,1,183.23,2400,None,30600.05859375
1475.2,2,186.52,2400,None,30600.0859375
1475.2,3,182.10,2283,PowerBurst,30600.046875
1480.2,0,182.64,2400,None,30600.078125
1480.2,1,183.38,2400,None,30600.05859375
1480.2,2,178.18,2400,None,30600.0859375
1480.2,3,180.13,2400,None,30600.046875
1485.2,0,186.09,2400,None,30600.078125
1485.2,1,183.36,2400,None,30600.05859375
1485.2,2,182.12,2400,None,30600.0859375
1485.2,3,181.29,2400,None,30600.046875
1490.2,0,186.40,2400,None,30600.078125
1490.2,1,183.50,2400,None,30600.05859375
1490.2,2,182.87,2400,None,30600.0859375
1490.2,3,180.86,2400,None,30600.046875
1495.2,0,186.16,2400,None,30600.078125
1495.2,1,179.30,2400,None,30600.05859375
1495.2,2,182.52,2183,PowerBurst,30600.0859375
1495.2,3,181.51,2400,None,30600.046875
1500.2,0,186.45,2400,None,30600.078125
1500.2,1,187.60,2400,None,30600.05859375
1500.2,2,182.56,2400,None,30600.0859375
1500.2,3,176.39,2400,None,30600.046875
1505.2,0,181.60,2400,None,30600.078125
1505.2,1,179.47,2400,None,30600.05859375
1505.2,2,177.98,2400,None,30600.0859375
1505.2,3,180.59,2400,None,30600.046875
1510.2,0,74.42,2400,None,30600.078125
1510.2,1,148.98,2400,None,30600.05859375
1510.2,2,114.11,2400,None,30600.0859375
1510.2,3,169.16,2400,None,30600.046875
1515.2,0,60.33,2400,None,30600.078125
1515.2,1,60.98,2400,None,30600.05859375
1515.2,2,58.94,2400,None,30600.0859375
1515.2,3,60.07,2400,None,30600.046875
1520.2,0,59.85,2400,None,30600.078125
1520.2,1,60.27,2400,None,30600.05859375
1520.2,2,58.55,2400,None,30600.0859375
1520.2,3,59.29,2400,None,30600.046875
1525.2,0,110.91,2400,None,30600.078125
1525.2,1,59.91,2400,None,30600.05859375
1525.2,2,58.05,2400,None,30600.0859375
1525.2,3,58.98,2400,None,30600.046875
1530.2,0,177.62,2400,None,30600.078125
1530.2,1,59.72,2400,None,30600.05859375
1530.2,2,57.80,2400,None,30600.0859375
1530.2,3,58.62,2400,None,30600.046875
1535.2,0,184.07,2033,PowerBurst,30808.328125
1535.2,1,88.44,2083,PowerBurst,30808.30859375
1535.2,2,87.72,2050,PowerBurst,30808.3359375
1535.2,3,88.29,2083,PowerBurst,30808.296875
1540.2,0,191.28,2400,None,30808.328125
1540.2,1,189.56,2400,None,30808.30859375
1540.2,2,187.22,2400,None,30808.3359375
1540.2,3,187.86,2400,None,30808.296875
1545.2,0,188.03,2400,None,30808.328125
1545.2,1,185.70,2400,None,30808.30859375
1545.2,2,181.89,2400,None,30808.3359375
1545.2,3,182.22,2400,None,30808.296875
1550.2,0,192.99,2300,PowerBurst,30808.328125
1550.2,1,187.59,2133,PowerBurst,30808.30859375
1550.2,2,189.20,2400,None,30808.3359375
1550.2,3,185.49,2400,None,30808.296875
1555.2,0,193.59,2400,None,30808.328125
1555.2,1,193.29,2400,None,30808.30859375
1555.2,2,190.21,2400,None,30808.3359375
1555.2,3,192.76,2400,None,30808.296875
1560.2,0,188.42,2400,None,30808.328125
1560.2,1,185.38,2400,None,30808.30859375
1560.2,2,183.49,2400,None,30808.3359375
1560.2,3,183.03,2400,None,30808.296875
1565.2,0,190.71,2400,None,30808.328125
1565.2,1,188.34,2267,PowerBurst,30808.30859375
1565.2,2,189.71,2133,PowerBurst,30808.3359375
1565.2,3,186.25,2150,PowerBurst,30808.296875
1570.2,0,196.46,2400,None,30808.328125
1570.2,1,194.56,2400,None,30808.30859375
1570.2,2,191.09,2400,None,30808.3359375
1570.2,3,193.34,2133,PowerBurst,30808.296875
1575.2,0,188.49,2400,None,30808.328125
1575.2,1,185.59,2400,None,30808.30859375
1575.2,2,183.75,2400,None,30808.3359375
1575.2,3,183.07,2400,None,30808.296875
1580.2,0,190.74,2400,None,30808.328125
1580.2,1,188.25,2400,None,30808.30859375
1580.2,2,190.12,2117,PowerBurst,30808.3359375
1580.2,3,186.17,2400,None,30808.296875
1585.2,0,193.69,2400,None,30808.328125
1585.2,1,191.32,2350,PowerBurst,30808.30859375
1585.2,2,190.35,2350,PowerBurst,30808.3359375
1585.2,3,190.10,2400,None,30808.296875
1590.2,0,190.99,2400,None,30808.328125
1590.2,1,188.47,2400,None,30808.30859375
1590.2,2,183.64,2400,None,30808.3359375
1590.2,3,186.65,2400,None,30808.296875
1595.2,0,193.53,2117,PowerBurst,30808.328125
1595.2,1,188.65,2133,PowerBurst,30808.30859375
1595.2,2,191.07,2100,PowerBurst,30808.3359375
1595.2,3,186.15,2400,None,30808.296875
1600.2,0,191.36,2233,PowerBurst,30808.328125
1600.2,1,190.08,2400,None,30808.30859375
1600.2,2,190.11,2400,None,30808.3359375
1600.2,3,189.78,2400,None,30808.296875
1605.2,0,190.64,2400,None,30808.328125
1605.2,1,188.88,2400,None,30808.30859375
1605.2,2,183.72,2400,None,30808.3359375
1605.2,3,187.02,2400,None,30808.296875
1610.2,0,190.97,2400,None,30808.328125
1610.2,1,188.45,2400,None,30808.30859375
1610.2,2,187.52,2100,PowerBurst,30808.3359375
1610.2,3,186.16,2400,None,30808.296875
1615.2,0,193.93,2283,PowerBurst,30808.328125
1615.2,1,188.12,2133,PowerBurst,30808.30859375
1615.2,2,192.45,2267,PowerBurst,30808.3359375
1615.2,3,186.34,2400,None,30808.296875
1620.2,0,191.10,2400,None,30808.328125
1620.2,1,191.71,2400,None,30808.30859375
1620.2,2,183.68,2400,None,30808.3359375
1620.2,3,190.08,2400,None,30808.296875
1625.2,0,191.18,2283,PowerBurst,30808.328125
1625.2,1,188.22,2150,PowerBurst,30808.30859375
1625.2,2,186.91,2400,None,30808.3359375
1625.2,3,186.69,2400,None,30808.296875
1630.2,0,190.62,2400,None,30808.328125
1630.2,1,189.02,2367,PowerBurst,30808.30859375
1630.2,2,190.26,2400,None,30808.3359375
1630.2,3,186.31,2367,PowerBurst,30808.296875
1635.2,0,193.78,2400,None,30808.328125
1635.2,1,191.55,2400,None,30808.30859375
1635.2,2,187.25,2400,None,30808.3359375
1635.2,3,189.84,2400,None,30808.296875
1640.2,0,188.36,2400,None,30808.328125
1640.2,1,188.83,2400,None,30808.30859375
1640.2,2,187.69,2100,PowerBurst,30808.3359375
1640.2,3,186.81,2133,PowerBurst,30808.296875
1645.2,0,193.77,2400,None,30808.328125
1645.2,1,187.46,2183,PowerBurst,30808.30859375
1645.2,2,190.17,2400,None,30808.3359375
1645.2,3,182.79,2400,None,30808.296875
1650.2,0,193.93,2400,None,30808.328125
1650.2,1,192.18,2383,PowerBurst,30808.30859375
1650.2,2,187.30,2400,None,30808.3359375
1650.2,3,192.80,2150,PowerBurst,30808.296875
1655.2,0,188.43,2400,None,30808.328125
1655.2,1,186.13,2400,None,30808.30859375
1655.2,2,183.78,2400,None,30808.3359375
1655.2,3,183.99,2400,None,30808.296875
1660.2,0,185.16,2400,None,30808.328125
1660.2,1,183.11,2400,None,30808.30859375
1660.2,2,138.23,2400,None,30808.3359375
1660.2,3,182.17,2400,None,30808.296875
1665.2,0,94.95,2400,None,30808.328125
1665.2,1,64.55,2400,None,30808.30859375
1665.2,2,54.99,2400,None,30808.3359375
1665.2,3,101.33,2400,None,30808.296875
1670.2,0,56.48,2400,None,30808.328125
1670.2,1,56.77,2400,None,30808.30859375
1670.2,2,54.74,2400,None,30808.3359375
1670.2,3,55.77,2400,None,30808.296875
1675.2,0,59.41,2400,None,30808.328125
1675.2,1,59.83,2400,None,30808.30859375
1675.2,2,57.82,2400,None,30808.3359375
1675.2,3,58.56,2400,None,30808.296875
1680.2,0,59.95,2400,None,30808.328125
1680.2,1,161.27,2400,None,30808.30859375
1680.2,2,57.87,2400,None,30808.3359375
1680.2,3,58.93,2400,None,30808.296875
1685.2,0,59.75,2400,None,30808.328125
1685.2,1,176.61,2400,None,30808.30859375
1685.2,2,57.89,2400,None,30808.3359375
1685.2,3,58.78,2400,None,30808.296875
1690.2,0,151.25,2033,PowerBurst,31813.90234375
1690.2,1,192.66,2033,PowerBurst,31815.8828125
1690.2,2,151.28,2033,PowerBurst,31813.91015625
1690.2,3,151.02,2067,PowerBurst,31815.87109375
1695.2,0,196.87,2383,PowerBurst,31813.90234375
1695.2,1,196.53,2400,None,31815.8828125
1695.2,2,194.70,2400,None,31813.91015625
1695.2,3,194.77,2400,None,31815.87109375
1700.2,0,196.86,2400,None,31813.90234375
1700.2,1,195.94,2400,None,31815.8828125
1700.2,2,191.62,2400,None,31813.91015625
1700.2,3,192.05,2400,None,31815.87109375
1705.2,0,198.88,2100,PowerBurst,31813.90234375
1705.2,1,197.44,2133,PowerBurst,31815.8828125
1705.2,2,193.79,2317,PowerBurst,31813.91015625
1705.2,3,194.85,2150,PowerBurst,31815.87109375
1710.2,0,199.77,2083,PowerBurst,31813.90234375
1710.2,1,198.97,2200,PowerBurst,31815.8828125
1710.2,2,198.54,2400,None,31813.91015625
1710.2,3,198.79,2150,PowerBurst,31815.87109375
1715.2,0,197.72,2400,None,31813.90234375
1715.2,1,198.16,2400,None,31815.8828125
1715.2,2,197.77,2400,None,31813.91015625
1715.2,3,197.17,2400,None,31815.87109375
1720.2,0,196.90,2400,None,31813.90234375
1720.2,1,196.06,2400,None,31815.8828125
1720.2,2,193.12,2400,None,31813.91015625
1720.2,3,193.44,2400,None,31815.87109375
1725.2,0,198.55,2233,PowerBurst,31813.90234375
1725.2,1,198.25,2250,PowerBurst,31815.8828125
1725.2,2,196.81,2183,PowerBurst,31813.91015625
1725.2,3,194.65,2167,PowerBurst,31815.87109375
1730.2,0,200.35,2117,PowerBurst,31813.90234375
1730.2,1,198.95,2400,None,31815.8828125
1730.2,2,198.23,2400,None,31813.91015625
1730.2,3,198.15,2150,PowerBurst,31815.87109375
1735.2,0,197.82,2400,None,31813.90234375
1735.2,1,197.93,2400,None,31815.8828125
1735.2,2,196.66,2400,None,31813.91015625
1735.2,3,197.36,2400,None,31815.87109375
1740.2,0,197.06,2400,None,31813.90234375
1740.2,1,196.22,2400,None,31815.8828125
1740.2,2,193.12,2400,None,31813.91015625
1740.2,3,193.67,2400,None,31815.87109375
1745.2,0,199.57,2100,PowerBurst,31813.90234375
1745.2,1,199.63,2133,PowerBurst,31815.8828125
1745.2,2,196.17,2400,None,31813.91015625
1745.2,3,194.37,2400,None,31815.87109375
1750.2,0,199.51,2183,PowerBurst,31813.90234375
1750.2,1,197.96,2383,PowerBurst,31815.8828125
1750.2,2,200.01,2117,PowerBurst,31813.91015625
1750.2,3,199.67,2167,PowerBurst,31815.87109375
1755.2,0,197.65,2400,None,31813.90234375
1755.2,1,197.94,2400,None,31815.8828125
1755.2,2,195.70,2400,None,31813.91015625
1755.2,3,196.98,2400,None,31815.87109375
1760.2,0,196.95,2400,None,31813.90234375
1760.2,1,195.96,2400,None,31815.8828125
1760.2,2,193.14,2400,None,31813.91015625
1760.2,3,193.47,2400,None,31815.87109375
1765.2,0,199.88,2050,PowerBurst,31813.90234375
1765.2,1,199.05,2350,PowerBurst,31815.8828125
1765.2,2,198.28,2150,PowerBurst,31813.91015625
1765.2,3,196.37,2150,PowerBurst,31815.87109375
1770.2,0,198.72,2267,PowerBurst,31813.90234375
1770.2,1,198.78,2383,PowerBurst,31815.8828125
1770.2,2,199.58,2100,PowerBurst,31813.91015625
1770.2,3,198.53,2350,PowerBurst,31815.87109375
1775.2,0,198.02,2400,None,31813.90234375
1775.2,1,197.61,2400,None,31815.8828125
1775.2,2,193.45,2400,None,31813.91015625
1775.2,3,196.83,2350,PowerBurst,31815.87109375
1780.2,0,197.64,2267,PowerBurst,31813.90234375
1780.2,1,197.04,2400,None,31815.8828125
1780.2,2,190.96,2400,None,31813.91015625
1780.2,3,193.61,2400,None,31815.87109375
1785.2,0,200.47,2050,PowerBurst,31813.90234375
1785.2,1,199.12,2167,PowerBurst,31815.8828125
1785.2,2,197.73,2367,PowerBurst,31813.91015625
1785.2,3,196.30,2167,PowerBurst,31815.87109375
1790.2,0,197.78,2367,PowerBurst,31813.90234375
1790.2,1,198.21,2400,None,31815.8828125
1790.2,2,200.71,2133,PowerBurst,31813.91015625
1790.2,3,198.53,2367,PowerBurst,31815.87109375
1795.2,0,198.01,2383,PowerBurst,31813.90234375
1795.2,1,197.18,2400,None,31815.8828125
1795.2,2,193.41,2400,None,31813.91015625
1795.2,3,196.80,2400,None,31815.87109375
1800.2,0,196.72,2400,None,31813.90234375
1800.2,1,197.00,2400,None,31815.8828125
1800.2,2,194.12,2233,PowerBurst,31813.91015625
1800.2,3,193.58,2400,None,31815.87109375
1805.2,0,200.79,2117,PowerBurst,31813.90234375
1805.2,1,200.09,2133,PowerBurst,31815.8828125
1805.2,2,197.26,2317,PowerBurst,31813.91015625
1805.2,3,196.58,2150,PowerBurst,31815.87109375
1810.2,0,198.29,2383,PowerBurst,31813.90234375
1810.2,1,198.60,2300,PowerBurst,31815.8828125
1810.2,2,198.31,2400,None,31813.91015625
1810.2,3,198.38,2367,PowerBurst,31815.87109375
1815.2,0,198.05,2400,None,31813.90234375
1815.2,1,196.80,2400,None,31815.8828125
1815.2,2,195.33,2400,None,31813.91015625
1815.2,3,196.88,2400,None,31815.87109375
1820.2,0,198.16,2250,PowerBurst,31813.90234375
1820.2,1,197.06,2400,None,31815.8828125
1820.2,2,195.86,2233,PowerBurst,31813.91015625
1820.2,3,193.67,2400,None,31815.87109375
1825.2,0,198.96,2350,PowerBurst,31813.90234375
1825.2,1,199.82,2133,PowerBurst,31815.8828125
1825.2,2,197.25,2133,PowerBurst,31813.91015625
1825.2,3,196.77,2150,PowerBurst,31815.87109375
1830.2,0,199.04,2400,None,31813.90234375
1830.2,1,197.53,2383,PowerBurst,31815.8828125
1830.2,2,197.18,2400,None,31813.91015625
1830.2,3,200.08,2133,PowerBurst,31815.87109375
1835.2,0,197.88,2400,None,31813.90234375
1835.2,1,195.86,2400,None,31815.8828125
1835.2,2,194.94,2400,None,31813.91015625
1835.2,3,194.98,2400,None,31815.87109375
1840.2,0,192.58,2400,None,31813.90234375
1840.2,1,190.22,2400,None,31815.8828125
1840.2,2,191.21,2400,None,31813.91015625
1840.2,3,193.35,2400,None,31815.87109375
1845.2,0,165.82,2400,None,31813.90234375
1845.2,1,119.96,2400,None,31815.8828125
1845.2,2,152.96,2400,None,31813.91015625
1845.2,3,185.86,2400,None,31815.87109375
1850.2,0,61.18,2400,None,31813.90234375
1850.2,1,60.88,2400,None,31815.8828125
1850.2,2,59.10,2400,None,31813.91015625
1850.2,3,60.10,2400,None,31815.87109375
1855.2,0,60.06,2400,None,31813.90234375
1855.2,1,60.45,2400,None,31815.8828125
1855.2,2,58.55,2400,None,31813.91015625
1855.2,3,59.16,2400,None,31815.87109375
1860.2,0,118.12,2400,None,31813.90234375
1860.2,1,60.09,2400,None,31815.8828125
1860.2,2,58.03,2400,None,31813.91015625
1860.2,3,59.01,2400,None,31815.87109375
1865.2,0,177.69,2400,None,31813.90234375
1865.2,1,59.64,2400,None,31815.8828125
1865.2,2,58.01,2400,None,31813.91015625
1865.2,3,58.89,2400,None,31815.87109375
1870.2,0,140.98,2400,None,31813.90234375
1870.2,1,95.07,2400,None,31815.8828125
1870.2,2,53.75,2400,None,31813.91015625
1870.2,3,54.53,2400,None,31815.87109375
1875.2,0,56.13,2400,None,31813.90234375
1875.2,1,175.89,2400,None,31815.8828125
1875.2,2,53.75,2400,None,31813.91015625
1875.2,3,54.66,2400,None,31815.87109375
1880.2,0,83.99,2250,PowerBurst,31813.90234375
1880.2,1,153.59,2400,None,31815.8828125
1880.2,2,54.21,2400,None,31813.91015625
1880.2,3,55.20,2400,None,31815.87109375
1885.2,0,177.25,2400,None,31813.90234375
1885.2,1,60.40,2400,None,31815.8828125
1885.2,2,57.82,2400,None,31813.91015625
1885.2,3,58.66,2400,None,31815.87109375
1890.2,0,170.43,2400,None,31813.90234375
1890.2,1,59.89,2400,None,31815.8828125
1890.2,2,57.62,2400,None,31813.91015625
1890.2,3,68.49,2200,PowerBurst,31815.87109375
1895.2,0,60.85,2400,None,31813.90234375
1895.2,1,59.85,2400,None,31815.8828125
1895.2,2,57.37,2400,None,31813.91015625
1895.2,3,175.06,2400,None,31815.87109375
1900.2,0,60.00,2400,None,31813.90234375
1900.2,1,59.71,2400,None,31815.8828125
1900.2,2,59.26,2367,PowerBurst,31813.91015625
1900.2,3,172.22,2400,None,31815.87109375
1905.2,0,59.87,2400,None,31813.90234375
1905.2,1,59.45,2400,None,31815.8828125
1905.2,2,176.21,2400,None,31813.91015625
1905.2,3,59.49,2400,None,31815.87109375
1910.2,0,56.87,2400,None,31813.90234375
1910.2,1,78.07,2267,PowerBurst,31815.8828125
1910.2,2,154.59,2400,None,31813.91015625
1910.2,3,56.16,2400,None,31815.87109375
1915.2,0,55.33,2400,None,31813.90234375
1915.2,1,175.34,2400,None,31815.8828125
1915.2,2,54.09,2400,None,31813.91015625
1915.2,3,54.69,2400,None,31815.87109375
1920.2,0,55.37,2400,None,31813.90234375
1920.2,1,175.80,2400,None,31815.8828125
1920.2,2,54.06,2400,None,31813.91015625
1920.2,3,54.65,2400,None,31815.87109375
1925.2,0,180.01,2400,None,31813.90234375
1925.2,1,59.81,2400,None,31815.8828125
1925.2,2,56.67,2400,None,31813.91015625
1925.2,3,57.52,2400,None,31815.87109375
1930.2,0,177.00,2400,None,31813.90234375
1930.2,1,59.73,2400,None,31815.8828125
1930.2,2,57.71,2400,None,31813.91015625
1930.2,3,58.20,2400,None,31815.87109375
1935.2,0,88.52,2400,None,31813.90234375
1935.2,1,59.70,2400,None,31815.8828125
1935.2,2,57.49,2400,None,31813.91015625
1935.2,3,150.61,2400,None,31815.87109375
1940.2,0,59.95,2400,None,31813.90234375
1940.2,1,59.66,2400,None,31815.8828125
1940.2,2,57.47,2400,None,31813.91015625
1940.2,3,173.04,2400,None,31815.87109375
1945.2,0,59.77,2400,None,31813.90234375
1945.2,1,59.49,2400,None,31815.8828125
1945.2,2,171.75,2400,None,31813.91015625
1945.2,3,63.21,2400,None,31815.87109375
1950.2,0,58.33,2400,None,31813.90234375
1950.2,1,66.18,2183,PowerBurst,31815.8828125
1950.2,2,165.39,2400,None,31813.91015625
1950.2,3,57.54,2400,None,31815.87109375
1955.2,0,55.31,2400,None,31813.90234375
1955.2,1,177.39,2400,None,31815.8828125
1955.2,2,54.30,2400,None,31813.91015625
1955.2,3,54.49,2400,None,31815.87109375
1960.2,0,81.02,2300,PowerBurst,31813.90234375
1960.2,1,155.40,2400,None,31815.8828125
1960.2,2,53.88,2400,None,31813.91015625
1960.2,3,54.63,2400,None,31815.87109375
1965.2,0,176.37,2400,None,31813.90234375
1965.2,1,57.26,2400,None,31815.8828125
1965.2,2,55.19,2400,None,31813.91015625
1965.2,3,55.92,2400,None,31815.87109375
1970.2,0,137.01,2400,None,31813.90234375
1970.2,1,59.65,2400,None,31815.8828125
1970.2,2,57.81,2400,None,31813.91015625
1970.2,3,102.99,2400,None,31815.87109375
1975.2,0,59.79,2400,None,31813.90234375
1975.2,1,59.49,2400,None,31815.8828125
1975.2,2,57.35,2400,None,31813.91015625
1975.2,3,172.84,2400,None,31815.87109375
1980.2,0,59.64,2400,None,31813.90234375
1980.2,1,59.50,2400,None,31815.8828125
1980.2,2,77.22,2100,PowerBurst,31813.91015625
1980.2,3,158.65,2400,None,31815.87109375
1985.2,0,59.59,2400,None,31813.90234375
1985.2,1,59.40,2400,None,31815.8828125
1985.2,2,171.59,2400,None,31813.91015625
1985.2,3,59.31,2400,None,31815.87109375
1990.2,0,59.71,2400,None,31813.90234375
1990.2,1,66.43,2200,PowerBurst,31815.8828125
1990.2,2,166.88,2400,None,31813.91015625
1990.2,3,58.57,2400,None,31815.87109375
1995.2,0,55.63,2400,None,31813.90234375
1995.2,1,177.65,2400,None,31815.8828125
1995.2,2,54.83,2400,None,31813.91015625
1995.2,3,55.08,2400,None,31815.87109375
2000.2,0,55.56,2400,None,31813.90234375
2000.2,1,175.05,2400,None,31815.8828125
2000.2,2,53.98,2400,None,31813.91015625
2000.2,3,54.52,2400,None,31815.87109375
2005.2,0,180.77,2400,None,31813.90234375
2005.3,1,55.89,2400,None,31815.8828125
2005.3,2,53.93,2400,None,31813.91015625
2005.3,3,54.63,2400,None,31815.87109375
2010.3,0,176.70,2400,None,31813.90234375
2010.3,1,59.21,2400,None,31815.8828125
2010.3,2,57.37,2400,None,31813.91015625
2010.3,3,58.16,2400,None,31815.87109375
2015.3,0,88.26,2400,None,31813.90234375
2015.3,1,59.50,2400,None,31815.8828125
2015.3,2,57.38,2400,None,31813.91015625
2015.3,3,149.78,2400,None,31815.87109375
2020.3,0,59.83,2400,None,31813.90234375
2020.3,1,59.41,2400,None,31815.8828125
2020.3,2,57.53,2400,None,31813.91015625
2020.3,3,172.88,2400,None,31815.87109375
2025.3,0,59.68,2400,None,31813.90234375
2025.3,1,59.34,2400,None,31815.8828125
2025.3,2,138.24,2400,None,31813.91015625
2025.3,3,97.84,2400,None,31815.87109375
2030.3,0,59.55,2400,None,31813.90234375
2030.3,1,58.99,2400,None,31815.8828125
2030.3,2,171.15,2400,None,31813.91015625
2030.3,3,58.54,2400,None,31815.87109375
2035.3,0,57.47,2400,None,31813.90234375
2035.3,1,57.09,2400,None,31815.8828125
2035.3,2,116.85,2400,None,31813.91015625
2035.3,3,56.56,2400,None,31815.87109375
2040.3,0,55.28,2400,None,31813.90234375
2040.3,1,54.92,2400,None,31815.8828125
2040.3,2,54.36,2400,None,31813.91015625
2040.3,3,54.75,2400,None,31815.87109375
2045.3,0,55.40,2400,None,31813.90234375
2045.3,1,55.07,2400,None,31815.8828125
2045.3,2,60.73,2200,PowerBurst,31813.91015625
2045.3,3,54.81,2400,None,31815.87109375
2050.3,0,57.53,2400,None,31813.90234375
2050.3,1,57.35,2400,None,31815.8828125
2050.3,2,174.60,2400,None,31813.91015625
2050.3,3,56.62,2400,None,31815.87109375
2055.3,0,59.10,2400,None,31813.90234375
2055.3,1,58.93,2400,None,31815.8828125
2055.3,2,171.95,2400,None,31813.91015625
2055.3,3,58.14,2400,None,31815.87109375
2060.3,0,58.98,2400,None,31813.90234375
2060.3,1,58.96,2400,None,31815.8828125
2060.3,2,71.54,2400,None,31813.91015625
2060.3,3,163.04,2400,None,31815.87109375
2065.3,0,59.18,2400,None,31813.90234375
2065.3,1,59.02,2400,None,31815.8828125
2065.3,2,58.19,2400,None,31813.91015625
2065.3,3,172.92,2400,None,31815.87109375
2070.3,0,59.18,2400,None,31813.90234375
2070.3,1,58.71,2400,None,31815.8828125
2070.3,2,142.17,2400,None,31813.91015625
2070.3,3,94.03,2400,None,31815.87109375
2075.3,0,58.63,2400,None,31813.90234375
2075.3,1,58.39,2400,None,31815.8828125
2075.3,2,171.93,2400,None,31813.91015625
2075.3,3,58.46,2400,None,31815.87109375
2080.3,0,54.72,2400,None,31813.90234375
2080.3,1,127.14,2400,None,31815.8828125
2080.3,2,105.94,2400,None,31813.91015625
2080.3,3,54.49,2400,None,31815.87109375
2085.3,0,54.93,2400,None,31813.90234375
2085.3,1,174.36,2400,None,31815.8828125
2085.3,2,54.48,2400,None,31813.91015625
2085.3,3,54.65,2400,None,31815.87109375
2090.3,0,129.43,2400,None,31813.90234375
2090.3,1,106.43,2400,None,31815.8828125
2090.3,2,54.73,2400,None,31813.91015625
2090.3,3,55.04,2400,None,31815.87109375
2095.3,0,175.53,2400,None,31813.90234375
2095.3,1,59.36,2400,None,31815.8828125
2095.3,2,57.63,2400,None,31813.91015625
2095.3,3,58.15,2400,None,31815.87109375
2100.3,0,93.27,2400,None,31813.90234375
2100.3,1,59.25,2400,None,31815.8828125
2100.3,2,57.57,2400,None,31813.91015625
2100.3,3,143.41,2400,None,31815.87109375
2105.3,0,59.53,2400,None,31813.90234375
2105.3,1,59.17,2400,None,31815.8828125
2105.3,2,57.53,2400,None,31813.91015625
2105.3,3,172.85,2400,None,31815.87109375
2110.3,0,59.32,2400,None,31813.90234375
2110.3,1,58.82,2400,None,31815.8828125
2110.3,2,109.17,2400,None,31813.91015625
2110.3,3,127.01,2400,None,31815.87109375
2115.3,0,59.09,2400,None,31813.90234375
2115.3,1,58.87,2400,None,31815.8828125
2115.3,2,171.09,2400,None,31813.91015625
2115.3,3,58.75,2400,None,31815.87109375
2120.3,0,56.43,2400,None,31813.90234375
2120.3,1,95.77,2400,None,31815.8828125
2120.3,2,137.85,2400,None,31813.91015625
2120.3,3,55.97,2400,None,31815.87109375
2125.3,0,54.97,2400,None,31813.90234375
2125.3,1,174.39,2400,None,31815.8828125
2125.3,2,54.34,2400,None,31813.91015625
2125.3,3,54.58,2400,None,31815.87109375
2130.3,0,125.18,2400,None,31813.90234375
2130.3,1,109.39,2400,None,31815.8828125
2130.3,2,54.03,2400,None,31813.91015625
2130.3,3,54.57,2400,None,31815.87109375
2135.3,0,175.79,2400,None,31813.90234375
2135.3,1,58.37,2400,None,31815.8828125
2135.3,2,56.83,2400,None,31813.91015625
2135.3,3,57.26,2400,None,31815.87109375
2140.3,0,100.32,2400,None,31813.90234375
2140.3,1,59.23,2400,None,31815.8828125
2140.3,2,57.58,2400,None,31813.91015625
2140.3,3,137.10,2400,None,31815.87109375
2145.3,0,59.56,2400,None,31813.90234375
2145.3,1,59.25,2400,None,31815.8828125
2145.3,2,57.54,2400,None,31813.91015625
2145.3,3,172.89,2400,None,31815.87109375
2150.3,0,59.47,2400,None,31813.90234375
2150.3,1,58.90,2400,None,31815.8828125
2150.3,2,144.14,2400,None,31813.91015625
2150.3,3,92.04,2400,None,31815.87109375
2155.3,0,59.15,2400,None,31813.90234375
2155.3,1,58.89,2400,None,31815.8828125
2155.3,2,171.23,2400,None,31813.91015625
2155.3,3,58.66,2400,None,31815.87109375
2160.3,0,57.90,2400,None,31813.90234375
2160.3,1,162.76,2400,None,31815.8828125
2160.3,2,73.69,2400,None,31813.91015625
2160.3,3,57.34,2400,None,31815.87109375
2165.3,0,55.08,2400,None,31813.90234375
2165.3,1,174.89,2400,None,31815.8828125
2165.3,2,53.86,2400,None,31813.91015625
2165.3,3,54.57,2400,None,31815.87109375
2170.3,0,143.85,2400,None,31813.90234375
2170.3,1,92.41,2400,None,31815.8828125
2170.3,2,53.86,2400,None,31813.91015625
2170.3,3,54.52,2400,None,31815.87109375
2175.3,0,176.03,2400,None,31813.90234375
2175.3,1,57.02,2400,None,31815.8828125
2175.3,2,55.25,2400,None,31813.91015625
2175.3,3,55.78,2400,None,31815.87109375
2180.3,0,101.86,2400,None,31813.90234375
2180.3,1,59.37,2400,None,31815.8828125
2180.3,2,57.43,2400,None,31813.91015625
2180.3,3,135.38,2400,None,31815.87109375
2185.3,0,59.63,2400,None,31813.90234375
2185.3,1,59.33,2400,None,31815.8828125
2185.3,2,57.39,2400,None,31813.91015625
2185.3,3,172.82,2400,None,31815.87109375
2190.3,0,59.50,2400,None,31813.90234375
2190.3,1,59.17,2400,None,31815.8828125
2190.3,2,122.75,2400,None,31813.91015625
2190.3,3,112.80,2400,None,31815.87109375
2195.3,0,59.20,2400,None,31813.90234375
2195.3,1,58.98,2400,None,31815.8828125
2195.3,2,171.62,2400,None,31813.91015625
2195.3,3,58.57,2400,None,31815.87109375
2200.3,0,59.23,2400,None,31813.90234375
2200.3,1,96.47,2400,None,31815.8828125
2200.3,2,138.75,2400,None,31813.91015625
2200.3,3,58.53,2400,None,31815.87109375
2205.3,0,55.29,2400,None,31813.90234375
2205.3,1,174.68,2400,None,31815.8828125
2205.3,2,54.56,2400,None,31813.91015625
2205.3,3,54.82,2400,None,31815.87109375
2210.3,0,90.63,2400,None,31813.90234375
2210.3,1,144.50,2400,None,31815.8828125
2210.3,2,54.03,2400,None,31813.91015625
2210.3,3,54.54,2400,None,31815.87109375
2215.3,0,175.81,2400,None,31813.90234375
2215.3,1,55.55,2400,None,31815.8828125
2215.3,2,53.78,2400,None,31813.91015625
2215.3,3,54.56,2400,None,31815.87109375
2220.3,0,164.45,2400,None,31813.90234375
2220.3,1,59.38,2400,None,31815.8828125
2220.3,2,57.48,2400,None,31813.91015625
2220.3,3,58.22,2400,None,31815.87109375
2225.3,0,59.88,2400,None,31813.90234375
2225.3,1,59.17,2400,None,31815.8828125
2225.3,2,57.51,2400,None,31813.91015625
2225.3,3,58.53,2400,None,31815.87109375
2230.3,0,59.76,2400,None,31813.90234375
2230.3,1,59.01,2400,None,31815.8828125
2230.3,2,57.45,2400,None,31813.91015625
2230.3,3,58.35,2400,None,31815.87109375
2235.3,0,136.12,2400,None,31813.90234375
2235.3,1,58.91,2400,None,31815.8828125
2235.3,2,56.95,2400,None,31813.91015625
2235.3,3,58.07,2400,None,31815.87109375
2240.3,0,176.71,2400,None,31813.90234375
2240.3,1,58.99,2400,None,31815.8828125
2240.3,2,57.23,2400,None,31813.91015625
2240.3,3,58.01,2400,None,31815.87109375
2245.3,0,123.81,2400,None,31813.90234375
2245.3,1,113.11,2400,None,31815.8828125
2245.3,2,55.01,2400,None,31813.91015625
2245.3,3,55.77,2400,None,31815.87109375
2250.3,0,55.70,2400,None,31813.90234375
2250.3,1,174.77,2400,None,31815.8828125
2250.3,2,53.38,2400,None,31813.91015625
2250.3,3,54.36,2400,None,31815.87109375
2255.3,0,100.26,2400,None,31813.90234375
2255.3,1,135.11,2400,None,31815.8828125
2255.3,2,53.31,2400,None,31813.91015625
2255.3,3,54.12,2400,None,31815.87109375
2260.3,0,177.05,2400,None,31813.90234375
2260.3,1,58.23,2400,None,31815.8828125
2260.3,2,55.71,2400,None,31813.91015625
2260.3,3,56.50,2400,None,31815.87109375
2265.3,0,160.35,2400,None,31813.90234375
2265.3,1,59.47,2400,None,31815.8828125
2265.3,2,57.09,2400,None,31813.91015625
2265.3,3,78.32,2150,PowerBurst,31815.87109375
2270.3,0,60.54,2400,None,31813.90234375
2270.3,1,59.40,2400,None,31815.8828125
2270.3,2,57.12,2400,None,31813.91015625
2270.3,3,172.20,2400,None,31815.87109375
2275.3,0,59.84,2400,None,31813.90234375
2275.3,1,59.06,2400,None,31815.8828125
2275.3,2,58.55,2367,PowerBurst,31813.91015625
2275.3,3,170.00,2400,None,31815.87109375
2280.3,0,59.50,2400,None,31813.90234375
2280.3,1,59.08,2400,None,31815.8828125
2280.3,2,176.31,2400,None,31813.91015625
2280.3,3,58.75,2400,None,31815.87109375
2285.3,0,58.73,2400,None,31813.90234375
2285.3,1,79.65,2267,PowerBurst,31815.8828125
2285.3,2,153.68,2400,None,31813.91015625
2285.3,3,57.69,2400,None,31815.87109375
2290.3,0,55.34,2400,None,31813.90234375
2290.3,1,174.46,2400,None,31815.8828125
2290.3,2,53.85,2400,None,31813.91015625
2290.3,3,54.46,2400,None,31815.87109375
2295.3,0,55.12,2400,None,31813.90234375
2295.3,1,175.17,2400,None,31815.8828125
2295.3,2,53.54,2400,None,31813.91015625
2295.3,3,54.18,2400,None,31815.87109375
2300.3,0,179.69,2400,None,31813.90234375
2300.3,1,58.04,2400,None,31815.8828125
2300.3,2,54.49,2400,None,31813.91015625
2300.3,3,55.40,2400,None,31815.87109375
2305.3,0,176.66,2400,None,31813.90234375
2305.3,1,59.63,2400,None,31815.8828125
2305.3,2,57.29,2400,None,31813.91015625
2305.3,3,58.15,2400,None,31815.87109375
2310.3,0,72.77,2400,None,31813.90234375
2310.3,1,59.46,2400,None,31815.8828125
2310.3,2,57.42,2400,None,31813.91015625
2310.3,3,165.44,2400,None,31815.87109375
2315.3,0,59.87,2400,None,31813.90234375
2315.3,1,59.09,2400,None,31815.8828125
2315.3,2,71.31,2133,PowerBurst,31813.91015625
2315.3,3,161.33,2400,None,31815.87109375
2320.3,0,59.54,2400,None,31813.90234375
2320.3,1,59.07,2400,None,31815.8828125
2320.3,2,173.63,2400,None,31813.91015625
2320.3,3,58.92,2400,None,31815.87109375
2325.3,0,59.46,2400,None,31813.90234375
2325.3,1,81.82,2317,PowerBurst,31815.8828125
2325.3,2,153.12,2400,None,31813.91015625
2325.3,3,58.41,2400,None,31815.87109375
2330.3,0,56.07,2400,None,31813.90234375
2330.3,1,174.79,2400,None,31815.8828125
2330.3,2,54.82,2400,None,31813.91015625
2330.3,3,55.22,2400,None,31815.87109375
2335.3,0,94.29,2400,None,31813.90234375
2335.3,1,141.18,2400,None,31815.8828125
2335.3,2,53.44,2400,None,31813.91015625
2335.3,3,54.15,2400,None,31815.87109375
2340.3,0,176.24,2400,None,31813.90234375
2340.3,1,55.69,2400,None,31815.8828125
2340.3,2,53.68,2400,None,31813.91015625
2340.3,3,54.34,2400,None,31815.87109375
2345.3,0,121.42,2400,None,31813.90234375
2345.3,1,59.07,2400,None,31815.8828125
2345.3,2,57.13,2400,None,31813.91015625
2345.3,3,116.81,2400,None,31815.87109375
2350.3,0,59.91,2400,None,31813.90234375
2350.3,1,59.39,2400,None,31815.8828125
2350.3,2,57.46,2400,None,31813.91015625
2350.3,3,172.40,2400,None,31815.87109375
2355.3,0,59.64,2400,None,31813.90234375
2355.3,1,59.10,2400,None,31815.8828125
2355.3,2,92.77,2400,None,31813.91015625
2355.3,3,143.95,2400,None,31815.87109375
2360.3,0,59.22,2400,None,31813.90234375
2360.3,1,59.02,2400,None,31815.8828125
2360.3,2,171.68,2400,None,31813.91015625
2360.3,3,58.74,2400,None,31815.87109375
2365.3,0,59.41,2400,None,31813.90234375
2365.3,1,82.31,2250,PowerBurst,31815.8828125
2365.3,2,152.73,2400,None,31813.91015625
2365.3,3,58.63,2400,None,31815.87109375
2370.3,0,57.38,2400,None,31813.90234375
2370.3,1,174.57,2400,None,31815.8828125
2370.3,2,56.29,2400,None,31813.91015625
2370.3,3,56.68,2400,None,31815.87109375
2375.3,0,71.76,2100,PowerBurst,31813.90234375
2375.3,1,163.19,2400,None,31815.8828125
2375.3,2,53.58,2400,None,31813.91015625
2375.3,3,54.19,2400,None,31815.87109375
2380.3,0,176.18,2400,None,31813.90234375
2380.3,1,55.69,2400,None,31815.8828125
2380.3,2,53.74,2400,None,31813.91015625
2380.3,3,54.38,2400,None,31815.87109375
2385.3,0,176.39,2400,None,31813.90234375
2385.3,1,57.80,2400,None,31815.8828125
2385.3,2,55.71,2400,None,31813.91015625
2385.3,3,56.54,2400,None,31815.87109375
2390.3,0,74.90,2400,None,31813.90234375
2390.3,1,59.37,2400,None,31815.8828125
2390.3,2,57.54,2400,None,31813.91015625
2390.3,3,162.72,2400,None,31815.87109375
2395.3,0,59.85,2400,None,31813.90234375
2395.3,1,59.16,2400,None,31815.8828125
2395.3,2,57.52,2400,None,31813.91015625
2395.3,3,172.72,2400,None,31815.87109375
2400.3,0,59.36,2400,None,31813.90234375
2400.3,1,59.16,2400,None,31815.8828125
2400.3,2,153.89,2400,None,31813.91015625
2400.3,3,82.58,2400,None,31815.87109375
2405.3,0,59.40,2400,None,31813.90234375
2405.3,1,59.10,2400,None,31815.8828125
2405.3,2,171.41,2400,None,31813.91015625
2405.3,3,58.63,2400,None,31815.87109375
2410.3,0,59.27,2400,None,31813.90234375
2410.3,1,58.65,2400,None,31815.8828125
2410.3,2,103.65,2400,None,31813.91015625
2410.3,3,58.31,2400,None,31815.87109375
2415.3,0,55.25,2400,None,31813.90234375
2415.3,1,54.83,2400,None,31815.8828125
2415.3,2,53.99,2400,None,31813.91015625
2415.3,3,54.46,2400,None,31815.87109375
2420.3,0,55.09,2400,None,31813.90234375
2420.3,1,54.84,2400,None,31815.8828125
2420.3,2,67.47,2117,PowerBurst,31813.91015625
2420.3,3,54.40,2400,None,31815.87109375
2425.3,0,55.87,2400,None,31813.90234375
2425.3,1,55.76,2400,None,31815.8828125
2425.3,2,172.49,2400,None,31813.91015625
2425.3,3,55.09,2400,None,31815.87109375
2430.3,0,59.20,2400,None,31813.90234375
2430.3,1,58.99,2400,None,31815.8828125
2430.3,2,171.78,2400,None,31813.91015625
2430.3,3,58.35,2400,None,31815.87109375
2435.3,0,178.60,2400,None,31813.90234375
2435.3,1,176.70,2400,None,31815.8828125
2435.3,2,183.99,2400,None,31813.91015625
2435.3,3,175.37,2400,None,31815.87109375
2440.3,0,180.63,2400,None,31813.90234375
2440.3,1,177.20,2400,None,31815.8828125
2440.3,2,176.93,2400,None,31813.91015625
2440.3,3,175.34,2400,None,31815.87109375
2445.3,0,188.98,2400,None,31813.90234375
2445.3,1,186.52,2400,None,31815.8828125
2445.3,2,185.60,2400,None,31813.91015625
2445.3,3,185.16,2400,None,31815.87109375
2450.3,0,182.28,2400,None,31813.90234375
2450.3,1,179.08,2400,None,31815.8828125
2450.3,2,177.61,2400,None,31813.91015625
2450.3,3,177.01,2400,None,31815.87109375
2455.3,0,186.31,2400,None,31813.90234375
2455.3,1,182.68,2400,None,31815.8828125
2455.3,2,186.06,2100,PowerBurst,31813.91015625
2455.3,3,181.22,2400,None,31815.87109375
2460.3,0,186.66,2400,None,31813.90234375
2460.3,1,182.79,2400,None,31815.8828125
2460.3,2,178.08,2400,None,31813.91015625
2460.3,3,181.22,2400,None,31815.87109375
2465.3,0,186.60,2400,None,31813.90234375
2465.3,1,182.63,2400,None,31815.8828125
2465.3,2,177.51,2400,None,31813.91015625
2465.3,3,178.69,2183,PowerBurst,31815.87109375
2470.3,0,185.83,2400,None,31813.90234375
2470.3,1,183.12,2400,None,31815.8828125
2470.3,2,186.89,2400,None,31813.91015625
2470.3,3,183.08,2400,None,31815.87109375
2475.3,0,186.41,2100,PowerBurst,31813.90234375
2475.3,1,181.41,2167,PowerBurst,31815.8828125
2475.3,2,178.02,2400,None,31813.91015625
2475.3,3,176.60,2400,None,31815.87109375
2480.3,0,185.39,2400,None,31813.90234375
2480.3,1,182.70,2200,PowerBurst,31815.8828125
2480.3,2,186.85,2400,None,31813.91015625
2480.3,3,185.87,2400,None,31815.87109375
2485.3,0,182.28,2400,None,31813.90234375
2485.3,1,181.47,2400,None,31815.8828125
2485.3,2,178.26,2400,None,31813.91015625
2485.3,3,176.82,2400,None,31815.87109375
2490.3,0,189.74,2400,None,31813.90234375
2490.3,1,183.43,2400,None,31815.8828125
2490.3,2,185.92,2400,None,31813.91015625
2490.3,3,182.22,2250,PowerBurst,31815.87109375
2495.3,0,182.62,2400,None,31813.90234375
2495.3,1,183.34,2400,None,31815.8828125
2495.3,2,178.50,2400,None,31813.91015625
2495.3,3,180.36,2400,None,31815.87109375
2500.3,0,186.02,2400,None,31813.90234375
2500.3,1,183.61,2400,None,31815.8828125
2500.3,2,182.27,2400,None,31813.91015625
2500.3,3,176.65,2400,None,31815.87109375
2505.3,0,186.17,2400,None,31813.90234375
2505.3,1,183.35,2400,None,31815.8828125
2505.3,2,182.88,2400,None,31813.91015625
2505.3,3,185.97,2400,None,31815.87109375
2510.3,0,186.36,2100,PowerBurst,31813.90234375
2510.3,1,183.66,2400,None,31815.8828125
2510.3,2,180.33,2183,PowerBurst,31813.91015625
2510.3,3,177.02,2400,None,31815.87109375
2515.3,0,186.03,2400,None,31813.90234375
2515.3,1,183.44,2400,None,31815.8828125
2515.3,2,184.46,2400,None,31813.91015625
2515.3,3,181.76,2350,PowerBurst,31815.87109375
2520.3,0,182.55,2400,None,31813.90234375
2520.3,1,178.36,2400,None,31815.8828125
2520.3,2,178.21,2400,None,31813.91015625
2520.3,3,181.20,2400,None,31815.87109375
2525.3,0,132.49,2400,None,31813.90234375
2525.3,1,141.76,2400,None,31815.8828125
2525.3,2,114.82,2400,None,31813.91015625
2525.3,3,173.14,2400,None,31815.87109375
2530.3,0,60.99,2400,None,31813.90234375
2530.3,1,60.72,2400,None,31815.8828125
2530.3,2,58.74,2400,None,31813.91015625
2530.3,3,60.73,2400,None,31815.87109375
2535.3,0,58.89,2400,None,31813.90234375
2535.3,1,59.59,2400,None,31815.8828125
2535.3,2,57.59,2400,None,31813.91015625
2535.3,3,58.26,2400,None,31815.87109375
2540.3,0,115.45,2400,None,31813.90234375
2540.3,1,55.89,2400,None,31815.8828125
2540.3,2,54.18,2400,None,31813.91015625
2540.3,3,54.87,2400,None,31815.87109375
2545.3,0,177.77,2400,None,31813.90234375
2545.3,1,55.97,2400,None,31815.8828125
2545.3,2,54.02,2400,None,31813.91015625
2545.3,3,55.00,2400,None,31815.87109375
2550.3,0,185.72,2150,PowerBurst,31813.90234375
2550.3,1,106.70,2217,PowerBurst,31815.8828125
2550.3,2,105.78,2167,PowerBurst,31813.91015625
2550.3,3,106.26,2250,PowerBurst,31815.87109375
2555.3,0,182.23,2400,None,31813.90234375
2555.3,1,178.54,2400,None,31815.8828125
2555.3,2,175.77,2400,None,31813.91015625
2555.3,3,176.24,2400,None,31815.87109375
2560.3,0,185.95,2400,None,31813.90234375
2560.3,1,183.28,2117,PowerBurst,31815.8828125
2560.3,2,177.47,2283,PowerBurst,31813.91015625
2560.3,3,180.87,2400,None,31815.87109375
2565.3,0,186.32,2400,None,31813.90234375
2565.3,1,182.85,2400,None,31815.8828125
2565.3,2,185.29,2400,None,31813.91015625
2565.3,3,181.06,2400,None,31815.87109375
2570.3,0,186.82,2117,PowerBurst,31813.90234375
2570.3,1,178.72,2400,None,31815.8828125
2570.3,2,177.50,2400,None,31813.91015625
2570.3,3,179.48,2150,PowerBurst,31815.87109375
2575.3,0,185.81,2400,None,31813.90234375
2575.3,1,187.31,2400,None,31815.8828125
2575.3,2,186.52,2400,None,31813.91015625
2575.3,3,182.63,2400,None,31815.87109375
2580.3,0,182.72,2400,None,31813.90234375
2580.3,1,179.51,2400,None,31815.8828125
2580.3,2,178.16,2400,None,31813.91015625
2580.3,3,176.97,2400,None,31815.87109375
2585.3,0,186.15,2400,None,31813.90234375
2585.3,1,183.27,2400,None,31815.8828125
2585.3,2,186.06,2083,PowerBurst,31813.91015625
2585.3,3,181.17,2400,None,31815.87109375
2590.3,0,186.32,2400,None,31813.90234375
2590.3,1,183.88,2400,None,31815.8828125
2590.3,2,178.65,2400,None,31813.91015625
2590.3,3,181.68,2400,None,31815.87109375
2595.3,0,186.34,2400,None,31813.90234375
2595.3,1,183.42,2400,None,31815.8828125
2595.3,2,178.01,2400,None,31813.91015625
2595.3,3,181.26,2400,None,31815.87109375
2600.3,0,186.33,2400,None,31813.90234375
2600.3,1,183.74,2400,None,31815.8828125
2600.3,2,187.16,2400,None,31813.91015625
2600.3,3,181.57,2400,None,31815.87109375
2605.3,0,186.42,2400,None,31813.90234375
2605.3,1,179.44,2400,None,31815.8828125
2605.3,2,178.31,2400,None,31813.91015625
2605.3,3,179.13,2200,PowerBurst,31815.87109375
2610.3,0,186.47,2400,None,31813.90234375
2610.3,1,187.60,2400,None,31815.8828125
2610.3,2,187.17,2400,None,31813.91015625
2610.3,3,183.15,2133,PowerBurst,31815.87109375
2615.3,0,186.37,2400,None,31813.90234375
2615.3,1,179.68,2400,None,31815.8828125
2615.3,2,178.41,2400,None,31813.91015625
2615.3,3,177.91,2400,None,31815.87109375
2620.3,0,186.45,2400,None,31813.90234375
2620.3,1,183.53,2400,None,31815.8828125
2620.3,2,187.12,2150,PowerBurst,31813.91015625
2620.3,3,181.45,2400,None,31815.87109375
2625.3,0,186.29,2383,PowerBurst,31813.90234375
2625.3,1,183.80,2400,None,31815.8828125
2625.3,2,178.28,2400,None,31813.91015625
2625.3,3,181.65,2400,None,31815.87109375
2630.3,0,186.34,2400,None,31813.90234375
2630.3,1,183.61,2400,None,31815.8828125
2630.3,2,182.88,2383,PowerBurst,31813.91015625
2630.3,3,181.38,2400,None,31815.87109375
2635.3,0,182.84,2400,None,31813.90234375
2635.3,1,183.55,2400,None,31815.8828125
2635.3,2,182.86,2400,None,31813.91015625
2635.3,3,181.78,2400,None,31815.87109375
2640.3,0,144.11,2400,None,31813.90234375
2640.3,1,179.74,2400,None,31815.8828125
2640.3,2,177.82,2400,None,31813.91015625
2640.3,3,176.55,2400,None,31815.87109375
2645.3,0,61.21,2400,None,31813.90234375
2645.3,1,171.80,2400,None,31815.8828125
2645.3,2,84.35,2400,None,31813.91015625
2645.3,3,106.52,2400,None,31815.87109375
2650.3,0,59.95,2400,None,31813.90234375
2650.3,1,61.28,2400,None,31815.8828125
2650.3,2,58.83,2400,None,31813.91015625
2650.3,3,60.07,2400,None,31815.87109375
2655.3,0,59.63,2400,None,31813.90234375
2655.3,1,60.63,2400,None,31815.8828125
2655.3,2,58.34,2400,None,31813.91015625
2655.3,3,59.00,2400,None,31815.87109375
2660.3,0,58.27,2400,None,31813.90234375
2660.3,1,58.64,2400,None,31815.8828125
2660.3,2,112.46,2400,None,31813.91015625
2660.3,3,57.55,2400,None,31815.87109375
2665.3,0,55.48,2400,None,31813.90234375
2665.3,1,56.08,2400,None,31815.8828125
2665.3,2,172.22,2400,None,31813.91015625
2665.3,3,54.85,2400,None,31815.87109375
2670.3,0,101.98,2100,PowerBurst,31813.90234375
2670.3,1,101.84,2133,PowerBurst,31815.8828125
2670.3,2,181.63,2100,PowerBurst,31813.91015625
2670.3,3,101.02,2167,PowerBurst,31815.87109375
2675.3,0,180.89,2400,None,31813.90234375
2675.3,1,178.64,2400,None,31815.8828125
2675.3,2,177.27,2400,None,31813.91015625
2675.3,3,175.95,2400,None,31815.87109375
2680.3,0,182.25,2383,PowerBurst,31813.90234375
2680.3,1,183.30,2383,PowerBurst,31815.8828125
2680.3,2,182.20,2400,None,31813.91015625
2680.3,3,179.68,2150,PowerBurst,31815.87109375
2685.3,0,189.93,2400,None,31813.90234375
2685.3,1,183.12,2400,None,31815.8828125
2685.3,2,182.62,2400,None,31813.91015625
2685.3,3,181.18,2400,None,31815.87109375
2690.3,0,183.45,2400,None,31813.90234375
2690.3,1,181.58,2150,PowerBurst,31815.8828125
2690.3,2,182.72,2100,PowerBurst,31813.91015625
2690.3,3,176.23,2400,None,31815.87109375
2695.3,0,190.42,2383,PowerBurst,31813.90234375
2695.3,1,184.96,2400,None,31815.8828125
2695.3,2,182.36,2400,None,31813.91015625
2695.3,3,185.63,2400,None,31815.87109375
2700.3,0,182.49,2400,None,31813.90234375
2700.3,1,179.47,2400,None,31815.8828125
2700.3,2,178.34,2400,None,31813.91015625
2700.3,3,177.35,2400,None,31815.87109375
2705.3,0,189.01,2083,PowerBurst,31813.90234375
2705.3,1,183.34,2400,None,31815.8828125
2705.3,2,182.39,2400,None,31813.91015625
2705.3,3,183.75,2183,PowerBurst,31815.87109375
2710.3,0,182.78,2400,None,31813.90234375
2710.3,1,183.75,2400,None,31815.8828125
2710.3,2,182.90,2400,None,31813.91015625
2710.3,3,179.50,2400,None,31815.87109375
2715.3,0,182.48,2400,None,31813.90234375
2715.3,1,183.55,2400,None,31815.8828125
2715.3,2,182.69,2400,None,31813.91015625
2715.3,3,181.36,2400,None,31815.87109375
2720.3,0,190.06,2400,None,31813.90234375
2720.3,1,183.60,2400,None,31815.8828125
2720.3,2,182.89,2400,None,31813.91015625
2720.3,3,181.74,2400,None,31815.87109375
2725.3,0,182.66,2400,None,31813.90234375
2725.3,1,183.79,2400,None,31815.8828125
2725.3,2,182.54,2350,PowerBurst,31813.91015625
2725.3,3,176.93,2400,None,31815.87109375
2730.3,0,189.93,2400,None,31813.90234375
2730.3,1,181.86,2167,PowerBurst,31815.8828125
2730.3,2,182.87,2400,None,31813.91015625
2730.3,3,185.98,2400,None,31815.87109375
2735.3,0,182.83,2400,None,31813.90234375
2735.3,1,185.49,2400,None,31815.8828125
2735.3,2,178.27,2400,None,31813.91015625
2735.3,3,177.12,2400,None,31815.87109375
2740.3,0,190.20,2083,PowerBurst,31813.90234375
2740.3,1,179.67,2400,None,31815.8828125
2740.3,2,187.18,2400,None,31813.91015625
2740.3,3,181.54,2400,None,31815.87109375
2745.3,0,182.48,2400,None,31813.90234375
2745.3,1,187.91,2133,PowerBurst,31815.8828125
2745.3,2,178.51,2400,None,31813.91015625
2745.3,3,181.57,2400,None,31815.87109375
2750.3,0,186.37,2400,None,31813.90234375
2750.3,1,179.67,2400,None,31815.8828125
2750.3,2,186.85,2400,None,31813.91015625
2750.3,3,181.60,2400,None,31815.87109375
2755.3,0,186.42,2400,None,31813.90234375
2755.3,1,183.78,2400,None,31815.8828125
2755.3,2,178.76,2400,None,31813.91015625
2755.3,3,181.61,2400,None,31815.87109375
2760.3,0,181.75,2400,None,31813.90234375
2760.3,1,177.77,2400,None,31815.8828125
2760.3,2,174.66,2400,None,31813.91015625
2760.3,3,177.10,2400,None,31815.87109375
2765.3,0,86.32,2400,None,31813.90234375
2765.3,1,101.13,2400,None,31815.8828125
2765.3,2,59.31,2400,None,31813.91015625
2765.3,3,152.41,2400,None,31815.87109375
2770.3,0,60.41,2400,None,31813.90234375
2770.3,1,60.66,2400,None,31815.8828125
2770.3,2,58.87,2400,None,31813.91015625
2770.3,3,60.07,2400,None,31815.87109375
2775.3,0,59.76,2400,None,31813.90234375
2775.3,1,60.39,2400,None,31815.8828125
2775.3,2,58.25,2400,None,31813.91015625
2775.3,3,59.11,2400,None,31815.87109375
2780.3,0,122.18,2400,None,31813.90234375
2780.3,1,60.20,2400,None,31815.8828125
2780.3,2,58.33,2400,None,31813.91015625
2780.3,3,59.05,2400,None,31815.87109375
2785.3,0,177.74,2400,None,31813.90234375
2785.3,1,58.16,2400,None,31815.8828125
2785.3,2,56.26,2400,None,31813.91015625
2785.3,3,57.19,2400,None,31815.87109375
2790.3,0,187.02,2033,PowerBurst,31813.90234375
2790.3,1,107.48,2050,PowerBurst,31815.8828125
2790.3,2,106.17,2050,PowerBurst,31813.91015625
2790.3,3,106.77,2083,PowerBurst,31815.87109375
2795.3,0,189.91,2400,None,31813.90234375
2795.3,1,187.67,2400,None,31815.8828125
2795.3,2,185.27,2400,None,31813.91015625
2795.3,3,185.66,2400,None,31815.87109375
2800.3,0,188.18,2400,None,31813.90234375
2800.3,1,185.88,2400,None,31815.8828125
2800.3,2,182.18,2400,None,31813.91015625
2800.3,3,181.68,2400,None,31815.87109375
2805.3,0,193.55,2400,None,31813.90234375
2805.3,1,191.49,2400,None,31815.8828125
2805.3,2,189.90,2117,PowerBurst,31813.91015625
2805.3,3,187.80,2150,PowerBurst,31815.87109375
2810.3,0,193.19,2400,None,31813.90234375
2810.3,1,191.33,2400,None,31815.8828125
2810.3,2,190.41,2400,None,31813.91015625
2810.3,3,191.16,2400,None,31815.87109375
2815.3,0,188.22,2400,None,31813.90234375
2815.3,1,185.29,2400,None,31815.8828125
2815.3,2,183.81,2400,None,31813.91015625
2815.3,3,183.32,2400,None,31815.87109375
2820.3,0,195.02,2133,PowerBurst,31813.90234375
2820.3,1,188.10,2400,None,31815.8828125
2820.3,2,189.71,2133,PowerBurst,31813.91015625
2820.3,3,188.68,2167,PowerBurst,31815.87109375
2825.3,0,192.06,2400,None,31813.90234375
2825.3,1,194.78,2400,None,31815.8828125
2825.3,2,191.50,2400,None,31813.91015625
2825.3,3,191.37,2400,None,31815.87109375
2830.4,0,188.29,2400,None,31813.90234375
2830.4,1,185.71,2400,None,31815.8828125
2830.4,2,183.78,2400,None,31813.91015625
2830.4,3,183.29,2400,None,31815.87109375
2835.4,0,192.73,2383,PowerBurst,31813.90234375
2835.4,1,190.84,2133,PowerBurst,31815.8828125
2835.4,2,187.04,2400,None,31813.91015625
2835.4,3,189.40,2150,PowerBurst,31815.87109375
2840.4,0,194.05,2400,None,31813.90234375
2840.4,1,189.10,2400,None,31815.8828125
2840.4,2,193.95,2117,PowerBurst,31813.91015625
2840.4,3,190.94,2167,PowerBurst,31815.87109375
2845.4,0,188.28,2400,None,31813.90234375
2845.4,1,188.74,2400,None,31815.8828125
2845.4,2,184.21,2400,None,31813.91015625
2845.4,3,182.86,2400,None,31815.87109375
2850.4,0,193.66,2100,PowerBurst,31813.90234375
2850.4,1,188.24,2400,None,31815.8828125
2850.4,2,187.27,2400,None,31813.91015625
2850.4,3,190.10,2167,PowerBurst,31815.87109375
2855.4,0,193.77,2400,None,31813.90234375
2855.4,1,191.13,2400,None,31815.8828125
2855.4,2,191.02,2333,PowerBurst,31813.91015625
2855.4,3,186.30,2400,None,31815.87109375
2860.4,0,188.35,2400,None,31813.90234375
2860.4,1,188.79,2400,None,31815.8828125
2860.4,2,187.16,2400,None,31813.91015625
2860.4,3,186.64,2400,None,31815.87109375
2865.4,0,190.73,2400,None,31813.90234375
2865.4,1,188.35,2133,PowerBurst,31815.8828125
2865.4,2,187.23,2400,None,31813.91015625
2865.4,3,188.31,2183,PowerBurst,31815.87109375
2870.4,0,197.03,2167,PowerBurst,31813.90234375
2870.4,1,188.50,2400,None,31815.8828125
2870.4,2,190.73,2400,None,31813.91015625
2870.4,3,188.33,2400,None,31815.87109375
2875.4,0,188.22,2400,None,31813.90234375
2875.4,1,191.87,2400,None,31815.8828125
2875.4,2,187.59,2400,None,31813.91015625
2875.4,3,186.59,2400,None,31815.87109375
2880.4,0,190.84,2400,None,31813.90234375
2880.4,1,185.52,2400,None,31815.8828125
2880.4,2,187.41,2333,PowerBurst,31813.91015625
2880.4,3,189.51,2283,PowerBurst,31815.87109375
2885.4,0,193.75,2400,None,31813.90234375
2885.4,1,191.71,2133,PowerBurst,31815.8828125
2885.4,2,191.03,2167,PowerBurst,31813.91015625
2885.4,3,186.82,2400,None,31815.87109375
2890.4,0,191.27,2400,None,31813.90234375
2890.4,1,191.54,2400,None,31815.8828125
2890.4,2,187.15,2400,None,31813.91015625
2890.4,3,186.77,2400,None,31815.87109375
2895.4,0,190.83,2367,PowerBurst,31813.90234375
2895.4,1,185.84,2400,None,31815.8828125
2895.4,2,183.82,2400,None,31813.91015625
2895.4,3,188.88,2167,PowerBurst,31815.87109375
2900.4,0,194.44,2083,PowerBurst,31813.90234375
2900.4,1,188.46,2400,None,31815.8828125
2900.4,2,191.48,2317,PowerBurst,31813.91015625
2900.4,3,187.80,2400,None,31815.87109375
2905.4,0,190.75,2400,None,31813.90234375
2905.4,1,195.15,2117,PowerBurst,31815.8828125
2905.4,2,190.15,2400,None,31813.91015625
2905.4,3,186.60,2400,None,31815.87109375
2910.4,0,188.35,2400,None,31813.90234375
2910.4,1,185.59,2400,None,31815.8828125
2910.4,2,184.00,2400,None,31813.91015625
2910.4,3,182.15,2400,None,31815.87109375
2915.4,0,168.37,2400,None,31813.90234375
2915.4,1,186.05,2400,None,31815.8828125
2915.4,2,179.90,2400,None,31813.91015625
2915.4,3,153.95,2400,None,31815.87109375
2920.4,0,56.88,2400,None,31813.90234375
2920.4,1,76.48,2400,None,31815.8828125
2920.4,2,105.74,2400,None,31813.91015625
2920.4,3,56.00,2400,None,31815.87109375
2925.4,0,57.91,2400,None,31813.90234375
2925.4,1,58.38,2400,None,31815.8828125
2925.4,2,56.77,2400,None,31813.91015625
2925.4,3,57.28,2400,None,31815.87109375
2930.4,0,59.92,2400,None,31813.90234375
2930.4,1,60.08,2400,None,31815.8828125
2930.4,2,58.52,2400,None,31813.91015625
2930.4,3,58.97,2400,None,31815.87109375
2935.4,0,59.66,2400,None,31813.90234375
2935.4,1,59.88,2400,None,31815.8828125
2935.4,2,172.38,2400,None,31813.91015625
2935.4,3,58.64,2400,None,31815.87109375
2940.4,0,59.65,2400,None,31813.90234375
2940.4,1,59.88,2400,None,31815.8828125
2940.4,2,172.40,2400,None,31813.91015625
2940.4,3,58.73,2400,None,31815.87109375
2945.4,0,165.88,2400,None,31813.90234375
2945.4,1,165.18,2400,None,31815.8828125
2945.4,2,190.72,2400,None,31813.91015625
2945.4,3,164.83,2400,None,31815.87109375
2950.4,0,188.10,2400,None,31813.90234375
2950.4,1,185.80,2400,None,31815.8828125
2950.4,2,183.74,2400,None,31813.91015625
2950.4,3,182.34,2400,None,31815.87109375
2955.4,0,188.32,2400,None,31813.90234375
2955.4,1,185.26,2400,None,31815.8828125
2955.4,2,182.87,2400,None,31813.91015625
2955.4,3,181.70,2400,None,31815.87109375
2960.4,0,197.68,2233,PowerBurst,31813.90234375
2960.4,1,194.27,2400,None,31815.8828125
2960.4,2,193.73,2283,PowerBurst,31813.91015625
2960.4,3,193.97,2183,PowerBurst,31815.87109375
2965.4,0,187.87,2400,None,31813.90234375
2965.4,1,188.58,2400,None,31815.8828125
2965.4,2,187.37,2400,None,31813.91015625
2965.4,3,184.62,2400,None,31815.87109375
2970.4,0,187.88,2400,None,31813.90234375
2970.4,1,185.22,2400,None,31815.8828125
2970.4,2,183.83,2400,None,31813.91015625
2970.4,3,182.53,2400,None,31815.87109375
2975.4,0,195.97,2400,None,31813.90234375
2975.4,1,195.65,2200,PowerBurst,31815.8828125
2975.4,2,190.51,2317,PowerBurst,31813.91015625
2975.4,3,193.33,2400,None,31815.87109375
2980.4,0,191.13,2400,None,31813.90234375
2980.4,1,187.44,2400,None,31815.8828125
2980.4,2,190.91,2400,None,31813.91015625
2980.4,3,187.07,2400,None,31815.87109375
2985.4,0,188.65,2333,PowerBurst,31813.90234375
2985.4,1,185.38,2400,None,31815.8828125
2985.4,2,183.83,2400,None,31813.91015625
2985.4,3,182.81,2400,None,31815.87109375
2990.4,0,195.92,2100,PowerBurst,31813.90234375
2990.4,1,194.69,2400,None,31815.8828125
2990.4,2,187.28,2383,PowerBurst,31813.91015625
2990.4,3,191.95,2183,PowerBurst,31815.87109375
2995.4,0,190.82,2400,None,31813.90234375
2995.4,1,189.04,2400,None,31815.8828125
2995.4,2,194.23,2400,None,31813.91015625
2995.4,3,188.47,2400,None,31815.87109375
3000.4,0,191.01,2283,PowerBurst,31813.90234375
3000.4,1,185.46,2400,None,31815.8828125
3000.4,2,184.01,2400,None,31813.91015625
3000.4,3,182.95,2400,None,31815.87109375
3005.4,0,190.78,2400,None,31813.90234375
3005.4,1,194.68,2400,None,31815.8828125
3005.4,2,187.37,2267,PowerBurst,31813.91015625
3005.4,3,193.34,2333,PowerBurst,31815.87109375
3010.4,0,193.86,2400,None,31813.90234375
3010.4,1,189.02,2400,None,31815.8828125
3010.4,2,192.68,2400,None,31813.91015625
3010.4,3,187.03,2400,None,31815.87109375
3015.4,0,188.29,2400,None,31813.90234375
3015.4,1,185.46,2400,None,31815.8828125
3015.4,2,184.08,2400,None,31813.91015625
3015.4,3,183.03,2400,None,31815.87109375
3020.4,0,193.69,2400,None,31813.90234375
3020.4,1,193.42,2400,None,31815.8828125
3020.4,2,183.73,2400,None,31813.91015625
3020.4,3,187.50,2233,PowerBurst,31815.87109375
3025.4,0,193.37,2383,PowerBurst,31813.90234375
3025.4,1,189.07,2400,None,31815.8828125
3025.4,2,194.09,2400,None,31813.91015625
3025.4,3,191.72,2400,None,31815.87109375
3030.4,0,188.48,2400,None,31813.90234375
3030.4,1,185.51,2400,None,31815.8828125
3030.4,2,187.76,2400,None,31813.91015625
3030.4,3,183.42,2400,None,31815.87109375
3035.4,0,193.83,2400,None,31813.90234375
3035.4,1,193.91,2150,PowerBurst,31815.8828125
3035.4,2,183.71,2400,None,31813.91015625
3035.4,3,186.18,2400,None,31815.87109375
3040.4,0,191.12,2100,PowerBurst,31813.90234375
3040.4,1,189.72,2400,None,31815.8828125
3040.4,2,194.26,2350,PowerBurst,31813.91015625
3040.4,3,192.96,2400,None,31815.87109375
3045.4,0,190.28,2400,None,31813.90234375
3045.4,1,185.68,2400,None,31815.8828125
3045.4,2,187.63,2400,None,31813.91015625
3045.4,3,183.73,2400,None,31815.87109375
3050.4,0,193.67,2300,PowerBurst,31813.90234375
3050.4,1,194.59,2333,PowerBurst,31815.8828125
3050.4,2,183.77,2400,None,31813.91015625
3050.4,3,186.35,2400,None,31815.87109375
3055.4,0,188.54,2400,None,31813.90234375
3055.4,1,188.95,2400,None,31815.8828125
3055.4,2,193.21,2133,PowerBurst,31813.91015625
3055.4,3,192.20,2167,PowerBurst,31815.87109375
3060.4,0,193.03,2400,None,31813.90234375
3060.4,1,185.87,2400,None,31815.8828125
3060.4,2,188.61,2400,None,31813.91015625
3060.4,3,184.96,2400,None,31815.87109375
3065.4,0,185.84,2400,None,31813.90234375
3065.4,1,182.05,2400,None,31815.8828125
3065.4,2,183.84,2400,None,31813.91015625
3065.4,3,182.86,2400,None,31815.87109375
3070.4,0,171.27,2400,None,31813.90234375
3070.4,1,94.20,2400,None,31815.8828125
3070.4,2,157.61,2400,None,31813.91015625
3070.4,3,101.79,2400,None,31815.87109375
3075.4,0,61.03,2400,None,31813.90234375
3075.4,1,60.05,2400,None,31815.8828125
3075.4,2,58.49,2400,None,31813.91015625
3075.4,3,58.88,2400,None,31815.87109375
3080.4,0,55.84,2400,None,31813.90234375
3080.4,1,56.65,2400,None,31815.8828125
3080.4,2,54.89,2400,None,31813.91015625
3080.4,3,54.99,2400,None,31815.87109375
3085.4,0,113.12,2400,None,31813.90234375
3085.4,1,55.93,2400,None,31815.8828125
3085.4,2,54.41,2400,None,31813.91015625
3085.4,3,55.10,2400,None,31815.87109375
3090.4,0,177.70,2400,None,31813.90234375
3090.4,1,56.49,2400,None,31815.8828125
3090.4,2,54.86,2400,None,31813.91015625
3090.4,3,55.64,2400,None,31815.87109375
3095.4,0,184.42,2033,PowerBurst,31813.90234375
3095.4,1,101.28,2067,PowerBurst,31815.8828125
3095.4,2,99.88,2033,PowerBurst,31813.91015625
3095.4,3,99.75,2083,PowerBurst,31815.87109375
3100.4,0,191.09,2400,None,31813.90234375
3100.4,1,189.35,2400,None,31815.8828125
3100.4,2,186.94,2400,None,31813.91015625
3100.4,3,187.81,2400,None,31815.87109375
3105.4,0,188.19,2400,None,31813.90234375
3105.4,1,185.39,2400,None,31815.8828125
3105.4,2,181.97,2400,None,31813.91015625
3105.4,3,182.55,2400,None,31815.87109375
3110.4,0,193.36,2400,None,31813.90234375
3110.4,1,190.65,2267,PowerBurst,31815.8828125
3110.4,2,186.96,2067,PowerBurst,31813.91015625
3110.4,3,185.47,2400,None,31815.87109375
3115.4,0,193.92,2400,None,31813.90234375
3115.4,1,190.65,2400,None,31815.8828125
3115.4,2,191.87,2400,None,31813.91015625
3115.4,3,192.18,2400,None,31815.87109375
3120.4,0,188.43,2400,None,31813.90234375
3120.4,1,185.26,2400,None,31815.8828125
3120.4,2,183.65,2400,None,31813.91015625
3120.4,3,183.31,2400,None,31815.87109375
3125.4,0,194.14,2100,PowerBurst,31813.90234375
3125.4,1,188.48,2133,PowerBurst,31815.8828125
3125.4,2,187.47,2100,PowerBurst,31813.91015625
3125.4,3,186.48,2167,PowerBurst,31815.87109375
3130.4,0,192.81,2400,None,31813.90234375
3130.4,1,194.81,2133,PowerBurst,31815.8828125
3130.4,2,192.95,2400,None,31813.91015625
3130.4,3,192.85,2400,None,31815.87109375
3135.4,0,188.39,2400,None,31813.90234375
3135.4,1,185.14,2400,None,31815.8828125
3135.4,2,183.62,2400,None,31813.91015625
3135.4,3,183.44,2400,None,31815.87109375
3140.4,0,190.78,2400,None,31813.90234375
3140.4,1,188.41,2133,PowerBurst,31815.8828125
3140.4,2,190.69,2100,PowerBurst,31813.91015625
3140.4,3,186.23,2400,None,31815.87109375
3145.4,0,196.49,2400,None,31813.90234375
3145.4,1,193.01,2133,PowerBurst,31815.8828125
3145.4,2,190.68,2267,PowerBurst,31813.91015625
3145.4,3,190.12,2400,None,31815.87109375
3150.4,0,188.46,2400,None,31813.90234375
3150.4,1,186.49,2400,None,31815.8828125
3150.4,2,183.81,2400,None,31813.91015625
3150.4,3,186.54,2400,None,31815.87109375
3155.4,0,191.40,2083,PowerBurst,31813.90234375
3155.4,1,189.18,2300,PowerBurst,31815.8828125
3155.4,2,188.96,2200,PowerBurst,31813.91015625
3155.4,3,190.27,2150,PowerBurst,31815.87109375
3160.4,0,194.97,2400,None,31813.90234375
3160.4,1,191.03,2400,None,31815.8828125
3160.4,2,188.99,2400,None,31813.91015625
3160.4,3,186.12,2317,PowerBurst,31815.87109375
3165.4,0,188.66,2400,None,31813.90234375
3165.4,1,188.87,2400,None,31815.8828125
3165.4,2,187.48,2400,None,31813.91015625
3165.4,3,186.85,2400,None,31815.87109375
3170.4,0,190.86,2400,None,31813.90234375
3170.4,1,188.76,2150,PowerBurst,31815.8828125
3170.4,2,186.77,2133,PowerBurst,31813.91015625
3170.4,3,186.55,2100,PowerBurst,31815.87109375
3175.4,0,193.65,2400,None,31813.90234375
3175.4,1,191.25,2367,PowerBurst,31815.8828125
3175.4,2,191.08,2383,PowerBurst,31813.91015625
3175.4,3,185.18,2400,None,31815.87109375
3180.4,0,191.32,2400,None,31813.90234375
3180.4,1,188.86,2400,None,31815.8828125
3180.4,2,187.73,2400,None,31813.91015625
3180.4,3,190.35,2400,None,31815.87109375
3185.4,0,190.99,2317,PowerBurst,31813.90234375
3185.4,1,185.41,2400,None,31815.8828125
3185.4,2,187.28,2400,None,31813.91015625
3185.4,3,186.44,2400,None,31815.87109375
3190.4,0,193.43,2117,PowerBurst,31813.90234375
3190.4,1,194.65,2400,None,31815.8828125
3190.4,2,187.73,2317,PowerBurst,31813.91015625
3190.4,3,186.74,2400,None,31815.87109375
3195.4,0,191.40,2400,None,31813.90234375
3195.4,1,189.07,2400,None,31815.8828125
3195.4,2,190.14,2400,None,31813.91015625
3195.4,3,190.00,2400,None,31815.87109375
3200.4,0,188.39,2400,None,31813.90234375
3200.4,1,185.50,2400,None,31815.8828125
3200.4,2,188.01,2100,PowerBurst,31813.91015625
3200.4,3,184.63,2233,PowerBurst,31815.87109375
3205.4,0,193.67,2400,None,31813.90234375
3205.4,1,191.30,2400,None,31815.8828125
3205.4,2,186.65,2400,None,31813.91015625
3205.4,3,188.59,2400,None,31815.87109375
3210.4,0,193.95,2400,None,31813.90234375
3210.4,1,191.85,2400,None,31815.8828125
3210.4,2,191.06,2400,None,31813.91015625
3210.4,3,190.03,2267,PowerBurst,31815.87109375
3215.4,0,188.41,2400,None,31813.90234375
3215.4,1,185.81,2400,None,31815.8828125
3215.4,2,184.10,2400,None,31813.91015625
3215.4,3,183.12,2400,None,31815.87109375
3220.4,0,184.08,2400,None,31813.90234375
3220.4,1,166.81,2400,None,31815.8828125
3220.4,2,179.54,2400,None,31813.91015625
3220.4,3,178.99,2400,None,31815.87109375
3225.4,0,74.50,2400,None,31813.90234375
3225.4,1,61.47,2400,None,31815.8828125
3225.4,2,103.44,2400,None,31813.91015625
3225.4,3,76.36,2400,None,31815.87109375
3230.4,0,60.16,2400,None,31813.90234375
3230.4,1,60.51,2400,None,31815.8828125
3230.4,2,58.96,2400,None,31813.91015625
3230.4,3,59.49,2400,None,31815.87109375
3235.4,0,59.77,2400,None,31813.90234375
3235.4,1,60.26,2400,None,31815.8828125
3235.4,2,58.45,2400,None,31813.91015625
3235.4,3,58.98,2400,None,31815.87109375
3240.4,0,59.92,2400,None,31813.90234375
3240.4,1,60.00,2400,None,31815.8828125
3240.4,2,155.41,2400,None,31813.91015625
3240.4,3,58.91,2400,None,31815.87109375
3245.4,0,56.07,2400,None,31813.90234375
3245.4,1,56.00,2400,None,31815.8828125
3245.4,2,172.37,2400,None,31813.91015625
3245.4,3,54.94,2400,None,31815.87109375
3250.4,0,153.66,2033,PowerBurst,32297.90625
3250.4,1,153.31,2050,PowerBurst,31815.9453125
3250.4,2,190.94,2000,PowerBurst,32297.9765625
3250.4,3,153.26,2067,PowerBurst,31815.87109375
3255.4,0,196.84,2400,None,32297.90625
3255.4,1,196.06,2400,None,31815.9453125
3255.4,2,194.94,2400,None,32297.9765625
3255.4,3,194.86,2400,None,31815.87109375
3260.4,0,196.56,2400,None,32297.90625
3260.4,1,194.55,2400,None,31815.9453125
3260.4,2,192.00,2400,None,32297.9765625
3260.4,3,192.14,2400,None,31815.87109375
3265.4,0,196.30,2383,PowerBurst,32297.90625
3265.4,1,196.98,2083,PowerBurst,31815.9453125
3265.4,2,193.87,2117,PowerBurst,32297.9765625
3265.4,3,194.10,2350,PowerBurst,31815.87109375
3270.4,0,200.77,2100,PowerBurst,32297.90625
3270.4,1,197.88,2400,None,31815.9453125
3270.4,2,197.98,2367,PowerBurst,32297.9765625
3270.4,3,199.96,2150,PowerBurst,31815.87109375
3275.4,0,197.83,2400,None,32297.90625
3275.4,1,198.47,2400,None,31815.9453125
3275.4,2,197.54,2400,None,32297.9765625
3275.4,3,196.40,2400,None,31815.87109375
3280.4,0,196.92,2400,None,32297.90625
3280.4,1,196.01,2400,None,31815.9453125
3280.4,2,193.26,2400,None,32297.9765625
3280.4,3,193.47,2400,None,31815.87109375
3285.4,0,197.52,2400,None,32297.90625
3285.4,1,198.10,2267,PowerBurst,31815.9453125
3285.4,2,196.63,2217,PowerBurst,32297.9765625
3285.4,3,196.17,2400,None,31815.87109375
3290.4,0,201.30,2100,PowerBurst,32297.90625
3290.4,1,199.40,2217,PowerBurst,31815.9453125
3290.4,2,198.83,2383,PowerBurst,32297.9765625
3290.4,3,199.83,2150,PowerBurst,31815.87109375
3295.4,0,198.29,2400,None,32297.90625
3295.4,1,197.29,2400,None,31815.9453125
3295.4,2,196.92,2400,None,32297.9765625
3295.4,3,195.93,2400,None,31815.87109375
3300.4,0,197.00,2400,None,32297.90625
3300.4,1,195.93,2400,None,31815.9453125
3300.4,2,193.37,2400,None,32297.9765625
3300.4,3,193.49,2400,None,31815.87109375
3305.4,0,199.40,2100,PowerBurst,32297.90625
3305.4,1,198.14,2317,PowerBurst,31815.9453125
3305.4,2,196.68,2317,PowerBurst,32297.9765625
3305.4,3,197.10,2233,PowerBurst,31815.87109375
3310.4,0,198.88,2233,PowerBurst,32297.90625
3310.4,1,199.95,2183,PowerBurst,31815.9453125
3310.4,2,199.71,2133,PowerBurst,32297.9765625
3310.4,3,198.70,2300,PowerBurst,31815.87109375
3315.4,0,198.47,2383,PowerBurst,32297.90625
3315.4,1,197.49,2400,None,31815.9453125
3315.4,2,195.20,2400,None,32297.9765625
3315.4,3,196.41,2400,None,31815.87109375
3320.4,0,196.88,2400,None,32297.90625
3320.4,1,196.13,2400,None,31815.9453125
3320.4,2,193.54,2400,None,32297.9765625
3320.4,3,193.35,2400,None,31815.87109375
3325.4,0,199.49,2100,PowerBurst,32297.90625
3325.4,1,197.91,2383,PowerBurst,31815.9453125
3325.4,2,198.54,2133,PowerBurst,32297.9765625
3325.4,3,197.81,2150,PowerBurst,31815.87109375
3330.4,0,199.96,2100,PowerBurst,32297.90625
3330.4,1,200.36,2233,PowerBurst,31815.9453125
3330.4,2,198.63,2367,PowerBurst,32297.9765625
3330.4,3,198.75,2133,PowerBurst,31815.87109375
3335.4,0,197.39,2400,None,32297.90625
3335.4,1,198.07,2133,PowerBurst,31815.9453125
3335.4,2,195.32,2400,None,32297.9765625
3335.4,3,194.74,2400,None,31815.87109375
3340.4,0,197.12,2400,None,32297.90625
3340.4,1,195.24,2400,None,31815.9453125
3340.4,2,194.98,2400,None,32297.9765625
3340.4,3,193.19,2400,None,31815.87109375
3345.4,0,200.01,2117,PowerBurst,32297.90625
3345.4,1,199.62,2133,PowerBurst,31815.9453125
3345.4,2,196.04,2400,None,32297.9765625
3345.4,3,198.62,2200,PowerBurst,31815.87109375
3350.4,0,198.99,2300,PowerBurst,32297.90625
3350.4,1,198.87,2333,PowerBurst,31815.9453125
3350.4,2,198.86,2383,PowerBurst,32297.9765625
3350.4,3,198.58,2150,PowerBurst,31815.87109375
3355.4,0,197.78,2383,PowerBurst,32297.90625
3355.4,1,197.10,2400,None,31815.9453125
3355.4,2,195.32,2400,None,32297.9765625
3355.4,3,194.43,2400,None,31815.87109375
3360.4,0,196.91,2400,None,32297.90625
3360.4,1,196.01,2400,None,31815.9453125
3360.4,2,196.11,2217,PowerBurst,32297.9765625
3360.4,3,195.65,2150,PowerBurst,31815.87109375
3365.4,0,200.19,2083,PowerBurst,32297.90625
3365.4,1,199.49,2133,PowerBurst,31815.9453125
3365.4,2,195.21,2400,None,32297.9765625
3365.4,3,196.77,2400,None,31815.87109375
3370.4,0,198.50,2350,PowerBurst,32297.90625
3370.4,1,198.86,2283,PowerBurst,31815.9453125
3370.4,2,199.22,2267,PowerBurst,32297.9765625
3370.4,3,198.25,2400,None,31815.87109375
3375.4,0,197.92,2400,None,32297.90625
3375.4,1,196.80,2400,None,31815.9453125
3375.4,2,196.49,2400,None,32297.9765625
3375.4,3,195.26,2400,None,31815.87109375
3380.4,0,198.69,2133,PowerBurst,32297.90625
3380.4,1,197.05,2400,None,31815.9453125
3380.4,2,194.32,2250,PowerBurst,32297.9765625
3380.4,3,196.63,2133,PowerBurst,31815.87109375
3385.4,0,198.65,2200,PowerBurst,32297.90625
3385.4,1,198.85,2133,PowerBurst,31815.9453125
3385.4,2,197.94,2167,PowerBurst,32297.9765625
3385.4,3,196.83,2283,PowerBurst,31815.87109375
3390.4,0,200.41,2100,PowerBurst,32297.90625
3390.4,1,197.75,2400,None,31815.9453125
3390.4,2,196.33,2383,PowerBurst,32297.9765625
3390.4,3,197.49,2400,None,31815.87109375
3395.4,0,196.37,2383,PowerBurst,32297.90625
3395.4,1,197.90,2400,None,31815.9453125
3395.4,2,194.46,2400,None,32297.9765625
3395.4,3,193.40,2400,None,31815.87109375
3400.4,0,195.71,2400,None,32297.90625
3400.4,1,195.71,2400,None,31815.9453125
3400.4,2,188.05,2400,None,32297.9765625
3400.4,3,186.85,2400,None,31815.87109375
3405.4,0,160.36,2400,None,32297.90625
3405.4,1,184.23,2400,None,31815.9453125
3405.4,2,171.33,2400,None,32297.9765625
3405.4,3,120.40,2400,None,31815.87109375
3410.4,0,59.09,2400,None,32297.90625
3410.4,1,59.24,2400,None,31815.9453125
3410.4,2,57.37,2400,None,32297.9765625
3410.4,3,57.75,2400,None,31815.87109375
3415.4,0,55.69,2400,None,32297.90625
3415.4,1,56.79,2400,None,31815.9453125
3415.4,2,54.82,2400,None,32297.9765625
3415.4,3,55.09,2400,None,31815.87109375
3420.4,0,86.53,2400,None,32297.90625
3420.4,1,56.51,2400,None,31815.9453125
3420.4,2,54.42,2400,None,32297.9765625
3420.4,3,54.96,2400,None,31815.87109375
3425.4,0,177.45,2400,None,32297.90625
3425.4,1,58.07,2400,None,31815.9453125
3425.4,2,56.22,2400,None,32297.9765625
3425.4,3,57.08,2400,None,31815.87109375
3430.4,0,178.59,2183,PowerBurst,32297.90625
3430.4,1,67.35,2217,PowerBurst,31815.9453125
3430.4,2,65.77,2217,PowerBurst,32297.9765625
3430.4,3,65.43,2250,PowerBurst,31815.87109375
3435.4,0,200.91,2000,PowerBurst,32297.96875
3435.4,1,200.88,2050,PowerBurst,31815.9453125
3435.4,2,201.03,2017,PowerBurst,32297.9765625
3435.4,3,200.92,2067,PowerBurst,31815.87109375
3440.4,0,195.69,2400,None,32297.96875
3440.4,1,195.13,2383,None,31815.9453125
3440.4,2,191.34,2400,None,32297.9765625
3440.4,3,191.64,2400,None,31815.87109375
3445.4,0,196.73,2400,PowerBurst,32297.96875
3445.4,1,196.22,2400,None,31815.9453125
3445.4,2,191.65,2400,None,32297.9765625
3445.4,3,192.37,2400,None,31815.87109375
3450.4,0,198.36,2383,PowerBurst,32297.96875
3450.4,1,199.21,2150,PowerBurst,31815.9453125
3450.4,2,195.85,2283,PowerBurst,32297.9765625
3450.4,3,196.34,2150,PowerBurst,31815.87109375
3455.4,0,200.72,2200,PowerBurst,32297.96875
3455.4,1,198.81,2167,PowerBurst,31815.9453125
3455.4,2,199.92,2050,PowerBurst,32297.9765625
3455.4,3,199.03,2283,PowerBurst,31815.87109375
3460.4,0,197.65,2400,None,32297.96875
3460.4,1,196.05,2400,None,31815.9453125
3460.4,2,194.28,2400,None,32297.9765625
3460.4,3,194.99,2400,None,31815.87109375
3465.4,0,197.01,2400,None,32297.96875
3465.4,1,195.89,2400,None,31815.9453125
3465.4,2,192.97,2400,None,32297.9765625
3465.4,3,193.06,2400,None,31815.87109375
3470.4,0,200.34,2100,PowerBurst,32297.96875
3470.4,1,200.72,2150,PowerBurst,31815.9453125
3470.4,2,198.69,2133,PowerBurst,32297.9765625
3470.4,3,197.93,2167,PowerBurst,31815.87109375
3475.4,0,199.12,2183,PowerBurst,32297.96875
3475.4,1,197.96,2350,PowerBurst,31815.9453125
3475.4,2,198.09,2400,None,32297.9765625
3475.4,3,199.69,2133,PowerBurst,31815.87109375
3480.4,0,197.67,2383,PowerBurst,32297.96875
3480.4,1,197.01,2400,None,31815.9453125
3480.4,2,194.39,2400,None,32297.9765625
3480.4,3,194.41,2400,None,31815.87109375
3485.4,0,196.89,2400,None,32297.96875
3485.4,1,197.65,2217,PowerBurst,31815.9453125
3485.4,2,192.96,2400,None,32297.9765625
3485.4,3,193.12,2400,None,31815.87109375
3490.4,0,200.21,2133,PowerBurst,32297.96875
3490.4,1,197.99,2400,None,31815.9453125
3490.4,2,197.83,2283,PowerBurst,32297.9765625
3490.4,3,197.86,2400,None,31815.87109375
3495.4,0,199.23,2217,PowerBurst,32297.96875
3495.4,1,198.73,2367,PowerBurst,31815.9453125
3495.4,2,200.46,2117,PowerBurst,32297.9765625
3495.4,3,199.25,2300,PowerBurst,31815.87109375
3500.4,0,197.78,2400,None,32297.96875
3500.4,1,197.08,2400,None,31815.9453125
3500.4,2,193.22,2400,None,32297.9765625
3500.4,3,194.97,2400,None,31815.87109375
3505.4,0,196.91,2400,None,32297.96875
3505.4,1,197.26,2317,PowerBurst,31815.9453125
3505.4,2,194.82,2300,PowerBurst,32297.9765625
3505.4,3,193.16,2400,None,31815.87109375
3510.4,0,200.46,2133,PowerBurst,32297.96875
3510.4,1,199.16,2317,PowerBurst,31815.9453125
3510.4,2,197.96,2100,PowerBurst,32297.9765625
3510.4,3,198.49,2317,PowerBurst,31815.87109375
3515.4,0,199.98,2033,PowerBurst,32297.96875
3515.4,1,199.77,2133,PowerBurst,31815.9453125
3515.4,2,196.61,2383,PowerBurst,32297.9765625
3515.4,3,198.98,2333,PowerBurst,31815.87109375
3520.4,0,196.19,2383,PowerBurst,32297.96875
3520.4,1,195.35,2400,None,31815.9453125
3520.4,2,195.29,2400,None,32297.9765625
3520.4,3,195.14,2400,None,31815.87109375
3525.4,0,197.79,2350,PowerBurst,32297.96875
3525.4,1,198.19,2217,PowerBurst,31815.9453125
3525.4,2,194.79,2400,None,32297.9765625
3525.4,3,193.42,2400,None,31815.87109375
3530.4,0,200.66,2100,PowerBurst,32297.96875
3530.4,1,198.25,2400,None,31815.9453125
3530.4,2,198.41,2233,PowerBurst,32297.9765625
3530.4,3,199.79,2133,PowerBurst,31815.87109375
3535.4,0,199.58,2117,PowerBurst,32297.96875
3535.4,1,198.61,2400,None,31815.9453125
3535.4,2,196.90,2400,None,32297.9765625
3535.4,3,197.31,2400,None,31815.87109375
3540.4,0,196.31,2400,None,32297.96875
3540.4,1,197.81,2150,PowerBurst,31815.9453125
3540.4,2,195.12,2400,None,32297.9765625
3540.4,3,195.24,2400,None,31815.87109375
3545.4,0,199.54,2100,PowerBurst,32297.96875
3545.4,1,196.40,2400,None,31815.9453125
3545.4,2,195.14,2250,PowerBurst,32297.9765625
3545.4,3,193.32,2400,None,31815.87109375
3550.4,0,197.27,2367,PowerBurst,32297.96875
3550.4,1,198.94,2400,None,31815.9453125
3550.4,2,199.32,2117,PowerBurst,32297.9765625
3550.4,3,199.97,2150,PowerBurst,31815.87109375
3555.4,0,200.86,2100,PowerBurst,32297.96875
3555.4,1,199.06,2400,None,31815.9453125
3555.4,2,196.07,2400,None,32297.9765625
3555.4,3,197.61,2400,None,31815.87109375
3560.4,0,196.03,2400,None,32297.96875
3560.4,1,197.14,2383,None,31815.9453125
3560.4,2,195.20,2400,None,32297.9765625
3560.4,3,195.32,2400,None,31815.87109375
3565.4,0,199.31,2200,PowerBurst,32297.96875
3565.4,1,197.90,2400,None,31815.9453125
3565.4,2,198.78,2117,PowerBurst,32297.9765625
3565.4,3,195.41,2217,PowerBurst,31815.87109375
3570.4,0,197.79,2400,None,32297.96875
3570.4,1,199.80,2133,PowerBurst,31815.9453125
3570.4,2,196.17,2133,PowerBurst,32297.9765625
3570.4,3,199.28,2133,PowerBurst,31815.87109375
3575.4,0,200.98,2100,PowerBurst,32297.96875
3575.4,1,197.35,2400,None,31815.9453125
3575.4,2,195.62,2400,None,32297.9765625
3575.4,3,197.66,2383,PowerBurst,31815.87109375
3580.4,0,196.02,2383,PowerBurst,32297.96875
3580.4,1,195.04,2400,None,31815.9453125
3580.4,2,194.84,2400,None,32297.9765625
3580.4,3,193.88,2400,None,31815.87109375
3585.4,0,192.60,2400,None,32297.96875
3585.4,1,186.43,2400,None,31815.9453125
3585.4,2,184.08,2400,None,32297.9765625
3585.4,3,191.66,2400,None,31815.87109375
3590.4,0,125.58,2400,None,32297.96875
3590.4,1,90.21,2400,None,31815.9453125
3590.4,2,170.38,2400,None,32297.9765625
3590.4,3,120.58,2400,None,31815.87109375
3595.4,0,60.86,2400,None,32297.96875
3595.4,1,60.88,2400,None,31815.9453125
3595.4,2,59.15,2400,None,32297.9765625
3595.4,3,59.72,2400,None,31815.87109375
3600.4,0,59.80,2400,None,32297.96875
3600.4,1,60.29,2400,None,31815.9453125
3600.4,2,58.71,2400,None,32297.9765625
3600.4,3,59.12,2400,None,31815.87109375
3605.4,0,59.87,2400,None,32297.96875
3605.4,1,60.20,2400,None,31815.9453125
3605.4,2,58.36,2400,None,32297.9765625
3605.4,3,97.24,2400,None,31815.87109375
3610.4,0,59.89,2400,None,32297.96875
3610.4,1,59.73,2400,None,31815.9453125
3610.4,2,58.14,2400,None,32297.9765625
3610.4,3,173.92,2400,None,31815.87109375
3615.4,0,73.14,2117,PowerBurst,32297.96875
3615.4,1,73.19,2133,PowerBurst,31815.9453125
3615.4,2,71.73,2133,PowerBurst,32297.9765625
3615.4,3,176.51,2150,PowerBurst,31815.87109375
3620.4,0,200.40,2033,PowerBurst,32297.96875
3620.4,1,200.55,2050,PowerBurst,31815.9453125
3620.4,2,200.59,2017,PowerBurst,32297.9765625
3620.4,3,200.59,2050,PowerBurst,31815.93359375
3625.4,0,195.47,2400,None,32297.96875
3625.4,1,193.71,2400,None,31815.9453125
3625.4,2,191.19,2400,None,32297.9765625
3625.4,3,193.01,2400,None,31815.93359375
3630.4,0,196.71,2383,None,32297.96875
3630.4,1,194.61,2400,None,31815.9453125
3630.4,2,191.89,2400,None,32297.9765625
3630.4,3,193.42,2400,None,31815.93359375
3635.4,0,200.10,2100,PowerBurst,32297.96875
3635.4,1,197.78,2083,PowerBurst,31815.9453125
3635.4,2,197.27,2283,PowerBurst,32297.9765625
3635.4,3,195.48,2400,None,31815.93359375
3640.4,0,199.77,2133,PowerBurst,32297.96875
3640.4,1,199.55,2083,PowerBurst,31815.9453125
3640.4,2,199.89,2150,PowerBurst,32297.9765625
3640.4,3,199.45,2267,PowerBurst,31815.93359375
3645.4,0,196.35,2400,None,32297.96875
3645.4,1,195.72,2400,None,31815.9453125
3645.4,2,193.53,2400,None,32297.9765625
3645.4,3,195.32,2400,None,31815.93359375
3650.4,0,196.61,2400,None,32297.96875
3650.4,1,195.83,2400,None,31815.9453125
3650.4,2,192.71,2400,None,32297.9765625
3650.4,3,194.95,2183,PowerBurst,31815.93359375
3655.4,0,200.86,2117,PowerBurst,32297.96875
3655.4,1,199.69,2100,PowerBurst,31815.9453125
3655.4,2,199.40,2117,PowerBurst,32297.9765625
3655.4,3,196.87,2217,PowerBurst,31815.93359375
3660.4,0,199.95,2117,PowerBurst,32297.96875
3660.4,1,198.69,2167,PowerBurst,31815.9453125
3660.4,2,197.99,2133,PowerBurst,32297.9765625
3660.4,3,198.96,2233,PowerBurst,31815.93359375
3665.4,0,196.00,2400,None,32297.96875
3665.4,1,196.75,2400,None,31815.9453125
3665.4,2,193.62,2400,None,32297.9765625
3665.4,3,194.75,2400,None,31815.93359375
3670.4,0,196.70,2400,None,32297.96875
3670.4,1,195.86,2400,None,31815.9453125
3670.4,2,195.03,2133,PowerBurst,32297.9765625
3670.4,3,193.30,2400,None,31815.93359375
3675.4,0,201.09,2100,PowerBurst,32297.96875
3675.4,1,199.22,2383,PowerBurst,31815.9453125
3675.4,2,197.66,2067,PowerBurst,32297.9765625
3675.4,3,197.88,2150,PowerBurst,31815.93359375
3680.4,0,199.03,2200,PowerBurst,32297.96875
3680.4,1,198.04,2400,None,31815.9453125
3680.4,2,197.46,2117,PowerBurst,32297.9765625
3680.4,3,198.26,2400,None,31815.93359375
3685.4,0,196.83,2400,None,32297.96875
3685.4,1,197.12,2400,None,31815.9453125
3685.4,2,193.39,2400,None,32297.9765625
3685.4,3,195.46,2400,None,31815.93359375
3690.4,0,197.83,2333,PowerBurst,32297.96875
3690.4,1,196.99,2400,None,31815.9453125
3690.4,2,195.18,2133,PowerBurst,32297.9765625
3690.4,3,193.12,2400,None,31815.93359375
3695.4,0,200.93,2033,PowerBurst,32297.96875
3695.4,1,200.14,2183,PowerBurst,31815.9453125
3695.4,2,198.69,2117,PowerBurst,32297.9765625
3695.4,3,198.31,2250,PowerBurst,31815.93359375
3700.4,0,197.44,2383,PowerBurst,32297.96875
3700.4,1,198.25,2400,None,31815.9453125
3700.4,2,195.85,2400,None,32297.9765625
3700.4,3,199.85,2267,PowerBurst,31815.93359375
3705.4,0,198.01,2383,PowerBurst,32297.96875
3705.4,1,196.20,2400,None,31815.9453125
3705.4,2,195.27,2400,None,32297.9765625
3705.4,3,193.81,2400,None,31815.93359375
3710.4,0,199.77,2100,PowerBurst,32297.96875
3710.4,1,197.01,2400,None,31815.9453125
3710.4,2,195.50,2133,PowerBurst,32297.9765625
3710.4,3,193.42,2400,None,31815.93359375
3715.4,0,198.09,2317,PowerBurst,32297.96875
3715.4,1,200.83,2133,PowerBurst,31815.9453125
3715.4,2,199.99,2083,PowerBurst,32297.9765625
3715.4,3,198.45,2167,PowerBurst,31815.93359375
3720.4,0,198.47,2400,None,32297.96875
3720.4,1,197.01,2400,None,31815.9453125
3720.4,2,194.37,2400,None,32297.9765625
3720.4,3,198.49,2400,None,31815.93359375
3725.4,0,197.85,2400,None,32297.96875
3725.4,1,197.85,2133,PowerBurst,31815.9453125
3725.4,2,195.17,2400,None,32297.9765625
3725.4,3,193.99,2400,None,31815.93359375
3730.4,0,197.68,2400,None,32297.96875
3730.4,1,196.65,2133,PowerBurst,31815.9453125
3730.4,2,195.00,2333,PowerBurst,32297.9765625
3730.4,3,195.59,2150,PowerBurst,31815.93359375
3735.4,0,200.84,2083,PowerBurst,32297.96875
3735.4,1,199.44,2133,PowerBurst,31815.9453125
3735.4,2,199.60,2400,None,32297.9765625
3735.4,3,197.82,2133,PowerBurst,31815.93359375
3740.4,0,197.53,2383,PowerBurst,32297.96875
3740.4,1,197.02,2400,None,31815.9453125
3740.4,2,195.14,2400,None,32297.9765625
3740.4,3,198.80,2267,PowerBurst,31815.93359375
3745.4,0,198.94,2200,PowerBurst,32297.96875
3745.4,1,197.06,2400,None,31815.9453125
3745.4,2,194.65,2400,None,32297.9765625
3745.4,3,193.68,2400,None,31815.93359375
3750.4,0,198.08,2233,PowerBurst,32297.96875
3750.4,1,197.90,2400,None,31815.9453125
3750.4,2,197.79,2300,PowerBurst,32297.9765625
3750.4,3,194.89,2400,None,31815.93359375
3755.4,0,199.62,2117,PowerBurst,32297.96875
3755.4,1,198.98,2400,None,31815.9453125
3755.4,2,197.73,2400,None,32297.9765625
3755.4,3,198.99,2150,PowerBurst,31815.93359375
3760.4,0,197.57,2400,None,32297.96875
3760.4,1,198.08,2400,None,31815.9453125
3760.4,2,196.64,2383,PowerBurst,32297.9765625
3760.4,3,197.83,2383,PowerBurst,31815.93359375
3765.4,0,197.64,2400,None,32297.96875
3765.4,1,195.57,2400,None,31815.9453125
3765.4,2,193.48,2400,None,32297.9765625
3765.4,3,193.81,2400,None,31815.93359375
3770.4,0,191.90,2400,None,32297.96875
3770.4,1,181.40,2400,None,31815.9453125
3770.4,2,186.12,2400,None,32297.9765625
3770.4,3,191.51,2400,None,31815.93359375
