t_s,card,gpu_busy_pct,package_temp_c,vram_temp_c,vram_hottest_channel_c,memory_controller_temp_c,pcie_temp_c,fan_rpm,power_w,energy_counter_uj
0.0,0,0.00,62.0,68.0,68.0,48.0,64.0,1787,,34044115308959
1.0,1,0.00,61.0,70.0,70.0,47.0,63.0,1545,,18263004293518
1.0,2,0.00,64.0,78.0,78.0,49.0,66.0,2429,,16984890013305
1.0,3,0.00,63.0,70.0,70.0,48.0,65.0,1985,,17060820942565
6.0,0,0.00,61.0,68.0,68.0,47.0,63.0,1483,50.35,34044400263977
6.0,1,0.00,61.0,70.0,70.0,46.0,62.0,1408,50.58,18263290582458
6.0,2,0.00,63.0,78.0,78.0,48.0,65.0,1598,49.49,16985170612121
6.0,3,0.00,63.0,70.0,70.0,48.0,64.0,1512,49.92,17061104499511
12.0,0,0.00,61.0,68.0,68.0,47.0,63.0,1451,49.78,34044682517883
12.0,1,0.00,60.0,70.0,70.0,46.0,62.0,1431,50.48,18263576829467
12.0,2,0.00,63.0,78.0,78.0,48.0,65.0,1506,49.31,16985449199707
12.0,3,0.00,62.0,70.0,70.0,48.0,64.0,1496,49.74,17061385533142
17.0,0,0.00,60.0,68.0,68.0,46.0,63.0,1428,49.54,34044963400817
18.0,1,0.00,59.0,70.0,70.0,46.0,61.0,1427,50.51,18263863205200
18.0,2,0.00,62.0,78.0,78.0,48.0,64.0,1500,48.94,16985727684936
18.0,3,0.00,62.0,70.0,70.0,47.0,64.0,1479,49.51,17061667240356
23.0,0,0.00,60.0,68.0,68.0,46.0,63.0,1429,49.66,34045244944946
23.0,1,0.00,59.0,70.0,70.0,45.0,61.0,1377,50.44,18264149205200
23.0,2,0.00,62.0,78.0,78.0,47.0,64.0,1485,48.98,16986004905334
23.0,3,0.00,62.0,70.0,70.0,47.0,64.0,1480,49.58,17061948344665
29.0,0,0.00,60.0,66.0,66.0,46.0,62.0,1375,49.48,34045525963073
29.0,1,0.00,59.0,70.0,70.0,45.0,60.0,1373,50.21,18264434405029
29.0,2,0.00,61.0,78.0,78.0,47.0,64.0,1468,48.65,16986281241516
29.0,3,0.00,61.0,70.0,70.0,47.0,63.0,1452,49.34,17062228127746
34.0,0,0.00,60.0,62.0,62.0,46.0,62.0,1367,54.94,34045836907714
35.0,1,0.00,58.0,70.0,70.0,44.0,60.0,1358,50.27,18264718941589
35.0,2,0.00,61.0,78.0,78.0,47.0,63.0,1450,48.50,16986556218078
35.0,3,0.00,61.0,70.0,70.0,47.0,63.0,1439,49.40,17062508231079
40.0,0,0.00,60.0,62.0,62.0,46.0,62.0,1386,52.61,34046135760437
40.0,1,0.00,58.0,70.0,70.0,44.0,60.0,1343,50.23,18265004222106
40.0,2,0.00,61.0,74.0,74.0,47.0,63.0,1451,48.54,16986831453796
41.0,3,0.00,61.0,70.0,70.0,47.0,63.0,1451,49.44,17062788551879
46.0,0,0.00,59.0,62.0,62.0,46.0,62.0,1345,52.21,34046431794921
46.0,1,0.00,58.0,70.0,70.0,44.0,59.0,1357,50.40,18265289473388
46.0,2,0.00,61.0,74.0,74.0,46.0,63.0,1441,48.49,16987105920471
46.0,3,0.00,61.0,70.0,70.0,46.0,63.0,1422,49.25,17063067281860
51.0,0,0.00,59.0,62.0,62.0,45.0,62.0,1349,50.86,34046719136901
52.0,1,0.00,58.0,70.0,70.0,44.0,59.0,1347,50.14,18265573247436
52.0,2,0.00,61.0,74.0,74.0,46.0,63.0,1421,48.28,16987379202575
52.0,3,0.00,61.0,70.0,70.0,46.0,62.0,1417,49.14,17063345907653
57.0,0,0.00,59.0,60.0,60.0,45.0,61.0,1342,51.67,34047012641052
57.0,1,0.00,57.0,70.0,70.0,44.0,59.0,1300,50.05,18265857512573
57.0,2,0.00,60.0,74.0,74.0,46.0,62.0,1438,48.23,16987653167175
58.0,3,0.00,60.0,70.0,70.0,46.0,62.0,1420,49.06,17063624083496
63.0,0,21.27,59.0,60.0,60.0,46.0,61.0,1341,69.16,34047405467895
63.0,1,0.00,57.0,70.0,70.0,44.0,58.0,1307,49.99,18266141936767
63.0,2,0.00,60.0,74.0,74.0,46.0,62.0,1418,48.45,16987929800292
63.0,3,0.00,60.0,70.0,70.0,46.0,62.0,1423,49.26,17063906351318
68.0,0,33.38,60.0,62.0,62.0,46.0,62.0,1337,77.91,34047852696228
69.0,1,0.00,57.0,70.0,70.0,43.0,58.0,1305,49.85,18266428570983
69.0,2,0.00,60.0,74.0,74.0,46.0,62.0,1400,48.30,16988207537231
69.0,3,0.00,60.0,70.0,70.0,46.0,62.0,1402,49.11,17064188217346
74.0,0,8.97,60.0,62.0,62.0,46.0,62.0,1325,76.64,34048290324279
74.0,1,0.00,57.0,70.0,70.0,43.0,58.0,1309,49.87,18266712831115
74.0,2,0.00,60.0,74.0,74.0,46.0,62.0,1364,48.34,16988481620117
75.0,3,0.00,60.0,70.0,70.0,46.0,61.0,1377,48.97,17064467342102
80.0,0,10.89,62.0,62.0,64.0,47.0,63.0,1409,62.88,34048649351074
80.0,1,0.00,56.0,70.0,70.0,43.0,58.0,1262,49.94,18266997500061
80.0,2,0.00,59.0,74.0,74.0,46.0,61.0,1367,48.24,16988757057861
80.0,3,0.00,60.0,70.0,70.0,45.0,61.0,1378,49.16,17064746092834
86.0,0,50.09,62.0,68.0,68.0,47.0,64.0,1368,174.63,34049639530334
86.0,1,0.00,56.0,70.0,70.0,43.0,58.0,1282,49.71,18267279369567
86.0,2,0.00,59.0,74.0,74.0,45.0,61.0,1376,48.42,16989031625305
86.0,3,0.00,59.0,70.0,70.0,45.0,61.0,1376,48.98,17065023816101
91.0,0,0.00,61.0,68.0,68.0,47.0,64.0,1504,58.24,34049969154174
91.0,1,0.00,56.0,70.0,70.0,43.0,58.0,1282,49.75,18267560964172
92.0,2,0.00,59.0,74.0,74.0,45.0,61.0,1378,48.10,16989303882263
92.0,3,0.00,59.0,70.0,70.0,45.0,61.0,1357,48.61,17065298970275
97.0,0,1.51,60.0,62.0,62.0,46.0,62.0,1462,53.92,34050274868591
97.0,1,0.00,56.0,70.0,70.0,43.0,57.0,1271,49.74,18267843007690
97.0,2,0.00,59.0,74.0,74.0,45.0,61.0,1366,48.07,16989576449157
97.0,3,0.00,59.0,70.0,70.0,45.0,61.0,1375,48.80,17065575693420
103.0,0,0.00,59.0,62.0,62.0,46.0,62.0,1376,50.34,34050560306518
103.0,1,0.00,56.0,70.0,70.0,43.0,57.0,1280,49.65,18268124527221
103.0,2,0.00,59.0,74.0,74.0,45.0,61.0,1365,48.21,16989849790832
103.0,3,0.00,59.0,70.0,70.0,45.0,61.0,1387,48.75,17065852571899
108.0,0,0.00,60.0,62.0,62.0,46.0,62.0,1366,58.77,34050893523071
108.0,1,0.00,55.0,70.0,70.0,43.0,57.0,1229,49.60,18268405744995
109.0,2,0.00,59.0,74.0,74.0,45.0,61.0,1357,48.22,16990123210815
109.0,3,0.00,59.0,70.0,70.0,45.0,61.0,1336,48.86,17066129119140
114.0,0,0.51,59.0,62.0,62.0,45.0,61.0,1378,50.67,34051180328430
114.0,1,0.00,56.0,70.0,70.0,42.0,57.0,1240,49.86,18268687939208
114.0,2,0.00,59.0,74.0,74.0,45.0,60.0,1335,47.99,16990394826232
114.0,3,0.00,59.0,70.0,70.0,45.0,60.0,1345,48.67,17066404580139
120.0,0,0.50,58.0,62.0,62.0,45.0,61.0,1324,48.73,34051456603637
120.0,1,0.00,55.0,70.0,70.0,42.0,57.0,1260,49.75,18268970031677
120.0,2,0.00,59.0,74.0,74.0,45.0,61.0,1355,48.06,16990667306762
120.0,3,0.00,58.0,70.0,70.0,45.0,60.0,1355,48.75,17066681006469
125.0,0,1.00,58.0,62.0,62.0,45.0,60.0,1364,49.16,34051735351623
125.0,1,0.00,55.0,70.0,70.0,42.0,57.0,1259,49.64,18269251962341
126.0,2,0.00,59.0,74.0,74.0,45.0,61.0,1355,48.20,16990940619567
126.0,3,0.00,59.0,70.0,70.0,45.0,60.0,1323,48.70,17066957640258
131.0,0,0.00,59.0,62.0,62.0,45.0,61.0,1333,59.23,34052071789489
131.0,1,0.00,55.0,70.0,70.0,42.0,57.0,1247,49.68,18269533663391
131.0,2,0.00,58.0,74.0,74.0,45.0,60.0,1342,48.15,16991214587646
131.0,3,0.00,58.0,70.0,70.0,44.0,60.0,1352,48.32,17067232123596
137.0,0,0.00,59.0,62.0,62.0,45.0,61.0,1331,57.51,34052398470825
137.0,1,0.00,55.0,70.0,70.0,42.0,56.0,1257,49.60,18269815366516
137.0,2,0.00,58.0,74.0,74.0,45.0,60.0,1351,48.19,16991488315734
137.0,3,0.00,58.0,70.0,70.0,44.0,60.0,1351,48.65,17067508441223
142.0,0,0.00,58.0,60.0,62.0,45.0,60.0,1353,61.57,34052748191162
142.0,1,0.00,55.0,70.0,70.0,42.0,56.0,1238,49.50,18270096549804
143.0,2,0.00,58.0,74.0,74.0,44.0,60.0,1355,48.19,16991761559753
143.0,3,0.00,58.0,70.0,70.0,44.0,60.0,1335,48.65,17067784310852
148.0,0,0.00,58.0,62.0,62.0,44.0,60.0,1355,53.65,34053052362670
148.0,1,0.00,55.0,70.0,70.0,42.0,57.0,1175,49.57,18270377618652
148.0,2,0.00,58.0,74.0,74.0,44.0,60.0,1291,48.25,16992035153442
148.0,3,0.00,58.0,70.0,70.0,44.0,60.0,1354,48.78,17068060872863
154.0,0,87.11,64.0,64.0,64.0,47.0,64.0,1343,84.79,34053533127380
154.0,1,0.00,55.0,70.0,70.0,42.0,56.0,1238,49.72,18270659506774
154.0,2,0.00,58.0,74.0,74.0,44.0,60.0,1301,47.91,16992306831359
154.0,3,0.00,58.0,70.0,70.0,44.0,60.0,1322,48.32,17068335302795
159.0,0,97.51,66.0,66.0,66.0,48.0,65.0,1334,163.88,34054463986145
159.0,1,0.00,55.0,70.0,70.0,42.0,56.0,1216,49.58,18270941147277
160.0,2,0.00,58.0,74.0,74.0,44.0,60.0,1300,48.31,16992581213317
160.0,3,0.00,58.0,70.0,70.0,44.0,60.0,1269,48.93,17068612754699
165.0,0,88.81,63.0,68.0,68.0,47.0,64.0,1406,155.42,34055345243774
165.0,1,0.00,55.0,70.0,70.0,42.0,56.0,1193,49.68,18271223337524
165.0,2,0.00,58.0,74.0,74.0,44.0,60.0,1299,48.47,16992856545959
165.0,3,0.00,58.0,70.0,70.0,44.0,60.0,1298,48.88,17068890870849
171.0,0,0.00,61.0,68.0,68.0,47.0,64.0,1531,58.03,34055675425476
171.0,1,0.00,54.0,66.0,66.0,42.0,56.0,1194,48.61,18271499417663
171.0,2,0.00,58.0,74.0,74.0,44.0,59.0,1300,48.25,16993130630920
171.0,3,0.00,58.0,70.0,70.0,44.0,60.0,1301,48.16,17069164418334
176.0,0,0.00,61.0,68.0,68.0,46.0,63.0,1419,58.05,34056004559875
176.0,1,0.00,54.0,66.0,66.0,42.0,56.0,1209,48.51,18271774482238
177.0,2,0.00,57.0,74.0,74.0,44.0,60.0,1305,47.93,16993401900573
177.0,3,0.00,58.0,70.0,70.0,44.0,60.0,1294,48.36,17069437644714
182.0,0,0.00,60.0,68.0,68.0,46.0,62.0,1452,58.19,34056333900756
182.0,1,0.00,54.0,66.0,66.0,41.0,56.0,1198,48.65,18272049832641
182.0,2,0.00,58.0,74.0,74.0,44.0,59.0,1293,47.96,16993673857055
182.0,3,0.00,57.0,70.0,70.0,44.0,60.0,1303,48.33,17069711672607
188.0,0,0.00,60.0,68.0,68.0,46.0,62.0,1399,58.38,34056664305725
188.0,1,0.00,54.0,58.0,58.0,41.0,56.0,1207,51.94,18272343841247
188.0,2,0.00,57.0,74.0,74.0,44.0,59.0,1302,48.23,16993946846862
188.0,3,0.00,57.0,70.0,70.0,44.0,59.0,1302,48.45,17069986400085
193.0,0,0.00,60.0,68.0,68.0,46.0,62.0,1419,57.96,34056992935729
193.0,1,0.00,54.0,58.0,58.0,41.0,56.0,1207,51.09,18272633507812
194.0,2,0.00,57.0,74.0,74.0,44.0,59.0,1303,47.80,16994217864440
194.0,3,0.00,57.0,70.0,70.0,44.0,59.0,1293,48.22,17070259327453
199.0,0,0.00,60.0,68.0,68.0,45.0,61.0,1379,58.02,34057321320922
199.0,1,0.00,54.0,58.0,58.0,42.0,56.0,1189,50.36,18272918556030
199.0,2,0.00,57.0,74.0,74.0,44.0,59.0,1296,47.93,16994488654296
199.0,3,0.00,57.0,70.0,70.0,44.0,59.0,1297,48.27,17070532038208
205.0,0,0.00,59.0,68.0,68.0,45.0,61.0,1381,58.11,34057649621582
205.0,1,0.00,54.0,58.0,58.0,41.0,56.0,1178,51.55,18273209800598
205.0,2,0.00,57.0,74.0,74.0,44.0,59.0,1304,48.08,16994760801086
205.0,3,0.00,57.0,70.0,70.0,44.0,59.0,1303,48.52,17070806647705
210.0,0,0.00,59.0,68.0,68.0,45.0,61.0,1367,58.15,34057979330932
210.0,1,0.00,54.0,58.0,58.0,41.0,56.0,1209,50.88,18273498271850
211.0,2,0.00,57.0,68.0,68.0,44.0,59.0,1304,48.25,16995033880187
211.0,3,0.00,57.0,70.0,70.0,44.0,59.0,1294,48.56,17071081485778
216.0,0,0.00,59.0,68.0,68.0,45.0,61.0,1386,57.55,34058305623596
216.0,1,18.86,56.0,58.0,58.0,42.0,56.0,1196,55.37,18273812227294
216.0,2,0.00,57.0,68.0,68.0,44.0,59.0,1269,47.80,16995305405456
216.0,3,0.00,57.0,70.0,70.0,44.0,59.0,1300,48.13,17071354861145
222.0,0,0.00,59.0,68.0,68.0,45.0,61.0,1361,57.42,34058632337219
222.0,1,35.42,56.0,58.0,58.0,42.0,57.0,1167,74.27,18274236295349
222.0,2,0.00,57.0,68.0,68.0,44.0,59.0,1278,47.89,16995579831115
222.0,3,0.00,57.0,70.0,70.0,43.0,59.0,1297,48.44,17071632403503
227.0,0,0.00,59.0,68.0,68.0,45.0,60.0,1349,57.63,34058963109863
228.0,1,33.31,56.0,58.0,58.0,42.0,57.0,1175,78.05,18274682714904
228.0,2,0.00,57.0,68.0,68.0,44.0,59.0,1283,48.15,16995854751037
228.0,3,0.00,57.0,70.0,70.0,43.0,59.0,1295,48.53,17071909510070
233.0,0,0.00,58.0,68.0,68.0,44.0,60.0,1355,57.48,34059289021789
233.0,1,4.00,56.0,58.0,58.0,42.0,57.0,1229,68.50,18275071091796
233.0,2,0.00,57.0,68.0,68.0,44.0,59.0,1261,48.33,16996128291259
234.0,3,0.00,57.0,70.0,70.0,43.0,59.0,1272,48.21,17072182396179
239.0,0,0.00,58.0,68.0,68.0,44.0,60.0,1356,57.68,34059616091979
239.0,1,,63.0,62.0,64.0,46.0,62.0,1271,133.74,18275829377319
239.0,2,0.00,57.0,68.0,68.0,44.0,59.0,1271,47.95,16996400171997
239.0,3,0.00,57.0,66.0,66.0,43.0,59.0,1271,48.30,17072456277709
244.0,0,0.00,58.0,68.0,68.0,44.0,60.0,1345,57.72,34059943337707
245.0,1,0.00,58.0,64.0,64.0,44.0,59.0,1368,98.58,18276387322753
245.0,2,0.00,57.0,68.0,68.0,43.0,59.0,1282,48.12,16996672513854
245.0,3,0.00,57.0,66.0,66.0,43.0,59.0,1261,48.51,17072730818176
250.0,0,0.00,58.0,68.0,68.0,44.0,59.0,1357,57.79,34060270455261
250.0,1,0.00,58.0,64.0,64.0,44.0,58.0,1345,57.65,18276714189880
250.0,2,0.00,57.0,68.0,68.0,43.0,59.0,1260,48.15,16996945551086
251.0,3,0.00,57.0,66.0,66.0,43.0,59.0,1270,48.44,17073005454284
256.0,0,0.00,58.0,68.0,68.0,44.0,60.0,1345,57.42,34060596019409
256.0,1,0.00,56.0,60.0,60.0,43.0,58.0,1313,52.13,18277009761962
256.0,2,0.00,57.0,68.0,68.0,43.0,59.0,1281,47.79,16997216512145
256.0,3,0.00,57.0,66.0,66.0,43.0,59.0,1282,47.99,17073277566162
261.0,0,0.00,58.0,68.0,68.0,44.0,60.0,1304,57.51,34060921540527
262.0,1,0.50,56.0,60.0,60.0,43.0,57.0,1262,50.07,18277293170471
262.0,2,0.00,57.0,68.0,68.0,44.0,58.0,1283,47.92,16997487742736
262.0,3,0.00,56.0,66.0,66.0,43.0,59.0,1272,48.16,17073550126525
267.0,0,0.00,58.0,68.0,68.0,44.0,60.0,1302,57.58,34061248004516
267.0,1,0.51,55.0,60.0,60.0,42.0,57.0,1247,52.19,18277589112915
267.0,2,0.00,57.0,68.0,68.0,43.0,58.0,1260,48.09,16997760419738
268.0,3,0.00,57.0,66.0,66.0,43.0,59.0,1281,48.34,17073824238159
273.0,0,0.00,58.0,68.0,68.0,44.0,60.0,1312,57.42,34061573550659
273.0,1,1.01,55.0,60.0,60.0,42.0,57.0,1249,49.30,18277868660949
273.0,2,0.00,56.0,68.0,68.0,43.0,58.0,1280,48.26,16998034053649
273.0,3,0.00,57.0,66.0,66.0,43.0,59.0,1269,48.47,17074099067321
278.0,0,0.00,58.0,68.0,68.0,44.0,59.0,1293,57.45,34061899282531
279.0,1,0.50,55.0,60.0,60.0,42.0,56.0,1251,48.50,18278143655639
279.0,2,0.00,56.0,68.0,68.0,43.0,58.0,1272,47.80,16998305092163
279.0,3,0.00,56.0,66.0,66.0,43.0,59.0,1272,48.12,17074371446472
284.0,0,0.00,58.0,68.0,68.0,44.0,59.0,1304,57.59,34062225220764
284.0,1,7.12,56.0,60.0,60.0,42.0,57.0,1209,51.97,18278437803100
284.0,2,0.00,56.0,68.0,68.0,43.0,58.0,1273,47.91,16998576276306
285.0,3,0.00,56.0,66.0,66.0,43.0,58.0,1272,48.20,17074644714172
290.0,0,0.00,58.0,68.0,68.0,44.0,59.0,1314,57.50,34062550642578
290.0,1,3.52,55.0,58.0,58.0,42.0,57.0,1250,60.78,18278782403259
290.0,2,0.00,56.0,68.0,68.0,43.0,58.0,1280,48.24,16998849821289
290.0,3,0.00,56.0,66.0,66.0,43.0,59.0,1281,48.55,17074919981689
295.0,0,0.00,58.0,68.0,68.0,44.0,59.0,1292,57.32,34062876244506
296.0,1,0.50,55.0,60.0,60.0,42.0,57.0,1271,52.72,18279080782104
296.0,2,0.00,56.0,68.0,68.0,43.0,58.0,1282,48.23,16999123304443
296.0,3,0.00,56.0,66.0,66.0,43.0,58.0,1269,48.43,17075194597717
301.0,0,0.00,57.0,68.0,68.0,44.0,59.0,1311,57.24,34063200786499
301.0,1,94.31,62.0,64.0,62.0,45.0,61.0,1248,106.84,18279687651000
301.0,2,0.00,56.0,68.0,68.0,43.0,58.0,1268,47.97,16999395266845
302.0,3,0.00,56.0,66.0,66.0,43.0,58.0,1278,48.15,17075468100708
307.0,0,0.00,58.0,68.0,68.0,44.0,59.0,1301,57.28,34063526120788
307.0,1,97.48,63.0,64.0,64.0,46.0,63.0,1258,162.77,18280612164916
307.0,2,0.00,56.0,68.0,68.0,43.0,58.0,1280,48.29,16999669560913
307.0,3,0.00,56.0,66.0,66.0,43.0,58.0,1280,48.77,17075744617614
312.0,0,0.00,57.0,68.0,68.0,44.0,59.0,1300,57.47,34063852547729
313.0,1,47.86,60.0,66.0,66.0,45.0,61.0,1342,131.63,18281366409057
313.0,2,0.00,56.0,68.0,68.0,43.0,58.0,1279,48.31,16999946402893
313.0,3,0.00,56.0,66.0,66.0,43.0,58.0,1269,48.67,17076023486145
318.0,0,0.00,57.0,68.0,68.0,44.0,59.0,1302,56.99,34064178508422
318.0,1,0.00,59.0,66.0,66.0,44.0,60.0,1397,57.55,18281692742492
318.0,2,0.00,56.0,68.0,68.0,43.0,58.0,1291,46.92,17000212460754
319.0,3,0.00,56.0,66.0,66.0,43.0,58.0,1280,48.04,17076295852233
324.0,0,0.00,57.0,68.0,68.0,44.0,59.0,1313,57.32,34064503507324
324.0,1,0.00,58.0,66.0,66.0,44.0,59.0,1355,57.46,18282018567504
324.0,2,0.00,56.0,68.0,68.0,43.0,58.0,1208,46.90,17000477941101
324.0,3,0.00,56.0,66.0,66.0,43.0,58.0,1251,48.17,17076568484741
330.0,0,0.00,57.0,68.0,68.0,44.0,59.0,1289,57.44,34064829761657
330.0,1,0.00,58.0,66.0,66.0,44.0,59.0,1351,57.61,18282345772521
330.0,2,0.00,56.0,68.0,68.0,43.0,58.0,1256,47.05,17000745641967
330.0,3,0.00,56.0,66.0,66.0,43.0,58.0,1266,48.36,17076843650024
335.0,0,0.00,57.0,68.0,68.0,44.0,59.0,1311,57.19,34065154013366
335.0,1,0.00,58.0,66.0,66.0,44.0,59.0,1322,57.28,18282671135803
335.0,2,0.00,56.0,60.0,60.0,43.0,58.0,1237,50.07,17001030027832
336.0,3,0.00,56.0,66.0,66.0,43.0,58.0,1279,48.37,17077118389404
341.0,0,0.00,57.0,68.0,68.0,44.0,59.0,1281,57.06,34065478124877
341.0,1,0.00,58.0,66.0,66.0,43.0,59.0,1313,57.53,18282996766784
341.0,2,0.00,56.0,60.0,60.0,43.0,58.0,1239,48.05,17001302491943
341.0,3,0.00,56.0,66.0,66.0,43.0,58.0,1250,48.19,17077391627868
347.0,0,0.00,57.0,68.0,68.0,44.0,59.0,1271,57.25,34065802157348
347.0,1,0.00,57.0,66.0,66.0,43.0,58.0,1303,57.42,18283322317749
347.0,2,0.00,57.0,60.0,60.0,43.0,58.0,1270,50.40,17001588286132
347.0,3,0.00,56.0,66.0,66.0,43.0,58.0,1248,48.22,17077665017150
352.0,0,0.00,57.0,68.0,68.0,44.0,59.0,1290,57.29,34066127544006
352.0,1,0.00,57.0,66.0,66.0,43.0,58.0,1300,57.60,18283649509094
352.0,2,0.00,56.0,60.0,60.0,43.0,58.0,1270,50.07,17001872171813
353.0,3,0.00,56.0,66.0,66.0,43.0,58.0,1250,48.26,17077938672424
358.0,0,0.00,57.0,68.0,68.0,43.0,59.0,1282,56.96,34066450506347
358.0,1,0.00,57.0,66.0,66.0,43.0,58.0,1301,57.20,18283973855163
358.0,2,0.00,56.0,60.0,60.0,43.0,59.0,1247,49.07,17002150892333
358.0,3,0.00,56.0,66.0,66.0,43.0,58.0,1247,47.94,17078210965942
364.0,0,0.00,57.0,68.0,68.0,43.0,59.0,1276,57.32,34066776103637
364.0,1,0.00,57.0,66.0,66.0,43.0,58.0,1279,57.22,18284301714904
364.0,2,32.00,57.0,60.0,60.0,44.0,59.0,1259,57.56,17002480156982
364.0,3,0.00,56.0,66.0,66.0,43.0,58.0,1248,48.14,17078486349487
369.0,0,0.00,57.0,68.0,68.0,43.0,59.0,1283,57.27,34067103093261
369.0,1,0.00,57.0,66.0,66.0,43.0,58.0,1283,57.58,18284627642639
370.0,2,33.05,58.0,60.0,60.0,44.0,59.0,1241,74.17,17002899982543
370.0,3,0.00,56.0,66.0,66.0,43.0,57.0,1254,48.51,17078760411376
375.0,0,0.00,57.0,68.0,68.0,43.0,58.0,1283,56.93,34067425906616
375.0,1,0.00,57.0,66.0,66.0,43.0,58.0,1273,57.15,18284951131774
375.0,2,35.07,58.0,60.0,60.0,44.0,60.0,1231,74.88,17003323033142
375.0,3,0.00,56.0,66.0,66.0,43.0,58.0,1251,48.49,17079034864685
381.0,0,0.00,57.0,68.0,68.0,43.0,59.0,1273,57.24,34067749306823
381.0,1,0.00,57.0,66.0,66.0,43.0,57.0,1283,57.30,18285275435485
381.0,2,7.07,58.0,60.0,60.0,44.0,60.0,1313,62.73,17003678696838
381.0,3,0.00,56.0,60.0,60.0,43.0,58.0,1249,48.08,17079307466979
386.0,0,0.00,57.0,68.0,68.0,43.0,59.0,1282,57.15,34068073370971
386.0,1,0.00,56.0,66.0,66.0,43.0,57.0,1281,57.35,18285600631896
387.0,2,100.00,65.0,66.0,66.0,48.0,65.0,1343,153.77,17004550591552
387.0,3,0.00,56.0,60.0,60.0,43.0,58.0,1249,48.17,17079580611694
392.0,0,0.00,57.0,68.0,68.0,43.0,59.0,1280,57.02,34068396668762
392.0,1,0.00,56.0,66.0,66.0,42.0,57.0,1270,57.36,18285925874572
392.0,2,0.00,60.0,66.0,66.0,46.0,62.0,1472,75.03,17004976022216
392.0,3,0.00,56.0,60.0,60.0,43.0,58.0,1250,48.40,17079855042724
398.0,0,0.00,57.0,68.0,68.0,43.0,59.0,1269,56.95,34068719566284
398.0,1,0.00,56.0,66.0,66.0,42.0,57.0,1280,57.14,18286249843811
398.0,2,0.00,60.0,66.0,66.0,45.0,61.0,1439,55.28,17005289439941
398.0,3,0.00,56.0,60.0,60.0,43.0,58.0,1249,48.55,17080130335327
403.0,0,0.00,57.0,68.0,68.0,43.0,58.0,1282,56.89,34069042123962
403.0,1,0.00,56.0,66.0,66.0,42.0,57.0,1282,57.22,18286574260192
404.0,2,0.51,59.0,62.0,62.0,45.0,61.0,1398,50.02,17005573057067
404.0,3,0.00,56.0,60.0,60.0,42.0,58.0,1249,48.06,17080402847290
409.0,0,0.00,57.0,68.0,68.0,43.0,59.0,1280,57.19,34069366389404
409.0,1,0.00,56.0,66.0,66.0,42.0,57.0,1248,57.46,18286900052917
409.0,2,6.91,59.0,62.0,62.0,45.0,60.0,1311,48.84,17005850454284
409.0,3,0.00,56.0,60.0,60.0,42.0,58.0,1248,48.11,17080676138183
415.0,0,0.00,57.0,68.0,68.0,43.0,59.0,1270,57.37,34069691702087
415.0,1,0.00,56.0,66.0,66.0,42.0,57.0,1270,57.52,18287226216979
415.0,2,0.51,58.0,62.0,62.0,44.0,60.0,1355,50.41,17006136285034
415.0,3,0.00,56.0,60.0,60.0,42.0,58.0,1249,48.29,17080949951110
420.0,0,0.00,57.0,68.0,68.0,43.0,59.0,1270,56.97,34070015274291
420.0,1,0.00,56.0,66.0,66.0,42.0,57.0,1291,57.14,18287550750976
421.0,2,1.01,58.0,62.0,62.0,44.0,60.0,1334,47.42,17006405129699
421.0,3,0.00,55.0,60.0,60.0,42.0,58.0,1249,47.94,17081221779296
426.0,0,0.00,57.0,68.0,68.0,43.0,58.0,1281,57.07,34070338855468
426.0,1,0.00,56.0,66.0,66.0,42.0,57.0,1217,57.27,18287875498840
426.0,2,0.50,57.0,62.0,62.0,44.0,60.0,1270,47.15,17006672498535
426.0,3,0.00,55.0,60.0,60.0,43.0,58.0,1248,48.01,17081494478942
432.0,0,0.00,57.0,68.0,68.0,43.0,59.0,1270,57.17,34070662991882
432.0,1,0.00,56.0,66.0,66.0,42.0,57.0,1249,57.32,18288200505920
432.0,2,5.60,58.0,62.0,62.0,44.0,60.0,1302,51.43,17006964110412
432.0,3,0.00,55.0,60.0,60.0,42.0,58.0,1251,48.27,17081767681762
437.0,0,0.00,57.0,68.0,68.0,43.0,59.0,1283,57.12,34070986265136
437.0,1,0.00,56.0,66.0,66.0,42.0,57.0,1262,57.23,18288524412414
438.0,2,8.83,58.0,62.0,62.0,44.0,60.0,1325,56.77,17007285449401
438.0,3,0.00,56.0,60.0,60.0,42.0,58.0,1250,48.48,17082042052917
443.0,0,0.00,56.0,68.0,68.0,43.0,58.0,1290,56.83,34071308481567
443.0,1,0.00,56.0,66.0,66.0,42.0,57.0,1247,57.07,18288848573974
443.0,2,0.50,57.0,62.0,62.0,44.0,59.0,1310,49.19,17007564826538
443.0,3,0.00,55.0,60.0,60.0,42.0,57.0,1246,47.90,17082314576843
449.0,0,0.00,56.0,68.0,68.0,43.0,58.0,1279,57.20,34071633391052
449.0,1,0.00,56.0,66.0,66.0,42.0,57.0,1259,57.23,18289173620239
449.0,2,94.28,62.0,66.0,66.0,46.0,63.0,1301,125.80,17008279354980
449.0,3,0.00,56.0,60.0,60.0,42.0,57.0,1248,48.35,17082588732543
454.0,0,0.00,56.0,68.0,68.0,43.0,58.0,1279,57.42,34071959544067
454.0,1,0.00,56.0,66.0,66.0,42.0,57.0,1258,57.44,18289499897888
455.0,2,97.39,63.0,68.0,68.0,48.0,65.0,1363,160.65,17009191828857
455.0,3,0.00,55.0,60.0,60.0,42.0,58.0,1247,48.85,17082866221618
460.0,0,0.00,56.0,68.0,68.0,43.0,58.0,1290,57.06,34072283627502
460.0,1,0.00,56.0,66.0,66.0,42.0,56.0,1249,57.25,18289824502197
460.0,2,20.65,62.0,70.0,70.0,47.0,64.0,1419,115.67,17009847650695
460.0,3,0.00,55.0,60.0,60.0,42.0,57.0,1250,48.53,17083141391540
466.0,0,0.00,56.0,68.0,68.0,43.0,58.0,1270,56.74,34072605332641
466.0,1,0.00,55.0,66.0,66.0,42.0,57.0,1257,57.08,18290148729797
466.0,2,0.00,61.0,70.0,70.0,47.0,63.0,1500,55.25,17010161453674
466.0,3,0.00,55.0,58.0,58.0,42.0,57.0,1257,47.20,17083409506164
471.0,0,0.00,56.0,68.0,68.0,43.0,58.0,1271,57.15,34072929356262
471.0,1,0.00,55.0,64.0,64.0,42.0,57.0,1262,57.45,18290473920043
472.0,2,0.00,61.0,70.0,70.0,46.0,62.0,1453,55.19,17010473856384
472.0,3,0.00,55.0,58.0,58.0,42.0,57.0,1241,47.31,17083677308410
477.0,0,0.00,56.0,68.0,68.0,43.0,58.0,1282,57.06,34073252342163
477.0,1,0.00,55.0,64.0,64.0,42.0,56.0,1239,57.38,18290799278137
477.0,2,0.00,61.0,70.0,70.0,46.0,62.0,1450,55.38,17010787877258
477.0,3,0.00,55.0,58.0,58.0,42.0,57.0,1249,47.45,17083946373840
483.0,0,0.00,56.0,68.0,68.0,43.0,58.0,1292,56.87,34073574794555
483.0,1,0.00,55.0,64.0,64.0,42.0,57.0,1260,57.05,18291122748046
483.0,2,0.00,60.0,70.0,70.0,46.0,62.0,1420,55.18,17011100168090
483.0,3,0.00,55.0,58.0,58.0,42.0,58.0,1262,49.40,17084225972045
488.0,0,0.00,56.0,68.0,68.0,43.0,58.0,1250,56.82,34073896945007
488.0,1,0.00,55.0,64.0,64.0,42.0,56.0,1261,57.27,18291446896850
489.0,2,0.00,60.0,70.0,70.0,46.0,61.0,1429,55.07,17011412426879
489.0,3,0.00,55.0,58.0,58.0,42.0,57.0,1238,48.46,17084500732666
494.0,0,0.00,56.0,68.0,68.0,43.0,58.0,1280,57.21,34074221352111
494.0,1,0.00,55.0,64.0,64.0,42.0,56.0,1247,57.48,18291773377563
494.0,2,0.00,60.0,70.0,70.0,45.0,61.0,1385,55.20,17011725954772
494.0,3,0.00,56.0,58.0,58.0,42.0,57.0,1248,49.72,17084783163391
500.0,0,0.00,56.0,68.0,68.0,43.0,58.0,1281,57.04,34074544795593
500.0,1,0.00,55.0,64.0,64.0,42.0,56.0,1261,57.24,18292097333190
500.0,2,0.00,60.0,70.0,70.0,45.0,61.0,1378,55.46,17012039867126
500.0,3,0.00,55.0,58.0,58.0,42.0,57.0,1250,49.96,17085065956909
505.0,0,0.00,56.0,68.0,68.0,43.0,58.0,1271,57.02,34074868112731
505.0,1,0.00,55.0,64.0,64.0,42.0,56.0,1260,57.22,18292421743225
506.0,2,0.00,59.0,70.0,70.0,45.0,61.0,1377,54.96,17012351471252
506.0,3,0.00,56.0,58.0,58.0,42.0,58.0,1249,49.37,17085345884826
511.0,0,0.00,56.0,68.0,68.0,43.0,58.0,1282,56.96,34075191102050
511.0,1,0.00,55.0,64.0,64.0,42.0,56.0,1239,57.31,18292746717895
511.0,2,0.00,59.0,70.0,70.0,45.0,61.0,1367,55.22,17012663991577
511.0,3,28.65,57.0,58.0,58.0,43.0,58.0,1250,59.97,17085685890869
517.0,0,0.00,56.0,68.0,68.0,43.0,58.0,1225,57.04,34075515100097
517.0,1,0.00,55.0,64.0,64.0,42.0,56.0,1263,57.23,18293072344421
517.0,2,0.00,59.0,70.0,70.0,45.0,61.0,1375,55.29,17012980230773
517.0,3,37.59,58.0,58.0,58.0,43.0,59.0,1204,75.41,17086117981506
522.0,0,0.00,56.0,68.0,68.0,43.0,58.0,1247,56.82,34075840696533
523.0,1,0.00,55.0,64.0,64.0,42.0,56.0,1252,56.94,18293398038574
523.0,2,0.00,59.0,70.0,70.0,45.0,61.0,1382,55.26,17013295206542
523.0,3,33.50,57.0,60.0,60.0,43.0,59.0,1247,74.08,17086538742736
528.0,0,0.00,56.0,68.0,68.0,43.0,58.0,1261,56.95,34076163035827
528.0,1,0.00,55.0,64.0,64.0,42.0,56.0,1249,57.24,18293722561157
528.0,2,0.00,59.0,70.0,70.0,45.0,61.0,1355,55.22,17013607728942
529.0,3,2.79,57.0,58.0,58.0,44.0,59.0,1271,61.12,17086885275939
534.0,0,0.00,56.0,68.0,68.0,43.0,58.0,1249,57.02,34076486887207
534.0,1,0.00,55.0,64.0,64.0,42.0,56.0,1238,57.30,18294047455688
534.0,2,0.00,59.0,70.0,70.0,45.0,61.0,1354,55.32,17013921933654
534.0,3,100.00,63.0,64.0,64.0,47.0,64.0,1312,172.50,17087863335449
539.0,0,0.00,56.0,68.0,68.0,43.0,58.0,1248,57.02,34076810179931
540.0,1,0.00,55.0,64.0,64.0,42.0,56.0,1216,57.55,18294373778869
540.0,2,0.00,59.0,70.0,70.0,45.0,60.0,1354,55.42,17014236158691
540.0,3,0.00,60.0,64.0,64.0,45.0,61.0,1490,56.82,17088186068969
545.0,0,0.00,56.0,68.0,68.0,43.0,58.0,1271,56.94,34077133029418
545.0,1,0.00,55.0,64.0,64.0,42.0,56.0,1175,57.19,18294698609497
545.0,2,0.00,59.0,70.0,70.0,45.0,60.0,1344,54.88,17014547871032
546.0,3,0.00,59.0,60.0,60.0,45.0,60.0,1419,55.91,17088503082702
551.0,0,0.00,56.0,68.0,68.0,43.0,58.0,1289,56.83,34077455823181
551.0,1,0.00,55.0,64.0,64.0,42.0,56.0,1258,57.27,18295023335449
551.0,2,0.00,59.0,70.0,70.0,44.0,61.0,1353,55.27,17014861277282
551.0,3,0.51,58.0,60.0,60.0,44.0,60.0,1354,49.23,17088782205383
556.0,0,0.00,56.0,68.0,68.0,43.0,58.0,1259,57.10,34077779572387
557.0,1,0.00,55.0,64.0,64.0,42.0,56.0,1259,57.31,18295348854248
557.0,2,0.00,59.0,70.0,70.0,45.0,60.0,1354,55.15,17015174548828
557.0,3,7.13,59.0,62.0,62.0,44.0,60.0,1269,51.81,17089076485412
562.0,0,0.00,56.0,68.0,68.0,43.0,58.0,1280,56.53,34078100675781
562.0,1,0.00,55.0,64.0,64.0,42.0,56.0,1248,56.98,18295671924438
562.0,2,0.00,59.0,70.0,70.0,44.0,60.0,1343,55.28,17015487991821
563.0,3,0.51,57.0,62.0,62.0,44.0,59.0,1322,49.95,17089359723083
568.0,0,0.00,56.0,68.0,68.0,43.0,58.0,1291,56.81,34078422793334
568.0,1,0.00,55.0,64.0,64.0,42.0,56.0,1207,57.12,18295995791809
568.0,2,0.00,59.0,70.0,70.0,44.0,60.0,1355,55.14,17015800634277
568.0,3,1.00,57.0,62.0,62.0,44.0,59.0,1303,47.17,17089627179809
573.0,0,0.00,56.0,68.0,68.0,43.0,58.0,1250,56.83,34078745027465
574.0,1,0.00,55.0,64.0,64.0,42.0,56.0,1219,57.30,18296320109375
574.0,2,0.00,59.0,70.0,70.0,44.0,60.0,1356,55.20,17016113612609
574.0,3,0.50,57.0,62.0,62.0,43.0,59.0,1292,47.45,17089896233764
579.0,0,0.00,56.0,68.0,68.0,43.0,58.0,1259,57.25,34079069621276
579.0,1,0.00,55.0,64.0,64.0,42.0,56.0,1195,57.54,18296646911499
579.0,2,0.00,58.0,70.0,70.0,44.0,59.0,1363,55.19,17016427095336
580.0,3,5.83,57.0,60.0,62.0,43.0,59.0,1268,54.52,17090205929443
585.0,0,0.00,56.0,68.0,68.0,43.0,58.0,1257,56.84,34079392447021
585.0,1,0.00,55.0,64.0,64.0,42.0,56.0,1204,57.07,18296971095092
585.0,2,0.00,58.0,70.0,70.0,44.0,60.0,1342,55.04,17016739726379
585.0,3,8.92,58.0,60.0,60.0,44.0,59.0,1310,58.10,17090535921081
590.0,0,0.00,56.0,68.0,68.0,43.0,58.0,1247,56.95,34079715905029
591.0,1,0.00,55.0,64.0,64.0,42.0,56.0,1216,57.20,18297295968811
591.0,2,0.00,58.0,70.0,70.0,44.0,60.0,1352,55.13,17017052844299
591.0,3,0.00,57.0,60.0,60.0,43.0,59.0,1299,49.20,17090815354064
596.0,0,0.00,56.0,68.0,68.0,43.0,58.0,1257,57.22,34080040940734
596.0,1,0.00,55.0,64.0,64.0,42.0,56.0,1194,57.26,18297621232727
596.0,2,0.00,58.0,70.0,70.0,44.0,60.0,1363,55.30,17017366921142
597.0,3,,62.0,64.0,66.0,46.0,63.0,1289,139.50,17091607738342
602.0,0,0.00,56.0,68.0,68.0,43.0,58.0,1257,57.00,34080365251647
602.0,1,0.00,55.0,64.0,64.0,42.0,56.0,1193,56.91,18297945048950
602.0,2,0.00,58.0,70.0,70.0,44.0,60.0,1341,55.66,17017683085144
602.0,3,,63.0,66.0,66.0,48.0,64.0,1373,160.42,17092518936401
608.0,0,0.00,56.0,68.0,68.0,43.0,58.0,1246,57.14,34080689797546
608.0,1,0.00,55.0,64.0,64.0,42.0,56.0,1235,57.10,18298269928100
608.0,2,0.00,58.0,70.0,70.0,44.0,60.0,1360,55.33,17017997895385
608.0,3,0.00,62.0,68.0,68.0,47.0,63.0,1422,102.73,17093104502807
613.0,0,41.00,56.0,60.0,60.0,43.0,59.0,1256,67.33,34081072886108
613.0,1,39.57,55.0,62.0,62.0,42.0,56.0,1195,67.59,18298653861022
614.0,2,43.56,59.0,64.0,64.0,44.0,60.0,1333,65.22,17018368346618
614.0,3,43.73,61.0,66.0,66.0,46.0,63.0,1472,67.55,17093487491943
619.0,0,0.00,56.0,60.0,60.0,43.0,58.0,1280,52.01,34081367778686
619.0,1,0.00,55.0,62.0,62.0,42.0,56.0,1258,57.47,18298979734924
619.0,2,0.00,58.0,64.0,64.0,44.0,60.0,1333,55.31,17018681966430
619.0,3,0.00,61.0,66.0,66.0,46.0,62.0,1448,56.93,17093810267395
625.0,0,0.00,56.0,60.0,60.0,43.0,58.0,1207,51.86,34081661831970
625.0,1,0.00,55.0,62.0,62.0,42.0,56.0,1260,57.17,18299303877868
625.0,2,0.00,58.0,64.0,64.0,44.0,60.0,1356,55.37,17018995892883
625.0,3,0.00,60.0,66.0,66.0,46.0,61.0,1421,56.43,17094129645141
630.0,0,64.14,59.0,60.0,60.0,44.0,60.0,1261,81.56,34082124266113
630.0,1,0.00,55.0,62.0,62.0,42.0,56.0,1249,57.21,18299628277648
631.0,2,0.00,58.0,64.0,64.0,44.0,59.0,1354,54.93,17019307336364
631.0,3,0.00,60.0,66.0,66.0,45.0,61.0,1416,56.20,17094448859680
636.0,0,100.00,60.0,64.0,64.0,45.0,62.0,1247,146.37,34082954159973
636.0,1,0.00,55.0,62.0,62.0,42.0,56.0,1247,57.09,18299952540649
636.0,2,0.00,58.0,64.0,64.0,44.0,59.0,1342,55.47,17019622414306
636.0,3,0.00,60.0,66.0,66.0,45.0,61.0,1406,57.60,17094776043762
642.0,0,,62.0,64.0,66.0,47.0,63.0,1300,146.20,34083784599060
642.0,1,0.00,55.0,62.0,62.0,41.0,56.0,1258,57.20,18300277444519
642.0,2,0.00,58.0,64.0,64.0,44.0,60.0,1353,55.56,17019937988220
642.0,3,0.00,60.0,66.0,66.0,45.0,61.0,1373,56.64,17095097743591
647.0,0,98.51,63.0,66.0,66.0,48.0,65.0,1364,154.73,34084663490051
647.0,1,0.00,55.0,62.0,62.0,42.0,56.0,1195,57.01,18300600671569
648.0,2,0.00,58.0,64.0,64.0,44.0,60.0,1332,55.30,17020251540466
648.0,3,0.00,60.0,66.0,66.0,45.0,61.0,1364,56.50,17095418648254
653.0,0,100.00,64.0,68.0,68.0,48.0,65.0,1416,147.03,34085498627563
653.0,1,0.00,55.0,62.0,62.0,42.0,56.0,1194,57.04,18300924674926
653.0,2,0.00,58.0,64.0,64.0,44.0,59.0,1289,55.27,17020566021423
653.0,3,0.00,59.0,66.0,66.0,45.0,61.0,1374,56.40,17095739004760
659.0,0,100.00,65.0,70.0,68.0,49.0,66.0,1437,147.45,34086336153503
659.0,1,0.00,55.0,62.0,62.0,42.0,56.0,1195,57.09,18301248974060
659.0,2,0.00,58.0,64.0,64.0,44.0,59.0,1300,55.65,17020881584167
659.0,3,0.00,59.0,66.0,66.0,45.0,60.0,1373,56.49,17096059895385
664.0,0,99.28,66.0,70.0,70.0,50.0,67.0,1480,156.22,34087223458251
664.0,1,0.00,55.0,62.0,62.0,41.0,56.0,1206,56.95,18301572437133
665.0,2,0.00,58.0,64.0,64.0,44.0,60.0,1300,55.58,17021197259094
665.0,3,0.00,59.0,66.0,66.0,45.0,60.0,1365,56.63,17096381010925
670.0,0,,66.0,70.0,70.0,50.0,68.0,1639,148.80,34088067135864
670.0,1,0.00,55.0,62.0,62.0,42.0,56.0,1174,57.10,18301896180297
670.0,2,0.00,58.0,64.0,64.0,44.0,59.0,1280,55.41,17021511415100
670.0,3,0.00,59.0,66.0,66.0,45.0,60.0,1374,56.27,17096700644165
676.0,0,100.00,67.0,72.0,72.0,50.0,68.0,1786,148.89,34088912810241
676.0,1,0.00,55.0,62.0,62.0,41.0,56.0,1247,57.11,18302220587402
676.0,2,0.00,58.0,64.0,64.0,44.0,59.0,1312,55.47,17021826495422
676.0,3,0.00,59.0,66.0,66.0,45.0,60.0,1375,56.51,17097021052062
681.0,0,99.61,67.0,72.0,72.0,51.0,69.0,1874,156.96,34089802799743
681.0,1,0.00,55.0,62.0,62.0,42.0,56.0,1197,57.24,18302545156127
682.0,2,0.00,58.0,64.0,64.0,44.0,60.0,1302,55.62,17022141887512
682.0,3,0.00,59.0,66.0,66.0,45.0,60.0,1355,56.58,17097341839294
687.0,0,,67.0,72.0,72.0,50.0,68.0,1948,149.55,34090650775695
687.0,1,0.00,55.0,62.0,62.0,42.0,56.0,1228,56.93,18302867928039
687.0,2,0.00,58.0,64.0,64.0,44.0,60.0,1292,55.29,17022455376586
687.0,3,0.00,59.0,66.0,66.0,45.0,60.0,1355,56.28,17097660958679
693.0,0,,67.0,72.0,74.0,51.0,69.0,1892,149.87,34091500528015
693.0,1,0.00,55.0,62.0,62.0,41.0,56.0,1205,57.03,18303191869201
693.0,2,0.00,58.0,64.0,64.0,44.0,59.0,1311,55.32,17022769591552
693.0,3,0.00,59.0,66.0,66.0,44.0,60.0,1363,56.45,17097981607055
698.0,0,99.38,67.0,72.0,72.0,51.0,69.0,1882,157.58,34092395602783
699.0,1,0.00,55.0,62.0,62.0,41.0,56.0,1217,57.24,18303516440185
699.0,2,0.00,58.0,64.0,64.0,44.0,60.0,1301,55.53,17023084442871
699.0,3,0.00,59.0,66.0,66.0,45.0,60.0,1364,56.46,17098302293334
704.0,0,100.00,67.0,74.0,74.0,51.0,69.0,2043,149.49,34093243202697
704.0,1,0.00,55.0,62.0,62.0,41.0,56.0,1227,57.01,18303839706054
704.0,2,0.00,58.0,64.0,64.0,44.0,60.0,1301,55.55,17023399973693
704.0,3,0.00,59.0,66.0,66.0,45.0,60.0,1365,56.65,17098623511108
710.0,0,,67.0,74.0,74.0,51.0,69.0,2084,149.48,34094090781005
710.0,1,0.00,55.0,62.0,62.0,42.0,56.0,1207,56.94,18304163134338
710.0,2,0.00,58.0,64.0,64.0,44.0,59.0,1302,55.38,17023713996032
710.0,3,0.00,59.0,66.0,66.0,45.0,60.0,1376,56.28,17098942606445
715.0,0,99.91,67.0,74.0,74.0,51.0,69.0,2095,157.95,34094987953369
716.0,1,0.00,55.0,62.0,62.0,42.0,56.0,1184,57.22,18304487579101
716.0,2,0.00,58.0,64.0,64.0,44.0,59.0,1311,55.59,17024029197387
716.0,3,0.00,59.0,66.0,66.0,44.0,60.0,1363,56.51,17099263595397
721.0,0,100.00,67.0,74.0,74.0,51.0,68.0,2104,149.73,34095836894714
721.0,1,0.00,55.0,62.0,62.0,41.0,56.0,1227,57.09,18304811841308
721.0,2,0.00,58.0,64.0,64.0,44.0,59.0,1291,55.51,17024344476684
722.0,3,0.00,59.0,66.0,66.0,44.0,60.0,1376,56.61,17099584571044
727.0,0,,67.0,74.0,74.0,51.0,69.0,2095,149.86,34096686598449
727.0,1,0.00,55.0,62.0,62.0,42.0,56.0,1195,56.92,18305134562255
727.0,2,0.00,58.0,64.0,64.0,44.0,60.0,1300,55.64,17024659946655
727.0,3,0.00,59.0,66.0,66.0,45.0,60.0,1374,56.15,17099903525329
732.0,0,99.52,68.0,74.0,74.0,51.0,69.0,1954,157.49,34097582695983
733.0,1,0.00,55.0,62.0,62.0,42.0,56.0,1205,57.02,18305458428039
733.0,2,0.00,58.0,64.0,64.0,44.0,59.0,1322,55.40,17024974640625
733.0,3,0.00,59.0,66.0,66.0,44.0,60.0,1332,56.52,17100224004943
738.0,0,,67.0,74.0,74.0,51.0,69.0,2063,150.16,34098434118652
738.0,1,0.00,55.0,62.0,62.0,41.0,56.0,1195,57.09,18305782699707
738.0,2,0.00,58.0,64.0,64.0,44.0,59.0,1290,55.35,17025289035217
739.0,3,0.00,59.0,66.0,66.0,44.0,60.0,1363,56.45,17100544619018
744.0,0,100.00,67.0,74.0,74.0,51.0,69.0,2094,148.84,34099279528503
744.0,1,0.00,55.0,62.0,62.0,42.0,56.0,1206,57.18,18306106921081
744.0,2,0.00,58.0,64.0,64.0,44.0,59.0,1312,55.63,17025604459655
744.0,3,0.00,59.0,66.0,66.0,45.0,60.0,1375,56.50,17100864981750
749.0,0,99.34,67.0,74.0,74.0,51.0,69.0,2094,158.05,34100175650390
750.0,1,0.00,55.0,62.0,62.0,42.0,56.0,1206,57.11,18306430712097
750.0,2,0.00,58.0,64.0,64.0,44.0,59.0,1323,55.31,17025918616088
750.0,3,0.00,59.0,66.0,66.0,45.0,60.0,1355,56.19,17101184154113
755.0,0,100.00,67.0,76.0,76.0,51.0,69.0,2095,150.01,34101027703857
755.0,1,0.00,55.0,62.0,62.0,42.0,56.0,1195,57.08,18306754930053
755.0,2,0.00,58.0,64.0,64.0,44.0,59.0,1280,55.46,17026233080383
756.0,3,0.00,59.0,66.0,66.0,45.0,60.0,1354,56.51,17101504583496
761.0,0,,67.0,76.0,76.0,51.0,69.0,2093,150.33,34101880079223
761.0,1,0.00,55.0,62.0,62.0,41.0,56.0,1195,57.18,18307079158203
761.0,2,0.00,58.0,64.0,64.0,44.0,59.0,1311,55.45,17026548053466
761.0,3,0.00,59.0,66.0,66.0,45.0,60.0,1353,56.61,17101826153869
766.0,0,99.46,67.0,74.0,76.0,51.0,69.0,2094,157.60,34102775244201
767.0,1,0.00,55.0,62.0,62.0,41.0,56.0,1205,56.90,18307402328308
767.0,2,0.00,58.0,64.0,64.0,44.0,59.0,1300,55.74,17026864098999
767.0,3,0.00,59.0,66.0,66.0,44.0,60.0,1353,56.63,17102147797058
772.0,0,100.00,67.0,74.0,76.0,51.0,69.0,2103,147.83,34103614918457
772.0,1,0.00,55.0,62.0,62.0,41.0,56.0,1195,56.92,18307725646484
772.0,2,0.00,58.0,64.0,64.0,44.0,60.0,1301,55.29,17027178174438
773.0,3,0.00,59.0,66.0,66.0,45.0,60.0,1375,56.22,17102466549743
778.0,0,,67.0,76.0,76.0,51.0,68.0,2093,148.21,34104455283264
778.0,1,0.00,55.0,62.0,62.0,41.0,56.0,1205,57.11,18308050040527
778.0,2,0.00,58.0,64.0,64.0,44.0,60.0,1300,55.35,17027492585998
778.0,3,0.00,59.0,66.0,66.0,44.0,60.0,1353,56.49,17102787398254
783.0,0,99.32,67.0,76.0,76.0,51.0,69.0,2095,155.69,34105339595642
784.0,1,0.00,55.0,62.0,62.0,42.0,56.0,1207,57.22,18308374488769
784.0,2,0.00,58.0,64.0,64.0,44.0,59.0,1303,55.50,17027807280151
784.0,3,0.00,59.0,66.0,66.0,44.0,60.0,1345,56.59,17103108287353
789.0,0,100.00,67.0,76.0,76.0,51.0,69.0,2095,149.02,34106184520812
789.0,1,0.00,55.0,62.0,62.0,41.0,56.0,1195,57.04,18308697888549
789.0,2,0.00,58.0,64.0,64.0,44.0,59.0,1301,55.76,17028123460876
790.0,3,0.00,59.0,66.0,66.0,45.0,60.0,1343,56.31,17103428113708
795.0,0,,67.0,76.0,76.0,51.0,69.0,2092,149.30,34107032557861
795.0,1,0.00,55.0,62.0,62.0,41.0,56.0,1216,57.03,18309021830932
795.0,2,0.00,58.0,64.0,64.0,44.0,59.0,1300,55.43,17028438275146
795.0,3,0.00,59.0,66.0,66.0,44.0,60.0,1352,56.34,17103748146850
801.0,0,99.64,70.0,74.0,74.0,52.0,70.0,2104,154.76,34107910065246
801.0,1,0.00,55.0,62.0,62.0,42.0,56.0,1206,57.24,18309346386169
801.0,2,0.00,58.0,64.0,64.0,44.0,59.0,1302,55.49,17028752896179
801.0,3,0.00,59.0,66.0,66.0,45.0,60.0,1365,56.57,17104068884338
806.0,0,,67.0,76.0,76.0,51.0,69.0,2095,151.24,34108769105957
806.0,1,0.00,55.0,62.0,62.0,41.0,56.0,1184,56.83,18309669179565
806.0,2,0.00,58.0,64.0,64.0,44.0,59.0,1322,55.64,17029068922729
807.0,3,0.00,59.0,66.0,66.0,45.0,61.0,1365,56.61,17104389885009
812.0,0,100.00,67.0,76.0,76.0,51.0,69.0,2093,149.31,34109615703918
812.0,1,0.00,55.0,62.0,62.0,42.0,56.0,1206,56.92,18309992467712
812.0,2,0.00,58.0,64.0,64.0,44.0,60.0,1300,55.27,17029382878784
812.0,3,0.00,59.0,66.0,66.0,45.0,60.0,1374,56.31,17104709724548
818.0,0,99.38,67.0,76.0,76.0,51.0,69.0,2094,157.16,34110508383605
818.0,1,0.00,55.0,62.0,62.0,41.0,56.0,1216,57.13,18310316389404
818.0,2,0.00,58.0,64.0,64.0,44.0,60.0,1301,55.48,17029698012023
818.0,3,0.00,59.0,66.0,66.0,45.0,61.0,1354,56.43,17105030227539
823.0,0,,67.0,76.0,76.0,51.0,69.0,2093,149.08,34111355170898
823.0,1,0.00,55.0,62.0,62.0,41.0,56.0,1195,57.18,18310641154541
824.0,2,0.00,58.0,64.0,64.0,44.0,60.0,1300,55.66,17030013614318
824.0,3,0.00,59.0,66.0,66.0,45.0,60.0,1374,56.36,17105350368103
829.0,0,100.00,67.0,76.0,76.0,51.0,69.0,2103,149.55,34112203115539
829.0,1,0.00,55.0,62.0,62.0,41.0,56.0,1206,56.88,18310964217407
829.0,2,0.00,58.0,64.0,64.0,44.0,59.0,1300,55.55,17030329164123
829.0,3,0.00,59.0,66.0,66.0,45.0,60.0,1374,56.28,17105669499328
835.0,0,99.32,70.0,74.0,74.0,52.0,70.0,2092,155.49,34113086274475
835.0,1,0.00,55.0,62.0,62.0,41.0,56.0,1215,57.03,18311288159545
835.0,2,0.00,58.0,64.0,64.0,44.0,59.0,1300,55.38,17030643719909
835.0,3,0.00,59.0,66.0,66.0,45.0,60.0,1364,56.42,17105989967529
840.0,0,100.00,67.0,76.0,76.0,51.0,69.0,2105,150.51,34113941147949
840.0,1,0.00,55.0,62.0,62.0,41.0,56.0,1195,57.25,18311612742248
841.0,2,0.00,58.0,64.0,64.0,44.0,60.0,1312,55.63,17030959122436
841.0,3,0.00,59.0,66.0,66.0,44.0,60.0,1365,56.61,17106310964965
846.0,0,,67.0,76.0,76.0,51.0,69.0,2093,149.35,34114789451049
846.0,1,0.00,55.0,62.0,62.0,41.0,56.0,1205,57.09,18311937036621
846.0,2,0.00,58.0,64.0,64.0,44.0,59.0,1290,55.43,17031273967407
846.0,3,0.00,59.0,66.0,66.0,45.0,60.0,1353,56.52,17106631984313
852.0,0,99.47,70.0,74.0,74.0,52.0,70.0,2094,156.97,34115679452087
852.0,1,0.00,55.0,62.0,62.0,42.0,56.0,1185,57.00,18312260229797
852.0,2,0.00,58.0,64.0,64.0,44.0,59.0,1312,55.43,17031588279296
852.0,3,0.00,59.0,66.0,66.0,44.0,60.0,1363,56.33,17106951954895
857.0,0,,67.0,76.0,76.0,51.0,69.0,2103,149.08,34116526247070
857.0,1,0.00,55.0,62.0,62.0,41.0,56.0,1184,57.04,18312584220153
858.0,2,0.00,58.0,64.0,64.0,44.0,60.0,1300,55.44,17031903186157
858.0,3,0.00,59.0,66.0,66.0,45.0,60.0,1364,56.44,17107272528259
863.0,0,,67.0,76.0,76.0,51.0,69.0,2092,147.81,34117365822448
863.0,1,0.00,55.0,62.0,62.0,42.0,56.0,1204,57.14,18312908800598
863.0,2,0.00,58.0,64.0,64.0,44.0,60.0,1300,55.54,17032218656494
863.0,3,0.00,59.0,66.0,66.0,45.0,60.0,1375,56.59,17107593386047
869.0,0,99.51,70.0,74.0,74.0,51.0,70.0,2095,155.57,34118247924804
869.0,1,0.00,55.0,62.0,62.0,41.0,56.0,1185,56.93,18313231595458
869.0,2,0.00,58.0,64.0,64.0,44.0,59.0,1301,55.48,17032533789978
869.0,3,0.00,59.0,66.0,66.0,45.0,61.0,1343,56.54,17107914560974
874.0,0,100.00,67.0,76.0,76.0,51.0,69.0,2103,150.11,34119100530456
874.0,1,0.00,55.0,62.0,62.0,41.0,56.0,1215,57.03,18313555547119
875.0,2,0.00,58.0,64.0,64.0,44.0,60.0,1310,55.41,17032848490478
875.0,3,0.00,59.0,66.0,66.0,45.0,60.0,1373,56.36,17108234680541
880.0,0,,67.0,76.0,76.0,51.0,69.0,2092,149.46,34119949436950
880.0,1,0.00,55.0,62.0,62.0,41.0,56.0,1195,57.10,18313879894287
880.0,2,0.00,58.0,64.0,64.0,44.0,60.0,1301,55.55,17033163476074
880.0,3,0.00,59.0,66.0,66.0,45.0,60.0,1354,56.52,17108555732543
886.0,0,,71.0,76.0,76.0,52.0,70.0,2094,149.59,34120797623046
886.0,1,0.00,55.0,62.0,62.0,42.0,56.0,1206,57.17,18314204046813
886.0,2,0.00,58.0,64.0,64.0,44.0,60.0,1301,55.60,17033478712402
886.0,3,0.00,59.0,66.0,66.0,45.0,60.0,1344,56.56,17108876404846
891.0,0,100.00,67.0,76.0,76.0,51.0,69.0,2104,156.03,34121683883300
891.0,1,0.00,55.0,62.0,62.0,41.0,56.0,1205,56.81,18314526736511
892.0,2,0.00,58.0,64.0,64.0,44.0,60.0,1321,55.27,17033793220153
892.0,3,0.00,59.0,66.0,66.0,45.0,60.0,1363,56.40,17109196740417
897.0,0,,67.0,76.0,76.0,51.0,69.0,2094,148.11,34122523661132
897.0,1,0.00,54.0,62.0,62.0,41.0,56.0,1195,56.93,18314850120605
897.0,2,0.00,58.0,64.0,64.0,44.0,60.0,1301,55.49,17034107875793
897.0,3,0.00,59.0,66.0,66.0,45.0,60.0,1375,56.46,17109516865661
903.0,0,99.78,71.0,76.0,76.0,52.0,70.0,2093,150.11,34123376312988
903.0,1,0.00,55.0,62.0,62.0,41.0,56.0,1216,57.05,18315174181274
903.0,2,0.00,58.0,64.0,64.0,44.0,59.0,1310,55.51,17034423156005
903.0,3,0.00,59.0,66.0,66.0,45.0,60.0,1373,56.50,17109837808776
908.0,0,,67.0,76.0,76.0,51.0,69.0,2100,154.36,34124254600341
909.0,1,0.00,55.0,62.0,62.0,41.0,56.0,1204,56.95,18315497669494
909.0,2,0.00,58.0,64.0,64.0,44.0,60.0,1310,55.56,17034738708862
909.0,3,0.00,59.0,66.0,66.0,45.0,60.0,1342,56.57,17110159137878
914.0,0,,67.0,76.0,76.0,51.0,69.0,2094,148.07,34125094132080
914.0,1,0.00,55.0,62.0,62.0,41.0,56.0,1185,56.93,18315821015747
914.0,2,0.00,58.0,64.0,64.0,44.0,59.0,1290,55.38,17035053266296
915.0,3,0.00,59.0,66.0,66.0,45.0,60.0,1375,56.33,17110479117065
920.0,0,,67.0,76.0,76.0,51.0,69.0,2104,148.21,34125935974365
920.0,1,0.00,55.0,62.0,62.0,41.0,56.0,1206,57.14,18316144995666
920.0,2,0.00,58.0,64.0,64.0,44.0,60.0,1301,55.52,17035368070373
920.0,3,0.00,59.0,66.0,66.0,44.0,60.0,1386,56.51,17110800076416
925.0,0,0.00,64.0,76.0,76.0,49.0,66.0,2030,77.69,34126377268005
926.0,1,0.00,55.0,62.0,62.0,41.0,56.0,1195,57.46,18316471362915
926.0,2,0.00,58.0,64.0,64.0,44.0,59.0,1311,55.39,17035682688476
926.0,3,0.00,59.0,66.0,66.0,45.0,60.0,1364,56.78,17111122028747
931.0,0,0.00,63.0,76.0,76.0,48.0,65.0,1608,58.62,34126709622558
931.0,1,0.00,55.0,62.0,62.0,42.0,56.0,1195,56.90,18316794552917
931.0,2,0.00,58.0,64.0,64.0,44.0,59.0,1300,55.29,17035996753601
932.0,3,0.00,59.0,66.0,66.0,44.0,60.0,1364,55.97,17111439946533
937.0,0,100.00,66.0,72.0,72.0,50.0,67.0,1501,117.99,34127379788452
937.0,1,0.00,55.0,62.0,62.0,41.0,56.0,1216,56.97,18317117578918
937.0,2,0.00,58.0,64.0,64.0,44.0,59.0,1301,55.25,17036310048400
937.0,3,0.00,59.0,66.0,66.0,44.0,60.0,1344,56.18,17111758486389
942.0,0,,67.0,72.0,72.0,50.0,68.0,1618,148.37,34128221032531
943.0,1,0.00,55.0,62.0,62.0,41.0,56.0,1185,57.06,18317441690307
943.0,2,0.00,58.0,64.0,64.0,44.0,59.0,1311,55.45,17036624978027
943.0,3,0.00,59.0,66.0,66.0,44.0,60.0,1343,56.39,17112078786865
948.0,0,100.00,67.0,74.0,74.0,51.0,69.0,1840,148.60,34129065059326
948.0,1,0.00,55.0,62.0,62.0,41.0,56.0,1185,57.29,18317766526123
948.0,2,0.00,58.0,64.0,64.0,44.0,59.0,1301,55.59,17036940187622
949.0,3,0.00,59.0,66.0,66.0,44.0,60.0,1353,56.54,17112399940673
954.0,0,,67.0,74.0,74.0,51.0,69.0,1956,156.74,34129953773498
954.0,1,0.00,55.0,62.0,62.0,41.0,56.0,1206,56.90,18318089705322
954.0,2,0.00,58.0,64.0,64.0,44.0,60.0,1301,55.24,17037253973815
954.0,3,0.00,59.0,66.0,66.0,44.0,60.0,1355,56.32,17112719297241
959.0,0,100.00,68.0,74.0,74.0,51.0,69.0,2083,148.37,34130796537780
960.0,1,0.00,55.0,62.0,62.0,41.0,56.0,1205,57.09,18318413990783
960.0,2,0.00,58.0,64.0,64.0,44.0,59.0,1311,55.41,17037568680297
960.0,3,0.00,59.0,66.0,66.0,44.0,60.0,1342,56.32,17113039218444
965.0,0,,67.0,74.0,74.0,51.0,69.0,2094,149.24,34131644192810
965.0,1,0.00,55.0,62.0,62.0,41.0,56.0,1195,57.26,18318738668334
965.0,2,0.00,58.0,64.0,64.0,44.0,60.0,1300,55.52,17037884008056
966.0,3,0.00,59.0,66.0,66.0,44.0,60.0,1352,56.44,17113359811401
971.0,0,,67.0,74.0,74.0,51.0,69.0,2090,157.53,34132538948730
971.0,1,0.00,55.0,62.0,62.0,42.0,56.0,1214,56.79,18319061790832
971.0,2,0.00,58.0,64.0,64.0,44.0,59.0,1299,55.56,17038199599121
971.0,3,0.00,59.0,66.0,66.0,44.0,60.0,1352,56.43,17113680320678
976.0,0,,67.0,74.0,76.0,51.0,69.0,2103,149.43,34133387711914
977.0,1,0.00,55.0,62.0,62.0,41.0,56.0,1205,57.00,18319385005432
977.0,2,0.00,58.0,64.0,64.0,44.0,59.0,1310,55.39,17038514203796
977.0,3,0.00,59.0,66.0,66.0,44.0,60.0,1342,56.37,17114000484985
982.0,0,100.00,67.0,76.0,74.0,51.0,69.0,2092,149.48,34134236742309
982.0,1,0.00,55.0,62.0,62.0,41.0,56.0,1195,57.14,18319709539428
982.0,2,0.00,58.0,64.0,64.0,44.0,59.0,1300,55.51,17038829521362
983.0,3,0.00,59.0,66.0,66.0,44.0,60.0,1353,56.51,17114321439147
988.0,0,,67.0,74.0,76.0,51.0,69.0,2102,157.24,34135129852233
988.0,1,0.00,55.0,62.0,62.0,42.0,56.0,1204,57.08,18320033738647
988.0,2,0.00,58.0,64.0,64.0,44.0,59.0,1310,55.64,17039145536743
988.0,3,0.00,59.0,66.0,66.0,45.0,60.0,1353,56.48,17114642238708
994.0,0,,67.0,76.0,76.0,51.0,69.0,2096,149.26,34135976135253
994.0,1,0.00,55.0,62.0,62.0,41.0,56.0,1208,56.95,18320356640441
994.0,2,0.00,58.0,64.0,64.0,44.0,59.0,1303,55.41,17039459163391
994.0,3,0.00,59.0,66.0,66.0,44.0,60.0,1356,56.33,17114961040161
999.0,0,,67.0,76.0,76.0,51.0,69.0,2092,149.28,34136824019653
999.0,1,0.00,55.0,62.0,62.0,41.0,56.0,1204,57.11,18320681016174
1000.0,2,0.00,58.0,64.0,64.0,44.0,59.0,1300,55.48,17039774303527
1000.0,3,0.00,59.0,66.0,66.0,45.0,60.0,1362,56.24,17115281063049
1005.0,0,,68.0,76.0,76.0,51.0,69.0,2104,156.66,34137713860656
1005.0,1,0.00,55.0,62.0,62.0,41.0,56.0,1206,57.15,18321005646789
1005.0,2,0.00,58.0,64.0,64.0,44.0,60.0,1301,55.47,17040089351074
1005.0,3,0.00,59.0,66.0,66.0,45.0,60.0,1354,56.64,17115602197082
1011.0,0,,67.0,76.0,76.0,51.0,69.0,2093,147.48,34138550048522
1011.0,1,0.00,55.0,62.0,62.0,41.0,56.0,1205,56.94,18321329087402
1011.0,2,0.00,58.0,64.0,64.0,44.0,59.0,1311,55.55,17040404898986
1011.0,3,0.00,59.0,66.0,66.0,45.0,60.0,1353,56.51,17115923176208
1016.0,0,,67.0,76.0,76.0,51.0,69.0,2094,147.45,34139387547546
1016.0,1,0.00,55.0,62.0,62.0,42.0,56.0,1195,57.00,18321652251342
1017.0,2,0.00,58.0,64.0,64.0,44.0,59.0,1311,55.33,17040718605712
1017.0,3,0.00,59.0,66.0,66.0,45.0,60.0,1374,56.32,17116243081909
1022.0,0,,67.0,76.0,76.0,51.0,69.0,2092,156.80,34140278147277
1022.0,1,0.00,55.0,62.0,62.0,41.0,56.0,1215,57.07,18321976419921
1022.0,2,0.00,58.0,64.0,64.0,44.0,60.0,1289,55.50,17041033844055
1022.0,3,0.00,59.0,66.0,66.0,44.0,60.0,1363,56.48,17116563897277
1028.0,0,100.00,67.0,76.0,76.0,51.0,69.0,2102,149.01,34141124499511
1028.0,1,0.00,55.0,62.0,62.0,41.0,56.0,1204,57.03,18322300937500
1028.0,2,0.00,58.0,64.0,64.0,44.0,59.0,1310,55.48,17041349502075
1028.0,3,0.00,59.0,66.0,66.0,45.0,60.0,1342,56.62,17116885481140
1033.0,0,100.00,67.0,76.0,76.0,51.0,69.0,2092,148.80,34141969675415
1033.0,1,0.00,55.0,62.0,62.0,41.0,56.0,1195,57.03,18322624297485
1034.0,2,0.00,58.0,64.0,64.0,44.0,60.0,1310,55.64,17041665518127
1034.0,3,0.00,59.0,66.0,66.0,45.0,60.0,1373,56.39,17117205800354
1039.0,0,99.53,68.0,76.0,76.0,51.0,69.0,2102,156.57,34142858975280
1039.0,1,0.00,55.0,62.0,62.0,41.0,56.0,1205,57.05,18322948332824
1039.0,2,0.00,58.0,64.0,64.0,44.0,59.0,1290,55.56,17041980518554
1039.0,3,0.00,59.0,66.0,66.0,44.0,60.0,1364,56.44,17117525813415
1045.0,0,,67.0,76.0,76.0,51.0,69.0,2094,147.26,34143695421020
1045.0,1,0.00,55.0,62.0,62.0,41.0,56.0,1215,57.15,18323272933288
1045.0,2,0.00,58.0,64.0,64.0,44.0,60.0,1310,55.44,17042295997741
1045.0,3,0.00,59.0,66.0,66.0,45.0,60.0,1342,56.51,17117847346923
1050.0,0,100.00,67.0,76.0,76.0,51.0,69.0,2093,147.56,34144532075073
1050.0,1,0.00,55.0,62.0,62.0,41.0,56.0,1196,57.00,18323596122863
1051.0,2,0.00,58.0,64.0,64.0,44.0,60.0,1301,55.60,17042611243041
1051.0,3,0.00,59.0,66.0,66.0,44.0,60.0,1376,56.51,17118167732421
1056.0,0,99.46,67.0,76.0,76.0,51.0,69.0,2095,155.63,34145416064636
1056.0,1,0.00,55.0,62.0,62.0,41.0,56.0,1206,56.88,18323919187683
1056.0,2,0.00,58.0,64.0,64.0,44.0,60.0,1301,55.33,17042924948791
1056.0,3,0.00,59.0,66.0,66.0,45.0,60.0,1354,56.37,17118487337036
1062.0,0,,67.0,76.0,76.0,51.0,69.0,2093,148.41,34146257562988
1062.0,1,0.00,54.0,62.0,62.0,41.0,56.0,1205,57.03,18324242553527
1062.0,2,0.00,58.0,64.0,64.0,44.0,60.0,1311,55.40,17043239645568
1062.0,3,0.00,59.0,66.0,66.0,45.0,60.0,1353,56.28,17118807003601
1067.0,0,,67.0,76.0,76.0,51.0,69.0,2103,147.28,34147094111083
1067.0,1,0.00,55.0,62.0,62.0,41.0,56.0,1215,57.06,18324567236633
1068.0,2,0.00,58.0,64.0,64.0,44.0,59.0,1310,55.56,17043555249877
1068.0,3,0.00,59.0,66.0,66.0,45.0,60.0,1373,56.50,17119127916931
1073.0,0,99.70,67.0,76.0,76.0,51.0,69.0,2092,154.86,34147973701232
1073.0,1,0.00,55.0,62.0,62.0,42.0,56.0,1184,56.93,18324890003479
1073.0,2,0.00,58.0,64.0,64.0,44.0,60.0,1290,55.59,17043870995910
1073.0,3,0.00,59.0,66.0,66.0,45.0,60.0,1364,56.08,17119446426757
1079.0,0,,67.0,76.0,76.0,51.0,69.0,2104,148.93,34148819596008
1079.0,1,0.00,55.0,62.0,62.0,41.0,56.0,1205,56.93,18325213920715
1079.0,2,0.00,58.0,64.0,64.0,44.0,60.0,1310,55.43,17044185849365
1079.0,3,0.00,59.0,66.0,66.0,45.0,60.0,1352,56.49,17119767283874
1084.0,0,,67.0,76.0,76.0,51.0,69.0,2101,149.49,34149668700866
1085.0,1,0.00,55.0,62.0,62.0,42.0,56.0,1205,57.20,18325538816833
1085.0,2,0.00,58.0,64.0,64.0,44.0,59.0,1310,55.52,17044501189514
1085.0,3,0.00,59.0,66.0,66.0,45.0,60.0,1341,56.56,17120088562377
1090.0,0,99.39,68.0,76.0,76.0,51.0,69.0,2092,157.24,34150561822265
1090.0,1,0.00,55.0,62.0,62.0,41.0,56.0,1195,57.32,18325863833374
1090.0,2,0.00,58.0,64.0,64.0,44.0,60.0,1290,55.64,17044817234130
1091.0,3,0.00,59.0,66.0,66.0,45.0,60.0,1364,56.61,17120410107299
1096.0,0,,68.0,76.0,76.0,51.0,69.0,2104,149.31,34151409896667
1096.0,1,0.00,55.0,62.0,62.0,41.0,56.0,1216,56.88,18326186891479
1096.0,2,0.00,58.0,64.0,64.0,44.0,59.0,1311,55.34,17045131560241
1096.0,3,0.00,59.0,66.0,66.0,44.0,60.0,1374,56.32,17120730002624
1101.0,0,100.00,67.0,76.0,76.0,51.0,69.0,2092,149.37,34152258320678
1102.0,1,0.00,55.0,62.0,62.0,41.0,56.0,1205,57.00,18326510667846
1102.0,2,0.00,58.0,64.0,64.0,44.0,59.0,1300,55.38,17045446112976
1102.0,3,0.00,59.0,66.0,66.0,45.0,60.0,1353,56.49,17121050855895
1107.0,0,99.44,67.0,76.0,76.0,51.0,69.0,2102,157.26,34153151544799
1107.0,1,0.00,55.0,62.0,62.0,41.0,56.0,1194,57.20,18326835580505
1107.0,2,0.00,58.0,64.0,64.0,44.0,60.0,1300,55.55,17045761664733
1108.0,3,0.00,59.0,66.0,66.0,45.0,60.0,1373,56.50,17121371793701
1113.0,0,,68.0,76.0,76.0,51.0,69.0,2091,148.29,34153993840087
1113.0,1,0.00,55.0,62.0,62.0,41.0,56.0,1215,56.81,18327158288513
1113.0,2,0.00,58.0,64.0,64.0,44.0,60.0,1300,55.50,17046076899169
1113.0,3,0.00,59.0,66.0,66.0,44.0,61.0,1374,56.55,17121693023620
1118.0,0,,67.0,76.0,76.0,51.0,69.0,2094,148.18,34154835504638
1119.0,1,0.00,55.0,62.0,62.0,41.0,56.0,1205,57.00,18327482076477
1119.0,2,0.00,58.0,64.0,64.0,44.0,60.0,1310,55.40,17046391547058
1119.0,3,0.00,59.0,66.0,66.0,44.0,60.0,1331,56.33,17122012982177
1124.0,0,99.75,68.0,76.0,76.0,51.0,69.0,2100,156.81,34155726161560
1124.0,1,0.00,55.0,62.0,62.0,42.0,56.0,1193,57.11,18327807045104
1124.0,2,0.00,58.0,64.0,64.0,44.0,59.0,1299,55.57,17046707197265
1125.0,3,0.00,59.0,66.0,66.0,44.0,60.0,1363,56.57,17122334326416
1130.0,0,,67.0,76.0,76.0,51.0,69.0,2094,149.38,34156574655273
1130.0,1,0.00,55.0,62.0,62.0,41.0,56.0,1217,57.22,18328131456420
1130.0,2,0.00,58.0,64.0,64.0,44.0,59.0,1301,55.62,17047022542785
1130.0,3,0.00,59.0,66.0,66.0,45.0,60.0,1375,56.43,17122654865905
1135.0,0,,68.0,76.0,76.0,51.0,69.0,2102,149.57,34157424220520
1136.0,1,0.00,55.0,62.0,62.0,41.0,56.0,1204,56.99,18328455177917
1136.0,2,0.00,58.0,64.0,64.0,44.0,60.0,1310,55.22,17047336732971
1136.0,3,0.00,59.0,66.0,66.0,45.0,60.0,1363,56.42,17122975318115
1141.0,0,99.82,70.0,74.0,74.0,52.0,70.0,2092,156.82,34158314954162
1141.0,1,0.00,55.0,62.0,62.0,42.0,56.0,1195,56.98,18328778809509
1141.0,2,0.00,58.0,64.0,64.0,44.0,59.0,1300,55.46,17047651195007
1142.0,3,0.00,59.0,66.0,66.0,45.0,60.0,1373,56.29,17123295049804
1147.0,0,,67.0,76.0,76.0,51.0,69.0,2135,149.03,34159161441101
1147.0,1,0.00,55.0,62.0,62.0,41.0,56.0,1205,57.01,18329102618652
1147.0,2,0.00,58.0,64.0,64.0,44.0,59.0,1301,55.55,17047966722839
1147.0,3,0.00,59.0,66.0,66.0,45.0,60.0,1354,56.50,17123615392944
1153.0,0,,67.0,76.0,76.0,51.0,69.0,2094,148.22,34160001856079
1153.0,1,0.00,55.0,62.0,62.0,41.0,56.0,1216,56.85,18329425551269
1153.0,2,0.00,58.0,64.0,64.0,44.0,59.0,1310,55.55,17048282263916
1153.0,3,0.00,59.0,66.0,66.0,44.0,60.0,1364,56.64,17123937084777
1158.0,0,99.85,70.0,74.0,74.0,52.0,70.0,2093,156.28,34160889514465
1158.0,1,0.00,55.0,62.0,62.0,41.0,56.0,1184,56.91,18329748802429
1159.0,2,0.00,58.0,64.0,64.0,44.0,59.0,1300,55.29,17048596326110
1159.0,3,0.00,59.0,66.0,66.0,44.0,60.0,1373,56.37,17124257293579
1164.0,0,,68.0,76.0,76.0,51.0,69.0,2102,148.26,34161731655029
1164.0,1,0.00,55.0,62.0,62.0,41.0,56.0,1204,57.15,18330073408813
1164.0,2,0.00,58.0,64.0,64.0,44.0,59.0,1309,55.51,17048912164794
1164.0,3,0.00,59.0,66.0,66.0,44.0,60.0,1371,56.44,17124578427917
1170.0,0,,67.0,76.0,76.0,51.0,69.0,2101,148.07,34162574167663
1170.0,1,0.00,55.0,62.0,62.0,41.0,56.0,1205,57.19,18330398257324
1170.0,2,0.00,58.0,64.0,64.0,44.0,59.0,1311,55.66,17049227749450
1170.0,3,0.00,59.0,66.0,66.0,45.0,60.0,1354,56.42,17124898899841
1175.0,0,99.79,69.0,76.0,74.0,51.0,70.0,2093,156.35,34163462234680
1175.0,1,0.00,55.0,62.0,62.0,41.0,56.0,1184,56.97,18330721841857
1176.0,2,0.00,58.0,64.0,64.0,44.0,59.0,1301,55.24,17049541489562
1176.0,3,0.00,59.0,66.0,66.0,44.0,60.0,1375,56.24,17125217801818
1181.0,0,100.00,67.0,76.0,76.0,51.0,69.0,2093,149.38,34164309247436
1181.0,1,0.00,55.0,62.0,62.0,42.0,56.0,1205,57.00,18331045629821
1181.0,2,0.00,58.0,64.0,64.0,44.0,60.0,1299,55.39,17049856110717
1181.0,3,0.00,59.0,66.0,66.0,45.0,60.0,1373,56.49,17125538690490
1187.0,0,,68.0,76.0,76.0,51.0,69.0,2102,149.17,34165158000549
1187.0,1,0.00,55.0,62.0,62.0,41.0,56.0,1194,57.14,18331370181091
1187.0,2,0.00,58.0,64.0,64.0,44.0,60.0,1310,55.49,17050171306030
1187.0,3,0.00,59.0,66.0,66.0,44.0,61.0,1342,56.43,17125859190307
1192.0,0,,71.0,76.0,76.0,52.0,70.0,2094,150.69,34166012436035
1192.0,1,0.00,55.0,62.0,62.0,41.0,56.0,1184,56.90,18331693388427
1193.0,2,0.00,58.0,64.0,64.0,44.0,59.0,1301,55.48,17050486458007
1193.0,3,0.00,59.0,66.0,66.0,45.0,60.0,1365,56.36,17126179328369
1198.0,0,,68.0,76.0,76.0,51.0,69.0,2103,154.73,34166891293457
1198.0,1,0.00,55.0,60.0,60.0,41.0,56.0,1205,56.96,18332016375000
1198.0,2,0.00,58.0,64.0,64.0,44.0,60.0,1300,55.34,17050800803894
1198.0,3,0.00,59.0,66.0,66.0,45.0,60.0,1352,56.37,17126499505187
1204.0,0,,67.0,76.0,76.0,51.0,69.0,2092,148.36,34167733950683
1204.0,1,0.00,55.0,60.0,60.0,41.0,56.0,1205,57.09,18332340643310
1204.0,2,0.00,58.0,64.0,64.0,44.0,59.0,1301,55.58,17051115929565
1204.0,3,0.00,59.0,66.0,66.0,45.0,60.0,1343,56.50,17126820403198
1209.0,0,99.86,70.0,76.0,76.0,52.0,70.0,2103,151.47,34168594286560
1209.0,1,0.00,55.0,60.0,60.0,41.0,56.0,1194,57.22,18332665625549
1210.0,2,0.00,58.0,64.0,64.0,44.0,60.0,1310,55.42,17051431276428
1210.0,3,0.00,59.0,66.0,66.0,45.0,60.0,1363,56.62,17127141996093
1215.0,0,,67.0,76.0,76.0,51.0,69.0,2094,153.06,34169463641479
1215.0,1,0.00,55.0,60.0,60.0,41.0,56.0,1206,56.82,18332988352722
1215.0,2,0.00,58.0,64.0,64.0,44.0,60.0,1279,55.69,17051747066650
1215.0,3,0.00,59.0,66.0,66.0,44.0,60.0,1375,56.42,17127461881103
1221.0,0,,67.0,76.0,76.0,51.0,69.0,2092,148.07,34170304654357
1221.0,1,0.00,55.0,60.0,60.0,41.0,56.0,1215,57.00,18333312128845
1221.0,2,0.00,58.0,64.0,64.0,44.0,59.0,1310,55.45,17052061996215
1221.0,3,0.00,59.0,66.0,66.0,45.0,60.0,1362,56.40,17127782807617
1226.0,0,,67.0,76.0,76.0,51.0,69.0,2101,148.40,34171147583984
1227.0,1,0.00,55.0,60.0,60.0,41.0,56.0,1215,57.17,18333636830261
1227.0,2,0.00,58.0,64.0,64.0,44.0,59.0,1311,55.48,17052377100891
1227.0,3,0.00,59.0,66.0,66.0,44.0,60.0,1373,56.59,17128104235778
1232.0,0,0.00,64.0,76.0,76.0,49.0,66.0,2071,69.53,34171542496520
1232.0,1,0.00,55.0,60.0,60.0,41.0,56.0,1194,56.81,18333959506042
1232.0,2,0.00,58.0,64.0,64.0,44.0,60.0,1299,55.25,17052691466918
1233.0,3,0.00,59.0,66.0,66.0,45.0,60.0,1374,55.82,17128421266906
1238.0,0,0.00,63.0,76.0,76.0,48.0,65.0,1607,58.58,34171875205078
1238.0,1,0.00,54.0,60.0,60.0,41.0,56.0,1206,57.04,18334283469177
1238.0,2,0.00,58.0,64.0,64.0,44.0,60.0,1301,55.15,17053004151367
1238.0,3,0.00,59.0,66.0,66.0,44.0,60.0,1354,56.18,17128739809997
1243.0,0,,66.0,72.0,72.0,50.0,67.0,1501,126.53,34172593917419
1244.0,1,0.00,55.0,60.0,60.0,41.0,56.0,1205,56.95,18334606971862
1244.0,2,0.00,58.0,64.0,64.0,44.0,59.0,1310,55.18,17053317546630
1244.0,3,0.00,59.0,66.0,66.0,44.0,61.0,1342,56.36,17129059914428
1249.0,0,,67.0,74.0,72.0,50.0,68.0,1639,148.85,34173437885559
1249.0,1,0.00,54.0,60.0,60.0,41.0,56.0,1184,57.20,18334931308044
1249.0,2,0.00,58.0,64.0,64.0,44.0,60.0,1300,55.53,17053632979919
1250.0,3,0.00,59.0,66.0,66.0,44.0,60.0,1354,56.36,17129380013244
1255.0,0,,67.0,74.0,74.0,51.0,69.0,1850,148.72,34174282597961
1255.0,1,0.00,55.0,60.0,60.0,41.0,56.0,1205,56.87,18335254320373
1255.0,2,0.00,58.0,64.0,64.0,44.0,59.0,1301,55.61,17053948304931
1255.0,3,0.00,59.0,66.0,66.0,45.0,60.0,1352,56.20,17129699254638
1260.0,0,,68.0,74.0,74.0,51.0,69.0,1943,156.95,34175174048217
1261.0,1,0.00,55.0,60.0,60.0,41.0,56.0,1194,57.04,18335578294494
1261.0,2,0.00,58.0,64.0,64.0,44.0,59.0,1309,55.34,17054263162292
1261.0,3,0.00,59.0,66.0,66.0,44.0,60.0,1342,56.39,17130019549743
1266.0,0,,67.0,74.0,74.0,51.0,69.0,2072,149.03,34176020528625
1266.0,1,0.00,55.0,60.0,60.0,41.0,56.0,1195,57.12,18335902725097
1266.0,2,0.00,58.0,64.0,64.0,44.0,60.0,1300,55.57,17054578257507
1267.0,3,0.00,59.0,66.0,66.0,45.0,60.0,1342,56.54,17130340700073
1272.0,0,,67.0,74.0,74.0,51.0,69.0,2092,149.14,34176867628479
1272.0,1,0.00,54.0,60.0,60.0,41.0,56.0,1214,57.14,18336227289184
1272.0,2,0.00,58.0,64.0,64.0,44.0,59.0,1309,55.41,17054893548706
1272.0,3,0.00,59.0,66.0,66.0,44.0,60.0,1352,56.40,17130661033447
1277.0,0,,67.0,74.0,74.0,51.0,69.0,2100,156.73,34177757859008
1278.0,1,0.00,55.0,60.0,60.0,41.0,56.0,1193,56.98,18336551477844
1278.0,2,0.00,58.0,64.0,64.0,44.0,59.0,1309,55.41,17055208254577
1278.0,3,0.00,59.0,66.0,66.0,45.0,60.0,1340,56.43,17130982129272
1283.0,0,,67.0,76.0,76.0,51.0,69.0,2101,147.67,34178598107910
1283.0,1,0.00,55.0,60.0,60.0,41.0,56.0,1173,57.01,18336875304077
1283.0,2,0.00,58.0,64.0,64.0,44.0,59.0,1300,55.29,17055522309814
1284.0,3,0.00,59.0,66.0,66.0,44.0,60.0,1353,56.42,17131302599548
1289.0,0,,67.0,76.0,76.0,51.0,69.0,2093,147.40,34179435342895
1289.0,1,0.00,55.0,60.0,60.0,41.0,56.0,1205,57.01,18337199134948
1289.0,2,0.00,58.0,64.0,64.0,44.0,59.0,1299,55.41,17055837617370
1289.0,3,0.00,59.0,66.0,66.0,44.0,60.0,1363,56.62,17131624214477
1295.0,0,,67.0,76.0,76.0,51.0,69.0,2102,156.54,34180324512084
1295.0,1,0.00,55.0,60.0,60.0,41.0,56.0,1215,56.91,18337522364013
1295.0,2,0.00,58.0,64.0,64.0,44.0,59.0,1300,55.70,17056153429870
1295.0,3,0.00,59.0,66.0,66.0,44.0,60.0,1364,56.52,17131945274353
1300.0,0,,67.0,76.0,76.0,51.0,69.0,2094,149.24,34181170703918
1300.0,1,0.00,55.0,60.0,60.0,41.0,56.0,1195,56.92,18337845682739
1301.0,2,0.00,58.0,64.0,64.0,44.0,60.0,1301,55.31,17056467604736
1301.0,3,0.00,59.0,66.0,66.0,44.0,60.0,1344,56.27,17132264308227
1306.0,0,,67.0,76.0,76.0,51.0,69.0,2095,148.91,34182016501342
1306.0,1,0.00,55.0,60.0,60.0,41.0,56.0,1207,57.06,18338169224731
1306.0,2,0.00,58.0,64.0,64.0,44.0,59.0,1303,55.46,17056782042053
1306.0,3,0.00,59.0,66.0,66.0,44.0,60.0,1344,56.50,17132584671264
1312.0,0,,68.0,76.0,76.0,51.0,70.0,2094,157.40,34182908967834
1312.0,1,0.00,55.0,60.0,60.0,41.0,56.0,1205,57.24,18338493787719
1312.0,2,0.00,58.0,64.0,64.0,44.0,60.0,1310,55.49,17057097208801
1312.0,3,0.00,59.0,66.0,66.0,44.0,60.0,1363,56.56,17132905950866
1317.0,0,,67.0,76.0,76.0,51.0,69.0,2103,149.36,34183757328979
1317.0,1,0.00,55.0,60.0,60.0,41.0,56.0,1194,56.88,18338816848999
1318.0,2,0.00,58.0,64.0,64.0,44.0,60.0,1300,55.29,17057411252258
1318.0,3,0.00,59.0,66.0,66.0,45.0,60.0,1374,56.27,17133225582519
1323.0,0,,67.0,76.0,76.0,51.0,69.0,2092,149.39,34184605858154
1323.0,1,0.00,55.0,60.0,60.0,41.0,56.0,1216,56.94,18339140280151
1323.0,2,0.00,58.0,64.0,64.0,44.0,59.0,1311,55.50,17057725957336
1323.0,3,0.00,59.0,66.0,66.0,44.0,60.0,1364,56.36,17133545731506
1329.0,0,,67.0,76.0,76.0,51.0,70.0,2093,157.41,34185499940917
1329.0,1,0.00,55.0,60.0,60.0,41.0,56.0,1205,57.14,18339464852722
1329.0,2,0.00,58.0,64.0,64.0,44.0,59.0,1300,55.41,17058040711669
1329.0,3,0.00,59.0,66.0,66.0,44.0,60.0,1332,56.72,17133867313293
1334.0,0,,67.0,76.0,76.0,51.0,69.0,2095,149.56,34186347922241
1334.0,1,0.00,55.0,60.0,60.0,41.0,56.0,1185,56.99,18339787976623
1335.0,2,0.00,58.0,64.0,64.0,44.0,59.0,1312,55.43,17058355533142
1335.0,3,0.00,59.0,66.0,66.0,44.0,60.0,1374,56.58,17134188688232
1340.0,0,,67.0,76.0,76.0,51.0,69.0,2102,149.55,34187197389831
1340.0,1,0.00,55.0,60.0,60.0,41.0,56.0,1205,56.94,18340111369934
1340.0,2,0.00,58.0,64.0,64.0,44.0,59.0,1289,55.28,17058669537963
1340.0,3,0.00,59.0,66.0,66.0,44.0,60.0,1373,56.38,17134508951904
1346.0,0,,68.0,76.0,76.0,51.0,69.0,2102,157.19,34188090217529
1346.0,1,0.00,55.0,60.0,60.0,41.0,56.0,1204,57.03,18340435895324
1346.0,2,0.00,58.0,64.0,64.0,44.0,59.0,1300,55.43,17058984365356
1346.0,3,0.00,59.0,66.0,66.0,44.0,60.0,1363,56.57,17134830289489
1351.0,0,,67.0,76.0,76.0,51.0,69.0,2103,148.13,34188931592529
1351.0,1,0.00,55.0,60.0,60.0,41.0,56.0,1195,57.28,18340760648986
1352.0,2,0.00,58.0,64.0,64.0,44.0,59.0,1311,55.64,17059299830322
1352.0,3,0.00,59.0,66.0,66.0,45.0,61.0,1344,56.72,17135151911560
1357.0,0,100.00,67.0,76.0,76.0,51.0,69.0,2093,148.14,34189773043395
1357.0,1,0.00,55.0,60.0,60.0,41.0,56.0,1216,56.77,18341083079284
1357.0,2,0.00,58.0,64.0,64.0,44.0,59.0,1290,55.53,17059615252319
1357.0,3,0.00,59.0,66.0,66.0,45.0,60.0,1352,56.20,17135471688659
1363.0,0,,67.0,76.0,76.0,51.0,69.0,2095,156.59,34190660928344
1363.0,1,0.00,55.0,60.0,60.0,41.0,56.0,1206,57.09,18341406790649
1363.0,2,0.00,58.0,64.0,64.0,44.0,60.0,1302,55.47,17059929765563
1363.0,3,0.00,59.0,66.0,66.0,45.0,60.0,1355,56.42,17135791030395
1368.0,0,,67.0,76.0,76.0,51.0,69.0,2094,149.06,34191507564331
1368.0,1,0.00,55.0,60.0,60.0,41.0,56.0,1195,57.06,18341730879272
1369.0,2,0.00,58.0,64.0,64.0,44.0,59.0,1311,55.44,17060244678161
1369.0,3,0.00,59.0,66.0,66.0,45.0,60.0,1341,56.52,17136112603454
1374.0,0,,68.0,76.0,76.0,51.0,69.0,2101,149.49,34192356640991
1374.0,1,0.00,55.0,60.0,60.0,41.0,56.0,1204,56.85,18342053763061
1374.0,2,0.00,58.0,64.0,64.0,44.0,60.0,1300,55.50,17060559919738
1374.0,3,0.00,59.0,66.0,66.0,44.0,60.0,1364,56.73,17136434247619
1380.0,0,,67.0,76.0,76.0,51.0,69.0,2096,157.09,34193247350280
1380.0,1,0.00,55.0,60.0,60.0,41.0,56.0,1218,56.96,18342376742614
1380.0,2,0.00,58.0,64.0,64.0,44.0,60.0,1303,55.26,17060873269531
1380.0,3,0.00,59.0,66.0,66.0,45.0,60.0,1344,56.30,17136754013000
1385.0,0,100.00,67.0,76.0,76.0,51.0,69.0,2104,148.33,34194088383056
1386.0,1,0.00,55.0,60.0,60.0,41.0,56.0,1195,57.05,18342700767272
1386.0,2,0.00,58.0,64.0,64.0,44.0,59.0,1311,55.34,17061187609130
1386.0,3,0.00,59.0,66.0,66.0,45.0,60.0,1365,56.59,17137074878173
1391.0,0,,67.0,76.0,76.0,51.0,69.0,2096,147.42,34194924235290
1391.0,1,0.00,55.0,60.0,60.0,41.0,56.0,1207,57.15,18343024236145
1391.0,2,0.00,58.0,64.0,64.0,44.0,59.0,1292,55.46,17061502068359
1391.0,3,0.00,59.0,66.0,66.0,45.0,60.0,1354,56.49,17137395201660
1397.0,0,99.62,68.0,76.0,76.0,51.0,69.0,2093,156.37,34195812440979
1397.0,1,0.00,54.0,60.0,60.0,41.0,56.0,1194,56.84,18343347101867
1397.0,2,0.00,58.0,64.0,64.0,44.0,59.0,1300,55.61,17061817383361
1397.0,3,0.00,59.0,66.0,66.0,45.0,60.0,1343,56.59,17137716643310
1402.0,0,,67.0,76.0,76.0,51.0,69.0,2094,149.64,34196660927124
1403.0,1,0.00,55.0,60.0,60.0,41.0,56.0,1195,56.89,18343670260437
1403.0,2,0.00,58.0,64.0,64.0,44.0,59.0,1300,55.31,17062131563537
1403.0,3,0.00,59.0,66.0,66.0,44.0,60.0,1353,56.42,17138036542968
1408.0,0,,67.0,76.0,76.0,51.0,69.0,2093,149.12,34197507913208
1408.0,1,0.00,55.0,60.0,60.0,41.0,56.0,1195,57.09,18343994512268
1408.0,2,0.00,58.0,64.0,64.0,44.0,60.0,1301,55.33,17062445816162
1409.0,3,0.00,59.0,66.0,66.0,45.0,60.0,1375,56.40,17138356886840
1414.0,0,99.40,68.0,76.0,76.0,51.0,69.0,2106,156.49,34198395235778
1414.0,1,0.00,55.0,60.0,60.0,41.0,56.0,1206,57.19,18344318794250
1414.0,2,0.00,58.0,64.0,64.0,44.0,59.0,1301,55.66,17062761392883
1414.0,3,0.00,59.0,66.0,66.0,45.0,60.0,1364,56.61,17138677844604
1419.0,0,,67.0,76.0,76.0,51.0,69.0,2100,148.16,34199238242370
1420.0,1,0.00,55.0,60.0,60.0,41.0,56.0,1213,56.92,18344642675537
1420.0,2,0.00,58.0,64.0,64.0,44.0,59.0,1308,55.32,17063076162902
1420.0,3,0.00,59.0,66.0,66.0,45.0,61.0,1372,56.39,17138998682983
1425.0,0,,67.0,76.0,76.0,51.0,69.0,2093,148.00,34200078865051
1425.0,1,0.00,55.0,60.0,60.0,41.0,56.0,1196,57.07,18344966290649
1425.0,2,0.00,58.0,64.0,64.0,44.0,59.0,1301,55.30,17063390281005
1426.0,3,0.00,59.0,66.0,66.0,44.0,60.0,1375,56.37,17139318860595
1431.0,0,100.00,68.0,76.0,76.0,51.0,69.0,2092,156.35,34200966931396
1431.0,1,0.00,55.0,60.0,60.0,41.0,56.0,1215,57.12,18345290758117
1431.0,2,0.00,58.0,64.0,64.0,44.0,59.0,1300,55.49,17063705440979
1431.0,3,0.00,59.0,66.0,66.0,44.0,60.0,1373,56.42,17139639339538
1436.0,0,,68.0,76.0,76.0,51.0,69.0,2103,149.09,34201813780883
1437.0,1,0.00,54.0,60.0,60.0,41.0,56.0,1195,56.87,18345613799560
1437.0,2,0.00,58.0,64.0,64.0,44.0,59.0,1310,55.58,17064021126281
1437.0,3,0.00,59.0,66.0,66.0,45.0,60.0,1342,56.61,17139960863464
1442.0,0,,67.0,76.0,76.0,51.0,69.0,2093,148.26,34202655917236
1442.0,1,0.00,55.0,60.0,60.0,41.0,56.0,1195,56.87,18345936846191
1442.0,2,0.00,58.0,64.0,64.0,44.0,60.0,1302,55.34,17064334877014
1443.0,3,0.00,59.0,66.0,66.0,45.0,60.0,1354,56.25,17140279806396
1448.0,0,99.63,68.0,76.0,74.0,51.0,69.0,2104,157.39,34203548318725
1448.0,1,0.00,54.0,60.0,60.0,41.0,56.0,1194,57.00,18346260593994
1448.0,2,0.00,58.0,64.0,64.0,44.0,59.0,1299,55.41,17064649612792
1448.0,3,0.00,59.0,66.0,66.0,45.0,60.0,1352,56.52,17140600865966
1453.0,0,100.00,67.0,76.0,76.0,51.0,69.0,2092,148.16,34204389878967
1454.0,1,0.00,54.0,60.0,60.0,41.0,56.0,1205,57.15,18346585186279
1454.0,2,0.00,58.0,64.0,64.0,44.0,59.0,1309,55.59,17064965390808
1454.0,3,0.00,59.0,66.0,66.0,45.0,60.0,1362,56.51,17140922434997
1459.0,0,,67.0,76.0,76.0,51.0,69.0,2103,147.86,34205229724609
1459.0,1,0.00,55.0,60.0,60.0,41.0,56.0,1184,56.91,18346908428222
1459.0,2,0.00,58.0,64.0,64.0,44.0,59.0,1301,55.22,17065279067443
1460.0,3,0.00,59.0,66.0,66.0,45.0,60.0,1374,56.37,17141242071838
1465.0,0,99.73,68.0,74.0,76.0,51.0,69.0,2091,156.58,34206119107666
1465.0,1,0.00,55.0,60.0,60.0,41.0,56.0,1205,57.05,18347232471496
1465.0,2,0.00,58.0,64.0,64.0,44.0,60.0,1300,55.31,17065593206176
1465.0,3,0.00,59.0,66.0,66.0,45.0,60.0,1365,56.40,17141562450134
1471.0,0,,67.0,76.0,76.0,51.0,69.0,2100,146.89,34206954892089
1471.0,1,0.00,55.0,60.0,60.0,41.0,56.0,1193,57.22,18347557457214
1471.0,2,0.00,58.0,64.0,64.0,44.0,60.0,1309,55.57,17065908850769
1471.0,3,0.00,59.0,66.0,66.0,45.0,60.0,1340,56.61,17141884554748
1476.0,0,,67.0,76.0,76.0,50.0,69.0,2102,147.92,34207795088317
1476.0,1,0.00,54.0,60.0,60.0,41.0,56.0,1194,56.83,18347880261901
1477.0,2,0.00,58.0,64.0,64.0,44.0,60.0,1299,55.42,17066224173034
1477.0,3,0.00,59.0,66.0,66.0,45.0,60.0,1363,56.48,17142205359497
1482.0,0,99.98,68.0,74.0,76.0,51.0,69.0,2093,156.21,34208682388977
1482.0,1,0.00,55.0,60.0,60.0,41.0,56.0,1195,56.89,18348203421264
1482.0,2,0.00,58.0,64.0,64.0,44.0,59.0,1301,55.32,17066537830688
1482.0,3,0.00,59.0,66.0,66.0,45.0,60.0,1332,56.39,17142525080810
1488.0,0,,67.0,76.0,76.0,51.0,69.0,2103,149.26,34209530208984
1488.0,1,0.00,55.0,60.0,60.0,41.0,56.0,1216,57.04,18348527423217
1488.0,2,0.00,58.0,64.0,64.0,44.0,60.0,1310,55.36,17066852251647
1488.0,3,0.00,59.0,66.0,66.0,44.0,60.0,1363,56.43,17142846182922
1493.0,0,,67.0,76.0,76.0,51.0,69.0,2090,149.54,34210379604309
1493.0,1,0.00,55.0,60.0,60.0,41.0,56.0,1193,57.19,18348852243347
1494.0,2,0.00,58.0,64.0,64.0,44.0,59.0,1299,55.48,17067167913146
1494.0,3,0.00,59.0,66.0,66.0,45.0,60.0,1372,56.69,17143168157775
1499.0,0,,71.0,76.0,76.0,52.0,70.0,2104,149.95,34211231302062
1499.0,1,0.00,55.0,60.0,60.0,41.0,56.0,1195,56.84,18349175109497
1499.0,2,0.00,58.0,64.0,64.0,44.0,59.0,1301,55.55,17067482878051
1499.0,3,0.00,59.0,66.0,66.0,45.0,60.0,1375,56.26,17143487736572
1505.0,0,,67.0,76.0,76.0,51.0,69.0,2094,156.20,34212116968688
1505.0,1,0.00,55.0,60.0,60.0,41.0,56.0,1205,56.97,18349498721801
1505.0,2,0.00,58.0,64.0,64.0,44.0,59.0,1311,55.33,17067797154479
1505.0,3,0.00,59.0,66.0,66.0,45.0,60.0,1343,56.57,17143808472412
1510.0,0,,67.0,76.0,76.0,51.0,69.0,2103,149.11,34212963899108
1510.0,1,0.00,55.0,60.0,60.0,41.0,56.0,1184,57.13,18349823214660
1511.0,2,0.00,58.0,64.0,64.0,44.0,59.0,1310,55.52,17068112491333
1511.0,3,0.00,59.0,66.0,66.0,45.0,60.0,1363,56.47,17144129236450
1516.0,0,,71.0,76.0,76.0,52.0,70.0,2092,150.92,34213821149230
1516.0,1,0.00,55.0,60.0,60.0,41.0,56.0,1205,56.79,18350145784973
1516.0,2,0.00,58.0,64.0,64.0,44.0,59.0,1288,55.40,17068427170166
1516.0,3,0.00,59.0,66.0,66.0,45.0,60.0,1362,56.41,17144450213500
1522.0,0,,67.0,76.0,76.0,51.0,69.0,2092,154.84,34214700633666
1522.0,1,0.00,55.0,60.0,60.0,41.0,56.0,1205,56.91,18350469013488
1522.0,2,0.00,58.0,64.0,64.0,44.0,60.0,1312,55.27,17068741114990
1522.0,3,0.00,59.0,66.0,66.0,45.0,60.0,1344,56.30,17144769443725
1527.0,0,,67.0,76.0,76.0,51.0,69.0,2104,147.98,34215541186889
1527.0,1,0.00,55.0,60.0,60.0,41.0,56.0,1184,57.09,18350792739807
1528.0,2,0.00,58.0,64.0,64.0,44.0,59.0,1311,55.49,17069055725280
1528.0,3,0.00,59.0,66.0,66.0,45.0,60.0,1364,56.50,17145090385986
1533.0,0,,67.0,76.0,76.0,51.0,69.0,2103,148.02,34216381917419
1533.0,1,0.00,55.0,60.0,60.0,41.0,56.0,1206,56.95,18351116203125
1533.0,2,0.00,58.0,64.0,64.0,44.0,59.0,1290,55.48,17069370859069
1533.0,3,0.00,59.0,66.0,66.0,44.0,60.0,1374,56.49,17145410693237
1539.0,0,0.00,64.0,76.0,76.0,49.0,66.0,1999,77.86,34216823381530
1539.0,1,0.00,55.0,60.0,60.0,41.0,56.0,1184,57.21,18351440566955
1539.0,2,0.00,58.0,64.0,64.0,44.0,59.0,1301,55.38,17069684873535
1539.0,3,0.00,59.0,66.0,66.0,45.0,60.0,1354,55.68,17145726942016
1544.0,0,0.00,63.0,76.0,76.0,48.0,65.0,1555,58.38,34217154959777
1544.0,1,0.00,54.0,60.0,60.0,41.0,56.0,1196,57.17,18351765305969
1545.0,2,0.00,58.0,64.0,64.0,44.0,59.0,1311,55.10,17069997845214
1545.0,3,0.00,59.0,66.0,66.0,44.0,60.0,1364,56.33,17146046348388
1550.0,0,,66.0,72.0,72.0,50.0,67.0,1480,116.00,34217812690917
1550.0,1,0.00,54.0,60.0,60.0,41.0,56.0,1216,57.04,18352088694641
1550.0,2,0.00,58.0,64.0,64.0,44.0,59.0,1300,55.24,17070311622375
1550.0,3,0.00,59.0,66.0,66.0,44.0,60.0,1354,56.09,17146364933105
1556.0,0,100.00,66.0,72.0,72.0,50.0,68.0,1618,148.28,34218654936340
1556.0,1,0.00,54.0,60.0,60.0,41.0,56.0,1184,57.10,18352413045715
1556.0,2,0.00,58.0,64.0,64.0,44.0,59.0,1301,55.59,17070626824096
1556.0,3,0.00,59.0,66.0,66.0,44.0,60.0,1343,56.43,17146685450134
1561.0,0,100.00,67.0,74.0,74.0,50.0,68.0,1807,148.46,34219498180175
1562.0,1,0.00,55.0,60.0,60.0,41.0,56.0,1205,56.79,18352735614074
1562.0,2,0.00,58.0,64.0,64.0,44.0,59.0,1311,55.23,17070940543151
1562.0,3,0.00,59.0,66.0,66.0,44.0,60.0,1342,56.26,17147004445556
1567.0,0,,67.0,74.0,74.0,51.0,69.0,1933,155.93,34220383837463
1567.0,1,,57.0,62.0,62.0,43.0,58.0,1203,112.55,18353376033630
1567.0,2,100.00,60.0,66.0,66.0,46.0,62.0,1286,113.96,17071588971740
1568.0,3,,62.0,66.0,66.0,46.0,63.0,1358,116.89,17147670731323
1573.0,0,,67.0,74.0,74.0,51.0,69.0,2075,148.75,34221230232482
1573.0,1,,59.0,64.0,64.0,44.0,60.0,1211,143.49,18354193952819
1573.0,2,100.00,62.0,68.0,68.0,47.0,63.0,1318,139.17,17072382215393
1573.0,3,,63.0,68.0,66.0,47.0,64.0,1378,141.95,17148477023376
1578.0,0,,67.0,74.0,74.0,51.0,69.0,2057,148.68,34222071760253
1579.0,1,,60.0,66.0,66.0,45.0,61.0,1263,144.27,18355009084655
1579.0,2,100.00,63.0,70.0,70.0,48.0,65.0,1368,142.10,17073186494384
1579.0,3,,64.0,68.0,68.0,48.0,65.0,1415,142.78,17149286612304
1584.0,0,100.00,67.0,74.0,74.0,51.0,69.0,1972,156.20,34222960544494
1584.0,1,,61.0,66.0,66.0,46.0,62.0,1319,152.90,18355879076538
1584.0,2,100.00,64.0,70.0,70.0,49.0,66.0,1423,151.04,17074045910034
1585.0,3,100.00,66.0,70.0,70.0,49.0,66.0,1497,150.93,17150146903320
1590.0,0,,67.0,74.0,74.0,51.0,69.0,2076,147.40,34223800698303
1590.0,1,,62.0,68.0,68.0,47.0,63.0,1370,144.43,18356702332275
1590.0,2,100.00,65.0,72.0,72.0,49.0,67.0,1455,141.91,17074853384033
1590.0,3,,66.0,70.0,70.0,50.0,67.0,1655,143.06,17150960925170
1595.0,0,,67.0,74.0,74.0,51.0,69.0,2056,147.77,34224641535522
1596.0,1,,63.0,70.0,70.0,47.0,64.0,1392,144.63,18357525249206
1596.0,2,100.00,66.0,72.0,72.0,50.0,68.0,1540,141.88,17075660690490
1596.0,3,,67.0,72.0,72.0,50.0,68.0,1834,143.59,17151777944641
1601.0,0,,67.0,74.0,74.0,51.0,69.0,1970,155.07,34225525434387
1601.0,1,,64.0,70.0,70.0,48.0,65.0,1422,153.63,18358400950439
1601.0,2,97.92,67.0,74.0,74.0,50.0,68.0,1696,150.48,17076518399047
1602.0,3,,67.0,72.0,72.0,50.0,68.0,1949,152.75,17152648597167
1607.0,0,,67.0,76.0,76.0,50.0,69.0,2067,147.31,34226363604492
1607.0,1,,65.0,70.0,72.0,48.0,65.0,1445,146.13,18359232449401
1607.0,2,100.00,67.0,74.0,74.0,51.0,68.0,1856,142.95,17077333203613
1607.0,3,,67.0,74.0,72.0,50.0,68.0,2076,144.60,17153471375549
1613.0,0,,67.0,74.0,74.0,51.0,69.0,2085,148.10,34227207750488
1613.0,1,,65.0,72.0,72.0,49.0,66.0,1464,146.36,18360066728088
1613.0,2,100.00,67.0,76.0,76.0,51.0,69.0,1885,143.39,17078149081237
1613.0,3,,67.0,74.0,74.0,51.0,68.0,2095,144.87,17154297160583
1618.0,0,97.81,67.0,74.0,74.0,51.0,69.0,1938,154.74,34228089775695
1618.0,1,,65.0,72.0,72.0,49.0,66.0,1548,154.41,18360946871765
1619.0,2,,67.0,76.0,76.0,51.0,69.0,2043,151.41,17079012126586
1619.0,3,,68.0,74.0,74.0,51.0,68.0,2139,152.43,17155166024291
1624.0,0,,67.0,76.0,76.0,51.0,69.0,2054,148.94,34228938715515
1624.0,1,,66.0,74.0,74.0,50.0,67.0,1674,147.00,18361783304870
1624.0,2,100.00,68.0,76.0,76.0,51.0,69.0,2085,143.45,17079829812377
1624.0,3,,68.0,74.0,74.0,51.0,69.0,2116,145.14,17155993328674
1630.0,0,,67.0,76.0,76.0,51.0,69.0,2085,149.29,34229788199340
1630.0,1,,66.0,74.0,74.0,50.0,67.0,1674,147.08,18362621645385
1630.0,2,100.00,67.0,76.0,76.0,51.0,69.0,2096,143.57,17080648141479
1630.0,3,,68.0,74.0,74.0,51.0,68.0,2096,145.04,17156820063659
1635.0,0,97.65,70.0,74.0,74.0,52.0,70.0,2098,150.73,34230647353088
1636.0,1,,66.0,74.0,74.0,50.0,67.0,1794,154.28,18363499472839
1636.0,2,97.52,68.0,76.0,76.0,51.0,69.0,2100,152.22,17081514257751
1636.0,3,99.70,68.0,76.0,74.0,51.0,69.0,2153,153.17,17157691608947
1641.0,0,,67.0,74.0,76.0,50.0,68.0,2056,155.34,34231531212097
1641.0,1,,66.0,74.0,74.0,50.0,67.0,1875,145.65,18364329705017
1641.0,2,100.00,68.0,78.0,78.0,51.0,69.0,2126,144.23,17082336360534
1642.0,3,,68.0,76.0,76.0,51.0,69.0,2274,144.27,17158513920104
1647.0,0,,67.0,74.0,76.0,50.0,69.0,2095,148.90,34232379946472
1647.0,1,,66.0,76.0,76.0,50.0,67.0,1843,144.38,18365152694702
1647.0,2,,68.0,78.0,78.0,51.0,69.0,2097,144.10,17083156269836
1647.0,3,,68.0,76.0,76.0,51.0,69.0,2191,144.48,17159335988586
1652.0,0,99.67,67.0,76.0,74.0,51.0,69.0,1980,155.74,34233267644714
1653.0,1,,66.0,74.0,76.0,49.0,67.0,1800,154.54,18366033591796
1653.0,2,97.90,68.0,78.0,78.0,51.0,69.0,2116,152.02,17084024308105
1653.0,3,99.74,68.0,76.0,76.0,51.0,69.0,2127,152.81,17160206994079
1658.0,0,,67.0,76.0,76.0,51.0,69.0,2065,147.99,34234111194824
1658.0,1,,66.0,76.0,76.0,50.0,67.0,1876,146.53,18366867333496
1658.0,2,,68.0,78.0,78.0,51.0,69.0,2212,144.45,17084846227844
1659.0,3,,68.0,76.0,76.0,51.0,69.0,2265,144.48,17161030504821
1664.0,0,,67.0,76.0,76.0,50.0,68.0,2087,148.82,34234957979003
1664.0,1,,66.0,76.0,76.0,50.0,67.0,1887,147.18,18367706266235
1664.0,2,,68.0,78.0,78.0,51.0,69.0,2129,142.76,17085659954467
1664.0,3,,68.0,76.0,76.0,51.0,69.0,2296,144.36,17161853376037
1670.0,0,97.90,67.0,74.0,74.0,51.0,69.0,1937,156.16,34235848087646
1670.0,1,,66.0,76.0,76.0,50.0,67.0,1884,154.94,18368589419006
1670.0,2,99.99,68.0,78.0,78.0,51.0,70.0,2105,152.90,17086531471069
1670.0,3,97.68,68.0,76.0,76.0,51.0,69.0,2263,152.51,17162722659606
1675.0,0,,67.0,76.0,76.0,51.0,69.0,2042,148.66,34236695431213
1675.0,1,,66.0,76.0,76.0,50.0,67.0,1884,147.12,18369427986877
1676.0,2,,68.0,78.0,78.0,52.0,69.0,2262,143.87,17087351540039
1676.0,3,,68.0,76.0,76.0,51.0,69.0,2286,144.42,17163545874938
1681.0,0,,67.0,76.0,76.0,51.0,69.0,2086,149.05,34237545031738
1681.0,1,,66.0,76.0,76.0,50.0,67.0,1885,147.10,18370266467651
1681.0,2,,68.0,80.0,78.0,51.0,69.0,2160,143.02,17088166760131
1681.0,3,,68.0,76.0,76.0,51.0,68.0,2284,144.50,17164369533081
1687.0,0,,71.0,74.0,74.0,51.0,70.0,2055,148.90,34238392289916
1687.0,1,,66.0,76.0,76.0,50.0,67.0,1888,154.75,18371147007080
1687.0,2,99.59,68.0,78.0,80.0,52.0,70.0,2143,152.56,17089033274169
1687.0,3,,72.0,76.0,76.0,52.0,70.0,2145,150.54,17165224604492
1692.0,0,,67.0,74.0,74.0,51.0,69.0,2025,156.73,34239285623779
1692.0,1,,66.0,76.0,76.0,50.0,67.0,1897,147.28,18371985010681
1693.0,2,,68.0,80.0,80.0,51.0,69.0,2245,143.04,17089848628234
1693.0,3,,68.0,76.0,76.0,51.0,69.0,2232,146.61,17166057354736
1698.0,0,,67.0,76.0,76.0,50.0,69.0,2096,148.89,34240128325195
1698.0,1,,66.0,76.0,78.0,50.0,67.0,1884,147.49,18372821257629
1698.0,2,,68.0,80.0,80.0,51.0,69.0,2138,143.00,17090659461059
1698.0,3,,68.0,76.0,76.0,51.0,69.0,2287,143.95,17166876423767
1704.0,0,77.88,65.0,76.0,76.0,50.0,67.0,1993,140.37,34240928461975
1704.0,1,0.00,64.0,76.0,76.0,48.0,65.0,1889,112.77,18373462898010
1704.0,2,0.00,66.0,80.0,80.0,50.0,67.0,2091,109.72,17091282661010
1704.0,3,,67.0,76.0,76.0,50.0,68.0,2291,137.33,17167656449523
1709.0,0,0.00,64.0,76.0,76.0,48.0,66.0,1868,58.89,34241262968933
1710.0,1,0.00,63.0,76.0,76.0,47.0,64.0,1563,59.06,18373798924194
1710.0,2,0.00,64.0,80.0,80.0,49.0,66.0,2027,57.26,17091608447570
1710.0,3,0.00,65.0,76.0,76.0,49.0,65.0,2188,58.09,17167986426696
1715.0,0,0.00,63.0,76.0,76.0,48.0,64.0,1535,58.33,34241593686340
1715.0,1,0.00,62.0,76.0,76.0,47.0,63.0,1504,58.65,18374130874389
1715.0,2,0.00,64.0,80.0,80.0,49.0,66.0,1578,56.55,17091928516662
1716.0,3,0.00,63.0,76.0,76.0,48.0,65.0,1801,57.20,17168310768310
1721.0,0,0.00,62.0,76.0,76.0,47.0,64.0,1492,58.40,34241925387023
1721.0,1,0.00,61.0,76.0,76.0,46.0,62.0,1470,58.37,18374462442443
1721.0,2,0.00,63.0,80.0,80.0,48.0,65.0,1543,56.38,17092248750427
1721.0,3,100.00,66.0,74.0,74.0,50.0,67.0,1596,139.21,17169100086914
1726.0,0,0.00,62.0,76.0,76.0,47.0,64.0,1500,58.50,34242257667846
1727.0,1,0.00,61.0,76.0,76.0,46.0,62.0,1437,58.43,18374794335632
1727.0,2,0.00,63.0,80.0,80.0,48.0,65.0,1521,56.46,17092569415222
1727.0,3,,67.0,74.0,74.0,50.0,68.0,1827,144.36,17169921487060
1732.0,0,0.00,61.0,76.0,76.0,47.0,63.0,1458,58.15,34242587987976
1732.0,1,0.00,60.0,76.0,76.0,45.0,61.0,1427,57.99,18375123739990
1732.0,2,0.00,62.0,80.0,80.0,48.0,64.0,1501,56.39,17092889721679
1733.0,3,100.00,68.0,76.0,76.0,51.0,69.0,2009,145.06,17170743992614
1738.0,0,0.51,61.0,68.0,68.0,47.0,63.0,1437,98.31,34243146376342
1738.0,1,0.51,60.0,68.0,68.0,46.0,62.0,1447,99.35,18375688073913
1738.0,2,0.51,63.0,72.0,72.0,48.0,65.0,1518,98.53,17093450340515
1738.0,3,0.51,65.0,74.0,74.0,49.0,67.0,2189,112.18,17171383424987
1743.0,0,,65.0,68.0,68.0,49.0,67.0,1475,122.85,34243845414428
1744.0,1,,63.0,72.0,72.0,48.0,64.0,1411,126.08,18376406741821
1744.0,2,100.00,66.0,74.0,74.0,50.0,67.0,1506,124.35,17094159154602
1744.0,3,,68.0,74.0,74.0,50.0,68.0,1990,130.81,17172129037963
1749.0,0,100.00,66.0,70.0,70.0,50.0,68.0,1473,150.67,34244705758300
1749.0,1,,65.0,72.0,72.0,48.0,65.0,1421,150.36,18377265283874
1749.0,2,100.00,67.0,76.0,76.0,50.0,68.0,1684,146.11,17094993433166
1750.0,3,,68.0,74.0,74.0,51.0,69.0,2062,147.96,17172973904968
1755.0,0,,66.0,70.0,72.0,50.0,68.0,1664,151.65,34245570138671
1755.0,1,,66.0,74.0,74.0,49.0,66.0,1454,151.13,18378125201416
1755.0,2,100.00,66.0,74.0,76.0,51.0,68.0,1876,139.56,17095787547729
1755.0,3,,68.0,76.0,76.0,51.0,69.0,2120,147.69,17173814246032
1761.0,0,,67.0,72.0,72.0,50.0,68.0,1928,160.49,34246483321655
1761.0,1,,66.0,74.0,74.0,49.0,67.0,1655,159.32,18379033338073
1761.0,2,100.00,67.0,76.0,76.0,51.0,69.0,2076,163.48,17096717720825
1761.0,3,,68.0,76.0,76.0,51.0,69.0,2349,157.24,17174708963378
1766.0,0,,67.0,72.0,72.0,50.0,68.0,1961,152.14,34247350524169
1766.0,1,,66.0,74.0,74.0,49.0,66.0,1832,151.75,18379896782714
1767.0,2,,67.0,78.0,78.0,51.0,69.0,2095,146.60,17097553345947
1767.0,3,,68.0,76.0,76.0,51.0,69.0,2305,147.72,17175550950073
1772.0,0,,67.0,74.0,74.0,51.0,69.0,1895,152.36,34248218954895
1772.0,1,,66.0,76.0,76.0,49.0,67.0,1875,151.69,18380761431030
1772.0,2,100.00,68.0,78.0,78.0,51.0,69.0,2097,146.19,17098386648742
1772.0,3,,68.0,76.0,76.0,51.0,69.0,2277,147.76,17176393202636
1778.0,0,,67.0,72.0,74.0,51.0,69.0,1973,167.56,34249172388549
1778.0,1,,66.0,76.0,76.0,50.0,67.0,1909,166.47,18381708635559
1778.0,2,,68.0,78.0,78.0,52.0,70.0,2161,163.33,17099316018127
1778.0,3,,68.0,76.0,76.0,52.0,69.0,2244,164.08,17177326823852
1783.0,0,,67.0,74.0,74.0,51.0,69.0,2114,151.61,34250036556579
1784.0,1,,66.0,76.0,76.0,50.0,67.0,1892,150.21,18382566358764
1784.0,2,,68.0,78.0,78.0,51.0,69.0,2282,147.45,17100157949218
1784.0,3,,68.0,76.0,76.0,51.0,69.0,2313,147.98,17178171804138
1789.0,0,,67.0,74.0,74.0,50.0,69.0,2095,151.56,34250900435852
1789.0,1,,66.0,76.0,76.0,50.0,67.0,1885,149.86,18383420581787
1789.0,2,,68.0,80.0,78.0,51.0,69.0,2264,147.55,17100998978393
1790.0,3,,68.0,76.0,76.0,51.0,69.0,2295,148.04,17179015618530
1795.0,0,,70.0,74.0,74.0,52.0,70.0,2044,166.12,34251847325073
1795.0,1,,67.0,76.0,76.0,50.0,68.0,1898,165.61,18384364541870
1795.0,2,100.00,71.0,78.0,78.0,53.0,71.0,2173,160.32,17101911175781
1795.0,3,,69.0,76.0,76.0,52.0,69.0,2300,163.90,17179948215576
1800.0,0,,67.0,74.0,76.0,51.0,69.0,2077,154.46,34252726215942
1801.0,1,,67.0,76.0,76.0,50.0,67.0,1950,151.10,18385224280212
1801.0,2,,68.0,80.0,80.0,52.0,70.0,2285,151.10,17102772456726
1801.0,3,,68.0,78.0,76.0,51.0,69.0,2359,148.14,17180792612304
1806.0,0,100.00,67.0,74.0,74.0,51.0,69.0,2103,152.58,34253597438903
1806.0,1,,66.0,76.0,76.0,50.0,67.0,1893,150.97,18386086313842
1806.0,2,,68.0,80.0,80.0,52.0,69.0,2292,147.03,17103611976623
1807.0,3,,68.0,78.0,78.0,51.0,69.0,2302,148.08,17181638172546
1812.0,0,,70.0,74.0,74.0,51.0,70.0,2095,159.50,34254506587707
1812.0,1,,70.0,76.0,76.0,51.0,69.0,1897,166.05,18387031130249
1812.0,2,100.00,68.0,80.0,80.0,51.0,70.0,2236,155.12,17104494634582
1812.0,3,,73.0,76.0,76.0,52.0,70.0,2301,159.66,17182545037902
1818.0,0,,67.0,74.0,74.0,51.0,69.0,2121,160.37,34255419082458
1818.0,1,,67.0,78.0,78.0,50.0,67.0,2025,151.31,18387892107055
1818.0,2,,68.0,80.0,80.0,52.0,70.0,2287,155.66,17105380321777
1818.0,3,,68.0,78.0,78.0,51.0,69.0,2422,153.51,17183420035888
1823.0,0,,67.0,76.0,76.0,50.0,69.0,2097,151.66,34256282040649
1823.0,1,,66.0,78.0,78.0,50.0,67.0,1918,150.27,18388748625366
1824.0,2,,68.0,80.0,80.0,52.0,70.0,2296,147.36,17106220245727
1824.0,3,,68.0,78.0,78.0,51.0,70.0,2308,148.31,17184265406616
1829.0,0,,70.0,74.0,74.0,51.0,69.0,2054,151.45,34257145302551
1829.0,1,,70.0,76.0,76.0,51.0,69.0,1908,161.56,18389667895324
1829.0,2,,68.0,80.0,80.0,52.0,69.0,2226,154.82,17107101190734
1829.0,3,,72.0,76.0,76.0,52.0,70.0,2292,154.03,17185140275207
1835.0,0,,67.0,76.0,76.0,51.0,69.0,2069,168.10,34258100099487
1835.0,1,,67.0,78.0,78.0,50.0,68.0,2046,156.55,18390558689270
1835.0,2,,68.0,80.0,80.0,52.0,70.0,2277,155.43,17107985602966
1835.0,3,,68.0,78.0,78.0,51.0,69.0,2422,158.94,17186046237426
1840.0,0,,67.0,76.0,76.0,51.0,69.0,2098,152.84,34258971311157
1840.0,1,,66.0,78.0,78.0,50.0,67.0,1930,150.99,18391419317321
1841.0,2,,68.0,80.0,80.0,52.0,70.0,2287,146.71,17108821867980
1841.0,3,,68.0,78.0,78.0,52.0,69.0,2350,148.66,17186892099487
1846.0,0,,67.0,76.0,76.0,51.0,69.0,2097,153.05,34259842138854
1846.0,1,,70.0,76.0,76.0,51.0,68.0,1898,156.36,18392308995178
1846.0,2,,68.0,80.0,80.0,52.0,70.0,2288,155.39,17109706043151
1846.0,3,,68.0,78.0,78.0,51.0,69.0,2287,148.43,17187738164123
1852.0,0,,67.0,74.0,76.0,51.0,69.0,2117,168.06,34260800076904
1852.0,1,,67.0,78.0,78.0,50.0,68.0,2034,160.86,18393224292480
1852.0,2,,68.0,80.0,80.0,52.0,70.0,2288,156.09,17110594181457
1852.0,3,,69.0,78.0,78.0,52.0,69.0,2403,164.60,17188674722351
1857.0,0,,67.0,76.0,74.0,51.0,69.0,2108,153.12,34261671355224
1858.0,1,,67.0,78.0,78.0,50.0,68.0,1979,150.81,18394083936035
1858.0,2,,68.0,80.0,80.0,52.0,70.0,2294,147.88,17111437095947
1858.0,3,,68.0,78.0,78.0,51.0,69.0,2367,148.49,17189522616333
1863.0,0,,67.0,76.0,76.0,51.0,69.0,2093,152.95,34262544706237
1863.0,1,,66.0,78.0,78.0,50.0,67.0,1904,150.57,18394943705383
1863.0,2,,68.0,80.0,80.0,52.0,70.0,2283,147.85,17112281320800
1864.0,3,,68.0,78.0,78.0,52.0,69.0,2294,148.65,17190369901306
1869.0,0,,70.0,74.0,74.0,52.0,70.0,2097,166.11,34263489862487
1869.0,1,,67.0,78.0,78.0,50.0,68.0,2003,166.47,18395890900451
1869.0,2,,68.0,80.0,80.0,52.0,70.0,2311,164.20,17113215600585
1869.0,3,,69.0,78.0,78.0,52.0,70.0,2374,164.63,17191304989196
1874.0,0,,67.0,76.0,76.0,51.0,69.0,2098,154.74,34264371903320
1875.0,1,,66.0,78.0,78.0,50.0,67.0,2003,150.75,18396748667541
1875.0,2,,68.0,80.0,80.0,52.0,70.0,2307,147.80,17114056554992
1875.0,3,,68.0,78.0,78.0,51.0,69.0,2392,148.60,17192151997863
1880.0,0,,67.0,76.0,76.0,51.0,69.0,2097,153.29,34265244100952
1880.0,1,,66.0,78.0,78.0,50.0,68.0,1907,150.54,18397606761840
1880.0,2,,68.0,80.0,80.0,52.0,70.0,2297,147.53,17114897484069
1881.0,3,,68.0,78.0,78.0,52.0,69.0,2307,148.53,17192998634887
1886.0,0,100.00,66.0,76.0,76.0,50.0,68.0,2095,150.60,34266102549072
1886.0,1,0.00,63.0,78.0,78.0,48.0,65.0,1908,78.66,18398054345886
1886.0,2,18.12,66.0,80.0,80.0,50.0,68.0,2246,117.20,17115564329345
1886.0,3,0.00,66.0,78.0,78.0,50.0,67.0,2291,103.94,17193589028137
1892.0,0,0.00,63.0,76.0,76.0,48.0,65.0,2018,59.05,34266437966247
1892.0,1,0.00,62.0,78.0,78.0,47.0,63.0,1584,58.62,18398387876892
1892.0,2,0.00,64.0,80.0,80.0,49.0,66.0,2040,57.02,17115888189758
1892.0,3,0.00,64.0,78.0,78.0,49.0,66.0,2009,57.68,17193916665100
1897.0,0,0.00,63.0,76.0,76.0,48.0,64.0,1534,58.37,34266769514465
1897.0,1,0.00,62.0,78.0,78.0,46.0,63.0,1492,58.79,18398721219299
1898.0,2,0.00,64.0,80.0,80.0,49.0,66.0,1598,56.86,17116210604797
1898.0,3,0.00,64.0,78.0,78.0,48.0,65.0,1631,57.40,17194242114807
1903.0,0,0.00,62.0,76.0,76.0,47.0,64.0,1524,58.49,34267101138366
1903.0,1,0.00,61.0,78.0,78.0,46.0,62.0,1450,58.30,18399051759338
1903.0,2,100.00,66.0,76.0,76.0,50.0,68.0,1587,125.57,17116922578369
1903.0,3,0.00,63.0,78.0,78.0,48.0,65.0,1534,57.36,17194567372680
1909.0,0,0.00,62.0,76.0,76.0,47.0,64.0,1439,58.26,34267431485839
1909.0,1,0.00,61.0,78.0,78.0,46.0,62.0,1450,58.20,18399381771484
1909.0,2,100.00,67.0,78.0,78.0,51.0,69.0,1745,141.96,17117727502380
1909.0,3,0.00,63.0,78.0,78.0,48.0,64.0,1513,57.27,17194892096435
1914.0,0,0.00,61.0,76.0,76.0,47.0,63.0,1461,58.32,34267762165100
1914.0,1,0.00,60.0,78.0,78.0,45.0,61.0,1418,58.23,18399711947998
1915.0,2,100.00,67.0,78.0,78.0,51.0,69.0,1873,142.96,17118538107849
1915.0,3,0.00,63.0,78.0,78.0,48.0,64.0,1523,57.15,17195216718322
1920.0,0,100.00,65.0,68.0,68.0,48.0,66.0,1447,139.35,34268553664855
1920.0,1,,64.0,70.0,70.0,48.0,64.0,1436,141.79,18400518721496
1920.0,2,100.00,68.0,78.0,78.0,52.0,70.0,2129,174.77,17119534271484
1920.0,3,100.00,67.0,72.0,72.0,50.0,67.0,1548,147.50,17196055973266
1926.0,0,,66.0,70.0,70.0,50.0,67.0,1474,159.59,34269463343261
1926.0,1,100.00,65.0,72.0,72.0,48.0,66.0,1432,158.76,18401423673522
1926.0,2,,68.0,78.0,80.0,52.0,69.0,2336,152.74,17120404866455
1926.0,3,,68.0,74.0,74.0,51.0,68.0,1884,156.78,17196951169799
1931.0,0,,67.0,72.0,72.0,50.0,68.0,1696,160.59,34270378684326
1931.0,1,,66.0,74.0,74.0,49.0,67.0,1486,158.79,18402327213256
1932.0,2,,68.0,78.0,80.0,52.0,70.0,2288,153.72,17121279548339
1932.0,3,,68.0,74.0,74.0,51.0,69.0,2066,157.58,17197847791503
1937.0,0,,70.0,70.0,72.0,51.0,69.0,1878,171.48,34271354411315
1937.0,1,,66.0,74.0,74.0,50.0,67.0,1667,166.62,18403275302734
1937.0,2,,71.0,78.0,78.0,52.0,71.0,2299,165.36,17122220455871
1937.0,3,,72.0,74.0,74.0,52.0,70.0,2195,171.30,17198822514038
1943.0,0,,68.0,74.0,72.0,51.0,69.0,2161,176.16,34272356753662
1943.0,1,,67.0,76.0,76.0,50.0,68.0,1971,177.34,18404286118164
1943.0,2,,68.0,80.0,80.0,52.0,70.0,2486,173.36,17123208589294
1943.0,3,,69.0,76.0,76.0,52.0,69.0,2526,168.81,17199784704467
1948.0,0,,67.0,74.0,74.0,51.0,69.0,2168,161.06,34273274798706
1949.0,1,,66.0,76.0,76.0,50.0,68.0,2022,159.46,18405195040222
1949.0,2,,69.0,80.0,80.0,52.0,70.0,2435,156.63,17124099834289
1949.0,3,,68.0,76.0,76.0,52.0,69.0,2435,155.76,17200670969787
1954.0,0,,67.0,74.0,74.0,51.0,69.0,2097,160.68,34274189063659
1954.0,1,,67.0,76.0,76.0,50.0,68.0,1918,159.51,18406102653442
1954.0,2,,68.0,80.0,80.0,52.0,70.0,2306,156.44,17124991545715
1955.0,3,,72.0,76.0,76.0,52.0,70.0,2305,162.01,17201594454650
1960.0,0,,68.0,74.0,74.0,51.0,69.0,2223,186.37,34275251377197
1960.0,1,,68.0,76.0,76.0,50.0,68.0,2002,184.82,18407156125671
1960.0,2,100.00,69.0,80.0,80.0,52.0,70.0,2455,184.48,17126043099365
1960.0,3,,69.0,76.0,76.0,52.0,70.0,2529,177.40,17202605608520
1965.0,0,,67.0,74.0,76.0,51.0,69.0,2274,160.92,34276168615234
1966.0,1,,67.0,78.0,78.0,50.0,67.0,2179,159.71,18408066488464
1966.0,2,,69.0,80.0,80.0,52.0,70.0,2571,156.44,17126933236145
1966.0,3,,69.0,76.0,76.0,52.0,69.0,2592,156.95,17203498649658
1971.0,0,100.00,67.0,74.0,76.0,51.0,69.0,2119,160.84,34277083798339
1971.0,1,,67.0,78.0,78.0,50.0,68.0,2077,158.78,18408969920471
1972.0,2,100.00,69.0,80.0,80.0,52.0,70.0,2349,156.92,17127827702148
1972.0,3,,69.0,78.0,78.0,51.0,70.0,2380,156.42,17204390218383
1977.0,0,,71.0,74.0,74.0,52.0,70.0,2141,177.34,34278092846740
1977.0,1,,70.0,76.0,76.0,51.0,69.0,1931,173.04,18409954545837
1977.0,2,100.00,72.0,78.0,78.0,53.0,71.0,2335,176.18,17128828429870
1977.0,3,,69.0,76.0,76.0,52.0,70.0,2368,176.97,17205395419677
1983.0,0,,68.0,76.0,76.0,51.0,69.0,2281,170.60,34279063584655
1983.0,1,,67.0,78.0,78.0,50.0,68.0,2184,170.37,18410923963439
1983.0,2,,69.0,80.0,80.0,52.0,70.0,2656,166.03,17129773125854
1983.0,3,,69.0,78.0,78.0,52.0,69.0,2707,164.56,17206331739562
1988.0,0,,67.0,76.0,76.0,51.0,69.0,2179,160.83,34279980325744
1988.0,1,,67.0,78.0,78.0,50.0,68.0,2116,159.67,18411834081542
1989.0,2,,68.0,80.0,80.0,52.0,70.0,2473,156.47,17130666585144
1989.0,3,,69.0,78.0,78.0,52.0,69.0,2505,156.74,17207226727294
1994.0,0,,71.0,74.0,74.0,52.0,70.0,2119,168.21,34280937462036
1994.0,1,,70.0,76.0,76.0,51.0,68.0,1942,163.36,18412761953979
1994.0,2,,71.0,80.0,80.0,53.0,71.0,2303,163.89,17131597507995
1994.0,3,,69.0,78.0,78.0,52.0,70.0,2325,164.03,17208156789794
2000.0,0,,68.0,76.0,76.0,51.0,69.0,2270,180.32,34281961675048
2000.0,1,,67.0,78.0,78.0,50.0,68.0,2100,182.18,18413798576660
2000.0,2,,69.0,80.0,80.0,52.0,70.0,2510,175.10,17132593838134
2000.0,3,,69.0,78.0,78.0,52.0,70.0,2635,177.44,17209168194641
2005.0,0,,68.0,76.0,76.0,51.0,69.0,2296,161.03,34282879568420
2005.0,1,,67.0,78.0,78.0,50.0,68.0,2139,159.78,18414709344665
2006.0,2,,68.0,80.0,82.0,52.0,70.0,2519,153.40,17133466694030
2006.0,3,,69.0,78.0,78.0,51.0,70.0,2614,157.29,17210063185363
2011.0,0,,67.0,76.0,76.0,51.0,69.0,2139,160.90,34283795075805
2011.0,1,,67.0,78.0,78.0,50.0,68.0,2075,160.00,18415619770263
2011.0,2,,69.0,82.0,80.0,52.0,70.0,2337,155.36,17134352222351
2012.0,3,,69.0,78.0,78.0,52.0,70.0,2388,157.13,17210958826599
2017.0,0,,68.0,76.0,76.0,51.0,70.0,2169,180.28,34284824453308
2017.0,1,,68.0,78.0,78.0,50.0,68.0,2001,179.21,18416641287780
2017.0,2,,72.0,80.0,80.0,53.0,71.0,2351,174.65,17135344246643
2017.0,3,,74.0,76.0,78.0,53.0,71.0,2426,178.93,17211969798156
2022.0,0,,68.0,76.0,76.0,51.0,69.0,2293,167.67,34285768423278
2022.0,1,,67.0,78.0,78.0,50.0,68.0,2195,165.37,18417569018676
2023.0,2,100.00,69.0,82.0,82.0,52.0,70.0,2558,166.56,17136278664855
2023.0,3,,69.0,78.0,78.0,52.0,70.0,2729,162.94,17212883909484
2028.0,0,,68.0,76.0,76.0,51.0,69.0,2242,160.68,34286671435729
2028.0,1,,67.0,78.0,78.0,50.0,68.0,2114,158.70,18418465682067
2028.0,2,,69.0,82.0,82.0,52.0,70.0,2506,157.23,17137168604003
2028.0,3,,69.0,78.0,78.0,52.0,69.0,2515,157.82,17213781886535
2034.0,0,,71.0,76.0,76.0,52.0,70.0,2138,168.89,34287632410217
2034.0,1,,67.0,78.0,78.0,50.0,68.0,1982,165.09,18419405062194
2034.0,2,,69.0,80.0,80.0,52.0,70.0,2363,162.82,17138095040771
2034.0,3,,70.0,78.0,78.0,52.0,70.0,2385,170.38,17214751361999
2039.0,0,,68.0,76.0,76.0,51.0,69.0,2270,179.29,34288652554748
2040.0,1,,67.0,78.0,78.0,50.0,68.0,2141,178.67,18420421713195
2040.0,2,,69.0,80.0,80.0,52.0,71.0,2499,176.60,17139101651916
2040.0,3,,69.0,78.0,78.0,52.0,70.0,2740,171.11,17215726715698
2045.0,0,,68.0,76.0,76.0,51.0,69.0,2284,161.02,34289570342895
2045.0,1,,67.0,78.0,78.0,50.0,67.0,2158,157.78,18421321031311
2045.0,2,,69.0,82.0,82.0,52.0,70.0,2547,156.68,17139994743469
2046.0,3,,69.0,78.0,78.0,52.0,69.0,2580,157.88,17216625070068
2051.0,0,,68.0,76.0,76.0,51.0,69.0,2149,161.04,34290488271118
2051.0,1,,67.0,78.0,78.0,50.0,68.0,2023,159.22,18422227004882
2051.0,2,,69.0,82.0,82.0,52.0,70.0,2413,156.87,17140887320068
2051.0,3,,69.0,78.0,78.0,52.0,69.0,2352,156.89,17217519364501
2056.0,0,,68.0,76.0,76.0,51.0,70.0,2225,180.65,34291516194458
2057.0,1,,67.0,78.0,78.0,51.0,68.0,2004,178.70,18423243828002
2057.0,2,,72.0,80.0,80.0,53.0,72.0,2374,177.43,17141896876953
2057.0,3,,73.0,78.0,78.0,53.0,71.0,2521,177.03,17218526684509
2062.0,0,,68.0,76.0,76.0,51.0,69.0,2321,167.45,34292468965820
2062.0,1,,67.0,78.0,78.0,50.0,68.0,2204,165.82,18424188978942
2062.0,2,100.00,69.0,82.0,82.0,52.0,70.0,2622,164.20,17142832841918
2063.0,3,,69.0,78.0,78.0,52.0,70.0,2663,163.54,17219458858764
2068.0,0,,68.0,76.0,76.0,51.0,69.0,2230,161.73,34293390845031
2068.0,1,,67.0,78.0,78.0,50.0,68.0,2115,159.40,18425097543884
2068.0,2,,69.0,82.0,82.0,52.0,70.0,2484,157.06,17143728078308
2068.0,3,,69.0,78.0,78.0,52.0,70.0,2474,157.26,17220355256469
2074.0,0,,67.0,76.0,76.0,51.0,69.0,2108,156.51,34294282950439
2074.0,1,,67.0,78.0,78.0,50.0,67.0,1949,156.69,18425990684692
2074.0,2,,68.0,80.0,82.0,52.0,70.0,2307,155.25,17144612995788
2074.0,3,,68.0,78.0,78.0,51.0,69.0,2320,152.60,17221223572753
2079.0,0,0.00,64.0,76.0,76.0,48.0,66.0,2068,67.83,34294668895263
2079.0,1,0.00,63.0,78.0,78.0,48.0,65.0,1903,73.16,18426405494567
2080.0,2,0.00,65.0,82.0,82.0,50.0,67.0,2296,71.83,17145020255615
2080.0,3,0.00,65.0,78.0,78.0,49.0,66.0,2306,73.87,17221642433654
2085.0,0,0.00,63.0,76.0,76.0,48.0,65.0,1587,58.34,34294999708374
2085.0,1,0.00,62.0,78.0,78.0,47.0,64.0,1587,58.88,18426739922912
2085.0,2,0.00,64.0,82.0,82.0,49.0,66.0,1914,56.97,17145343255187
2085.0,3,0.00,64.0,78.0,78.0,48.0,65.0,1905,57.39,17221967834899
2091.0,0,0.00,62.0,76.0,76.0,47.0,64.0,1470,58.36,34295330634887
2091.0,1,0.00,62.0,78.0,78.0,46.0,63.0,1501,58.38,18427071501281
2091.0,2,0.00,64.0,82.0,82.0,48.0,65.0,1565,56.51,17145664241638
2091.0,3,100.00,67.0,74.0,74.0,50.0,68.0,1564,117.94,17222637761962
2096.0,0,0.00,62.0,76.0,76.0,47.0,64.0,1501,58.44,34295662552673
2096.0,1,0.00,61.0,78.0,78.0,46.0,62.0,1448,58.64,18427403981750
2097.0,2,0.00,63.0,82.0,82.0,48.0,65.0,1490,56.65,17145986038574
2097.0,3,,68.0,76.0,74.0,51.0,68.0,1828,145.02,17223461486328
2102.0,0,0.00,61.0,76.0,76.0,47.0,63.0,1459,58.07,34295992380249
2102.0,1,0.00,60.0,78.0,78.0,46.0,62.0,1448,58.05,18427733718383
2102.0,2,0.00,63.0,82.0,82.0,48.0,65.0,1522,56.46,17146306745300
2102.0,3,100.00,68.0,76.0,76.0,51.0,69.0,2041,145.40,17224287370117
2108.0,0,,64.0,68.0,68.0,48.0,66.0,1447,110.89,34296622218322
2108.0,1,,63.0,72.0,72.0,47.0,64.0,1424,112.54,18428374097595
2108.0,2,100.00,65.0,74.0,74.0,49.0,67.0,1496,112.71,17146948038940
2108.0,3,,68.0,76.0,76.0,51.0,69.0,2135,151.84,17225152852050
2113.0,0,,65.0,70.0,70.0,49.0,67.0,1431,147.29,34297463217285
2113.0,1,,64.0,74.0,72.0,48.0,65.0,1410,145.49,18429203409545
2114.0,2,100.00,67.0,76.0,76.0,50.0,67.0,1569,141.95,17147757132080
2114.0,3,100.00,68.0,76.0,76.0,51.0,69.0,2275,144.25,17225975079467
2119.0,0,,66.0,70.0,70.0,49.0,67.0,1527,148.61,34298308783264
2119.0,1,,65.0,74.0,74.0,49.0,65.0,1433,145.49,18430032680419
2119.0,2,100.00,67.0,76.0,76.0,51.0,68.0,1770,142.18,17148567585021
2119.0,3,,68.0,76.0,76.0,51.0,69.0,2243,144.25,17226797288452
2125.0,0,,67.0,72.0,72.0,50.0,69.0,1707,156.75,34299202279663
2125.0,1,100.00,66.0,74.0,74.0,49.0,67.0,1527,154.46,18430913125671
2125.0,2,100.00,67.0,78.0,76.0,51.0,69.0,1979,151.53,17149431334167
2125.0,3,,68.0,76.0,76.0,51.0,69.0,2168,151.99,17227663658447
2130.0,0,,67.0,72.0,72.0,50.0,68.0,1863,148.93,34300051168334
2131.0,1,,66.0,74.0,74.0,50.0,67.0,1653,147.42,18431753437988
2131.0,2,100.00,67.0,78.0,78.0,51.0,69.0,2085,141.34,17150236983642
2131.0,3,,68.0,76.0,76.0,51.0,69.0,2276,144.29,17228486109863
2136.0,0,,67.0,72.0,74.0,50.0,69.0,1875,149.02,34300900565917
2136.0,1,,66.0,76.0,76.0,50.0,67.0,1779,147.55,18432594446838
2136.0,2,100.00,68.0,78.0,78.0,51.0,69.0,2093,142.97,17151051907897
2137.0,3,,68.0,76.0,76.0,51.0,69.0,2293,144.71,17229310964111
2142.0,0,100.00,67.0,74.0,74.0,51.0,69.0,1967,156.91,34301796518554
2142.0,1,,66.0,76.0,76.0,50.0,67.0,1873,155.45,18433482072814
2142.0,2,100.00,68.0,78.0,78.0,51.0,69.0,2136,149.62,17151906229248
2142.0,3,,68.0,76.0,76.0,51.0,69.0,2283,152.24,17230178731994
2148.0,0,,67.0,74.0,74.0,50.0,68.0,2074,149.16,34302646746520
2148.0,1,,66.0,76.0,76.0,50.0,67.0,1885,147.69,18434323930847
2148.0,2,,68.0,78.0,78.0,51.0,69.0,2158,142.18,17152715221496
2148.0,3,,68.0,76.0,76.0,51.0,69.0,2297,144.43,17231002008666
2153.0,0,100.00,67.0,74.0,74.0,50.0,69.0,1980,149.16,34303496982055
2153.0,1,,66.0,76.0,76.0,50.0,67.0,1885,147.99,18435165988525
2154.0,2,100.00,68.0,78.0,78.0,51.0,69.0,2107,142.12,17153525328002
2154.0,3,,68.0,76.0,76.0,51.0,69.0,2296,144.47,17231825483215
2159.0,0,100.00,67.0,74.0,74.0,51.0,69.0,1938,156.03,34304384799316
2159.0,1,,66.0,76.0,76.0,50.0,67.0,1886,155.01,18436049561340
2159.0,2,97.89,68.0,78.0,78.0,52.0,70.0,2096,150.36,17154382362182
2159.0,3,100.00,68.0,76.0,76.0,51.0,69.0,2263,152.13,17232692632934
2165.0,0,,67.0,74.0,74.0,51.0,69.0,2074,148.49,34305231217651
2165.0,1,,66.0,76.0,76.0,50.0,67.0,1883,147.71,18436891526916
2165.0,2,,68.0,78.0,78.0,52.0,70.0,2253,141.82,17155190718261
2165.0,3,,68.0,76.0,78.0,51.0,69.0,2296,144.46,17233516065490
2170.0,0,,67.0,74.0,74.0,50.0,68.0,2000,148.38,34306076993896
2170.0,1,,66.0,76.0,76.0,50.0,67.0,1895,147.79,18437733916320
2171.0,2,,68.0,78.0,80.0,52.0,70.0,2231,143.23,17156007132751
2171.0,3,,68.0,76.0,76.0,51.0,69.0,2293,144.79,17234341345520
2176.0,0,97.53,67.0,74.0,74.0,51.0,69.0,1936,155.80,34306966629089
2176.0,1,,67.0,76.0,76.0,50.0,67.0,1883,154.59,18438616644104
2176.0,2,100.00,68.0,80.0,80.0,51.0,70.0,2126,143.26,17156823712463
2177.0,3,,68.0,76.0,76.0,51.0,69.0,2283,152.73,17235213461853
2182.0,0,,67.0,74.0,74.0,51.0,68.0,2055,148.32,34307812075622
2182.0,1,,66.0,76.0,76.0,50.0,67.0,1887,146.78,18439451833251
2182.0,2,,68.0,80.0,80.0,52.0,70.0,2223,151.28,17157686036132
2182.0,3,,68.0,76.0,76.0,51.0,69.0,2298,144.50,17236035640441
2187.0,0,,67.0,74.0,74.0,51.0,69.0,2053,148.54,34308657276855
2188.0,1,,66.0,78.0,78.0,50.0,67.0,1895,146.77,18440288405700
2188.0,2,,68.0,80.0,80.0,51.0,69.0,2284,143.53,17158504139282
2188.0,3,,68.0,78.0,76.0,51.0,69.0,2283,144.42,17236858854431
2193.0,0,,67.0,74.0,74.0,51.0,69.0,1949,156.35,34309548447631
2193.0,1,,66.0,78.0,76.0,50.0,67.0,1886,154.12,18441166873962
2193.0,2,99.65,71.0,78.0,78.0,52.0,70.0,2140,146.22,17159337612915
2194.0,3,,68.0,76.0,76.0,51.0,69.0,2300,152.91,17237728908630
2199.0,0,,67.0,74.0,74.0,51.0,69.0,2066,148.52,34310395013427
2199.0,1,,66.0,78.0,78.0,50.0,67.0,1886,146.52,18442002047424
2199.0,2,,68.0,80.0,80.0,51.0,69.0,2264,145.89,17160167707397
2199.0,3,,68.0,76.0,76.0,51.0,69.0,2295,144.03,17238549893493
2205.0,0,,67.0,74.0,74.0,50.0,68.0,2085,149.12,34311243533447
2205.0,1,,66.0,78.0,78.0,50.0,67.0,1887,146.74,18442836979431
2205.0,2,,68.0,80.0,80.0,51.0,69.0,2183,140.78,17160970135437
2205.0,3,,68.0,78.0,76.0,51.0,69.0,2298,143.92,17239370259460
2210.0,0,,67.0,74.0,74.0,51.0,69.0,1929,156.46,34312135365539
2210.0,1,,66.0,76.0,78.0,50.0,67.0,1895,154.15,18443715625366
2211.0,2,100.00,72.0,78.0,80.0,53.0,71.0,2097,142.26,17161779619140
2211.0,3,98.36,68.0,76.0,76.0,51.0,69.0,2288,152.20,17240236288452
2216.0,0,,67.0,74.0,74.0,51.0,69.0,2056,148.44,34312979990966
2216.0,1,,67.0,78.0,78.0,50.0,67.0,1888,146.90,18444551470275
2216.0,2,,68.0,80.0,80.0,51.0,70.0,2233,151.38,17162642459655
2216.0,3,,68.0,76.0,76.0,51.0,69.0,2296,143.86,17241056313232
2222.0,0,,67.0,74.0,76.0,51.0,69.0,2096,148.49,34313826397277
2222.0,1,,67.0,78.0,78.0,50.0,67.0,1885,146.72,18445387768920
2222.0,2,,68.0,80.0,80.0,51.0,69.0,2287,142.96,17163455908508
2222.0,3,,68.0,76.0,76.0,51.0,69.0,2288,143.39,17241872223327
2227.0,0,,67.0,74.0,74.0,51.0,69.0,1974,156.38,34314716182373
2227.0,1,,66.0,78.0,78.0,50.0,67.0,1933,153.95,18446262189270
2228.0,2,,68.0,80.0,80.0,52.0,69.0,2164,141.54,17164261290832
2228.0,3,98.02,71.0,76.0,76.0,52.0,70.0,2291,152.01,17242737135070
2233.0,0,,67.0,74.0,76.0,51.0,69.0,2066,148.57,34315561551452
2233.0,1,,67.0,78.0,78.0,50.0,67.0,1918,145.04,18447088903991
2233.0,2,,68.0,80.0,80.0,51.0,70.0,2202,152.37,17165129793212
2233.0,3,,68.0,78.0,78.0,51.0,69.0,2296,145.38,17243564330017
2239.0,0,,67.0,74.0,76.0,51.0,69.0,2023,148.33,34316407051208
2239.0,1,,66.0,78.0,78.0,50.0,67.0,1897,145.47,18447916640136
2239.0,2,100.00,68.0,80.0,80.0,52.0,70.0,2287,143.74,17165947663391
2239.0,3,,68.0,76.0,78.0,51.0,69.0,2297,144.32,17244386948730
2244.0,0,0.00,65.0,76.0,76.0,49.0,67.0,1910,114.91,34317059757568
2245.0,1,0.00,64.0,78.0,78.0,48.0,65.0,1858,112.00,18448553932800
2245.0,2,,68.0,80.0,80.0,51.0,69.0,2156,143.65,17166763589477
2245.0,3,,67.0,78.0,78.0,51.0,68.0,2286,136.60,17245161482666
2250.0,0,0.00,63.0,76.0,76.0,48.0,66.0,1745,58.74,34317393393371
2250.0,1,0.00,63.0,78.0,78.0,47.0,64.0,1577,59.25,18448889859924
2250.0,2,0.00,65.0,80.0,80.0,50.0,67.0,2159,75.71,17167192888549
2250.0,3,0.00,65.0,78.0,78.0,49.0,66.0,2222,58.34,17245492243286
2256.0,0,0.00,62.0,76.0,76.0,48.0,65.0,1493,58.30,34317723941040
2256.0,1,0.00,62.0,78.0,78.0,47.0,63.0,1525,58.65,18449222396911
2256.0,2,0.00,64.0,80.0,80.0,49.0,65.0,1906,57.26,17167517546386
2256.0,3,0.00,64.0,78.0,78.0,48.0,65.0,1747,57.37,17245817508544
2261.0,0,,65.0,70.0,70.0,49.0,67.0,1502,108.15,34318337149658
2262.0,1,0.00,61.0,78.0,78.0,46.0,62.0,1458,58.25,18449553275085
2262.0,2,0.00,63.0,80.0,80.0,48.0,65.0,1554,56.33,17167837494628
2262.0,3,0.00,63.0,78.0,78.0,48.0,65.0,1524,57.10,17246141818542
2267.0,0,,66.0,72.0,72.0,50.0,68.0,1502,147.54,34319175183288
2267.0,1,0.00,61.0,78.0,78.0,46.0,62.0,1450,58.40,18449884416687
2267.0,2,0.00,63.0,80.0,80.0,48.0,65.0,1524,56.60,17168158409667
2268.0,3,0.00,63.0,78.0,78.0,47.0,64.0,1523,57.43,17246467435058
2273.0,0,100.00,66.0,72.0,72.0,50.0,68.0,1670,148.69,34320018236877
2273.0,1,0.00,60.0,78.0,78.0,45.0,61.0,1437,58.32,18450215663208
2273.0,2,0.00,63.0,80.0,80.0,48.0,64.0,1521,56.47,17168479151062
2273.0,3,0.00,63.0,78.0,78.0,47.0,64.0,1478,57.21,17246792934997
2278.0,0,,67.0,72.0,72.0,51.0,68.0,1892,155.64,34320902249328
2279.0,1,,63.0,70.0,70.0,47.0,63.0,1426,106.89,18450822775268
2279.0,2,100.00,65.0,74.0,74.0,49.0,66.0,1498,107.48,17169090728393
2279.0,3,100.00,65.0,70.0,70.0,49.0,66.0,1487,111.19,17247424495605
2284.0,0,,67.0,74.0,74.0,50.0,69.0,1920,148.75,34321748616638
2284.0,1,,64.0,72.0,72.0,48.0,65.0,1403,145.30,18451649515930
2284.0,2,100.00,67.0,76.0,76.0,50.0,67.0,1529,141.61,17169896509826
2285.0,3,,67.0,72.0,72.0,50.0,67.0,1572,142.88,17248237466491
2290.0,0,,67.0,74.0,74.0,51.0,69.0,1908,149.02,34322598012268
2290.0,1,100.00,65.0,74.0,74.0,49.0,66.0,1434,145.72,18452478655822
2290.0,2,100.00,67.0,76.0,76.0,50.0,68.0,1698,141.08,17170699239990
2290.0,3,,67.0,72.0,72.0,50.0,68.0,1824,142.78,17249051319091
2295.0,0,100.00,67.0,74.0,74.0,51.0,69.0,2056,156.30,34323487384826
2296.0,1,,65.0,74.0,74.0,49.0,66.0,1550,154.14,18453357257690
2296.0,2,100.00,67.0,76.0,76.0,51.0,69.0,1896,150.38,17171554877685
2296.0,3,,68.0,74.0,74.0,51.0,69.0,2043,152.37,17249918299438
2301.0,0,,67.0,74.0,74.0,51.0,68.0,2087,149.48,34324337941528
2301.0,1,,66.0,74.0,74.0,49.0,67.0,1665,146.47,18454190685058
2301.0,2,100.00,68.0,78.0,78.0,51.0,69.0,2055,142.02,17172364393737
2302.0,3,,68.0,74.0,74.0,51.0,69.0,2129,143.03,17250733580993
2307.0,0,,67.0,74.0,74.0,50.0,69.0,2022,149.47,34325189908813
2307.0,1,,66.0,74.0,74.0,50.0,67.0,1685,146.45,18455025469787
2307.0,2,100.00,68.0,78.0,78.0,51.0,69.0,2095,141.87,17173173029663
2307.0,3,100.00,68.0,74.0,74.0,51.0,69.0,2105,143.19,17251549740600
2313.0,0,,67.0,74.0,74.0,51.0,69.0,1947,157.27,34326086339538
2313.0,1,,66.0,74.0,74.0,50.0,68.0,1799,154.40,18455905537597
2313.0,2,97.64,68.0,78.0,78.0,52.0,69.0,2105,150.45,17174030589416
2313.0,3,,68.0,74.0,76.0,51.0,69.0,2147,152.20,17252417298522
2318.0,0,,67.0,74.0,74.0,51.0,69.0,2064,149.22,34326936872253
2318.0,1,,66.0,76.0,76.0,50.0,67.0,1876,145.75,18456736295471
2319.0,2,100.00,68.0,78.0,78.0,51.0,69.0,2150,142.19,17174841052795
2319.0,3,,68.0,76.0,76.0,51.0,69.0,2278,143.67,17253234797058
2324.0,0,100.00,67.0,74.0,74.0,50.0,69.0,2045,148.10,34327781023803
2324.0,1,,66.0,76.0,76.0,50.0,67.0,1886,145.81,18457567425537
2324.0,2,100.00,68.0,78.0,78.0,51.0,69.0,2109,143.19,17175655824340
2324.0,3,,68.0,76.0,76.0,51.0,69.0,2288,144.46,17254058240783
2330.0,0,,67.0,74.0,74.0,51.0,69.0,1951,156.49,34328671449096
2330.0,1,97.73,66.0,76.0,76.0,50.0,67.0,1887,153.95,18458443414489
2330.0,2,97.93,68.0,78.0,78.0,52.0,70.0,2108,151.06,17176516858398
2330.0,3,,68.0,76.0,76.0,51.0,69.0,2286,152.11,17254923757324
2335.0,0,,67.0,74.0,74.0,51.0,69.0,2064,149.35,34329522734130
2336.0,1,,66.0,76.0,76.0,50.0,67.0,1885,147.08,18459281766296
2336.0,2,100.00,68.0,78.0,78.0,51.0,70.0,2263,142.37,17177328351623
2336.0,3,,68.0,76.0,76.0,51.0,69.0,2293,143.82,17255744967895
2341.0,0,,67.0,74.0,76.0,50.0,68.0,2011,148.76,34330370664855
2341.0,1,,66.0,76.0,76.0,50.0,67.0,1895,147.13,18460120425476
2341.0,2,100.00,68.0,80.0,80.0,51.0,69.0,2190,143.16,17178144381164
2342.0,3,,68.0,76.0,76.0,51.0,69.0,2212,143.85,17256563467163
2347.0,0,99.50,67.0,74.0,74.0,51.0,69.0,1930,156.84,34331263061889
2347.0,1,,70.0,76.0,76.0,51.0,68.0,1888,148.67,18460966338073
2347.0,2,97.70,68.0,80.0,78.0,52.0,70.0,2121,151.95,17179008949584
2347.0,3,,68.0,76.0,76.0,51.0,69.0,2164,151.01,17257422733032
2352.0,0,,67.0,74.0,74.0,51.0,69.0,2057,148.44,34332107674316
2353.0,1,,66.0,76.0,76.0,50.0,67.0,1888,152.52,18461834199523
2353.0,2,100.00,68.0,80.0,80.0,52.0,69.0,2267,143.82,17179827289978
2353.0,3,,68.0,76.0,76.0,51.0,69.0,2277,142.79,17258235187072
2358.0,0,,67.0,76.0,74.0,51.0,69.0,2087,149.40,34332957763854
2358.0,1,,66.0,76.0,76.0,50.0,67.0,1887,146.05,18462665251953
2358.0,2,,68.0,80.0,80.0,51.0,69.0,2245,143.79,17180645472656
2359.0,3,,68.0,76.0,76.0,51.0,69.0,2299,143.13,17259049603332
2364.0,0,99.96,67.0,76.0,74.0,51.0,69.0,2016,157.35,34333853085449
2364.0,1,97.62,67.0,76.0,76.0,50.0,68.0,1890,153.77,18463540221618
2364.0,2,99.92,68.0,80.0,80.0,52.0,70.0,2142,152.28,17181511953430
2364.0,3,,68.0,76.0,76.0,51.0,69.0,2288,151.71,17259912838012
2370.0,0,,67.0,76.0,76.0,51.0,69.0,2066,148.72,34334699293701
2370.0,1,,66.0,76.0,76.0,50.0,67.0,1885,146.27,18464372503051
2370.0,2,100.00,68.0,80.0,80.0,52.0,70.0,2265,143.76,17182329947204
2370.0,3,,68.0,76.0,76.0,51.0,69.0,2295,144.21,17260734852233
2375.0,0,100.00,67.0,76.0,76.0,50.0,69.0,2010,148.23,34335545693847
2375.0,1,,66.0,76.0,76.0,50.0,67.0,1885,144.12,18465193984863
2376.0,2,,68.0,80.0,80.0,51.0,69.0,2284,143.52,17183147991149
2376.0,3,,68.0,76.0,76.0,51.0,69.0,2285,144.13,17261556385375
2381.0,0,97.52,67.0,74.0,74.0,51.0,69.0,1917,156.06,34336433654846
2381.0,1,97.78,66.0,76.0,76.0,50.0,67.0,1886,153.79,18466070584350
2381.0,2,99.96,68.0,80.0,80.0,52.0,70.0,2130,152.04,17184014604064
2381.0,3,97.59,68.0,76.0,76.0,51.0,69.0,2288,151.85,17262421921447
2387.0,0,,67.0,76.0,76.0,51.0,69.0,2056,147.91,34337276759216
2387.0,1,,66.0,76.0,76.0,50.0,67.0,1887,146.22,18466902552246
2387.0,2,,68.0,80.0,80.0,51.0,69.0,2276,143.89,17184833344421
2387.0,3,,68.0,76.0,76.0,51.0,69.0,2298,143.95,17263241016540
2392.0,0,,67.0,76.0,74.0,50.0,69.0,2096,148.72,34338122955749
2392.0,1,,66.0,78.0,78.0,50.0,67.0,1885,146.08,18467735187072
2393.0,2,100.00,68.0,80.0,80.0,51.0,69.0,2265,143.71,17185652469604
2393.0,3,,68.0,76.0,78.0,51.0,69.0,2286,143.98,17264061716735
2398.0,0,97.60,67.0,74.0,74.0,51.0,69.0,1961,156.38,34339012753173
2398.0,1,,69.0,76.0,76.0,51.0,68.0,1888,146.13,18468566692199
2398.0,2,97.81,68.0,80.0,80.0,51.0,69.0,2175,152.15,17186516664794
2398.0,3,97.70,68.0,76.0,76.0,51.0,69.0,2292,152.27,17264926585266
2404.0,0,,67.0,74.0,74.0,51.0,69.0,2058,149.36,34339862593627
2404.0,1,,66.0,78.0,76.0,50.0,67.0,1888,154.60,18469446380676
2404.0,2,,68.0,80.0,80.0,51.0,69.0,2275,143.78,17187336196289
2404.0,3,,68.0,76.0,76.0,51.0,69.0,2295,143.97,17265747219604
2409.0,0,100.00,67.0,76.0,76.0,51.0,69.0,2084,149.34,34340713819458
2410.0,1,,66.0,78.0,78.0,50.0,67.0,1885,146.81,18470283201171
2410.0,2,,68.0,80.0,80.0,51.0,69.0,2189,143.71,17188155324218
2410.0,3,,68.0,76.0,76.0,51.0,69.0,2284,143.81,17266566959777
2415.0,0,25.30,65.0,76.0,76.0,49.0,67.0,1992,128.56,34341446622924
2415.0,1,,65.0,78.0,78.0,49.0,67.0,1890,145.83,18471112971008
2415.0,2,5.46,66.0,80.0,80.0,50.0,67.0,2105,113.54,17188800223266
2416.0,3,59.65,66.0,76.0,76.0,50.0,67.0,2287,124.20,17267271156555
2421.0,0,0.00,63.0,76.0,76.0,48.0,66.0,1788,58.77,34341779860290
2421.0,1,0.00,63.0,78.0,78.0,48.0,64.0,1872,59.53,18471450487854
2421.0,2,0.00,65.0,80.0,80.0,49.0,66.0,2030,57.34,17189125320556
2421.0,3,0.00,65.0,76.0,76.0,49.0,66.0,1989,57.73,17267598510192
2426.0,0,0.00,63.0,76.0,76.0,48.0,65.0,1523,58.42,34342111120422
2427.0,1,0.00,62.0,78.0,78.0,47.0,63.0,1492,59.08,18471785497741
2427.0,2,0.00,64.0,80.0,80.0,48.0,66.0,1651,57.12,17189449186462
2427.0,3,0.00,64.0,76.0,76.0,48.0,65.0,1630,57.43,17267924693725
2432.0,0,0.00,62.0,76.0,76.0,47.0,64.0,1524,58.17,34342441550842
2432.0,1,0.00,61.0,78.0,78.0,46.0,62.0,1503,58.30,18472116077697
2432.0,2,0.00,64.0,80.0,80.0,48.0,65.0,1534,56.27,17189768825988
2433.0,3,,67.0,74.0,74.0,50.0,68.0,1620,139.40,17268713708251
2438.0,0,0.00,62.0,76.0,76.0,47.0,64.0,1450,58.40,34342772111145
2438.0,1,0.00,61.0,78.0,78.0,46.0,62.0,1460,58.23,18472446809814
2438.0,2,0.00,63.0,80.0,80.0,48.0,65.0,1524,56.48,17190089087036
2438.0,3,100.00,67.0,74.0,74.0,51.0,68.0,1861,143.51,17269528853576
2443.0,0,0.00,61.0,76.0,76.0,47.0,63.0,1460,58.27,34343103100463
2444.0,1,0.00,60.0,78.0,78.0,46.0,62.0,1417,58.40,18472777934570
2444.0,2,0.00,62.0,80.0,80.0,48.0,64.0,1522,56.40,17190409453430
2444.0,3,100.00,68.0,76.0,76.0,51.0,68.0,2050,145.03,17270352647949
2449.0,0,,64.0,68.0,68.0,48.0,65.0,1447,129.25,34343837231567
2449.0,1,,63.0,72.0,72.0,47.0,65.0,1414,130.37,18473519723144
2449.0,2,100.00,65.0,74.0,74.0,50.0,67.0,1475,129.82,17191148130126
2450.0,3,,68.0,76.0,76.0,51.0,69.0,2179,150.67,17271211472961
2455.0,0,,65.0,70.0,70.0,49.0,67.0,1444,146.75,34344672255432
2455.0,1,,64.0,72.0,72.0,48.0,66.0,1412,146.34,18474352416015
2455.0,2,100.00,66.0,76.0,76.0,50.0,68.0,1583,141.01,17191950457702
2455.0,3,,68.0,76.0,76.0,51.0,68.0,2176,143.41,17272026055175
2461.0,0,,66.0,70.0,70.0,50.0,68.0,1540,147.29,34345510318115
2461.0,1,,65.0,74.0,74.0,49.0,66.0,1445,146.57,18475186384338
2461.0,2,100.00,67.0,76.0,76.0,51.0,69.0,1792,140.60,17192750486145
2461.0,3,,68.0,76.0,76.0,51.0,69.0,2106,144.33,17272848722229
2466.0,0,,67.0,72.0,72.0,50.0,68.0,1760,155.63,34346397385253
2466.0,1,,66.0,74.0,74.0,49.0,67.0,1540,154.75,18476068477783
2467.0,2,100.00,67.0,78.0,76.0,51.0,69.0,1982,151.31,17193611417968
2467.0,3,,68.0,76.0,76.0,51.0,69.0,2170,152.34,17273715519042
2472.0,0,,67.0,72.0,72.0,50.0,69.0,1865,147.71,34347237874267
2472.0,1,,66.0,74.0,74.0,50.0,67.0,1664,146.98,18476904773681
2472.0,2,,68.0,78.0,78.0,51.0,69.0,2075,143.12,17194427226989
2472.0,3,,68.0,76.0,76.0,51.0,69.0,2276,144.32,17274538155700
2478.0,0,,67.0,72.0,72.0,50.0,68.0,1888,147.46,34348078392578
2478.0,1,,66.0,76.0,74.0,50.0,67.0,1803,147.49,18477743993469
2478.0,2,100.00,67.0,78.0,78.0,51.0,70.0,2099,142.97,17195240718505
2478.0,3,,68.0,76.0,76.0,51.0,69.0,2289,144.66,17275361263977
2483.0,0,,67.0,74.0,72.0,50.0,69.0,1970,156.60,34348969435241
2483.0,1,,67.0,76.0,76.0,50.0,67.0,1875,155.14,18478628310058
2484.0,2,,68.0,78.0,78.0,51.0,69.0,2169,151.35,17196103399230
2484.0,3,,68.0,76.0,76.0,52.0,69.0,2295,152.03,17276227858154
2489.0,0,,67.0,74.0,74.0,50.0,69.0,2001,148.16,34349813950622
2489.0,1,,66.0,76.0,76.0,50.0,67.0,1884,146.66,18479464245361
2489.0,2,100.00,68.0,78.0,78.0,51.0,70.0,2168,143.59,17196921834533
2489.0,3,,68.0,76.0,78.0,51.0,69.0,2294,144.71,17277052724060
2495.0,0,,67.0,74.0,74.0,51.0,69.0,1905,147.83,34350656609436
2495.0,1,,66.0,76.0,76.0,50.0,67.0,1885,146.53,18480299461791
2495.0,2,,68.0,78.0,78.0,51.0,69.0,2098,143.39,17197739147033
2495.0,3,,68.0,78.0,76.0,51.0,69.0,2288,144.49,17277876317443
2500.0,0,100.00,67.0,74.0,74.0,51.0,69.0,1951,155.32,34351540395324
2501.0,1,,66.0,76.0,76.0,50.0,67.0,1887,154.45,18481178291931
2501.0,2,97.77,68.0,78.0,78.0,52.0,70.0,2129,151.58,17198601618225
2501.0,3,,68.0,76.0,76.0,51.0,69.0,2297,152.64,17278744843322
2506.0,0,,67.0,74.0,74.0,51.0,69.0,2074,148.59,34352388834716
2506.0,1,,66.0,76.0,76.0,50.0,67.0,1884,146.43,18482014421508
2506.0,2,100.00,68.0,80.0,78.0,51.0,69.0,2263,143.02,17199416810485
2507.0,3,,68.0,76.0,76.0,51.0,69.0,2284,144.64,17279569275695
2512.0,0,,67.0,74.0,74.0,50.0,69.0,2021,148.68,34353236308044
2512.0,1,,66.0,76.0,76.0,50.0,67.0,1896,146.63,18482850206298
2512.0,2,100.00,68.0,80.0,80.0,51.0,69.0,2200,143.09,17200232428894
2512.0,3,,68.0,76.0,76.0,51.0,69.0,2295,144.70,17280394038269
2517.0,0,,67.0,74.0,74.0,51.0,69.0,1937,156.08,34354125978149
2518.0,1,,66.0,76.0,76.0,50.0,67.0,1884,154.08,18483728487915
2518.0,2,97.52,68.0,80.0,78.0,52.0,70.0,2116,151.89,17201098193359
2518.0,3,,68.0,76.0,76.0,51.0,69.0,2296,153.09,17281266626342
2523.0,0,,67.0,74.0,74.0,51.0,69.0,2064,148.89,34354974679077
2523.0,1,,67.0,78.0,76.0,50.0,67.0,1885,146.26,18484562196716
2524.0,2,,68.0,80.0,80.0,51.0,69.0,2263,143.54,17201917812683
2524.0,3,,68.0,76.0,78.0,51.0,69.0,2294,144.59,17282090760864
2529.0,0,,67.0,74.0,74.0,50.0,68.0,2020,148.25,34355819703125
2529.0,1,,66.0,78.0,78.0,50.0,67.0,1883,146.85,18485399244628
2529.0,2,100.00,68.0,80.0,80.0,51.0,69.0,2273,143.62,17202736467407
2529.0,3,,68.0,78.0,76.0,51.0,69.0,2286,144.63,17282915140197
2535.0,0,,67.0,74.0,74.0,51.0,69.0,1938,156.43,34356711366455
2535.0,1,,67.0,78.0,78.0,50.0,68.0,1886,154.00,18486277049560
2535.0,2,97.65,68.0,80.0,80.0,52.0,70.0,2172,151.91,17203600853637
2535.0,3,,68.0,78.0,76.0,51.0,69.0,2264,152.99,17283787190551
2540.0,0,,67.0,74.0,74.0,50.0,69.0,2075,147.86,34357554190185
2540.0,1,,66.0,78.0,78.0,50.0,67.0,1885,146.40,18487111509643
2541.0,2,100.00,68.0,80.0,80.0,51.0,69.0,2264,143.30,17204417644592
2541.0,3,,68.0,76.0,76.0,51.0,69.0,2296,144.64,17284611628784
2546.0,0,,67.0,74.0,74.0,50.0,69.0,1981,148.04,34358396527038
2546.0,1,,66.0,78.0,78.0,50.0,67.0,1888,146.76,18487946586181
2546.0,2,,68.0,80.0,80.0,51.0,70.0,2172,143.25,17205232750244
2546.0,3,,68.0,76.0,76.0,51.0,69.0,2288,144.68,17285434867736
2552.0,0,97.84,67.0,74.0,74.0,51.0,69.0,1918,156.22,34359286990722
2552.0,1,,66.0,78.0,76.0,50.0,67.0,1885,154.50,18488825668945
2552.0,2,,68.0,80.0,80.0,52.0,70.0,2138,151.78,17206097905456
2552.0,3,,68.0,76.0,78.0,51.0,69.0,2287,152.19,17286302362121
2557.0,0,,67.0,74.0,74.0,51.0,68.0,2057,149.20,34360134475097
2558.0,1,,66.0,78.0,78.0,50.0,67.0,1888,145.78,18489655148315
2558.0,2,,68.0,80.0,80.0,51.0,69.0,2276,142.13,17206906637878
2558.0,3,,68.0,76.0,78.0,51.0,69.0,2297,144.80,17287126277343
2563.0,0,,67.0,74.0,74.0,51.0,68.0,2096,148.83,34360982786315
2563.0,1,,66.0,78.0,78.0,50.0,67.0,1884,146.57,18490487641540
2563.0,2,,68.0,80.0,80.0,51.0,69.0,2222,142.67,17207714126037
2563.0,3,,68.0,78.0,76.0,51.0,69.0,2285,144.62,17287940492797
2569.0,0,99.99,67.0,74.0,74.0,51.0,69.0,1965,156.86,34361864312011
2569.0,1,,66.0,78.0,78.0,50.0,67.0,1892,154.07,18491356594360
2569.0,2,100.00,68.0,80.0,80.0,52.0,69.0,2180,150.75,17208567368896
2569.0,3,,68.0,76.0,76.0,51.0,69.0,2285,152.29,17288807002075
2574.0,0,,67.0,74.0,76.0,51.0,69.0,2042,148.78,34362712384521
2575.0,1,,66.0,78.0,78.0,50.0,68.0,1884,146.04,18492189038146
2575.0,2,,68.0,80.0,80.0,51.0,70.0,2286,142.28,17209378361083
2575.0,3,,68.0,76.0,78.0,51.0,69.0,2297,143.72,17289626212707
2580.0,0,,67.0,74.0,74.0,50.0,68.0,2057,148.63,34363559598693
2580.0,1,,66.0,78.0,78.0,50.0,67.0,1889,146.28,18493021372009
2580.0,2,,68.0,80.0,80.0,51.0,69.0,2162,140.94,17210180281555
2581.0,3,,68.0,78.0,76.0,51.0,69.0,2288,143.64,17290443502929
2586.0,0,57.32,65.0,76.0,76.0,50.0,67.0,1927,135.64,34364331364196
2586.0,1,0.00,64.0,78.0,78.0,48.0,65.0,1896,104.04,18493614417663
2586.0,2,0.00,66.0,80.0,80.0,50.0,67.0,2140,105.18,17210778738098
2586.0,3,0.00,65.0,78.0,78.0,49.0,67.0,2227,90.00,17290955623474
2591.0,0,0.00,64.0,76.0,76.0,48.0,65.0,1859,58.86,34364666302551
2592.0,1,0.00,63.0,78.0,78.0,47.0,64.0,1574,58.93,18493949114990
2592.0,2,0.00,64.0,80.0,80.0,49.0,66.0,2040,57.08,17211102963928
2592.0,3,0.00,64.0,78.0,78.0,48.0,65.0,1872,57.49,17291281579956
2597.0,0,0.00,63.0,76.0,76.0,48.0,64.0,1536,58.38,34364997311828
2597.0,1,0.00,62.0,78.0,78.0,47.0,63.0,1526,58.85,18494282200378
2597.0,2,0.00,64.0,80.0,80.0,48.0,65.0,1579,56.82,17211424540527
2598.0,3,0.00,64.0,78.0,78.0,48.0,65.0,1548,57.43,17291606653991
2603.0,0,100.00,66.0,72.0,72.0,50.0,68.0,1472,154.10,34365869500671
2603.0,1,0.00,61.0,78.0,78.0,46.0,62.0,1472,58.35,18494613055786
2603.0,2,0.00,63.0,80.0,80.0,48.0,65.0,1545,56.63,17211745611145
2603.0,3,0.00,63.0,78.0,78.0,48.0,64.0,1513,57.38,17291932564819
2608.0,0,100.00,66.0,72.0,72.0,50.0,68.0,1650,148.58,34366713461975
2609.0,1,0.00,61.0,78.0,78.0,46.0,62.0,1438,58.11,18494943117736
2609.0,2,0.00,63.0,80.0,80.0,48.0,64.0,1524,56.31,17212065430664
2609.0,3,0.00,63.0,78.0,78.0,47.0,64.0,1523,57.22,17292256981384
2614.0,0,,67.0,72.0,72.0,50.0,69.0,1830,148.80,34367557182739
2614.0,1,0.00,60.0,78.0,78.0,46.0,61.0,1428,58.29,18495273605529
2614.0,2,0.00,68.0,70.0,74.0,49.0,66.0,1484,58.28,17212395317260
2615.0,3,0.00,68.0,68.0,68.0,49.0,66.0,1522,64.38,17292620706420
2620.0,0,,67.0,74.0,74.0,51.0,68.0,1977,156.24,34368438382202
2620.0,1,,63.0,72.0,72.0,47.0,64.0,1392,152.28,18496133961975
2620.0,2,100.00,66.0,74.0,74.0,50.0,67.0,1481,149.32,17213241935668
2620.0,3,100.00,66.0,72.0,72.0,49.0,67.0,1506,149.21,17293469731079
2625.0,0,,67.0,74.0,74.0,51.0,69.0,1991,148.91,34369287181091
2626.0,1,,64.0,72.0,72.0,49.0,66.0,1422,145.58,18496963791748
2626.0,2,100.00,67.0,76.0,76.0,50.0,68.0,1590,141.35,17214047649658
2626.0,3,,67.0,72.0,72.0,50.0,68.0,1737,144.54,17294293614624
2631.0,0,100.00,67.0,74.0,74.0,51.0,69.0,1906,149.28,34370138053405
2631.0,1,,65.0,74.0,74.0,49.0,66.0,1454,146.08,18497796436767
2631.0,2,100.00,67.0,76.0,76.0,51.0,69.0,1824,151.22,17214908073913
2632.0,3,100.00,72.0,72.0,72.0,52.0,69.0,1931,146.91,17295129520324
2637.0,0,,67.0,74.0,74.0,51.0,69.0,2025,156.61,34371029144287
2637.0,1,,66.0,74.0,74.0,49.0,67.0,1603,154.06,18498673033935
2637.0,2,100.00,67.0,76.0,76.0,51.0,69.0,2043,142.30,17215719179870
2637.0,3,,68.0,74.0,74.0,51.0,69.0,2159,150.11,17295985122192
2643.0,0,,67.0,74.0,74.0,51.0,69.0,2087,148.57,34371874529174
2643.0,1,,66.0,74.0,76.0,50.0,67.0,1697,146.93,18499509065734
2643.0,2,100.00,67.0,78.0,78.0,51.0,69.0,2087,142.20,17216528307983
2643.0,3,,68.0,74.0,74.0,51.0,69.0,2119,144.29,17296806106262
2648.0,0,,67.0,74.0,74.0,50.0,69.0,1982,147.90,34372717555603
2648.0,1,,66.0,74.0,76.0,50.0,67.0,1856,147.12,18500346155151
2649.0,2,,67.0,78.0,78.0,51.0,69.0,2100,142.21,17217337484497
2649.0,3,,72.0,74.0,74.0,52.0,70.0,2100,150.61,17297663066040
2654.0,0,,67.0,74.0,74.0,51.0,69.0,2004,156.67,34373607431579
2654.0,1,,66.0,76.0,76.0,50.0,67.0,1888,153.58,18501220034606
2654.0,2,100.00,68.0,78.0,78.0,51.0,69.0,2151,150.96,17218196430664
2654.0,3,,68.0,76.0,76.0,51.0,69.0,2245,147.14,17298500272644
2660.0,0,,67.0,74.0,76.0,50.0,69.0,2064,148.43,34374453487976
2660.0,1,,66.0,76.0,76.0,50.0,67.0,1885,145.68,18502050420227
2660.0,2,100.00,68.0,78.0,78.0,51.0,69.0,2116,142.75,17219010115112
2660.0,3,,68.0,76.0,76.0,51.0,69.0,2294,144.82,17299325722045
2665.0,0,97.82,70.0,74.0,74.0,51.0,70.0,1928,151.29,34375315853881
2665.0,1,,66.0,76.0,76.0,50.0,67.0,1886,145.11,18502877562316
2666.0,2,100.00,68.0,78.0,78.0,51.0,69.0,2097,142.52,17219822507202
2666.0,3,,67.0,76.0,76.0,51.0,68.0,2291,144.66,17300148856872
2671.0,0,,67.0,74.0,74.0,51.0,69.0,2029,153.39,34376187114868
2671.0,1,,66.0,76.0,76.0,50.0,67.0,1891,153.36,18503748635742
2671.0,2,100.00,68.0,78.0,78.0,52.0,70.0,2166,150.39,17220675193969
2671.0,3,,68.0,76.0,76.0,51.0,69.0,2258,152.29,17301013869079
2677.0,0,,67.0,74.0,76.0,51.0,68.0,2088,148.94,34377034598327
2677.0,1,,66.0,76.0,76.0,49.0,67.0,1888,145.48,18504576424987
2677.0,2,,68.0,78.0,78.0,52.0,69.0,2215,141.05,17221477766784
2677.0,3,,68.0,76.0,76.0,51.0,69.0,2289,144.46,17301835864135
2682.0,0,97.87,70.0,74.0,74.0,52.0,70.0,1950,151.00,34377893806945
2683.0,1,,66.0,76.0,76.0,50.0,67.0,1887,145.08,18505401926147
2683.0,2,,68.0,78.0,78.0,51.0,69.0,2119,141.88,17222286456970
2683.0,3,,68.0,76.0,76.0,51.0,69.0,2172,144.71,17302659281433
2688.0,0,,67.0,74.0,74.0,51.0,69.0,2035,154.76,34378775920654
2688.0,1,,66.0,76.0,76.0,49.0,67.0,1887,153.61,18506275972106
2688.0,2,97.76,68.0,78.0,78.0,51.0,70.0,2118,150.17,17223140926391
2689.0,3,,68.0,76.0,76.0,51.0,69.0,2222,152.92,17303530949218
2694.0,0,,67.0,74.0,76.0,50.0,69.0,2085,148.92,34379624767456
2694.0,1,,66.0,76.0,76.0,50.0,67.0,1885,145.83,18507107186767
2694.0,2,,68.0,80.0,78.0,51.0,69.0,2264,141.22,17223945882995
2694.0,3,,68.0,76.0,78.0,51.0,69.0,2287,144.69,17304355690856
2699.0,0,,66.0,74.0,74.0,50.0,67.0,1930,148.91,34380472072937
2700.0,1,,66.0,76.0,76.0,50.0,67.0,1887,145.85,18507938504089
2700.0,2,,68.0,80.0,80.0,51.0,70.0,2151,141.01,17224749657653
2700.0,3,,68.0,76.0,76.0,51.0,69.0,2298,144.27,17305176614929
2705.0,0,,67.0,74.0,74.0,51.0,69.0,2044,156.86,34381364624877
2705.0,1,,66.0,76.0,78.0,50.0,67.0,1886,154.59,18508818104553
2705.0,2,97.67,68.0,80.0,80.0,52.0,69.0,2129,151.16,17225609744140
2706.0,3,100.00,68.0,76.0,76.0,52.0,69.0,2286,152.32,17306044848022
2711.0,0,,67.0,74.0,76.0,51.0,68.0,2096,148.18,34382209273254
2711.0,1,,66.0,78.0,76.0,50.0,67.0,1887,146.06,18509649175292
2711.0,2,,68.0,80.0,80.0,51.0,70.0,2266,141.53,17226415064270
2711.0,3,,68.0,76.0,76.0,51.0,69.0,2288,144.71,17306868230834
2717.0,0,,67.0,74.0,74.0,50.0,69.0,1940,148.59,34383054729858
2717.0,1,,66.0,78.0,76.0,50.0,67.0,1896,145.93,18510480968444
2717.0,2,,68.0,80.0,80.0,51.0,69.0,2222,141.98,17227224327087
2717.0,3,,68.0,76.0,76.0,51.0,69.0,2284,144.67,17307692850646
2722.0,0,,67.0,76.0,74.0,51.0,69.0,2011,156.07,34383944345947
2722.0,1,,66.0,76.0,76.0,50.0,67.0,1885,154.38,18511360920043
2723.0,2,98.00,68.0,80.0,80.0,52.0,70.0,2127,151.02,17228085128906
2723.0,3,,68.0,76.0,76.0,51.0,69.0,2296,151.91,17308558743164
2728.0,0,,67.0,76.0,76.0,51.0,69.0,2084,149.00,34384793622741
2728.0,1,,66.0,76.0,78.0,50.0,67.0,1896,145.94,18512192760131
2728.0,2,,68.0,80.0,80.0,51.0,70.0,2275,142.67,17228898371765
2728.0,3,,68.0,76.0,78.0,51.0,69.0,2295,143.42,17309376215576
2734.0,0,,67.0,76.0,74.0,50.0,69.0,2001,148.46,34385641322937
2734.0,1,,66.0,78.0,78.0,50.0,67.0,1884,145.93,18513024586547
2734.0,2,,68.0,80.0,80.0,51.0,69.0,2222,142.00,17229707795654
2734.0,3,,68.0,76.0,78.0,51.0,69.0,2288,144.86,17310200480773
2739.0,0,,67.0,74.0,74.0,51.0,69.0,1963,156.08,34386527845214
2740.0,1,,66.0,76.0,76.0,50.0,67.0,1890,154.20,18513901975585
2740.0,2,99.97,71.0,78.0,78.0,52.0,71.0,2111,149.47,17230556789611
2740.0,3,,68.0,78.0,76.0,51.0,69.0,2290,152.35,17311067336059
2745.0,0,,67.0,76.0,76.0,51.0,69.0,2068,148.63,34387373546630
2745.0,1,,67.0,78.0,76.0,50.0,67.0,1877,147.08,18514738881591
2745.0,2,,68.0,80.0,80.0,51.0,70.0,2257,144.27,17231379132873
2746.0,3,,68.0,76.0,76.0,51.0,69.0,2299,142.73,17311879460937
2751.0,0,,67.0,74.0,76.0,50.0,68.0,2056,149.09,34388221859680
2751.0,1,,66.0,76.0,78.0,50.0,67.0,1888,147.15,18515576161682
2751.0,2,,68.0,80.0,80.0,51.0,70.0,2279,143.37,17232193468017
2751.0,3,,68.0,76.0,76.0,51.0,69.0,2289,143.20,17312694255310
2756.0,0,0.00,64.0,76.0,76.0,49.0,66.0,1950,96.85,34388773890319
2757.0,1,0.00,64.0,78.0,78.0,48.0,65.0,1877,101.23,18516152179687
2757.0,2,99.84,67.0,80.0,80.0,51.0,69.0,2141,135.67,17232965450622
2757.0,3,0.00,66.0,76.0,76.0,49.0,66.0,2204,97.72,17313250281555
2762.0,0,0.00,63.0,76.0,76.0,48.0,65.0,1697,58.26,34389105392456
2762.0,1,0.00,63.0,78.0,78.0,47.0,64.0,1561,58.81,18516486810791
2762.0,2,0.00,65.0,80.0,80.0,49.0,66.0,2193,57.15,17233291190490
2763.0,3,0.00,64.0,76.0,76.0,49.0,66.0,1900,57.41,17313576917114
2768.0,0,0.00,62.0,76.0,76.0,48.0,64.0,1501,58.18,34389435862182
2768.0,1,0.00,62.0,78.0,78.0,47.0,63.0,1523,58.59,18516819603942
2768.0,2,0.00,64.0,80.0,80.0,48.0,65.0,1757,56.80,17233613222412
2768.0,3,0.00,64.0,76.0,76.0,48.0,65.0,1525,57.43,17313902544128
2773.0,0,0.00,62.0,76.0,76.0,47.0,63.0,1504,58.54,34389767220642
2774.0,1,0.00,61.0,78.0,78.0,46.0,62.0,1451,58.39,18517150648986
2774.0,2,0.00,63.0,80.0,80.0,48.0,65.0,1535,56.54,17233933799682
2774.0,3,100.00,67.0,74.0,74.0,50.0,68.0,1629,141.98,17314707555969
2779.0,0,0.00,61.0,76.0,76.0,47.0,64.0,1491,58.09,34390097185913
2779.0,1,0.00,61.0,78.0,78.0,46.0,62.0,1449,58.21,18517480719360
2779.0,2,0.00,63.0,80.0,80.0,48.0,64.0,1501,56.64,17234254968872
2780.0,3,100.00,67.0,74.0,74.0,51.0,68.0,1840,144.46,17315528066040
2785.0,0,0.00,61.0,76.0,76.0,46.0,63.0,1439,58.14,34390426836059
2785.0,1,0.00,60.0,78.0,78.0,45.0,61.0,1439,58.18,18517810579162
2785.0,2,0.00,63.0,80.0,80.0,48.0,64.0,1513,56.16,17234573935241
2785.0,3,,68.0,76.0,74.0,51.0,69.0,2031,145.05,17316350506347
2790.0,0,,64.0,68.0,68.0,48.0,66.0,1448,133.64,34391185906738
2791.0,1,,63.0,72.0,72.0,47.0,64.0,1394,133.99,18518573000671
2791.0,2,100.00,65.0,74.0,74.0,49.0,67.0,1477,134.10,17235335601257
2791.0,3,,68.0,76.0,76.0,51.0,69.0,2192,151.63,17317213259704
2796.0,0,,65.0,70.0,70.0,49.0,66.0,1433,147.07,34392024227905
2796.0,1,,64.0,72.0,72.0,48.0,65.0,1422,145.59,18519401423889
2797.0,2,100.00,66.0,76.0,76.0,50.0,68.0,1591,140.76,17236137909851
2797.0,3,,68.0,76.0,76.0,51.0,68.0,2200,144.02,17318034166198
2802.0,0,,66.0,70.0,70.0,50.0,67.0,1517,147.96,34392866097778
2802.0,1,,65.0,74.0,74.0,49.0,66.0,1433,145.75,18520232216186
2802.0,2,100.00,67.0,76.0,76.0,51.0,69.0,1811,141.89,17236946657592
2802.0,3,,68.0,76.0,76.0,51.0,69.0,2117,144.15,17318855798583
2808.0,0,,67.0,72.0,72.0,50.0,68.0,1759,155.47,34393752284118
2808.0,1,,66.0,74.0,74.0,49.0,66.0,1591,154.18,18521111070434
2808.0,2,100.00,67.0,76.0,76.0,51.0,69.0,1970,150.34,17237803588684
2808.0,3,,68.0,76.0,76.0,51.0,69.0,2201,152.85,17319727029296
2813.0,0,,67.0,72.0,72.0,50.0,68.0,1873,148.35,34394597873657
2813.0,1,,66.0,74.0,74.0,49.0,67.0,1673,146.52,18521946229309
2814.0,2,100.00,67.0,78.0,78.0,51.0,69.0,2074,142.13,17238613717651
2814.0,3,,68.0,76.0,76.0,51.0,69.0,2286,144.61,17320551330139
2819.0,0,100.00,67.0,72.0,72.0,51.0,68.0,1885,148.46,34395444075134
2819.0,1,,66.0,76.0,74.0,50.0,67.0,1674,146.60,18522781834594
2819.0,2,100.00,68.0,78.0,78.0,51.0,69.0,2094,142.66,17239426851501
2819.0,3,,68.0,76.0,76.0,51.0,69.0,2283,144.75,17321376394775
2825.0,0,,67.0,72.0,72.0,51.0,69.0,1979,156.50,34396336143127
2825.0,1,,66.0,76.0,76.0,50.0,67.0,1802,154.10,18523660212463
2825.0,2,100.00,68.0,78.0,78.0,51.0,69.0,2161,151.30,17240287723754
2825.0,3,,68.0,76.0,76.0,51.0,69.0,2246,152.50,17322244125427
2830.0,0,,67.0,74.0,74.0,50.0,69.0,1962,148.21,34397179460571
2831.0,1,,66.0,76.0,76.0,50.0,67.0,1876,145.86,18524490158142
2831.0,2,100.00,68.0,78.0,78.0,51.0,69.0,2140,142.64,17241100763854
2831.0,3,,68.0,76.0,76.0,51.0,69.0,2287,144.56,17323068099060
2836.0,0,,67.0,74.0,74.0,51.0,69.0,1897,148.09,34398023575195
2836.0,1,,66.0,76.0,76.0,50.0,67.0,1886,145.73,18525320818847
2836.0,2,,68.0,78.0,78.0,51.0,69.0,2108,142.93,17241914016723
2837.0,3,,68.0,76.0,76.0,51.0,69.0,2268,144.70,17323891419677
2842.0,0,,67.0,74.0,74.0,50.0,69.0,2004,156.11,34398911842346
2842.0,1,,66.0,76.0,76.0,50.0,67.0,1888,154.37,18526199209533
2842.0,2,100.00,68.0,78.0,78.0,51.0,70.0,2161,151.11,17242775322998
2842.0,3,,68.0,76.0,76.0,51.0,69.0,2181,151.70,17324756085876
2847.0,0,,67.0,74.0,74.0,50.0,68.0,2056,148.48,34399756683471
2848.0,1,,66.0,76.0,76.0,50.0,67.0,1876,146.98,18527035547363
2848.0,2,,68.0,78.0,78.0,51.0,69.0,2245,141.04,17243577833923
2848.0,3,,68.0,76.0,76.0,51.0,69.0,2277,142.90,17325569203613
2853.0,0,,67.0,74.0,74.0,50.0,68.0,1916,148.46,34400602897644
2853.0,1,,66.0,76.0,76.0,50.0,67.0,1885,146.89,18527872813842
2853.0,2,,68.0,78.0,78.0,51.0,69.0,2138,142.00,17244387227172
2854.0,3,,68.0,76.0,76.0,51.0,69.0,2295,144.55,17326393151306
2859.0,0,,67.0,74.0,74.0,51.0,69.0,1937,156.11,34401492747131
2859.0,1,,66.0,76.0,76.0,50.0,67.0,1885,153.66,18528748702514
2859.0,2,97.62,68.0,78.0,78.0,51.0,69.0,2117,149.85,17245241384277
2859.0,3,,68.0,76.0,76.0,51.0,69.0,2286,152.51,17327260956726
2865.0,0,100.00,67.0,74.0,74.0,51.0,69.0,2066,148.86,34402341237365
2865.0,1,,66.0,76.0,76.0,50.0,67.0,1887,145.73,18529577924804
2865.0,2,100.00,68.0,80.0,78.0,51.0,69.0,2267,143.12,17246055754882
2865.0,3,,68.0,76.0,78.0,51.0,69.0,2288,145.56,17328090639892
2870.0,0,,67.0,74.0,74.0,50.0,69.0,2013,148.56,34403186526672
2870.0,1,,66.0,78.0,78.0,50.0,67.0,1884,145.62,18530407965881
2871.0,2,100.00,68.0,80.0,80.0,52.0,69.0,2169,142.75,17246869438415
2871.0,3,,68.0,76.0,78.0,51.0,69.0,2295,145.81,17328921776489
2876.0,0,,67.0,74.0,74.0,51.0,69.0,1946,156.66,34404079506042
2876.0,1,,66.0,76.0,76.0,50.0,67.0,1939,153.70,18531284040710
2876.0,2,,68.0,80.0,80.0,52.0,69.0,2151,151.24,17247729999206
2876.0,3,,68.0,76.0,76.0,51.0,69.0,2297,153.64,17329795974792
2882.0,0,100.00,67.0,74.0,74.0,50.0,69.0,2068,149.06,34404927651306
2882.0,1,,66.0,78.0,76.0,50.0,67.0,1898,147.08,18532120914733
2882.0,2,100.00,68.0,80.0,80.0,52.0,70.0,2277,142.56,17248542578857
2882.0,3,,68.0,78.0,76.0,51.0,69.0,2289,144.16,17330616262451
2887.0,0,,67.0,74.0,74.0,50.0,68.0,2003,148.41,34405773601684
2887.0,1,,66.0,76.0,76.0,50.0,67.0,1886,146.85,18532957963745
2888.0,2,,68.0,80.0,80.0,52.0,70.0,2159,142.70,17249354519775
2888.0,3,,68.0,76.0,76.0,51.0,69.0,2287,142.66,17331429399719
2893.0,0,,67.0,76.0,74.0,51.0,69.0,1952,156.57,34406664503234
2893.0,1,,66.0,78.0,76.0,50.0,67.0,1925,154.03,18533832875061
2893.0,2,97.89,68.0,80.0,80.0,52.0,70.0,2156,151.35,17250211164184
2893.0,3,,68.0,76.0,76.0,51.0,69.0,2218,150.75,17332278149414
2899.0,0,,67.0,74.0,76.0,50.0,69.0,2066,149.02,34407503486206
2899.0,1,,66.0,76.0,76.0,50.0,67.0,1912,147.16,18534662849853
2899.0,2,,68.0,80.0,80.0,51.0,69.0,2273,142.69,17251020228454
2899.0,3,,68.0,76.0,76.0,51.0,69.0,2284,143.40,17333095526000
2904.0,0,,67.0,74.0,74.0,50.0,69.0,1979,148.75,34408351367858
2905.0,1,,66.0,76.0,76.0,50.0,67.0,1885,147.67,18535504542480
2905.0,2,100.00,68.0,80.0,80.0,52.0,70.0,2160,142.60,17251833044189
2905.0,3,,68.0,78.0,76.0,51.0,69.0,2287,143.69,17333913123840
2910.0,0,,67.0,74.0,74.0,51.0,69.0,1970,156.16,34409241492370
2910.0,1,,66.0,76.0,76.0,50.0,68.0,1886,155.16,18536387404541
2910.0,2,,68.0,80.0,80.0,52.0,70.0,2120,151.77,17252696609558
2911.0,3,,68.0,76.0,76.0,51.0,69.0,2287,151.55,17334773920959
2916.0,0,,67.0,76.0,76.0,51.0,69.0,2078,148.91,34410084299194
2916.0,1,,66.0,78.0,78.0,50.0,67.0,1886,146.62,18537218739929
2916.0,2,,68.0,80.0,80.0,51.0,69.0,2264,142.20,17253502857727
2916.0,3,,68.0,76.0,78.0,51.0,69.0,2296,143.98,17335593191711
2921.0,0,,67.0,74.0,74.0,50.0,68.0,2010,148.30,34410929607604
2922.0,1,,66.0,78.0,76.0,50.0,67.0,1884,146.75,18538055192749
2922.0,2,,68.0,80.0,80.0,51.0,69.0,2201,143.21,17254319140258
2922.0,3,,68.0,76.0,76.0,51.0,69.0,2286,144.24,17336415382690
2927.0,0,0.00,64.0,76.0,76.0,49.0,66.0,1948,101.69,34411509226135
2927.0,1,0.00,64.0,78.0,78.0,48.0,65.0,1886,103.13,18538643018493
2927.0,2,73.46,66.0,80.0,80.0,50.0,68.0,2108,129.34,17255055086547
2928.0,3,0.00,66.0,78.0,78.0,50.0,67.0,2183,108.01,17337029971618
2933.0,0,0.00,63.0,76.0,76.0,48.0,65.0,1668,58.39,34411841457092
2933.0,1,0.00,63.0,78.0,78.0,47.0,64.0,1563,58.79,18538976934265
2933.0,2,0.00,65.0,80.0,80.0,49.0,66.0,2061,57.33,17255380710083
2933.0,3,0.00,65.0,76.0,76.0,49.0,65.0,1936,57.67,17337356976074
2938.0,0,0.00,63.0,76.0,76.0,48.0,64.0,1523,58.18,34412171358520
2939.0,1,0.00,62.0,78.0,78.0,47.0,63.0,1491,58.39,18539308616027
2939.0,2,0.00,64.0,80.0,80.0,49.0,66.0,1650,56.79,17255703250854
2939.0,3,0.00,64.0,76.0,76.0,48.0,65.0,1598,57.23,17337682047363
2944.0,0,,65.0,70.0,70.0,49.0,67.0,1482,145.21,34412994721313
2944.0,1,0.00,61.0,78.0,78.0,46.0,62.0,1472,58.58,18539640152770
2944.0,2,0.00,63.0,80.0,80.0,48.0,65.0,1535,56.60,17256024176208
2945.0,3,0.00,63.0,76.0,76.0,48.0,65.0,1545,57.41,17338007582580
2950.0,0,,66.0,72.0,72.0,50.0,67.0,1586,148.15,34413836188781
2950.0,1,0.00,61.0,78.0,78.0,46.0,62.0,1438,58.38,18539971750183
2950.0,2,0.00,63.0,80.0,80.0,48.0,65.0,1522,56.66,17256345452331
2950.0,3,0.00,63.0,76.0,76.0,48.0,64.0,1502,57.50,17338333597045
2955.0,0,,67.0,72.0,72.0,50.0,68.0,1735,148.08,34414675778930
2956.0,1,0.00,60.0,78.0,78.0,45.0,61.0,1418,58.07,18540300986389
2956.0,2,0.00,63.0,80.0,80.0,48.0,64.0,1523,56.52,17256666480895
2956.0,3,0.00,63.0,76.0,76.0,47.0,64.0,1522,57.33,17338659203674
2961.0,0,,67.0,74.0,74.0,51.0,69.0,1943,166.17,34415619616149
2961.0,1,,64.0,72.0,72.0,48.0,64.0,1403,153.74,18541175745544
2961.0,2,100.00,66.0,74.0,74.0,50.0,68.0,1466,154.32,17257544556335
2962.0,3,100.00,66.0,72.0,72.0,50.0,67.0,1591,157.88,17339559095397
2967.0,0,,67.0,74.0,74.0,51.0,68.0,2085,152.72,34416490120605
2967.0,1,,65.0,72.0,72.0,49.0,65.0,1433,150.69,18542034694946
2967.0,2,100.00,67.0,76.0,76.0,51.0,69.0,1696,146.80,17258381303527
2967.0,3,100.00,67.0,74.0,72.0,50.0,68.0,1792,148.82,17340405875549
2973.0,0,,67.0,74.0,74.0,50.0,68.0,2087,152.62,34417360040039
2973.0,1,,66.0,74.0,74.0,49.0,66.0,1455,151.38,18542896056091
2973.0,2,100.00,67.0,76.0,76.0,51.0,69.0,1855,147.30,17259219462219
2973.0,3,,68.0,74.0,74.0,51.0,68.0,1992,149.42,17341256079467
2978.0,0,,67.0,74.0,74.0,51.0,69.0,2034,167.70,34418314252197
2978.0,1,,66.0,74.0,74.0,50.0,67.0,1663,166.01,18543842315551
2979.0,2,100.00,68.0,78.0,78.0,52.0,69.0,2097,163.88,17260153586914
2979.0,3,,68.0,74.0,74.0,51.0,69.0,2191,164.39,17342189822021
2984.0,0,,67.0,74.0,74.0,50.0,69.0,2098,152.81,34419180679016
2984.0,1,,66.0,74.0,74.0,50.0,67.0,1855,148.40,18544682271606
2984.0,2,100.00,68.0,78.0,78.0,51.0,69.0,2149,147.54,17260988684082
2984.0,3,,68.0,76.0,76.0,51.0,69.0,2286,149.50,17343040459655
2990.0,0,,67.0,74.0,74.0,50.0,68.0,2096,153.39,34420053441284
2990.0,1,,66.0,76.0,76.0,50.0,67.0,1885,151.08,18545543407470
2990.0,2,100.00,68.0,78.0,78.0,51.0,70.0,2096,146.76,17261825234680
2990.0,3,,68.0,76.0,76.0,51.0,69.0,2297,148.15,17343884940551
2995.0,0,,67.0,74.0,74.0,51.0,69.0,2025,168.02,34421011147766
2995.0,1,,70.0,74.0,74.0,51.0,68.0,1888,161.19,18546460573913
2996.0,2,,68.0,78.0,78.0,52.0,70.0,2193,162.97,17262752542236
2996.0,3,,68.0,76.0,76.0,51.0,69.0,2330,164.26,17344819558593
3001.0,0,,67.0,74.0,74.0,51.0,69.0,2118,153.72,34421885796691
3001.0,1,,66.0,76.0,76.0,50.0,67.0,1981,152.39,18547329220153
3001.0,2,,68.0,80.0,78.0,52.0,70.0,2286,147.46,17263593089843
3001.0,3,,68.0,76.0,76.0,51.0,69.0,2317,147.84,17345662242065
3007.0,0,,67.0,74.0,74.0,51.0,69.0,2096,152.96,34422757658630
3007.0,1,,66.0,76.0,76.0,50.0,67.0,1905,150.13,18548184947326
3007.0,2,,68.0,80.0,80.0,52.0,70.0,2285,147.19,17264432081237
3007.0,3,,68.0,76.0,76.0,51.0,69.0,2287,147.95,17346504080261
3012.0,0,,70.0,74.0,74.0,51.0,70.0,2047,165.53,34423699520935
3013.0,1,,69.0,76.0,76.0,50.0,68.0,1890,156.01,18549072633117
3013.0,2,,68.0,80.0,80.0,52.0,70.0,2313,163.44,17265360418579
3013.0,3,,68.0,76.0,76.0,51.0,69.0,2311,164.43,17347439706176
3018.0,0,,67.0,74.0,76.0,51.0,69.0,2107,155.54,34424586097778
3018.0,1,,66.0,78.0,76.0,50.0,67.0,1979,160.96,18549990105102
3018.0,2,,68.0,80.0,80.0,51.0,70.0,2325,147.54,17266202875610
3019.0,3,,68.0,76.0,76.0,51.0,69.0,2356,148.92,17348290031616
3024.0,0,,67.0,74.0,76.0,50.0,69.0,2096,153.54,34425459715209
3024.0,1,,66.0,76.0,76.0,50.0,67.0,1907,150.53,18550846605957
3024.0,2,,68.0,80.0,80.0,51.0,69.0,2277,147.75,17267043570739
3024.0,3,,68.0,78.0,78.0,51.0,69.0,2298,148.99,17349137785339
3030.0,0,,67.0,76.0,74.0,51.0,69.0,2105,160.50,34426376172851
3030.0,1,,69.0,76.0,76.0,51.0,68.0,1883,149.64,18551701052185
3030.0,2,,71.0,78.0,80.0,53.0,71.0,2191,159.05,17267950169494
3030.0,3,,72.0,76.0,76.0,53.0,70.0,2319,162.53,17350062564819
3035.0,0,,67.0,76.0,76.0,50.0,68.0,2133,161.03,34427290827758
3035.0,1,,66.0,76.0,78.0,50.0,68.0,1974,162.40,18552623470703
3036.0,2,,68.0,80.0,80.0,52.0,70.0,2298,152.67,17268818875244
3036.0,3,,68.0,78.0,76.0,51.0,69.0,2413,149.83,17350916605957
3041.0,0,,67.0,76.0,76.0,50.0,69.0,2096,153.19,34428164031860
3041.0,1,,66.0,76.0,76.0,50.0,67.0,1907,146.75,18553459958923
3041.0,2,100.00,68.0,80.0,80.0,52.0,69.0,2298,148.01,17269661044799
3041.0,3,,68.0,76.0,76.0,51.0,69.0,2308,147.64,17351756698242
3047.0,0,,67.0,76.0,76.0,50.0,69.0,2099,160.85,34429079256774
3047.0,1,,66.0,78.0,78.0,50.0,67.0,1888,149.82,18554312413940
3047.0,2,,68.0,80.0,80.0,52.0,70.0,2288,156.12,17270549355224
3047.0,3,,72.0,76.0,76.0,52.0,70.0,2289,155.19,17352639717346
3052.0,0,,67.0,74.0,76.0,51.0,69.0,2097,160.96,34429995096557
3052.0,1,,67.0,76.0,76.0,50.0,68.0,1907,166.44,18555259439086
3053.0,2,,68.0,80.0,80.0,52.0,70.0,2319,155.65,17271436559326
3053.0,3,,68.0,78.0,78.0,51.0,69.0,2402,156.15,17353529770446
3058.0,0,,67.0,76.0,76.0,51.0,68.0,2098,153.01,34430867241638
3058.0,1,,66.0,78.0,78.0,50.0,67.0,1972,151.21,18556119796264
3058.0,2,,68.0,80.0,80.0,51.0,70.0,2296,146.99,17272274403747
3058.0,3,,68.0,78.0,78.0,51.0,69.0,2307,147.84,17354372445861
3064.0,0,,67.0,74.0,76.0,51.0,69.0,2095,160.96,34431784687194
3064.0,1,,66.0,78.0,78.0,50.0,67.0,1905,150.82,18556981000793
3064.0,2,,71.0,80.0,80.0,52.0,71.0,2222,150.17,17273128843872
3064.0,3,,68.0,78.0,78.0,51.0,69.0,2298,147.83,17355213596801
3069.0,0,,67.0,74.0,74.0,51.0,69.0,2099,160.92,34432700327148
3070.0,1,,67.0,78.0,78.0,50.0,68.0,1961,166.69,18557929479736
3070.0,2,,68.0,80.0,80.0,52.0,70.0,2266,159.10,17274035716735
3070.0,3,,68.0,78.0,78.0,51.0,70.0,2391,163.82,17356147354614
3075.0,0,,67.0,76.0,76.0,50.0,69.0,2095,153.02,34433572534301
3075.0,1,,66.0,78.0,78.0,50.0,67.0,2010,151.32,18558792000000
3075.0,2,,68.0,80.0,80.0,51.0,70.0,2294,144.32,17274858320739
3076.0,3,,68.0,78.0,78.0,51.0,69.0,2315,148.08,17356991425354
3081.0,0,,70.0,74.0,74.0,51.0,70.0,2097,154.33,34434452215270
3081.0,1,,66.0,78.0,78.0,50.0,67.0,1908,151.11,18559651836608
3081.0,2,100.00,68.0,80.0,80.0,51.0,69.0,2270,144.85,17275682501037
3081.0,3,,68.0,78.0,78.0,51.0,69.0,2292,148.26,17357833514770
3086.0,0,,67.0,74.0,74.0,51.0,69.0,2100,166.52,34435398051635
3087.0,1,,67.0,76.0,78.0,50.0,68.0,1941,166.39,18560598591369
3087.0,2,,68.0,80.0,80.0,52.0,70.0,2234,161.96,17276604050231
3087.0,3,,69.0,78.0,78.0,52.0,69.0,2390,164.09,17358768835571
3092.0,0,,67.0,76.0,76.0,51.0,69.0,2095,152.67,34436269778564
3092.0,1,,67.0,78.0,78.0,50.0,68.0,2021,151.21,18561460508728
3092.0,2,,68.0,80.0,80.0,51.0,69.0,2294,145.95,17277435971435
3093.0,3,,68.0,78.0,78.0,51.0,69.0,2380,148.16,17359613361694
3098.0,0,,67.0,76.0,76.0,50.0,69.0,2096,152.75,34437138927856
3098.0,1,,67.0,78.0,78.0,50.0,67.0,1906,148.76,18562308466064
3098.0,2,,68.0,80.0,80.0,51.0,70.0,2297,146.35,17278270162658
3098.0,3,,68.0,78.0,78.0,51.0,69.0,2296,147.93,17360456569824
3104.0,0,40.84,65.0,74.0,74.0,49.0,67.0,2015,132.95,34437895432739
3104.0,1,92.47,65.0,78.0,78.0,49.0,66.0,1889,139.88,18563104382324
3104.0,2,5.16,66.0,80.0,80.0,50.0,67.0,2239,115.45,17278925915344
3104.0,3,0.00,66.0,78.0,78.0,50.0,67.0,2250,104.71,17361051348754
3109.0,0,0.00,63.0,74.0,74.0,48.0,65.0,1847,58.53,34438228465270
3109.0,1,0.00,63.0,78.0,78.0,48.0,64.0,1806,59.21,18563440677734
3110.0,2,0.00,64.0,80.0,80.0,49.0,66.0,1986,57.35,17279251670471
3110.0,3,0.00,65.0,78.0,78.0,49.0,66.0,2020,57.58,17361378425231
3115.0,0,0.00,63.0,74.0,74.0,48.0,65.0,1507,58.38,34438560634155
3115.0,1,0.00,62.0,78.0,78.0,47.0,63.0,1496,58.81,18563775893371
3115.0,2,0.00,64.0,80.0,80.0,48.0,65.0,1602,56.50,17279573742797
3115.0,3,0.00,64.0,78.0,78.0,48.0,65.0,1592,57.37,17361704848388
3121.0,0,0.00,62.0,74.0,74.0,47.0,64.0,1512,58.44,34438892561462
3121.0,1,,65.0,74.0,74.0,49.0,66.0,1471,140.63,18564573254150
3121.0,2,0.00,63.0,80.0,80.0,48.0,65.0,1555,56.71,17279895260620
3121.0,3,0.00,63.0,78.0,78.0,48.0,64.0,1534,57.48,17362030787414
3126.0,0,0.00,62.0,74.0,74.0,47.0,63.0,1471,58.45,34439223961914
3126.0,1,,66.0,76.0,76.0,49.0,66.0,1490,146.99,18565408158630
3127.0,2,0.00,63.0,80.0,80.0,48.0,65.0,1479,56.54,17280216424499
3127.0,3,0.00,63.0,78.0,78.0,48.0,64.0,1521,57.32,17362356360900
3132.0,0,0.00,61.0,74.0,74.0,46.0,63.0,1447,58.20,34439554511718
3132.0,1,,66.0,76.0,76.0,49.0,67.0,1649,147.54,18566246200500
3132.0,2,0.00,63.0,80.0,80.0,47.0,64.0,1522,56.22,17280535730468
3132.0,3,0.00,63.0,78.0,78.0,47.0,64.0,1522,57.00,17362680147888
3138.0,0,,64.0,68.0,68.0,48.0,66.0,1458,146.58,34440387100708
3138.0,1,,67.0,76.0,76.0,50.0,68.0,1846,164.57,18567180985656
3138.0,2,100.00,66.0,74.0,74.0,50.0,67.0,1487,148.92,17281383058044
3138.0,3,,66.0,72.0,72.0,50.0,67.0,1570,152.47,17363549210510
3143.0,0,,65.0,70.0,70.0,49.0,67.0,1454,151.21,34441248996276
3143.0,1,,66.0,76.0,76.0,50.0,68.0,1896,151.03,18568041843627
3144.0,2,,67.0,76.0,76.0,50.0,68.0,1673,146.56,17282218431274
3144.0,3,,67.0,72.0,72.0,50.0,68.0,1747,148.48,17364395550476
3149.0,0,,66.0,72.0,70.0,50.0,68.0,1581,151.73,34442113830322
3149.0,1,,66.0,76.0,76.0,50.0,67.0,1886,148.62,18568888980834
3149.0,2,100.00,67.0,76.0,76.0,51.0,69.0,1865,147.26,17283056365844
3149.0,3,,67.0,74.0,74.0,51.0,68.0,1939,147.23,17365233273742
3155.0,0,,67.0,72.0,72.0,50.0,69.0,1843,167.69,34443069672607
3155.0,1,,67.0,76.0,76.0,50.0,68.0,1948,165.52,18569832423645
3155.0,2,100.00,68.0,78.0,78.0,51.0,69.0,2095,163.71,17283991152404
3155.0,3,,68.0,74.0,74.0,51.0,69.0,2117,163.89,17366167464599
3160.0,0,,67.0,72.0,72.0,50.0,68.0,1940,152.85,34443939377868
3161.0,1,,66.0,76.0,78.0,50.0,68.0,1994,148.19,18570675651367
3161.0,2,,68.0,78.0,78.0,51.0,69.0,2268,148.16,17284832712463
3161.0,3,,68.0,76.0,74.0,51.0,69.0,2277,147.05,17367004179199
3166.0,0,100.00,67.0,74.0,74.0,50.0,69.0,1896,152.71,34444809813476
3166.0,1,,67.0,78.0,78.0,50.0,67.0,1906,150.92,18571535896972
3166.0,2,100.00,68.0,78.0,78.0,51.0,69.0,2199,147.68,17285675978942
3167.0,3,,68.0,76.0,76.0,51.0,69.0,2209,147.33,17367845457702
3172.0,0,,67.0,74.0,74.0,51.0,69.0,1998,167.15,34445762569091
3172.0,1,,67.0,76.0,76.0,50.0,69.0,1916,166.92,18572487330017
3172.0,2,,68.0,78.0,78.0,52.0,70.0,2213,164.52,17286612070678
3172.0,3,,72.0,74.0,74.0,52.0,70.0,2139,162.47,17368769895202
3177.0,0,,67.0,74.0,74.0,51.0,69.0,2098,153.08,34446633571105
3178.0,1,,67.0,78.0,78.0,50.0,68.0,2054,151.46,18573349112060
3178.0,2,,68.0,78.0,78.0,51.0,70.0,2296,147.84,17287454735229
3178.0,3,,68.0,76.0,76.0,51.0,69.0,2317,150.20,17369626040832
3183.0,0,,67.0,74.0,74.0,51.0,69.0,2095,152.89,34447506568969
3183.0,1,,66.0,78.0,78.0,50.0,68.0,1937,150.96,18574211086303
3184.0,2,,68.0,80.0,80.0,51.0,69.0,2294,147.85,17288297503845
3184.0,3,,68.0,76.0,76.0,51.0,69.0,2294,148.49,17370472421447
3189.0,0,,67.0,74.0,74.0,51.0,69.0,2076,167.32,34448458641418
3189.0,1,,70.0,76.0,78.0,51.0,69.0,1930,159.74,18575120018249
3189.0,2,,68.0,78.0,78.0,52.0,70.0,2268,164.12,17289231347778
3189.0,3,,72.0,76.0,76.0,52.0,70.0,2291,156.78,17371364509826
3195.0,0,,67.0,74.0,74.0,50.0,69.0,2079,151.49,34449320615661
3195.0,1,,67.0,78.0,78.0,50.0,67.0,2066,158.38,18576021197387
3195.0,2,,68.0,80.0,80.0,51.0,69.0,2320,148.49,17290076229003
3195.0,3,,68.0,76.0,76.0,51.0,69.0,2394,156.77,17372256541259
3200.0,0,,67.0,74.0,74.0,51.0,69.0,2044,151.83,34450184512512
3200.0,1,,67.0,78.0,78.0,50.0,68.0,1929,151.44,18576882873535
3201.0,2,,68.0,80.0,80.0,52.0,69.0,2285,148.09,17290920328857
3201.0,3,,68.0,78.0,78.0,51.0,69.0,2304,148.81,17373104785156
3206.0,0,,67.0,74.0,74.0,51.0,69.0,1948,159.70,34451094822204
3206.0,1,,70.0,76.0,76.0,51.0,69.0,1897,156.75,18577776336242
3206.0,2,,68.0,80.0,80.0,51.0,70.0,2288,156.13,17291808733825
3206.0,3,,72.0,76.0,76.0,52.0,70.0,2300,155.33,17373988618530
3212.0,0,,67.0,76.0,74.0,51.0,69.0,2099,160.85,34452010041442
3212.0,1,,67.0,78.0,78.0,50.0,68.0,2024,159.82,18578685696411
3212.0,2,,68.0,80.0,80.0,52.0,70.0,2328,156.08,17292698387939
3212.0,3,,68.0,78.0,76.0,51.0,70.0,2412,158.48,17374891974670
3217.0,0,,67.0,74.0,74.0,51.0,69.0,2095,153.20,34452883273071
3218.0,1,,67.0,78.0,78.0,50.0,68.0,1948,151.46,18579549036621
3218.0,2,100.00,68.0,80.0,80.0,52.0,70.0,2295,147.89,17293541378723
3218.0,3,,68.0,78.0,78.0,51.0,69.0,2326,149.02,17375741416625
3223.0,0,,67.0,74.0,74.0,51.0,69.0,2095,160.39,34453799117675
3223.0,1,,67.0,78.0,78.0,50.0,68.0,1905,151.62,18580413247741
3223.0,2,,68.0,80.0,80.0,52.0,70.0,2284,156.26,17294432063903
3224.0,3,,73.0,76.0,78.0,52.0,70.0,2294,150.53,17376599432312
3229.0,0,,67.0,74.0,76.0,51.0,69.0,2126,160.70,34454715096801
3229.0,1,,67.0,78.0,78.0,50.0,68.0,1999,166.45,18581363684692
3229.0,2,100.00,68.0,80.0,80.0,52.0,70.0,2315,156.21,17295324044250
3229.0,3,,69.0,78.0,78.0,51.0,70.0,2368,163.10,17377530706604
3234.0,0,,67.0,76.0,76.0,50.0,68.0,2095,153.14,34455587970336
3235.0,1,,67.0,78.0,78.0,50.0,68.0,2010,152.66,18582233841003
3235.0,2,,68.0,80.0,80.0,51.0,69.0,2294,148.30,17296169334594
3235.0,3,,69.0,78.0,78.0,51.0,69.0,2367,149.09,17378380526000
3240.0,0,,70.0,74.0,74.0,51.0,69.0,2096,160.49,34456502767150
3240.0,1,,67.0,78.0,78.0,50.0,68.0,1909,152.76,18583103029357
3240.0,2,,71.0,80.0,80.0,52.0,71.0,2290,152.76,17297038544067
3241.0,3,,68.0,78.0,78.0,51.0,69.0,2292,149.13,17379227562683
3246.0,0,,67.0,76.0,74.0,51.0,69.0,2100,161.12,34457417942382
3246.0,1,,67.0,78.0,78.0,50.0,67.0,1972,167.10,18584053842224
3246.0,2,,68.0,80.0,80.0,52.0,70.0,2318,160.25,17297950363708
3246.0,3,,69.0,78.0,78.0,52.0,69.0,2400,164.70,17380166355651
3252.0,0,,67.0,76.0,76.0,51.0,69.0,2096,153.12,34458290709655
3252.0,1,,66.0,78.0,78.0,50.0,68.0,2031,151.36,18584918129272
3252.0,2,,68.0,80.0,80.0,51.0,70.0,2294,148.33,17298795872497
3252.0,3,,69.0,78.0,78.0,51.0,69.0,2400,149.19,17381016744201
3257.0,0,,67.0,76.0,76.0,51.0,69.0,2095,153.51,34459167268127
3257.0,1,,67.0,78.0,78.0,50.0,68.0,1918,151.70,18585781296936
3258.0,2,,68.0,80.0,80.0,52.0,69.0,2287,148.16,17299640362304
3258.0,3,,68.0,78.0,78.0,51.0,69.0,2301,148.70,17381864335693
3263.0,0,,67.0,74.0,74.0,51.0,69.0,2100,168.41,34460123859558
3263.0,1,100.00,67.0,78.0,78.0,50.0,68.0,1941,166.65,18586729521789
3263.0,2,,68.0,80.0,80.0,52.0,70.0,2342,163.27,17300569347839
3263.0,3,,69.0,78.0,78.0,52.0,70.0,2371,164.98,17382801439880
3269.0,0,,67.0,76.0,76.0,51.0,69.0,2099,153.31,34460996199707
3269.0,1,,66.0,78.0,78.0,50.0,68.0,2045,151.57,18587591973205
3269.0,2,,68.0,80.0,80.0,52.0,70.0,2309,147.03,17301405928161
3269.0,3,,68.0,78.0,78.0,51.0,69.0,2395,149.25,17383650665954
3274.0,0,,67.0,76.0,76.0,50.0,69.0,2097,153.28,34461869913696
3274.0,1,,67.0,78.0,78.0,50.0,68.0,1918,151.21,18588453884643
3275.0,2,,68.0,80.0,80.0,52.0,70.0,2287,146.57,17302239900268
3275.0,3,,69.0,78.0,78.0,52.0,69.0,2296,149.10,17384500515930
3280.0,0,0.00,64.0,76.0,76.0,49.0,66.0,1989,107.39,34462482031433
3280.0,1,69.90,65.0,78.0,78.0,49.0,66.0,1895,135.20,18589224544799
3280.0,2,0.00,66.0,80.0,80.0,50.0,67.0,2232,102.58,17302824580200
3280.0,3,0.00,66.0,78.0,78.0,50.0,67.0,2287,110.92,17385131627380
3286.0,0,0.00,63.0,76.0,76.0,48.0,65.0,1688,58.43,34462814509704
3286.0,1,0.00,63.0,78.0,78.0,48.0,64.0,1816,59.35,18589561625915
3286.0,2,0.00,64.0,80.0,80.0,49.0,66.0,2018,57.07,17303148749694
3286.0,3,0.00,65.0,78.0,78.0,49.0,66.0,1997,57.59,17385459297058
3291.0,0,0.00,63.0,76.0,76.0,48.0,65.0,1524,58.28,34463144985412
3292.0,1,0.00,62.0,78.0,78.0,47.0,63.0,1493,58.82,18589895134094
3292.0,2,0.00,64.0,80.0,80.0,48.0,65.0,1535,56.59,17303469622497
3292.0,3,0.00,64.0,78.0,78.0,48.0,65.0,1633,57.47,17385784581665
3297.0,0,,65.0,72.0,70.0,49.0,67.0,1481,143.91,34463960965759
3297.0,1,0.00,61.0,78.0,78.0,46.0,62.0,1502,58.52,18590227538940
3297.0,2,0.00,63.0,80.0,80.0,48.0,65.0,1544,56.55,17303790831909
3298.0,3,0.00,63.0,78.0,78.0,48.0,64.0,1533,57.52,17386110702758
3303.0,0,,66.0,72.0,72.0,50.0,68.0,1566,148.29,34464801754211
3303.0,1,0.00,61.0,78.0,78.0,46.0,62.0,1460,58.32,18590558218078
3303.0,2,0.00,63.0,80.0,80.0,48.0,64.0,1522,56.68,17304112194030
3303.0,3,0.00,63.0,78.0,78.0,48.0,64.0,1510,57.08,17386435516052
3308.0,0,,67.0,74.0,72.0,50.0,68.0,1732,148.59,34465647205017
3309.0,1,0.00,61.0,78.0,78.0,46.0,62.0,1437,58.16,18590888554992
3309.0,2,0.00,63.0,80.0,80.0,47.0,64.0,1490,56.14,17304431072998
3309.0,3,0.00,63.0,78.0,78.0,47.0,64.0,1522,57.21,17386759910034
3314.0,0,,67.0,74.0,74.0,51.0,69.0,1975,166.62,34466593585937
3314.0,1,,64.0,72.0,72.0,48.0,65.0,1415,153.82,18591762234436
3314.0,2,100.00,66.0,74.0,74.0,50.0,67.0,1477,153.52,17305304625000
3315.0,3,,67.0,72.0,72.0,50.0,67.0,1581,157.92,17387660039184
3320.0,0,,67.0,74.0,74.0,51.0,69.0,2076,153.51,34467467069641
3320.0,1,,65.0,74.0,74.0,49.0,65.0,1432,150.83,18592621962219
3320.0,2,100.00,67.0,76.0,76.0,50.0,68.0,1652,145.75,17306135386169
3320.0,3,,67.0,74.0,74.0,50.0,68.0,1789,149.03,17388509499267
3326.0,0,,67.0,74.0,74.0,51.0,68.0,2093,153.45,34468343297668
3326.0,1,,66.0,74.0,74.0,49.0,67.0,1462,151.13,18593484908508
3326.0,2,100.00,68.0,76.0,76.0,51.0,68.0,1851,146.03,17306969202331
3326.0,3,,68.0,74.0,74.0,51.0,69.0,2020,149.39,17389362505493
3331.0,0,,67.0,74.0,74.0,51.0,69.0,2053,168.41,34469303258605
3331.0,1,,67.0,74.0,74.0,50.0,67.0,1708,166.77,18594433812316
3332.0,2,,68.0,78.0,78.0,51.0,69.0,2067,163.25,17307898078552
3332.0,3,,68.0,74.0,74.0,51.0,69.0,2214,164.28,17390297247680
3337.0,0,,67.0,74.0,74.0,51.0,69.0,2097,153.40,34470176080078
3337.0,1,,66.0,76.0,76.0,50.0,67.0,1864,152.05,18595300489562
3337.0,2,,68.0,78.0,78.0,51.0,69.0,2200,146.61,17308733750549
3337.0,3,,68.0,76.0,76.0,51.0,69.0,2285,148.55,17391143971130
3343.0,0,,67.0,74.0,74.0,51.0,68.0,2096,152.92,34471047728637
3343.0,1,,66.0,76.0,76.0,50.0,67.0,1884,152.17,18596167845886
3343.0,2,,68.0,78.0,78.0,51.0,69.0,2116,146.17,17309566927612
3343.0,3,,68.0,76.0,76.0,51.0,69.0,2294,148.64,17391991239440
3348.0,0,,67.0,74.0,74.0,51.0,69.0,2051,168.09,34472007494873
3348.0,1,,67.0,76.0,76.0,50.0,68.0,1926,166.80,18597118631225
3349.0,2,,72.0,78.0,78.0,53.0,71.0,2115,161.34,17310486590759
3349.0,3,,68.0,76.0,76.0,51.0,69.0,2337,164.56,17392929226501
3354.0,0,,67.0,74.0,74.0,51.0,69.0,2096,153.16,34472880524841
3354.0,1,,66.0,76.0,76.0,50.0,67.0,1949,151.05,18597979591003
3354.0,2,,68.0,78.0,78.0,52.0,70.0,2287,148.95,17311335616882
3354.0,3,,68.0,76.0,76.0,51.0,69.0,2340,148.63,17393776406311
3360.0,0,,67.0,74.0,76.0,51.0,69.0,2097,153.41,34473753408508
3360.0,1,,66.0,76.0,76.0,50.0,68.0,1897,150.19,18598835655334
3360.0,2,,68.0,78.0,78.0,51.0,69.0,2296,146.28,17312169396362
3360.0,3,,68.0,76.0,76.0,51.0,69.0,2294,148.81,17394624642761
3365.0,0,,67.0,74.0,74.0,51.0,69.0,2107,168.30,34474712712402
3366.0,1,,67.0,76.0,76.0,50.0,68.0,1959,166.38,18599784001647
3366.0,2,,68.0,78.0,78.0,52.0,70.0,2201,154.32,17313049031555
3366.0,3,,68.0,76.0,76.0,51.0,69.0,2338,164.55,17395562556945
3371.0,0,,67.0,74.0,76.0,51.0,69.0,2128,153.37,34475586937316
3371.0,1,,66.0,76.0,78.0,50.0,68.0,1980,151.48,18600645929077
3371.0,2,100.00,68.0,80.0,80.0,52.0,70.0,2286,155.68,17313934864379
3372.0,3,,68.0,76.0,76.0,51.0,69.0,2371,148.79,17396409152221
3377.0,0,,67.0,76.0,76.0,50.0,69.0,2095,153.23,34476460376342
3377.0,1,,66.0,78.0,78.0,50.0,67.0,1895,151.08,18601508624145
3377.0,2,,68.0,80.0,80.0,51.0,70.0,2294,147.04,17314774466125
3377.0,3,,68.0,76.0,76.0,51.0,69.0,2294,148.46,17397256834533
3382.0,0,,70.0,74.0,74.0,51.0,70.0,2055,166.47,34477407595397
3383.0,1,,67.0,76.0,76.0,50.0,68.0,1940,166.65,18602456857604
3383.0,2,,68.0,80.0,80.0,51.0,69.0,2267,145.60,17315602919799
3383.0,3,,70.0,76.0,76.0,52.0,70.0,2298,164.96,17398195479187
3388.0,0,,67.0,76.0,74.0,51.0,69.0,2105,154.09,34478287441589
3388.0,1,,66.0,78.0,78.0,50.0,67.0,1999,151.18,18603318587951
3389.0,2,,68.0,80.0,80.0,52.0,70.0,2252,163.46,17316534662536
3389.0,3,,68.0,78.0,78.0,51.0,69.0,2400,149.11,17399045427490
3394.0,0,,67.0,76.0,76.0,51.0,68.0,2096,153.66,34479161781250
3394.0,1,,66.0,78.0,78.0,50.0,67.0,1907,151.03,18604179432250
3394.0,2,,68.0,80.0,80.0,52.0,70.0,2298,146.74,17317371082153
3394.0,3,,68.0,78.0,78.0,51.0,69.0,2308,148.90,17399894147338
3400.0,0,,71.0,74.0,74.0,52.0,70.0,2099,161.37,34480081565673
3400.0,1,,67.0,78.0,76.0,50.0,68.0,1941,166.62,18605127492553
3400.0,2,100.00,68.0,80.0,80.0,52.0,69.0,2290,147.03,17318206221069
3400.0,3,,69.0,76.0,76.0,52.0,70.0,2291,157.09,17400786429931
3405.0,0,,67.0,76.0,74.0,51.0,69.0,2100,160.40,34480992643066
3405.0,1,,66.0,78.0,78.0,50.0,68.0,2025,151.06,18605987011901
3406.0,2,,68.0,80.0,80.0,52.0,70.0,2318,163.68,17319139192565
3406.0,3,,68.0,78.0,78.0,51.0,69.0,2433,156.92,17401679285034
3411.0,0,,67.0,76.0,74.0,51.0,69.0,2099,153.32,34481865049804
3411.0,1,,67.0,78.0,78.0,50.0,67.0,1908,151.29,18606847828430
3411.0,2,,68.0,80.0,80.0,52.0,69.0,2329,147.24,17319977004882
3411.0,3,,68.0,78.0,78.0,51.0,69.0,2320,147.45,17402519765380
3417.0,0,,70.0,74.0,74.0,51.0,70.0,2093,159.48,34482772505737
3417.0,1,,70.0,76.0,78.0,51.0,69.0,1912,161.64,18607762728637
3417.0,2,100.00,68.0,80.0,80.0,51.0,69.0,2293,147.28,17320806212768
3417.0,3,,73.0,78.0,78.0,52.0,70.0,2291,149.04,17403355887329
3422.0,0,,67.0,76.0,76.0,50.0,69.0,2157,162.25,34483682745544
3422.0,1,,66.0,78.0,78.0,50.0,67.0,2042,155.54,18608639962463
3423.0,2,,69.0,80.0,80.0,52.0,70.0,2225,163.82,17321733458068
3423.0,3,,68.0,78.0,78.0,51.0,69.0,2406,164.23,17404288735351
3428.0,0,,67.0,76.0,76.0,51.0,69.0,2107,153.23,34484556159606
3428.0,1,,66.0,78.0,78.0,50.0,67.0,1915,149.87,18609494220764
3428.0,2,,68.0,80.0,80.0,52.0,70.0,2325,146.96,17322572624511
3428.0,3,,68.0,78.0,78.0,51.0,69.0,2366,149.05,17405139831909
3434.0,0,,67.0,76.0,76.0,51.0,69.0,2095,153.30,34485429982238
3434.0,1,,67.0,78.0,76.0,50.0,68.0,1896,157.68,18610393023315
3434.0,2,,68.0,80.0,80.0,52.0,69.0,2297,147.43,17323411473388
3434.0,3,,68.0,78.0,78.0,52.0,69.0,2298,149.26,17405989117004
3439.0,0,,67.0,76.0,76.0,51.0,69.0,2064,167.88,34486386871215
3440.0,1,,66.0,78.0,78.0,50.0,67.0,2054,158.12,18611292750915
3440.0,2,,68.0,80.0,80.0,52.0,70.0,2296,155.35,17324296988830
3440.0,3,,69.0,78.0,78.0,52.0,69.0,2378,164.48,17406926659118
3445.0,0,100.00,67.0,76.0,76.0,51.0,69.0,2095,153.15,34487259807556
3445.0,1,,66.0,78.0,78.0,50.0,68.0,1937,150.38,18612149941162
3445.0,2,,68.0,80.0,80.0,52.0,70.0,2347,155.51,17325183408325
3446.0,3,,68.0,78.0,78.0,51.0,69.0,2359,149.11,17407776602905
3451.0,0,,67.0,76.0,76.0,51.0,69.0,2095,153.46,34488134557617
3451.0,1,,66.0,78.0,78.0,50.0,67.0,1894,150.87,18613011408691
3451.0,2,,68.0,80.0,80.0,51.0,69.0,2305,147.14,17326023550781
3451.0,3,,68.0,78.0,78.0,51.0,69.0,2284,148.96,17408627141235
3456.0,0,0.00,64.0,76.0,76.0,49.0,66.0,2044,88.95,34488641552734
3457.0,1,0.00,63.0,78.0,78.0,48.0,65.0,1899,82.35,18613479979980
3457.0,2,,68.0,80.0,80.0,52.0,69.0,2281,147.43,17326860976989
3457.0,3,0.00,66.0,78.0,78.0,50.0,66.0,2286,89.64,17409135389221
3462.0,0,0.00,63.0,76.0,76.0,48.0,65.0,1556,58.54,34488973466674
3462.0,1,0.00,62.0,78.0,78.0,47.0,63.0,1534,58.96,18613814266723
3462.0,2,0.00,65.0,80.0,80.0,49.0,66.0,2201,73.85,17327279691711
3463.0,3,0.00,64.0,78.0,78.0,49.0,65.0,1988,57.73,17409462694824
3468.0,0,0.00,62.0,76.0,76.0,47.0,64.0,1482,58.27,34489303838623
3468.0,1,0.00,62.0,78.0,78.0,47.0,63.0,1504,58.66,18614146873840
3468.0,2,0.00,64.0,80.0,80.0,49.0,65.0,1874,56.94,17327602569274
3468.0,3,0.00,64.0,78.0,78.0,48.0,65.0,1567,57.40,17409788142578
3473.0,0,0.00,62.0,76.0,76.0,47.0,64.0,1492,58.40,34489634989074
3474.0,1,,64.0,72.0,72.0,48.0,65.0,1470,107.86,18614758420837
3474.0,2,0.00,64.0,80.0,80.0,48.0,65.0,1512,56.71,17327924125854
3474.0,3,0.00,63.0,78.0,78.0,48.0,64.0,1522,57.32,17410113692871
3479.0,0,0.00,61.0,76.0,76.0,47.0,64.0,1457,58.21,34489965622009
3479.0,1,,65.0,74.0,74.0,49.0,66.0,1436,146.36,18615591199584
3479.0,2,0.00,63.0,80.0,80.0,48.0,64.0,1520,56.25,17328244216552
3480.0,3,0.00,63.0,78.0,78.0,48.0,64.0,1511,57.17,17410438419128
3485.0,0,0.00,61.0,76.0,76.0,46.0,62.0,1448,58.20,34490296187377
3485.0,1,,66.0,74.0,74.0,49.0,66.0,1459,146.86,18616425387756
3485.0,2,0.00,63.0,80.0,80.0,47.0,64.0,1522,56.32,17328564120849
3485.0,3,0.00,63.0,78.0,78.0,47.0,64.0,1511,57.21,17410763389099
3491.0,0,,64.0,68.0,68.0,48.0,65.0,1437,112.23,34490933681457
3491.0,1,,67.0,76.0,76.0,50.0,67.0,1699,163.44,18617353755310
3491.0,2,,65.0,74.0,74.0,49.0,67.0,1486,115.69,17329222418457
3491.0,3,,66.0,70.0,70.0,49.0,66.0,1485,118.95,17411441398376
3496.0,0,,65.0,70.0,68.0,49.0,66.0,1432,150.77,34491793086853
3496.0,1,,66.0,76.0,76.0,50.0,67.0,1863,151.04,18618214664062
3497.0,2,100.00,66.0,76.0,76.0,50.0,67.0,1548,144.77,17330047588439
3497.0,3,,67.0,72.0,72.0,50.0,67.0,1663,148.41,17412287350891
3502.0,0,,66.0,70.0,70.0,50.0,67.0,1484,151.37,34492655890502
3502.0,1,,67.0,76.0,76.0,50.0,67.0,1885,151.03,18619075527221
3502.0,2,100.00,67.0,76.0,76.0,51.0,68.0,1770,146.11,17330880413146
3502.0,3,,67.0,74.0,74.0,50.0,68.0,1854,148.13,17413131702697
3508.0,0,,70.0,70.0,70.0,51.0,69.0,1686,160.01,34493567974670
3508.0,1,,67.0,76.0,76.0,50.0,68.0,1908,166.22,18620022980895
3508.0,2,,68.0,76.0,76.0,52.0,70.0,1960,163.18,17331808891235
3508.0,3,,68.0,74.0,74.0,51.0,69.0,2046,163.88,17414064187377
3513.0,0,,67.0,72.0,72.0,50.0,68.0,1887,159.89,34494477733825
3513.0,1,,67.0,76.0,76.0,50.0,68.0,2034,151.41,18620884526062
3514.0,2,,68.0,78.0,78.0,51.0,69.0,2233,146.35,17332643080688
3514.0,3,,68.0,74.0,74.0,51.0,68.0,2254,144.74,17414889209472
3519.0,0,,67.0,72.0,72.0,50.0,69.0,1885,152.52,34495347095703
3519.0,1,,67.0,76.0,76.0,50.0,67.0,1917,150.99,18621745160583
3519.0,2,100.00,68.0,78.0,78.0,52.0,70.0,2170,147.55,17333484133605
3519.0,3,,68.0,74.0,74.0,51.0,68.0,2211,146.99,17415727065979
3525.0,0,100.00,67.0,74.0,74.0,51.0,69.0,1908,160.60,34496260934997
3525.0,1,,70.0,76.0,76.0,51.0,69.0,1919,165.95,18622689414978
3525.0,2,,69.0,78.0,78.0,52.0,70.0,2121,154.24,17334360195373
3525.0,3,,72.0,76.0,74.0,52.0,69.0,2111,147.58,17416565308471
3530.0,0,,67.0,74.0,74.0,51.0,69.0,2056,159.75,34497171529113
3531.0,1,,66.0,78.0,78.0,50.0,68.0,2035,150.90,18623548040710
3531.0,2,,68.0,78.0,78.0,52.0,70.0,2266,153.67,17335236109008
3531.0,3,,68.0,76.0,76.0,52.0,69.0,2275,162.85,17417493568786
3536.0,0,,67.0,74.0,74.0,51.0,69.0,2085,152.47,34498039098266
3536.0,1,,67.0,78.0,78.0,50.0,68.0,1917,151.14,18624409544494
3536.0,2,100.00,68.0,78.0,78.0,52.0,69.0,2286,144.62,17336060432861
3537.0,3,,68.0,76.0,76.0,51.0,69.0,2298,147.49,17418332763427
3542.0,0,,70.0,74.0,74.0,51.0,70.0,2099,155.06,34498921375366
3542.0,1,,69.0,76.0,76.0,51.0,69.0,1900,157.10,18625303421752
3542.0,2,,71.0,78.0,78.0,52.0,71.0,2216,149.07,17336907172973
3542.0,3,,68.0,76.0,76.0,51.0,69.0,2292,143.99,17419152057556
3547.0,0,,67.0,74.0,74.0,50.0,68.0,2101,165.84,34499864989196
3548.0,1,,67.0,78.0,78.0,50.0,68.0,2025,159.97,18626213673156
3548.0,2,,68.0,80.0,78.0,52.0,70.0,2268,160.19,17337818645996
3548.0,3,,68.0,76.0,76.0,51.0,69.0,2328,162.52,17420076807434
3553.0,0,,67.0,74.0,74.0,51.0,69.0,2106,152.85,34500736236938
3553.0,1,,67.0,78.0,78.0,50.0,68.0,1959,151.34,18627074779235
3553.0,2,,68.0,80.0,80.0,52.0,70.0,2298,147.83,17338661255554
3554.0,3,,68.0,76.0,76.0,51.0,69.0,2341,146.32,17420909391784
3559.0,0,,70.0,74.0,74.0,51.0,70.0,2004,156.42,34501624692260
3559.0,1,,66.0,78.0,78.0,50.0,68.0,1899,151.33,18627935844848
3559.0,2,,68.0,80.0,80.0,51.0,69.0,2298,148.04,17339503615966
3559.0,3,,68.0,76.0,76.0,51.0,69.0,2288,145.72,17421740003906
3565.0,0,,67.0,74.0,76.0,51.0,69.0,2045,164.44,34502562012512
3565.0,1,,67.0,78.0,78.0,50.0,68.0,2024,166.84,18628885164367
3565.0,2,,68.0,80.0,80.0,52.0,69.0,2339,164.57,17340440024414
3565.0,3,,68.0,76.0,76.0,51.0,69.0,2318,163.05,17422667786132
3570.0,0,,67.0,74.0,74.0,51.0,69.0,2088,153.28,34503434203491
3570.0,1,,66.0,78.0,78.0,50.0,67.0,2014,151.10,18629746431762
3571.0,2,,68.0,80.0,80.0,52.0,70.0,2309,147.34,17341279840332
3571.0,3,,68.0,76.0,78.0,51.0,69.0,2395,148.19,17423510986022
3576.0,0,,67.0,74.0,76.0,51.0,69.0,2099,153.21,34504305969116
3576.0,1,,67.0,78.0,78.0,50.0,67.0,1908,151.52,18630608586242
3576.0,2,,68.0,80.0,80.0,51.0,69.0,2288,148.11,17342122572570
3576.0,3,,68.0,78.0,76.0,51.0,69.0,2297,147.94,17424354250305
3582.0,0,,67.0,74.0,74.0,51.0,69.0,2095,168.17,34505264549011
3582.0,1,,67.0,78.0,78.0,50.0,68.0,1992,166.82,18631557796325
3582.0,2,,68.0,80.0,80.0,52.0,70.0,2307,164.54,17343058832580
3582.0,3,,68.0,76.0,76.0,51.0,69.0,2297,156.26,17425243358581
3587.0,0,,67.0,76.0,76.0,50.0,69.0,2106,153.12,34506137361267
3587.0,1,,66.0,78.0,78.0,50.0,67.0,2009,151.12,18632420673461
3588.0,2,,68.0,80.0,80.0,51.0,70.0,2313,148.02,17343904009948
3588.0,3,,68.0,76.0,78.0,51.0,69.0,2419,156.17,17426135062500
3593.0,0,,67.0,76.0,76.0,51.0,69.0,2095,153.26,34507010914855
3593.0,1,,66.0,78.0,78.0,50.0,68.0,1907,151.16,18633282309204
3593.0,2,,68.0,80.0,80.0,51.0,69.0,2287,148.14,17344746912536
3593.0,3,,68.0,78.0,78.0,51.0,69.0,2318,149.08,17426983303771
3599.0,0,,67.0,74.0,74.0,51.0,69.0,2045,168.26,34507968328857
3599.0,1,,67.0,78.0,78.0,50.0,68.0,1992,166.60,18634230273254
3599.0,2,,69.0,80.0,78.0,52.0,71.0,2289,164.42,17345684123046
3599.0,3,,68.0,78.0,78.0,51.0,69.0,2299,149.10,17427831668090
3604.0,0,,67.0,74.0,74.0,51.0,69.0,2076,153.03,34508840609985
3605.0,1,,66.0,78.0,78.0,50.0,67.0,2012,151.05,18635091240173
3605.0,2,,68.0,80.0,80.0,51.0,70.0,2328,148.16,17346527133239
3605.0,3,,68.0,78.0,78.0,51.0,69.0,2380,164.72,17428770546264
3610.0,0,,67.0,76.0,76.0,51.0,69.0,2095,153.29,34509714366760
3610.0,1,,66.0,78.0,78.0,50.0,68.0,1906,150.97,18635951771423
3610.0,2,,68.0,80.0,80.0,52.0,70.0,2294,148.18,17347371734680
3611.0,3,,68.0,78.0,78.0,51.0,69.0,2326,148.80,17429620217590
3616.0,0,,70.0,74.0,74.0,51.0,70.0,2098,168.38,34510672434936
3616.0,1,,67.0,78.0,78.0,50.0,68.0,1942,166.88,18636899648010
3616.0,2,,71.0,80.0,80.0,53.0,71.0,2291,162.88,17348298536926
3616.0,3,,68.0,78.0,78.0,52.0,69.0,2293,148.98,17430466444030
3621.0,0,,67.0,76.0,76.0,51.0,69.0,2131,153.28,34511544620117
3622.0,1,,67.0,78.0,78.0,50.0,68.0,2023,151.23,18637761631652
3622.0,2,,68.0,80.0,80.0,52.0,70.0,2349,149.10,17349148397338
3622.0,3,,69.0,78.0,78.0,51.0,69.0,2389,164.74,17431405479187
3627.0,0,,67.0,76.0,74.0,50.0,69.0,2095,153.25,34512418133178
3627.0,1,,66.0,78.0,78.0,50.0,67.0,1916,151.34,18638624262268
3628.0,2,100.00,68.0,80.0,80.0,51.0,70.0,2286,147.82,17349990998962
3628.0,3,,68.0,78.0,78.0,51.0,69.0,2381,148.77,17432253475280
3633.0,0,89.69,65.0,76.0,76.0,49.0,67.0,2076,146.37,34513252425964
3633.0,1,50.65,65.0,78.0,78.0,49.0,66.0,1889,131.92,18639374887878
3633.0,2,96.23,67.0,80.0,80.0,50.0,68.0,2292,138.57,17350778083618
3633.0,3,,69.0,78.0,78.0,51.0,70.0,2305,149.09,17433098810607
3639.0,0,0.00,64.0,76.0,76.0,48.0,65.0,1863,59.08,34513587381469
3639.0,1,0.00,63.0,78.0,78.0,48.0,64.0,1758,59.25,18639710819213
3639.0,2,0.00,65.0,80.0,80.0,49.0,66.0,2149,57.44,17351103755920
3639.0,3,0.00,66.0,78.0,78.0,50.0,67.0,2276,101.83,17433676209045
3644.0,0,0.00,63.0,76.0,76.0,48.0,65.0,1524,58.47,34513918893310
3644.0,1,0.00,62.0,78.0,78.0,47.0,63.0,1503,58.98,18640045241699
3645.0,2,0.00,64.0,80.0,80.0,48.0,65.0,1747,57.14,17351427723693
3645.0,3,0.00,64.0,78.0,78.0,49.0,65.0,1991,57.71,17434003398498
3650.0,0,57.25,64.0,70.0,68.0,48.0,66.0,1493,82.30,34514385551574
3650.0,1,0.00,61.0,78.0,78.0,46.0,62.0,1492,58.32,18640375907104
3650.0,2,0.00,63.0,80.0,80.0,48.0,65.0,1524,56.88,17351750207702
3650.0,3,0.00,64.0,78.0,78.0,48.0,65.0,1566,57.62,17434330124206
3656.0,0,,65.0,70.0,70.0,49.0,67.0,1449,147.35,34515221033752
3656.0,1,0.00,61.0,78.0,78.0,46.0,62.0,1448,58.30,18640707072204
3656.0,2,0.00,63.0,80.0,80.0,48.0,65.0,1522,56.39,17352070486572
3656.0,3,0.00,63.0,78.0,78.0,48.0,64.0,1531,57.27,17434656012939
3661.0,0,,66.0,72.0,72.0,50.0,68.0,1583,147.63,34516061069946
3661.0,1,0.00,60.0,78.0,78.0,46.0,61.0,1446,58.17,18641038064514
3662.0,2,0.00,63.0,80.0,80.0,47.0,64.0,1509,56.33,17352391012634
3662.0,3,0.00,63.0,78.0,78.0,48.0,64.0,1521,57.38,17434981917846
3667.0,0,98.18,70.0,72.0,72.0,51.0,70.0,1754,159.16,34516965088195
3667.0,1,47.36,65.0,68.0,68.0,48.0,64.0,1427,87.50,18641534212402
3667.0,2,47.22,67.0,72.0,72.0,50.0,67.0,1501,90.17,17352903168090
3667.0,3,47.37,67.0,70.0,68.0,49.0,67.0,1480,94.69,17435519774841
3673.0,0,,67.0,72.0,74.0,51.0,69.0,2019,156.21,34517852380554
3673.0,1,,64.0,72.0,72.0,48.0,65.0,1414,149.34,18642383938415
3673.0,2,,66.0,76.0,76.0,50.0,67.0,1507,147.66,17353743349914
3673.0,3,,67.0,72.0,72.0,50.0,68.0,1631,147.98,17436363252502
3678.0,0,,67.0,74.0,74.0,50.0,69.0,2084,153.48,34518727197937
3678.0,1,,65.0,72.0,72.0,48.0,65.0,1422,148.64,18643231200927
3679.0,2,100.00,67.0,76.0,76.0,50.0,68.0,1675,146.63,17354579138854
3679.0,3,,68.0,74.0,74.0,51.0,68.0,1866,148.60,17437208776977
3684.0,0,,69.0,72.0,72.0,51.0,70.0,1993,158.21,34519627398071
3684.0,1,,65.0,74.0,74.0,49.0,66.0,1456,146.86,18644066822998
3684.0,2,100.00,71.0,76.0,76.0,52.0,70.0,1869,156.27,17355466732849
3684.0,3,,72.0,74.0,74.0,52.0,70.0,2050,153.01,17438079405151
3690.0,0,,67.0,74.0,74.0,51.0,69.0,2080,163.56,34520558056396
3690.0,1,,66.0,74.0,74.0,49.0,67.0,1678,165.30,18645005713562
3690.0,2,,68.0,78.0,78.0,51.0,69.0,2131,154.73,17356347131835
3690.0,3,,68.0,74.0,74.0,51.0,69.0,2276,159.34,17438986077331
3695.0,0,,67.0,74.0,74.0,50.0,69.0,2096,153.63,34521432202392
3696.0,1,,66.0,74.0,74.0,50.0,67.0,1864,148.30,18645851028320
3696.0,2,,68.0,78.0,78.0,51.0,69.0,2107,146.46,17357181980346
3696.0,3,,68.0,76.0,76.0,51.0,69.0,2296,147.91,17439829166931
3701.0,0,,70.0,74.0,74.0,51.0,70.0,2097,159.12,34522339158752
3701.0,1,,66.0,76.0,76.0,50.0,67.0,1876,149.42,18646702736511
3701.0,2,,70.0,78.0,78.0,52.0,70.0,2098,147.07,17358018814270
3702.0,3,,68.0,76.0,76.0,51.0,69.0,2288,148.27,17440672806945
3707.0,0,,67.0,74.0,74.0,51.0,69.0,2129,162.32,34523262771850
3707.0,1,,66.0,76.0,76.0,50.0,67.0,1896,165.64,18647645204650
3707.0,2,,68.0,78.0,78.0,52.0,70.0,2213,163.13,17358948683288
3707.0,3,,68.0,76.0,76.0,51.0,69.0,2318,163.64,17441605550354
3712.0,0,,67.0,74.0,74.0,50.0,69.0,2099,153.00,34524133337829
3713.0,1,,66.0,76.0,76.0,50.0,67.0,1920,149.92,18648498244384
3713.0,2,,68.0,80.0,78.0,51.0,70.0,2288,148.11,17359791452575
3713.0,3,,68.0,76.0,76.0,51.0,69.0,2308,148.34,17442449579223
3718.0,0,,67.0,74.0,76.0,51.0,68.0,2064,153.09,34525005923095
3718.0,1,,66.0,76.0,76.0,49.0,67.0,1895,149.31,18649349291503
3718.0,2,100.00,67.0,80.0,78.0,51.0,69.0,2294,147.59,17360632705139
3719.0,3,,68.0,76.0,76.0,51.0,69.0,2285,148.76,17443297522521
3724.0,0,,67.0,74.0,74.0,51.0,69.0,2031,168.14,34525964335327
3724.0,1,,69.0,76.0,76.0,51.0,68.0,1886,162.90,18650277801879
3724.0,2,,68.0,80.0,78.0,52.0,70.0,2223,161.74,17361554626708
3724.0,3,,68.0,76.0,76.0,52.0,70.0,2371,164.09,17444232835021
3730.0,0,,67.0,74.0,76.0,51.0,69.0,2088,152.80,34526835303710
3730.0,1,,66.0,76.0,76.0,50.0,67.0,1950,154.83,18651158794128
3730.0,2,,68.0,80.0,80.0,52.0,70.0,2287,146.44,17362387880493
3730.0,3,,68.0,76.0,76.0,51.0,69.0,2338,147.46,17445071866516
3735.0,0,,67.0,76.0,74.0,50.0,69.0,2097,153.44,34527708382080
3735.0,1,,67.0,78.0,78.0,50.0,68.0,1896,151.35,18652021514648
3736.0,2,,68.0,80.0,80.0,51.0,69.0,2264,147.09,17363226283752
3736.0,3,,68.0,76.0,76.0,51.0,69.0,2295,147.61,17445913230163
3741.0,0,,67.0,74.0,74.0,51.0,69.0,2113,168.20,34528668816711
3741.0,1,,67.0,76.0,76.0,50.0,68.0,1893,158.80,18652928287902
3741.0,2,,68.0,80.0,80.0,52.0,70.0,2231,164.08,17364163203857
3741.0,3,,69.0,76.0,76.0,52.0,69.0,2347,164.26,17446849530090
3747.0,0,,67.0,76.0,76.0,51.0,69.0,2117,153.79,34529545433166
3747.0,1,,66.0,76.0,78.0,50.0,68.0,1991,157.81,18653827786682
3747.0,2,,68.0,80.0,80.0,52.0,70.0,2296,148.05,17365005617675
3747.0,3,,68.0,78.0,78.0,51.0,69.0,2358,148.90,17447698262023
3752.0,0,,67.0,76.0,76.0,50.0,69.0,2095,153.92,34530422801269
3753.0,1,,66.0,76.0,78.0,50.0,67.0,1916,150.14,18654683577636
3753.0,2,,68.0,80.0,80.0,52.0,69.0,2295,147.98,17365849123535
3753.0,3,,68.0,78.0,78.0,51.0,69.0,2296,149.01,17448547590698
3758.0,0,,67.0,74.0,74.0,51.0,69.0,2098,167.40,34531375316955
3758.0,1,,69.0,76.0,76.0,51.0,69.0,1889,156.76,18655575548706
3758.0,2,100.00,69.0,80.0,80.0,52.0,70.0,2310,164.42,17366784677612
3759.0,3,,69.0,76.0,76.0,52.0,70.0,2330,164.75,17449485044128
3764.0,0,,67.0,74.0,76.0,50.0,69.0,2137,153.37,34532249504577
3764.0,1,,66.0,78.0,78.0,50.0,68.0,2009,159.93,18656487141357
3764.0,2,,68.0,80.0,80.0,52.0,70.0,2334,147.87,17367628990661
3764.0,3,,68.0,78.0,78.0,51.0,69.0,2378,148.92,17450335393859
3769.0,0,,67.0,76.0,74.0,50.0,69.0,2098,153.36,34533122132202
3770.0,1,,66.0,78.0,78.0,50.0,67.0,1950,150.22,18657341905578
3770.0,2,,68.0,80.0,80.0,51.0,70.0,2287,148.15,17368471975219
3770.0,3,,68.0,78.0,78.0,51.0,69.0,2296,149.07,17451185099792
3775.0,0,99.66,67.0,74.0,74.0,51.0,69.0,1990,167.21,34534075218444
3775.0,1,,66.0,78.0,78.0,50.0,68.0,1886,150.01,18658196938232
3775.0,2,,68.0,80.0,78.0,52.0,70.0,2245,164.34,17369408709838
3776.0,3,,73.0,76.0,76.0,53.0,70.0,2309,160.70,17452099498901
3781.0,0,100.00,67.0,74.0,76.0,51.0,69.0,2097,150.97,34534935733032
3781.0,1,,67.0,78.0,78.0,50.0,68.0,1950,165.69,18659141377807
3781.0,2,,68.0,80.0,80.0,52.0,69.0,2339,148.22,17370252098876
3781.0,3,,68.0,78.0,78.0,52.0,69.0,2427,153.39,17452972274230
3787.0,0,,67.0,76.0,76.0,51.0,69.0,2098,151.76,34535799225158
3787.0,1,,66.0,78.0,78.0,50.0,68.0,1971,150.33,18659996733703
3787.0,2,,68.0,80.0,80.0,51.0,69.0,2288,147.55,17371093120727
3787.0,3,,68.0,78.0,78.0,52.0,69.0,2297,149.02,17453820195190
3792.0,0,,67.0,74.0,74.0,51.0,69.0,2014,159.60,34536707343383
3792.0,1,,66.0,78.0,78.0,50.0,67.0,1888,150.16,18660851134948
3793.0,2,,71.0,80.0,80.0,53.0,71.0,2269,159.27,17371997792907
3793.0,3,,73.0,76.0,76.0,53.0,70.0,2333,159.23,17454726201232
3798.0,0,,67.0,74.0,76.0,51.0,69.0,2134,160.66,34537619881286
3798.0,1,,67.0,78.0,78.0,50.0,68.0,1943,165.16,18661789227783
3798.0,2,100.00,68.0,80.0,80.0,52.0,70.0,2311,153.52,17372871330444
3798.0,3,,68.0,78.0,78.0,51.0,69.0,2423,154.81,17455607066589
3804.0,0,,67.0,76.0,76.0,51.0,69.0,2094,152.79,34538492333312
3804.0,1,,67.0,78.0,78.0,50.0,67.0,2000,150.37,18662646336547
3804.0,2,,68.0,80.0,80.0,52.0,70.0,2294,148.16,17373715863708
3804.0,3,,68.0,78.0,78.0,51.0,69.0,2316,149.09,17456456907104
3809.0,0,,67.0,76.0,76.0,51.0,69.0,2095,153.09,34539364950012
3809.0,1,,66.0,78.0,78.0,50.0,67.0,1907,150.40,18663503589660
3810.0,2,,68.0,80.0,80.0,51.0,69.0,2291,147.40,17374554596130
3810.0,3,,67.0,78.0,78.0,51.0,69.0,2291,144.47,17457276070678
3815.0,0,0.00,64.0,76.0,76.0,48.0,66.0,1995,75.75,34539792917663
3815.0,1,61.82,64.0,78.0,78.0,49.0,66.0,1887,134.53,18664265051696
3815.0,2,0.00,65.0,80.0,80.0,49.0,66.0,2212,60.73,17374898911071
3815.0,3,0.00,65.0,78.0,78.0,49.0,66.0,2247,58.54,17457608551330
3821.0,0,0.00,63.0,76.0,76.0,48.0,64.0,1561,58.43,34540125360900
3821.0,1,0.00,63.0,78.0,78.0,47.0,64.0,1743,59.61,18664603614562
3821.0,2,0.00,64.0,80.0,80.0,48.0,66.0,1839,57.19,17375223726989
3821.0,3,0.00,64.0,78.0,78.0,48.0,65.0,1851,57.44,17457934831665
3826.0,0,0.00,62.0,76.0,76.0,47.0,64.0,1513,58.14,34540454988708
3826.0,1,0.00,62.0,78.0,78.0,47.0,63.0,1502,58.56,18664936251220
3827.0,2,0.00,63.0,80.0,80.0,48.0,65.0,1502,56.37,17375543350463
3827.0,3,0.00,63.0,78.0,78.0,48.0,64.0,1523,57.10,17458258582824
3832.0,0,0.00,62.0,76.0,76.0,47.0,64.0,1459,58.20,34540785582946
3832.0,1,,65.0,74.0,74.0,49.0,66.0,1470,143.24,18665748402526
3832.0,2,0.00,63.0,80.0,80.0,48.0,65.0,1522,56.44,17375863933837
3832.0,3,0.00,63.0,78.0,78.0,48.0,64.0,1522,57.23,17458583663574
3838.0,0,0.00,61.0,76.0,76.0,47.0,63.0,1459,58.30,34541116715637
3838.0,1,,66.0,76.0,76.0,49.0,67.0,1490,147.27,18666584875305
3838.0,2,0.00,62.0,80.0,80.0,48.0,64.0,1500,56.39,17376184245788
3838.0,3,0.00,63.0,78.0,78.0,47.0,64.0,1511,57.31,17458909184082
3843.0,0,0.00,61.0,76.0,76.0,46.0,63.0,1458,57.90,34541445571533
3844.0,1,,66.0,76.0,76.0,49.0,67.0,1650,147.67,18667423627502
3844.0,2,0.00,62.0,80.0,80.0,47.0,64.0,1481,56.46,17376504366455
3844.0,3,0.00,63.0,78.0,78.0,47.0,64.0,1492,57.06,17459233267089
3849.0,0,,65.0,68.0,68.0,49.0,67.0,1428,165.39,34542383322326
3849.0,1,,67.0,76.0,76.0,51.0,68.0,1892,180.03,18668446185668
3849.0,2,100.00,66.0,74.0,74.0,50.0,68.0,1520,167.89,17377459686340
3850.0,3,,67.0,72.0,72.0,50.0,67.0,1593,171.90,17460209639526
3855.0,0,,66.0,70.0,70.0,50.0,67.0,1498,160.11,34543294357482
3855.0,1,,67.0,76.0,78.0,50.0,68.0,2066,159.74,18669355104370
3855.0,2,100.00,67.0,76.0,76.0,51.0,68.0,1749,154.16,17378336830688
3855.0,3,,68.0,74.0,74.0,50.0,68.0,1843,156.85,17461103673828
3860.0,0,,67.0,72.0,72.0,50.0,68.0,1661,159.59,34544205643310
3861.0,1,,67.0,78.0,78.0,50.0,67.0,2094,159.75,18670267257690
3861.0,2,,68.0,78.0,78.0,51.0,69.0,1947,155.10,17379220888549
3861.0,3,,68.0,74.0,74.0,51.0,69.0,2040,157.69,17462004074584
3866.0,0,,67.0,72.0,72.0,51.0,68.0,1897,173.09,34545190528320
3866.0,1,,67.0,76.0,76.0,50.0,68.0,2035,179.03,18671285955810
3866.0,2,100.00,71.0,76.0,76.0,53.0,71.0,2121,173.89,17380210334228
3867.0,3,,72.0,72.0,74.0,52.0,70.0,2231,180.56,17463029673339
3872.0,0,,67.0,72.0,72.0,51.0,69.0,2165,174.33,34546182468566
3872.0,1,,67.0,78.0,78.0,50.0,68.0,2226,165.35,18672225169921
3872.0,2,,68.0,78.0,78.0,52.0,70.0,2403,164.40,17381145754516
3872.0,3,,68.0,76.0,76.0,51.0,69.0,2495,160.04,17463941890625
3878.0,0,,67.0,74.0,74.0,51.0,69.0,2127,161.49,34547102979431
3878.0,1,,67.0,78.0,78.0,50.0,68.0,2126,158.20,18673128471313
3878.0,2,,68.0,78.0,78.0,52.0,70.0,2336,153.55,17382022518554
3878.0,3,,68.0,76.0,76.0,51.0,69.0,2325,157.42,17464839177246
3883.0,0,,68.0,74.0,74.0,51.0,69.0,2093,168.57,34548063836669
3883.0,1,,69.0,76.0,76.0,51.0,69.0,1937,163.87,18674062535766
3884.0,2,,72.0,78.0,78.0,52.0,71.0,2297,156.32,17382911994689
3884.0,3,,72.0,76.0,76.0,52.0,70.0,2309,170.39,17465808699035
3889.0,0,,68.0,74.0,74.0,51.0,69.0,2193,180.59,34549091403381
3889.0,1,,67.0,78.0,78.0,50.0,68.0,2119,181.31,18675094206970
3889.0,2,,69.0,80.0,80.0,52.0,70.0,2465,184.05,17383961074462
3889.0,3,,69.0,76.0,76.0,52.0,70.0,2590,170.53,17466780719116
3895.0,0,,67.0,76.0,74.0,51.0,69.0,2234,160.68,34550007279174
3895.0,1,,67.0,78.0,78.0,50.0,68.0,2149,158.45,18675997394287
3895.0,2,,68.0,80.0,80.0,52.0,70.0,2497,154.62,17384842404907
3895.0,3,,68.0,76.0,78.0,52.0,69.0,2465,156.95,17467675347778
3900.0,0,,67.0,76.0,76.0,51.0,69.0,2126,161.26,34550926433593
3900.0,1,,67.0,78.0,78.0,50.0,68.0,2009,157.97,18676897833923
3901.0,2,,68.0,80.0,80.0,52.0,70.0,2325,154.74,17385724432678
3901.0,3,,69.0,78.0,78.0,51.0,69.0,2304,157.22,17468571510681
3906.0,0,,71.0,74.0,74.0,52.0,71.0,2138,184.30,34551976954895
3906.0,1,,67.0,78.0,78.0,51.0,68.0,1993,178.32,18677912494201
3906.0,2,,70.0,78.0,78.0,52.0,71.0,2352,177.88,17386736549255
3906.0,3,,69.0,78.0,78.0,52.0,70.0,2501,177.40,17469580899719
3912.0,0,,68.0,76.0,76.0,51.0,69.0,2266,163.08,34552904885803
3912.0,1,,67.0,78.0,78.0,50.0,68.0,2193,166.25,18678860104431
3912.0,2,,69.0,80.0,80.0,52.0,70.0,2519,163.85,17387668841491
3912.0,3,,69.0,78.0,78.0,52.0,69.0,2550,163.84,17470513146057
3917.0,0,,67.0,76.0,76.0,51.0,69.0,2139,160.60,34553820324584
3918.0,1,,67.0,78.0,78.0,50.0,68.0,2116,160.10,18679772650024
3918.0,2,,69.0,80.0,80.0,52.0,70.0,2420,156.36,17388561642211
3918.0,3,,69.0,78.0,78.0,52.0,69.0,2410,156.52,17471406879272
3923.0,0,,67.0,76.0,76.0,51.0,69.0,2096,167.63,34554775819274
3923.0,1,,67.0,76.0,76.0,50.0,68.0,2023,173.25,18680758452697
3923.0,2,,69.0,80.0,80.0,52.0,70.0,2320,163.71,17389493167297
3924.0,3,,69.0,76.0,76.0,52.0,70.0,2343,176.49,17472409344177
3929.0,0,,68.0,76.0,76.0,51.0,69.0,2246,180.38,34555802180053
3929.0,1,,67.0,78.0,78.0,50.0,68.0,2118,172.36,18681740920349
3929.0,2,,69.0,80.0,80.0,52.0,70.0,2579,177.46,17390504715087
3929.0,3,,69.0,78.0,78.0,52.0,70.0,2651,163.70,17473344047485
3934.0,0,,67.0,76.0,76.0,51.0,69.0,2241,160.65,34556717873901
3935.0,1,,67.0,78.0,78.0,50.0,68.0,2116,159.88,18682652257568
3935.0,2,,68.0,80.0,80.0,52.0,70.0,2494,155.09,17391388755737
3935.0,3,,69.0,78.0,78.0,52.0,69.0,2504,156.82,17474237938781
3940.0,0,,67.0,76.0,76.0,51.0,69.0,2124,160.67,34557635295959
3940.0,1,,66.0,78.0,78.0,50.0,68.0,2084,159.35,18683560545043
3940.0,2,,68.0,80.0,80.0,51.0,70.0,2319,153.65,17392263011962
3941.0,3,,73.0,78.0,78.0,52.0,70.0,2354,155.55,17475122996520
3946.0,0,,70.0,74.0,74.0,52.0,71.0,2158,187.00,34558695606140
3946.0,1,,70.0,78.0,78.0,51.0,69.0,2018,179.22,18684578509094
3946.0,2,,72.0,80.0,80.0,53.0,72.0,2375,178.10,17393276387695
3946.0,3,,69.0,78.0,78.0,52.0,69.0,2531,176.09,17476124961364
3952.0,0,,68.0,76.0,76.0,51.0,69.0,2306,161.32,34559615115600
3952.0,1,,67.0,78.0,78.0,50.0,68.0,2179,165.28,18685520600524
3952.0,2,,68.0,80.0,80.0,52.0,70.0,2579,161.03,17394194269409
3952.0,3,,69.0,78.0,78.0,52.0,69.0,2611,163.16,17477053330566
3957.0,0,,67.0,76.0,76.0,51.0,69.0,2170,160.45,34560529702575
3957.0,1,,67.0,80.0,78.0,50.0,68.0,2086,159.67,18686430702880
3958.0,2,,69.0,80.0,82.0,52.0,70.0,2370,155.45,17395078795532
3958.0,3,,69.0,78.0,78.0,51.0,69.0,2422,155.02,17477936946655
3963.0,0,,68.0,74.0,74.0,51.0,69.0,2109,174.24,34561521152343
3963.0,1,,67.0,78.0,78.0,50.0,68.0,1984,172.95,18687413036682
3963.0,2,,72.0,80.0,80.0,53.0,71.0,2312,169.30,17396042133850
3963.0,3,,69.0,78.0,78.0,52.0,70.0,2397,170.07,17478904647949
3969.0,0,,68.0,76.0,76.0,51.0,69.0,2267,173.85,34562510360046
3969.0,1,,67.0,78.0,78.0,50.0,68.0,2118,172.69,18688397347961
3969.0,2,,69.0,80.0,80.0,52.0,70.0,2579,172.34,17397024449218
3969.0,3,,69.0,78.0,78.0,52.0,70.0,2610,169.70,17479871964538
3974.0,0,,67.0,76.0,76.0,51.0,69.0,2251,160.63,34563427544067
3975.0,1,,67.0,78.0,78.0,50.0,68.0,2125,159.60,18689308681396
3975.0,2,,69.0,82.0,82.0,52.0,70.0,2514,156.81,17397918249206
3975.0,3,,68.0,78.0,78.0,51.0,69.0,2524,155.47,17480759681762
3980.0,0,,68.0,76.0,76.0,51.0,70.0,2107,168.49,34564386279052
3980.0,1,,69.0,78.0,78.0,51.0,69.0,2067,165.69,18690251444335
3980.0,2,,69.0,82.0,82.0,52.0,70.0,2310,156.51,17398810362792
3981.0,3,,69.0,78.0,78.0,52.0,69.0,2363,162.72,17481685543884
3986.0,0,,71.0,74.0,74.0,52.0,70.0,2257,178.22,34565400361816
3986.0,1,,67.0,78.0,78.0,50.0,68.0,2067,178.31,18691266025756
3986.0,2,,69.0,80.0,80.0,52.0,71.0,2406,183.37,17399851929565
3986.0,3,,73.0,76.0,76.0,53.0,71.0,2533,175.97,17482685039672
3991.0,0,,68.0,76.0,76.0,51.0,69.0,2289,164.77,34566337887512
3992.0,1,,67.0,78.0,78.0,50.0,67.0,2151,159.86,18692175641357
3992.0,2,,69.0,80.0,82.0,52.0,70.0,2583,155.87,17400740375061
3992.0,3,,69.0,78.0,78.0,52.0,69.0,2655,158.55,17483588791748
3997.0,0,,67.0,76.0,76.0,51.0,69.0,2171,161.95,34567261010864
3997.0,1,,67.0,78.0,78.0,50.0,68.0,2097,159.52,18693084906982
3997.0,2,,68.0,80.0,82.0,52.0,70.0,2372,155.21,17401623509948
3998.0,3,,68.0,78.0,78.0,52.0,69.0,2433,156.92,17484481649108
4003.0,0,92.27,65.0,76.0,76.0,50.0,67.0,2099,151.84,34568125007812
4003.0,1,91.66,65.0,78.0,78.0,49.0,66.0,1923,146.90,18693919319763
4003.0,2,,68.0,80.0,80.0,52.0,70.0,2292,150.60,17402478938842
4003.0,3,,68.0,78.0,78.0,51.0,69.0,2296,147.48,17485319322998
4008.0,0,0.00,64.0,76.0,76.0,48.0,65.0,1967,59.17,34568460479248
4009.0,1,0.00,63.0,78.0,78.0,48.0,64.0,1807,59.49,18694256625610
4009.0,2,0.00,65.0,80.0,80.0,49.0,66.0,2241,62.86,17402835999694
4009.0,3,0.00,65.0,78.0,78.0,49.0,66.0,2242,58.40,17485650433532
4014.0,0,0.00,62.0,76.0,76.0,48.0,64.0,1544,58.46,34568792525085
4014.0,1,0.00,62.0,78.0,78.0,47.0,63.0,1524,58.96,18694591503479
4014.0,2,0.00,64.0,80.0,80.0,48.0,66.0,1843,57.30,17403160871093
4015.0,3,0.00,64.0,78.0,78.0,48.0,65.0,1822,57.51,17485976508666
4020.0,0,,65.0,70.0,70.0,49.0,67.0,1460,111.53,34569424920532
4020.0,1,0.00,61.0,78.0,78.0,47.0,63.0,1490,58.29,18694922023376
4020.0,2,0.00,63.0,80.0,80.0,48.0,65.0,1522,56.35,17403480943054
4020.0,3,0.00,63.0,78.0,78.0,48.0,64.0,1512,57.15,17486301102294
4026.0,0,,66.0,72.0,72.0,50.0,68.0,1502,147.37,34570262007751
4026.0,1,0.00,61.0,78.0,78.0,46.0,62.0,1438,58.35,18695253474426
4026.0,2,0.00,63.0,80.0,80.0,48.0,65.0,1512,56.59,17403801824584
4026.0,3,0.00,63.0,78.0,78.0,48.0,64.0,1522,57.36,17486626890136
4031.0,0,,67.0,72.0,72.0,50.0,68.0,1680,148.72,34571106721069
4031.0,1,0.00,60.0,78.0,78.0,46.0,61.0,1448,58.29,18695584549255
4031.0,2,0.00,63.0,80.0,80.0,48.0,64.0,1511,56.44,17404122380859
4032.0,3,0.00,63.0,78.0,78.0,47.0,64.0,1522,57.30,17486952353027
4037.0,0,,68.0,72.0,72.0,51.0,69.0,1914,176.74,34572108862426
4037.0,1,,64.0,72.0,72.0,48.0,64.0,1437,133.00,18696339996826
4037.0,2,100.00,66.0,74.0,74.0,50.0,67.0,1499,135.33,17404892382751
4037.0,3,,67.0,72.0,70.0,50.0,67.0,1519,138.56,17487739363159
4043.0,0,,68.0,74.0,74.0,51.0,69.0,2192,161.56,34573029780700
4043.0,1,,65.0,74.0,74.0,48.0,65.0,1434,156.89,18697232672729
4043.0,2,,67.0,76.0,76.0,50.0,68.0,1771,154.97,17405774183349
4043.0,3,100.00,68.0,72.0,74.0,51.0,68.0,1856,156.27,17488630104919
4048.0,0,,67.0,74.0,74.0,51.0,69.0,2120,161.59,34573949234924
4048.0,1,,66.0,74.0,74.0,49.0,66.0,1476,156.52,18698124814941
4049.0,2,,68.0,78.0,78.0,51.0,69.0,1918,155.72,17406660245056
4049.0,3,,68.0,74.0,74.0,51.0,69.0,2055,156.53,17489520750244
4054.0,0,,70.0,74.0,74.0,52.0,70.0,2098,166.84,34574898532592
4054.0,1,,69.0,74.0,74.0,50.0,68.0,1646,162.04,18699045180419
4054.0,2,,71.0,76.0,76.0,52.0,70.0,2081,169.15,17407622721801
4054.0,3,,72.0,74.0,74.0,52.0,70.0,2168,169.84,17490485449157
4060.0,0,,68.0,74.0,74.0,51.0,69.0,2253,180.18,34575921926879
4060.0,1,,67.0,76.0,76.0,50.0,68.0,1923,180.27,18700069139099
4060.0,2,,68.0,78.0,78.0,52.0,70.0,2353,171.20,17408595163879
4060.0,3,,68.0,76.0,76.0,52.0,69.0,2509,170.54,17491455798278
4065.0,0,,67.0,76.0,76.0,51.0,69.0,2255,160.53,34576835320495
4065.0,1,,66.0,76.0,76.0,50.0,68.0,2035,159.25,18700975286193
4066.0,2,,68.0,78.0,80.0,52.0,70.0,2341,156.49,17409485569030
4066.0,3,,68.0,76.0,76.0,51.0,69.0,2435,157.58,17492352443603
4071.0,0,,67.0,76.0,76.0,51.0,69.0,2117,160.83,34577752063537
4071.0,1,,66.0,76.0,76.0,50.0,68.0,1906,158.96,18701882969604
4071.0,2,,68.0,80.0,80.0,52.0,69.0,2296,156.55,17410377919494
4071.0,3,,68.0,78.0,78.0,51.0,69.0,2307,157.07,17493247725036
4077.0,0,,68.0,74.0,74.0,51.0,70.0,2162,186.92,34578815661132
4077.0,1,,70.0,76.0,76.0,51.0,69.0,1972,182.48,18702921284118
4077.0,2,,69.0,80.0,78.0,52.0,70.0,2416,184.43,17411427309020
4077.0,3,,69.0,76.0,76.0,52.0,70.0,2521,184.47,17494297385192
4082.0,0,,68.0,76.0,76.0,51.0,69.0,2307,162.06,34579737756652
4083.0,1,,67.0,78.0,78.0,50.0,68.0,2170,163.15,18703849587707
4083.0,2,,69.0,80.0,80.0,52.0,70.0,2527,156.99,17412322150085
4083.0,3,,68.0,78.0,76.0,51.0,69.0,2612,156.20,17495187722900
4088.0,0,,67.0,76.0,76.0,51.0,69.0,2162,161.68,34580657737731
4088.0,1,,66.0,78.0,78.0,50.0,68.0,2057,158.67,18704752417724
4088.0,2,,68.0,80.0,80.0,52.0,70.0,2310,156.80,17413214354370
4089.0,3,,68.0,78.0,78.0,51.0,69.0,2352,156.22,17496076609802
4094.0,0,,70.0,74.0,74.0,52.0,70.0,2111,172.04,34581636621643
4094.0,1,,70.0,76.0,76.0,51.0,69.0,1922,170.98,18705723583923
4094.0,2,,71.0,78.0,78.0,53.0,71.0,2325,176.00,17414214057617
4094.0,3,,69.0,76.0,76.0,52.0,70.0,2369,177.48,17497082945800
4099.0,0,,68.0,76.0,76.0,51.0,69.0,2292,176.87,34582643027221
4100.0,1,,67.0,78.0,78.0,50.0,68.0,2141,173.90,18706713102233
4100.0,2,,69.0,80.0,80.0,52.0,70.0,2509,164.78,17415151655517
4100.0,3,,69.0,78.0,78.0,52.0,69.0,2675,161.93,17498005969726
4105.0,0,,67.0,76.0,76.0,51.0,69.0,2252,161.35,34583562713806
4105.0,1,,67.0,78.0,78.0,50.0,67.0,2116,159.44,18707621932495
4105.0,2,,69.0,80.0,80.0,52.0,70.0,2421,156.63,17416044428039
4106.0,3,,68.0,78.0,78.0,51.0,69.0,2433,156.08,17498895622924
4111.0,0,,67.0,76.0,76.0,51.0,69.0,2119,160.53,34584476110839
4111.0,1,,70.0,76.0,76.0,51.0,69.0,1953,163.28,18708550992675
4111.0,2,,71.0,80.0,80.0,53.0,71.0,2303,162.40,17416968494689
4111.0,3,,72.0,76.0,78.0,52.0,70.0,2303,164.19,17499828242736
4117.0,0,,68.0,74.0,76.0,51.0,69.0,2227,187.25,34585539707458
4117.0,1,,67.0,78.0,78.0,50.0,68.0,2069,180.99,18709580851135
4117.0,2,,69.0,80.0,80.0,52.0,70.0,2510,178.76,17417983852233
4117.0,3,,69.0,78.0,78.0,52.0,70.0,2624,177.04,17500835575134
4122.0,0,,68.0,76.0,76.0,51.0,69.0,2298,160.75,34586455981201
4122.0,1,,67.0,78.0,78.0,50.0,67.0,2169,158.62,18710484999877
4123.0,2,,69.0,80.0,82.0,52.0,70.0,2504,156.49,17418877387084
4123.0,3,,69.0,78.0,78.0,52.0,70.0,2579,157.13,17501732763793
4128.0,0,100.00,67.0,76.0,76.0,51.0,69.0,2149,160.59,34587371342468
4128.0,1,,67.0,78.0,78.0,50.0,68.0,2024,160.11,18711396043945
4128.0,2,,69.0,82.0,82.0,52.0,70.0,2341,156.68,17419768879516
4128.0,3,,68.0,78.0,78.0,52.0,70.0,2382,157.47,17502628756591
4134.0,0,,68.0,76.0,76.0,51.0,69.0,2139,174.00,34588361374694
4134.0,1,,70.0,76.0,78.0,51.0,69.0,1980,174.25,18712389290283
4134.0,2,,70.0,80.0,80.0,52.0,71.0,2339,177.57,17420779271606
4134.0,3,,73.0,76.0,76.0,53.0,71.0,2447,182.16,17503665262329
4139.0,0,,68.0,76.0,76.0,51.0,69.0,2289,172.58,34589343342224
4139.0,1,,67.0,78.0,78.0,50.0,68.0,2162,170.68,18713360466857
4140.0,2,,69.0,82.0,80.0,52.0,70.0,2562,163.60,17421711767700
4140.0,3,,69.0,78.0,78.0,51.0,69.0,2656,158.92,17504569494201
4145.0,0,,67.0,76.0,76.0,51.0,69.0,2204,160.81,34590258372253
4145.0,1,,67.0,78.0,78.0,50.0,68.0,2120,159.11,18714265830444
4145.0,2,,68.0,82.0,82.0,52.0,70.0,2448,157.03,17422603684936
4145.0,3,,69.0,78.0,78.0,52.0,70.0,2458,156.26,17505458626220
4151.0,0,,68.0,76.0,74.0,51.0,69.0,2099,167.06,34591208953308
4151.0,1,,67.0,78.0,78.0,50.0,68.0,1950,166.10,18715210959777
4151.0,2,,72.0,80.0,80.0,53.0,71.0,2306,164.51,17423541416687
4151.0,3,,69.0,78.0,78.0,52.0,70.0,2328,169.91,17506427104980
4156.0,0,,68.0,76.0,76.0,51.0,69.0,2243,180.44,34592237470092
4157.0,1,,67.0,78.0,78.0,51.0,69.0,2097,179.01,18716231336486
4157.0,2,100.00,69.0,80.0,80.0,52.0,70.0,2573,176.71,17424548676208
4157.0,3,,69.0,78.0,78.0,52.0,70.0,2677,169.33,17507390614562
4162.0,0,,67.0,76.0,76.0,51.0,69.0,2317,161.20,34593156310546
4162.0,1,,67.0,78.0,78.0,50.0,68.0,2159,159.77,18717140428344
4162.0,2,,68.0,82.0,82.0,52.0,70.0,2518,156.90,17425441423645
4163.0,3,,69.0,78.0,78.0,51.0,69.0,2539,156.02,17508279925720
4168.0,0,,67.0,76.0,76.0,51.0,69.0,2140,160.03,34594066864807
4168.0,1,,67.0,78.0,78.0,50.0,68.0,2025,158.06,18718041346984
4168.0,2,,68.0,82.0,82.0,52.0,70.0,2341,156.49,17426331826721
4168.0,3,,68.0,78.0,78.0,51.0,69.0,2341,154.42,17509158581604
4173.0,0,,70.0,76.0,76.0,52.0,70.0,2164,173.62,34595054740173
4174.0,1,100.00,70.0,78.0,78.0,51.0,69.0,2005,177.09,18719047223693
4174.0,2,,71.0,80.0,80.0,53.0,71.0,2365,176.46,17427335892761
4174.0,3,100.00,73.0,76.0,76.0,53.0,71.0,2464,179.01,17510175341308
4179.0,0,,68.0,76.0,76.0,51.0,69.0,2299,174.96,34596050290100
4179.0,1,,67.0,78.0,78.0,50.0,68.0,2172,168.49,18720005940002
4179.0,2,100.00,69.0,80.0,80.0,52.0,70.0,2579,163.89,17428270090637
4180.0,3,,69.0,78.0,78.0,51.0,70.0,2660,160.66,17511092724121
4185.0,0,,68.0,76.0,76.0,51.0,69.0,2209,162.44,34596976203979
4185.0,1,,67.0,78.0,78.0,50.0,68.0,2116,159.52,18720916825927
4185.0,2,,69.0,82.0,82.0,52.0,70.0,2456,156.85,17429162579956
4185.0,3,,69.0,78.0,78.0,51.0,69.0,2458,157.68,17511989903015
4191.0,0,,67.0,76.0,76.0,51.0,69.0,2121,160.73,34597890732604
4191.0,1,,66.0,78.0,78.0,50.0,67.0,1929,156.87,18721809397460
4191.0,2,,68.0,80.0,80.0,52.0,70.0,2296,153.63,17430038272460
4191.0,3,,68.0,78.0,78.0,51.0,69.0,2304,152.77,17512860699401
4196.0,0,0.00,64.0,76.0,76.0,49.0,66.0,2074,83.94,34598369210144
4196.0,1,0.00,64.0,78.0,78.0,48.0,65.0,1907,77.96,18722252989440
4197.0,2,0.00,65.0,80.0,80.0,50.0,67.0,2237,72.06,17430448306335
4197.0,3,0.00,65.0,78.0,78.0,49.0,67.0,2315,70.19,17513259402160
4202.0,0,0.00,63.0,76.0,76.0,48.0,65.0,1545,58.36,34598700700317
4202.0,1,0.00,62.0,78.0,78.0,47.0,63.0,1557,59.05,18722587779357
4202.0,2,0.00,64.0,80.0,80.0,49.0,66.0,1863,57.02,17430771586303
4202.0,3,0.00,64.0,78.0,78.0,48.0,65.0,1841,57.44,17513585100646
4208.0,0,0.00,62.0,76.0,76.0,47.0,64.0,1513,58.45,34599032120788
4208.0,1,,64.0,74.0,74.0,48.0,65.0,1502,100.74,18723159960083
4208.0,2,0.00,64.0,80.0,80.0,48.0,65.0,1513,56.65,17431092775024
4208.0,3,0.00,63.0,78.0,78.0,48.0,65.0,1535,57.47,17513910949096
4213.0,0,0.00,61.0,76.0,76.0,47.0,64.0,1502,58.22,34599362248962
4213.0,1,,65.0,74.0,76.0,49.0,66.0,1450,146.86,18723992662536
4214.0,2,0.00,63.0,80.0,80.0,48.0,65.0,1523,56.38,17431412421875
4214.0,3,0.00,63.0,78.0,78.0,48.0,65.0,1524,57.15,17514234995971
4219.0,0,0.00,61.0,76.0,76.0,47.0,64.0,1450,58.31,34599692846130
4219.0,1,,66.0,76.0,76.0,49.0,67.0,1534,147.08,18724826628723
4219.0,2,0.00,63.0,80.0,80.0,48.0,64.0,1523,56.47,17431732585510
4219.0,3,0.00,63.0,78.0,78.0,47.0,64.0,1502,57.15,17514559617858
4225.0,0,,67.0,68.0,68.0,49.0,67.0,1470,111.30,34600323935607
4225.0,1,,70.0,74.0,74.0,51.0,69.0,1724,170.94,18725797551940
4225.0,2,100.00,68.0,72.0,72.0,50.0,68.0,1502,118.69,17432406770019
4225.0,3,,69.0,70.0,70.0,50.0,68.0,1544,122.88,17515256345581
4230.0,0,100.00,66.0,70.0,70.0,49.0,67.0,1469,164.32,34601257265747
4230.0,1,,67.0,76.0,76.0,50.0,68.0,2026,163.20,18726724508300
4231.0,2,100.00,67.0,76.0,76.0,50.0,68.0,1792,157.82,17433304749145
4231.0,3,100.00,67.0,72.0,72.0,51.0,68.0,1821,157.32,17516153076843
4236.0,0,,67.0,72.0,72.0,50.0,68.0,1610,160.55,34602173997009
4236.0,1,,67.0,78.0,78.0,50.0,68.0,2084,159.93,18727636124511
4236.0,2,100.00,68.0,78.0,78.0,51.0,69.0,1915,155.69,17434192176635
4236.0,3,,68.0,74.0,74.0,51.0,68.0,2000,157.04,17517048203613
4242.0,0,,67.0,72.0,72.0,51.0,69.0,1834,167.96,34603129698791
4242.0,1,,67.0,78.0,78.0,50.0,68.0,1961,159.71,18728546465087
4242.0,2,,71.0,76.0,76.0,52.0,70.0,2056,161.61,17435113380187
4242.0,3,,68.0,74.0,74.0,51.0,69.0,2101,164.01,17517981440124
4247.0,0,,67.0,72.0,72.0,51.0,69.0,2108,180.67,34604157734008
4248.0,1,,67.0,78.0,78.0,50.0,68.0,2087,184.13,18729594148681
4248.0,2,100.00,69.0,78.0,78.0,52.0,70.0,2308,178.73,17436130331481
4248.0,3,,69.0,76.0,76.0,52.0,70.0,2421,177.54,17518993438903
4253.0,0,,67.0,74.0,74.0,51.0,69.0,2179,161.70,34605081046325
4253.0,1,,67.0,78.0,78.0,50.0,68.0,2157,159.95,18730507442993
4253.0,2,,69.0,78.0,78.0,52.0,70.0,2398,156.24,17437022469726
4254.0,3,,68.0,76.0,76.0,51.0,69.0,2451,157.20,17519891026550
4259.0,0,,67.0,74.0,74.0,51.0,69.0,2095,162.34,34606006358703
4259.0,1,,67.0,78.0,78.0,50.0,68.0,2105,160.15,18731420314575
4259.0,2,,68.0,80.0,80.0,52.0,70.0,2306,156.68,17437913994079
4259.0,3,,69.0,76.0,76.0,51.0,69.0,2295,157.30,17520787661315
4264.0,0,,71.0,72.0,74.0,52.0,70.0,2150,183.43,34607050051025
4265.0,1,,67.0,78.0,78.0,50.0,68.0,2005,178.81,18732437752014
4265.0,2,,69.0,80.0,78.0,52.0,70.0,2363,176.98,17438921000427
4265.0,3,,72.0,74.0,76.0,52.0,71.0,2460,184.14,17521833573547
4270.0,0,,67.0,74.0,74.0,51.0,69.0,2278,165.79,34607993406188
4270.0,1,,67.0,78.0,78.0,50.0,68.0,2203,166.74,18733386513305
4270.0,2,,69.0,80.0,80.0,52.0,70.0,2518,163.52,17439853057678
4271.0,3,,68.0,78.0,78.0,51.0,70.0,2611,158.15,17522735029418
4276.0,0,,67.0,76.0,74.0,51.0,69.0,2147,161.28,34608912697631
4276.0,1,,67.0,78.0,78.0,50.0,68.0,2126,159.88,18734297817504
4276.0,2,,69.0,80.0,80.0,52.0,70.0,2399,156.49,17440745044372
4276.0,3,,68.0,78.0,78.0,51.0,69.0,2390,157.53,17523632946411
4282.0,0,,70.0,74.0,74.0,51.0,70.0,2110,171.53,34609888728332
4282.0,1,,67.0,78.0,78.0,50.0,68.0,1973,166.12,18735243016723
4282.0,2,100.00,69.0,80.0,80.0,52.0,70.0,2333,169.45,17441709188903
4282.0,3,,69.0,78.0,76.0,52.0,70.0,2333,171.01,17524604276428
4287.0,0,,68.0,76.0,76.0,51.0,69.0,2235,174.87,34610885473999
4287.0,1,,67.0,78.0,78.0,50.0,68.0,2161,179.59,18736264897827
4288.0,2,,69.0,80.0,80.0,52.0,70.0,2497,170.20,17442677636657
4288.0,3,,69.0,78.0,78.0,52.0,70.0,2653,171.08,17525579426025
4293.0,0,,67.0,76.0,76.0,51.0,69.0,2190,161.17,34611804138671
4293.0,1,,67.0,78.0,78.0,50.0,68.0,2137,160.05,18737177179626
4293.0,2,,68.0,80.0,80.0,52.0,69.0,2483,155.61,17443566189514
4293.0,3,,69.0,78.0,78.0,52.0,70.0,2493,157.25,17526477313903
4299.0,0,,67.0,76.0,76.0,51.0,69.0,2114,161.81,34612726436950
4299.0,1,,69.0,78.0,78.0,51.0,69.0,1999,162.47,18738104858215
4299.0,2,,69.0,80.0,80.0,52.0,70.0,2307,156.90,17444458966979
4299.0,3,,72.0,76.0,76.0,52.0,70.0,2320,160.79,17527392206970
4304.0,0,,68.0,74.0,74.0,51.0,69.0,2205,186.99,34613790435302
4305.0,1,,67.0,78.0,78.0,50.0,68.0,2047,175.30,18739102292724
4305.0,2,,69.0,80.0,78.0,52.0,70.0,2383,184.20,17445507080139
4305.0,3,,69.0,78.0,78.0,52.0,70.0,2529,180.70,17528420387695
4310.0,0,,67.0,76.0,76.0,51.0,69.0,2305,161.10,34614708702392
4310.0,1,,67.0,78.0,78.0,50.0,68.0,2124,166.59,18740051856933
4310.0,2,,69.0,80.0,80.0,52.0,70.0,2586,156.81,17446402482727
4311.0,3,,69.0,78.0,78.0,52.0,70.0,2629,157.96,17529322310852
4316.0,0,,67.0,76.0,76.0,51.0,69.0,2157,160.94,34615626070983
4316.0,1,,67.0,78.0,78.0,50.0,67.0,2095,159.90,18740963302612
4316.0,2,,68.0,82.0,80.0,52.0,70.0,2390,156.82,17447296363586
4316.0,3,,69.0,78.0,78.0,52.0,69.0,2400,157.63,17530220815734
4321.0,0,,71.0,74.0,74.0,52.0,70.0,2138,178.09,34616641171630
4322.0,1,,67.0,78.0,78.0,50.0,68.0,2002,172.71,18741947768920
4322.0,2,,69.0,80.0,80.0,52.0,70.0,2341,170.87,17448268619445
4322.0,3,,74.0,76.0,78.0,53.0,71.0,2384,178.41,17531235971679
4327.0,0,,68.0,76.0,76.0,51.0,69.0,2265,170.04,34617610416442
4327.0,1,,67.0,78.0,78.0,50.0,68.0,2159,172.88,18742933203430
4327.0,2,,69.0,82.0,80.0,52.0,70.0,2548,170.12,17449238317077
4328.0,3,,69.0,78.0,78.0,52.0,70.0,2695,164.11,17532171426086
4333.0,0,,67.0,76.0,76.0,51.0,69.0,2200,161.05,34618528429321
4333.0,1,,67.0,78.0,78.0,50.0,68.0,2125,160.26,18743846658203
4333.0,2,,68.0,82.0,82.0,52.0,70.0,2491,156.72,17450133172790
4333.0,3,,68.0,78.0,78.0,51.0,70.0,2511,157.57,17533071139831
4339.0,0,,70.0,74.0,74.0,51.0,70.0,2114,167.57,34619483556701
4339.0,1,,67.0,78.0,78.0,50.0,68.0,2021,166.55,18744796010498
4339.0,2,,69.0,80.0,80.0,52.0,71.0,2307,163.51,17451065180114
4339.0,3,,72.0,76.0,76.0,53.0,71.0,2319,169.81,17534039082641
4344.0,0,,70.0,74.0,74.0,52.0,70.0,2235,178.40,34620500447998
4344.0,1,,67.0,78.0,78.0,51.0,68.0,2098,179.02,18745816403259
4345.0,2,100.00,70.0,80.0,80.0,52.0,71.0,2477,177.08,17452072749023
4345.0,3,,69.0,78.0,78.0,52.0,70.0,2668,172.43,17535020202941
4350.0,0,,68.0,76.0,76.0,51.0,69.0,2287,163.23,34621429252685
4350.0,1,,67.0,78.0,78.0,50.0,68.0,2192,160.30,18746728520263
4350.0,2,,69.0,82.0,80.0,52.0,70.0,2602,156.92,17452967210388
4350.0,3,,69.0,78.0,78.0,52.0,70.0,2537,157.62,17535918621154
4356.0,0,,67.0,76.0,76.0,51.0,69.0,2157,160.83,34622346001159
4356.0,1,,67.0,78.0,78.0,50.0,68.0,2073,160.11,18747641144653
4356.0,2,,69.0,82.0,82.0,52.0,70.0,2390,156.90,17453861520690
4356.0,3,,69.0,78.0,78.0,51.0,69.0,2371,157.59,17536815302429
4361.0,0,,68.0,76.0,76.0,51.0,69.0,2183,180.19,34623373083251
4361.0,1,,70.0,78.0,78.0,51.0,69.0,2004,172.98,18748625396240
4362.0,2,,69.0,80.0,80.0,52.0,70.0,2351,169.95,17454828564575
4362.0,3,,72.0,76.0,76.0,53.0,71.0,2531,181.99,17537852637084
4367.0,0,,68.0,76.0,76.0,51.0,69.0,2279,168.11,34624327941406
4367.0,1,,67.0,78.0,78.0,50.0,68.0,2131,172.92,18749609288146
4367.0,2,,69.0,80.0,80.0,52.0,70.0,2541,169.96,17455795616943
4368.0,3,,69.0,78.0,78.0,52.0,70.0,2676,159.89,17538762433715
4373.0,0,,68.0,76.0,76.0,51.0,69.0,2182,161.20,34625243582824
4373.0,1,,67.0,78.0,78.0,50.0,68.0,2115,160.39,18750515512390
4373.0,2,,68.0,82.0,82.0,52.0,70.0,2466,154.50,17456665448791
4373.0,3,,68.0,78.0,78.0,52.0,69.0,2434,157.36,17539643631896
4378.0,0,,67.0,76.0,76.0,51.0,69.0,2111,159.61,34626140614379
4378.0,1,,67.0,78.0,78.0,50.0,67.0,1976,157.68,18751406408081
4379.0,2,,68.0,80.0,82.0,52.0,70.0,2306,155.25,17457545718139
4379.0,3,,68.0,78.0,78.0,51.0,69.0,2299,151.51,17540505710449
4384.0,0,0.00,64.0,76.0,76.0,49.0,66.0,2089,95.90,34626686257080
4384.0,1,0.00,64.0,78.0,78.0,48.0,65.0,1913,95.94,18751951375610
4384.0,2,0.00,65.0,80.0,80.0,50.0,67.0,2297,95.62,17458087858825
4384.0,3,0.00,65.0,78.0,78.0,49.0,67.0,2224,59.03,17540840434448
4390.0,0,0.00,63.0,76.0,76.0,48.0,64.0,1736,58.37,34627017186645
4390.0,1,0.00,63.0,78.0,78.0,47.0,64.0,1577,59.08,18752286360046
4390.0,2,0.00,64.0,80.0,80.0,49.0,66.0,1955,57.07,17458411443847
4390.0,3,0.00,64.0,78.0,78.0,48.0,65.0,1807,57.42,17541166567749
4395.0,0,0.00,62.0,76.0,76.0,47.0,64.0,1492,58.28,34627347630859
4396.0,1,0.00,62.0,78.0,78.0,47.0,63.0,1503,58.71,18752619228210
4396.0,2,0.00,64.0,80.0,80.0,48.0,65.0,1557,56.67,17458732759399
4396.0,3,66.11,66.0,72.0,72.0,50.0,67.0,1546,91.46,17541684209716
4401.0,0,0.00,62.0,76.0,76.0,47.0,64.0,1482,58.53,34627679505615
4401.0,1,0.00,61.0,78.0,78.0,46.0,62.0,1472,58.57,18752951330566
4401.0,2,0.00,63.0,80.0,80.0,48.0,65.0,1524,56.70,17459054241088
4401.0,3,,67.0,74.0,74.0,50.0,68.0,1724,143.59,17542499826782
4407.0,0,0.00,61.0,76.0,76.0,47.0,63.0,1480,58.01,34628009022949
4407.0,1,0.00,61.0,78.0,78.0,46.0,62.0,1438,58.07,18753281191345
4407.0,2,0.00,63.0,80.0,80.0,48.0,65.0,1511,56.58,17459375604980
4407.0,3,,68.0,74.0,74.0,51.0,69.0,1913,144.14,17543318538818
4412.0,0,48.80,65.0,66.0,66.0,49.0,66.0,1460,84.13,34628486049743
4413.0,1,48.09,66.0,70.0,70.0,48.0,65.0,1428,87.91,18753779652404
4413.0,2,48.23,67.0,72.0,72.0,50.0,67.0,1502,90.96,17459892250244
4413.0,3,96.91,71.0,74.0,74.0,52.0,70.0,2084,160.54,17544228804626
4418.0,0,,65.0,70.0,70.0,49.0,67.0,1448,172.98,34629468578369
4418.0,1,,64.0,74.0,72.0,48.0,65.0,1425,168.84,18754740348022
4418.0,2,100.00,67.0,76.0,76.0,50.0,68.0,1709,166.04,17460837044128
4419.0,3,,69.0,76.0,76.0,51.0,69.0,2390,167.26,17545182160766
4424.0,0,,66.0,70.0,72.0,50.0,68.0,1591,160.92,34630385802490
4424.0,1,,66.0,74.0,74.0,49.0,66.0,1454,158.56,18755642538696
4424.0,2,,67.0,76.0,76.0,51.0,69.0,1876,153.18,17461708663635
4424.0,3,,69.0,76.0,76.0,51.0,69.0,2341,157.22,17546076763610
4429.0,0,,67.0,72.0,72.0,50.0,68.0,1793,161.86,34631306760681
4430.0,1,,66.0,74.0,74.0,50.0,67.0,1612,158.84,18756547908081
4430.0,2,,68.0,78.0,78.0,51.0,69.0,2044,152.35,17462577047302
4430.0,3,,72.0,76.0,76.0,52.0,70.0,2297,161.50,17546995713317
4435.0,0,,68.0,72.0,72.0,51.0,69.0,2024,186.93,34632370407226
4435.0,1,,67.0,74.0,74.0,50.0,68.0,1825,181.37,18757579929321
4435.0,2,,69.0,78.0,78.0,52.0,70.0,2196,183.49,17463619253662
4436.0,3,,69.0,76.0,76.0,52.0,70.0,2535,180.07,17548020291076
4441.0,0,100.00,67.0,74.0,74.0,51.0,69.0,2226,160.09,34633281319702
4441.0,1,,67.0,76.0,76.0,50.0,68.0,2024,157.61,18758476724731
4441.0,2,100.00,68.0,78.0,78.0,52.0,70.0,2401,156.44,17464510937072
4441.0,3,,68.0,78.0,78.0,52.0,69.0,2590,157.72,17548919319274
4447.0,0,,67.0,74.0,74.0,51.0,69.0,2119,161.32,34634199214538
4447.0,1,,66.0,76.0,76.0,50.0,67.0,1918,159.04,18759381686523
4447.0,2,,68.0,80.0,80.0,52.0,70.0,2308,156.59,17465401916992
4447.0,3,,69.0,78.0,78.0,51.0,69.0,2339,157.36,17549814714050
4452.0,0,,70.0,72.0,72.0,52.0,70.0,2119,178.73,34635217985412
4452.0,1,,70.0,74.0,76.0,51.0,69.0,1899,172.08,18760360832824
4453.0,2,,69.0,80.0,78.0,52.0,70.0,2290,170.42,17466371579589
4453.0,3,,72.0,76.0,76.0,53.0,71.0,2387,176.19,17550815462463
4458.0,0,,67.0,74.0,74.0,51.0,69.0,2268,169.21,34636180778198
4458.0,1,,67.0,78.0,78.0,50.0,68.0,2140,172.27,18761341066955
4458.0,2,,69.0,80.0,80.0,52.0,70.0,2436,170.69,17467342794677
4458.0,3,,69.0,78.0,78.0,51.0,70.0,2677,166.06,17551762030334
4464.0,0,,67.0,76.0,74.0,51.0,69.0,2193,162.52,34637105531188
4464.0,1,,67.0,78.0,78.0,50.0,68.0,2108,159.69,18762251291870
4464.0,2,,68.0,80.0,80.0,52.0,70.0,2434,156.54,17468235070007
4464.0,3,,69.0,78.0,78.0,52.0,69.0,2497,157.74,17552659579956
4469.0,0,,67.0,76.0,76.0,51.0,69.0,2096,162.60,34638032326904
4469.0,1,,67.0,78.0,78.0,50.0,68.0,1938,160.05,18763161983459
4470.0,2,,69.0,80.0,80.0,52.0,70.0,2318,163.87,17469167508056
4470.0,3,,72.0,76.0,76.0,53.0,70.0,2318,170.25,17553630012268
4475.0,0,,67.0,74.0,74.0,51.0,69.0,2247,184.35,34639081250366
4475.0,1,,67.0,78.0,78.0,51.0,68.0,2057,185.60,18764218065612
4475.0,2,,69.0,80.0,80.0,52.0,71.0,2435,176.85,17470173796630
4475.0,3,,69.0,78.0,78.0,52.0,70.0,2603,172.14,17554609484985
4481.0,0,,67.0,74.0,76.0,51.0,69.0,2242,160.31,34639995007385
4481.0,1,,67.0,78.0,78.0,50.0,68.0,2138,159.87,18765129308105
4481.0,2,,68.0,80.0,80.0,52.0,70.0,2508,154.76,17471055908996
4481.0,3,,69.0,78.0,78.0,51.0,70.0,2602,157.78,17555508805603
4486.0,0,,67.0,76.0,76.0,51.0,69.0,2117,161.07,34640911515686
4487.0,1,,67.0,78.0,78.0,50.0,67.0,2042,159.97,18766041147033
4487.0,2,,69.0,80.0,82.0,52.0,70.0,2325,155.55,17471942546875
4487.0,3,,69.0,78.0,78.0,52.0,70.0,2378,157.74,17556407914245
4492.0,0,100.00,68.0,74.0,76.0,51.0,70.0,2149,179.10,34641932369506
4492.0,1,,67.0,78.0,78.0,50.0,68.0,1969,178.21,18767056970397
4492.0,2,,72.0,80.0,80.0,53.0,71.0,2379,170.58,17472914860229
4493.0,3,,69.0,78.0,78.0,52.0,70.0,2550,177.86,17557421732055
4498.0,0,,67.0,76.0,76.0,51.0,69.0,2276,167.15,34642885107360
4498.0,1,,67.0,78.0,78.0,50.0,68.0,2192,166.08,18768003648193
4498.0,2,,69.0,80.0,80.0,52.0,70.0,2570,170.59,17473887249877
4498.0,3,,69.0,78.0,78.0,51.0,69.0,2695,164.00,17558356506347
4503.0,0,,67.0,76.0,76.0,51.0,69.0,2166,160.42,34643801095764
4504.0,1,,66.0,78.0,78.0,50.0,68.0,2113,160.01,18768917306945
4504.0,2,,68.0,80.0,80.0,52.0,70.0,2438,154.71,17474770663513
4504.0,3,,68.0,78.0,78.0,52.0,69.0,2418,156.66,17559251020202
4509.0,0,,70.0,74.0,74.0,52.0,70.0,2093,169.91,34644769562133
4509.0,1,,67.0,78.0,78.0,50.0,68.0,1916,166.40,18769865790710
4510.0,2,100.00,69.0,80.0,80.0,52.0,70.0,2317,163.28,17475701333190
4510.0,3,,69.0,78.0,78.0,52.0,70.0,2350,170.25,17560219743408
4515.0,0,,68.0,76.0,76.0,51.0,69.0,2276,178.54,34645785451477
4515.0,1,,67.0,78.0,78.0,50.0,68.0,2139,179.38,18770886477966
4515.0,2,,69.0,80.0,80.0,52.0,70.0,2510,177.83,17476713208312
4515.0,3,,69.0,78.0,78.0,52.0,70.0,2635,170.60,17561192188232
4521.0,0,,67.0,76.0,76.0,51.0,69.0,2278,162.17,34646709843200
4521.0,1,,67.0,78.0,78.0,50.0,68.0,2151,159.99,18771798416809
4521.0,2,,68.0,80.0,82.0,52.0,70.0,2507,156.85,17477605671997
4521.0,3,,69.0,78.0,78.0,51.0,69.0,2560,157.15,17562086372253
4526.0,0,,68.0,76.0,76.0,51.0,69.0,2129,162.58,34647634921447
4526.0,1,,67.0,78.0,78.0,50.0,68.0,2015,159.53,18772706155944
4527.0,2,,68.0,82.0,82.0,52.0,70.0,2332,155.72,17478491692504
4527.0,3,,72.0,76.0,76.0,53.0,71.0,2343,162.67,17563011983764
4532.0,0,,68.0,76.0,76.0,51.0,69.0,2195,179.69,34648657363830
4532.0,1,,70.0,76.0,76.0,51.0,69.0,2016,179.11,18773723494140
4532.0,2,,72.0,80.0,80.0,53.0,72.0,2366,177.28,17479500439575
4532.0,3,,69.0,78.0,78.0,52.0,70.0,2568,171.82,17563987894958
4538.0,0,,68.0,76.0,76.0,51.0,69.0,2291,167.92,34649611153503
4538.0,1,,67.0,78.0,78.0,50.0,68.0,2173,165.91,18774667524841
4538.0,2,,69.0,82.0,82.0,52.0,70.0,2529,164.11,17480434212341
4538.0,3,,69.0,78.0,78.0,52.0,69.0,2559,163.71,17564921045532
4543.0,0,,67.0,76.0,76.0,51.0,69.0,2167,161.07,34650530851684
4544.0,1,,67.0,78.0,78.0,50.0,68.0,2114,159.74,18775579637817
4544.0,2,,69.0,82.0,82.0,52.0,70.0,2419,156.62,17481328516052
4544.0,3,,69.0,78.0,78.0,52.0,69.0,2451,156.92,17565815511779
4549.0,0,,70.0,74.0,74.0,52.0,70.0,2137,179.97,34651556681091
4549.0,1,,67.0,78.0,78.0,50.0,68.0,1950,166.32,18776525975646
4549.0,2,100.00,72.0,80.0,80.0,53.0,71.0,2340,168.57,17482287678955
4550.0,3,,69.0,78.0,78.0,52.0,70.0,2478,177.08,17566824885864
4555.0,0,,68.0,76.0,76.0,51.0,69.0,2298,168.34,34652514556457
4555.0,1,,67.0,78.0,78.0,50.0,68.0,2118,178.34,18777542518493
4555.0,2,,69.0,82.0,80.0,52.0,70.0,2549,172.80,17483272622802
4555.0,3,,69.0,78.0,78.0,52.0,70.0,2632,164.05,17567758308105
4560.0,0,,67.0,76.0,76.0,51.0,69.0,2222,160.87,34653431513000
4561.0,1,,67.0,78.0,78.0,50.0,68.0,2106,160.03,18778454661376
4561.0,2,,69.0,82.0,82.0,52.0,70.0,2537,154.41,17484152733581
4561.0,3,100.00,69.0,78.0,78.0,52.0,70.0,2496,156.60,17568650940856
4566.0,0,,67.0,76.0,76.0,51.0,69.0,2116,161.23,34654350520629
4566.0,1,,67.0,78.0,80.0,50.0,68.0,2052,159.88,18779365994934
4566.0,2,,69.0,82.0,82.0,52.0,70.0,2315,155.44,17485038739562
4567.0,3,,69.0,78.0,78.0,51.0,69.0,2324,155.21,17569537195190
4572.0,0,0.00,64.0,76.0,76.0,49.0,66.0,2042,99.33,34654916724670
4572.0,1,17.67,64.0,78.0,78.0,49.0,65.0,1905,126.23,18780085487548
4572.0,2,14.69,66.0,82.0,82.0,50.0,68.0,2288,118.75,17485714454772
4572.0,3,0.00,66.0,78.0,78.0,50.0,67.0,2270,109.40,17570158561157
4578.0,0,0.00,63.0,76.0,76.0,48.0,65.0,1681,58.24,34655247531127
4578.0,1,0.00,63.0,78.0,78.0,47.0,64.0,1683,59.13,18780420738891
4578.0,2,0.00,65.0,82.0,82.0,49.0,66.0,2005,57.35,17486040751892
4578.0,3,0.00,65.0,78.0,78.0,49.0,66.0,2005,57.65,17570486595092
4583.0,0,0.00,63.0,76.0,76.0,47.0,64.0,1509,58.19,34655578611816
4583.0,1,0.00,67.0,72.0,70.0,49.0,66.0,1509,65.79,18780795082824
4584.0,2,0.00,64.0,82.0,82.0,48.0,65.0,1640,56.75,17486362530273
4584.0,3,0.00,64.0,78.0,78.0,48.0,65.0,1640,57.24,17570811735229
4589.0,0,0.00,62.0,76.0,76.0,47.0,64.0,1500,58.36,34655910108764
4589.0,1,,65.0,74.0,74.0,49.0,66.0,1458,151.76,18781657075378
4589.0,2,0.00,63.0,82.0,82.0,48.0,65.0,1543,56.64,17486684234313
4589.0,3,0.00,64.0,78.0,78.0,48.0,65.0,1543,57.44,17571137445617
4595.0,0,0.00,61.0,76.0,76.0,47.0,63.0,1492,58.44,34656241445251
4595.0,1,,66.0,76.0,76.0,49.0,67.0,1545,147.37,18782492656616
4595.0,2,0.00,63.0,82.0,82.0,48.0,65.0,1513,56.64,17487005404907
4595.0,3,0.00,63.0,78.0,78.0,48.0,64.0,1514,57.44,17571463130249
4600.0,0,0.00,64.0,64.0,74.0,48.0,64.0,1451,58.57,34656573547363
4600.0,1,,70.0,74.0,76.0,51.0,68.0,1657,149.80,18783340537719
4600.0,2,0.00,68.0,72.0,72.0,50.0,67.0,1514,65.83,17487376706542
4601.0,3,0.00,68.0,68.0,68.0,50.0,66.0,1530,69.66,17571854628173
4606.0,0,,65.0,70.0,70.0,49.0,67.0,1442,182.31,34657598101684
4606.0,1,,67.0,76.0,76.0,50.0,68.0,1945,179.93,18784355363891
4606.0,2,,67.0,76.0,76.0,50.0,68.0,1629,176.37,17488376742370
4606.0,3,,67.0,72.0,72.0,50.0,68.0,1684,175.57,17572855384765
4612.0,0,,66.0,70.0,70.0,50.0,67.0,1557,160.95,34658515506103
4612.0,1,,67.0,78.0,78.0,50.0,68.0,2073,160.01,18785267410339
4612.0,2,,67.0,76.0,76.0,51.0,69.0,1863,154.61,17489257992614
4612.0,3,,68.0,74.0,74.0,51.0,69.0,1936,157.27,17573751811279
4617.0,0,,67.0,72.0,72.0,50.0,68.0,1747,161.29,34659436475341
4617.0,1,,67.0,78.0,78.0,50.0,68.0,2093,160.04,18786181220764
4618.0,2,,68.0,78.0,78.0,51.0,69.0,2051,154.91,17490140958068
4618.0,3,,68.0,76.0,74.0,51.0,69.0,2073,158.00,17574652388122
4623.0,0,,71.0,72.0,72.0,52.0,70.0,1951,183.05,34660478029602
4623.0,1,,68.0,76.0,76.0,51.0,69.0,2087,185.94,18787235507690
4623.0,2,100.00,72.0,76.0,78.0,53.0,71.0,2203,178.16,17491147561889
4623.0,3,,69.0,74.0,74.0,52.0,70.0,2288,184.68,17575690307006
4629.0,0,,67.0,74.0,74.0,51.0,69.0,2200,166.01,34661411025207
4629.0,1,,67.0,78.0,78.0,50.0,68.0,2191,160.00,18788136305358
4629.0,2,,68.0,78.0,78.0,52.0,70.0,2434,160.63,17492056714294
4629.0,3,,68.0,76.0,76.0,51.0,69.0,2572,157.01,17576583715698
4634.0,0,,67.0,74.0,74.0,50.0,68.0,2128,161.43,34662329538330
4634.0,1,,67.0,78.0,78.0,50.0,68.0,2106,159.94,18789047986633
4635.0,2,,68.0,80.0,80.0,52.0,70.0,2328,155.80,17492944777770
4635.0,3,,68.0,76.0,76.0,51.0,69.0,2358,156.37,17577475029479
4640.0,0,,70.0,72.0,74.0,51.0,70.0,2098,171.25,34663305659301
4640.0,1,,69.0,76.0,76.0,51.0,69.0,1930,167.81,18790002841857
4640.0,2,,69.0,78.0,78.0,52.0,70.0,2301,168.87,17493905628784
4640.0,3,,72.0,76.0,76.0,52.0,70.0,2323,167.59,17578426968994
4646.0,0,,67.0,74.0,74.0,51.0,69.0,2247,177.10,34664313342773
4646.0,1,,67.0,78.0,78.0,51.0,68.0,2130,174.49,18790997437622
4646.0,2,,69.0,80.0,80.0,52.0,70.0,2486,170.62,17494876473632
4646.0,3,,69.0,76.0,76.0,52.0,70.0,2590,173.29,17579414700927
4651.0,0,,67.0,74.0,74.0,51.0,69.0,2192,162.62,34665238633911
4651.0,1,,67.0,78.0,78.0,50.0,68.0,2121,160.18,18791908875244
4652.0,2,,68.0,80.0,80.0,52.0,70.0,2440,156.16,17495761882202
4652.0,3,,69.0,78.0,78.0,51.0,69.0,2482,157.21,17580301385681
4657.0,0,,71.0,74.0,74.0,52.0,70.0,2109,163.15,34666158823730
4657.0,1,,67.0,78.0,78.0,50.0,67.0,2052,159.12,18792806332214
4657.0,2,,68.0,80.0,80.0,52.0,70.0,2297,156.19,17496645939758
4657.0,3,,72.0,76.0,76.0,52.0,70.0,2319,161.79,17581221990539
4663.0,0,,71.0,74.0,74.0,52.0,70.0,2162,181.91,34667193873107
4663.0,1,,70.0,76.0,76.0,51.0,69.0,2049,183.71,18793849814941
4663.0,2,,70.0,80.0,80.0,52.0,71.0,2397,184.25,17497694326782
4663.0,3,,70.0,76.0,76.0,52.0,70.0,2503,179.84,17582243466918
4668.0,0,,67.0,76.0,76.0,51.0,69.0,2279,166.95,34668143812561
4669.0,1,,67.0,78.0,78.0,50.0,67.0,2181,160.83,18794766527465
4669.0,2,,69.0,80.0,80.0,52.0,70.0,2579,156.88,17498588568603
4669.0,3,,69.0,78.0,78.0,51.0,69.0,2600,157.45,17583140910400
4674.0,0,,67.0,76.0,76.0,51.0,69.0,2137,161.16,34669062409362
4674.0,1,,67.0,78.0,78.0,50.0,67.0,2053,159.24,18795674221801
4674.0,2,,69.0,80.0,80.0,52.0,70.0,2381,157.25,17499483333740
4675.0,3,,69.0,78.0,78.0,52.0,70.0,2392,157.01,17584035876159
4680.0,0,,71.0,74.0,74.0,52.0,70.0,2138,177.88,34670074534362
4680.0,1,,67.0,78.0,76.0,51.0,68.0,1941,172.46,18796653774047
4680.0,2,,72.0,80.0,78.0,53.0,71.0,2344,176.71,17500488810302
4680.0,3,,69.0,78.0,78.0,52.0,70.0,2408,170.89,17585006505920
4685.0,0,,68.0,76.0,76.0,51.0,69.0,2269,171.77,34671051912475
4686.0,1,,67.0,78.0,78.0,50.0,68.0,2181,171.40,18797630769348
4686.0,2,,69.0,80.0,80.0,52.0,70.0,2507,164.99,17501429232788
4686.0,3,100.00,69.0,78.0,78.0,52.0,70.0,2632,169.74,17585974052124
4691.0,0,,67.0,76.0,76.0,51.0,69.0,2222,162.73,34671979464233
4691.0,1,,67.0,78.0,78.0,50.0,68.0,2127,157.87,18798530652404
4691.0,2,,68.0,80.0,82.0,52.0,70.0,2454,156.92,17502323686401
4692.0,3,,69.0,78.0,78.0,52.0,69.0,2484,156.75,17586869076599
4697.0,0,,70.0,74.0,74.0,51.0,70.0,2116,168.95,34672942472229
4697.0,1,,67.0,78.0,78.0,50.0,67.0,1958,158.84,18799436036376
4697.0,2,,69.0,82.0,80.0,52.0,70.0,2316,163.75,17503257081359
4697.0,3,,72.0,76.0,76.0,52.0,71.0,2318,161.40,17587787414306
4703.0,0,,68.0,76.0,76.0,51.0,70.0,2244,174.15,34673935108886
4703.0,1,,68.0,78.0,78.0,50.0,69.0,2065,185.14,18800489461853
4703.0,2,,69.0,80.0,80.0,52.0,70.0,2497,177.81,17504268828979
4703.0,3,,69.0,78.0,78.0,52.0,70.0,2445,176.49,17588793435058
4708.0,0,,68.0,76.0,76.0,51.0,69.0,2286,169.21,34674897888610
4708.0,1,,67.0,78.0,78.0,50.0,67.0,2180,157.81,18801389002990
4709.0,2,,68.0,82.0,80.0,52.0,70.0,2548,156.95,17505163469543
4709.0,3,,69.0,78.0,78.0,52.0,70.0,2610,157.32,17589690150207
4714.0,0,,67.0,76.0,76.0,51.0,69.0,2147,162.08,34675823363647
4714.0,1,,67.0,78.0,78.0,50.0,67.0,2020,155.81,18802277122253
4714.0,2,,68.0,82.0,80.0,52.0,70.0,2347,155.92,17506052209045
4714.0,3,,68.0,78.0,78.0,52.0,69.0,2463,157.07,17590585450561
4720.0,0,,68.0,76.0,76.0,51.0,69.0,2189,181.09,34676855588256
4720.0,1,,67.0,78.0,78.0,50.0,68.0,1947,169.85,18803246960815
4720.0,2,,72.0,80.0,80.0,53.0,71.0,2398,171.79,17507033150817
4720.0,3,,73.0,78.0,78.0,52.0,71.0,2413,171.04,17591560373413
4725.0,0,,68.0,76.0,76.0,51.0,69.0,2277,168.39,34677813718566
4725.0,1,,67.0,78.0,78.0,50.0,68.0,2120,170.09,18804214782348
4726.0,2,,69.0,80.0,82.0,52.0,70.0,2520,168.74,17507993263122
4726.0,3,,69.0,78.0,78.0,52.0,70.0,2675,169.56,17592526857666
4731.0,0,,67.0,76.0,76.0,51.0,69.0,2204,162.37,34678737606384
4731.0,1,,67.0,78.0,78.0,50.0,68.0,2109,158.38,18805115938720
4731.0,2,,69.0,82.0,82.0,52.0,70.0,2449,155.26,17508875144409
4731.0,3,,69.0,78.0,78.0,52.0,70.0,2522,157.75,17593422853393
4737.0,0,,68.0,76.0,76.0,51.0,70.0,2149,174.84,34679734182861
4737.0,1,,67.0,78.0,78.0,50.0,67.0,1959,156.95,18806010525573
4737.0,2,,72.0,80.0,80.0,53.0,71.0,2329,165.88,17509820644409
4737.0,3,,72.0,76.0,76.0,53.0,71.0,2352,170.18,17594391160644
4742.0,0,,68.0,76.0,76.0,51.0,69.0,2268,174.81,34680728839355
4743.0,1,,67.0,78.0,78.0,50.0,68.0,2036,185.12,18807061999816
4743.0,2,,69.0,82.0,80.0,52.0,70.0,2498,175.66,17510820139587
4743.0,3,,69.0,78.0,78.0,52.0,70.0,2570,171.77,17595370269775
4748.0,0,,67.0,76.0,76.0,51.0,69.0,2254,160.58,34681642555358
4748.0,1,,67.0,78.0,78.0,50.0,68.0,2170,157.79,18807961380676
4748.0,2,,69.0,82.0,82.0,52.0,70.0,2505,156.78,17511713780395
4749.0,3,,69.0,78.0,78.0,51.0,69.0,2590,157.02,17596265270446
4754.0,0,,67.0,76.0,76.0,51.0,69.0,2116,160.72,34682558653869
4754.0,1,,67.0,78.0,78.0,50.0,68.0,2064,158.18,18808863015197
4754.0,2,,68.0,82.0,82.0,52.0,70.0,2348,156.52,17512605939086
4754.0,3,,68.0,78.0,78.0,52.0,69.0,2400,156.68,17597158349731
4759.0,0,56.63,65.0,76.0,76.0,49.0,67.0,2096,137.96,34683345027099
4760.0,1,91.04,65.0,78.0,78.0,49.0,66.0,1897,145.93,18809694830627
4760.0,2,45.39,66.0,80.0,80.0,50.0,68.0,2300,127.08,17513329040893
4760.0,3,,67.0,78.0,78.0,51.0,69.0,2291,140.40,17597957209594
