t_s,card,gpu_busy_pct,package_temp_c,vram_temp_c,vram_hottest_channel_c,memory_controller_temp_c,pcie_temp_c,fan_rpm,power_w,energy_counter_uj
0.0,0,0.00,61.0,64.0,64.0,47.0,64.0,1509,,61030092994445
0.0,1,0.00,60.0,68.0,68.0,46.0,62.0,1505,,32383922090759
0.0,2,0.00,62.0,70.0,70.0,47.0,64.0,1537,,29407131534851
0.0,3,0.00,62.0,66.0,66.0,47.0,64.0,1543,,29700160652160
5.0,0,0.00,60.0,64.0,64.0,46.0,63.0,1419,49.45,61030372907043
5.0,1,0.00,60.0,68.0,68.0,46.0,61.0,1406,50.50,32384208410522
6.0,2,0.00,62.0,70.0,70.0,47.0,64.0,1469,48.27,29407405711425
6.0,3,0.00,62.0,66.0,66.0,47.0,64.0,1479,49.29,29700440618530
11.0,0,0.00,60.0,64.0,64.0,46.0,63.0,1426,49.55,61030654366943
11.0,1,0.00,59.0,68.0,68.0,45.0,61.0,1373,50.34,32384494826965
11.0,2,0.00,61.0,70.0,70.0,47.0,64.0,1458,48.30,29407680042053
11.0,3,0.00,62.0,66.0,66.0,47.0,64.0,1446,49.30,29700720666137
17.0,0,0.00,60.0,64.0,64.0,46.0,62.0,1384,49.44,61030935163024
17.0,1,0.00,59.0,66.0,66.0,45.0,61.0,1375,49.43,32384775099487
17.0,2,0.00,61.0,70.0,70.0,47.0,63.0,1439,47.81,29407951103454
17.0,3,0.00,61.0,66.0,66.0,47.0,63.0,1451,48.57,29700996044311
22.0,0,0.00,59.0,64.0,64.0,45.0,62.0,1378,49.13,61031213757202
22.0,1,0.00,59.0,66.0,66.0,45.0,60.0,1378,49.30,32385054632812
23.0,2,0.00,61.0,70.0,70.0,47.0,63.0,1452,47.30,29408218846679
23.0,3,0.00,61.0,66.0,66.0,47.0,63.0,1431,48.27,29701269254943
28.0,0,0.00,59.0,64.0,64.0,45.0,62.0,1349,49.34,61031494522338
28.0,1,0.00,58.0,66.0,66.0,44.0,60.0,1338,49.59,32385336773803
28.0,2,0.00,61.0,68.0,68.0,46.0,63.0,1432,47.29,29408488884643
28.0,3,0.00,61.0,66.0,66.0,46.0,62.0,1411,48.43,29701545778442
34.0,0,0.00,59.0,62.0,62.0,45.0,62.0,1355,51.02,61031783814880
34.0,1,0.00,58.0,66.0,66.0,44.0,60.0,1355,49.36,32385616669860
34.0,2,0.00,60.0,68.0,68.0,46.0,63.0,1409,47.54,29408757986999
34.0,3,0.00,60.0,66.0,66.0,46.0,62.0,1430,48.54,29701820501342
39.0,0,0.00,59.0,60.0,60.0,45.0,61.0,1377,53.95,61032089727539
39.0,1,0.00,58.0,66.0,66.0,44.0,59.0,1335,49.01,32385894580444
40.0,2,0.00,60.0,68.0,68.0,46.0,62.0,1430,47.26,29409025939331
40.0,3,0.00,60.0,66.0,66.0,46.0,62.0,1410,48.14,29702093463073
45.0,0,0.00,59.0,60.0,60.0,45.0,61.0,1344,52.13,61032385296875
45.0,1,0.00,58.0,66.0,66.0,44.0,59.0,1270,49.18,32386173406066
45.0,2,0.00,60.0,68.0,68.0,46.0,62.0,1417,47.17,29409293415344
45.0,3,0.00,60.0,66.0,66.0,46.0,62.0,1416,48.17,29702366604309
51.0,0,0.00,59.0,60.0,60.0,45.0,61.0,1365,51.11,61032675090332
51.0,1,0.00,57.0,66.0,66.0,44.0,59.0,1312,49.08,32386452179504
51.0,2,0.00,60.0,68.0,68.0,46.0,62.0,1332,47.25,29409561814636
51.0,3,0.00,60.0,66.0,66.0,46.0,61.0,1382,48.24,29702641090759
56.0,0,0.00,58.0,60.0,60.0,44.0,60.0,1361,49.63,61032957491394
56.0,1,0.00,57.0,62.0,62.0,44.0,58.0,1297,48.97,32386730839416
57.0,2,0.00,59.0,64.0,64.0,46.0,62.0,1382,47.55,29409832389526
57.0,3,0.00,59.0,62.0,62.0,46.0,61.0,1353,48.28,29702915318725
62.0,0,0.00,59.0,60.0,60.0,45.0,61.0,1321,58.48,61033289641601
62.0,1,0.00,58.0,62.0,62.0,44.0,59.0,1300,53.85,32387036193969
62.0,2,0.00,60.0,64.0,64.0,46.0,62.0,1375,50.86,29410121247924
62.0,3,0.00,60.0,62.0,62.0,46.0,62.0,1374,51.01,29703205052551
68.0,0,19.60,59.0,60.0,60.0,45.0,61.0,1359,62.66,61033646824951
68.0,1,17.13,58.0,62.0,62.0,44.0,59.0,1283,62.29,32387391870910
68.0,2,17.72,60.0,64.0,64.0,46.0,62.0,1351,60.99,29410468292297
68.0,3,18.26,60.0,62.0,62.0,46.0,61.0,1378,61.87,29703555859680
73.0,0,27.94,59.0,60.0,60.0,45.0,61.0,1306,68.04,61034031234436
74.0,1,27.22,58.0,62.0,62.0,44.0,59.0,1294,67.19,32387772144958
74.0,2,28.59,61.0,64.0,64.0,46.0,62.0,1378,65.19,29410839228637
74.0,3,28.28,60.0,62.0,62.0,46.0,62.0,1388,65.89,29703934046020
79.0,0,10.60,59.0,62.0,62.0,45.0,61.0,1328,61.23,61034382686767
79.0,1,10.36,58.0,64.0,64.0,44.0,59.0,1278,60.32,32388117779235
79.0,2,10.73,60.0,66.0,66.0,46.0,62.0,1433,60.42,29411184251892
80.0,3,10.34,61.0,62.0,62.0,46.0,62.0,1374,58.93,29704268758422
85.0,0,22.52,64.0,64.0,64.0,46.0,64.0,1354,69.53,61034777628601
85.0,1,22.52,62.0,66.0,66.0,46.0,62.0,1306,71.26,32388521114562
85.0,2,22.54,65.0,68.0,68.0,48.0,65.0,1395,73.44,29411598427917
85.0,3,21.40,66.0,66.0,66.0,48.0,65.0,1412,77.25,29704702892883
90.0,0,6.91,59.0,60.0,60.0,45.0,61.0,1378,84.83,61035254383422
91.0,1,5.22,58.0,62.0,62.0,44.0,59.0,1309,81.93,32388982401428
91.0,2,7.51,60.0,66.0,66.0,46.0,62.0,1430,75.78,29412027347106
91.0,3,4.71,61.0,64.0,64.0,46.0,62.0,1434,74.21,29705124394470
96.0,0,0.50,58.0,60.0,60.0,45.0,61.0,1351,48.93,61035532822692
96.0,1,0.50,57.0,62.0,62.0,44.0,59.0,1308,48.96,32389261004028
96.0,2,0.50,60.0,66.0,66.0,46.0,62.0,1414,47.23,29412296075988
97.0,3,0.50,60.0,64.0,64.0,46.0,62.0,1425,48.21,29705398712463
102.0,0,0.50,58.0,60.0,60.0,44.0,61.0,1330,48.82,61035810117004
102.0,1,0.10,57.0,62.0,62.0,44.0,58.0,1300,48.83,32389538868103
102.0,2,0.50,59.0,66.0,66.0,46.0,62.0,1373,47.06,29412563360351
102.0,3,1.01,59.0,64.0,64.0,45.0,61.0,1395,47.77,29705670032226
107.0,0,1.00,58.0,60.0,60.0,44.0,60.0,1289,48.67,61036086551330
108.0,1,1.00,57.0,62.0,62.0,43.0,58.0,1299,48.86,32389815895568
108.0,2,1.00,59.0,66.0,66.0,45.0,62.0,1373,47.07,29412830696472
108.0,3,1.00,59.0,64.0,64.0,45.0,61.0,1361,47.82,29705942135803
113.0,0,6.07,58.0,60.0,60.0,44.0,61.0,1289,55.79,61036403427185
113.0,1,6.57,58.0,62.0,62.0,44.0,58.0,1258,56.50,32390136830566
113.0,2,5.82,60.0,64.0,64.0,46.0,62.0,1376,53.05,29413131486267
114.0,3,5.29,60.0,62.0,62.0,46.0,62.0,1369,54.10,29706248362304
119.0,0,0.00,58.0,60.0,60.0,44.0,61.0,1302,52.33,61036700132324
119.0,1,0.00,58.0,62.0,62.0,44.0,59.0,1290,57.24,32390461935546
119.0,2,0.00,60.0,64.0,64.0,46.0,62.0,1374,55.56,29413447084228
119.0,3,0.00,60.0,62.0,62.0,46.0,61.0,1403,56.34,29706568377990
124.0,0,6.57,60.0,62.0,60.0,45.0,61.0,1312,54.07,61037007240234
125.0,1,6.54,58.0,62.0,62.0,44.0,59.0,1303,57.04,32390785364440
125.0,2,6.53,61.0,64.0,64.0,46.0,62.0,1425,56.18,29413764506530
125.0,3,6.28,61.0,62.0,62.0,46.0,62.0,1409,57.83,29706893986816
130.0,0,89.41,60.0,62.0,62.0,45.0,62.0,1268,102.96,61037586919738
130.0,1,89.40,59.0,62.0,62.0,44.0,60.0,1237,102.23,32391360934082
130.0,2,89.41,61.0,66.0,66.0,47.0,63.0,1365,100.59,29414330820129
130.0,3,89.41,62.0,64.0,64.0,47.0,63.0,1354,100.82,29707461596679
136.0,0,,60.0,62.0,62.0,46.0,62.0,1281,92.23,61038105227661
136.0,1,,59.0,62.0,62.0,45.0,60.0,1257,91.00,32391872330200
136.0,2,,62.0,66.0,66.0,47.0,64.0,1379,89.12,29414834330749
136.0,3,,62.0,64.0,64.0,47.0,63.0,1374,89.80,29707970781372
141.0,0,,61.0,62.0,62.0,46.0,63.0,1320,104.75,61038700234497
142.0,1,,60.0,64.0,64.0,45.0,61.0,1278,103.36,32392460435913
142.0,2,100.00,62.0,66.0,66.0,47.0,64.0,1405,101.79,29415412512451
142.0,3,,63.0,64.0,64.0,47.0,64.0,1405,102.34,29708552052246
147.0,0,0.00,61.0,62.0,62.0,46.0,63.0,1341,82.95,61039171388366
147.0,1,0.00,60.0,64.0,64.0,45.0,61.0,1289,80.60,32392918250366
147.0,2,0.00,62.0,66.0,66.0,47.0,64.0,1436,77.58,29415853935363
148.0,3,0.00,62.0,64.0,64.0,47.0,64.0,1413,77.22,29708991438781
153.0,0,0.00,60.0,62.0,62.0,46.0,63.0,1433,57.93,61039501595092
153.0,1,0.00,59.0,64.0,64.0,45.0,60.0,1380,57.57,32393246423217
153.0,2,0.00,62.0,66.0,66.0,47.0,63.0,1486,55.88,29416171868347
153.0,3,0.00,62.0,64.0,64.0,47.0,63.0,1497,56.90,29709315776550
158.0,0,0.00,60.0,62.0,62.0,46.0,62.0,1435,58.26,61039833098022
159.0,1,0.00,59.0,64.0,64.0,45.0,60.0,1382,57.46,32393572778320
159.0,2,0.00,62.0,66.0,66.0,47.0,63.0,1468,55.46,29416487422546
159.0,3,0.00,62.0,64.0,64.0,47.0,63.0,1489,57.19,29709640637451
164.0,0,0.00,60.0,62.0,62.0,46.0,62.0,1415,57.88,61040161868286
164.0,1,0.00,59.0,64.0,64.0,45.0,60.0,1373,57.40,32393899370605
164.0,2,0.00,61.0,66.0,66.0,47.0,63.0,1435,55.33,29416801696960
165.0,3,0.00,61.0,64.0,64.0,46.0,63.0,1445,56.84,29709964058166
170.0,0,0.00,59.0,62.0,62.0,45.0,61.0,1380,57.55,61040489920043
170.0,1,0.00,58.0,64.0,64.0,44.0,60.0,1338,57.57,32394227508728
170.0,2,0.00,61.0,66.0,66.0,47.0,63.0,1444,55.65,29417118912780
170.0,3,0.00,61.0,64.0,64.0,46.0,63.0,1456,56.75,29710286940856
176.0,0,0.00,59.0,62.0,62.0,45.0,61.0,1382,57.85,61040819064697
176.0,1,0.00,58.0,64.0,64.0,44.0,59.0,1350,57.58,32394555142089
176.0,2,0.00,61.0,66.0,66.0,46.0,63.0,1456,55.62,29417435380615
176.0,3,0.00,61.0,64.0,64.0,46.0,62.0,1455,56.84,29710610345214
181.0,0,0.00,59.0,62.0,62.0,45.0,61.0,1362,57.51,61041145735412
181.0,1,0.00,58.0,64.0,64.0,44.0,59.0,1362,57.37,32394880977294
182.0,2,0.00,61.0,66.0,66.0,46.0,62.0,1435,55.34,29417750241027
182.0,3,0.00,61.0,64.0,64.0,46.0,62.0,1435,56.39,29710931225402
187.0,0,0.00,59.0,62.0,62.0,45.0,61.0,1383,57.56,61041473226623
187.0,1,0.00,58.0,64.0,64.0,44.0,59.0,1340,57.43,32395207779052
187.0,2,0.00,61.0,66.0,66.0,46.0,62.0,1436,55.47,29418065291076
187.0,3,0.00,61.0,64.0,64.0,46.0,62.0,1424,56.64,29711253491210
193.0,0,0.00,59.0,62.0,62.0,45.0,61.0,1360,57.53,61041801119934
193.0,1,0.00,58.0,64.0,64.0,44.0,58.0,1306,57.54,32395535177856
193.0,2,0.00,61.0,66.0,66.0,46.0,62.0,1412,55.29,29418380423522
193.0,3,0.00,61.0,64.0,64.0,46.0,62.0,1424,56.67,29711575919067
198.0,0,0.00,58.0,62.0,62.0,45.0,61.0,1362,57.67,61042128689575
198.0,1,0.00,58.0,64.0,64.0,44.0,59.0,1308,57.23,32395860843627
199.0,2,0.00,61.0,66.0,66.0,46.0,62.0,1433,55.55,29418696505004
199.0,3,0.00,60.0,64.0,64.0,46.0,62.0,1422,56.69,29711899051391
204.0,0,0.00,59.0,62.0,62.0,44.0,61.0,1348,57.33,61042455466125
204.0,1,0.00,58.0,64.0,64.0,44.0,59.0,1297,57.34,32396187659423
204.0,2,0.00,60.0,66.0,66.0,46.0,62.0,1435,55.35,29419011422302
204.0,3,0.00,60.0,64.0,64.0,46.0,61.0,1425,56.48,29712220429504
210.0,0,,66.0,66.0,66.0,48.0,66.0,1365,176.13,61043455892639
210.0,1,,65.0,68.0,68.0,47.0,64.0,1304,180.40,32397208720153
210.0,2,,66.0,70.0,70.0,50.0,68.0,1424,183.97,29420050868347
210.0,3,,67.0,68.0,68.0,50.0,67.0,1437,188.48,29713283445434
215.0,0,,68.0,68.0,68.0,50.0,68.0,1501,199.91,61044583393676
215.0,1,,67.0,68.0,68.0,49.0,66.0,1426,199.84,32398335828613
216.0,2,,69.0,72.0,72.0,51.0,69.0,1755,199.43,29421177664489
216.0,3,,70.0,70.0,70.0,51.0,68.0,1903,199.82,29714410445068
221.0,0,,68.0,70.0,70.0,51.0,69.0,1923,199.90,61045712814697
221.0,1,,68.0,70.0,70.0,50.0,68.0,1773,200.20,32399466933349
221.0,2,100.00,70.0,72.0,72.0,52.0,70.0,2175,199.15,29422302854064
221.0,3,,72.0,72.0,72.0,52.0,70.0,2430,199.54,29715539822082
227.0,0,,70.0,70.0,72.0,52.0,70.0,2283,200.05,61046843113830
227.0,1,,70.0,72.0,72.0,51.0,69.0,2104,199.94,32400596600708
227.0,2,,71.0,74.0,74.0,53.0,71.0,2563,198.96,29423426973937
227.0,3,,72.0,74.0,72.0,52.0,70.0,2848,199.73,29716668294189
232.0,0,,70.0,72.0,72.0,52.0,70.0,2443,199.99,61047973030273
232.0,1,,70.0,72.0,72.0,51.0,69.0,2293,200.04,32401726853393
233.0,2,,72.0,74.0,74.0,53.0,71.0,2842,199.54,29424554362854
233.0,3,,71.0,74.0,72.0,52.0,70.0,3057,199.62,29717796158020
238.0,0,,70.0,72.0,72.0,52.0,70.0,2749,200.01,61049103104736
238.0,1,,70.0,74.0,74.0,51.0,69.0,2451,199.70,32402857138427
238.0,2,,70.0,76.0,74.0,53.0,71.0,3056,198.92,29425680254272
238.0,3,,72.0,74.0,74.0,53.0,71.0,3085,199.61,29718925945068
244.0,0,,71.0,72.0,72.0,51.0,71.0,2806,200.31,61050236870605
244.0,1,,70.0,74.0,74.0,51.0,69.0,2489,200.34,32403991042175
244.0,2,,71.0,76.0,76.0,53.0,71.0,3083,199.10,29426807155090
244.0,3,,72.0,74.0,74.0,52.0,71.0,3084,199.49,29720055039550
249.0,0,,71.0,72.0,72.0,52.0,70.0,2800,199.57,61051368452697
249.0,1,,70.0,76.0,74.0,52.0,70.0,2482,199.70,32405121336364
250.0,2,,71.0,76.0,76.0,53.0,71.0,3086,198.68,29427931708984
250.0,3,,71.0,74.0,74.0,52.0,71.0,3288,199.29,29721183048828
255.0,0,,70.0,74.0,72.0,52.0,71.0,2799,199.11,61052495395935
255.0,1,,69.0,74.0,74.0,51.0,69.0,2713,199.18,32406248704895
255.0,2,,72.0,76.0,78.0,53.0,72.0,3083,196.92,29429046250366
255.0,3,,72.0,74.0,74.0,52.0,70.0,3316,197.97,29722303583374
261.0,0,95.00,69.0,72.0,72.0,51.0,69.0,2609,132.58,61053244479980
261.0,1,94.78,68.0,74.0,74.0,50.0,68.0,2454,130.85,32406989330749
261.0,2,94.94,71.0,76.0,76.0,52.0,70.0,2797,128.84,29429774212280
261.0,3,94.94,71.0,74.0,74.0,51.0,69.0,2885,129.40,29723033421142
266.0,0,,71.0,74.0,74.0,51.0,70.0,2275,199.76,61054373113525
266.0,1,,70.0,76.0,76.0,51.0,69.0,2156,200.12,32408118012145
266.0,2,,72.0,78.0,78.0,52.0,71.0,2472,200.01,29430904286560
267.0,3,,72.0,74.0,74.0,52.0,70.0,2504,199.86,29724164654907
272.0,0,,70.0,74.0,74.0,52.0,71.0,2507,200.04,61055503346618
272.0,1,,70.0,76.0,76.0,52.0,69.0,2392,199.68,32409246228637
272.0,2,,72.0,78.0,78.0,53.0,72.0,2841,199.87,29432031551025
272.0,3,,72.0,74.0,76.0,52.0,71.0,2957,199.98,29725292546508
277.0,0,,70.0,74.0,74.0,52.0,71.0,2764,200.03,61056631534973
278.0,1,,70.0,76.0,76.0,51.0,69.0,2624,200.03,32410376409606
278.0,2,,72.0,78.0,78.0,53.0,72.0,3057,199.55,29433160985656
278.0,3,,73.0,76.0,76.0,53.0,71.0,3291,200.02,29726422682617
283.0,0,100.00,70.0,74.0,74.0,52.0,71.0,2804,200.11,61057762161254
283.0,1,100.00,70.0,76.0,76.0,52.0,70.0,2791,200.03,32411506575317
283.0,2,100.00,72.0,78.0,78.0,53.0,72.0,3076,199.82,29434289973571
284.0,3,100.00,73.0,76.0,76.0,53.0,71.0,3373,199.76,29727553351501
289.0,0,,71.0,74.0,74.0,52.0,71.0,2801,199.76,61058892822082
289.0,1,,69.0,78.0,76.0,52.0,69.0,2803,199.80,32412637452819
289.0,2,,73.0,78.0,78.0,53.0,72.0,3090,199.42,29435416677429
289.0,3,,73.0,76.0,76.0,53.0,71.0,3387,200.10,29728683942565
294.0,0,,71.0,74.0,74.0,52.0,71.0,2801,200.23,61060024098144
295.0,1,,70.0,76.0,76.0,51.0,69.0,2705,200.25,32413768874755
295.0,2,,72.0,78.0,80.0,53.0,72.0,3231,199.11,29436545638549
295.0,3,,72.0,76.0,76.0,53.0,71.0,3380,199.57,29729815480285
300.0,0,,71.0,74.0,76.0,52.0,71.0,2810,199.86,61061155319335
300.0,1,,69.0,78.0,76.0,52.0,70.0,2632,199.70,32414899167114
300.0,2,,72.0,78.0,80.0,53.0,72.0,3208,199.40,29437672254455
301.0,3,100.00,73.0,76.0,76.0,53.0,70.0,3218,199.34,29730941749755
306.0,0,,71.0,76.0,74.0,52.0,71.0,2928,199.59,61062285020935
306.0,1,,70.0,76.0,78.0,52.0,70.0,2789,199.97,32416030980590
306.0,2,,73.0,80.0,80.0,54.0,72.0,3096,198.69,29438796835754
306.0,3,,73.0,76.0,76.0,53.0,71.0,3352,199.87,29732071041687
311.0,0,,67.0,72.0,72.0,50.0,68.0,2829,189.40,61063357002624
312.0,1,,66.0,74.0,74.0,50.0,67.0,2700,186.18,32417084782897
312.0,2,,67.0,76.0,76.0,52.0,70.0,3112,182.71,29439832778381
312.0,3,,67.0,74.0,74.0,51.0,68.0,3383,180.18,29733094450683
317.0,0,,69.0,74.0,74.0,52.0,70.0,2460,146.23,61064184672424
317.0,1,,69.0,76.0,76.0,51.0,69.0,2230,147.83,32417921501342
317.0,2,,72.0,78.0,80.0,53.0,71.0,2679,149.57,29440676343505
318.0,3,,72.0,76.0,76.0,52.0,70.0,2726,152.31,29733953480407
323.0,0,,71.0,74.0,76.0,52.0,71.0,2414,199.71,61065313024963
323.0,1,,70.0,78.0,76.0,51.0,70.0,2243,200.02,32419049598693
323.0,2,,73.0,80.0,80.0,53.0,71.0,2751,199.89,29441805742248
323.0,3,,71.0,76.0,76.0,53.0,71.0,2697,200.20,29735084587890
328.0,0,,71.0,74.0,76.0,52.0,71.0,2749,200.13,61066443742431
329.0,1,,70.0,78.0,78.0,52.0,70.0,2546,199.91,32420181092102
329.0,2,,71.0,80.0,80.0,54.0,72.0,3045,199.67,29442935892761
329.0,3,,71.0,76.0,76.0,53.0,71.0,3118,199.80,29736215470886
334.0,0,,72.0,76.0,76.0,52.0,71.0,2802,199.81,61067574682861
334.0,1,,70.0,78.0,78.0,51.0,70.0,2781,200.15,32421311927368
334.0,2,,72.0,80.0,80.0,53.0,72.0,3077,199.93,29444065500732
334.0,3,,73.0,76.0,76.0,53.0,71.0,3344,200.19,29737346523864
340.0,0,,71.0,76.0,76.0,52.0,71.0,2847,200.03,61068704835571
340.0,1,,70.0,78.0,78.0,51.0,69.0,2805,200.06,32422442263793
340.0,2,,72.0,80.0,80.0,54.0,72.0,3157,199.58,29445193132446
340.0,3,,73.0,76.0,76.0,53.0,71.0,3390,199.78,29738475259948
345.0,0,,71.0,76.0,76.0,52.0,71.0,2939,200.05,61069835143310
345.0,1,,70.0,78.0,78.0,51.0,70.0,2801,199.81,32423573166259
346.0,2,,73.0,80.0,80.0,53.0,72.0,3343,199.95,29446322845825
346.0,3,,73.0,76.0,76.0,53.0,71.0,3386,200.02,29739605356445
351.0,0,,71.0,76.0,76.0,52.0,71.0,2815,199.93,61070964745056
351.0,1,,71.0,78.0,78.0,51.0,69.0,2804,199.91,32424702651550
351.0,2,,72.0,80.0,80.0,53.0,72.0,3175,199.21,29447450372558
351.0,3,,73.0,76.0,76.0,53.0,71.0,3387,199.91,29740734832153
357.0,0,,72.0,76.0,76.0,52.0,71.0,2845,200.11,61072095352966
357.0,1,,70.0,78.0,78.0,51.0,69.0,2802,200.14,32425833462829
357.0,2,,71.0,78.0,80.0,53.0,71.0,3098,199.34,29448576667236
357.0,3,,73.0,76.0,76.0,53.0,71.0,3394,199.73,29741865331359
362.0,0,,69.0,76.0,76.0,52.0,70.0,2905,199.82,61073226357666
362.0,1,,71.0,78.0,78.0,52.0,70.0,2651,199.96,32426965239379
363.0,2,,72.0,80.0,80.0,53.0,72.0,3224,199.13,29449703738952
363.0,3,,72.0,76.0,76.0,52.0,71.0,3383,199.52,29742994599487
368.0,0,,66.0,72.0,72.0,50.0,68.0,2841,159.98,61074131835021
368.0,1,,65.0,74.0,74.0,49.0,66.0,2722,156.20,32427850878234
368.0,2,,67.0,76.0,76.0,51.0,69.0,3194,151.13,29450560670166
368.0,3,,66.0,74.0,74.0,50.0,68.0,3328,149.71,29743844975891
374.0,0,,70.0,76.0,76.0,52.0,70.0,2327,171.74,61075107343627
374.0,1,,71.0,78.0,78.0,51.0,69.0,2171,174.37,32428839573730
374.0,2,,71.0,80.0,80.0,53.0,72.0,2486,175.94,29451556487792
374.0,3,,71.0,76.0,76.0,52.0,70.0,2555,179.22,29744855786560
379.0,0,,71.0,74.0,76.0,52.0,71.0,2516,199.96,61076233124206
379.0,1,,70.0,78.0,78.0,51.0,70.0,2337,200.04,32429963774108
380.0,2,,72.0,80.0,80.0,53.0,72.0,2801,199.92,29452682036804
380.0,3,,73.0,76.0,76.0,53.0,71.0,2865,200.18,29745982827392
385.0,0,,71.0,76.0,76.0,52.0,71.0,2768,199.79,61077359948547
385.0,1,,72.0,78.0,78.0,52.0,70.0,2576,199.92,32431091329895
385.0,2,,71.0,80.0,80.0,54.0,72.0,3055,200.18,29453809047607
385.0,3,,72.0,76.0,76.0,53.0,71.0,3257,199.67,29747108987426
391.0,0,,71.0,76.0,76.0,52.0,71.0,2807,200.25,61078489333374
391.0,1,,70.0,78.0,78.0,52.0,70.0,2794,199.84,32432220401672
391.0,2,,72.0,80.0,80.0,53.0,73.0,3178,199.73,29454937494140
391.0,3,,73.0,76.0,78.0,53.0,71.0,3359,200.24,29748238356628
396.0,0,,72.0,76.0,76.0,52.0,71.0,3009,199.89,61079616697631
396.0,1,,70.0,78.0,78.0,52.0,70.0,2795,200.31,32433350138732
396.0,2,,72.0,80.0,80.0,53.0,72.0,3356,199.92,29456067045532
397.0,3,,72.0,76.0,76.0,53.0,71.0,3387,199.62,29749368213806
402.0,0,,69.0,76.0,76.0,52.0,70.0,2827,199.92,61080746230041
402.0,1,,70.0,78.0,78.0,51.0,69.0,2809,199.97,32434477948791
402.0,2,,72.0,80.0,80.0,53.0,72.0,3235,199.23,29457190694824
402.0,3,,73.0,76.0,78.0,53.0,71.0,3383,199.98,29750496119079
407.0,0,,70.0,76.0,76.0,53.0,71.0,2836,199.80,61081875102172
408.0,1,,70.0,78.0,78.0,52.0,70.0,2801,199.71,32435608280700
408.0,2,,72.0,80.0,80.0,53.0,72.0,3105,199.09,29458317544433
408.0,3,,72.0,76.0,76.0,52.0,71.0,3391,199.86,29751627352478
413.0,0,,71.0,76.0,76.0,52.0,71.0,3031,200.02,61083007224914
413.0,1,,70.0,78.0,78.0,52.0,70.0,2811,199.96,32436740058654
413.0,2,,71.0,80.0,80.0,54.0,72.0,3216,199.20,29459443035278
414.0,3,,73.0,78.0,78.0,53.0,71.0,3389,199.50,29752754550720
419.0,0,,72.0,76.0,76.0,52.0,71.0,2835,199.89,61084136618652
419.0,1,,71.0,78.0,78.0,52.0,70.0,2706,199.56,32437867561828
419.0,2,,70.0,78.0,80.0,53.0,71.0,3329,198.36,29460565746826
419.0,3,,73.0,76.0,76.0,53.0,70.0,3390,198.58,29753878489624
424.0,0,,66.0,72.0,72.0,50.0,67.0,2725,136.44,61084908887390
425.0,1,,68.0,74.0,74.0,50.0,67.0,2565,132.86,32438619550415
425.0,2,,70.0,78.0,78.0,52.0,71.0,2991,130.30,29461303272155
425.0,3,,71.0,76.0,76.0,51.0,69.0,3174,131.73,29754624059387
430.0,0,,72.0,76.0,76.0,52.0,71.0,2313,197.20,61086025042358
430.0,1,,70.0,78.0,78.0,51.0,69.0,2167,200.36,32439751566772
430.0,2,,72.0,80.0,80.0,53.0,72.0,2549,200.01,29462433319580
431.0,3,,73.0,76.0,76.0,53.0,71.0,2547,200.17,29755755003295
436.0,0,,71.0,76.0,76.0,52.0,71.0,2610,200.20,61087156154846
436.0,1,,70.0,78.0,78.0,52.0,70.0,2387,199.91,32440883055541
436.0,2,,72.0,80.0,80.0,53.0,72.0,2885,199.85,29463564473876
436.0,3,,71.0,76.0,76.0,53.0,71.0,2959,199.84,29756886106811
441.0,0,,71.0,76.0,76.0,52.0,71.0,2788,199.95,61088287882202
442.0,1,,72.0,78.0,78.0,52.0,70.0,2673,199.84,32442014149475
442.0,2,,72.0,80.0,80.0,53.0,72.0,3075,199.73,29464694917907
442.0,3,,72.0,76.0,76.0,53.0,71.0,3287,200.12,29758018772216
447.0,0,,71.0,76.0,76.0,52.0,71.0,2946,199.70,61089420164062
447.0,1,,71.0,78.0,78.0,52.0,70.0,2796,200.21,32443147349731
447.0,2,,73.0,80.0,80.0,53.0,72.0,3208,199.82,29465827905212
448.0,3,,73.0,76.0,76.0,53.0,71.0,3377,199.73,29759151229797
453.0,0,,69.0,76.0,76.0,52.0,71.0,2950,200.08,61090550626647
453.0,1,,71.0,78.0,78.0,52.0,70.0,2805,199.67,32444277462646
453.0,2,,72.0,80.0,80.0,53.0,72.0,3362,199.73,29466954393676
453.0,3,,73.0,78.0,78.0,53.0,71.0,3385,200.29,29760278857666
458.0,0,,72.0,76.0,76.0,52.0,71.0,2808,199.57,61091678189514
459.0,1,,70.0,78.0,78.0,52.0,70.0,2805,200.23,32445406776123
459.0,2,,73.0,80.0,80.0,53.0,72.0,3206,199.24,29468080084411
459.0,3,,73.0,76.0,76.0,53.0,71.0,3384,199.52,29761408165832
464.0,0,100.00,70.0,76.0,76.0,52.0,71.0,2947,199.97,61092810041137
464.0,1,,70.0,78.0,78.0,52.0,70.0,2801,199.77,32446537494079
464.0,2,,71.0,80.0,80.0,54.0,72.0,3099,198.55,29469203856079
464.0,3,,73.0,76.0,78.0,53.0,71.0,3389,199.82,29762537176879
470.0,0,100.00,71.0,76.0,76.0,52.0,71.0,2998,200.28,61093939617370
470.0,1,,71.0,78.0,78.0,51.0,69.0,2794,199.73,32447665966064
470.0,2,,73.0,80.0,80.0,53.0,72.0,3196,198.82,29470327191589
470.0,3,,73.0,78.0,78.0,53.0,71.0,3385,199.04,29763663715393
475.0,0,,71.0,76.0,74.0,52.0,71.0,2821,199.84,61095070690063
476.0,1,,70.0,78.0,78.0,51.0,69.0,2810,200.25,32448799394287
476.0,2,,69.0,80.0,80.0,52.0,71.0,3360,199.04,29471453733459
476.0,3,,68.0,76.0,76.0,51.0,69.0,3389,197.03,29764778919006
481.0,0,94.97,69.0,76.0,74.0,52.0,70.0,2574,132.81,61095822391357
481.0,1,94.77,70.0,78.0,78.0,51.0,69.0,2384,131.28,32449542436279
481.0,2,94.86,71.0,80.0,80.0,53.0,71.0,2831,130.18,29472190524963
481.0,3,95.01,72.0,76.0,76.0,52.0,70.0,2919,133.77,29765536032348
487.0,0,,71.0,76.0,76.0,52.0,71.0,2361,199.79,61096951225097
487.0,1,,70.0,78.0,78.0,51.0,70.0,2192,199.97,32450670256408
487.0,2,,71.0,80.0,80.0,53.0,72.0,2609,199.92,29473316101013
487.0,3,,72.0,76.0,76.0,53.0,71.0,2675,200.12,29766662721069
492.0,0,,70.0,76.0,76.0,52.0,71.0,2695,199.93,61098076828552
492.0,1,,71.0,78.0,78.0,52.0,70.0,2439,199.63,32451796147094
493.0,2,,73.0,80.0,80.0,54.0,72.0,2970,199.89,29474443465637
493.0,3,,73.0,76.0,76.0,53.0,71.0,3107,199.94,29767790374511
498.0,0,,71.0,76.0,76.0,53.0,71.0,2820,200.04,61099205075256
498.0,1,,70.0,78.0,78.0,52.0,70.0,2746,199.88,32452923472595
498.0,2,,72.0,80.0,80.0,53.0,72.0,3077,199.68,29475569637207
498.0,3,,73.0,76.0,78.0,53.0,71.0,3342,200.20,29768917505004
504.0,0,100.00,71.0,76.0,76.0,53.0,71.0,3039,199.96,61100334833129
504.0,1,,69.0,78.0,78.0,52.0,69.0,2803,200.18,32454054506896
504.0,2,100.00,72.0,80.0,80.0,53.0,72.0,3277,200.29,29476701271972
504.0,3,,74.0,78.0,76.0,53.0,71.0,3382,199.81,29770048408996
509.0,0,,72.0,76.0,76.0,52.0,71.0,2887,199.91,61101464332397
509.0,1,,70.0,78.0,78.0,51.0,70.0,2803,199.99,32455184440795
510.0,2,100.00,71.0,80.0,80.0,54.0,72.0,3344,199.24,29477828949340
510.0,3,,73.0,78.0,78.0,53.0,71.0,3388,199.71,29771178764648
515.0,0,,72.0,76.0,76.0,52.0,71.0,2854,199.84,61102595446533
515.0,1,,71.0,78.0,78.0,52.0,70.0,2801,199.74,32456314995666
515.0,2,100.00,72.0,80.0,80.0,53.0,72.0,3110,199.26,29478954750183
515.0,3,,72.0,78.0,78.0,53.0,71.0,3388,199.73,29772307224060
521.0,0,,71.0,76.0,76.0,52.0,70.0,2976,199.60,61103723163269
521.0,1,,70.0,78.0,78.0,52.0,70.0,2807,200.34,32457444900390
521.0,2,,72.0,80.0,80.0,54.0,72.0,3239,198.95,29480078840637
521.0,3,100.00,73.0,76.0,78.0,53.0,71.0,3385,199.94,29773436891540
526.0,0,,71.0,76.0,76.0,52.0,71.0,2822,200.36,61104855203430
526.0,1,,70.0,78.0,78.0,51.0,69.0,2799,199.60,32458574610656
526.0,2,,72.0,80.0,80.0,53.0,72.0,3353,199.35,29481207142700
527.0,3,,73.0,78.0,78.0,53.0,71.0,3385,199.41,29774565550231
532.0,0,,67.0,72.0,72.0,51.0,69.0,2881,181.56,61105882828186
532.0,1,,65.0,74.0,74.0,50.0,67.0,2795,178.49,32459586653503
532.0,2,,68.0,78.0,78.0,51.0,69.0,3151,173.30,29482189776184
532.0,3,,67.0,74.0,74.0,51.0,68.0,3383,172.21,29775541986999
538.0,0,,69.0,76.0,74.0,52.0,70.0,2458,149.68,61106731510192
538.0,1,,69.0,78.0,78.0,51.0,69.0,2198,152.05,32460445719604
538.0,2,,71.0,80.0,80.0,52.0,71.0,2615,153.06,29483054550842
538.0,3,,72.0,76.0,76.0,52.0,70.0,2671,156.00,29776421834899
543.0,0,,72.0,76.0,76.0,52.0,71.0,2434,199.72,61107859903503
543.0,1,,69.0,78.0,78.0,52.0,70.0,2272,199.56,32461575252929
543.0,2,,72.0,80.0,80.0,53.0,72.0,2749,200.11,29484185154174
544.0,3,,73.0,76.0,76.0,53.0,71.0,2778,199.97,29777553642517
549.0,0,,70.0,74.0,76.0,52.0,71.0,2757,200.10,61108992487365
549.0,1,,71.0,78.0,78.0,52.0,70.0,2525,200.19,32462706322448
549.0,2,,71.0,80.0,80.0,53.0,72.0,3044,199.73,29485315632568
549.0,3,,72.0,76.0,76.0,53.0,71.0,3182,199.72,29778684076232
554.0,0,,72.0,76.0,76.0,52.0,71.0,2799,199.95,61110124205627
555.0,1,,70.0,78.0,78.0,52.0,70.0,2775,199.71,32463838692321
555.0,2,,72.0,80.0,80.0,53.0,72.0,3133,199.83,29486448669616
555.0,3,,73.0,76.0,78.0,53.0,71.0,3356,200.12,29779818736267
560.0,0,,71.0,76.0,76.0,52.0,71.0,3044,200.03,61111256349426
560.0,1,,70.0,78.0,78.0,52.0,70.0,2801,200.25,32464970091674
560.0,2,,72.0,80.0,80.0,53.0,72.0,3345,199.93,29487578251037
561.0,3,,73.0,76.0,76.0,53.0,71.0,3388,199.92,29780948271179
566.0,0,,72.0,76.0,76.0,52.0,71.0,2855,199.93,61112385936828
566.0,1,,69.0,78.0,78.0,52.0,70.0,2801,199.85,32466101219726
566.0,2,,72.0,80.0,80.0,53.0,72.0,3268,199.24,29488705938354
566.0,3,,73.0,76.0,76.0,53.0,71.0,3386,200.08,29782078721252
571.0,0,,70.0,76.0,76.0,53.0,71.0,2843,199.86,61113517140869
572.0,1,,70.0,78.0,78.0,52.0,70.0,2802,200.10,32467231782653
572.0,2,,72.0,80.0,80.0,53.0,72.0,3108,199.31,29489832016479
572.0,3,,72.0,78.0,78.0,53.0,71.0,3383,199.58,29783208357116
577.0,0,,71.0,76.0,76.0,52.0,71.0,3023,200.28,61114648719238
577.0,1,,71.0,78.0,78.0,51.0,69.0,2798,199.35,32468362075073
577.0,2,,72.0,80.0,80.0,53.0,72.0,3265,199.18,29490959349914
578.0,3,,72.0,78.0,78.0,53.0,71.0,3389,199.62,29784340207397
583.0,0,,71.0,76.0,76.0,52.0,71.0,2830,200.00,61115780713867
583.0,1,,70.0,78.0,78.0,51.0,70.0,2802,200.27,32469493585205
583.0,2,,72.0,80.0,80.0,53.0,72.0,3302,198.80,29492084578063
583.0,3,,72.0,76.0,76.0,53.0,71.0,3391,199.79,29785466999267
588.0,0,,66.0,72.0,72.0,50.0,68.0,2836,153.91,61116650317077
589.0,1,,65.0,74.0,74.0,49.0,66.0,2685,150.36,32470343103576
589.0,2,,67.0,76.0,76.0,51.0,68.0,3076,147.10,29492915685302
589.0,3,,66.0,74.0,74.0,50.0,68.0,3296,145.04,29786287912109
594.0,0,,70.0,76.0,76.0,52.0,70.0,2335,181.56,61117677963317
594.0,1,,70.0,78.0,78.0,51.0,69.0,2200,184.00,32471382715576
594.0,2,,72.0,80.0,80.0,53.0,72.0,2555,186.53,29493967692138
595.0,3,,72.0,76.0,76.0,53.0,71.0,2611,189.16,29787354752685
600.0,0,,70.0,76.0,76.0,52.0,71.0,2599,199.97,61118803772094
600.0,1,,70.0,78.0,78.0,52.0,70.0,2363,199.97,32472510544677
600.0,2,,72.0,80.0,80.0,53.0,72.0,2881,199.75,29495096271850
600.0,3,,72.0,76.0,76.0,53.0,71.0,2953,200.05,29788485014465
605.0,0,,71.0,76.0,76.0,52.0,71.0,2792,200.16,61119934696044
606.0,1,,71.0,78.0,78.0,52.0,70.0,2611,199.98,32473640430786
606.0,2,,72.0,80.0,80.0,53.0,72.0,3069,199.92,29496225841247
606.0,3,,72.0,76.0,78.0,53.0,71.0,3280,199.95,29789614736633
611.0,0,,72.0,76.0,76.0,52.0,71.0,2984,199.65,61121064692138
611.0,1,,72.0,78.0,78.0,52.0,70.0,2794,199.87,32474769716979
611.0,2,,73.0,80.0,80.0,53.0,72.0,3241,200.28,29497355432067
611.0,3,,73.0,78.0,78.0,53.0,71.0,3373,200.11,29790743365356
617.0,0,,71.0,76.0,76.0,52.0,71.0,2965,200.14,61122193481018
617.0,1,,70.0,78.0,78.0,52.0,70.0,2805,199.87,32475898963317
617.0,2,,72.0,80.0,80.0,53.0,72.0,3376,199.34,29498483708190
617.0,3,,73.0,78.0,78.0,53.0,71.0,3385,200.10,29791873951965
622.0,0,,70.0,76.0,76.0,53.0,71.0,2801,199.85,61123324617065
622.0,1,,70.0,78.0,78.0,52.0,70.0,2800,200.02,32477031075134
623.0,2,,72.0,80.0,80.0,53.0,72.0,3255,199.46,29499612663146
623.0,3,,72.0,76.0,76.0,53.0,71.0,3392,199.51,29793005189270
628.0,0,,71.0,76.0,76.0,52.0,71.0,2906,200.04,61124456818359
628.0,1,,69.0,78.0,78.0,52.0,70.0,2800,199.82,32478162083068
628.0,2,,72.0,80.0,80.0,53.0,72.0,3108,199.32,29500738794921
628.0,3,,72.0,78.0,78.0,53.0,71.0,3383,199.98,29794135095520
634.0,0,,71.0,76.0,76.0,52.0,71.0,2982,200.02,61125586941833
634.0,1,,70.0,78.0,78.0,51.0,69.0,2805,200.00,32479292077209
634.0,2,,72.0,80.0,80.0,53.0,72.0,3200,198.87,29501862417175
634.0,3,,71.0,76.0,76.0,52.0,71.0,3393,199.90,29795262524902
639.0,0,,71.0,76.0,76.0,52.0,71.0,2813,199.88,61126716265991
639.0,1,,69.0,78.0,78.0,52.0,70.0,2809,199.49,32480421208190
640.0,2,,72.0,80.0,80.0,53.0,71.0,3345,198.44,29502987575256
640.0,3,,73.0,78.0,76.0,53.0,71.0,3386,198.57,29796390427124
645.0,0,95.25,71.0,74.0,74.0,51.0,70.0,2778,133.95,61127475745666
645.0,1,95.05,68.0,78.0,76.0,50.0,68.0,2537,133.46,32481175259033
645.0,2,94.95,71.0,80.0,80.0,52.0,71.0,2945,131.07,29503726783142
645.0,3,94.98,71.0,76.0,76.0,52.0,69.0,3129,131.89,29797134306335
651.0,0,,70.0,76.0,76.0,52.0,71.0,2308,199.89,61128603152038
651.0,1,,69.0,78.0,78.0,51.0,70.0,2126,200.02,32482303361755
651.0,2,100.00,71.0,80.0,80.0,53.0,72.0,2560,199.74,29504855287353
651.0,3,,72.0,76.0,76.0,53.0,71.0,2622,200.09,29798264806640
656.0,0,,70.0,74.0,76.0,53.0,71.0,2634,200.12,61129733853637
656.0,1,,71.0,78.0,78.0,52.0,70.0,2410,199.63,32483433293151
657.0,2,,72.0,80.0,80.0,53.0,72.0,2952,199.98,29505985168395
657.0,3,,73.0,78.0,76.0,53.0,71.0,3102,199.97,29799394664428
662.0,0,,71.0,76.0,76.0,52.0,71.0,2803,200.02,61130863947631
662.0,1,,71.0,78.0,78.0,52.0,70.0,2749,200.09,32484563805603
662.0,2,,71.0,80.0,80.0,54.0,72.0,3079,199.76,29507115829162
662.0,3,,71.0,76.0,78.0,53.0,71.0,3341,199.66,29800524722290
668.0,0,,71.0,76.0,76.0,52.0,70.0,3052,200.08,61131996426086
668.0,1,,71.0,78.0,78.0,52.0,70.0,2798,199.97,32485695630249
668.0,2,,71.0,80.0,80.0,54.0,72.0,3317,199.88,29508247164916
668.0,3,,73.0,76.0,78.0,53.0,71.0,3391,200.25,29801658123840
673.0,0,,71.0,76.0,76.0,52.0,71.0,2887,199.84,61133127509582
673.0,1,,70.0,78.0,78.0,51.0,70.0,2806,199.79,32486824467346
673.0,2,,72.0,80.0,80.0,53.0,72.0,3380,199.77,29509375883422
674.0,3,,72.0,78.0,76.0,53.0,71.0,3382,199.97,29802785934753
679.0,0,,71.0,76.0,76.0,52.0,71.0,2859,200.15,61134256360534
679.0,1,,71.0,78.0,78.0,52.0,70.0,2802,200.04,32487954711120
679.0,2,,71.0,80.0,80.0,53.0,71.0,3192,199.36,29510502259887
679.0,3,,73.0,76.0,78.0,53.0,71.0,3392,199.92,29803917463317
685.0,0,,71.0,76.0,76.0,52.0,71.0,2947,199.90,61135387792907
685.0,1,,69.0,78.0,78.0,52.0,70.0,2802,199.91,32489086183654
685.0,2,,72.0,80.0,80.0,53.0,72.0,3092,198.63,29511624507812
685.0,3,,71.0,78.0,78.0,53.0,71.0,3380,199.55,29805044936767
690.0,0,,71.0,76.0,76.0,52.0,71.0,2942,199.96,61136517584838
690.0,1,,70.0,78.0,78.0,51.0,70.0,2802,200.08,32490216648803
690.0,2,,73.0,80.0,80.0,53.0,72.0,3308,198.99,29512750768432
691.0,3,,73.0,78.0,78.0,53.0,71.0,3392,199.80,29806175792297
696.0,0,,68.0,74.0,76.0,51.0,70.0,2819,197.69,61137636493652
696.0,1,,66.0,76.0,76.0,50.0,68.0,2806,194.17,32491317583496
696.0,2,,68.0,78.0,78.0,52.0,70.0,3268,189.97,29513827896606
696.0,3,,67.0,74.0,74.0,51.0,69.0,3391,187.80,29807242505187
702.0,0,99.29,70.0,76.0,76.0,51.0,69.0,2526,137.48,61138417396911
702.0,1,99.29,69.0,78.0,78.0,51.0,69.0,2352,139.44,32492108230224
702.0,2,99.27,71.0,80.0,80.0,53.0,71.0,2708,140.58,29514623569335
702.0,3,99.27,71.0,76.0,76.0,52.0,70.0,2852,143.91,29808054156005
707.0,0,,71.0,76.0,76.0,52.0,71.0,2428,199.87,61139544679260
707.0,1,,71.0,78.0,78.0,51.0,70.0,2257,200.17,32493235192504
707.0,2,,72.0,80.0,80.0,53.0,72.0,2689,200.15,29515752409057
708.0,3,,72.0,76.0,78.0,53.0,70.0,2782,199.95,29809183896606
713.0,0,,70.0,76.0,76.0,52.0,71.0,2757,200.23,61140675950988
713.0,1,,71.0,78.0,78.0,52.0,70.0,2514,199.86,32494366378601
713.0,2,,72.0,80.0,80.0,53.0,72.0,3036,199.56,29516881928894
713.0,3,,73.0,78.0,76.0,53.0,71.0,3142,200.05,29810314174255
718.0,0,,71.0,76.0,76.0,52.0,71.0,2921,199.93,61141805543640
719.0,1,,70.0,78.0,78.0,52.0,70.0,2772,200.05,32495496654602
719.0,2,,73.0,80.0,80.0,53.0,72.0,3141,200.13,29518012639831
719.0,3,,73.0,78.0,76.0,53.0,71.0,3352,199.84,29811445243896
724.0,0,,71.0,76.0,76.0,52.0,71.0,3048,199.89,61142934943176
724.0,1,,70.0,78.0,78.0,52.0,70.0,2807,199.83,32496625684631
724.0,2,,72.0,80.0,80.0,53.0,72.0,3343,199.81,29519139591674
725.0,3,,73.0,78.0,76.0,53.0,71.0,3389,199.96,29812570996398
730.0,0,,71.0,76.0,76.0,52.0,71.0,2830,199.96,61144062733947
730.0,1,,69.0,78.0,78.0,52.0,70.0,2795,200.06,32497754023986
730.0,2,,72.0,80.0,80.0,53.0,72.0,3356,199.77,29520268299621
730.0,3,,72.0,78.0,78.0,53.0,71.0,3385,199.94,29813702683532
735.0,0,,70.0,76.0,76.0,52.0,71.0,2836,199.84,61145191825744
736.0,1,,71.0,78.0,78.0,52.0,70.0,2796,199.91,32498883494079
736.0,2,,71.0,80.0,80.0,54.0,72.0,3139,199.15,29521391502014
736.0,3,,72.0,76.0,78.0,52.0,71.0,3386,200.18,29814829713745
741.0,0,,71.0,76.0,76.0,52.0,71.0,3042,199.74,61146320381530
741.0,1,,70.0,78.0,78.0,51.0,69.0,2806,199.97,32500011343750
741.0,2,,73.0,80.0,80.0,53.0,73.0,3173,199.00,29522515840148
741.0,3,,71.0,78.0,78.0,53.0,71.0,3394,199.39,29815958256896
747.0,0,,71.0,76.0,76.0,52.0,71.0,2832,200.17,61147451345642
747.0,1,100.00,70.0,78.0,78.0,52.0,70.0,2799,200.11,32501143969665
747.0,2,,72.0,80.0,80.0,53.0,72.0,3350,199.38,29523644335266
747.0,3,,73.0,78.0,78.0,53.0,71.0,3382,199.74,29817088780395
752.0,0,,66.0,72.0,72.0,50.0,68.0,2879,170.27,61148416798583
753.0,1,,66.0,74.0,74.0,49.0,67.0,2793,166.94,32502090494750
753.0,2,,67.0,76.0,76.0,51.0,69.0,3182,161.34,29524560738647
753.0,3,,67.0,74.0,74.0,51.0,68.0,3380,160.21,29817998768432
758.0,0,,71.0,76.0,76.0,52.0,70.0,2412,156.49,61149305687194
758.0,1,,70.0,78.0,78.0,51.0,69.0,2139,158.55,32502989487792
758.0,2,,70.0,80.0,80.0,53.0,71.0,2533,160.44,29525468847839
758.0,3,,72.0,76.0,76.0,52.0,70.0,2566,163.33,29818923205200
764.0,0,,70.0,76.0,76.0,52.0,71.0,2472,200.16,61150436605224
764.0,1,,71.0,78.0,78.0,51.0,70.0,2302,199.64,32504119442016
764.0,2,,70.0,80.0,80.0,53.0,71.0,2738,199.76,29526599461853
764.0,3,,72.0,76.0,78.0,53.0,71.0,2793,200.06,29820053531921
769.0,0,100.00,72.0,76.0,76.0,52.0,71.0,2761,200.09,61151567136962
769.0,1,100.00,71.0,78.0,78.0,52.0,70.0,2548,200.05,32505249712768
770.0,2,100.00,72.0,80.0,80.0,53.0,72.0,3045,199.92,29527729006347
770.0,3,100.00,73.0,78.0,76.0,53.0,71.0,3215,199.74,29821184033996
775.0,0,,72.0,76.0,76.0,52.0,71.0,2853,199.63,61152697028442
775.0,1,,71.0,78.0,78.0,52.0,70.0,2776,200.10,32506382298034
775.0,2,,72.0,80.0,80.0,53.0,72.0,3115,199.83,29528862067260
775.0,3,,73.0,78.0,76.0,53.0,71.0,3357,200.25,29822317463500
781.0,0,,71.0,76.0,76.0,52.0,71.0,3060,200.08,61153831481628
781.0,1,,70.0,78.0,78.0,52.0,70.0,2798,199.76,32507514915954
781.0,2,,71.0,80.0,80.0,54.0,73.0,3330,199.74,29529992571594
781.0,3,,72.0,76.0,78.0,53.0,71.0,3393,199.60,29823449174987
786.0,0,,69.0,76.0,76.0,52.0,71.0,2884,199.94,61154963150939
786.0,1,,71.0,78.0,78.0,52.0,70.0,2800,199.80,32508645805908
787.0,2,,72.0,80.0,80.0,53.0,72.0,3260,199.61,29531120340881
787.0,3,,73.0,78.0,78.0,53.0,71.0,3380,200.14,29824577992065
792.0,0,,71.0,76.0,76.0,52.0,71.0,2795,199.62,61156091020202
792.0,1,,71.0,78.0,78.0,52.0,70.0,2805,200.31,32509775558715
792.0,2,,73.0,80.0,80.0,53.0,72.0,3111,199.14,29532245489318
792.0,3,,72.0,76.0,76.0,53.0,71.0,3383,199.55,29825707454345
798.0,0,,71.0,76.0,76.0,52.0,71.0,3022,200.44,61157223515136
798.0,1,,70.0,78.0,78.0,51.0,69.0,2799,200.07,32510907981140
798.0,2,,72.0,80.0,80.0,53.0,72.0,3319,199.30,29533373507080
798.0,3,,72.0,78.0,76.0,53.0,71.0,3383,199.37,29826835890563
803.0,0,,72.0,76.0,76.0,52.0,71.0,2932,199.93,61158353101928
803.0,1,,70.0,78.0,78.0,51.0,70.0,2806,199.86,32512037201110
804.0,2,,72.0,80.0,80.0,53.0,72.0,3296,199.17,29534496844055
804.0,3,,72.0,78.0,76.0,52.0,71.0,3392,200.17,29827964873718
809.0,0,,71.0,76.0,76.0,52.0,71.0,2804,200.01,61159483135070
809.0,1,,70.0,78.0,78.0,51.0,69.0,2803,200.01,32513167250488
809.0,2,,72.0,80.0,80.0,53.0,72.0,3119,198.43,29535619974548
809.0,3,,72.0,78.0,76.0,52.0,71.0,3382,199.21,29829092430236
815.0,0,,71.0,76.0,76.0,52.0,71.0,2970,199.97,61160614945739
815.0,1,,69.0,78.0,78.0,52.0,70.0,2809,199.63,32514297163452
815.0,2,,73.0,80.0,80.0,53.0,73.0,3146,198.45,29536743200988
815.0,3,,72.0,78.0,78.0,53.0,71.0,3387,199.06,29830221090515
820.0,0,100.00,72.0,76.0,76.0,52.0,71.0,2984,199.81,61161747851928
820.0,1,,70.0,78.0,78.0,52.0,70.0,2796,199.84,32515430246765
821.0,2,,71.0,80.0,80.0,53.0,72.0,3349,198.20,29537866973022
821.0,3,,73.0,76.0,78.0,53.0,71.0,3385,199.58,29831348743530
826.0,0,,69.0,76.0,76.0,52.0,70.0,2803,200.04,61162880079467
826.0,1,,70.0,78.0,78.0,52.0,69.0,2803,200.04,32516560456970
826.0,2,,72.0,80.0,80.0,53.0,72.0,3227,198.75,29538989904602
826.0,3,,72.0,78.0,78.0,53.0,71.0,3384,199.13,29832475802978
832.0,0,,71.0,76.0,76.0,52.0,71.0,3011,199.80,61164010964904
832.0,1,,70.0,78.0,78.0,52.0,70.0,2747,199.56,32517689988098
832.0,2,,70.0,80.0,80.0,54.0,72.0,3106,197.39,29540107154602
832.0,3,,73.0,76.0,78.0,53.0,71.0,3384,198.79,29833600954895
837.0,0,,71.0,76.0,76.0,52.0,70.0,2894,200.45,61165143527709
837.0,1,,70.0,78.0,78.0,52.0,70.0,2704,199.34,32518818264038
838.0,2,,72.0,80.0,80.0,54.0,72.0,3173,197.95,29541227556396
838.0,3,,72.0,78.0,78.0,53.0,71.0,3386,199.00,29834725281433
843.0,0,,71.0,76.0,76.0,52.0,71.0,2802,199.36,61166271900268
843.0,1,,71.0,78.0,78.0,52.0,70.0,2791,199.78,32519949000366
843.0,2,,71.0,80.0,80.0,53.0,71.0,3352,198.29,29542347891357
843.0,3,,72.0,78.0,78.0,53.0,71.0,3385,198.54,29835849030883
849.0,0,,71.0,76.0,76.0,52.0,71.0,3004,200.60,61167405270568
849.0,1,,69.0,78.0,78.0,52.0,70.0,2802,199.71,32521077389160
849.0,2,,72.0,80.0,80.0,53.0,72.0,3195,196.99,29543462848388
849.0,3,,72.0,78.0,78.0,52.0,71.0,3385,198.32,29836971501953
854.0,0,,71.0,76.0,76.0,52.0,70.0,2896,199.43,61168534048706
854.0,1,,70.0,78.0,78.0,51.0,70.0,2799,199.83,32522208430175
855.0,2,,72.0,80.0,80.0,53.0,72.0,3102,197.07,29544580224243
855.0,3,,72.0,78.0,78.0,53.0,71.0,3389,198.93,29838097431518
860.0,0,,72.0,76.0,76.0,52.0,71.0,2851,200.11,61169666668579
860.0,1,,71.0,78.0,78.0,52.0,70.0,2756,199.62,32523338283203
860.0,2,,70.0,80.0,80.0,53.0,72.0,3162,198.24,29545700284362
860.0,3,,73.0,76.0,78.0,53.0,71.0,3393,198.86,29839222989318
866.0,0,,71.0,76.0,76.0,52.0,71.0,3021,199.83,61170799731689
866.0,1,,69.0,78.0,78.0,51.0,69.0,2745,199.27,32524468147583
866.0,2,,72.0,80.0,80.0,53.0,72.0,3296,197.17,29546816290771
866.0,3,,72.0,78.0,78.0,52.0,71.0,3389,198.23,29840346979919
871.0,0,,71.0,76.0,76.0,52.0,71.0,2835,199.37,61171930181213
871.0,1,,70.0,78.0,78.0,52.0,70.0,2795,199.50,32525597340026
871.0,2,,72.0,80.0,80.0,53.0,72.0,3122,197.15,29547936121093
872.0,3,,72.0,78.0,78.0,52.0,71.0,3383,197.85,29841468790893
877.0,0,,69.0,76.0,76.0,51.0,70.0,2835,200.30,61173065869628
877.0,1,,70.0,78.0,78.0,51.0,70.0,2803,199.04,32526727882995
877.0,2,,72.0,80.0,80.0,53.0,72.0,3165,196.73,29549051593566
877.0,3,,71.0,76.0,78.0,52.0,70.0,3391,197.01,29842585865722
883.0,0,,71.0,76.0,76.0,52.0,71.0,2981,199.55,61174195304870
883.0,1,,70.0,78.0,78.0,51.0,69.0,2650,199.42,32527856573791
883.0,2,,72.0,80.0,80.0,53.0,72.0,3171,196.40,29550163226135
883.0,3,,73.0,78.0,76.0,53.0,71.0,3393,198.83,29843709257629
888.0,0,,69.0,76.0,76.0,51.0,70.0,2837,200.24,61175328635131
888.0,1,,70.0,78.0,78.0,51.0,70.0,2786,199.12,32528983568969
888.0,2,,72.0,80.0,80.0,53.0,72.0,3144,197.44,29551280729248
889.0,3,,70.0,76.0,78.0,52.0,71.0,3387,197.17,29844829167846
894.0,0,,71.0,76.0,76.0,52.0,70.0,2926,199.12,61176457669860
894.0,1,,70.0,78.0,78.0,52.0,70.0,2801,198.90,32530109349304
894.0,2,,72.0,80.0,80.0,53.0,72.0,3334,196.12,29552390779479
894.0,3,,72.0,78.0,78.0,53.0,70.0,3380,197.71,29845944266174
900.0,0,,66.0,72.0,72.0,50.0,68.0,2983,157.92,61177349942016
900.0,1,,65.0,76.0,76.0,49.0,66.0,2692,153.93,32530980611877
900.0,2,,67.0,78.0,78.0,51.0,69.0,3111,149.29,29553235766052
900.0,3,,66.0,74.0,74.0,50.0,68.0,3297,147.53,29846782255187
905.0,0,,65.0,72.0,72.0,49.0,67.0,2157,106.41,61177953301330
905.0,1,,64.0,74.0,74.0,49.0,66.0,2010,105.48,32531578698547
905.0,2,,66.0,76.0,76.0,50.0,68.0,2403,102.82,29553818768737
906.0,3,,66.0,74.0,74.0,49.0,67.0,2307,103.33,29847368148803
911.0,0,,65.0,70.0,72.0,49.0,67.0,1736,106.13,61178555043334
911.0,1,,65.0,74.0,74.0,49.0,66.0,1556,104.78,32532172815490
911.0,2,100.00,66.0,76.0,76.0,50.0,68.0,1990,101.91,29554396605957
911.0,3,,66.0,72.0,72.0,50.0,67.0,1854,102.92,29847950682495
917.0,0,100.00,69.0,74.0,74.0,52.0,70.0,1812,172.44,61179532787536
917.0,1,,70.0,76.0,76.0,51.0,69.0,1674,174.61,32533162853698
917.0,2,,70.0,78.0,78.0,53.0,71.0,1973,176.46,29555395367797
917.0,3,,71.0,76.0,76.0,53.0,70.0,1954,179.18,29848964867980
922.0,0,,71.0,76.0,74.0,53.0,71.0,2309,200.03,61180660966125
922.0,1,,71.0,78.0,76.0,52.0,70.0,2205,200.07,32534289221496
922.0,2,,72.0,78.0,80.0,53.0,72.0,2643,199.66,29556521471435
923.0,3,,73.0,76.0,76.0,53.0,72.0,2749,199.88,29850090193237
928.0,0,,72.0,76.0,76.0,52.0,71.0,2791,200.04,61181787176574
928.0,1,,71.0,78.0,76.0,52.0,70.0,2652,199.75,32535415817626
928.0,2,,72.0,78.0,80.0,53.0,72.0,3035,200.21,29557648680053
928.0,3,,73.0,76.0,76.0,53.0,71.0,3268,200.00,29851218208679
933.0,0,,71.0,76.0,76.0,53.0,71.0,3040,199.76,61182915795104
934.0,1,,70.0,78.0,78.0,52.0,70.0,2795,200.21,32536545013000
934.0,2,,73.0,80.0,80.0,53.0,72.0,3178,199.79,29558777489868
934.0,3,,73.0,78.0,78.0,53.0,71.0,3370,200.17,29852347182495
939.0,0,100.00,71.0,76.0,76.0,52.0,71.0,3031,200.09,61184044274902
939.0,1,,70.0,78.0,78.0,52.0,70.0,2808,199.76,32537673645263
939.0,2,,71.0,80.0,80.0,53.0,72.0,3359,199.70,29559903773193
940.0,3,,73.0,76.0,78.0,53.0,71.0,3391,199.76,29853475806091
945.0,0,,71.0,76.0,76.0,52.0,71.0,2829,200.01,61185172334167
945.0,1,,70.0,78.0,78.0,52.0,70.0,2798,199.99,32538801601989
945.0,2,,72.0,80.0,80.0,53.0,71.0,3320,199.83,29561030795288
945.0,3,,72.0,76.0,78.0,53.0,71.0,3382,199.95,29854603539489
950.0,0,,71.0,74.0,76.0,52.0,71.0,2836,200.04,61186302542114
951.0,1,,71.0,78.0,78.0,52.0,70.0,2802,199.98,32539931501220
951.0,2,,72.0,80.0,80.0,53.0,72.0,3120,199.05,29562157396972
951.0,3,,72.0,78.0,76.0,53.0,71.0,3396,199.69,29855733776000
956.0,0,,71.0,76.0,76.0,52.0,71.0,3056,199.82,61187433517822
956.0,1,,71.0,78.0,78.0,51.0,70.0,2802,199.61,32541061307678
956.0,2,,72.0,80.0,80.0,54.0,72.0,3165,198.84,29563280838989
956.0,3,,72.0,78.0,78.0,53.0,71.0,3390,199.80,29856860630737
962.0,0,,71.0,76.0,76.0,52.0,71.0,2826,199.79,61188562338378
962.0,1,,70.0,78.0,78.0,52.0,70.0,2804,200.64,32542192891479
962.0,2,,72.0,80.0,80.0,53.0,72.0,3353,199.25,29564406614196
962.0,3,,72.0,78.0,76.0,52.0,71.0,3383,199.75,29857991233154
967.0,0,,71.0,76.0,76.0,52.0,71.0,2873,200.00,61189694344726
967.0,1,,70.0,78.0,78.0,52.0,70.0,2799,199.93,32543324474060
968.0,2,,73.0,80.0,80.0,53.0,72.0,3170,198.50,29565530122375
968.0,3,,73.0,78.0,78.0,53.0,71.0,3394,199.41,29859119869323
973.0,0,,71.0,76.0,76.0,52.0,71.0,3066,200.13,61190825085571
973.0,1,,70.0,78.0,78.0,52.0,70.0,2801,199.87,32544455762390
973.0,2,,72.0,80.0,80.0,54.0,72.0,3098,198.04,29566651013977
973.0,3,,73.0,78.0,76.0,53.0,71.0,3381,199.38,29860248364440
979.0,0,,72.0,76.0,76.0,53.0,71.0,2829,199.83,61191958101135
979.0,1,,70.0,78.0,78.0,51.0,69.0,2807,199.45,32545586622680
979.0,2,,73.0,80.0,80.0,54.0,72.0,3326,198.91,29567776841125
979.0,3,,71.0,78.0,78.0,53.0,71.0,3390,198.82,29861375680419
984.0,0,,71.0,76.0,76.0,52.0,71.0,2907,200.20,61193089249206
984.0,1,,70.0,78.0,78.0,51.0,69.0,2804,200.13,32546717349731
985.0,2,,72.0,80.0,80.0,53.0,71.0,3251,197.82,29568894535095
985.0,3,,73.0,78.0,78.0,53.0,71.0,3394,199.20,29862499176879
990.0,0,,71.0,76.0,76.0,52.0,71.0,2937,199.79,61194216085205
990.0,1,,69.0,78.0,78.0,52.0,69.0,2799,199.56,32547842842468
990.0,2,,72.0,80.0,80.0,53.0,72.0,3106,197.15,29570008456054
990.0,3,,73.0,78.0,76.0,52.0,71.0,3380,199.30,29863623218322
996.0,0,,71.0,76.0,76.0,52.0,71.0,2805,199.86,61195345281066
996.0,1,,70.0,78.0,78.0,52.0,70.0,2795,199.85,32548969999816
996.0,2,,70.0,80.0,80.0,53.0,72.0,3198,198.16,29571126063842
996.0,3,,73.0,76.0,78.0,53.0,71.0,3391,198.21,29864743086303
1001.0,0,,70.0,76.0,76.0,52.0,71.0,2999,199.65,61196473297973
1001.0,1,,70.0,78.0,78.0,52.0,70.0,2605,199.23,32550095664978
1002.0,2,,72.0,80.0,80.0,53.0,71.0,3348,197.43,29572241563781
1002.0,3,,73.0,76.0,78.0,53.0,71.0,3389,198.32,29865863573669
1007.0,0,,71.0,76.0,76.0,52.0,70.0,2981,200.37,61197605398193
1007.0,1,,70.0,78.0,78.0,52.0,70.0,2781,199.72,32551224069702
1007.0,2,,72.0,80.0,80.0,53.0,72.0,3144,197.81,29573359211669
1007.0,3,,73.0,78.0,78.0,53.0,71.0,3389,198.48,29866985013244
1013.0,0,,71.0,76.0,76.0,52.0,71.0,2828,199.36,61198731807495
1013.0,1,,70.0,78.0,78.0,51.0,70.0,2795,199.39,32552350606140
1013.0,2,,72.0,80.0,80.0,53.0,71.0,3092,197.16,29574473143493
1013.0,3,,72.0,78.0,76.0,53.0,70.0,3391,198.57,29868104931884
1018.0,0,,70.0,76.0,76.0,52.0,71.0,2899,199.92,61199861344726
1018.0,1,,70.0,78.0,78.0,52.0,69.0,2804,199.60,32553478337158
1018.0,2,,72.0,80.0,80.0,53.0,72.0,3313,197.36,29575588243896
1019.0,3,,73.0,78.0,78.0,53.0,71.0,3387,198.20,29869226746948
1024.0,0,100.00,71.0,76.0,76.0,52.0,71.0,3037,200.59,61200992664794
1024.0,1,,69.0,78.0,78.0,51.0,69.0,2800,199.54,32554607756835
1024.0,2,,72.0,80.0,80.0,53.0,72.0,3182,197.32,29576703078796
1024.0,3,,73.0,78.0,78.0,53.0,71.0,3380,198.58,29870350687866
1030.0,0,,71.0,76.0,76.0,52.0,71.0,2860,199.79,61202125475524
1030.0,1,,70.0,78.0,78.0,51.0,70.0,2808,199.36,32555736142395
1030.0,2,,72.0,80.0,80.0,53.0,72.0,3094,196.81,29577819014160
1030.0,3,,72.0,78.0,78.0,52.0,70.0,3390,198.43,29871473824829
1035.0,0,,72.0,76.0,76.0,52.0,71.0,2807,199.69,61203257736694
1035.0,1,,71.0,78.0,78.0,51.0,69.0,2701,199.02,32556864605468
1035.0,2,,72.0,80.0,80.0,53.0,72.0,3188,197.11,29578936629882
1036.0,3,,73.0,78.0,78.0,53.0,71.0,3389,198.42,29872598886596
1041.0,0,,71.0,76.0,76.0,52.0,71.0,2978,199.83,61204388793334
1041.0,1,,70.0,78.0,78.0,52.0,70.0,2786,200.13,32557997322570
1041.0,2,,73.0,80.0,80.0,53.0,72.0,3154,196.43,29580050383422
1041.0,3,,73.0,78.0,78.0,53.0,70.0,3390,197.87,29873718837097
1047.0,0,,71.0,76.0,76.0,52.0,71.0,2827,199.90,61205522200622
1047.0,1,,70.0,78.0,78.0,52.0,70.0,2808,198.71,32559124000732
1047.0,2,,73.0,80.0,80.0,54.0,72.0,3094,197.07,29581165811767
1047.0,3,,72.0,78.0,78.0,53.0,71.0,3388,198.22,29874842721130
1052.0,0,,71.0,76.0,74.0,52.0,71.0,2952,199.57,61206653761718
1052.0,1,,70.0,78.0,78.0,52.0,69.0,2752,198.65,32560250326904
1052.0,2,,71.0,80.0,80.0,53.0,72.0,3261,196.68,29582280994262
1053.0,3,,73.0,76.0,76.0,53.0,71.0,3390,197.70,29875961694091
1058.0,0,,66.0,72.0,72.0,50.0,67.0,2839,132.61,61207404346313
1058.0,1,,65.0,74.0,74.0,49.0,66.0,2563,128.92,32560980008239
1058.0,2,,67.0,78.0,78.0,51.0,69.0,3039,122.95,29582976916076
1058.0,3,,66.0,74.0,74.0,50.0,67.0,3135,119.30,29876638149780
1063.0,0,,69.0,74.0,76.0,52.0,70.0,2240,187.48,61208465480773
1064.0,1,,70.0,78.0,78.0,51.0,69.0,2051,189.86,32562052693115
1064.0,2,,71.0,80.0,80.0,53.0,71.0,2489,193.19,29584068451110
1064.0,3,,71.0,76.0,76.0,52.0,70.0,2446,197.46,29877751829528
1069.0,0,,71.0,76.0,76.0,52.0,71.0,2549,199.87,61209594755371
1069.0,1,,70.0,78.0,78.0,52.0,70.0,2357,199.95,32563182413391
1069.0,2,,73.0,80.0,80.0,53.0,72.0,2845,200.03,29585198619506
1070.0,3,,72.0,76.0,76.0,52.0,71.0,2910,200.13,29878882551147
1075.0,0,,71.0,76.0,76.0,52.0,71.0,2782,199.98,61210724649597
1075.0,1,,71.0,78.0,78.0,52.0,70.0,2686,199.86,32564311613159
1075.0,2,,73.0,80.0,80.0,54.0,72.0,3057,199.98,29586328530456
1075.0,3,,73.0,76.0,76.0,53.0,71.0,3248,199.67,29880012705566
1080.0,0,100.00,71.0,76.0,76.0,52.0,71.0,2871,200.21,61211853832580
1081.0,1,,70.0,78.0,78.0,51.0,70.0,2797,199.84,32565440691345
1081.0,2,100.00,72.0,80.0,80.0,53.0,72.0,3264,199.76,29587457149780
1081.0,3,,73.0,78.0,78.0,53.0,71.0,3368,199.98,29881142569274
1086.0,0,,70.0,76.0,76.0,52.0,71.0,3067,199.83,61212984885803
1086.0,1,,70.0,78.0,78.0,52.0,70.0,2801,200.22,32566571912170
1086.0,2,,72.0,80.0,80.0,53.0,72.0,3365,200.00,29588587154357
1087.0,3,,73.0,76.0,78.0,53.0,71.0,3388,200.27,29882272068420
1092.0,0,,71.0,76.0,76.0,52.0,71.0,2823,199.88,61214114193786
1092.0,1,,69.0,78.0,78.0,52.0,69.0,2800,199.86,32567703124633
1092.0,2,,72.0,80.0,80.0,53.0,72.0,3201,199.46,29589716074157
1092.0,3,,72.0,78.0,76.0,53.0,71.0,3380,199.70,29883404347595
1097.0,0,,70.0,76.0,76.0,52.0,71.0,2798,200.13,61215246932434
1098.0,1,,71.0,78.0,78.0,52.0,70.0,2799,199.86,32568834345275
1098.0,2,,73.0,80.0,80.0,53.0,72.0,3096,199.15,29590843248168
1098.0,3,,72.0,78.0,78.0,52.0,71.0,3392,199.45,29884533254394
1103.0,0,,71.0,76.0,76.0,52.0,71.0,2896,199.86,61216378125244
1103.0,1,,70.0,78.0,78.0,52.0,70.0,2802,200.01,32569966377075
1103.0,2,,71.0,80.0,80.0,54.0,72.0,3298,199.06,29591969941894
1104.0,3,,73.0,78.0,76.0,53.0,71.0,3383,200.10,29885663800170
1109.0,0,,71.0,76.0,76.0,52.0,71.0,3020,200.10,61217510680908
1109.0,1,100.00,70.0,78.0,78.0,52.0,70.0,2797,199.94,32571098034362
1109.0,2,,72.0,80.0,80.0,53.0,72.0,3231,198.93,29593095888732
1109.0,3,,72.0,78.0,78.0,53.0,71.0,3392,199.17,29886793093322
1114.0,0,,71.0,76.0,76.0,52.0,71.0,2831,199.96,61218642462768
1115.0,1,,69.0,78.0,78.0,52.0,69.0,2800,199.73,32572228479919
1115.0,2,,72.0,80.0,80.0,54.0,72.0,3107,198.36,29594218610351
1115.0,3,,73.0,78.0,78.0,53.0,71.0,3392,199.40,29887921686462
1120.0,0,,72.0,76.0,76.0,52.0,71.0,2904,199.75,61219775047241
1120.0,1,,68.0,78.0,78.0,51.0,69.0,2808,199.93,32573360106079
1120.0,2,,72.0,80.0,80.0,53.0,72.0,3299,198.01,29595339359863
1120.0,3,,71.0,76.0,76.0,53.0,71.0,3385,199.13,29889048774475
1126.0,0,,71.0,76.0,76.0,52.0,71.0,3017,200.26,61220904534606
1126.0,1,,71.0,78.0,78.0,52.0,70.0,2796,199.76,32574488772338
1126.0,2,,72.0,80.0,80.0,54.0,72.0,3189,198.35,29596458072509
1126.0,3,,72.0,78.0,78.0,53.0,71.0,3389,199.27,29890172636352
1131.0,0,,71.0,76.0,76.0,52.0,71.0,2834,199.72,61222034965087
1132.0,1,,70.0,78.0,78.0,52.0,70.0,2714,200.03,32575620964050
1132.0,2,,73.0,80.0,80.0,53.0,72.0,3191,197.84,29597579829467
1132.0,3,,72.0,78.0,76.0,53.0,71.0,3383,199.45,29891301527221
1137.0,0,,71.0,76.0,76.0,52.0,71.0,2905,199.96,61223166750671
1137.0,1,,70.0,78.0,78.0,51.0,69.0,2777,199.84,32576752081848
1137.0,2,,72.0,80.0,80.0,53.0,71.0,3317,198.46,29598703093444
1137.0,3,,73.0,78.0,78.0,53.0,71.0,3391,198.69,29892428127319
1143.0,0,,71.0,76.0,76.0,52.0,71.0,2942,199.61,61224298567260
1143.0,1,,70.0,78.0,78.0,52.0,70.0,2807,199.28,32577881971313
1143.0,2,,72.0,80.0,80.0,53.0,71.0,3143,197.90,29599825165832
1143.0,3,,72.0,78.0,78.0,53.0,71.0,3387,198.54,29893553862121
1148.0,0,,72.0,76.0,76.0,52.0,71.0,2879,199.96,61225432313781
1148.0,1,,70.0,78.0,78.0,52.0,70.0,2806,199.96,32579013728332
1149.0,2,,71.0,80.0,80.0,53.0,71.0,3090,197.57,29600945410339
1149.0,3,,73.0,76.0,78.0,53.0,70.0,3389,199.01,29894680275756
1154.0,0,,71.0,76.0,76.0,52.0,71.0,2881,200.51,61226567221740
1154.0,1,,70.0,78.0,78.0,52.0,70.0,2807,199.37,32580144180297
1154.0,2,,72.0,80.0,80.0,54.0,72.0,3298,197.90,29602065523254
1154.0,3,,70.0,78.0,78.0,52.0,70.0,3380,198.41,29895805251708
1160.0,0,,69.0,76.0,76.0,51.0,70.0,2927,199.89,61227698610778
1160.0,1,,70.0,78.0,78.0,51.0,69.0,2801,199.34,32581272455017
1160.0,2,,72.0,80.0,80.0,54.0,72.0,3233,197.12,29603181243652
1160.0,3,,72.0,78.0,78.0,52.0,70.0,3393,197.78,29896924685241
1165.0,0,,71.0,76.0,76.0,52.0,71.0,2960,200.08,61228829070800
1165.0,1,,70.0,78.0,78.0,52.0,70.0,2610,199.54,32582399849121
1166.0,2,,72.0,80.0,80.0,53.0,72.0,3161,197.58,29604297584167
1166.0,3,,71.0,76.0,78.0,52.0,70.0,3392,198.55,29898048455810
1171.0,0,,72.0,76.0,76.0,52.0,71.0,2862,199.33,61229959266845
1171.0,1,,70.0,78.0,78.0,52.0,70.0,2778,199.60,32583529556945
1171.0,2,,70.0,80.0,80.0,53.0,71.0,3184,196.75,29605411201110
1171.0,3,,73.0,76.0,78.0,53.0,71.0,3382,197.92,29899164750366
1177.0,0,,71.0,76.0,76.0,52.0,71.0,2900,200.08,61231089745849
1177.0,1,,70.0,78.0,78.0,52.0,70.0,2791,199.70,32584659885192
1177.0,2,,72.0,80.0,80.0,53.0,72.0,3256,197.09,29606526750976
1177.0,3,,73.0,78.0,78.0,53.0,71.0,3392,198.07,29900285824279
1182.0,0,,70.0,76.0,76.0,52.0,71.0,2989,199.71,61232220104553
1182.0,1,,70.0,78.0,78.0,52.0,70.0,2799,199.11,32585786851684
1183.0,2,,71.0,80.0,80.0,53.0,71.0,3190,197.29,29607643406433
1183.0,3,,73.0,76.0,78.0,53.0,71.0,3391,197.88,29901407813415
1188.0,0,,71.0,76.0,76.0,52.0,71.0,2818,199.96,61233351888977
1188.0,1,,71.0,78.0,78.0,51.0,69.0,2807,198.98,32586913089294
1188.0,2,,73.0,80.0,80.0,53.0,72.0,3095,196.28,29608754337585
1188.0,3,,73.0,78.0,78.0,53.0,71.0,3388,198.25,29902529930358
1194.0,0,,71.0,76.0,76.0,52.0,71.0,2922,199.49,61234482970336
1194.0,1,,71.0,78.0,78.0,52.0,70.0,2701,198.73,32588039896606
1194.0,2,,72.0,80.0,80.0,53.0,72.0,3283,197.39,29609873518127
1194.0,3,100.00,71.0,78.0,78.0,53.0,71.0,3390,197.10,29903647478637
1199.0,0,,70.0,76.0,76.0,52.0,70.0,2958,199.70,61235613263183
1199.0,1,,70.0,78.0,78.0,51.0,69.0,2745,198.88,32589165554992
1200.0,2,,72.0,80.0,80.0,53.0,72.0,3243,196.48,29610985579101
1200.0,3,,72.0,76.0,78.0,53.0,70.0,3392,197.35,29904764471618
1205.0,0,,66.0,74.0,74.0,50.0,68.0,2693,128.12,61236338395202
1205.0,1,,65.0,74.0,74.0,49.0,66.0,2546,124.48,32589870115783
1205.0,2,,66.0,76.0,76.0,51.0,68.0,2913,119.02,29611658052307
1205.0,3,,66.0,74.0,74.0,50.0,67.0,3028,115.92,29905417075988
1211.0,0,,69.0,74.0,76.0,52.0,71.0,2211,187.24,61237390687438
1211.0,1,,69.0,76.0,78.0,51.0,69.0,2106,189.67,32590934189880
1211.0,2,,72.0,80.0,80.0,53.0,71.0,2434,192.28,29612738680664
1211.0,3,,72.0,76.0,76.0,52.0,70.0,2363,195.81,29906521418151
1216.0,0,,71.0,76.0,76.0,52.0,71.0,2540,199.81,61238519596374
1216.0,1,,70.0,78.0,78.0,52.0,70.0,2336,199.43,32592062959350
1217.0,2,,72.0,80.0,80.0,53.0,72.0,2835,200.04,29613868907043
1217.0,3,,73.0,76.0,76.0,52.0,70.0,2900,199.93,29907651024963
1222.0,0,,71.0,76.0,76.0,52.0,71.0,2783,199.86,61239648828552
1222.0,1,100.00,71.0,78.0,78.0,52.0,70.0,2625,200.37,32593193019653
1222.0,2,,72.0,80.0,80.0,54.0,72.0,3050,199.75,29614997520812
1222.0,3,100.00,72.0,78.0,76.0,53.0,71.0,3293,200.17,29908779964416
1228.0,0,,72.0,76.0,76.0,52.0,71.0,2966,200.21,61240777992126
1228.0,1,,71.0,78.0,78.0,52.0,70.0,2797,199.94,32594320693664
1228.0,2,,73.0,80.0,80.0,54.0,73.0,3219,200.20,29616126660766
1228.0,3,,73.0,78.0,76.0,53.0,71.0,3367,200.08,29909910424743
1233.0,0,,71.0,76.0,76.0,52.0,70.0,3038,199.99,61241907928894
1233.0,1,,71.0,78.0,78.0,52.0,70.0,2803,199.68,32595450898010
1233.0,2,,70.0,80.0,80.0,53.0,72.0,3357,199.83,29617255725097
1234.0,3,,73.0,76.0,78.0,53.0,71.0,3389,199.80,29911039268188
1239.0,0,,71.0,76.0,76.0,52.0,71.0,2803,199.85,61243037076660
1239.0,1,,70.0,78.0,78.0,52.0,70.0,2802,200.20,32596582038818
1239.0,2,,72.0,80.0,80.0,53.0,72.0,3247,199.14,29618382870239
1239.0,3,,73.0,78.0,78.0,52.0,71.0,3385,199.82,29912170256652
1244.0,0,,70.0,76.0,76.0,52.0,71.0,2916,200.04,61244169319213
1245.0,1,,70.0,78.0,78.0,52.0,70.0,2799,200.01,32597714102783
1245.0,2,,73.0,80.0,80.0,53.0,72.0,3096,199.01,29619509242736
1245.0,3,,73.0,76.0,78.0,53.0,71.0,3383,199.71,29913300593322
1250.0,0,,71.0,76.0,76.0,52.0,71.0,3038,199.99,61245299274963
1250.0,1,,70.0,78.0,78.0,51.0,69.0,2805,199.80,32598842952453
1250.0,2,,72.0,80.0,80.0,53.0,72.0,3207,199.06,29620633930114
1251.0,3,,72.0,78.0,76.0,53.0,71.0,3386,199.62,29914428452758
1256.0,0,,71.0,76.0,76.0,52.0,71.0,2800,199.86,61246430485595
1256.0,1,,70.0,78.0,78.0,51.0,69.0,2809,199.88,32599974261718
1256.0,2,,72.0,80.0,80.0,53.0,72.0,3362,198.96,29621760058349
1256.0,3,,72.0,78.0,78.0,52.0,71.0,3385,199.21,29915555955200
1261.0,0,,70.0,76.0,76.0,52.0,71.0,2968,200.13,61247563237915
1262.0,1,,71.0,78.0,78.0,52.0,70.0,2800,200.03,32601106447875
1262.0,2,,72.0,80.0,80.0,53.0,72.0,3254,198.64,29622884340087
1262.0,3,,73.0,78.0,76.0,53.0,71.0,3392,199.67,29916686065063
1267.0,0,,72.0,76.0,76.0,52.0,71.0,2883,199.91,61248694755310
1267.0,1,,70.0,78.0,78.0,52.0,70.0,2797,199.97,32602238286987
1267.0,2,,71.0,80.0,80.0,54.0,72.0,3106,198.17,29624005968872
1268.0,3,,73.0,78.0,76.0,53.0,71.0,3383,199.40,29917812682189
1273.0,0,,72.0,76.0,76.0,52.0,71.0,2850,199.76,61249823395080
1273.0,1,,70.0,78.0,78.0,51.0,69.0,2798,199.51,32603363549072
1273.0,2,,72.0,80.0,80.0,53.0,72.0,3204,198.29,29625124299194
1273.0,3,,72.0,78.0,78.0,52.0,70.0,3385,199.28,29918936596740
1278.0,0,,70.0,76.0,76.0,52.0,71.0,3052,199.83,61250950428833
1279.0,1,,70.0,78.0,78.0,52.0,70.0,2807,199.80,32604492422790
1279.0,2,,70.0,80.0,80.0,53.0,71.0,3270,197.97,29626242856262
1279.0,3,,73.0,76.0,78.0,53.0,71.0,3385,198.44,29920059747558
1284.0,0,,71.0,76.0,76.0,52.0,71.0,2851,200.24,61252083811096
1284.0,1,,70.0,78.0,78.0,52.0,70.0,2766,199.89,32605623812072
1284.0,2,,71.0,80.0,80.0,53.0,72.0,3116,197.90,29627362959594
1285.0,3,,73.0,76.0,78.0,53.0,71.0,3382,199.09,29921186617309
1290.0,0,,71.0,76.0,76.0,52.0,72.0,2801,200.02,61253215926452
1290.0,1,,69.0,78.0,78.0,52.0,70.0,2682,199.53,32606753175109
1290.0,2,,72.0,80.0,80.0,53.0,72.0,3086,198.09,29628484132751
1290.0,3,,71.0,78.0,78.0,52.0,70.0,3390,199.10,29922313551513
1295.0,0,,71.0,76.0,76.0,52.0,71.0,2997,199.83,61254348967041
1296.0,1,,70.0,78.0,78.0,51.0,70.0,2788,199.32,32607883300170
1296.0,2,,72.0,80.0,80.0,53.0,72.0,3318,197.90,29629604233459
1296.0,3,,71.0,76.0,78.0,52.0,70.0,3381,198.33,29923436124816
1301.0,0,,71.0,76.0,76.0,52.0,71.0,2905,199.76,61255479597412
1301.0,1,,70.0,78.0,78.0,52.0,70.0,2809,200.00,32609015314270
1301.0,2,,73.0,80.0,80.0,53.0,72.0,3273,197.06,29630721555969
1301.0,3,,73.0,78.0,78.0,53.0,71.0,3392,198.27,29924560304931
1307.0,0,,72.0,76.0,76.0,52.0,71.0,2806,200.37,61256613696411
1307.0,1,,70.0,78.0,78.0,51.0,69.0,2796,199.38,32610143795898
1307.0,2,,72.0,80.0,80.0,54.0,72.0,3104,197.45,29631839109191
1307.0,3,,73.0,78.0,78.0,53.0,71.0,3389,198.75,29925685250793
1312.0,0,,71.0,76.0,76.0,52.0,71.0,3046,199.62,61257743531738
1313.0,1,,70.0,78.0,78.0,52.0,70.0,2802,199.57,32611273334533
1313.0,2,,71.0,80.0,80.0,53.0,72.0,3088,196.62,29632951998291
1313.0,3,,73.0,78.0,76.0,53.0,71.0,3384,197.90,29926805356933
1318.0,0,,70.0,76.0,76.0,51.0,70.0,2864,200.03,61258875692565
1318.0,1,,70.0,78.0,78.0,51.0,69.0,2729,199.29,32612399302917
1318.0,2,,72.0,80.0,80.0,53.0,73.0,3303,197.45,29634067608276
1318.0,3,,72.0,76.0,78.0,53.0,71.0,3391,197.94,29927921712524
1324.0,0,,72.0,76.0,76.0,52.0,71.0,2802,199.64,61260003675476
1324.0,1,,71.0,78.0,78.0,52.0,70.0,2716,199.30,32613527340209
1324.0,2,,72.0,80.0,80.0,53.0,72.0,3191,197.14,29635183430908
1324.0,3,,73.0,78.0,76.0,53.0,70.0,3391,197.83,29929043431335
1329.0,0,,69.0,76.0,76.0,51.0,70.0,3049,200.19,61261138748291
1329.0,1,,70.0,78.0,78.0,52.0,70.0,2794,199.23,32614656998168
1330.0,2,,73.0,80.0,80.0,53.0,73.0,3090,196.84,29636299506469
1330.0,3,,71.0,76.0,78.0,52.0,70.0,3387,197.80,29930164953308
1335.0,0,,71.0,76.0,76.0,52.0,71.0,2904,199.68,61262268948364
1335.0,1,,70.0,78.0,78.0,51.0,69.0,2806,199.71,32615787374023
1335.0,2,,71.0,80.0,80.0,53.0,72.0,3200,197.11,29637415137207
1335.0,3,,73.0,78.0,76.0,53.0,71.0,3380,198.70,29931289618591
1341.0,0,,71.0,76.0,76.0,52.0,71.0,2805,200.13,61263403683654
1341.0,1,,69.0,78.0,78.0,51.0,70.0,2796,198.81,32616914652404
1341.0,2,,72.0,80.0,80.0,53.0,72.0,3271,197.17,29638533105895
1341.0,3,,73.0,78.0,78.0,53.0,71.0,3387,197.79,29932411061340
1346.0,0,,71.0,76.0,76.0,52.0,71.0,3049,199.13,61264532758056
1346.0,1,,70.0,78.0,78.0,52.0,70.0,2646,198.50,32618040135314
1347.0,2,,71.0,80.0,80.0,53.0,72.0,3112,195.99,29639644385620
1347.0,3,,73.0,78.0,76.0,53.0,70.0,3385,196.85,29933527184448
1352.0,0,,65.0,74.0,74.0,50.0,67.0,2737,125.15,61265241103759
1352.0,1,,64.0,74.0,74.0,49.0,66.0,2535,120.48,32618722036499
1352.0,2,,67.0,76.0,76.0,51.0,68.0,2887,114.27,29640290026123
1352.0,3,,69.0,74.0,74.0,51.0,68.0,3015,113.30,29934167345642
1358.0,0,,70.0,76.0,76.0,52.0,70.0,2124,190.69,61266318483581
1358.0,1,,70.0,78.0,78.0,51.0,69.0,2062,194.74,32619820343811
1358.0,2,,71.0,80.0,80.0,53.0,72.0,2423,198.22,29641409987854
1358.0,3,,71.0,76.0,76.0,52.0,70.0,2392,199.98,29935297237915
1363.0,0,,70.0,74.0,74.0,53.0,71.0,2483,200.17,61267449434936
1363.0,1,,70.0,78.0,78.0,52.0,70.0,2345,199.79,32620951156860
1364.0,2,,72.0,80.0,80.0,53.0,72.0,2884,199.99,29642541918090
1364.0,3,,73.0,76.0,76.0,53.0,71.0,2905,200.16,29936430150878
1369.0,0,,71.0,76.0,76.0,52.0,71.0,2769,199.85,61268580609619
1369.0,1,,71.0,78.0,78.0,52.0,70.0,2630,199.78,32622081935485
1369.0,2,,73.0,80.0,80.0,54.0,73.0,3142,199.79,29643672706848
1369.0,3,,72.0,78.0,76.0,53.0,71.0,3259,200.06,29937560486022
1375.0,0,,71.0,76.0,76.0,52.0,71.0,2920,200.10,61269711200378
1375.0,1,,70.0,78.0,78.0,52.0,70.0,2793,200.18,32623212944641
1375.0,2,,72.0,80.0,80.0,53.0,72.0,3344,199.85,29644801879760
1375.0,3,,73.0,76.0,78.0,53.0,71.0,3365,199.75,29938691079040
1380.0,0,,72.0,76.0,76.0,52.0,71.0,2972,199.81,61270842145324
1380.0,1,,71.0,78.0,78.0,51.0,70.0,2804,199.99,32624342885559
1381.0,2,,72.0,80.0,80.0,53.0,72.0,3378,199.67,29645930009460
1381.0,3,,73.0,76.0,78.0,53.0,71.0,3382,200.00,29939819061828
1386.0,0,,70.0,76.0,76.0,52.0,71.0,2859,199.82,61271969136108
1386.0,1,,70.0,78.0,78.0,52.0,70.0,2805,199.86,32625472066406
1386.0,2,,72.0,80.0,80.0,53.0,72.0,3153,199.29,29647055980529
1386.0,3,,72.0,76.0,78.0,52.0,70.0,3383,199.85,29940950234313
1392.0,0,,70.0,76.0,76.0,52.0,71.0,2991,199.99,61273101105834
1392.0,1,,70.0,78.0,78.0,52.0,70.0,2802,199.93,32626603672485
1392.0,2,,71.0,80.0,80.0,54.0,72.0,3152,199.48,29648183050415
1392.0,3,,73.0,78.0,78.0,53.0,71.0,3386,199.84,29942079343505
1397.0,0,,72.0,76.0,76.0,52.0,71.0,2815,200.00,61274231125549
1397.0,1,,71.0,78.0,78.0,52.0,70.0,2803,199.85,32627732805664
1398.0,2,,72.0,80.0,80.0,53.0,72.0,3354,199.34,29649311341979
1398.0,3,,73.0,78.0,76.0,53.0,71.0,3396,199.70,29943207663269
1403.0,0,,71.0,76.0,76.0,52.0,71.0,2980,200.00,61275363123474
1403.0,1,,69.0,78.0,78.0,51.0,69.0,2800,200.36,32628864828918
1403.0,2,,72.0,80.0,80.0,53.0,72.0,3268,199.01,29650435752197
1403.0,3,,73.0,76.0,78.0,53.0,71.0,3384,199.43,29944336447692
1409.0,0,,71.0,76.0,76.0,52.0,71.0,2915,199.85,61276494297790
1409.0,1,,70.0,78.0,78.0,52.0,70.0,2798,199.69,32629997078125
1409.0,2,,71.0,80.0,80.0,53.0,72.0,3105,198.46,29651559041015
1409.0,3,,73.0,78.0,76.0,53.0,71.0,3382,199.66,29945466537902
1414.0,0,,71.0,76.0,76.0,52.0,71.0,2862,199.92,61277625857788
1414.0,1,,70.0,78.0,78.0,52.0,70.0,2811,199.70,32631127399475
1414.0,2,,72.0,80.0,80.0,53.0,72.0,3088,198.17,29652680669921
1415.0,3,,73.0,78.0,78.0,53.0,71.0,3388,199.12,29946591577331
1420.0,0,,72.0,76.0,76.0,52.0,71.0,2927,199.98,61278753742309
1420.0,1,,70.0,78.0,78.0,52.0,70.0,2799,200.09,32632253915893
1420.0,2,,72.0,80.0,80.0,53.0,72.0,3246,198.31,29653799138549
1420.0,3,,73.0,78.0,76.0,53.0,71.0,3392,198.61,29947713746765
1425.0,0,,71.0,76.0,76.0,52.0,71.0,2887,200.33,61279885623229
1426.0,1,,70.0,78.0,78.0,51.0,70.0,2748,199.42,32633382617797
1426.0,2,,72.0,80.0,80.0,53.0,72.0,3275,198.52,29654922782958
1426.0,3,,73.0,78.0,76.0,53.0,71.0,3392,198.49,29948837218261
1431.0,0,,71.0,76.0,76.0,51.0,71.0,2926,199.96,61281017410095
1431.0,1,,70.0,78.0,78.0,51.0,70.0,2747,199.71,32634512980895
1431.0,2,,72.0,80.0,80.0,54.0,72.0,3117,197.93,29656043081848
1432.0,3,,73.0,78.0,76.0,53.0,71.0,3382,198.56,29949961044494
1437.0,0,,71.0,76.0,76.0,52.0,71.0,2885,199.72,61282147836669
1437.0,1,,70.0,78.0,78.0,52.0,70.0,2809,199.65,32635642994384
1437.0,2,,71.0,80.0,80.0,54.0,72.0,3201,197.49,29657160846984
1437.0,3,,73.0,78.0,76.0,53.0,71.0,3392,198.94,29951087038391
1442.0,0,,71.0,76.0,76.0,52.0,71.0,2957,199.99,61283279761962
1443.0,1,,70.0,78.0,78.0,51.0,70.0,2798,199.90,32636774437438
1443.0,2,100.00,73.0,80.0,80.0,53.0,72.0,3276,197.85,29658280653808
1443.0,3,,73.0,78.0,76.0,53.0,71.0,3392,198.57,29952210957763
1448.0,0,,69.0,76.0,76.0,52.0,71.0,2946,199.54,61284411153930
1448.0,1,,70.0,78.0,78.0,52.0,70.0,2800,199.57,32637904024475
1448.0,2,,72.0,80.0,80.0,53.0,72.0,3115,197.87,29659400579467
1449.0,3,,72.0,78.0,78.0,53.0,70.0,3390,198.62,29953335140380
1454.0,0,,71.0,76.0,76.0,52.0,71.0,2914,200.31,61285544934875
1454.0,1,,70.0,78.0,78.0,52.0,70.0,2764,199.57,32639035576904
1454.0,2,,72.0,80.0,80.0,53.0,72.0,3243,197.08,29660518028015
1454.0,3,,73.0,76.0,78.0,53.0,71.0,3381,198.53,29954460788696
1459.0,0,,71.0,76.0,76.0,53.0,71.0,2800,199.65,61286674953186
1460.0,1,,70.0,78.0,78.0,52.0,70.0,2748,199.44,32640162414855
1460.0,2,,71.0,80.0,80.0,53.0,71.0,3277,197.90,29661636159851
1460.0,3,,71.0,78.0,78.0,53.0,70.0,3385,198.07,29955579877929
1465.0,0,,71.0,76.0,76.0,52.0,71.0,3037,200.13,61287805695617
1465.0,1,,69.0,78.0,78.0,51.0,69.0,2793,199.21,32641289949768
1465.0,2,,72.0,80.0,80.0,53.0,72.0,3114,196.15,29662744412109
1466.0,3,,72.0,78.0,76.0,53.0,71.0,3391,197.91,29956698060913
1471.0,0,,72.0,76.0,76.0,52.0,71.0,2920,200.09,61288936177001
1471.0,1,,71.0,78.0,78.0,52.0,69.0,2760,199.07,32642414667480
1471.0,2,,72.0,80.0,80.0,53.0,72.0,3089,196.70,29663855778991
1471.0,3,,73.0,78.0,78.0,53.0,71.0,3385,198.59,29957820100952
1476.0,0,100.00,72.0,76.0,76.0,52.0,71.0,2803,199.87,61290065442687
1477.0,1,,70.0,78.0,78.0,51.0,69.0,2749,199.70,32643542982299
1477.0,2,,72.0,80.0,80.0,53.0,72.0,3277,197.21,29664971967346
1477.0,3,,73.0,78.0,76.0,53.0,71.0,3383,197.79,29958939584594
1482.0,0,,70.0,76.0,76.0,52.0,71.0,2975,199.52,61291196721740
1482.0,1,,70.0,78.0,78.0,52.0,70.0,2796,198.46,32644668245788
1482.0,2,,72.0,80.0,80.0,54.0,72.0,3206,196.80,29666087837463
1483.0,3,,72.0,78.0,76.0,52.0,70.0,3386,197.18,29960057619750
1488.0,0,,71.0,76.0,76.0,52.0,71.0,2839,199.78,61292329463195
1488.0,1,,70.0,78.0,78.0,52.0,70.0,2702,199.10,32645795151550
1488.0,2,,71.0,80.0,80.0,53.0,71.0,3107,195.91,29667196679504
1488.0,3,,73.0,76.0,78.0,53.0,71.0,3394,197.71,29961176644470
1493.0,0,,71.0,76.0,76.0,52.0,71.0,2949,199.18,61293454813476
1494.0,1,,70.0,78.0,78.0,52.0,69.0,2788,197.71,32646914208312
1494.0,2,,70.0,80.0,80.0,53.0,72.0,3107,195.43,29668302817687
1494.0,3,,72.0,76.0,78.0,53.0,71.0,3392,196.17,29962286968994
1499.0,0,,65.0,72.0,72.0,49.0,67.0,2830,122.50,61294146942321
1499.0,1,,65.0,74.0,74.0,49.0,66.0,2541,116.97,32647572764709
1499.0,2,,67.0,76.0,76.0,51.0,68.0,2979,111.15,29668926344116
1499.0,3,,69.0,74.0,74.0,51.0,68.0,2946,111.71,29962911403564
1505.0,0,,70.0,74.0,76.0,52.0,70.0,2158,193.54,61295228833129
1505.0,1,,70.0,78.0,78.0,51.0,69.0,2055,197.08,32648676406311
1505.0,2,,71.0,80.0,80.0,53.0,71.0,2487,200.06,29670050659973
1505.0,3,,72.0,76.0,76.0,52.0,70.0,2426,200.13,29964040158691
1510.0,0,,70.0,76.0,74.0,52.0,71.0,2527,199.90,61296358269409
1510.0,1,,71.0,78.0,78.0,52.0,70.0,2326,199.79,32649805235534
1511.0,2,,72.0,80.0,80.0,53.0,72.0,2898,200.04,29671180861633
1511.0,3,,73.0,76.0,76.0,53.0,71.0,2909,200.08,29965170624023
1516.0,0,,71.0,76.0,76.0,52.0,71.0,2771,200.13,61297489031433
1516.0,1,,71.0,78.0,78.0,52.0,70.0,2621,199.82,32650936190063
1516.0,2,,72.0,80.0,80.0,54.0,72.0,3067,199.67,29672310975830
1516.0,3,,73.0,76.0,76.0,53.0,71.0,3247,200.10,29966301162048
1522.0,0,,71.0,76.0,76.0,52.0,71.0,2874,199.99,61298620954528
1522.0,1,100.00,71.0,78.0,78.0,52.0,70.0,2789,200.01,32652068243041
1522.0,2,100.00,72.0,80.0,80.0,53.0,72.0,3223,199.68,29673441147521
1522.0,3,99.99,72.0,76.0,78.0,52.0,71.0,3371,199.70,29967433460388
1527.0,0,,71.0,76.0,76.0,52.0,71.0,3065,199.80,61299751796203
1527.0,1,,71.0,78.0,78.0,52.0,70.0,2803,200.19,32653199293518
1528.0,2,,72.0,80.0,80.0,53.0,72.0,3368,200.29,29674570807373
1528.0,3,,73.0,78.0,78.0,53.0,71.0,3387,200.10,29968560045959
1533.0,0,,70.0,76.0,76.0,52.0,71.0,2864,200.06,61300878155944
1533.0,1,,70.0,78.0,78.0,52.0,70.0,2797,199.99,32654327263366
1533.0,2,100.00,71.0,80.0,80.0,53.0,72.0,3231,199.00,29675695147583
1533.0,3,,72.0,76.0,76.0,52.0,71.0,3383,199.38,29969688520324
1539.0,0,,70.0,76.0,76.0,52.0,71.0,2802,199.89,61302009540405
1539.0,1,100.00,70.0,78.0,78.0,52.0,70.0,2801,199.84,32655458344238
1539.0,2,,73.0,80.0,80.0,53.0,72.0,3099,199.15,29676822341552
1539.0,3,,71.0,76.0,76.0,52.0,70.0,3386,200.28,29970820118835
1544.0,0,,71.0,76.0,76.0,52.0,70.0,2993,200.25,61303140950744
1544.0,1,,70.0,78.0,78.0,52.0,69.0,2802,200.05,32656588619140
1545.0,2,,70.0,80.0,80.0,53.0,72.0,3300,199.51,29677949601257
1545.0,3,,73.0,76.0,78.0,53.0,71.0,3386,199.38,29971948609802
1550.0,0,,71.0,76.0,76.0,52.0,71.0,2855,199.68,61304271124755
1550.0,1,,71.0,78.0,78.0,52.0,69.0,2803,199.50,32657717810729
1550.0,2,,72.0,80.0,80.0,53.0,72.0,3270,198.72,29679072346557
1550.0,3,,72.0,78.0,78.0,53.0,71.0,3386,199.28,29973074521911
1556.0,0,,70.0,76.0,76.0,52.0,71.0,2810,200.00,61305403105712
1556.0,1,,70.0,78.0,78.0,52.0,70.0,2798,200.33,32658851678039
1556.0,2,,72.0,80.0,80.0,53.0,72.0,3167,198.42,29680197360961
1556.0,3,,73.0,78.0,76.0,53.0,71.0,3390,199.82,29974205492675
1561.0,0,,71.0,76.0,76.0,52.0,71.0,3039,200.33,61306536945251
1561.0,1,,70.0,78.0,78.0,52.0,70.0,2809,199.96,32659983477294
1561.0,2,,72.0,80.0,80.0,53.0,72.0,3279,198.58,29681319313720
1562.0,3,,73.0,78.0,78.0,53.0,71.0,3388,199.04,29975332039428
1567.0,0,,71.0,76.0,76.0,52.0,71.0,2958,199.88,61307664268188
1567.0,1,,70.0,78.0,78.0,51.0,69.0,2799,199.95,32661111177124
1567.0,2,,73.0,80.0,80.0,53.0,72.0,3119,197.92,29682435554870
1567.0,3,,73.0,78.0,76.0,53.0,71.0,3393,199.18,29976455393554
1572.0,0,,70.0,76.0,76.0,52.0,71.0,2801,199.73,61308794763366
1573.0,1,,70.0,78.0,78.0,52.0,70.0,2799,199.59,32662240881225
1573.0,2,,72.0,80.0,80.0,53.0,72.0,3230,198.13,29683558944030
1573.0,3,,72.0,78.0,78.0,53.0,71.0,3390,198.96,29977581524230
1578.0,0,,70.0,76.0,76.0,52.0,71.0,3040,199.53,61309926071044
1578.0,1,,70.0,78.0,78.0,52.0,70.0,2808,199.81,32663371827575
1578.0,2,,71.0,80.0,80.0,53.0,71.0,3326,198.31,29684681399963
1579.0,3,,73.0,76.0,78.0,53.0,70.0,3387,199.02,29978709969177
1584.0,0,,71.0,76.0,76.0,53.0,71.0,2874,200.68,61311059927917
1584.0,1,,68.0,78.0,78.0,51.0,69.0,2776,199.31,32664501913452
1584.0,2,,72.0,80.0,80.0,53.0,72.0,3138,197.41,29685798744812
1584.0,3,,72.0,78.0,78.0,53.0,71.0,3383,198.82,29979835269042
1589.0,0,,71.0,76.0,76.0,52.0,71.0,2874,199.97,61312191782470
1590.0,1,,70.0,78.0,78.0,51.0,69.0,2661,199.77,32665630600036
1590.0,2,,72.0,80.0,80.0,53.0,72.0,3149,197.44,29686916281860
1590.0,3,,73.0,78.0,78.0,53.0,71.0,3381,198.49,29980958734741
1595.0,0,,70.0,76.0,76.0,52.0,70.0,2966,199.42,61313322514160
1595.0,1,,70.0,78.0,78.0,52.0,70.0,2786,199.80,32666763470092
1595.0,2,,72.0,80.0,80.0,53.0,72.0,3293,197.63,29688036827758
1596.0,3,,73.0,78.0,78.0,53.0,71.0,3390,198.17,29982082376342
1601.0,0,,72.0,76.0,76.0,52.0,71.0,2810,200.25,61314455948791
1601.0,1,,70.0,78.0,78.0,52.0,70.0,2799,199.67,32667893607482
1601.0,2,,71.0,80.0,80.0,53.0,72.0,3139,196.98,29689151707153
1601.0,3,,73.0,78.0,76.0,53.0,71.0,3382,198.45,29983205631530
1606.0,0,,72.0,76.0,76.0,52.0,71.0,2999,199.95,61315587654724
1607.0,1,,70.0,78.0,78.0,52.0,70.0,2810,199.32,32669021752075
1607.0,2,,72.0,80.0,80.0,53.0,71.0,3190,197.19,29690267786621
1607.0,3,,73.0,76.0,78.0,53.0,71.0,3383,198.11,29984326926574
1612.0,0,,71.0,76.0,76.0,52.0,71.0,2941,199.84,61316718759277
1612.0,1,,71.0,78.0,78.0,51.0,70.0,2805,198.98,32670145973388
1612.0,2,,72.0,80.0,80.0,53.0,72.0,3287,197.94,29691384183959
1613.0,3,,73.0,78.0,78.0,53.0,71.0,3390,198.73,29985447760131
1618.0,0,,71.0,76.0,76.0,52.0,71.0,2811,200.19,61317849850097
1618.0,1,100.00,71.0,78.0,78.0,52.0,69.0,2796,199.33,32671276171386
1618.0,2,,73.0,80.0,80.0,53.0,72.0,3113,196.52,29692498475830
1618.0,3,,70.0,76.0,78.0,52.0,70.0,3392,197.90,29986567882629
1623.0,0,,71.0,76.0,76.0,52.0,71.0,2969,199.68,61318980033142
1624.0,1,,70.0,78.0,78.0,51.0,69.0,2641,199.19,32672401605041
1624.0,2,,72.0,80.0,80.0,54.0,72.0,3086,196.38,29693609982482
1624.0,3,,73.0,78.0,78.0,53.0,71.0,3391,197.56,29987688027893
1629.0,0,,71.0,76.0,76.0,52.0,71.0,2918,199.33,61320108245178
1629.0,1,,70.0,78.0,78.0,52.0,70.0,2792,199.68,32673529787780
1629.0,2,,71.0,80.0,80.0,53.0,71.0,3307,197.29,29694726668457
1630.0,3,,72.0,76.0,78.0,53.0,70.0,3383,197.75,29988805341186
1635.0,0,,72.0,76.0,76.0,53.0,71.0,2830,200.00,61321240222106
1635.0,1,100.00,70.0,78.0,78.0,52.0,70.0,2796,198.97,32674657957580
1635.0,2,,72.0,80.0,80.0,53.0,71.0,3232,196.63,29695839582885
1635.0,3,,72.0,76.0,76.0,53.0,71.0,3392,197.80,29989926864318
1640.0,0,,71.0,76.0,74.0,52.0,71.0,3041,197.76,61322359536682
1641.0,1,,70.0,76.0,78.0,50.0,69.0,2809,196.55,32675770412292
1641.0,2,,72.0,80.0,80.0,53.0,72.0,3106,194.49,29696940379760
1641.0,3,,73.0,76.0,76.0,53.0,70.0,3391,194.88,29991029875488
1646.0,0,99.11,65.0,72.0,72.0,49.0,67.0,2633,118.08,61323026694702
1646.0,1,98.95,64.0,74.0,74.0,48.0,66.0,2485,112.54,32676406271301
1646.0,2,99.10,69.0,76.0,76.0,52.0,70.0,2886,107.53,29697549008850
1647.0,3,99.13,70.0,76.0,74.0,51.0,68.0,2941,108.78,29991644455993
1652.0,0,,71.0,74.0,74.0,52.0,70.0,2123,193.13,61324119799316
1652.0,1,,70.0,78.0,78.0,51.0,69.0,2038,197.21,32677522476135
1652.0,2,100.00,72.0,80.0,80.0,53.0,71.0,2434,200.51,29698679901855
1652.0,3,100.00,73.0,76.0,76.0,53.0,71.0,2400,200.06,29992774802001
1657.0,0,,72.0,76.0,76.0,52.0,71.0,2534,200.01,61325251845336
1658.0,1,,70.0,78.0,78.0,51.0,70.0,2311,199.83,32678653523498
1658.0,2,,72.0,80.0,80.0,53.0,72.0,2851,199.71,29699812234802
1658.0,3,,73.0,76.0,76.0,53.0,71.0,2957,200.06,29993907130371
1663.0,0,,71.0,76.0,76.0,52.0,71.0,2789,199.89,61326383219604
1663.0,1,100.00,71.0,78.0,78.0,52.0,70.0,2630,199.99,32679785476562
1663.0,2,,72.0,80.0,80.0,53.0,72.0,3067,199.97,29700942083251
1663.0,3,,73.0,78.0,76.0,53.0,71.0,3310,199.86,29995038350402
1669.0,0,,72.0,76.0,76.0,52.0,71.0,3044,199.90,61327514634033
1669.0,1,,71.0,78.0,78.0,51.0,70.0,2788,199.97,32680917284851
1669.0,2,,72.0,80.0,80.0,54.0,72.0,3316,200.12,29702074771850
1669.0,3,,73.0,78.0,78.0,53.0,71.0,3369,199.83,29996171393981
1674.0,0,,71.0,76.0,76.0,52.0,71.0,2979,199.93,61328646214416
1674.0,1,,71.0,78.0,78.0,52.0,70.0,2801,200.07,32682047685241
1675.0,2,,72.0,80.0,80.0,53.0,72.0,3377,199.51,29703204013244
1675.0,3,,73.0,76.0,78.0,53.0,71.0,3390,200.21,29997300578430
1680.0,0,,71.0,76.0,76.0,52.0,71.0,2825,200.04,61329776424804
1680.0,1,,71.0,78.0,78.0,52.0,70.0,2803,199.77,32683178383056
1680.0,2,,72.0,80.0,80.0,53.0,71.0,3235,199.70,29704332339599
1680.0,3,,73.0,76.0,78.0,53.0,71.0,3383,199.96,29998432367980
1686.0,0,,72.0,76.0,76.0,52.0,71.0,3046,200.17,61330907387756
1686.0,1,,69.0,78.0,78.0,52.0,70.0,2800,200.15,32684309244018
1686.0,2,,72.0,80.0,80.0,53.0,72.0,3100,198.70,29705456968383
1686.0,3,,72.0,78.0,76.0,53.0,71.0,3389,199.62,29999560216430
1691.0,0,,72.0,76.0,76.0,52.0,71.0,2846,199.86,61332036608276
1691.0,1,,70.0,78.0,78.0,52.0,70.0,2803,200.06,32685439570800
1692.0,2,,73.0,80.0,80.0,53.0,72.0,3268,199.32,29706583139038
1692.0,3,,72.0,78.0,76.0,52.0,71.0,3392,199.81,30000691163513
1697.0,0,,71.0,76.0,76.0,51.0,71.0,2851,199.81,61333169556335
1697.0,1,100.00,70.0,78.0,78.0,52.0,70.0,2811,199.89,32686570962036
1697.0,2,,70.0,80.0,80.0,53.0,72.0,3340,199.11,29707710090332
1697.0,3,,73.0,76.0,78.0,53.0,71.0,3383,199.34,30001819412536
1703.0,0,,71.0,76.0,76.0,52.0,71.0,3056,200.17,61334300513549
1703.0,1,,70.0,78.0,78.0,51.0,69.0,2800,199.69,32687701184082
1703.0,2,,72.0,80.0,80.0,54.0,72.0,3140,198.27,29708832314025
1703.0,3,,72.0,78.0,78.0,53.0,71.0,3381,199.24,30002947100158
1708.0,0,,71.0,76.0,76.0,52.0,71.0,2856,199.63,61335430396667
1708.0,1,,70.0,78.0,78.0,51.0,69.0,2805,199.79,32688829978088
1709.0,2,,72.0,80.0,80.0,53.0,72.0,3220,198.43,29709953424072
1709.0,3,,70.0,76.0,78.0,53.0,71.0,3385,199.32,30004071240051
1714.0,0,,72.0,76.0,76.0,52.0,71.0,2850,200.18,61336559416809
1714.0,1,,70.0,78.0,78.0,51.0,69.0,2799,199.93,32689957590881
1714.0,2,,72.0,80.0,80.0,53.0,72.0,3292,198.21,29711069320495
1714.0,3,,73.0,78.0,78.0,52.0,71.0,3383,199.04,30005193853515
1720.0,0,,71.0,76.0,76.0,52.0,70.0,2987,200.01,61337687470458
1720.0,1,,70.0,78.0,78.0,51.0,70.0,2803,200.01,32691087637207
1720.0,2,,72.0,80.0,80.0,53.0,72.0,3127,197.83,29712189060302
1720.0,3,,73.0,78.0,78.0,53.0,71.0,3384,199.01,30006320276306
1725.0,0,,70.0,76.0,76.0,52.0,71.0,2874,199.91,61338818940979
1725.0,1,,70.0,78.0,78.0,52.0,70.0,2799,199.78,32692218412841
1726.0,2,,72.0,80.0,80.0,53.0,72.0,3266,197.91,29713309247924
1726.0,3,,73.0,78.0,78.0,53.0,71.0,3382,199.12,30007447316101
1731.0,0,,71.0,76.0,76.0,52.0,71.0,3011,200.23,61339952235900
1731.0,1,,71.0,78.0,78.0,51.0,69.0,2799,199.57,32693347951538
1731.0,2,,72.0,80.0,80.0,53.0,72.0,3264,198.04,29714430147399
1731.0,3,,71.0,78.0,78.0,53.0,70.0,3390,198.33,30008569854064
1737.0,0,,71.0,76.0,76.0,52.0,71.0,2838,199.91,61341085710571
1737.0,1,,70.0,78.0,78.0,51.0,70.0,2806,199.62,32694479782958
1737.0,2,,72.0,80.0,80.0,53.0,72.0,3113,197.69,29715551074279
1737.0,3,,72.0,78.0,78.0,52.0,70.0,3390,198.80,30009697035766
1742.0,0,,71.0,76.0,76.0,52.0,71.0,2895,199.71,61342216060363
1742.0,1,,70.0,78.0,78.0,52.0,69.0,2799,199.91,32695611301269
1743.0,2,,71.0,80.0,80.0,53.0,72.0,3310,197.29,29716667719299
1743.0,3,,73.0,78.0,76.0,53.0,71.0,3384,198.96,30010821138061
1748.0,0,,71.0,76.0,76.0,52.0,71.0,3051,200.06,61343348409362
1748.0,1,,69.0,78.0,78.0,52.0,69.0,2702,198.87,32696736895019
1748.0,2,100.00,72.0,80.0,80.0,53.0,72.0,3273,197.32,29717784527832
1748.0,3,,73.0,78.0,78.0,53.0,71.0,3387,198.26,30011945288635
1754.0,0,,71.0,76.0,76.0,52.0,71.0,2797,199.76,61344481071838
1754.0,1,,70.0,78.0,78.0,51.0,69.0,2805,199.96,32697870645996
1754.0,2,,71.0,80.0,80.0,54.0,72.0,3111,197.13,29718902282409
1754.0,3,,73.0,78.0,78.0,53.0,71.0,3389,198.16,30013068868652
1759.0,0,,70.0,76.0,76.0,52.0,70.0,2945,200.19,61345614156860
1759.0,1,,70.0,78.0,78.0,51.0,70.0,2803,199.28,32698998560302
1759.0,2,,72.0,80.0,80.0,53.0,72.0,3091,197.28,29720016940612
1760.0,3,,71.0,78.0,78.0,53.0,71.0,3386,197.65,30014185606994
1765.0,0,,72.0,76.0,76.0,52.0,71.0,2874,199.42,61346742871704
1765.0,1,,70.0,78.0,78.0,52.0,70.0,2798,199.32,32700126688049
1765.0,2,,72.0,80.0,80.0,53.0,72.0,3294,197.14,29721134701171
1765.0,3,,73.0,78.0,78.0,53.0,71.0,3393,198.07,30015306660888
1771.0,0,,70.0,76.0,76.0,51.0,70.0,2988,200.33,61347876762023
1771.0,1,,70.0,78.0,78.0,51.0,70.0,2681,199.19,32701254078002
1771.0,2,100.00,72.0,80.0,80.0,53.0,72.0,3243,196.91,29722249196411
1771.0,3,,72.0,76.0,78.0,52.0,70.0,3388,197.68,30016427533264
1776.0,0,,72.0,76.0,76.0,52.0,71.0,2840,199.32,61349006921813
1776.0,1,,70.0,78.0,78.0,52.0,70.0,2712,198.96,32702382204101
1776.0,2,,73.0,80.0,80.0,53.0,72.0,3103,195.81,29723359447387
1777.0,3,,73.0,76.0,78.0,53.0,71.0,3390,198.30,30017549917968
1782.0,0,,71.0,76.0,76.0,52.0,71.0,2892,200.17,61350139874450
1782.0,1,,70.0,78.0,78.0,51.0,69.0,2797,199.05,32703508799438
1782.0,2,,72.0,80.0,80.0,53.0,72.0,3095,196.79,29724473273803
1782.0,3,,73.0,78.0,76.0,53.0,71.0,3390,197.23,30018668227416
1788.0,0,,72.0,76.0,76.0,52.0,71.0,2915,197.61,61351258341674
1788.0,1,,70.0,78.0,78.0,51.0,69.0,2800,196.73,32704622298095
1788.0,2,,72.0,80.0,80.0,53.0,72.0,3253,193.79,29725570121093
1788.0,3,,71.0,76.0,76.0,52.0,70.0,3392,194.69,30019770198547
1793.0,0,81.27,70.0,74.0,74.0,51.0,70.0,2599,128.28,61351984396057
1793.0,1,80.91,68.0,76.0,76.0,51.0,68.0,2494,126.61,32705338902099
1793.0,2,80.95,71.0,80.0,80.0,52.0,71.0,2912,125.08,29726276810974
1794.0,3,81.05,70.0,76.0,76.0,52.0,69.0,2925,125.58,30020478459472
1799.0,0,,71.0,76.0,76.0,52.0,71.0,2317,199.81,61353113297241
1799.0,1,,70.0,78.0,78.0,51.0,69.0,2135,200.34,32706468818176
1799.0,2,,71.0,80.0,80.0,53.0,72.0,2548,199.91,29727406310668
1799.0,3,,72.0,76.0,76.0,53.0,71.0,2516,199.62,30021608331359
1804.0,0,,72.0,76.0,76.0,52.0,71.0,2643,200.08,61354243726196
1805.0,1,,70.0,78.0,78.0,52.0,70.0,2410,199.53,32707598167480
1805.0,2,,72.0,80.0,80.0,53.0,72.0,2952,199.80,29728535162231
1805.0,3,,73.0,76.0,76.0,53.0,71.0,3017,200.04,30022738543762
1810.0,0,,71.0,76.0,76.0,52.0,71.0,2784,199.83,61355372757019
1810.0,1,,71.0,78.0,78.0,52.0,70.0,2699,200.23,32708727465148
1810.0,2,,71.0,80.0,80.0,54.0,72.0,3080,200.00,29729665166076
1811.0,3,,73.0,76.0,78.0,53.0,71.0,3331,200.25,30023869940612
1816.0,0,,71.0,76.0,76.0,52.0,71.0,3011,199.95,61356504455627
1816.0,1,,71.0,78.0,78.0,52.0,70.0,2798,199.51,32709858681945
1816.0,2,,72.0,80.0,80.0,53.0,72.0,3315,199.84,29730798254882
1816.0,3,,73.0,76.0,78.0,53.0,71.0,3367,199.83,30025002990478
1821.0,0,,71.0,76.0,76.0,52.0,71.0,2980,199.96,61357636217773
1822.0,1,,70.0,78.0,78.0,51.0,69.0,2802,200.46,32710991259277
1822.0,2,,72.0,80.0,80.0,53.0,72.0,3376,199.92,29731927780700
1822.0,3,,72.0,78.0,78.0,53.0,71.0,3388,199.80,30026131884887
1827.0,0,,71.0,76.0,76.0,52.0,71.0,2812,200.04,61358766469665
1827.0,1,,70.0,78.0,78.0,51.0,69.0,2801,199.54,32712120652587
1827.0,2,,72.0,80.0,80.0,53.0,72.0,3227,199.11,29733054715942
1828.0,3,,73.0,78.0,78.0,53.0,71.0,3386,199.97,30027261690246
1833.0,0,,71.0,76.0,76.0,52.0,71.0,2921,199.91,61359895987915
1833.0,1,,71.0,78.0,78.0,52.0,70.0,2807,200.30,32713250366088
1833.0,2,,71.0,80.0,80.0,54.0,72.0,3125,199.14,29734177862548
1833.0,3,,73.0,78.0,78.0,53.0,71.0,3390,199.78,30028390463378
1838.0,0,,71.0,76.0,76.0,52.0,71.0,2964,199.94,61361025668518
1839.0,1,,71.0,78.0,78.0,51.0,70.0,2802,199.52,32714379630859
1839.0,2,,72.0,80.0,80.0,53.0,72.0,3333,199.34,29735304112243
1839.0,3,,71.0,78.0,78.0,53.0,71.0,3387,199.67,30029518605712
1844.0,0,,70.0,76.0,76.0,53.0,71.0,2811,200.10,61362156257080
1844.0,1,,70.0,78.0,78.0,52.0,70.0,2801,200.35,32715511636230
1844.0,2,,71.0,80.0,80.0,53.0,72.0,3319,198.57,29736428045410
1844.0,3,,73.0,78.0,78.0,53.0,71.0,3392,199.55,30030648079589
1850.0,0,,72.0,76.0,76.0,52.0,71.0,3014,199.85,61363287382751
1850.0,1,,70.0,78.0,78.0,52.0,70.0,2803,199.54,32716641052612
1850.0,2,,72.0,80.0,80.0,54.0,72.0,3114,198.49,29737549518066
1850.0,3,,72.0,78.0,78.0,52.0,71.0,3382,199.11,30031773071411
1855.0,0,,71.0,76.0,76.0,52.0,71.0,2850,200.08,61364415852478
1856.0,1,,69.0,78.0,78.0,51.0,69.0,2804,200.11,32717771664123
1856.0,2,,72.0,80.0,80.0,53.0,72.0,3174,198.75,29738672443664
1856.0,3,,72.0,78.0,78.0,52.0,70.0,3392,199.93,30032902701110
1861.0,0,,71.0,76.0,76.0,52.0,71.0,2988,199.89,61365549219665
1861.0,1,,70.0,78.0,78.0,52.0,69.0,2798,199.57,32718901254638
1861.0,2,100.00,72.0,80.0,80.0,53.0,72.0,3349,197.98,29739795009765
1861.0,3,100.00,72.0,76.0,78.0,52.0,70.0,3383,198.90,30034028465698
1867.0,0,,71.0,76.0,76.0,52.0,71.0,2924,199.90,61366680633422
1867.0,1,,70.0,78.0,78.0,52.0,70.0,2810,200.13,32720033985229
1867.0,2,,72.0,80.0,80.0,53.0,72.0,3156,198.04,29740915937988
1867.0,3,,72.0,76.0,78.0,53.0,71.0,3390,198.91,30035156270385
1872.0,0,,71.0,76.0,76.0,52.0,71.0,2796,199.64,61367812614562
1872.0,1,,70.0,78.0,78.0,52.0,70.0,2795,199.67,32721166101867
1873.0,2,,70.0,80.0,80.0,53.0,71.0,3176,198.00,29742038589599
1873.0,3,,73.0,76.0,78.0,53.0,71.0,3389,198.67,30036282730529
1878.0,0,,71.0,76.0,76.0,52.0,71.0,3034,200.49,61368945400878
1878.0,1,,70.0,78.0,78.0,51.0,69.0,2748,200.13,32722296851989
1878.0,2,,71.0,80.0,80.0,53.0,72.0,3290,197.41,29743153970886
1878.0,3,,73.0,78.0,76.0,53.0,71.0,3384,198.79,30037405899780
1884.0,0,,71.0,76.0,76.0,52.0,71.0,2875,199.82,61370076371948
1884.0,1,,70.0,78.0,78.0,52.0,70.0,2800,199.60,32723426577514
1884.0,2,,71.0,80.0,80.0,54.0,72.0,3118,197.47,29744271647644
1884.0,3,,73.0,76.0,76.0,53.0,71.0,3393,198.74,30038530763793
1889.0,0,,69.0,76.0,76.0,52.0,70.0,2902,199.91,61371209885070
1889.0,1,,70.0,78.0,78.0,51.0,70.0,2799,199.43,32724555332763
1890.0,2,,72.0,80.0,80.0,53.0,72.0,3223,197.97,29745392154724
1890.0,3,,72.0,78.0,78.0,53.0,71.0,3393,198.32,30039653259948
1895.0,0,,70.0,76.0,76.0,52.0,71.0,2937,199.54,61372339301269
1895.0,1,,71.0,78.0,78.0,52.0,70.0,2617,198.89,32725683036010
1895.0,2,,72.0,80.0,80.0,53.0,72.0,3326,197.45,29746511694641
1895.0,3,,72.0,78.0,78.0,53.0,71.0,3390,198.32,30040777749084
1901.0,0,,71.0,76.0,76.0,52.0,71.0,2892,200.55,61373474414733
1901.0,1,,70.0,78.0,78.0,52.0,70.0,2765,199.60,32726812749938
1901.0,2,,72.0,80.0,80.0,53.0,72.0,3139,197.05,29747627025878
1901.0,3,,70.0,76.0,78.0,53.0,70.0,3381,198.21,30041899601440
1906.0,0,,70.0,76.0,76.0,52.0,71.0,2978,199.77,61374605097045
1906.0,1,,70.0,78.0,78.0,52.0,70.0,2808,199.91,32727944246154
1907.0,2,,72.0,80.0,80.0,53.0,72.0,3092,197.10,29748742596740
1907.0,3,,73.0,76.0,78.0,53.0,71.0,3391,198.26,30043021732543
1912.0,0,,71.0,76.0,76.0,52.0,71.0,2845,199.78,61375735875732
1912.0,1,,70.0,78.0,78.0,52.0,70.0,2800,199.33,32729072467407
1912.0,2,,71.0,80.0,80.0,53.0,72.0,3287,197.92,29749862842468
1912.0,3,,73.0,76.0,78.0,52.0,71.0,3392,197.80,30044141294799
1918.0,0,,71.0,76.0,76.0,52.0,71.0,2878,199.79,61376868662475
1918.0,1,,70.0,78.0,78.0,52.0,70.0,2798,199.60,32730202194519
1918.0,2,,71.0,80.0,80.0,52.0,71.0,3320,197.78,29750982291503
1918.0,3,,72.0,78.0,78.0,53.0,70.0,3386,197.66,30045260046813
1923.0,0,,71.0,76.0,76.0,52.0,71.0,3027,199.93,61377998250122
1923.0,1,,69.0,78.0,78.0,52.0,69.0,2801,198.70,32731326809631
1924.0,2,,72.0,80.0,80.0,53.0,72.0,3129,196.37,29752093745727
1924.0,3,,73.0,78.0,78.0,53.0,71.0,3390,197.96,30046380502624
1929.0,0,100.00,70.0,76.0,76.0,52.0,70.0,2900,199.60,61379129971801
1929.0,1,,70.0,78.0,78.0,51.0,70.0,2804,199.29,32732456802490
1929.0,2,,72.0,80.0,80.0,53.0,73.0,3086,197.09,29753211233215
1929.0,3,,69.0,76.0,78.0,52.0,70.0,3381,196.98,30047499360961
1935.0,0,,67.0,74.0,74.0,51.0,69.0,2801,192.49,61380221416931
1935.0,1,,66.0,76.0,76.0,50.0,67.0,2791,189.00,32733530312133
1935.0,2,,68.0,78.0,78.0,52.0,70.0,3225,184.09,29754256891906
1935.0,3,,67.0,74.0,74.0,51.0,68.0,3384,182.95,30048536710876
1940.0,0,82.50,69.0,74.0,74.0,51.0,70.0,2479,120.74,61380906001403
1940.0,1,82.72,68.0,78.0,76.0,50.0,68.0,2273,122.51,32734222467895
1941.0,2,82.49,70.0,80.0,80.0,52.0,71.0,2799,122.91,29754950093200
1941.0,3,82.47,71.0,76.0,76.0,51.0,69.0,2705,125.86,30049246547363
1946.0,0,,71.0,76.0,76.0,52.0,71.0,2298,199.91,61382033502868
1946.0,1,,71.0,78.0,78.0,51.0,69.0,2115,199.51,32735349727355
1946.0,2,,70.0,80.0,80.0,53.0,72.0,2505,199.97,29756079949218
1946.0,3,,72.0,76.0,76.0,53.0,71.0,2518,199.78,30050375285095
1952.0,0,,71.0,76.0,76.0,52.0,71.0,2641,199.87,61383160781250
1952.0,1,,70.0,78.0,78.0,52.0,70.0,2418,200.11,32736476347595
1952.0,2,,73.0,80.0,80.0,54.0,72.0,2963,199.91,29757205430419
1952.0,3,,73.0,76.0,78.0,53.0,71.0,3027,200.07,30051501674133
1957.0,0,,70.0,76.0,76.0,53.0,71.0,2808,200.05,61384289065124
1957.0,1,,71.0,78.0,78.0,52.0,70.0,2745,200.11,32737604961669
1958.0,2,,72.0,80.0,80.0,53.0,72.0,3073,199.57,29758333012084
1958.0,3,,73.0,78.0,76.0,53.0,71.0,3329,200.03,30052629819580
1963.0,0,,71.0,76.0,76.0,52.0,71.0,3041,200.25,61385418482849
1963.0,1,,71.0,78.0,78.0,52.0,70.0,2794,199.81,32738733883056
1963.0,2,,73.0,80.0,80.0,53.0,72.0,3323,200.01,29759463083374
1963.0,3,,73.0,76.0,78.0,53.0,71.0,3373,199.84,30053760925292
1969.0,0,,71.0,76.0,76.0,52.0,70.0,2972,199.57,61386548064331
1969.0,1,,69.0,78.0,78.0,52.0,70.0,2802,199.92,32739865415832
1969.0,2,100.00,72.0,80.0,80.0,53.0,72.0,3375,200.09,29760593569274
1969.0,3,,73.0,78.0,76.0,53.0,71.0,3385,199.91,30054890441589
1974.0,0,,72.0,76.0,76.0,52.0,70.0,2822,200.13,61387678809692
1974.0,1,,71.0,78.0,78.0,51.0,70.0,2802,199.90,32740994847839
1974.0,2,,72.0,80.0,80.0,53.0,72.0,3184,198.95,29761719641784
1975.0,3,,72.0,76.0,76.0,53.0,71.0,3386,199.73,30056020927429
1980.0,0,,70.0,76.0,76.0,52.0,71.0,2836,200.05,61388809100708
1980.0,1,,70.0,78.0,78.0,52.0,70.0,2804,200.10,32742125440490
1980.0,2,,71.0,80.0,80.0,54.0,72.0,3122,198.71,29762842380310
1980.0,3,,73.0,78.0,78.0,53.0,71.0,3387,199.84,30057150021911
1985.0,0,,72.0,76.0,76.0,52.0,71.0,3055,199.69,61389939363037
1986.0,1,,70.0,78.0,78.0,51.0,69.0,2798,200.02,32743257555725
1986.0,2,,72.0,80.0,80.0,53.0,72.0,3338,199.28,29763970310424
1986.0,3,,73.0,78.0,78.0,52.0,71.0,3389,199.64,30058280010437
1991.0,0,,71.0,76.0,76.0,52.0,71.0,2901,200.06,61391073718566
1991.0,1,,70.0,78.0,78.0,51.0,70.0,2797,199.88,32744390860473
1991.0,2,,71.0,80.0,80.0,53.0,71.0,3304,198.86,29765097845397
1992.0,3,,73.0,78.0,78.0,53.0,71.0,3390,199.78,30059412783325
1997.0,0,,71.0,76.0,76.0,52.0,71.0,2802,200.08,61392204147644
1997.0,1,,69.0,78.0,78.0,51.0,69.0,2805,199.81,32745519809692
1997.0,2,,72.0,80.0,80.0,53.0,72.0,3116,198.18,29766215574218
1997.0,3,,72.0,78.0,78.0,52.0,71.0,3394,199.22,30060536403503
2002.0,0,,70.0,76.0,76.0,52.0,71.0,2951,199.48,61393333183227
2003.0,1,,70.0,78.0,78.0,52.0,70.0,2801,200.02,32746649939147
2003.0,2,,72.0,80.0,80.0,54.0,72.0,3177,198.23,29767339542602
2003.0,3,,73.0,76.0,78.0,53.0,71.0,3387,199.21,30061665931762
2008.0,0,,72.0,76.0,76.0,52.0,71.0,3028,200.34,61394467094726
2008.0,1,,70.0,78.0,78.0,52.0,70.0,2805,199.85,32747783069885
2008.0,2,100.00,72.0,80.0,80.0,53.0,72.0,3358,198.26,29768461717041
2009.0,3,,73.0,78.0,76.0,53.0,71.0,3390,199.22,30062793494567
2014.0,0,,72.0,76.0,76.0,52.0,71.0,2831,200.01,61395599179138
2014.0,1,,69.0,78.0,78.0,52.0,70.0,2800,199.62,32748912945800
2014.0,2,,72.0,80.0,80.0,53.0,72.0,3204,198.07,29769582776428
2014.0,3,,73.0,78.0,78.0,53.0,71.0,3385,199.03,30063920018188
2019.0,0,,71.0,76.0,76.0,52.0,71.0,2937,199.99,61396731096435
2020.0,1,,69.0,78.0,78.0,51.0,70.0,2736,199.47,32750041927368
2020.0,2,,72.0,80.0,80.0,53.0,72.0,3106,198.11,29770704063232
2020.0,3,,73.0,78.0,78.0,53.0,71.0,3391,199.04,30065046587646
2025.0,0,,70.0,76.0,76.0,53.0,71.0,2913,199.54,61397862460083
2025.0,1,,70.0,78.0,78.0,52.0,70.0,2700,199.97,32751173749511
2025.0,2,,70.0,80.0,80.0,53.0,71.0,3335,197.32,29771822890991
2026.0,3,,73.0,76.0,78.0,53.0,71.0,3389,198.63,30066172812500
2031.0,0,,70.0,76.0,76.0,52.0,71.0,2988,200.03,61398994604248
2031.0,1,,70.0,78.0,78.0,52.0,70.0,2799,199.45,32752304643249
2031.0,2,,70.0,80.0,80.0,53.0,71.0,3191,198.16,29772944473632
2031.0,3,,73.0,76.0,78.0,53.0,71.0,3384,198.91,30067296656677
2036.0,0,,72.0,76.0,76.0,52.0,71.0,2810,200.09,61400127115905
2037.0,1,,69.0,78.0,78.0,52.0,69.0,2810,199.35,32753432937927
2037.0,2,,72.0,80.0,80.0,53.0,72.0,3100,197.58,29774060772644
2037.0,3,,73.0,78.0,78.0,53.0,71.0,3394,198.57,30068420566040
2042.0,0,,71.0,76.0,76.0,52.0,71.0,2980,200.29,61401258751770
2042.0,1,,71.0,78.0,78.0,51.0,70.0,2799,199.64,32754562887084
2042.0,2,,72.0,80.0,80.0,53.0,72.0,3294,197.62,29775181298400
2043.0,3,,71.0,76.0,78.0,52.0,71.0,3389,198.27,30069544761840
2048.0,0,,71.0,76.0,76.0,52.0,71.0,2913,199.68,61402390960510
2048.0,1,,70.0,78.0,78.0,51.0,69.0,2806,200.04,32755695125000
2048.0,2,,72.0,80.0,80.0,53.0,72.0,3283,197.67,29776300100280
2048.0,3,,72.0,78.0,78.0,53.0,71.0,3390,198.25,30070666850036
2053.0,0,,69.0,76.0,76.0,51.0,70.0,2867,200.17,61403525938781
2054.0,1,,70.0,78.0,78.0,52.0,70.0,2798,199.08,32756823902343
2054.0,2,,72.0,80.0,80.0,53.0,72.0,3114,197.12,29777417743469
2054.0,3,,72.0,78.0,78.0,53.0,70.0,3390,197.87,30071788773559
2059.0,0,,69.0,76.0,76.0,52.0,71.0,2979,199.21,61404655444824
2059.0,1,,70.0,78.0,78.0,52.0,70.0,2776,199.07,32757950643371
2059.0,2,,72.0,80.0,80.0,54.0,72.0,3167,196.83,29778531789428
2060.0,3,,73.0,78.0,78.0,53.0,71.0,3387,197.70,30072909736389
2065.0,0,,71.0,76.0,76.0,52.0,71.0,2818,200.41,61405789762207
2065.0,1,,71.0,78.0,78.0,51.0,70.0,2723,199.00,32759078957824
2065.0,2,,72.0,80.0,80.0,53.0,72.0,3237,196.76,29779645438598
2065.0,3,,72.0,78.0,78.0,53.0,71.0,3388,198.84,30074033184204
2070.0,0,,71.0,76.0,76.0,52.0,70.0,3034,199.59,61406919414978
2071.0,1,,70.0,78.0,78.0,52.0,70.0,2807,199.40,32760207553955
2071.0,2,,72.0,80.0,80.0,53.0,72.0,3131,196.43,29780759199890
2071.0,3,,73.0,76.0,78.0,53.0,71.0,3385,197.67,30075153984436
2076.0,0,,71.0,76.0,76.0,52.0,71.0,2860,199.85,61408050562255
2076.0,1,,70.0,78.0,78.0,52.0,70.0,2754,199.23,32761335179626
2076.0,2,,73.0,80.0,80.0,53.0,72.0,3298,196.90,29781873643859
2077.0,3,,73.0,78.0,76.0,53.0,71.0,3381,197.89,30076274029296
2082.0,0,,67.0,74.0,74.0,51.0,69.0,2881,196.17,61409162845581
2082.0,1,,66.0,76.0,76.0,50.0,67.0,2796,192.22,32762425054077
2082.0,2,,68.0,78.0,78.0,52.0,70.0,3142,187.83,29782938665283
2082.0,3,,67.0,76.0,74.0,51.0,69.0,3394,186.19,30077331609802
2087.0,0,81.79,70.0,74.0,74.0,51.0,69.0,2627,121.24,61409850281127
2088.0,1,81.96,69.0,78.0,78.0,50.0,68.0,2366,122.43,32763117984497
2088.0,2,81.89,70.0,80.0,80.0,52.0,70.0,2729,122.60,29783632576782
2088.0,3,82.11,71.0,76.0,76.0,52.0,69.0,2764,126.17,30078043223022
2093.0,0,,71.0,76.0,76.0,52.0,71.0,2282,199.94,61410979953674
2093.0,1,,70.0,78.0,78.0,51.0,70.0,2123,200.06,32764248338500
2093.0,2,,72.0,80.0,80.0,53.0,72.0,2517,199.89,29784761952148
2093.0,3,,71.0,76.0,76.0,53.0,71.0,2519,199.83,30079172278503
2099.0,0,,72.0,76.0,76.0,52.0,71.0,2642,200.11,61412106549804
2099.0,1,,71.0,78.0,78.0,52.0,70.0,2419,199.55,32765373810791
2099.0,2,,73.0,80.0,80.0,53.0,72.0,2962,200.09,29785888452758
2099.0,3,,73.0,76.0,76.0,53.0,71.0,3033,199.89,30080299672912
2104.0,0,,70.0,76.0,74.0,52.0,71.0,2782,200.03,61413236711425
2104.0,1,,71.0,78.0,78.0,52.0,70.0,2749,200.17,32766504769104
2105.0,2,,72.0,80.0,80.0,53.0,72.0,3161,199.87,29787019741821
2105.0,3,,71.0,78.0,76.0,53.0,71.0,3333,199.95,30081429402038
2110.0,0,,71.0,76.0,76.0,52.0,71.0,3025,199.74,61414367221496
2110.0,1,,70.0,78.0,78.0,51.0,70.0,2800,199.89,32767636156250
2110.0,2,,71.0,80.0,80.0,53.0,72.0,3351,199.87,29788151029113
2110.0,3,,73.0,76.0,78.0,53.0,72.0,3378,199.84,30082562506652
2116.0,0,,71.0,76.0,76.0,52.0,71.0,2967,200.05,61415499501647
2116.0,1,,70.0,78.0,78.0,51.0,69.0,2810,199.78,32768766910217
2116.0,2,,72.0,80.0,80.0,53.0,72.0,3383,199.74,29789281572692
2116.0,3,,72.0,78.0,78.0,53.0,71.0,3386,200.02,30083692630981
2121.0,0,,71.0,76.0,76.0,52.0,71.0,2813,200.10,61416630042846
2121.0,1,,70.0,78.0,78.0,52.0,70.0,2802,200.27,32769898422363
2122.0,2,,72.0,80.0,80.0,53.0,72.0,3174,199.44,29790408416870
2122.0,3,,73.0,78.0,76.0,53.0,71.0,3385,199.87,30084823906616
2127.0,0,,72.0,76.0,76.0,52.0,71.0,2847,199.86,61417759239685
2127.0,1,,70.0,78.0,78.0,52.0,70.0,2805,200.00,32771028419189
2127.0,2,,73.0,80.0,80.0,53.0,72.0,3123,198.77,29791531439270
2127.0,3,,73.0,76.0,78.0,53.0,71.0,3388,199.64,30085951889770
2133.0,0,,71.0,76.0,76.0,52.0,70.0,3055,199.98,61418891119323
2133.0,1,,70.0,78.0,78.0,51.0,69.0,2799,199.80,32772159307983
2133.0,2,,72.0,80.0,80.0,53.0,72.0,3340,199.13,29792658533630
2133.0,3,,72.0,78.0,78.0,53.0,71.0,3382,199.34,30087080174438
2138.0,0,,70.0,76.0,76.0,52.0,70.0,2852,200.05,61420023376708
2138.0,1,,70.0,78.0,78.0,51.0,70.0,2800,200.17,32773292250976
2139.0,2,,71.0,80.0,80.0,53.0,72.0,3265,198.70,29793783168701
2139.0,3,,73.0,76.0,78.0,53.0,71.0,3393,199.68,30088210347534
2144.0,0,,71.0,76.0,76.0,52.0,71.0,2857,199.66,61421153473022
2144.0,1,,68.0,78.0,78.0,51.0,69.0,2804,199.93,32774421840881
2144.0,2,,72.0,80.0,80.0,53.0,72.0,3095,198.46,29794902465087
2144.0,3,,72.0,78.0,76.0,52.0,71.0,3383,199.45,30089335249267
2150.0,0,,71.0,76.0,76.0,52.0,71.0,2997,200.11,61422282097900
2150.0,1,,70.0,78.0,78.0,52.0,70.0,2794,199.85,32775550980712
2150.0,2,,72.0,80.0,80.0,53.0,72.0,3182,198.09,29796023665344
2150.0,3,,73.0,78.0,78.0,53.0,71.0,3384,199.63,30090463158081
2155.0,0,,71.0,76.0,76.0,52.0,71.0,2821,199.77,61423412807067
2155.0,1,,70.0,78.0,78.0,52.0,70.0,2810,199.72,32776681406738
2156.0,2,,72.0,80.0,80.0,53.0,72.0,3309,198.16,29797145247985
2156.0,3,,73.0,78.0,78.0,53.0,71.0,3383,199.02,30091589613159
2161.0,0,100.00,71.0,76.0,76.0,52.0,71.0,3024,200.35,61424544762207
2161.0,1,,70.0,78.0,78.0,52.0,69.0,2801,199.81,32777810307312
2161.0,2,,73.0,80.0,80.0,53.0,72.0,3141,197.96,29798263715698
2161.0,3,,72.0,78.0,78.0,53.0,71.0,3394,198.71,30092714338867
2167.0,0,,71.0,76.0,76.0,52.0,71.0,2937,199.96,61425676560363
2167.0,1,,70.0,78.0,78.0,52.0,69.0,2810,199.68,32778940489562
2167.0,2,,72.0,80.0,80.0,53.0,72.0,3224,198.06,29799384760070
2167.0,3,,70.0,76.0,78.0,52.0,70.0,3393,199.21,30093841863464
2172.0,0,,71.0,76.0,76.0,52.0,71.0,2819,199.46,61426807474121
2172.0,1,,70.0,78.0,78.0,52.0,70.0,2651,199.54,32780069903625
2173.0,2,,72.0,80.0,80.0,53.0,72.0,3296,198.07,29800505833923
2173.0,3,,73.0,78.0,78.0,53.0,70.0,3382,198.47,30094965183410
2178.0,0,,69.0,76.0,76.0,52.0,71.0,3040,200.20,61427940623779
2178.0,1,,71.0,78.0,78.0,52.0,70.0,2785,199.60,32781201627929
2178.0,2,,72.0,80.0,80.0,53.0,72.0,3113,197.26,29801624302490
2178.0,3,,71.0,78.0,78.0,53.0,71.0,3386,198.33,30096089732543
2184.0,0,,71.0,76.0,76.0,52.0,71.0,2839,199.90,61429074052978
2184.0,1,,70.0,78.0,78.0,51.0,69.0,2805,199.53,32782332936279
2184.0,2,,72.0,80.0,80.0,53.0,72.0,3103,197.21,29802742503051
2184.0,3,,73.0,78.0,78.0,53.0,71.0,3389,198.38,30097214532165
2189.0,0,,71.0,76.0,76.0,52.0,71.0,2963,200.30,61430207734313
2189.0,1,,69.0,78.0,78.0,52.0,69.0,2796,199.27,32783462800842
2190.0,2,,72.0,80.0,80.0,53.0,72.0,3327,198.01,29803863212890
2190.0,3,,73.0,78.0,78.0,53.0,71.0,3392,198.95,30098340597412
2195.0,0,,71.0,76.0,76.0,52.0,71.0,2928,199.84,61431338827880
2195.0,1,,70.0,78.0,78.0,52.0,70.0,2811,199.83,32784591846679
2195.0,2,,72.0,80.0,80.0,53.0,72.0,3234,197.03,29804978407897
2195.0,3,,73.0,78.0,78.0,53.0,71.0,3381,197.96,30099461033630
2201.0,0,,71.0,76.0,76.0,52.0,71.0,2878,200.06,61432473186706
2201.0,1,,70.0,78.0,78.0,52.0,69.0,2795,198.85,32785719312927
2201.0,2,,72.0,80.0,80.0,53.0,72.0,3101,197.65,29806099098388
2201.0,3,,70.0,76.0,78.0,52.0,70.0,3386,198.89,30100588719726
2206.0,0,,69.0,76.0,76.0,51.0,70.0,2964,199.94,61433606843139
2206.0,1,,70.0,78.0,78.0,51.0,70.0,2764,199.39,32786849860534
2207.0,2,,72.0,80.0,80.0,54.0,73.0,3219,197.38,29807218246459
2207.0,3,,71.0,76.0,78.0,52.0,70.0,3389,197.17,30101706653564
2212.0,0,,71.0,76.0,76.0,52.0,71.0,2813,199.58,61434736442260
2212.0,1,,70.0,78.0,78.0,51.0,69.0,2781,199.24,32787975546386
2212.0,2,,72.0,80.0,80.0,53.0,72.0,3220,196.54,29808328684204
2212.0,3,,73.0,78.0,78.0,53.0,71.0,3392,198.44,30102825880859
2218.0,0,,70.0,76.0,76.0,53.0,71.0,3002,199.91,61435865959960
2218.0,1,,70.0,78.0,78.0,52.0,70.0,2809,200.00,32789107526611
2218.0,2,,71.0,80.0,80.0,53.0,71.0,3102,197.54,29809446783447
2218.0,3,,72.0,78.0,78.0,53.0,71.0,3388,197.83,30103947556030
2223.0,0,,71.0,76.0,76.0,52.0,71.0,2894,199.62,61436997826049
2223.0,1,,70.0,78.0,78.0,51.0,70.0,2797,198.76,32790234467834
2223.0,2,,72.0,80.0,80.0,54.0,72.0,3254,196.58,29810561389038
2224.0,3,,73.0,78.0,78.0,53.0,71.0,3390,197.69,30105066478393
2229.0,0,,67.0,74.0,74.0,51.0,69.0,2879,193.50,61438093041992
2229.0,1,,66.0,76.0,76.0,50.0,67.0,2805,189.45,32791308677368
2229.0,2,,68.0,78.0,78.0,52.0,70.0,3365,185.34,29811612286682
2229.0,3,,68.0,74.0,74.0,51.0,68.0,3384,182.61,30106103701354
2235.0,0,,69.0,76.0,76.0,51.0,70.0,2615,133.94,61438852471374
2235.0,1,,68.0,78.0,78.0,51.0,68.0,2341,135.30,32792074451416
2235.0,2,,70.0,80.0,80.0,52.0,71.0,2788,135.70,29812380346252
2235.0,3,99.95,70.0,76.0,76.0,52.0,70.0,2708,138.68,30106887221496
2240.0,0,,71.0,74.0,76.0,52.0,71.0,2349,199.91,61439981966186
2240.0,1,,70.0,78.0,78.0,51.0,69.0,2170,199.85,32793201608642
2240.0,2,,72.0,80.0,80.0,53.0,72.0,2544,199.89,29813507752685
2241.0,3,,72.0,76.0,76.0,53.0,70.0,2651,199.81,30108014175476
2246.0,0,,65.0,72.0,72.0,50.0,67.0,2501,119.75,61440657328247
2246.0,1,,65.0,72.0,74.0,49.0,66.0,2275,116.51,32793859905944
2246.0,2,,66.0,76.0,76.0,50.0,68.0,2697,111.78,29814139322875
2246.0,3,,66.0,72.0,74.0,50.0,67.0,2799,109.62,30108634616760
2251.0,0,,65.0,70.0,70.0,49.0,67.0,1929,95.83,61441199739562
2252.0,1,,64.0,72.0,72.0,49.0,65.0,1780,94.66,32794395702941
2252.0,2,,66.0,74.0,74.0,50.0,67.0,2119,91.90,29814659504577
2252.0,3,,66.0,72.0,72.0,50.0,67.0,2120,92.76,30109159613342
2257.0,0,,65.0,70.0,70.0,49.0,66.0,1632,95.54,61441740474487
2257.0,1,,64.0,72.0,72.0,48.0,65.0,1506,94.42,32794930117370
2257.0,2,,65.0,74.0,74.0,50.0,67.0,1791,91.34,29815176462463
2258.0,3,,66.0,70.0,70.0,49.0,67.0,1770,92.61,30109683788391
2263.0,0,,65.0,70.0,70.0,49.0,67.0,1484,95.45,61442280735229
2263.0,1,,64.0,72.0,72.0,48.0,66.0,1473,94.26,32795463606567
2263.0,2,,66.0,72.0,74.0,50.0,67.0,1675,91.14,29815693200195
2263.0,3,,66.0,70.0,70.0,49.0,67.0,1696,92.45,30110207995422
2268.0,0,,65.0,70.0,68.0,49.0,67.0,1473,95.34,61442821338928
2269.0,1,,64.0,70.0,70.0,48.0,66.0,1473,94.19,32795997637573
2269.0,2,,65.0,72.0,72.0,50.0,68.0,1676,91.27,29816209788757
2269.0,3,,66.0,70.0,70.0,50.0,67.0,1675,92.53,30110731716064
2274.0,0,,65.0,68.0,68.0,49.0,67.0,1473,95.62,61443362521179
2274.0,1,,64.0,70.0,70.0,49.0,65.0,1474,94.35,32796531654296
2274.0,2,,65.0,72.0,72.0,50.0,67.0,1685,91.38,29816727015380
2275.0,3,,66.0,70.0,70.0,50.0,67.0,1675,92.72,30111256498901
2280.0,0,,65.0,68.0,68.0,49.0,67.0,1644,95.56,61443903364318
2280.0,1,,64.0,70.0,70.0,49.0,66.0,1464,94.24,32797065036437
2280.0,2,,66.0,72.0,72.0,50.0,67.0,1675,91.26,29817243555725
2280.0,3,,66.0,70.0,70.0,50.0,67.0,1675,92.55,30111780352355
2285.0,0,,65.0,68.0,68.0,49.0,67.0,1632,95.39,61444443268432
2286.0,1,,64.0,70.0,70.0,49.0,66.0,1473,94.02,32797597184020
2286.0,2,,66.0,72.0,72.0,50.0,67.0,1675,91.05,29817758887634
2286.0,3,,66.0,70.0,70.0,50.0,67.0,1674,92.19,30112303089355
2291.0,0,,65.0,68.0,68.0,49.0,67.0,1483,95.10,61444982462585
2291.0,1,,64.0,70.0,70.0,49.0,65.0,1471,93.84,32798129262573
2291.0,2,,66.0,72.0,72.0,50.0,67.0,1682,90.91,29818275256835
2292.0,3,,66.0,70.0,70.0,50.0,67.0,1681,92.44,30112827199951
2297.0,0,,65.0,68.0,68.0,49.0,67.0,1502,95.04,61445522265197
2297.0,1,,64.0,70.0,70.0,49.0,66.0,1471,93.63,32798661093811
2297.0,2,100.00,65.0,72.0,72.0,50.0,67.0,1672,91.03,29818791415771
2297.0,3,,66.0,68.0,68.0,50.0,67.0,1674,92.24,30113350196166
2302.0,0,,65.0,68.0,68.0,49.0,67.0,1653,95.56,61446063118286
2303.0,1,,64.0,70.0,70.0,49.0,65.0,1462,94.03,32799193331481
2303.0,2,,65.0,72.0,72.0,50.0,67.0,1673,91.19,29819308438476
2303.0,3,,66.0,68.0,70.0,50.0,67.0,1683,92.46,30113874422546
2308.0,0,,65.0,68.0,68.0,49.0,67.0,1587,95.52,61446604691345
2308.0,1,,64.0,70.0,70.0,49.0,66.0,1472,94.03,32799726506225
2308.0,2,,65.0,72.0,72.0,50.0,67.0,1674,91.48,29819826240661
2309.0,3,,66.0,68.0,68.0,50.0,67.0,1675,92.75,30114399386596
2314.0,0,,65.0,68.0,68.0,49.0,67.0,1495,95.61,61447145848754
2314.0,1,,64.0,70.0,70.0,48.0,65.0,1473,94.42,32800261863525
2314.0,2,,66.0,72.0,70.0,50.0,67.0,1674,91.68,29820345153747
2314.0,3,,66.0,68.0,70.0,50.0,67.0,1674,92.69,30114924962036
2319.0,0,,65.0,68.0,68.0,49.0,67.0,1526,95.48,61447687217285
2320.0,1,,64.0,70.0,70.0,49.0,65.0,1463,94.56,32800797084777
2320.0,2,,66.0,72.0,72.0,50.0,67.0,1675,91.40,29820863365478
2320.0,3,,66.0,70.0,70.0,50.0,67.0,1676,92.94,30115450044921
2325.0,0,,65.0,68.0,68.0,49.0,67.0,1654,95.68,61448228776794
2325.0,1,,64.0,70.0,70.0,48.0,65.0,1463,94.38,32801331285461
2325.0,2,,66.0,72.0,72.0,50.0,67.0,1685,91.62,29821381931335
2326.0,3,,66.0,70.0,68.0,50.0,67.0,1780,92.73,30115975815002
2331.0,0,,65.0,68.0,68.0,49.0,67.0,1547,95.62,61448769972351
2331.0,1,,64.0,70.0,70.0,49.0,65.0,1473,94.36,32801865336303
2331.0,2,,65.0,72.0,70.0,50.0,68.0,1675,91.53,29821900015197
2331.0,3,,66.0,70.0,70.0,50.0,67.0,1695,92.69,30116500429504
2336.0,0,,65.0,68.0,68.0,49.0,67.0,1483,95.57,61449311835388
2337.0,1,,64.0,70.0,70.0,48.0,65.0,1462,94.21,32802399534790
2337.0,2,,66.0,72.0,72.0,50.0,68.0,1674,91.30,29822417666931
2337.0,3,,66.0,68.0,70.0,50.0,67.0,1674,92.61,30117025546386
2342.0,0,,65.0,68.0,68.0,49.0,67.0,1568,95.80,61449854089904
2342.0,1,,64.0,70.0,70.0,49.0,66.0,1473,94.59,32802934900695
2342.0,2,,66.0,72.0,72.0,50.0,67.0,1674,91.44,29822935224975
2343.0,3,,66.0,68.0,70.0,50.0,67.0,1674,92.88,30117551241394
2348.0,0,,65.0,68.0,68.0,49.0,67.0,1664,95.69,61450395707946
2348.0,1,,64.0,70.0,70.0,49.0,66.0,1463,94.68,32803470814575
2348.0,2,,65.0,72.0,72.0,50.0,67.0,1675,91.47,29823452958801
2348.0,3,,66.0,68.0,70.0,50.0,67.0,1686,92.98,30118077509948
2353.0,0,,65.0,68.0,68.0,49.0,67.0,1495,95.45,61450935979187
2354.0,1,,64.0,70.0,70.0,49.0,66.0,1474,94.25,32804004261718
2354.0,2,,66.0,72.0,72.0,50.0,67.0,1675,91.38,29823970184387
2354.0,3,,66.0,70.0,68.0,50.0,67.0,1748,92.65,30118602815612
2359.0,0,,65.0,68.0,68.0,50.0,67.0,1473,95.50,61451477468139
2359.0,1,,64.0,70.0,70.0,49.0,65.0,1462,94.33,32804539099121
2359.0,2,,66.0,72.0,72.0,50.0,67.0,1674,91.55,29824489276977
2360.0,3,,66.0,68.0,68.0,50.0,67.0,1706,92.99,30119129136779
2365.0,0,,65.0,68.0,68.0,49.0,67.0,1588,95.74,61452020287231
2365.0,1,,64.0,70.0,70.0,49.0,66.0,1472,94.55,32805075169799
2365.0,2,,66.0,72.0,72.0,50.0,67.0,1684,91.63,29825008820983
2365.0,3,,66.0,68.0,68.0,50.0,67.0,1685,92.74,30119654978149
2370.0,0,,69.0,72.0,72.0,52.0,70.0,1729,155.21,61452897206176
2371.0,1,,70.0,74.0,74.0,51.0,69.0,1560,157.29,32805963845031
2371.0,2,,72.0,76.0,76.0,53.0,71.0,1795,158.58,29825904778686
2371.0,3,,72.0,74.0,74.0,52.0,71.0,1838,161.89,30120569661193
2376.0,0,,67.0,70.0,72.0,51.0,69.0,2269,195.53,61454003911682
2376.0,1,,67.0,72.0,72.0,50.0,68.0,2181,192.51,32807055368469
2376.0,2,,68.0,74.0,74.0,52.0,70.0,2517,189.69,29826980336975
2377.0,3,,68.0,72.0,72.0,52.0,69.0,2694,187.15,30121632687805
2382.0,0,,65.0,68.0,68.0,50.0,67.0,2367,96.15,61454550043395
2382.0,1,,65.0,70.0,70.0,49.0,67.0,2230,94.98,32807594853759
2382.0,2,,67.0,72.0,72.0,50.0,68.0,2588,92.61,29827506365417
2382.0,3,,66.0,70.0,70.0,50.0,68.0,2716,94.41,30122167986511
2387.0,0,,65.0,70.0,70.0,49.0,67.0,1883,95.69,61455093557495
2388.0,1,,64.0,70.0,70.0,49.0,66.0,1757,94.99,32808132524597
2388.0,2,,66.0,72.0,72.0,50.0,67.0,2076,92.04,29828028207153
2388.0,3,,66.0,70.0,70.0,50.0,67.0,2087,92.98,30122695202697
2393.0,0,,65.0,68.0,68.0,49.0,67.0,1674,95.68,61455635119323
2393.0,1,,64.0,70.0,70.0,49.0,65.0,1515,94.44,32808667972290
2393.0,2,,66.0,72.0,72.0,50.0,67.0,1812,91.77,29828547626708
2394.0,3,,66.0,70.0,70.0,50.0,67.0,1833,92.90,30123221016906
2399.0,0,,65.0,68.0,68.0,49.0,67.0,1473,95.57,61456177025268
2399.0,1,,64.0,70.0,70.0,49.0,65.0,1483,94.48,32809203658020
2399.0,2,,66.0,72.0,72.0,50.0,67.0,1696,91.64,29829066296752
2399.0,3,,66.0,70.0,70.0,50.0,67.0,1707,92.63,30123745282043
2404.0,0,,65.0,68.0,68.0,49.0,67.0,1463,95.59,61456718063598
2405.0,1,,64.0,70.0,70.0,49.0,66.0,1475,94.57,32809737969604
2405.0,2,,66.0,72.0,72.0,50.0,67.0,1676,91.52,29829584272705
2405.0,3,,66.0,70.0,68.0,50.0,67.0,1687,92.58,30124269264099
2410.0,0,,65.0,68.0,68.0,49.0,67.0,1580,95.68,61457259586975
2410.0,1,,64.0,70.0,70.0,49.0,65.0,1462,94.46,32810273537048
2410.0,2,,66.0,72.0,72.0,50.0,67.0,1674,91.44,29830102763793
2411.0,3,,66.0,68.0,68.0,50.0,67.0,1684,92.41,30124793211059
2416.0,0,,65.0,68.0,68.0,49.0,67.0,1662,95.83,61457801977172
2416.0,1,,65.0,70.0,70.0,49.0,66.0,1472,94.54,32810808643859
2416.0,2,,66.0,72.0,72.0,50.0,67.0,1684,91.70,29830621801818
2416.0,3,,66.0,68.0,70.0,50.0,67.0,1673,92.40,30125317118225
2421.0,0,,65.0,68.0,68.0,49.0,67.0,1525,95.53,61458343641784
2422.0,1,,64.0,70.0,70.0,49.0,66.0,1462,94.51,32811344508789
2422.0,2,,66.0,72.0,72.0,50.0,67.0,1673,91.59,29831141122314
2422.0,3,,66.0,70.0,68.0,50.0,68.0,1683,92.66,30125841572814
2427.0,0,,65.0,68.0,68.0,49.0,67.0,1483,95.58,61458885553100
2427.0,1,,64.0,70.0,70.0,49.0,66.0,1473,94.42,32811879879577
2427.0,2,,65.0,72.0,72.0,50.0,67.0,1674,91.59,29831660461242
2428.0,3,,66.0,70.0,68.0,50.0,67.0,1675,92.51,30126366086059
2433.0,0,,65.0,68.0,68.0,49.0,67.0,1621,95.83,61459427966247
2433.0,1,,65.0,70.0,70.0,49.0,66.0,1473,94.56,32812415074157
2433.0,2,,65.0,72.0,72.0,50.0,67.0,1674,91.67,29832179334106
2433.0,3,,66.0,70.0,68.0,50.0,68.0,1674,92.62,30126890312561
2438.0,0,,65.0,68.0,68.0,49.0,67.0,1643,95.71,61459969669250
2439.0,1,,64.0,70.0,70.0,49.0,66.0,1463,94.53,32812950106140
2439.0,2,,66.0,72.0,70.0,50.0,67.0,1684,91.55,29832698406982
2439.0,3,,66.0,68.0,68.0,50.0,67.0,1758,92.62,30127415494506
2444.0,0,,65.0,68.0,68.0,49.0,67.0,1495,95.46,61460510940307
2444.0,1,,65.0,70.0,70.0,49.0,66.0,1473,94.47,32813485770507
2444.0,2,,66.0,72.0,72.0,50.0,67.0,1675,91.72,29833217519836
2445.0,3,,66.0,68.0,68.0,50.0,67.0,1771,92.67,30127939986328
2450.0,0,,65.0,68.0,68.0,49.0,67.0,1494,95.60,61461052048217
2450.0,1,,64.0,70.0,70.0,49.0,65.0,1462,94.12,32814018492309
2450.0,2,,66.0,72.0,72.0,50.0,67.0,1674,91.29,29833734238220
2450.0,3,,66.0,68.0,68.0,50.0,67.0,1684,92.30,30128462405456
2455.0,0,,65.0,68.0,68.0,49.0,67.0,1652,95.40,61461592979125
2456.0,1,,64.0,70.0,70.0,49.0,65.0,1472,93.85,32814550602478
2456.0,2,,66.0,72.0,72.0,50.0,67.0,1673,91.07,29834250628662
2456.0,3,,66.0,68.0,70.0,50.0,67.0,1674,92.05,30128984322998
2461.0,0,,65.0,68.0,68.0,49.0,67.0,1622,95.56,61462133847290
2461.0,1,,64.0,70.0,70.0,49.0,65.0,1464,94.20,32815083756530
2461.0,2,,66.0,72.0,72.0,50.0,67.0,1677,91.40,29834767965515
2461.0,3,,66.0,70.0,68.0,50.0,67.0,1773,92.56,30129507306457
2467.0,0,,65.0,68.0,68.0,49.0,67.0,1497,95.70,61462674572021
2467.0,1,,65.0,70.0,70.0,49.0,66.0,1465,94.61,32815618283447
2467.0,2,,66.0,70.0,72.0,50.0,67.0,1675,91.67,29835286829345
2467.0,3,,66.0,68.0,68.0,50.0,67.0,1696,92.53,30130031957458
2472.0,0,,65.0,68.0,68.0,49.0,67.0,1547,95.59,61463216587585
2473.0,1,100.00,65.0,70.0,70.0,49.0,66.0,1473,94.48,32816153967224
2473.0,2,,66.0,72.0,72.0,50.0,68.0,1675,91.71,29835805909973
2473.0,3,,66.0,70.0,68.0,50.0,67.0,1685,92.65,30130556355590
2478.0,0,,65.0,68.0,68.0,49.0,67.0,1664,95.93,61463759546203
2478.0,1,,65.0,68.0,70.0,49.0,66.0,1462,94.76,32816690290222
2478.0,2,,66.0,72.0,72.0,50.0,67.0,1686,91.91,29836326134704
2478.0,3,,66.0,70.0,70.0,50.0,67.0,1675,92.88,30131082071655
2484.0,0,,65.0,68.0,68.0,49.0,67.0,1526,95.90,61464302329895
2484.0,1,,64.0,70.0,70.0,49.0,66.0,1465,94.71,32817226335144
2484.0,2,,66.0,72.0,72.0,50.0,68.0,1683,91.99,29836844965087
2484.0,3,,66.0,70.0,70.0,50.0,67.0,1775,92.95,30131604431884
2489.0,0,,65.0,68.0,68.0,49.0,67.0,1548,96.04,61464842048645
2489.0,1,,64.0,70.0,70.0,49.0,66.0,1471,94.49,32817758288635
2490.0,2,,66.0,72.0,72.0,50.0,67.0,1677,91.85,29837363929138
2490.0,3,,66.0,68.0,68.0,50.0,67.0,1766,92.93,30132131334106
2495.0,0,,65.0,68.0,68.0,49.0,67.0,1588,95.26,61465383101379
2495.0,1,,64.0,70.0,70.0,49.0,66.0,1461,94.17,32818291302856
2495.0,2,,66.0,72.0,72.0,50.0,67.0,1674,91.19,29837880986938
2495.0,3,,66.0,68.0,68.0,50.0,67.0,1685,92.41,30132654353454
2501.0,0,,65.0,68.0,68.0,49.0,67.0,1484,95.62,61465924295043
2501.0,1,,68.0,72.0,70.0,50.0,67.0,1473,94.58,32818827560791
2501.0,2,,70.0,74.0,74.0,52.0,70.0,1677,94.95,29838417460571
2501.0,3,,70.0,72.0,72.0,51.0,69.0,1679,98.70,30133212016479
2506.0,0,,71.0,72.0,72.0,52.0,70.0,1849,198.32,61467044777465
2506.0,1,,70.0,74.0,74.0,52.0,70.0,1828,200.77,32819959903015
2507.0,2,,72.0,76.0,76.0,53.0,72.0,2081,200.10,29839548024047
2507.0,3,,72.0,74.0,74.0,53.0,71.0,2154,200.04,30134344234619
2512.0,0,,66.0,70.0,70.0,50.0,69.0,2459,152.86,61467909991394
2512.0,1,,65.0,72.0,72.0,50.0,67.0,2329,148.76,32820803343994
2512.0,2,,67.0,74.0,74.0,51.0,69.0,2741,145.50,29840373018920
2512.0,3,,67.0,70.0,70.0,51.0,68.0,2897,143.08,30135156934387
2518.0,0,,65.0,68.0,68.0,50.0,67.0,2210,96.61,61468457768371
2518.0,1,,65.0,70.0,70.0,49.0,66.0,2085,95.09,32821342521545
2518.0,2,,66.0,72.0,72.0,50.0,68.0,2318,92.46,29840897249694
2518.0,3,,66.0,70.0,70.0,50.0,67.0,2384,93.67,30135687079101
2523.0,0,,65.0,70.0,70.0,49.0,67.0,1771,95.88,61469000453186
2523.0,1,,64.0,70.0,70.0,49.0,66.0,1602,94.50,32821877396728
2524.0,2,,66.0,72.0,72.0,50.0,67.0,1963,91.83,29841416984191
2524.0,3,,66.0,70.0,70.0,50.0,67.0,1984,92.72,30136211897216
2529.0,0,,65.0,68.0,68.0,49.0,67.0,1686,95.58,61469541417907
2529.0,1,,64.0,70.0,70.0,49.0,66.0,1484,94.45,32822411994079
2529.0,2,,65.0,72.0,72.0,50.0,67.0,1781,91.63,29841935636962
2529.0,3,,66.0,68.0,70.0,49.0,67.0,1761,92.48,30136735328369
2535.0,0,,65.0,68.0,68.0,49.0,67.0,1465,95.36,61470081139343
2535.0,1,,64.0,70.0,70.0,49.0,66.0,1475,94.39,32822946231994
2535.0,2,,66.0,72.0,72.0,50.0,67.0,1697,91.42,29842453099609
2535.0,3,,66.0,68.0,68.0,50.0,67.0,1697,92.38,30137258224670
2540.0,0,,65.0,68.0,68.0,49.0,67.0,1495,95.44,61470621353759
2540.0,1,,64.0,70.0,70.0,49.0,66.0,1464,94.36,32823480312011
2541.0,2,,65.0,72.0,72.0,50.0,67.0,1677,91.58,29842970504821
2541.0,3,,66.0,70.0,68.0,50.0,67.0,1677,92.50,30137780870117
2546.0,0,,65.0,68.0,68.0,49.0,67.0,1645,95.76,61471162390686
2546.0,1,,64.0,70.0,70.0,49.0,66.0,1464,94.60,32824014785095
2546.0,2,,66.0,72.0,72.0,50.0,67.0,1676,91.56,29843488743041
2546.0,3,,66.0,68.0,68.0,50.0,67.0,1685,92.59,30138304925170
2552.0,0,,65.0,68.0,68.0,49.0,67.0,1589,95.29,61471702692810
2552.0,1,,64.0,70.0,70.0,49.0,66.0,1472,94.10,32824548337158
2552.0,2,,66.0,72.0,72.0,50.0,67.0,1672,91.35,29844006682434
2552.0,3,,66.0,70.0,68.0,50.0,67.0,1682,92.26,30138828975463
2557.0,0,,65.0,68.0,68.0,49.0,67.0,1480,95.01,61472241403015
2557.0,1,,64.0,70.0,70.0,49.0,66.0,1469,93.56,32825079733276
2558.0,2,,66.0,72.0,72.0,50.0,67.0,1681,90.86,29844522776367
2558.0,3,,66.0,70.0,70.0,50.0,67.0,1671,92.34,30139352531799
2563.0,0,,65.0,68.0,68.0,49.0,67.0,1470,94.82,61472779988037
2563.0,1,,65.0,70.0,70.0,49.0,65.0,1471,93.65,32825610703979
2563.0,2,,66.0,72.0,72.0,50.0,67.0,1682,90.96,29845038523803
2563.0,3,,66.0,70.0,70.0,50.0,67.0,1798,92.25,30139875571594
2569.0,0,,65.0,68.0,68.0,49.0,67.0,1650,95.08,61473319076416
2569.0,1,,65.0,70.0,70.0,49.0,66.0,1470,93.55,32826141114562
2569.0,2,,66.0,70.0,72.0,50.0,67.0,1671,90.78,29845554156311
2569.0,3,,66.0,68.0,70.0,50.0,67.0,1701,92.15,30140399009399
2574.0,0,,65.0,68.0,68.0,49.0,67.0,1648,94.90,61473858119567
2574.0,1,,64.0,70.0,70.0,49.0,66.0,1469,93.55,32826672494323
2575.0,2,,66.0,72.0,72.0,50.0,67.0,1680,90.87,29846070279113
2575.0,3,,66.0,68.0,68.0,50.0,67.0,1681,92.08,30140922035827
2580.0,0,,65.0,68.0,68.0,49.0,67.0,1500,95.01,61474397758605
2580.0,1,,64.0,70.0,70.0,49.0,66.0,1470,93.89,32827205776428
2580.0,2,,66.0,72.0,72.0,50.0,67.0,1682,91.09,29846586782104
2580.0,3,,66.0,68.0,70.0,50.0,67.0,1724,92.34,30141446534606
2586.0,0,,65.0,68.0,68.0,49.0,67.0,1471,95.97,61474941925598
2586.0,1,,64.0,70.0,70.0,49.0,66.0,1470,94.70,32827743676513
2586.0,2,,65.0,72.0,72.0,50.0,67.0,1681,91.79,29847108164550
2586.0,3,,66.0,68.0,70.0,50.0,67.0,1796,93.22,30141976037353
2591.0,0,,65.0,68.0,68.0,50.0,67.0,1617,96.03,61475487367370
2591.0,1,,64.0,70.0,70.0,49.0,66.0,1469,94.89,32828282630676
2592.0,2,,66.0,72.0,72.0,50.0,67.0,1680,91.80,29847629578918
2592.0,3,,66.0,68.0,68.0,50.0,67.0,1703,93.13,30142504105163
2597.0,0,,65.0,68.0,68.0,49.0,67.0,1660,95.85,61476031771789
2597.0,1,,64.0,70.0,70.0,49.0,66.0,1471,94.88,32828820593994
2597.0,2,,66.0,72.0,72.0,50.0,67.0,1673,91.83,29848150281494
2597.0,3,,66.0,68.0,68.0,50.0,67.0,1684,93.05,30143031689453
2603.0,0,,65.0,68.0,68.0,49.0,67.0,1505,96.00,61476575158935
2603.0,1,,64.0,70.0,70.0,49.0,66.0,1462,94.75,32829357800354
2603.0,2,,66.0,72.0,72.0,50.0,67.0,1672,91.87,29848671163940
2603.0,3,,66.0,70.0,70.0,50.0,67.0,1735,93.27,30143560522033
2608.0,0,,65.0,68.0,68.0,49.0,67.0,1513,95.83,61477119498474
2608.0,1,,65.0,70.0,70.0,49.0,66.0,1470,94.88,32829895756042
2609.0,2,,66.0,72.0,72.0,50.0,67.0,1681,91.92,29849192335205
2609.0,3,,66.0,70.0,68.0,50.0,67.0,1755,93.01,30144088817199
2614.0,0,,65.0,68.0,68.0,49.0,67.0,1649,96.07,61477664239990
2614.0,1,,64.0,70.0,70.0,49.0,66.0,1469,94.60,32830433060791
2614.0,2,,66.0,72.0,72.0,50.0,67.0,1682,91.69,29849713117004
2614.0,3,,66.0,68.0,70.0,50.0,67.0,1682,93.18,30144617138793
2620.0,0,,65.0,68.0,66.0,49.0,67.0,1630,95.17,61478203851074
2620.0,1,,64.0,70.0,70.0,49.0,66.0,1471,93.91,32830965525573
2620.0,2,,66.0,72.0,72.0,50.0,67.0,1672,91.04,29850229311645
2620.0,3,,66.0,70.0,70.0,50.0,67.0,1682,92.31,30145140549194
2625.0,0,,65.0,68.0,68.0,49.0,67.0,1503,94.87,61478741790222
2626.0,1,,64.0,70.0,68.0,49.0,66.0,1471,93.64,32831496491394
2626.0,2,,66.0,72.0,72.0,50.0,67.0,1674,90.83,29850744306579
2626.0,3,,66.0,70.0,68.0,50.0,67.0,1673,92.23,30145663480712
2631.0,0,,65.0,68.0,68.0,49.0,67.0,1472,94.87,61479279676818
2631.0,1,,65.0,70.0,70.0,49.0,66.0,1472,93.90,32832027984375
2631.0,2,,66.0,72.0,72.0,50.0,67.0,1683,90.98,29851260163024
2631.0,3,,66.0,70.0,70.0,50.0,67.0,1832,92.42,30146187498474
2637.0,0,97.07,70.0,72.0,72.0,51.0,70.0,1632,121.60,61479969168457
2637.0,1,96.75,69.0,74.0,74.0,51.0,68.0,1475,123.49,32832726938415
2637.0,2,96.84,71.0,74.0,76.0,52.0,71.0,1698,124.01,29851960843383
2637.0,3,96.84,70.0,72.0,72.0,52.0,70.0,1741,127.81,30146909648742
2642.0,0,,71.0,72.0,72.0,52.0,71.0,2073,200.14,61481097967468
2642.0,1,,71.0,74.0,74.0,52.0,70.0,1990,199.55,32833854412292
2643.0,2,,72.0,76.0,76.0,53.0,72.0,2257,199.85,29853087971130
2643.0,3,,72.0,74.0,74.0,53.0,72.0,2408,200.04,30148035853271
2648.0,0,,66.0,70.0,70.0,50.0,68.0,2413,123.27,61481794441833
2648.0,1,,65.0,70.0,70.0,50.0,66.0,2325,120.26,32834533862426
2648.0,2,,67.0,72.0,72.0,51.0,69.0,2746,115.73,29853742993713
2648.0,3,,66.0,70.0,70.0,50.0,68.0,2914,114.00,30148681070373
2654.0,0,,65.0,68.0,68.0,49.0,67.0,2045,95.60,61482335551513
2654.0,1,,65.0,70.0,70.0,49.0,66.0,1906,94.54,32835069926147
2654.0,2,,66.0,72.0,72.0,50.0,68.0,2180,91.66,29854262691162
2654.0,3,,66.0,70.0,70.0,50.0,67.0,2210,92.70,30149207613098
2659.0,0,,65.0,68.0,68.0,49.0,67.0,1692,95.28,61482876736511
2659.0,1,,64.0,70.0,70.0,49.0,65.0,1545,94.41,32835605230102
2660.0,2,,66.0,72.0,72.0,50.0,67.0,1926,91.54,29854781747497
2660.0,3,,66.0,70.0,70.0,50.0,67.0,1830,92.64,30149732857727
2665.0,0,,65.0,68.0,68.0,49.0,67.0,1577,95.15,61483416255615
2665.0,1,,65.0,70.0,70.0,49.0,65.0,1472,94.17,32836139153503
2665.0,2,,65.0,72.0,72.0,50.0,67.0,1715,91.34,29855299637695
2665.0,3,,66.0,70.0,70.0,50.0,67.0,1706,92.30,30150256216674
2671.0,0,,65.0,68.0,68.0,49.0,67.0,1494,95.14,61483954730468
2671.0,1,,64.0,70.0,70.0,49.0,65.0,1473,93.78,32836669965270
2671.0,2,,66.0,72.0,72.0,50.0,67.0,1685,91.05,29855814993225
2671.0,3,,66.0,68.0,68.0,50.0,67.0,1685,92.44,30150779453125
2676.0,0,,65.0,68.0,68.0,49.0,67.0,1484,95.20,61484493578613
2676.0,1,,64.0,70.0,70.0,49.0,65.0,1472,93.78,32837201669555
2677.0,2,,66.0,72.0,72.0,50.0,67.0,1673,90.98,29856330856689
2677.0,3,,66.0,70.0,68.0,49.0,67.0,1674,92.34,30151303026367
2682.0,0,,65.0,68.0,68.0,49.0,67.0,1653,95.16,61485033138000
2682.0,1,,64.0,70.0,70.0,49.0,66.0,1463,93.85,32837732881896
2682.0,2,,65.0,72.0,72.0,50.0,67.0,1686,91.05,29856846177856
2682.0,3,,66.0,68.0,68.0,50.0,67.0,1675,92.38,30151825891967
2688.0,0,,65.0,68.0,68.0,49.0,67.0,1674,95.38,61485572985168
2688.0,1,,64.0,70.0,70.0,49.0,65.0,1462,94.03,32838265112670
2688.0,2,,66.0,72.0,72.0,50.0,67.0,1674,91.05,29857361541198
2688.0,3,,66.0,70.0,70.0,50.0,67.0,1674,92.54,30152349676452
2693.0,0,,65.0,68.0,68.0,49.0,67.0,1505,95.05,61486111925659
2693.0,1,,64.0,70.0,70.0,49.0,66.0,1473,93.77,32838796770324
2694.0,2,,65.0,72.0,72.0,50.0,67.0,1685,90.88,29857876838684
2694.0,3,,66.0,70.0,70.0,50.0,67.0,1737,92.40,30152873603393
2699.0,0,,65.0,68.0,68.0,49.0,67.0,1473,95.30,61486651307678
2699.0,1,,64.0,70.0,70.0,49.0,65.0,1462,93.84,32839327882873
2699.0,2,,66.0,70.0,72.0,50.0,67.0,1674,90.97,29858391708251
2699.0,3,,66.0,70.0,70.0,50.0,67.0,1696,92.47,30153397002868
2705.0,0,,65.0,68.0,68.0,49.0,67.0,1622,95.31,61487190735656
2705.0,1,,65.0,70.0,70.0,49.0,66.0,1473,93.91,32839859390380
2705.0,2,,66.0,72.0,72.0,50.0,67.0,1675,91.02,29858906886718
2705.0,3,,66.0,70.0,70.0,50.0,67.0,1685,92.46,30153920333618
2710.0,0,,65.0,68.0,68.0,49.0,67.0,1589,95.18,61487730414367
2710.0,1,,64.0,70.0,68.0,49.0,66.0,1473,93.81,32840391316772
2711.0,2,,65.0,70.0,72.0,50.0,67.0,1675,90.84,29859421955810
2711.0,3,,66.0,70.0,68.0,50.0,67.0,1801,92.42,30154444327819
2716.0,0,,65.0,68.0,68.0,49.0,67.0,1484,95.34,61488270054809
2716.0,1,,64.0,70.0,70.0,49.0,66.0,1462,93.99,32840923286560
2716.0,2,,66.0,70.0,72.0,50.0,67.0,1673,91.06,29859937383483
2716.0,3,,66.0,70.0,68.0,50.0,67.0,1696,92.52,30154968017883
2722.0,0,,65.0,68.0,68.0,49.0,67.0,1590,95.50,61488810563415
2722.0,1,,64.0,70.0,70.0,48.0,66.0,1464,93.87,32841454567077
2722.0,2,,65.0,70.0,72.0,50.0,67.0,1676,90.95,29860452174621
2722.0,3,,66.0,70.0,70.0,50.0,67.0,1676,92.36,30155490764526
2727.0,0,,65.0,68.0,68.0,49.0,67.0,1666,95.32,61489350058166
2727.0,1,,64.0,70.0,70.0,49.0,65.0,1463,93.87,32841985889587
2728.0,2,,65.0,70.0,72.0,50.0,67.0,1675,91.07,29860967615356
2728.0,3,,66.0,70.0,70.0,50.0,67.0,1737,92.46,30156014990112
2733.0,0,,65.0,68.0,68.0,49.0,67.0,1546,95.22,61489889980102
2733.0,1,,64.0,68.0,70.0,49.0,66.0,1472,93.88,32842518178405
2733.0,2,,66.0,72.0,72.0,50.0,67.0,1684,90.92,29861483143066
2733.0,3,,66.0,70.0,68.0,50.0,67.0,1801,92.55,30156538836181
2739.0,0,,65.0,68.0,68.0,49.0,67.0,1483,95.36,61490429718688
2739.0,1,,64.0,70.0,70.0,49.0,65.0,1473,94.04,32843050458923
2739.0,2,,66.0,70.0,72.0,50.0,67.0,1675,91.10,29861998785888
2739.0,3,,66.0,68.0,68.0,50.0,67.0,1697,92.43,30157061962951
2744.0,0,,65.0,68.0,68.0,49.0,67.0,1612,95.24,61490969744628
2744.0,1,,64.0,70.0,68.0,49.0,66.0,1463,93.74,32843581953491
2745.0,2,,65.0,72.0,72.0,50.0,67.0,1674,90.92,29862514301025
2745.0,3,,66.0,70.0,68.0,50.0,67.0,1674,92.38,30157585764587
2750.0,0,,65.0,68.0,68.0,49.0,67.0,1631,95.49,61491510191955
2750.0,1,,64.0,70.0,70.0,49.0,66.0,1472,93.91,32844113511413
2750.0,2,,65.0,72.0,72.0,50.0,67.0,1673,91.11,29863030011047
2750.0,3,,66.0,70.0,68.0,50.0,67.0,1673,92.45,30158109963439
2756.0,0,,65.0,68.0,68.0,49.0,67.0,1492,95.43,61492051259643
2756.0,1,,65.0,70.0,70.0,49.0,65.0,1470,94.06,32844647797790
2756.0,2,,65.0,72.0,70.0,50.0,67.0,1672,90.99,29863546821838
2756.0,3,,66.0,70.0,70.0,50.0,67.0,1736,92.63,30158635194335
2761.0,0,,65.0,68.0,68.0,49.0,67.0,1483,95.37,61492591987182
2761.0,1,,64.0,70.0,68.0,49.0,66.0,1463,94.10,32845180387573
2762.0,2,,66.0,72.0,72.0,50.0,67.0,1674,91.14,29864062697265
2762.0,3,,66.0,70.0,70.0,50.0,67.0,1727,92.59,30159159249145
2767.0,0,,65.0,68.0,68.0,49.0,67.0,1652,95.52,61493133588928
2767.0,1,,64.0,70.0,70.0,49.0,66.0,1470,94.31,32845715135559
2767.0,2,,66.0,70.0,72.0,50.0,67.0,1682,91.29,29864581218688
2767.0,3,,66.0,70.0,70.0,50.0,67.0,1680,92.73,30159685967468
2773.0,0,97.21,69.0,72.0,72.0,51.0,69.0,1620,116.38,61493793440612
2773.0,1,97.44,68.0,72.0,74.0,51.0,68.0,1475,118.19,32846384087524
2773.0,2,97.24,69.0,76.0,76.0,52.0,70.0,1689,118.46,29865250518188
2773.0,3,97.33,71.0,72.0,72.0,52.0,70.0,1712,122.41,30160376334472
2778.0,0,,71.0,72.0,72.0,52.0,70.0,1997,199.91,61494922939147
2778.0,1,,71.0,74.0,74.0,52.0,70.0,1934,199.70,32847512380798
2779.0,2,100.00,71.0,76.0,76.0,53.0,72.0,2222,199.93,29866378113281
2779.0,3,,72.0,74.0,74.0,53.0,71.0,2393,199.58,30161503957763
2784.0,0,,69.0,72.0,72.0,52.0,70.0,2449,137.08,61495694716064
2784.0,1,,69.0,74.0,74.0,51.0,69.0,2322,136.22,32848280659790
2784.0,2,,72.0,76.0,76.0,53.0,71.0,2706,134.23,29867135144042
2784.0,3,,72.0,74.0,74.0,52.0,70.0,2919,135.15,30162264879089
2790.0,0,,72.0,74.0,74.0,52.0,71.0,2340,200.15,61496823563720
2790.0,1,,71.0,76.0,76.0,52.0,70.0,2294,200.27,32849410197631
2790.0,2,,73.0,78.0,78.0,53.0,72.0,2577,200.13,29868265893310
2790.0,3,,73.0,74.0,74.0,53.0,71.0,2776,200.07,30163397288146
2795.0,0,,66.0,70.0,70.0,50.0,68.0,2669,145.88,61497650691101
2795.0,1,,65.0,72.0,72.0,49.0,67.0,2552,142.11,32850215940185
2796.0,2,,67.0,74.0,74.0,51.0,69.0,2931,138.50,29869051204284
2796.0,3,,67.0,72.0,72.0,51.0,68.0,3088,136.00,30164169786560
2801.0,0,,65.0,68.0,68.0,49.0,67.0,2126,95.79,61498194763366
2801.0,1,,64.0,72.0,72.0,49.0,66.0,2008,94.68,32850753750488
2801.0,2,,66.0,74.0,74.0,50.0,68.0,2368,92.44,29869576260070
2801.0,3,,66.0,70.0,70.0,50.0,67.0,2294,93.36,30164699120605
2807.0,0,,65.0,68.0,68.0,49.0,67.0,1723,95.75,61498737677001
2807.0,1,,64.0,70.0,70.0,48.0,65.0,1533,94.21,32851288849487
2807.0,2,,66.0,72.0,72.0,50.0,67.0,1945,91.47,29870095813598
2807.0,3,,66.0,70.0,70.0,49.0,67.0,1913,92.98,30165227255004
2812.0,0,,65.0,68.0,68.0,49.0,67.0,1587,94.87,61499276544189
2812.0,1,,64.0,70.0,70.0,48.0,66.0,1471,93.98,32851821721740
2813.0,2,,66.0,72.0,72.0,50.0,67.0,1714,91.26,29870613244140
2813.0,3,,66.0,70.0,70.0,49.0,67.0,1682,92.38,30165751971557
2818.0,0,,65.0,68.0,68.0,49.0,67.0,1480,95.01,61499815241760
2818.0,1,,64.0,70.0,70.0,48.0,65.0,1470,93.72,32852354055114
2818.0,2,,66.0,72.0,72.0,50.0,67.0,1682,91.07,29871130506347
2818.0,3,,66.0,70.0,70.0,50.0,67.0,1692,92.54,30166276682006
2824.0,0,,65.0,68.0,68.0,49.0,67.0,1470,94.78,61500353588378
2824.0,1,,64.0,70.0,70.0,49.0,65.0,1470,93.62,32852884854370
2824.0,2,,65.0,72.0,72.0,50.0,67.0,1681,90.99,29871646442443
2824.0,3,,66.0,70.0,70.0,50.0,67.0,1671,92.33,30166801088439
2829.0,0,,65.0,68.0,68.0,49.0,67.0,1576,95.16,61500893172119
2829.0,1,,64.0,70.0,70.0,49.0,66.0,1470,93.49,32853415879577
2830.0,2,,66.0,72.0,72.0,50.0,67.0,1682,90.82,29872162287780
2830.0,3,,66.0,70.0,70.0,50.0,67.0,1682,92.49,30167325488037
2835.0,0,,65.0,68.0,68.0,49.0,67.0,1661,94.88,61501432088684
2835.0,1,,64.0,70.0,70.0,49.0,65.0,1471,93.60,32853946571777
2835.0,2,,66.0,72.0,72.0,50.0,67.0,1672,90.89,29872677656982
2835.0,3,,66.0,70.0,70.0,50.0,67.0,1672,92.41,30167849445007
2841.0,0,,65.0,68.0,68.0,49.0,67.0,1555,94.97,61501970571960
2841.0,1,,64.0,70.0,70.0,49.0,66.0,1471,93.70,32854477838623
2841.0,2,,65.0,72.0,72.0,50.0,67.0,1681,90.83,29873193597290
2841.0,3,,66.0,70.0,70.0,50.0,67.0,1713,92.40,30168374269042
2846.0,0,,65.0,68.0,68.0,49.0,67.0,1482,95.32,61502511053222
2846.0,1,,64.0,70.0,70.0,49.0,66.0,1472,93.60,32855008546386
2847.0,2,,66.0,72.0,72.0,50.0,68.0,1675,91.07,29873709032165
2847.0,3,,66.0,70.0,70.0,50.0,67.0,1718,92.44,30168897464355
2852.0,0,,65.0,68.0,68.0,49.0,67.0,1623,95.41,61503051101440
2852.0,1,,64.0,70.0,70.0,49.0,66.0,1464,93.85,32855538820983
2852.0,2,,66.0,72.0,72.0,50.0,67.0,1677,91.21,29874224354187
2852.0,3,,66.0,70.0,70.0,50.0,68.0,1688,92.65,30169420920715
2858.0,0,,65.0,68.0,68.0,49.0,67.0,1612,95.27,61503590343627
2858.0,1,,64.0,68.0,70.0,49.0,65.0,1473,93.59,32856069473449
2858.0,2,,65.0,72.0,72.0,50.0,67.0,1684,90.99,29874740261047
2858.0,3,,66.0,68.0,70.0,49.0,67.0,1777,92.54,30169945627868
2863.0,0,,65.0,68.0,68.0,49.0,67.0,1481,95.05,61504129271240
2863.0,1,,64.0,70.0,70.0,49.0,65.0,1460,93.61,32856600263977
2864.0,2,,65.0,72.0,72.0,50.0,67.0,1682,91.05,29875256518005
2864.0,3,,66.0,70.0,70.0,50.0,67.0,1715,92.49,30170470061218
2869.0,0,,65.0,68.0,68.0,49.0,67.0,1505,95.26,61504668461120
2869.0,1,,64.0,70.0,70.0,49.0,66.0,1474,93.68,32857130510803
2869.0,2,,66.0,72.0,72.0,50.0,67.0,1676,91.02,29875771699523
2869.0,3,,66.0,70.0,70.0,50.0,67.0,1677,92.33,30170992623352
2875.0,0,,65.0,68.0,68.0,49.0,67.0,1656,95.38,61505208296203
2875.0,1,,64.0,70.0,70.0,49.0,66.0,1465,93.74,32857660116943
2875.0,2,,66.0,72.0,72.0,50.0,67.0,1677,91.14,29876286666076
2875.0,3,,66.0,70.0,70.0,50.0,67.0,1677,92.53,30171515420898
2880.0,0,,65.0,68.0,68.0,49.0,67.0,1571,95.44,61505747507507
2880.0,1,,64.0,70.0,70.0,49.0,65.0,1464,93.57,32858189716430
2881.0,2,,66.0,72.0,72.0,50.0,67.0,1677,90.98,29876801625183
2881.0,3,,66.0,70.0,70.0,50.0,67.0,1729,92.49,30172038886047
2886.0,0,,65.0,68.0,68.0,49.0,67.0,1475,95.33,61506287094299
2886.0,1,,64.0,70.0,70.0,49.0,66.0,1465,93.54,32858719136474
2886.0,2,,66.0,72.0,72.0,50.0,67.0,1677,91.17,29877316730163
2886.0,3,,66.0,70.0,70.0,50.0,67.0,1731,92.56,30172561869140
2892.0,0,,65.0,68.0,68.0,49.0,67.0,1624,95.59,61506827192016
2892.0,1,,64.0,70.0,70.0,48.0,65.0,1465,93.70,32859248531860
2892.0,2,,66.0,72.0,72.0,50.0,67.0,1677,90.91,29877831267700
2892.0,3,,66.0,70.0,70.0,50.0,67.0,1687,92.35,30173084549255
2897.0,0,,65.0,68.0,68.0,49.0,67.0,1666,95.40,61507367132995
2897.0,1,,64.0,70.0,70.0,48.0,66.0,1475,93.79,32859778418395
2898.0,2,,65.0,72.0,72.0,50.0,67.0,1677,91.15,29878346261169
2898.0,3,,66.0,70.0,70.0,50.0,67.0,1677,92.59,30173607700195
2903.0,0,,65.0,68.0,68.0,49.0,67.0,1560,95.46,61507906496154
2903.0,1,,64.0,68.0,70.0,49.0,66.0,1465,93.58,32860308109191
2903.0,2,,65.0,72.0,70.0,50.0,67.0,1677,90.98,29878861215332
2903.0,3,,66.0,70.0,70.0,50.0,67.0,1814,92.58,30174131696899
2909.0,0,,65.0,68.0,68.0,49.0,67.0,1475,95.42,61508446574584
2909.0,1,,64.0,70.0,70.0,49.0,65.0,1464,93.61,32860837918579
2909.0,2,,66.0,72.0,70.0,50.0,68.0,1677,91.17,29879376331359
2909.0,3,,66.0,68.0,70.0,50.0,67.0,1762,92.58,30174654795898
2914.0,0,,65.0,68.0,68.0,49.0,67.0,1506,95.27,61508985825561
2914.0,1,,64.0,70.0,70.0,49.0,66.0,1473,93.67,32861368114013
2914.0,2,,66.0,72.0,72.0,50.0,68.0,1674,90.96,29879892102539
2915.0,3,,66.0,68.0,70.0,50.0,67.0,1693,92.45,30175178968688
2920.0,0,,65.0,68.0,68.0,49.0,67.0,1652,95.57,61509526755798
2920.0,1,,68.0,72.0,70.0,50.0,67.0,1461,94.89,32861906154541
2920.0,2,,69.0,74.0,74.0,52.0,70.0,1675,95.29,29880431441406
2920.0,3,,72.0,72.0,72.0,52.0,69.0,1678,99.20,30175740444030
2926.0,0,,71.0,72.0,72.0,52.0,71.0,1901,198.59,61510650778137
2926.0,1,,71.0,74.0,74.0,51.0,70.0,1754,200.61,32863037600463
2926.0,2,,72.0,76.0,76.0,53.0,71.0,1997,200.05,29881561718627
2926.0,3,,73.0,74.0,74.0,53.0,71.0,2143,200.28,30176872019470
2931.0,0,,66.0,68.0,70.0,50.0,68.0,2470,150.74,61511503993957
2931.0,1,,66.0,72.0,70.0,50.0,67.0,2319,147.34,32863873016479
2931.0,2,,67.0,74.0,74.0,51.0,69.0,2688,143.26,29882374007141
2932.0,3,,67.0,70.0,70.0,50.0,68.0,2896,141.27,30177674437011
2937.0,0,,65.0,68.0,68.0,50.0,67.0,2125,96.79,61512052788452
2937.0,1,,65.0,70.0,70.0,49.0,66.0,1999,95.40,32864413911743
2937.0,2,,66.0,72.0,72.0,50.0,68.0,2296,92.37,29882898672546
2937.0,3,,66.0,70.0,70.0,50.0,67.0,2338,93.97,30178207222900
2943.0,0,,65.0,68.0,68.0,49.0,67.0,1725,96.10,61512598610473
2943.0,1,,64.0,70.0,70.0,49.0,66.0,1608,94.48,32864950534545
2943.0,2,,66.0,72.0,72.0,50.0,67.0,1967,92.26,29883421810363
2943.0,3,,66.0,70.0,70.0,50.0,67.0,1988,93.29,30178736200317
2948.0,0,,65.0,68.0,68.0,49.0,66.0,1609,95.34,61513139193725
2948.0,1,,64.0,70.0,70.0,49.0,66.0,1483,93.97,32865483328125
2948.0,2,,66.0,72.0,72.0,50.0,67.0,1769,91.11,29883938400939
2949.0,3,,66.0,70.0,70.0,50.0,67.0,1749,92.51,30179260750915
2954.0,0,,65.0,68.0,68.0,49.0,67.0,1496,95.47,61513678607604
2954.0,1,,64.0,70.0,70.0,49.0,65.0,1475,93.89,32866013814636
2954.0,2,,66.0,72.0,72.0,50.0,67.0,1699,91.21,29884453716003
2954.0,3,,66.0,70.0,70.0,50.0,67.0,1688,92.63,30179784137512
2959.0,0,,65.0,68.0,68.0,49.0,67.0,1465,95.17,61514217248779
2960.0,1,,64.0,70.0,70.0,48.0,66.0,1465,93.70,32866544132019
2960.0,2,,65.0,72.0,72.0,50.0,67.0,1677,91.03,29884968965454
2960.0,3,,66.0,70.0,70.0,50.0,67.0,1676,92.51,30180307734497
2965.0,0,,65.0,68.0,68.0,49.0,67.0,1538,95.46,61514756616455
2965.0,1,,64.0,70.0,70.0,49.0,65.0,1464,93.87,32867074516052
2965.0,2,,66.0,72.0,72.0,50.0,67.0,1676,91.18,29885484152221
2966.0,3,,66.0,70.0,70.0,50.0,67.0,1676,92.65,30180831215698
2971.0,0,,65.0,68.0,68.0,49.0,67.0,1663,95.03,61515295430297
2971.0,1,,64.0,70.0,70.0,48.0,65.0,1472,93.56,32867605017639
2971.0,2,,66.0,72.0,72.0,50.0,67.0,1672,90.96,29885999891540
2971.0,3,,66.0,70.0,70.0,50.0,67.0,1672,92.39,30181355087829
2976.0,0,,65.0,68.0,68.0,49.0,67.0,1524,94.85,61515833242919
2977.0,1,,64.0,70.0,70.0,49.0,66.0,1471,93.45,32868134875427
2977.0,2,,66.0,72.0,72.0,50.0,67.0,1683,90.87,29886515098693
2977.0,3,,66.0,68.0,70.0,50.0,67.0,1682,92.28,30181879246582
2982.0,0,,65.0,68.0,68.0,49.0,67.0,1472,95.19,61516372951965
2982.0,1,,64.0,70.0,70.0,49.0,66.0,1462,93.90,32868667269775
2982.0,2,,65.0,70.0,72.0,50.0,67.0,1675,91.08,29887031532592
2983.0,3,,66.0,70.0,70.0,50.0,67.0,1751,92.84,30182403818298
2988.0,0,,65.0,68.0,68.0,49.0,67.0,1633,95.38,61516912804809
2988.0,1,,64.0,70.0,70.0,49.0,65.0,1474,93.76,32869197969177
2988.0,2,,65.0,72.0,70.0,50.0,67.0,1675,91.03,29887546769836
2988.0,3,,66.0,70.0,68.0,50.0,67.0,1705,92.42,30182927846557
2993.0,0,,65.0,68.0,68.0,49.0,67.0,1632,95.17,61517451439636
2994.0,1,,64.0,70.0,70.0,49.0,65.0,1462,93.82,32869728977600
2994.0,2,,65.0,70.0,72.0,50.0,67.0,1674,91.15,29888062664123
2994.0,3,,66.0,70.0,70.0,50.0,67.0,1685,92.64,30183452213989
2999.0,0,,65.0,68.0,68.0,49.0,67.0,1548,95.41,61517991487304
2999.0,1,,64.0,70.0,70.0,49.0,66.0,1475,93.80,32870259865905
2999.0,2,,65.0,72.0,72.0,50.0,67.0,1677,91.04,29888577928649
3000.0,3,,66.0,70.0,70.0,50.0,67.0,1718,92.64,30183976538940
3005.0,0,,65.0,68.0,68.0,49.0,67.0,1600,95.02,61518529319519
3005.0,1,,64.0,70.0,70.0,49.0,65.0,1461,93.57,32870790388610
3005.0,2,,65.0,72.0,72.0,50.0,67.0,1682,91.02,29889094009338
3005.0,3,,66.0,68.0,68.0,50.0,67.0,1714,92.52,30184501106384
3010.0,0,,65.0,68.0,68.0,49.0,67.0,1482,95.08,61519068406921
3011.0,1,,64.0,70.0,70.0,49.0,65.0,1472,93.57,32871320947204
3011.0,2,,66.0,72.0,70.0,50.0,67.0,1684,90.97,29889609826477
3011.0,3,,66.0,70.0,70.0,50.0,67.0,1705,92.59,30185026092224
3016.0,0,,65.0,68.0,68.0,49.0,67.0,1545,94.99,61519607952697
3016.0,1,,64.0,70.0,68.0,48.0,65.0,1470,93.81,32871852852416
3016.0,2,,66.0,72.0,72.0,50.0,67.0,1681,90.95,29890126446228
3017.0,3,,66.0,68.0,70.0,50.0,67.0,1744,92.52,30185551608642
3022.0,0,,65.0,68.0,68.0,49.0,67.0,1660,95.20,61520147747558
3022.0,1,,64.0,70.0,70.0,49.0,66.0,1470,93.51,32872383983886
3022.0,2,,66.0,70.0,72.0,50.0,67.0,1670,91.00,29890642419982
3022.0,3,,66.0,70.0,68.0,50.0,67.0,1692,92.43,30186076619384
3027.0,0,,65.0,68.0,68.0,49.0,67.0,1596,94.97,61520687196594
3028.0,1,,64.0,70.0,70.0,49.0,65.0,1469,93.72,32872916337951
3028.0,2,,65.0,70.0,72.0,50.0,67.0,1681,90.93,29891158885864
3028.0,3,,66.0,70.0,70.0,50.0,67.0,1681,92.64,30186601904174
3033.0,0,,65.0,68.0,68.0,49.0,67.0,1480,94.98,61521226709411
3033.0,1,,64.0,70.0,68.0,49.0,66.0,1460,93.82,32873448290405
3033.0,2,100.00,65.0,72.0,72.0,50.0,67.0,1682,90.95,29891675480773
3034.0,3,,66.0,70.0,70.0,50.0,67.0,1671,92.48,30187127193115
3039.0,0,,65.0,68.0,68.0,49.0,67.0,1459,94.99,61521766256774
3039.0,1,,64.0,70.0,70.0,49.0,66.0,1469,93.70,32873980533935
3039.0,2,,65.0,70.0,70.0,50.0,67.0,1670,91.10,29892192023864
3039.0,3,,66.0,70.0,70.0,50.0,67.0,1807,92.60,30187653163757
3045.0,0,,65.0,68.0,68.0,49.0,67.0,1627,95.31,61522307614624
3045.0,1,,64.0,68.0,70.0,49.0,65.0,1459,93.88,32874513755615
3045.0,2,,65.0,70.0,70.0,50.0,67.0,1681,91.06,29892709216796
3045.0,3,,66.0,70.0,70.0,50.0,67.0,1733,92.69,30188179668212
3050.0,0,,65.0,68.0,68.0,49.0,67.0,1649,95.42,61522848660461
3050.0,1,,64.0,68.0,70.0,49.0,66.0,1469,94.06,32875048006042
3051.0,2,,66.0,72.0,72.0,50.0,68.0,1670,91.10,29893226680297
3051.0,3,,66.0,70.0,70.0,50.0,67.0,1682,92.74,30188705525024
3056.0,0,97.91,69.0,70.0,70.0,50.0,69.0,1505,99.82,61523414621398
3056.0,1,97.99,68.0,72.0,72.0,50.0,68.0,1465,101.66,32875622363708
3056.0,2,97.90,69.0,74.0,74.0,52.0,70.0,1679,101.41,29893799666809
3056.0,3,97.77,69.0,72.0,72.0,52.0,69.0,1682,105.81,30189302313110
3062.0,0,,71.0,72.0,72.0,52.0,71.0,1850,200.39,61524544816101
3062.0,1,,70.0,74.0,74.0,52.0,70.0,1849,199.96,32876752127685
3062.0,2,,71.0,76.0,76.0,53.0,72.0,2103,200.09,29894930147949
3062.0,3,,72.0,74.0,74.0,53.0,71.0,2261,200.03,30190432473266
3067.0,0,,66.0,70.0,70.0,50.0,68.0,2482,146.61,61525374627014
3067.0,1,,66.0,70.0,70.0,50.0,67.0,2300,143.02,32877561620605
3067.0,2,,67.0,72.0,72.0,51.0,69.0,2742,138.92,29895717851135
3068.0,3,,67.0,70.0,70.0,51.0,68.0,2907,136.97,30191210469482
3073.0,0,,65.0,70.0,70.0,50.0,67.0,2149,95.39,61525915492919
3073.0,1,,65.0,70.0,70.0,49.0,66.0,2023,94.28,32878096180786
3073.0,2,,66.0,72.0,72.0,50.0,68.0,2246,91.87,29896237855834
3073.0,3,,66.0,70.0,70.0,50.0,67.0,2310,93.31,30191738591979
3079.0,0,,65.0,68.0,68.0,49.0,67.0,1768,95.77,61526458525878
3079.0,1,,64.0,70.0,70.0,49.0,65.0,1567,94.50,32878631969299
3079.0,2,,66.0,72.0,72.0,50.0,67.0,1926,91.65,29896757492858
3079.0,3,,66.0,70.0,70.0,50.0,67.0,1947,92.88,30192266140441
3084.0,0,,65.0,68.0,68.0,49.0,67.0,1618,95.85,61527001994323
3084.0,1,,64.0,70.0,70.0,49.0,65.0,1480,94.43,32879168327331
3084.0,2,,66.0,72.0,72.0,50.0,67.0,1734,91.77,29897278719238
3085.0,3,,66.0,70.0,70.0,50.0,67.0,1756,93.24,30192794791320
3090.0,0,,65.0,68.0,68.0,49.0,67.0,1492,95.38,61527543741638
3090.0,1,,64.0,70.0,70.0,49.0,66.0,1471,94.27,32879702814697
3090.0,2,,66.0,72.0,72.0,50.0,67.0,1692,91.53,29897797675170
3090.0,3,,66.0,70.0,70.0,50.0,67.0,1682,92.74,30193321538818
3096.0,0,,65.0,68.0,68.0,49.0,67.0,1470,95.53,61528085402465
3096.0,1,,64.0,70.0,70.0,49.0,65.0,1460,94.11,32880236408203
3096.0,2,,65.0,72.0,72.0,50.0,67.0,1671,91.06,29898314921386
3096.0,3,,66.0,70.0,70.0,50.0,67.0,1682,92.82,30193847822753
3101.0,0,,65.0,68.0,68.0,49.0,67.0,1608,95.74,61528628266113
3101.0,1,,64.0,70.0,70.0,49.0,65.0,1471,94.20,32880770548278
3102.0,2,,66.0,72.0,72.0,50.0,67.0,1682,91.31,29898832647155
3102.0,3,,66.0,70.0,70.0,50.0,67.0,1683,92.74,30194373647277
3107.0,0,,65.0,68.0,68.0,49.0,67.0,1662,95.69,61529170803405
3107.0,1,,64.0,70.0,70.0,48.0,65.0,1461,94.19,32881304585388
3107.0,2,,65.0,72.0,72.0,50.0,67.0,1684,91.39,29899350806884
3107.0,3,,66.0,70.0,70.0,50.0,67.0,1672,92.80,30194899849548
3113.0,0,,65.0,68.0,68.0,49.0,67.0,1534,95.44,61529712911071
3113.0,1,,64.0,70.0,70.0,49.0,65.0,1470,94.19,32881839603149
3113.0,2,,66.0,72.0,72.0,50.0,68.0,1671,91.54,29899869860473
3113.0,3,,66.0,70.0,68.0,50.0,67.0,1766,92.94,30195426810913
3118.0,0,,65.0,68.0,68.0,49.0,67.0,1554,96.05,61530257488159
3118.0,1,,64.0,70.0,70.0,49.0,66.0,1470,94.32,32882375317382
3119.0,2,,65.0,72.0,72.0,50.0,67.0,1681,91.66,29900390506042
3119.0,3,,66.0,70.0,70.0,50.0,67.0,1797,92.91,30195954517089
3124.0,0,,65.0,68.0,68.0,49.0,67.0,1659,95.80,61530801653686
3124.0,1,,64.0,70.0,70.0,49.0,66.0,1468,94.37,32882911354248
3124.0,2,,66.0,72.0,72.0,50.0,68.0,1679,91.51,29900910280151
3124.0,3,100.00,66.0,70.0,70.0,50.0,67.0,1700,92.64,30196481614807
3130.0,0,,65.0,68.0,68.0,49.0,67.0,1552,95.75,61531346447631
3130.0,1,,64.0,70.0,70.0,49.0,66.0,1469,94.58,32883448546020
3130.0,2,,66.0,72.0,72.0,50.0,67.0,1670,91.64,29901430782165
3130.0,3,,66.0,70.0,70.0,50.0,67.0,1681,92.79,30197008686401
3135.0,0,,65.0,68.0,68.0,49.0,67.0,1491,96.01,61531890845947
3135.0,1,,64.0,70.0,70.0,49.0,66.0,1470,94.74,32883985733947
3136.0,2,,66.0,72.0,72.0,50.0,67.0,1681,91.55,29901950811645
3136.0,3,,66.0,70.0,70.0,50.0,67.0,1681,92.86,30197535180908
3141.0,0,,65.0,68.0,68.0,49.0,67.0,1524,95.68,61532433326721
3141.0,1,,64.0,70.0,70.0,49.0,66.0,1471,94.14,32884520428039
3141.0,2,,65.0,72.0,72.0,50.0,67.0,1683,91.21,29902467957275
3141.0,3,,66.0,70.0,70.0,50.0,67.0,1674,92.67,30198060605590
3147.0,0,,65.0,68.0,68.0,49.0,67.0,1653,95.57,61532975189758
3147.0,1,,65.0,70.0,70.0,49.0,66.0,1473,94.08,32885052915405
3147.0,2,,66.0,72.0,72.0,50.0,67.0,1675,91.12,29902983701232
3147.0,3,,66.0,70.0,70.0,50.0,67.0,1792,92.71,30198585346923
3152.0,0,,65.0,68.0,66.0,49.0,67.0,1568,95.61,61533516348510
3152.0,1,,64.0,70.0,70.0,49.0,66.0,1461,94.10,32885586445251
3153.0,2,,66.0,72.0,72.0,50.0,67.0,1672,91.41,29903501986328
3153.0,3,,66.0,70.0,70.0,50.0,68.0,1744,92.91,30199112120239
3158.0,0,,65.0,68.0,68.0,50.0,67.0,1480,95.56,61534059121398
3158.0,1,,64.0,70.0,70.0,49.0,66.0,1470,94.37,32886121523376
3158.0,2,,66.0,70.0,72.0,50.0,67.0,1682,91.55,29904021064880
3158.0,3,,66.0,70.0,70.0,50.0,67.0,1672,92.83,30199639387207
3164.0,0,,65.0,68.0,68.0,49.0,67.0,1618,95.70,61534601750305
3164.0,1,,65.0,70.0,70.0,49.0,66.0,1470,94.19,32886655598083
3164.0,2,,66.0,72.0,72.0,50.0,67.0,1672,91.24,29904539290039
3164.0,3,,66.0,70.0,70.0,50.0,67.0,1682,92.92,30200166261840
3169.0,0,,65.0,68.0,68.0,49.0,67.0,1619,95.40,61535142650024
3169.0,1,,64.0,70.0,70.0,48.0,66.0,1471,94.13,32887190282165
3170.0,2,,65.0,72.0,70.0,50.0,67.0,1682,91.46,29905057861572
3170.0,3,,66.0,70.0,70.0,50.0,67.0,1724,92.93,30200693187622
3175.0,0,,65.0,68.0,68.0,49.0,67.0,1492,95.44,61535684774414
3175.0,1,,64.0,70.0,70.0,49.0,66.0,1471,94.35,32887725240539
3175.0,2,,65.0,72.0,72.0,50.0,67.0,1672,91.64,29905577457275
3175.0,3,,66.0,68.0,68.0,50.0,67.0,1842,93.04,30201220702819
3181.0,0,,65.0,68.0,68.0,49.0,67.0,1621,95.64,61536226093811
3181.0,1,,64.0,70.0,70.0,49.0,66.0,1463,94.14,32888258061279
3181.0,2,,66.0,70.0,72.0,50.0,68.0,1676,91.23,29906093811523
3181.0,3,,66.0,68.0,68.0,50.0,67.0,1677,92.50,30201744249389
3186.0,0,,68.0,70.0,70.0,51.0,69.0,1658,110.94,61536852890563
3186.0,1,,68.0,72.0,72.0,51.0,68.0,1469,112.38,32888891864868
3187.0,2,,71.0,74.0,74.0,52.0,70.0,1683,112.65,29906729158508
3187.0,3,,71.0,72.0,72.0,52.0,70.0,1704,116.69,30202401238037
3192.0,0,,71.0,72.0,72.0,52.0,71.0,2000,200.13,61537981621704
3192.0,1,,70.0,74.0,74.0,51.0,70.0,1902,199.72,32890020281555
3192.0,2,,72.0,76.0,76.0,53.0,72.0,2187,199.87,29907858427307
3192.0,3,,72.0,74.0,74.0,53.0,71.0,2327,199.70,30203529542297
3198.0,0,,66.0,70.0,70.0,50.0,68.0,2431,136.18,61538752428283
3198.0,1,,66.0,70.0,70.0,50.0,67.0,2333,133.05,32890773335083
3198.0,2,,67.0,72.0,72.0,51.0,69.0,2746,128.67,29908586699279
3198.0,3,,71.0,72.0,72.0,52.0,70.0,2914,128.95,30204260675292
3203.0,0,,71.0,74.0,74.0,52.0,71.0,2305,194.57,61539851734497
3203.0,1,,70.0,76.0,76.0,52.0,70.0,2233,197.48,32891887104187
3204.0,2,,72.0,78.0,78.0,53.0,72.0,2520,199.80,29909713563903
3204.0,3,,73.0,74.0,74.0,53.0,71.0,2690,200.28,30205390254943
3209.0,0,,66.0,70.0,70.0,50.0,68.0,2642,157.87,61540743707946
3209.0,1,,66.0,72.0,72.0,50.0,67.0,2534,154.48,32892761484558
3209.0,2,,67.0,74.0,74.0,51.0,69.0,2934,150.53,29910567052856
3209.0,3,,67.0,72.0,72.0,51.0,68.0,3079,148.56,30206232612365
3215.0,0,100.00,71.0,74.0,74.0,51.0,70.0,2360,175.13,61541736699523
3215.0,1,,70.0,76.0,76.0,51.0,69.0,2266,177.32,32893766905456
3215.0,2,,72.0,78.0,78.0,53.0,72.0,2611,179.71,29911582441955
3215.0,3,,72.0,76.0,76.0,53.0,71.0,2647,182.47,30207263552673
3220.0,0,,71.0,74.0,74.0,52.0,71.0,2599,199.74,61542863223876
3220.0,1,,70.0,76.0,76.0,52.0,70.0,2463,200.02,32894893020874
3220.0,2,,72.0,78.0,78.0,54.0,72.0,2932,199.91,29912707960510
3221.0,3,,74.0,76.0,76.0,53.0,71.0,3069,200.05,30208389849609
3226.0,0,,72.0,74.0,76.0,52.0,71.0,2790,200.29,61543990881347
3226.0,1,,70.0,78.0,76.0,52.0,70.0,2757,199.83,32896020042297
3226.0,2,,71.0,78.0,78.0,53.0,72.0,3171,200.05,29913836230773
3226.0,3,,73.0,76.0,76.0,53.0,71.0,3330,200.03,30209518036437
3231.0,0,,66.0,72.0,72.0,51.0,69.0,3035,183.14,61545027436645
3232.0,1,,66.0,74.0,74.0,50.0,67.0,2807,180.45,32897041397277
3232.0,2,,68.0,76.0,76.0,52.0,69.0,3343,176.76,29914838450378
3232.0,3,,67.0,72.0,74.0,51.0,69.0,3371,174.44,30210508858764
3237.0,0,,71.0,74.0,74.0,51.0,71.0,2492,153.94,61545898723754
3237.0,1,,71.0,76.0,78.0,51.0,69.0,2347,156.12,32897923493713
3237.0,2,,71.0,78.0,78.0,52.0,71.0,2752,157.47,29915728165344
3238.0,3,,71.0,76.0,76.0,53.0,70.0,2850,161.18,30211417916503
3243.0,0,,71.0,76.0,76.0,52.0,70.0,2504,200.13,61547029438903
3243.0,1,,71.0,78.0,76.0,52.0,70.0,2356,199.72,32899053914611
3243.0,2,,71.0,80.0,80.0,54.0,72.0,2821,199.99,29916860089050
3243.0,3,,72.0,76.0,76.0,53.0,71.0,2950,199.71,30212548257629
3248.0,0,100.00,71.0,76.0,76.0,52.0,71.0,2770,199.72,61548159839050
3249.0,1,100.00,70.0,78.0,78.0,52.0,70.0,2643,199.99,32900183843750
3249.0,2,100.00,72.0,80.0,80.0,53.0,73.0,3048,199.74,29917988628234
3249.0,3,100.00,73.0,76.0,76.0,53.0,71.0,3270,200.15,30213679096313
3254.0,0,,71.0,76.0,76.0,53.0,71.0,2970,200.05,61549290118957
3254.0,1,,70.0,78.0,76.0,52.0,70.0,2800,199.89,32901315210571
3254.0,2,,69.0,80.0,78.0,52.0,71.0,3148,199.13,29919115688598
3255.0,3,,68.0,74.0,76.0,51.0,69.0,3368,196.52,30214791423278
3260.0,0,98.50,70.0,76.0,76.0,51.0,70.0,2628,137.90,61550072009460
3260.0,1,98.32,69.0,78.0,78.0,51.0,69.0,2491,137.27,32902092156677
3260.0,2,98.51,70.0,78.0,80.0,53.0,71.0,2928,136.34,29919887351196
3260.0,3,98.33,72.0,76.0,76.0,53.0,70.0,2912,139.55,30215579857971
3265.0,0,,72.0,76.0,74.0,52.0,71.0,2407,200.17,61551198945312
3266.0,1,,70.0,78.0,78.0,52.0,70.0,2302,199.90,32903217611694
3266.0,2,,72.0,80.0,80.0,53.0,72.0,2749,199.95,29921013077453
3266.0,3,,73.0,76.0,76.0,53.0,71.0,2822,199.89,30216707254516
3271.0,0,,71.0,76.0,76.0,52.0,71.0,2752,199.89,61552328347656
3271.0,1,,71.0,78.0,78.0,52.0,70.0,2569,199.65,32904347648498
3271.0,2,,72.0,80.0,80.0,54.0,73.0,3046,200.07,29922143486999
3271.0,3,,72.0,78.0,78.0,53.0,71.0,3237,199.97,30217837088378
3277.0,0,,71.0,76.0,76.0,52.0,71.0,2868,200.01,61553458426330
3277.0,1,,71.0,78.0,78.0,52.0,70.0,2782,200.34,32905477577575
3277.0,2,,72.0,80.0,80.0,54.0,73.0,3218,199.90,29923272915527
3277.0,3,,72.0,76.0,76.0,53.0,71.0,3366,200.06,30218967436889
3282.0,0,98.81,70.0,74.0,74.0,51.0,70.0,2806,137.09,61554232969238
3282.0,1,99.10,70.0,78.0,76.0,51.0,69.0,2607,135.87,32906245217529
3283.0,2,98.88,71.0,78.0,78.0,52.0,70.0,3067,134.31,29924030405334
3283.0,3,98.79,72.0,76.0,76.0,52.0,70.0,3100,135.12,30219729494140
3288.0,0,,69.0,74.0,74.0,52.0,70.0,2381,200.11,61555361591796
3288.0,1,,69.0,78.0,78.0,52.0,70.0,2293,200.06,32907375559143
3288.0,2,,71.0,80.0,80.0,53.0,71.0,2630,199.85,29925161553039
3288.0,3,,73.0,76.0,78.0,53.0,71.0,2737,200.14,30220860279052
3294.0,0,,71.0,76.0,76.0,52.0,71.0,2687,199.90,61556491049560
3294.0,1,,70.0,78.0,78.0,52.0,70.0,2497,199.63,32908503476806
3294.0,2,,72.0,80.0,80.0,54.0,72.0,3019,200.10,29926290122131
3294.0,3,,71.0,76.0,76.0,53.0,71.0,3157,199.95,30221990018920
3299.0,0,,72.0,76.0,76.0,52.0,71.0,2848,199.98,61557620934387
3299.0,1,,69.0,78.0,78.0,52.0,70.0,2761,199.97,32909633283874
3300.0,2,,73.0,80.0,80.0,54.0,72.0,3111,199.48,29927419168762
3300.0,3,,72.0,76.0,78.0,53.0,71.0,3356,199.89,30223119400207
3305.0,0,,66.0,72.0,72.0,50.0,68.0,2991,142.58,61558427911254
3305.0,1,,65.0,74.0,74.0,49.0,66.0,2672,139.17,32910420995422
3305.0,2,,70.0,78.0,78.0,53.0,70.0,3180,136.70,29928192909545
3305.0,3,,72.0,76.0,76.0,52.0,70.0,3296,137.50,30223897630859
3311.0,0,,69.0,76.0,76.0,52.0,71.0,2357,196.76,61559539611450
3311.0,1,,69.0,78.0,78.0,52.0,70.0,2251,199.26,32911546787109
3311.0,2,,71.0,80.0,80.0,53.0,72.0,2613,200.19,29929324007690
3311.0,3,,72.0,76.0,76.0,53.0,71.0,2717,199.88,30225028966247
3316.0,0,,72.0,76.0,76.0,52.0,71.0,2608,199.93,61560671193908
3316.0,1,,71.0,78.0,78.0,52.0,70.0,2471,199.73,32912677285583
3317.0,2,,73.0,80.0,80.0,54.0,72.0,2990,199.77,29930454707641
3317.0,3,,72.0,78.0,76.0,53.0,71.0,3086,200.34,30226160864685
3322.0,0,,71.0,76.0,76.0,52.0,71.0,2823,199.74,61561801740600
3322.0,1,,71.0,78.0,78.0,52.0,70.0,2758,200.18,32913808293151
3322.0,2,,73.0,80.0,80.0,54.0,72.0,3098,200.19,29931585767883
3322.0,3,,73.0,78.0,76.0,53.0,71.0,3341,199.66,30227290966430
3328.0,0,,66.0,72.0,72.0,50.0,68.0,2998,162.15,61562719519104
3328.0,1,,66.0,74.0,74.0,50.0,67.0,2756,158.62,32914707694396
3328.0,2,,67.0,76.0,76.0,51.0,69.0,3284,154.95,29932461241882
3328.0,3,,67.0,74.0,74.0,51.0,68.0,3327,153.01,30228152413146
3333.0,0,,70.0,76.0,76.0,52.0,71.0,2358,173.43,61563694206420
3333.0,1,,70.0,78.0,78.0,51.0,69.0,2292,175.66,32915696675048
3333.0,2,,72.0,80.0,80.0,53.0,71.0,2648,177.35,29933461492187
3334.0,3,,72.0,76.0,76.0,53.0,71.0,2675,179.95,30229170917602
3339.0,0,,71.0,76.0,76.0,52.0,71.0,2584,199.75,61564822802185
3339.0,1,,71.0,78.0,78.0,52.0,70.0,2395,200.09,32916823183105
3339.0,2,,72.0,80.0,80.0,53.0,72.0,2875,199.90,29934588945678
3339.0,3,,73.0,78.0,78.0,53.0,72.0,3014,200.13,30230297637145
3344.0,0,,70.0,76.0,76.0,53.0,71.0,2779,199.89,61565950204223
3345.0,1,,71.0,78.0,78.0,52.0,70.0,2705,199.94,32917950847900
3345.0,2,,73.0,80.0,80.0,53.0,72.0,3065,199.83,29935715984252
3345.0,3,,73.0,78.0,76.0,53.0,71.0,3320,199.91,30231425106872
3350.0,0,,67.0,72.0,72.0,51.0,69.0,3017,186.32,61567001069335
3350.0,1,,66.0,74.0,74.0,50.0,67.0,2801,182.81,32918985578308
3350.0,2,,68.0,76.0,76.0,52.0,70.0,3284,179.77,29936733509643
3351.0,3,,67.0,74.0,74.0,51.0,69.0,3373,177.35,30232430666809
3356.0,0,,69.0,76.0,76.0,52.0,70.0,2479,143.90,61567816966857
3356.0,1,,69.0,78.0,78.0,51.0,69.0,2367,146.15,32919811331115
3356.0,2,,71.0,80.0,80.0,52.0,71.0,2785,147.73,29937566679931
3356.0,3,,73.0,76.0,76.0,52.0,70.0,2748,150.66,30233280414367
3361.0,0,,71.0,76.0,76.0,52.0,71.0,2435,199.94,61568944649353
3362.0,1,,71.0,78.0,78.0,52.0,70.0,2273,199.86,32920940518737
3362.0,2,,71.0,80.0,80.0,54.0,72.0,2695,199.66,29938696753906
3362.0,3,,73.0,76.0,76.0,53.0,71.0,2854,199.90,30234411836242
3367.0,0,,71.0,76.0,76.0,52.0,71.0,2748,199.87,61570075909484
3367.0,1,,71.0,78.0,78.0,52.0,70.0,2566,199.79,32922071337768
3367.0,2,,72.0,80.0,80.0,53.0,72.0,3033,199.84,29939827868530
3368.0,3,,72.0,76.0,78.0,53.0,71.0,3234,200.30,30235543559387
3373.0,0,,72.0,76.0,76.0,52.0,71.0,2914,199.85,61571207074890
3373.0,1,,71.0,78.0,78.0,52.0,70.0,2775,200.17,32923204302551
3373.0,2,,73.0,80.0,80.0,53.0,72.0,3210,199.75,29940958430541
3373.0,3,,73.0,76.0,78.0,53.0,71.0,3369,199.62,30236675423522
3378.0,0,98.68,70.0,76.0,74.0,51.0,70.0,2724,138.00,61571988143859
3379.0,1,98.92,69.0,78.0,78.0,51.0,69.0,2548,136.96,32923979486877
3379.0,2,98.74,71.0,80.0,80.0,53.0,71.0,2994,135.40,29941723413818
3379.0,3,98.77,72.0,76.0,76.0,52.0,70.0,3100,136.23,30237445128234
3384.0,0,,71.0,74.0,76.0,52.0,70.0,2381,199.76,61573116773254
3384.0,1,,70.0,78.0,78.0,52.0,70.0,2287,200.08,32925107919555
3384.0,2,,73.0,80.0,80.0,53.0,72.0,2661,199.83,29942850442993
3384.0,3,,72.0,76.0,76.0,53.0,71.0,2812,199.84,30238572237182
3390.0,0,,71.0,76.0,76.0,52.0,71.0,2745,199.92,61574244344238
3390.0,1,,70.0,78.0,78.0,52.0,70.0,2542,200.02,32926236005798
3390.0,2,,71.0,80.0,80.0,54.0,72.0,3030,199.75,29943979020446
3390.0,3,,72.0,76.0,78.0,53.0,71.0,3177,200.15,30239701073791
3395.0,0,,71.0,76.0,76.0,52.0,71.0,2819,200.03,61575372521850
3395.0,1,,70.0,78.0,78.0,52.0,70.0,2776,200.02,32927364106872
3396.0,2,,72.0,80.0,80.0,53.0,72.0,3148,199.68,29945105189392
3396.0,3,,72.0,78.0,76.0,53.0,71.0,3353,199.67,30240827205871
3401.0,0,,69.0,72.0,72.0,51.0,69.0,2837,135.52,61576138190551
3401.0,1,,68.0,76.0,76.0,51.0,69.0,2688,134.96,32928126640869
3401.0,2,,70.0,78.0,78.0,53.0,71.0,3199,133.76,29945860940368
3401.0,3,,72.0,76.0,76.0,52.0,70.0,3210,134.13,30241585056030
3407.0,0,,70.0,76.0,74.0,52.0,71.0,2339,200.70,61577270149780
3407.0,1,,70.0,78.0,78.0,51.0,69.0,2242,200.12,32929257331970
3407.0,2,,71.0,80.0,80.0,53.0,72.0,2612,199.95,29946990633056
3407.0,3,,72.0,78.0,76.0,53.0,71.0,2640,199.96,30242716802978
3412.0,0,,70.0,76.0,76.0,52.0,71.0,2672,199.88,61578401455200
3412.0,1,,70.0,78.0,78.0,52.0,70.0,2438,199.89,32930388709106
3413.0,2,100.00,73.0,80.0,80.0,53.0,72.0,2946,199.99,29948122595153
3413.0,3,,73.0,76.0,76.0,53.0,71.0,3138,200.11,30243849423645
3418.0,0,,71.0,76.0,76.0,52.0,71.0,2831,199.95,61579533191650
3418.0,1,,70.0,78.0,78.0,52.0,70.0,2735,200.08,32931521136535
3418.0,2,,72.0,80.0,80.0,53.0,72.0,3096,200.01,29949254653564
3418.0,3,,73.0,76.0,78.0,53.0,71.0,3348,200.02,30244981553405
3424.0,0,,66.0,72.0,72.0,50.0,68.0,2987,157.61,61580426867797
3424.0,1,,65.0,74.0,74.0,50.0,67.0,2753,154.39,32932396528991
3424.0,2,,67.0,76.0,76.0,51.0,69.0,3279,150.02,29950105254760
3424.0,3,,67.0,74.0,74.0,50.0,68.0,3311,147.91,30245820212890
3429.0,0,,71.0,74.0,76.0,51.0,71.0,2339,175.62,61581422630676
3429.0,1,,69.0,78.0,78.0,52.0,69.0,2289,178.28,32933405607666
3430.0,2,,71.0,80.0,80.0,53.0,71.0,2612,180.00,29951124065673
3430.0,3,,72.0,76.0,78.0,52.0,70.0,2617,182.86,30246853374389
3435.0,0,,71.0,76.0,76.0,52.0,71.0,2578,200.11,61582549233459
3435.0,1,,70.0,78.0,78.0,52.0,70.0,2409,199.98,32934531481140
3435.0,2,,72.0,80.0,80.0,53.0,72.0,2858,200.13,29952248801269
3435.0,3,,72.0,76.0,76.0,53.0,71.0,3037,200.04,30247979624084
3441.0,0,,72.0,76.0,76.0,52.0,71.0,2780,199.82,61583676214538
3441.0,1,,71.0,78.0,78.0,52.0,70.0,2651,199.60,32935657242919
3441.0,2,,71.0,80.0,80.0,54.0,72.0,3066,199.79,29953375629943
3441.0,3,,72.0,78.0,76.0,53.0,71.0,3321,199.59,30249105338256
3446.0,0,,67.0,72.0,72.0,50.0,69.0,2966,184.00,61584713991638
3446.0,1,,66.0,74.0,74.0,50.0,68.0,2792,181.13,32936680640136
3447.0,2,,68.0,76.0,76.0,52.0,69.0,3277,177.54,29954380489929
3447.0,3,,68.0,74.0,74.0,51.0,69.0,3381,175.47,30250098486083
3452.0,0,,71.0,74.0,76.0,52.0,70.0,2475,146.19,61585539964965
3452.0,1,,69.0,78.0,78.0,51.0,69.0,2350,148.29,32937517009460
3452.0,2,,70.0,80.0,80.0,52.0,71.0,2780,149.54,29955223883483
3452.0,3,,72.0,76.0,76.0,52.0,71.0,2762,152.76,30250958532836
3457.0,0,,72.0,76.0,74.0,52.0,71.0,2428,199.72,61586666411132
3458.0,1,,69.0,78.0,78.0,52.0,70.0,2287,199.90,32938644429504
3458.0,2,,71.0,80.0,80.0,53.0,72.0,2730,200.18,29956352888793
3458.0,3,,74.0,76.0,76.0,53.0,71.0,2864,200.11,30252089173217
3463.0,0,,70.0,76.0,76.0,52.0,71.0,2755,200.04,61587798621032
3463.0,1,,70.0,78.0,78.0,51.0,70.0,2618,199.53,32939775779479
3463.0,2,,72.0,80.0,80.0,53.0,72.0,3051,199.80,29957485780578
3464.0,3,,73.0,76.0,78.0,53.0,71.0,3243,199.82,30253222176330
3469.0,0,,71.0,76.0,76.0,52.0,71.0,2913,200.29,61588932250610
3469.0,1,,71.0,78.0,78.0,52.0,70.0,2786,200.30,32940909494567
3469.0,2,,72.0,80.0,80.0,53.0,72.0,3222,199.82,29958616740295
3469.0,3,,72.0,76.0,76.0,53.0,71.0,3369,200.00,30254354202819
3474.0,0,,71.0,76.0,76.0,52.0,71.0,3067,199.72,61590062670715
3475.0,1,,70.0,78.0,78.0,52.0,70.0,2805,199.95,32942039225952
3475.0,2,,73.0,80.0,80.0,53.0,72.0,3358,199.66,29959744817749
3475.0,3,,72.0,76.0,76.0,53.0,71.0,3379,199.73,30255482681518
3480.0,0,,71.0,76.0,76.0,52.0,71.0,2960,199.70,61591192967407
3480.0,1,,70.0,78.0,78.0,52.0,70.0,2798,200.09,32943171751831
3480.0,2,,72.0,80.0,80.0,53.0,72.0,3294,199.51,29960874032897
3481.0,3,,73.0,78.0,76.0,53.0,71.0,3379,199.94,30256614367187
3486.0,0,,71.0,76.0,76.0,52.0,71.0,2818,200.30,61592326658020
3486.0,1,,70.0,78.0,78.0,52.0,70.0,2797,199.70,32944304036804
3486.0,2,,72.0,80.0,80.0,53.0,72.0,3156,198.95,29962002074645
3486.0,3,,73.0,76.0,78.0,53.0,71.0,3381,199.50,30257745523437
3491.0,0,,70.0,76.0,76.0,52.0,71.0,2938,199.81,61593457568359
3492.0,1,,70.0,78.0,78.0,52.0,70.0,2801,200.25,32945435464355
3492.0,2,,71.0,80.0,80.0,54.0,72.0,3301,199.04,29963126673522
3492.0,3,,73.0,78.0,76.0,53.0,71.0,3385,199.71,30258873908020
3497.0,0,,71.0,76.0,76.0,52.0,71.0,3033,199.89,61594588967529
3497.0,1,,70.0,78.0,78.0,51.0,70.0,2801,199.51,32946564684936
3497.0,2,,72.0,80.0,80.0,53.0,72.0,3132,197.64,29964245294555
3498.0,3,,73.0,78.0,78.0,53.0,71.0,3389,198.78,30259997019226
3503.0,0,,70.0,76.0,76.0,52.0,71.0,2800,183.55,61595624167480
3503.0,1,,70.0,78.0,78.0,51.0,69.0,2705,182.74,32947595360961
3503.0,2,,71.0,80.0,80.0,53.0,72.0,3089,181.48,29965267024719
3503.0,3,,72.0,78.0,78.0,53.0,71.0,3336,182.22,30261022903747
3508.0,0,,70.0,76.0,76.0,52.0,70.0,2785,200.10,61596752742614
3509.0,1,,71.0,78.0,78.0,52.0,70.0,2518,199.79,32948724156799
3509.0,2,,71.0,80.0,80.0,54.0,72.0,3089,200.01,29966397078552
3509.0,3,,72.0,78.0,78.0,53.0,71.0,3115,199.59,30262154581420
3514.0,0,,71.0,76.0,76.0,52.0,71.0,2799,199.92,61597884270812
3514.0,1,,70.0,78.0,78.0,52.0,70.0,2640,199.96,32949855904724
3514.0,2,,71.0,80.0,80.0,53.0,73.0,3085,199.81,29967528017150
3514.0,3,,72.0,78.0,76.0,53.0,71.0,3310,200.24,30263285957885
3520.0,0,,71.0,76.0,76.0,52.0,71.0,2800,199.94,61599015947448
3520.0,1,,71.0,78.0,78.0,52.0,70.0,2800,200.26,32950987348571
3520.0,2,,72.0,80.0,80.0,53.0,72.0,3181,199.81,29968658922607
3520.0,3,,73.0,78.0,78.0,53.0,71.0,3372,200.03,30264418143493
3525.0,0,,71.0,76.0,76.0,52.0,71.0,3029,199.87,61600145213684
3526.0,1,,71.0,78.0,78.0,51.0,69.0,2807,199.92,32952116868469
3526.0,2,,72.0,80.0,80.0,53.0,72.0,3353,199.84,29969786021484
3526.0,3,,73.0,78.0,78.0,53.0,71.0,3386,199.62,30265544019165
3531.0,0,,69.0,76.0,76.0,52.0,71.0,2924,200.07,61601273627136
3531.0,1,,70.0,78.0,78.0,52.0,70.0,2807,200.07,32953245238037
3531.0,2,,72.0,80.0,80.0,53.0,72.0,3284,199.15,29970911237915
3531.0,3,,73.0,78.0,78.0,53.0,71.0,3388,199.77,30266672729064
3537.0,0,,71.0,76.0,76.0,52.0,71.0,2870,199.91,61602403111816
3537.0,1,,70.0,78.0,78.0,51.0,70.0,2807,199.58,32954372850830
3537.0,2,,72.0,80.0,80.0,54.0,72.0,3114,198.88,29972034912048
3537.0,3,,71.0,78.0,78.0,53.0,71.0,3389,199.91,30267800247924
3542.0,0,,71.0,76.0,76.0,52.0,71.0,2952,200.01,61603533175903
3542.0,1,,70.0,78.0,78.0,52.0,70.0,2803,200.21,32955504036193
3543.0,2,,72.0,80.0,80.0,53.0,72.0,3300,199.11,29973159868713
3543.0,3,,73.0,76.0,78.0,53.0,71.0,3386,199.52,30268929510681
3548.0,0,,71.0,76.0,76.0,52.0,71.0,2853,200.18,61604664181396
3548.0,1,,70.0,78.0,78.0,52.0,70.0,2798,200.03,32956636218566
3548.0,2,,72.0,80.0,80.0,53.0,72.0,3277,198.88,29974285528381
3548.0,3,,73.0,78.0,76.0,53.0,71.0,3385,199.08,30270056325500
3554.0,0,94.64,71.0,76.0,76.0,52.0,70.0,2974,184.53,61605706773620
3554.0,1,94.34,70.0,78.0,78.0,51.0,69.0,2742,183.68,32957674033630
3554.0,2,94.34,71.0,80.0,80.0,53.0,71.0,3101,182.41,29975316159118
3554.0,3,94.48,72.0,78.0,78.0,52.0,71.0,3333,183.24,30271091659606
3559.0,0,,71.0,76.0,76.0,52.0,71.0,2827,199.62,61606834646423
3559.0,1,,70.0,78.0,78.0,52.0,70.0,2489,200.04,32958802282226
3560.0,2,,73.0,80.0,80.0,53.0,72.0,3055,199.88,29976443454833
3560.0,3,,72.0,78.0,78.0,53.0,71.0,3121,199.86,30272216883972
3565.0,0,,70.0,76.0,76.0,52.0,71.0,2803,199.94,61607960335815
3565.0,1,,71.0,78.0,78.0,52.0,70.0,2642,199.65,32959928326354
3565.0,2,,72.0,80.0,80.0,53.0,72.0,3077,199.76,29977570095031
3565.0,3,,73.0,78.0,78.0,53.0,71.0,3297,200.05,30273345181823
3571.0,0,,70.0,76.0,76.0,52.0,71.0,2806,199.98,61609090229553
3571.0,1,,70.0,78.0,78.0,51.0,70.0,2786,200.19,32961057371032
3571.0,2,,72.0,80.0,80.0,53.0,72.0,3170,200.07,29978698474609
3571.0,3,,72.0,78.0,78.0,53.0,71.0,3372,199.90,30274472589660
3576.0,0,,71.0,76.0,76.0,52.0,71.0,2818,200.20,61610219375976
3576.0,1,,70.0,78.0,78.0,52.0,70.0,2804,199.91,32962186856018
3576.0,2,,71.0,80.0,80.0,53.0,72.0,3354,199.82,29979827439392
3577.0,3,,72.0,76.0,78.0,52.0,71.0,3384,199.86,30275603819335
3582.0,0,,72.0,76.0,76.0,52.0,71.0,3042,199.74,61611349894958
3582.0,1,,69.0,78.0,78.0,52.0,69.0,2798,200.08,32963319323791
3582.0,2,,72.0,80.0,80.0,53.0,72.0,3255,199.29,29980955445373
3582.0,3,,73.0,78.0,78.0,53.0,71.0,3383,199.65,30276733857177
3587.0,0,,72.0,76.0,76.0,52.0,71.0,2896,199.82,61612480898986
3588.0,1,,71.0,78.0,78.0,51.0,70.0,2802,199.77,32964449994384
3588.0,2,,72.0,80.0,80.0,53.0,72.0,3111,198.95,29982079507995
3588.0,3,,73.0,78.0,78.0,53.0,71.0,3389,199.48,30277860894897
3593.0,0,,71.0,76.0,76.0,52.0,71.0,2849,200.06,61613611245666
3593.0,1,,71.0,78.0,78.0,52.0,70.0,2805,199.80,32965578838439
3593.0,2,,72.0,80.0,80.0,53.0,72.0,3334,199.62,29983207366271
3594.0,3,,73.0,78.0,78.0,53.0,71.0,3384,200.12,30278991547119
3599.0,0,100.00,70.0,76.0,76.0,52.0,71.0,2920,183.13,61614645911437
3599.0,1,,71.0,78.0,78.0,51.0,70.0,2710,183.14,32966611738403
3599.0,2,100.00,72.0,80.0,80.0,53.0,72.0,3255,181.73,29984234144897
3599.0,3,,71.0,78.0,78.0,52.0,70.0,3333,182.24,30280019354370
3604.0,0,,70.0,76.0,76.0,52.0,71.0,2787,200.02,61615774038024
3605.0,1,,71.0,78.0,78.0,51.0,70.0,2456,199.68,32967739954650
3605.0,2,,71.0,80.0,80.0,53.0,72.0,3091,199.79,29985362955017
3605.0,3,,72.0,78.0,78.0,53.0,71.0,3141,200.12,30281150015258
3610.0,0,,71.0,76.0,76.0,52.0,71.0,2800,199.86,61616905230895
3610.0,1,,70.0,78.0,78.0,52.0,70.0,2642,200.24,32968871307617
3610.0,2,,71.0,80.0,80.0,54.0,72.0,3089,200.03,29986493108093
3611.0,3,,72.0,78.0,76.0,53.0,71.0,3335,199.68,30282280177185
3616.0,0,100.00,71.0,76.0,76.0,52.0,71.0,2804,199.97,61618035035156
3616.0,1,,70.0,78.0,78.0,52.0,70.0,2791,199.65,32970001346435
3616.0,2,100.00,71.0,80.0,80.0,53.0,72.0,3085,199.55,29987622574890
3616.0,3,,72.0,76.0,78.0,53.0,71.0,3379,200.12,30283412869873
3621.0,0,,70.0,76.0,76.0,52.0,71.0,2937,199.79,61619165855102
3622.0,1,,70.0,78.0,78.0,52.0,70.0,2803,200.22,32971132563903
3622.0,2,,72.0,80.0,80.0,53.0,72.0,3167,199.57,29988750119079
3622.0,3,,73.0,78.0,76.0,53.0,71.0,3383,199.77,30284539581909
3627.0,0,,71.0,76.0,76.0,52.0,71.0,3010,200.13,61620294614868
3627.0,1,,69.0,78.0,78.0,51.0,69.0,2804,199.94,32972262221313
3627.0,2,,72.0,80.0,80.0,53.0,72.0,3345,199.77,29989878814636
3627.0,3,,72.0,78.0,78.0,53.0,71.0,3385,199.88,30285670917846
3633.0,0,,69.0,76.0,76.0,52.0,71.0,2803,200.11,61621425248229
3633.0,1,,70.0,78.0,78.0,52.0,70.0,2808,199.77,32973390927062
3633.0,2,,73.0,80.0,80.0,53.0,72.0,3264,199.19,29991002257995
3633.0,3,100.00,73.0,78.0,78.0,53.0,71.0,3382,199.93,30286798503845
3638.0,0,,71.0,76.0,76.0,52.0,71.0,2952,200.10,61622555811279
3638.0,1,,71.0,78.0,78.0,52.0,69.0,2802,200.07,32974521298034
3639.0,2,,72.0,80.0,80.0,53.0,72.0,3108,199.02,29992128725585
3639.0,3,,73.0,76.0,78.0,53.0,71.0,3383,199.87,30287929776367
3644.0,0,,70.0,76.0,76.0,52.0,71.0,2950,184.57,61623600493957
3644.0,1,,69.0,78.0,78.0,52.0,69.0,2663,184.64,32975564520751
3644.0,2,,72.0,80.0,80.0,53.0,72.0,3184,184.15,29993169163085
3644.0,3,,72.0,78.0,78.0,53.0,71.0,3269,184.12,30288970070129
3650.0,0,,70.0,76.0,76.0,52.0,70.0,2810,199.83,61624731532165
3650.0,1,,71.0,78.0,78.0,51.0,70.0,2492,199.74,32976695029846
3650.0,2,,71.0,80.0,80.0,53.0,72.0,3096,199.96,29994300920959
3650.0,3,,73.0,78.0,78.0,53.0,71.0,3149,199.97,30290101895996
3655.0,0,,71.0,76.0,76.0,52.0,71.0,2811,200.29,61625863151550
3655.0,1,100.00,70.0,78.0,78.0,52.0,70.0,2705,199.88,32977826341918
3656.0,2,,72.0,80.0,80.0,53.0,72.0,3085,199.80,29995431783569
3656.0,3,,73.0,76.0,78.0,53.0,71.0,3331,199.92,30291233424804
3661.0,0,,71.0,76.0,76.0,52.0,71.0,2803,199.81,61626994091064
3661.0,1,,70.0,78.0,78.0,51.0,70.0,2791,199.76,32978956959533
3661.0,2,,72.0,80.0,80.0,53.0,72.0,3194,199.49,29996560889160
3661.0,3,,72.0,78.0,78.0,52.0,71.0,3383,199.96,30292365187316
3667.0,0,,71.0,76.0,76.0,52.0,71.0,2862,199.91,61628125604248
3667.0,1,,70.0,78.0,78.0,52.0,70.0,2800,200.02,32980089081787
3667.0,2,,72.0,80.0,80.0,53.0,72.0,3353,200.08,29997691359863
3667.0,3,,73.0,76.0,78.0,53.0,71.0,3385,199.90,30293494613647
3672.0,0,,71.0,76.0,76.0,52.0,71.0,3068,200.12,61629256268615
3672.0,1,,70.0,78.0,78.0,52.0,70.0,2803,199.81,32981217986877
3673.0,2,100.00,72.0,80.0,80.0,53.0,72.0,3185,198.99,29998817619079
3673.0,3,,72.0,78.0,78.0,53.0,71.0,3389,199.91,30294624114196
3678.0,0,,70.0,76.0,76.0,52.0,71.0,2877,199.87,61630385547424
3678.0,1,,70.0,78.0,78.0,52.0,70.0,2804,200.15,32982348848693
3678.0,2,,71.0,80.0,80.0,53.0,72.0,3196,198.90,29999941396850
3678.0,3,,73.0,78.0,78.0,53.0,71.0,3395,199.48,30295753187988
3684.0,0,,70.0,76.0,76.0,52.0,71.0,2821,199.99,61631517463500
3684.0,1,,70.0,78.0,78.0,52.0,70.0,2799,200.02,32983480955383
3684.0,2,,72.0,80.0,80.0,53.0,72.0,3338,199.49,30001070488769
3684.0,3,,72.0,76.0,78.0,52.0,71.0,3382,199.73,30296883672912
3689.0,0,,71.0,76.0,76.0,52.0,71.0,2888,181.60,61632543495727
3689.0,1,,69.0,78.0,78.0,51.0,69.0,2688,180.63,32984501532226
3690.0,2,,71.0,80.0,80.0,53.0,72.0,3050,179.72,30002085928039
3690.0,3,,71.0,76.0,78.0,53.0,70.0,3270,180.18,30297901713989
3695.0,0,,71.0,76.0,76.0,52.0,70.0,2788,199.90,61633674956481
3695.0,1,,71.0,78.0,78.0,51.0,70.0,2502,199.88,32985632855590
3695.0,2,,72.0,80.0,80.0,53.0,72.0,3043,199.85,30003217084045
3695.0,3,,71.0,76.0,78.0,53.0,71.0,3098,199.78,30299032486389
3701.0,0,100.00,70.0,76.0,76.0,52.0,71.0,2802,199.71,61634805315185
3701.0,1,100.00,70.0,78.0,78.0,51.0,70.0,2673,199.86,32986764047729
3701.0,2,100.00,72.0,80.0,80.0,53.0,72.0,3086,199.72,30004347471557
3701.0,3,,73.0,78.0,76.0,53.0,71.0,3288,200.26,30300163941955
3706.0,0,,72.0,76.0,76.0,52.0,70.0,2809,199.95,61635937030273
3706.0,1,,70.0,78.0,78.0,52.0,70.0,2788,200.02,32987896177429
3707.0,2,,73.0,80.0,80.0,53.0,72.0,3202,199.79,30005478290893
3707.0,3,,73.0,76.0,78.0,53.0,71.0,3372,199.97,30301295755432
3712.0,0,,70.0,76.0,76.0,52.0,71.0,2961,200.17,61637067988830
3712.0,1,,71.0,78.0,78.0,52.0,70.0,2802,200.00,32989026193237
3712.0,2,,72.0,80.0,80.0,53.0,72.0,3354,199.87,30006607533691
3712.0,3,,73.0,78.0,78.0,53.0,71.0,3386,199.50,30302424930480
3718.0,0,,71.0,76.0,76.0,52.0,71.0,3024,199.82,61638198970275
3718.0,1,,71.0,78.0,78.0,51.0,70.0,2801,199.79,32990157008911
3718.0,2,,72.0,80.0,80.0,53.0,72.0,3214,198.89,30007733235961
3718.0,3,100.00,72.0,78.0,78.0,53.0,71.0,3385,199.70,30303553238891
3723.0,0,,70.0,76.0,76.0,52.0,71.0,2821,199.67,61639329105102
3723.0,1,,70.0,78.0,78.0,52.0,70.0,2801,200.07,32991289377990
3723.0,2,,72.0,80.0,80.0,53.0,72.0,3107,198.91,30008859088745
3724.0,3,,73.0,78.0,78.0,53.0,71.0,3382,199.97,30304685048583
3729.0,0,,72.0,76.0,76.0,52.0,71.0,2874,200.07,61640461508117
3729.0,1,,70.0,78.0,78.0,52.0,70.0,2799,199.93,32992421009887
3729.0,2,,72.0,80.0,80.0,53.0,72.0,3224,199.19,30009986477844
3729.0,3,,72.0,76.0,78.0,53.0,71.0,3382,199.40,30305813624694
3735.0,0,,71.0,76.0,76.0,52.0,71.0,3067,200.03,61641591660156
3735.0,1,,70.0,78.0,78.0,52.0,70.0,2804,199.72,32993549420227
3735.0,2,,72.0,80.0,80.0,53.0,72.0,3251,199.10,30011109384155
3735.0,3,,73.0,78.0,76.0,53.0,71.0,3390,199.08,30306938428527
3740.0,0,94.38,71.0,76.0,76.0,52.0,71.0,2857,184.68,61642635081787
3740.0,1,94.45,70.0,78.0,78.0,51.0,69.0,2685,184.14,32994589817138
3740.0,2,94.34,71.0,80.0,80.0,53.0,72.0,3089,182.90,30012144607299
3741.0,3,94.49,71.0,78.0,78.0,53.0,70.0,3303,183.90,30307977443908
3746.0,0,,71.0,76.0,76.0,52.0,70.0,2764,199.57,61643762663879
3746.0,1,,69.0,78.0,78.0,52.0,70.0,2512,200.00,32995717806701
3746.0,2,,71.0,80.0,80.0,53.0,72.0,3064,199.84,30013271728210
3746.0,3,,72.0,78.0,78.0,53.0,71.0,3126,200.04,30309105667175
3751.0,0,,70.0,76.0,76.0,52.0,71.0,2806,200.15,61644891488891
3752.0,1,,69.0,78.0,78.0,52.0,70.0,2613,199.83,32996846856750
3752.0,2,,72.0,80.0,80.0,53.0,72.0,3090,200.07,30014402115722
3752.0,3,100.00,72.0,78.0,78.0,53.0,71.0,3326,199.84,30310234790954
3757.0,0,,70.0,76.0,76.0,53.0,71.0,2807,199.74,61646020039611
3757.0,1,,71.0,78.0,78.0,51.0,70.0,2786,200.09,32997975392517
3757.0,2,,72.0,80.0,80.0,53.0,72.0,3232,200.08,30015530591979
3758.0,3,,72.0,78.0,78.0,53.0,71.0,3377,199.87,30311364032775
3763.0,0,,71.0,76.0,76.0,52.0,71.0,3002,200.21,61647151237426
3763.0,1,,70.0,78.0,78.0,52.0,70.0,2803,199.68,32999105573242
3763.0,2,,71.0,80.0,80.0,53.0,72.0,3368,199.76,30016659259887
3763.0,3,,73.0,76.0,78.0,53.0,71.0,3383,199.97,30312491856994
3768.0,0,,70.0,76.0,76.0,52.0,70.0,2956,199.78,61648279997924
3769.0,1,,70.0,78.0,78.0,52.0,70.0,2804,200.00,33000235558776
3769.0,2,,72.0,80.0,80.0,54.0,72.0,3184,199.26,30017785086547
3769.0,3,,73.0,78.0,78.0,52.0,71.0,3383,199.94,30313623504882
3774.0,0,,71.0,76.0,76.0,52.0,71.0,2793,200.02,61649410129577
3774.0,1,,71.0,78.0,78.0,51.0,70.0,2806,199.99,33001363491271
3774.0,2,,72.0,80.0,80.0,53.0,72.0,3158,198.95,30018909130310
3774.0,3,,73.0,76.0,78.0,53.0,71.0,3395,199.67,30314749658203
3780.0,0,,71.0,76.0,76.0,52.0,71.0,3005,199.74,61650538670959
3780.0,1,,70.0,78.0,78.0,52.0,70.0,2803,199.92,33002495028869
3780.0,2,,71.0,80.0,80.0,53.0,72.0,3353,199.31,30020035251525
3780.0,3,,73.0,78.0,78.0,53.0,71.0,3381,199.38,30315878162719
3785.0,0,,72.0,76.0,76.0,52.0,71.0,2960,200.09,61651671167236
3785.0,1,,70.0,78.0,78.0,51.0,70.0,2801,200.19,33003626098266
3786.0,2,,72.0,80.0,80.0,53.0,72.0,3181,199.29,30021163230346
3786.0,3,,73.0,78.0,78.0,53.0,71.0,3383,199.88,30317009491088
3791.0,0,,71.0,76.0,76.0,52.0,70.0,2758,184.05,61652711049072
3791.0,1,,69.0,78.0,78.0,51.0,69.0,2598,183.24,33004663255615
3791.0,2,,73.0,80.0,80.0,53.0,72.0,3066,182.74,30022197525695
3791.0,3,,73.0,78.0,78.0,53.0,71.0,3229,183.24,30318044785400
3797.0,0,,72.0,76.0,76.0,52.0,71.0,2799,199.94,61653838733581
3797.0,1,,70.0,78.0,78.0,52.0,70.0,2493,199.77,33005789979736
3797.0,2,,72.0,80.0,80.0,53.0,72.0,3069,199.92,30023323099060
3797.0,3,,72.0,78.0,78.0,53.0,71.0,3174,199.71,30319171154541
3802.0,0,,71.0,76.0,76.0,52.0,71.0,2800,199.75,61654965296630
3802.0,1,,71.0,78.0,78.0,52.0,70.0,2758,200.14,33006916753967
3803.0,2,,73.0,80.0,80.0,53.0,72.0,3088,199.84,30024450190795
3803.0,3,,72.0,78.0,78.0,53.0,71.0,3344,200.17,30320298122497
3808.0,0,,70.0,76.0,76.0,52.0,71.0,2840,199.95,61656092992736
3808.0,1,,71.0,78.0,78.0,52.0,70.0,2796,199.86,33008045937500
3808.0,2,,72.0,80.0,80.0,53.0,72.0,3231,200.11,30025578836425
3808.0,3,,72.0,78.0,78.0,53.0,71.0,3380,199.59,30321425790466
3814.0,0,100.00,71.0,76.0,76.0,52.0,71.0,3050,200.02,61657223113891
3814.0,1,,71.0,78.0,78.0,52.0,70.0,2804,199.94,33009175601562
3814.0,2,,70.0,80.0,80.0,54.0,72.0,3364,199.61,30026708620910
3814.0,3,,73.0,76.0,78.0,53.0,71.0,3383,200.12,30322556444580
3819.0,0,,70.0,76.0,76.0,52.0,71.0,2951,200.04,61658353345947
3819.0,1,,70.0,78.0,78.0,51.0,69.0,2807,200.32,33010305390319
3820.0,2,,72.0,80.0,80.0,53.0,72.0,3190,199.38,30027833105834
3820.0,3,,72.0,78.0,78.0,53.0,70.0,3379,199.67,30323684557067
3825.0,0,100.00,71.0,76.0,76.0,52.0,71.0,2813,200.00,61659483365356
3825.0,1,,70.0,78.0,78.0,52.0,69.0,2800,199.59,33011435094970
3825.0,2,,72.0,80.0,80.0,54.0,72.0,3192,199.30,30028961129394
3825.0,3,,71.0,78.0,78.0,53.0,71.0,3386,199.72,30324812982788
3831.0,0,,71.0,76.0,76.0,52.0,70.0,2994,199.15,61660610559631
3831.0,1,,70.0,78.0,78.0,51.0,69.0,2806,199.22,33012560676696
3831.0,2,,72.0,80.0,80.0,53.0,72.0,3285,197.86,30030077042053
3831.0,3,,72.0,76.0,76.0,53.0,71.0,3394,197.55,30325929161743
3836.0,0,,69.0,76.0,76.0,52.0,71.0,2808,182.89,61661642051391
3836.0,1,,70.0,78.0,78.0,51.0,70.0,2592,182.70,33013592908020
3836.0,2,,72.0,80.0,80.0,53.0,72.0,3080,182.31,30031107105468
3837.0,3,,72.0,78.0,78.0,53.0,71.0,3215,183.14,30326963928894
3842.0,0,,71.0,76.0,76.0,52.0,71.0,2797,200.06,61662770409118
3842.0,1,,70.0,78.0,78.0,52.0,70.0,2502,199.86,33014720131164
3842.0,2,,73.0,80.0,80.0,53.0,72.0,3078,199.81,30032234020812
3842.0,3,,72.0,78.0,78.0,53.0,71.0,3175,199.95,30328089658569
3847.0,0,,71.0,76.0,76.0,52.0,71.0,2802,199.62,61663896262390
3848.0,1,,70.0,78.0,78.0,52.0,70.0,2759,200.16,33015847023925
3848.0,2,,72.0,80.0,80.0,53.0,72.0,3094,199.82,30033359003906
3848.0,3,,73.0,78.0,78.0,53.0,71.0,3358,199.92,30329213188537
3853.0,0,,71.0,76.0,76.0,52.0,71.0,2807,199.93,61665019848327
3853.0,1,,70.0,78.0,78.0,52.0,70.0,2805,199.51,33016970243957
3853.0,2,,71.0,80.0,80.0,54.0,72.0,3151,199.90,30034484426879
3854.0,3,,73.0,76.0,78.0,53.0,71.0,3376,199.86,30330342372863
3859.0,0,,71.0,76.0,76.0,52.0,71.0,3046,200.11,61666150468383
3859.0,1,,70.0,78.0,78.0,52.0,70.0,2803,200.18,33018101275512
3859.0,2,,72.0,80.0,80.0,53.0,72.0,3353,199.82,30035613413391
3859.0,3,,72.0,78.0,78.0,53.0,71.0,3386,200.08,30331472831237
3864.0,0,,71.0,76.0,76.0,52.0,71.0,2858,199.93,61667280099609
3865.0,1,,70.0,78.0,78.0,52.0,70.0,2804,200.10,33019231857116
3865.0,2,,71.0,80.0,80.0,54.0,72.0,3274,199.22,30036739008666
3865.0,3,,73.0,78.0,78.0,53.0,71.0,3378,199.78,30332601609130
3870.0,0,,71.0,76.0,76.0,52.0,71.0,3015,199.84,61668409209777
3870.0,1,,70.0,78.0,78.0,52.0,70.0,2804,199.85,33020361012634
3870.0,2,,72.0,80.0,80.0,53.0,72.0,3206,198.79,30037864168579
3870.0,3,,73.0,78.0,78.0,53.0,71.0,3395,199.54,30333730999694
3876.0,0,,70.0,76.0,76.0,52.0,71.0,2842,199.98,61669541085205
3876.0,1,,70.0,78.0,78.0,52.0,70.0,2801,200.01,33021491082458
3876.0,2,,71.0,80.0,80.0,53.0,72.0,3363,199.17,30038989454528
3876.0,3,,73.0,76.0,78.0,53.0,71.0,3388,199.26,30334856843872
3881.0,0,94.69,71.0,74.0,74.0,52.0,70.0,2879,181.00,61670563729187
3881.0,1,94.37,69.0,78.0,78.0,51.0,69.0,2805,180.90,33022513191101
3882.0,2,94.39,71.0,80.0,80.0,53.0,72.0,3178,179.00,30040000824707
3882.0,3,94.67,71.0,78.0,78.0,53.0,70.0,3390,180.47,30335874671447
3887.0,0,,70.0,76.0,76.0,52.0,71.0,2774,200.00,61671693738586
3887.0,1,,70.0,78.0,78.0,51.0,69.0,2495,199.93,33023642781982
3887.0,2,,72.0,80.0,80.0,53.0,72.0,3003,200.23,30041132129577
3887.0,3,,72.0,78.0,78.0,52.0,71.0,3130,199.52,30337003966918
3893.0,0,,71.0,76.0,76.0,52.0,71.0,2800,199.91,61672825213378
3893.0,1,,70.0,78.0,78.0,52.0,70.0,2577,199.78,33024773559204
3893.0,2,100.00,72.0,80.0,80.0,53.0,72.0,3085,199.92,30042263659362
3893.0,3,,72.0,76.0,78.0,53.0,71.0,3243,200.05,30338136255126
3898.0,0,,70.0,76.0,76.0,53.0,71.0,2801,200.27,61673956745788
3898.0,1,,70.0,78.0,78.0,51.0,70.0,2780,199.73,33025904043151
3899.0,2,,73.0,80.0,80.0,53.0,72.0,3119,199.73,30043394124572
3899.0,3,,73.0,76.0,78.0,53.0,71.0,3374,199.92,30339267802856
3904.0,0,,71.0,76.0,76.0,52.0,71.0,3011,199.97,61675088559936
3904.0,1,,70.0,78.0,78.0,52.0,70.0,2800,200.04,33027036296569
3904.0,2,,72.0,80.0,80.0,53.0,72.0,3340,199.73,30044524582458
3904.0,3,,72.0,78.0,78.0,53.0,71.0,3382,199.70,30340398085571
3910.0,0,,71.0,76.0,76.0,52.0,71.0,2942,200.02,61676218693908
3910.0,1,,71.0,78.0,78.0,52.0,70.0,2805,199.90,33028165706054
3910.0,2,,72.0,80.0,80.0,53.0,72.0,3360,199.88,30045651916625
3910.0,3,,73.0,78.0,78.0,53.0,71.0,3394,199.94,30341525759582
3915.0,0,,71.0,76.0,76.0,52.0,71.0,2795,199.83,61677347718566
3915.0,1,,70.0,78.0,78.0,52.0,70.0,2803,200.12,33029296398925
3916.0,2,,72.0,80.0,80.0,53.0,72.0,3161,198.83,30046777303955
3916.0,3,,73.0,78.0,78.0,53.0,71.0,3382,199.90,30342657209472
3921.0,0,,71.0,76.0,76.0,52.0,71.0,3013,199.91,61678479234375
3921.0,1,,70.0,78.0,78.0,52.0,69.0,2804,199.80,33030425289672
3921.0,2,,72.0,80.0,80.0,53.0,72.0,3147,198.95,30047899390075
3921.0,3,,72.0,76.0,78.0,53.0,71.0,3382,199.27,30343781066528
3927.0,0,,71.0,76.0,76.0,52.0,71.0,2943,200.00,61679607224121
3927.0,1,,70.0,78.0,78.0,52.0,70.0,2804,200.24,33031556645202
3927.0,2,,71.0,80.0,80.0,54.0,72.0,3343,198.71,30049024077636
3927.0,3,,73.0,78.0,78.0,53.0,71.0,3385,199.55,30344910533081
3932.0,0,84.68,70.0,76.0,76.0,52.0,71.0,2790,175.46,61680600332092
3932.0,1,84.43,70.0,78.0,78.0,51.0,69.0,2737,174.66,33032545208618
3933.0,2,84.37,71.0,80.0,80.0,53.0,71.0,3278,173.51,30050006127502
3933.0,3,84.65,72.0,78.0,78.0,52.0,70.0,3353,174.68,30345897454711
3938.0,0,,71.0,76.0,76.0,52.0,71.0,2667,199.64,61681728313354
3938.0,1,,69.0,78.0,78.0,52.0,70.0,2488,199.91,33033672680603
3938.0,2,,72.0,80.0,80.0,53.0,72.0,2968,200.02,30051134244628
3938.0,3,,73.0,76.0,78.0,53.0,71.0,3022,199.78,30347024202331
3944.0,0,,70.0,76.0,76.0,52.0,71.0,2798,200.10,61682856862976
3944.0,1,,70.0,78.0,78.0,52.0,70.0,2564,200.12,33034801342712
3944.0,2,,72.0,80.0,80.0,53.0,72.0,3076,199.80,30052261133117
3944.0,3,,73.0,76.0,76.0,53.0,71.0,3233,200.04,30348152434814
3949.0,0,,72.0,76.0,76.0,52.0,71.0,2808,199.92,61683984414184
3949.0,1,,70.0,78.0,78.0,52.0,70.0,2775,199.68,33035929559631
3949.0,2,,72.0,80.0,80.0,53.0,72.0,3084,199.83,30053388187866
3950.0,3,,72.0,78.0,78.0,53.0,71.0,3362,199.88,30349279766418
3955.0,0,,71.0,76.0,76.0,52.0,71.0,3038,199.98,61685114310791
3955.0,1,,71.0,78.0,78.0,52.0,70.0,2804,199.97,33037059384521
3955.0,2,100.00,72.0,80.0,80.0,53.0,72.0,3268,199.78,30054516918090
3955.0,3,,72.0,76.0,78.0,53.0,71.0,3383,199.99,30350411682983
3960.0,0,,71.0,76.0,76.0,52.0,71.0,2938,199.76,61686244944885
3961.0,1,,70.0,78.0,78.0,52.0,69.0,2801,200.19,33038190437561
3961.0,2,,72.0,80.0,80.0,53.0,72.0,3361,199.44,30055645776245
3961.0,3,,73.0,78.0,78.0,53.0,71.0,3382,199.70,30351541993530
3966.0,0,,71.0,76.0,76.0,52.0,71.0,2819,200.08,61687377423400
3966.0,1,,69.0,78.0,78.0,52.0,69.0,2797,199.64,33039322384033
3966.0,2,,72.0,80.0,80.0,53.0,72.0,3244,199.29,30056773750610
3967.0,3,,72.0,78.0,78.0,53.0,71.0,3383,199.82,30352672975708
3972.0,0,,71.0,76.0,76.0,52.0,70.0,3044,200.23,61688508738037
3972.0,1,,70.0,78.0,78.0,52.0,70.0,2811,200.43,33040454786804
3972.0,2,,71.0,80.0,80.0,53.0,72.0,3118,198.49,30057897204345
3972.0,3,100.00,73.0,76.0,78.0,53.0,71.0,3393,199.42,30353801704833
3977.0,0,,70.0,76.0,76.0,52.0,71.0,2897,199.79,61689639540039
3978.0,1,,70.0,78.0,78.0,52.0,70.0,2802,199.84,33041585865417
3978.0,2,,72.0,80.0,80.0,53.0,72.0,3331,199.00,30059023570129
3978.0,3,,72.0,78.0,78.0,52.0,71.0,3384,199.58,30354931322753
3983.0,0,,72.0,76.0,76.0,52.0,72.0,2811,200.07,61690771915161
3983.0,1,,71.0,78.0,78.0,52.0,70.0,2800,199.61,33042715677246
3983.0,2,,73.0,80.0,80.0,53.0,72.0,3194,198.83,30060146968872
3984.0,3,,73.0,78.0,78.0,53.0,71.0,3386,199.36,30356057678771
3989.0,0,,71.0,76.0,76.0,52.0,71.0,3048,199.81,61691900839172
3989.0,1,,70.0,78.0,78.0,52.0,70.0,2804,200.04,33043845927124
3989.0,2,,72.0,80.0,80.0,53.0,72.0,3280,197.84,30061266758666
3989.0,3,,73.0,78.0,78.0,53.0,71.0,3385,198.93,30357183643188
3994.0,0,,70.0,76.0,76.0,52.0,71.0,2902,200.08,61693035315368
3995.0,1,,70.0,78.0,78.0,51.0,70.0,2807,199.78,33044978696899
3995.0,2,,72.0,80.0,80.0,53.0,72.0,3220,198.60,30062390835388
3995.0,3,,72.0,78.0,78.0,53.0,71.0,3390,199.36,30358312040466
4000.0,0,,69.0,76.0,76.0,52.0,70.0,2877,200.03,61694165470336
4000.0,1,,70.0,78.0,78.0,52.0,70.0,2803,199.72,33046107093200
4000.0,2,,72.0,80.0,80.0,53.0,71.0,3108,197.82,30063510468994
4001.0,3,,73.0,76.0,78.0,53.0,71.0,3383,198.63,30359436277160
4006.0,0,100.00,72.0,76.0,76.0,52.0,71.0,2998,200.00,61695297452148
4006.0,1,100.00,70.0,78.0,78.0,51.0,69.0,2806,200.29,33047240741027
4006.0,2,100.00,72.0,80.0,80.0,53.0,72.0,3308,198.36,30064633199035
4006.0,3,100.00,73.0,78.0,78.0,53.0,71.0,3391,199.14,30360563411437
4011.0,0,,71.0,76.0,76.0,52.0,71.0,2831,200.15,61696430322998
4012.0,1,,70.0,78.0,78.0,52.0,70.0,2800,199.68,33048370903747
4012.0,2,,72.0,80.0,80.0,53.0,72.0,3307,197.87,30065753143432
4012.0,3,,73.0,78.0,76.0,53.0,71.0,3393,198.32,30361685888793
4017.0,0,,71.0,76.0,76.0,52.0,71.0,2925,199.80,61697563166198
4017.0,1,,71.0,78.0,78.0,51.0,70.0,2808,198.94,33049498900756
4017.0,2,100.00,73.0,80.0,80.0,53.0,72.0,3126,197.25,30066871526672
4017.0,3,,72.0,78.0,78.0,52.0,70.0,3390,197.78,30362807307189
4023.0,0,,71.0,76.0,76.0,52.0,71.0,3042,199.95,61698694898803
4023.0,1,,71.0,78.0,78.0,51.0,70.0,2798,199.28,33050626806945
4023.0,2,,73.0,80.0,80.0,53.0,72.0,3138,197.24,30067987898986
4023.0,3,,72.0,78.0,78.0,52.0,71.0,3383,199.17,30363934603393
4028.0,0,,72.0,76.0,76.0,52.0,71.0,2838,199.50,61699826090515
4029.0,1,,70.0,78.0,78.0,52.0,70.0,2797,200.09,33051759339843
4029.0,2,,72.0,80.0,80.0,53.0,72.0,3346,197.59,30069106245727
4029.0,3,,73.0,76.0,78.0,53.0,71.0,3390,198.11,30365055906921
4034.0,0,,71.0,76.0,76.0,52.0,71.0,2883,200.15,61700958926269
4034.0,1,,70.0,78.0,78.0,52.0,70.0,2808,199.30,33052887387207
4034.0,2,100.00,73.0,80.0,80.0,53.0,72.0,3191,197.16,30070222198852
4034.0,3,,73.0,78.0,78.0,53.0,71.0,3382,198.38,30366178756103
4040.0,0,,71.0,76.0,76.0,52.0,70.0,3063,199.74,61702089476745
4040.0,1,,70.0,78.0,78.0,51.0,69.0,2799,198.82,33054014679260
4040.0,2,100.00,72.0,80.0,80.0,53.0,72.0,3104,197.42,30071341595886
4040.0,3,,73.0,78.0,78.0,53.0,71.0,3389,197.83,30367300457763
4045.0,0,,71.0,76.0,76.0,52.0,71.0,2861,200.22,61703222734924
4046.0,1,,70.0,78.0,78.0,51.0,70.0,2795,199.41,33055143360412
4046.0,2,,72.0,80.0,80.0,53.0,72.0,3326,197.45,30072459160705
4046.0,3,,73.0,78.0,78.0,53.0,71.0,3389,198.61,30368424570800
4051.0,0,,71.0,76.0,76.0,52.0,71.0,2817,199.58,61704354325561
4051.0,1,,70.0,78.0,78.0,51.0,70.0,2743,198.73,33056270181335
4051.0,2,,71.0,80.0,80.0,54.0,72.0,3147,196.52,30073573434692
4051.0,3,,73.0,78.0,76.0,53.0,71.0,3389,197.83,30369546272705
4057.0,0,,71.0,76.0,76.0,52.0,70.0,3041,200.05,61705486592773
4057.0,1,,70.0,78.0,78.0,52.0,70.0,2747,198.23,33057392161010
4057.0,2,,73.0,80.0,80.0,54.0,72.0,3094,196.95,30074688178344
4057.0,3,,73.0,76.0,78.0,53.0,71.0,3392,197.58,30370664554199
4062.0,0,84.00,69.0,74.0,74.0,52.0,70.0,3031,179.40,61706501974304
4062.0,1,84.01,70.0,78.0,78.0,51.0,69.0,2800,179.12,33058405990600
4063.0,2,83.76,71.0,80.0,80.0,53.0,71.0,3260,177.37,30075690323364
4063.0,3,83.78,72.0,78.0,76.0,52.0,70.0,3381,177.85,30371669382507
4068.0,0,,71.0,76.0,76.0,52.0,70.0,2645,199.93,61707631596069
4068.0,1,,71.0,78.0,78.0,51.0,69.0,2442,200.11,33059536610168
4068.0,2,,72.0,80.0,80.0,53.0,72.0,3037,199.92,30076819890502
4068.0,3,,72.0,78.0,78.0,53.0,70.0,3087,200.17,30372800337829
4074.0,0,,71.0,76.0,76.0,52.0,71.0,2772,200.17,61708762553771
4074.0,1,,71.0,78.0,78.0,52.0,70.0,2517,199.88,33060665932128
4074.0,2,,71.0,80.0,80.0,53.0,72.0,3078,199.69,30077950127502
4074.0,3,,71.0,78.0,78.0,53.0,71.0,3153,199.58,30373929981445
4079.0,0,,71.0,76.0,76.0,52.0,71.0,2798,199.89,61709893924133
4079.0,1,,71.0,78.0,78.0,52.0,70.0,2764,199.86,33061799164916
4080.0,2,,72.0,80.0,80.0,53.0,72.0,3089,199.71,30079082489562
4080.0,3,,71.0,76.0,78.0,53.0,71.0,3343,200.18,30375065016540
4085.0,0,,71.0,76.0,76.0,53.0,71.0,2838,199.87,61711027206115
4085.0,1,,70.0,78.0,78.0,52.0,70.0,2808,200.08,33062931616516
4085.0,2,,73.0,80.0,80.0,53.0,73.0,3277,199.81,30080213436401
4085.0,3,100.00,73.0,76.0,78.0,53.0,71.0,3383,199.82,30376195999206
4091.0,0,,71.0,76.0,76.0,52.0,71.0,3050,199.93,61712156828918
4091.0,1,,71.0,78.0,78.0,52.0,70.0,2797,200.00,33064059588989
4091.0,2,,71.0,80.0,80.0,53.0,72.0,3373,199.64,30081339430786
4091.0,3,,73.0,76.0,76.0,53.0,71.0,3386,199.94,30377321636718
4096.0,0,,71.0,76.0,76.0,52.0,71.0,2913,200.01,61713284881958
4096.0,1,,70.0,78.0,78.0,52.0,70.0,2805,200.01,33065189670532
4097.0,2,,72.0,80.0,80.0,53.0,72.0,3228,198.85,30082462935729
4097.0,3,,73.0,78.0,78.0,53.0,71.0,3385,199.52,30378450903808
4102.0,0,,71.0,76.0,76.0,52.0,71.0,2805,199.98,61714414740722
4102.0,1,,70.0,78.0,78.0,52.0,70.0,2807,199.75,33066318245788
4102.0,2,,73.0,80.0,80.0,53.0,72.0,3128,199.09,30083585823242
4102.0,3,,72.0,78.0,78.0,53.0,71.0,3385,199.97,30379576760498
4108.0,0,,71.0,76.0,76.0,52.0,71.0,2995,200.03,61715544902587
4108.0,1,,71.0,78.0,78.0,52.0,70.0,2799,200.33,33067450135620
4108.0,2,,72.0,80.0,80.0,53.0,72.0,3337,199.08,30084712620849
4108.0,3,,73.0,78.0,78.0,53.0,71.0,3387,199.43,30380707541931
4113.0,0,,71.0,76.0,76.0,52.0,71.0,2956,199.71,61716677244812
4113.0,1,,69.0,78.0,78.0,52.0,70.0,2800,199.80,33068580993041
4114.0,2,100.00,72.0,80.0,80.0,53.0,72.0,3182,198.59,30085836665405
4114.0,3,100.00,71.0,78.0,78.0,53.0,71.0,3386,198.87,30381833165161
4119.0,0,,72.0,76.0,76.0,52.0,71.0,2815,200.00,61717807254577
4119.0,1,100.00,71.0,78.0,78.0,51.0,69.0,2804,199.74,33069709495971
4119.0,2,,73.0,80.0,80.0,53.0,72.0,3154,198.35,30086957321838
4119.0,3,,70.0,76.0,78.0,53.0,71.0,3388,199.38,30382959659912
4125.0,0,,71.0,76.0,76.0,52.0,71.0,2942,199.92,61718936808593
4125.0,1,,71.0,78.0,78.0,52.0,70.0,2805,200.04,33070839745483
4125.0,2,,72.0,80.0,80.0,53.0,72.0,3338,198.46,30088078648437
4125.0,3,,73.0,78.0,78.0,53.0,71.0,3390,199.51,30384084921997
4130.0,0,,71.0,76.0,76.0,52.0,71.0,2995,199.94,61720066467895
4130.0,1,,70.0,78.0,78.0,51.0,69.0,2803,199.87,33071969006652
4130.0,2,,72.0,80.0,80.0,53.0,72.0,3290,198.16,30089198231262
4131.0,3,,73.0,78.0,76.0,53.0,71.0,3384,198.73,30385209716186
4136.0,0,,71.0,76.0,76.0,52.0,71.0,2819,199.81,61721197385620
4136.0,1,,71.0,78.0,78.0,52.0,70.0,2798,199.17,33073098304443
4136.0,2,,71.0,80.0,80.0,53.0,72.0,3114,197.56,30090318383056
4136.0,3,,72.0,78.0,78.0,53.0,71.0,3382,198.86,30386335257385
4142.0,0,,71.0,76.0,76.0,52.0,71.0,2989,200.02,61722329496520
4142.0,1,,71.0,78.0,78.0,52.0,70.0,2808,199.79,33074229138671
4142.0,2,,72.0,80.0,80.0,53.0,71.0,3170,197.63,30091436958251
4142.0,3,,72.0,78.0,78.0,53.0,71.0,3391,198.02,30387458042297
4147.0,0,,71.0,76.0,76.0,52.0,71.0,2971,200.08,61723461952819
4147.0,1,,70.0,78.0,78.0,51.0,69.0,2800,199.79,33075359970886
4147.0,2,,72.0,80.0,80.0,53.0,72.0,3353,197.55,30092555107055
4148.0,3,,72.0,78.0,78.0,53.0,71.0,3393,198.64,30388582320861
4153.0,0,,71.0,76.0,76.0,52.0,71.0,2811,200.15,61724592783203
4153.0,1,,70.0,78.0,78.0,51.0,69.0,2800,199.28,33076487894348
4153.0,2,,73.0,80.0,80.0,53.0,72.0,3160,197.37,30093670260986
4153.0,3,,73.0,78.0,78.0,53.0,71.0,3383,198.23,30389702315734
4158.0,0,,71.0,76.0,76.0,52.0,71.0,2900,199.68,61725724975830
4159.0,1,,71.0,78.0,78.0,52.0,69.0,2809,199.00,33077614237182
4159.0,2,,72.0,80.0,80.0,53.0,72.0,3093,196.89,30094786649230
4159.0,3,,72.0,78.0,78.0,53.0,71.0,3389,197.73,30390823436340
4164.0,0,,72.0,76.0,76.0,52.0,71.0,3052,200.03,61726857141113
4164.0,1,,70.0,78.0,78.0,52.0,70.0,2796,199.20,33078743712097
4164.0,2,,71.0,80.0,80.0,53.0,72.0,3324,197.21,30095904838745
4165.0,3,,73.0,76.0,78.0,53.0,71.0,3390,197.98,30391945960571
4170.0,0,,68.0,76.0,76.0,52.0,70.0,2816,199.92,61727990680786
4170.0,1,,70.0,78.0,78.0,51.0,69.0,2807,199.02,33079870180786
4170.0,2,,72.0,80.0,80.0,53.0,72.0,3294,197.53,30097022849548
4170.0,3,,71.0,76.0,78.0,53.0,71.0,3389,197.88,30393065940368
4175.0,0,,70.0,76.0,76.0,52.0,71.0,2932,200.22,61729125945007
4176.0,1,,70.0,78.0,78.0,52.0,70.0,2803,199.56,33081001684814
4176.0,2,,72.0,80.0,80.0,53.0,72.0,3120,196.89,30098141177307
4176.0,3,,72.0,78.0,78.0,53.0,71.0,3384,198.33,30394192480102
4181.0,0,86.20,70.0,76.0,76.0,52.0,71.0,2892,183.09,61730164074035
4181.0,1,85.98,70.0,78.0,78.0,51.0,69.0,2714,182.65,33082037329101
4181.0,2,85.92,72.0,80.0,80.0,53.0,72.0,3129,182.36,30099171494750
4182.0,3,86.02,72.0,78.0,78.0,52.0,70.0,3309,182.80,30395225295227
4187.0,0,,71.0,76.0,76.0,52.0,71.0,2720,199.84,61731293148498
4187.0,1,,70.0,78.0,78.0,52.0,70.0,2510,199.92,33083164863586
4187.0,2,,72.0,80.0,80.0,53.0,72.0,3097,199.82,30100298463073
4187.0,3,,73.0,76.0,78.0,53.0,71.0,3121,199.63,30396351219238
4192.0,0,,70.0,76.0,76.0,52.0,71.0,2801,200.25,61732420550048
4193.0,1,,71.0,78.0,78.0,52.0,70.0,2523,199.82,33084291866088
4193.0,2,,71.0,80.0,80.0,53.0,72.0,3094,199.47,30101425448059
4193.0,3,,72.0,78.0,76.0,53.0,71.0,3231,200.10,30397479807922
4198.0,0,,71.0,76.0,76.0,52.0,71.0,2802,199.58,61733550198547
4198.0,1,,70.0,78.0,78.0,52.0,70.0,2770,200.13,33085422624084
4198.0,2,,73.0,80.0,80.0,54.0,72.0,3112,199.82,30102554455078
4199.0,3,,72.0,78.0,76.0,53.0,71.0,3367,199.96,30398609562927
4204.0,0,,71.0,76.0,76.0,52.0,71.0,2950,200.24,61734681540344
4204.0,1,,70.0,78.0,78.0,52.0,70.0,2801,199.85,33086553755065
4204.0,2,,72.0,80.0,80.0,53.0,72.0,3330,199.46,30103683374877
4204.0,3,,73.0,78.0,78.0,52.0,71.0,3385,199.82,30399740544494
4209.0,0,,72.0,76.0,76.0,52.0,70.0,2995,199.82,61735810520385
4210.0,1,,69.0,78.0,78.0,51.0,69.0,2803,200.16,33087684656188
4210.0,2,,72.0,80.0,80.0,53.0,72.0,3344,199.85,30104812516784
4210.0,3,,72.0,78.0,78.0,53.0,71.0,3385,199.71,30400870916259
4215.0,0,,72.0,76.0,76.0,52.0,71.0,2802,199.78,61736941263183
4215.0,1,,70.0,78.0,78.0,52.0,69.0,2804,200.01,33088814729614
4215.0,2,,72.0,80.0,80.0,53.0,72.0,3146,198.71,30105935210632
4215.0,3,,72.0,76.0,76.0,53.0,71.0,3379,199.79,30401997708068
4221.0,0,,71.0,76.0,76.0,52.0,71.0,2997,200.35,61738071218750
4221.0,1,,69.0,78.0,78.0,52.0,70.0,2793,199.82,33089943718994
4221.0,2,,73.0,80.0,80.0,54.0,72.0,3173,198.99,30107059523132
4221.0,3,,72.0,78.0,76.0,53.0,71.0,3386,199.25,30403125438964
4226.0,0,,71.0,76.0,76.0,52.0,71.0,2950,199.49,61739200353149
4227.0,1,,70.0,78.0,78.0,52.0,70.0,2802,199.73,33091074217651
4227.0,2,100.00,73.0,80.0,80.0,53.0,72.0,3362,198.77,30108184568725
4227.0,3,,73.0,78.0,78.0,53.0,71.0,3390,199.57,30404254987915
4232.0,0,,71.0,76.0,76.0,52.0,71.0,2849,200.44,61740334849060
4232.0,1,,69.0,78.0,78.0,51.0,69.0,2808,200.02,33092206356872
4232.0,2,,72.0,80.0,80.0,53.0,72.0,3247,198.74,30109307463562
4232.0,3,,71.0,76.0,78.0,52.0,70.0,3388,199.47,30405382019897
4238.0,0,,72.0,76.0,76.0,52.0,71.0,2994,199.99,61741464780273
4238.0,1,100.00,70.0,78.0,78.0,51.0,69.0,2802,200.00,33093336360168
4238.0,2,,72.0,80.0,80.0,53.0,72.0,3105,198.31,30110429871643
4238.0,3,100.00,73.0,78.0,78.0,53.0,71.0,3382,199.25,30406509765197
4243.0,0,,71.0,76.0,76.0,52.0,71.0,2872,199.66,61742596869689
4243.0,1,,71.0,78.0,78.0,51.0,69.0,2807,199.44,33094467192871
4244.0,2,,73.0,80.0,80.0,53.0,72.0,3287,198.03,30111552694763
4244.0,3,,72.0,78.0,78.0,53.0,71.0,3390,198.43,30407634837646
4249.0,0,,71.0,76.0,76.0,52.0,71.0,2990,199.97,61743728722778
4249.0,1,,71.0,78.0,78.0,52.0,70.0,2799,199.72,33095597632263
4249.0,2,100.00,72.0,80.0,80.0,53.0,72.0,3277,198.02,30112671494873
4249.0,3,,73.0,78.0,78.0,52.0,71.0,3383,199.12,30408759860229
4255.0,0,,71.0,76.0,76.0,52.0,71.0,2821,199.71,61744859092224
4255.0,1,,71.0,78.0,78.0,52.0,70.0,2802,200.26,33096729100097
4255.0,2,,72.0,80.0,80.0,53.0,72.0,3127,197.25,30113789910461
4255.0,3,,73.0,78.0,78.0,53.0,71.0,3384,199.02,30409886298583
4260.0,0,,69.0,76.0,76.0,52.0,70.0,3022,200.12,61745991776428
4260.0,1,,71.0,78.0,78.0,52.0,69.0,2798,198.85,33097856588928
4261.0,2,,72.0,80.0,80.0,53.0,72.0,3327,198.45,30114913114440
4261.0,3,,73.0,78.0,76.0,53.0,71.0,3389,198.20,30411010071594
4266.0,0,,71.0,76.0,76.0,52.0,71.0,2882,200.01,61747123843811
4266.0,1,,70.0,78.0,78.0,52.0,70.0,2807,200.20,33098989745910
4266.0,2,,72.0,80.0,80.0,53.0,72.0,3149,197.51,30116030993103
4266.0,3,,73.0,78.0,78.0,53.0,71.0,3392,198.73,30412134861572
4272.0,0,,71.0,76.0,76.0,52.0,71.0,2862,200.14,61748256626464
4272.0,1,,70.0,78.0,78.0,52.0,70.0,2798,199.70,33100120065612
4272.0,2,,71.0,80.0,80.0,54.0,72.0,3222,197.63,30117149579162
4272.0,3,,73.0,78.0,78.0,53.0,71.0,3382,198.96,30413260974487
4277.0,0,,71.0,76.0,76.0,52.0,71.0,3019,199.70,61749388939025
4277.0,1,,71.0,78.0,78.0,52.0,69.0,2807,198.68,33101246596862
4278.0,2,,72.0,80.0,80.0,53.0,72.0,3261,197.03,30118266747619
4278.0,3,,71.0,76.0,78.0,53.0,71.0,3387,197.94,30414383291503
4283.0,0,,71.0,76.0,76.0,52.0,71.0,2860,200.04,61750521153442
4283.0,1,,70.0,78.0,78.0,51.0,69.0,2808,199.25,33102374360900
4283.0,2,,73.0,80.0,80.0,53.0,72.0,3115,196.78,30119380494140
4283.0,3,,71.0,78.0,78.0,52.0,71.0,3380,198.07,30415504346496
4289.0,0,,71.0,76.0,76.0,52.0,71.0,3010,199.62,61751653009338
4289.0,1,,69.0,78.0,78.0,51.0,69.0,2754,199.05,33103502967102
4289.0,2,,72.0,80.0,80.0,53.0,72.0,3094,196.59,30120495154785
4289.0,3,,73.0,78.0,78.0,53.0,71.0,3389,197.92,30416626560241
4294.0,0,,70.0,76.0,76.0,51.0,70.0,2911,200.13,61752785739440
4294.0,1,,70.0,78.0,78.0,51.0,70.0,2787,198.76,33104627939514
4295.0,2,,72.0,80.0,80.0,53.0,72.0,3325,197.30,30121611849670
4295.0,3,,72.0,78.0,78.0,52.0,71.0,3390,197.88,30417746536682
4300.0,0,,69.0,76.0,76.0,52.0,71.0,2836,199.39,61753918264282
4300.0,1,,70.0,78.0,78.0,51.0,69.0,2803,199.52,33105759222106
4300.0,2,,72.0,80.0,80.0,53.0,72.0,3249,197.21,30122730029235
4300.0,3,,73.0,78.0,78.0,53.0,71.0,3386,197.70,30418869470275
4306.0,0,,68.0,74.0,74.0,52.0,70.0,3034,192.18,61755004064392
4306.0,1,,66.0,76.0,76.0,50.0,67.0,2810,189.08,33106829414855
4306.0,2,,68.0,78.0,78.0,52.0,70.0,3096,183.62,30123769291564
4306.0,3,,67.0,74.0,74.0,51.0,69.0,3380,182.93,30419904840209
4311.0,0,,71.0,76.0,76.0,52.0,71.0,2595,179.43,61756021424011
4311.0,1,,69.0,78.0,78.0,52.0,69.0,2419,181.39,33107856079406
4312.0,2,,71.0,80.0,80.0,53.0,72.0,2973,183.40,30124807323425
4312.0,3,,72.0,78.0,78.0,52.0,71.0,3041,186.43,30420956324218
4317.0,0,,70.0,76.0,76.0,52.0,71.0,2754,200.15,61757150297668
4317.0,1,,71.0,78.0,78.0,52.0,70.0,2435,199.95,33108983775634
4317.0,2,,73.0,80.0,80.0,53.0,72.0,3061,199.90,30125934779968
4317.0,3,,72.0,78.0,78.0,53.0,70.0,3070,199.82,30422085304687
4323.0,0,,71.0,76.0,76.0,52.0,71.0,2805,199.68,61758278490966
4323.0,1,,71.0,78.0,78.0,52.0,70.0,2655,200.02,33110113885620
4323.0,2,,72.0,80.0,80.0,53.0,72.0,3080,199.90,30127064203002
4323.0,3,,72.0,78.0,78.0,53.0,71.0,3271,199.89,30423214702392
4328.0,0,,71.0,76.0,76.0,52.0,71.0,2888,200.01,61759408543151
4328.0,1,,70.0,78.0,78.0,52.0,70.0,2794,199.96,33111243677001
4329.0,2,,72.0,80.0,80.0,53.0,72.0,3115,199.58,30128191855529
4329.0,3,,71.0,76.0,76.0,53.0,71.0,3380,199.85,30424343853637
4334.0,0,,71.0,76.0,76.0,52.0,71.0,3070,199.92,61760538080749
4334.0,1,,70.0,78.0,78.0,52.0,70.0,2803,199.88,33112372992309
4334.0,2,,72.0,80.0,80.0,53.0,72.0,3332,199.94,30129321502197
4334.0,3,,73.0,78.0,78.0,53.0,71.0,3375,200.02,30425473941406
4340.0,0,,71.0,76.0,76.0,52.0,71.0,2908,200.03,61761668259277
4340.0,1,,70.0,78.0,78.0,52.0,70.0,2803,199.86,33113504220275
4340.0,2,,71.0,80.0,80.0,54.0,72.0,3260,199.26,30130447344238
4340.0,3,,73.0,78.0,78.0,53.0,71.0,3388,199.97,30426603783569
4345.0,0,,71.0,76.0,76.0,52.0,71.0,2803,199.91,61762797753479
4345.0,1,,71.0,78.0,78.0,52.0,70.0,2802,200.17,33114635191101
4345.0,2,,71.0,80.0,80.0,54.0,72.0,3108,198.85,30131572858093
4346.0,3,,71.0,78.0,76.0,53.0,71.0,3383,199.75,30427734361267
4351.0,0,,69.0,76.0,76.0,52.0,71.0,3003,199.97,61763929584716
4351.0,1,100.00,70.0,78.0,78.0,52.0,70.0,2804,199.94,33115764834899
4351.0,2,,72.0,80.0,80.0,53.0,72.0,3314,198.50,30132694380920
4351.0,3,,73.0,76.0,78.0,53.0,71.0,3392,199.35,30428858687255
4356.0,0,100.00,71.0,76.0,76.0,52.0,71.0,2952,200.05,61765059860107
4357.0,1,,71.0,78.0,78.0,51.0,70.0,2801,199.82,33116895803222
4357.0,2,100.00,73.0,80.0,80.0,53.0,72.0,3224,198.98,30133820635925
4357.0,3,,73.0,78.0,78.0,53.0,71.0,3391,199.20,30429988157348
4362.0,0,,72.0,76.0,76.0,52.0,71.0,2812,199.88,61766191153503
4362.0,1,,70.0,78.0,78.0,51.0,70.0,2800,199.68,33118026001220
4362.0,2,,72.0,80.0,80.0,54.0,72.0,3172,198.15,30134940210144
4363.0,3,,72.0,78.0,78.0,53.0,71.0,3385,199.02,30431112595703
4368.0,0,,71.0,76.0,76.0,52.0,71.0,3043,200.30,61767322825927
4368.0,1,,71.0,78.0,78.0,52.0,70.0,2799,199.87,33119157276977
4368.0,2,,72.0,80.0,80.0,53.0,72.0,3349,198.77,30136065231384
4368.0,3,,72.0,78.0,78.0,53.0,71.0,3389,198.85,30432240059509
4373.0,0,,71.0,76.0,76.0,52.0,71.0,2848,199.69,61768455085815
4374.0,1,,70.0,78.0,78.0,52.0,70.0,2807,200.20,33120290414001
4374.0,2,,71.0,80.0,80.0,53.0,72.0,3178,197.57,30137185469665
4374.0,3,,73.0,76.0,78.0,53.0,71.0,3385,199.06,30433366718139
4379.0,0,,72.0,76.0,76.0,53.0,71.0,2848,200.13,61769585840148
4379.0,1,,71.0,78.0,78.0,52.0,69.0,2807,199.27,33121416307922
4379.0,2,,72.0,80.0,80.0,54.0,73.0,3096,198.04,30138302426269
4380.0,3,,72.0,78.0,78.0,53.0,71.0,3392,198.35,30434485416259
4385.0,0,,71.0,76.0,76.0,52.0,71.0,3051,199.77,61770714516174
4385.0,1,,71.0,78.0,78.0,52.0,69.0,2805,199.91,33122543825683
4385.0,2,,72.0,80.0,80.0,53.0,73.0,3269,198.13,30139421868896
4385.0,3,,72.0,78.0,78.0,53.0,71.0,3383,198.66,30435609825805
4390.0,0,,71.0,76.0,76.0,52.0,71.0,2937,199.82,61771845479858
4391.0,1,,70.0,78.0,78.0,51.0,69.0,2797,199.80,33123676670532
4391.0,2,,72.0,80.0,80.0,53.0,72.0,3337,197.50,30140541670166
4391.0,3,,72.0,78.0,78.0,53.0,71.0,3391,199.03,30436736340881
4396.0,0,,71.0,76.0,76.0,52.0,71.0,2817,200.20,61772978591735
4396.0,1,,69.0,78.0,78.0,52.0,69.0,2807,199.41,33124807319458
4396.0,2,,72.0,80.0,80.0,53.0,72.0,3134,197.42,30141661028137
4397.0,3,,72.0,76.0,76.0,52.0,70.0,3387,198.36,30437861025573
4402.0,0,,71.0,76.0,76.0,52.0,71.0,2955,199.73,61774111065795
4402.0,1,,70.0,78.0,78.0,52.0,70.0,2798,200.06,33125939682739
4402.0,2,,72.0,80.0,80.0,53.0,72.0,3096,196.99,30142776009460
4402.0,3,,73.0,78.0,78.0,53.0,71.0,3396,198.29,30438981340087
4407.0,0,,71.0,76.0,76.0,52.0,71.0,2994,200.16,61775241987548
4408.0,1,,68.0,78.0,78.0,51.0,69.0,2705,198.86,33127065221008
4408.0,2,,72.0,80.0,80.0,53.0,72.0,3290,197.76,30143893330932
4408.0,3,,73.0,78.0,78.0,53.0,71.0,3383,198.16,30440102939392
4413.0,0,,72.0,76.0,76.0,52.0,71.0,2810,199.76,61776372609130
4413.0,1,,70.0,78.0,78.0,52.0,70.0,2802,199.58,33128192866455
4413.0,2,,72.0,80.0,80.0,53.0,72.0,3195,196.61,30145006161682
4414.0,3,,73.0,76.0,76.0,53.0,71.0,3388,198.19,30441222694885
4419.0,0,,69.0,76.0,76.0,53.0,71.0,2947,199.71,61777502978820
4419.0,1,,70.0,78.0,78.0,51.0,69.0,2800,198.68,33129317403076
4419.0,2,100.00,72.0,80.0,80.0,54.0,72.0,3084,196.88,30146120485229
4419.0,3,,72.0,76.0,78.0,52.0,71.0,3392,196.87,30442338955078
4424.0,0,,70.0,76.0,76.0,52.0,71.0,2980,199.81,61778633912658
4425.0,1,,70.0,78.0,78.0,51.0,69.0,2799,199.17,33130444698059
4425.0,2,,72.0,80.0,80.0,53.0,72.0,3242,197.12,30147236169677
4425.0,3,,71.0,78.0,78.0,53.0,71.0,3391,197.78,30443458366821
4430.0,0,,67.0,74.0,74.0,51.0,69.0,2817,194.71,61779737931640
4430.0,1,,66.0,76.0,76.0,50.0,68.0,2805,192.15,33131534163757
4430.0,2,,68.0,78.0,78.0,52.0,70.0,3376,188.49,30148304885559
4431.0,3,,67.0,74.0,74.0,51.0,68.0,3384,186.62,30444516505004
4436.0,0,,71.0,76.0,76.0,52.0,71.0,2693,185.12,61780785732360
4436.0,1,,71.0,78.0,78.0,51.0,69.0,2506,187.52,33132593676574
4436.0,2,,72.0,80.0,80.0,53.0,72.0,3073,189.46,30149375356445
4436.0,3,,71.0,76.0,78.0,53.0,71.0,3140,192.47,30445602012695
4441.0,0,,71.0,76.0,76.0,52.0,71.0,2776,200.06,61781914046081
4442.0,1,,70.0,78.0,78.0,52.0,70.0,2466,199.69,33133721946105
4442.0,2,,72.0,80.0,80.0,53.0,72.0,3081,200.11,30150503968383
4442.0,3,,72.0,76.0,76.0,53.0,71.0,3100,200.00,30446732027343
4447.0,0,,72.0,76.0,76.0,52.0,71.0,2803,200.00,61783044066589
4447.0,1,,70.0,78.0,78.0,52.0,70.0,2684,200.06,33134852278747
4447.0,2,,72.0,80.0,80.0,53.0,72.0,3088,199.70,30151634282592
4447.0,3,,73.0,78.0,78.0,53.0,71.0,3301,199.86,30447863210693
4453.0,0,,72.0,76.0,76.0,52.0,71.0,2942,200.16,61784174948303
4453.0,1,,70.0,78.0,78.0,52.0,70.0,2796,199.81,33135981194335
4453.0,2,,71.0,80.0,80.0,54.0,73.0,3094,199.46,30152759217041
4453.0,3,,73.0,76.0,78.0,53.0,71.0,3380,200.06,30448991531982
4458.0,0,,71.0,76.0,76.0,52.0,71.0,3006,199.82,61785303927734
4458.0,1,,70.0,78.0,78.0,52.0,70.0,2803,200.05,33137111466796
4459.0,2,,73.0,80.0,80.0,53.0,72.0,3236,199.66,30153889281677
4459.0,3,,71.0,78.0,76.0,53.0,71.0,3386,199.71,30450121876220
4464.0,0,,71.0,76.0,76.0,52.0,71.0,2810,200.12,61786436586608
4464.0,1,100.00,70.0,78.0,78.0,51.0,69.0,2799,199.87,33138242731384
4464.0,2,,72.0,80.0,80.0,53.0,72.0,3371,199.47,30155018282470
4464.0,3,,72.0,78.0,76.0,53.0,71.0,3381,199.85,30451253015502
4470.0,0,,72.0,76.0,76.0,52.0,71.0,2990,199.94,61787568219787
4470.0,1,,70.0,78.0,78.0,52.0,70.0,2799,199.90,33139374165344
4470.0,2,,72.0,80.0,80.0,53.0,72.0,3264,199.01,30156144656250
4470.0,3,,73.0,76.0,78.0,53.0,71.0,3390,199.78,30452383777648
4475.0,0,,71.0,76.0,76.0,52.0,71.0,2959,199.98,61788700113037
4475.0,1,,68.0,78.0,78.0,52.0,70.0,2800,199.94,33140505799987
4476.0,2,,72.0,80.0,80.0,53.0,72.0,3109,198.06,30157265652465
4476.0,3,,71.0,78.0,78.0,53.0,71.0,3385,198.86,30453509297973
4481.0,0,,71.0,76.0,76.0,52.0,71.0,2831,199.86,61789831341308
4481.0,1,,70.0,78.0,78.0,52.0,70.0,2799,200.07,33141638209350
4481.0,2,,72.0,80.0,80.0,53.0,72.0,3191,198.87,30158391254638
4481.0,3,,73.0,78.0,76.0,53.0,71.0,3382,199.68,30454639511535
4487.0,0,,71.0,76.0,76.0,52.0,71.0,2958,199.87,61790962630371
4487.0,1,,70.0,78.0,78.0,52.0,70.0,2801,199.70,33142768508972
4487.0,2,,72.0,80.0,80.0,53.0,72.0,3359,198.57,30159515172363
4487.0,3,,73.0,78.0,78.0,53.0,71.0,3391,199.18,30455766873413
4492.0,0,,72.0,76.0,76.0,52.0,71.0,2986,199.76,61792095264709
4492.0,1,,70.0,78.0,78.0,51.0,70.0,2805,199.80,33143901373779
4493.0,2,100.00,72.0,80.0,80.0,53.0,72.0,3188,197.93,30160637449707
4493.0,3,,73.0,76.0,78.0,53.0,71.0,3390,198.64,30456893140747
4498.0,0,,71.0,76.0,76.0,52.0,71.0,2875,200.02,61793227395141
4498.0,1,,70.0,78.0,78.0,51.0,70.0,2801,200.04,33145031622924
4498.0,2,,73.0,80.0,80.0,53.0,72.0,3100,198.07,30161756566589
4498.0,3,,73.0,78.0,76.0,53.0,71.0,3387,198.83,30458016540344
4504.0,0,,71.0,76.0,76.0,52.0,71.0,2834,199.97,61794357242614
4504.0,1,,70.0,78.0,78.0,52.0,70.0,2803,199.45,33146160510131
4504.0,2,,70.0,80.0,80.0,52.0,71.0,3310,198.35,30162879229736
4504.0,3,,73.0,76.0,78.0,53.0,71.0,3396,198.86,30459140079589
4509.0,0,100.00,72.0,76.0,76.0,52.0,71.0,3042,200.06,61795489562683
4509.0,1,,70.0,78.0,78.0,52.0,70.0,2808,199.68,33147290704956
4510.0,2,,71.0,80.0,80.0,53.0,72.0,3231,197.24,30163995618286
4510.0,3,,73.0,76.0,78.0,53.0,71.0,3390,198.09,30460263228637
4515.0,0,,71.0,76.0,76.0,52.0,71.0,2926,199.97,61796621372863
4515.0,1,100.00,70.0,78.0,78.0,51.0,69.0,2798,199.26,33148418502563
4515.0,2,100.00,72.0,80.0,80.0,54.0,72.0,3097,196.92,30165110212524
4515.0,3,,72.0,76.0,78.0,52.0,71.0,3382,198.24,30461385267578
4521.0,0,,71.0,76.0,76.0,52.0,71.0,2818,199.81,61797754318359
4521.0,1,,70.0,78.0,78.0,51.0,69.0,2808,199.86,33149549681884
4521.0,2,,73.0,80.0,80.0,53.0,72.0,3252,197.91,30166230384094
4521.0,3,,72.0,78.0,78.0,52.0,71.0,3390,198.36,30462507963500
4526.0,0,,71.0,76.0,76.0,52.0,71.0,3052,199.99,61798886280395
4526.0,1,,70.0,78.0,78.0,51.0,70.0,2775,199.45,33150680557800
4527.0,2,,72.0,80.0,80.0,53.0,72.0,3303,197.10,30167347940917
4527.0,3,,73.0,78.0,76.0,53.0,71.0,3389,198.34,30463632548950
4532.0,0,,71.0,76.0,76.0,52.0,71.0,2930,199.92,61800019808593
4532.0,1,100.00,71.0,78.0,78.0,51.0,70.0,2772,199.01,33151808940917
4532.0,2,100.00,72.0,80.0,80.0,54.0,72.0,3123,197.07,30168465354003
4532.0,3,100.00,73.0,78.0,78.0,53.0,71.0,3387,198.25,30464756648803
4538.0,0,,72.0,76.0,76.0,52.0,71.0,2810,199.82,61801150812805
4538.0,1,,70.0,78.0,78.0,50.0,69.0,2800,199.53,33152938273925
4538.0,2,,72.0,80.0,80.0,53.0,72.0,3138,196.90,30169579794860
4538.0,3,,73.0,78.0,76.0,53.0,71.0,3382,198.07,30465877732177
4543.0,0,,71.0,76.0,76.0,52.0,71.0,3022,199.75,61802281423095
4543.0,1,,71.0,78.0,78.0,51.0,70.0,2804,199.38,33154064774597
4544.0,2,,72.0,80.0,80.0,53.0,72.0,3347,197.19,30170693915100
4544.0,3,,71.0,78.0,78.0,53.0,71.0,3392,197.70,30466994731994
4549.0,0,,70.0,76.0,76.0,52.0,71.0,2877,200.06,61803411740722
4549.0,1,,70.0,78.0,78.0,51.0,70.0,2800,199.02,33155191207580
4549.0,2,,69.0,80.0,80.0,52.0,71.0,3198,196.67,30171807045898
4549.0,3,,73.0,76.0,78.0,53.0,71.0,3389,198.07,30468115793090
4555.0,0,,70.0,76.0,76.0,53.0,71.0,2859,199.62,61804543611450
4555.0,1,,70.0,78.0,78.0,51.0,69.0,2763,198.98,33156319402832
4555.0,2,,72.0,80.0,80.0,53.0,72.0,3103,196.58,30172921669311
4555.0,3,,73.0,78.0,78.0,53.0,71.0,3388,197.09,30469233301025
4560.0,0,,71.0,76.0,76.0,52.0,71.0,2986,200.00,61805677593261
4560.0,1,,70.0,78.0,78.0,51.0,69.0,2741,198.54,33157445101867
4561.0,2,,73.0,80.0,80.0,53.0,73.0,3092,196.30,30174034663879
4561.0,3,,73.0,78.0,78.0,53.0,71.0,3388,197.75,30470354543945
4566.0,0,,71.0,76.0,76.0,52.0,71.0,2881,200.06,61806809909851
4566.0,1,,70.0,78.0,78.0,51.0,70.0,2797,200.12,33158577784790
4566.0,2,,73.0,80.0,80.0,53.0,72.0,3306,198.50,30175158202087
4566.0,3,,73.0,78.0,78.0,53.0,71.0,3391,199.10,30471481457519
4572.0,0,86.65,70.0,76.0,76.0,52.0,70.0,2947,181.81,61807838979736
4572.0,1,86.46,70.0,78.0,78.0,51.0,69.0,2717,180.90,33159601654968
4572.0,2,86.40,71.0,80.0,80.0,53.0,72.0,3300,180.16,30176177899902
4572.0,3,86.61,73.0,78.0,78.0,52.0,70.0,3344,180.87,30472503388854
4577.0,0,,70.0,76.0,76.0,52.0,70.0,2733,199.48,61808966046630
4577.0,1,,69.0,78.0,78.0,52.0,70.0,2490,199.90,33160729116271
4577.0,2,100.00,72.0,80.0,80.0,53.0,72.0,3035,199.97,30177303734191
4578.0,3,,71.0,78.0,78.0,53.0,71.0,3111,199.71,30473629745849
4583.0,0,,70.0,76.0,76.0,52.0,71.0,2800,200.21,61810093230346
4583.0,1,,71.0,78.0,78.0,52.0,70.0,2535,200.02,33161855211120
4583.0,2,,72.0,80.0,80.0,53.0,72.0,3076,199.85,30178430880554
4583.0,3,,72.0,76.0,78.0,53.0,71.0,3169,199.99,30474757706787
4588.0,0,,72.0,76.0,76.0,52.0,71.0,2797,200.14,61811222041503
4589.0,1,,70.0,78.0,78.0,52.0,70.0,2765,199.69,33162983453979
4589.0,2,,71.0,80.0,80.0,53.0,72.0,3086,199.82,30179557869812
4589.0,3,,73.0,76.0,78.0,53.0,71.0,3353,200.17,30475884671508
4594.0,0,100.00,71.0,76.0,76.0,52.0,71.0,2914,199.58,61812349696228
4594.0,1,,70.0,78.0,78.0,52.0,70.0,2806,200.36,33164113465942
4594.0,2,100.00,73.0,80.0,80.0,53.0,72.0,3186,199.58,30180685483032
4595.0,3,,73.0,78.0,78.0,53.0,71.0,3377,199.53,30477014006042
4600.0,0,,71.0,76.0,76.0,52.0,71.0,3033,200.22,61813480923889
4600.0,1,,70.0,78.0,78.0,52.0,70.0,2800,199.85,33165244604064
4600.0,2,,72.0,80.0,80.0,53.0,72.0,3360,199.47,30181814488403
4600.0,3,,72.0,78.0,76.0,53.0,71.0,3380,199.92,30478145535461
4605.0,0,,71.0,76.0,76.0,52.0,71.0,2808,199.84,61814614008972
4606.0,1,,70.0,78.0,78.0,52.0,70.0,2801,199.37,33166375040710
4606.0,2,,72.0,80.0,80.0,53.0,72.0,3236,198.71,30182937173400
4606.0,3,,72.0,78.0,78.0,53.0,71.0,3386,199.82,30479268541625
4611.0,0,,71.0,76.0,76.0,52.0,71.0,2959,200.20,61815737118164
4611.0,1,,70.0,78.0,78.0,52.0,70.0,2796,200.51,33167499905822
4611.0,2,100.00,72.0,80.0,80.0,53.0,72.0,3127,198.78,30184056277038
4611.0,3,,73.0,76.0,78.0,53.0,71.0,3381,199.22,30480396123107
4617.0,0,,71.0,76.0,76.0,52.0,71.0,2938,199.74,61816867635986
4617.0,1,,70.0,78.0,78.0,52.0,70.0,2799,200.01,33168631961730
4617.0,2,,71.0,80.0,80.0,53.0,72.0,3340,199.07,30185183035705
4617.0,3,,71.0,76.0,78.0,53.0,71.0,3390,199.60,30481525872497
4622.0,0,,72.0,76.0,76.0,52.0,71.0,2860,200.04,61818001887573
4623.0,1,,70.0,78.0,78.0,51.0,70.0,2807,199.66,33169764041442
4623.0,2,,72.0,80.0,80.0,54.0,73.0,3233,198.96,30186309163635
4623.0,3,,72.0,78.0,76.0,53.0,71.0,3385,199.12,30482652889038
4628.0,0,,71.0,76.0,76.0,52.0,71.0,3058,199.85,61819131033325
4628.0,1,,71.0,78.0,78.0,52.0,70.0,2806,199.97,33170893857971
4628.0,2,,72.0,80.0,80.0,53.0,72.0,3152,197.55,30187427279052
4628.0,3,,73.0,78.0,78.0,53.0,71.0,3383,198.89,30483778612792
4634.0,0,,71.0,76.0,76.0,52.0,71.0,2839,200.24,61820264418823
4634.0,1,,70.0,78.0,78.0,51.0,69.0,2806,199.89,33172025222229
4634.0,2,,72.0,80.0,80.0,53.0,72.0,3305,198.62,30188551449707
4634.0,3,,73.0,78.0,78.0,53.0,71.0,3389,198.61,30484902717224
4639.0,0,,69.0,76.0,76.0,52.0,71.0,2891,199.93,61821398015808
4640.0,1,,70.0,78.0,78.0,52.0,70.0,2797,199.71,33173157566406
4640.0,2,,72.0,80.0,80.0,53.0,72.0,3137,197.38,30189670616333
4640.0,3,,71.0,78.0,76.0,53.0,71.0,3393,198.79,30486027892578
4645.0,0,,71.0,76.0,76.0,52.0,71.0,3065,199.84,61822529099304
4645.0,1,,70.0,78.0,78.0,51.0,70.0,2800,199.93,33174289157348
4645.0,2,,71.0,80.0,80.0,53.0,72.0,3235,198.22,30190790541748
4645.0,3,,73.0,78.0,76.0,53.0,71.0,3382,199.03,30487154408874
4651.0,0,,71.0,76.0,76.0,52.0,71.0,2895,199.81,61823660045166
4651.0,1,,70.0,78.0,78.0,52.0,70.0,2810,199.60,33175418912353
4651.0,2,,72.0,80.0,80.0,53.0,72.0,3287,197.94,30191910858093
4651.0,3,,73.0,78.0,76.0,53.0,71.0,3393,198.59,30488278431579
4656.0,0,,71.0,76.0,76.0,52.0,72.0,2820,200.04,61824792263183
4656.0,1,,69.0,78.0,78.0,52.0,69.0,2797,199.40,33176547489929
4657.0,2,100.00,72.0,80.0,80.0,53.0,72.0,3114,197.50,30193030705810
4657.0,3,,73.0,78.0,78.0,52.0,71.0,3389,197.71,30489399420532
4662.0,0,,71.0,76.0,76.0,52.0,72.0,3007,199.89,61825925611755
4662.0,1,,69.0,78.0,78.0,51.0,69.0,2796,199.42,33177678189514
4662.0,2,,73.0,80.0,80.0,53.0,72.0,3178,197.81,30194150325805
4662.0,3,,70.0,76.0,78.0,52.0,70.0,3388,198.73,30490526193359
4668.0,0,,71.0,76.0,76.0,52.0,71.0,2879,199.98,61827057513305
4668.0,1,,70.0,78.0,78.0,52.0,70.0,2806,200.22,33178811408081
4668.0,2,,72.0,80.0,80.0,53.0,72.0,3355,197.03,30195269460327
4668.0,3,,73.0,78.0,78.0,53.0,71.0,3392,198.31,30491648634460
4673.0,0,,67.0,74.0,74.0,51.0,69.0,2979,194.56,61828156766967
4673.0,1,,66.0,76.0,76.0,50.0,67.0,2806,190.97,33179886543151
4674.0,2,,68.0,78.0,78.0,52.0,70.0,3138,186.48,30196313762145
4674.0,3,,67.0,74.0,74.0,51.0,69.0,3393,184.90,30492682248291
4679.0,0,,70.0,76.0,76.0,52.0,71.0,2820,185.33,61829192753601
4679.0,1,,69.0,78.0,78.0,51.0,69.0,2536,187.14,33180936426269
4679.0,2,,72.0,80.0,80.0,53.0,72.0,3010,189.17,30197376911010
4679.0,3,,72.0,78.0,78.0,52.0,71.0,3109,191.37,30493761589294
4685.0,0,,71.0,76.0,76.0,52.0,70.0,2793,200.01,61830322824890
4685.0,1,,71.0,78.0,78.0,51.0,69.0,2483,200.09,33182066953613
4685.0,2,,71.0,80.0,80.0,54.0,72.0,3075,199.74,30198507449951
4685.0,3,,73.0,76.0,78.0,53.0,71.0,3083,199.98,30494893459167
4690.0,0,,71.0,76.0,76.0,52.0,71.0,2799,200.08,61831455284667
4690.0,1,,71.0,78.0,78.0,52.0,70.0,2640,199.99,33183198921752
4691.0,2,,72.0,80.0,80.0,53.0,72.0,3086,199.80,30199638304260
4691.0,3,,72.0,78.0,76.0,53.0,71.0,3300,199.96,30496025226623
4696.0,0,,71.0,76.0,76.0,52.0,71.0,2835,200.13,61832586006835
4696.0,1,,71.0,78.0,78.0,52.0,70.0,2794,199.98,33184328819274
4696.0,2,,72.0,80.0,80.0,53.0,72.0,3262,199.77,30200766997924
4696.0,3,,73.0,78.0,78.0,53.0,71.0,3376,200.02,30497155315551
4702.0,0,,69.0,76.0,76.0,52.0,71.0,3033,199.72,61833716404174
4702.0,1,,70.0,78.0,78.0,52.0,70.0,2811,199.88,33185460150024
4702.0,2,100.00,73.0,80.0,80.0,53.0,72.0,3360,199.58,30201896600708
4702.0,3,,72.0,76.0,76.0,53.0,71.0,3393,199.91,30498286797241
4707.0,0,,71.0,76.0,76.0,52.0,71.0,2842,200.01,61834848435974
4707.0,1,,69.0,78.0,78.0,52.0,69.0,2799,199.96,33186591913330
4707.0,2,100.00,73.0,80.0,80.0,53.0,72.0,3149,199.20,30203024074523
4708.0,3,,73.0,78.0,76.0,53.0,71.0,3385,199.97,30499416646911
4713.0,0,,71.0,76.0,76.0,52.0,71.0,2960,199.85,61835979591796
4713.0,1,,71.0,78.0,78.0,52.0,70.0,2801,199.93,33187721502197
4713.0,2,,73.0,80.0,80.0,54.0,72.0,3227,199.06,30204148788269
4713.0,3,,72.0,78.0,78.0,53.0,71.0,3384,199.47,30500545626892
4718.0,0,,70.0,76.0,76.0,52.0,71.0,2941,199.94,61837109271240
4719.0,1,,70.0,78.0,78.0,52.0,69.0,2808,200.14,33188852287963
4719.0,2,,73.0,80.0,80.0,53.0,72.0,3363,199.20,30205272259277
4719.0,3,,72.0,78.0,78.0,52.0,71.0,3385,199.66,30501671730957
4724.0,0,,72.0,76.0,76.0,52.0,71.0,2819,199.78,61838236008117
4724.0,1,,70.0,78.0,78.0,52.0,70.0,2803,199.79,33189981126037
4724.0,2,100.00,71.0,80.0,80.0,54.0,72.0,3159,198.38,30206395071289
4725.0,3,,73.0,78.0,78.0,53.0,71.0,3382,199.26,30502799546997
4730.0,0,,71.0,76.0,76.0,52.0,71.0,3041,200.47,61839370658386
4730.0,1,,70.0,78.0,78.0,52.0,70.0,2798,199.82,33191112098266
4730.0,2,,72.0,80.0,80.0,53.0,71.0,3138,198.28,30207517320617
4730.0,3,,73.0,76.0,78.0,53.0,71.0,3392,199.09,30503926373229
4735.0,0,,70.0,76.0,76.0,52.0,70.0,2956,199.77,61840503362915
4736.0,1,,70.0,78.0,78.0,52.0,69.0,2808,199.77,33192244819458
4736.0,2,,72.0,80.0,80.0,53.0,71.0,3348,198.51,30208640870910
4736.0,3,,73.0,78.0,78.0,53.0,71.0,3393,198.77,30505051390014
4741.0,0,,71.0,76.0,76.0,52.0,71.0,2803,200.00,61841633379516
4741.0,1,,71.0,78.0,78.0,52.0,70.0,2803,199.86,33193374009460
4741.0,2,,72.0,80.0,80.0,53.0,72.0,3241,197.61,30209757353637
4742.0,3,,73.0,78.0,78.0,53.0,71.0,3380,198.50,30506172897521
4747.0,0,,71.0,76.0,76.0,52.0,71.0,3050,199.90,61842762837524
4747.0,1,,70.0,78.0,78.0,52.0,70.0,2806,200.05,33194502293884
4747.0,2,,72.0,80.0,80.0,53.0,72.0,3100,197.83,30210875072753
4747.0,3,,72.0,78.0,78.0,53.0,71.0,3384,198.83,30507296280578
4752.0,0,,70.0,76.0,76.0,52.0,70.0,2905,199.96,61843894609252
4753.0,1,,70.0,78.0,78.0,52.0,69.0,2799,199.91,33195633760559
4753.0,2,,72.0,80.0,80.0,53.0,73.0,3171,197.96,30211995533935
4753.0,3,,72.0,78.0,78.0,53.0,71.0,3385,198.67,30508420731140
4758.0,0,,72.0,76.0,76.0,52.0,71.0,2801,199.85,61845025771118
4758.0,1,,69.0,78.0,78.0,51.0,69.0,2809,199.71,33196764097717
4758.0,2,,72.0,80.0,80.0,53.0,72.0,3350,198.00,30213116209899
4759.0,3,,72.0,78.0,78.0,53.0,71.0,3390,198.95,30509546764282
4764.0,0,,71.0,76.0,76.0,52.0,71.0,3050,200.23,61846159066284
4764.0,1,,70.0,78.0,78.0,52.0,69.0,2796,199.01,33197892495727
4764.0,2,,72.0,80.0,80.0,53.0,72.0,3165,197.21,30214234394470
4764.0,3,,72.0,78.0,78.0,52.0,71.0,3387,198.54,30510672492004
4769.0,0,,71.0,76.0,76.0,52.0,71.0,2910,199.66,61847291128173
4770.0,1,,70.0,78.0,78.0,52.0,70.0,2803,199.85,33199025656250
4770.0,2,,72.0,80.0,80.0,53.0,72.0,3089,197.07,30215351760131
4770.0,3,,73.0,78.0,78.0,53.0,71.0,3387,197.84,30511794225158
4775.0,0,,71.0,76.0,76.0,52.0,71.0,2848,200.00,61848425142028
4775.0,1,,68.0,78.0,78.0,51.0,69.0,2795,199.13,33200154734863
4775.0,2,,72.0,80.0,80.0,53.0,72.0,3282,197.49,30216471545654
4776.0,3,,73.0,78.0,78.0,53.0,71.0,3389,198.11,30512917501281
4781.0,0,,71.0,76.0,76.0,52.0,71.0,3054,200.06,61849557479797
4781.0,1,,70.0,78.0,78.0,52.0,70.0,2714,199.47,33201283709350
4781.0,2,,72.0,80.0,80.0,53.0,72.0,3214,196.71,30217584912902
4781.0,3,,72.0,78.0,76.0,53.0,71.0,3383,197.55,30514035614562
4786.0,0,,70.0,76.0,76.0,51.0,70.0,2851,199.95,61850689222778
4787.0,1,,70.0,78.0,78.0,51.0,69.0,2793,198.74,33202408597045
4787.0,2,,72.0,80.0,80.0,53.0,73.0,3092,196.83,30218697010131
4787.0,3,,72.0,78.0,78.0,52.0,71.0,3392,197.87,30515151575805
4792.0,0,,72.0,76.0,76.0,52.0,71.0,2836,199.52,61851816522827
4792.0,1,,70.0,78.0,78.0,52.0,70.0,2799,199.38,33203535068603
4792.0,2,,72.0,80.0,80.0,53.0,72.0,3227,197.03,30219814184692
4793.0,3,,72.0,78.0,78.0,53.0,70.0,3384,198.03,30516276389465
4798.0,0,,69.0,76.0,76.0,51.0,70.0,3055,199.90,61852951965881
4798.0,1,,70.0,78.0,78.0,52.0,70.0,2803,198.74,33204663905578
4798.0,2,,72.0,80.0,80.0,53.0,72.0,3292,196.48,30220928206481
4798.0,3,,71.0,78.0,78.0,53.0,70.0,3385,197.54,30517396416503
4803.0,0,,71.0,76.0,76.0,52.0,71.0,2912,199.64,61854083928588
4804.0,1,,70.0,78.0,78.0,51.0,69.0,2804,199.58,33205795500976
4804.0,2,,72.0,80.0,80.0,53.0,72.0,3113,196.29,30222041181030
4804.0,3,,73.0,78.0,76.0,53.0,71.0,3390,197.73,30518515546081
4809.0,0,,71.0,76.0,76.0,52.0,71.0,2837,200.07,61855216305969
4809.0,1,,71.0,78.0,78.0,52.0,69.0,2615,198.23,33206919486083
4809.0,2,,72.0,80.0,80.0,53.0,73.0,3090,196.56,30223155682739
4810.0,3,,72.0,78.0,78.0,52.0,70.0,3384,197.23,30519635788269
4815.0,0,86.61,71.0,76.0,76.0,51.0,70.0,2958,175.75,61856212785522
4815.0,1,86.44,69.0,78.0,78.0,51.0,69.0,2739,175.26,33207909687133
4815.0,2,86.31,71.0,80.0,80.0,53.0,71.0,3262,173.57,30224134609191
4815.0,3,86.65,72.0,76.0,76.0,52.0,70.0,3382,174.14,30520617921203
4820.0,0,,71.0,76.0,76.0,52.0,71.0,2668,200.01,61857340835937
4821.0,1,,71.0,78.0,78.0,51.0,69.0,2485,199.91,33209039198181
4821.0,2,100.00,72.0,80.0,80.0,53.0,72.0,3026,199.63,30225264500000
4821.0,3,,73.0,78.0,76.0,53.0,71.0,2981,199.72,30521748334106
4826.0,0,,71.0,76.0,76.0,52.0,71.0,2790,199.96,61858472593383
4826.0,1,,70.0,78.0,78.0,52.0,70.0,2545,199.85,33210170328125
4826.0,2,,71.0,80.0,80.0,53.0,72.0,3085,199.91,30226395985290
4826.0,3,,72.0,78.0,76.0,53.0,71.0,3153,200.02,30522878461242
4832.0,0,,71.0,76.0,76.0,52.0,71.0,2804,199.86,61859601823730
4832.0,1,,71.0,78.0,78.0,52.0,70.0,2771,199.98,33211300209533
4832.0,2,,72.0,80.0,80.0,53.0,72.0,3089,199.79,30227524810729
4832.0,3,,72.0,76.0,78.0,53.0,71.0,3352,200.00,30524010451965
4837.0,0,,71.0,76.0,76.0,52.0,71.0,2892,200.20,61860734942565
4837.0,1,,70.0,78.0,78.0,52.0,70.0,2797,200.01,33212432267944
4838.0,2,,72.0,80.0,80.0,53.0,72.0,3285,199.81,30228655725585
4838.0,3,,73.0,76.0,78.0,53.0,71.0,3380,199.92,30525142005187
4843.0,0,,71.0,76.0,76.0,52.0,71.0,2993,199.86,61861866123657
4843.0,1,,70.0,78.0,78.0,52.0,70.0,2806,199.94,33213561913696
4843.0,2,,72.0,80.0,80.0,53.0,72.0,3371,199.52,30229783029235
4843.0,3,,72.0,78.0,76.0,53.0,71.0,3382,199.97,30526269859191
4849.0,0,,71.0,76.0,76.0,52.0,71.0,2826,199.72,61862994533569
4849.0,1,,71.0,78.0,78.0,52.0,70.0,2802,199.74,33214692462341
4849.0,2,,72.0,80.0,80.0,53.0,72.0,3169,198.99,30230909297363
4849.0,3,,73.0,76.0,78.0,53.0,71.0,3391,199.46,30527400774353
4854.0,0,,71.0,76.0,76.0,52.0,71.0,2927,200.01,61864126607055
4854.0,1,,69.0,78.0,78.0,52.0,69.0,2802,200.25,33215823878295
4855.0,2,,72.0,80.0,80.0,53.0,72.0,3167,198.69,30232031905029
4855.0,3,,71.0,78.0,76.0,53.0,71.0,3393,199.38,30528525303894
4860.0,0,,70.0,76.0,76.0,52.0,71.0,2921,199.99,61865256569458
4860.0,1,,70.0,78.0,78.0,52.0,70.0,2803,200.10,33216954444824
4860.0,2,,72.0,80.0,80.0,53.0,72.0,3350,198.88,30233157543212
4860.0,3,,73.0,76.0,78.0,53.0,71.0,3380,199.14,30529654455810
4866.0,0,,71.0,76.0,76.0,52.0,71.0,2861,200.08,61866389024169
4866.0,1,,71.0,78.0,78.0,52.0,70.0,2797,199.53,33218085803955
4866.0,2,,72.0,80.0,80.0,53.0,72.0,3213,198.66,30234281984741
4866.0,3,,71.0,76.0,78.0,53.0,71.0,3381,199.04,30530781041320
4871.0,0,,71.0,76.0,76.0,52.0,71.0,3061,199.63,61867520945434
4871.0,1,,71.0,78.0,78.0,52.0,70.0,2808,200.08,33219218247558
4872.0,2,,73.0,80.0,80.0,53.0,72.0,3107,197.89,30235402051574
4872.0,3,,73.0,78.0,78.0,53.0,71.0,3388,199.23,30531906685058
4877.0,0,,69.0,76.0,76.0,52.0,71.0,2881,200.35,61868650940490
4877.0,1,,71.0,78.0,78.0,51.0,69.0,2797,200.02,33220346343811
4877.0,2,,72.0,80.0,80.0,53.0,71.0,3314,199.26,30236525874633
4877.0,3,,73.0,76.0,78.0,53.0,71.0,3396,199.14,30533031845031
4883.0,0,,72.0,76.0,76.0,52.0,71.0,2831,199.85,61869782072875
4883.0,1,,70.0,78.0,78.0,52.0,70.0,2809,199.65,33221478350891
4883.0,2,,71.0,80.0,80.0,53.0,72.0,3304,198.09,30237649029602
4883.0,3,,73.0,76.0,78.0,53.0,71.0,3380,198.61,30534157948120
4888.0,0,,71.0,76.0,76.0,52.0,71.0,3053,200.12,61870914773864
4888.0,1,,71.0,78.0,78.0,51.0,70.0,2797,199.39,33222606910217
4889.0,2,,72.0,80.0,80.0,53.0,72.0,3129,197.55,30238767171508
4889.0,3,,72.0,78.0,78.0,52.0,71.0,3389,198.31,30535280384704
4894.0,0,,71.0,76.0,76.0,52.0,71.0,2891,200.09,61872047286743
4894.0,1,,70.0,78.0,78.0,51.0,70.0,2806,199.68,33223739097900
4894.0,2,,72.0,80.0,80.0,53.0,72.0,3219,197.72,30239888215576
4894.0,3,,72.0,76.0,78.0,52.0,70.0,3389,198.54,30536406122802
4900.0,0,,70.0,76.0,76.0,53.0,71.0,2818,199.67,61873179435119
4900.0,1,,70.0,78.0,78.0,52.0,70.0,2798,200.07,33224871472961
4900.0,2,,71.0,80.0,80.0,53.0,72.0,3347,197.60,30241006617492
4900.0,3,,73.0,78.0,78.0,53.0,71.0,3381,198.69,30537530692260
4905.0,0,,70.0,76.0,76.0,52.0,71.0,3041,199.68,61874311595153
4905.0,1,,70.0,78.0,78.0,52.0,70.0,2808,199.59,33226001154785
4906.0,2,,70.0,80.0,80.0,53.0,72.0,3115,197.16,30242122557556
4906.0,3,,73.0,76.0,78.0,53.0,71.0,3391,197.88,30538650696472
4911.0,0,,71.0,76.0,76.0,52.0,71.0,2851,200.19,61875444644653
4911.0,1,,71.0,78.0,78.0,51.0,69.0,2796,198.93,33227129101562
4911.0,2,,73.0,80.0,80.0,54.0,72.0,3177,196.91,30243239023315
4911.0,3,,72.0,78.0,78.0,52.0,70.0,3389,197.95,30539773081787
4917.0,0,,71.0,76.0,76.0,52.0,71.0,2901,200.18,61876577668151
4917.0,1,,70.0,78.0,78.0,52.0,69.0,2807,199.27,33228258966918
4917.0,2,,72.0,80.0,80.0,53.0,72.0,3316,196.97,30244355863769
4917.0,3,,72.0,78.0,78.0,53.0,71.0,3388,197.21,30540891251342
4922.0,0,,71.0,76.0,76.0,52.0,71.0,2986,199.67,61877709799560
4922.0,1,,69.0,78.0,78.0,51.0,69.0,2796,199.58,33229388567077
4923.0,2,,72.0,80.0,80.0,53.0,72.0,3136,197.35,30245472843017
4923.0,3,,73.0,78.0,78.0,53.0,71.0,3389,198.75,30542016182556
4928.0,0,,71.0,76.0,76.0,52.0,71.0,2878,199.72,61878842201843
4928.0,1,,70.0,78.0,78.0,52.0,70.0,2709,199.31,33230518660827
4928.0,2,,72.0,80.0,80.0,53.0,72.0,3140,197.17,30246592789916
4928.0,3,,72.0,78.0,78.0,53.0,71.0,3386,197.79,30543139642211
4934.0,0,,72.0,76.0,76.0,52.0,71.0,3011,199.49,61879973305053
4934.0,1,,70.0,78.0,78.0,52.0,70.0,2789,198.84,33231644115173
4934.0,2,,70.0,80.0,80.0,53.0,71.0,3309,196.24,30247703487060
4934.0,3,,72.0,76.0,78.0,53.0,71.0,3383,198.02,30544258441223
4939.0,0,,70.0,76.0,76.0,52.0,71.0,2829,199.72,61881103729797
4939.0,1,,71.0,78.0,78.0,52.0,70.0,2798,199.21,33232771666015
4940.0,2,,72.0,80.0,80.0,53.0,72.0,3132,197.15,30248817407043
4940.0,3,,73.0,78.0,76.0,53.0,71.0,3385,198.02,30545379228088
4945.0,0,86.05,69.0,74.0,74.0,52.0,70.0,2962,179.60,61882118466125
4945.0,1,85.91,70.0,78.0,78.0,51.0,69.0,2805,178.45,33233781686096
4945.0,2,85.68,71.0,80.0,80.0,53.0,71.0,3219,175.95,30249811515502
4945.0,3,85.98,72.0,76.0,76.0,52.0,70.0,3381,176.69,30546375780578
4951.0,0,,70.0,76.0,76.0,52.0,71.0,2680,200.24,61883247815856
4951.0,1,,69.0,78.0,78.0,52.0,70.0,2477,200.25,33234911098205
4951.0,2,,71.0,80.0,80.0,53.0,72.0,3038,199.85,30250940641906
4951.0,3,,72.0,76.0,78.0,53.0,71.0,3015,199.99,30547505742370
4956.0,0,100.00,70.0,76.0,76.0,52.0,71.0,2781,199.75,61884378383850
4956.0,1,,71.0,78.0,78.0,52.0,70.0,2493,199.71,33236041448120
4956.0,2,100.00,72.0,80.0,80.0,53.0,72.0,3076,200.16,30252071556274
4957.0,3,100.00,73.0,76.0,76.0,53.0,71.0,3120,199.81,30548636667480
4962.0,0,,70.0,76.0,76.0,53.0,72.0,2803,200.05,61885508689575
4962.0,1,,70.0,78.0,78.0,51.0,70.0,2762,200.01,33237171495666
4962.0,2,,72.0,80.0,80.0,53.0,72.0,3090,199.83,30253200575988
4962.0,3,,72.0,78.0,78.0,53.0,71.0,3343,200.05,30549766976806
4968.0,0,,70.0,76.0,76.0,52.0,71.0,2990,199.95,61886640384216
4968.0,1,,69.0,78.0,78.0,52.0,70.0,2799,199.92,33238303055786
4968.0,2,,73.0,80.0,80.0,53.0,73.0,3243,199.20,30254330059204
4968.0,3,,71.0,78.0,76.0,53.0,71.0,3379,199.72,30550899389770
4973.0,0,,71.0,76.0,76.0,52.0,71.0,2971,199.80,61887771240295
4973.0,1,,70.0,78.0,78.0,51.0,70.0,2804,200.00,33239433068237
4973.0,2,,72.0,80.0,80.0,53.0,72.0,3359,199.78,30255456799316
4974.0,3,,73.0,78.0,76.0,53.0,71.0,3385,199.72,30552025825439
4979.0,0,,71.0,76.0,76.0,52.0,71.0,2808,200.05,61888899502197
4979.0,1,,70.0,78.0,78.0,51.0,69.0,2807,199.94,33240560752136
4979.0,2,,72.0,80.0,80.0,53.0,73.0,3304,199.10,30256581704528
4979.0,3,,73.0,78.0,78.0,53.0,71.0,3386,200.00,30553155816406
4984.0,0,,71.0,76.0,76.0,52.0,71.0,2983,200.11,61890030108581
4985.0,1,,70.0,78.0,78.0,51.0,69.0,2803,199.97,33241692561218
4985.0,2,,71.0,80.0,80.0,53.0,72.0,3113,198.48,30257703098449
4985.0,3,,70.0,76.0,78.0,53.0,71.0,3382,199.83,30554282859069
4990.0,0,,71.0,76.0,76.0,52.0,71.0,2954,199.93,61891159707641
4990.0,1,,71.0,78.0,78.0,52.0,70.0,2804,200.13,33242821308349
4990.0,2,,72.0,80.0,80.0,53.0,72.0,3182,199.20,30258828572753
4991.0,3,,72.0,76.0,78.0,53.0,71.0,3392,199.27,30555410703613
4996.0,0,,71.0,76.0,76.0,52.0,71.0,2842,199.94,61892291371276
4996.0,1,,69.0,78.0,78.0,52.0,69.0,2811,199.95,33243953007141
4996.0,2,,72.0,80.0,80.0,53.0,72.0,3364,198.69,30259953182434
4996.0,3,,73.0,76.0,78.0,53.0,71.0,3385,199.09,30556537540710
5001.0,0,,70.0,76.0,76.0,52.0,71.0,3043,200.29,61893423029113
5002.0,1,,70.0,78.0,78.0,52.0,70.0,2800,199.87,33245084294067
5002.0,2,,72.0,80.0,80.0,53.0,72.0,3232,198.52,30261076814819
5002.0,3,,73.0,78.0,78.0,53.0,71.0,3393,199.79,30557668348693
5007.0,0,,71.0,76.0,76.0,52.0,71.0,2876,199.54,61894552439270
5007.0,1,,71.0,78.0,78.0,52.0,70.0,2794,199.80,33246213170532
5007.0,2,,72.0,80.0,80.0,53.0,72.0,3126,197.99,30262195452941
5008.0,3,,73.0,76.0,78.0,53.0,71.0,3381,199.05,30558790973754
5013.0,0,,72.0,76.0,76.0,52.0,71.0,2824,200.12,61895683103942
5013.0,1,,70.0,78.0,78.0,52.0,70.0,2800,199.80,33247344027221
5013.0,2,,72.0,80.0,80.0,53.0,72.0,3328,198.01,30263316193115
5013.0,3,,73.0,78.0,78.0,53.0,71.0,3390,198.49,30559916431579
5018.0,0,,71.0,76.0,76.0,52.0,71.0,3044,200.11,61896815706542
5019.0,1,,71.0,78.0,78.0,52.0,69.0,2811,199.71,33248474367431
5019.0,2,,72.0,80.0,80.0,53.0,72.0,3235,198.13,30264435614562
5019.0,3,,73.0,78.0,78.0,53.0,71.0,3394,198.67,30561038917297
5024.0,0,,72.0,76.0,76.0,52.0,71.0,2967,199.91,61897947206542
5024.0,1,,71.0,78.0,78.0,51.0,70.0,2798,199.57,33249603930847
5024.0,2,,72.0,80.0,80.0,53.0,72.0,3115,197.36,30265554648010
5024.0,3,,73.0,78.0,78.0,53.0,71.0,3379,198.43,30562164001281
5030.0,0,,71.0,76.0,76.0,53.0,71.0,2810,199.84,61899078325561
5030.0,1,,70.0,78.0,78.0,52.0,70.0,2797,199.90,33250735369201
5030.0,2,,73.0,80.0,80.0,53.0,72.0,3315,197.64,30266673272583
5030.0,3,,73.0,78.0,78.0,53.0,71.0,3389,198.09,30563287194030
5035.0,0,,71.0,76.0,76.0,52.0,71.0,2977,200.06,61900210658325
5036.0,1,,70.0,78.0,78.0,52.0,70.0,2799,199.54,33251864748291
5036.0,2,,72.0,80.0,80.0,53.0,72.0,3105,196.69,30267788527709
5036.0,3,,73.0,78.0,78.0,53.0,71.0,3382,198.10,30564408442443
5041.0,0,,71.0,76.0,76.0,52.0,71.0,3007,200.02,61901344773071
5041.0,1,,71.0,78.0,78.0,51.0,69.0,2806,199.02,33252993164733
5041.0,2,,72.0,80.0,80.0,53.0,72.0,3327,197.51,30268906421569
5041.0,3,,70.0,78.0,78.0,53.0,70.0,3391,197.70,30565527431579
5047.0,0,,69.0,76.0,76.0,52.0,70.0,2818,199.59,61902476461181
5047.0,1,,70.0,78.0,78.0,51.0,70.0,2807,199.20,33254122651672
5047.0,2,,72.0,80.0,80.0,53.0,72.0,3263,197.52,30270024381530
5047.0,3,,72.0,78.0,78.0,53.0,71.0,3391,198.25,30566649519470
5052.0,0,,70.0,76.0,76.0,52.0,71.0,2935,200.13,61903609179687
5053.0,1,,70.0,78.0,78.0,51.0,69.0,2798,199.85,33255253821411
5053.0,2,,72.0,80.0,80.0,53.0,72.0,3103,197.58,30271144675537
5053.0,3,,73.0,78.0,78.0,53.0,70.0,3389,198.54,30567775242126
5058.0,0,86.08,70.0,76.0,76.0,52.0,71.0,3003,182.25,61904640699584
5058.0,1,85.68,69.0,78.0,78.0,51.0,69.0,2750,181.95,33256281834655
5058.0,2,85.67,72.0,80.0,80.0,53.0,72.0,3234,180.52,30272162820678
5058.0,3,85.79,72.0,78.0,78.0,52.0,70.0,3352,181.75,30568800314208
5064.0,0,,70.0,76.0,76.0,52.0,71.0,2669,199.98,61905768587402
5064.0,1,,71.0,78.0,78.0,51.0,69.0,2486,199.78,33257410597045
5064.0,2,,73.0,80.0,80.0,53.0,72.0,3047,200.06,30273293136291
5064.0,3,,73.0,78.0,78.0,53.0,70.0,3142,199.95,30569930014221
5069.0,0,,72.0,76.0,76.0,52.0,71.0,2790,199.86,61906899779602
5069.0,1,,71.0,78.0,78.0,52.0,70.0,2514,199.70,33258540892395
5070.0,2,,73.0,80.0,80.0,53.0,72.0,3076,199.64,30274423086914
5070.0,3,,73.0,78.0,78.0,52.0,71.0,3184,199.77,30571060732482
5075.0,0,,70.0,76.0,76.0,53.0,71.0,2803,200.12,61908030445129
5075.0,1,,70.0,78.0,78.0,51.0,70.0,2761,200.17,33259671827331
5075.0,2,,72.0,80.0,80.0,53.0,72.0,3110,200.12,30275553774475
5075.0,3,,72.0,78.0,78.0,53.0,71.0,3354,199.98,30572190602661
5081.0,0,,71.0,76.0,76.0,52.0,71.0,2938,199.75,61909161006225
5081.0,1,,71.0,78.0,78.0,52.0,70.0,2801,200.22,33260803096313
5081.0,2,100.00,73.0,80.0,80.0,53.0,72.0,3331,199.55,30276683228332
5081.0,3,,73.0,78.0,76.0,53.0,71.0,3384,199.82,30573321555969
5086.0,0,,71.0,76.0,76.0,52.0,71.0,3037,200.16,61910291928771
5086.0,1,,70.0,78.0,78.0,52.0,70.0,2806,199.80,33261931968200
5087.0,2,,73.0,80.0,80.0,53.0,72.0,3348,199.25,30277809017089
5087.0,3,,73.0,76.0,78.0,53.0,71.0,3380,199.96,30574449334716
5092.0,0,,72.0,76.0,76.0,52.0,71.0,2836,199.67,61911420046020
5092.0,1,,70.0,78.0,78.0,52.0,70.0,2803,199.97,33263061788330
5092.0,2,,72.0,80.0,80.0,53.0,72.0,3143,199.20,30278934484924
5092.0,3,,72.0,78.0,78.0,52.0,71.0,3384,199.70,30575579647766
5098.0,0,100.00,71.0,76.0,76.0,52.0,71.0,2897,200.32,61912551879577
5098.0,1,,69.0,78.0,78.0,52.0,70.0,2803,200.14,33264192590942
5098.0,2,,72.0,80.0,80.0,53.0,72.0,3218,199.34,30280060775207
5098.0,3,,73.0,76.0,78.0,53.0,71.0,3380,199.23,30576705296997
5103.0,0,,71.0,76.0,76.0,52.0,71.0,3069,199.82,61913680887573
5103.0,1,,70.0,78.0,78.0,52.0,70.0,2801,199.82,33265323546752
5104.0,2,,73.0,80.0,80.0,53.0,72.0,3362,198.65,30281185157287
5104.0,3,,71.0,76.0,76.0,52.0,71.0,3392,199.58,30577834913574
5109.0,0,,71.0,76.0,76.0,52.0,72.0,2853,200.09,61914813406127
5109.0,1,,70.0,78.0,78.0,52.0,69.0,2800,199.75,33266454137268
5109.0,2,,72.0,80.0,80.0,53.0,72.0,3264,198.86,30282310728149
5109.0,3,,73.0,78.0,78.0,53.0,71.0,3393,199.44,30578963724487
5115.0,0,,71.0,76.0,76.0,52.0,71.0,2887,199.75,61915943966857
5115.0,1,,68.0,78.0,78.0,52.0,69.0,2804,199.99,33267584092529
5115.0,2,,72.0,80.0,80.0,53.0,72.0,3106,198.10,30283427990112
5115.0,3,,72.0,76.0,78.0,52.0,70.0,3383,199.35,30580088045288
5120.0,0,,71.0,76.0,76.0,52.0,71.0,3064,199.71,61917070336975
5120.0,1,,70.0,78.0,78.0,52.0,70.0,2806,199.91,33268711589233
5120.0,2,,73.0,80.0,80.0,53.0,72.0,3238,198.30,30284548359436
5121.0,3,,73.0,78.0,78.0,53.0,71.0,3386,199.14,30581213212036
5126.0,0,,71.0,76.0,76.0,52.0,71.0,2797,200.32,61918204160156
5126.0,1,,70.0,78.0,78.0,51.0,69.0,2808,199.67,33269843731689
5126.0,2,,72.0,80.0,80.0,53.0,72.0,3369,198.21,30285672232421
5126.0,3,,73.0,78.0,78.0,53.0,71.0,3390,199.17,30582340496582
5132.0,0,,70.0,76.0,76.0,52.0,71.0,2935,199.93,61919335770324
5132.0,1,,70.0,78.0,78.0,52.0,70.0,2799,199.68,33270973897888
5132.0,2,,72.0,80.0,80.0,53.0,72.0,3188,198.27,30286794416748
5132.0,3,100.00,72.0,76.0,78.0,53.0,71.0,3390,198.46,30583465737304
5137.0,0,,68.0,76.0,76.0,52.0,70.0,3073,200.19,61920468847656
5137.0,1,,71.0,78.0,78.0,52.0,70.0,2809,199.72,33272104317993
5137.0,2,,72.0,80.0,80.0,53.0,72.0,3086,197.56,30287912610961
5138.0,3,,73.0,78.0,78.0,53.0,71.0,3383,198.38,30584588558715
5143.0,0,,71.0,76.0,76.0,52.0,71.0,2845,199.64,61921598805725
5143.0,1,,70.0,78.0,78.0,52.0,69.0,2800,199.93,33273235948608
5143.0,2,,72.0,80.0,80.0,53.0,72.0,3320,197.57,30289030859191
5143.0,3,,73.0,78.0,78.0,53.0,71.0,3392,198.73,30585713390014
5148.0,0,100.00,72.0,76.0,76.0,52.0,71.0,2893,200.06,61922731153137
5149.0,1,100.00,70.0,78.0,78.0,52.0,70.0,2799,199.28,33274363853454
5149.0,2,100.00,72.0,80.0,80.0,53.0,72.0,3307,197.33,30290147769226
5149.0,3,100.00,73.0,78.0,76.0,53.0,71.0,3383,198.25,30586835487487
5154.0,0,,70.0,76.0,76.0,52.0,70.0,3063,200.21,61923864368041
5154.0,1,,70.0,78.0,78.0,51.0,69.0,2800,199.58,33275493476684
5154.0,2,,72.0,80.0,80.0,53.0,72.0,3128,196.90,30291262239318
5155.0,3,,73.0,78.0,78.0,52.0,71.0,3390,197.49,30587953283569
5160.0,0,,70.0,76.0,76.0,52.0,71.0,2893,199.14,61924993496887
5160.0,1,,70.0,78.0,78.0,52.0,69.0,2807,199.40,33276622097961
5160.0,2,,72.0,80.0,80.0,53.0,72.0,3145,196.96,30292379025878
5160.0,3,,73.0,78.0,78.0,53.0,71.0,3390,198.22,30589077181030
5165.0,0,,71.0,76.0,76.0,52.0,71.0,2808,200.36,61926127556457
5166.0,1,,69.0,78.0,78.0,52.0,69.0,2755,198.85,33277749597534
5166.0,2,,72.0,80.0,80.0,53.0,72.0,3339,197.11,30293494690673
5166.0,3,,71.0,76.0,78.0,52.0,70.0,3390,197.97,30590197685119
5171.0,0,,71.0,76.0,76.0,52.0,71.0,2923,200.12,61927260243041
5171.0,1,,69.0,78.0,78.0,51.0,69.0,2796,199.57,33278881135864
5171.0,2,,72.0,80.0,80.0,53.0,72.0,3196,197.32,30294613509277
5172.0,3,,73.0,78.0,76.0,53.0,71.0,3389,198.74,30591324516784
5177.0,0,99.96,71.0,76.0,76.0,52.0,70.0,3042,188.43,61928328629516
5177.0,1,,69.0,78.0,78.0,51.0,69.0,2760,188.33,33279945228210
5177.0,2,99.88,71.0,80.0,80.0,53.0,72.0,3124,186.70,30295668358093
5177.0,3,99.95,72.0,76.0,78.0,53.0,70.0,3383,187.68,30592383023559
5182.0,0,,71.0,76.0,76.0,52.0,71.0,2838,200.14,61929457434020
5183.0,1,,70.0,78.0,78.0,51.0,69.0,2527,199.96,33281074988403
5183.0,2,,72.0,80.0,80.0,53.0,72.0,3120,200.07,30296798736022
5183.0,3,,72.0,78.0,78.0,53.0,71.0,3118,199.73,30593513476928
5188.0,0,,71.0,76.0,76.0,52.0,70.0,2714,184.93,61930500426086
5188.0,1,,71.0,78.0,78.0,52.0,70.0,2498,184.40,33282111297241
5188.0,2,100.00,71.0,80.0,80.0,53.0,72.0,3022,183.91,30297832289855
5189.0,3,,73.0,78.0,78.0,53.0,71.0,3096,184.22,30594548789306
5194.0,0,,67.0,72.0,74.0,51.0,69.0,2730,189.91,61931573425476
5194.0,1,,66.0,74.0,74.0,50.0,67.0,2571,187.04,33283171838867
5194.0,2,,71.0,80.0,80.0,53.0,72.0,3057,186.49,30298889667541
5194.0,3,,72.0,76.0,76.0,52.0,71.0,3196,186.80,30595607951354
5199.0,0,,71.0,76.0,76.0,52.0,71.0,2694,197.23,61932689758911
5200.0,1,,71.0,78.0,78.0,52.0,70.0,2519,199.91,33284301314819
5200.0,2,,72.0,80.0,80.0,53.0,72.0,3038,200.04,30300019895996
5200.0,3,,72.0,78.0,78.0,53.0,71.0,3151,200.32,30596739783142
5205.0,0,,70.0,76.0,76.0,52.0,71.0,2750,187.53,61933749315063
5205.0,1,,71.0,78.0,78.0,51.0,70.0,2644,187.17,33285358801452
5205.0,2,,72.0,80.0,80.0,53.0,72.0,3082,186.64,30301074420410
5205.0,3,,72.0,78.0,78.0,52.0,71.0,3256,186.59,30597793991394
5211.0,0,,67.0,74.0,74.0,51.0,69.0,2801,191.29,61934830094909
5211.0,1,,66.0,76.0,76.0,50.0,68.0,2616,187.95,33286424457275
5211.0,2,,71.0,78.0,76.0,53.0,71.0,3089,186.10,30302129634826
5211.0,3,,73.0,76.0,76.0,52.0,71.0,3225,186.63,30598852178405
5216.0,0,,71.0,76.0,76.0,52.0,71.0,2796,195.86,61935940604309
5217.0,1,,70.0,78.0,78.0,52.0,70.0,2555,198.65,33287548817871
5217.0,2,,71.0,80.0,80.0,53.0,72.0,3088,200.00,30303261623901
5217.0,3,,73.0,78.0,78.0,53.0,71.0,3152,200.12,30599982848571
5222.0,0,,70.0,76.0,76.0,52.0,71.0,2801,186.30,61936995062927
5222.0,1,,70.0,78.0,78.0,52.0,70.0,2674,185.92,33288599269897
5222.0,2,,72.0,80.0,80.0,53.0,72.0,3077,185.67,30304310683105
5222.0,3,,72.0,78.0,78.0,53.0,71.0,3227,185.51,30601032840270
5228.0,0,,71.0,76.0,76.0,52.0,71.0,2807,199.85,61938122244201
5228.0,1,,71.0,78.0,78.0,52.0,70.0,2626,199.80,33289728158996
5228.0,2,,69.0,80.0,80.0,52.0,71.0,3092,199.18,30305436038940
5228.0,3,,68.0,76.0,76.0,52.0,69.0,3212,196.60,30602145583557
5233.0,0,,70.0,76.0,76.0,53.0,71.0,2758,186.11,61939175624389
5233.0,1,,70.0,78.0,78.0,52.0,70.0,2579,185.88,33290780250122
5234.0,2,,72.0,80.0,80.0,53.0,72.0,3081,186.08,30306487397338
5234.0,3,,73.0,76.0,78.0,53.0,71.0,3195,189.41,30603211940612
5239.0,0,,71.0,76.0,76.0,52.0,71.0,2773,187.13,61940232928100
5239.0,1,,70.0,78.0,78.0,52.0,70.0,2635,187.15,33291835791137
5239.0,2,,71.0,80.0,80.0,53.0,72.0,3091,186.26,30307539761901
5239.0,3,,72.0,78.0,78.0,53.0,71.0,3239,186.66,30604266571716
5245.0,0,,71.0,76.0,76.0,52.0,71.0,2774,200.20,61941362072937
5245.0,1,,70.0,78.0,78.0,52.0,70.0,2668,199.68,33292963958435
5245.0,2,,69.0,78.0,80.0,52.0,70.0,3089,197.62,30308656306335
5245.0,3,100.00,68.0,76.0,76.0,51.0,69.0,3254,194.95,30605370005676
5250.0,0,,72.0,76.0,76.0,52.0,71.0,2760,185.90,61942414249267
5250.0,1,,70.0,78.0,78.0,52.0,70.0,2591,185.91,33294014372497
5251.0,2,100.00,71.0,80.0,80.0,54.0,72.0,3083,187.47,30309715532592
5251.0,3,,72.0,78.0,78.0,53.0,71.0,3205,190.48,30606444316467
5256.0,0,,71.0,76.0,76.0,52.0,71.0,2794,187.47,61943473453796
5256.0,1,,70.0,78.0,78.0,52.0,69.0,2644,187.05,33295071200866
5256.0,2,,72.0,80.0,80.0,53.0,72.0,3091,186.59,30310769751892
5256.0,3,,72.0,78.0,78.0,53.0,71.0,3229,186.83,30607499916748
5262.0,0,,71.0,76.0,76.0,52.0,71.0,2799,199.66,61944599519592
5262.0,1,,71.0,78.0,78.0,51.0,70.0,2618,199.88,33296198527099
5262.0,2,,69.0,78.0,80.0,52.0,70.0,3091,197.92,30311886032043
5262.0,3,,68.0,74.0,76.0,51.0,69.0,3213,194.90,30608603026611
5267.0,0,,70.0,76.0,76.0,52.0,71.0,2757,186.38,61945654431213
5267.0,1,,70.0,78.0,78.0,52.0,70.0,2588,186.08,33297251731994
5268.0,2,,71.0,80.0,80.0,53.0,72.0,3082,187.50,30312945401855
5268.0,3,,73.0,78.0,78.0,53.0,71.0,3151,190.54,30609677667846
5273.0,0,,71.0,76.0,76.0,52.0,71.0,2796,199.98,61946782311279
5273.0,1,,71.0,78.0,78.0,52.0,70.0,2720,199.74,33298380266601
5273.0,2,,72.0,80.0,80.0,54.0,72.0,3089,199.70,30314075679687
5273.0,3,,73.0,78.0,78.0,53.0,71.0,3289,200.18,30610808667053
5279.0,0,,71.0,76.0,76.0,52.0,71.0,2855,200.01,61947912355163
5279.0,1,,71.0,78.0,78.0,52.0,70.0,2793,200.15,33299511086181
5279.0,2,,72.0,80.0,80.0,53.0,72.0,3165,200.02,30315205809997
5279.0,3,,72.0,78.0,78.0,53.0,71.0,3374,199.60,30611938416748
5284.0,0,98.96,70.0,76.0,76.0,52.0,70.0,3025,184.60,61948957177490
5284.0,1,98.56,69.0,78.0,78.0,52.0,70.0,2792,184.45,33300553233886
5284.0,2,98.69,71.0,80.0,80.0,53.0,72.0,3326,182.73,30316238254394
5285.0,3,98.71,71.0,78.0,78.0,53.0,71.0,3371,183.57,30612973744689
5290.0,0,,70.0,76.0,76.0,52.0,71.0,2828,199.94,61950084821472
5290.0,1,,71.0,78.0,78.0,52.0,70.0,2572,199.75,33301681808471
5290.0,2,,72.0,80.0,80.0,53.0,72.0,3144,199.88,30317367573303
5290.0,3,,72.0,78.0,78.0,53.0,71.0,3135,199.67,30614101904602
5295.0,0,,70.0,76.0,76.0,52.0,71.0,2798,200.03,61951212980102
5296.0,1,,71.0,78.0,78.0,52.0,70.0,2768,200.07,33302808230346
5296.0,2,,73.0,80.0,80.0,53.0,72.0,3100,199.97,30318493385070
5296.0,3,,73.0,78.0,78.0,53.0,71.0,3344,200.21,30615229080444
5301.0,0,,72.0,76.0,76.0,52.0,71.0,2808,200.04,61952341210754
5301.0,1,,70.0,78.0,78.0,52.0,70.0,2799,199.63,33303936140808
5301.0,2,,72.0,80.0,80.0,53.0,72.0,3185,199.96,30319619151855
5302.0,3,,72.0,78.0,78.0,53.0,71.0,3377,199.38,30616353576477
5307.0,0,,71.0,76.0,76.0,52.0,71.0,2943,185.12,61953383440673
5307.0,1,,69.0,78.0,78.0,51.0,70.0,2684,184.77,33304976381042
5307.0,2,,72.0,80.0,80.0,53.0,72.0,3235,183.92,30320656485778
5307.0,3,,73.0,78.0,78.0,52.0,71.0,3296,184.50,30617394152038
5312.0,0,,71.0,76.0,76.0,52.0,71.0,2811,199.72,61954513876770
5313.0,1,,71.0,78.0,78.0,52.0,70.0,2609,200.03,33306108531738
5313.0,2,,72.0,80.0,80.0,53.0,72.0,3106,199.94,30321788144836
5313.0,3,,73.0,78.0,78.0,53.0,71.0,3231,199.98,30618526022033
5318.0,0,,70.0,76.0,76.0,52.0,71.0,2799,199.96,61955645643920
5318.0,1,,70.0,78.0,78.0,52.0,70.0,2786,199.90,33307239954223
5318.0,2,,73.0,80.0,80.0,54.0,72.0,3092,199.84,30322921248413
5319.0,3,,72.0,78.0,78.0,53.0,71.0,3368,199.96,30619659821228
5324.0,0,,67.0,74.0,74.0,51.0,69.0,2942,195.47,61956753956237
5324.0,1,,66.0,76.0,76.0,50.0,67.0,2794,192.71,33308332597106
5324.0,2,,68.0,78.0,78.0,52.0,70.0,3300,189.35,30323996734924
5324.0,3,,68.0,74.0,74.0,51.0,69.0,3381,186.84,30620721074768
5329.0,0,,71.0,76.0,76.0,52.0,70.0,2862,190.09,61957829871032
5330.0,1,,70.0,78.0,78.0,51.0,70.0,2590,192.08,33309419753784
5330.0,2,,72.0,80.0,80.0,53.0,72.0,3190,194.93,30325096127136
5330.0,3,,73.0,78.0,78.0,53.0,71.0,3172,197.68,30621836013549
5335.0,0,,72.0,76.0,76.0,52.0,71.0,2804,199.90,61958959303222
5335.0,1,,70.0,78.0,78.0,51.0,70.0,2694,200.21,33310550927490
5335.0,2,,72.0,80.0,80.0,53.0,72.0,3093,200.13,30326228868530
5335.0,3,,72.0,78.0,78.0,53.0,71.0,3304,200.12,30622968694213
5341.0,0,,71.0,76.0,76.0,52.0,71.0,2819,200.04,61960091536437
5341.0,1,,70.0,78.0,78.0,52.0,70.0,2800,199.93,33311682555114
5341.0,2,,72.0,80.0,80.0,53.0,72.0,3130,199.71,30327359222778
5341.0,3,,72.0,78.0,78.0,53.0,71.0,3376,199.85,30624099870361
5346.0,0,98.64,71.0,76.0,76.0,52.0,71.0,3005,186.75,61961148535827
5346.0,1,98.48,70.0,78.0,78.0,52.0,70.0,2740,186.77,33312737811035
5347.0,2,98.33,72.0,80.0,80.0,53.0,72.0,3282,185.93,30328409755249
5347.0,3,98.35,72.0,78.0,78.0,53.0,71.0,3334,186.09,30625151260070
5352.0,0,,72.0,76.0,76.0,52.0,71.0,2829,199.98,61962276429626
5352.0,1,,70.0,78.0,78.0,52.0,70.0,2522,199.92,33313865356506
5352.0,2,,73.0,80.0,80.0,53.0,72.0,3120,199.79,30329536566101
5352.0,3,,72.0,78.0,78.0,53.0,71.0,3220,199.88,30626276601379
5358.0,0,,72.0,76.0,76.0,52.0,71.0,2802,199.92,61963401959777
5358.0,1,,71.0,78.0,78.0,52.0,70.0,2757,199.73,33314991818237
5358.0,2,,72.0,80.0,80.0,53.0,72.0,3095,200.00,30330664549926
5358.0,3,,72.0,78.0,78.0,53.0,71.0,3358,200.01,30627404679565
5363.0,0,,71.0,76.0,76.0,52.0,71.0,2924,199.72,61964530359802
5363.0,1,,71.0,78.0,78.0,51.0,70.0,2798,200.03,33316120002502
5364.0,2,,72.0,80.0,80.0,54.0,73.0,3323,199.93,30331790128479
5364.0,3,,73.0,78.0,78.0,53.0,71.0,3377,199.57,30628530269104
5369.0,0,,71.0,76.0,76.0,52.0,71.0,2925,188.00,61965590670959
5369.0,1,,70.0,78.0,78.0,51.0,69.0,2667,187.58,33317179843139
5369.0,2,,72.0,80.0,80.0,53.0,72.0,3260,187.25,30332848105957
5369.0,3,,72.0,78.0,78.0,53.0,71.0,3238,187.52,30629589771545
5375.0,0,,72.0,76.0,76.0,52.0,71.0,2812,200.01,61966720722351
5375.0,1,,70.0,78.0,78.0,52.0,70.0,2666,199.75,33318308445983
5375.0,2,,72.0,80.0,80.0,53.0,72.0,3104,199.68,30333976317565
5375.0,3,,72.0,78.0,78.0,53.0,71.0,3297,200.08,30630718245849
5380.0,0,,71.0,76.0,76.0,52.0,71.0,2802,199.69,61967846983825
5380.0,1,,71.0,78.0,78.0,52.0,70.0,2792,200.02,33319434555908
5380.0,2,100.00,72.0,80.0,80.0,54.0,72.0,3089,200.13,30335103047607
5381.0,3,,72.0,78.0,78.0,53.0,71.0,3366,199.63,30631844153808
5386.0,0,98.22,69.0,76.0,76.0,52.0,71.0,2972,186.50,61968896980895
5386.0,1,98.31,71.0,78.0,78.0,52.0,70.0,2760,185.91,33320481233886
5386.0,2,98.33,72.0,80.0,80.0,53.0,72.0,3273,184.90,30336144011352
5386.0,3,98.17,72.0,78.0,78.0,53.0,71.0,3389,185.49,30632888489013
5391.0,0,100.00,70.0,76.0,76.0,52.0,71.0,2830,199.77,61970023657592
5392.0,1,,70.0,78.0,78.0,52.0,70.0,2550,199.83,33321610291381
5392.0,2,100.00,73.0,80.0,80.0,53.0,72.0,3111,200.01,30337274041076
5392.0,3,,72.0,78.0,78.0,53.0,71.0,3132,199.91,30634017960510
5397.0,0,,71.0,76.0,76.0,52.0,71.0,2797,200.19,61971152746337
5397.0,1,100.00,71.0,78.0,78.0,52.0,70.0,2766,199.85,33322737421325
5397.0,2,,73.0,80.0,80.0,53.0,72.0,3088,199.72,30338400442626
5398.0,3,100.00,73.0,78.0,78.0,53.0,71.0,3336,200.05,30635144242553
5403.0,0,,71.0,76.0,76.0,52.0,71.0,2862,199.97,61972280564025
5403.0,1,,70.0,78.0,78.0,52.0,70.0,2796,200.04,33323865656860
5403.0,2,,73.0,80.0,80.0,53.0,72.0,3262,199.89,30339529849304
5403.0,3,,72.0,78.0,76.0,53.0,71.0,3377,199.81,30636273188232
5408.0,0,,71.0,76.0,76.0,52.0,71.0,2979,187.04,61973335467773
5409.0,1,,71.0,78.0,78.0,52.0,70.0,2694,186.38,33324916844177
5409.0,2,,72.0,80.0,80.0,53.0,72.0,3260,186.16,30340577947570
5409.0,3,,71.0,78.0,78.0,52.0,71.0,3315,186.27,30637321878601
5414.0,0,,71.0,76.0,76.0,52.0,71.0,2807,199.66,61974463553405
5414.0,1,,71.0,78.0,78.0,52.0,70.0,2592,200.16,33326045756225
5414.0,2,,72.0,80.0,80.0,53.0,72.0,3119,200.12,30341708648986
5414.0,3,,73.0,78.0,78.0,53.0,71.0,3224,199.95,30638453600341
5420.0,0,,71.0,76.0,76.0,52.0,71.0,2799,199.90,61975594967834
5420.0,1,,70.0,78.0,78.0,52.0,70.0,2789,199.70,33327176031005
5420.0,2,,72.0,80.0,80.0,53.0,72.0,3086,199.74,30342839190490
5420.0,3,,73.0,76.0,78.0,53.0,71.0,3371,200.08,30639586063537
5425.0,0,,72.0,76.0,76.0,52.0,71.0,2927,200.21,61976726174499
5426.0,1,,71.0,78.0,78.0,52.0,70.0,2798,200.15,33328308890136
5426.0,2,,72.0,80.0,80.0,53.0,72.0,3284,199.32,30343969336914
5426.0,3,,73.0,76.0,78.0,53.0,71.0,3380,199.57,30640715621582
5431.0,0,,70.0,76.0,76.0,52.0,71.0,2914,186.78,61977785219238
5431.0,1,,70.0,78.0,78.0,52.0,70.0,2617,186.46,33329366130493
5431.0,2,,71.0,80.0,80.0,53.0,72.0,3193,185.80,30345020974914
5431.0,3,,72.0,78.0,78.0,52.0,71.0,3227,186.12,30641769067810
5437.0,0,,71.0,76.0,76.0,52.0,71.0,2809,200.16,61978914133544
5437.0,1,,70.0,78.0,78.0,52.0,70.0,2609,199.60,33330491899291
5437.0,2,,72.0,80.0,80.0,53.0,72.0,3100,200.11,30346147593688
5437.0,3,,72.0,78.0,78.0,53.0,71.0,3304,200.12,30642895764160
5442.0,0,,71.0,76.0,76.0,52.0,71.0,2801,199.65,61980040164245
5442.0,1,,70.0,78.0,78.0,52.0,70.0,2781,200.15,33331618767517
5443.0,2,,73.0,80.0,80.0,53.0,73.0,3154,199.93,30347273178771
5443.0,3,,71.0,76.0,78.0,53.0,71.0,3366,200.07,30644022131896
5448.0,0,,67.0,72.0,72.0,51.0,69.0,3000,187.40,61981095209106
5448.0,1,,69.0,78.0,76.0,52.0,69.0,2806,186.08,33332668277282
5448.0,2,,72.0,80.0,80.0,53.0,72.0,3337,185.39,30348320659912
5448.0,3,,71.0,76.0,76.0,53.0,71.0,3391,185.69,30645071297363
5454.0,0,,71.0,76.0,76.0,52.0,70.0,2849,199.20,61982220678161
5454.0,1,,70.0,78.0,78.0,51.0,70.0,2530,200.08,33333798719177
5454.0,2,,71.0,80.0,80.0,53.0,72.0,3145,199.80,30349449541137
5454.0,3,,73.0,78.0,78.0,53.0,71.0,3162,199.91,30646200766845
5459.0,0,,70.0,76.0,76.0,52.0,71.0,2801,199.75,61983351268005
5459.0,1,,69.0,78.0,78.0,52.0,70.0,2748,200.08,33334929163940
5460.0,2,,73.0,80.0,80.0,53.0,72.0,3098,200.31,30350581281738
5460.0,3,,72.0,78.0,78.0,53.0,71.0,3310,199.90,30647332210144
5465.0,0,,72.0,76.0,76.0,52.0,71.0,2803,200.06,61984481622619
5465.0,1,,70.0,78.0,78.0,52.0,70.0,2792,199.56,33336058681884
5465.0,2,,73.0,80.0,80.0,53.0,72.0,3173,199.84,30351712394287
5465.0,3,,71.0,78.0,78.0,53.0,71.0,3376,200.03,30648462359863
5471.0,0,,71.0,76.0,76.0,52.0,71.0,2943,183.66,61985519322509
5471.0,1,,71.0,78.0,78.0,52.0,70.0,2754,183.58,33337094050231
5471.0,2,,71.0,80.0,80.0,53.0,72.0,3286,182.55,30352741976196
5471.0,3,,72.0,78.0,78.0,53.0,70.0,3287,183.01,30649494552246
5476.0,0,,71.0,76.0,76.0,52.0,71.0,2815,200.19,61986648368835
5476.0,1,,70.0,78.0,78.0,52.0,70.0,2505,199.86,33338225251403
5476.0,2,,73.0,80.0,80.0,53.0,72.0,3121,200.11,30353872578796
5477.0,3,,73.0,78.0,78.0,53.0,71.0,3171,199.94,30650626195800
5482.0,0,,70.0,76.0,76.0,52.0,71.0,2802,199.68,61987778576477
5482.0,1,,69.0,78.0,78.0,51.0,70.0,2757,200.01,33339355286621
5482.0,2,,72.0,80.0,80.0,53.0,72.0,3085,199.95,30355004292297
5482.0,3,,73.0,78.0,78.0,53.0,71.0,3353,199.83,30651757210388
5488.0,0,,71.0,76.0,76.0,52.0,71.0,2893,200.23,61988911888549
5488.0,1,,70.0,78.0,78.0,52.0,70.0,2801,199.91,33340486756286
5488.0,2,,72.0,80.0,80.0,53.0,72.0,3204,199.52,30356133548706
5488.0,3,,72.0,78.0,78.0,53.0,71.0,3382,199.74,30652887747741
5493.0,0,,71.0,76.0,76.0,52.0,71.0,3070,199.90,61990041335937
5493.0,1,,70.0,78.0,78.0,52.0,70.0,2807,199.91,33341616220642
5493.0,2,,72.0,80.0,80.0,53.0,72.0,3359,200.30,30357263224548
5494.0,3,,73.0,78.0,78.0,53.0,71.0,3384,200.01,30654015797058
5499.0,0,,70.0,76.0,76.0,52.0,71.0,2986,199.82,61991170301391
5499.0,1,,71.0,78.0,78.0,52.0,70.0,2800,200.15,33342747041320
5499.0,2,,72.0,80.0,80.0,53.0,72.0,3306,199.41,30358391903747
5499.0,3,,74.0,78.0,78.0,53.0,71.0,3389,200.02,30655147894409
5504.0,0,,71.0,76.0,76.0,52.0,71.0,2810,199.98,61992302202209
5505.0,1,,70.0,78.0,78.0,52.0,70.0,2803,199.81,33343877985839
5505.0,2,,71.0,80.0,80.0,54.0,72.0,3145,199.02,30359516346618
5505.0,3,,72.0,78.0,78.0,52.0,71.0,3391,199.86,30656277085998
5510.0,0,,71.0,76.0,76.0,52.0,71.0,2917,200.02,61993434315124
5510.0,1,,70.0,78.0,78.0,51.0,69.0,2798,199.66,33345008066223
5510.0,2,,72.0,80.0,80.0,53.0,72.0,3336,199.02,30360644795104
5511.0,3,,71.0,78.0,78.0,53.0,71.0,3387,199.38,30657407587768
5516.0,0,,71.0,76.0,76.0,52.0,71.0,3051,200.06,61994566632934
5516.0,1,,70.0,78.0,78.0,52.0,70.0,2809,200.21,33346141256225
5516.0,2,,72.0,80.0,80.0,53.0,72.0,3265,198.77,30361769810729
5516.0,3,,73.0,76.0,78.0,53.0,71.0,3380,199.55,30658537056335
5521.0,0,93.13,70.0,76.0,76.0,52.0,71.0,2840,189.90,61995641464599
5522.0,1,92.99,71.0,78.0,78.0,51.0,69.0,2799,189.05,33347211298828
5522.0,2,93.00,71.0,80.0,80.0,53.0,72.0,3107,186.84,30362827351562
5522.0,3,93.22,72.0,78.0,78.0,53.0,71.0,3364,187.80,30659600007995
5527.0,0,,72.0,76.0,76.0,52.0,71.0,2807,199.72,61996769876831
5527.0,1,,70.0,78.0,78.0,52.0,70.0,2500,199.72,33348339688964
5527.0,2,,72.0,80.0,80.0,53.0,72.0,3086,199.91,30363954821716
5528.0,3,,72.0,78.0,78.0,53.0,71.0,3183,200.25,30660727425598
5533.0,0,,70.0,76.0,76.0,52.0,71.0,2799,199.94,61997897541870
5533.0,1,,70.0,78.0,78.0,52.0,70.0,2661,200.22,33349466923767
5533.0,2,,72.0,80.0,80.0,53.0,72.0,3087,199.81,30365081732971
5533.0,3,,72.0,78.0,78.0,53.0,71.0,3353,199.84,30661854525878
5538.0,0,,72.0,76.0,76.0,52.0,71.0,2894,199.86,61999024763610
5539.0,1,,70.0,78.0,78.0,52.0,70.0,2786,199.59,33350594615783
5539.0,2,,72.0,80.0,80.0,53.0,72.0,3243,200.02,30366209868286
5539.0,3,,71.0,76.0,78.0,53.0,71.0,3383,200.04,30662982746215
5544.0,0,,71.0,76.0,76.0,52.0,71.0,3063,200.04,62000152992370
5544.0,1,,70.0,78.0,78.0,52.0,70.0,2806,200.17,33351723597900
5544.0,2,,72.0,80.0,80.0,53.0,72.0,3367,199.76,30367338526000
5544.0,3,,73.0,78.0,78.0,53.0,71.0,3385,199.46,30664111716796
5550.0,0,,70.0,76.0,76.0,52.0,71.0,2991,199.86,62001284207458
5550.0,1,,70.0,78.0,78.0,52.0,70.0,2802,199.84,33352854705322
5550.0,2,,71.0,80.0,80.0,53.0,72.0,3227,199.38,30368465019836
5550.0,3,,73.0,78.0,78.0,53.0,71.0,3385,200.12,30665242394042
5555.0,0,,71.0,76.0,76.0,52.0,71.0,2811,199.84,62002415315490
5555.0,1,,71.0,78.0,78.0,52.0,70.0,2800,200.20,33353985829589
5556.0,2,,72.0,80.0,80.0,53.0,72.0,3170,199.07,30369591730468
5556.0,3,,73.0,78.0,78.0,53.0,71.0,3385,199.61,30666372211181
5561.0,0,,71.0,76.0,76.0,52.0,71.0,2960,200.34,62003547217712
5561.0,1,,70.0,78.0,78.0,51.0,70.0,2802,199.71,33355116163818
5561.0,2,,72.0,80.0,80.0,53.0,72.0,3354,199.22,30370719299377
5561.0,3,,73.0,78.0,78.0,53.0,71.0,3384,199.27,30667500084289
5567.0,0,,71.0,76.0,76.0,52.0,71.0,3057,199.93,62004676844116
5567.0,1,,71.0,78.0,78.0,51.0,69.0,2801,199.84,33356247271972
5567.0,2,,71.0,80.0,80.0,53.0,72.0,3224,198.97,30371843458129
5567.0,3,,73.0,76.0,78.0,53.0,71.0,3384,199.77,30668628810913
5572.0,0,93.30,70.0,76.0,76.0,52.0,70.0,2845,189.82,62005751234741
5572.0,1,92.98,70.0,78.0,78.0,51.0,69.0,2773,189.92,33357318426635
5573.0,2,93.13,72.0,80.0,80.0,53.0,72.0,3137,187.99,30372905586975
5573.0,3,93.35,73.0,78.0,78.0,52.0,71.0,3383,189.03,30669694946838
5578.0,0,,71.0,76.0,76.0,52.0,71.0,2806,200.04,62006879468933
5578.0,1,,71.0,78.0,78.0,52.0,70.0,2528,200.00,33358448433227
5578.0,2,,72.0,80.0,80.0,53.0,72.0,3109,200.08,30374036028930
5578.0,3,,72.0,78.0,78.0,53.0,71.0,3224,199.81,30670825890380
5584.0,0,,70.0,76.0,76.0,52.0,71.0,2801,199.79,62008010303894
5584.0,1,,72.0,78.0,78.0,52.0,70.0,2710,199.73,33359576908569
5584.0,2,,72.0,80.0,80.0,53.0,72.0,3125,199.91,30375161535278
5584.0,3,,73.0,78.0,78.0,53.0,71.0,3348,199.75,30671948507873
5589.0,0,,70.0,76.0,76.0,52.0,71.0,2843,199.94,62009131947082
5589.0,1,,70.0,78.0,78.0,52.0,70.0,2796,200.09,33360701424865
5590.0,2,,72.0,80.0,80.0,53.0,72.0,3339,199.96,30376289308349
5590.0,3,,72.0,78.0,78.0,53.0,71.0,3379,199.73,30673079001647
5595.0,0,,71.0,76.0,76.0,52.0,71.0,3060,199.91,62010265420166
5595.0,1,100.00,70.0,78.0,78.0,52.0,70.0,2807,199.84,33361834492431
5595.0,2,,72.0,80.0,80.0,53.0,72.0,3327,199.35,30377419599243
5595.0,3,,72.0,78.0,78.0,53.0,71.0,3385,200.18,30674210022338
5601.0,0,,71.0,76.0,76.0,52.0,71.0,2912,200.02,62011395517639
5601.0,1,,71.0,78.0,78.0,52.0,70.0,2807,199.84,33362963572509
5601.0,2,,71.0,80.0,80.0,53.0,72.0,3146,199.45,30378544516662
5601.0,3,,73.0,78.0,78.0,53.0,71.0,3379,199.94,30675339657592
5606.0,0,,69.0,76.0,76.0,52.0,71.0,2877,200.09,62012526021423
5606.0,1,,70.0,78.0,78.0,52.0,70.0,2803,200.16,33364094484130
5606.0,2,,72.0,80.0,80.0,53.0,72.0,3324,199.74,30379673041198
5607.0,3,,73.0,78.0,78.0,53.0,71.0,3388,199.88,30676468985473
5612.0,0,,71.0,76.0,76.0,52.0,71.0,3071,199.86,62013655232604
5612.0,1,,69.0,78.0,78.0,52.0,70.0,2806,200.03,33365222632995
5612.0,2,,72.0,80.0,80.0,53.0,72.0,3306,199.20,30380798514038
5612.0,3,,72.0,78.0,78.0,53.0,71.0,3390,199.51,30677596193664
5617.0,0,,71.0,76.0,76.0,52.0,71.0,2863,199.69,62014785481994
5618.0,1,,70.0,78.0,78.0,52.0,70.0,2798,199.78,33366355402526
5618.0,2,,71.0,80.0,80.0,54.0,72.0,3121,198.64,30381924781311
5618.0,3,,73.0,78.0,76.0,52.0,71.0,3384,199.78,30678728948913
5623.0,0,100.00,67.0,74.0,74.0,51.0,69.0,2869,197.35,62015900501464
5623.0,1,,66.0,76.0,76.0,50.0,67.0,2802,194.69,33367451500610
5623.0,2,,68.0,78.0,78.0,52.0,70.0,3321,190.26,30382994059631
5624.0,3,,68.0,74.0,74.0,51.0,69.0,3385,186.60,30679779482604
5629.0,0,,71.0,76.0,76.0,52.0,71.0,2878,191.43,62016978241455
5629.0,1,,70.0,78.0,78.0,51.0,69.0,2573,193.74,33368544199340
5629.0,2,,72.0,80.0,82.0,53.0,72.0,3146,195.90,30384100880493
5629.0,3,100.00,72.0,78.0,78.0,53.0,71.0,3198,199.99,30680907444030
5634.0,0,,70.0,76.0,76.0,52.0,71.0,2801,199.95,62018107937561
5635.0,1,,70.0,78.0,78.0,52.0,70.0,2554,199.81,33369675135192
5635.0,2,,72.0,80.0,80.0,53.0,72.0,3084,199.94,30385232562438
5635.0,3,,73.0,78.0,78.0,53.0,71.0,3277,199.94,30682039125610
5640.0,0,,71.0,76.0,76.0,52.0,71.0,2829,199.88,62019241235046
5640.0,1,,70.0,78.0,78.0,52.0,70.0,2779,200.05,33370807440979
5640.0,2,,72.0,80.0,80.0,53.0,72.0,3086,199.74,30386363092834
5641.0,3,100.00,72.0,78.0,78.0,53.0,71.0,3373,199.84,30683170198364
5646.0,0,,71.0,76.0,76.0,52.0,71.0,3049,200.14,62020370051635
5646.0,1,,70.0,78.0,78.0,52.0,70.0,2804,199.90,33371936897766
5646.0,2,,72.0,80.0,80.0,53.0,72.0,3258,200.00,30387493092956
5646.0,3,,72.0,78.0,78.0,53.0,71.0,3386,199.96,30684299981689
5651.0,0,,71.0,76.0,76.0,52.0,71.0,2915,199.75,62021502623352
5652.0,1,,69.0,78.0,78.0,51.0,70.0,2809,199.97,33373068744750
5652.0,2,,72.0,80.0,80.0,53.0,73.0,3373,199.72,30388623507263
5652.0,3,,73.0,78.0,78.0,53.0,71.0,3394,199.84,30685431067321
5657.0,0,,72.0,76.0,76.0,52.0,71.0,2915,200.34,62022634532714
5657.0,1,,69.0,78.0,78.0,52.0,70.0,2799,199.74,33374201242858
5657.0,2,,71.0,80.0,80.0,53.0,72.0,3294,198.87,30389751092468
5657.0,3,,73.0,76.0,78.0,53.0,71.0,3390,199.89,30686562461914
5663.0,0,,71.0,76.0,76.0,52.0,71.0,3012,200.09,62023767046813
5663.0,1,,70.0,78.0,78.0,52.0,70.0,2801,200.06,33375331580200
5663.0,2,,70.0,80.0,80.0,53.0,72.0,3120,198.94,30390875126953
5663.0,3,,73.0,76.0,78.0,53.0,71.0,3386,199.39,30687691014892
5668.0,0,,71.0,76.0,76.0,52.0,71.0,2867,199.65,62024897077392
5669.0,1,,71.0,78.0,78.0,51.0,70.0,2803,199.68,33376461752807
5669.0,2,,72.0,80.0,80.0,53.0,72.0,3281,199.06,30391999829406
5669.0,3,,73.0,78.0,78.0,53.0,71.0,3393,199.43,30688819792663
5674.0,0,,72.0,76.0,76.0,52.0,71.0,2996,199.87,62026028328247
5674.0,1,,70.0,78.0,78.0,51.0,69.0,2803,199.77,33377594473327
5674.0,2,,72.0,80.0,80.0,53.0,72.0,3359,197.69,30393122700988
5674.0,3,,71.0,78.0,78.0,53.0,71.0,3391,198.51,30689947312316
5680.0,0,,70.0,76.0,76.0,52.0,71.0,2918,189.40,62027104135803
5680.0,1,,70.0,78.0,78.0,51.0,69.0,2636,188.66,33378664159851
5680.0,2,,72.0,80.0,80.0,53.0,72.0,3140,188.43,30394189216613
5680.0,3,,73.0,78.0,78.0,53.0,71.0,3253,189.11,30691013886352
5685.0,0,,71.0,76.0,76.0,52.0,71.0,2801,199.66,62028230219665
5685.0,1,,71.0,78.0,78.0,51.0,70.0,2556,200.18,33379791150756
5686.0,2,,71.0,80.0,80.0,53.0,72.0,3088,199.79,30395316054870
5686.0,3,,73.0,78.0,78.0,53.0,71.0,3331,199.79,30692140686401
5691.0,0,,72.0,76.0,76.0,52.0,71.0,2798,200.04,62029358453308
5691.0,1,,70.0,78.0,78.0,52.0,70.0,2778,199.96,33380918948730
5691.0,2,,73.0,80.0,80.0,53.0,72.0,3086,200.00,30396442042358
5691.0,3,,73.0,78.0,78.0,53.0,71.0,3372,200.05,30693268947509
5697.0,0,,71.0,76.0,76.0,52.0,71.0,2901,200.18,62030487444580
5697.0,1,,70.0,78.0,78.0,51.0,70.0,2795,199.66,33382047028137
5697.0,2,,73.0,80.0,80.0,54.0,72.0,3252,199.92,30397571617309
5697.0,3,,72.0,78.0,78.0,53.0,71.0,3382,199.96,30694396747680
5702.0,0,,71.0,76.0,76.0,52.0,71.0,3075,200.02,62031615584106
5702.0,1,,70.0,78.0,78.0,52.0,70.0,2806,200.36,33383177086364
5703.0,2,,72.0,80.0,80.0,53.0,72.0,3366,199.62,30398699453674
5703.0,3,,73.0,78.0,78.0,53.0,71.0,3395,199.94,30695528406616
5708.0,0,,71.0,76.0,76.0,52.0,71.0,2887,199.75,62032746157531
5708.0,1,,70.0,78.0,78.0,52.0,70.0,2795,199.73,33384305541564
5708.0,2,,72.0,80.0,80.0,53.0,72.0,3221,199.19,30399824856811
5708.0,3,,72.0,78.0,78.0,53.0,71.0,3380,199.65,30696656430908
5714.0,0,,71.0,76.0,76.0,52.0,71.0,2900,199.97,62033875984619
5714.0,1,,71.0,78.0,78.0,52.0,70.0,2803,200.07,33385435949523
5714.0,2,,72.0,80.0,80.0,53.0,72.0,3170,198.91,30400950664550
5714.0,3,,73.0,78.0,78.0,53.0,71.0,3382,199.60,30697786141967
5719.0,0,,71.0,76.0,76.0,52.0,71.0,3066,200.17,62035006964416
5719.0,1,,69.0,78.0,78.0,52.0,70.0,2803,199.80,33386566812744
5720.0,2,,72.0,80.0,80.0,53.0,72.0,3349,199.41,30402075313293
5720.0,3,,72.0,78.0,78.0,53.0,71.0,3383,199.48,30698911214843
5725.0,0,100.00,72.0,76.0,76.0,52.0,71.0,2849,199.68,62036135177856
5725.0,1,,70.0,78.0,78.0,51.0,70.0,2802,200.15,33387697640991
5725.0,2,,72.0,80.0,80.0,53.0,72.0,3256,198.78,30403200412902
5725.0,3,,73.0,76.0,76.0,53.0,71.0,3392,199.68,30700041425415
5731.0,0,,71.0,76.0,76.0,52.0,71.0,2874,189.55,62037208033020
5731.0,1,,69.0,78.0,78.0,51.0,69.0,2642,188.92,33388766928649
5731.0,2,,72.0,80.0,80.0,53.0,72.0,3109,188.01,30404264524780
5731.0,3,,72.0,78.0,78.0,53.0,71.0,3268,189.07,30701109645935
5736.0,0,,71.0,76.0,76.0,52.0,71.0,2801,200.20,62038339187622
5736.0,1,,70.0,78.0,78.0,52.0,70.0,2549,200.01,33389896970886
5736.0,2,,73.0,80.0,80.0,53.0,72.0,3093,200.06,30405392863220
5737.0,3,,72.0,78.0,78.0,53.0,71.0,3265,199.58,30702237258789
5742.0,0,,71.0,76.0,76.0,52.0,71.0,2808,199.52,62039466462646
5742.0,1,,70.0,78.0,78.0,52.0,70.0,2764,200.00,33391024969421
5742.0,2,,73.0,80.0,80.0,54.0,72.0,3083,199.73,30406521322387
5742.0,3,100.00,71.0,78.0,78.0,53.0,71.0,3370,200.27,30703366793701
5747.0,0,,71.0,76.0,76.0,52.0,71.0,2923,200.36,62040596485717
5748.0,1,,71.0,78.0,78.0,52.0,70.0,2805,199.89,33392154357299
5748.0,2,,72.0,80.0,80.0,53.0,72.0,3301,200.09,30407651838500
5748.0,3,,73.0,78.0,78.0,53.0,71.0,3381,199.89,30704498150329
5753.0,0,,71.0,76.0,76.0,51.0,71.0,3051,199.84,62041729556335
5753.0,1,,70.0,78.0,78.0,52.0,70.0,2807,199.81,33393287297546
5753.0,2,,71.0,80.0,80.0,53.0,72.0,3370,199.79,30408782629028
5754.0,3,,72.0,78.0,78.0,53.0,71.0,3383,200.11,30705630784729
5759.0,0,,71.0,76.0,76.0,52.0,71.0,2834,199.94,62042859205322
5759.0,1,,70.0,78.0,78.0,52.0,70.0,2805,199.86,33394416518737
5759.0,2,,72.0,80.0,80.0,53.0,72.0,3264,198.95,30409906720336
5759.0,3,,73.0,78.0,78.0,53.0,71.0,3385,199.68,30706756989379
5764.0,0,,71.0,76.0,76.0,52.0,71.0,2980,199.80,62043986050354
5765.0,1,,70.0,78.0,78.0,52.0,70.0,2807,200.24,33395545854309
5765.0,2,,72.0,80.0,80.0,53.0,72.0,3107,198.78,30411031819213
5765.0,3,,73.0,78.0,76.0,52.0,71.0,3389,199.56,30707888507873
5770.0,0,,71.0,76.0,76.0,52.0,71.0,3047,200.20,62045121162109
5770.0,1,,70.0,78.0,78.0,52.0,70.0,2803,200.03,33396680049072
5770.0,2,100.00,71.0,80.0,80.0,53.0,72.0,3317,199.32,30412159965087
5771.0,3,,71.0,78.0,78.0,53.0,71.0,3392,199.59,30709018170898
5776.0,0,,71.0,76.0,76.0,52.0,71.0,2833,199.67,62046251317443
5776.0,1,,70.0,78.0,78.0,52.0,70.0,2805,199.99,33397809996032
5776.0,2,,71.0,80.0,80.0,53.0,72.0,3367,198.98,30413284188049
5776.0,3,,73.0,78.0,76.0,53.0,71.0,3377,199.30,30710144205200
5781.0,0,,69.0,76.0,76.0,52.0,71.0,2796,189.43,62047319713073
5782.0,1,,69.0,78.0,78.0,52.0,69.0,2690,188.71,33398876185485
5782.0,2,,72.0,80.0,80.0,53.0,72.0,3156,188.38,30414346675964
5782.0,3,,71.0,78.0,78.0,53.0,71.0,3307,188.85,30711209336791
5787.0,0,,71.0,76.0,76.0,52.0,71.0,2802,199.66,62048449815673
5787.0,1,,71.0,78.0,78.0,52.0,70.0,2503,199.89,33400007582885
5787.0,2,,72.0,80.0,80.0,53.0,72.0,3097,200.02,30415478798278
5788.0,3,,71.0,78.0,78.0,53.0,71.0,3191,200.07,30712341759826
5793.0,0,,71.0,76.0,76.0,52.0,71.0,2799,199.94,62049581465270
5793.0,1,,70.0,78.0,78.0,52.0,70.0,2766,199.99,33401139513000
5793.0,2,,72.0,80.0,80.0,53.0,72.0,3085,199.82,30416609785217
5793.0,3,,71.0,78.0,78.0,53.0,71.0,3360,200.00,30713473754821
5798.0,0,,70.0,76.0,76.0,53.0,70.0,3022,200.01,62050713495788
5799.0,1,,70.0,78.0,78.0,52.0,70.0,2798,200.06,33402271843933
5799.0,2,,72.0,80.0,80.0,53.0,72.0,3147,199.60,30417741512817
5799.0,3,,72.0,78.0,78.0,53.0,71.0,3382,199.78,30714604484069
5804.0,0,,71.0,76.0,76.0,52.0,71.0,2939,200.00,62051843485595
5804.0,1,,71.0,78.0,78.0,52.0,70.0,2803,200.08,33403402307678
5804.0,2,,71.0,80.0,80.0,53.0,72.0,3356,199.79,30418870339599
5804.0,3,,73.0,78.0,78.0,53.0,71.0,3386,199.74,30715735033142
5810.0,0,,71.0,76.0,76.0,52.0,71.0,2894,200.06,62052975835571
5810.0,1,,69.0,78.0,78.0,52.0,69.0,2809,200.09,33404534819335
5810.0,2,,72.0,80.0,80.0,53.0,72.0,3370,199.88,30420001638732
5810.0,3,,72.0,78.0,78.0,53.0,71.0,3382,199.89,30716866436523
5815.0,0,,71.0,76.0,76.0,52.0,71.0,2993,199.73,62054106322265
5816.0,1,,71.0,78.0,78.0,51.0,70.0,2803,199.60,33405664555969
5816.0,2,,71.0,80.0,80.0,53.0,72.0,3162,198.56,30421125466369
5816.0,3,,73.0,76.0,78.0,53.0,71.0,3385,199.61,30717996246643
5821.0,0,,69.0,76.0,76.0,52.0,71.0,2852,199.97,62055238173278
5821.0,1,,70.0,78.0,78.0,52.0,70.0,2801,200.17,33406795535400
5821.0,2,,72.0,80.0,80.0,53.0,72.0,3140,198.74,30422248359558
5821.0,3,,73.0,78.0,78.0,53.0,71.0,3385,199.92,30719125768432
5827.0,0,,71.0,76.0,76.0,52.0,71.0,3046,200.13,62056368929504
5827.0,1,,71.0,78.0,78.0,51.0,70.0,2801,199.81,33407926475158
5827.0,2,100.00,73.0,80.0,80.0,53.0,72.0,3346,198.90,30423374129760
5827.0,3,,73.0,78.0,78.0,52.0,71.0,3388,199.54,30720253148925
5832.0,0,,71.0,76.0,76.0,52.0,70.0,2902,189.03,62057436941772
5832.0,1,,70.0,78.0,78.0,51.0,69.0,2691,189.03,33408992577270
5833.0,2,,71.0,80.0,80.0,53.0,71.0,3233,188.08,30424434877380
5833.0,3,,72.0,78.0,78.0,53.0,71.0,3311,188.36,30721315483276
5838.0,0,,71.0,76.0,76.0,52.0,71.0,2819,199.94,62058564575744
5838.0,1,,70.0,78.0,78.0,52.0,70.0,2509,199.74,33410121134765
5838.0,2,,72.0,80.0,80.0,53.0,72.0,3102,200.21,30425564046752
5838.0,3,,72.0,78.0,78.0,53.0,71.0,3184,200.03,30722445648437
5844.0,0,,72.0,76.0,76.0,52.0,70.0,2801,199.75,62059695175598
5844.0,1,,71.0,78.0,78.0,52.0,70.0,2746,199.84,33411252202026
5844.0,2,,72.0,80.0,80.0,53.0,72.0,3085,199.49,30426695161132
5844.0,3,,73.0,78.0,78.0,53.0,71.0,3362,200.10,30723578212341
5849.0,0,,72.0,76.0,76.0,52.0,71.0,2808,200.11,62060827822204
5849.0,1,,71.0,78.0,78.0,52.0,70.0,2808,200.20,33412385351135
5850.0,2,,72.0,80.0,80.0,53.0,72.0,3156,199.99,30427827124389
5850.0,3,,73.0,78.0,78.0,53.0,71.0,3383,199.52,30724711510681
5855.0,0,,71.0,76.0,76.0,52.0,71.0,3042,200.00,62061959850341
5855.0,1,,70.0,78.0,78.0,51.0,70.0,2802,199.89,33413516720886
5855.0,2,,72.0,80.0,80.0,53.0,72.0,3348,199.84,30428956209167
5855.0,3,,73.0,78.0,78.0,53.0,71.0,3389,200.02,30725837645385
5861.0,0,,72.0,76.0,76.0,52.0,71.0,2915,199.86,62063087088195
5861.0,1,,69.0,78.0,78.0,52.0,70.0,2794,200.14,33414645488769
5861.0,2,,72.0,80.0,80.0,53.0,72.0,3375,199.65,30430084255981
5861.0,3,,73.0,78.0,78.0,53.0,71.0,3391,200.16,30726970578613
5866.0,0,,72.0,76.0,76.0,52.0,71.0,2843,199.83,62064218118957
5866.0,1,,70.0,78.0,78.0,52.0,70.0,2805,199.91,33415774973083
5867.0,2,,71.0,80.0,80.0,53.0,72.0,3156,198.76,30431207251098
5867.0,3,,73.0,78.0,78.0,53.0,71.0,3392,199.56,30728098085083
5872.0,0,,70.0,76.0,76.0,52.0,71.0,3048,200.00,62065348106323
5872.0,1,,68.0,78.0,78.0,52.0,69.0,2812,199.72,33416905378906
5872.0,2,,72.0,80.0,80.0,53.0,72.0,3226,198.75,30432332180908
5872.0,3,,73.0,78.0,78.0,53.0,71.0,3384,199.54,30729225468994
5878.0,0,,71.0,76.0,76.0,52.0,71.0,2864,200.06,62066480461181
5878.0,1,,71.0,78.0,78.0,52.0,70.0,2800,199.64,33418035351867
5878.0,2,,72.0,80.0,80.0,53.0,72.0,3361,199.78,30433460924133
5878.0,3,,72.0,78.0,78.0,53.0,71.0,3383,199.78,30730356205139
5883.0,0,93.37,70.0,76.0,76.0,52.0,71.0,2971,190.43,62067556415405
5883.0,1,93.07,70.0,78.0,78.0,51.0,69.0,2748,189.99,33419108792419
5883.0,2,93.08,72.0,80.0,80.0,53.0,72.0,3151,188.31,30434526759765
5884.0,3,93.21,72.0,78.0,78.0,52.0,71.0,3350,188.92,30731425478271
5889.0,0,,71.0,76.0,76.0,52.0,70.0,2824,199.57,62068685985046
5889.0,1,,70.0,78.0,78.0,52.0,70.0,2519,199.84,33420237877807
5889.0,2,,72.0,80.0,80.0,53.0,72.0,3096,199.95,30435654502258
5889.0,3,,73.0,78.0,78.0,53.0,71.0,3289,199.93,30732553100891
5894.0,0,,72.0,76.0,76.0,52.0,71.0,2811,200.11,62069812630554
5895.0,1,,70.0,78.0,78.0,52.0,70.0,2755,200.02,33421366001647
5895.0,2,,72.0,80.0,80.0,53.0,72.0,3094,199.57,30436782075988
5895.0,3,,73.0,78.0,78.0,53.0,71.0,3369,200.07,30733681522705
5900.0,0,,71.0,76.0,76.0,52.0,71.0,2805,200.12,62070943308898
5900.0,1,,70.0,78.0,78.0,52.0,70.0,2796,199.82,33422494996582
5900.0,2,,72.0,80.0,80.0,53.0,72.0,3275,200.07,30437910458129
5901.0,3,,73.0,78.0,78.0,53.0,71.0,3392,199.73,30734810006958
5906.0,0,,72.0,76.0,76.0,52.0,71.0,3034,199.72,62072073715087
5906.0,1,,70.0,78.0,78.0,51.0,69.0,2799,200.03,33423627164001
5906.0,2,,72.0,80.0,80.0,53.0,72.0,3372,199.99,30439042378479
5906.0,3,,73.0,78.0,78.0,53.0,71.0,3385,199.67,30735940145324
5911.0,0,,71.0,76.0,76.0,52.0,71.0,3005,199.99,62073203682800
5912.0,1,,70.0,78.0,78.0,52.0,70.0,2802,199.88,33424756481323
5912.0,2,,72.0,80.0,80.0,53.0,72.0,3236,199.07,30440169109680
5912.0,3,,73.0,78.0,78.0,53.0,71.0,3382,199.84,30737071254455
5917.0,0,,71.0,76.0,76.0,52.0,71.0,2821,199.99,62074335652160
5917.0,1,,71.0,78.0,78.0,51.0,69.0,2802,200.09,33425886994995
5917.0,2,,72.0,80.0,80.0,53.0,72.0,3122,199.36,30441295518737
5918.0,3,,71.0,78.0,78.0,53.0,71.0,3390,200.07,30738199650573
5923.0,0,,71.0,76.0,76.0,52.0,71.0,2941,199.97,62075465489990
5923.0,1,,70.0,78.0,78.0,52.0,69.0,2802,199.93,33427018616821
5923.0,2,,71.0,80.0,80.0,53.0,72.0,3330,198.78,30442420613342
5923.0,3,,73.0,76.0,78.0,53.0,71.0,3381,199.87,30739330922607
5928.0,0,,70.0,76.0,76.0,53.0,71.0,3065,199.81,62076596421691
5929.0,1,,70.0,78.0,78.0,52.0,70.0,2809,200.02,33428150704345
5929.0,2,,71.0,80.0,80.0,53.0,72.0,3319,198.94,30443546624267
5929.0,3,,73.0,78.0,78.0,52.0,71.0,3391,199.26,30740460749023
5934.0,0,93.21,71.0,76.0,76.0,52.0,71.0,2846,190.15,62077670781921
5934.0,1,93.34,69.0,78.0,78.0,51.0,69.0,2752,189.77,33429222919067
5934.0,2,93.19,71.0,80.0,80.0,53.0,72.0,3123,187.85,30444607999328
5935.0,3,93.21,72.0,78.0,78.0,53.0,71.0,3378,188.77,30741527286010
5940.0,0,,71.0,76.0,76.0,52.0,71.0,2811,199.80,62078801676818
5940.0,1,,70.0,78.0,78.0,52.0,70.0,2526,199.97,33430352729064
5940.0,2,,71.0,80.0,80.0,54.0,72.0,3090,200.10,30445738568115
5940.0,3,,72.0,78.0,78.0,53.0,71.0,3180,199.95,30742655027893
5945.0,0,,72.0,76.0,76.0,53.0,71.0,2800,200.18,62079928687805
5946.0,1,,70.0,78.0,78.0,52.0,70.0,2747,199.82,33431479720336
5946.0,2,,73.0,80.0,80.0,54.0,73.0,3088,200.09,30446865068664
5946.0,3,,73.0,78.0,78.0,53.0,71.0,3353,199.90,30743782435852
5951.0,0,,70.0,76.0,76.0,53.0,71.0,2838,199.72,62081057119995
5951.0,1,,72.0,78.0,78.0,52.0,70.0,2806,199.73,33432608170410
5951.0,2,,73.0,80.0,80.0,54.0,72.0,3219,199.95,30447994768798
5951.0,3,,72.0,78.0,78.0,53.0,71.0,3380,200.15,30744911286682
5957.0,0,,70.0,76.0,76.0,53.0,71.0,3050,200.24,62082186452697
5957.0,1,,71.0,78.0,78.0,52.0,70.0,2794,200.32,33433737958862
5957.0,2,,72.0,80.0,80.0,53.0,72.0,3365,199.88,30449124114501
5957.0,3,,71.0,78.0,78.0,53.0,71.0,3390,199.98,30746043161682
5962.0,0,,71.0,76.0,76.0,52.0,71.0,2924,199.76,62083319098083
5962.0,1,,70.0,78.0,78.0,52.0,70.0,2803,200.10,33434872550842
5963.0,2,,72.0,80.0,80.0,53.0,72.0,3289,198.93,30450254056518
5963.0,3,,73.0,78.0,78.0,53.0,71.0,3386,200.09,30747177669799
5968.0,0,,72.0,76.0,76.0,52.0,71.0,2828,199.95,62084452805847
5968.0,1,,71.0,78.0,78.0,52.0,70.0,2801,199.77,33436003231018
5968.0,2,,72.0,80.0,80.0,53.0,72.0,3132,199.36,30451380440124
5968.0,3,,73.0,78.0,78.0,53.0,71.0,3386,199.45,30748306581115
5974.0,0,,71.0,76.0,76.0,52.0,71.0,3055,200.12,62085583488647
5974.0,1,,68.0,78.0,78.0,52.0,69.0,2798,200.03,33437135419677
5974.0,2,,72.0,80.0,80.0,53.0,73.0,3326,199.46,30452509359436
5974.0,3,,72.0,78.0,78.0,53.0,71.0,3379,199.46,30749435516723
5979.0,0,,71.0,76.0,76.0,52.0,71.0,2912,199.90,62086716893432
5979.0,1,,70.0,78.0,78.0,52.0,70.0,2808,199.73,33438267878967
5980.0,2,100.00,70.0,80.0,80.0,53.0,72.0,3316,198.69,30453635933776
5980.0,3,,73.0,76.0,78.0,53.0,71.0,3380,199.42,30750566210327
5985.0,0,96.96,66.0,74.0,74.0,50.0,68.0,2873,187.39,62087777513916
5985.0,1,96.78,66.0,76.0,76.0,50.0,66.0,2800,183.05,33439303966918
5985.0,2,96.75,72.0,78.0,78.0,53.0,72.0,3128,179.72,30454653160217
5985.0,3,96.87,72.0,76.0,76.0,52.0,70.0,3385,180.95,30751588582702
5991.0,0,,70.0,76.0,76.0,52.0,70.0,2837,195.27,62088880809143
5991.0,1,,69.0,78.0,78.0,52.0,70.0,2530,199.67,33440430129455
5991.0,2,,71.0,80.0,80.0,53.0,72.0,3095,200.44,30455783618347
5991.0,3,,72.0,78.0,78.0,52.0,71.0,3168,199.83,30752717599426
5996.0,0,,71.0,76.0,76.0,52.0,71.0,2804,199.99,62090010776489
5996.0,1,,70.0,78.0,78.0,52.0,70.0,2547,199.60,33441559844848
5997.0,2,,72.0,80.0,80.0,53.0,72.0,3088,199.66,30456913714294
5997.0,3,,71.0,78.0,78.0,53.0,71.0,3214,200.07,30753847979736
6002.0,0,,71.0,76.0,76.0,52.0,71.0,2801,199.77,62091141484130
6002.0,1,,71.0,78.0,78.0,52.0,70.0,2779,200.18,33442690853576
6002.0,2,,71.0,80.0,80.0,54.0,72.0,3087,199.94,30458043380615
6002.0,3,,73.0,78.0,78.0,53.0,71.0,3362,199.98,30754979867675
6008.0,0,,72.0,76.0,76.0,52.0,71.0,2979,200.01,62092273567687
6008.0,1,,70.0,78.0,78.0,52.0,70.0,2800,199.85,33443822020568
6008.0,2,,72.0,80.0,80.0,54.0,73.0,3160,199.81,30459174326843
6008.0,3,,73.0,78.0,78.0,53.0,71.0,3385,199.81,30756110791076
6013.0,0,,71.0,76.0,76.0,52.0,71.0,3046,200.09,62093404092407
6013.0,1,,70.0,78.0,78.0,52.0,70.0,2803,199.67,33444952136657
6014.0,2,,73.0,80.0,80.0,53.0,72.0,3346,199.77,30460303009521
6014.0,3,,72.0,78.0,78.0,53.0,71.0,3391,200.06,30757239139953
6019.0,0,,72.0,76.0,76.0,52.0,71.0,2827,199.99,62094534054077
6019.0,1,,71.0,78.0,78.0,52.0,70.0,2804,200.36,33446082168579
6019.0,2,,73.0,80.0,80.0,54.0,72.0,3225,198.94,30461429019165
6019.0,3,,73.0,78.0,78.0,53.0,71.0,3382,199.93,30758370754211
6025.0,0,,71.0,76.0,76.0,53.0,71.0,2944,200.18,62095667089843
6025.0,1,,70.0,78.0,78.0,52.0,70.0,2806,199.78,33447214913635
6025.0,2,,72.0,80.0,80.0,53.0,72.0,3168,199.23,30462556675964
6025.0,3,,72.0,78.0,78.0,53.0,71.0,3384,199.42,30759499480346
6030.0,0,,71.0,76.0,76.0,52.0,71.0,3036,199.68,62096797299621
6030.0,1,,70.0,78.0,78.0,51.0,70.0,2803,200.31,33448346670532
6030.0,2,,72.0,80.0,80.0,53.0,72.0,3353,199.13,30463681742004
6031.0,3,,71.0,76.0,78.0,53.0,71.0,3392,199.41,30760628139648
6036.0,0,,69.0,76.0,76.0,52.0,71.0,2840,199.95,62097929004272
6036.0,1,,71.0,78.0,78.0,52.0,70.0,2809,199.54,33449478064331
6036.0,2,,71.0,80.0,80.0,53.0,72.0,3169,198.21,30464805617797
6036.0,3,,73.0,76.0,78.0,53.0,71.0,3388,199.35,30761758476013
6042.0,0,,71.0,76.0,76.0,53.0,71.0,2975,200.05,62099063276123
6042.0,1,,71.0,78.0,78.0,52.0,70.0,2804,199.96,33450611845825
6042.0,2,,72.0,80.0,80.0,53.0,72.0,3161,199.25,30465935338623
6042.0,3,,73.0,78.0,78.0,53.0,71.0,3386,199.51,30762889699218
6047.0,0,,71.0,76.0,76.0,52.0,71.0,3020,199.97,62100195130432
6047.0,1,,70.0,78.0,78.0,51.0,70.0,2801,199.57,33451741431152
6047.0,2,,72.0,80.0,80.0,53.0,73.0,3349,198.61,30467057473876
6048.0,3,,71.0,78.0,78.0,53.0,71.0,3383,198.40,30764010681579
6053.0,0,,69.0,76.0,76.0,52.0,71.0,2809,200.05,62101323389404
6053.0,1,,70.0,78.0,78.0,52.0,70.0,2797,200.03,33452869604431
6053.0,2,,72.0,80.0,80.0,53.0,72.0,3176,198.07,30468176544555
6053.0,3,,73.0,78.0,78.0,53.0,71.0,3388,199.50,30765135839050
6058.0,0,,71.0,76.0,76.0,52.0,71.0,2979,199.92,62102454924804
6059.0,1,,69.0,78.0,78.0,52.0,69.0,2806,199.86,33454000785644
6059.0,2,,72.0,80.0,80.0,54.0,72.0,3168,197.78,30469296004882
6059.0,3,,73.0,78.0,78.0,52.0,71.0,3387,198.88,30766263502441
6064.0,0,,71.0,76.0,76.0,52.0,71.0,3050,199.74,62103587474243
6064.0,1,,70.0,78.0,78.0,51.0,69.0,2807,199.65,33455132790954
6064.0,2,,72.0,80.0,80.0,53.0,72.0,3337,197.67,30470416814208
6065.0,3,,73.0,78.0,78.0,52.0,71.0,3390,198.33,30767388057373
6070.0,0,,72.0,76.0,76.0,52.0,71.0,2827,199.68,62104719636596
6070.0,1,,70.0,78.0,78.0,52.0,70.0,2807,199.83,33456263843139
6070.0,2,,70.0,80.0,80.0,53.0,71.0,3132,197.66,30471537538940
6070.0,3,,73.0,78.0,78.0,53.0,71.0,3389,198.60,30768512110229
6075.0,0,,70.0,76.0,76.0,52.0,71.0,2969,200.20,62105852754150
6076.0,1,,70.0,78.0,78.0,52.0,70.0,2800,199.53,33457393187377
6076.0,2,,70.0,80.0,80.0,54.0,72.0,3086,197.64,30472654177185
6076.0,3,,73.0,76.0,78.0,53.0,71.0,3384,198.45,30769635345703
6081.0,0,,71.0,76.0,76.0,52.0,71.0,2998,200.14,62106985566284
6081.0,1,,70.0,78.0,78.0,52.0,70.0,2798,199.22,33458522777648
6081.0,2,,72.0,80.0,80.0,53.0,72.0,3329,197.97,30473774665222
6082.0,3,,71.0,78.0,78.0,52.0,71.0,3390,198.06,30770758344360
6087.0,0,,69.0,76.0,76.0,51.0,70.0,2829,200.12,62108118242980
6087.0,1,,70.0,78.0,78.0,52.0,69.0,2808,199.50,33459651975219
6087.0,2,,72.0,80.0,80.0,53.0,72.0,3252,197.17,30474892604003
6087.0,3,,72.0,78.0,78.0,53.0,71.0,3379,198.22,30771880276367
6092.0,0,,71.0,76.0,76.0,52.0,71.0,2978,199.82,62109251239196
6093.0,1,,71.0,78.0,78.0,51.0,69.0,2798,198.86,33460779528625
6093.0,2,,73.0,80.0,80.0,53.0,72.0,3105,196.98,30476007501403
6093.0,3,,71.0,78.0,78.0,52.0,71.0,3390,198.75,30773005185974
6098.0,0,,71.0,76.0,76.0,52.0,71.0,2981,199.83,62110380274353
6098.0,1,,70.0,78.0,78.0,52.0,70.0,2802,199.60,33461907266174
6098.0,2,,72.0,80.0,80.0,53.0,72.0,3234,196.98,30477122386596
6099.0,3,,73.0,78.0,78.0,53.0,71.0,3387,197.34,30774122116455
6104.0,0,,72.0,76.0,76.0,52.0,71.0,2803,199.92,62111509814147
6104.0,1,,70.0,78.0,78.0,52.0,70.0,2802,199.75,33463035856140
6104.0,2,,70.0,80.0,80.0,54.0,72.0,3294,197.35,30478237439270
6104.0,3,,73.0,78.0,78.0,53.0,71.0,3391,198.27,30775240350341
6109.0,0,,70.0,76.0,76.0,52.0,71.0,3025,199.57,62112639354797
6110.0,1,,70.0,78.0,78.0,52.0,70.0,2802,198.63,33464160093566
6110.0,2,,69.0,80.0,80.0,53.0,71.0,3118,196.89,30479351862976
6110.0,3,,73.0,76.0,78.0,53.0,71.0,3380,197.07,30776357735473
6115.0,0,,71.0,76.0,76.0,52.0,71.0,2888,199.90,62113772812683
6115.0,1,,70.0,78.0,78.0,51.0,69.0,2751,198.91,33465287936584
6115.0,2,,72.0,80.0,80.0,54.0,73.0,3141,197.00,30480468827636
6116.0,3,,73.0,78.0,78.0,52.0,71.0,3383,198.45,30777482936096
6121.0,0,,71.0,76.0,76.0,52.0,71.0,2943,199.45,62114903686950
6121.0,1,,70.0,78.0,78.0,52.0,70.0,2795,199.48,33466419007995
6121.0,2,,72.0,82.0,80.0,54.0,73.0,3303,197.43,30481588250000
6121.0,3,,72.0,78.0,78.0,53.0,71.0,3389,197.31,30778601659851
6126.0,0,,71.0,76.0,76.0,52.0,71.0,2988,199.31,62116031763854
6127.0,1,,69.0,78.0,78.0,51.0,69.0,2807,197.32,33467535860168
6127.0,2,,73.0,80.0,80.0,54.0,72.0,3138,194.87,30482691207519
6127.0,3,,73.0,76.0,76.0,53.0,71.0,3391,196.11,30779711626770
6132.0,0,,71.0,76.0,76.0,52.0,70.0,2849,182.29,62117065326721
6132.0,1,,70.0,78.0,78.0,51.0,69.0,2585,182.36,33468569828613
6132.0,2,,71.0,80.0,80.0,53.0,72.0,3094,181.72,30483719766540
6133.0,3,,72.0,76.0,78.0,52.0,70.0,3245,182.03,30780741900756
6138.0,0,,71.0,76.0,76.0,52.0,71.0,2806,199.94,62118195003234
6138.0,1,,70.0,78.0,78.0,52.0,70.0,2477,199.82,33469696810791
6138.0,2,,72.0,80.0,80.0,53.0,72.0,3083,199.52,30484847040039
6138.0,3,100.00,73.0,78.0,78.0,53.0,71.0,3096,199.99,30781869870422
6143.0,0,,71.0,76.0,76.0,52.0,71.0,2797,199.85,62119322140075
6144.0,1,,71.0,78.0,78.0,52.0,70.0,2639,200.05,33470825115539
6144.0,2,,73.0,80.0,80.0,53.0,72.0,3087,199.84,30485974157897
6144.0,3,,73.0,78.0,78.0,53.0,71.0,3267,199.92,30782997397521
6149.0,0,,71.0,76.0,76.0,52.0,71.0,2806,200.31,62120451881530
6149.0,1,,71.0,78.0,78.0,51.0,70.0,2792,199.99,33471955079040
6149.0,2,,73.0,80.0,80.0,54.0,72.0,3100,199.88,30487103477844
6149.0,3,100.00,72.0,78.0,78.0,53.0,71.0,3366,199.87,30784126662414
6155.0,0,,71.0,76.0,76.0,52.0,71.0,2896,199.77,62121582606079
6155.0,1,,70.0,78.0,78.0,52.0,69.0,2803,199.76,33473085708679
6155.0,2,100.00,73.0,80.0,80.0,54.0,72.0,3332,199.79,30488232295288
6155.0,3,,73.0,78.0,78.0,53.0,71.0,3382,200.10,30785259240600
6160.0,0,,71.0,76.0,76.0,52.0,71.0,2996,199.88,62122711905151
6160.0,1,,70.0,78.0,78.0,52.0,70.0,2806,200.06,33474214025634
6161.0,2,,72.0,80.0,80.0,53.0,72.0,3361,199.22,30489357903991
6161.0,3,,72.0,78.0,78.0,53.0,71.0,3383,199.64,30786385214843
6166.0,0,,71.0,76.0,76.0,52.0,71.0,2881,200.16,62123840787597
6166.0,1,,70.0,78.0,78.0,52.0,70.0,2806,200.09,33475344553161
6166.0,2,100.00,70.0,80.0,80.0,53.0,72.0,3143,198.96,30490482052673
6166.0,3,100.00,73.0,76.0,78.0,53.0,71.0,3388,199.80,30787514098449
6172.0,0,,71.0,76.0,76.0,52.0,71.0,3014,199.80,62124971677856
6172.0,1,,71.0,78.0,78.0,52.0,69.0,2801,199.69,33476474791809
6172.0,2,,72.0,80.0,80.0,53.0,72.0,3163,199.15,30491607252929
6172.0,3,,73.0,78.0,78.0,53.0,71.0,3386,199.24,30788641820739
6177.0,0,,71.0,76.0,76.0,52.0,71.0,2834,200.05,62126101935363
6177.0,1,,70.0,78.0,78.0,52.0,70.0,2802,200.08,33477605252563
6178.0,2,,72.0,80.0,80.0,54.0,72.0,3351,199.02,30492733734375
6178.0,3,,73.0,78.0,78.0,53.0,71.0,3390,199.44,30789770669189
6183.0,0,,72.0,76.0,76.0,52.0,71.0,2949,199.88,62127233230224
6183.0,1,,70.0,78.0,78.0,52.0,69.0,2802,199.94,33478736897521
6183.0,2,,72.0,80.0,80.0,53.0,72.0,3163,198.74,30493856595764
6183.0,3,,72.0,78.0,78.0,53.0,71.0,3387,199.34,30790896948791
6189.0,0,100.00,71.0,76.0,76.0,52.0,71.0,3035,200.17,62128364172302
6189.0,1,,70.0,78.0,78.0,52.0,70.0,2802,200.14,33479867714355
6189.0,2,100.00,73.0,80.0,80.0,54.0,72.0,3172,198.04,30494977509094
6189.0,3,,72.0,78.0,78.0,53.0,71.0,3384,199.06,30792023600097
6194.0,0,,71.0,76.0,76.0,52.0,71.0,2831,199.78,62129494901794
6194.0,1,,70.0,78.0,78.0,52.0,70.0,2799,199.97,33480999519714
6195.0,2,,71.0,80.0,80.0,53.0,72.0,3329,198.20,30496099343017
6195.0,3,,73.0,78.0,78.0,53.0,71.0,3392,199.23,30793151243957
6200.0,0,,70.0,76.0,76.0,52.0,71.0,2937,200.14,62130627674133
6200.0,1,,70.0,78.0,78.0,52.0,70.0,2798,199.46,33482126469970
6200.0,2,,73.0,80.0,80.0,53.0,73.0,3139,198.29,30497215706054
6200.0,3,,73.0,78.0,78.0,53.0,71.0,3386,198.97,30794265460449
6206.0,0,,71.0,76.0,76.0,52.0,71.0,2960,199.68,62131745858398
6206.0,1,,71.0,78.0,78.0,52.0,70.0,2805,199.90,33483245913513
6206.0,2,,72.0,80.0,80.0,53.0,72.0,3223,198.46,30498329048156
6206.0,3,,73.0,78.0,78.0,53.0,71.0,3395,198.79,30795386651855
6211.0,0,,71.0,76.0,76.0,52.0,71.0,2917,200.29,62132873517150
6211.0,1,,68.0,78.0,78.0,52.0,69.0,2798,199.58,33484371528808
6211.0,2,,72.0,80.0,80.0,53.0,72.0,3216,197.63,30499443662719
6212.0,3,,73.0,78.0,78.0,53.0,71.0,3385,198.39,30796505560302
6217.0,0,,71.0,76.0,76.0,52.0,71.0,3065,199.93,62134001137817
6217.0,1,,70.0,78.0,78.0,51.0,69.0,2808,199.30,33485495570190
6217.0,2,,72.0,80.0,80.0,54.0,72.0,3190,197.60,30500558153503
6217.0,3,,73.0,78.0,78.0,53.0,71.0,3395,198.49,30797625030273
6222.0,0,,71.0,76.0,76.0,52.0,71.0,2832,199.75,62135127721618
6223.0,1,,70.0,78.0,78.0,52.0,70.0,2801,199.89,33486620978149
6223.0,2,,73.0,80.0,82.0,53.0,72.0,3288,197.40,30501671497802
6223.0,3,,73.0,78.0,78.0,53.0,71.0,3382,197.93,30798741352600
6228.0,0,,71.0,76.0,76.0,52.0,71.0,2956,200.15,62136256560974
6228.0,1,,69.0,78.0,78.0,51.0,69.0,2806,199.08,33487745796936
6228.0,2,,72.0,80.0,80.0,53.0,72.0,3127,197.01,30502784631774
6229.0,3,,73.0,78.0,78.0,53.0,71.0,3391,198.71,30799862063232
6234.0,0,,71.0,76.0,76.0,52.0,71.0,2971,199.71,62137386942626
6234.0,1,,68.0,78.0,78.0,51.0,69.0,2801,199.82,33488876774108
6234.0,2,,72.0,80.0,80.0,53.0,72.0,3170,197.63,30503903202880
6234.0,3,,73.0,78.0,78.0,53.0,71.0,3390,197.85,30800983880737
6239.0,0,,71.0,76.0,76.0,52.0,71.0,2872,199.74,62138517485717
6240.0,1,,70.0,78.0,78.0,52.0,70.0,2798,199.32,33490004912048
6240.0,2,,72.0,80.0,80.0,53.0,72.0,3326,197.83,30505022916625
6240.0,3,,73.0,78.0,78.0,53.0,71.0,3391,197.74,30802103107604
6245.0,0,,71.0,76.0,76.0,52.0,71.0,3019,200.24,62139650853759
6245.0,1,,70.0,78.0,78.0,52.0,70.0,2797,199.40,33491133505798
6245.0,2,,70.0,80.0,80.0,54.0,72.0,3137,196.29,30506135889526
6246.0,3,,73.0,78.0,78.0,53.0,71.0,3382,197.81,30803222690185
6251.0,0,,72.0,76.0,76.0,52.0,71.0,2827,199.68,62140783012695
6251.0,1,,70.0,78.0,78.0,51.0,70.0,2806,198.57,33492259410339
6251.0,2,,69.0,80.0,80.0,53.0,71.0,3132,197.33,30507252769348
6251.0,3,,73.0,76.0,78.0,53.0,71.0,3386,197.52,30804342639404
6256.0,0,,71.0,76.0,76.0,52.0,71.0,2922,200.08,62141917464416
6257.0,1,,71.0,78.0,78.0,52.0,70.0,2626,198.74,33493386248840
6257.0,2,,73.0,80.0,80.0,54.0,72.0,3253,196.94,30508369446228
6257.0,3,,71.0,78.0,78.0,52.0,71.0,3386,197.96,30805465055358
6262.0,0,,71.0,76.0,76.0,52.0,71.0,3008,199.51,62143048712097
6262.0,1,,70.0,78.0,78.0,52.0,70.0,2754,199.55,33494515721496
6262.0,2,,72.0,80.0,80.0,53.0,72.0,3250,197.17,30509487402526
6263.0,3,,73.0,76.0,78.0,53.0,71.0,3382,197.91,30806585220825
6268.0,0,,71.0,76.0,76.0,52.0,70.0,2822,199.95,62144178416564
6268.0,1,,70.0,78.0,78.0,52.0,70.0,2810,198.62,33495639884643
6268.0,2,,72.0,80.0,80.0,53.0,72.0,3109,196.40,30510597060852
6268.0,3,,70.0,76.0,78.0,52.0,71.0,3392,196.90,30807701628417
6273.0,0,,71.0,76.0,76.0,52.0,70.0,2949,181.91,62145208019653
6274.0,1,,69.0,78.0,78.0,51.0,69.0,2688,181.12,33496663227478
6274.0,2,,72.0,80.0,80.0,53.0,72.0,3082,179.54,30511611468322
6274.0,3,,71.0,78.0,78.0,52.0,70.0,3320,180.71,30808719044189
6279.0,0,,71.0,76.0,76.0,52.0,70.0,2796,199.69,62146336284729
6279.0,1,,71.0,78.0,78.0,52.0,70.0,2476,199.92,33497792788146
6279.0,2,,71.0,80.0,80.0,54.0,72.0,3091,200.01,30512741507446
6279.0,3,,73.0,76.0,78.0,52.0,71.0,3109,199.69,30809849281616
6285.0,0,,71.0,76.0,76.0,52.0,71.0,2800,200.24,62147467635437
6285.0,1,,71.0,78.0,78.0,52.0,70.0,2609,199.67,33498922917724
6285.0,2,,72.0,80.0,80.0,53.0,72.0,3086,199.74,30513872053649
6285.0,3,,73.0,76.0,78.0,53.0,71.0,3182,199.91,30810980770629
6290.0,0,,71.0,76.0,76.0,52.0,71.0,2809,199.91,62148599128906
6290.0,1,,69.0,78.0,78.0,52.0,70.0,2787,200.15,33500055793945
6291.0,2,,73.0,80.0,80.0,54.0,73.0,3093,200.11,30515004670104
6291.0,3,,71.0,78.0,76.0,53.0,71.0,3358,200.12,30812113450988
6296.0,0,,72.0,76.0,76.0,52.0,71.0,3004,199.95,62149730828308
6296.0,1,,69.0,78.0,78.0,52.0,70.0,2804,199.96,33501185586364
6296.0,2,,72.0,80.0,80.0,54.0,72.0,3305,199.69,30516132929565
6296.0,3,,73.0,78.0,78.0,53.0,71.0,3382,200.07,30813241821228
6302.0,0,,71.0,76.0,76.0,52.0,71.0,2997,199.80,62150859716064
6302.0,1,,71.0,78.0,78.0,52.0,70.0,2806,199.92,33502315141784
6302.0,2,,70.0,80.0,80.0,53.0,72.0,3313,199.41,30517259585144
6302.0,3,,73.0,76.0,78.0,53.0,71.0,3375,199.69,30814372056945
6307.0,0,,71.0,76.0,76.0,52.0,71.0,2813,200.11,62151990338684
6307.0,1,,70.0,78.0,78.0,51.0,70.0,2803,200.12,33503445833801
6308.0,2,,72.0,80.0,80.0,53.0,72.0,3139,199.30,30518383635131
6308.0,3,,71.0,78.0,78.0,53.0,71.0,3394,199.68,30815498245971
6313.0,0,,71.0,76.0,76.0,52.0,71.0,3043,199.90,62153117788269
6313.0,1,,71.0,78.0,78.0,51.0,70.0,2806,199.54,33504573225341
6313.0,2,,72.0,80.0,80.0,53.0,72.0,3331,198.80,30519508848449
6313.0,3,,73.0,78.0,76.0,53.0,71.0,3393,199.25,30816625978637
6319.0,0,,71.0,76.0,76.0,52.0,71.0,2956,200.02,62154249892395
6319.0,1,,71.0,78.0,78.0,52.0,69.0,2800,200.08,33505705667724
6319.0,2,,71.0,80.0,80.0,53.0,72.0,3319,199.29,30520634861694
6319.0,3,,72.0,78.0,78.0,53.0,71.0,3386,199.76,30817754643188
6324.0,0,,71.0,76.0,76.0,52.0,71.0,2848,199.92,62155379446350
6324.0,1,,70.0,78.0,78.0,52.0,70.0,2806,200.00,33506835676330
6325.0,2,,72.0,80.0,80.0,53.0,72.0,3123,198.35,30521755560729
6325.0,3,,73.0,76.0,78.0,53.0,71.0,3388,199.43,30818881445312
6330.0,0,,71.0,76.0,76.0,52.0,71.0,3057,200.17,62156510434020
6330.0,1,,70.0,78.0,78.0,52.0,70.0,2800,200.04,33507965884338
6330.0,2,,73.0,80.0,80.0,53.0,72.0,3129,198.38,30522878405029
6330.0,3,,73.0,78.0,76.0,53.0,71.0,3382,198.94,30820007426696
6336.0,0,,70.0,76.0,76.0,52.0,71.0,2871,199.65,62157642440063
6336.0,1,,70.0,78.0,78.0,52.0,70.0,2808,199.68,33509098092041
6336.0,2,,70.0,80.0,80.0,53.0,72.0,3348,198.66,30524004807739
6336.0,3,,73.0,76.0,78.0,53.0,71.0,3391,199.05,30821134060852
6341.0,0,,70.0,76.0,76.0,52.0,71.0,2915,200.13,62158775183532
6341.0,1,,70.0,78.0,78.0,52.0,70.0,2798,199.79,33510228908996
6342.0,2,,71.0,80.0,80.0,53.0,72.0,3243,198.13,30525126219360
6342.0,3,,72.0,78.0,78.0,53.0,71.0,3390,198.62,30822260213256
6347.0,0,,71.0,76.0,76.0,52.0,71.0,3010,200.03,62159907357116
6347.0,1,,70.0,78.0,78.0,52.0,70.0,2808,199.95,33511360648071
6347.0,2,,73.0,80.0,80.0,53.0,72.0,3105,197.20,30526242373535
6347.0,3,,73.0,78.0,76.0,53.0,71.0,3390,198.92,30823386079650
6353.0,0,,71.0,76.0,76.0,52.0,71.0,2826,199.56,62161038851989
6353.0,1,,70.0,78.0,78.0,52.0,70.0,2796,199.48,33512491707275
6353.0,2,,72.0,80.0,80.0,53.0,72.0,3207,197.67,30527363188293
6353.0,3,,73.0,78.0,78.0,53.0,71.0,3388,198.45,30824511285095
6358.0,0,,71.0,76.0,76.0,52.0,71.0,3008,199.98,62162172759216
6358.0,1,,70.0,78.0,78.0,51.0,70.0,2806,199.49,33513622829101
6359.0,2,,72.0,80.0,80.0,53.0,72.0,3358,197.72,30528484284362
6359.0,3,,73.0,78.0,76.0,53.0,71.0,3391,198.90,30825637071411
6364.0,0,,72.0,76.0,76.0,52.0,71.0,2891,200.17,62163305722778
6364.0,1,,70.0,78.0,78.0,52.0,70.0,2807,199.70,33514753123413
6364.0,2,,71.0,80.0,80.0,53.0,72.0,3134,197.24,30529602614501
6364.0,3,,73.0,78.0,78.0,53.0,71.0,3386,198.38,30826761890380
6370.0,0,,71.0,76.0,76.0,52.0,71.0,2934,199.94,62164439378051
6370.0,1,,70.0,78.0,78.0,51.0,69.0,2807,199.31,33515883220581
6370.0,2,,72.0,80.0,80.0,53.0,73.0,3092,197.80,30530722176330
6370.0,3,,71.0,78.0,78.0,52.0,70.0,3387,198.60,30827887936950
6375.0,0,,71.0,76.0,76.0,52.0,71.0,2996,199.86,62165572577148
6375.0,1,,70.0,78.0,78.0,51.0,69.0,2805,198.87,33517010796875
6376.0,2,,72.0,80.0,80.0,54.0,72.0,3326,196.97,30531839005859
6376.0,3,,72.0,78.0,78.0,52.0,71.0,3389,197.71,30829008948608
6381.0,0,,71.0,76.0,76.0,52.0,71.0,2817,199.57,62166704119079
6381.0,1,,70.0,78.0,78.0,51.0,70.0,2797,199.69,33518141046447
6381.0,2,100.00,71.0,80.0,80.0,54.0,72.0,3209,196.57,30532953565856
6381.0,3,100.00,73.0,78.0,78.0,53.0,71.0,3379,197.50,30830128748291
6387.0,0,,71.0,76.0,76.0,52.0,71.0,2976,200.21,62167837289184
6387.0,1,,70.0,78.0,78.0,52.0,69.0,2753,198.53,33519266692871
6387.0,2,,72.0,80.0,80.0,53.0,72.0,3105,197.19,30534069677185
6387.0,3,,73.0,78.0,78.0,53.0,71.0,3390,198.01,30831249456665
6392.0,0,,71.0,76.0,76.0,52.0,71.0,3008,199.64,62168969274719
6392.0,1,,70.0,78.0,78.0,52.0,70.0,2796,198.99,33520394939086
6393.0,2,,73.0,80.0,80.0,54.0,73.0,3186,196.95,30535186383239
6393.0,3,,73.0,76.0,78.0,53.0,71.0,3387,197.73,30832370559997
6398.0,0,,71.0,76.0,76.0,52.0,71.0,2816,199.80,62170102121765
6398.0,1,,70.0,78.0,78.0,52.0,70.0,2808,199.33,33521523161682
6398.0,2,100.00,73.0,80.0,80.0,53.0,72.0,3317,196.59,30536299056945
6398.0,3,,73.0,78.0,78.0,53.0,71.0,3393,197.22,30833486823852
6404.0,0,,71.0,76.0,76.0,52.0,71.0,2929,199.95,62171231827209
6404.0,1,,69.0,78.0,78.0,52.0,69.0,2760,198.06,33522644162109
6404.0,2,,72.0,80.0,80.0,53.0,72.0,3133,196.68,30537410315002
6404.0,3,,73.0,78.0,78.0,53.0,71.0,3386,197.95,30834605252868
6409.0,0,,68.0,76.0,76.0,52.0,70.0,2956,199.52,62172361107971
6409.0,1,,70.0,78.0,78.0,52.0,70.0,2627,199.15,33523771370422
6410.0,2,100.00,72.0,80.0,80.0,54.0,73.0,3090,196.86,30538526501586
6410.0,3,,71.0,76.0,78.0,52.0,71.0,3387,197.28,30835725810180
6415.0,0,79.91,70.0,76.0,76.0,52.0,71.0,2884,184.80,62173407091186
6415.0,1,79.88,69.0,78.0,78.0,52.0,69.0,2759,183.49,33524809945739
6415.0,2,79.93,72.0,80.0,80.0,53.0,72.0,3166,180.99,30539549104919
6415.0,3,79.89,71.0,78.0,78.0,53.0,71.0,3389,182.32,30836754121826
6421.0,0,,70.0,76.0,76.0,52.0,71.0,2826,199.77,62174535812011
6421.0,1,,71.0,78.0,78.0,52.0,70.0,2516,200.08,33525940375549
6421.0,2,,72.0,80.0,80.0,53.0,72.0,3120,199.74,30540679634887
6421.0,3,,73.0,78.0,78.0,52.0,71.0,3123,199.87,30837883380859
6426.0,0,,70.0,76.0,76.0,52.0,71.0,2795,199.85,62175664951538
6426.0,1,,70.0,78.0,78.0,52.0,70.0,2626,200.05,33527068676086
6426.0,2,,73.0,80.0,80.0,53.0,72.0,3094,200.03,30541807798461
6427.0,3,,73.0,78.0,76.0,53.0,71.0,3253,199.78,30839012163940
6432.0,0,,71.0,76.0,76.0,52.0,71.0,2804,199.97,62176794762451
6432.0,1,,71.0,78.0,78.0,52.0,70.0,2792,199.56,33528198176696
6432.0,2,,72.0,80.0,80.0,53.0,72.0,3165,199.81,30542936747802
6432.0,3,,73.0,76.0,78.0,53.0,71.0,3368,199.91,30840141652221
6437.0,0,,72.0,76.0,76.0,52.0,71.0,2848,200.15,62177923615783
6438.0,1,,70.0,78.0,78.0,52.0,70.0,2805,200.20,33529327311889
6438.0,2,,72.0,80.0,80.0,53.0,72.0,3356,200.05,30544067048522
6438.0,3,,73.0,78.0,76.0,53.0,71.0,3385,200.09,30841272140991
6443.0,0,,70.0,76.0,76.0,52.0,70.0,3057,199.57,62179053165832
6443.0,1,,70.0,78.0,78.0,52.0,70.0,2804,199.86,33530458496215
6443.0,2,,72.0,80.0,80.0,53.0,72.0,3205,199.33,30545193246459
6444.0,3,,73.0,78.0,76.0,53.0,71.0,3385,199.76,30842400805603
6449.0,0,,71.0,76.0,76.0,52.0,71.0,2863,199.89,62180184542602
6449.0,1,,71.0,78.0,78.0,52.0,70.0,2800,200.28,33531590103881
6449.0,2,100.00,72.0,80.0,80.0,53.0,72.0,3183,199.20,30546320725891
6449.0,3,,72.0,78.0,76.0,53.0,71.0,3385,199.85,30843531965087
6454.0,0,,71.0,76.0,76.0,52.0,71.0,2846,200.18,62181315548156
6455.0,1,,71.0,78.0,78.0,52.0,70.0,2803,199.62,33532719972290
6455.0,2,,71.0,80.0,80.0,53.0,72.0,3346,199.49,30547447835388
6455.0,3,,73.0,76.0,78.0,53.0,71.0,3380,199.44,30844658776611
6460.0,0,,71.0,76.0,76.0,52.0,71.0,3049,199.78,62182444311096
6460.0,1,,70.0,78.0,78.0,52.0,70.0,2805,200.31,33533849722778
6460.0,2,,71.0,80.0,80.0,53.0,72.0,3218,198.66,30548570238342
6461.0,3,,73.0,78.0,76.0,52.0,71.0,3385,199.64,30845786734130
6466.0,0,,71.0,76.0,76.0,52.0,71.0,2906,200.36,62183576327148
6466.0,1,,70.0,78.0,78.0,52.0,70.0,2799,199.83,33534980745056
6466.0,2,100.00,72.0,80.0,80.0,54.0,72.0,3094,198.96,30549696377624
6466.0,3,,72.0,78.0,78.0,53.0,71.0,3393,199.25,30846914504150
6471.0,0,,71.0,76.0,76.0,52.0,71.0,2812,199.77,62184706998413
6472.0,1,,70.0,78.0,78.0,52.0,70.0,2802,199.74,33536111257080
6472.0,2,,72.0,80.0,80.0,53.0,72.0,3282,198.20,30550816232238
6472.0,3,,73.0,78.0,76.0,53.0,71.0,3389,199.19,30848039901367
6477.0,0,,70.0,76.0,76.0,52.0,71.0,3047,199.96,62185836774780
6477.0,1,,70.0,78.0,78.0,52.0,70.0,2803,199.94,33537240899841
6477.0,2,,72.0,80.0,80.0,53.0,72.0,3289,198.29,30551938543090
6477.0,3,,73.0,76.0,78.0,53.0,71.0,3384,198.90,30849165689025
6483.0,0,,70.0,76.0,76.0,52.0,71.0,2905,199.93,62186968398254
6483.0,1,,70.0,78.0,78.0,52.0,70.0,2798,199.81,33538371834289
6483.0,2,,72.0,80.0,80.0,53.0,72.0,3115,198.03,30553059383911
6483.0,3,,73.0,78.0,78.0,53.0,71.0,3389,199.09,30850292519836
6488.0,0,,71.0,76.0,76.0,52.0,71.0,2841,200.14,62188101209106
6489.0,1,,70.0,78.0,78.0,52.0,70.0,2809,199.47,33539500833984
6489.0,2,,72.0,80.0,80.0,53.0,73.0,3192,198.46,30554182686828
6489.0,3,,71.0,78.0,78.0,53.0,71.0,3391,198.90,30851418275207
6494.0,0,,71.0,76.0,76.0,52.0,71.0,3051,199.81,62189234135253
6494.0,1,,70.0,78.0,78.0,51.0,70.0,2806,199.49,33540631918457
6494.0,2,,72.0,80.0,80.0,53.0,72.0,3347,197.58,30555302941101
6494.0,3,,71.0,76.0,78.0,52.0,70.0,3390,198.57,30852544188110
6500.0,0,,71.0,76.0,76.0,52.0,71.0,2944,199.66,62190366190979
6500.0,1,,71.0,78.0,78.0,52.0,70.0,2797,199.71,33541764277648
6500.0,2,,70.0,80.0,80.0,53.0,71.0,3142,197.66,30556423693603
6500.0,3,,73.0,76.0,78.0,53.0,71.0,3388,198.27,30853668385986
6505.0,0,,71.0,76.0,76.0,52.0,71.0,2817,200.13,62191498934814
6506.0,1,,70.0,78.0,78.0,52.0,70.0,2806,199.83,33542895298095
6506.0,2,,71.0,80.0,80.0,53.0,71.0,3240,198.39,30557546601806
6506.0,3,,72.0,78.0,78.0,53.0,71.0,3388,198.76,30854793377319
6511.0,0,,71.0,76.0,76.0,52.0,71.0,2997,200.04,62192633145141
6511.0,1,,71.0,78.0,78.0,51.0,69.0,2805,199.27,33544025185852
6511.0,2,,72.0,80.0,80.0,53.0,72.0,3336,197.41,30558665915954
6511.0,3,,72.0,78.0,78.0,52.0,71.0,3397,198.20,30855919146118
6517.0,0,,71.0,76.0,76.0,52.0,71.0,2987,199.84,62193766244445
6517.0,1,,69.0,78.0,78.0,52.0,70.0,2798,199.20,33545154654296
6517.0,2,,72.0,80.0,80.0,53.0,72.0,3117,197.21,30559782110046
6517.0,3,,71.0,78.0,78.0,52.0,70.0,3381,198.00,30857039804870
6522.0,0,,71.0,76.0,76.0,52.0,71.0,2810,199.71,62194896612548
6523.0,1,,70.0,78.0,78.0,51.0,69.0,2808,199.60,33546284392333
6523.0,2,,73.0,80.0,80.0,54.0,73.0,3083,196.31,30560895165039
6523.0,3,,73.0,78.0,78.0,53.0,71.0,3383,198.39,30858160730285
6528.0,0,,70.0,76.0,76.0,51.0,70.0,2952,200.14,62196031393066
6528.0,1,,70.0,78.0,78.0,51.0,69.0,2807,199.43,33547413150817
6528.0,2,,72.0,80.0,80.0,53.0,73.0,3262,197.84,30562014962158
6528.0,3,,72.0,78.0,78.0,53.0,71.0,3389,198.03,30859283569030
6534.0,0,,69.0,76.0,76.0,52.0,71.0,2925,199.58,62197161032348
6534.0,1,,71.0,78.0,78.0,52.0,70.0,2799,198.91,33548540954223
6534.0,2,,72.0,80.0,80.0,53.0,72.0,3317,197.42,30563134347167
6534.0,3,,72.0,78.0,78.0,53.0,71.0,3392,197.67,30860404382324
6539.0,0,,71.0,76.0,76.0,52.0,71.0,2907,200.29,62198294692871
6539.0,1,,71.0,78.0,78.0,52.0,69.0,2801,199.29,33549666939575
6540.0,2,,72.0,80.0,80.0,54.0,73.0,3111,196.93,30564247007995
6540.0,3,,71.0,78.0,78.0,52.0,70.0,3387,198.45,30861525648315
6545.0,0,,71.0,76.0,76.0,52.0,71.0,2937,199.70,62199422980285
6545.0,1,,70.0,78.0,78.0,52.0,70.0,2807,198.83,33550794301513
6545.0,2,,72.0,80.0,80.0,54.0,72.0,3092,195.90,30565357765258
6545.0,3,,73.0,78.0,78.0,53.0,71.0,3388,197.94,30862646000305
6551.0,0,,72.0,76.0,76.0,52.0,71.0,2838,199.61,62200554760070
6551.0,1,,67.0,78.0,78.0,51.0,69.0,2805,198.63,33551920536193
6551.0,2,,72.0,80.0,80.0,53.0,72.0,3289,197.21,30566475937133
6551.0,3,,73.0,78.0,78.0,53.0,71.0,3394,197.58,30863768254638
6556.0,0,,67.0,74.0,74.0,51.0,69.0,3016,186.74,62201613584533
6556.0,1,,66.0,76.0,76.0,50.0,67.0,2607,181.22,33552946253967
6557.0,2,,72.0,78.0,78.0,53.0,71.0,3285,176.54,30567475152893
6557.0,3,,70.0,76.0,76.0,52.0,70.0,3382,177.78,30864774485351
6562.0,0,,72.0,76.0,76.0,52.0,71.0,2833,193.49,62202708732910
6562.0,1,,71.0,78.0,78.0,51.0,70.0,2483,197.72,33554063369384
6562.0,2,,72.0,80.0,80.0,53.0,72.0,2964,200.17,30568606093811
6562.0,3,,72.0,78.0,78.0,52.0,71.0,3113,200.00,30865904459411
6568.0,0,,71.0,76.0,76.0,52.0,71.0,2800,199.91,62203840236816
6568.0,1,,71.0,78.0,78.0,52.0,70.0,2513,199.79,33555194173278
6568.0,2,,72.0,80.0,80.0,53.0,72.0,3074,199.92,30569737621826
6568.0,3,,72.0,78.0,78.0,53.0,71.0,3139,199.91,30867035969482
6573.0,0,,71.0,76.0,76.0,52.0,71.0,2800,200.17,62204971195251
6573.0,1,,71.0,78.0,78.0,52.0,70.0,2758,199.98,33556326085388
6574.0,2,,72.0,80.0,80.0,53.0,72.0,3087,199.78,30570868354675
6574.0,3,100.00,73.0,78.0,76.0,53.0,71.0,3341,199.83,30868166992492
6579.0,0,,72.0,76.0,76.0,52.0,71.0,2811,199.81,62206102119018
6579.0,1,,70.0,78.0,78.0,51.0,70.0,2810,199.93,33557457665771
6579.0,2,,72.0,80.0,80.0,54.0,72.0,3095,199.86,30571999575622
6579.0,3,,74.0,78.0,78.0,53.0,71.0,3382,199.99,30869298949096
6585.0,0,,70.0,76.0,76.0,52.0,71.0,3023,200.01,62207234201843
6585.0,1,,71.0,78.0,78.0,51.0,70.0,2803,199.85,33558586832153
6585.0,2,,72.0,80.0,80.0,53.0,72.0,3325,199.70,30573127905944
6585.0,3,,73.0,78.0,78.0,53.0,71.0,3389,199.77,30870427645690
6590.0,0,,71.0,76.0,76.0,52.0,71.0,2963,199.92,62208363752136
6590.0,1,,71.0,78.0,78.0,52.0,70.0,2802,199.84,33559717919372
6591.0,2,,72.0,80.0,80.0,53.0,72.0,3327,199.46,30574256846862
6591.0,3,,73.0,78.0,78.0,53.0,71.0,3380,199.95,30871559375976
6596.0,0,,71.0,76.0,76.0,52.0,71.0,2808,200.07,62209496121215
6596.0,1,,70.0,78.0,78.0,52.0,70.0,2796,199.75,33560850497314
6596.0,2,,72.0,80.0,80.0,54.0,73.0,3128,198.85,30575382309875
6596.0,3,,73.0,78.0,76.0,53.0,71.0,3384,199.51,30872688607788
6602.0,0,,72.0,76.0,76.0,52.0,71.0,2981,199.79,62210626923400
6602.0,1,,70.0,78.0,78.0,52.0,70.0,2803,200.24,33561981832214
6602.0,2,,72.0,80.0,80.0,54.0,72.0,3194,198.66,30576506737548
6602.0,3,,72.0,78.0,76.0,52.0,71.0,3394,199.67,30873816747985
6607.0,0,,70.0,76.0,76.0,52.0,71.0,2918,199.83,62211757963378
6607.0,1,,70.0,78.0,78.0,52.0,70.0,2800,199.82,33563112837097
6608.0,2,,71.0,80.0,80.0,53.0,72.0,3359,199.01,30577633116699
6608.0,3,,73.0,76.0,78.0,53.0,71.0,3390,199.27,30874946592285
6613.0,0,,71.0,76.0,76.0,52.0,71.0,2903,200.21,62212891133728
6613.0,1,,71.0,78.0,78.0,52.0,70.0,2807,200.02,33564244923034
6613.0,2,,73.0,80.0,80.0,53.0,73.0,3126,198.66,30578757533081
6613.0,3,,72.0,78.0,78.0,52.0,71.0,3393,199.33,30876074812927
6619.0,0,,71.0,76.0,76.0,52.0,71.0,2982,199.75,62214021732360
6619.0,1,,71.0,78.0,78.0,52.0,70.0,2803,200.06,33565375276855
6619.0,2,,73.0,80.0,80.0,54.0,73.0,3092,197.97,30579876075439
6619.0,3,,72.0,78.0,78.0,53.0,71.0,3380,198.70,30877197442138
6624.0,0,,71.0,76.0,76.0,52.0,71.0,2847,200.33,62215151605224
6624.0,1,,71.0,78.0,78.0,52.0,70.0,2804,199.93,33566504896667
6625.0,2,,72.0,80.0,80.0,53.0,73.0,3310,198.79,30580999250427
6625.0,3,,72.0,78.0,76.0,53.0,71.0,3393,199.33,30878323665771
6630.0,0,,71.0,76.0,76.0,52.0,71.0,2987,199.67,62216283724365
6630.0,1,100.00,70.0,78.0,78.0,51.0,70.0,2797,199.74,33567637406433
6630.0,2,,72.0,80.0,80.0,53.0,72.0,3255,197.81,30582118843505
6630.0,3,100.00,73.0,78.0,78.0,53.0,71.0,3383,198.76,30879448660827
6636.0,0,,71.0,76.0,76.0,52.0,71.0,2918,199.79,62217414546264
6636.0,1,,70.0,78.0,78.0,51.0,69.0,2801,199.66,33568767455566
6636.0,2,,72.0,80.0,80.0,53.0,72.0,3139,197.79,30583238358642
6636.0,3,,73.0,78.0,78.0,53.0,71.0,3392,198.85,30880574153320
6641.0,0,,70.0,76.0,76.0,52.0,71.0,2945,200.07,62218546957336
6641.0,1,,70.0,78.0,78.0,52.0,70.0,2809,199.41,33569896095825
6642.0,2,,72.0,80.0,80.0,53.0,72.0,3272,197.55,30584358441833
6642.0,3,,73.0,78.0,78.0,53.0,71.0,3389,197.95,30881696537292
6647.0,0,,69.0,76.0,76.0,52.0,71.0,2923,199.83,62219679971191
6647.0,1,,70.0,78.0,78.0,52.0,70.0,2796,199.54,33571027467651
6647.0,2,,72.0,80.0,80.0,53.0,71.0,3166,197.84,30585478217590
6647.0,3,,72.0,78.0,78.0,53.0,71.0,3390,198.36,30882821263305
6653.0,0,,72.0,76.0,76.0,52.0,71.0,2900,200.14,62220814764526
6653.0,1,,70.0,78.0,78.0,52.0,70.0,2804,199.00,33572155789978
6653.0,2,,72.0,80.0,80.0,53.0,72.0,3293,197.38,30586597338500
6653.0,3,,72.0,78.0,78.0,52.0,70.0,3385,198.45,30883946450439
6658.0,0,,70.0,76.0,76.0,51.0,71.0,2912,200.34,62221948669311
6658.0,1,,70.0,78.0,78.0,51.0,70.0,2807,199.70,33573286083740
6659.0,2,,72.0,80.0,80.0,54.0,72.0,3123,197.34,30587716246765
6659.0,3,,73.0,78.0,78.0,53.0,71.0,3389,197.98,30885067036132
6664.0,0,,71.0,76.0,76.0,52.0,71.0,2975,199.67,62223080777709
6664.0,1,,70.0,78.0,78.0,52.0,69.0,2802,199.11,33574417023864
6664.0,2,,72.0,80.0,80.0,54.0,73.0,3130,196.95,30588832955200
6664.0,3,,72.0,78.0,78.0,52.0,70.0,3383,198.06,30886192026916
6670.0,0,,70.0,76.0,76.0,52.0,71.0,2861,199.67,62224212913391
6670.0,1,,70.0,78.0,78.0,52.0,70.0,2715,199.38,33575543529968
6670.0,2,,70.0,80.0,80.0,53.0,71.0,3319,196.73,30589948428344
6670.0,3,,73.0,76.0,78.0,53.0,71.0,3386,197.80,30887309614685
6675.0,0,,71.0,76.0,76.0,52.0,71.0,3015,200.03,62225343083129
6675.0,1,,70.0,78.0,78.0,52.0,70.0,2780,199.04,33576670097229
6676.0,2,,71.0,80.0,80.0,53.0,72.0,3133,196.39,30591058059509
6676.0,3,,73.0,76.0,78.0,53.0,71.0,3390,197.52,30888425627319
6681.0,0,,71.0,76.0,76.0,52.0,71.0,2907,199.74,62226473602050
6681.0,1,,70.0,78.0,78.0,52.0,70.0,2801,198.87,33577795696350
6681.0,2,,70.0,80.0,80.0,53.0,72.0,3094,197.39,30592175303588
6681.0,3,,73.0,76.0,78.0,53.0,71.0,3386,197.95,30889548031677
6687.0,0,,71.0,76.0,76.0,52.0,71.0,2845,199.95,62227607314147
6687.0,1,,71.0,78.0,78.0,52.0,70.0,2803,199.28,33578925628234
6687.0,2,,72.0,80.0,80.0,53.0,72.0,3281,196.95,30593292023437
6687.0,3,,72.0,78.0,78.0,53.0,70.0,3386,198.33,30890672577941
6692.0,0,,71.0,76.0,76.0,52.0,71.0,3027,199.36,62228737687255
6692.0,1,,70.0,78.0,78.0,52.0,70.0,2806,199.36,33580055979675
6693.0,2,,72.0,80.0,80.0,53.0,72.0,3280,196.96,30594408780578
6693.0,3,,72.0,78.0,76.0,52.0,71.0,3389,196.97,30891789392395
6698.0,0,,72.0,76.0,76.0,52.0,71.0,2924,199.72,62229870074340
6698.0,1,,70.0,78.0,78.0,51.0,69.0,2711,197.73,33581177094909
6698.0,2,,72.0,80.0,80.0,54.0,72.0,3115,195.13,30595515179016
6698.0,3,,73.0,76.0,76.0,53.0,71.0,3390,196.92,30892903961059
6704.0,0,,71.0,76.0,76.0,52.0,70.0,2808,182.90,62230905262817
6704.0,1,,69.0,78.0,78.0,51.0,69.0,2576,182.63,33582210775390
6704.0,2,,72.0,80.0,80.0,53.0,72.0,3086,181.90,30596542914550
6704.0,3,,71.0,76.0,78.0,53.0,70.0,3193,182.12,30893934753601
6709.0,0,,71.0,76.0,76.0,52.0,71.0,2806,199.80,62232034153320
6709.0,1,,70.0,78.0,78.0,52.0,70.0,2489,199.87,33583338065612
6709.0,2,100.00,71.0,80.0,80.0,54.0,72.0,3087,199.94,30597670577941
6710.0,3,100.00,73.0,76.0,78.0,53.0,71.0,3079,199.74,30895061288269
6715.0,0,,71.0,76.0,76.0,52.0,71.0,2800,200.25,62233161546325
6715.0,1,,71.0,78.0,78.0,52.0,70.0,2704,199.79,33584464882568
6715.0,2,,73.0,80.0,80.0,54.0,72.0,3086,199.76,30598797235900
6715.0,3,,71.0,78.0,78.0,53.0,71.0,3277,199.91,30896188802551
6720.0,0,,70.0,76.0,76.0,52.0,71.0,2807,199.75,62234290145446
6721.0,1,,71.0,78.0,78.0,51.0,70.0,2805,199.84,33585593985900
6721.0,2,,73.0,80.0,80.0,53.0,72.0,3152,199.72,30599923638854
6721.0,3,,72.0,78.0,78.0,53.0,71.0,3374,200.14,30897313563842
6726.0,0,,71.0,76.0,76.0,52.0,71.0,3043,200.11,62235414739868
6726.0,1,,72.0,78.0,78.0,52.0,70.0,2807,200.07,33586718402770
6726.0,2,,71.0,80.0,80.0,53.0,72.0,3352,199.84,30601048745300
6727.0,3,,73.0,78.0,78.0,53.0,71.0,3385,199.95,30898443304138
6732.0,0,,71.0,76.0,76.0,52.0,71.0,2901,199.85,62236543880981
6732.0,1,,70.0,78.0,78.0,51.0,70.0,2807,200.15,33587847233520
6732.0,2,,72.0,80.0,80.0,53.0,72.0,3350,199.44,30602175598083
6732.0,3,,73.0,78.0,76.0,53.0,71.0,3383,199.86,30899570491149
6737.0,0,,71.0,76.0,76.0,52.0,71.0,2892,200.13,62237672639587
6738.0,1,,71.0,78.0,78.0,52.0,70.0,2804,200.05,33588977501403
6738.0,2,,72.0,80.0,80.0,53.0,72.0,3184,199.10,30603300509582
6738.0,3,,72.0,78.0,78.0,53.0,71.0,3385,199.52,30900699788574
6743.0,0,,71.0,76.0,76.0,52.0,71.0,2967,199.74,62238805156738
6743.0,1,,70.0,78.0,78.0,52.0,70.0,2798,199.67,33590109623291
6743.0,2,,73.0,80.0,80.0,53.0,72.0,3105,198.96,30604426623901
6743.0,3,,72.0,78.0,78.0,53.0,71.0,3393,199.74,30901830290039
6749.0,0,,72.0,76.0,76.0,52.0,71.0,2824,200.05,62239935444702
6749.0,1,,70.0,78.0,78.0,51.0,70.0,2802,199.94,33591239311340
6749.0,2,,72.0,80.0,80.0,53.0,72.0,3333,199.00,30605552951904
6749.0,3,,73.0,78.0,78.0,53.0,71.0,3384,199.36,30902958692443
6754.0,0,,71.0,76.0,76.0,52.0,71.0,3034,199.79,62241066277954
6754.0,1,,71.0,78.0,78.0,52.0,70.0,2802,200.17,33592370265563
6755.0,2,,72.0,80.0,80.0,53.0,72.0,3321,198.91,30606676812866
6755.0,3,,73.0,78.0,78.0,53.0,71.0,3384,199.56,30904086193542
6760.0,0,,72.0,76.0,76.0,52.0,71.0,2892,200.16,62242199185302
6760.0,1,,70.0,78.0,78.0,52.0,70.0,2808,199.76,33593502918884
6760.0,2,,73.0,80.0,80.0,54.0,72.0,3125,198.03,30607799618286
6760.0,3,,72.0,78.0,78.0,53.0,71.0,3390,199.09,30905215014465
6766.0,0,,70.0,76.0,76.0,52.0,71.0,2892,200.17,62243332156982
6766.0,1,,70.0,78.0,78.0,52.0,70.0,2807,200.00,33594634899963
6766.0,2,,73.0,80.0,80.0,53.0,72.0,3198,198.32,30608922112731
6766.0,3,,73.0,78.0,78.0,53.0,71.0,3389,199.29,30906343022583
6771.0,0,,70.0,76.0,76.0,52.0,71.0,3030,199.63,62244464058837
6771.0,1,,70.0,78.0,78.0,52.0,70.0,2799,199.34,33595765184814
6772.0,2,,72.0,80.0,80.0,53.0,72.0,3341,198.12,30610043489624
6772.0,3,,73.0,78.0,78.0,53.0,71.0,3386,198.26,30907465201293
6777.0,0,,71.0,76.0,76.0,52.0,71.0,2827,200.05,62245594330139
6777.0,1,,70.0,78.0,78.0,52.0,70.0,2805,200.09,33596893664855
6777.0,2,,72.0,80.0,80.0,53.0,72.0,3144,197.45,30611159105285
6777.0,3,,73.0,76.0,78.0,53.0,71.0,3388,198.75,30908588142700
6783.0,0,,71.0,76.0,76.0,52.0,71.0,2986,200.37,62246724402404
6783.0,1,,69.0,78.0,78.0,52.0,70.0,2805,199.28,33598019607604
6783.0,2,,73.0,80.0,80.0,54.0,72.0,3170,198.11,30612276424682
6783.0,3,,73.0,78.0,78.0,53.0,71.0,3391,199.00,30909710489318
6788.0,0,,71.0,76.0,76.0,52.0,70.0,3017,199.83,62247853431152
6788.0,1,,71.0,78.0,78.0,51.0,70.0,2806,199.56,33599147135131
6789.0,2,,72.0,80.0,80.0,53.0,72.0,3346,197.70,30613393451477
6789.0,3,,73.0,78.0,78.0,53.0,71.0,3386,198.17,30910832107543
6794.0,0,,71.0,76.0,76.0,52.0,71.0,2824,199.52,62248982719848
6794.0,1,,68.0,78.0,78.0,51.0,69.0,2801,199.64,33600275104064
6794.0,2,,72.0,80.0,80.0,53.0,72.0,3173,197.07,30614508888183
6794.0,3,,73.0,78.0,78.0,53.0,71.0,3387,198.52,30911953722473
6800.0,0,,71.0,76.0,76.0,52.0,71.0,3015,200.26,62250114187683
6800.0,1,,69.0,78.0,78.0,52.0,70.0,2804,199.38,33601401579650
6800.0,2,,73.0,80.0,80.0,53.0,72.0,3090,197.40,30615624210083
6800.0,3,,72.0,78.0,78.0,52.0,71.0,3387,197.94,30913072082275
6805.0,0,,71.0,76.0,76.0,52.0,71.0,2875,200.12,62251244838256
6805.0,1,,69.0,78.0,78.0,52.0,70.0,2799,199.12,33602528618103
6806.0,2,,72.0,80.0,80.0,53.0,73.0,3317,197.34,30616741154907
6806.0,3,,71.0,78.0,78.0,52.0,70.0,3390,198.66,30914196516235
6811.0,0,,71.0,76.0,76.0,52.0,71.0,2945,199.64,62252376787048
6811.0,1,,70.0,78.0,78.0,52.0,70.0,2784,199.63,33603660505371
6811.0,2,,72.0,80.0,80.0,53.0,72.0,3261,197.12,30617858839843
6811.0,3,,73.0,78.0,78.0,53.0,71.0,3389,197.63,30915317086730
6817.0,0,100.00,71.0,76.0,76.0,52.0,71.0,2944,199.64,62253508735717
6817.0,1,,69.0,78.0,78.0,51.0,69.0,2723,198.76,33604787455810
6817.0,2,,72.0,80.0,80.0,53.0,72.0,3114,196.78,30618974558898
6817.0,3,,73.0,78.0,78.0,53.0,71.0,3389,197.80,30916438624633
6822.0,0,,71.0,76.0,76.0,52.0,71.0,2913,200.03,62254640900878
6822.0,1,,70.0,78.0,78.0,52.0,70.0,2796,198.90,33605913204467
6823.0,2,,72.0,80.0,80.0,53.0,72.0,3145,196.83,30620088638244
6823.0,3,,73.0,78.0,76.0,53.0,71.0,3390,197.57,30917556851013
6828.0,0,,70.0,76.0,76.0,52.0,71.0,2933,199.45,62255771810058
6828.0,1,,70.0,78.0,78.0,52.0,70.0,2798,198.65,33607039546997
6828.0,2,,72.0,80.0,80.0,53.0,72.0,3347,197.29,30621207249572
6828.0,3,,73.0,78.0,78.0,53.0,71.0,3390,197.25,30918675249023
6834.0,0,,72.0,76.0,76.0,52.0,71.0,2861,200.03,62256903971313
6834.0,1,,70.0,78.0,78.0,52.0,70.0,2805,199.03,33608168019531
6834.0,2,,72.0,80.0,80.0,53.0,72.0,3229,196.27,30622320110717
6834.0,3,,73.0,78.0,78.0,53.0,71.0,3388,197.70,30919796211853
6839.0,0,,72.0,76.0,76.0,52.0,71.0,3048,199.53,62258035304443
6839.0,1,,70.0,78.0,78.0,52.0,69.0,2806,198.62,33609292217895
6840.0,2,,72.0,80.0,80.0,53.0,72.0,3104,196.13,30623430211059
6840.0,3,,72.0,78.0,78.0,53.0,71.0,3389,196.90,30920910642150
6845.0,0,,70.0,76.0,76.0,52.0,70.0,2939,182.65,62259069096313
6845.0,1,,69.0,78.0,78.0,52.0,69.0,2687,181.40,33610317111206
6845.0,2,,72.0,80.0,80.0,53.0,71.0,3083,180.16,30624448092773
6845.0,3,,73.0,78.0,76.0,53.0,70.0,3277,180.92,30921931018066
6851.0,0,,71.0,76.0,76.0,52.0,70.0,2816,200.11,62260197729980
6851.0,1,,69.0,78.0,78.0,52.0,70.0,2486,199.83,33611446123901
6851.0,2,,73.0,80.0,80.0,53.0,72.0,3090,199.85,30625577260131
6851.0,3,,72.0,78.0,76.0,53.0,71.0,3087,199.79,30923061809020
6856.0,0,100.00,71.0,76.0,76.0,52.0,71.0,2810,199.96,62261329481567
6856.0,1,100.00,70.0,78.0,78.0,52.0,70.0,2535,199.89,33612577477539
6857.0,2,100.00,71.0,80.0,80.0,53.0,72.0,3097,199.81,30626708179443
6857.0,3,,72.0,78.0,76.0,53.0,71.0,3245,199.84,30924192912841
6862.0,0,,71.0,76.0,76.0,52.0,71.0,2802,199.89,62262460883728
6862.0,1,,70.0,78.0,78.0,52.0,70.0,2770,199.81,33613708395568
6862.0,2,,72.0,80.0,80.0,53.0,72.0,3129,199.61,30627837989074
6862.0,3,,73.0,76.0,78.0,53.0,71.0,3372,199.92,30925324446411
6868.0,0,,71.0,76.0,76.0,52.0,71.0,2920,200.09,62263591404052
6868.0,1,,70.0,78.0,78.0,52.0,70.0,2804,199.91,33614837877746
6868.0,2,,72.0,80.0,80.0,53.0,72.0,3348,199.94,30628965632202
6868.0,3,,73.0,78.0,78.0,53.0,71.0,3383,199.97,30926452269897
6873.0,0,,69.0,76.0,76.0,52.0,71.0,3081,199.86,62264720616455
6873.0,1,,70.0,78.0,78.0,52.0,70.0,2803,200.17,33615968828674
6873.0,2,,72.0,80.0,80.0,53.0,72.0,3374,199.56,30630095158874
6874.0,3,,72.0,76.0,78.0,52.0,70.0,3384,200.25,30927583658203
6879.0,0,,71.0,76.0,76.0,52.0,71.0,2858,199.99,62265850553222
6879.0,1,,71.0,78.0,78.0,52.0,70.0,2796,199.98,33617096737304
6879.0,2,,72.0,80.0,80.0,53.0,72.0,3178,198.98,30631217422058
6879.0,3,,72.0,78.0,78.0,53.0,71.0,3392,199.44,30928710511291
6884.0,0,,71.0,76.0,76.0,52.0,71.0,2922,199.81,62266979505981
6885.0,1,,71.0,78.0,78.0,52.0,69.0,2803,199.71,33618227087646
6885.0,2,,70.0,80.0,80.0,53.0,72.0,3122,198.77,30632340461364
6885.0,3,,73.0,76.0,78.0,53.0,71.0,3386,199.63,30929838417968
6890.0,0,,71.0,76.0,76.0,52.0,70.0,3000,199.92,62268111055053
6890.0,1,,70.0,78.0,78.0,52.0,70.0,2798,200.06,33619359420593
6890.0,2,,71.0,80.0,80.0,53.0,72.0,3330,198.15,30633463988281
6891.0,3,,73.0,78.0,78.0,53.0,71.0,3393,199.10,30930963350036
6896.0,0,,71.0,76.0,76.0,52.0,71.0,2822,200.13,62269237772155
6896.0,1,,70.0,78.0,78.0,52.0,70.0,2803,199.93,33620485022460
6896.0,2,,72.0,80.0,80.0,53.0,72.0,3227,198.66,30634582467895
6896.0,3,,73.0,78.0,78.0,53.0,71.0,3377,199.30,30932089386474
6901.0,0,,71.0,76.0,76.0,52.0,71.0,3013,199.85,62270368921325
6902.0,1,,70.0,78.0,78.0,51.0,69.0,2810,199.98,33621616901062
6902.0,2,,72.0,80.0,80.0,53.0,72.0,3129,197.80,30635702019714
6902.0,3,,73.0,78.0,78.0,52.0,71.0,3392,199.34,30933215668212
6907.0,0,,70.0,76.0,76.0,52.0,71.0,2978,199.68,62271499103881
6907.0,1,,70.0,78.0,78.0,52.0,70.0,2798,199.80,33622747791381
6907.0,2,,72.0,80.0,80.0,53.0,71.0,3337,198.56,30636825867492
6908.0,3,,73.0,78.0,78.0,53.0,71.0,3391,198.53,30934341334533
6913.0,0,,69.0,74.0,76.0,52.0,70.0,2830,200.30,62272632813903
6913.0,1,,71.0,78.0,78.0,52.0,70.0,2798,199.86,33623879027099
6913.0,2,100.00,72.0,80.0,80.0,53.0,71.0,3223,198.25,30637947984680
6913.0,3,,72.0,76.0,76.0,53.0,71.0,3383,198.61,30935465475769
6918.0,0,,72.0,76.0,76.0,52.0,71.0,2882,199.71,62273765192382
6919.0,1,,70.0,78.0,78.0,52.0,70.0,2808,199.94,33625010673095
6919.0,2,,72.0,80.0,80.0,53.0,72.0,3104,196.99,30639064898681
6919.0,3,,73.0,78.0,78.0,53.0,71.0,3389,198.87,30936591059082
6924.0,0,,72.0,76.0,76.0,52.0,71.0,2998,200.16,62274898090820
6924.0,1,,70.0,78.0,78.0,52.0,70.0,2799,199.19,33626140083251
6924.0,2,,70.0,80.0,80.0,53.0,72.0,3169,198.03,30640185733215
6925.0,3,,73.0,78.0,78.0,53.0,71.0,3392,198.10,30937714270690
6930.0,0,,71.0,76.0,76.0,52.0,70.0,3032,200.05,62276030384155
6930.0,1,,70.0,78.0,78.0,52.0,70.0,2808,199.72,33627270472473
6930.0,2,,71.0,80.0,80.0,53.0,72.0,3350,197.19,30641301804016
6930.0,3,,73.0,78.0,76.0,53.0,71.0,3392,198.04,30938835160522
6935.0,0,,71.0,76.0,76.0,52.0,71.0,2830,199.82,62277161357238
6936.0,1,,70.0,78.0,78.0,52.0,70.0,2798,199.73,33628400933410
6936.0,2,,72.0,80.0,80.0,53.0,72.0,3156,197.72,30642420913269
6936.0,3,,73.0,78.0,78.0,53.0,71.0,3389,198.57,30939959049438
6941.0,0,,71.0,76.0,76.0,52.0,71.0,2987,199.88,62278294662902
6941.0,1,,70.0,78.0,78.0,51.0,69.0,2797,198.86,33629528493530
6941.0,2,,73.0,80.0,80.0,54.0,73.0,3097,197.37,30643538030090
6941.0,3,,73.0,78.0,78.0,53.0,71.0,3383,198.34,30941081659179
6947.0,0,,71.0,76.0,76.0,52.0,71.0,2958,199.97,62279426491943
6947.0,1,,70.0,78.0,78.0,51.0,69.0,2756,199.13,33630655557250
6947.0,2,,72.0,80.0,80.0,53.0,72.0,3339,197.14,30644655809692
6947.0,3,,73.0,78.0,78.0,53.0,71.0,3389,197.89,30942203696411
6952.0,0,,71.0,76.0,76.0,52.0,71.0,2839,200.05,62280558800109
6953.0,1,,70.0,78.0,78.0,52.0,70.0,2744,199.74,33631786096130
6953.0,2,,72.0,80.0,80.0,53.0,72.0,3251,197.13,30645771558227
6953.0,3,,73.0,78.0,78.0,53.0,71.0,3382,197.92,30943323941467
6958.0,0,,71.0,76.0,76.0,52.0,71.0,2998,200.18,62281691809692
6958.0,1,,71.0,78.0,78.0,52.0,69.0,2806,198.92,33632913982421
6958.0,2,,72.0,80.0,82.0,53.0,72.0,3103,197.16,30646889432861
6958.0,3,,73.0,78.0,78.0,53.0,71.0,3388,197.85,30944445764587
6964.0,0,,71.0,76.0,76.0,52.0,71.0,2861,199.83,62282824849670
6964.0,1,,71.0,78.0,78.0,51.0,69.0,2799,199.15,33634041185485
6964.0,2,,72.0,80.0,80.0,53.0,72.0,3160,197.10,30648005039672
6964.0,3,,73.0,78.0,78.0,53.0,71.0,3390,197.95,30945566179077
6969.0,0,,71.0,76.0,76.0,52.0,71.0,3051,199.50,62283956030944
6970.0,1,,70.0,78.0,78.0,52.0,70.0,2807,199.70,33635171481689
6970.0,2,,71.0,80.0,80.0,54.0,72.0,3331,196.64,30649119982727
6970.0,3,,73.0,78.0,78.0,53.0,71.0,3389,197.10,30946683727600
6975.0,0,,71.0,76.0,76.0,52.0,71.0,2892,200.10,62285088610717
6975.0,1,,70.0,78.0,78.0,52.0,70.0,2799,198.52,33636297066955
6975.0,2,,72.0,80.0,80.0,53.0,72.0,3143,197.13,30650233755371
6975.0,3,,73.0,78.0,78.0,53.0,71.0,3395,197.95,30947802162963
6981.0,0,,70.0,76.0,76.0,51.0,71.0,2850,199.85,62286219743286
6981.0,1,,70.0,78.0,78.0,52.0,70.0,2806,199.23,33637424680541
6981.0,2,,73.0,80.0,80.0,54.0,73.0,3091,196.41,30651347406372
6981.0,3,,70.0,76.0,78.0,52.0,70.0,3388,196.91,30948918670043
6986.0,0,81.20,71.0,76.0,76.0,52.0,70.0,3023,184.11,62287261797912
6987.0,1,80.85,69.0,78.0,78.0,51.0,69.0,2696,182.70,33638458751892
6987.0,2,80.95,72.0,80.0,80.0,53.0,72.0,3185,180.59,30652367712707
6987.0,3,81.03,71.0,78.0,78.0,52.0,70.0,3377,181.59,30949944633911
6992.0,0,,70.0,76.0,76.0,52.0,70.0,2831,199.81,62288392711120
6992.0,1,,69.0,78.0,78.0,51.0,70.0,2521,200.00,33639590739135
6992.0,2,,73.0,80.0,80.0,53.0,72.0,3103,199.73,30653500201660
6992.0,3,,72.0,78.0,76.0,53.0,71.0,3116,199.60,30951076354370
6998.0,0,,70.0,76.0,76.0,52.0,71.0,2794,199.98,62289522607788
6998.0,1,100.00,71.0,78.0,78.0,52.0,70.0,2510,200.07,33640719145080
6998.0,2,100.00,72.0,80.0,80.0,53.0,72.0,3087,199.86,30654627390686
6998.0,3,100.00,73.0,78.0,76.0,53.0,71.0,3182,199.90,30952203787902
7003.0,0,,72.0,76.0,76.0,52.0,71.0,2806,200.06,62290650955261
7003.0,1,,70.0,78.0,78.0,52.0,70.0,2762,199.78,33641847927185
7004.0,2,,73.0,80.0,80.0,53.0,72.0,3143,199.92,30655756965087
7004.0,3,,73.0,76.0,78.0,53.0,71.0,3357,200.20,30953332915893
7009.0,0,,72.0,76.0,76.0,53.0,71.0,2858,199.94,62291780612182
7009.0,1,,70.0,78.0,78.0,52.0,70.0,2804,200.02,33642978014648
7009.0,2,,72.0,80.0,80.0,54.0,72.0,3345,200.04,30656887175415
7009.0,3,,73.0,78.0,78.0,53.0,71.0,3384,199.80,30954463775634
7015.0,0,,70.0,76.0,76.0,52.0,71.0,3055,199.80,62292911467956
7015.0,1,,70.0,78.0,78.0,52.0,70.0,2802,199.89,33644109388305
7015.0,2,,72.0,80.0,80.0,53.0,72.0,3320,199.18,30658014556518
7015.0,3,,72.0,76.0,76.0,53.0,71.0,3383,199.54,30955593197265
7020.0,0,,72.0,76.0,76.0,52.0,71.0,2886,199.72,62294041900817
7020.0,1,,70.0,78.0,78.0,52.0,70.0,2800,199.82,33645240394958
7021.0,2,,72.0,80.0,80.0,53.0,72.0,3119,199.19,30659139952148
7021.0,3,,73.0,78.0,76.0,53.0,71.0,3386,199.99,30956723146850
7026.0,0,,72.0,76.0,76.0,52.0,71.0,2858,200.18,62295172900695
7026.0,1,,70.0,78.0,78.0,52.0,70.0,2804,199.84,33646369492492
7026.0,2,,72.0,80.0,80.0,53.0,72.0,3259,199.01,30660266358642
7026.0,3,,73.0,78.0,78.0,53.0,71.0,3385,199.39,30957851691772
7032.0,0,,71.0,76.0,76.0,52.0,71.0,3052,199.96,62296304658752
7032.0,1,,70.0,78.0,78.0,52.0,70.0,2797,200.20,33647502647583
7032.0,2,,72.0,80.0,80.0,53.0,72.0,3369,199.12,30661393403991
7032.0,3,,72.0,78.0,78.0,52.0,71.0,3388,199.79,30958982480285
7037.0,0,,71.0,76.0,76.0,52.0,71.0,2930,200.09,62297439162780
7037.0,1,,71.0,78.0,78.0,52.0,70.0,2804,199.90,33648636104248
7038.0,2,,71.0,80.0,80.0,53.0,71.0,3291,199.19,30662522829528
7038.0,3,,72.0,76.0,78.0,53.0,71.0,3390,199.33,30960112705810
7043.0,0,,71.0,76.0,76.0,52.0,71.0,2865,199.79,62298569949096
7043.0,1,,70.0,78.0,78.0,51.0,70.0,2803,199.73,33649766554138
7043.0,2,,71.0,80.0,80.0,53.0,72.0,3124,197.91,30663641011047
7043.0,3,100.00,73.0,78.0,78.0,53.0,71.0,3390,199.08,30961237529663
7049.0,0,,71.0,76.0,76.0,52.0,71.0,3056,199.93,62299699532165
7049.0,1,,70.0,78.0,78.0,52.0,70.0,2802,200.02,33650896653503
7049.0,2,,73.0,80.0,80.0,53.0,72.0,3319,198.67,30664765478881
7049.0,3,,73.0,78.0,78.0,53.0,71.0,3381,198.90,30962363289062
7054.0,0,,71.0,76.0,76.0,52.0,71.0,2893,200.16,62300832460021
7054.0,1,,70.0,78.0,78.0,52.0,70.0,2809,199.95,33652028374450
7055.0,2,,72.0,80.0,80.0,53.0,72.0,3297,198.22,30665887379516
7055.0,3,,73.0,78.0,78.0,53.0,71.0,3382,199.01,30963489710571
7060.0,0,,72.0,76.0,76.0,52.0,71.0,2854,200.00,62301964470764
7060.0,1,,70.0,78.0,78.0,51.0,70.0,2799,199.62,33653158230468
7060.0,2,,72.0,80.0,80.0,53.0,72.0,3118,198.07,30667008476379
7060.0,3,,72.0,78.0,78.0,53.0,71.0,3393,198.78,30964614802307
7066.0,0,,71.0,76.0,76.0,52.0,71.0,3020,200.01,62303096507019
7066.0,1,,69.0,78.0,78.0,52.0,70.0,2797,199.34,33654288510498
7066.0,2,,73.0,80.0,80.0,53.0,72.0,3197,197.74,30668129646728
7066.0,3,,71.0,78.0,78.0,53.0,71.0,3388,198.73,30965741615722
7071.0,0,,70.0,76.0,76.0,53.0,71.0,2901,199.66,62304228606994
7071.0,1,,70.0,78.0,78.0,52.0,70.0,2806,199.82,33655419480957
7072.0,2,,71.0,80.0,80.0,53.0,72.0,3357,197.56,30669247843078
7072.0,3,,73.0,76.0,78.0,53.0,71.0,3389,198.50,30966867090576
7077.0,0,,71.0,76.0,76.0,52.0,71.0,2966,199.86,62305361838562
7077.0,1,,70.0,78.0,78.0,52.0,70.0,2807,199.34,33656549726379
7077.0,2,,72.0,80.0,80.0,53.0,72.0,3168,197.15,30670365655944
7077.0,3,,73.0,76.0,78.0,53.0,71.0,3383,198.88,30967990750427
7083.0,0,100.00,71.0,76.0,76.0,52.0,71.0,3033,200.01,62306493904296
7083.0,1,,70.0,78.0,78.0,52.0,69.0,2798,199.34,33657677993164
7083.0,2,,73.0,80.0,80.0,53.0,72.0,3096,197.13,30671481436950
7083.0,3,,72.0,78.0,78.0,53.0,71.0,3389,198.22,30969114670043
7088.0,0,,71.0,76.0,76.0,52.0,71.0,2837,200.10,62307626482543
7088.0,1,,70.0,78.0,78.0,52.0,69.0,2805,199.63,33658809895812
7089.0,2,,72.0,80.0,80.0,53.0,72.0,3322,198.29,30672605730957
7089.0,3,,72.0,78.0,78.0,53.0,70.0,3387,197.78,30970236091979
7094.0,0,,72.0,76.0,76.0,52.0,71.0,2942,199.45,62308759351867
7094.0,1,,69.0,78.0,78.0,51.0,69.0,2804,199.33,33659940078002
7094.0,2,,72.0,80.0,80.0,53.0,72.0,3343,197.32,30673724518920
7094.0,3,,73.0,78.0,78.0,53.0,71.0,3384,198.38,30971360929809
7100.0,0,,70.0,76.0,76.0,52.0,70.0,3033,199.48,62309892379394
7100.0,1,,71.0,78.0,78.0,52.0,70.0,2804,199.05,33661068712707
7100.0,2,,72.0,80.0,80.0,53.0,72.0,3142,197.88,30674846520690
7100.0,3,,71.0,78.0,78.0,53.0,71.0,3388,197.67,30972481700439
7105.0,0,,72.0,76.0,76.0,52.0,71.0,2829,200.11,62311024997863
7105.0,1,,70.0,78.0,78.0,52.0,70.0,2794,198.70,33662195327514
7106.0,2,,72.0,80.0,80.0,53.0,72.0,3186,196.41,30675960154113
7106.0,3,,72.0,78.0,78.0,53.0,71.0,3385,197.57,30973603917846
7111.0,0,,69.0,76.0,76.0,52.0,70.0,3036,200.42,62312161351562
7111.0,1,,70.0,78.0,78.0,51.0,70.0,2809,199.30,33663325378417
7111.0,2,,72.0,80.0,80.0,54.0,72.0,3246,197.29,30677076840576
7111.0,3,,71.0,78.0,78.0,52.0,70.0,3385,198.44,30974725080322
7117.0,0,,71.0,76.0,76.0,52.0,71.0,2960,199.55,62313290805664
7117.0,1,,70.0,78.0,78.0,51.0,70.0,2798,199.43,33664454135070
7117.0,2,100.00,71.0,80.0,80.0,54.0,72.0,3262,196.81,30678192764221
7117.0,3,100.00,73.0,78.0,76.0,53.0,71.0,3390,197.91,30975847217285
7122.0,0,,72.0,76.0,76.0,52.0,71.0,2816,200.06,62314423140136
7122.0,1,,70.0,78.0,78.0,51.0,69.0,2807,198.92,33665580012695
7123.0,2,,72.0,80.0,80.0,53.0,72.0,3200,196.84,30679306868896
7123.0,3,,73.0,78.0,78.0,53.0,71.0,3387,197.85,30976967046997
7128.0,0,,67.0,74.0,74.0,51.0,69.0,3027,194.81,62315527708679
7128.0,1,,66.0,76.0,76.0,50.0,67.0,2751,191.00,33666662967834
7128.0,2,,68.0,78.0,78.0,52.0,70.0,3090,184.57,30680353393920
7128.0,3,,67.0,76.0,76.0,51.0,69.0,3391,181.46,30977995922363
7134.0,0,,70.0,76.0,76.0,52.0,71.0,2859,187.84,62316588983703
7134.0,1,,70.0,78.0,78.0,51.0,69.0,2544,190.15,33667735426940
7134.0,2,,72.0,80.0,80.0,53.0,72.0,3089,193.64,30681445495788
7134.0,3,,73.0,78.0,78.0,52.0,70.0,3140,197.78,30979111386962
7139.0,0,,71.0,76.0,76.0,52.0,71.0,2797,200.00,62317716974304
7139.0,1,,70.0,78.0,78.0,52.0,70.0,2498,199.68,33668863592956
7139.0,2,,71.0,80.0,80.0,54.0,72.0,3090,200.02,30682575605957
7140.0,3,,73.0,78.0,78.0,53.0,70.0,3114,200.33,30980241266601
7145.0,0,,71.0,76.0,76.0,52.0,71.0,2800,199.73,62318847455871
7145.0,1,,70.0,78.0,78.0,52.0,70.0,2651,199.93,33669995195861
7145.0,2,,73.0,80.0,80.0,53.0,72.0,3096,199.72,30683706014404
7145.0,3,,72.0,78.0,78.0,53.0,71.0,3340,199.87,30981372510620
7150.0,0,,71.0,76.0,76.0,52.0,71.0,2805,200.11,62319978056884
7151.0,1,,70.0,78.0,78.0,52.0,70.0,2795,200.14,33671123968566
7151.0,2,,72.0,80.0,80.0,53.0,72.0,3326,200.09,30684834549926
7151.0,3,,73.0,78.0,78.0,53.0,71.0,3378,200.04,30982502757019
7156.0,0,,70.0,76.0,76.0,52.0,71.0,3047,200.07,62321108445373
7156.0,1,,70.0,78.0,78.0,52.0,70.0,2797,199.85,33672257118164
7156.0,2,,72.0,80.0,80.0,53.0,72.0,3379,199.49,30685965653442
7157.0,3,,72.0,78.0,78.0,53.0,71.0,3392,199.96,30983634527465
7162.0,0,,71.0,76.0,76.0,52.0,71.0,2953,199.88,62322241765991
7162.0,1,,71.0,78.0,78.0,52.0,70.0,2809,199.90,33673388536376
7162.0,2,,72.0,80.0,80.0,53.0,72.0,3192,199.45,30687094550964
7162.0,3,,73.0,78.0,78.0,53.0,70.0,3380,199.62,30984766348937
7167.0,0,,71.0,76.0,76.0,52.0,71.0,2821,200.03,62323373963989
7168.0,1,,71.0,78.0,78.0,51.0,69.0,2798,200.06,33674520859069
7168.0,2,,72.0,80.0,80.0,53.0,72.0,3307,199.36,30688222944396
7168.0,3,,72.0,78.0,78.0,53.0,71.0,3392,199.63,30985896272277
7173.0,0,,71.0,76.0,76.0,52.0,71.0,3033,199.88,62324505308837
7173.0,1,,70.0,78.0,78.0,52.0,70.0,2800,200.00,33675652841735
7173.0,2,,72.0,80.0,80.0,53.0,71.0,3267,198.96,30689349044067
7174.0,3,,73.0,78.0,78.0,53.0,71.0,3384,199.89,30987025628662
7179.0,0,100.00,71.0,76.0,76.0,52.0,71.0,2940,200.07,62325635704162
7179.0,1,,70.0,78.0,78.0,52.0,70.0,2802,199.92,33676782391235
7179.0,2,100.00,71.0,80.0,80.0,53.0,72.0,3257,199.26,30690474875610
7179.0,3,,73.0,78.0,78.0,53.0,71.0,3386,199.13,30988152731323
7184.0,0,,71.0,76.0,76.0,52.0,71.0,2855,199.73,62326766183044
7185.0,1,,70.0,78.0,78.0,51.0,70.0,2803,199.65,33677912390075
7185.0,2,,73.0,80.0,80.0,53.0,72.0,3109,197.97,30691595370361
7185.0,3,,71.0,78.0,78.0,53.0,71.0,3393,199.19,30989280155761
7190.0,0,,71.0,76.0,76.0,52.0,71.0,3060,200.37,62327900257263
7190.0,1,,70.0,78.0,78.0,51.0,69.0,2807,200.06,33679044739440
7190.0,2,100.00,72.0,80.0,80.0,53.0,72.0,3308,198.40,30692718316650
7191.0,3,,72.0,78.0,78.0,53.0,71.0,3385,198.83,30990405507812
7196.0,0,,71.0,76.0,76.0,52.0,71.0,2902,199.62,62329028127441
7196.0,1,,71.0,78.0,78.0,52.0,69.0,2797,200.03,33680172927062
7196.0,2,,72.0,80.0,80.0,53.0,72.0,3351,198.31,30693836777038
7196.0,3,,72.0,78.0,78.0,53.0,71.0,3387,199.24,30991527225708
7201.0,0,,71.0,76.0,76.0,52.0,71.0,2848,199.75,62330152706848
7202.0,1,,70.0,78.0,78.0,51.0,70.0,2802,199.95,33681298639343
7202.0,2,,72.0,80.0,80.0,53.0,72.0,3141,197.63,30694949439697
7202.0,3,,73.0,78.0,78.0,53.0,71.0,3390,198.96,30992649360900
7207.0,0,,72.0,76.0,76.0,52.0,71.0,3051,200.15,62331285549438
7207.0,1,,69.0,78.0,78.0,51.0,69.0,2806,199.90,33682432046691
7207.0,2,,72.0,80.0,80.0,53.0,72.0,3220,197.98,30696071992553
7207.0,3,,73.0,78.0,78.0,53.0,71.0,3390,198.82,30993776644958
7213.0,0,,71.0,76.0,76.0,52.0,71.0,2955,199.53,62332416896301
7213.0,1,,70.0,78.0,78.0,52.0,70.0,2799,199.54,33683561455810
7213.0,2,,72.0,80.0,80.0,53.0,72.0,3359,198.11,30697193308410
7213.0,3,,72.0,78.0,78.0,53.0,71.0,3393,198.47,30994899957458
7218.0,0,,71.0,76.0,76.0,52.0,71.0,2851,200.34,62333550795043
7219.0,1,,70.0,78.0,78.0,52.0,70.0,2797,199.38,33684691912780
7219.0,2,,70.0,80.0,80.0,53.0,72.0,3114,197.16,30698311185119
7219.0,3,,73.0,76.0,78.0,53.0,71.0,3388,198.55,30996025747192
7224.0,0,,72.0,76.0,76.0,52.0,71.0,2997,200.34,62334684731872
7224.0,1,100.00,70.0,78.0,78.0,51.0,70.0,2808,199.34,33685820192871
7224.0,2,,73.0,80.0,80.0,53.0,72.0,3253,197.66,30699429928649
7224.0,3,,70.0,76.0,78.0,53.0,71.0,3379,198.20,30997147541870
7230.0,0,,70.0,76.0,76.0,52.0,70.0,2997,199.41,62335815402954
7230.0,1,,70.0,78.0,78.0,52.0,70.0,2796,199.15,33686949365661
7230.0,2,,72.0,80.0,80.0,53.0,72.0,3302,197.71,30700550966430
7230.0,3,,73.0,78.0,78.0,53.0,71.0,3390,197.94,30998269860229
7235.0,0,,71.0,76.0,76.0,52.0,71.0,2815,200.37,62336947488647
7235.0,1,,69.0,78.0,78.0,52.0,70.0,2803,199.67,33688077523376
7236.0,2,,72.0,80.0,80.0,53.0,72.0,3125,196.78,30701662774108
7236.0,3,,70.0,76.0,78.0,53.0,70.0,3388,198.18,30999389599670
7241.0,0,,71.0,76.0,76.0,52.0,71.0,2993,199.42,62338076232116
7241.0,1,,70.0,78.0,78.0,52.0,70.0,2802,199.08,33689202334838
7241.0,2,100.00,71.0,80.0,80.0,53.0,72.0,3175,196.51,30702773046752
7241.0,3,,73.0,78.0,78.0,53.0,71.0,3392,197.73,31000506795349
7247.0,0,,71.0,76.0,76.0,52.0,71.0,2995,199.95,62339205972412
7247.0,1,,70.0,78.0,78.0,52.0,70.0,2799,199.41,33690330998657
7247.0,2,,71.0,80.0,80.0,53.0,72.0,3349,197.26,30703889523559
7247.0,3,,73.0,78.0,78.0,53.0,71.0,3381,197.81,31001626383117
7252.0,0,,71.0,76.0,76.0,52.0,71.0,2818,199.94,62340337635559
7252.0,1,,70.0,78.0,78.0,52.0,70.0,2800,199.06,33691457696838
7253.0,2,,71.0,80.0,80.0,53.0,72.0,3255,197.48,30705007274658
7253.0,3,,73.0,78.0,78.0,53.0,71.0,3391,198.17,31002748034606
7258.0,0,,71.0,76.0,76.0,52.0,71.0,2943,200.04,62341471881042
7258.0,1,,69.0,78.0,78.0,52.0,70.0,2795,198.37,33692582439331
7258.0,2,,73.0,80.0,80.0,53.0,72.0,3103,196.17,30706119561889
7258.0,3,,71.0,78.0,78.0,52.0,70.0,3387,197.69,31003868928955
7264.0,0,,71.0,76.0,76.0,52.0,71.0,3006,199.31,62342601953674
7264.0,1,,70.0,78.0,78.0,51.0,70.0,2805,199.31,33693712516906
7264.0,2,,72.0,80.0,80.0,53.0,72.0,3236,197.34,30707238470825
7264.0,3,,73.0,78.0,78.0,53.0,71.0,3386,197.70,31004989910095
7269.0,0,,71.0,76.0,76.0,52.0,71.0,2806,197.66,62343722663024
7269.0,1,,70.0,78.0,78.0,51.0,70.0,2700,196.07,33694824223449
7270.0,2,,72.0,80.0,80.0,53.0,72.0,3316,193.44,30708335265075
7270.0,3,,73.0,78.0,76.0,52.0,70.0,3390,194.70,31006093858276
7275.0,0,,71.0,76.0,76.0,52.0,71.0,2810,181.57,62344750334472
7275.0,1,,69.0,78.0,78.0,51.0,69.0,2598,181.52,33695849814331
7275.0,2,,71.0,80.0,80.0,53.0,71.0,3076,180.96,30709357691894
7275.0,3,,71.0,78.0,78.0,53.0,70.0,3258,181.06,31007116820861
7281.0,0,,71.0,76.0,76.0,52.0,71.0,2808,200.11,62345878946899
7281.0,1,,71.0,78.0,78.0,52.0,70.0,2480,199.62,33696977648437
7281.0,2,,72.0,80.0,80.0,53.0,72.0,3057,199.45,30710482615112
7281.0,3,,72.0,78.0,78.0,53.0,71.0,3101,200.15,31008243668212
7286.0,0,,71.0,76.0,76.0,52.0,71.0,2801,200.10,62347005526733
7286.0,1,,71.0,78.0,78.0,52.0,70.0,2632,199.99,33698103605529
7287.0,2,,72.0,80.0,80.0,54.0,72.0,3089,200.04,30711608822021
7287.0,3,,72.0,78.0,78.0,52.0,71.0,3291,199.81,31009370571411
7292.0,0,,71.0,76.0,76.0,52.0,71.0,2860,199.69,62348133750183
7292.0,1,,71.0,78.0,78.0,52.0,70.0,2784,199.94,33699233247802
7292.0,2,,71.0,80.0,80.0,53.0,71.0,3123,199.71,30712737164733
7292.0,3,,73.0,78.0,78.0,53.0,71.0,3378,199.88,31010499878662
7298.0,0,,71.0,76.0,76.0,52.0,71.0,3059,199.87,62349263014587
7298.0,1,,70.0,78.0,78.0,51.0,69.0,2802,200.12,33700363921630
7298.0,2,,72.0,80.0,80.0,53.0,72.0,3330,199.67,30713867316955
7298.0,3,,72.0,78.0,78.0,53.0,71.0,3382,199.76,31011630517944
7303.0,0,,71.0,76.0,76.0,52.0,71.0,2930,200.13,62350393723022
7303.0,1,,70.0,78.0,78.0,52.0,70.0,2796,200.17,33701492861999
7303.0,2,,71.0,80.0,80.0,54.0,72.0,3365,199.36,30714991701599
7304.0,3,,73.0,78.0,78.0,53.0,71.0,3389,199.97,31012756365844
7309.0,0,,72.0,76.0,76.0,52.0,71.0,2832,199.80,62351520589111
7309.0,1,,71.0,78.0,78.0,51.0,70.0,2807,199.73,33702621361389
7309.0,2,,72.0,80.0,80.0,53.0,72.0,3155,199.31,30716117808532
7309.0,3,,72.0,78.0,78.0,53.0,71.0,3385,199.69,31013884635620
7315.0,0,,72.0,76.0,76.0,52.0,71.0,3043,199.97,62352652440063
7315.0,1,,69.0,78.0,78.0,52.0,70.0,2800,200.00,33703753386962
7315.0,2,,72.0,80.0,80.0,53.0,72.0,3247,199.22,30717243402221
7315.0,3,,72.0,78.0,78.0,52.0,71.0,3387,199.17,31015011911315
7320.0,0,,70.0,76.0,76.0,52.0,71.0,2893,200.01,62353780484436
7320.0,1,,70.0,78.0,78.0,52.0,70.0,2796,200.13,33704882111389
7320.0,2,,72.0,80.0,80.0,53.0,72.0,3369,199.00,30718367761718
7321.0,3,,73.0,78.0,78.0,53.0,71.0,3387,199.86,31016141123413
7326.0,0,,71.0,76.0,76.0,52.0,71.0,2828,200.08,62354912917785
7326.0,1,,70.0,78.0,78.0,52.0,70.0,2808,199.95,33706013817443
7326.0,2,,72.0,80.0,80.0,53.0,72.0,3231,198.81,30719493003784
7326.0,3,,73.0,78.0,78.0,53.0,71.0,3390,199.51,31017270349426
7331.0,0,,71.0,76.0,76.0,52.0,71.0,3054,200.04,62356045152587
7332.0,1,,69.0,78.0,78.0,51.0,69.0,2799,199.99,33707145785400
7332.0,2,,72.0,80.0,80.0,53.0,72.0,3128,198.21,30720614874389
7332.0,3,,71.0,78.0,78.0,52.0,70.0,3383,199.24,31018398031127
7337.0,0,,69.0,76.0,76.0,52.0,70.0,2967,199.79,62357177966552
7337.0,1,,70.0,78.0,78.0,52.0,70.0,2807,199.67,33708277934936
7337.0,2,,71.0,80.0,80.0,52.0,71.0,3333,198.88,30721742497497
7338.0,3,,73.0,78.0,78.0,53.0,71.0,3388,199.05,31019526671691
7343.0,0,,72.0,76.0,76.0,52.0,71.0,2828,200.27,62358311496948
7343.0,1,,70.0,78.0,78.0,51.0,70.0,2809,199.79,33709408764648
7343.0,2,,72.0,80.0,80.0,53.0,72.0,3311,197.74,30722861696228
7343.0,3,,73.0,78.0,78.0,53.0,71.0,3387,198.99,31020650990112
7348.0,0,,71.0,76.0,76.0,51.0,70.0,3040,199.86,62359440712890
7349.0,1,,70.0,78.0,78.0,51.0,70.0,2799,199.60,33710534499450
7349.0,2,,72.0,80.0,80.0,53.0,72.0,3118,198.08,30723976892150
7349.0,3,,73.0,78.0,78.0,53.0,71.0,3383,199.00,31021773371215
7354.0,0,,71.0,76.0,76.0,52.0,71.0,2938,199.83,62360567741088
7354.0,1,,70.0,78.0,78.0,51.0,69.0,2796,199.85,33711661650634
7354.0,2,,72.0,80.0,80.0,53.0,72.0,3213,197.43,30725092359680
7355.0,3,,73.0,78.0,78.0,53.0,71.0,3384,198.70,31022894040832
7360.0,0,100.00,71.0,76.0,76.0,52.0,71.0,2819,199.95,62361695435424
7360.0,1,,70.0,78.0,78.0,52.0,69.0,2809,198.87,33712785259033
7360.0,2,,72.0,80.0,80.0,53.0,72.0,3361,197.73,30726207538696
7360.0,3,,73.0,78.0,78.0,53.0,71.0,3391,198.56,31024013916992
7365.0,0,,71.0,76.0,76.0,52.0,71.0,3041,200.16,62362824365539
7366.0,1,,70.0,78.0,78.0,52.0,69.0,2744,199.95,33713912958251
7366.0,2,,72.0,80.0,80.0,53.0,72.0,3157,197.27,30727320148864
7366.0,3,,73.0,76.0,78.0,53.0,71.0,3394,197.83,31025131631530
7371.0,0,,71.0,76.0,76.0,52.0,71.0,2947,199.87,62363951653015
7371.0,1,,69.0,78.0,78.0,51.0,69.0,2754,199.45,33715037842651
7371.0,2,,72.0,80.0,80.0,53.0,72.0,3138,197.30,30728432912170
7371.0,3,,73.0,78.0,78.0,53.0,71.0,3382,197.97,31026248175720
7377.0,0,100.00,71.0,76.0,76.0,52.0,71.0,2891,199.84,62365080723999
7377.0,1,,70.0,78.0,78.0,52.0,70.0,2804,199.36,33716164253723
7377.0,2,,72.0,80.0,80.0,53.0,72.0,3340,197.10,30729548497680
7377.0,3,,73.0,78.0,78.0,53.0,71.0,3393,197.68,31027367016967
7382.0,0,,70.0,76.0,76.0,52.0,71.0,2976,199.48,62366211781127
7382.0,1,,70.0,78.0,78.0,52.0,70.0,2797,199.07,33717292971496
7383.0,2,,72.0,80.0,80.0,53.0,72.0,3251,197.12,30730666140563
7383.0,3,,71.0,78.0,78.0,53.0,71.0,3388,197.88,31028488976318
7388.0,0,,71.0,76.0,76.0,52.0,71.0,2893,199.94,62367343425231
7388.0,1,,70.0,78.0,78.0,52.0,70.0,2798,199.39,33718421531372
7388.0,2,,72.0,80.0,80.0,53.0,71.0,3107,196.80,30731780055847
7388.0,3,,73.0,78.0,78.0,53.0,71.0,3392,198.35,31029611651916
7394.0,0,,70.0,76.0,76.0,52.0,71.0,3028,200.19,62368476511291
7394.0,1,,70.0,78.0,78.0,52.0,70.0,2805,199.49,33719550656799
7394.0,2,,70.0,80.0,80.0,52.0,71.0,3249,197.58,30732900352111
7394.0,3,,73.0,76.0,78.0,53.0,71.0,3387,197.74,31030732829528
7399.0,0,,71.0,76.0,76.0,53.0,71.0,2880,200.16,62369611401550
7399.0,1,,69.0,78.0,78.0,52.0,70.0,2701,198.56,33720676511047
7400.0,2,,72.0,80.0,80.0,53.0,72.0,3319,196.82,30734014375183
7400.0,3,,72.0,78.0,78.0,52.0,71.0,3382,197.87,31031852774658
7405.0,0,,71.0,76.0,76.0,52.0,70.0,2898,199.20,62370738849365
7405.0,1,,70.0,78.0,78.0,52.0,70.0,2791,199.45,33721803390380
7405.0,2,100.00,72.0,80.0,80.0,53.0,72.0,3119,196.75,30735127993041
7405.0,3,,73.0,78.0,78.0,53.0,71.0,3393,197.92,31032971007080
7411.0,0,,69.0,76.0,76.0,52.0,70.0,3015,198.88,62371862505676
7411.0,1,,70.0,78.0,78.0,52.0,70.0,2803,197.53,33722921394836
7411.0,2,,72.0,80.0,80.0,53.0,72.0,3165,194.82,30736228719360
7411.0,3,,72.0,78.0,78.0,52.0,70.0,3388,195.82,31034079330139
7416.0,0,,70.0,76.0,76.0,52.0,71.0,2837,191.34,62372943558105
7416.0,1,,71.0,78.0,78.0,51.0,70.0,2668,190.71,33723998902709
7417.0,2,,72.0,80.0,80.0,53.0,72.0,3178,189.82,30737299302856
7417.0,3,,72.0,78.0,78.0,52.0,70.0,3285,190.69,31035154795593
7422.0,0,,68.0,76.0,76.0,51.0,70.0,2812,199.88,62374072864746
7422.0,1,,66.0,76.0,76.0,50.0,68.0,2501,196.79,33725112743713
7422.0,2,,68.0,78.0,78.0,52.0,70.0,3092,193.89,30738398656616
7422.0,3,,70.0,76.0,76.0,53.0,70.0,3165,192.08,31036243903015
7428.0,0,,70.0,76.0,76.0,52.0,71.0,2799,192.88,62375164583801
7428.0,1,,70.0,78.0,78.0,52.0,70.0,2560,195.51,33726217377746
7428.0,2,,72.0,80.0,80.0,53.0,72.0,3083,198.12,30739516052734
7428.0,3,,72.0,78.0,78.0,53.0,71.0,3149,200.02,31037372010742
7433.0,0,,71.0,76.0,76.0,52.0,71.0,2802,192.53,62376254319335
7433.0,1,,70.0,80.0,78.0,52.0,70.0,2716,192.82,33727306818481
7434.0,2,,72.0,80.0,80.0,53.0,72.0,3087,192.04,30740603026733
7434.0,3,,73.0,78.0,78.0,53.0,71.0,3268,192.48,31038461445373
7439.0,0,,72.0,76.0,76.0,52.0,71.0,2798,200.09,62377382807983
7439.0,1,100.00,69.0,78.0,78.0,52.0,70.0,2736,199.82,33728433806091
7439.0,2,100.00,73.0,80.0,80.0,53.0,72.0,3089,199.80,30741729875000
7439.0,3,,73.0,78.0,78.0,53.0,71.0,3301,200.16,31039588361999
7445.0,0,,71.0,76.0,76.0,52.0,71.0,2805,192.71,62378469674438
7445.0,1,,70.0,78.0,78.0,52.0,70.0,2666,192.44,33729521069702
7445.0,2,,72.0,80.0,80.0,53.0,72.0,3088,192.35,30742816652954
7445.0,3,,72.0,78.0,78.0,53.0,71.0,3250,192.36,31040675217346
7450.0,0,,71.0,76.0,76.0,52.0,71.0,2809,192.50,62379557320800
7450.0,1,,70.0,78.0,78.0,52.0,70.0,2768,192.35,33730605941223
7450.0,2,99.90,72.0,80.0,80.0,53.0,72.0,3121,192.32,30743899414123
7451.0,3,99.89,71.0,78.0,78.0,53.0,71.0,3323,192.22,31041759318054
7456.0,0,,70.0,76.0,76.0,53.0,71.0,2807,200.04,62380685566955
7456.0,1,,69.0,78.0,78.0,52.0,70.0,2613,199.95,33731735644165
7456.0,2,,71.0,82.0,80.0,54.0,72.0,3111,200.03,30745029578979
7456.0,3,,73.0,78.0,78.0,53.0,71.0,3269,199.89,31042888722778
7461.0,0,,71.0,76.0,76.0,52.0,71.0,2807,193.07,62381774503479
7462.0,1,,70.0,78.0,78.0,52.0,70.0,2681,192.60,33732821890258
7462.0,2,,71.0,80.0,80.0,54.0,72.0,3138,192.02,30746114476135
7462.0,3,,73.0,78.0,78.0,53.0,71.0,3297,192.79,31043976075805
7467.0,0,,68.0,74.0,76.0,51.0,69.0,2822,198.56,62382898354064
7467.0,1,,67.0,76.0,76.0,50.0,68.0,2691,196.05,33733931543518
7467.0,2,,68.0,78.0,78.0,52.0,70.0,3143,193.15,30747209635253
7468.0,3,,71.0,76.0,76.0,53.0,70.0,3313,191.87,31045063968566
7473.0,0,,71.0,76.0,76.0,52.0,71.0,2822,193.61,62383994168334
7473.0,1,,71.0,78.0,78.0,52.0,70.0,2645,196.59,33735042300537
7473.0,2,,73.0,80.0,80.0,53.0,72.0,3147,199.17,30748332975158
7473.0,3,,73.0,78.0,78.0,53.0,71.0,3242,200.13,31046194691711
7478.0,0,,72.0,76.0,76.0,52.0,71.0,2886,193.34,62385086559448
7479.0,1,,70.0,80.0,78.0,52.0,70.0,2726,192.55,33736132129028
7479.0,2,,72.0,82.0,80.0,53.0,73.0,3180,192.44,30749422159179
7479.0,3,,73.0,78.0,78.0,53.0,71.0,3342,192.57,31047284640136
7484.0,0,,72.0,76.0,76.0,52.0,71.0,2828,199.64,62386214534301
7484.0,1,,70.0,78.0,78.0,52.0,70.0,2692,199.88,33737259461425
7484.0,2,,72.0,80.0,80.0,54.0,72.0,3108,199.63,30750548075195
7485.0,3,,72.0,78.0,78.0,53.0,71.0,3308,199.89,31048411995483
7490.0,0,,71.0,76.0,76.0,52.0,71.0,2846,192.56,62387302470336
7490.0,1,,70.0,78.0,80.0,52.0,70.0,2665,192.13,33738346912170
7490.0,2,,71.0,82.0,80.0,54.0,72.0,3139,192.11,30751635423950
7490.0,3,,72.0,78.0,78.0,53.0,71.0,3267,192.50,31049499604980
7495.0,0,,71.0,76.0,76.0,52.0,71.0,2837,192.89,62388392297790
7496.0,1,,69.0,78.0,78.0,52.0,70.0,2764,192.65,33739433431884
7496.0,2,99.97,72.0,80.0,82.0,53.0,72.0,3172,192.22,30752719528381
7496.0,3,99.98,71.0,78.0,78.0,53.0,71.0,3343,192.35,31050584473693
7501.0,0,,70.0,76.0,76.0,52.0,71.0,2815,199.92,62389521838562
7501.0,1,,69.0,78.0,78.0,52.0,70.0,2611,199.84,33740564523254
7501.0,2,,72.0,80.0,82.0,54.0,72.0,3119,200.29,30753851161682
7501.0,3,,72.0,78.0,78.0,53.0,71.0,3245,199.78,31051715252807
7507.0,0,,70.0,76.0,76.0,52.0,71.0,2839,192.04,62390604936767
7507.0,1,,71.0,78.0,78.0,51.0,70.0,2671,191.57,33741644999816
7507.0,2,,72.0,80.0,82.0,53.0,72.0,3182,191.33,30754930245544
7507.0,3,,72.0,78.0,78.0,53.0,71.0,3289,191.21,31052793658508
7512.0,0,,71.0,76.0,76.0,52.0,71.0,2803,200.08,62391735371154
7512.0,1,,70.0,78.0,78.0,52.0,70.0,2694,200.25,33742776439758
7513.0,2,,73.0,82.0,80.0,53.0,72.0,3128,199.89,30756061650939
7513.0,3,,71.0,78.0,78.0,53.0,71.0,3309,200.00,31053925681457
7518.0,0,,71.0,76.0,76.0,52.0,71.0,3033,199.94,62392867017089
7518.0,1,,71.0,80.0,78.0,52.0,70.0,2789,199.77,33743907128662
7518.0,2,,73.0,82.0,80.0,54.0,72.0,3329,199.96,30757193414550
7518.0,3,,73.0,78.0,78.0,53.0,71.0,3381,199.88,31055057030029
7524.0,0,,71.0,76.0,76.0,52.0,71.0,3086,199.80,62393997865539
7524.0,1,,70.0,78.0,78.0,52.0,70.0,2800,199.81,33745038052795
7524.0,2,,72.0,80.0,80.0,53.0,72.0,3382,199.83,30758324451232
7524.0,3,,68.0,76.0,78.0,52.0,69.0,3390,197.97,31056177543212
7529.0,0,,70.0,76.0,76.0,52.0,71.0,2896,191.85,62395083708374
7529.0,1,,71.0,78.0,78.0,52.0,70.0,2654,191.88,33746122191955
7530.0,2,,72.0,80.0,80.0,53.0,72.0,3211,191.34,30759405529479
7530.0,3,,73.0,78.0,78.0,53.0,71.0,3340,193.40,31057270243286
7535.0,0,,71.0,76.0,76.0,52.0,71.0,2804,199.92,62396213247680
7535.0,1,,70.0,78.0,78.0,52.0,70.0,2781,199.88,33747251531433
7535.0,2,,72.0,80.0,80.0,54.0,72.0,3097,200.15,30760536365234
7535.0,3,,73.0,78.0,78.0,53.0,71.0,3385,200.00,31058400234802
7541.0,0,,71.0,76.0,76.0,53.0,71.0,2800,199.93,62397344844360
7541.0,1,,70.0,78.0,78.0,52.0,70.0,2800,199.99,33748383476928
7541.0,2,,73.0,80.0,80.0,53.0,72.0,3247,199.80,30761667226257
7541.0,3,,73.0,78.0,78.0,53.0,71.0,3384,199.97,31059532056579
7546.0,0,98.34,71.0,76.0,76.0,52.0,70.0,2974,192.47,62398432281677
7546.0,1,98.25,71.0,80.0,78.0,52.0,70.0,2751,191.83,33749467341735
7547.0,2,98.21,71.0,80.0,80.0,53.0,72.0,3313,191.58,30762749672729
7547.0,3,98.03,73.0,78.0,78.0,53.0,70.0,3356,191.68,31060615061279
7552.0,0,100.00,71.0,76.0,76.0,52.0,71.0,2835,199.81,62399561234863
7552.0,1,100.00,70.0,78.0,78.0,52.0,70.0,2605,200.02,33750597468261
7552.0,2,100.00,73.0,82.0,80.0,54.0,72.0,3128,199.87,30763876933715
7552.0,3,,72.0,78.0,78.0,53.0,71.0,3279,199.89,31061742446594
7558.0,0,,71.0,76.0,76.0,52.0,71.0,2804,200.01,62400687304443
7558.0,1,,69.0,78.0,78.0,52.0,70.0,2783,199.88,33751722778808
7558.0,2,,72.0,80.0,80.0,54.0,72.0,3092,199.92,30765002458251
7558.0,3,,72.0,78.0,78.0,53.0,71.0,3369,200.24,31062867808959
7563.0,0,,71.0,76.0,76.0,52.0,71.0,2995,199.87,62401812580627
7563.0,1,,71.0,78.0,78.0,52.0,70.0,2802,199.95,33752848495666
7563.0,2,,73.0,80.0,80.0,53.0,72.0,3312,199.64,30766128446350
7564.0,3,,73.0,78.0,78.0,53.0,71.0,3385,199.73,31063994275085
7569.0,0,,71.0,76.0,76.0,52.0,71.0,2991,192.29,62402895148193
7569.0,1,,70.0,78.0,78.0,52.0,70.0,2692,191.84,33753930447875
7569.0,2,,73.0,80.0,80.0,53.0,72.0,3274,191.49,30767208429931
7569.0,3,,72.0,78.0,78.0,53.0,71.0,3327,191.31,31065075158569
7574.0,0,,71.0,76.0,76.0,52.0,71.0,2822,199.82,62404026127014
7575.0,1,,71.0,78.0,80.0,52.0,70.0,2705,199.80,33755061288513
7575.0,2,,71.0,80.0,80.0,54.0,72.0,3108,199.77,30768339123229
7575.0,3,,71.0,78.0,78.0,52.0,71.0,3351,199.96,31066206920654
7580.0,0,,72.0,76.0,76.0,52.0,71.0,2801,199.82,62405157134216
7580.0,1,,70.0,78.0,78.0,52.0,70.0,2791,200.13,33756191999572
7580.0,2,,72.0,80.0,80.0,53.0,72.0,3217,200.21,30769470337036
7581.0,3,,73.0,78.0,78.0,53.0,71.0,3375,200.07,31067337304931
7586.0,0,,71.0,76.0,76.0,52.0,71.0,3025,200.02,62406287240661
7586.0,1,,68.0,78.0,78.0,51.0,69.0,2812,199.52,33757321300903
7586.0,2,,68.0,78.0,78.0,52.0,70.0,3370,196.65,30770583396911
7586.0,3,,68.0,76.0,76.0,51.0,69.0,3390,194.51,31068438251831
7591.0,0,,72.0,76.0,76.0,52.0,70.0,2885,191.47,62407370986633
7592.0,1,,71.0,80.0,78.0,52.0,70.0,2601,191.58,33758403745666
7592.0,2,,71.0,80.0,80.0,53.0,72.0,3201,193.94,30771677224060
7592.0,3,,72.0,78.0,78.0,53.0,71.0,3226,196.61,31069547126159
7597.0,0,,71.0,76.0,76.0,52.0,71.0,2796,199.96,62408498777221
7597.0,1,,70.0,78.0,78.0,52.0,70.0,2730,199.72,33759532187866
7597.0,2,100.00,71.0,80.0,80.0,54.0,72.0,3107,199.77,30772807901367
7598.0,3,,73.0,78.0,78.0,53.0,71.0,3352,199.80,31070677986938
7603.0,0,,71.0,76.0,76.0,52.0,71.0,2852,200.11,62409631406188
7603.0,1,,71.0,78.0,78.0,52.0,70.0,2798,200.04,33760664427734
7603.0,2,,71.0,80.0,80.0,54.0,72.0,3191,200.04,30773940122375
7603.0,3,,73.0,78.0,78.0,53.0,71.0,3380,199.86,31071809194946
7608.0,0,98.09,70.0,76.0,76.0,52.0,71.0,3022,192.13,62410718883789
7609.0,1,98.11,70.0,78.0,78.0,52.0,70.0,2747,191.71,33761749523071
7609.0,2,98.09,72.0,80.0,80.0,53.0,72.0,3310,191.12,30775021839355
7609.0,3,98.07,72.0,78.0,78.0,53.0,71.0,3344,191.57,31072893487060
7614.0,0,,71.0,76.0,76.0,52.0,71.0,2838,199.68,62411847098327
7614.0,1,,70.0,78.0,78.0,52.0,70.0,2640,199.87,33762876806640
7614.0,2,,71.0,80.0,80.0,54.0,72.0,3121,200.09,30776148349670
7614.0,3,,73.0,78.0,78.0,53.0,71.0,3282,199.97,31074019292480
7620.0,0,,70.0,76.0,76.0,52.0,71.0,2803,200.14,62412973865112
7620.0,1,,71.0,78.0,78.0,52.0,70.0,2793,199.96,33764002573608
7620.0,2,,71.0,80.0,80.0,54.0,72.0,3124,199.98,30777274260742
7620.0,3,100.00,71.0,78.0,78.0,53.0,71.0,3366,200.01,31075145322814
7625.0,0,,71.0,76.0,76.0,52.0,71.0,3004,199.95,62414099600097
7625.0,1,,70.0,78.0,78.0,52.0,70.0,2800,199.70,33765128886962
7626.0,2,,73.0,80.0,80.0,53.0,72.0,3342,199.73,30778400728759
7626.0,3,100.00,73.0,78.0,78.0,53.0,71.0,3388,199.90,31076270746704
7631.0,0,,70.0,76.0,76.0,52.0,71.0,2990,191.76,62415181115234
7631.0,1,,70.0,78.0,78.0,52.0,70.0,2689,191.63,33766209655944
7631.0,2,,72.0,80.0,80.0,53.0,72.0,3260,191.10,30779480439697
7631.0,3,,73.0,78.0,78.0,53.0,71.0,3320,191.15,31077352636169
7637.0,0,100.00,71.0,76.0,76.0,52.0,71.0,2821,199.98,62416313000305
7637.0,1,100.00,71.0,78.0,78.0,52.0,70.0,2600,199.82,33767340619812
7637.0,2,100.00,71.0,80.0,80.0,53.0,72.0,3119,199.85,30780611581237
7637.0,3,,71.0,78.0,78.0,53.0,71.0,3355,200.11,31078483234191
7642.0,0,,71.0,76.0,76.0,52.0,71.0,2804,200.14,62417443778198
7642.0,1,,70.0,78.0,78.0,52.0,70.0,2782,200.04,33768470823059
7643.0,2,100.00,72.0,80.0,80.0,53.0,72.0,3100,199.87,30781740857849
7643.0,3,,73.0,78.0,78.0,53.0,71.0,3377,199.90,31079612683715
7648.0,0,,71.0,76.0,76.0,52.0,71.0,2986,199.75,62418572348388
7648.0,1,,67.0,76.0,78.0,50.0,68.0,2803,197.67,33769587634033
7648.0,2,,68.0,78.0,78.0,52.0,70.0,3331,194.51,30782839861328
7648.0,3,,68.0,76.0,76.0,51.0,69.0,3390,191.73,31080699778503
7654.0,0,,70.0,76.0,76.0,52.0,71.0,2874,191.77,62419657759277
7654.0,1,,71.0,78.0,78.0,52.0,70.0,2656,193.84,33770682813476
7654.0,2,,72.0,80.0,80.0,53.0,72.0,3200,196.15,30783948115356
7654.0,3,,72.0,78.0,78.0,53.0,71.0,3254,199.13,31081822853271
7659.0,0,,72.0,76.0,76.0,52.0,71.0,2801,200.00,62420787774597
7659.0,1,,70.0,78.0,78.0,52.0,70.0,2777,199.88,33771814153381
7660.0,2,100.00,72.0,80.0,80.0,53.0,72.0,3085,200.09,30785080646789
7660.0,3,,72.0,78.0,78.0,53.0,71.0,3362,199.86,31082954049743
7665.0,0,,71.0,76.0,76.0,52.0,71.0,2937,200.01,62421919807434
7665.0,1,,71.0,78.0,78.0,52.0,70.0,2799,199.86,33772945363098
7665.0,2,,73.0,80.0,80.0,54.0,72.0,3294,199.57,30786212215270
7665.0,3,,73.0,78.0,78.0,53.0,71.0,3380,200.18,31084087093322
7671.0,0,98.21,72.0,76.0,76.0,52.0,71.0,3039,192.02,62423008570190
7671.0,1,98.08,69.0,80.0,78.0,52.0,70.0,2774,191.87,33774033244689
7671.0,2,98.26,71.0,80.0,80.0,53.0,72.0,3317,191.57,30787296481262
7671.0,3,98.19,72.0,78.0,78.0,53.0,71.0,3371,191.64,31085171757324
7676.0,0,,72.0,76.0,76.0,52.0,71.0,2836,199.90,62424138002014
7676.0,1,,71.0,78.0,80.0,52.0,70.0,2574,200.05,33775161500488
7676.0,2,,73.0,80.0,80.0,53.0,72.0,3137,200.05,30788424783386
7677.0,3,,72.0,78.0,78.0,53.0,71.0,3341,199.81,31086298692382
7682.0,0,,71.0,76.0,76.0,52.0,71.0,2800,199.90,62425265437561
7682.0,1,,70.0,78.0,78.0,52.0,70.0,2779,199.80,33776288360351
7682.0,2,,71.0,80.0,80.0,54.0,73.0,3119,199.89,30789552158447
7682.0,3,100.00,72.0,78.0,78.0,53.0,71.0,3384,199.97,31087426523193
7687.0,0,,70.0,76.0,76.0,52.0,71.0,2915,199.86,62426392655456
7688.0,1,,70.0,78.0,78.0,52.0,70.0,2798,199.93,33777415971923
7688.0,2,,71.0,80.0,80.0,53.0,72.0,3341,199.70,30790678442871
7688.0,3,,73.0,78.0,78.0,53.0,71.0,3382,199.72,31088552920288
7693.0,0,,71.0,76.0,76.0,52.0,71.0,2974,191.91,62427476952941
7693.0,1,,70.0,78.0,80.0,52.0,70.0,2675,191.47,33778499664672
7693.0,2,,73.0,80.0,80.0,53.0,72.0,3257,191.40,30791759861206
7694.0,3,,73.0,78.0,78.0,53.0,71.0,3288,191.15,31089634852355
7699.0,0,,70.0,76.0,76.0,52.0,71.0,2812,200.16,62428607830017
7699.0,1,,70.0,78.0,78.0,52.0,70.0,2704,200.23,33779630942504
7699.0,2,,73.0,80.0,80.0,53.0,72.0,3115,199.62,30792891711975
7699.0,3,,72.0,78.0,78.0,53.0,71.0,3339,199.67,31090767006469
7704.0,0,,70.0,76.0,76.0,53.0,71.0,2808,199.79,62429740650817
7705.0,1,,70.0,78.0,78.0,52.0,70.0,2798,199.64,33780762928466
7705.0,2,,72.0,80.0,80.0,54.0,72.0,3148,199.91,30794021192199
7705.0,3,,73.0,78.0,78.0,53.0,71.0,3381,200.05,31091893302673
7710.0,0,,67.0,74.0,74.0,51.0,69.0,3038,196.82,62430846802124
7710.0,1,,67.0,76.0,76.0,50.0,68.0,2803,193.63,33781853051391
7710.0,2,,68.0,78.0,78.0,52.0,69.0,3343,190.42,30795093272277
7711.0,3,,72.0,76.0,76.0,52.0,70.0,3385,189.49,31092963946777
7716.0,0,,71.0,76.0,76.0,52.0,71.0,2860,193.52,62431940213439
7716.0,1,,70.0,78.0,78.0,52.0,70.0,2591,196.60,33782957958374
7716.0,2,,72.0,80.0,80.0,53.0,72.0,3184,199.21,30796214806518
7716.0,3,,72.0,78.0,78.0,53.0,71.0,3185,200.24,31094091317749
7721.0,0,,71.0,76.0,76.0,52.0,71.0,2807,200.15,62433069060302
7721.0,1,,71.0,78.0,78.0,52.0,70.0,2737,199.81,33784088854980
7722.0,2,,72.0,80.0,80.0,53.0,72.0,3108,199.91,30797346309204
7722.0,3,,72.0,78.0,78.0,53.0,71.0,3341,199.95,31095223006958
7727.0,0,,72.0,76.0,76.0,52.0,71.0,2863,199.84,62434200179443
7727.0,1,,71.0,78.0,78.0,52.0,70.0,2798,199.81,33785219757202
7727.0,2,100.00,73.0,80.0,80.0,54.0,72.0,3170,199.82,30798477285522
7727.0,3,,73.0,78.0,78.0,53.0,71.0,3372,199.92,31096354536010
7733.0,0,,71.0,76.0,76.0,52.0,71.0,3055,199.91,62435331648132
7733.0,1,,70.0,78.0,78.0,52.0,70.0,2801,199.91,33786351220031
7733.0,2,,72.0,80.0,80.0,53.0,72.0,3353,199.58,30799606900085
7733.0,3,,73.0,78.0,78.0,53.0,71.0,3383,199.83,31097485572998
7738.0,0,100.00,70.0,76.0,76.0,52.0,71.0,2970,199.90,62436463099060
7738.0,1,100.00,71.0,78.0,78.0,52.0,70.0,2800,199.92,33787482783508
7739.0,2,100.00,72.0,80.0,80.0,53.0,72.0,3332,199.85,30800736044555
7739.0,3,,73.0,78.0,78.0,53.0,71.0,3378,199.81,31098614518859
7744.0,0,,71.0,76.0,76.0,52.0,71.0,2837,199.87,62437592341674
7744.0,1,,70.0,78.0,78.0,52.0,70.0,2805,199.96,33788612578735
7744.0,2,,71.0,80.0,80.0,54.0,72.0,3122,198.71,30801858733703
7744.0,3,,73.0,78.0,78.0,53.0,71.0,3396,199.67,31099742681762
7750.0,0,,70.0,76.0,76.0,52.0,71.0,3042,200.02,62438724458312
7750.0,1,,71.0,78.0,78.0,52.0,70.0,2799,199.92,33789744106567
7750.0,2,,73.0,80.0,80.0,54.0,72.0,3243,198.65,30802985092529
7750.0,3,,72.0,78.0,78.0,53.0,71.0,3380,199.89,31100874050659
7755.0,0,,71.0,76.0,76.0,52.0,71.0,3024,200.27,62439855982116
7755.0,1,100.00,70.0,78.0,78.0,52.0,70.0,2804,199.89,33790873465026
7756.0,2,,71.0,80.0,80.0,53.0,72.0,3364,199.33,30804111333801
7756.0,3,,73.0,78.0,78.0,53.0,71.0,3386,199.14,31102001157165
7761.0,0,,67.0,74.0,74.0,51.0,69.0,2842,194.70,62440957980285
7761.0,1,,66.0,76.0,76.0,50.0,68.0,2795,191.70,33791958475891
7761.0,2,,68.0,78.0,78.0,52.0,70.0,3175,186.91,30805171120178
7761.0,3,,68.0,74.0,74.0,51.0,69.0,3383,185.44,31103052613586
7767.0,0,,71.0,76.0,76.0,52.0,71.0,2644,169.79,62441922367370
7767.0,1,,70.0,78.0,78.0,51.0,69.0,2446,171.98,33792933606506
7767.0,2,100.00,70.0,80.0,80.0,53.0,72.0,2862,174.24,30806157313842
7767.0,3,100.00,71.0,78.0,78.0,53.0,71.0,3013,176.87,31104053690185
7772.0,0,,70.0,76.0,76.0,52.0,71.0,2721,200.28,62443051963134
7772.0,1,100.00,71.0,78.0,78.0,52.0,70.0,2468,199.49,33794060738769
7773.0,2,100.00,72.0,80.0,80.0,53.0,72.0,2981,199.90,30807284759704
7773.0,3,,71.0,78.0,78.0,53.0,71.0,3088,200.20,31105180826049
7778.0,0,,72.0,76.0,76.0,52.0,71.0,2801,199.68,62444178148132
7778.0,1,,71.0,78.0,78.0,52.0,70.0,2747,200.18,33795187760009
7778.0,2,,73.0,80.0,80.0,54.0,72.0,3109,199.70,30808411046447
7778.0,3,,72.0,78.0,78.0,53.0,71.0,3332,199.84,31106307930908
7784.0,0,,71.0,76.0,76.0,52.0,71.0,2964,199.87,62445307429260
7784.0,1,,71.0,78.0,78.0,52.0,70.0,2804,199.94,33796317445434
7784.0,2,,73.0,80.0,80.0,53.0,72.0,3343,199.92,30809540609680
7784.0,3,,73.0,78.0,78.0,53.0,71.0,3375,199.64,31107437867065
7789.0,0,,71.0,76.0,76.0,52.0,71.0,3034,200.20,62446438532836
7789.0,1,100.00,70.0,78.0,78.0,52.0,70.0,2800,199.83,33797448465087
7790.0,2,,73.0,80.0,80.0,53.0,72.0,3371,199.69,30810670827453
7790.0,3,100.00,73.0,76.0,78.0,53.0,71.0,3391,200.19,31108570952087
7795.0,0,,71.0,76.0,76.0,52.0,71.0,2802,199.80,62447569429077
7795.0,1,,69.0,78.0,78.0,52.0,70.0,2805,199.94,33798578147827
7795.0,2,,72.0,80.0,80.0,53.0,72.0,3233,199.56,30811796345153
7795.0,3,,72.0,78.0,78.0,53.0,71.0,3383,199.54,31109696366027
7801.0,0,,71.0,76.0,76.0,52.0,71.0,3017,200.29,62448699081115
7801.0,1,,70.0,78.0,78.0,52.0,70.0,2802,199.92,33799707673950
7801.0,2,,72.0,80.0,80.0,53.0,72.0,3170,198.91,30812922174560
7801.0,3,,73.0,78.0,78.0,53.0,71.0,3382,199.72,31110826800537
7806.0,0,,71.0,76.0,76.0,52.0,71.0,3054,199.88,62449830379638
7806.0,1,,70.0,78.0,78.0,52.0,70.0,2800,200.03,33800839815795
7806.0,2,,72.0,80.0,80.0,53.0,72.0,3352,199.05,30814048821594
7807.0,3,,73.0,78.0,78.0,53.0,71.0,3384,199.32,31111954925903
7812.0,0,,71.0,76.0,76.0,52.0,71.0,2841,199.52,62450959690734
7812.0,1,,70.0,78.0,78.0,51.0,69.0,2799,199.63,33801969700683
7812.0,2,,72.0,80.0,80.0,53.0,72.0,3308,197.59,30815167174865
7812.0,3,,72.0,78.0,78.0,53.0,71.0,3391,198.47,31113078254272
7817.0,0,95.70,70.0,76.0,76.0,52.0,70.0,2822,166.18,62451900256042
7818.0,1,95.40,69.0,78.0,78.0,51.0,69.0,2695,164.79,33802902405761
7818.0,2,95.55,72.0,80.0,80.0,53.0,71.0,3002,163.19,30816090843505
7818.0,3,95.55,72.0,78.0,78.0,52.0,71.0,3205,164.46,31114007464355
7823.0,0,,71.0,76.0,76.0,53.0,71.0,2572,199.69,62453028521179
7823.0,1,,70.0,78.0,78.0,51.0,70.0,2392,200.13,33804031149963
7823.0,2,,72.0,80.0,80.0,53.0,72.0,2882,200.02,30817218929809
7824.0,3,,72.0,78.0,78.0,53.0,71.0,3022,199.91,31115134973571
7829.0,0,,71.0,76.0,76.0,52.0,71.0,2775,200.14,62454157312744
7829.0,1,,70.0,78.0,78.0,51.0,70.0,2584,199.70,33805159477783
7829.0,2,,72.0,80.0,80.0,53.0,72.0,3062,200.04,30818347175476
7829.0,3,,73.0,78.0,78.0,53.0,71.0,3304,199.85,31116264110900
7834.0,0,,70.0,76.0,76.0,53.0,71.0,2964,200.00,62455287298156
7835.0,1,,70.0,78.0,78.0,52.0,70.0,2784,200.16,33806288352905
7835.0,2,,72.0,80.0,80.0,54.0,72.0,3231,199.74,30819475680053
7835.0,3,,73.0,78.0,78.0,53.0,71.0,3380,199.83,31117393162536
7840.0,0,,71.0,76.0,76.0,52.0,71.0,3075,199.82,62456418281738
7840.0,1,,71.0,78.0,78.0,52.0,70.0,2807,199.84,33807421443115
7840.0,2,,73.0,80.0,80.0,53.0,72.0,3364,199.63,30820607566162
7841.0,3,,73.0,78.0,78.0,53.0,71.0,3387,199.74,31118525688476
7846.0,0,,72.0,76.0,76.0,52.0,71.0,2963,199.86,62457551491882
7846.0,1,,70.0,78.0,78.0,52.0,70.0,2806,199.83,33808554492309
7846.0,2,,72.0,80.0,80.0,53.0,72.0,3355,199.60,30821739298583
7846.0,3,,73.0,78.0,78.0,53.0,71.0,3387,200.01,31119659718322
7851.0,0,,72.0,76.0,76.0,52.0,71.0,2840,199.99,62458683456909
7852.0,1,,69.0,78.0,78.0,52.0,70.0,2801,199.88,33809685829895
7852.0,2,,72.0,80.0,80.0,53.0,72.0,3144,199.00,30822863641296
7852.0,3,,73.0,78.0,78.0,53.0,71.0,3390,199.32,31120785885742
7857.0,0,,71.0,76.0,76.0,52.0,71.0,3048,200.16,62459814381652
7857.0,1,,70.0,78.0,78.0,52.0,70.0,2802,200.09,33810816315979
7857.0,2,100.00,71.0,80.0,80.0,53.0,72.0,3268,198.93,30823989572082
7858.0,3,,73.0,78.0,78.0,53.0,71.0,3383,200.05,31121916196105
7863.0,0,,72.0,76.0,76.0,52.0,71.0,2865,199.64,62460944319580
7863.0,1,,70.0,78.0,78.0,52.0,70.0,2801,200.29,33811947932678
7863.0,2,,73.0,80.0,80.0,53.0,72.0,3371,199.03,30825116103759
7863.0,3,,72.0,78.0,78.0,52.0,71.0,3390,199.42,31123046932312
7868.0,0,95.56,69.0,74.0,74.0,52.0,70.0,2940,164.42,62461873290893
7869.0,1,95.53,70.0,78.0,78.0,51.0,69.0,2752,163.08,33812869335815
7869.0,2,95.44,71.0,80.0,80.0,52.0,71.0,3171,160.83,30826023193847
7869.0,3,95.51,71.0,76.0,78.0,52.0,70.0,3378,161.99,31123958963378
7874.0,0,,70.0,76.0,76.0,52.0,71.0,2511,199.87,62463000568969
7874.0,1,100.00,70.0,78.0,78.0,51.0,70.0,2410,199.55,33813998760559
7874.0,2,,71.0,80.0,80.0,53.0,72.0,2726,200.11,30827153788208
7874.0,3,,72.0,78.0,78.0,53.0,71.0,2925,199.79,31125089777832
7880.0,0,,71.0,76.0,76.0,53.0,71.0,2755,199.85,62464133739318
7880.0,1,,71.0,78.0,78.0,52.0,70.0,2533,200.11,33815131381652
7880.0,2,100.00,72.0,80.0,80.0,53.0,72.0,3031,200.09,30828286298034
7880.0,3,,73.0,78.0,78.0,53.0,71.0,3201,200.09,31126222288391
7885.0,0,,71.0,76.0,76.0,52.0,71.0,2865,200.22,62465264978027
7885.0,1,,71.0,78.0,78.0,52.0,70.0,2772,199.86,33816260569702
7886.0,2,,72.0,80.0,80.0,54.0,72.0,3215,199.54,30829415671752
7886.0,3,,73.0,78.0,78.0,53.0,71.0,3363,199.74,31127352824951
7891.0,0,,70.0,76.0,76.0,52.0,71.0,3065,199.84,62466396099060
7891.0,1,,70.0,78.0,78.0,52.0,70.0,2798,200.10,33817393163574
7891.0,2,,72.0,80.0,80.0,53.0,72.0,3361,199.72,30830546064575
7891.0,3,,72.0,78.0,78.0,53.0,71.0,3384,199.87,31128484076232
7897.0,0,,71.0,76.0,76.0,52.0,71.0,2964,200.03,62467526248168
7897.0,1,,72.0,78.0,78.0,52.0,70.0,2803,200.07,33818519581665
7897.0,2,,72.0,80.0,80.0,53.0,72.0,3380,199.40,30831666713012
7897.0,3,,73.0,78.0,78.0,53.0,71.0,3391,200.21,31129603235046
7902.0,0,,72.0,76.0,76.0,52.0,71.0,2872,199.80,62468645108032
7902.0,1,,70.0,78.0,78.0,52.0,70.0,2800,199.68,33819641790283
7903.0,2,,71.0,80.0,80.0,53.0,72.0,3301,199.09,30832787601684
7903.0,3,,73.0,78.0,78.0,53.0,71.0,3386,199.72,31130731677856
7908.0,0,,71.0,76.0,76.0,52.0,71.0,3058,200.11,62469775723266
7908.0,1,,70.0,78.0,78.0,52.0,70.0,2805,199.92,33820771322998
7908.0,2,,72.0,80.0,80.0,53.0,73.0,3116,199.08,30833910427429
7908.0,3,,72.0,78.0,78.0,53.0,71.0,3381,199.23,31131857354431
7914.0,0,,70.0,76.0,76.0,53.0,71.0,2835,199.88,62470905070678
7914.0,1,,71.0,78.0,78.0,52.0,70.0,2801,200.17,33821902304565
7914.0,2,,71.0,80.0,80.0,54.0,72.0,3329,199.08,30835037208374
7914.0,3,,73.0,78.0,78.0,52.0,71.0,3392,199.63,31132987275939
7919.0,0,,67.0,72.0,74.0,50.0,69.0,3040,183.72,62471944920776
7919.0,1,,66.0,76.0,76.0,50.0,67.0,2806,179.83,33822921950256
7920.0,2,,67.0,76.0,78.0,51.0,69.0,3334,175.38,30836031629394
7920.0,3,,68.0,74.0,74.0,51.0,68.0,3385,173.32,31133970024658
7925.0,0,,71.0,76.0,76.0,52.0,71.0,2652,185.29,62472995526184
7925.0,1,,69.0,78.0,78.0,52.0,70.0,2453,188.01,33823984212097
7925.0,2,,71.0,80.0,80.0,53.0,72.0,2924,190.63,30837106791748
7925.0,3,,72.0,78.0,78.0,52.0,70.0,3077,193.03,31135058689575
7931.0,0,,70.0,76.0,76.0,52.0,71.0,2732,199.87,62474122800048
7931.0,1,,70.0,78.0,78.0,52.0,70.0,2486,199.82,33825113184020
7931.0,2,,72.0,80.0,80.0,53.0,72.0,3048,199.72,30838235190673
7931.0,3,,73.0,78.0,78.0,53.0,71.0,3152,199.96,31136188477050
7936.0,0,,72.0,76.0,76.0,52.0,71.0,2800,200.11,62475255408813
7936.0,1,,71.0,78.0,78.0,52.0,70.0,2757,199.92,33826244710266
7936.0,2,,72.0,80.0,80.0,53.0,72.0,3086,199.75,30839365753723
7937.0,3,,73.0,78.0,78.0,53.0,71.0,3352,199.81,31137319426208
7942.0,0,,70.0,76.0,76.0,53.0,71.0,2974,199.98,62476385307250
7942.0,1,,69.0,78.0,78.0,52.0,70.0,2806,199.89,33827374114807
7942.0,2,,73.0,80.0,80.0,53.0,72.0,3243,199.53,30840493112976
7942.0,3,,72.0,78.0,78.0,53.0,71.0,3380,200.07,31138447798095
7947.0,0,,71.0,76.0,76.0,52.0,71.0,3039,199.78,62477514083557
7948.0,1,,70.0,78.0,78.0,52.0,70.0,2805,200.10,33828502681579
7948.0,2,,72.0,80.0,80.0,53.0,72.0,3377,199.46,30841620085449
7948.0,3,,73.0,78.0,78.0,53.0,71.0,3388,199.64,31139577741088
7953.0,0,,71.0,76.0,76.0,52.0,71.0,2834,199.89,62478643453491
7953.0,1,,71.0,78.0,78.0,52.0,70.0,2801,199.93,33829634267578
7953.0,2,,72.0,80.0,80.0,53.0,72.0,3340,199.36,30842748454833
7954.0,3,,72.0,78.0,78.0,53.0,71.0,3382,199.50,31140706904174
7959.0,0,,71.0,76.0,76.0,52.0,71.0,2979,200.12,62479776135925
7959.0,1,,68.0,78.0,78.0,52.0,70.0,2800,199.94,33830765955200
7959.0,2,,73.0,80.0,80.0,53.0,73.0,3129,198.84,30843873896057
7959.0,3,,73.0,78.0,78.0,53.0,71.0,3394,199.91,31141836418579
7964.0,0,,72.0,76.0,76.0,52.0,71.0,3006,199.76,62480904770568
7965.0,1,,70.0,78.0,78.0,52.0,70.0,2808,200.11,33831894551086
7965.0,2,,71.0,80.0,80.0,53.0,72.0,3275,198.83,30844995292968
7965.0,3,,73.0,78.0,78.0,53.0,71.0,3384,199.66,31142962477355
7970.0,0,,70.0,76.0,76.0,52.0,71.0,2845,200.22,62482035986816
7970.0,1,,70.0,78.0,78.0,51.0,70.0,2797,199.56,33833026062438
7970.0,2,,72.0,80.0,80.0,53.0,72.0,3367,198.79,30846122443176
7971.0,3,,73.0,78.0,78.0,53.0,71.0,3385,199.23,31144092117370
7976.0,0,,71.0,76.0,76.0,51.0,70.0,2834,164.52,62482967153808
7976.0,1,,70.0,78.0,78.0,51.0,69.0,2595,163.99,33833950978698
7976.0,2,,72.0,80.0,80.0,53.0,71.0,3057,162.71,30847038484863
7976.0,3,,71.0,78.0,78.0,53.0,70.0,3187,162.92,31145010993164
7981.0,0,,72.0,76.0,76.0,52.0,71.0,2627,199.88,62484094503051
7982.0,1,,69.0,78.0,78.0,52.0,70.0,2412,200.07,33835079378173
7982.0,2,,72.0,80.0,80.0,53.0,72.0,2888,199.91,30848167949279
7982.0,3,,73.0,78.0,78.0,53.0,71.0,3036,200.13,31146141750000
7987.0,0,,71.0,76.0,76.0,52.0,71.0,2782,200.13,62485225254089
7987.0,1,,70.0,78.0,78.0,52.0,70.0,2654,199.69,33836209601623
7987.0,2,,72.0,80.0,80.0,54.0,72.0,3077,199.80,30849298797607
7987.0,3,,72.0,76.0,78.0,53.0,71.0,3267,199.85,31147272890441
7993.0,0,,71.0,76.0,76.0,53.0,71.0,2883,199.98,62486357152832
7993.0,1,,71.0,78.0,78.0,52.0,70.0,2788,199.90,33837341043945
7993.0,2,,73.0,80.0,80.0,54.0,72.0,3146,199.93,30850430383422
7993.0,3,,72.0,78.0,78.0,53.0,71.0,3379,199.99,31148404806823
7998.0,0,,71.0,76.0,76.0,52.0,70.0,3068,199.86,62487488349792
7998.0,1,,70.0,78.0,78.0,52.0,70.0,2806,199.91,33838470554870
7999.0,2,,73.0,80.0,80.0,54.0,72.0,3344,199.59,30851556070739
7999.0,3,,72.0,78.0,78.0,53.0,71.0,3380,199.89,31149530183715
8004.0,0,,71.0,76.0,76.0,52.0,72.0,2908,199.97,62488614191101
8004.0,1,,70.0,78.0,78.0,52.0,70.0,2800,200.22,33839597801086
8004.0,2,,72.0,80.0,80.0,53.0,72.0,3382,199.42,30852680817077
8004.0,3,,73.0,78.0,78.0,53.0,71.0,3381,200.10,31150658754028
8010.0,0,,71.0,76.0,76.0,53.0,71.0,2883,199.93,62489741802307
8010.0,1,,69.0,78.0,78.0,51.0,70.0,2799,200.02,33840725907409
8010.0,2,,72.0,80.0,80.0,53.0,72.0,3193,198.74,30853801692810
8010.0,3,,73.0,78.0,78.0,53.0,71.0,3382,199.18,31151784142639
8015.0,0,,71.0,76.0,76.0,52.0,71.0,3067,200.10,62490872375427
8015.0,1,,71.0,78.0,78.0,52.0,70.0,2797,199.50,33841857045959
8016.0,2,,73.0,80.0,80.0,53.0,72.0,3145,198.90,30854927482055
8016.0,3,,73.0,78.0,78.0,53.0,71.0,3388,199.45,31152915030761
8021.0,0,,71.0,76.0,76.0,52.0,71.0,2901,199.63,62492004292968
8021.0,1,,71.0,78.0,78.0,52.0,70.0,2809,200.15,33842989916564
8021.0,2,,71.0,80.0,80.0,53.0,72.0,3349,198.42,30856052544189
8021.0,3,,73.0,78.0,78.0,53.0,71.0,3393,199.67,31154043153137
8027.0,0,,66.0,72.0,72.0,50.0,68.0,2925,165.11,62492938811950
8027.0,1,,65.0,74.0,74.0,50.0,67.0,2775,160.18,33843896539733
8027.0,2,,71.0,80.0,78.0,52.0,71.0,3233,157.96,30856946596435
8027.0,3,,72.0,76.0,76.0,52.0,70.0,3350,158.93,31154942675415
8032.0,0,,70.0,76.0,76.0,52.0,70.0,2538,196.72,62494052242248
8032.0,1,,70.0,78.0,78.0,52.0,69.0,2347,200.22,33845027764770
8033.0,2,,72.0,80.0,80.0,53.0,72.0,2791,200.17,30858077582275
8033.0,3,,72.0,76.0,78.0,53.0,70.0,2960,199.95,31156074383605
8038.0,0,,70.0,76.0,76.0,53.0,71.0,2737,200.17,62495183207214
8038.0,1,,71.0,78.0,78.0,52.0,70.0,2525,199.59,33846157436889
8038.0,2,,71.0,80.0,80.0,53.0,72.0,3056,199.76,30859208210754
8038.0,3,,73.0,78.0,78.0,53.0,71.0,3160,199.90,31157205807434
8044.0,0,,72.0,76.0,76.0,53.0,71.0,2797,199.78,62496315937805
8044.0,1,,71.0,78.0,78.0,52.0,70.0,2775,199.80,33847290292419
8044.0,2,,71.0,80.0,80.0,54.0,72.0,3103,199.99,30860340138916
8044.0,3,,73.0,76.0,78.0,53.0,71.0,3351,200.06,31158338137084
8049.0,0,,71.0,76.0,76.0,52.0,71.0,3045,200.32,62497447756958
8049.0,1,,71.0,78.0,78.0,52.0,70.0,2813,200.13,33848421024291
8050.0,2,,72.0,80.0,80.0,53.0,72.0,3333,199.41,30861468776367
8050.0,3,,73.0,78.0,78.0,53.0,71.0,3385,199.65,31159468150512
8055.0,0,,71.0,76.0,76.0,52.0,71.0,3035,199.60,62498577503112
8055.0,1,,71.0,78.0,78.0,52.0,70.0,2803,200.09,33849551551025
8055.0,2,,71.0,80.0,80.0,53.0,72.0,3376,199.65,30862596774230
8055.0,3,,73.0,78.0,78.0,53.0,71.0,3388,199.86,31160597382324
8061.0,0,,70.0,76.0,76.0,52.0,71.0,2824,199.97,62499707360534
8061.0,1,,70.0,78.0,78.0,52.0,70.0,2801,199.85,33850682683837
8061.0,2,,72.0,80.0,80.0,53.0,72.0,3247,199.31,30863724855224
8061.0,3,,71.0,78.0,78.0,53.0,71.0,3384,200.18,31161728392395
8066.0,0,,71.0,76.0,76.0,52.0,71.0,2993,199.89,62500838722167
8066.0,1,,71.0,78.0,78.0,52.0,70.0,2802,200.03,33851812872253
8066.0,2,,73.0,80.0,80.0,53.0,72.0,3154,198.67,30864847364746
8067.0,3,,73.0,78.0,78.0,53.0,71.0,3389,199.49,31162855490234
8072.0,0,,71.0,76.0,76.0,52.0,71.0,2996,200.24,62501968088439
8072.0,1,,70.0,78.0,78.0,52.0,70.0,2803,199.65,33852942897094
8072.0,2,,72.0,80.0,80.0,53.0,72.0,3343,199.32,30865973527038
8072.0,3,,72.0,78.0,78.0,53.0,71.0,3393,199.26,31163983279357
8078.0,0,,72.0,76.0,76.0,52.0,71.0,2892,199.56,62503099594970
8078.0,1,,71.0,78.0,78.0,52.0,70.0,2805,199.76,33854073557983
8078.0,2,,72.0,80.0,80.0,53.0,72.0,3289,196.78,30867091247802
8078.0,3,,71.0,78.0,78.0,53.0,71.0,3381,198.19,31165109011474
8083.0,0,100.00,71.0,76.0,76.0,52.0,70.0,2680,160.87,62504011721374
8083.0,1,,69.0,78.0,78.0,51.0,69.0,2559,159.86,33854978364990
8083.0,2,,70.0,80.0,80.0,53.0,71.0,2944,159.11,30867988619689
8084.0,3,,73.0,78.0,78.0,53.0,70.0,3097,159.42,31166008143127
8089.0,0,,71.0,76.0,76.0,52.0,71.0,2591,199.95,62505141450988
8089.0,1,,71.0,78.0,78.0,52.0,70.0,2440,200.13,33856109084289
8089.0,2,,71.0,80.0,80.0,54.0,72.0,2916,199.91,30869120113830
8089.0,3,,73.0,78.0,78.0,53.0,71.0,3054,200.00,31167140134155
8094.0,0,,72.0,76.0,76.0,52.0,71.0,2789,200.31,62506273198120
8095.0,1,,71.0,78.0,78.0,52.0,70.0,2620,199.80,33857239934143
8095.0,2,,73.0,80.0,80.0,53.0,72.0,3065,199.66,30870250207519
8095.0,3,,72.0,78.0,78.0,53.0,71.0,3297,199.80,31168271025695
8100.0,0,,71.0,76.0,76.0,52.0,71.0,2989,199.65,62507405212707
8100.0,1,,71.0,78.0,78.0,52.0,70.0,2786,199.80,33858372787719
8100.0,2,,72.0,80.0,80.0,53.0,72.0,3211,200.17,30871383171325
8101.0,3,,74.0,78.0,78.0,53.0,71.0,3369,200.25,31169404446777
8106.0,0,,71.0,76.0,76.0,52.0,71.0,3076,200.17,62508536153381
8106.0,1,100.00,70.0,78.0,78.0,52.0,70.0,2802,200.23,33859504069213
8106.0,2,,72.0,80.0,80.0,53.0,72.0,3363,199.46,30872512123291
8106.0,3,100.00,72.0,78.0,78.0,53.0,71.0,3386,199.54,31170533867309
8111.0,0,,70.0,76.0,76.0,52.0,71.0,2939,199.74,62509666661804
8112.0,1,,70.0,78.0,78.0,52.0,70.0,2801,199.78,33860634838012
8112.0,2,,72.0,80.0,80.0,53.0,72.0,3364,199.36,30873640514282
8112.0,3,,71.0,78.0,78.0,53.0,71.0,3385,200.15,31171664695312
8117.0,0,,71.0,76.0,76.0,52.0,71.0,2946,200.07,62510799047485
8117.0,1,,71.0,78.0,78.0,52.0,70.0,2799,200.07,33861767241516
8117.0,2,,71.0,80.0,80.0,53.0,72.0,3147,198.62,30874764706054
8118.0,3,,73.0,78.0,78.0,53.0,71.0,3381,199.69,31172796939819
8123.0,0,,71.0,76.0,76.0,52.0,71.0,2990,199.87,62511930318908
8123.0,1,,70.0,78.0,78.0,52.0,70.0,2799,199.84,33862898347717
8123.0,2,,73.0,80.0,80.0,54.0,72.0,3245,198.95,30875890761779
8123.0,3,,73.0,78.0,78.0,53.0,71.0,3383,199.88,31173926269714
8128.0,0,,71.0,76.0,76.0,52.0,71.0,2889,199.81,62513059251281
8129.0,1,,70.0,78.0,78.0,52.0,70.0,2805,199.61,33864026166809
8129.0,2,,72.0,80.0,80.0,53.0,72.0,3369,198.50,30877010311218
8129.0,3,,72.0,78.0,78.0,53.0,71.0,3392,198.55,31175048066650
8134.0,0,95.02,70.0,76.0,76.0,52.0,70.0,2929,165.09,62513992007812
8134.0,1,95.27,70.0,78.0,78.0,51.0,69.0,2653,164.09,33864953251037
8134.0,2,95.10,71.0,80.0,80.0,53.0,71.0,3087,162.01,30877927275329
8135.0,3,95.04,72.0,78.0,78.0,52.0,70.0,3244,163.23,31175971925476
8140.0,0,,71.0,76.0,76.0,52.0,71.0,2540,199.74,62515120565979
8140.0,1,,70.0,78.0,78.0,52.0,70.0,2403,199.58,33866080858276
8140.0,2,,72.0,80.0,80.0,53.0,72.0,2851,200.07,30879055687500
8140.0,3,,73.0,78.0,78.0,53.0,71.0,3013,200.17,31177098872802
8145.0,0,,71.0,76.0,76.0,52.0,71.0,2766,200.11,62516249169250
8146.0,1,,71.0,78.0,78.0,52.0,70.0,2616,200.07,33867209264953
8146.0,2,,72.0,80.0,80.0,53.0,72.0,3061,199.81,30880184603027
8146.0,3,,72.0,78.0,78.0,53.0,71.0,3239,199.99,31178228825012
8151.0,0,,71.0,76.0,76.0,52.0,71.0,2856,199.91,62517378652770
8151.0,1,,69.0,78.0,78.0,52.0,70.0,2793,200.11,33868339914245
8151.0,2,,72.0,80.0,80.0,53.0,73.0,3198,199.95,30881312325805
8151.0,3,,72.0,78.0,78.0,53.0,71.0,3368,199.84,31179357948974
8157.0,0,,72.0,76.0,76.0,52.0,71.0,3059,200.12,62518509309814
8157.0,1,,70.0,78.0,78.0,52.0,70.0,2802,200.00,33869469942260
8157.0,2,,71.0,80.0,80.0,53.0,72.0,3360,199.55,30882443793273
8157.0,3,,73.0,78.0,78.0,52.0,71.0,3383,199.86,31180489154357
8162.0,0,,72.0,76.0,76.0,52.0,71.0,2980,199.86,62519640512878
8162.0,1,,68.0,78.0,78.0,52.0,70.0,2810,199.96,33870601721496
8163.0,2,,72.0,80.0,80.0,53.0,72.0,3385,199.72,30883572191162
8163.0,3,,72.0,78.0,78.0,53.0,71.0,3383,199.70,31181619456054
8168.0,0,,72.0,76.0,76.0,52.0,71.0,2873,199.90,62520771924987
8168.0,1,,71.0,78.0,78.0,52.0,70.0,2800,199.84,33871732840209
8168.0,2,,72.0,80.0,80.0,53.0,72.0,3173,199.02,30884696668212
8168.0,3,,73.0,78.0,78.0,53.0,71.0,3389,199.42,31182746169494
8174.0,0,,71.0,76.0,76.0,52.0,71.0,3050,200.03,62521902103515
8174.0,1,,72.0,78.0,78.0,52.0,70.0,2804,199.73,33872861342468
8174.0,2,,73.0,80.0,80.0,54.0,72.0,3204,199.00,30885823011901
8174.0,3,,73.0,78.0,78.0,53.0,71.0,3392,199.84,31183877286376
8179.0,0,,70.0,76.0,76.0,52.0,71.0,2893,199.90,62523033530639
8179.0,1,,70.0,78.0,78.0,52.0,70.0,2800,199.99,33873993290100
8180.0,2,,72.0,80.0,80.0,53.0,72.0,3352,198.59,30886947052673
8180.0,3,,73.0,78.0,78.0,53.0,71.0,3374,199.30,31185005331359
8185.0,0,,67.0,72.0,72.0,50.0,69.0,2872,178.99,62524046640136
8185.0,1,,66.0,76.0,76.0,50.0,67.0,2794,175.41,33874987860717
8185.0,2,,67.0,78.0,78.0,51.0,69.0,3225,170.40,30887913195373
8185.0,3,,67.0,74.0,74.0,51.0,68.0,3391,168.43,31185962021606
8191.0,0,,71.0,76.0,76.0,52.0,70.0,2595,185.31,62525097356140
8191.0,1,,71.0,78.0,78.0,52.0,69.0,2386,187.89,33876051339172
8191.0,2,,73.0,80.0,80.0,53.0,72.0,2813,190.38,30888990765808
8191.0,3,,72.0,78.0,78.0,53.0,71.0,2956,193.38,31187052679565
8196.0,0,,72.0,76.0,76.0,52.0,71.0,2760,200.08,62526227800659
8196.0,1,,70.0,78.0,78.0,52.0,70.0,2505,199.85,33877180510803
8197.0,2,,72.0,80.0,80.0,53.0,72.0,3025,200.05,30890121020935
8197.0,3,,73.0,76.0,78.0,53.0,71.0,3130,199.73,31188183160522
8202.0,0,,70.0,76.0,76.0,53.0,71.0,2802,199.82,62527358769653
8202.0,1,100.00,70.0,78.0,78.0,52.0,70.0,2770,199.86,33878311709045
8202.0,2,,73.0,80.0,80.0,53.0,72.0,3087,200.04,30891251236938
8202.0,3,,71.0,78.0,78.0,53.0,71.0,3343,200.18,31189314164367
8208.0,0,,71.0,76.0,76.0,52.0,71.0,3015,200.04,62528488984191
8208.0,1,,70.0,78.0,78.0,52.0,70.0,2804,199.98,33879441616882
8208.0,2,,72.0,80.0,80.0,53.0,72.0,3317,199.48,30892378277954
8208.0,3,,73.0,78.0,78.0,53.0,71.0,3378,199.86,31190443390991
8213.0,0,100.00,71.0,76.0,76.0,52.0,70.0,3080,200.06,62529619303955
8213.0,1,,70.0,78.0,78.0,52.0,70.0,2804,200.02,33880571702026
8214.0,2,100.00,72.0,80.0,80.0,53.0,72.0,3375,199.35,30893506574645
8214.0,3,100.00,73.0,78.0,78.0,53.0,71.0,3387,199.99,31191573309936
8219.0,0,,70.0,76.0,76.0,53.0,71.0,2854,199.67,62530749435913
8219.0,1,,70.0,78.0,78.0,52.0,70.0,2800,199.84,33881702821533
8219.0,2,,72.0,80.0,80.0,53.0,72.0,3276,199.57,30894634153869
8219.0,3,,72.0,78.0,78.0,53.0,71.0,3382,199.47,31192702310974
8225.0,0,,71.0,76.0,76.0,52.0,71.0,2927,200.00,62531881447082
8225.0,1,,70.0,78.0,78.0,52.0,70.0,2800,200.15,33882833644653
8225.0,2,,72.0,80.0,80.0,53.0,72.0,3107,198.56,30895757975646
8225.0,3,,74.0,78.0,78.0,53.0,71.0,3393,199.78,31193833044128
8230.0,0,,72.0,76.0,76.0,52.0,71.0,3067,200.12,62533012115600
8230.0,1,,71.0,78.0,78.0,52.0,70.0,2803,200.19,33883964726196
8231.0,2,,71.0,80.0,80.0,54.0,72.0,3313,199.00,30896882338562
8231.0,3,,73.0,78.0,78.0,53.0,71.0,3388,199.40,31194959667419
8236.0,0,,72.0,76.0,76.0,52.0,71.0,2834,199.66,62534140208679
8236.0,1,,70.0,78.0,78.0,52.0,69.0,2801,198.91,33885090537170
8236.0,2,,69.0,80.0,80.0,52.0,71.0,3372,197.18,30897998370910
8236.0,3,,69.0,76.0,76.0,51.0,69.0,3382,195.16,31196064255432
8242.0,0,,71.0,76.0,76.0,52.0,70.0,2641,161.77,62535055845703
8242.0,1,,70.0,78.0,78.0,51.0,69.0,2534,161.75,33886006069702
8242.0,2,,71.0,80.0,80.0,53.0,71.0,2980,160.77,30898908339782
8242.0,3,,71.0,76.0,78.0,53.0,70.0,3088,163.75,31196991070617
8247.0,0,,71.0,76.0,76.0,52.0,70.0,2641,199.86,62536187077819
8247.0,1,,71.0,78.0,78.0,52.0,70.0,2409,199.69,33887136321289
8247.0,2,,71.0,80.0,80.0,53.0,72.0,2885,199.89,30900039745239
8248.0,3,,73.0,76.0,78.0,53.0,71.0,3047,199.99,31198121001464
8253.0,0,,71.0,76.0,76.0,52.0,71.0,2791,200.01,62537319129211
8253.0,1,,70.0,78.0,78.0,52.0,70.0,2643,200.09,33888266855041
8253.0,2,100.00,72.0,80.0,80.0,53.0,72.0,3067,199.98,30901169617187
8253.0,3,,73.0,78.0,78.0,53.0,71.0,3311,199.62,31199250870971
8258.0,0,,71.0,76.0,76.0,52.0,71.0,3006,199.94,62538448798278
8259.0,1,,71.0,78.0,78.0,52.0,70.0,2792,199.75,33889397465270
8259.0,2,,73.0,80.0,80.0,53.0,72.0,3142,199.42,30902298352294
8259.0,3,,73.0,78.0,78.0,53.0,71.0,3373,199.93,31200382454467
8264.0,0,,71.0,76.0,76.0,52.0,71.0,3054,199.89,62539580193786
8264.0,1,,71.0,78.0,78.0,52.0,70.0,2799,199.89,33890528844604
8264.0,2,,71.0,80.0,80.0,54.0,72.0,3340,199.78,30903427109252
8265.0,3,,73.0,78.0,78.0,53.0,71.0,3383,200.21,31201513647094
8270.0,0,,71.0,76.0,76.0,52.0,71.0,2840,200.06,62540712516723
8270.0,1,,71.0,78.0,78.0,52.0,70.0,2799,199.88,33891660149353
8270.0,2,100.00,72.0,80.0,80.0,53.0,72.0,3384,199.21,30904554621398
8270.0,3,,73.0,78.0,78.0,53.0,71.0,3387,199.64,31202643601135
8275.0,0,,72.0,76.0,76.0,52.0,71.0,2963,199.90,62541841966613
8276.0,1,,71.0,78.0,78.0,52.0,70.0,2804,200.19,33892791250976
8276.0,2,,71.0,80.0,80.0,53.0,72.0,3164,198.69,30905677230957
8276.0,3,,72.0,78.0,78.0,53.0,71.0,3383,199.80,31203772452575
8281.0,0,,71.0,76.0,76.0,52.0,71.0,3055,199.98,62542973859558
8281.0,1,,70.0,78.0,78.0,51.0,69.0,2799,199.96,33893923042602
8281.0,2,,72.0,80.0,80.0,53.0,72.0,3213,198.57,30906803119445
8282.0,3,,73.0,78.0,78.0,53.0,71.0,3382,198.87,31204900053405
8287.0,0,,72.0,76.0,76.0,52.0,71.0,2833,200.11,62544104505126
8287.0,1,,70.0,78.0,78.0,52.0,70.0,2803,200.11,33895053657409
8287.0,2,,72.0,80.0,80.0,53.0,72.0,3368,199.28,30907927065368
8287.0,3,,71.0,78.0,78.0,52.0,71.0,3390,199.95,31206027779785
8292.0,0,,71.0,76.0,76.0,52.0,71.0,3003,199.78,62545235269348
8293.0,1,,70.0,78.0,78.0,51.0,69.0,2799,199.97,33896185501953
8293.0,2,,72.0,80.0,80.0,53.0,72.0,3210,198.12,30909050382995
8293.0,3,,71.0,78.0,78.0,53.0,71.0,3380,199.26,31207155599243
8298.0,0,100.00,71.0,76.0,76.0,52.0,71.0,3025,200.12,62546365974853
8298.0,1,100.00,71.0,78.0,78.0,51.0,70.0,2803,199.63,33897313392517
8298.0,2,100.00,72.0,80.0,80.0,53.0,73.0,3101,198.11,30910169723144
8299.0,3,,73.0,78.0,78.0,53.0,71.0,3387,198.66,31208280038208
8304.0,0,,70.0,76.0,76.0,52.0,71.0,2840,199.60,62547497708190
8304.0,1,,71.0,78.0,78.0,52.0,70.0,2799,199.86,33898444604431
8304.0,2,,73.0,82.0,80.0,53.0,72.0,3327,198.16,30911291304443
8304.0,3,,73.0,78.0,78.0,53.0,71.0,3381,199.40,31209408615844
8309.0,0,,70.0,76.0,76.0,52.0,71.0,3042,199.94,62548629342163
8310.0,1,,70.0,78.0,78.0,52.0,70.0,2800,199.53,33899573929443
8310.0,2,,71.0,80.0,80.0,53.0,72.0,3359,198.23,30912413275817
8310.0,3,,73.0,76.0,78.0,53.0,71.0,3390,198.46,31210531891662
8315.0,0,,71.0,76.0,76.0,52.0,71.0,2946,200.25,62549762759216
8315.0,1,,70.0,78.0,78.0,52.0,70.0,2806,199.65,33900705967529
8315.0,2,,71.0,80.0,80.0,53.0,72.0,3147,197.57,30913533506103
8316.0,3,100.00,73.0,78.0,78.0,53.0,71.0,3382,198.88,31211657547119
8321.0,0,,69.0,76.0,76.0,53.0,71.0,2849,199.56,62550894288635
8321.0,1,,71.0,78.0,78.0,52.0,70.0,2797,199.51,33901835184936
8321.0,2,,71.0,80.0,80.0,53.0,72.0,3158,197.48,30914651236755
8321.0,3,,73.0,78.0,78.0,53.0,71.0,3393,197.97,31212780055541
8326.0,0,,71.0,76.0,76.0,52.0,71.0,3000,200.01,62552026372863
8327.0,1,,70.0,78.0,78.0,52.0,70.0,2801,199.46,33902964144409
8327.0,2,,73.0,80.0,82.0,53.0,72.0,3334,196.86,30915765444213
8327.0,3,,73.0,78.0,78.0,53.0,71.0,3386,198.65,31213902434570
8332.0,0,,69.0,76.0,76.0,52.0,70.0,3016,200.21,62553155530700
8332.0,1,,70.0,78.0,78.0,52.0,70.0,2805,199.11,33904089119140
8332.0,2,100.00,72.0,82.0,80.0,53.0,72.0,3144,197.92,30916881700866
8332.0,3,,71.0,78.0,78.0,53.0,71.0,3389,198.09,31215021638427
8338.0,0,,71.0,76.0,76.0,52.0,71.0,2837,199.94,62554285202209
8338.0,1,,71.0,78.0,78.0,52.0,70.0,2802,199.53,33905216438293
8338.0,2,,72.0,80.0,80.0,54.0,72.0,3160,196.61,30917994527770
8338.0,3,,73.0,78.0,78.0,53.0,71.0,3381,198.24,31216143665161
8343.0,0,,71.0,76.0,76.0,52.0,71.0,3008,199.68,62555417391052
8344.0,1,,70.0,78.0,78.0,52.0,70.0,2806,199.02,33906344863037
8344.0,2,100.00,71.0,80.0,80.0,53.0,72.0,3356,197.54,30919114597167
8344.0,3,,73.0,78.0,78.0,53.0,71.0,3386,198.17,31217267301574
8349.0,0,,69.0,76.0,76.0,52.0,70.0,2942,199.94,62556551062072
8349.0,1,,71.0,78.0,78.0,52.0,70.0,2807,198.87,33907472449096
8349.0,2,,72.0,80.0,80.0,53.0,72.0,3169,197.54,30920232662841
8349.0,3,,73.0,78.0,78.0,53.0,71.0,3392,197.47,31218385003662
8355.0,0,,71.0,76.0,76.0,52.0,71.0,2936,199.71,62557681418884
8355.0,1,,70.0,78.0,78.0,52.0,70.0,2807,199.32,33908600600280
8355.0,2,,71.0,80.0,80.0,52.0,71.0,3090,196.09,30921344519836
8355.0,3,,72.0,78.0,78.0,53.0,71.0,3387,197.85,31219506797973
8360.0,0,,72.0,76.0,76.0,52.0,70.0,3006,199.91,62558814910522
8361.0,1,,70.0,78.0,78.0,52.0,70.0,2796,198.48,33909725972473
8361.0,2,,71.0,80.0,80.0,53.0,72.0,3271,196.95,30922461208862
8361.0,3,,72.0,78.0,78.0,53.0,71.0,3389,197.31,31220625550537
8366.0,0,,71.0,76.0,76.0,52.0,71.0,2838,200.02,62559947037109
8366.0,1,,69.0,78.0,78.0,52.0,70.0,2807,198.68,33910850525268
8366.0,2,,72.0,80.0,80.0,53.0,72.0,3371,197.13,30923576977966
8366.0,3,,72.0,78.0,78.0,52.0,71.0,3388,198.09,31221746721923
8372.0,0,,71.0,76.0,76.0,52.0,71.0,3039,199.53,62561078375488
8372.0,1,,70.0,78.0,78.0,52.0,70.0,2806,198.72,33911977265441
8372.0,2,,69.0,80.0,80.0,53.0,71.0,3154,196.78,30924692731628
8372.0,3,,73.0,76.0,78.0,53.0,71.0,3390,197.11,31222864357421
8377.0,0,,71.0,74.0,74.0,52.0,70.0,2928,198.78,62562203485107
8377.0,1,,70.0,78.0,78.0,51.0,70.0,2803,197.45,33913092836486
8378.0,2,,72.0,80.0,80.0,53.0,72.0,3094,195.01,30925794526977
8378.0,3,,73.0,76.0,76.0,53.0,71.0,3383,196.07,31223970198181
8383.0,0,94.16,70.0,76.0,76.0,51.0,70.0,2699,160.31,62563109233459
8383.0,1,94.16,68.0,78.0,78.0,51.0,69.0,2549,159.44,33913993688476
8383.0,2,94.17,71.0,80.0,80.0,53.0,72.0,2911,158.35,30926689192871
8383.0,3,94.16,72.0,78.0,76.0,52.0,70.0,3156,159.20,31224869702087
8389.0,0,,71.0,76.0,76.0,52.0,71.0,2534,200.19,62564236307617
8389.0,1,,70.0,78.0,78.0,52.0,69.0,2354,199.79,33915120519897
8389.0,2,,72.0,80.0,80.0,53.0,72.0,2860,200.13,30927817928161
8389.0,3,,72.0,78.0,78.0,53.0,71.0,2911,199.71,31225998085571
8394.0,0,,72.0,76.0,76.0,52.0,71.0,2769,199.66,62565366393005
8394.0,1,,70.0,78.0,78.0,52.0,70.0,2555,199.78,33916251264160
8395.0,2,,72.0,80.0,80.0,53.0,72.0,3075,199.81,30928948838562
8395.0,3,,73.0,76.0,78.0,53.0,71.0,3222,200.21,31227131260375
8400.0,0,,71.0,76.0,76.0,53.0,71.0,2820,200.01,62566498449401
8400.0,1,,71.0,78.0,78.0,52.0,70.0,2776,200.13,33917384008605
8400.0,2,,72.0,80.0,80.0,53.0,72.0,3326,200.07,30930081214599
8400.0,3,,73.0,78.0,78.0,53.0,71.0,3359,199.97,31228263067077
8406.0,0,,71.0,76.0,76.0,52.0,71.0,3042,199.96,62567630222351
8406.0,1,,70.0,78.0,78.0,52.0,70.0,2802,199.82,33918514983215
8406.0,2,,72.0,80.0,80.0,53.0,72.0,3370,199.43,30931207986633
8406.0,3,,73.0,78.0,78.0,53.0,71.0,3384,199.86,31229390294921
8411.0,0,,70.0,76.0,76.0,52.0,71.0,3022,199.71,62568756580444
8411.0,1,,71.0,78.0,78.0,52.0,70.0,2807,200.04,33919643196594
8412.0,2,,72.0,80.0,80.0,53.0,72.0,3302,199.52,30932335298767
8412.0,3,,73.0,78.0,78.0,53.0,71.0,3383,199.55,31230519750671
8417.0,0,,71.0,76.0,76.0,52.0,71.0,2824,199.88,62569887903320
8417.0,1,,70.0,78.0,78.0,52.0,70.0,2795,199.83,33920772219482
8417.0,2,,71.0,80.0,80.0,54.0,72.0,3128,198.62,30933455495422
8417.0,3,,73.0,78.0,78.0,53.0,71.0,3386,200.01,31231645805603
8423.0,0,,70.0,76.0,76.0,52.0,71.0,2923,200.15,62571016723266
8423.0,1,,71.0,78.0,78.0,52.0,70.0,2804,200.01,33921902248474
8423.0,2,,72.0,80.0,80.0,53.0,72.0,3311,199.14,30934580638977
8423.0,3,100.00,73.0,78.0,78.0,53.0,71.0,3393,198.99,31232774091064
8428.0,0,,71.0,76.0,76.0,52.0,72.0,3069,200.08,62572147177978
8428.0,1,100.00,70.0,78.0,78.0,51.0,70.0,2803,199.77,33923030965698
8429.0,2,,72.0,80.0,80.0,53.0,72.0,3334,198.71,30935705343688
8429.0,3,,73.0,78.0,78.0,53.0,71.0,3388,199.75,31233900667602
8434.0,0,,70.0,76.0,76.0,52.0,70.0,2823,199.76,62573277798889
8434.0,1,,70.0,78.0,78.0,52.0,70.0,2804,200.13,33924161725769
8434.0,2,,72.0,80.0,80.0,53.0,72.0,3134,198.29,30936825681091
8434.0,3,,73.0,78.0,78.0,53.0,71.0,3392,199.30,31235026728149
8440.0,0,,70.0,76.0,76.0,53.0,71.0,2955,200.17,62574406743469
8440.0,1,,70.0,78.0,78.0,52.0,70.0,2802,200.15,33925292574951
8440.0,2,,71.0,80.0,80.0,54.0,72.0,3235,198.50,30937947186279
8440.0,3,,73.0,78.0,78.0,53.0,71.0,3379,199.23,31236154366271
8445.0,0,,70.0,76.0,76.0,51.0,71.0,3042,200.10,62575539291748
8445.0,1,,70.0,78.0,78.0,52.0,70.0,2799,199.73,33926423071411
8445.0,2,,71.0,80.0,80.0,53.0,72.0,3362,198.35,30939069871154
8446.0,3,,73.0,78.0,78.0,53.0,71.0,3386,198.72,31237279143371
8451.0,0,,70.0,76.0,76.0,51.0,71.0,2802,199.82,62576670276855
8451.0,1,,70.0,78.0,78.0,52.0,70.0,2803,199.48,33927552132446
8451.0,2,,72.0,80.0,80.0,53.0,72.0,3192,197.62,30940188372436
8451.0,3,,73.0,78.0,78.0,53.0,71.0,3393,198.42,31238402216491
8456.0,0,,71.0,76.0,76.0,52.0,71.0,2969,199.70,62577800574218
8457.0,1,,70.0,78.0,78.0,52.0,70.0,2809,199.98,33928684038024
8457.0,2,,72.0,80.0,80.0,53.0,72.0,3098,196.90,30941302839172
8457.0,3,,73.0,78.0,78.0,53.0,71.0,3383,198.17,31239523885559
8462.0,0,,70.0,76.0,76.0,52.0,71.0,3072,199.83,62578933597839
8462.0,1,100.00,70.0,78.0,78.0,52.0,70.0,2797,199.41,33929812701599
8462.0,2,100.00,72.0,80.0,80.0,53.0,72.0,3304,197.64,30942421492370
8463.0,3,,73.0,78.0,78.0,53.0,71.0,3388,198.06,31240644891784
8468.0,0,,71.0,76.0,76.0,52.0,71.0,2860,200.14,62580066379211
8468.0,1,,68.0,78.0,78.0,51.0,69.0,2805,199.52,33930943993347
8468.0,2,,72.0,80.0,80.0,53.0,72.0,3346,197.46,30943541115600
8468.0,3,,72.0,78.0,78.0,53.0,71.0,3387,198.56,31241770755249
8473.0,0,,72.0,76.0,76.0,52.0,71.0,2839,200.19,62581199482482
8474.0,1,,70.0,78.0,78.0,51.0,70.0,2808,199.37,33932074443054
8474.0,2,,72.0,80.0,80.0,53.0,72.0,3146,197.07,30944658491333
8474.0,3,,73.0,78.0,78.0,53.0,71.0,3390,198.19,31242894467956
8479.0,0,,70.0,76.0,76.0,52.0,70.0,3048,200.01,62582333561096
8479.0,1,,70.0,78.0,78.0,52.0,69.0,2797,199.46,33933203395996
8479.0,2,,73.0,80.0,80.0,53.0,73.0,3104,197.38,30945775679992
8480.0,3,,72.0,78.0,78.0,53.0,71.0,3389,198.20,31244016275817
8485.0,0,,70.0,76.0,76.0,52.0,71.0,2953,199.29,62583465526000
8485.0,1,,70.0,78.0,78.0,52.0,70.0,2805,199.26,33934333199707
8485.0,2,,72.0,80.0,80.0,54.0,72.0,3324,197.56,30946895861450
8485.0,3,,73.0,78.0,78.0,53.0,71.0,3390,197.79,31245137769470
8490.0,0,,71.0,76.0,76.0,52.0,72.0,2886,200.19,62584596579101
8491.0,1,,69.0,78.0,78.0,52.0,69.0,2809,199.06,33935459882019
8491.0,2,100.00,72.0,80.0,80.0,53.0,72.0,3254,196.53,30948008246887
8491.0,3,,73.0,78.0,78.0,53.0,71.0,3391,198.10,31246259022460
8496.0,0,,70.0,76.0,76.0,52.0,70.0,2986,199.65,62585728566955
8496.0,1,,70.0,78.0,78.0,52.0,70.0,2796,199.32,33936590026123
8496.0,2,,72.0,80.0,80.0,54.0,72.0,3090,196.77,30949123920227
8497.0,3,,72.0,78.0,78.0,53.0,71.0,3387,197.45,31247378537414
8502.0,0,,70.0,76.0,76.0,52.0,71.0,2891,199.44,62586859404602
8502.0,1,,71.0,78.0,78.0,52.0,70.0,2798,198.99,33937716297424
8502.0,2,,72.0,80.0,80.0,53.0,72.0,3241,196.86,30950238146179
8502.0,3,,73.0,78.0,78.0,53.0,71.0,3390,196.86,31248494743774
8507.0,0,,71.0,76.0,76.0,52.0,71.0,2965,200.63,62587994984924
8508.0,1,,70.0,78.0,78.0,51.0,70.0,2805,198.39,33938841161926
8508.0,2,100.00,72.0,80.0,80.0,53.0,72.0,3347,196.24,30951350839111
8508.0,3,,72.0,78.0,78.0,52.0,71.0,3387,198.23,31249616722167
8513.0,0,,71.0,76.0,76.0,52.0,71.0,2980,199.27,62589122847351
8513.0,1,,70.0,78.0,78.0,51.0,70.0,2802,198.91,33939967019531
8513.0,2,100.00,70.0,80.0,80.0,53.0,71.0,3142,196.41,30952460542297
8514.0,3,,73.0,76.0,78.0,53.0,71.0,3392,197.30,31250731483520
8519.0,0,,71.0,76.0,76.0,52.0,71.0,2823,199.75,62590251436950
8519.0,1,,70.0,78.0,78.0,51.0,70.0,2799,198.96,33941093130126
8519.0,2,,73.0,80.0,80.0,53.0,72.0,3125,196.46,30953574473815
8519.0,3,,73.0,78.0,78.0,53.0,71.0,3388,197.45,31251851001159
8524.0,0,87.13,70.0,76.0,76.0,51.0,70.0,2939,162.06,62591168682128
8525.0,1,87.07,69.0,78.0,78.0,51.0,69.0,2710,160.71,33942001161804
8525.0,2,86.96,71.0,80.0,80.0,53.0,71.0,3175,158.83,30954470273559
8525.0,3,86.88,72.0,76.0,76.0,52.0,70.0,3308,159.41,31252746903320
8530.0,0,,71.0,76.0,76.0,52.0,71.0,2493,199.63,62592294595031
8530.0,1,,70.0,78.0,78.0,51.0,69.0,2342,200.07,33943127575073
8530.0,2,,71.0,80.0,80.0,53.0,72.0,2805,200.00,30955598279907
8531.0,3,,73.0,78.0,78.0,53.0,71.0,2949,199.74,31253877458740
8536.0,0,,71.0,76.0,76.0,52.0,71.0,2761,200.03,62593424739013
8536.0,1,,71.0,78.0,78.0,52.0,70.0,2473,199.75,33944258144531
8536.0,2,,72.0,80.0,80.0,54.0,72.0,3059,199.91,30956727789794
8536.0,3,,71.0,78.0,76.0,53.0,71.0,3158,200.22,31255006704162
8541.0,0,,71.0,76.0,76.0,52.0,71.0,2869,200.23,62594554016662
8542.0,1,,71.0,78.0,78.0,52.0,70.0,2753,200.15,33945387003051
8542.0,2,,72.0,80.0,80.0,53.0,72.0,3100,199.77,30957856503784
8542.0,3,,73.0,76.0,78.0,53.0,71.0,3352,199.79,31256137488647
8547.0,0,,72.0,76.0,76.0,52.0,71.0,3061,199.79,62595686806884
8547.0,1,,72.0,78.0,78.0,52.0,70.0,2797,199.72,33946519428649
8547.0,2,,72.0,80.0,80.0,53.0,72.0,3326,199.61,30958988319946
8547.0,3,,73.0,76.0,78.0,53.0,71.0,3379,199.82,31257270460937
8553.0,0,,72.0,76.0,76.0,52.0,71.0,2866,200.01,62596816861145
8553.0,1,,68.0,78.0,78.0,52.0,69.0,2802,200.11,33947650070434
8553.0,2,,72.0,80.0,80.0,53.0,72.0,3376,199.76,30960116949829
8553.0,3,,72.0,78.0,76.0,53.0,71.0,3386,199.79,31258399250793
8558.0,0,,71.0,76.0,76.0,52.0,71.0,2999,200.24,62597950195800
8559.0,1,,70.0,78.0,78.0,52.0,70.0,2799,199.86,33948781256713
8559.0,2,,72.0,80.0,80.0,53.0,72.0,3255,198.95,30961242980285
8559.0,3,,72.0,78.0,78.0,53.0,71.0,3382,199.78,31259529994567
8564.0,0,100.00,71.0,76.0,76.0,52.0,71.0,2848,199.57,62599077783508
8564.0,1,,70.0,78.0,78.0,52.0,70.0,2807,199.95,33949910964172
8564.0,2,,72.0,80.0,80.0,53.0,72.0,3115,198.63,30962363258056
8564.0,3,,72.0,78.0,76.0,53.0,71.0,3390,200.08,31260658447753
8570.0,0,100.00,72.0,76.0,76.0,52.0,71.0,3014,200.38,62600209950378
8570.0,1,,70.0,78.0,78.0,52.0,70.0,2800,199.97,33951040814941
8570.0,2,,72.0,80.0,80.0,54.0,73.0,3276,199.30,30963491286010
8570.0,3,,72.0,78.0,78.0,53.0,71.0,3383,199.28,31261786372436
8575.0,0,,71.0,76.0,76.0,52.0,71.0,2923,199.58,62601341570251
8575.0,1,,70.0,78.0,78.0,52.0,70.0,2806,199.98,33952174718139
8576.0,2,,72.0,80.0,80.0,53.0,72.0,3359,198.11,30964614590515
8576.0,3,,72.0,78.0,78.0,52.0,71.0,3390,199.29,31262916339660
8581.0,0,,69.0,76.0,76.0,52.0,71.0,2823,200.08,62602474025695
8581.0,1,,71.0,78.0,78.0,52.0,70.0,2805,200.01,33953304795532
8581.0,2,,71.0,80.0,80.0,53.0,72.0,3144,198.57,30965736497497
8581.0,3,,73.0,78.0,78.0,53.0,71.0,3382,199.59,31264042005432
8587.0,0,,71.0,76.0,76.0,52.0,71.0,3051,200.10,62603602566955
8587.0,1,,70.0,78.0,78.0,52.0,70.0,2803,199.74,33954433349670
8587.0,2,,73.0,82.0,80.0,53.0,72.0,3152,198.25,30966856629516
8587.0,3,,72.0,78.0,78.0,53.0,71.0,3392,198.94,31265167999572
8592.0,0,,71.0,76.0,76.0,52.0,71.0,2977,199.83,62604735576782
8592.0,1,,71.0,78.0,78.0,52.0,70.0,2808,199.61,33955565141906
8593.0,2,,72.0,80.0,80.0,53.0,73.0,3348,198.10,30967979863220
8593.0,3,,72.0,78.0,78.0,53.0,71.0,3382,198.79,31266293127441
8598.0,0,,71.0,76.0,76.0,52.0,71.0,2831,199.91,62605867083435
8598.0,1,,70.0,78.0,78.0,52.0,70.0,2798,199.96,33956696914672
8598.0,2,,72.0,80.0,80.0,53.0,72.0,3276,197.56,30969098029357
8598.0,3,,73.0,78.0,78.0,53.0,71.0,3392,198.73,31267417917236
8604.0,0,,71.0,76.0,76.0,52.0,71.0,3052,200.09,62606999592041
8604.0,1,,71.0,78.0,78.0,52.0,70.0,2798,199.59,33957826569030
8604.0,2,100.00,71.0,80.0,80.0,53.0,72.0,3105,197.30,30970214721313
8604.0,3,,73.0,78.0,78.0,53.0,71.0,3392,198.06,31268540918151
8609.0,0,,71.0,76.0,76.0,52.0,71.0,2947,200.18,62608132584655
8609.0,1,,71.0,78.0,78.0,52.0,70.0,2810,199.47,33958955592529
8610.0,2,,72.0,80.0,80.0,54.0,73.0,3222,198.20,30971336529357
8610.0,3,,73.0,78.0,78.0,53.0,71.0,3391,198.85,31269666382934
8615.0,0,,71.0,76.0,76.0,52.0,71.0,2848,199.82,62609265568847
8615.0,1,,72.0,78.0,78.0,52.0,70.0,2806,199.60,33960087298156
8615.0,2,100.00,72.0,80.0,80.0,54.0,72.0,3366,197.36,30972455575439
8615.0,3,,72.0,78.0,78.0,53.0,71.0,3386,198.52,31270792001098
8621.0,0,,71.0,76.0,76.0,52.0,71.0,3053,199.90,62610397010009
8621.0,1,,70.0,78.0,78.0,52.0,70.0,2798,199.57,33961216857055
8621.0,2,,72.0,80.0,80.0,53.0,72.0,3148,197.02,30973570731994
8621.0,3,,73.0,78.0,78.0,53.0,71.0,3383,198.53,31271915670227
8626.0,0,,71.0,76.0,76.0,53.0,71.0,2891,199.76,62611529647277
8626.0,1,,68.0,78.0,78.0,52.0,69.0,2806,199.17,33962346158691
8627.0,2,,72.0,80.0,80.0,53.0,72.0,3313,197.52,30974690660827
8627.0,3,,73.0,78.0,78.0,53.0,71.0,3385,198.46,31273040960021
8632.0,0,,71.0,76.0,76.0,52.0,71.0,2857,199.87,62612662913513
8632.0,1,,71.0,78.0,78.0,52.0,70.0,2806,199.30,33963476172485
8632.0,2,,71.0,80.0,80.0,53.0,72.0,3229,196.46,30975804592407
8632.0,3,,73.0,78.0,78.0,53.0,71.0,3389,197.29,31274159599975
8638.0,0,,71.0,76.0,76.0,52.0,71.0,3061,200.19,62613795968872
8638.0,1,,70.0,78.0,78.0,52.0,70.0,2797,198.55,33964599958984
8638.0,2,,73.0,80.0,80.0,53.0,72.0,3127,196.70,30976917939941
8638.0,3,,72.0,78.0,78.0,52.0,71.0,3390,197.97,31275280126770
8643.0,0,,71.0,76.0,76.0,52.0,70.0,2899,199.62,62614927799499
8643.0,1,,70.0,78.0,78.0,52.0,69.0,2804,199.01,33965728331970
8644.0,2,,72.0,80.0,80.0,53.0,72.0,3333,196.95,30978034659973
8644.0,3,,72.0,78.0,78.0,53.0,70.0,3385,196.98,31276398947143
8649.0,0,,71.0,76.0,76.0,52.0,71.0,2936,199.42,62616058536560
8649.0,1,,71.0,78.0,78.0,51.0,70.0,2800,198.61,33966852452697
8649.0,2,,72.0,80.0,80.0,53.0,72.0,3269,196.60,30979147398071
8649.0,3,,73.0,78.0,78.0,53.0,71.0,3389,197.98,31277517523315
8655.0,0,,72.0,76.0,76.0,52.0,71.0,2961,199.71,62617186923095
8655.0,1,,70.0,78.0,78.0,52.0,70.0,2799,199.03,33967978940002
8655.0,2,,69.0,80.0,80.0,52.0,71.0,3113,196.78,30980261145019
8655.0,3,,73.0,78.0,78.0,53.0,71.0,3388,197.10,31278633085510
8660.0,0,,72.0,76.0,76.0,53.0,71.0,2871,199.71,62618319275756
8660.0,1,,70.0,78.0,78.0,52.0,70.0,2807,198.49,33969104402404
8661.0,2,,73.0,80.0,80.0,53.0,72.0,3137,195.36,30981368825378
8661.0,3,,73.0,78.0,78.0,53.0,71.0,3387,197.48,31279752809265
8666.0,0,,66.0,74.0,74.0,50.0,69.0,3037,169.17,62619278449890
8666.0,1,,66.0,76.0,76.0,50.0,67.0,2773,165.27,33970041484252
8666.0,2,,68.0,78.0,78.0,51.0,69.0,3312,161.65,30982285389770
8666.0,3,,67.0,74.0,74.0,50.0,68.0,3355,158.31,31280650404235
8672.0,0,,71.0,76.0,76.0,52.0,71.0,2418,187.66,62620340585876
8672.0,1,,70.0,78.0,78.0,51.0,69.0,2347,190.30,33971116677429
8672.0,2,,70.0,80.0,80.0,53.0,71.0,2839,192.56,30983371428955
8672.0,3,,72.0,76.0,78.0,53.0,70.0,2852,196.22,31281757069396
8677.0,0,,70.0,76.0,76.0,52.0,71.0,2678,200.17,62621469532470
8677.0,1,,71.0,78.0,78.0,52.0,70.0,2431,199.87,33972245958557
8678.0,2,,72.0,80.0,80.0,53.0,72.0,2981,199.68,30984501629455
8678.0,3,,71.0,78.0,78.0,53.0,71.0,3067,200.20,31282888210876
8683.0,0,100.00,72.0,76.0,76.0,52.0,71.0,2800,199.78,62622600291137
8683.0,1,100.00,71.0,78.0,78.0,52.0,70.0,2694,200.03,33973378155273
8683.0,2,100.00,72.0,80.0,80.0,53.0,72.0,3076,199.63,30985631540771
8683.0,3,100.00,73.0,78.0,76.0,53.0,71.0,3329,199.63,31284020132934
8689.0,0,,72.0,76.0,76.0,52.0,70.0,3005,200.15,62623731163391
8689.0,1,,71.0,78.0,78.0,52.0,70.0,2794,199.79,33974506987609
8689.0,2,,73.0,80.0,80.0,53.0,72.0,3185,199.74,30986760066528
8689.0,3,,73.0,76.0,78.0,53.0,71.0,3376,200.06,31285150447631
8694.0,0,,71.0,76.0,76.0,52.0,71.0,3055,199.78,62624861926391
8694.0,1,,70.0,78.0,78.0,52.0,70.0,2800,199.91,33975638451049
8695.0,2,,70.0,80.0,80.0,54.0,72.0,3352,199.38,30987888560974
8695.0,3,,73.0,78.0,78.0,53.0,71.0,3385,200.10,31286281037292
8700.0,0,,70.0,76.0,76.0,53.0,71.0,2842,199.88,62625993263793
8700.0,1,,71.0,78.0,78.0,52.0,70.0,2810,200.06,33976770776489
8700.0,2,,72.0,80.0,80.0,53.0,72.0,3350,199.69,30989018788269
8700.0,3,,71.0,78.0,78.0,53.0,71.0,3393,199.69,31287411301025
8706.0,0,,71.0,76.0,76.0,52.0,71.0,2927,199.87,62627124515319
8706.0,1,,70.0,78.0,78.0,51.0,69.0,2801,200.15,33977901596984
8706.0,2,100.00,72.0,80.0,80.0,53.0,72.0,3141,198.91,30990142630371
8706.0,3,,71.0,78.0,78.0,53.0,71.0,3385,199.20,31288538791564
8711.0,0,,70.0,76.0,76.0,52.0,71.0,3057,200.08,62628254976440
8711.0,1,,71.0,78.0,78.0,52.0,70.0,2800,199.94,33979033267761
8711.0,2,,72.0,80.0,80.0,53.0,72.0,3128,198.24,30991264644836
8712.0,3,,73.0,78.0,78.0,53.0,71.0,3383,199.59,31289668453735
8717.0,0,,72.0,76.0,76.0,52.0,71.0,2873,199.94,62629386660522
8717.0,1,,69.0,78.0,78.0,52.0,70.0,2801,199.70,33980163552551
8717.0,2,,73.0,80.0,80.0,53.0,72.0,3341,199.12,30992391647094
8717.0,3,,73.0,78.0,78.0,53.0,71.0,3395,199.21,31290795983947
8722.0,0,,72.0,76.0,76.0,52.0,71.0,2874,199.92,62630518216735
8723.0,1,,71.0,78.0,78.0,52.0,70.0,2799,199.78,33981294316223
8723.0,2,,72.0,80.0,80.0,53.0,72.0,3358,198.46,30993514923828
8723.0,3,,72.0,78.0,78.0,53.0,71.0,3388,199.44,31291924826965
8728.0,0,100.00,71.0,76.0,76.0,52.0,71.0,3060,200.04,62631652461791
8728.0,1,,70.0,78.0,78.0,51.0,70.0,2807,199.61,33982426128417
8728.0,2,100.00,72.0,80.0,80.0,53.0,72.0,3147,197.82,30994634564086
8729.0,3,,74.0,78.0,78.0,53.0,71.0,3382,198.69,31293049424865
8734.0,0,,70.0,76.0,76.0,52.0,71.0,2875,200.26,62632783935119
8734.0,1,,70.0,78.0,78.0,52.0,69.0,2804,200.16,33983557012023
8734.0,2,,72.0,80.0,80.0,53.0,72.0,3166,198.33,30995755116027
8734.0,3,,72.0,78.0,78.0,53.0,71.0,3389,199.02,31294173888061
8739.0,0,,71.0,76.0,76.0,52.0,71.0,2961,199.70,62633914238037
8740.0,1,,70.0,78.0,78.0,52.0,70.0,2810,199.49,33984686148132
8740.0,2,,72.0,80.0,82.0,53.0,72.0,3351,198.18,30996876836120
8740.0,3,,71.0,78.0,78.0,53.0,71.0,3390,199.16,31295301108520
8745.0,0,,71.0,76.0,76.0,52.0,70.0,3041,200.01,62635046280090
8745.0,1,,70.0,78.0,78.0,52.0,70.0,2796,199.99,33985818091064
8745.0,2,,72.0,80.0,80.0,53.0,72.0,3219,197.32,30997995614196
8746.0,3,,71.0,78.0,78.0,53.0,70.0,3379,198.17,31296424707519
8751.0,0,,71.0,76.0,76.0,52.0,71.0,2818,199.66,62636178357849
8751.0,1,,70.0,78.0,78.0,52.0,70.0,2803,199.56,33986949576232
8751.0,2,,72.0,80.0,80.0,54.0,72.0,3131,197.22,30999113878540
8751.0,3,,73.0,78.0,78.0,53.0,71.0,3397,198.87,31297552298461
8756.0,0,,71.0,76.0,76.0,52.0,71.0,3037,200.04,62637312559265
8757.0,1,,70.0,78.0,78.0,52.0,70.0,2808,198.87,33988077171264
8757.0,2,100.00,72.0,80.0,80.0,53.0,72.0,3338,196.88,31000230177368
8757.0,3,,73.0,78.0,78.0,53.0,71.0,3390,197.87,31298674232910
8762.0,0,,71.0,76.0,76.0,52.0,70.0,2985,199.63,62638444458862
8762.0,1,,70.0,78.0,78.0,52.0,70.0,2807,199.53,33989206488586
8762.0,2,,72.0,80.0,80.0,53.0,72.0,3175,196.80,31001346047119
8763.0,3,,72.0,78.0,78.0,53.0,71.0,3389,198.41,31299797242675
8768.0,0,,72.0,76.0,76.0,53.0,70.0,2819,200.15,62639577300231
8768.0,1,,70.0,78.0,78.0,52.0,70.0,2798,199.17,33990335758728
8768.0,2,,71.0,80.0,80.0,53.0,72.0,3117,196.44,31002457898986
8768.0,3,,73.0,78.0,78.0,53.0,71.0,3390,197.97,31300919716735
8773.0,0,,71.0,76.0,76.0,52.0,71.0,3051,199.95,62640708999023
8774.0,1,,70.0,78.0,80.0,52.0,70.0,2807,199.37,33991464173034
8774.0,2,,72.0,80.0,80.0,52.0,71.0,3345,197.78,31003579329895
8774.0,3,,73.0,78.0,78.0,53.0,71.0,3389,198.47,31302043064025
8779.0,0,,71.0,76.0,76.0,52.0,71.0,2949,199.81,62641839908386
8779.0,1,,70.0,78.0,78.0,51.0,69.0,2801,198.67,33992588663513
8779.0,2,,72.0,80.0,80.0,53.0,72.0,3262,196.62,31004690206848
8780.0,3,100.00,73.0,78.0,78.0,53.0,71.0,3388,197.78,31303160535339
8785.0,0,,71.0,76.0,76.0,52.0,71.0,2905,199.75,62642970473205
8785.0,1,,69.0,78.0,78.0,52.0,70.0,2808,199.36,33993717030151
8785.0,2,,72.0,80.0,80.0,54.0,72.0,3114,196.60,31005802948303
8785.0,3,,72.0,78.0,78.0,52.0,70.0,3391,197.32,31304279348266
8790.0,0,,71.0,76.0,76.0,52.0,71.0,2832,199.28,62644098400512
8791.0,1,,70.0,78.0,78.0,51.0,69.0,2799,198.97,33994843218139
8791.0,2,,72.0,80.0,80.0,53.0,72.0,3180,196.65,31006915964233
8791.0,3,,73.0,78.0,78.0,53.0,71.0,3390,197.83,31305399092346
8796.0,0,,72.0,76.0,76.0,52.0,71.0,3050,199.54,62645229767700
8796.0,1,,70.0,78.0,78.0,52.0,70.0,2809,199.53,33995972551025
8796.0,2,,70.0,80.0,82.0,53.0,72.0,3356,196.91,31008032467407
8797.0,3,,73.0,78.0,78.0,53.0,71.0,3391,197.11,31306516705505
8802.0,0,,71.0,76.0,76.0,52.0,71.0,2922,200.01,62646361815124
8802.0,1,100.00,69.0,78.0,78.0,51.0,69.0,2804,198.53,33997100210998
8802.0,2,,72.0,80.0,80.0,53.0,72.0,3144,196.49,31009146561401
8802.0,3,,73.0,78.0,78.0,53.0,71.0,3385,197.69,31307637619018
8807.0,0,,72.0,76.0,76.0,52.0,71.0,2869,199.21,62647491311767
8808.0,1,,69.0,78.0,78.0,51.0,69.0,2710,197.81,33998219812011
8808.0,2,100.00,72.0,80.0,80.0,54.0,73.0,3093,195.62,31010253778503
8808.0,3,,73.0,76.0,78.0,53.0,71.0,3390,196.12,31308747673950
8813.0,0,,71.0,76.0,76.0,52.0,70.0,2824,160.16,62648397808471
8813.0,1,,69.0,78.0,78.0,51.0,69.0,2530,159.69,33999122042236
8813.0,2,,71.0,80.0,80.0,53.0,71.0,2989,158.21,31011146080017
8814.0,3,,72.0,78.0,76.0,52.0,70.0,3024,158.57,31309642013061
8819.0,0,,71.0,76.0,76.0,52.0,71.0,2540,200.11,62649526427429
8819.0,1,,70.0,78.0,78.0,52.0,70.0,2389,200.09,34000252543823
8819.0,2,,72.0,80.0,80.0,53.0,71.0,2906,199.79,31012276895812
8819.0,3,,73.0,78.0,78.0,53.0,71.0,2829,200.15,31310774887817
8824.0,0,,71.0,76.0,76.0,52.0,71.0,2765,200.06,62650658742858
8825.0,1,,71.0,78.0,78.0,52.0,70.0,2565,199.53,34001383880798
8825.0,2,,72.0,80.0,80.0,54.0,72.0,3064,199.88,31013408206970
8825.0,3,,72.0,78.0,78.0,53.0,71.0,3257,199.85,31311906041381
8830.0,0,100.00,71.0,76.0,76.0,52.0,71.0,2852,199.61,62651790532104
8830.0,1,,71.0,78.0,78.0,52.0,70.0,2778,200.32,34002515703063
8830.0,2,100.00,73.0,80.0,80.0,53.0,72.0,3160,199.75,31014538805847
8831.0,3,,73.0,78.0,76.0,53.0,71.0,3370,200.01,31313038121337
8836.0,0,,71.0,76.0,76.0,52.0,71.0,3059,199.98,62652920399353
8836.0,1,,70.0,78.0,78.0,52.0,70.0,2806,199.91,34003645214355
8836.0,2,,72.0,80.0,80.0,53.0,72.0,3349,199.48,31015665895446
8836.0,3,,71.0,78.0,78.0,53.0,71.0,3385,199.79,31314164930053
8841.0,0,,71.0,76.0,76.0,52.0,71.0,2977,200.11,62654049043457
8842.0,1,,71.0,78.0,78.0,52.0,70.0,2805,199.82,34004774186584
8842.0,2,100.00,72.0,80.0,80.0,53.0,72.0,3386,199.87,31016795147338
8842.0,3,,73.0,78.0,78.0,53.0,71.0,3381,199.99,31315296887634
8847.0,0,,72.0,76.0,76.0,52.0,71.0,2812,199.77,62655179768066
8847.0,1,,70.0,78.0,78.0,52.0,70.0,2804,200.09,34005904714538
8847.0,2,,72.0,80.0,80.0,53.0,72.0,3186,198.94,31017919160583
8847.0,3,,73.0,78.0,78.0,53.0,71.0,3388,199.47,31316423867004
8853.0,0,,71.0,76.0,76.0,52.0,71.0,3015,200.18,62656310800170
8853.0,1,,70.0,78.0,78.0,52.0,70.0,2800,199.74,34007035220214
8853.0,2,,73.0,80.0,80.0,53.0,72.0,3160,198.91,31019044970092
8853.0,3,,73.0,78.0,78.0,53.0,71.0,3393,199.67,31317554014892
8858.0,0,,70.0,76.0,76.0,52.0,71.0,3017,199.92,62657444373352
8858.0,1,,70.0,78.0,78.0,52.0,70.0,2806,199.85,34008168353820
8859.0,2,,71.0,80.0,80.0,53.0,72.0,3347,198.73,31020169809509
8859.0,3,,73.0,78.0,78.0,53.0,71.0,3382,199.29,31318682014831
8864.0,0,100.00,72.0,76.0,76.0,52.0,71.0,2816,199.61,62658572170471
8864.0,1,,71.0,78.0,78.0,52.0,70.0,2806,200.07,34009296743469
8864.0,2,,71.0,80.0,80.0,53.0,72.0,3271,198.82,31021293131958
8864.0,3,,73.0,78.0,78.0,53.0,71.0,3386,199.41,31319808663269
8870.0,0,,72.0,76.0,76.0,52.0,71.0,2969,200.39,62659704391052
8870.0,1,,70.0,78.0,78.0,51.0,70.0,2808,199.88,34010428039978
8870.0,2,,72.0,80.0,80.0,53.0,72.0,3170,198.47,31022416476196
8870.0,3,,73.0,78.0,78.0,53.0,71.0,3392,198.60,31320934733764
8875.0,0,,70.0,76.0,76.0,52.0,71.0,3071,199.93,62660838010131
8875.0,1,,70.0,78.0,78.0,52.0,70.0,2798,199.76,34011560660095
8876.0,2,100.00,71.0,80.0,80.0,53.0,72.0,3349,198.16,31023540036499
8876.0,3,,73.0,78.0,78.0,53.0,72.0,3382,199.25,31322062506958
8881.0,0,,72.0,76.0,76.0,52.0,71.0,2861,199.88,62661969345092
8881.0,1,,70.0,78.0,78.0,52.0,70.0,2798,199.60,34012690382629
8881.0,2,,71.0,80.0,80.0,53.0,72.0,3231,197.67,31024658875488
8881.0,3,,73.0,78.0,78.0,53.0,71.0,3390,198.45,31323185753784
8887.0,0,100.00,71.0,76.0,76.0,52.0,71.0,2917,200.06,62663101674194
8887.0,1,,68.0,78.0,78.0,52.0,69.0,2808,199.84,34013821464294
8887.0,2,100.00,72.0,80.0,80.0,53.0,72.0,3108,198.04,31025779778198
8887.0,3,,73.0,78.0,78.0,52.0,71.0,3392,199.07,31324312502807
8892.0,0,100.00,71.0,76.0,76.0,52.0,71.0,3062,199.70,62664233946166
8892.0,1,,70.0,78.0,78.0,52.0,70.0,2798,199.88,34014952811950
8893.0,2,,72.0,80.0,80.0,53.0,72.0,3304,197.35,31026898766174
8893.0,3,,73.0,78.0,76.0,53.0,71.0,3390,197.80,31325434008605
8898.0,0,100.00,71.0,76.0,76.0,52.0,71.0,2872,199.96,62665365741455
8898.0,1,,70.0,78.0,78.0,52.0,70.0,2798,199.03,34016081313781
8898.0,2,,72.0,80.0,82.0,53.0,72.0,3308,197.74,31028017998657
8898.0,3,,71.0,76.0,78.0,52.0,70.0,3392,198.32,31326556477478
8904.0,0,,72.0,76.0,76.0,53.0,71.0,2916,199.92,62666497262207
8904.0,1,,70.0,78.0,78.0,51.0,69.0,2809,199.75,34017211924682
8904.0,2,,72.0,80.0,80.0,53.0,72.0,3125,197.42,31029135390502
8904.0,3,,73.0,78.0,78.0,53.0,71.0,3381,198.29,31327678795776
8909.0,0,,69.0,76.0,76.0,51.0,70.0,3072,200.34,62667631176086
8909.0,1,,70.0,78.0,78.0,52.0,69.0,2799,198.99,34018338233398
8910.0,2,,72.0,80.0,80.0,54.0,72.0,3211,197.27,31030251950073
8910.0,3,,72.0,78.0,78.0,53.0,71.0,3392,197.95,31328799210937
8915.0,0,,70.0,76.0,76.0,51.0,70.0,2860,199.69,62668763444152
8915.0,1,,70.0,78.0,78.0,52.0,70.0,2796,198.98,34019466443298
8915.0,2,,72.0,82.0,80.0,54.0,72.0,3336,197.09,31031369469177
8915.0,3,,71.0,78.0,78.0,53.0,71.0,3389,197.94,31329921513000
8921.0,0,,72.0,76.0,76.0,52.0,71.0,2956,199.92,62669895018615
8921.0,1,,69.0,78.0,78.0,52.0,69.0,2807,199.09,34020593278808
8921.0,2,,72.0,80.0,80.0,53.0,72.0,3127,196.39,31032481029113
8921.0,3,,73.0,78.0,78.0,53.0,71.0,3390,198.11,31331042800903
8926.0,0,,68.0,76.0,76.0,52.0,70.0,3038,199.60,62671026753967
8926.0,1,,70.0,78.0,78.0,52.0,70.0,2795,199.14,34021722422241
8927.0,2,,72.0,80.0,80.0,54.0,72.0,3226,197.60,31033601446838
8927.0,3,,73.0,78.0,78.0,52.0,71.0,3388,197.57,31332163009460
8932.0,0,,71.0,76.0,76.0,52.0,71.0,2892,199.38,62672157237548
8932.0,1,,70.0,78.0,78.0,52.0,70.0,2808,199.18,34022849792724
8932.0,2,,72.0,80.0,80.0,53.0,72.0,3296,196.73,31034716923095
8932.0,3,,72.0,78.0,78.0,53.0,71.0,3391,197.19,31333281079162
8938.0,0,,71.0,76.0,76.0,52.0,71.0,3010,200.25,62673290656005
8938.0,1,,70.0,78.0,78.0,51.0,69.0,2797,198.04,34023972654418
8938.0,2,,72.0,80.0,80.0,53.0,72.0,3128,196.45,31035828851562
8938.0,3,,73.0,78.0,78.0,53.0,71.0,3390,197.94,31334401412231
8943.0,0,,71.0,76.0,76.0,52.0,71.0,2812,199.12,62674417670104
8943.0,1,,70.0,78.0,78.0,52.0,70.0,2802,199.30,34025098694763
8944.0,2,,71.0,80.0,80.0,53.0,71.0,3265,196.85,31036943030090
8944.0,3,,73.0,78.0,78.0,53.0,71.0,3385,197.04,31335516679382
8949.0,0,100.00,71.0,76.0,76.0,52.0,71.0,2980,200.10,62675548231079
8949.0,1,,70.0,78.0,78.0,52.0,70.0,2798,198.73,34026225504638
8949.0,2,100.00,72.0,80.0,80.0,53.0,72.0,3341,196.10,31038052967346
8949.0,3,,73.0,78.0,78.0,53.0,71.0,3383,197.76,31336634004028
8955.0,0,87.27,70.0,76.0,76.0,51.0,70.0,2844,161.12,62676460169311
8955.0,1,87.32,70.0,78.0,78.0,51.0,69.0,2581,159.48,34027126547912
8955.0,2,86.96,71.0,80.0,80.0,53.0,71.0,3080,158.33,31038947548339
8955.0,3,87.16,72.0,76.0,78.0,52.0,70.0,3271,159.45,31337534892333
8960.0,0,,70.0,76.0,76.0,52.0,71.0,2482,199.69,62677590426208
8960.0,1,100.00,71.0,78.0,78.0,51.0,70.0,2366,199.81,34028257488586
8961.0,2,,72.0,80.0,80.0,53.0,72.0,2824,200.05,31040077842773
8961.0,3,,73.0,78.0,78.0,53.0,71.0,2878,199.67,31338665036376
8966.0,0,,72.0,76.0,76.0,52.0,71.0,2755,200.11,62678719038330
8966.0,1,,71.0,78.0,78.0,52.0,70.0,2534,200.14,34029384297546
8966.0,2,,72.0,80.0,80.0,53.0,72.0,3045,199.71,31041204196166
8966.0,3,,73.0,78.0,76.0,53.0,71.0,3205,200.10,31339791576354
8972.0,0,,71.0,76.0,76.0,52.0,71.0,2868,199.91,62679848535217
8972.0,1,,71.0,78.0,78.0,52.0,70.0,2773,199.69,34030512565429
8972.0,2,,73.0,80.0,80.0,54.0,72.0,3103,200.02,31042332323059
8972.0,3,,73.0,78.0,78.0,53.0,71.0,3359,199.93,31340921186157
8977.0,0,100.00,71.0,76.0,76.0,52.0,71.0,3059,199.98,62680978398681
8977.0,1,100.00,71.0,78.0,78.0,52.0,70.0,2804,200.15,34031643389770
8977.0,2,100.00,71.0,80.0,80.0,54.0,72.0,3320,199.58,31043461941467
8978.0,3,,73.0,78.0,78.0,53.0,71.0,3390,199.97,31342053000671
8983.0,0,,71.0,76.0,76.0,52.0,71.0,2960,200.25,62682109832031
8983.0,1,100.00,70.0,78.0,78.0,52.0,70.0,2801,199.85,34032774550781
8983.0,2,,72.0,80.0,80.0,53.0,72.0,3386,199.33,31044590136779
8983.0,3,,73.0,76.0,78.0,53.0,71.0,3377,199.96,31343182799682
8988.0,0,,71.0,76.0,76.0,52.0,71.0,2814,199.89,62683239206542
8989.0,1,,71.0,78.0,78.0,52.0,70.0,2801,200.09,34033905077636
8989.0,2,,72.0,80.0,80.0,53.0,72.0,3182,199.04,31045714713745
8989.0,3,,73.0,78.0,78.0,53.0,71.0,3382,199.61,31344312578796
8994.0,0,,72.0,76.0,76.0,52.0,71.0,3031,200.03,62684371397827
8994.0,1,,69.0,78.0,78.0,52.0,70.0,2808,199.68,34035037285644
8994.0,2,,72.0,80.0,80.0,53.0,72.0,3337,199.15,31046843897521
8995.0,3,,73.0,78.0,78.0,53.0,71.0,3390,199.04,31345441140136
9000.0,0,,71.0,76.0,76.0,52.0,71.0,2999,199.77,62685504070678
9000.0,1,,71.0,78.0,78.0,52.0,70.0,2800,200.06,34036169630615
9000.0,2,,70.0,80.0,80.0,53.0,72.0,3192,198.24,31047965954650
9000.0,3,,73.0,78.0,78.0,53.0,71.0,3384,199.66,31346569222045
9005.0,0,,72.0,76.0,76.0,52.0,71.0,2926,200.00,62686636066589
9006.0,1,,70.0,78.0,78.0,51.0,69.0,2807,200.03,34037301812438
9006.0,2,,72.0,80.0,80.0,53.0,72.0,3157,198.15,31049087473449
9006.0,3,,70.0,76.0,78.0,53.0,71.0,3387,199.02,31347697665222
9011.0,0,,71.0,76.0,76.0,52.0,71.0,2979,200.00,62687768064514
9011.0,1,,71.0,78.0,78.0,52.0,70.0,2795,199.56,34038429340576
9011.0,2,,72.0,80.0,80.0,53.0,72.0,3350,198.69,31050208057189
9012.0,3,,72.0,78.0,78.0,53.0,71.0,3383,198.85,31348819179748
9017.0,0,,71.0,76.0,76.0,52.0,71.0,2976,200.10,62688896642089
9017.0,1,,71.0,78.0,78.0,52.0,70.0,2801,199.69,34039559566589
9017.0,2,,72.0,80.0,80.0,53.0,72.0,3350,198.11,31051329355773
9017.0,3,,72.0,78.0,78.0,53.0,71.0,3391,198.77,31349944212829
9022.0,0,100.00,71.0,76.0,76.0,52.0,71.0,2882,199.83,62690029688171
9023.0,1,,70.0,78.0,78.0,52.0,70.0,2810,200.36,34040691626708
9023.0,2,,72.0,80.0,80.0,53.0,72.0,3139,198.19,31052451090087
9023.0,3,100.00,71.0,78.0,78.0,53.0,71.0,3385,198.90,31351069986267
9028.0,0,,71.0,76.0,76.0,52.0,71.0,2982,200.06,62691160055175
9028.0,1,,70.0,78.0,78.0,52.0,70.0,2802,199.47,34041820610351
9028.0,2,,73.0,80.0,80.0,54.0,72.0,3138,197.44,31053568603027
9029.0,3,,73.0,78.0,78.0,53.0,71.0,3392,198.88,31352195624023
9034.0,0,,72.0,76.0,76.0,52.0,71.0,2911,199.71,62692292437866
9034.0,1,,70.0,78.0,78.0,52.0,70.0,2804,199.58,34042952247375
9034.0,2,,73.0,80.0,80.0,53.0,72.0,3343,197.35,31054687556823
9034.0,3,,73.0,78.0,78.0,53.0,71.0,3386,198.27,31353319823486
9039.0,0,,71.0,76.0,76.0,52.0,71.0,2913,200.31,62693426182861
9040.0,1,,69.0,78.0,78.0,52.0,70.0,2798,199.10,34044081145263
9040.0,2,,72.0,80.0,80.0,53.0,72.0,3257,197.46,31055805175292
9040.0,3,,72.0,78.0,78.0,52.0,70.0,3394,198.63,31354444086181
9045.0,0,100.00,71.0,76.0,76.0,52.0,71.0,3066,199.90,62694557620849
9045.0,1,100.00,69.0,78.0,78.0,52.0,69.0,2810,199.28,34045209047912
9045.0,2,100.00,73.0,80.0,80.0,53.0,72.0,3105,197.15,31056921047058
9046.0,3,100.00,73.0,78.0,78.0,52.0,71.0,3382,198.27,31355566276000
9051.0,0,,71.0,76.0,76.0,52.0,71.0,2872,199.57,62695689189147
9051.0,1,,70.0,78.0,78.0,52.0,70.0,2800,199.85,34046338226135
9051.0,2,,71.0,80.0,80.0,52.0,71.0,3241,197.06,31058038391174
9051.0,3,,73.0,76.0,78.0,53.0,71.0,3391,197.87,31356686243957
9056.0,0,,72.0,76.0,76.0,52.0,71.0,2871,200.04,62696821437011
9057.0,1,,70.0,78.0,78.0,52.0,70.0,2797,199.14,34047467377563
9057.0,2,,71.0,80.0,80.0,53.0,72.0,3349,197.32,31059155240295
9057.0,3,,73.0,78.0,78.0,53.0,71.0,3391,197.69,31357807128234
9062.0,0,,71.0,76.0,76.0,52.0,71.0,3062,200.00,62697953434204
9062.0,1,100.00,70.0,78.0,78.0,52.0,70.0,2809,198.83,34048592727416
9062.0,2,100.00,72.0,80.0,80.0,54.0,73.0,3149,196.88,31060269593933
9063.0,3,,72.0,78.0,78.0,53.0,71.0,3382,197.78,31358926584594
9068.0,0,,71.0,76.0,76.0,52.0,71.0,2918,199.83,62699084477905
9068.0,1,,70.0,78.0,78.0,52.0,70.0,2798,199.32,34049720857421
9068.0,2,,72.0,80.0,80.0,53.0,72.0,3126,196.93,31061384226867
9068.0,3,,73.0,78.0,76.0,53.0,71.0,3390,198.25,31360048669372
9073.0,0,,72.0,76.0,76.0,52.0,71.0,2910,199.83,62700217530700
9074.0,1,,70.0,78.0,78.0,51.0,69.0,2806,199.00,34050849203979
9074.0,2,,72.0,80.0,80.0,53.0,72.0,3336,196.65,31062499239685
9074.0,3,,73.0,78.0,78.0,53.0,71.0,3389,197.11,31361166283569
9079.0,0,,71.0,76.0,76.0,52.0,71.0,3014,199.55,62701346965881
9079.0,1,,70.0,78.0,78.0,52.0,70.0,2804,199.11,34051974167785
9079.0,2,100.00,72.0,80.0,80.0,53.0,72.0,3229,196.63,31063610225341
9079.0,3,,73.0,76.0,78.0,53.0,71.0,3391,197.82,31362281973205
9085.0,0,,71.0,76.0,76.0,52.0,71.0,2840,200.02,62702477081359
9085.0,1,,70.0,78.0,78.0,51.0,70.0,2806,198.72,34053100935729
9085.0,2,,72.0,80.0,80.0,54.0,73.0,3099,197.29,31064728866577
9085.0,3,,69.0,76.0,78.0,52.0,70.0,3391,197.95,31363406340576
9090.0,0,,72.0,76.0,76.0,52.0,71.0,2994,199.40,62703609669067
9091.0,1,,70.0,78.0,78.0,52.0,70.0,2804,198.95,34054228970947
9091.0,2,,72.0,80.0,82.0,53.0,72.0,3310,196.76,31065846490783
9091.0,3,,72.0,78.0,78.0,53.0,71.0,3384,197.01,31364525379333
9096.0,0,,66.0,74.0,74.0,50.0,68.0,2887,168.35,62704565918762
9096.0,1,,67.0,74.0,76.0,50.0,67.0,2792,163.12,34055155503356
9096.0,2,,71.0,78.0,78.0,52.0,71.0,3177,161.22,31066758972961
9097.0,3,,71.0,76.0,76.0,52.0,70.0,3382,162.68,31365446176208
9102.0,0,,72.0,76.0,76.0,52.0,71.0,2504,196.61,62705676790100
9102.0,1,,70.0,78.0,78.0,51.0,69.0,2346,200.52,34056288438293
9102.0,2,,72.0,80.0,80.0,53.0,72.0,2856,199.82,31067889954833
9102.0,3,,72.0,78.0,78.0,53.0,71.0,2918,200.16,31366577065185
9107.0,0,,71.0,76.0,76.0,52.0,71.0,2758,199.82,62706807778991
9108.0,1,,69.0,78.0,78.0,52.0,70.0,2438,199.95,34057420143554
9108.0,2,,72.0,80.0,80.0,53.0,72.0,3043,199.85,31069021089904
9108.0,3,,73.0,76.0,78.0,53.0,71.0,3085,200.04,31367709280395
9113.0,0,,70.0,76.0,76.0,53.0,72.0,2892,200.24,62707941140686
9113.0,1,,70.0,78.0,78.0,52.0,70.0,2744,200.06,34058552462036
9113.0,2,,72.0,80.0,80.0,53.0,72.0,3081,199.90,31070152512390
9113.0,3,,73.0,78.0,78.0,53.0,71.0,3336,199.95,31368842991333
9119.0,0,,71.0,76.0,76.0,52.0,71.0,3060,199.80,62709073990234
9119.0,1,,71.0,78.0,78.0,52.0,70.0,2797,199.72,34059684882812
9119.0,2,,73.0,80.0,80.0,54.0,72.0,3326,199.52,31071283807067
9119.0,3,,73.0,78.0,78.0,53.0,71.0,3379,199.69,31369975246398
9124.0,0,,70.0,76.0,76.0,52.0,71.0,2941,200.03,62710204187377
9125.0,1,,70.0,78.0,78.0,52.0,70.0,2806,199.95,34060814614440
9125.0,2,,72.0,80.0,80.0,53.0,72.0,3372,199.70,31072410128295
9125.0,3,,73.0,78.0,78.0,53.0,71.0,3385,199.89,31371102615844
9130.0,0,,72.0,76.0,76.0,52.0,71.0,2922,199.71,62711332522644
9130.0,1,,70.0,78.0,78.0,52.0,70.0,2803,200.00,34061944594726
9130.0,2,,73.0,80.0,80.0,53.0,72.0,3320,199.15,31073537309936
9130.0,3,,73.0,76.0,78.0,53.0,71.0,3382,199.44,31372231431823
9136.0,0,,72.0,76.0,76.0,52.0,72.0,2832,199.97,62712464363708
9136.0,1,,70.0,78.0,78.0,52.0,70.0,2799,200.17,34063073545654
9136.0,2,,73.0,80.0,80.0,53.0,72.0,3139,198.60,31074653456481
9136.0,3,,73.0,78.0,78.0,53.0,71.0,3386,199.98,31373351342590
9141.0,0,100.00,71.0,76.0,76.0,52.0,71.0,2999,200.18,62713585380310
9141.0,1,,70.0,78.0,78.0,51.0,69.0,2798,199.49,34064194705139
9142.0,2,100.00,72.0,80.0,80.0,53.0,72.0,3332,198.92,31075773385620
9142.0,3,100.00,73.0,78.0,78.0,53.0,71.0,3384,199.15,31374476558776
9147.0,0,,70.0,76.0,76.0,53.0,71.0,2946,199.80,62714716233703
9147.0,1,,70.0,78.0,78.0,52.0,70.0,2806,200.34,34065328615051
9147.0,2,,71.0,80.0,80.0,53.0,72.0,3281,198.25,31076897441223
9147.0,3,,73.0,78.0,78.0,53.0,71.0,3388,199.28,31375606452148
9153.0,0,,71.0,76.0,76.0,52.0,71.0,2923,199.69,62715848477844
9153.0,1,,70.0,78.0,78.0,52.0,70.0,2799,199.98,34066460513671
9153.0,2,,72.0,80.0,80.0,53.0,72.0,3107,197.79,31078016945068
9153.0,3,,73.0,78.0,78.0,53.0,71.0,3383,199.12,31376733490112
9158.0,0,,69.0,76.0,76.0,51.0,71.0,2972,200.38,62716980652160
9158.0,1,,70.0,78.0,78.0,52.0,70.0,2805,199.56,34067588037658
9159.0,2,,72.0,80.0,80.0,53.0,72.0,3307,198.45,31079138198364
9159.0,3,,72.0,78.0,78.0,53.0,71.0,3385,198.78,31377854589843
9164.0,0,,71.0,76.0,76.0,52.0,71.0,2821,199.59,62718106334960
9164.0,1,,70.0,78.0,78.0,52.0,70.0,2808,200.01,34068716070495
9164.0,2,,72.0,80.0,80.0,53.0,72.0,3347,198.10,31080255485412
9164.0,3,,73.0,78.0,78.0,53.0,71.0,3386,198.79,31378977777404
9170.0,0,,72.0,76.0,76.0,52.0,71.0,3010,200.27,62719239840881
9170.0,1,,70.0,78.0,78.0,52.0,70.0,2797,198.96,34069844194030
9170.0,2,,72.0,80.0,80.0,53.0,72.0,3137,197.16,31081373386108
9170.0,3,,72.0,78.0,78.0,52.0,71.0,3390,197.92,31380100002624
9175.0,0,,71.0,76.0,76.0,52.0,71.0,2966,200.14,62720372614746
9175.0,1,,71.0,78.0,78.0,52.0,70.0,2808,200.05,34070976479309
9176.0,2,,73.0,80.0,80.0,53.0,72.0,3178,197.92,31082493636108
9176.0,3,,73.0,78.0,78.0,53.0,71.0,3390,198.82,31381225349365
9181.0,0,,72.0,76.0,76.0,52.0,71.0,2946,199.59,62721504290405
9181.0,1,,70.0,78.0,78.0,52.0,70.0,2797,199.51,34072107681274
9181.0,2,,72.0,80.0,80.0,53.0,72.0,3359,197.54,31083611710510
9181.0,3,,73.0,78.0,78.0,53.0,71.0,3381,198.21,31382347221618
9187.0,0,,70.0,76.0,76.0,52.0,71.0,2979,199.90,62722635728881
9187.0,1,,70.0,78.0,78.0,52.0,70.0,2800,199.36,34073236079223
9187.0,2,,72.0,80.0,80.0,53.0,72.0,3200,196.68,31084726861145
9187.0,3,,73.0,76.0,78.0,53.0,71.0,3390,197.69,31383468121887
9192.0,0,,69.0,76.0,76.0,52.0,70.0,2868,200.14,62723770508300
9192.0,1,,70.0,78.0,78.0,52.0,70.0,2805,199.04,34074364645935
9193.0,2,,72.0,80.0,80.0,54.0,72.0,3136,197.66,31085845594360
9193.0,3,,71.0,78.0,78.0,53.0,71.0,3390,198.26,31384590255004
9198.0,0,,70.0,76.0,76.0,52.0,71.0,3064,199.89,62724901861450
9198.0,1,,70.0,78.0,78.0,52.0,70.0,2809,199.05,34075491258911
9198.0,2,,71.0,80.0,80.0,52.0,71.0,3347,196.63,31086960506286
9198.0,3,,72.0,78.0,78.0,53.0,71.0,3380,197.59,31385710609436
9204.0,0,,68.0,76.0,76.0,52.0,71.0,2883,199.78,62726032598754
9204.0,1,,70.0,78.0,78.0,52.0,70.0,2799,199.39,34076619801208
9204.0,2,,72.0,80.0,80.0,53.0,72.0,3202,196.66,31088073627075
9204.0,3,,72.0,78.0,78.0,53.0,71.0,3392,197.52,31386828556945
9209.0,0,,72.0,76.0,76.0,52.0,71.0,2867,199.87,62727161848815
9209.0,1,,70.0,78.0,78.0,52.0,70.0,2801,199.11,34077744748779
9209.0,2,,72.0,80.0,80.0,53.0,72.0,3109,196.37,31089183123107
9210.0,3,,73.0,78.0,78.0,53.0,71.0,3385,198.33,31387949126525
9215.0,0,,71.0,76.0,76.0,52.0,71.0,3056,199.77,62728292534729
9215.0,1,,69.0,78.0,78.0,51.0,68.0,2805,198.95,34078868824157
9215.0,2,,72.0,80.0,80.0,53.0,72.0,3329,196.83,31090295195861
9215.0,3,,73.0,78.0,78.0,53.0,71.0,3382,197.73,31389064349609
9220.0,0,,71.0,76.0,76.0,52.0,71.0,2919,199.46,62729419477661
9221.0,1,,70.0,78.0,78.0,52.0,70.0,2799,198.56,34079992681457
9221.0,2,,71.0,80.0,80.0,54.0,72.0,3293,196.68,31091408398498
9221.0,3,,73.0,78.0,78.0,53.0,71.0,3389,197.40,31390183634277
9226.0,0,,68.0,76.0,76.0,52.0,70.0,2835,199.74,62730552011718
9226.0,1,,70.0,78.0,78.0,51.0,69.0,2805,198.77,34081119684692
9226.0,2,,72.0,80.0,80.0,53.0,73.0,3121,196.59,31092523047302
9227.0,3,,72.0,78.0,78.0,53.0,71.0,3385,197.46,31391303208984
9232.0,0,,70.0,76.0,76.0,52.0,70.0,3051,199.37,62731682452697
9232.0,1,,70.0,78.0,78.0,51.0,70.0,2755,198.69,34082244250122
9232.0,2,,71.0,80.0,80.0,52.0,71.0,3189,196.36,31093636416320
9232.0,3,,73.0,76.0,78.0,53.0,71.0,3391,197.01,31392420264404
9237.0,0,,71.0,76.0,76.0,52.0,71.0,2934,199.50,62732811627319
9238.0,1,,70.0,78.0,78.0,52.0,70.0,2796,197.76,34083365558959
9238.0,2,,72.0,80.0,80.0,53.0,72.0,3357,195.85,31094744931884
9238.0,3,,73.0,78.0,76.0,53.0,71.0,3386,196.68,31393535412902
9243.0,0,,69.0,76.0,76.0,52.0,71.0,2599,161.83,62733727601501
9243.0,1,,69.0,78.0,78.0,51.0,69.0,2581,161.40,34084277466247
9243.0,2,,71.0,80.0,80.0,53.0,71.0,2979,160.03,31095649096435
9244.0,3,,72.0,78.0,78.0,52.0,70.0,3026,160.65,31394439865234
9249.0,0,,70.0,76.0,76.0,52.0,71.0,2596,200.02,62734855721923
9249.0,1,,70.0,78.0,78.0,51.0,70.0,2361,199.60,34085405232788
9249.0,2,,72.0,80.0,80.0,53.0,72.0,2867,199.85,31096778237609
9249.0,3,,72.0,78.0,78.0,53.0,71.0,2984,199.90,31395569319274
9254.0,0,,72.0,76.0,76.0,53.0,71.0,2788,199.90,62735987135681
9255.0,1,,70.0,78.0,78.0,52.0,70.0,2553,200.08,34086537658386
9255.0,2,,71.0,80.0,80.0,53.0,72.0,3061,199.91,31097909729064
9255.0,3,,73.0,76.0,78.0,53.0,71.0,3229,200.04,31396703533264
9260.0,0,,71.0,76.0,76.0,52.0,71.0,3027,199.67,62737119257446
9260.0,1,,71.0,78.0,78.0,52.0,70.0,2787,199.83,34087670670349
9260.0,2,,72.0,80.0,80.0,54.0,72.0,3125,200.08,31099042197998
9261.0,3,,73.0,78.0,78.0,53.0,71.0,3359,199.90,31397834941589
9266.0,0,,71.0,76.0,76.0,52.0,71.0,3039,199.99,62738249211791
9266.0,1,,71.0,78.0,78.0,52.0,70.0,2795,200.20,34088799808105
9266.0,2,,71.0,80.0,80.0,53.0,72.0,3339,199.49,31100169338989
9266.0,3,,74.0,76.0,78.0,53.0,71.0,3381,199.68,31398963122009
9271.0,0,,71.0,76.0,76.0,52.0,71.0,2833,200.14,62739380014770
9272.0,1,,70.0,78.0,78.0,51.0,70.0,2800,199.67,34089929956665
9272.0,2,,72.0,80.0,80.0,53.0,72.0,3339,199.50,31101298490783
9272.0,3,,72.0,78.0,78.0,53.0,71.0,3381,199.99,31400095049194
9277.0,0,,69.0,76.0,76.0,52.0,71.0,3031,199.81,62740512962158
9277.0,1,,70.0,78.0,78.0,52.0,70.0,2798,199.88,34091063273742
9277.0,2,,71.0,80.0,80.0,53.0,72.0,3127,198.57,31102422393371
9278.0,3,,73.0,78.0,78.0,53.0,71.0,3390,199.88,31401226383728
9283.0,0,,70.0,76.0,76.0,52.0,71.0,2968,199.88,62741644272583
9283.0,1,,70.0,78.0,78.0,51.0,69.0,2807,200.09,34092195811218
9283.0,2,,72.0,80.0,80.0,53.0,72.0,3283,198.99,31103550651367
9283.0,3,,73.0,78.0,78.0,53.0,71.0,3391,199.13,31402355461608
9288.0,0,100.00,71.0,76.0,76.0,52.0,71.0,2887,200.28,62742775864685
9289.0,1,100.00,68.0,78.0,78.0,51.0,69.0,2807,199.84,34093324886047
9289.0,2,100.00,72.0,80.0,80.0,53.0,72.0,3375,198.82,31104671973083
9289.0,3,100.00,72.0,78.0,76.0,53.0,71.0,3388,199.41,31403478130126
9294.0,0,,71.0,76.0,76.0,52.0,71.0,3040,199.75,62743904434020
9294.0,1,,70.0,78.0,78.0,51.0,69.0,2804,199.50,34094452074890
9294.0,2,,72.0,80.0,80.0,53.0,72.0,3192,198.07,31105793063293
9295.0,3,,72.0,78.0,78.0,53.0,71.0,3388,198.88,31404605793457
9300.0,0,,72.0,76.0,76.0,52.0,71.0,2882,200.14,62745037208374
9300.0,1,,70.0,78.0,78.0,52.0,70.0,2798,200.22,34095585345520
9300.0,2,,73.0,80.0,80.0,53.0,72.0,3115,198.30,31106915457458
9300.0,3,,73.0,78.0,78.0,53.0,71.0,3381,199.03,31405732319396
9305.0,0,,71.0,76.0,76.0,52.0,71.0,2947,199.99,62746169170532
9306.0,1,,70.0,78.0,78.0,51.0,69.0,2809,199.84,34096716422607
9306.0,2,,72.0,80.0,80.0,53.0,72.0,3329,197.97,31108035952636
9306.0,3,,73.0,78.0,78.0,52.0,71.0,3392,199.27,31406860203796
9311.0,0,,71.0,76.0,76.0,52.0,71.0,3050,199.80,62747302052795
9311.0,1,,70.0,78.0,78.0,52.0,70.0,2805,199.63,34097848351135
9311.0,2,,72.0,80.0,80.0,53.0,72.0,3269,197.74,31109157140258
9311.0,3,,73.0,78.0,78.0,53.0,71.0,3388,198.52,31407985794738
9317.0,0,100.00,71.0,76.0,76.0,52.0,71.0,2798,200.01,62748434091735
9317.0,1,,70.0,78.0,78.0,52.0,70.0,2798,199.58,34098977989074
9317.0,2,100.00,72.0,80.0,80.0,54.0,72.0,3138,197.76,31110276457153
9317.0,3,100.00,73.0,78.0,78.0,53.0,71.0,3382,199.07,31409112547912
9322.0,0,,71.0,76.0,76.0,52.0,71.0,3051,199.79,62749566902893
9323.0,1,,69.0,78.0,78.0,51.0,69.0,2808,199.60,34100109721618
9323.0,2,,72.0,80.0,80.0,53.0,72.0,3326,197.18,31111394448730
9323.0,3,,73.0,78.0,78.0,53.0,71.0,3387,198.62,31410238727600
9328.0,0,,71.0,76.0,76.0,52.0,71.0,2993,200.10,62750701460205
9328.0,1,,69.0,78.0,78.0,52.0,70.0,2803,198.97,34101237890197
9328.0,2,,72.0,80.0,80.0,54.0,72.0,3151,197.14,31112512248840
9328.0,3,,72.0,78.0,78.0,53.0,71.0,3386,197.71,31411359762268
9334.0,0,,71.0,76.0,76.0,52.0,71.0,2859,199.66,62751833550292
9334.0,1,,70.0,78.0,78.0,51.0,69.0,2805,199.15,34102367059143
9334.0,2,,72.0,80.0,80.0,54.0,72.0,3189,196.69,31113627507507
9334.0,3,,73.0,78.0,78.0,53.0,72.0,3390,198.80,31412484952453
9339.0,0,,69.0,76.0,76.0,52.0,71.0,3059,199.80,62752966436950
9340.0,1,,70.0,78.0,78.0,52.0,70.0,2807,199.57,34103496619750
9340.0,2,,72.0,80.0,80.0,53.0,72.0,3292,197.61,31114745954711
9340.0,3,,73.0,78.0,78.0,53.0,71.0,3389,197.44,31413604419799
9345.0,0,,71.0,76.0,76.0,52.0,71.0,2905,199.80,62754097332031
9345.0,1,,70.0,78.0,78.0,52.0,70.0,2798,199.00,34104624944519
9345.0,2,,72.0,82.0,80.0,53.0,72.0,3201,197.39,31115863193481
9345.0,3,,73.0,78.0,78.0,53.0,71.0,3381,198.20,31414726204101
9351.0,0,,71.0,76.0,76.0,52.0,71.0,2840,200.27,62755230832763
9351.0,1,,70.0,78.0,78.0,51.0,69.0,2807,199.17,34105752245849
9351.0,2,,72.0,80.0,80.0,53.0,72.0,3284,197.07,31116980607543
9351.0,3,,73.0,78.0,78.0,53.0,71.0,3388,198.37,31415850944274
9356.0,0,,71.0,76.0,76.0,52.0,70.0,3058,199.72,62756363253845
9357.0,1,,70.0,78.0,78.0,52.0,70.0,2795,199.42,34106882976196
9357.0,2,,72.0,80.0,80.0,53.0,72.0,3207,196.93,31118097206909
9357.0,3,,73.0,78.0,78.0,52.0,71.0,3389,197.19,31416969007263
9362.0,0,,69.0,76.0,76.0,52.0,70.0,2999,199.92,62757494826416
9362.0,1,,70.0,78.0,78.0,52.0,70.0,2810,198.58,34108006953796
9362.0,2,,72.0,80.0,80.0,53.0,72.0,3137,196.27,31119208101806
9362.0,3,,71.0,78.0,78.0,53.0,71.0,3390,197.81,31418088606506
9368.0,0,,71.0,76.0,76.0,53.0,71.0,2820,199.58,62758624458679
9368.0,1,,68.0,78.0,78.0,52.0,69.0,2796,198.43,34109130094238
9368.0,2,,72.0,80.0,80.0,53.0,72.0,3276,196.27,31120318991455
9368.0,3,,73.0,78.0,78.0,53.0,71.0,3392,197.62,31419207135375
9373.0,0,,72.0,76.0,76.0,52.0,71.0,3048,199.18,62759753828063
9374.0,1,,70.0,78.0,78.0,52.0,70.0,2807,198.60,34110256133178
9374.0,2,,72.0,80.0,80.0,53.0,72.0,3185,196.49,31121433090698
9374.0,3,,71.0,78.0,78.0,53.0,71.0,3387,196.88,31420323426879
9379.0,0,,71.0,76.0,76.0,52.0,71.0,2958,199.86,62760885037597
9379.0,1,,70.0,78.0,78.0,51.0,69.0,2800,198.34,34111378709777
9379.0,2,,72.0,80.0,80.0,53.0,72.0,3304,195.60,31122538230346
9379.0,3,,73.0,76.0,76.0,53.0,71.0,3392,196.57,31421434020751
9385.0,0,87.42,69.0,76.0,76.0,52.0,71.0,2733,162.61,62761803766784
9385.0,1,87.56,69.0,78.0,78.0,51.0,69.0,2550,161.98,34112293868774
9385.0,2,87.38,71.0,80.0,80.0,53.0,71.0,3005,160.71,31123446233886
9385.0,3,87.28,71.0,76.0,76.0,52.0,70.0,3215,161.45,31422346213989
9390.0,0,,71.0,76.0,76.0,52.0,71.0,2550,200.01,62762933824096
9390.0,1,,70.0,78.0,78.0,51.0,70.0,2361,200.13,34113422600646
9391.0,2,,72.0,80.0,80.0,53.0,72.0,2883,199.90,31124573684020
9391.0,3,,71.0,78.0,78.0,52.0,70.0,2972,199.78,31423472997253
9396.0,0,100.00,71.0,76.0,76.0,52.0,71.0,2779,199.98,62764059689758
9396.0,1,100.00,71.0,78.0,78.0,52.0,70.0,2533,199.74,34114549125061
9396.0,2,100.00,72.0,80.0,80.0,53.0,72.0,3062,199.74,31125702222106
9396.0,3,100.00,73.0,76.0,78.0,53.0,71.0,3208,200.01,31424603041015
9402.0,0,,71.0,76.0,76.0,52.0,71.0,2910,200.23,62765191016967
9402.0,1,,70.0,78.0,78.0,52.0,70.0,2764,199.92,34115678667480
9402.0,2,100.00,73.0,80.0,80.0,53.0,72.0,3137,199.84,31126829312500
9402.0,3,,73.0,78.0,78.0,53.0,71.0,3363,200.18,31425730046142
9407.0,0,100.00,70.0,76.0,76.0,52.0,71.0,3071,199.72,62766319460021
9407.0,1,,70.0,78.0,78.0,52.0,70.0,2802,200.13,34116809422241
9408.0,2,100.00,73.0,80.0,80.0,53.0,72.0,3342,199.32,31127957484619
9408.0,3,,71.0,76.0,78.0,53.0,71.0,3374,199.75,31426860650878
9413.0,0,,71.0,76.0,76.0,52.0,71.0,2961,200.15,62767450326660
9413.0,1,,70.0,78.0,78.0,51.0,70.0,2802,199.99,34117939360778
9413.0,2,,72.0,80.0,80.0,53.0,72.0,3375,199.84,31129086599914
9413.0,3,,72.0,78.0,78.0,53.0,71.0,3393,199.83,31427991674804
9419.0,0,,71.0,76.0,76.0,53.0,71.0,2843,199.71,62768580711669
9419.0,1,,70.0,78.0,78.0,52.0,70.0,2803,199.81,34119070275939
9419.0,2,,72.0,80.0,80.0,53.0,72.0,3210,198.84,31130210050170
9419.0,3,,71.0,78.0,78.0,53.0,71.0,3383,199.64,31429117654479
9424.0,0,,71.0,76.0,76.0,52.0,71.0,3053,200.17,62769709646362
9424.0,1,,71.0,78.0,78.0,52.0,70.0,2803,199.86,34120199474548
9425.0,2,,71.0,80.0,80.0,53.0,72.0,3138,198.57,31131333983642
9425.0,3,,73.0,78.0,78.0,53.0,71.0,3388,199.54,31430249037048
9430.0,0,,71.0,76.0,76.0,52.0,71.0,2868,199.42,62770842343200
9430.0,1,,71.0,78.0,78.0,52.0,70.0,2806,200.24,34121332838623
9430.0,2,,72.0,80.0,80.0,53.0,72.0,3346,199.14,31132461143066
9430.0,3,,72.0,78.0,78.0,53.0,71.0,3389,199.81,31431379982788
9436.0,0,,72.0,76.0,76.0,52.0,71.0,3011,200.14,62771975145629
9436.0,1,,71.0,78.0,78.0,52.0,70.0,2801,199.57,34122462402648
9436.0,2,,72.0,80.0,80.0,54.0,72.0,3294,198.95,31133585224121
9436.0,3,,74.0,78.0,78.0,53.0,71.0,3394,198.82,31432503342468
9441.0,0,,71.0,76.0,76.0,52.0,71.0,2945,200.01,62773103187133
9441.0,1,,70.0,78.0,78.0,52.0,70.0,2806,200.00,34123592402465
9441.0,2,,71.0,80.0,80.0,53.0,72.0,3119,197.79,31134704726379
9442.0,3,,73.0,76.0,78.0,53.0,71.0,3382,199.22,31433630902526
9447.0,0,100.00,72.0,76.0,76.0,53.0,72.0,2892,200.29,62774236846679
9447.0,1,100.00,70.0,78.0,78.0,52.0,70.0,2806,199.94,34124724060119
9447.0,2,100.00,72.0,80.0,80.0,54.0,73.0,3157,198.58,31135828668273
9447.0,3,100.00,72.0,78.0,78.0,53.0,71.0,3386,198.54,31434756618957
9453.0,0,100.00,71.0,76.0,76.0,52.0,71.0,3038,199.87,62775370099914
9453.0,1,100.00,69.0,78.0,78.0,52.0,70.0,2796,199.59,34125855708557
9453.0,2,100.00,72.0,80.0,80.0,53.0,72.0,3346,197.62,31136949149536
9453.0,3,100.00,74.0,78.0,78.0,53.0,71.0,3391,198.83,31435881975463
9458.0,0,,70.0,76.0,76.0,52.0,71.0,2839,199.65,62776502116577
9458.0,1,,70.0,78.0,78.0,52.0,70.0,2798,199.91,34126987179504
9458.0,2,,72.0,80.0,80.0,53.0,72.0,3220,197.17,31138067125488
9459.0,3,,73.0,78.0,78.0,53.0,71.0,3390,198.60,31437008034179
9464.0,0,,70.0,76.0,76.0,53.0,71.0,2975,199.74,62777634629821
9464.0,1,,70.0,78.0,78.0,52.0,70.0,2805,199.51,34128118413513
9464.0,2,,72.0,80.0,80.0,53.0,72.0,3133,197.38,31139186289550
9464.0,3,,73.0,78.0,78.0,53.0,71.0,3388,198.37,31438132792053
9470.0,0,100.00,71.0,76.0,76.0,52.0,71.0,3010,200.25,62778768023315
9470.0,1,,69.0,78.0,78.0,51.0,69.0,2806,199.22,34129248008850
9470.0,2,100.00,72.0,80.0,80.0,53.0,72.0,3295,197.59,31140304655639
9470.0,3,100.00,73.0,78.0,78.0,53.0,71.0,3387,198.91,31439258619934
9475.0,0,,72.0,76.0,76.0,52.0,71.0,2826,199.86,62779901204406
9475.0,1,,70.0,78.0,78.0,52.0,70.0,2796,199.05,34130376627502
9475.0,2,,71.0,80.0,80.0,54.0,72.0,3115,197.19,31141422721618
9476.0,3,,73.0,78.0,78.0,53.0,71.0,3393,198.07,31440379674682
9481.0,0,,71.0,76.0,76.0,52.0,71.0,3019,200.32,62781035002197
9481.0,1,,71.0,78.0,78.0,51.0,69.0,2806,198.75,34131501524719
9481.0,2,,72.0,80.0,80.0,54.0,73.0,3292,197.54,31142540805480
9481.0,3,,73.0,78.0,78.0,53.0,71.0,3376,197.66,31441500418334
9487.0,0,,70.0,76.0,76.0,52.0,70.0,3017,199.80,62782167889343
9487.0,1,,70.0,78.0,78.0,52.0,69.0,2808,198.96,34132629609069
9487.0,2,,72.0,80.0,80.0,54.0,72.0,3199,196.50,31143654960632
9487.0,3,,73.0,78.0,78.0,53.0,71.0,3390,197.25,31442618828857
9492.0,0,,72.0,76.0,76.0,52.0,71.0,2819,199.83,62783298911987
9492.0,1,,70.0,78.0,78.0,51.0,69.0,2796,199.07,34133756336608
9492.0,2,,72.0,80.0,80.0,53.0,73.0,3135,196.73,31144768440673
9493.0,3,,73.0,78.0,78.0,53.0,71.0,3389,198.47,31443742183837
9498.0,0,,70.0,76.0,76.0,52.0,71.0,2975,199.82,62784431885498
9498.0,1,,71.0,78.0,78.0,52.0,70.0,2797,199.01,34134884724670
9498.0,2,,72.0,80.0,80.0,54.0,73.0,3347,196.81,31145884361022
9498.0,3,,73.0,78.0,78.0,53.0,71.0,3390,196.84,31444858261840
9504.0,0,,71.0,76.0,76.0,52.0,71.0,2965,199.74,62785564430358
9504.0,1,,70.0,78.0,78.0,52.0,70.0,2805,198.75,34136011658691
9504.0,2,,72.0,82.0,80.0,53.0,72.0,3163,196.80,31147000233093
9504.0,3,,73.0,78.0,78.0,53.0,71.0,3386,197.73,31445979382995
9509.0,0,,71.0,76.0,76.0,52.0,71.0,2868,199.98,62786698330993
9509.0,1,,70.0,78.0,78.0,51.0,70.0,2807,198.80,34137138858459
9509.0,2,,73.0,80.0,80.0,54.0,72.0,3094,195.89,31148110935302
9510.0,3,,69.0,76.0,78.0,53.0,71.0,3385,197.42,31447098768432
9515.0,0,,71.0,76.0,76.0,52.0,71.0,3051,199.59,62787828025756
9515.0,1,,70.0,78.0,78.0,52.0,70.0,2797,198.76,34138263813110
9515.0,2,100.00,71.0,80.0,80.0,54.0,72.0,3277,195.84,31149219377258
9515.0,3,,73.0,78.0,78.0,53.0,71.0,3392,197.30,31448213500061
9520.0,0,,71.0,76.0,76.0,53.0,71.0,2847,199.40,62788954633544
9521.0,1,,69.0,78.0,78.0,51.0,69.0,2801,199.15,34139389022216
9521.0,2,,72.0,80.0,80.0,53.0,72.0,3245,197.24,31150333787475
9521.0,3,,73.0,78.0,78.0,53.0,70.0,3389,197.88,31449333488708
9526.0,0,87.66,71.0,74.0,74.0,52.0,70.0,2934,159.10,62789856736206
9526.0,1,87.75,68.0,78.0,76.0,51.0,69.0,2630,157.32,34140279459167
9526.0,2,87.50,72.0,80.0,80.0,53.0,71.0,3068,155.37,31151213189270
9527.0,3,87.48,71.0,76.0,76.0,52.0,70.0,3338,156.31,31450216613159
9532.0,0,,71.0,76.0,76.0,52.0,70.0,2510,200.39,62790986932006
9532.0,1,,71.0,78.0,78.0,51.0,69.0,2307,199.84,34141408550354
9532.0,2,,72.0,80.0,80.0,53.0,72.0,2762,199.92,31152342718566
9532.0,3,,71.0,78.0,76.0,53.0,71.0,2846,199.94,31451346256469
9537.0,0,,71.0,76.0,76.0,52.0,70.0,2761,200.01,62792116967163
9538.0,1,,70.0,78.0,78.0,52.0,70.0,2442,200.02,34142538641906
9538.0,2,,72.0,80.0,80.0,53.0,72.0,3048,199.96,31153472464843
9538.0,3,,74.0,76.0,78.0,53.0,71.0,3122,199.97,31452476109191
9543.0,0,,71.0,76.0,76.0,52.0,71.0,2802,199.85,62793248105773
9543.0,1,,70.0,78.0,78.0,52.0,70.0,2747,199.78,34143669399597
9543.0,2,,72.0,80.0,80.0,54.0,73.0,3160,199.75,31154603077941
9544.0,3,,73.0,76.0,78.0,53.0,71.0,3349,200.00,31453608114074
9549.0,0,,71.0,76.0,76.0,52.0,71.0,3011,199.96,62794379858459
9549.0,1,,70.0,78.0,78.0,52.0,69.0,2798,200.11,34144802049804
9549.0,2,,72.0,80.0,80.0,54.0,72.0,3347,199.93,31155734709472
9549.0,3,,71.0,76.0,78.0,53.0,71.0,3378,199.90,31454741571716
9554.0,0,,71.0,76.0,76.0,52.0,71.0,2980,199.92,62795511415039
9555.0,1,,71.0,78.0,78.0,52.0,70.0,2804,200.12,34145932720886
9555.0,2,,73.0,80.0,80.0,53.0,72.0,3339,199.35,31156861023803
9555.0,3,,73.0,78.0,78.0,53.0,71.0,3386,199.84,31455868688964
9560.0,0,,71.0,76.0,76.0,52.0,71.0,2828,199.95,62796639159301
9560.0,1,,70.0,78.0,78.0,52.0,70.0,2805,199.79,34147061556884
9560.0,2,,71.0,80.0,80.0,54.0,72.0,3130,199.21,31157986537780
9561.0,3,100.00,72.0,76.0,76.0,53.0,71.0,3393,199.66,31456998775146
9566.0,0,100.00,71.0,76.0,76.0,52.0,71.0,3046,199.88,62797770507873
9566.0,1,,70.0,78.0,78.0,52.0,70.0,2805,199.94,34148191242675
9566.0,2,,72.0,80.0,80.0,54.0,72.0,3234,199.00,31159108889099
9566.0,3,,73.0,78.0,78.0,53.0,71.0,3385,199.44,31458123614929
9571.0,0,,71.0,76.0,76.0,52.0,71.0,2989,200.15,62798899352844
9572.0,1,,70.0,78.0,78.0,52.0,70.0,2805,199.81,34149320141723
9572.0,2,,72.0,80.0,80.0,53.0,72.0,3366,199.26,31160234725891
9572.0,3,,71.0,78.0,78.0,53.0,71.0,3385,199.71,31459251983825
9577.0,0,,72.0,76.0,76.0,52.0,71.0,2820,199.84,62800030420166
9577.0,1,,70.0,78.0,78.0,52.0,70.0,2808,200.06,34150452481567
9577.0,2,,71.0,80.0,80.0,53.0,72.0,3190,198.10,31161357938049
9577.0,3,,73.0,78.0,78.0,53.0,71.0,3386,199.66,31460384072692
9583.0,0,,70.0,76.0,76.0,52.0,71.0,3014,200.03,62801164598022
9583.0,1,,70.0,78.0,78.0,52.0,70.0,2804,199.80,34151585350952
9583.0,2,,70.0,80.0,80.0,53.0,72.0,3119,197.98,31162480508605
9583.0,3,,73.0,76.0,78.0,53.0,71.0,3390,198.57,31461509977661
9588.0,0,,71.0,76.0,76.0,52.0,70.0,2982,200.19,62802297660705
9589.0,1,,71.0,78.0,78.0,52.0,70.0,2804,199.84,34152714452209
9589.0,2,,72.0,80.0,80.0,53.0,72.0,3337,198.97,31163604714965
9589.0,3,,73.0,78.0,78.0,53.0,71.0,3383,199.09,31462632820312
9594.0,0,,70.0,76.0,76.0,52.0,71.0,2825,199.56,62803425173278
9594.0,1,,70.0,78.0,78.0,52.0,70.0,2801,199.70,34153844763916
9594.0,2,,72.0,80.0,80.0,53.0,72.0,3310,197.80,31164722301147
9594.0,3,,73.0,76.0,78.0,53.0,71.0,3379,198.71,31463757533691
9600.0,0,100.00,71.0,76.0,76.0,52.0,71.0,3041,200.30,62804558844238
9600.0,1,,71.0,78.0,78.0,52.0,70.0,2807,199.62,34154974632263
9600.0,2,100.00,72.0,80.0,80.0,53.0,72.0,3124,197.34,31165841241210
9600.0,3,100.00,72.0,78.0,78.0,52.0,71.0,3388,198.22,31464881438781
9605.0,0,,71.0,76.0,76.0,52.0,71.0,2944,199.84,62805691912536
9605.0,1,,70.0,78.0,78.0,52.0,70.0,2806,199.52,34156105936157
9606.0,2,,72.0,80.0,80.0,54.0,73.0,3177,197.57,31166961465148
9606.0,3,,72.0,78.0,78.0,53.0,71.0,3391,198.55,31466007190307
9611.0,0,,72.0,76.0,76.0,52.0,71.0,2902,199.80,62806822776245
9611.0,1,,70.0,78.0,78.0,52.0,70.0,2797,199.72,34157236346313
9611.0,2,,71.0,80.0,80.0,53.0,72.0,3357,197.68,31168080315002
9611.0,3,,73.0,76.0,78.0,53.0,71.0,3390,198.65,31467131533447
9617.0,0,,71.0,76.0,76.0,52.0,71.0,3063,199.90,62807954231384
9617.0,1,,71.0,78.0,78.0,52.0,70.0,2798,199.39,34158364911437
9617.0,2,,71.0,80.0,80.0,53.0,72.0,3211,196.93,31169194937622
9617.0,3,,73.0,76.0,78.0,53.0,71.0,3390,198.15,31468253059692
9622.0,0,,71.0,76.0,76.0,52.0,71.0,2901,200.17,62809089177307
9622.0,1,,71.0,78.0,78.0,51.0,70.0,2804,199.20,34159494397705
9623.0,2,,72.0,80.0,80.0,53.0,73.0,3112,197.42,31170314307006
9623.0,3,,71.0,78.0,78.0,52.0,71.0,3384,197.46,31469374615112
9628.0,0,,68.0,76.0,76.0,52.0,70.0,2942,199.66,62810221235229
9628.0,1,,70.0,78.0,78.0,52.0,70.0,2806,198.87,34160621996459
9628.0,2,,72.0,80.0,80.0,54.0,72.0,3294,197.02,31171431412902
9628.0,3,,72.0,78.0,78.0,53.0,71.0,3390,198.10,31470495841796
9634.0,0,,71.0,76.0,76.0,52.0,71.0,2999,199.97,62811355054809
9634.0,1,100.00,70.0,78.0,78.0,52.0,70.0,2797,198.73,34161748823059
9634.0,2,,73.0,80.0,80.0,53.0,73.0,3136,196.55,31172545847412
9634.0,3,,71.0,78.0,78.0,52.0,70.0,3389,197.89,31471617863342
9639.0,0,,71.0,76.0,76.0,52.0,71.0,2881,199.71,62812485417358
9639.0,1,,70.0,78.0,78.0,52.0,70.0,2807,199.51,34162878070800
9640.0,2,,72.0,80.0,80.0,53.0,72.0,3209,196.55,31173658299194
9640.0,3,,73.0,78.0,78.0,53.0,71.0,3380,197.73,31472737036987
9645.0,0,100.00,72.0,76.0,76.0,52.0,71.0,2973,199.83,62813614475402
9645.0,1,,70.0,78.0,78.0,52.0,70.0,2794,198.86,34164001621948
9645.0,2,100.00,72.0,80.0,80.0,53.0,72.0,3361,196.80,31174770199951
9645.0,3,100.00,73.0,78.0,78.0,53.0,71.0,3386,197.72,31473852156799
9651.0,0,,71.0,76.0,76.0,52.0,71.0,2890,199.53,62814741792114
9651.0,1,,70.0,78.0,78.0,52.0,70.0,2804,199.20,34165127112854
9651.0,2,,71.0,80.0,80.0,53.0,72.0,3118,196.98,31175883133239
9651.0,3,,73.0,78.0,78.0,53.0,71.0,3391,197.62,31474970683471
9656.0,0,,71.0,76.0,76.0,52.0,71.0,3059,199.90,62815875249328
9656.0,1,,71.0,78.0,78.0,51.0,70.0,2806,198.69,34166253688781
9657.0,2,,72.0,80.0,80.0,54.0,73.0,3124,196.35,31176996411865
9657.0,3,,72.0,78.0,78.0,53.0,71.0,3385,197.82,31476092330017
9662.0,0,,70.0,76.0,76.0,52.0,71.0,2867,199.32,62817005384460
9662.0,1,,70.0,78.0,78.0,52.0,70.0,2803,198.66,34167380093505
9662.0,2,,72.0,80.0,80.0,53.0,72.0,3340,196.42,31178112054565
9662.0,3,,72.0,78.0,78.0,53.0,71.0,3383,196.66,31477209375793
9668.0,0,,71.0,76.0,76.0,52.0,72.0,2914,199.17,62818134681884
9668.0,1,,70.0,78.0,78.0,52.0,69.0,2807,197.19,34168498159973
9668.0,2,,72.0,80.0,80.0,54.0,72.0,3156,195.00,31179215753906
9668.0,3,,69.0,76.0,76.0,52.0,70.0,3390,195.44,31478315573303
9673.0,0,,69.0,76.0,76.0,52.0,71.0,2732,169.65,62819096619689
9673.0,1,,70.0,78.0,78.0,51.0,69.0,2480,169.24,34169456063842
9674.0,2,,72.0,80.0,80.0,53.0,72.0,2926,167.79,31180165431335
9674.0,3,,72.0,78.0,78.0,52.0,71.0,3055,169.41,31479274429687
9679.0,0,,67.0,74.0,74.0,51.0,69.0,2692,192.64,62820186958984
9679.0,1,,66.0,74.0,76.0,50.0,67.0,2424,189.48,34170530428222
9679.0,2,,68.0,76.0,76.0,52.0,69.0,3014,186.65,31181223758117
9679.0,3,100.00,67.0,74.0,74.0,51.0,69.0,3042,183.86,31480318764465
9685.0,0,,71.0,76.0,76.0,52.0,71.0,2517,168.83,62821144206787
9685.0,1,,69.0,78.0,78.0,52.0,70.0,2382,171.00,34171499973022
9685.0,2,,72.0,80.0,80.0,53.0,72.0,2861,172.89,31182204034423
9685.0,3,,73.0,78.0,78.0,53.0,71.0,2833,175.94,31481314566894
9690.0,0,,67.0,72.0,72.0,51.0,69.0,2640,182.40,62822176613159
9690.0,1,,66.0,74.0,74.0,50.0,68.0,2479,179.55,34172516221008
9691.0,2,,67.0,76.0,76.0,52.0,69.0,2953,176.00,31183201964721
9691.0,3,,68.0,74.0,74.0,51.0,69.0,3066,174.01,31482301200988
9696.0,0,,72.0,76.0,76.0,52.0,71.0,2534,181.99,62823206653869
9696.0,1,,70.0,78.0,78.0,52.0,70.0,2432,184.21,34173558841979
9696.0,2,,71.0,80.0,80.0,53.0,72.0,2734,186.89,31184256035217
9696.0,3,,73.0,78.0,78.0,53.0,71.0,2963,189.86,31483370094055
9702.0,0,,66.0,72.0,72.0,50.0,69.0,2762,169.66,62824165209228
9702.0,1,,66.0,74.0,74.0,50.0,67.0,2556,166.61,34174500210388
9702.0,2,,67.0,76.0,76.0,51.0,69.0,3019,162.90,31185179656127
9702.0,3,,71.0,76.0,74.0,52.0,70.0,3186,162.82,31484293298767
9707.0,0,,70.0,76.0,76.0,53.0,71.0,2537,193.75,62825261827148
9707.0,1,,70.0,78.0,78.0,52.0,70.0,2423,196.57,34175610857910
9708.0,2,,72.0,80.0,80.0,53.0,72.0,2819,199.26,31186303484985
9708.0,3,,72.0,78.0,76.0,53.0,71.0,2978,200.18,31485422316528
9713.0,0,,70.0,74.0,74.0,52.0,70.0,2709,164.30,62826188502014
9713.0,1,,70.0,78.0,78.0,51.0,69.0,2562,163.23,34176533113769
9713.0,2,,71.0,80.0,80.0,53.0,71.0,3020,162.75,31187221402404
9713.0,3,,72.0,76.0,76.0,52.0,70.0,3203,163.12,31486343946594
9719.0,0,100.00,70.0,76.0,76.0,52.0,71.0,2572,199.62,62827316332397
9719.0,1,100.00,70.0,78.0,78.0,52.0,70.0,2411,199.77,34177661793640
9719.0,2,100.00,73.0,80.0,80.0,53.0,72.0,2889,199.81,31188350309997
9719.0,3,100.00,73.0,76.0,78.0,53.0,71.0,2982,199.92,31487473521118
9724.0,0,,70.0,76.0,76.0,52.0,71.0,2712,166.74,62828258424194
9724.0,1,,71.0,78.0,78.0,51.0,69.0,2567,166.23,34178597645690
9724.0,2,,71.0,80.0,80.0,53.0,72.0,2980,165.08,31189281346618
9725.0,3,,73.0,76.0,76.0,53.0,71.0,3131,165.56,31488407295654
9730.0,0,,72.0,76.0,76.0,52.0,71.0,2605,199.97,62829386263732
9730.0,1,,70.0,78.0,78.0,51.0,70.0,2443,199.93,34179727261596
9730.0,2,,72.0,80.0,80.0,53.0,72.0,2881,199.62,31190409205932
9730.0,3,,73.0,78.0,78.0,53.0,71.0,2989,199.97,31489535142700
9735.0,0,,71.0,76.0,76.0,52.0,70.0,2656,166.26,62830323961914
9736.0,1,,70.0,78.0,78.0,51.0,69.0,2550,165.48,34180662224975
9736.0,2,,71.0,80.0,80.0,53.0,72.0,2974,164.97,31191339610778
9736.0,3,,72.0,76.0,78.0,53.0,71.0,3165,165.27,31490468940673
9741.0,0,,71.0,76.0,76.0,52.0,71.0,2652,199.64,62831449959289
9741.0,1,,70.0,78.0,78.0,52.0,70.0,2495,199.73,34181786726379
9741.0,2,,72.0,80.0,80.0,53.0,72.0,2944,199.54,31192463025573
9742.0,3,,73.0,76.0,76.0,53.0,71.0,3027,199.90,31491594400817
9747.0,0,,70.0,76.0,76.0,52.0,71.0,2653,168.27,62832397332153
9747.0,1,,70.0,78.0,78.0,51.0,69.0,2577,167.52,34182731527893
9747.0,2,,72.0,80.0,80.0,53.0,72.0,2919,166.75,31193403471740
9747.0,3,,72.0,78.0,78.0,53.0,71.0,3060,167.39,31492535127136
9752.0,0,,72.0,76.0,76.0,52.0,71.0,2671,199.91,62833524840148
9753.0,1,,71.0,78.0,78.0,52.0,70.0,2508,200.00,34183859551879
9753.0,2,,68.0,78.0,80.0,52.0,70.0,3033,197.87,31194521463256
9753.0,3,,68.0,74.0,74.0,51.0,69.0,3112,195.13,31493641506469
9758.0,0,,71.0,76.0,76.0,52.0,71.0,2573,167.80,62834476282287
9758.0,1,,71.0,78.0,78.0,52.0,70.0,2510,167.01,34184806518188
9758.0,2,,72.0,80.0,80.0,53.0,72.0,2926,168.54,31195475386718
9759.0,3,,72.0,78.0,76.0,53.0,71.0,3089,171.52,31494612283508
9764.0,0,,67.0,72.0,72.0,51.0,69.0,2719,187.28,62835534396606
9764.0,1,,66.0,76.0,74.0,50.0,68.0,2578,184.73,34185846559020
9764.0,2,100.00,68.0,76.0,76.0,52.0,70.0,3043,181.40,31196496661071
9764.0,3,,67.0,74.0,74.0,51.0,69.0,3180,179.40,31495618698608
9769.0,0,,71.0,76.0,76.0,52.0,71.0,2610,176.51,62836524611938
9769.0,1,,70.0,78.0,78.0,52.0,70.0,2496,178.46,34186851306823
9770.0,2,,72.0,80.0,80.0,53.0,72.0,2831,180.66,31197513750610
9770.0,3,,73.0,76.0,76.0,53.0,71.0,3006,183.51,31496653702209
9775.0,0,,67.0,72.0,72.0,51.0,68.0,2759,175.98,62837518912597
9775.0,1,,66.0,74.0,74.0,50.0,67.0,2513,172.70,34187828815246
9775.0,2,,68.0,76.0,76.0,52.0,69.0,3038,169.32,31198473819030
9775.0,3,,67.0,74.0,74.0,51.0,68.0,3140,167.01,31497602324401
9781.0,0,,71.0,76.0,76.0,52.0,71.0,2567,189.19,62838589700866
9781.0,1,,70.0,78.0,78.0,52.0,70.0,2412,191.72,34188912057373
9781.0,2,,72.0,80.0,80.0,53.0,72.0,2863,194.19,31199569060058
9781.0,3,,72.0,76.0,78.0,53.0,71.0,2981,196.95,31498713138549
9786.0,0,100.00,72.0,76.0,76.0,52.0,72.0,2774,199.70,62839718022338
9786.0,1,100.00,70.0,78.0,78.0,52.0,70.0,2601,199.94,34190041720581
9787.0,2,,73.0,80.0,80.0,53.0,72.0,3055,199.84,31200700169433
9787.0,3,,73.0,76.0,78.0,53.0,71.0,3204,200.09,31499843639038
9792.0,0,100.00,71.0,76.0,76.0,52.0,71.0,2969,199.91,62840849538513
9792.0,1,,71.0,78.0,78.0,52.0,70.0,2790,199.82,34191172675292
9792.0,2,100.00,71.0,80.0,80.0,54.0,73.0,3279,200.06,31201830500244
9792.0,3,100.00,72.0,78.0,78.0,53.0,71.0,3361,199.98,31500975508422
9798.0,0,100.00,66.0,72.0,72.0,50.0,68.0,3040,169.34,62841807978698
9798.0,1,,66.0,74.0,74.0,50.0,67.0,2794,166.24,34192115246520
9798.0,2,100.00,72.0,78.0,78.0,53.0,71.0,3322,163.73,31202758831726
9798.0,3,,72.0,76.0,76.0,53.0,70.0,3346,164.33,31501907256408
9803.0,0,,70.0,76.0,76.0,52.0,71.0,2587,196.33,62842919183166
9803.0,1,,70.0,78.0,78.0,51.0,70.0,2471,199.23,34193240880615
9804.0,2,100.00,71.0,80.0,80.0,53.0,72.0,2907,199.88,31203890162170
9804.0,3,,73.0,78.0,78.0,53.0,71.0,3035,199.71,31503037627563
9809.0,0,100.00,71.0,76.0,76.0,52.0,71.0,2738,199.79,62844049967102
9809.0,1,100.00,71.0,78.0,78.0,52.0,70.0,2633,199.67,34194371010681
9809.0,2,100.00,71.0,80.0,80.0,54.0,72.0,3057,200.12,31205020824768
9809.0,3,,74.0,78.0,78.0,53.0,71.0,3258,200.26,31504169081604
9815.0,0,,72.0,76.0,76.0,52.0,71.0,2906,199.79,62845180765625
9815.0,1,,71.0,78.0,78.0,52.0,70.0,2790,200.23,34195502284484
9815.0,2,100.00,72.0,80.0,80.0,54.0,72.0,3174,199.55,31206150304626
9815.0,3,,73.0,78.0,78.0,53.0,71.0,3364,199.78,31505299819152
9820.0,0,99.38,70.0,74.0,74.0,52.0,69.0,3033,165.20,62846114150268
9820.0,1,99.34,71.0,78.0,76.0,51.0,69.0,2769,164.43,34196432945495
9821.0,2,99.26,71.0,80.0,80.0,53.0,71.0,3310,163.74,31207075418090
9821.0,3,99.26,72.0,76.0,78.0,52.0,70.0,3378,163.97,31506226270996
9826.0,0,,71.0,76.0,76.0,52.0,71.0,2571,200.32,62847245970458
9826.0,1,,70.0,78.0,78.0,52.0,70.0,2464,200.23,34197564231933
9826.0,2,,72.0,80.0,80.0,53.0,72.0,2918,199.71,31208205768859
9826.0,3,,72.0,78.0,78.0,53.0,71.0,2990,200.00,31507358273254
9832.0,0,100.00,71.0,76.0,76.0,52.0,71.0,2768,199.82,62848376979248
9832.0,1,100.00,71.0,78.0,78.0,52.0,70.0,2619,199.78,34198694992553
9832.0,2,100.00,73.0,80.0,80.0,53.0,72.0,3054,199.58,31209335411926
9832.0,3,100.00,73.0,78.0,78.0,53.0,71.0,3224,200.15,31508489135437
9837.0,0,,71.0,76.0,76.0,52.0,71.0,2856,200.08,62849507410034
9837.0,1,,71.0,78.0,78.0,52.0,70.0,2792,200.15,34199825849975
9838.0,2,,72.0,80.0,80.0,53.0,72.0,3194,200.14,31210466197509
9838.0,3,,74.0,78.0,78.0,53.0,71.0,3364,199.70,31509619451477
9843.0,0,99.27,69.0,76.0,76.0,52.0,70.0,2984,166.38,62850449119018
9843.0,1,99.46,70.0,78.0,78.0,51.0,69.0,2784,165.97,34200763590698
9843.0,2,99.33,71.0,80.0,80.0,53.0,71.0,3298,164.90,31211396261291
9843.0,3,99.31,72.0,78.0,78.0,52.0,70.0,3342,165.23,31510551359008
9849.0,0,100.00,69.0,76.0,76.0,52.0,71.0,2616,199.98,62851577015136
9849.0,1,,69.0,78.0,78.0,52.0,70.0,2413,200.21,34201892754272
9849.0,2,100.00,71.0,80.0,80.0,53.0,72.0,2900,199.95,31212526002990
9849.0,3,,72.0,78.0,78.0,53.0,71.0,3048,199.84,31511680479492
9854.0,0,100.00,71.0,76.0,76.0,52.0,71.0,2784,199.88,62852706332580
9854.0,1,100.00,70.0,78.0,78.0,51.0,70.0,2646,199.68,34203020954956
9854.0,2,,72.0,80.0,80.0,53.0,72.0,3061,199.65,31213654026672
9855.0,3,,73.0,76.0,78.0,53.0,71.0,3263,200.26,31512809956542
9860.0,0,,71.0,76.0,76.0,53.0,71.0,2879,200.31,62853836056396
9860.0,1,,71.0,78.0,78.0,52.0,70.0,2795,199.84,34204150078979
9860.0,2,,73.0,80.0,80.0,54.0,72.0,3179,200.16,31214782918212
9860.0,3,,72.0,78.0,78.0,53.0,71.0,3367,199.71,31513938295288
9865.0,0,98.90,70.0,76.0,76.0,51.0,70.0,3007,167.09,62854780088989
9866.0,1,99.01,69.0,78.0,78.0,52.0,70.0,2721,166.46,34205090585510
9866.0,2,98.94,71.0,80.0,80.0,53.0,72.0,3262,165.27,31215716681579
9866.0,3,99.07,72.0,78.0,78.0,52.0,70.0,3314,166.02,31514876289367
9871.0,0,,71.0,76.0,76.0,52.0,71.0,2570,199.91,62855909565002
9871.0,1,,70.0,78.0,78.0,52.0,70.0,2442,199.95,34206220299316
9871.0,2,,73.0,80.0,80.0,53.0,72.0,2941,199.64,31216846646972
9872.0,3,100.00,72.0,78.0,78.0,53.0,71.0,3030,199.76,31516004927185
9877.0,0,,71.0,76.0,76.0,52.0,71.0,2768,199.86,62857036798950
9877.0,1,,70.0,78.0,78.0,52.0,70.0,2684,200.06,34207346658630
9877.0,2,,71.0,80.0,80.0,54.0,72.0,3068,200.18,31217973637451
9877.0,3,,71.0,78.0,78.0,53.0,72.0,3290,199.79,31517131724243
9882.0,0,,72.0,76.0,76.0,52.0,71.0,2901,199.76,62858165465576
9883.0,1,100.00,71.0,78.0,78.0,52.0,70.0,2794,199.82,34208475658447
9883.0,2,100.00,72.0,80.0,80.0,54.0,72.0,3208,199.88,31219102956115
9883.0,3,,72.0,78.0,76.0,53.0,71.0,3377,199.82,31518260722656
9888.0,0,98.95,71.0,76.0,76.0,52.0,70.0,2954,163.89,62859091439697
9888.0,1,98.76,69.0,78.0,78.0,51.0,69.0,2676,163.34,34209398519165
9888.0,2,98.92,72.0,80.0,80.0,53.0,72.0,3206,162.12,31220018936584
9888.0,3,98.72,71.0,78.0,78.0,53.0,70.0,3280,162.70,31519179978149
9894.0,0,100.00,71.0,76.0,76.0,52.0,71.0,2602,200.01,62860221468139
9894.0,1,100.00,70.0,78.0,78.0,52.0,70.0,2423,199.76,34210527162902
9894.0,2,100.00,73.0,80.0,80.0,53.0,72.0,2913,199.76,31221147574096
9894.0,3,100.00,72.0,76.0,78.0,53.0,71.0,2990,199.96,31520307730224
9899.0,0,,71.0,76.0,76.0,52.0,71.0,2779,200.15,62861348316955
9899.0,1,,71.0,78.0,78.0,51.0,70.0,2661,199.79,34211653958984
9900.0,2,,72.0,80.0,80.0,53.0,72.0,3076,200.27,31222275099182
9900.0,3,,73.0,78.0,78.0,53.0,71.0,3268,199.89,31521435117492
9905.0,0,,72.0,76.0,76.0,52.0,71.0,2926,200.00,62862476289428
9905.0,1,,71.0,78.0,78.0,51.0,70.0,2788,199.82,34212780948486
9905.0,2,100.00,73.0,80.0,80.0,53.0,72.0,3278,199.69,31223401324707
9905.0,3,,73.0,76.0,78.0,53.0,71.0,3373,199.76,31522561761901
9911.0,0,99.29,71.0,76.0,76.0,52.0,70.0,2913,168.17,62863426437500
9911.0,1,99.07,70.0,78.0,78.0,51.0,69.0,2710,167.97,34213728290039
9911.0,2,99.02,72.0,80.0,80.0,53.0,72.0,3251,166.67,31224342996337
9911.0,3,98.96,71.0,78.0,78.0,53.0,71.0,3228,167.08,31523505737731
9916.0,0,,70.0,76.0,76.0,52.0,71.0,2596,199.94,62864554121704
9916.0,1,,71.0,78.0,78.0,51.0,70.0,2448,199.85,34214855416870
9917.0,2,,72.0,80.0,80.0,53.0,72.0,2950,199.78,31225469749694
9917.0,3,,72.0,78.0,78.0,53.0,71.0,3091,200.06,31524632051574
9922.0,0,,72.0,76.0,76.0,52.0,71.0,2790,199.89,62865681525817
9922.0,1,,72.0,78.0,78.0,52.0,70.0,2735,199.85,34215982546325
9922.0,2,,73.0,80.0,80.0,53.0,72.0,3072,199.97,31226597566040
9922.0,3,,73.0,78.0,78.0,53.0,71.0,3326,199.85,31525761180725
9928.0,0,100.00,71.0,76.0,76.0,53.0,71.0,2953,200.11,62866810144958
9928.0,1,100.00,70.0,78.0,78.0,52.0,70.0,2796,199.80,34217111429809
9928.0,2,100.00,72.0,80.0,80.0,53.0,72.0,3222,199.77,31227724294677
9928.0,3,100.00,73.0,78.0,78.0,53.0,71.0,3372,199.90,31526888628967
9933.0,0,99.12,70.0,76.0,76.0,52.0,70.0,2858,166.06,62867748387451
9933.0,1,99.02,70.0,78.0,78.0,52.0,69.0,2654,165.76,34218047999145
9933.0,2,98.98,72.0,80.0,80.0,53.0,72.0,3199,164.60,31228654278869
9934.0,3,98.90,73.0,78.0,78.0,53.0,70.0,3242,165.04,31527821120056
9939.0,0,,71.0,76.0,76.0,52.0,71.0,2630,199.94,62868876048706
9939.0,1,,71.0,78.0,78.0,52.0,70.0,2469,199.86,34219175210998
9939.0,2,,73.0,80.0,80.0,53.0,72.0,2965,199.61,31229782059814
9939.0,3,,72.0,76.0,78.0,53.0,71.0,3069,200.29,31528950777587
9944.0,0,,71.0,76.0,76.0,52.0,71.0,2789,199.93,62870007678344
9945.0,1,,71.0,78.0,78.0,52.0,70.0,2712,200.08,34220307651428
9945.0,2,,73.0,80.0,80.0,53.0,72.0,3072,200.12,31230914758605
9945.0,3,,74.0,78.0,78.0,53.0,71.0,3326,199.70,31530083074829
9950.0,0,,72.0,76.0,76.0,52.0,71.0,2978,199.86,62871138875854
9950.0,1,,71.0,78.0,78.0,52.0,70.0,2801,199.57,34221437213134
9950.0,2,,72.0,80.0,80.0,53.0,72.0,3290,199.11,31232041693237
9951.0,3,100.00,73.0,78.0,76.0,53.0,71.0,3376,199.48,31531210146118
9956.0,0,,71.0,76.0,76.0,52.0,71.0,2784,162.73,62872058323791
9956.0,1,,69.0,78.0,78.0,51.0,70.0,2531,162.42,34222353269042
9956.0,2,,71.0,80.0,80.0,53.0,72.0,3042,161.39,31232951958007
9956.0,3,,71.0,78.0,78.0,53.0,71.0,3115,161.43,31532122209228
9961.0,0,100.00,71.0,76.0,76.0,52.0,71.0,2665,200.02,62873188411010
9962.0,1,100.00,69.0,78.0,78.0,52.0,70.0,2461,199.84,34223484362426
9962.0,2,100.00,72.0,80.0,80.0,53.0,72.0,2990,199.79,31234082772888
9962.0,3,100.00,73.0,76.0,78.0,53.0,71.0,3087,200.17,31533253146667
9967.0,0,,71.0,76.0,76.0,52.0,71.0,2791,199.82,62874319389221
9967.0,1,,71.0,78.0,78.0,52.0,70.0,2749,200.13,34224615076477
9967.0,2,,71.0,80.0,80.0,54.0,73.0,3078,200.06,31235213106445
9968.0,3,,72.0,78.0,78.0,53.0,71.0,3323,199.76,31534383768737
9973.0,0,,71.0,76.0,76.0,52.0,71.0,3001,200.16,62875450315795
9973.0,1,,71.0,78.0,78.0,51.0,70.0,2799,199.80,34225745945922
9973.0,2,,73.0,80.0,80.0,53.0,72.0,3319,199.06,31236339792053
9973.0,3,,69.0,76.0,76.0,52.0,70.0,3380,197.57,31535501989868
9978.0,0,,70.0,76.0,76.0,52.0,70.0,2737,166.95,62876395247985
9979.0,1,,70.0,78.0,78.0,51.0,70.0,2589,166.72,34226689597045
9979.0,2,,72.0,80.0,80.0,53.0,71.0,3087,165.62,31237277177246
9979.0,3,,72.0,76.0,78.0,53.0,71.0,3080,167.85,31536450364929
9984.0,0,100.00,71.0,76.0,76.0,52.0,71.0,2686,200.06,62877525563476
9984.0,1,100.00,71.0,78.0,78.0,52.0,70.0,2484,199.93,34227819177246
9984.0,2,100.00,72.0,80.0,80.0,53.0,72.0,3015,199.96,31238406930480
9984.0,3,100.00,72.0,78.0,78.0,53.0,71.0,3156,199.96,31537580114624
9990.0,0,,71.0,76.0,76.0,53.0,72.0,2794,199.79,62878654377502
9990.0,1,,69.0,78.0,78.0,52.0,70.0,2762,199.78,34228947923339
9990.0,2,,72.0,80.0,80.0,53.0,72.0,3103,199.91,31239536431213
9990.0,3,,73.0,78.0,78.0,53.0,71.0,3346,199.88,31538709452026
9995.0,0,100.00,68.0,74.0,74.0,51.0,70.0,2993,198.82,62879777683349
9996.0,1,,67.0,76.0,76.0,50.0,68.0,2799,195.82,34230056292541
9996.0,2,100.00,68.0,78.0,78.0,52.0,70.0,3324,192.61,31240626627197
9996.0,3,,68.0,76.0,74.0,52.0,69.0,3383,189.99,31539786707824
10001.0,0,,70.0,76.0,76.0,52.0,71.0,2652,162.76,62880703801452
10001.0,1,,71.0,78.0,78.0,51.0,70.0,2477,165.40,34230994097473
10001.0,2,,71.0,80.0,80.0,53.0,72.0,3030,167.01,31241573596252
10001.0,3,,72.0,78.0,78.0,53.0,71.0,3073,170.22,31540751827148
10007.0,0,100.00,71.0,76.0,76.0,52.0,71.0,2718,199.94,62881833479309
10007.0,1,,70.0,78.0,78.0,52.0,70.0,2495,199.98,34232123998596
10007.0,2,100.00,72.0,80.0,80.0,53.0,72.0,2995,200.03,31242703753234
10007.0,3,,73.0,76.0,78.0,53.0,71.0,3117,200.11,31541880447631
10012.0,0,,70.0,76.0,76.0,52.0,71.0,2817,200.24,62882962811157
10012.0,1,,71.0,78.0,78.0,52.0,71.0,2764,199.62,34233251846191
10013.0,2,,73.0,80.0,80.0,53.0,72.0,3083,199.97,31243831592773
10013.0,3,,73.0,78.0,78.0,53.0,71.0,3337,199.66,31543008552978
10018.0,0,100.00,71.0,76.0,76.0,52.0,71.0,3049,200.00,62884092807067
10018.0,1,,71.0,78.0,78.0,52.0,70.0,2804,200.07,34234382249755
10018.0,2,100.00,72.0,80.0,80.0,54.0,72.0,3278,199.71,31244961959411
10018.0,3,,73.0,78.0,78.0,53.0,71.0,3381,200.07,31544140963928
10024.0,0,,72.0,76.0,76.0,52.0,71.0,3086,199.86,62885223997192
10024.0,1,,70.0,78.0,78.0,52.0,70.0,2799,199.98,34235514117248
10024.0,2,,73.0,80.0,80.0,54.0,73.0,3373,199.53,31246091294860
10024.0,3,,73.0,78.0,78.0,53.0,71.0,3384,199.58,31545270593200
10029.0,0,,70.0,76.0,76.0,52.0,71.0,2858,199.91,62886353462402
10029.0,1,,70.0,78.0,78.0,52.0,70.0,2797,200.17,34236643071960
10030.0,2,,72.0,80.0,80.0,53.0,72.0,3373,199.51,31247216532775
10030.0,3,,74.0,78.0,78.0,53.0,71.0,3375,199.91,31546396079406
10035.0,0,,71.0,76.0,76.0,52.0,70.0,2935,200.18,62887482476013
10035.0,1,,70.0,78.0,78.0,52.0,70.0,2805,199.80,34237771927673
10035.0,2,,72.0,80.0,80.0,53.0,72.0,3154,199.11,31248341491210
10035.0,3,,73.0,78.0,78.0,53.0,71.0,3395,199.85,31547527232177
10041.0,0,,71.0,76.0,76.0,52.0,71.0,3066,199.67,62888612596130
10041.0,1,,70.0,78.0,78.0,52.0,70.0,2801,199.82,34238902931640
10041.0,2,,72.0,80.0,80.0,53.0,72.0,3320,199.05,31249468136474
10041.0,3,,73.0,78.0,78.0,53.0,71.0,3384,199.47,31548654248107
10046.0,0,100.00,71.0,76.0,76.0,52.0,71.0,2951,200.02,62889742701904
10046.0,1,100.00,70.0,78.0,78.0,52.0,70.0,2802,200.05,34240033210266
10047.0,2,100.00,72.0,80.0,80.0,53.0,72.0,3343,198.48,31250589528076
10047.0,3,100.00,73.0,78.0,78.0,53.0,71.0,3384,199.31,31549782368652
10052.0,0,,71.0,76.0,76.0,52.0,71.0,2847,188.27,62890806420349
10052.0,1,,71.0,78.0,78.0,52.0,70.0,2700,187.70,34241093700927
10052.0,2,,71.0,80.0,82.0,53.0,71.0,3161,186.39,31251640783630
10052.0,3,,72.0,78.0,78.0,53.0,71.0,3314,187.06,31550835526062
10058.0,0,,71.0,76.0,76.0,52.0,71.0,2807,199.68,62891934633056
10058.0,1,,71.0,78.0,78.0,52.0,70.0,2592,200.04,34242223942565
10058.0,2,,72.0,80.0,80.0,53.0,72.0,3109,199.82,31252771781677
10058.0,3,,72.0,78.0,78.0,53.0,71.0,3318,199.96,31551967293151
10063.0,0,,71.0,76.0,76.0,52.0,71.0,2810,199.90,62893066062377
10063.0,1,,71.0,78.0,78.0,52.0,70.0,2788,199.88,34243355264648
10064.0,2,,71.0,80.0,80.0,53.0,72.0,3084,199.96,31253903531860
10064.0,3,,71.0,78.0,78.0,53.0,71.0,3382,199.61,31553099101928
10069.0,0,,72.0,76.0,76.0,52.0,71.0,2967,200.08,62894198497070
10069.0,1,,70.0,78.0,78.0,52.0,70.0,2808,200.02,34244487380615
10069.0,2,,73.0,80.0,80.0,53.0,72.0,3230,200.07,31255035932556
10069.0,3,,73.0,78.0,78.0,53.0,71.0,3382,200.32,31554234921386
10075.0,0,,71.0,76.0,76.0,53.0,71.0,3082,199.88,62895331817199
10075.0,1,,70.0,78.0,78.0,52.0,70.0,2800,199.81,34245618305236
10075.0,2,,72.0,80.0,80.0,53.0,72.0,3366,199.43,31256164726013
10075.0,3,,73.0,78.0,78.0,53.0,71.0,3392,199.50,31555362092529
10080.0,0,,71.0,76.0,76.0,52.0,71.0,2952,199.99,62896461769897
10080.0,1,,70.0,78.0,78.0,52.0,70.0,2801,199.99,34246750240722
10080.0,2,,73.0,80.0,80.0,53.0,72.0,3383,199.82,31257293712646
10081.0,3,,73.0,78.0,78.0,53.0,71.0,3383,200.27,31556493632507
10086.0,0,,70.0,76.0,76.0,52.0,71.0,2812,200.09,62897592294799
10086.0,1,,71.0,78.0,78.0,52.0,70.0,2801,200.01,34247880315917
10086.0,2,,72.0,80.0,80.0,53.0,72.0,3152,199.04,31258420291198
10086.0,3,,71.0,78.0,78.0,53.0,71.0,3386,199.40,31557622255432
10091.0,0,100.00,71.0,76.0,76.0,52.0,71.0,3046,199.79,62898723114074
10092.0,1,100.00,70.0,78.0,78.0,52.0,70.0,2802,199.73,34249010779479
10092.0,2,100.00,73.0,80.0,80.0,53.0,73.0,3226,199.14,31259545431030
10092.0,3,100.00,74.0,78.0,78.0,53.0,71.0,3386,199.89,31558751648376
10097.0,0,100.00,71.0,76.0,76.0,52.0,71.0,3033,199.81,62899854035766
10097.0,1,,71.0,78.0,78.0,52.0,70.0,2802,200.18,34250141784729
10097.0,2,100.00,72.0,80.0,80.0,54.0,72.0,3366,198.33,31260667999877
10098.0,3,100.00,73.0,78.0,78.0,53.0,71.0,3388,199.49,31559878769653
10103.0,0,91.79,71.0,76.0,76.0,52.0,71.0,2869,189.30,62900921704772
10103.0,1,91.82,70.0,78.0,78.0,51.0,70.0,2751,188.74,34251208139160
10103.0,2,91.70,71.0,80.0,80.0,53.0,72.0,3208,186.95,31261724242736
10103.0,3,91.65,72.0,78.0,78.0,53.0,71.0,3366,187.29,31560938836975
10108.0,0,,70.0,76.0,76.0,52.0,71.0,2807,199.65,62902049728271
10109.0,1,,71.0,78.0,78.0,52.0,70.0,2553,199.97,34252335990539
10109.0,2,100.00,72.0,80.0,80.0,53.0,72.0,3097,199.85,31262851419677
10109.0,3,,73.0,78.0,78.0,53.0,71.0,3312,199.97,31562064652038
10114.0,0,,72.0,76.0,76.0,52.0,71.0,2810,199.91,62903177246826
10114.0,1,,71.0,78.0,78.0,52.0,70.0,2776,199.87,34253463247314
10114.0,2,,72.0,80.0,80.0,53.0,72.0,3092,200.18,31263980456909
10115.0,3,,72.0,78.0,78.0,53.0,71.0,3377,200.06,31563194976928
10120.0,0,,71.0,76.0,76.0,52.0,71.0,2909,200.12,62904307907592
10120.0,1,,69.0,78.0,78.0,52.0,70.0,2804,199.80,34254594117370
10120.0,2,,72.0,80.0,80.0,53.0,72.0,3274,199.78,31265109238159
10120.0,3,,73.0,78.0,78.0,53.0,71.0,3391,199.68,31564323196716
10125.0,0,100.00,71.0,76.0,76.0,52.0,71.0,3072,199.84,62905436998718
10126.0,1,,71.0,78.0,78.0,52.0,70.0,2805,200.09,34255722605834
10126.0,2,100.00,72.0,80.0,80.0,53.0,72.0,3375,199.77,31266237915527
10126.0,3,100.00,73.0,78.0,78.0,53.0,71.0,3385,200.10,31565453763061
10131.0,0,,70.0,76.0,76.0,52.0,71.0,2958,199.93,62906568596252
10131.0,1,,71.0,78.0,78.0,52.0,70.0,2799,200.09,34256855132812
10131.0,2,,72.0,80.0,80.0,53.0,72.0,3350,199.68,31267368109741
10131.0,3,,72.0,78.0,78.0,53.0,71.0,3380,199.88,31566585101440
10137.0,0,,72.0,76.0,76.0,52.0,71.0,2883,199.82,62907699592834
10137.0,1,,71.0,78.0,78.0,52.0,70.0,2810,199.93,34257986737976
10137.0,2,,72.0,80.0,80.0,53.0,72.0,3141,198.52,31268491754028
10137.0,3,,73.0,78.0,78.0,52.0,71.0,3389,199.74,31567713618225
10142.0,0,100.00,71.0,76.0,76.0,52.0,71.0,3070,200.15,62908830432373
10142.0,1,100.00,71.0,78.0,78.0,52.0,70.0,2804,199.56,34259116257080
10143.0,2,100.00,73.0,80.0,80.0,53.0,72.0,3258,199.38,31269618225585
10143.0,3,100.00,72.0,78.0,78.0,53.0,71.0,3382,199.49,31568842749938
10148.0,0,100.00,69.0,76.0,76.0,52.0,71.0,2957,200.05,62909962720520
10148.0,1,,71.0,78.0,78.0,52.0,70.0,2797,200.18,34260249255615
10148.0,2,100.00,71.0,80.0,80.0,53.0,71.0,3369,198.80,31270745411315
10148.0,3,100.00,73.0,78.0,78.0,53.0,71.0,3392,199.89,31569974101257
10154.0,0,91.97,71.0,76.0,76.0,52.0,71.0,2887,189.45,62911033095703
10154.0,1,91.89,69.0,78.0,78.0,52.0,70.0,2807,188.71,34261315450683
10154.0,2,91.74,72.0,80.0,80.0,53.0,72.0,3213,186.59,31271797793090
10154.0,3,92.12,72.0,78.0,78.0,53.0,71.0,3386,187.76,31571033043701
10159.0,0,,72.0,76.0,76.0,52.0,71.0,2830,199.92,62912160627502
10159.0,1,,71.0,80.0,78.0,52.0,70.0,2561,200.23,34262444728088
10160.0,2,100.00,73.0,80.0,80.0,53.0,72.0,3101,199.96,31272927565185
10160.0,3,,73.0,78.0,78.0,53.0,71.0,3299,199.72,31572163481201
10165.0,0,,71.0,76.0,76.0,53.0,71.0,2802,199.88,62913291924926
10165.0,1,,69.0,78.0,78.0,52.0,70.0,2769,199.54,34263574107788
10165.0,2,,70.0,80.0,80.0,53.0,72.0,3087,200.06,31274057900634
10165.0,3,,73.0,78.0,78.0,53.0,71.0,3376,199.85,31573292632019
10171.0,0,100.00,72.0,76.0,76.0,52.0,71.0,2909,199.97,62914421737426
10171.0,1,100.00,71.0,78.0,78.0,52.0,70.0,2792,200.26,34264705578186
10171.0,2,100.00,72.0,80.0,80.0,53.0,72.0,3227,199.66,31275188004333
10171.0,3,100.00,73.0,78.0,78.0,53.0,71.0,3395,199.77,31574423321411
10176.0,0,,71.0,76.0,76.0,52.0,71.0,3075,199.99,62915553670349
10176.0,1,,71.0,78.0,78.0,52.0,70.0,2811,199.92,34265837101013
10177.0,2,100.00,73.0,80.0,80.0,53.0,72.0,3370,199.77,31276318720397
10177.0,3,,72.0,78.0,76.0,53.0,71.0,3382,199.78,31575554053466
10182.0,0,100.00,71.0,76.0,76.0,52.0,71.0,2962,200.05,62916683965637
10182.0,1,100.00,70.0,78.0,78.0,52.0,70.0,2805,199.94,34266966771301
10182.0,2,100.00,72.0,80.0,80.0,53.0,72.0,3361,199.62,31277444571899
10182.0,3,,73.0,78.0,78.0,53.0,71.0,3383,200.11,31576682698486
10188.0,0,,71.0,76.0,76.0,52.0,71.0,2922,199.86,62917813191589
10188.0,1,,71.0,78.0,78.0,52.0,70.0,2804,199.89,34268096177856
10188.0,2,,72.0,80.0,80.0,53.0,72.0,3195,199.05,31278571186645
10188.0,3,,73.0,78.0,78.0,53.0,71.0,3386,199.99,31577812637512
10193.0,0,,71.0,76.0,76.0,52.0,71.0,3070,200.01,62918943264953
10193.0,1,,71.0,78.0,78.0,51.0,70.0,2806,199.87,34269225458557
10194.0,2,,72.0,80.0,80.0,53.0,72.0,3340,199.67,31279697346984
10194.0,3,,73.0,78.0,78.0,53.0,71.0,3392,199.59,31578938343872
10199.0,0,,72.0,76.0,76.0,52.0,71.0,2868,199.66,62920071366699
10199.0,1,,71.0,78.0,78.0,52.0,70.0,2803,200.06,34270355779052
10199.0,2,,72.0,80.0,80.0,53.0,72.0,3256,199.10,31280822261962
10199.0,3,,73.0,78.0,78.0,53.0,71.0,3383,199.68,31580068556335
10205.0,0,100.00,67.0,74.0,74.0,51.0,69.0,2872,197.62,62921189906799
10205.0,1,,66.0,76.0,76.0,50.0,68.0,2804,194.19,34271456813171
10205.0,2,100.00,68.0,78.0,78.0,52.0,70.0,3185,189.15,31281896622436
10205.0,3,100.00,66.0,74.0,74.0,51.0,69.0,3386,186.31,31581126810791
10210.0,0,,71.0,76.0,76.0,52.0,71.0,2885,190.71,62922269338378
10210.0,1,,71.0,78.0,78.0,52.0,69.0,2584,193.48,34272548043334
10210.0,2,,73.0,80.0,80.0,53.0,72.0,3096,195.66,31283000123413
10211.0,3,,73.0,78.0,78.0,53.0,71.0,3268,199.94,31582252488159
10216.0,0,100.00,70.0,76.0,76.0,52.0,71.0,2807,200.09,62923397860351
10216.0,1,,71.0,78.0,78.0,52.0,70.0,2645,199.78,34273676822631
10216.0,2,100.00,72.0,80.0,80.0,53.0,72.0,3090,199.91,31284129596313
10216.0,3,,73.0,78.0,78.0,53.0,71.0,3355,199.66,31583382585693
10221.0,0,,71.0,76.0,76.0,52.0,71.0,2865,199.79,62924528685791
10222.0,1,,71.0,78.0,78.0,52.0,70.0,2800,199.93,34274808440063
10222.0,2,,71.0,80.0,80.0,54.0,72.0,3172,199.76,31285260226562
10222.0,3,,72.0,78.0,78.0,53.0,71.0,3382,199.92,31584514110961
10227.0,0,,70.0,76.0,76.0,52.0,71.0,3067,200.14,62925659464843
10227.0,1,,71.0,78.0,78.0,52.0,70.0,2803,200.13,34275939147949
10227.0,2,,72.0,80.0,80.0,53.0,72.0,3355,199.89,31286389599487
10228.0,3,,72.0,78.0,78.0,53.0,71.0,3386,199.93,31585643721374
10233.0,0,,72.0,76.0,76.0,52.0,71.0,3012,199.71,62926789837097
10233.0,1,,69.0,78.0,78.0,52.0,70.0,2800,199.81,34277070067626
10233.0,2,,72.0,80.0,80.0,53.0,72.0,3383,199.72,31287520001220
10233.0,3,,73.0,78.0,78.0,53.0,71.0,3388,199.93,31586773345886
10238.0,0,,72.0,76.0,76.0,52.0,71.0,2824,200.10,62927920390869
10239.0,1,,71.0,78.0,78.0,52.0,70.0,2804,200.07,34278200473937
10239.0,2,,72.0,80.0,80.0,53.0,72.0,3173,199.36,31288646374633
10239.0,3,,73.0,78.0,78.0,53.0,71.0,3384,199.61,31587903141113
10244.0,0,,71.0,76.0,76.0,52.0,71.0,3024,199.66,62929050439941
10244.0,1,,71.0,78.0,78.0,52.0,70.0,2799,199.78,34279331224914
10244.0,2,,72.0,80.0,80.0,53.0,72.0,3255,199.03,31289772906555
10245.0,3,,73.0,78.0,78.0,53.0,71.0,3393,199.43,31589031887512
10250.0,0,,72.0,76.0,76.0,52.0,71.0,3075,199.89,62930181829528
10250.0,1,,70.0,78.0,78.0,51.0,70.0,2801,199.90,34280462638793
10250.0,2,,72.0,80.0,80.0,53.0,72.0,3375,199.25,31290898668640
10250.0,3,,73.0,78.0,78.0,53.0,71.0,3385,199.70,31590160174377
10255.0,0,,71.0,76.0,76.0,52.0,71.0,2906,199.72,62931312230346
10256.0,1,,71.0,78.0,78.0,52.0,70.0,2799,199.59,34281592338317
10256.0,2,,72.0,80.0,80.0,53.0,72.0,3223,197.14,31292016454040
10256.0,3,,72.0,78.0,78.0,53.0,71.0,3391,198.07,31591283211730
10261.0,0,,71.0,76.0,76.0,52.0,71.0,2798,188.28,62932377913696
10261.0,1,,69.0,78.0,78.0,51.0,69.0,2640,187.95,34282656139709
10261.0,2,,73.0,80.0,80.0,53.0,72.0,3098,187.52,31293075915771
10262.0,3,,73.0,78.0,78.0,53.0,71.0,3293,187.91,31592344898864
10267.0,0,,72.0,76.0,76.0,53.0,71.0,2797,200.07,62933506322631
10267.0,1,,70.0,78.0,78.0,52.0,70.0,2630,200.03,34283782302368
10267.0,2,,72.0,80.0,80.0,53.0,72.0,3089,199.75,31294202495544
10267.0,3,,73.0,76.0,78.0,53.0,71.0,3313,200.07,31593471305114
10272.0,0,,71.0,76.0,76.0,52.0,71.0,2866,200.08,62934632787292
10273.0,1,,71.0,78.0,78.0,52.0,70.0,2791,199.90,34284909732604
10273.0,2,,72.0,80.0,80.0,54.0,72.0,3132,200.13,31295329222656
10273.0,3,,73.0,78.0,78.0,53.0,71.0,3377,199.98,31594597210327
10278.0,0,,72.0,76.0,76.0,52.0,71.0,3064,199.86,62935760012329
10278.0,1,,70.0,78.0,78.0,52.0,70.0,2796,199.99,34286037662719
10278.0,2,,72.0,80.0,80.0,53.0,72.0,3338,199.85,31296456401123
10278.0,3,,72.0,78.0,78.0,53.0,71.0,3391,199.70,31595725533996
10284.0,0,,72.0,76.0,76.0,52.0,71.0,3020,199.75,62936888619689
10284.0,1,,70.0,78.0,78.0,52.0,70.0,2806,199.65,34287165656982
10284.0,2,,72.0,80.0,80.0,53.0,72.0,3377,199.83,31297585458068
10284.0,3,,72.0,78.0,78.0,53.0,71.0,3385,200.08,31596855991455
10289.0,0,,71.0,76.0,76.0,52.0,71.0,2848,199.74,62938017132629
10289.0,1,,70.0,78.0,78.0,52.0,70.0,2797,200.45,34288296202026
10290.0,2,,72.0,80.0,80.0,54.0,72.0,3181,199.11,31298708410888
10290.0,3,,72.0,78.0,78.0,53.0,71.0,3382,199.83,31597983017883
10295.0,0,,70.0,76.0,76.0,53.0,71.0,3048,200.05,62939147438781
10295.0,1,,68.0,78.0,78.0,52.0,70.0,2802,199.94,34289425859985
10295.0,2,,72.0,80.0,80.0,53.0,72.0,3203,199.19,31299835801879
10295.0,3,,73.0,78.0,78.0,53.0,71.0,3385,199.60,31599112734130
10301.0,0,,71.0,76.0,76.0,52.0,71.0,2980,200.16,62940278365539
10301.0,1,,70.0,78.0,78.0,51.0,70.0,2802,199.88,34290557176940
10301.0,2,,72.0,80.0,80.0,53.0,72.0,3356,199.39,31300962340698
10301.0,3,,70.0,78.0,78.0,53.0,71.0,3389,199.77,31600241432128
10306.0,0,,72.0,76.0,76.0,52.0,71.0,2954,199.85,62941407502502
10306.0,1,,70.0,78.0,78.0,52.0,70.0,2803,199.57,34291684750854
10307.0,2,,72.0,80.0,80.0,53.0,72.0,3352,197.85,31302082171203
10307.0,3,,72.0,78.0,78.0,52.0,71.0,3389,198.93,31601367360168
10312.0,0,,71.0,76.0,76.0,52.0,71.0,2961,188.46,62942474174011
10312.0,1,,71.0,78.0,78.0,52.0,70.0,2696,188.31,34292748703308
10312.0,2,,71.0,80.0,80.0,53.0,71.0,3132,187.07,31303139119079
10312.0,3,,71.0,78.0,78.0,53.0,71.0,3252,187.40,31602426159240
10318.0,0,,71.0,76.0,76.0,52.0,71.0,2810,199.97,62943606025451
10318.0,1,,71.0,78.0,78.0,52.0,70.0,2597,199.72,34293881112243
10318.0,2,,71.0,80.0,80.0,54.0,72.0,3094,200.14,31304271917114
10318.0,3,,73.0,78.0,78.0,53.0,71.0,3286,199.99,31603558093017
10323.0,0,,71.0,76.0,76.0,52.0,71.0,2812,200.01,62944736079528
10323.0,1,,70.0,78.0,78.0,52.0,70.0,2780,199.98,34295011020263
10324.0,2,,72.0,80.0,80.0,53.0,72.0,3098,199.64,31305401858581
10324.0,3,,73.0,78.0,78.0,53.0,71.0,3373,199.88,31604689415405
10329.0,0,,71.0,76.0,76.0,52.0,71.0,2968,200.14,62945868867187
10329.0,1,,70.0,78.0,78.0,52.0,70.0,2799,199.93,34296142596679
10329.0,2,,72.0,80.0,80.0,54.0,72.0,3319,200.06,31306534200744
10329.0,3,,73.0,78.0,78.0,53.0,71.0,3382,199.86,31605820597595
10335.0,0,100.00,71.0,76.0,76.0,52.0,71.0,3076,199.97,62947000686279
10335.0,1,,70.0,78.0,78.0,52.0,70.0,2801,199.90,34297274022827
10335.0,2,,72.0,80.0,80.0,53.0,72.0,3375,199.42,31307662927917
10335.0,3,,73.0,78.0,78.0,53.0,71.0,3388,200.16,31606951494567
10340.0,0,,71.0,76.0,76.0,52.0,71.0,2855,199.68,62948130853576
10340.0,1,,71.0,78.0,78.0,52.0,70.0,2801,199.83,34298405084289
10340.0,2,,71.0,80.0,80.0,53.0,72.0,3277,199.50,31308790122375
10341.0,3,,73.0,78.0,78.0,53.0,72.0,3395,199.72,31608081890075
10346.0,0,,71.0,76.0,76.0,52.0,71.0,2961,200.03,62949261040222
10346.0,1,,71.0,78.0,78.0,51.0,70.0,2803,200.14,34299535858154
10346.0,2,,72.0,80.0,80.0,53.0,72.0,3175,198.94,31309916127929
10346.0,3,,73.0,78.0,78.0,53.0,71.0,3386,199.70,31609210180664
10352.0,0,,71.0,76.0,76.0,52.0,71.0,3081,200.12,62950391692199
10352.0,1,,70.0,78.0,78.0,51.0,70.0,2803,199.70,34300664188659
10352.0,2,,72.0,80.0,80.0,53.0,72.0,3344,199.41,31311042769165
10352.0,3,,72.0,78.0,78.0,53.0,71.0,3386,199.40,31610338771972
10357.0,0,,70.0,76.0,76.0,52.0,71.0,2864,199.46,62951520610778
10357.0,1,,71.0,78.0,78.0,52.0,70.0,2803,200.31,34301795912170
10357.0,2,,72.0,80.0,80.0,53.0,72.0,3378,198.81,31312166037719
10358.0,3,,73.0,78.0,78.0,53.0,71.0,3380,199.43,31611463547973
10363.0,0,97.68,69.0,76.0,76.0,52.0,71.0,2888,188.73,62952586957702
10363.0,1,97.65,70.0,78.0,78.0,51.0,69.0,2750,187.78,34302858772338
10363.0,2,97.68,71.0,80.0,80.0,53.0,72.0,3154,186.17,31313217877685
10363.0,3,97.68,72.0,78.0,78.0,53.0,71.0,3326,187.23,31612521371826
10368.0,0,,71.0,76.0,76.0,52.0,71.0,2811,199.63,62953712843078
10369.0,1,,69.0,78.0,78.0,52.0,70.0,2523,200.07,34303985167724
10369.0,2,,72.0,80.0,80.0,53.0,72.0,3095,199.92,31314345402954
10369.0,3,,74.0,78.0,78.0,53.0,71.0,3249,199.76,31613650030334
10374.0,0,,71.0,76.0,76.0,52.0,71.0,2801,200.34,62954844781188
10374.0,1,,69.0,78.0,78.0,52.0,70.0,2756,199.78,34305115928039
10374.0,2,,71.0,80.0,80.0,54.0,72.0,3086,199.79,31315476217163
10375.0,3,,72.0,78.0,78.0,53.0,71.0,3373,199.86,31614781255615
10380.0,0,,71.0,76.0,76.0,53.0,71.0,3013,199.93,62955976359863
10380.0,1,,71.0,80.0,78.0,52.0,70.0,2804,199.99,34306245880859
10380.0,2,,72.0,80.0,80.0,54.0,72.0,3268,199.79,31316607051879
10380.0,3,,73.0,78.0,78.0,53.0,71.0,3385,200.25,31615912676940
10385.0,0,,71.0,76.0,76.0,52.0,71.0,3059,199.63,62957104248168
10386.0,1,,70.0,78.0,78.0,52.0,70.0,2806,199.90,34307375330932
10386.0,2,,72.0,80.0,80.0,53.0,72.0,3375,200.14,31317733814575
10386.0,3,,72.0,78.0,78.0,53.0,71.0,3389,199.66,31617038785400
10391.0,0,,72.0,76.0,76.0,52.0,71.0,2841,200.23,62958233524902
10391.0,1,,70.0,78.0,78.0,52.0,70.0,2807,199.78,34308504107666
10391.0,2,,72.0,80.0,80.0,53.0,72.0,3323,199.88,31318863144531
10391.0,3,,73.0,78.0,78.0,53.0,71.0,3385,200.08,31618169249145
10397.0,0,,70.0,76.0,76.0,52.0,70.0,2962,199.82,62959362525878
10397.0,1,,70.0,78.0,78.0,52.0,70.0,2805,200.35,34309634102233
10397.0,2,,72.0,80.0,80.0,53.0,72.0,3136,198.91,31319986963867
10397.0,3,,73.0,78.0,78.0,53.0,71.0,3394,199.71,31619295637939
10402.0,0,,71.0,76.0,76.0,52.0,71.0,3081,200.14,62960493296569
10403.0,1,,71.0,78.0,78.0,52.0,70.0,2803,199.53,34310763422790
10403.0,2,,72.0,80.0,80.0,53.0,72.0,3330,199.40,31321115577453
10403.0,3,,72.0,78.0,78.0,53.0,71.0,3380,199.31,31620425717285
10408.0,0,,71.0,76.0,76.0,52.0,71.0,2884,199.95,62961625010437
10408.0,1,,70.0,78.0,78.0,52.0,70.0,2799,200.06,34311895775207
10408.0,2,,72.0,80.0,80.0,53.0,72.0,3350,198.94,31322241598999
10408.0,3,,73.0,78.0,78.0,53.0,71.0,3392,199.62,31621555593505
10414.0,0,89.25,70.0,76.0,76.0,52.0,71.0,2991,188.10,62962689648315
10414.0,1,89.42,71.0,78.0,78.0,51.0,70.0,2750,187.31,34312954055175
10414.0,2,89.20,71.0,80.0,80.0,53.0,71.0,3134,184.79,31323285657958
10414.0,3,89.37,73.0,78.0,78.0,53.0,71.0,3378,186.27,31622606161010
10419.0,0,100.00,71.0,76.0,76.0,52.0,71.0,2804,199.75,62963818261596
10419.0,1,,69.0,78.0,78.0,52.0,70.0,2543,199.99,34314085970581
10420.0,2,100.00,72.0,80.0,80.0,53.0,72.0,3097,199.79,31324416457031
10420.0,3,,71.0,78.0,78.0,53.0,71.0,3217,199.51,31623735401977
10425.0,0,,71.0,76.0,76.0,52.0,71.0,2808,200.09,62964946754760
10425.0,1,,70.0,78.0,78.0,52.0,70.0,2770,200.02,34315212058776
10425.0,2,,72.0,80.0,80.0,53.0,72.0,3091,200.07,31325542852478
10425.0,3,,73.0,78.0,78.0,52.0,71.0,3356,200.07,31624861800415
10431.0,0,,70.0,76.0,76.0,52.0,71.0,2827,199.73,62966075246887
10431.0,1,,71.0,78.0,78.0,52.0,70.0,2806,199.89,34316341433654
10431.0,2,,72.0,80.0,80.0,53.0,73.0,3261,200.16,31326671761657
10431.0,3,,73.0,78.0,78.0,53.0,71.0,3380,199.72,31625990195495
10436.0,0,,71.0,76.0,76.0,52.0,71.0,3050,200.23,62967204571044
10436.0,1,,71.0,78.0,78.0,52.0,70.0,2794,199.90,34317470872375
10437.0,2,,72.0,80.0,80.0,53.0,72.0,3376,199.63,31327801644775
10437.0,3,,73.0,78.0,78.0,53.0,71.0,3391,200.03,31627122337341
10442.0,0,,72.0,76.0,76.0,52.0,71.0,3014,199.78,62968335342956
10442.0,1,,70.0,78.0,78.0,52.0,70.0,2803,199.96,34318600661865
10442.0,2,,72.0,80.0,80.0,53.0,72.0,3354,199.65,31328929642822
10442.0,3,,72.0,78.0,78.0,53.0,71.0,3388,199.79,31628251159301
10448.0,0,,71.0,76.0,76.0,52.0,71.0,2886,200.22,62969466609375
10448.0,1,,70.0,78.0,78.0,52.0,70.0,2800,199.75,34319731274902
10448.0,2,,72.0,80.0,80.0,53.0,72.0,3168,199.17,31330056918090
10448.0,3,,73.0,78.0,78.0,53.0,71.0,3387,199.82,31629384146911
10453.0,0,,71.0,76.0,76.0,52.0,71.0,3051,199.64,62970598569091
10453.0,1,,71.0,78.0,78.0,52.0,70.0,2797,200.26,34320864721252
10454.0,2,,72.0,82.0,80.0,53.0,72.0,3328,198.96,31331185010742
10454.0,3,,73.0,78.0,78.0,52.0,71.0,3383,199.54,31630513552917
10459.0,0,100.00,71.0,76.0,76.0,52.0,71.0,2927,199.99,62971730529296
10459.0,1,,70.0,78.0,78.0,52.0,70.0,2809,199.72,34321997142883
10459.0,2,100.00,72.0,80.0,80.0,53.0,72.0,3363,199.26,31332310807800
10459.0,3,,72.0,78.0,78.0,53.0,71.0,3384,199.94,31631643205749
10465.0,0,,67.0,74.0,74.0,51.0,69.0,3002,189.85,62972803206848
10465.0,1,,70.0,78.0,76.0,51.0,69.0,2801,187.57,34323056901123
10465.0,2,,72.0,80.0,80.0,53.0,72.0,3142,185.12,31333358605712
10465.0,3,,71.0,78.0,76.0,53.0,70.0,3391,186.60,31632697494140
10470.0,0,,71.0,76.0,76.0,52.0,71.0,2849,198.74,62973926069335
10470.0,1,,71.0,78.0,78.0,52.0,70.0,2530,200.15,34324187726806
10470.0,2,,72.0,80.0,80.0,53.0,71.0,3089,200.00,31334488579528
10471.0,3,,73.0,78.0,78.0,53.0,71.0,3214,199.95,31633829194763
10476.0,0,,72.0,76.0,76.0,52.0,71.0,2799,200.02,62975058187866
10476.0,1,,70.0,78.0,78.0,52.0,70.0,2747,199.82,34325318719116
10476.0,2,,71.0,80.0,80.0,54.0,72.0,3087,199.94,31335620257263
10476.0,3,,74.0,78.0,78.0,53.0,71.0,3350,199.87,31634960473510
10482.0,0,,72.0,76.0,76.0,52.0,71.0,2800,199.94,62976189874267
10482.0,1,,70.0,78.0,78.0,52.0,70.0,2801,199.92,34326450248535
10482.0,2,,72.0,80.0,80.0,54.0,72.0,3224,200.06,31336750623352
10482.0,3,,72.0,78.0,78.0,53.0,71.0,3386,199.97,31636090309692
10487.0,0,100.00,69.0,76.0,76.0,52.0,71.0,3033,199.84,62977320991882
10487.0,1,,70.0,78.0,78.0,52.0,70.0,2808,199.99,34327582209106
10487.0,2,100.00,72.0,80.0,80.0,53.0,72.0,3359,199.47,31337881601745
10488.0,3,,72.0,78.0,76.0,53.0,71.0,3390,199.80,31637223173706
10493.0,0,,71.0,76.0,76.0,52.0,71.0,3077,199.93,62978450574707
10493.0,1,,70.0,78.0,78.0,52.0,70.0,2805,200.05,34328712516784
10493.0,2,,73.0,80.0,80.0,53.0,72.0,3297,199.51,31339006825439
10493.0,3,,72.0,78.0,78.0,53.0,71.0,3385,200.37,31638351274414
10498.0,0,,70.0,76.0,76.0,52.0,71.0,2851,200.09,62979579106262
10499.0,1,,69.0,78.0,78.0,52.0,70.0,2805,200.15,34329841378662
10499.0,2,,73.0,80.0,80.0,53.0,72.0,3154,199.55,31340134258422
10499.0,3,,73.0,78.0,78.0,53.0,71.0,3386,199.33,31639479468200
10504.0,0,,71.0,76.0,76.0,52.0,71.0,2972,199.79,62980709944335
10504.0,1,,71.0,78.0,78.0,52.0,70.0,2804,199.92,34330970949645
10504.0,2,,72.0,80.0,80.0,53.0,72.0,3347,199.22,31341259826110
10505.0,3,,72.0,78.0,78.0,52.0,71.0,3391,200.13,31640608208618
10510.0,0,,71.0,76.0,76.0,52.0,71.0,3027,200.08,62981840408569
10510.0,1,,70.0,78.0,78.0,52.0,70.0,2803,199.68,34332101153442
10510.0,2,,70.0,80.0,80.0,53.0,71.0,3384,199.39,31342386365783
10510.0,3,,73.0,78.0,78.0,53.0,71.0,3381,199.40,31641736804809
10515.0,0,,72.0,76.0,76.0,52.0,71.0,2862,199.81,62982971314331
10516.0,1,,71.0,78.0,78.0,52.0,70.0,2798,199.43,34333229927185
10516.0,2,,72.0,80.0,80.0,53.0,72.0,3178,196.91,31343502827575
10516.0,3,,71.0,78.0,78.0,53.0,71.0,3390,197.98,31642859368286
10521.0,0,,70.0,76.0,76.0,52.0,71.0,2885,181.14,62983996538452
10521.0,1,,70.0,78.0,78.0,51.0,69.0,2558,181.22,34334253819702
10521.0,2,,72.0,80.0,80.0,53.0,72.0,3061,180.34,31344521759094
10522.0,3,,72.0,78.0,78.0,53.0,71.0,3223,180.89,31643879576232
10527.0,0,,70.0,76.0,76.0,52.0,71.0,2801,200.13,62985123278625
10527.0,1,,70.0,78.0,78.0,52.0,70.0,2525,199.76,34335380444946
10527.0,2,,73.0,80.0,80.0,53.0,72.0,3068,200.02,31345647867980
10527.0,3,,72.0,78.0,78.0,53.0,71.0,3256,199.81,31645006515930
10532.0,0,,71.0,76.0,76.0,52.0,71.0,2807,199.71,62986251622619
10533.0,1,,71.0,80.0,78.0,52.0,70.0,2765,200.02,34336508558593
10533.0,2,,72.0,80.0,80.0,54.0,72.0,3095,199.94,31346775552062
10533.0,3,,72.0,78.0,78.0,53.0,71.0,3371,199.86,31646133735778
10538.0,0,,71.0,76.0,76.0,52.0,71.0,2977,200.08,62987380075134
10538.0,1,,70.0,78.0,78.0,52.0,70.0,2807,199.97,34337636412109
10538.0,2,,70.0,80.0,80.0,54.0,72.0,3317,199.70,31347903858947
10538.0,3,,73.0,76.0,78.0,53.0,71.0,3383,200.15,31647262576721
10544.0,0,,71.0,76.0,76.0,52.0,70.0,3082,199.72,62988508494689
10544.0,1,,70.0,78.0,78.0,52.0,70.0,2803,200.03,34338766607849
10544.0,2,,72.0,80.0,80.0,53.0,72.0,3384,199.81,31349032776245
10544.0,3,,73.0,78.0,78.0,53.0,71.0,3391,199.88,31648393887023
10549.0,0,,71.0,76.0,76.0,52.0,71.0,2898,200.19,62989639581420
10549.0,1,,71.0,78.0,78.0,52.0,70.0,2805,199.76,34339895272094
10550.0,2,,71.0,80.0,80.0,53.0,72.0,3315,199.23,31350158397521
10550.0,3,,73.0,78.0,78.0,53.0,71.0,3379,199.73,31649522346374
10555.0,0,100.00,71.0,76.0,76.0,52.0,71.0,2982,200.05,62990769854370
10555.0,1,,71.0,78.0,78.0,52.0,70.0,2800,200.07,34341027693786
10555.0,2,100.00,71.0,80.0,80.0,54.0,72.0,3118,198.77,31351283420288
10555.0,3,,73.0,78.0,78.0,53.0,71.0,3385,199.65,31650652357482
10561.0,0,,71.0,76.0,76.0,52.0,71.0,3082,199.80,62991898734924
10561.0,1,,71.0,78.0,78.0,52.0,70.0,2798,199.62,34342155542541
10561.0,2,,72.0,80.0,80.0,53.0,72.0,3321,199.16,31352406700378
10561.0,3,,73.0,78.0,78.0,53.0,71.0,3388,199.61,31651776155822
10566.0,0,100.00,71.0,76.0,76.0,52.0,71.0,2861,199.94,62993026395080
10566.0,1,,70.0,78.0,78.0,51.0,70.0,2805,200.05,34343283800292
10567.0,2,100.00,72.0,80.0,80.0,53.0,72.0,3375,199.05,31353531356018
10567.0,3,,73.0,78.0,78.0,53.0,71.0,3381,199.45,31652905050781
10572.0,0,,71.0,76.0,76.0,52.0,71.0,3013,199.93,62994158012939
10572.0,1,,70.0,78.0,78.0,51.0,70.0,2800,199.65,34344413808654
10572.0,2,,72.0,80.0,80.0,53.0,72.0,3204,198.15,31354652875122
10572.0,3,,71.0,78.0,78.0,53.0,71.0,3384,199.00,31654031406188
10578.0,0,,71.0,76.0,76.0,52.0,71.0,3040,200.08,62995290461975
10578.0,1,,71.0,78.0,78.0,51.0,70.0,2799,200.07,34345546224975
10578.0,2,,72.0,80.0,80.0,54.0,73.0,3149,197.95,31355773249877
10578.0,3,,73.0,78.0,78.0,53.0,71.0,3393,198.85,31655156915466
10583.0,0,,71.0,76.0,76.0,52.0,71.0,2818,199.56,62996421956481
10583.0,1,,70.0,78.0,78.0,52.0,70.0,2807,199.78,34346678976074
10584.0,2,100.00,70.0,80.0,80.0,53.0,72.0,3345,197.94,31356895583435
10584.0,3,,73.0,78.0,78.0,53.0,71.0,3380,199.24,31656284599853
10589.0,0,,71.0,76.0,76.0,52.0,71.0,3048,200.29,62997553573486
10589.0,1,,71.0,78.0,78.0,51.0,70.0,2807,199.84,34347806100952
10589.0,2,,72.0,80.0,80.0,53.0,72.0,3267,198.35,31358014275817
10589.0,3,,73.0,78.0,78.0,53.0,71.0,3394,198.85,31657406136230
10595.0,0,,71.0,76.0,76.0,52.0,70.0,3031,200.14,62998682344299
10595.0,1,,70.0,78.0,78.0,52.0,70.0,2798,199.81,34348933043823
10595.0,2,,72.0,80.0,80.0,53.0,72.0,3266,197.82,31359130001831
10595.0,3,,72.0,78.0,78.0,53.0,71.0,3385,198.66,31658526595214
10600.0,0,,71.0,76.0,76.0,52.0,71.0,2833,199.51,62999807555847
10600.0,1,,70.0,80.0,78.0,52.0,70.0,2799,199.83,34350060098327
10600.0,2,,73.0,80.0,80.0,53.0,72.0,3116,196.93,31360240703002
10601.0,3,,73.0,78.0,78.0,53.0,71.0,3389,198.38,31659647466918
10606.0,0,,72.0,76.0,76.0,52.0,71.0,3047,199.97,63000937367309
10606.0,1,,70.0,78.0,78.0,51.0,70.0,2800,199.27,34351187940185
10606.0,2,,72.0,80.0,80.0,53.0,72.0,3278,197.77,31361358081481
10606.0,3,,73.0,78.0,78.0,53.0,71.0,3385,198.69,31660770045715
10611.0,0,,70.0,76.0,76.0,52.0,71.0,3067,199.92,63002066919372
10612.0,1,,70.0,78.0,78.0,52.0,70.0,2805,199.37,34352314361511
10612.0,2,,69.0,80.0,80.0,53.0,71.0,3332,197.35,31362475065979
10612.0,3,,73.0,76.0,78.0,53.0,71.0,3385,198.05,31661891031188
10617.0,0,,71.0,76.0,76.0,52.0,71.0,2834,199.78,63003197695617
10617.0,1,,70.0,80.0,80.0,52.0,70.0,2802,199.93,34353443944396
10617.0,2,,72.0,80.0,80.0,53.0,72.0,3124,197.10,31363588696777
10618.0,3,,73.0,78.0,78.0,53.0,71.0,3382,198.37,31663009814453
10623.0,0,,71.0,76.0,76.0,52.0,71.0,3004,199.91,63004327197448
10623.0,1,,70.0,78.0,78.0,52.0,70.0,2802,198.80,34354569132385
10623.0,2,,72.0,80.0,80.0,53.0,72.0,3280,196.97,31364701590759
10623.0,3,,73.0,78.0,78.0,53.0,71.0,3387,197.79,31664129298645
10628.0,0,,72.0,76.0,76.0,52.0,71.0,2889,199.94,63005456882324
10629.0,1,,70.0,78.0,78.0,52.0,70.0,2802,198.97,34355693309814
10629.0,2,,73.0,80.0,80.0,53.0,72.0,3171,197.00,31365816587280
10629.0,3,,70.0,76.0,78.0,52.0,71.0,3387,198.55,31665253080322
10634.0,0,,70.0,76.0,76.0,52.0,70.0,2974,199.40,63006587473144
10634.0,1,,70.0,78.0,78.0,52.0,70.0,2806,199.47,34356824328002
10634.0,2,,72.0,82.0,80.0,54.0,72.0,3206,197.24,31366934933349
10635.0,3,,72.0,78.0,78.0,53.0,71.0,3389,197.60,31666373446716
10640.0,0,,71.0,76.0,76.0,52.0,70.0,2975,200.30,63007723197937
10640.0,1,,70.0,78.0,78.0,52.0,70.0,2795,198.66,34357950710205
10640.0,2,,72.0,80.0,80.0,53.0,72.0,3358,196.88,31368051228393
10640.0,3,,70.0,76.0,78.0,53.0,70.0,3389,197.35,31667492440490
10645.0,0,,71.0,76.0,76.0,52.0,71.0,2946,199.52,63008852486938
10646.0,1,,70.0,78.0,78.0,52.0,70.0,2805,199.76,34359081333007
10646.0,2,,71.0,80.0,80.0,53.0,72.0,3219,196.32,31369162414672
10646.0,3,,73.0,78.0,78.0,53.0,71.0,3390,197.99,31668613063781
10651.0,0,,71.0,76.0,76.0,52.0,71.0,3040,199.75,63009985061828
10651.0,1,,70.0,78.0,78.0,51.0,70.0,2797,198.16,34360204901062
10651.0,2,,72.0,80.0,80.0,53.0,72.0,3103,196.38,31370275886718
10652.0,3,,72.0,78.0,78.0,52.0,71.0,3385,197.92,31669735258728
10657.0,0,,69.0,76.0,76.0,52.0,71.0,2825,199.44,63011115892639
10657.0,1,,70.0,78.0,78.0,52.0,70.0,2805,198.98,34361333133239
10657.0,2,,72.0,80.0,80.0,53.0,72.0,3228,196.11,31371387821594
10657.0,3,,72.0,78.0,78.0,53.0,71.0,3390,196.57,31670849792724
10662.0,0,,70.0,76.0,76.0,52.0,70.0,2908,180.77,63012137239990
10663.0,1,,69.0,78.0,78.0,52.0,69.0,2678,179.82,34362349089660
10663.0,2,,71.0,80.0,80.0,53.0,72.0,3246,178.70,31372395685913
10663.0,3,,73.0,78.0,78.0,53.0,71.0,3281,179.15,31671858403503
10668.0,0,,71.0,76.0,76.0,52.0,71.0,2797,199.50,63013264416076
10668.0,1,,70.0,78.0,78.0,52.0,70.0,2497,200.13,34363477834655
10668.0,2,,72.0,80.0,80.0,53.0,72.0,3109,200.15,31373526511230
10669.0,3,,73.0,78.0,78.0,53.0,71.0,3097,199.94,31672990042480
10674.0,0,,72.0,76.0,76.0,52.0,71.0,2802,200.26,63014395882690
10674.0,1,,71.0,78.0,78.0,52.0,70.0,2622,199.70,34364608142028
10674.0,2,,72.0,80.0,80.0,53.0,72.0,3089,199.97,31374656366394
10674.0,3,,72.0,78.0,78.0,53.0,71.0,3324,200.10,31674120592529
10679.0,0,,70.0,76.0,76.0,52.0,71.0,2855,199.86,63015527104980
10680.0,1,,70.0,78.0,78.0,52.0,70.0,2789,199.92,34365739715026
10680.0,2,,72.0,80.0,80.0,53.0,72.0,3127,199.41,31375787019592
10680.0,3,,72.0,78.0,76.0,53.0,71.0,3382,199.65,31675250615295
10685.0,0,,70.0,76.0,76.0,53.0,71.0,3058,200.00,63016657077453
10685.0,1,,70.0,78.0,78.0,52.0,70.0,2808,200.17,34366868656860
10685.0,2,,72.0,80.0,80.0,53.0,72.0,3343,200.14,31376913803222
10685.0,3,,72.0,78.0,78.0,53.0,71.0,3385,200.13,31676379329895
10691.0,0,,72.0,76.0,76.0,52.0,71.0,3020,200.03,63017785254516
10691.0,1,,69.0,78.0,78.0,52.0,70.0,2804,200.02,34367998775817
10691.0,2,,72.0,80.0,80.0,53.0,72.0,3363,199.23,31378041416992
10691.0,3,,71.0,78.0,78.0,53.0,71.0,3385,199.62,31677509181335
10696.0,0,,70.0,76.0,76.0,52.0,70.0,2823,200.20,63018916372070
10696.0,1,,70.0,78.0,78.0,52.0,70.0,2804,200.00,34369128792663
10697.0,2,,71.0,80.0,80.0,54.0,72.0,3153,198.73,31379164251098
10697.0,3,,73.0,78.0,78.0,53.0,71.0,3395,200.10,31678639736511
10702.0,0,,72.0,76.0,76.0,52.0,71.0,3010,199.70,63020048656982
10702.0,1,,70.0,78.0,78.0,52.0,70.0,2806,199.85,34370261918701
10702.0,2,,73.0,80.0,80.0,53.0,72.0,3243,198.97,31380292431152
10702.0,3,,71.0,76.0,78.0,53.0,71.0,3390,199.56,31679771213928
10708.0,0,,71.0,76.0,76.0,52.0,71.0,3081,199.79,63021181479125
10708.0,1,,70.0,78.0,78.0,51.0,69.0,2805,199.80,34371394783386
10708.0,2,,72.0,80.0,80.0,53.0,72.0,3369,199.29,31381420392211
10708.0,3,,71.0,78.0,78.0,53.0,71.0,3393,199.40,31680899843994
10713.0,0,,72.0,76.0,76.0,52.0,71.0,2850,200.00,63022309453552
10713.0,1,,71.0,78.0,78.0,52.0,70.0,2799,199.77,34372521500610
10714.0,2,,72.0,80.0,80.0,53.0,72.0,3319,198.79,31382541592346
10714.0,3,,73.0,78.0,78.0,53.0,71.0,3380,199.35,31682024191406
10719.0,0,,69.0,76.0,76.0,51.0,70.0,2936,200.03,63023441636474
10719.0,1,,70.0,78.0,78.0,52.0,70.0,2798,200.03,34373653650878
10719.0,2,,71.0,80.0,80.0,52.0,72.0,3115,198.07,31383664657531
10719.0,3,,73.0,76.0,78.0,53.0,71.0,3392,199.52,31683153499328
10725.0,0,,71.0,76.0,76.0,52.0,71.0,3068,199.98,63024571517028
10725.0,1,,68.0,78.0,78.0,52.0,69.0,2801,200.16,34374784533142
10725.0,2,,72.0,80.0,80.0,53.0,72.0,3309,198.39,31384785563110
10725.0,3,,71.0,78.0,78.0,52.0,71.0,3380,198.56,31684279316528
10730.0,0,,71.0,76.0,76.0,52.0,71.0,2912,199.93,63025705131225
10730.0,1,,70.0,78.0,78.0,51.0,69.0,2806,199.87,34375917809509
10731.0,2,,72.0,80.0,80.0,53.0,72.0,3367,198.34,31385910168701
10731.0,3,,73.0,78.0,78.0,52.0,71.0,3387,199.48,31685408384643
10736.0,0,,71.0,76.0,76.0,52.0,71.0,2931,200.10,63026839716003
10736.0,1,,69.0,78.0,78.0,52.0,70.0,2805,199.56,34377049316406
10736.0,2,,72.0,80.0,80.0,53.0,72.0,3154,197.35,31387029154113
10736.0,3,,72.0,78.0,78.0,53.0,71.0,3389,198.57,31686534299987
10742.0,0,,71.0,76.0,76.0,52.0,71.0,3073,199.92,63027971271301
10742.0,1,,70.0,78.0,78.0,51.0,70.0,2797,199.26,34378179139465
10742.0,2,,73.0,80.0,80.0,53.0,72.0,3106,197.30,31388145877685
10742.0,3,,72.0,78.0,78.0,52.0,71.0,3390,198.63,31687658551330
10747.0,0,,70.0,76.0,76.0,52.0,70.0,2849,200.01,63029105340148
10747.0,1,,70.0,78.0,78.0,52.0,70.0,2808,200.27,34379312666381
10748.0,2,,72.0,80.0,80.0,53.0,72.0,3324,197.71,31389266887023
10748.0,3,,72.0,78.0,78.0,53.0,71.0,3391,197.87,31688780463745
10753.0,0,,72.0,76.0,76.0,52.0,71.0,2894,199.94,63030237006713
10753.0,1,,69.0,78.0,78.0,52.0,70.0,2798,199.59,34380442318481
10753.0,2,,72.0,80.0,80.0,53.0,72.0,3286,197.40,31390384182922
10753.0,3,,71.0,78.0,78.0,53.0,71.0,3390,198.45,31689903683898
10759.0,0,,71.0,76.0,76.0,52.0,71.0,3061,199.61,63031368784118
10759.0,1,,70.0,78.0,78.0,52.0,70.0,2808,199.31,34381572419433
10759.0,2,,71.0,80.0,80.0,52.0,71.0,3103,196.92,31391500709716
10759.0,3,,72.0,76.0,78.0,53.0,71.0,3391,197.74,31691024843017
10764.0,0,,72.0,76.0,76.0,52.0,71.0,2955,200.17,63032501748352
10764.0,1,,70.0,78.0,78.0,52.0,70.0,2795,199.85,34382703575378
10765.0,2,,70.0,80.0,80.0,53.0,71.0,3304,197.42,31392618112060
10765.0,3,,73.0,78.0,78.0,53.0,71.0,3388,198.37,31692147596557
10770.0,0,,71.0,76.0,76.0,52.0,71.0,2880,199.95,63033635487731
10770.0,1,,70.0,78.0,78.0,52.0,70.0,2807,199.09,34383832416748
10770.0,2,,72.0,80.0,80.0,53.0,72.0,3276,196.98,31393734964904
10770.0,3,,70.0,76.0,78.0,53.0,71.0,3390,197.72,31693268675354
10776.0,0,,71.0,76.0,76.0,52.0,71.0,3071,199.34,63034765761108
10776.0,1,,70.0,78.0,78.0,52.0,70.0,2796,199.14,34384959534301
10776.0,2,,72.0,80.0,80.0,53.0,72.0,3121,196.75,31394850549499
10776.0,3,,73.0,78.0,78.0,53.0,71.0,3388,197.47,31694388333007
10781.0,0,,72.0,76.0,76.0,52.0,71.0,2914,200.02,63035897867675
10781.0,1,,70.0,78.0,78.0,52.0,70.0,2797,199.48,34386090595031
10782.0,2,,72.0,80.0,80.0,53.0,72.0,3286,197.67,31395969340332
10782.0,3,,72.0,78.0,78.0,53.0,71.0,3380,197.87,31695508252258
10787.0,0,,71.0,76.0,76.0,52.0,71.0,2921,200.00,63037031883544
10787.0,1,,71.0,78.0,78.0,51.0,70.0,2805,198.50,34387216100341
10787.0,2,,72.0,80.0,80.0,53.0,72.0,3240,196.39,31397082858886
10787.0,3,,71.0,78.0,78.0,52.0,71.0,3386,198.13,31696631633300
10793.0,0,,72.0,76.0,76.0,52.0,71.0,2970,199.64,63038161850463
10793.0,1,,70.0,78.0,78.0,52.0,70.0,2798,199.44,34388344923278
10793.0,2,,72.0,80.0,80.0,53.0,72.0,3115,196.72,31398196314147
10793.0,3,,73.0,78.0,78.0,53.0,71.0,3395,197.50,31697749497924
10798.0,0,,72.0,76.0,76.0,52.0,71.0,2957,199.78,63039292633483
10798.0,1,,70.0,78.0,78.0,51.0,69.0,2807,198.57,34389470811828
10799.0,2,,72.0,80.0,80.0,53.0,72.0,3327,197.40,31399313614746
10799.0,3,,73.0,78.0,78.0,53.0,71.0,3379,197.31,31698866278076
10804.0,0,77.33,70.0,76.0,76.0,52.0,70.0,2884,183.73,63040332528076
10804.0,1,77.40,70.0,78.0,78.0,51.0,69.0,2782,182.49,34390501903564
10804.0,2,77.15,71.0,80.0,80.0,53.0,71.0,3280,179.90,31400331833801
10804.0,3,77.27,73.0,78.0,78.0,53.0,70.0,3354,181.01,31699890784423
10810.0,0,,71.0,76.0,76.0,52.0,71.0,2822,199.58,63041462159301
10810.0,1,,70.0,78.0,78.0,52.0,70.0,2482,200.15,34391632758361
10810.0,2,,72.0,80.0,80.0,53.0,72.0,3068,199.86,31401461062866
10810.0,3,,71.0,78.0,78.0,53.0,71.0,3134,200.11,31701019408020
10815.0,0,,70.0,76.0,76.0,52.0,71.0,2797,200.00,63042590142883
10815.0,1,,70.0,78.0,78.0,52.0,70.0,2606,199.60,34392760511779
10816.0,2,100.00,73.0,80.0,80.0,53.0,72.0,3086,199.99,31402589003601
10816.0,3,,72.0,78.0,76.0,53.0,71.0,3320,199.95,31702147110351
10821.0,0,,71.0,76.0,76.0,52.0,71.0,2797,200.09,63043718642639
10821.0,1,,71.0,78.0,78.0,52.0,70.0,2786,200.06,34393888873291
10821.0,2,,73.0,80.0,80.0,53.0,72.0,3180,200.00,31403716999267
10821.0,3,,73.0,78.0,78.0,53.0,71.0,3381,199.70,31703275423095
10827.0,0,,71.0,76.0,76.0,53.0,71.0,3040,199.71,63044846976318
10827.0,1,,71.0,78.0,78.0,52.0,70.0,2804,199.97,34395018697570
10827.0,2,,72.0,80.0,80.0,53.0,72.0,3353,199.49,31404846130126
10827.0,3,,72.0,78.0,78.0,53.0,71.0,3383,199.88,31704406741088
10832.0,0,,71.0,76.0,76.0,52.0,71.0,3033,199.94,63045978646484
10832.0,1,,71.0,78.0,78.0,51.0,70.0,2800,200.00,34396150720092
10832.0,2,,72.0,80.0,80.0,53.0,72.0,3383,199.41,31405974779846
10833.0,3,,73.0,78.0,78.0,53.0,71.0,3384,200.04,31705536957214
10838.0,0,,71.0,76.0,76.0,52.0,71.0,2831,199.94,63047110314453
10838.0,1,,70.0,78.0,78.0,52.0,70.0,2811,199.81,34397281630187
10838.0,2,,73.0,80.0,80.0,53.0,72.0,3160,199.56,31407102299804
10838.0,3,,73.0,78.0,78.0,53.0,71.0,3384,199.91,31706668470764
10843.0,0,,71.0,76.0,76.0,52.0,71.0,3024,200.23,63048241594116
10844.0,1,,71.0,78.0,78.0,52.0,70.0,2802,199.80,34398410502380
10844.0,2,,72.0,80.0,80.0,53.0,72.0,3218,198.57,31408226224853
10844.0,3,,73.0,78.0,78.0,53.0,71.0,3382,198.97,31707794619445
10849.0,0,,71.0,76.0,76.0,52.0,71.0,2967,199.75,63049374154724
10849.0,1,,70.0,78.0,78.0,52.0,70.0,2808,200.24,34399543857116
10849.0,2,,73.0,80.0,80.0,53.0,72.0,3368,198.80,31409351409606
10850.0,3,,73.0,78.0,78.0,53.0,71.0,3392,199.81,31708925567016
10855.0,0,,71.0,76.0,76.0,52.0,71.0,2873,199.90,63050505564880
10855.0,1,,69.0,78.0,78.0,51.0,69.0,2796,199.95,34400677591125
10855.0,2,,72.0,80.0,80.0,53.0,72.0,3253,198.36,31410476116577
10855.0,3,,73.0,76.0,78.0,53.0,71.0,3390,198.93,31710053493896
10860.0,0,,70.0,76.0,76.0,52.0,71.0,3066,200.36,63051637605041
10861.0,1,,70.0,78.0,78.0,52.0,70.0,2806,199.79,34401806389526
10861.0,2,,72.0,80.0,80.0,53.0,72.0,3147,198.49,31411595582275
10861.0,3,,73.0,78.0,78.0,53.0,71.0,3386,199.60,31711177258300
10866.0,0,,71.0,76.0,76.0,52.0,71.0,2956,199.60,63052765319335
10866.0,1,,71.0,78.0,78.0,51.0,69.0,2803,199.61,34402934194580
10866.0,2,,72.0,80.0,80.0,53.0,72.0,3343,198.54,31412717342956
10867.0,3,,73.0,78.0,78.0,53.0,71.0,3380,198.89,31712304973754
10872.0,0,,71.0,76.0,76.0,52.0,71.0,2880,200.23,63053898638793
10872.0,1,,71.0,78.0,78.0,52.0,70.0,2795,199.85,34404067324462
10872.0,2,,72.0,80.0,80.0,53.0,72.0,3365,198.03,31413840154235
10872.0,3,,73.0,78.0,78.0,53.0,71.0,3386,198.77,31713431974609
10877.0,0,,71.0,76.0,76.0,52.0,71.0,3059,199.81,63055031589660
10878.0,1,,70.0,78.0,78.0,52.0,70.0,2806,200.27,34405200843688
10878.0,2,,71.0,80.0,80.0,53.0,72.0,3155,197.60,31414960523010
10878.0,3,,73.0,78.0,78.0,53.0,71.0,3387,199.26,31714559758422
10883.0,0,,71.0,76.0,76.0,52.0,72.0,2923,199.68,63056163751037
10883.0,1,,70.0,78.0,78.0,52.0,70.0,2807,199.52,34406332113403
10883.0,2,,71.0,80.0,80.0,54.0,72.0,3155,197.48,31416080251464
10884.0,3,,73.0,78.0,78.0,53.0,72.0,3381,198.21,31715683627197
10889.0,0,,71.0,76.0,76.0,52.0,71.0,2873,200.21,63057296952758
10889.0,1,,69.0,78.0,78.0,52.0,69.0,2808,199.25,34407459847290
10889.0,2,,72.0,80.0,80.0,53.0,72.0,3350,197.76,31417199590148
10889.0,3,,72.0,78.0,78.0,52.0,71.0,3389,199.08,31716810428710
10894.0,0,,72.0,76.0,76.0,52.0,71.0,3057,200.02,63058431076782
10895.0,1,,70.0,78.0,78.0,51.0,70.0,2803,200.02,34408593988342
10895.0,2,,72.0,80.0,80.0,53.0,72.0,3344,197.39,31418318806274
10895.0,3,,73.0,78.0,78.0,53.0,71.0,3387,198.46,31717935678100
10900.0,0,,72.0,76.0,76.0,52.0,70.0,2965,199.62,63059562903442
10900.0,1,100.00,70.0,78.0,78.0,52.0,70.0,2797,199.31,34409724077270
10900.0,2,,71.0,80.0,80.0,52.0,71.0,3133,197.21,31419436989929
10901.0,3,,72.0,78.0,78.0,53.0,71.0,3389,197.53,31719055652832
10906.0,0,,70.0,76.0,76.0,53.0,71.0,2818,200.33,63060696746398
10906.0,1,,71.0,78.0,78.0,52.0,70.0,2808,199.42,34410852800659
10906.0,2,,72.0,80.0,80.0,53.0,72.0,3230,196.65,31420551983642
10906.0,3,,73.0,76.0,78.0,53.0,71.0,3391,198.35,31720178287780
10911.0,0,,71.0,76.0,76.0,52.0,71.0,3039,199.69,63061828987365
10912.0,1,,71.0,78.0,80.0,51.0,70.0,2806,198.98,34411981034545
10912.0,2,,72.0,80.0,80.0,53.0,72.0,3294,197.68,31421670825805
10912.0,3,,73.0,78.0,78.0,53.0,71.0,3387,198.05,31721301212951
10917.0,0,100.00,71.0,76.0,76.0,52.0,71.0,3040,199.96,63062962737976
10917.0,1,,70.0,78.0,78.0,52.0,70.0,2805,199.22,34413110638427
10917.0,2,100.00,73.0,80.0,80.0,53.0,72.0,3113,196.21,31422783346740
10918.0,3,,73.0,78.0,78.0,53.0,71.0,3389,197.79,31722422696411
10923.0,0,100.00,71.0,76.0,76.0,52.0,71.0,2828,200.07,63064095145080
10923.0,1,100.00,70.0,78.0,78.0,51.0,69.0,2806,199.36,34414241012634
10923.0,2,100.00,72.0,80.0,80.0,53.0,72.0,3317,197.27,31423899920959
10923.0,3,100.00,73.0,78.0,78.0,53.0,71.0,3391,198.46,31723545988220
10928.0,0,,71.0,76.0,76.0,52.0,71.0,2981,199.69,63065225394409
10929.0,1,,70.0,78.0,78.0,52.0,70.0,2805,199.08,34415365837768
10929.0,2,,71.0,80.0,80.0,53.0,72.0,3219,196.36,31425009367309
10929.0,3,,73.0,76.0,78.0,53.0,71.0,3394,197.25,31724660474609
10934.0,0,,71.0,76.0,76.0,52.0,71.0,3036,199.80,63066354273742
10934.0,1,,70.0,78.0,78.0,52.0,70.0,2801,198.67,34416488298034
10934.0,2,,72.0,80.0,80.0,53.0,72.0,3245,197.05,31426124691284
10935.0,3,,72.0,78.0,78.0,52.0,71.0,3387,198.29,31725782775146
10940.0,0,,71.0,76.0,76.0,52.0,71.0,2836,198.85,63067483730651
10940.0,1,,71.0,78.0,78.0,52.0,70.0,2804,199.22,34417617862915
10940.0,2,,72.0,80.0,80.0,53.0,72.0,3163,196.73,31427240167602
10940.0,3,,71.0,78.0,78.0,53.0,71.0,3388,197.19,31726900862976
10945.0,0,,67.0,74.0,74.0,51.0,69.0,2976,193.13,63068576874328
10946.0,1,,66.0,76.0,76.0,50.0,67.0,2797,187.53,34418681147216
10946.0,2,,68.0,78.0,78.0,52.0,69.0,3329,181.07,31428265012817
10946.0,3,,68.0,76.0,76.0,50.0,68.0,3382,178.36,31727910372070
10951.0,0,,71.0,76.0,76.0,52.0,71.0,2860,187.54,63069636455261
10951.0,1,,70.0,78.0,78.0,51.0,70.0,2511,191.68,34419762199462
10951.0,2,,71.0,80.0,80.0,53.0,72.0,3105,194.78,31429365534729
10952.0,3,100.00,71.0,78.0,78.0,53.0,71.0,3139,198.84,31729033807739
10957.0,0,,71.0,76.0,76.0,52.0,71.0,2803,199.95,63070766177429
10957.0,1,,70.0,78.0,78.0,52.0,70.0,2482,199.89,34420893555358
10957.0,2,,72.0,80.0,80.0,53.0,72.0,3086,199.98,31430497413574
10957.0,3,,73.0,76.0,78.0,53.0,71.0,3160,200.31,31730165546875
10962.0,0,,72.0,76.0,76.0,52.0,71.0,2798,200.01,63071898240112
10963.0,1,,70.0,78.0,78.0,52.0,70.0,2758,199.83,34422024583740
10963.0,2,,72.0,80.0,80.0,53.0,72.0,3088,199.95,31431627119201
10963.0,3,,73.0,78.0,78.0,53.0,71.0,3352,199.90,31731296999816
10968.0,0,,69.0,76.0,76.0,52.0,71.0,2922,199.88,63073027544738
10968.0,1,,70.0,78.0,78.0,52.0,70.0,2803,200.04,34423154831359
10968.0,2,,72.0,80.0,80.0,54.0,72.0,3110,199.71,31432757494262
10968.0,3,,71.0,78.0,78.0,53.0,71.0,3386,199.90,31732426451965
10974.0,0,,70.0,76.0,76.0,52.0,71.0,3075,199.94,63074159188537
10974.0,1,,69.0,78.0,78.0,52.0,70.0,2799,200.07,34424287218322
10974.0,2,,72.0,80.0,80.0,53.0,72.0,3331,199.89,31433886853637
10974.0,3,,72.0,78.0,78.0,53.0,71.0,3386,199.60,31733556160522
10979.0,0,,71.0,76.0,76.0,52.0,71.0,2909,200.06,63075289526489
10979.0,1,,70.0,78.0,78.0,52.0,70.0,2803,199.91,34425416737854
10980.0,2,,72.0,80.0,80.0,53.0,72.0,3375,199.35,31435015167358
10980.0,3,,73.0,78.0,78.0,53.0,71.0,3384,199.90,31734687598754
10985.0,0,,71.0,76.0,76.0,52.0,71.0,2969,199.92,63076421076232
10985.0,1,,70.0,78.0,78.0,52.0,70.0,2801,199.86,34426547953002
10985.0,2,100.00,73.0,80.0,80.0,53.0,72.0,3161,199.31,31436141276367
10985.0,3,,73.0,78.0,78.0,53.0,71.0,3385,199.72,31735816037475
10991.0,0,,71.0,76.0,76.0,52.0,71.0,3045,200.07,63077551463745
10991.0,1,,70.0,78.0,78.0,51.0,69.0,2800,200.65,34427681601745
10991.0,2,,72.0,80.0,80.0,53.0,72.0,3224,198.89,31437267012268
10991.0,3,,72.0,76.0,78.0,53.0,71.0,3382,199.52,31736945344543
10996.0,0,,70.0,76.0,76.0,52.0,71.0,2852,199.90,63078682907348
10996.0,1,,70.0,78.0,78.0,52.0,70.0,2800,199.73,34428812079528
10997.0,2,,72.0,80.0,80.0,53.0,72.0,3372,198.73,31438391828002
10997.0,3,,73.0,78.0,78.0,53.0,71.0,3392,199.53,31738074704467
11002.0,0,,71.0,76.0,76.0,52.0,70.0,3043,200.26,63079816391662
11002.0,1,,70.0,78.0,78.0,52.0,70.0,2798,199.78,34429944823303
11002.0,2,,70.0,80.0,80.0,53.0,72.0,3199,198.79,31439518971313
11002.0,3,,73.0,76.0,78.0,53.0,71.0,3381,199.49,31739203810852
11008.0,0,,69.0,76.0,76.0,52.0,70.0,2891,199.69,63080948635070
11008.0,1,,70.0,78.0,78.0,52.0,70.0,2799,199.84,34431075940063
11008.0,2,,72.0,80.0,80.0,53.0,72.0,3108,198.38,31440639812988
11008.0,3,,73.0,78.0,78.0,53.0,71.0,3386,198.78,31740328925720
11013.0,0,,71.0,76.0,76.0,52.0,71.0,2987,199.73,63082077126525
11013.0,1,,70.0,78.0,78.0,52.0,70.0,2808,199.95,34432203678833
11014.0,2,,72.0,80.0,80.0,53.0,72.0,3329,198.04,31441758728515
11014.0,3,,73.0,78.0,78.0,53.0,72.0,3391,199.23,31741452571899
11019.0,0,,72.0,76.0,76.0,52.0,71.0,3007,200.26,63083206582580
11019.0,1,,70.0,78.0,78.0,52.0,70.0,2801,199.31,34433331796020
11019.0,2,,72.0,80.0,80.0,53.0,72.0,3364,198.32,31442879219055
11019.0,3,,71.0,78.0,78.0,53.0,71.0,3383,198.14,31742574056762
11025.0,0,,72.0,76.0,76.0,52.0,71.0,2916,200.05,63084338857604
11025.0,1,,69.0,78.0,78.0,52.0,70.0,2800,200.12,34434462476318
11025.0,2,,72.0,80.0,80.0,54.0,72.0,3147,198.10,31444000442504
11025.0,3,,72.0,78.0,78.0,53.0,71.0,3390,198.84,31743701469726
11030.0,0,,71.0,76.0,76.0,52.0,71.0,3019,199.75,63085471452331
11030.0,1,,70.0,78.0,78.0,52.0,70.0,2806,199.87,34435595724426
11031.0,2,,72.0,80.0,80.0,53.0,72.0,3166,197.37,31445119506774
11031.0,3,,73.0,78.0,78.0,53.0,71.0,3390,199.13,31744828564880
11036.0,0,,71.0,76.0,76.0,52.0,71.0,2829,199.98,63086603325683
11036.0,1,,70.0,78.0,78.0,51.0,69.0,2797,199.78,34436726454528
11036.0,2,,72.0,80.0,80.0,53.0,72.0,3349,197.60,31446237941711
11036.0,3,,73.0,78.0,78.0,53.0,71.0,3392,198.62,31745952775329
11042.0,0,,72.0,76.0,76.0,52.0,71.0,3039,199.76,63087735992248
11042.0,1,,70.0,78.0,78.0,52.0,70.0,2807,198.90,34437854229431
11042.0,2,,71.0,80.0,80.0,52.0,71.0,3303,197.72,31447359001586
11042.0,3,,73.0,78.0,78.0,53.0,71.0,3388,197.79,31747074237487
11047.0,0,,71.0,76.0,76.0,52.0,70.0,3039,199.96,63088869756652
11047.0,1,,70.0,78.0,78.0,52.0,70.0,2807,199.26,34438984032775
11048.0,2,,72.0,80.0,80.0,53.0,72.0,3124,196.47,31448472975219
11048.0,3,,73.0,78.0,78.0,53.0,71.0,3388,197.70,31748195192626
11053.0,0,,72.0,76.0,76.0,52.0,71.0,2828,199.82,63090000732788
11053.0,1,,70.0,78.0,78.0,52.0,70.0,2807,199.13,34440111088623
11053.0,2,,71.0,80.0,80.0,53.0,71.0,3144,197.22,31449591218688
11053.0,3,,73.0,76.0,78.0,53.0,71.0,3389,197.76,31749316499572
11059.0,0,,72.0,76.0,76.0,52.0,71.0,2989,200.16,63091133655090
11059.0,1,,69.0,78.0,78.0,51.0,69.0,2802,198.31,34441233536010
11059.0,2,,72.0,80.0,80.0,53.0,72.0,3349,197.39,31450704523132
11059.0,3,,73.0,78.0,78.0,53.0,71.0,3391,198.28,31750434798461
11064.0,0,,71.0,76.0,76.0,52.0,71.0,3002,199.80,63092264499938
11064.0,1,,70.0,78.0,78.0,51.0,70.0,2800,199.35,34442361857910
11065.0,2,,72.0,80.0,80.0,53.0,72.0,3276,196.93,31451819127563
11065.0,3,,72.0,78.0,78.0,52.0,71.0,3393,197.96,31751555229736
11070.0,0,,71.0,76.0,76.0,52.0,71.0,2812,199.81,63093393424865
11070.0,1,,69.0,78.0,78.0,52.0,69.0,2800,198.97,34443488035827
11070.0,2,,72.0,80.0,80.0,53.0,73.0,3105,197.03,31452934333251
11070.0,3,,73.0,78.0,78.0,53.0,71.0,3388,197.62,31752675710510
11076.0,0,,71.0,76.0,76.0,52.0,71.0,2901,199.73,63094525889770
11076.0,1,,70.0,78.0,78.0,52.0,70.0,2806,199.63,34444617955322
11076.0,2,,71.0,80.0,80.0,53.0,72.0,3259,197.10,31454051893432
11076.0,3,,73.0,76.0,78.0,53.0,71.0,3390,197.49,31753793507568
11081.0,0,,72.0,76.0,76.0,52.0,71.0,2966,199.63,63095657799133
11081.0,1,,69.0,78.0,78.0,51.0,69.0,2795,198.76,34445744904724
11082.0,2,,72.0,80.0,80.0,53.0,72.0,3220,196.54,31455166299133
11082.0,3,,73.0,78.0,78.0,53.0,71.0,3388,197.91,31754915678039
11087.0,0,,71.0,76.0,76.0,53.0,71.0,3028,199.31,63096787887573
11087.0,1,,70.0,78.0,78.0,51.0,69.0,2806,198.13,34446868317687
11087.0,2,,72.0,80.0,80.0,53.0,73.0,3123,195.95,31456277341186
11087.0,3,,73.0,76.0,78.0,53.0,71.0,3388,196.64,31756030644592
11093.0,0,,70.0,76.0,76.0,52.0,70.0,2923,181.41,63097814662231
11093.0,1,,70.0,78.0,78.0,51.0,69.0,2596,180.76,34447891402587
11093.0,2,,72.0,80.0,80.0,53.0,72.0,3171,179.66,31457294200317
11093.0,3,,71.0,78.0,78.0,53.0,70.0,3245,180.19,31757050509826
11098.0,0,,72.0,76.0,76.0,52.0,71.0,2802,199.71,63098945034790
11098.0,1,,70.0,78.0,78.0,51.0,70.0,2475,199.77,34449020118469
11099.0,2,,72.0,80.0,80.0,53.0,72.0,3103,199.87,31458423477722
11099.0,3,,72.0,78.0,78.0,53.0,71.0,3116,200.07,31758178885559
11104.0,0,,71.0,76.0,76.0,52.0,71.0,2799,199.91,63100072507995
11104.0,1,,71.0,78.0,78.0,52.0,70.0,2681,199.94,34450147799255
11104.0,2,,73.0,80.0,80.0,53.0,72.0,3085,199.85,31459550616760
11104.0,3,,71.0,78.0,76.0,53.0,71.0,3329,200.07,31759307267089
11110.0,0,,71.0,76.0,76.0,52.0,71.0,2826,200.00,63101202523803
11110.0,1,100.00,70.0,78.0,78.0,52.0,70.0,2792,200.13,34451278557373
11110.0,2,,72.0,80.0,80.0,53.0,72.0,3171,199.97,31460680473632
11110.0,3,,71.0,78.0,78.0,53.0,71.0,3382,199.87,31760438520263
11115.0,0,,71.0,76.0,76.0,53.0,71.0,3054,199.95,63102334255187
11115.0,1,,71.0,78.0,78.0,52.0,70.0,2811,199.86,34452409757751
11115.0,2,,71.0,80.0,80.0,53.0,72.0,3354,199.63,31461810372436
11116.0,3,,73.0,76.0,78.0,53.0,71.0,3388,199.89,31761569874328
11121.0,0,,71.0,76.0,76.0,52.0,71.0,3017,200.30,63103463973022
11121.0,1,,69.0,78.0,78.0,52.0,70.0,2795,199.81,34453538665344
11121.0,2,,72.0,80.0,80.0,53.0,72.0,3361,199.50,31462935578247
11121.0,3,,73.0,78.0,78.0,53.0,71.0,3385,199.96,31762695622070
11126.0,0,,72.0,76.0,76.0,53.0,71.0,2838,199.66,63104592064941
11127.0,1,100.00,70.0,78.0,78.0,52.0,70.0,2805,199.90,34454668126464
11127.0,2,,71.0,80.0,80.0,53.0,72.0,3149,198.83,31464060952941
11127.0,3,,73.0,76.0,78.0,53.0,71.0,3389,199.56,31763827120971
11132.0,0,100.00,72.0,76.0,76.0,52.0,70.0,3041,200.10,63105724645690
11132.0,1,100.00,70.0,78.0,78.0,52.0,70.0,2808,200.26,34455801571472
11132.0,2,100.00,71.0,80.0,80.0,53.0,72.0,3286,198.86,31465186486022
11133.0,3,,73.0,76.0,78.0,53.0,71.0,3383,199.24,31764954842590
11138.0,0,100.00,71.0,76.0,76.0,52.0,71.0,2928,199.79,63106855470520
11138.0,1,,69.0,78.0,78.0,52.0,70.0,2800,199.76,34456932217834
11138.0,2,,72.0,80.0,80.0,53.0,72.0,3353,198.96,31466312621398
11138.0,3,,72.0,78.0,78.0,53.0,71.0,3383,199.34,31766083088684
11143.0,0,,71.0,76.0,76.0,53.0,71.0,2893,200.10,63107988019409
11144.0,1,,71.0,78.0,78.0,52.0,70.0,2799,199.90,34458063640502
11144.0,2,,72.0,80.0,80.0,53.0,72.0,3149,198.29,31467434935363
11144.0,3,,72.0,78.0,78.0,53.0,71.0,3382,199.11,31767210061889
11149.0,0,,69.0,76.0,76.0,52.0,71.0,3073,199.86,63109119247009
11149.0,1,,70.0,78.0,78.0,52.0,70.0,2807,200.05,34459195937683
11149.0,2,,70.0,80.0,80.0,54.0,72.0,3157,198.41,31468557918090
11150.0,3,,73.0,76.0,78.0,53.0,71.0,3390,199.43,31768338849243
11155.0,0,,71.0,76.0,76.0,52.0,71.0,2935,199.80,63110252124938
11155.0,1,,69.0,78.0,78.0,51.0,69.0,2797,199.65,34460327968200
11155.0,2,,72.0,80.0,80.0,53.0,72.0,3350,198.40,31469680837341
11155.0,3,,72.0,78.0,78.0,52.0,71.0,3380,199.02,31769465276672
11160.0,0,,72.0,76.0,76.0,52.0,71.0,2863,199.97,63111383947509
11161.0,1,,70.0,78.0,78.0,52.0,70.0,2810,200.01,34461458042297
11161.0,2,,73.0,80.0,80.0,53.0,72.0,3264,197.42,31470800233032
11161.0,3,,73.0,78.0,76.0,53.0,72.0,3385,198.68,31770589807800
11166.0,0,,72.0,76.0,76.0,52.0,71.0,3057,200.20,63112515058105
11166.0,1,,70.0,78.0,78.0,51.0,69.0,2803,199.56,34462587555664
11166.0,2,,72.0,80.0,80.0,53.0,72.0,3210,197.87,31471916199035
11167.0,3,,73.0,78.0,78.0,53.0,71.0,3391,198.74,31771712690368
11172.0,0,,72.0,76.0,76.0,52.0,71.0,2977,199.73,63113643541564
11172.0,1,,70.0,78.0,78.0,52.0,70.0,2798,199.63,34463713477050
11172.0,2,,70.0,80.0,80.0,52.0,71.0,3339,198.06,31473035251037
11172.0,3,,73.0,76.0,78.0,53.0,71.0,3392,198.75,31772833664916
11177.0,0,,72.0,76.0,76.0,52.0,71.0,2830,199.95,63114771278930
11178.0,1,,70.0,78.0,78.0,52.0,70.0,2798,199.77,34464840172058
11178.0,2,,71.0,80.0,80.0,53.0,72.0,3106,197.29,31474147972534
11178.0,3,,73.0,78.0,78.0,53.0,71.0,3383,198.61,31773953805847
11183.0,0,,70.0,76.0,76.0,52.0,71.0,3040,200.25,63115900709594
11183.0,1,,70.0,78.0,78.0,52.0,70.0,2807,199.35,34465966515625
11183.0,2,,73.0,80.0,80.0,54.0,72.0,3233,197.94,31475264365234
11183.0,3,,73.0,78.0,78.0,53.0,71.0,3392,197.90,31775071915954
11189.0,0,,71.0,76.0,76.0,52.0,71.0,2977,199.47,63117027734741
11189.0,1,,70.0,78.0,78.0,52.0,70.0,2805,199.70,34467092847412
11189.0,2,100.00,69.0,80.0,80.0,53.0,71.0,3325,197.26,31476378895263
11189.0,3,,73.0,76.0,78.0,53.0,71.0,3388,198.00,31776190606384
11194.0,0,,70.0,76.0,76.0,52.0,71.0,2867,199.62,63118155612670
11194.0,1,,70.0,78.0,80.0,52.0,70.0,2804,199.53,34468220177185
11195.0,2,,72.0,80.0,80.0,53.0,71.0,3128,197.23,31477495190856
11195.0,3,,74.0,78.0,78.0,53.0,71.0,3393,197.91,31777310766052
11200.0,0,,71.0,76.0,76.0,52.0,71.0,3061,200.30,63119289303100
11200.0,1,,70.0,78.0,80.0,51.0,69.0,2806,198.72,34469346945922
11200.0,2,,72.0,80.0,80.0,53.0,72.0,3190,196.59,31478607898742
11200.0,3,,73.0,78.0,78.0,53.0,71.0,3387,198.32,31778433273559
11206.0,0,,71.0,76.0,76.0,52.0,71.0,2890,199.87,63120422549743
11206.0,1,,71.0,78.0,78.0,52.0,70.0,2806,199.22,34470476539916
11206.0,2,,72.0,82.0,80.0,53.0,72.0,3358,196.94,31479724544372
11206.0,3,,72.0,78.0,78.0,52.0,71.0,3380,197.12,31779550945434
11211.0,0,,71.0,76.0,76.0,52.0,71.0,2935,199.78,63121553322937
11211.0,1,,71.0,78.0,78.0,52.0,70.0,2798,199.36,34471604914001
11212.0,2,,72.0,80.0,80.0,53.0,72.0,3190,196.65,31480837557189
11212.0,3,,73.0,78.0,78.0,53.0,71.0,3391,198.12,31780672278198
11217.0,0,100.00,72.0,76.0,76.0,52.0,71.0,3065,199.61,63122683105407
11217.0,1,,70.0,78.0,78.0,52.0,70.0,2807,199.13,34472733954895
11217.0,2,100.00,72.0,80.0,80.0,53.0,72.0,3092,196.50,31481951684875
11217.0,3,,73.0,78.0,78.0,53.0,71.0,3390,197.37,31781789382507
11223.0,0,,71.0,76.0,76.0,52.0,71.0,2824,199.94,63123816739685
11223.0,1,,70.0,78.0,78.0,51.0,70.0,2805,199.09,34473860796081
11223.0,2,,72.0,80.0,80.0,54.0,72.0,3314,197.13,31483067429626
11223.0,3,,72.0,78.0,78.0,52.0,71.0,3385,197.75,31782912605102
11228.0,0,,71.0,76.0,76.0,52.0,71.0,3053,199.07,63124945458862
11228.0,1,,70.0,78.0,78.0,52.0,70.0,2802,198.55,34474984573181
11229.0,2,,71.0,80.0,80.0,53.0,72.0,3310,195.68,31484174989501
11229.0,3,,72.0,76.0,76.0,52.0,71.0,3385,196.89,31784025050598
11234.0,0,98.42,70.0,76.0,76.0,51.0,70.0,3022,181.24,63125971275451
11234.0,1,98.36,69.0,78.0,78.0,51.0,69.0,2702,180.23,34476006465270
11234.0,2,98.39,72.0,80.0,80.0,53.0,72.0,3096,178.92,31485187694641
11234.0,3,98.36,73.0,78.0,78.0,53.0,70.0,3324,179.00,31785038173767
11240.0,0,,71.0,76.0,76.0,52.0,71.0,2742,200.06,63127099601074
11240.0,1,,70.0,78.0,78.0,52.0,70.0,2466,200.11,34477135113281
11240.0,2,,71.0,80.0,80.0,53.0,72.0,3070,199.92,31486317218017
11240.0,3,,73.0,78.0,78.0,53.0,71.0,3110,199.96,31786167923156
11245.0,0,,72.0,76.0,76.0,52.0,71.0,2796,199.75,63128232165771
11245.0,1,,70.0,78.0,78.0,52.0,70.0,2594,199.91,34478268602905
11246.0,2,,73.0,80.0,80.0,53.0,72.0,3091,199.96,31487451003845
11246.0,3,,73.0,78.0,78.0,53.0,71.0,3271,199.98,31787301793457
11251.0,0,,71.0,76.0,76.0,52.0,71.0,2810,200.03,63129364318176
11251.0,1,,71.0,78.0,78.0,52.0,70.0,2790,200.19,34479399688598
11251.0,2,,73.0,80.0,80.0,53.0,72.0,3182,199.65,31488581037963
11251.0,3,,72.0,78.0,78.0,53.0,71.0,3363,199.99,31788431742065
11257.0,0,,71.0,76.0,76.0,52.0,71.0,3036,199.86,63130493534118
11257.0,1,,71.0,78.0,78.0,52.0,70.0,2805,199.65,34480529681701
11257.0,2,,72.0,80.0,80.0,53.0,72.0,3350,199.97,31489708872009
11257.0,3,,73.0,78.0,78.0,53.0,71.0,3385,199.85,31789558923950
11262.0,0,,72.0,76.0,76.0,52.0,71.0,3039,199.91,63131623038757
11262.0,1,,70.0,78.0,78.0,52.0,70.0,2802,199.95,34481659417724
11263.0,2,,72.0,80.0,80.0,53.0,72.0,3353,199.63,31490836794616
11263.0,3,,71.0,78.0,78.0,53.0,71.0,3382,199.89,31790690294372
11268.0,0,,71.0,76.0,76.0,52.0,71.0,2823,199.83,63132754101379
11268.0,1,,71.0,78.0,78.0,52.0,70.0,2805,199.99,34482789369140
11268.0,2,,71.0,80.0,80.0,54.0,72.0,3134,198.85,31491960296264
11268.0,3,,71.0,78.0,78.0,52.0,71.0,3392,199.68,31791818476623
11274.0,0,,71.0,76.0,76.0,52.0,71.0,2998,200.16,63133883015991
11274.0,1,,71.0,78.0,78.0,52.0,70.0,2794,199.71,34483917735107
11274.0,2,,73.0,80.0,80.0,53.0,73.0,3218,199.22,31493085885986
11274.0,3,,72.0,78.0,78.0,53.0,71.0,3395,199.75,31792947082336
11279.0,0,100.00,71.0,76.0,76.0,52.0,71.0,3075,200.14,63135013833740
11279.0,1,,70.0,78.0,78.0,52.0,70.0,2809,200.04,34485049970031
11279.0,2,100.00,72.0,80.0,80.0,53.0,71.0,3371,199.00,31494212253845
11280.0,3,100.00,73.0,78.0,78.0,53.0,71.0,3382,199.04,31794073655151
11285.0,0,,69.0,76.0,76.0,52.0,71.0,2884,199.73,63136142319519
11285.0,1,,70.0,78.0,78.0,52.0,70.0,2799,200.05,34486174249694
11285.0,2,,72.0,80.0,80.0,53.0,72.0,3258,198.51,31495325917663
11285.0,3,,71.0,78.0,78.0,53.0,71.0,3386,198.88,31795185397460
11290.0,0,,71.0,76.0,76.0,52.0,71.0,2998,199.98,63137262197998
11291.0,1,,70.0,78.0,78.0,52.0,70.0,2806,199.85,34487297399047
11291.0,2,,72.0,80.0,80.0,53.0,72.0,3116,197.86,31496441868469
11291.0,3,,73.0,78.0,78.0,53.0,71.0,3393,199.61,31796313204467
11296.0,0,100.00,71.0,76.0,76.0,52.0,71.0,3000,200.02,63138394285522
11296.0,1,100.00,71.0,78.0,78.0,52.0,70.0,2800,199.64,34488427382019
11296.0,2,100.00,72.0,80.0,80.0,54.0,73.0,3318,198.44,31497565056823
11297.0,3,100.00,72.0,78.0,78.0,53.0,71.0,3382,198.90,31797438952270
11302.0,0,,72.0,76.0,76.0,52.0,71.0,2842,199.99,63139526223999
11302.0,1,,70.0,78.0,78.0,52.0,70.0,2797,199.90,34489558794189
11302.0,2,,72.0,80.0,80.0,53.0,72.0,3369,198.71,31498689738891
11302.0,3,,72.0,78.0,78.0,53.0,71.0,3388,198.79,31798566079711
11307.0,0,,71.0,76.0,76.0,52.0,71.0,3049,199.84,63140659332275
11308.0,1,,70.0,78.0,78.0,52.0,70.0,2807,199.65,34490690835327
11308.0,2,,71.0,80.0,80.0,54.0,72.0,3148,197.29,31499808377502
11308.0,3,,73.0,78.0,78.0,53.0,71.0,3381,198.92,31799691944580
11313.0,0,,71.0,76.0,76.0,52.0,71.0,3049,199.50,63141790494384
11313.0,1,,70.0,78.0,78.0,52.0,70.0,2797,199.73,34491821321350
11313.0,2,,70.0,80.0,80.0,54.0,71.0,3197,197.77,31500927781433
11314.0,3,,73.0,76.0,78.0,53.0,71.0,3389,198.17,31800815542724
11319.0,0,,71.0,76.0,76.0,52.0,71.0,2831,200.28,63142924069641
11319.0,1,,70.0,78.0,78.0,51.0,70.0,2807,199.56,34492952841918
11319.0,2,,72.0,80.0,80.0,53.0,72.0,3360,197.90,31502047906433
11319.0,3,,73.0,78.0,78.0,53.0,71.0,3390,198.64,31801939864990
11324.0,0,,72.0,76.0,76.0,52.0,71.0,2987,200.05,63144056352600
11325.0,1,,71.0,78.0,78.0,52.0,70.0,2807,199.49,34494081980651
11325.0,2,,73.0,80.0,80.0,53.0,72.0,3231,196.72,31503163298767
11325.0,3,,73.0,78.0,78.0,53.0,71.0,3389,197.80,31803061417846
11330.0,0,,71.0,76.0,76.0,52.0,71.0,3000,200.23,63145189664978
11330.0,1,,70.0,78.0,80.0,51.0,70.0,2799,199.37,34495210390136
11330.0,2,,72.0,80.0,80.0,53.0,72.0,3107,197.07,31504278695922
11331.0,3,,72.0,78.0,78.0,52.0,71.0,3382,198.29,31804183755737
11336.0,0,,71.0,76.0,76.0,52.0,71.0,2850,199.74,63146322212158
11336.0,1,,71.0,78.0,78.0,52.0,70.0,2797,199.30,34496340397399
11336.0,2,,72.0,80.0,80.0,54.0,72.0,3261,197.37,31505395831359
11336.0,3,,71.0,78.0,78.0,52.0,71.0,3390,197.82,31805305412902
11341.0,0,,72.0,76.0,76.0,52.0,71.0,3052,199.98,63147454125610
11342.0,1,,70.0,78.0,78.0,51.0,70.0,2806,199.84,34497471514831
11342.0,2,100.00,73.0,80.0,80.0,53.0,72.0,3367,197.17,31506513758911
11342.0,3,,73.0,78.0,78.0,53.0,71.0,3387,198.62,31806429578918
11347.0,0,,71.0,76.0,76.0,52.0,71.0,2964,199.99,63148588087341
11347.0,1,,70.0,78.0,78.0,52.0,70.0,2799,199.00,34498597840332
11347.0,2,,72.0,80.0,80.0,53.0,72.0,3161,196.91,31507628251220
11348.0,3,,71.0,76.0,78.0,52.0,70.0,3385,197.53,31807547600646
11353.0,0,,71.0,76.0,76.0,53.0,71.0,2873,199.95,63149719801086
11353.0,1,,71.0,78.0,78.0,51.0,70.0,2798,198.91,34499725677490
11353.0,2,,73.0,80.0,80.0,54.0,72.0,3103,196.77,31508743956176
11353.0,3,,71.0,76.0,78.0,52.0,70.0,3390,197.41,31808666938964
11358.0,0,,71.0,76.0,76.0,52.0,71.0,3064,199.73,63150850291687
11359.0,1,,71.0,78.0,80.0,51.0,69.0,2808,199.32,34500853804199
11359.0,2,,72.0,80.0,80.0,53.0,72.0,3326,197.08,31509859443664
11359.0,3,,73.0,78.0,78.0,53.0,71.0,3389,198.35,31809789604553
11364.0,0,,72.0,76.0,76.0,52.0,71.0,2966,198.98,63151978527587
11364.0,1,,70.0,78.0,78.0,52.0,70.0,2801,199.14,34501980933349
11364.0,2,,72.0,80.0,80.0,53.0,72.0,3195,196.23,31510968115844
11364.0,3,,72.0,78.0,78.0,53.0,71.0,3388,196.84,31810901723632
11370.0,0,,72.0,76.0,76.0,52.0,71.0,2848,199.76,63153105174133
11370.0,1,,70.0,78.0,78.0,52.0,70.0,2801,198.96,34503105080749
11370.0,2,,70.0,80.0,80.0,52.0,71.0,3095,196.08,31512079883178
11370.0,3,,73.0,76.0,78.0,53.0,71.0,3393,197.33,31812018629943
11375.0,0,76.76,70.0,76.0,76.0,52.0,71.0,3043,183.45,63154143495117
11376.0,1,76.70,70.0,78.0,78.0,51.0,69.0,2771,181.53,34504132528625
11376.0,2,76.63,71.0,80.0,80.0,53.0,72.0,3264,179.82,31513094082031
11376.0,3,76.85,71.0,78.0,78.0,53.0,71.0,3391,180.50,31813038450195
11381.0,0,,70.0,76.0,76.0,52.0,71.0,2827,199.63,63155271389343
11381.0,1,,70.0,78.0,78.0,51.0,70.0,2516,199.89,34505261916076
11381.0,2,100.00,73.0,80.0,80.0,53.0,72.0,3130,200.04,31514224307067
11381.0,3,,73.0,78.0,78.0,53.0,71.0,3130,199.91,31814167917175
11387.0,0,,71.0,76.0,76.0,52.0,71.0,2803,200.21,63156402596191
11387.0,1,,70.0,78.0,78.0,52.0,70.0,2528,199.89,34506391287902
11387.0,2,,72.0,80.0,80.0,53.0,72.0,3091,199.53,31515353670959
11387.0,3,,73.0,78.0,78.0,53.0,71.0,3241,199.89,31815297269897
11392.0,0,,72.0,76.0,76.0,52.0,71.0,2806,199.77,63157531284973
11392.0,1,,71.0,78.0,78.0,52.0,70.0,2762,199.95,34507520981994
11393.0,2,,72.0,80.0,80.0,54.0,72.0,3122,199.94,31516483316467
11393.0,3,,73.0,76.0,78.0,53.0,72.0,3373,199.84,31816428369812
11398.0,0,,71.0,76.0,76.0,52.0,71.0,2967,200.01,63158663337036
11398.0,1,,70.0,78.0,78.0,52.0,70.0,2798,200.22,34508654202270
11398.0,2,,71.0,80.0,80.0,53.0,72.0,3337,200.13,31517616054016
11398.0,3,,73.0,78.0,78.0,53.0,71.0,3380,199.90,31817559818298
11404.0,0,,70.0,76.0,76.0,52.0,71.0,3056,199.86,63159794556701
11404.0,1,,70.0,78.0,78.0,52.0,70.0,2804,199.97,34509784039794
11404.0,2,,72.0,80.0,80.0,53.0,72.0,3379,199.57,31518743620849
11404.0,3,,72.0,78.0,78.0,53.0,71.0,3381,200.10,31818688379028
11409.0,0,100.00,71.0,76.0,76.0,52.0,71.0,2836,200.00,63160924532409
11409.0,1,100.00,70.0,78.0,78.0,52.0,70.0,2802,199.71,34510914423889
11410.0,2,100.00,72.0,80.0,80.0,53.0,72.0,3193,199.41,31519870262084
11410.0,3,100.00,73.0,78.0,78.0,53.0,71.0,3384,199.74,31819818917236
11415.0,0,,70.0,76.0,76.0,52.0,71.0,2961,200.07,63162054949157
11415.0,1,,68.0,78.0,78.0,52.0,70.0,2804,200.14,34512045208496
11415.0,2,,73.0,80.0,80.0,53.0,72.0,3190,199.02,31520994750854
11415.0,3,,72.0,78.0,78.0,53.0,71.0,3392,199.48,31820946002075
11421.0,0,,71.0,76.0,76.0,52.0,71.0,3056,200.18,63163185949829
11421.0,1,,70.0,78.0,78.0,52.0,70.0,2801,200.07,34513175581970
11421.0,2,,71.0,80.0,80.0,53.0,72.0,3359,198.86,31522120297119
11421.0,3,,73.0,76.0,78.0,53.0,71.0,3380,199.50,31822075153259
11426.0,0,,71.0,76.0,76.0,52.0,71.0,2834,199.70,63164316232177
11426.0,1,,69.0,78.0,78.0,52.0,70.0,2802,199.71,34514305925476
11427.0,2,,72.0,80.0,80.0,53.0,72.0,3318,198.76,31523245282714
11427.0,3,,72.0,78.0,78.0,53.0,71.0,3393,199.15,31823202343994
11432.0,0,,72.0,76.0,76.0,52.0,71.0,2963,199.79,63165449060363
11432.0,1,,71.0,78.0,78.0,52.0,70.0,2796,199.82,34515438908325
11432.0,2,,73.0,80.0,80.0,53.0,72.0,3118,198.19,31524367033081
11432.0,3,,73.0,78.0,78.0,53.0,71.0,3385,199.04,31824328913024
11438.0,0,,71.0,76.0,76.0,52.0,71.0,3072,200.14,63166579830261
11438.0,1,,70.0,78.0,78.0,52.0,70.0,2806,200.06,34516567269409
11438.0,2,,72.0,80.0,80.0,53.0,72.0,3261,198.54,31525488785095
11438.0,3,,74.0,78.0,78.0,53.0,71.0,3386,198.91,31825452753234
11443.0,0,,71.0,76.0,76.0,52.0,71.0,2906,199.58,63167709439880
11443.0,1,,71.0,78.0,78.0,52.0,70.0,2800,199.82,34517698240051
11444.0,2,,69.0,80.0,80.0,53.0,71.0,3370,198.30,31526611180297
11444.0,3,,73.0,76.0,78.0,53.0,71.0,3394,199.07,31826579465209
11449.0,0,,72.0,76.0,76.0,53.0,71.0,2886,200.31,63168841205749
11449.0,1,,69.0,78.0,78.0,51.0,69.0,2800,199.77,34518828958435
11449.0,2,,72.0,80.0,80.0,53.0,72.0,3161,197.25,31527727597167
11449.0,3,,73.0,78.0,78.0,53.0,71.0,3382,198.72,31827704244750
11455.0,0,,71.0,76.0,76.0,52.0,71.0,3065,199.92,63169972729248
11455.0,1,,69.0,78.0,78.0,51.0,69.0,2810,199.85,34519960093994
11455.0,2,,72.0,80.0,80.0,53.0,72.0,3171,198.01,31528848325683
11455.0,3,,73.0,78.0,78.0,53.0,71.0,3392,199.19,31828831651184
11460.0,0,,70.0,76.0,76.0,51.0,70.0,2964,199.88,63171106063842
11460.0,1,,70.0,78.0,78.0,52.0,70.0,2797,199.57,34521089676208
11460.0,2,,72.0,80.0,80.0,53.0,73.0,3357,198.20,31529970150329
11461.0,3,,72.0,78.0,78.0,53.0,71.0,3388,197.89,31829953706359
11466.0,0,,69.0,76.0,76.0,51.0,70.0,2837,199.99,63172239993774
11466.0,1,,70.0,78.0,78.0,52.0,70.0,2804,199.12,34522220675476
11466.0,2,,72.0,80.0,80.0,53.0,72.0,3291,197.17,31531090049133
11466.0,3,,73.0,78.0,78.0,53.0,71.0,3390,198.84,31831079167358
11472.0,0,,72.0,76.0,76.0,52.0,71.0,3055,200.16,63173370921325
11472.0,1,,70.0,78.0,78.0,51.0,69.0,2808,199.79,34523351504638
11472.0,2,,72.0,80.0,80.0,53.0,72.0,3115,197.07,31532205451599
11472.0,3,,73.0,78.0,78.0,53.0,71.0,3389,198.33,31832203706481
11477.0,0,,71.0,76.0,76.0,52.0,71.0,2965,199.90,63174504361999
11477.0,1,,71.0,78.0,78.0,52.0,70.0,2798,199.23,34524479166381
11477.0,2,,72.0,80.0,80.0,53.0,72.0,3192,197.74,31533324646484
11478.0,3,100.00,73.0,78.0,78.0,52.0,71.0,3390,198.82,31833329054748
11483.0,0,,72.0,76.0,76.0,52.0,71.0,2882,199.64,63175636316284
11483.0,1,,70.0,78.0,78.0,51.0,69.0,2806,199.56,34525610659973
11483.0,2,100.00,72.0,80.0,80.0,53.0,72.0,3357,197.36,31534443702270
11483.0,3,,73.0,78.0,78.0,53.0,71.0,3391,197.95,31834451436767
11489.0,0,,68.0,76.0,76.0,52.0,70.0,3069,199.83,63176769342773
11489.0,1,,71.0,78.0,78.0,52.0,70.0,2797,199.09,34526737513305
11489.0,2,,72.0,80.0,80.0,53.0,72.0,3227,197.58,31535562006713
11489.0,3,,72.0,78.0,78.0,53.0,71.0,3387,197.66,31835572165771
11494.0,0,,71.0,76.0,76.0,52.0,71.0,2958,199.77,63177900057678
11494.0,1,,70.0,78.0,78.0,52.0,70.0,2799,199.38,34527866012695
11494.0,2,,72.0,80.0,80.0,53.0,72.0,3096,196.80,31536675905578
11495.0,3,,73.0,78.0,78.0,53.0,71.0,3393,198.32,31836694642822
11500.0,0,,69.0,76.0,76.0,52.0,71.0,2813,199.74,63179032600952
11500.0,1,,71.0,78.0,78.0,52.0,70.0,2804,198.66,34528994406860
11500.0,2,,72.0,80.0,80.0,53.0,72.0,3325,196.98,31537792802612
11500.0,3,,73.0,78.0,78.0,53.0,71.0,3391,197.76,31837813951354
11506.0,0,,72.0,76.0,76.0,52.0,71.0,3028,199.72,63180161012817
11506.0,1,,70.0,78.0,78.0,52.0,70.0,2802,199.30,34530120432189
11506.0,2,,73.0,82.0,80.0,53.0,72.0,3266,196.50,31538904999145
11506.0,3,,73.0,78.0,78.0,53.0,71.0,3381,198.17,31838935595703
11511.0,0,,71.0,76.0,76.0,52.0,71.0,3005,199.70,63181293290405
11511.0,1,,71.0,78.0,78.0,52.0,69.0,2795,198.27,34531244607543
11511.0,2,,73.0,80.0,80.0,53.0,72.0,3103,196.11,31540016945556
11512.0,3,,73.0,78.0,78.0,53.0,71.0,3389,197.35,31840054544860
11517.0,0,,72.0,76.0,76.0,52.0,71.0,2851,199.59,63182422996154
11517.0,1,,68.0,78.0,78.0,51.0,69.0,2801,198.68,34532369139709
11517.0,2,,69.0,80.0,80.0,52.0,70.0,3224,194.37,31541113189575
11517.0,3,,68.0,76.0,76.0,51.0,70.0,3385,192.84,31841138317138
11522.0,0,,71.0,76.0,76.0,52.0,70.0,2866,181.08,63183438839904
11523.0,1,,70.0,78.0,78.0,51.0,70.0,2546,180.93,34533384182128
11523.0,2,,71.0,80.0,80.0,53.0,72.0,3170,182.53,31542139005676
11523.0,3,,72.0,78.0,78.0,53.0,71.0,3205,185.16,31842180770874
11528.0,0,100.00,71.0,76.0,76.0,52.0,71.0,2801,199.64,63184564833496
11528.0,1,100.00,70.0,78.0,78.0,52.0,70.0,2484,199.91,34534509650939
11528.0,2,100.00,70.0,80.0,80.0,53.0,72.0,3089,199.89,31543264360351
11529.0,3,100.00,73.0,78.0,78.0,53.0,71.0,3182,199.72,31843307172729
11534.0,0,,72.0,76.0,76.0,52.0,71.0,2797,200.19,63185693932983
11534.0,1,,70.0,78.0,78.0,51.0,70.0,2723,199.82,34535636634338
11534.0,2,,72.0,80.0,80.0,53.0,72.0,3096,200.04,31544392583618
11534.0,3,,72.0,78.0,76.0,53.0,71.0,3352,200.08,31844435644042
11539.0,0,,71.0,76.0,76.0,52.0,71.0,2929,200.15,63186820762023
11540.0,1,,71.0,78.0,78.0,52.0,70.0,2799,199.94,34536764319885
11540.0,2,,73.0,80.0,80.0,54.0,72.0,3163,199.38,31545517068542
11540.0,3,,73.0,78.0,78.0,53.0,71.0,3387,199.98,31845561511291
11545.0,0,,71.0,76.0,76.0,52.0,71.0,3075,199.89,63187948150451
11545.0,1,100.00,70.0,78.0,78.0,52.0,70.0,2806,200.18,34537893354919
11545.0,2,,73.0,80.0,80.0,53.0,72.0,3355,199.86,31546646261657
11545.0,3,,73.0,78.0,78.0,53.0,71.0,3386,199.41,31846690163818
11551.0,0,100.00,71.0,76.0,76.0,52.0,71.0,2941,199.69,63189078422241
11551.0,1,,70.0,78.0,78.0,52.0,70.0,2803,200.09,34539023877075
11551.0,2,100.00,70.0,80.0,80.0,53.0,72.0,3302,199.43,31547773041625
11551.0,3,,73.0,76.0,78.0,53.0,71.0,3377,199.91,31847819650817
11556.0,0,,71.0,76.0,76.0,52.0,71.0,2822,200.20,63190209544250
11556.0,1,,70.0,78.0,78.0,52.0,70.0,2802,199.73,34540154325622
11557.0,2,,72.0,80.0,80.0,53.0,72.0,3227,198.63,31548897275573
11557.0,3,,73.0,78.0,78.0,53.0,71.0,3385,199.58,31848949269531
11562.0,0,,72.0,76.0,76.0,53.0,71.0,3038,199.93,63191339132629
11562.0,1,,70.0,78.0,78.0,52.0,70.0,2796,200.08,34541282802246
11562.0,2,,72.0,80.0,80.0,53.0,73.0,3276,199.26,31550021121093
11562.0,3,,73.0,78.0,78.0,53.0,71.0,3385,199.64,31850073249206
11568.0,0,100.00,71.0,76.0,76.0,52.0,71.0,3085,200.00,63192467129150
11568.0,1,100.00,71.0,78.0,78.0,51.0,70.0,2806,199.47,34542409793884
11568.0,2,100.00,72.0,80.0,80.0,53.0,72.0,3293,198.77,31551144154113
11568.0,3,100.00,72.0,78.0,78.0,53.0,71.0,3385,199.29,31851201214355
11573.0,0,,71.0,76.0,76.0,52.0,71.0,2864,199.71,63193597489685
11573.0,1,,70.0,78.0,78.0,51.0,69.0,2800,200.15,34543542617431
11574.0,2,,72.0,80.0,80.0,53.0,72.0,3117,198.08,31552265301635
11574.0,3,,72.0,76.0,78.0,52.0,71.0,3393,199.56,31852330725830
11579.0,0,,71.0,76.0,76.0,52.0,71.0,2874,200.02,63194729594177
11579.0,1,,71.0,78.0,78.0,51.0,69.0,2800,199.41,34544671280822
11579.0,2,,72.0,80.0,80.0,53.0,72.0,3319,198.54,31553389054565
11579.0,3,,72.0,78.0,78.0,53.0,71.0,3381,198.59,31853454740173
11585.0,0,,70.0,76.0,76.0,51.0,71.0,3059,200.00,63195863590393
11585.0,1,,70.0,78.0,78.0,52.0,70.0,2807,200.26,34545804736877
11585.0,2,,72.0,80.0,80.0,53.0,72.0,3371,198.20,31554510886169
11585.0,3,,71.0,78.0,78.0,53.0,71.0,3386,199.32,31854580885620
11590.0,0,,71.0,76.0,76.0,52.0,71.0,2957,199.97,63196991394775
11590.0,1,,69.0,78.0,78.0,51.0,69.0,2799,199.74,34546931254333
11591.0,2,,72.0,80.0,80.0,53.0,72.0,3151,197.41,31555624268615
11591.0,3,,73.0,78.0,78.0,53.0,71.0,3383,198.53,31855700572998
11596.0,0,,72.0,76.0,76.0,52.0,71.0,2841,199.94,63198119082946
11596.0,1,,68.0,78.0,78.0,52.0,70.0,2809,199.44,34548056108825
11596.0,2,,72.0,80.0,80.0,53.0,72.0,3105,197.64,31556738950378
11596.0,3,,73.0,78.0,78.0,53.0,71.0,3388,198.50,31856822082885
11602.0,0,,70.0,76.0,76.0,53.0,71.0,3055,199.85,63199250222900
11602.0,1,,70.0,78.0,78.0,52.0,70.0,2798,199.48,34549185141174
11602.0,2,,72.0,80.0,80.0,53.0,72.0,3337,197.56,31557859106018
11602.0,3,,73.0,76.0,78.0,53.0,71.0,3383,198.00,31857942765563
11607.0,0,,71.0,76.0,76.0,52.0,71.0,3044,200.11,63200380816589
11607.0,1,,70.0,78.0,78.0,52.0,70.0,2800,199.44,34550313999328
11607.0,2,,72.0,80.0,82.0,53.0,72.0,3286,197.52,31558977043762
11608.0,3,,73.0,78.0,78.0,53.0,71.0,3392,198.75,31859067694519
11613.0,0,,69.0,76.0,76.0,52.0,71.0,2829,199.78,63201513583740
11613.0,1,,70.0,78.0,78.0,52.0,70.0,2809,199.20,34551443450500
11613.0,2,,73.0,80.0,80.0,53.0,72.0,3106,197.82,31560096681823
11613.0,3,,72.0,78.0,78.0,53.0,71.0,3381,197.93,31860189937805
11619.0,0,,71.0,76.0,76.0,52.0,71.0,2982,200.07,63202643974243
11619.0,1,,70.0,78.0,78.0,52.0,70.0,2804,199.46,34552570391662
11619.0,2,,71.0,80.0,80.0,53.0,72.0,3262,196.80,31561208614074
11619.0,3,,73.0,78.0,78.0,53.0,71.0,3389,198.81,31861311198913
11624.0,0,,71.0,76.0,76.0,52.0,71.0,3038,199.72,63203772403686
11624.0,1,,70.0,78.0,78.0,52.0,70.0,2805,199.47,34553695425842
11624.0,2,,72.0,80.0,82.0,53.0,72.0,3370,198.02,31562325460754
11625.0,3,,71.0,78.0,78.0,53.0,71.0,3383,197.93,31862427523010
11630.0,0,,71.0,76.0,76.0,52.0,71.0,2839,200.16,63204901315612
11630.0,1,,70.0,78.0,78.0,51.0,69.0,2804,198.68,34554817993041
11630.0,2,,72.0,80.0,80.0,53.0,72.0,3165,196.55,31563435968994
11630.0,3,,73.0,78.0,78.0,53.0,71.0,3387,197.95,31863547919006
11635.0,0,,71.0,76.0,76.0,52.0,71.0,2980,199.83,63206032381225
11636.0,1,,71.0,78.0,78.0,52.0,70.0,2803,198.96,34555944126770
11636.0,2,,72.0,80.0,80.0,53.0,73.0,3130,196.92,31564550516723
11636.0,3,,72.0,78.0,78.0,52.0,71.0,3392,198.03,31864668787658
11641.0,0,,71.0,76.0,76.0,52.0,71.0,3031,199.89,63207163782104
11641.0,1,,71.0,78.0,80.0,52.0,69.0,2806,198.57,34557070009582
11641.0,2,,72.0,80.0,80.0,53.0,72.0,3344,196.67,31565665643066
11642.0,3,,73.0,78.0,78.0,53.0,71.0,3388,197.27,31865787305114
11647.0,0,,71.0,76.0,76.0,52.0,71.0,2827,199.69,63208296000244
11647.0,1,,70.0,78.0,78.0,52.0,70.0,2797,200.09,34558202506103
11647.0,2,,72.0,80.0,80.0,53.0,71.0,3251,197.40,31566782939758
11647.0,3,,73.0,76.0,78.0,53.0,71.0,3392,198.15,31866908846801
11652.0,0,,71.0,76.0,76.0,52.0,71.0,3032,199.80,63209426881408
11653.0,1,,69.0,78.0,78.0,51.0,68.0,2799,199.01,34559328921752
11653.0,2,,72.0,80.0,80.0,53.0,72.0,3108,196.10,31567892840209
11653.0,3,,73.0,78.0,78.0,53.0,71.0,3380,197.56,31868027056091
11658.0,0,,72.0,76.0,76.0,52.0,71.0,2998,199.79,63210557699584
11658.0,1,,70.0,78.0,78.0,52.0,70.0,2808,198.32,34560453417602
11658.0,2,,72.0,80.0,80.0,53.0,72.0,3282,196.85,31569009004699
11659.0,3,,73.0,76.0,78.0,53.0,71.0,3390,197.50,31869144892700
11664.0,0,,70.0,76.0,76.0,52.0,71.0,2857,180.62,63211579989868
11664.0,1,,69.0,78.0,78.0,52.0,69.0,2646,180.53,34561471625488
11664.0,2,,72.0,80.0,80.0,53.0,72.0,3253,178.87,31570017858276
11664.0,3,,72.0,78.0,78.0,52.0,70.0,3285,179.53,31870159216186
11669.0,0,,72.0,76.0,76.0,52.0,71.0,2769,200.09,63212710523925
11670.0,1,,71.0,78.0,78.0,52.0,70.0,2470,199.82,34562602634155
11670.0,2,,72.0,80.0,80.0,53.0,72.0,3108,199.81,31571148806457
11670.0,3,,72.0,78.0,78.0,53.0,71.0,3127,199.93,31871290824645
11675.0,0,,71.0,76.0,76.0,52.0,71.0,2800,199.94,63213842204956
11675.0,1,,70.0,78.0,78.0,52.0,70.0,2685,199.80,34563733514343
11675.0,2,,73.0,80.0,80.0,53.0,72.0,3089,200.04,31572279021240
11676.0,3,,73.0,78.0,78.0,53.0,71.0,3334,200.20,31872421952514
11681.0,0,,72.0,76.0,76.0,53.0,71.0,2824,200.07,63214972583374
11681.0,1,,70.0,78.0,78.0,52.0,70.0,2792,199.97,34564863336914
11681.0,2,,71.0,80.0,80.0,54.0,73.0,3213,199.75,31573409585083
11681.0,3,,73.0,78.0,78.0,53.0,71.0,3385,199.75,31873552549865
11686.0,0,,71.0,76.0,76.0,52.0,71.0,3049,199.93,63216102170349
11687.0,1,,70.0,78.0,78.0,52.0,70.0,2805,199.85,34565992481567
11687.0,2,,73.0,80.0,80.0,53.0,72.0,3359,199.52,31574536898620
11687.0,3,,73.0,78.0,78.0,53.0,71.0,3389,199.87,31874681792480
11692.0,0,,71.0,76.0,76.0,52.0,71.0,3012,199.89,63217233533935
11692.0,1,,70.0,78.0,78.0,52.0,70.0,2801,200.05,34567124748229
11692.0,2,,73.0,80.0,80.0,53.0,72.0,3384,199.52,31575666171997
11692.0,3,,73.0,76.0,78.0,53.0,71.0,3385,200.04,31875811994262
11698.0,0,,72.0,76.0,76.0,52.0,71.0,2823,200.10,63218364122009
11698.0,1,,71.0,78.0,78.0,52.0,69.0,2811,200.04,34568254951232
11698.0,2,,72.0,80.0,80.0,53.0,72.0,3172,199.38,31576792651672
11698.0,3,,73.0,78.0,78.0,53.0,71.0,3384,199.39,31876940525085
11703.0,0,100.00,72.0,76.0,76.0,52.0,71.0,3025,199.78,63219494902770
11703.0,1,100.00,70.0,78.0,78.0,51.0,70.0,2803,199.76,34569385580932
11704.0,2,,73.0,80.0,80.0,53.0,73.0,3247,198.65,31577917003479
11704.0,3,,72.0,78.0,78.0,53.0,71.0,3383,199.52,31878069815307
11709.0,0,,71.0,76.0,76.0,52.0,71.0,3014,200.11,63220625538696
11709.0,1,,71.0,78.0,78.0,52.0,70.0,2804,200.06,34570515927124
11709.0,2,,72.0,80.0,80.0,53.0,73.0,3369,199.40,31579041622619
11709.0,3,,73.0,78.0,78.0,53.0,71.0,3383,199.62,31879195676391
11715.0,0,,71.0,76.0,76.0,52.0,71.0,2879,200.03,63221755725830
11715.0,1,,71.0,78.0,78.0,52.0,69.0,2803,199.84,34571645032897
11715.0,2,,73.0,80.0,80.0,53.0,72.0,3172,198.36,31580164343933
11715.0,3,,73.0,78.0,78.0,53.0,71.0,3393,199.11,31880322653686
11720.0,0,,71.0,76.0,76.0,52.0,71.0,3063,199.79,63222886550537
11720.0,1,,71.0,78.0,78.0,52.0,70.0,2798,200.03,34572777227966
11721.0,2,100.00,72.0,80.0,80.0,53.0,72.0,3244,198.06,31581285388854
11721.0,3,,73.0,78.0,78.0,53.0,71.0,3383,199.33,31881450884521
11726.0,0,,71.0,76.0,76.0,52.0,71.0,2842,200.02,63224018638793
11726.0,1,100.00,69.0,78.0,78.0,52.0,69.0,2810,199.74,34573907778686
11726.0,2,,73.0,80.0,80.0,53.0,72.0,3372,198.73,31582410186401
11726.0,3,,73.0,78.0,78.0,53.0,71.0,3391,199.20,31882578369079
11732.0,0,,71.0,76.0,76.0,53.0,71.0,3032,200.02,63225150744140
11732.0,1,,70.0,78.0,78.0,52.0,70.0,2808,199.68,34575037940917
11732.0,2,100.00,72.0,80.0,80.0,53.0,72.0,3340,198.01,31583530929321
11732.0,3,,73.0,78.0,78.0,53.0,71.0,3392,199.07,31883705092590
11737.0,0,,70.0,76.0,76.0,51.0,70.0,2998,199.72,63226283138610
11737.0,1,,70.0,78.0,78.0,52.0,70.0,2799,199.88,34576171281372
11738.0,2,100.00,72.0,80.0,80.0,53.0,72.0,3135,198.25,31584653041992
11738.0,3,,73.0,78.0,78.0,53.0,71.0,3392,198.72,31884829853210
11743.0,0,100.00,71.0,76.0,76.0,53.0,71.0,2885,200.18,63227414164428
11743.0,1,,70.0,78.0,78.0,51.0,69.0,2800,199.67,34577299395446
11743.0,2,100.00,72.0,80.0,80.0,53.0,72.0,3182,197.24,31585769406677
11743.0,3,100.00,72.0,78.0,78.0,52.0,71.0,3381,198.61,31885953996765
11749.0,0,,69.0,76.0,76.0,52.0,71.0,3068,199.68,63228548321044
11749.0,1,,70.0,78.0,78.0,52.0,70.0,2803,199.50,34578432563415
11749.0,2,,72.0,80.0,80.0,53.0,72.0,3361,197.95,31586893769226
11749.0,3,,71.0,78.0,78.0,53.0,71.0,3386,198.28,31887080214599
11754.0,0,,72.0,76.0,76.0,53.0,71.0,2859,200.11,63229680926696
11754.0,1,,71.0,78.0,78.0,51.0,69.0,2797,199.71,34579562932312
11755.0,2,,72.0,80.0,80.0,53.0,73.0,3202,197.13,31588009500183
11755.0,3,,71.0,78.0,78.0,53.0,71.0,3393,198.58,31888204175354
11760.0,0,,71.0,76.0,76.0,52.0,71.0,2957,199.67,63230813049865
11760.0,1,,70.0,78.0,78.0,52.0,70.0,2808,199.91,34580694432617
11760.0,2,,71.0,80.0,80.0,53.0,72.0,3092,196.66,31589124539428
11760.0,3,,73.0,78.0,78.0,53.0,71.0,3387,198.61,31889330283996
11766.0,0,,71.0,76.0,76.0,52.0,71.0,3071,199.91,63231944530822
11766.0,1,,70.0,78.0,78.0,52.0,70.0,2797,199.10,34581823340270
11766.0,2,,71.0,80.0,80.0,53.0,71.0,3263,197.69,31590243479431
11766.0,3,,73.0,78.0,78.0,53.0,71.0,3381,198.59,31890454276794
11771.0,0,,71.0,76.0,76.0,52.0,71.0,2871,199.98,63233078395690
11771.0,1,,70.0,78.0,78.0,52.0,70.0,2808,199.33,34582951536254
11772.0,2,100.00,72.0,80.0,80.0,53.0,72.0,3180,197.18,31591359509521
11772.0,3,,71.0,78.0,78.0,53.0,71.0,3390,198.40,31891577239746
11777.0,0,,71.0,76.0,76.0,52.0,71.0,2871,199.52,63234207690246
11777.0,1,,71.0,78.0,78.0,52.0,70.0,2805,199.28,34584081436462
11777.0,2,,72.0,82.0,80.0,53.0,72.0,3109,197.03,31592478615234
11777.0,3,100.00,72.0,78.0,78.0,53.0,71.0,3385,197.80,31892700763732
11783.0,0,,72.0,76.0,76.0,52.0,71.0,3058,200.05,63235341945861
11783.0,1,,70.0,78.0,78.0,52.0,70.0,2795,199.08,34585210202575
11783.0,2,,72.0,80.0,80.0,53.0,72.0,3325,196.97,31593593459716
11783.0,3,,72.0,78.0,78.0,53.0,71.0,3387,197.56,31893820926879
11788.0,0,,71.0,76.0,76.0,52.0,71.0,2933,200.07,63236476315002
11788.0,1,,70.0,78.0,78.0,52.0,69.0,2806,198.80,34586337387329
11789.0,2,,72.0,80.0,80.0,53.0,72.0,3148,196.39,31594707015869
11789.0,3,,73.0,78.0,78.0,53.0,71.0,3392,198.30,31894943331909
11794.0,0,,70.0,76.0,76.0,52.0,71.0,2905,199.02,63237602776550
11794.0,1,,70.0,78.0,78.0,52.0,70.0,2798,199.14,34587464528686
11794.0,2,,72.0,82.0,80.0,53.0,72.0,3187,197.22,31595823305480
11794.0,3,,73.0,78.0,78.0,53.0,70.0,3390,197.23,31896059668395
11800.0,0,,72.0,76.0,76.0,52.0,71.0,3073,199.63,63238734693908
11800.0,1,,70.0,78.0,78.0,52.0,69.0,2800,198.29,34588586869506
11800.0,2,,71.0,80.0,80.0,53.0,71.0,3321,195.94,31596932315734
11800.0,3,,73.0,78.0,78.0,53.0,71.0,3386,197.11,31897175336486
11805.0,0,76.61,70.0,76.0,76.0,52.0,70.0,2907,183.63,63239772228149
11805.0,1,76.73,69.0,78.0,78.0,51.0,69.0,2736,182.51,34589619881164
11806.0,2,76.50,71.0,80.0,80.0,53.0,72.0,3097,180.04,31597951364196
11806.0,3,76.53,71.0,78.0,78.0,52.0,71.0,3363,181.26,31898199479553
11811.0,0,,71.0,76.0,76.0,52.0,71.0,2764,199.68,63240900443481
11811.0,1,,70.0,78.0,78.0,51.0,70.0,2510,200.04,34590748124450
11811.0,2,,72.0,80.0,80.0,53.0,72.0,3076,199.90,31599078800659
11811.0,3,,73.0,78.0,78.0,53.0,71.0,3118,199.94,31899327135437
11817.0,0,,71.0,76.0,76.0,52.0,71.0,2797,200.01,63242028514160
11817.0,1,,71.0,78.0,78.0,52.0,70.0,2563,199.97,34591875946411
11817.0,2,,73.0,80.0,80.0,53.0,72.0,3086,199.80,31600205695983
11817.0,3,,73.0,78.0,78.0,53.0,71.0,3329,199.62,31900454987365
11822.0,0,,71.0,76.0,76.0,52.0,71.0,2808,199.89,63243155905822
11822.0,1,,71.0,78.0,78.0,52.0,70.0,2776,200.06,34593004298522
11822.0,2,,73.0,80.0,80.0,54.0,72.0,3148,200.18,31601334729431
11823.0,3,,72.0,78.0,78.0,53.0,71.0,3373,199.79,31901581813964
11828.0,0,,71.0,76.0,76.0,52.0,71.0,3039,199.97,63244285729797
11828.0,1,,70.0,78.0,78.0,51.0,70.0,2804,199.57,34594133882080
11828.0,2,,72.0,80.0,80.0,53.0,72.0,3343,199.73,31602463217834
11828.0,3,,73.0,76.0,78.0,53.0,71.0,3393,200.39,31902714035278
11834.0,0,,70.0,76.0,76.0,52.0,71.0,3033,199.85,63245416859191
11834.0,1,,71.0,78.0,78.0,52.0,70.0,2801,200.35,34595265835144
11834.0,2,,72.0,80.0,80.0,53.0,71.0,3373,199.27,31603591087158
11834.0,3,,72.0,78.0,76.0,53.0,71.0,3384,199.44,31903842872985
11839.0,0,,71.0,76.0,76.0,52.0,71.0,2832,200.28,63246548423278
11839.0,1,,70.0,78.0,78.0,52.0,70.0,2799,199.87,34596397093933
11839.0,2,,73.0,80.0,80.0,54.0,72.0,3158,199.01,31604717495666
11840.0,3,,73.0,76.0,78.0,53.0,71.0,3392,199.92,31904974408203
11845.0,0,,72.0,76.0,76.0,52.0,71.0,3038,200.06,63247682760437
11845.0,1,,70.0,78.0,78.0,51.0,70.0,2806,199.78,34597529831054
11845.0,2,,73.0,80.0,80.0,53.0,72.0,3187,198.90,31605845253234
11845.0,3,,73.0,78.0,78.0,53.0,71.0,3389,199.60,31906106157287
11850.0,0,,70.0,76.0,76.0,52.0,71.0,2990,199.71,63248813118347
11851.0,1,,70.0,78.0,78.0,52.0,70.0,2798,200.20,34598662977294
11851.0,2,,71.0,80.0,80.0,53.0,72.0,3360,198.71,31606969947937
11851.0,3,,73.0,78.0,78.0,53.0,71.0,3381,199.54,31907235581115
11856.0,0,,72.0,76.0,76.0,52.0,71.0,2903,200.00,63249947134887
11856.0,1,,70.0,78.0,78.0,51.0,70.0,2797,199.36,34599793367065
11856.0,2,,72.0,80.0,80.0,53.0,72.0,3286,198.72,31608094717651
11857.0,3,,72.0,78.0,78.0,53.0,71.0,3382,199.20,31908363030395
11862.0,0,,72.0,76.0,76.0,52.0,71.0,3066,200.11,63251077767028
11862.0,1,,70.0,78.0,78.0,52.0,70.0,2803,200.28,34600924921447
11862.0,2,,73.0,80.0,80.0,53.0,72.0,3109,198.11,31609216038879
11862.0,3,,73.0,78.0,78.0,53.0,71.0,3383,199.25,31909490801574
11867.0,0,,71.0,76.0,76.0,52.0,71.0,2853,200.00,63252209744873
11868.0,1,,71.0,78.0,78.0,52.0,70.0,2798,199.84,34602056009094
11868.0,2,,72.0,80.0,80.0,54.0,72.0,3297,198.66,31610340459472
11868.0,3,,73.0,78.0,78.0,53.0,71.0,3395,198.89,31910616545959
11873.0,0,,71.0,76.0,76.0,52.0,71.0,2970,199.94,63253341398864
11873.0,1,,70.0,78.0,78.0,52.0,70.0,2800,199.75,34603186595886
11873.0,2,,72.0,80.0,80.0,53.0,72.0,3319,198.37,31611463242187
11874.0,3,,73.0,78.0,78.0,53.0,71.0,3381,199.25,31911744305175
11879.0,0,,71.0,76.0,76.0,52.0,71.0,2988,199.81,63254472349609
11879.0,1,,70.0,78.0,78.0,52.0,70.0,2809,199.94,34604318271301
11879.0,2,,72.0,80.0,80.0,53.0,72.0,3127,197.28,31612579849060
11879.0,3,,73.0,78.0,78.0,53.0,71.0,3392,198.90,31912870095825
11884.0,0,,71.0,76.0,76.0,52.0,71.0,2850,199.79,63255605173461
11885.0,1,,70.0,78.0,78.0,52.0,70.0,2797,199.69,34605450485473
11885.0,2,,71.0,80.0,80.0,53.0,72.0,3253,197.93,31613702091796
11885.0,3,,73.0,78.0,78.0,53.0,71.0,3381,199.01,31913996517822
11890.0,0,,71.0,76.0,76.0,52.0,71.0,3063,199.96,63256736959594
11890.0,1,,70.0,78.0,78.0,51.0,69.0,2808,199.30,34606578517883
11890.0,2,,72.0,80.0,80.0,53.0,72.0,3328,197.51,31614819999267
11891.0,3,,72.0,78.0,78.0,52.0,71.0,3388,198.31,31915120944702
11896.0,0,,72.0,76.0,76.0,53.0,72.0,2850,200.11,63257869557189
11896.0,1,,68.0,78.0,78.0,51.0,69.0,2797,199.69,34607708789855
11896.0,2,,72.0,80.0,80.0,53.0,72.0,3113,197.58,31615938326049
11896.0,3,,73.0,78.0,78.0,53.0,71.0,3390,198.72,31916245719787
11901.0,0,,70.0,76.0,76.0,52.0,71.0,3027,199.81,63259002471679
11902.0,1,,70.0,78.0,78.0,52.0,70.0,2796,199.34,34608839068847
11902.0,2,,72.0,80.0,80.0,53.0,72.0,3248,197.60,31617058722961
11902.0,3,,73.0,78.0,78.0,53.0,71.0,3388,197.78,31917367126464
11907.0,0,,70.0,76.0,76.0,53.0,71.0,2999,199.51,63260133673217
11907.0,1,,70.0,78.0,78.0,52.0,70.0,2809,199.32,34609967222595
11907.0,2,,71.0,80.0,80.0,52.0,72.0,3330,197.23,31618175016662
11908.0,3,,73.0,76.0,78.0,53.0,71.0,3394,198.22,31918489036621
11913.0,0,,71.0,76.0,76.0,52.0,71.0,2862,200.20,63261266817871
11913.0,1,,71.0,78.0,78.0,52.0,70.0,2808,198.89,34611094927124
11913.0,2,,72.0,80.0,80.0,53.0,72.0,3105,196.65,31619290006225
11913.0,3,100.00,72.0,78.0,78.0,53.0,71.0,3379,197.55,31919609146240
11918.0,0,,72.0,76.0,76.0,52.0,71.0,3042,199.69,63262397091125
11919.0,1,,70.0,78.0,78.0,52.0,70.0,2798,199.29,34612222920166
11919.0,2,,71.0,80.0,80.0,53.0,72.0,3243,196.75,31620403616882
11919.0,3,,73.0,78.0,78.0,53.0,71.0,3391,198.36,31920731842407
11924.0,0,,71.0,76.0,76.0,52.0,71.0,2926,199.83,63263528129272
11924.0,1,,70.0,78.0,78.0,52.0,70.0,2799,199.83,34613353973999
11924.0,2,,70.0,80.0,80.0,53.0,72.0,3330,196.92,31621518162658
11925.0,3,100.00,73.0,78.0,78.0,53.0,71.0,3385,198.94,31921855827819
11930.0,0,,70.0,76.0,76.0,52.0,71.0,2907,199.31,63264656232482
11930.0,1,,70.0,78.0,78.0,52.0,70.0,2804,198.63,34614476253601
11930.0,2,,72.0,80.0,80.0,54.0,72.0,3109,196.81,31622630154785
11930.0,3,,73.0,78.0,78.0,53.0,71.0,3393,197.87,31922975763488
11935.0,0,,71.0,76.0,76.0,52.0,71.0,3062,200.09,63265788750732
11936.0,1,,68.0,78.0,78.0,52.0,69.0,2804,198.89,34615603978515
11936.0,2,,72.0,80.0,80.0,54.0,72.0,3157,196.51,31623744358276
11936.0,3,,73.0,78.0,78.0,53.0,71.0,3391,198.05,31924098714111
11941.0,0,,71.0,76.0,76.0,52.0,71.0,2849,200.25,63266922160034
11941.0,1,,69.0,78.0,78.0,52.0,70.0,2808,199.18,34616733347229
11941.0,2,,72.0,80.0,80.0,53.0,72.0,3357,197.53,31624862402832
11942.0,3,,72.0,78.0,78.0,52.0,71.0,3385,198.27,31925222915832
11947.0,0,99.54,71.0,76.0,76.0,52.0,71.0,2906,192.67,63268014610290
11947.0,1,99.48,70.0,78.0,78.0,51.0,70.0,2802,192.14,34617818955566
11947.0,2,99.34,72.0,80.0,80.0,53.0,72.0,3219,188.98,31625930143249
11947.0,3,99.31,72.0,78.0,78.0,53.0,71.0,3395,190.29,31926296136108
11952.0,0,,72.0,76.0,76.0,52.0,71.0,2848,200.15,63269143446472
11953.0,1,,71.0,78.0,78.0,52.0,70.0,2527,199.97,34618948781066
11953.0,2,,73.0,80.0,80.0,53.0,72.0,3098,199.81,31627061088439
11953.0,3,,73.0,78.0,78.0,53.0,71.0,3339,199.89,31927427538818
11958.0,0,,71.0,76.0,76.0,52.0,71.0,2804,193.08,63270234351806
11958.0,1,,69.0,78.0,78.0,52.0,70.0,2582,192.65,34620037231750
11958.0,2,,72.0,80.0,80.0,53.0,72.0,3084,192.45,31628146506103
11958.0,3,,73.0,78.0,78.0,53.0,71.0,3310,192.52,31928513360717
11964.0,0,,72.0,76.0,76.0,52.0,71.0,2806,199.74,63271362894042
11964.0,1,,71.0,78.0,78.0,51.0,70.0,2688,199.71,34621165598083
11964.0,2,,72.0,80.0,80.0,54.0,72.0,3089,199.45,31629275393127
11964.0,3,,70.0,78.0,78.0,52.0,70.0,3270,199.67,31929641489807
11969.0,0,,71.0,76.0,76.0,52.0,71.0,2808,192.68,63272451553283
11969.0,1,,71.0,78.0,78.0,51.0,70.0,2692,192.75,34622252688598
11970.0,2,,71.0,80.0,80.0,53.0,72.0,3087,192.65,31630360019714
11970.0,3,,73.0,78.0,78.0,53.0,71.0,3246,192.60,31930727748596
11975.0,0,,70.0,76.0,76.0,52.0,71.0,2793,193.29,63273541698364
11975.0,1,,70.0,78.0,78.0,51.0,70.0,2738,192.82,34623342132812
11975.0,2,,72.0,80.0,80.0,54.0,72.0,3086,192.51,31631449607849
11975.0,3,,72.0,78.0,78.0,53.0,71.0,3328,192.82,31931819087890
11981.0,0,,72.0,76.0,76.0,53.0,71.0,2814,199.41,63274670357727
11981.0,1,,71.0,78.0,78.0,52.0,70.0,2689,199.71,34624470513977
11981.0,2,,73.0,80.0,80.0,53.0,72.0,3127,199.59,31632577308227
11981.0,3,,73.0,78.0,78.0,53.0,71.0,3267,199.72,31932945504516
11986.0,0,,71.0,76.0,76.0,52.0,72.0,2891,193.07,63275759274597
11986.0,1,,70.0,78.0,78.0,52.0,70.0,2633,192.72,34625559357482
11987.0,2,,71.0,80.0,80.0,54.0,72.0,3247,192.48,31633664820556
11987.0,3,,73.0,78.0,78.0,53.0,71.0,3257,192.47,31934034901977
11992.0,0,,71.0,76.0,74.0,52.0,71.0,2874,192.59,63276849353515
11992.0,1,,71.0,78.0,78.0,52.0,70.0,2738,192.17,34626647054260
11992.0,2,,71.0,80.0,80.0,53.0,72.0,3102,192.33,31634751484313
11992.0,3,,73.0,78.0,78.0,53.0,71.0,3348,192.57,31935120985839
11998.0,0,,71.0,76.0,76.0,52.0,71.0,2837,200.19,63277980454528
11998.0,1,,70.0,78.0,78.0,51.0,70.0,2750,200.13,34627777794616
11998.0,2,,71.0,80.0,80.0,53.0,72.0,3087,200.02,31635881604370
11998.0,3,,72.0,78.0,78.0,53.0,71.0,3287,199.83,31936251996704
12003.0,0,99.91,71.0,76.0,76.0,52.0,71.0,2832,175.13,63278971715209
12003.0,1,,69.0,78.0,78.0,51.0,69.0,2768,174.89,34628767651367
12004.0,2,,72.0,80.0,80.0,53.0,72.0,3224,174.35,31636868445678
12004.0,3,,71.0,78.0,78.0,53.0,71.0,3267,174.66,31937240550048
12009.0,0,,71.0,76.0,76.0,52.0,71.0,2667,199.92,63280101284545
12009.0,1,,70.0,78.0,78.0,52.0,70.0,2466,200.07,34629896020751
12009.0,2,,72.0,80.0,80.0,53.0,72.0,3017,199.90,31637997878967
12009.0,3,,73.0,78.0,78.0,53.0,71.0,3040,199.63,31938368477416
12015.0,0,,71.0,76.0,76.0,52.0,71.0,2802,192.88,63281191053710
12015.0,1,,70.0,80.0,78.0,52.0,70.0,2567,192.37,34630984812988
12015.0,2,100.00,71.0,80.0,80.0,53.0,72.0,3077,192.06,31639084911682
12015.0,3,,73.0,78.0,78.0,53.0,71.0,3233,192.61,31939458654052
12020.0,0,,71.0,76.0,76.0,52.0,71.0,2831,192.70,63282281762084
12020.0,1,,71.0,78.0,78.0,52.0,70.0,2769,192.29,34632073170471
12020.0,2,,71.0,80.0,80.0,53.0,72.0,3111,192.46,31640172291137
12021.0,3,,73.0,78.0,78.0,53.0,71.0,3360,192.76,31940545809997
12026.0,0,,71.0,76.0,76.0,52.0,71.0,2815,200.13,63283412518493
12026.0,1,,70.0,78.0,78.0,52.0,70.0,2697,200.07,34633203570068
12026.0,2,,72.0,80.0,80.0,53.0,72.0,3109,200.08,31641302739501
12026.0,3,,73.0,78.0,78.0,53.0,71.0,3340,199.80,31941676685424
12032.0,0,,71.0,76.0,76.0,52.0,72.0,2974,193.06,63284503312988
12032.0,1,,70.0,78.0,80.0,52.0,70.0,2722,192.84,34634291215270
12032.0,2,,71.0,80.0,80.0,54.0,72.0,3181,192.15,31642388372619
12032.0,3,,72.0,78.0,78.0,53.0,71.0,3342,192.57,31942762774230
12037.0,0,,71.0,76.0,76.0,52.0,71.0,2818,199.88,63285630646179
12037.0,1,,71.0,78.0,78.0,51.0,70.0,2771,199.76,34635419879150
12037.0,2,,72.0,80.0,80.0,54.0,72.0,3140,200.05,31643518646728
12038.0,3,,71.0,78.0,78.0,53.0,71.0,3360,199.70,31943893103210
12043.0,0,,70.0,76.0,76.0,52.0,71.0,2854,191.54,63286714778686
12043.0,1,,70.0,78.0,80.0,52.0,70.0,2624,191.38,34636501190429
12043.0,2,,72.0,80.0,80.0,53.0,72.0,3167,190.94,31644597476562
12043.0,3,,72.0,78.0,78.0,52.0,71.0,3265,191.17,31944971301513
12048.0,0,,72.0,76.0,76.0,52.0,71.0,2851,199.91,63287842274414
12049.0,1,,70.0,78.0,78.0,52.0,70.0,2756,199.81,34637628102661
12049.0,2,,73.0,80.0,80.0,53.0,72.0,3168,200.10,31645726048767
12049.0,3,,72.0,78.0,78.0,53.0,71.0,3357,199.85,31946100458251
12054.0,0,,71.0,76.0,76.0,53.0,71.0,3050,199.96,63288972071350
12054.0,1,,71.0,80.0,78.0,52.0,70.0,2807,199.81,34638757041870
12054.0,2,,72.0,80.0,80.0,54.0,72.0,3349,199.65,31646854075073
12055.0,3,,71.0,78.0,78.0,53.0,71.0,3380,199.81,31947229386413
12060.0,0,98.12,71.0,76.0,76.0,52.0,71.0,3061,192.13,63290055662536
12060.0,1,97.71,70.0,78.0,78.0,51.0,70.0,2795,191.63,34639839767150
12060.0,2,97.89,72.0,80.0,80.0,53.0,72.0,3371,191.41,31647933631530
12060.0,3,97.84,72.0,78.0,78.0,53.0,71.0,3385,191.34,31948308520385
12065.0,0,,71.0,76.0,76.0,52.0,71.0,2838,199.74,63291184217895
12066.0,1,,70.0,78.0,78.0,52.0,70.0,2655,199.93,34640969367858
12066.0,2,,72.0,80.0,80.0,53.0,72.0,3152,200.02,31649063731628
12066.0,3,,73.0,78.0,78.0,53.0,71.0,3340,200.22,31949439747253
12071.0,0,,71.0,76.0,76.0,52.0,71.0,2801,200.20,63292315343933
12071.0,1,,70.0,78.0,78.0,52.0,70.0,2791,199.96,34642099127380
12071.0,2,,72.0,80.0,80.0,54.0,72.0,3099,199.67,31650193866394
12071.0,3,,72.0,78.0,78.0,53.0,71.0,3376,199.61,31950569546997
12077.0,0,,72.0,76.0,76.0,52.0,71.0,2994,199.59,63293445035217
12077.0,1,,69.0,78.0,78.0,52.0,70.0,2803,200.14,34643229936523
12077.0,2,100.00,73.0,80.0,80.0,54.0,73.0,3303,200.03,31651324018859
12077.0,3,,73.0,78.0,78.0,53.0,71.0,3384,200.12,31951700249938
12082.0,0,,70.0,76.0,76.0,52.0,71.0,3006,191.68,63294528037170
12082.0,1,,70.0,78.0,78.0,51.0,70.0,2764,191.14,34644309868835
12083.0,2,,72.0,80.0,80.0,53.0,72.0,3317,191.06,31652401594177
12083.0,3,,71.0,78.0,78.0,53.0,71.0,3321,191.00,31952777502319
12088.0,0,,71.0,76.0,76.0,52.0,71.0,2804,200.15,63295656907958
12088.0,1,,71.0,78.0,80.0,52.0,70.0,2578,200.25,34645441295104
12088.0,2,,72.0,80.0,80.0,54.0,72.0,3128,199.83,31653532637145
12088.0,3,,73.0,78.0,78.0,53.0,71.0,3357,200.16,31953910400451
12094.0,0,,71.0,76.0,76.0,52.0,71.0,2808,199.79,63296789692321
12094.0,1,,70.0,78.0,78.0,52.0,70.0,2776,199.56,34646572816406
12094.0,2,,72.0,80.0,80.0,53.0,72.0,3136,199.60,31654664361877
12094.0,3,,73.0,78.0,78.0,53.0,71.0,3381,199.72,31955042820373
12099.0,0,,71.0,76.0,76.0,52.0,71.0,3021,200.13,63297922428405
12099.0,1,,70.0,78.0,78.0,52.0,70.0,2809,200.12,34647705472290
12100.0,2,,71.0,80.0,80.0,54.0,72.0,3339,200.05,31655796662048
12100.0,3,,73.0,78.0,78.0,53.0,71.0,3393,199.72,31956173221862
12105.0,0,,71.0,76.0,76.0,52.0,71.0,2915,191.82,63299008132568
12105.0,1,,70.0,78.0,78.0,52.0,70.0,2663,191.48,34648789232666
12105.0,2,,72.0,80.0,82.0,53.0,72.0,3256,191.07,31656878139587
12105.0,3,,73.0,78.0,78.0,53.0,71.0,3343,191.61,31957255845581
12111.0,0,,71.0,76.0,76.0,52.0,71.0,2798,199.81,63300135044921
12111.0,1,,70.0,78.0,78.0,52.0,70.0,2724,199.86,34649916431945
12111.0,2,,72.0,80.0,80.0,53.0,72.0,3101,200.05,31658004405090
12111.0,3,,73.0,78.0,78.0,53.0,71.0,3378,199.96,31958381625183
12116.0,0,,72.0,76.0,76.0,52.0,71.0,2971,200.01,63301263080688
12116.0,1,,70.0,78.0,78.0,52.0,70.0,2801,200.04,34651042637512
12117.0,2,,73.0,80.0,80.0,53.0,72.0,3152,200.07,31659130793090
12117.0,3,,72.0,78.0,78.0,53.0,71.0,3387,199.82,31959508592712
12122.0,0,97.58,71.0,76.0,76.0,52.0,71.0,3079,191.67,63302342155761
12122.0,1,97.57,71.0,78.0,78.0,51.0,70.0,2801,191.20,34652120993469
12122.0,2,97.48,72.0,80.0,80.0,53.0,72.0,3332,190.72,31660206425720
12122.0,3,97.55,72.0,78.0,78.0,52.0,71.0,3384,191.09,31960586329467
12128.0,0,,71.0,76.0,76.0,52.0,71.0,2860,199.84,63303471258789
12128.0,1,,71.0,80.0,80.0,52.0,70.0,2614,200.18,34653250023376
12128.0,2,,71.0,82.0,80.0,54.0,72.0,3146,199.88,31661335766479
12128.0,3,,72.0,78.0,78.0,53.0,71.0,3336,199.92,31961715859741
12133.0,0,,70.0,76.0,76.0,52.0,71.0,2801,200.21,63304602472778
12133.0,1,,71.0,78.0,78.0,52.0,70.0,2769,199.64,34654380013549
12133.0,2,,72.0,80.0,80.0,53.0,72.0,3117,199.78,31662466532287
12134.0,3,,72.0,76.0,78.0,53.0,71.0,3380,199.96,31962847621582
12139.0,0,100.00,71.0,76.0,76.0,52.0,71.0,2906,199.94,63305734143310
12139.0,1,100.00,71.0,78.0,78.0,52.0,70.0,2801,199.88,34655511333557
12139.0,2,100.00,73.0,80.0,80.0,54.0,72.0,3331,200.28,31663598120056
12139.0,3,,73.0,78.0,78.0,53.0,71.0,3385,200.13,31963978333435
12145.0,0,98.11,70.0,76.0,76.0,52.0,71.0,3043,192.11,63306821461486
12145.0,1,97.87,70.0,78.0,78.0,52.0,70.0,2756,191.79,34656596842102
12145.0,2,97.85,73.0,80.0,80.0,53.0,72.0,3307,190.94,31664680722045
12145.0,3,97.74,71.0,78.0,78.0,53.0,71.0,3371,191.41,31965061717712
12150.0,0,,71.0,76.0,76.0,52.0,71.0,2804,199.82,63307950445251
12150.0,1,,71.0,78.0,78.0,52.0,70.0,2688,199.91,34657726342895
12150.0,2,,72.0,80.0,80.0,53.0,72.0,3123,199.94,31665810354980
12151.0,3,,73.0,78.0,78.0,53.0,71.0,3356,200.08,31966192151550
12156.0,0,,70.0,76.0,76.0,52.0,71.0,2833,199.77,63309081144226
12156.0,1,,69.0,78.0,78.0,52.0,70.0,2790,199.98,34658856225036
12156.0,2,,72.0,80.0,80.0,53.0,72.0,3099,199.87,31666939613769
12156.0,3,100.00,73.0,78.0,78.0,53.0,71.0,3376,199.59,31967321803649
12161.0,0,,71.0,76.0,76.0,52.0,71.0,3048,199.92,63310210668090
12162.0,1,,71.0,78.0,78.0,52.0,70.0,2803,200.04,34659986474548
12162.0,2,,73.0,80.0,80.0,53.0,72.0,3332,199.99,31668069578735
12162.0,3,,73.0,78.0,78.0,53.0,71.0,3383,200.05,31968452102600
12167.0,0,100.00,70.0,76.0,76.0,52.0,70.0,2966,192.11,63311298030761
12167.0,1,,70.0,78.0,80.0,52.0,70.0,2659,191.53,34661072458557
12167.0,2,,73.0,80.0,80.0,53.0,72.0,3232,191.05,31669152845336
12168.0,3,100.00,72.0,78.0,78.0,52.0,71.0,3380,191.19,31969536176452
12173.0,0,,72.0,76.0,76.0,52.0,71.0,2814,199.93,63312427634033
12173.0,1,,70.0,78.0,80.0,52.0,70.0,2721,199.84,34662201543457
12173.0,2,,72.0,80.0,80.0,53.0,72.0,3118,200.05,31670281132934
12173.0,3,,73.0,78.0,78.0,53.0,71.0,3387,200.00,31970662197326
12178.0,0,,71.0,76.0,76.0,53.0,71.0,2854,199.84,63313554740417
12179.0,1,,70.0,78.0,78.0,51.0,70.0,2799,200.24,34663328905822
12179.0,2,,72.0,80.0,80.0,54.0,72.0,3245,199.87,31671408417236
12179.0,3,,72.0,78.0,78.0,53.0,71.0,3383,200.06,31971790544677
12184.0,0,,67.0,74.0,74.0,51.0,69.0,3060,193.21,63314646395080
12184.0,1,,70.0,78.0,76.0,51.0,69.0,2804,190.77,34664406773376
12184.0,2,,71.0,80.0,80.0,53.0,72.0,3363,191.06,31672487884704
12185.0,3,,72.0,78.0,76.0,53.0,71.0,3383,190.75,31972870176269
12190.0,0,,71.0,76.0,76.0,52.0,71.0,2854,198.48,63315767817626
12190.0,1,,69.0,80.0,80.0,52.0,70.0,2654,200.28,34665540376647
12190.0,2,,71.0,80.0,80.0,53.0,72.0,3176,200.06,31673618203857
12190.0,3,,72.0,78.0,78.0,53.0,71.0,3304,200.17,31974001159973
12195.0,0,,70.0,76.0,76.0,53.0,71.0,2805,199.98,63316897716308
12196.0,1,,71.0,78.0,78.0,52.0,70.0,2780,199.88,34666669704101
12196.0,2,,72.0,80.0,80.0,53.0,72.0,3089,199.62,31674748066772
12196.0,3,,72.0,78.0,78.0,53.0,71.0,3364,199.99,31975131126647
12201.0,0,,70.0,76.0,76.0,53.0,71.0,2959,199.84,63318028801513
12201.0,1,,70.0,78.0,78.0,51.0,70.0,2802,199.71,34667800064819
12201.0,2,,73.0,80.0,80.0,53.0,73.0,3280,200.17,31675879013549
12201.0,3,,73.0,78.0,78.0,53.0,71.0,3385,199.76,31976261789855
12207.0,0,97.95,71.0,76.0,76.0,52.0,71.0,3020,192.11,63319116116638
12207.0,1,97.81,70.0,78.0,78.0,52.0,70.0,2765,191.90,34668886202209
12207.0,2,97.83,72.0,82.0,82.0,53.0,72.0,3327,191.03,31676962158325
12207.0,3,97.68,72.0,78.0,78.0,52.0,71.0,3369,191.47,31977345496643
12212.0,0,,71.0,76.0,76.0,52.0,71.0,2828,199.69,63320244367187
12212.0,1,,70.0,80.0,78.0,52.0,70.0,2627,200.00,34670014186401
12213.0,2,,71.0,82.0,80.0,54.0,72.0,3140,199.83,31678089199279
12213.0,3,,73.0,78.0,78.0,53.0,71.0,3356,199.56,31978471022277
12218.0,0,,72.0,76.0,76.0,53.0,71.0,2800,200.29,63321371973205
12218.0,1,,71.0,78.0,78.0,52.0,70.0,2789,199.86,34671141400939
12218.0,2,,73.0,80.0,80.0,53.0,72.0,3138,199.98,31679217110839
12218.0,3,,73.0,78.0,78.0,53.0,71.0,3379,200.31,31979600752441
12224.0,0,,71.0,76.0,76.0,52.0,71.0,3038,199.94,63322501625488
12224.0,1,,71.0,78.0,78.0,52.0,70.0,2807,199.70,34672269680908
12224.0,2,,72.0,80.0,80.0,53.0,72.0,3350,199.92,31680344662780
12224.0,3,,73.0,78.0,78.0,53.0,71.0,3382,199.57,31980728295349
12229.0,0,,70.0,76.0,76.0,52.0,71.0,2954,191.81,63323585326110
12229.0,1,,70.0,80.0,78.0,52.0,70.0,2708,191.56,34673352009643
12230.0,2,,72.0,82.0,80.0,53.0,72.0,3280,191.30,31681425524108
12230.0,3,,72.0,78.0,78.0,53.0,71.0,3386,191.54,31981810503906
12235.0,0,,71.0,76.0,76.0,52.0,71.0,2815,199.94,63324714969909
12235.0,1,,71.0,78.0,78.0,52.0,70.0,2728,200.02,34674482116516
12235.0,2,,71.0,80.0,80.0,54.0,72.0,3118,199.79,31682556355407
12235.0,3,,73.0,78.0,78.0,53.0,71.0,3384,199.75,31982941108947
12241.0,0,,72.0,76.0,76.0,53.0,71.0,2855,200.02,63325845068115
12241.0,1,,71.0,78.0,80.0,52.0,70.0,2792,199.96,34675611900390
12241.0,2,,73.0,80.0,80.0,54.0,72.0,3125,199.86,31683685548645
12241.0,3,,73.0,78.0,78.0,53.0,71.0,3392,200.10,31984069664794
12246.0,0,,69.0,76.0,76.0,52.0,70.0,3059,199.64,63326973028015
12246.0,1,,67.0,76.0,78.0,50.0,68.0,2802,197.13,34676725656921
12247.0,2,,68.0,78.0,78.0,52.0,70.0,3337,194.05,31684783883300
12247.0,3,,68.0,76.0,76.0,51.0,69.0,3387,191.00,31985152610778
12252.0,0,,71.0,76.0,76.0,52.0,70.0,2873,188.52,63328040067077
12252.0,1,,69.0,78.0,78.0,52.0,70.0,2571,190.76,34677805355529
12252.0,2,,72.0,80.0,80.0,53.0,72.0,3161,193.41,31685874716979
12252.0,3,,73.0,78.0,78.0,53.0,71.0,3194,196.45,31986260574218
12258.0,0,,71.0,76.0,76.0,52.0,71.0,2807,199.71,63329168438171
12258.0,1,,70.0,78.0,78.0,52.0,70.0,2761,199.85,34678934521911
12258.0,2,,73.0,80.0,80.0,54.0,72.0,3099,200.09,31687005228149
12258.0,3,,73.0,78.0,78.0,53.0,71.0,3332,200.09,31987391059631
12263.0,0,,70.0,76.0,76.0,52.0,71.0,2916,199.93,63330300063110
12263.0,1,,71.0,78.0,78.0,52.0,70.0,2800,200.28,34680066131103
12263.0,2,,72.0,80.0,80.0,54.0,73.0,3192,199.87,31688136476074
12264.0,3,,72.0,78.0,78.0,53.0,71.0,3382,199.96,31988522823181
12269.0,0,,71.0,76.0,76.0,52.0,71.0,3071,199.95,63331429760925
12269.0,1,,71.0,78.0,78.0,51.0,70.0,2806,199.73,34681194597900
12269.0,2,,73.0,80.0,82.0,54.0,73.0,3359,199.71,31689264850646
12269.0,3,,74.0,78.0,78.0,53.0,71.0,3380,199.63,31989650726257
12274.0,0,,71.0,76.0,76.0,52.0,71.0,2951,200.05,63332560056640
12275.0,1,,70.0,78.0,78.0,52.0,70.0,2801,199.87,34682325864135
12275.0,2,,71.0,80.0,80.0,53.0,72.0,3372,199.57,31690394433166
12275.0,3,,73.0,78.0,78.0,53.0,71.0,3385,200.24,31990782088562
12280.0,0,,71.0,76.0,76.0,52.0,71.0,2928,199.95,63333689785827
12280.0,1,,71.0,78.0,78.0,52.0,70.0,2812,200.10,34683456455322
12280.0,2,,72.0,80.0,80.0,53.0,72.0,3247,199.50,31691521590270
12281.0,3,,71.0,78.0,78.0,53.0,71.0,3393,199.88,31991913407531
12286.0,0,,71.0,76.0,76.0,52.0,71.0,3074,199.74,63334822321228
12286.0,1,,71.0,78.0,78.0,52.0,70.0,2797,199.81,34684589355407
12286.0,2,,72.0,80.0,80.0,54.0,72.0,3124,198.62,31692647779724
12286.0,3,,72.0,78.0,78.0,52.0,71.0,3390,199.48,31993044448791
12291.0,0,,72.0,76.0,76.0,52.0,71.0,2864,200.25,63335953711669
12292.0,1,,71.0,78.0,78.0,52.0,70.0,2804,199.86,34685718587524
12292.0,2,,71.0,80.0,80.0,53.0,72.0,3325,199.67,31693773937316
12292.0,3,,73.0,78.0,78.0,53.0,71.0,3386,199.63,31994172378967
12297.0,0,,71.0,76.0,76.0,53.0,71.0,2958,199.84,63337084826782
12297.0,1,,71.0,78.0,78.0,52.0,70.0,2808,199.83,34686849628540
12297.0,2,,72.0,80.0,80.0,53.0,72.0,3379,197.77,31694895307373
12298.0,3,,73.0,78.0,78.0,53.0,71.0,3381,198.83,31995297747802
12303.0,0,100.00,70.0,76.0,76.0,52.0,71.0,2935,182.11,63338115594604
12303.0,1,100.00,70.0,78.0,78.0,52.0,70.0,2629,181.65,34687877757507
12303.0,2,100.00,72.0,80.0,80.0,53.0,72.0,3139,180.59,31695917418701
12303.0,3,,73.0,78.0,78.0,53.0,71.0,3223,181.39,31996324412536
12308.0,0,,71.0,76.0,76.0,52.0,71.0,2812,199.78,63339246374084
12309.0,1,,70.0,78.0,78.0,52.0,70.0,2557,199.71,34689008089721
12309.0,2,,71.0,80.0,80.0,53.0,72.0,3069,200.11,31697048021667
12309.0,3,,73.0,78.0,78.0,53.0,71.0,3264,199.81,31997453321533
12314.0,0,,72.0,76.0,76.0,52.0,71.0,2805,199.99,63340376328491
12314.0,1,,70.0,78.0,78.0,52.0,70.0,2772,199.85,34690137255920
12314.0,2,,72.0,80.0,80.0,53.0,72.0,3089,199.48,31698177063964
12315.0,3,,73.0,78.0,78.0,53.0,71.0,3375,200.06,31998583671203
12320.0,0,,72.0,76.0,76.0,52.0,71.0,2898,199.86,63341507526733
12320.0,1,,71.0,78.0,78.0,52.0,70.0,2802,200.17,34691268215576
12320.0,2,,72.0,80.0,80.0,54.0,72.0,3215,200.08,31699307521362
12320.0,3,,73.0,78.0,78.0,53.0,71.0,3382,200.07,31999716054138
12325.0,0,,70.0,76.0,76.0,52.0,71.0,3076,200.07,63342637928466
12326.0,1,,71.0,78.0,78.0,52.0,70.0,2799,199.83,34692399228942
12326.0,2,,72.0,80.0,80.0,53.0,73.0,3362,199.92,31700439070739
12326.0,3,,72.0,78.0,78.0,53.0,71.0,3392,199.97,32000847894958
12331.0,0,,72.0,76.0,76.0,52.0,71.0,2970,199.90,63343769347656
12331.0,1,,71.0,78.0,78.0,51.0,70.0,2804,200.19,34693530327575
12331.0,2,,72.0,80.0,80.0,53.0,72.0,3379,199.38,31701565559020
12331.0,3,,73.0,78.0,78.0,53.0,71.0,3385,199.61,32001973678527
12337.0,0,,71.0,76.0,76.0,52.0,71.0,2954,199.93,63344898970336
12337.0,1,,70.0,78.0,78.0,52.0,70.0,2803,199.41,34694659006408
12337.0,2,,72.0,80.0,80.0,54.0,72.0,3267,199.66,31702693613037
12337.0,3,,73.0,78.0,78.0,53.0,71.0,3381,199.77,32003104354003
12342.0,0,,71.0,76.0,76.0,52.0,71.0,3055,199.83,63346030030700
12343.0,1,,70.0,78.0,78.0,52.0,70.0,2800,200.41,34695791298583
12343.0,2,,73.0,80.0,80.0,54.0,72.0,3115,198.40,31703818555297
12343.0,3,,72.0,78.0,78.0,53.0,71.0,3396,199.52,32004233630859
12348.0,0,,72.0,76.0,76.0,52.0,71.0,2880,200.18,63347159049316
12348.0,1,,71.0,78.0,78.0,52.0,70.0,2806,199.65,34696919339538
12348.0,2,,71.0,80.0,80.0,53.0,72.0,3318,198.48,31704937969299
12348.0,3,,73.0,78.0,78.0,53.0,71.0,3387,198.99,32005357906127
12354.0,0,95.38,71.0,76.0,76.0,52.0,70.0,2936,178.36,63348168586853
12354.0,1,95.36,69.0,78.0,78.0,51.0,69.0,2726,177.72,34697925219604
12354.0,2,95.39,71.0,80.0,80.0,53.0,72.0,3228,176.82,31705936981201
12354.0,3,95.39,72.0,78.0,78.0,53.0,70.0,3305,177.12,32006358658325
12359.0,0,,71.0,76.0,76.0,52.0,71.0,2746,199.86,63349295776123
12359.0,1,,70.0,78.0,78.0,52.0,70.0,2511,199.97,34699053054748
12360.0,2,,72.0,80.0,80.0,53.0,72.0,3039,199.73,31707065481933
12360.0,3,,73.0,78.0,78.0,53.0,71.0,3154,199.86,32007487872985
12365.0,0,,71.0,76.0,76.0,52.0,71.0,2802,199.83,63350426790283
12365.0,1,,69.0,78.0,78.0,52.0,70.0,2673,199.87,34700184332153
12365.0,2,,71.0,80.0,80.0,54.0,72.0,3088,199.97,31708195323547
12365.0,3,,72.0,78.0,78.0,53.0,71.0,3343,200.09,32008618356201
12371.0,0,,70.0,76.0,76.0,53.0,71.0,2898,200.17,63351557772766
12371.0,1,,72.0,78.0,78.0,52.0,70.0,2791,199.92,34701313904357
12371.0,2,,72.0,80.0,80.0,53.0,72.0,3161,199.89,31709326707031
12371.0,3,100.00,73.0,78.0,78.0,53.0,71.0,3383,199.87,32009749595764
12376.0,0,,71.0,76.0,76.0,52.0,71.0,3068,199.68,63352687964843
12376.0,1,,70.0,78.0,78.0,52.0,70.0,2806,199.99,34702443859252
12377.0,2,,73.0,80.0,80.0,53.0,72.0,3352,199.76,31710453373352
12377.0,3,,73.0,78.0,78.0,53.0,71.0,3388,199.96,32010875359252
12382.0,0,100.00,71.0,76.0,76.0,52.0,71.0,2979,199.91,63353815461059
12382.0,1,,71.0,78.0,78.0,52.0,70.0,2796,200.07,34703572262023
12382.0,2,100.00,73.0,80.0,80.0,53.0,72.0,3387,199.89,31711582745910
12382.0,3,100.00,72.0,78.0,78.0,53.0,71.0,3384,199.79,32012006189941
12388.0,0,,71.0,76.0,76.0,52.0,71.0,2908,200.20,63354946591613
12388.0,1,,71.0,78.0,78.0,52.0,70.0,2805,200.03,34704702439575
12388.0,2,,72.0,80.0,80.0,53.0,72.0,3180,198.66,31712705147583
12388.0,3,,73.0,78.0,78.0,53.0,72.0,3384,199.81,32013133109802
12393.0,0,100.00,71.0,76.0,76.0,52.0,71.0,3072,200.01,63356074632995
12393.0,1,,71.0,78.0,78.0,52.0,70.0,2803,199.78,34705831169067
12394.0,2,,72.0,80.0,80.0,54.0,72.0,3162,199.18,31713830519104
12394.0,3,,73.0,78.0,78.0,53.0,71.0,3392,199.40,32014261703430
12399.0,0,,71.0,76.0,76.0,52.0,71.0,2894,200.09,63357207135620
12399.0,1,,70.0,78.0,78.0,52.0,70.0,2800,199.84,34706962271850
12399.0,2,,72.0,80.0,80.0,53.0,72.0,3349,199.18,31714959892211
12399.0,3,,72.0,78.0,78.0,53.0,72.0,3392,199.78,32015392468505
12405.0,0,91.09,70.0,76.0,76.0,52.0,71.0,2918,180.99,63358231539062
12405.0,1,90.86,71.0,78.0,78.0,51.0,69.0,2772,180.52,34707982235351
12405.0,2,90.80,71.0,80.0,80.0,53.0,72.0,3352,178.62,31715965545166
12405.0,3,90.76,71.0,78.0,78.0,53.0,71.0,3377,178.89,32016401380187
12410.0,0,,70.0,76.0,76.0,52.0,71.0,2787,199.88,63359358876892
12410.0,1,,71.0,78.0,78.0,52.0,70.0,2520,199.71,34709110590576
12410.0,2,,72.0,80.0,80.0,53.0,72.0,3037,199.86,31717094745971
12411.0,3,,73.0,78.0,78.0,53.0,71.0,3172,199.95,32017531077392
12416.0,0,100.00,70.0,76.0,76.0,52.0,71.0,2803,200.07,63360489246520
12416.0,1,100.00,70.0,78.0,78.0,52.0,70.0,2727,200.15,34710241449768
12416.0,2,100.00,72.0,80.0,80.0,53.0,72.0,3077,199.71,31718225085388
12416.0,3,,73.0,78.0,78.0,53.0,71.0,3346,200.03,32018661224060
12421.0,0,,71.0,76.0,76.0,53.0,71.0,2888,200.07,63361619633483
12422.0,1,,70.0,78.0,78.0,52.0,70.0,2792,199.83,34711370487487
12422.0,2,,73.0,80.0,80.0,53.0,72.0,3122,199.96,31719354869079
12422.0,3,,73.0,78.0,78.0,53.0,71.0,3383,199.62,32019791091369
12427.0,0,,71.0,76.0,76.0,52.0,71.0,3063,199.65,63362751656982
12427.0,1,,70.0,78.0,78.0,52.0,70.0,2807,199.68,34712502698364
12427.0,2,,71.0,80.0,80.0,54.0,72.0,3336,199.65,31720486910766
12428.0,3,,73.0,78.0,78.0,53.0,71.0,3389,200.04,32020925304626
12433.0,0,,71.0,76.0,76.0,52.0,70.0,2946,200.01,63363883692443
12433.0,1,,70.0,78.0,78.0,52.0,70.0,2802,199.83,34713633732238
12433.0,2,,72.0,80.0,80.0,53.0,72.0,3375,199.95,31721616632690
12433.0,3,,73.0,78.0,78.0,53.0,71.0,3385,199.97,32022055127197
12438.0,0,,71.0,76.0,76.0,52.0,71.0,2982,200.15,63365014513061
12439.0,1,,70.0,78.0,78.0,52.0,70.0,2799,200.36,34714765768737
12439.0,2,,70.0,80.0,80.0,53.0,72.0,3317,199.54,31722746006042
12439.0,3,,73.0,78.0,78.0,53.0,71.0,3382,199.77,32023187830749
12444.0,0,,71.0,76.0,76.0,52.0,71.0,2970,199.97,63366146360290
12444.0,1,,70.0,78.0,78.0,52.0,70.0,2804,199.47,34715894770874
12444.0,2,,72.0,80.0,80.0,53.0,72.0,3148,198.82,31723869345520
12445.0,3,,72.0,78.0,78.0,53.0,71.0,3383,199.51,32024313066284
12450.0,0,,69.0,76.0,76.0,52.0,71.0,2911,199.79,63367275172607
12450.0,1,,71.0,78.0,78.0,52.0,70.0,2803,200.31,34717026539001
12450.0,2,,71.0,80.0,80.0,54.0,72.0,3340,199.20,31724996837158
12450.0,3,,73.0,78.0,78.0,53.0,72.0,3381,199.74,32025443579895
12455.0,0,,67.0,74.0,74.0,51.0,69.0,3071,198.40,63368398136718
12456.0,1,,67.0,76.0,76.0,50.0,68.0,2804,195.16,34718133084106
12456.0,2,,68.0,78.0,78.0,52.0,70.0,3266,190.54,31726077197570
12456.0,3,,68.0,74.0,74.0,51.0,69.0,3390,188.52,32026514362976
12461.0,0,,70.0,76.0,76.0,52.0,71.0,2837,183.21,63369436939575
12461.0,1,,70.0,78.0,78.0,52.0,70.0,2600,185.60,34719183568664
12461.0,2,,72.0,80.0,80.0,53.0,72.0,3028,187.70,31727137721923
12462.0,3,,73.0,78.0,78.0,53.0,71.0,3182,190.81,32027590521057
12467.0,0,,71.0,76.0,76.0,52.0,71.0,2796,199.82,63370565915039
12467.0,1,,70.0,78.0,78.0,52.0,70.0,2636,200.04,34720311794006
12467.0,2,,73.0,80.0,80.0,53.0,72.0,3081,199.94,31728267395812
12467.0,3,,72.0,78.0,78.0,53.0,71.0,3291,199.96,32028720317871
12472.0,0,,71.0,76.0,76.0,52.0,71.0,2801,200.17,63371696861816
12473.0,1,,70.0,78.0,78.0,52.0,70.0,2779,199.95,34721443484008
12473.0,2,,72.0,80.0,80.0,53.0,72.0,3160,199.85,31729398554931
12473.0,3,,73.0,76.0,78.0,53.0,71.0,3371,200.01,32029852360534
12478.0,0,,71.0,76.0,76.0,52.0,71.0,2962,199.69,63372827103942
12478.0,1,,71.0,78.0,78.0,52.0,70.0,2803,200.04,34722573721496
12478.0,2,,72.0,80.0,80.0,53.0,72.0,3346,199.85,31730527718017
12478.0,3,,72.0,78.0,78.0,53.0,71.0,3391,199.74,32030980876403
12484.0,0,,71.0,76.0,76.0,52.0,71.0,3080,199.84,63373956192016
12484.0,1,,71.0,78.0,78.0,52.0,70.0,2805,199.83,34723702767150
12484.0,2,,72.0,80.0,80.0,53.0,72.0,3377,199.65,31731655745971
12484.0,3,,73.0,78.0,78.0,53.0,71.0,3386,200.05,32032111131225
12489.0,0,,72.0,76.0,76.0,52.0,71.0,2967,200.29,63375089809753
12490.0,1,,70.0,78.0,78.0,52.0,70.0,2806,200.02,34724836899902
12490.0,2,,71.0,80.0,80.0,54.0,72.0,3156,198.91,31732783568420
12490.0,3,,73.0,78.0,78.0,53.0,71.0,3390,199.81,32033244041809
12495.0,0,,70.0,76.0,76.0,52.0,71.0,2971,199.76,63376220437805
12495.0,1,,71.0,78.0,78.0,52.0,70.0,2802,199.78,34725967656372
12495.0,2,,73.0,80.0,80.0,53.0,72.0,3194,199.57,31733911160217
12495.0,3,,73.0,78.0,78.0,53.0,72.0,3383,200.01,32034374090820
12501.0,0,,71.0,76.0,76.0,52.0,71.0,3077,200.34,63377352330749
12501.0,1,,69.0,78.0,78.0,52.0,70.0,2803,200.07,34727098069641
12501.0,2,,72.0,80.0,80.0,53.0,72.0,3356,199.36,31735037546875
12501.0,3,,73.0,78.0,78.0,53.0,71.0,3390,199.39,32035500635253
12506.0,0,,70.0,76.0,76.0,52.0,71.0,2866,199.39,63378480904541
12506.0,1,,71.0,78.0,78.0,52.0,70.0,2799,199.51,34728227307983
12507.0,2,,72.0,80.0,80.0,53.0,72.0,3349,197.84,31736159290527
12507.0,3,,71.0,78.0,76.0,53.0,71.0,3377,198.22,32036624564636
12512.0,0,,70.0,76.0,76.0,52.0,71.0,2807,181.13,63379506125793
12512.0,1,,70.0,78.0,78.0,51.0,70.0,2659,180.65,34729249773864
12512.0,2,,71.0,80.0,80.0,53.0,72.0,3020,179.68,31737176280883
12512.0,3,,73.0,78.0,78.0,53.0,70.0,3289,180.07,32037643750305
12518.0,0,,71.0,76.0,76.0,52.0,71.0,2790,199.74,63380636679626
12518.0,1,,71.0,78.0,78.0,52.0,70.0,2494,199.61,34730379589355
12518.0,2,,73.0,80.0,80.0,53.0,72.0,3066,200.14,31738307056213
12518.0,3,,73.0,78.0,78.0,53.0,71.0,3204,200.26,32038775234130
12523.0,0,,71.0,76.0,76.0,52.0,71.0,2801,200.26,63381768143615
12523.0,1,,70.0,78.0,78.0,52.0,70.0,2747,200.28,34731511177185
12524.0,2,,73.0,80.0,80.0,54.0,72.0,3086,199.83,31739438083496
12524.0,3,,72.0,78.0,78.0,53.0,71.0,3361,199.88,32039906575622
12529.0,0,,71.0,76.0,76.0,52.0,71.0,2991,199.85,63382899268310
12529.0,1,,71.0,78.0,80.0,52.0,70.0,2800,200.08,34732643608459
12529.0,2,100.00,72.0,80.0,80.0,54.0,73.0,3268,199.83,31740569142150
12529.0,3,,72.0,78.0,78.0,53.0,71.0,3385,199.76,32041037214843
12535.0,0,,71.0,76.0,76.0,52.0,71.0,3087,199.83,63384030301208
12535.0,1,,70.0,78.0,78.0,52.0,70.0,2803,199.63,34733773527038
12535.0,2,,73.0,80.0,80.0,53.0,72.0,3375,199.84,31741698262268
12535.0,3,,73.0,78.0,78.0,53.0,71.0,3386,200.14,32042168018066
12540.0,0,,70.0,76.0,76.0,52.0,71.0,2962,200.06,63385160613098
12540.0,1,,70.0,78.0,78.0,52.0,70.0,2803,200.04,34734903734130
12541.0,2,,71.0,80.0,80.0,53.0,72.0,3378,199.77,31742826937866
12541.0,3,,73.0,78.0,78.0,53.0,72.0,3380,199.71,32043296389465
12546.0,0,,72.0,76.0,76.0,52.0,71.0,2838,199.71,63386288991271
12546.0,1,,71.0,78.0,78.0,52.0,70.0,2805,199.88,34736033069274
12546.0,2,,73.0,80.0,80.0,53.0,72.0,3174,198.96,31743953065124
12546.0,3,,73.0,78.0,78.0,53.0,71.0,3393,200.03,32044426536254
12552.0,0,,72.0,76.0,76.0,52.0,71.0,3052,200.05,63387421259094
12552.0,1,,69.0,78.0,78.0,52.0,69.0,2797,200.14,34737165840270
12552.0,2,,72.0,80.0,80.0,54.0,72.0,3168,199.06,31745079719909
12552.0,3,,71.0,78.0,78.0,53.0,71.0,3379,199.45,32045557406066
12557.0,0,,71.0,76.0,76.0,52.0,71.0,2914,199.83,63388552270507
12557.0,1,,71.0,78.0,78.0,52.0,70.0,2801,199.62,34738295668395
12558.0,2,,72.0,80.0,80.0,53.0,72.0,3354,198.79,31746202865783
12558.0,3,,73.0,78.0,78.0,53.0,71.0,3387,199.14,32046682525573
12563.0,0,91.71,70.0,76.0,76.0,52.0,70.0,2941,180.10,63389571624328
12563.0,1,91.58,70.0,78.0,78.0,51.0,69.0,2736,179.24,34739310166076
12563.0,2,91.34,72.0,80.0,80.0,53.0,72.0,3213,177.49,31747207435852
12563.0,3,91.43,71.0,78.0,78.0,53.0,71.0,3341,178.26,32047691498657
12569.0,0,,70.0,76.0,76.0,53.0,71.0,2772,199.85,63390700763610
12569.0,1,,70.0,78.0,78.0,51.0,70.0,2487,200.18,34740439170349
12569.0,2,,72.0,80.0,80.0,53.0,72.0,3052,199.74,31748335958923
12569.0,3,,72.0,78.0,78.0,53.0,71.0,3168,200.03,32048819682556
12574.0,0,,71.0,76.0,76.0,52.0,71.0,2805,200.16,63391829678161
12574.0,1,,71.0,78.0,78.0,52.0,70.0,2741,199.89,34741568570739
12574.0,2,,72.0,80.0,80.0,53.0,72.0,3090,200.03,31749466111938
12575.0,3,,71.0,78.0,78.0,53.0,72.0,3354,199.88,32049951002685
12580.0,0,100.00,70.0,76.0,76.0,53.0,71.0,2910,199.77,63392960378967
12580.0,1,,71.0,78.0,78.0,52.0,70.0,2792,200.08,34742699010864
12580.0,2,100.00,72.0,80.0,80.0,53.0,72.0,3260,199.90,31750595521972
12580.0,3,100.00,73.0,78.0,78.0,53.0,71.0,3377,199.87,32051080295349
12585.0,0,,71.0,76.0,76.0,52.0,71.0,3067,200.07,63394090780822
12586.0,1,,71.0,78.0,78.0,52.0,70.0,2802,199.56,34743828503540
12586.0,2,,70.0,80.0,80.0,53.0,72.0,3365,199.82,31751724520751
12586.0,3,,73.0,76.0,78.0,53.0,71.0,3389,199.90,32052209730224
12591.0,0,,69.0,76.0,76.0,52.0,70.0,3014,200.00,63395220785156
12591.0,1,,70.0,78.0,78.0,52.0,70.0,2803,200.25,34744959890930
12591.0,2,,72.0,80.0,80.0,53.0,72.0,3290,199.12,31752851512634
12592.0,3,,73.0,78.0,78.0,53.0,72.0,3383,200.17,32053340671081
12597.0,0,,72.0,76.0,76.0,52.0,71.0,2877,199.78,63396351531127
12597.0,1,,70.0,78.0,78.0,52.0,70.0,2804,200.00,34746089912353
12597.0,2,,72.0,80.0,80.0,53.0,72.0,3284,199.67,31753977662475
12597.0,3,,73.0,78.0,78.0,53.0,71.0,3393,199.66,32054468768676
12602.0,0,,72.0,76.0,76.0,52.0,71.0,3070,200.20,63397480674865
12603.0,1,,71.0,78.0,78.0,52.0,70.0,2801,199.79,34747220710510
12603.0,2,,72.0,80.0,80.0,53.0,72.0,3221,198.95,31755105681335
12603.0,3,,73.0,76.0,78.0,53.0,71.0,3387,199.37,32055599168823
12608.0,0,,71.0,76.0,76.0,52.0,71.0,2934,199.89,63398614051940
12608.0,1,,70.0,78.0,78.0,52.0,70.0,2797,200.14,34748353485717
12608.0,2,,73.0,80.0,80.0,53.0,72.0,3243,198.96,31756231804016
12609.0,3,,73.0,78.0,78.0,53.0,71.0,3380,199.69,32056729416198
12614.0,0,,67.0,72.0,72.0,50.0,68.0,2985,176.44,63399614494018
12614.0,1,,66.0,76.0,76.0,50.0,67.0,2803,173.26,34749335864379
12614.0,2,,67.0,78.0,78.0,51.0,69.0,3330,168.78,31757188770385
12614.0,3,,67.0,74.0,74.0,51.0,68.0,3381,166.50,32057675117309
12619.0,0,,71.0,76.0,76.0,52.0,70.0,2507,171.86,63400588926452
12620.0,1,,70.0,78.0,78.0,51.0,69.0,2404,174.24,34750323830871
12620.0,2,,72.0,80.0,80.0,53.0,71.0,2690,175.89,31758186050354
12620.0,3,,72.0,78.0,78.0,53.0,71.0,2800,178.95,32058687946838
12625.0,0,,71.0,76.0,76.0,52.0,71.0,2603,199.96,63401718694335
12625.0,1,,71.0,78.0,78.0,52.0,70.0,2403,199.73,34751452308105
12625.0,2,100.00,72.0,80.0,80.0,53.0,72.0,2872,200.11,31759314686950
12626.0,3,,73.0,78.0,78.0,53.0,71.0,3044,200.01,32059815993469
12631.0,0,,72.0,76.0,76.0,52.0,71.0,2787,199.86,63402845925109
12631.0,1,,71.0,78.0,78.0,52.0,71.0,2703,200.06,34752580632202
12631.0,2,100.00,73.0,80.0,80.0,54.0,72.0,3074,199.99,31760442619323
12631.0,3,,71.0,78.0,78.0,53.0,72.0,3329,199.97,32060943812377
12636.0,0,,71.0,76.0,76.0,52.0,71.0,3020,199.75,63403974492553
12637.0,1,,71.0,78.0,78.0,52.0,70.0,2796,200.17,34753709587097
12637.0,2,,73.0,80.0,80.0,53.0,72.0,3318,199.65,31761570653076
12637.0,3,,73.0,78.0,78.0,53.0,71.0,3380,199.97,32062071625671
12642.0,0,,70.0,76.0,76.0,52.0,71.0,3079,200.01,63405104572387
12642.0,1,,71.0,78.0,78.0,52.0,70.0,2801,199.59,34754839281921
12642.0,2,,73.0,80.0,80.0,53.0,72.0,3383,199.76,31762701298156
12642.0,3,,73.0,78.0,78.0,53.0,72.0,3380,199.97,32063203450561
12648.0,0,,71.0,76.0,76.0,52.0,71.0,2949,199.73,63406235019897
12648.0,1,,71.0,78.0,78.0,52.0,70.0,2804,200.33,34755971140075
12648.0,2,,71.0,80.0,80.0,54.0,72.0,3377,199.94,31763828965393
12648.0,3,,73.0,78.0,78.0,53.0,72.0,3391,199.84,32064332532775
12653.0,0,,71.0,76.0,76.0,53.0,71.0,2847,200.30,63407364718444
12653.0,1,,69.0,78.0,78.0,52.0,70.0,2802,200.00,34757101143920
12654.0,2,,72.0,80.0,80.0,53.0,72.0,3204,198.95,31764955005554
12654.0,3,,73.0,78.0,78.0,53.0,71.0,3383,199.78,32065463264648
12659.0,0,,71.0,76.0,76.0,52.0,70.0,3055,199.94,63408496371337
12659.0,1,,68.0,78.0,78.0,51.0,69.0,2800,199.96,34758232900146
12659.0,2,,72.0,80.0,80.0,53.0,72.0,3228,199.24,31766080710815
12659.0,3,,72.0,78.0,78.0,53.0,71.0,3388,199.66,32066591368286
12665.0,0,,70.0,76.0,76.0,51.0,70.0,3035,199.76,63409626991577
12665.0,1,,71.0,78.0,78.0,52.0,70.0,2801,199.60,34759362656494
12665.0,2,,72.0,80.0,80.0,53.0,72.0,3370,198.15,31767204192993
12665.0,3,,72.0,78.0,78.0,53.0,71.0,3389,198.86,32067718915710
12670.0,0,,70.0,76.0,76.0,52.0,71.0,2750,179.83,63410643023864
12670.0,1,,70.0,78.0,78.0,51.0,69.0,2710,179.75,34760376433898
12671.0,2,,73.0,80.0,80.0,53.0,71.0,3137,178.41,31768210437133
12671.0,3,,72.0,78.0,78.0,53.0,71.0,3321,179.10,32068729018310
12676.0,0,,71.0,76.0,76.0,52.0,71.0,2709,199.92,63411772554443
12676.0,1,,70.0,80.0,78.0,52.0,70.0,2484,199.72,34761506836242
12676.0,2,,73.0,80.0,80.0,53.0,72.0,3066,200.12,31769341088806
12676.0,3,,71.0,78.0,78.0,53.0,71.0,3214,200.33,32069860883056
12682.0,0,,71.0,76.0,76.0,53.0,71.0,2790,200.21,63412903742919
12682.0,1,,70.0,78.0,78.0,52.0,70.0,2706,200.05,34762637137878
12682.0,2,100.00,72.0,80.0,80.0,53.0,72.0,3088,199.74,31770471599609
12682.0,3,,72.0,78.0,78.0,53.0,71.0,3363,199.84,32070991990478
12687.0,0,,71.0,76.0,76.0,53.0,71.0,3013,199.87,63414035006958
12687.0,1,,70.0,78.0,78.0,52.0,70.0,2800,199.66,34763767231811
12688.0,2,,71.0,80.0,80.0,54.0,72.0,3234,199.84,31771602695495
12688.0,3,,73.0,76.0,78.0,53.0,71.0,3382,199.86,32072123212829
12693.0,0,,71.0,76.0,76.0,52.0,71.0,3079,199.74,63415165560241
12693.0,1,100.00,70.0,78.0,78.0,52.0,70.0,2806,200.05,34764897521118
12693.0,2,,71.0,80.0,80.0,53.0,72.0,3370,199.94,31772730349609
12693.0,3,100.00,73.0,76.0,78.0,53.0,71.0,3391,200.16,32073252104736
12699.0,0,,72.0,76.0,76.0,52.0,71.0,2911,200.27,63416295077392
12699.0,1,100.00,71.0,78.0,78.0,52.0,70.0,2802,200.13,34766028277221
12699.0,2,100.00,71.0,80.0,80.0,53.0,72.0,3388,198.96,31773856462646
12699.0,3,100.00,73.0,78.0,78.0,53.0,72.0,3388,199.87,32074381351013
12704.0,0,,70.0,76.0,76.0,52.0,71.0,2921,199.74,63417423598571
12704.0,1,,70.0,78.0,78.0,51.0,70.0,2803,200.13,34767158986022
12705.0,2,,72.0,80.0,80.0,53.0,72.0,3205,199.67,31774984595825
12705.0,3,,71.0,78.0,78.0,53.0,71.0,3384,199.52,32075510606445
12710.0,0,,71.0,76.0,76.0,52.0,70.0,3064,200.14,63418556379089
12710.0,1,,70.0,78.0,78.0,52.0,70.0,2797,199.46,34768289910766
12710.0,2,,72.0,80.0,80.0,53.0,72.0,3231,199.29,31776112578796
12710.0,3,,71.0,78.0,78.0,53.0,71.0,3389,199.50,32076641770080
12716.0,0,,71.0,76.0,76.0,52.0,71.0,2914,199.74,63419688878784
12716.0,1,,70.0,78.0,78.0,52.0,70.0,2811,200.00,34769421889526
12716.0,2,,71.0,80.0,80.0,54.0,72.0,3363,198.77,31777237627807
12716.0,3,,72.0,78.0,78.0,53.0,71.0,3375,199.85,32077770929382
12721.0,0,91.59,69.0,76.0,76.0,52.0,71.0,2879,179.80,63420704724792
12721.0,1,91.54,70.0,78.0,78.0,51.0,70.0,2740,179.19,34770434328002
12721.0,2,91.47,70.0,80.0,80.0,53.0,71.0,3334,177.73,31778241785034
12722.0,3,91.36,71.0,78.0,78.0,53.0,71.0,3344,178.24,32078777980957
12727.0,0,,70.0,76.0,76.0,52.0,71.0,2778,199.86,63421835911682
12727.0,1,,71.0,78.0,78.0,52.0,70.0,2525,200.17,34771565309020
12727.0,2,,71.0,80.0,80.0,53.0,72.0,2982,199.84,31779372894775
12727.0,3,,73.0,76.0,78.0,53.0,71.0,3207,199.96,32079907751831
12733.0,0,,70.0,76.0,76.0,53.0,71.0,2798,199.85,63422963087463
12733.0,1,,70.0,78.0,78.0,52.0,70.0,2704,199.92,34772692834167
12733.0,2,,72.0,80.0,80.0,53.0,72.0,3078,200.06,31780499239318
12733.0,3,,74.0,78.0,78.0,53.0,71.0,3354,199.79,32081034588623
12738.0,0,,71.0,76.0,76.0,53.0,71.0,2881,200.23,63424092386840
12738.0,1,,71.0,78.0,78.0,52.0,70.0,2796,199.63,34773820745178
12738.0,2,,71.0,80.0,80.0,53.0,72.0,3231,199.64,31781627188903
12739.0,3,,73.0,78.0,78.0,53.0,71.0,3379,199.84,32082163671020
12744.0,0,,71.0,76.0,76.0,52.0,71.0,3056,199.66,63425222456237
12744.0,1,,71.0,78.0,78.0,51.0,70.0,2800,200.22,34774951969299
12744.0,2,,72.0,80.0,80.0,53.0,72.0,3369,200.11,31782759829345
12744.0,3,,72.0,78.0,78.0,53.0,71.0,3388,200.19,32083296735351
12749.0,0,,71.0,76.0,76.0,52.0,71.0,3000,200.01,63426354540039
12750.0,1,,71.0,78.0,78.0,52.0,70.0,2810,199.75,34776084557556
12750.0,2,,73.0,80.0,80.0,53.0,72.0,3385,199.46,31783888784729
12750.0,3,,71.0,78.0,78.0,53.0,71.0,3384,199.95,32084428435852
12755.0,0,,71.0,76.0,76.0,52.0,71.0,2853,199.95,63427486277709
12755.0,1,,71.0,78.0,78.0,52.0,70.0,2800,200.21,34777215755065
12755.0,2,,72.0,80.0,80.0,53.0,72.0,3202,199.28,31785016724914
12756.0,3,,70.0,78.0,78.0,53.0,71.0,3383,199.75,32085559019104
12761.0,0,,71.0,76.0,76.0,52.0,71.0,3056,200.17,63428617249633
12761.0,1,,71.0,80.0,78.0,52.0,70.0,2798,199.66,34778347800842
12761.0,2,,72.0,80.0,80.0,53.0,72.0,3264,199.00,31786143073364
12761.0,3,,73.0,78.0,78.0,53.0,71.0,3389,199.56,32086688536071
12766.0,0,,70.0,76.0,76.0,52.0,71.0,2995,199.75,63429749827270
12767.0,1,,70.0,78.0,78.0,52.0,70.0,2808,200.14,34779480578674
12767.0,2,,71.0,80.0,80.0,53.0,72.0,3369,199.04,31787271645629
12767.0,3,,73.0,78.0,78.0,53.0,71.0,3392,199.60,32087820273803
12772.0,0,,67.0,72.0,74.0,51.0,69.0,2925,188.28,63430815470092
12772.0,1,,66.0,76.0,76.0,50.0,68.0,2806,184.54,34780526937622
12772.0,2,,67.0,78.0,78.0,51.0,69.0,3252,180.00,31788290436706
12773.0,3,,68.0,74.0,74.0,51.0,69.0,3380,176.54,32088819474243
12778.0,0,,71.0,76.0,76.0,52.0,71.0,2699,184.73,63431859211669
12778.0,1,,70.0,78.0,78.0,52.0,70.0,2458,187.60,34781585029357
12778.0,2,100.00,71.0,80.0,80.0,53.0,72.0,2895,190.19,31789363105224
12778.0,3,,72.0,78.0,78.0,53.0,71.0,3161,194.22,32089914874694
12783.0,0,,72.0,76.0,76.0,52.0,70.0,2773,199.85,63432988372924
12784.0,1,,71.0,78.0,78.0,52.0,70.0,2516,199.85,34782714192443
12784.0,2,,72.0,80.0,80.0,53.0,72.0,3056,199.77,31790493806274
12784.0,3,,72.0,78.0,78.0,53.0,71.0,3182,199.92,32091046412109
12789.0,0,,71.0,76.0,76.0,52.0,71.0,2843,199.95,63434120067382
12789.0,1,,72.0,78.0,78.0,52.0,70.0,2768,199.84,34783845265625
12789.0,2,,72.0,80.0,80.0,54.0,72.0,3213,200.17,31791624768066
12790.0,3,,72.0,76.0,78.0,53.0,71.0,3351,200.26,32092177878662
12795.0,0,,71.0,76.0,76.0,52.0,71.0,3047,199.97,63435249875244
12795.0,1,,71.0,78.0,78.0,52.0,70.0,2804,200.07,34784975653137
12795.0,2,,72.0,80.0,80.0,53.0,72.0,3356,200.00,31792754769531
12795.0,3,,72.0,78.0,78.0,53.0,71.0,3388,199.50,32093307027160
12800.0,0,,71.0,76.0,76.0,52.0,71.0,3088,199.72,63436380271667
12801.0,1,,70.0,78.0,78.0,52.0,70.0,2801,200.11,34786106254150
12801.0,2,,72.0,80.0,80.0,53.0,72.0,3384,199.59,31793884450927
12801.0,3,,72.0,78.0,78.0,53.0,71.0,3380,200.30,32094436700134
12806.0,0,,72.0,76.0,76.0,52.0,71.0,2881,200.13,63437509023071
12806.0,1,,71.0,78.0,78.0,52.0,70.0,2805,199.85,34787235411437
12806.0,2,,72.0,80.0,80.0,53.0,72.0,3231,198.88,31795008147766
12806.0,3,,73.0,78.0,78.0,53.0,71.0,3383,199.59,32095566400146
12812.0,0,,70.0,76.0,76.0,52.0,71.0,2819,200.00,63438641038024
12812.0,1,,71.0,78.0,78.0,52.0,70.0,2800,199.97,34788367244018
12812.0,2,,72.0,80.0,80.0,53.0,72.0,3350,199.57,31796137699401
12812.0,3,,73.0,78.0,78.0,53.0,71.0,3383,199.90,32096697858215
12817.0,0,100.00,72.0,76.0,76.0,52.0,71.0,3049,199.92,63439770593444
12817.0,1,,70.0,78.0,78.0,52.0,70.0,2800,199.69,34789493485107
12818.0,2,,72.0,80.0,80.0,53.0,72.0,3321,199.24,31797259429626
12818.0,3,,72.0,78.0,78.0,53.0,71.0,3385,199.45,32097822742370
12823.0,0,,70.0,76.0,76.0,52.0,71.0,3056,200.02,63440900731079
12823.0,1,,71.0,78.0,78.0,52.0,70.0,2805,200.09,34790628023071
12823.0,2,,72.0,80.0,80.0,53.0,72.0,3144,198.18,31798383083801
12823.0,3,,73.0,78.0,78.0,53.0,71.0,3387,199.87,32098953993225
12829.0,0,,72.0,76.0,76.0,52.0,71.0,2838,199.64,63442032692016
12829.0,1,,71.0,78.0,78.0,52.0,70.0,2797,200.09,34791760559814
12829.0,2,,72.0,80.0,80.0,53.0,72.0,3337,198.72,31799509840148
12829.0,3,,73.0,78.0,78.0,53.0,72.0,3380,199.61,32100083800231
12834.0,0,,72.0,76.0,76.0,52.0,71.0,3010,200.11,63443165301269
12834.0,1,,71.0,78.0,78.0,52.0,70.0,2808,199.89,34792891961791
12835.0,2,,73.0,80.0,80.0,53.0,72.0,3357,198.50,31800633342346
12835.0,3,,73.0,78.0,78.0,53.0,71.0,3392,198.70,32101210446472
12840.0,0,,71.0,76.0,76.0,52.0,71.0,3079,199.81,63444296246337
12840.0,1,,68.0,78.0,78.0,51.0,69.0,2805,199.74,34794020497985
12840.0,2,,72.0,80.0,80.0,53.0,72.0,3191,198.01,31801752076721
12840.0,3,,73.0,78.0,78.0,53.0,71.0,3392,199.30,32102334515808
12846.0,0,,72.0,76.0,76.0,52.0,71.0,2869,199.98,63445424154418
12846.0,1,,71.0,78.0,78.0,52.0,70.0,2804,199.72,34795148943603
12846.0,2,,71.0,80.0,80.0,53.0,72.0,3213,198.17,31802873730224
12846.0,3,,73.0,78.0,78.0,53.0,71.0,3383,199.03,32103461011474
12851.0,0,,71.0,76.0,76.0,52.0,71.0,3050,200.02,63446558247375
12851.0,1,,70.0,78.0,78.0,52.0,70.0,2808,199.76,34796281563049
12852.0,2,,72.0,80.0,80.0,53.0,72.0,3360,198.13,31803995169494
12852.0,3,,73.0,78.0,78.0,53.0,71.0,3392,198.82,32104586327392
12857.0,0,,72.0,76.0,76.0,52.0,71.0,2938,200.32,63447690063903
12857.0,1,,71.0,78.0,78.0,52.0,70.0,2800,199.30,34797409627136
12857.0,2,,73.0,80.0,80.0,53.0,72.0,3255,197.89,31805115228820
12857.0,3,,72.0,78.0,78.0,53.0,71.0,3391,198.21,32105710198974
12863.0,0,,72.0,76.0,76.0,52.0,71.0,2893,199.61,63448821826782
12863.0,1,,70.0,78.0,78.0,51.0,70.0,2798,199.34,34798537871887
12863.0,2,,72.0,80.0,80.0,53.0,72.0,3190,197.34,31806232151000
12863.0,3,,72.0,78.0,78.0,53.0,71.0,3380,198.58,32106834186828
12868.0,0,,71.0,76.0,76.0,52.0,71.0,3075,199.91,63449953311035
12868.0,1,,71.0,78.0,78.0,52.0,70.0,2799,199.70,34799668157653
12869.0,2,,72.0,80.0,80.0,53.0,72.0,3330,197.60,31807350544311
12869.0,3,,73.0,78.0,78.0,53.0,71.0,3393,198.74,32107959063659
12874.0,0,,71.0,76.0,76.0,52.0,71.0,2977,200.04,63451085563720
12874.0,1,100.00,70.0,78.0,78.0,52.0,70.0,2807,198.94,34800794131469
12874.0,2,100.00,72.0,80.0,80.0,53.0,72.0,3190,197.40,31808467837768
12874.0,3,100.00,73.0,78.0,78.0,53.0,72.0,3390,198.29,32109081413146
12880.0,0,,72.0,76.0,76.0,53.0,71.0,2832,199.81,63452216505676
12880.0,1,,69.0,78.0,78.0,51.0,69.0,2800,199.66,34801924183837
12880.0,2,,72.0,80.0,80.0,54.0,72.0,3266,197.49,31809585620544
12880.0,3,,73.0,78.0,78.0,53.0,71.0,3393,198.05,32110202358337
12885.0,0,,70.0,76.0,76.0,53.0,71.0,3043,199.88,63453347834960
12885.0,1,,71.0,78.0,78.0,52.0,70.0,2804,198.93,34803048116577
12886.0,2,,72.0,80.0,80.0,53.0,72.0,3344,197.40,31810700958435
12886.0,3,,74.0,78.0,78.0,53.0,71.0,3380,198.15,32111321924133
12891.0,0,,70.0,76.0,76.0,52.0,71.0,3024,199.70,63454478159790
12891.0,1,,71.0,78.0,78.0,52.0,70.0,2808,199.31,34804176229309
12891.0,2,,70.0,80.0,80.0,53.0,72.0,3146,195.83,31811811341003
12891.0,3,,73.0,76.0,78.0,53.0,71.0,3388,197.74,32112443131835
12897.0,0,,72.0,76.0,76.0,52.0,71.0,2817,199.91,63455609633972
12897.0,1,,70.0,78.0,78.0,52.0,70.0,2797,199.18,34805305569396
12897.0,2,,72.0,80.0,80.0,53.0,72.0,3169,197.41,31812928676208
12897.0,3,,72.0,78.0,78.0,53.0,71.0,3380,198.28,32113565382080
12902.0,0,,71.0,76.0,76.0,52.0,71.0,3010,200.45,63456744177673
12902.0,1,,70.0,78.0,78.0,51.0,69.0,2807,198.66,34806431956298
12903.0,2,,72.0,80.0,80.0,53.0,72.0,3348,196.88,31814043006286
12903.0,3,,73.0,78.0,78.0,53.0,71.0,3389,197.87,32114687315368
12908.0,0,,69.0,76.0,76.0,52.0,70.0,3081,199.39,63457874714782
12908.0,1,,70.0,78.0,78.0,52.0,70.0,2799,199.42,34807560667114
12908.0,2,,72.0,80.0,80.0,53.0,72.0,3253,196.74,31815158497619
12908.0,3,,73.0,78.0,78.0,53.0,71.0,3381,197.57,32115805549743
12914.0,0,,71.0,76.0,76.0,52.0,71.0,2853,199.62,63459004571594
12914.0,1,,70.0,78.0,78.0,51.0,69.0,2808,198.74,34808685553771
12914.0,2,,72.0,80.0,80.0,53.0,72.0,3115,196.06,31816268222717
12914.0,3,,72.0,78.0,78.0,53.0,71.0,3391,197.64,32116924218322
12919.0,0,,71.0,76.0,76.0,52.0,71.0,2730,172.25,63459977800170
12919.0,1,,69.0,78.0,78.0,51.0,69.0,2618,171.36,34809652002685
12919.0,2,,72.0,80.0,80.0,53.0,72.0,3097,170.52,31817229956665
12920.0,3,,71.0,78.0,78.0,53.0,71.0,3142,170.94,32117888303894
12925.0,0,,71.0,76.0,76.0,52.0,71.0,2679,199.84,63461106898132
12925.0,1,,70.0,78.0,78.0,52.0,70.0,2473,199.82,34810783008483
12925.0,2,100.00,72.0,80.0,80.0,53.0,72.0,3037,200.03,31818360099426
12925.0,3,100.00,72.0,78.0,78.0,53.0,71.0,3059,200.01,32119018342102
12930.0,0,,71.0,76.0,76.0,52.0,71.0,2835,200.01,63462236982849
12931.0,1,,70.0,78.0,78.0,52.0,70.0,2654,199.87,34811912268371
12931.0,2,,72.0,80.0,80.0,53.0,72.0,3079,199.88,31819489413818
12931.0,3,,73.0,78.0,78.0,53.0,71.0,3331,200.12,32120149047973
12936.0,0,,72.0,76.0,76.0,52.0,71.0,3055,200.06,63463369336120
12936.0,1,,71.0,78.0,78.0,52.0,70.0,2799,200.12,34813044966003
12936.0,2,,73.0,80.0,80.0,53.0,72.0,3222,199.59,31820621073120
12937.0,3,,72.0,78.0,78.0,53.0,71.0,3380,199.93,32121280673950
12942.0,0,,71.0,76.0,76.0,52.0,71.0,3067,200.10,63464499890991
12942.0,1,,70.0,78.0,78.0,52.0,70.0,2805,199.89,34814174316650
12942.0,2,,72.0,80.0,80.0,54.0,72.0,3369,200.08,31821749505310
12942.0,3,,73.0,78.0,78.0,53.0,71.0,3380,199.81,32122409581115
12947.0,0,100.00,71.0,76.0,76.0,52.0,71.0,2837,199.69,63465628150390
12948.0,1,,71.0,78.0,78.0,52.0,70.0,2803,200.10,34815304907287
12948.0,2,100.00,71.0,80.0,80.0,53.0,72.0,3280,199.40,31822878096374
12948.0,3,,73.0,78.0,78.0,53.0,71.0,3384,199.61,32123539388366
12953.0,0,,71.0,76.0,76.0,52.0,71.0,2959,200.17,63466761089355
12953.0,1,,70.0,78.0,78.0,52.0,70.0,2799,199.70,34816435184631
12953.0,2,,72.0,80.0,80.0,54.0,72.0,3171,199.15,31824005267822
12954.0,3,,72.0,78.0,78.0,53.0,71.0,3383,199.60,32124669118896
12959.0,0,100.00,71.0,76.0,76.0,52.0,71.0,3075,199.76,63467891713195
12959.0,1,,69.0,78.0,78.0,52.0,70.0,2800,200.10,34817567729675
12959.0,2,100.00,72.0,80.0,80.0,53.0,71.0,3351,199.69,31825133494628
12959.0,3,,73.0,78.0,78.0,53.0,71.0,3395,200.16,32125800042541
12964.0,0,,71.0,76.0,76.0,52.0,71.0,2962,200.09,63469022199951
12965.0,1,,70.0,78.0,78.0,52.0,70.0,2806,199.75,34818696316833
12965.0,2,,71.0,80.0,80.0,53.0,72.0,3359,198.79,31826256638183
12965.0,3,,73.0,76.0,78.0,53.0,71.0,3382,199.19,32126925481567
12970.0,0,,69.0,76.0,76.0,52.0,70.0,2846,200.10,63470152787658
12970.0,1,,70.0,78.0,78.0,52.0,70.0,2802,200.01,34819826377441
12970.0,2,,70.0,80.0,80.0,53.0,71.0,3139,198.20,31827378449218
12971.0,3,,73.0,76.0,78.0,53.0,72.0,3390,199.30,32128053516540
12976.0,0,,70.0,76.0,76.0,53.0,71.0,3052,199.89,63471284189147
12976.0,1,,71.0,78.0,78.0,52.0,70.0,2798,200.03,34820958531860
12976.0,2,,72.0,80.0,80.0,54.0,72.0,3210,198.03,31828499294067
12976.0,3,,73.0,78.0,78.0,53.0,72.0,3389,199.14,32129180668151
12981.0,0,,71.0,76.0,76.0,52.0,71.0,2953,200.08,63472418614807
12982.0,1,,71.0,78.0,78.0,51.0,70.0,2803,199.65,34822090526367
12982.0,2,100.00,72.0,80.0,80.0,53.0,72.0,3366,198.29,31829623622741
12982.0,3,,73.0,78.0,78.0,53.0,71.0,3389,198.96,32130308759277
12987.0,0,,71.0,76.0,76.0,52.0,71.0,2966,199.72,63473551043762
12987.0,1,,70.0,78.0,78.0,51.0,70.0,2808,199.59,34823222206970
12987.0,2,,72.0,80.0,80.0,53.0,72.0,3201,197.87,31830743544799
12988.0,3,,71.0,78.0,78.0,53.0,71.0,3390,198.44,32131433905700
12993.0,0,,70.0,76.0,76.0,52.0,71.0,2943,199.66,63474683106140
12993.0,1,,71.0,78.0,78.0,52.0,70.0,2806,199.74,34824354731567
12993.0,2,,72.0,80.0,80.0,53.0,72.0,3143,197.86,31831865391113
12993.0,3,,73.0,78.0,78.0,53.0,71.0,3387,199.04,32132560489624
12998.0,0,,72.0,76.0,76.0,52.0,71.0,3030,200.38,63475817242675
12999.0,1,,70.0,78.0,78.0,51.0,70.0,2796,199.43,34825483487304
12999.0,2,,72.0,80.0,80.0,54.0,72.0,3347,197.88,31832987378417
12999.0,3,,71.0,78.0,78.0,53.0,71.0,3387,198.46,32133685749877
13004.0,0,,71.0,76.0,76.0,52.0,71.0,2963,199.59,63476948926818
13004.0,1,,71.0,78.0,78.0,52.0,70.0,2805,199.71,34826615817993
13004.0,2,,72.0,80.0,80.0,53.0,71.0,3323,197.75,31834108592834
13005.0,3,,72.0,78.0,78.0,53.0,71.0,3388,198.47,32134811091064
13010.0,0,,71.0,76.0,76.0,53.0,71.0,2912,200.27,63478084438110
13010.0,1,,70.0,78.0,78.0,52.0,70.0,2806,199.44,34827746661071
13010.0,2,,72.0,80.0,80.0,53.0,72.0,3135,196.61,31835223360229
13010.0,3,,72.0,78.0,78.0,53.0,71.0,3390,197.93,32135933345642
13015.0,0,,71.0,76.0,76.0,52.0,70.0,3052,199.66,63479214523010
13016.0,1,,70.0,78.0,78.0,52.0,70.0,2808,199.40,34828875265625
13016.0,2,,72.0,80.0,80.0,53.0,72.0,3157,197.08,31836338808776
13016.0,3,,73.0,78.0,78.0,53.0,72.0,3390,198.43,32137056484436
13021.0,0,,72.0,76.0,76.0,52.0,71.0,2800,199.90,63480345949951
13021.0,1,,70.0,78.0,78.0,52.0,70.0,2800,199.64,34830005214477
13021.0,2,,70.0,80.0,80.0,52.0,71.0,3351,197.97,31837459343811
13022.0,3,,73.0,78.0,78.0,53.0,71.0,3383,198.08,32138177631958
13027.0,0,,71.0,76.0,76.0,52.0,71.0,3041,200.45,63481480520446
13027.0,1,100.00,70.0,78.0,78.0,52.0,70.0,2797,199.41,34831133886413
13027.0,2,,72.0,80.0,80.0,53.0,72.0,3306,197.62,31838577847717
13027.0,3,,72.0,78.0,78.0,53.0,71.0,3388,198.01,32139300333496
13032.0,0,,72.0,76.0,76.0,52.0,71.0,3038,199.10,63482611390930
13033.0,1,100.00,70.0,78.0,78.0,52.0,70.0,2805,199.25,34832263648010
13033.0,2,,71.0,80.0,80.0,53.0,71.0,3121,197.21,31839697992126
13033.0,3,,73.0,76.0,78.0,53.0,71.0,3387,198.39,32140425185363
13038.0,0,,72.0,76.0,76.0,52.0,71.0,2827,200.06,63483743737792
13038.0,1,,70.0,78.0,78.0,52.0,70.0,2797,199.15,34833392833618
13038.0,2,100.00,72.0,80.0,80.0,53.0,72.0,3274,197.56,31840816161315
13039.0,3,,72.0,78.0,78.0,53.0,71.0,3391,197.63,32141543787170
13044.0,0,,71.0,76.0,76.0,52.0,71.0,3029,200.03,63484877902282
13044.0,1,,70.0,78.0,78.0,52.0,70.0,2806,198.55,34834518585327
13044.0,2,,72.0,82.0,80.0,53.0,72.0,3303,196.95,31841932891662
13044.0,3,,72.0,78.0,78.0,52.0,70.0,3386,198.14,32142667224487
13049.0,0,,71.0,76.0,76.0,52.0,71.0,3007,199.36,63486008292358
13050.0,1,,70.0,78.0,78.0,52.0,70.0,2795,198.79,34835645749755
13050.0,2,,69.0,80.0,80.0,53.0,71.0,3124,196.20,31843045355285
13050.0,3,,73.0,78.0,78.0,53.0,71.0,3381,198.05,32143788174072
13055.0,0,100.00,71.0,76.0,76.0,51.0,71.0,2885,199.93,63487137871826
13055.0,1,,70.0,78.0,78.0,52.0,70.0,2804,199.25,34836771486633
13055.0,2,,72.0,80.0,80.0,53.0,72.0,3314,196.79,31844157197509
13055.0,3,,72.0,78.0,78.0,53.0,71.0,3387,198.07,32144907245300
13061.0,0,76.96,71.0,76.0,76.0,52.0,70.0,3008,175.42,63488128987792
13061.0,1,77.06,69.0,78.0,78.0,51.0,69.0,2720,174.48,34837757275512
13061.0,2,76.77,72.0,80.0,80.0,53.0,71.0,3306,172.58,31845130575317
13061.0,3,76.83,72.0,78.0,78.0,52.0,70.0,3339,172.98,32145884604370
13066.0,0,,71.0,76.0,76.0,52.0,71.0,2624,199.73,63489257449157
13067.0,1,,71.0,78.0,78.0,51.0,70.0,2452,199.84,34838886361267
13067.0,2,,70.0,80.0,80.0,53.0,72.0,2930,199.91,31846260059143
13067.0,3,,72.0,78.0,78.0,53.0,71.0,3070,199.72,32147013045471
13072.0,0,,71.0,76.0,76.0,52.0,71.0,2786,200.15,63490386282592
13072.0,1,,70.0,78.0,78.0,51.0,70.0,2629,199.86,34840013582946
13072.0,2,,72.0,80.0,80.0,53.0,72.0,3078,199.66,31847386132324
13072.0,3,,73.0,78.0,78.0,53.0,71.0,3289,199.88,32148140395324
13078.0,0,100.00,72.0,76.0,76.0,52.0,71.0,2817,199.67,63491514419189
13078.0,1,100.00,71.0,78.0,78.0,52.0,70.0,2785,200.33,34841143425659
13078.0,2,100.00,71.0,80.0,80.0,54.0,72.0,3114,199.96,31848515921875
13078.0,3,,73.0,78.0,78.0,53.0,71.0,3371,200.12,32149269055603
13083.0,0,,71.0,76.0,76.0,52.0,71.0,3041,200.23,63492643692016
13083.0,1,,71.0,78.0,78.0,52.0,70.0,2805,199.67,34842271538513
13084.0,2,,72.0,80.0,80.0,53.0,72.0,3343,199.67,31849644036193
13084.0,3,,73.0,78.0,78.0,53.0,72.0,3379,200.00,32150401046997
13089.0,0,,70.0,76.0,76.0,52.0,71.0,3081,199.81,63493776593994
13089.0,1,,71.0,78.0,78.0,52.0,70.0,2806,199.79,34843404365661
13089.0,2,,72.0,80.0,80.0,53.0,72.0,3379,199.94,31850775722045
13089.0,3,,73.0,78.0,78.0,53.0,71.0,3393,199.74,32151531569824
13095.0,0,100.00,71.0,76.0,76.0,52.0,71.0,2854,199.88,63494907920654
13095.0,1,,71.0,78.0,78.0,52.0,70.0,2801,200.31,34844536103576
13095.0,2,,72.0,80.0,80.0,53.0,72.0,3279,199.20,31851903184875
13095.0,3,,72.0,78.0,78.0,53.0,71.0,3385,199.87,32152662844421
13100.0,0,,72.0,76.0,76.0,52.0,71.0,2972,199.99,63496037854125
13100.0,1,,70.0,78.0,78.0,52.0,70.0,2804,199.75,34845666675170
13101.0,2,,72.0,80.0,80.0,53.0,72.0,3172,198.66,31853027608581
13101.0,3,,73.0,78.0,78.0,53.0,71.0,3386,199.92,32153792402893
13106.0,0,,71.0,76.0,76.0,52.0,71.0,3080,200.12,63497168546569
13106.0,1,,71.0,78.0,78.0,51.0,70.0,2802,199.97,34846796533447
13106.0,2,,72.0,80.0,80.0,53.0,72.0,3344,199.38,31854154131469
13106.0,3,,73.0,78.0,78.0,53.0,71.0,3385,199.34,32154920646057
13112.0,0,,71.0,76.0,76.0,52.0,71.0,2861,199.93,63498300124023
13112.0,1,,71.0,78.0,78.0,52.0,70.0,2798,200.18,34847929528198
13112.0,2,,72.0,80.0,80.0,53.0,72.0,3316,198.94,31855280119750
13112.0,3,,73.0,78.0,78.0,53.0,72.0,3380,199.88,32156051968750
13117.0,0,,72.0,76.0,76.0,52.0,71.0,2963,200.15,63499430995361
13117.0,1,,70.0,78.0,78.0,52.0,70.0,2805,199.55,34849057001037
13118.0,2,,73.0,80.0,80.0,53.0,72.0,3129,197.99,31856396796264
13118.0,3,,71.0,78.0,78.0,53.0,71.0,3386,198.55,32157171770446
13123.0,0,,71.0,76.0,76.0,52.0,71.0,3048,199.76,63500559620910
13123.0,1,,71.0,78.0,78.0,52.0,70.0,2801,200.43,34850189427734
13123.0,2,,73.0,80.0,80.0,53.0,72.0,3316,198.65,31857521132812
13123.0,3,,73.0,78.0,78.0,53.0,71.0,3389,199.78,32158302502441
13129.0,0,100.00,72.0,76.0,76.0,52.0,71.0,2881,199.94,63501693253234
13129.0,1,,68.0,78.0,78.0,52.0,69.0,2797,199.62,34851321270568
13129.0,2,,72.0,80.0,80.0,53.0,72.0,3370,198.35,31858645792907
13129.0,3,,72.0,78.0,78.0,52.0,71.0,3390,199.04,32159431058471
13134.0,0,,69.0,76.0,76.0,52.0,70.0,3055,200.03,63502825402587
13134.0,1,,71.0,78.0,78.0,52.0,70.0,2801,199.93,34852450865112
13135.0,2,,72.0,80.0,80.0,53.0,72.0,3213,197.79,31859765292358
13135.0,3,100.00,73.0,78.0,78.0,53.0,71.0,3384,198.40,32160553976745
13140.0,0,,70.0,76.0,76.0,52.0,70.0,2894,199.87,63503956661254
13140.0,1,,71.0,78.0,78.0,52.0,70.0,2809,199.40,34853581445800
13140.0,2,,73.0,80.0,80.0,53.0,73.0,3136,197.44,31860882794189
13140.0,3,,72.0,78.0,78.0,53.0,71.0,3389,198.95,32161680038879
13146.0,0,,71.0,76.0,76.0,52.0,71.0,2975,200.17,63505089601623
13146.0,1,,70.0,78.0,78.0,52.0,70.0,2806,199.79,34854712273010
13146.0,2,,72.0,80.0,80.0,53.0,72.0,3338,197.51,31862000696166
13146.0,3,,73.0,78.0,78.0,53.0,71.0,3393,198.77,32162805098571
13151.0,0,,72.0,76.0,76.0,52.0,70.0,3038,199.81,63506222519348
13151.0,1,,70.0,78.0,78.0,52.0,70.0,2805,199.50,34855843446350
13151.0,2,,73.0,80.0,80.0,53.0,72.0,3293,197.45,31863120258056
13152.0,3,,73.0,78.0,78.0,53.0,71.0,3385,198.55,32163930891906
13157.0,0,,71.0,76.0,76.0,52.0,71.0,2900,200.00,63507356542663
13157.0,1,,70.0,78.0,78.0,51.0,70.0,2805,199.21,34856972969299
13157.0,2,100.00,72.0,80.0,80.0,53.0,72.0,3133,197.28,31864238813476
13157.0,3,,72.0,78.0,78.0,53.0,71.0,3388,197.83,32165052572326
13163.0,0,,70.0,76.0,76.0,51.0,70.0,3061,199.81,63508489469482
13163.0,1,,71.0,78.0,78.0,52.0,70.0,2797,199.28,34858102914672
13163.0,2,,72.0,80.0,80.0,53.0,72.0,3283,197.08,31865356229003
13163.0,3,,72.0,78.0,78.0,53.0,71.0,3389,198.07,32166175601135
13168.0,0,,72.0,76.0,76.0,52.0,71.0,2892,200.00,63509621463989
13168.0,1,,70.0,78.0,78.0,52.0,70.0,2807,199.55,34859232392578
13168.0,2,,72.0,80.0,80.0,53.0,72.0,3327,197.54,31866474310852
13169.0,3,,73.0,78.0,78.0,53.0,72.0,3390,198.96,32167301688049
13174.0,0,,72.0,76.0,76.0,52.0,71.0,2986,199.66,63510753541198
13174.0,1,,70.0,78.0,78.0,52.0,70.0,2795,199.11,34860361332580
13174.0,2,,71.0,80.0,80.0,53.0,72.0,3111,197.28,31867592909790
13174.0,3,,73.0,78.0,78.0,53.0,71.0,3390,198.08,32168424787353
13180.0,0,,71.0,76.0,76.0,52.0,71.0,3040,199.59,63511885244567
13180.0,1,,71.0,78.0,78.0,52.0,70.0,2807,198.99,34861489603454
13180.0,2,100.00,72.0,80.0,80.0,53.0,72.0,3284,196.23,31868705535217
13180.0,3,,73.0,78.0,78.0,53.0,71.0,3389,197.93,32169547046936
13185.0,0,,71.0,76.0,76.0,52.0,71.0,2863,199.63,63513015158325
13185.0,1,,71.0,78.0,78.0,52.0,70.0,2803,198.64,34862611920288
13185.0,2,,72.0,80.0,80.0,53.0,73.0,3281,197.19,31869819653320
13186.0,3,,73.0,78.0,78.0,53.0,71.0,3389,197.17,32170661030090
13191.0,0,,71.0,76.0,76.0,52.0,71.0,3038,199.88,63514144484252
13191.0,1,,70.0,78.0,78.0,51.0,70.0,2810,198.82,34863737236022
13191.0,2,,72.0,80.0,80.0,53.0,72.0,3116,195.94,31870928658996
13191.0,3,,73.0,78.0,78.0,53.0,71.0,3380,198.12,32171782394104
13197.0,0,,71.0,76.0,76.0,52.0,71.0,2921,199.93,63515278106689
13197.0,1,,70.0,78.0,78.0,51.0,69.0,2807,198.30,34864861587768
13197.0,2,,72.0,80.0,80.0,53.0,72.0,3328,196.98,31872043544006
13197.0,3,,73.0,78.0,78.0,53.0,71.0,3389,197.62,32172900948425
13202.0,0,,67.0,74.0,74.0,51.0,69.0,3071,195.00,63516381782653
13202.0,1,,66.0,76.0,76.0,50.0,68.0,2805,191.22,34865945810791
13202.0,2,,68.0,78.0,78.0,52.0,70.0,3288,185.94,31873099673583
13203.0,3,,68.0,76.0,76.0,51.0,69.0,3383,184.24,32173947449157
13208.0,0,,71.0,76.0,76.0,52.0,70.0,2576,176.22,63517380975524
13208.0,1,,69.0,78.0,78.0,52.0,69.0,2495,178.80,34866956008239
13208.0,2,,71.0,80.0,80.0,53.0,72.0,2956,180.97,31874120322265
13208.0,3,,72.0,78.0,78.0,53.0,71.0,3035,183.33,32174981413940
13213.0,0,,71.0,76.0,76.0,52.0,71.0,2716,200.00,63518507000366
13214.0,1,,70.0,78.0,78.0,52.0,70.0,2459,199.79,34868082825561
13214.0,2,,72.0,80.0,80.0,53.0,72.0,3044,199.95,31875248023742
13214.0,3,,73.0,78.0,78.0,53.0,71.0,3105,200.09,32176109904602
13219.0,0,,71.0,76.0,76.0,52.0,71.0,2870,199.96,63519636762023
13219.0,1,100.00,71.0,78.0,78.0,52.0,70.0,2732,200.03,34869210970214
13219.0,2,,73.0,80.0,80.0,53.0,72.0,3102,199.70,31876376340515
13220.0,3,,72.0,78.0,78.0,53.0,71.0,3335,199.89,32177239300109
13225.0,0,,71.0,76.0,76.0,52.0,71.0,3057,200.08,63520767241394
13225.0,1,,70.0,78.0,78.0,52.0,70.0,2803,200.08,34870341437744
13225.0,2,,71.0,80.0,80.0,53.0,72.0,3326,199.91,31877505831970
13225.0,3,,73.0,76.0,78.0,53.0,71.0,3370,200.20,32178368430297
13230.0,0,,70.0,76.0,76.0,52.0,71.0,3082,200.06,63521895583618
13231.0,1,,70.0,78.0,78.0,52.0,70.0,2795,199.96,34871471196838
13231.0,2,,71.0,80.0,80.0,54.0,73.0,3369,199.57,31878633391418
13231.0,3,,71.0,78.0,78.0,53.0,71.0,3390,199.77,32179497135925
13236.0,0,,71.0,76.0,76.0,52.0,71.0,2849,199.87,63523024826110
13236.0,1,,71.0,78.0,78.0,52.0,70.0,2806,199.65,34872599218933
13236.0,2,,72.0,80.0,80.0,53.0,72.0,3335,199.37,31879759833862
13237.0,3,,72.0,78.0,78.0,53.0,71.0,3386,199.82,32180626126525
13242.0,0,,72.0,76.0,76.0,52.0,72.0,2980,199.86,63524156054504
13242.0,1,,70.0,78.0,78.0,52.0,70.0,2799,199.99,34873731172180
13242.0,2,100.00,72.0,80.0,80.0,53.0,72.0,3136,198.97,31880885992980
13242.0,3,,73.0,78.0,78.0,53.0,71.0,3390,199.52,32181757422973
13247.0,0,,71.0,76.0,76.0,52.0,71.0,3078,200.10,63525286619812
13248.0,1,,71.0,78.0,78.0,52.0,70.0,2804,199.85,34874860319458
13248.0,2,,73.0,80.0,80.0,53.0,72.0,3328,199.15,31882009211181
13248.0,3,,73.0,78.0,78.0,53.0,72.0,3391,199.58,32182883040161
13253.0,0,,71.0,76.0,76.0,52.0,71.0,2919,199.79,63526417426574
13253.0,1,,70.0,78.0,78.0,51.0,69.0,2801,200.50,34875993127441
13253.0,2,,72.0,80.0,80.0,53.0,72.0,3383,199.01,31883135630920
13253.0,3,,73.0,78.0,78.0,53.0,71.0,3383,199.46,32184011991943
13259.0,0,,71.0,76.0,76.0,52.0,71.0,2990,200.07,63527547797302
13259.0,1,,70.0,78.0,78.0,52.0,70.0,2800,199.81,34877124049499
13259.0,2,,72.0,80.0,80.0,53.0,72.0,3180,198.40,31884258580688
13259.0,3,,73.0,78.0,78.0,53.0,72.0,3392,199.32,32185140144958
13264.0,0,,71.0,76.0,76.0,52.0,70.0,2947,199.71,63528680125366
13265.0,1,,70.0,78.0,78.0,52.0,70.0,2808,199.54,34878255467407
13265.0,2,,72.0,80.0,80.0,53.0,72.0,3095,197.99,31885379191406
13265.0,3,,73.0,78.0,78.0,53.0,71.0,3391,199.26,32186267945922
13270.0,0,,71.0,76.0,76.0,52.0,71.0,2915,200.22,63529813367248
13270.0,1,100.00,69.0,78.0,78.0,52.0,70.0,2799,199.43,34879384235046
13270.0,2,100.00,73.0,80.0,80.0,54.0,72.0,3267,198.68,31886503737915
13270.0,3,100.00,72.0,78.0,78.0,53.0,71.0,3387,198.56,32187391778869
13276.0,0,,71.0,76.0,76.0,52.0,71.0,3052,199.95,63530941108276
13276.0,1,,70.0,78.0,78.0,51.0,70.0,2799,199.63,34880510172302
13276.0,2,,72.0,80.0,80.0,53.0,72.0,3375,197.63,31887618394714
13276.0,3,,73.0,78.0,78.0,53.0,71.0,3384,198.97,32188513943420
13281.0,0,,71.0,76.0,76.0,53.0,71.0,2917,199.82,63532068090942
13281.0,1,,70.0,78.0,78.0,51.0,69.0,2800,199.94,34881635844848
13282.0,2,,72.0,80.0,80.0,53.0,72.0,3158,197.80,31888733994384
13282.0,3,,73.0,78.0,78.0,53.0,72.0,3388,199.19,32189637364013
13287.0,0,,70.0,76.0,76.0,52.0,71.0,3054,199.79,63533198910400
13287.0,1,,71.0,78.0,78.0,52.0,70.0,2798,199.19,34882765260742
13287.0,2,,71.0,80.0,80.0,53.0,71.0,3104,197.44,31889853499084
13287.0,3,,73.0,78.0,78.0,53.0,71.0,3383,198.55,32190761159973
13293.0,0,,71.0,76.0,76.0,52.0,71.0,2948,199.78,63534329658996
13293.0,1,,70.0,78.0,78.0,52.0,70.0,2801,199.78,34883893997680
13293.0,2,,72.0,80.0,80.0,53.0,72.0,3331,197.34,31890970442260
13293.0,3,,73.0,78.0,78.0,53.0,71.0,3392,198.25,32191885223999
13298.0,0,,72.0,76.0,76.0,52.0,71.0,2822,200.41,63535461981872
13298.0,1,,70.0,78.0,78.0,52.0,70.0,2798,199.45,34885022892700
13299.0,2,,72.0,80.0,80.0,54.0,72.0,3286,197.59,31892088792236
13299.0,3,,71.0,78.0,78.0,53.0,71.0,3380,198.54,32193008937866
13304.0,0,,71.0,76.0,76.0,52.0,71.0,3042,199.39,63536592508483
13304.0,1,,71.0,78.0,78.0,52.0,70.0,2803,199.28,34886150842590
13304.0,2,,72.0,80.0,80.0,53.0,72.0,3111,197.07,31893202263610
13304.0,3,,73.0,78.0,78.0,53.0,71.0,3388,198.14,32194128411987
13310.0,0,,69.0,76.0,76.0,52.0,70.0,3079,200.28,63537724079406
13310.0,1,,70.0,78.0,78.0,52.0,70.0,2804,199.37,34887277273925
13310.0,2,,73.0,80.0,80.0,54.0,72.0,3252,197.01,31894315388977
13310.0,3,,73.0,78.0,78.0,53.0,71.0,3382,198.29,32195246765136
13315.0,0,,71.0,76.0,76.0,52.0,71.0,2931,199.82,63538853057067
13315.0,1,,70.0,78.0,78.0,51.0,69.0,2798,199.73,34888407727050
13316.0,2,,72.0,80.0,80.0,53.0,72.0,3368,197.36,31895432446472
13316.0,3,,73.0,78.0,78.0,53.0,71.0,3388,198.68,32196373260681
13321.0,0,,71.0,76.0,76.0,52.0,71.0,2869,200.20,63539986209045
13321.0,1,,70.0,78.0,78.0,52.0,70.0,2808,198.54,34889533451110
13321.0,2,,72.0,80.0,80.0,53.0,72.0,3170,197.40,31896549741210
13321.0,3,,73.0,78.0,78.0,53.0,71.0,3389,198.31,32197495680114
13327.0,0,,71.0,76.0,76.0,52.0,71.0,3061,199.74,63541118726440
13327.0,1,,70.0,78.0,78.0,51.0,70.0,2806,199.58,34890663077758
13327.0,2,,73.0,80.0,80.0,54.0,72.0,3092,197.06,31897667076354
13327.0,3,,73.0,78.0,78.0,53.0,71.0,3387,198.08,32198618774658
13332.0,0,100.00,72.0,76.0,76.0,52.0,71.0,3018,199.40,63542249340087
13332.0,1,,70.0,78.0,78.0,52.0,70.0,2807,198.84,34891790508178
13333.0,2,,71.0,80.0,80.0,53.0,71.0,3323,196.96,31898783855590
13333.0,3,,73.0,76.0,78.0,53.0,71.0,3390,197.01,32199735818054
13338.0,0,,72.0,76.0,76.0,52.0,71.0,2817,199.74,63543381889343
13338.0,1,,70.0,78.0,78.0,51.0,69.0,2804,199.50,34892921690734
13338.0,2,,72.0,80.0,80.0,53.0,72.0,3293,196.50,31899897982849
13338.0,3,,73.0,78.0,78.0,53.0,71.0,3388,197.68,32200856637023
13344.0,0,,72.0,76.0,76.0,52.0,71.0,3019,199.68,63544512092590
13344.0,1,,70.0,78.0,78.0,52.0,69.0,2798,198.23,34894043683715
13344.0,2,,72.0,80.0,80.0,53.0,72.0,3124,196.47,31901010028930
13344.0,3,,73.0,78.0,78.0,53.0,72.0,3385,197.14,32201974438659
13349.0,0,,70.0,76.0,76.0,52.0,70.0,2915,173.23,63545494307861
13349.0,1,,69.0,78.0,78.0,51.0,69.0,2590,172.69,34895021081420
13350.0,2,,71.0,80.0,80.0,53.0,72.0,3030,171.33,31901978049377
13350.0,3,,71.0,78.0,78.0,53.0,70.0,3247,171.86,32202943750671
13355.0,0,,70.0,76.0,76.0,52.0,70.0,2658,200.17,63546623275451
13355.0,1,,71.0,78.0,78.0,52.0,70.0,2411,199.71,34896149464843
13355.0,2,,73.0,80.0,80.0,53.0,72.0,3023,199.74,31903108584777
13355.0,3,,72.0,78.0,78.0,53.0,71.0,3085,199.93,32204075360168
13361.0,0,,72.0,76.0,76.0,53.0,71.0,2788,199.98,63547755141967
13361.0,1,,71.0,78.0,78.0,52.0,71.0,2640,200.05,34897281742980
13361.0,2,,72.0,80.0,80.0,53.0,72.0,3074,199.72,31904238977600
13361.0,3,,72.0,78.0,78.0,53.0,71.0,3265,199.81,32205206302917
13366.0,0,,71.0,76.0,76.0,52.0,71.0,2872,200.13,63548887871765
13366.0,1,,69.0,78.0,78.0,52.0,70.0,2798,200.02,34898413845214
13366.0,2,,73.0,80.0,80.0,53.0,72.0,3274,200.28,31905372550354
13367.0,3,,73.0,76.0,78.0,53.0,71.0,3370,200.34,32206340211608
13372.0,0,,71.0,76.0,76.0,53.0,71.0,3066,199.86,63550019106140
13372.0,1,100.00,71.0,78.0,78.0,52.0,70.0,2803,200.16,34899544763000
13372.0,2,100.00,70.0,80.0,80.0,53.0,72.0,3369,199.76,31906501169921
13372.0,3,100.00,73.0,78.0,78.0,53.0,71.0,3380,199.68,32207468381530
13378.0,0,,71.0,76.0,76.0,52.0,70.0,3007,199.78,63551147890747
13378.0,1,,71.0,78.0,78.0,52.0,70.0,2804,199.78,34900675491210
13378.0,2,,73.0,80.0,80.0,53.0,72.0,3312,199.40,31907627781250
13378.0,3,,73.0,78.0,78.0,53.0,71.0,3385,200.04,32208598625000
13383.0,0,,71.0,76.0,76.0,53.0,71.0,2814,200.07,63552278262084
13383.0,1,,69.0,78.0,78.0,52.0,70.0,2794,200.14,34901804262084
13383.0,2,,72.0,80.0,80.0,54.0,72.0,3188,199.31,31908753907165
13384.0,3,,73.0,78.0,78.0,53.0,71.0,3391,199.46,32209725574462
13389.0,0,,71.0,76.0,76.0,52.0,71.0,3038,199.94,63553407927124
13389.0,1,,72.0,78.0,78.0,52.0,70.0,2803,199.62,34902934098266
13389.0,2,,71.0,80.0,80.0,53.0,71.0,3343,199.35,31909880210693
13389.0,3,,73.0,78.0,78.0,53.0,71.0,3386,199.74,32210854100769
13394.0,0,,71.0,76.0,76.0,52.0,71.0,3044,199.53,63554537241088
13395.0,1,,71.0,78.0,78.0,52.0,70.0,2801,200.24,34904065429809
13395.0,2,,73.0,80.0,80.0,53.0,72.0,3244,198.37,31911003006164
13395.0,3,,73.0,78.0,78.0,53.0,72.0,3382,199.63,32211984020202
13400.0,0,,72.0,76.0,76.0,52.0,71.0,2865,200.38,63555669376586
13400.0,1,,71.0,78.0,78.0,52.0,70.0,2801,199.95,34905197119934
13400.0,2,,72.0,80.0,80.0,53.0,72.0,3203,198.31,31912125438964
13401.0,3,,73.0,78.0,78.0,53.0,71.0,3392,199.70,32213114341369
13406.0,0,,71.0,76.0,76.0,52.0,71.0,3052,199.86,63556802554504
13406.0,1,,70.0,78.0,78.0,52.0,70.0,2797,199.94,34906328800781
13406.0,2,,72.0,80.0,80.0,53.0,72.0,3349,198.51,31913249031066
13406.0,3,,73.0,78.0,78.0,53.0,71.0,3382,198.71,32214239015869
13411.0,0,,72.0,76.0,76.0,52.0,71.0,2914,199.86,63557933764587
13412.0,1,,70.0,78.0,78.0,52.0,70.0,2798,199.72,34907461194946
13412.0,2,,71.0,80.0,80.0,54.0,72.0,3242,198.23,31914372990783
13412.0,3,,73.0,78.0,78.0,53.0,72.0,3391,199.94,32215370669738
13417.0,0,,72.0,76.0,76.0,52.0,71.0,2914,200.32,63559067580078
13417.0,1,,70.0,78.0,78.0,52.0,70.0,2807,199.86,34908592391906
13417.0,2,,71.0,80.0,80.0,53.0,72.0,3167,198.08,31915494122009
13418.0,3,,73.0,78.0,78.0,53.0,71.0,3391,198.91,32216498476562
13423.0,0,,71.0,76.0,76.0,52.0,71.0,3065,199.90,63560199030578
13423.0,1,,70.0,78.0,78.0,51.0,70.0,2800,199.45,34909721283752
13423.0,2,,72.0,80.0,80.0,53.0,72.0,3330,198.23,31916616089965
13423.0,3,,72.0,78.0,78.0,52.0,71.0,3391,199.14,32217625624755
13428.0,0,,71.0,76.0,76.0,52.0,71.0,2956,199.75,63561331616271
13429.0,1,,70.0,78.0,78.0,52.0,70.0,2806,199.79,34910854091979
13429.0,2,,71.0,80.0,80.0,53.0,72.0,3238,197.65,31917736755249
13429.0,3,,73.0,78.0,78.0,53.0,71.0,3386,198.60,32218751676208
13434.0,0,,71.0,76.0,76.0,52.0,71.0,2878,200.07,63562466016845
13434.0,1,,71.0,78.0,80.0,52.0,70.0,2807,199.35,34911984412963
13434.0,2,,72.0,80.0,80.0,53.0,72.0,3200,198.28,31918859028259
13435.0,3,,72.0,78.0,78.0,53.0,71.0,3392,198.97,32219877842895
13440.0,0,,71.0,76.0,76.0,52.0,71.0,3061,200.03,63563598213378
13440.0,1,,70.0,78.0,78.0,51.0,70.0,2805,199.24,34913112106384
13440.0,2,,72.0,80.0,80.0,53.0,72.0,3323,197.49,31919978788330
13440.0,3,,73.0,78.0,78.0,53.0,71.0,3386,198.85,32221005304321
13445.0,0,,71.0,76.0,76.0,52.0,71.0,2963,199.69,63564730464111
13446.0,1,,70.0,78.0,78.0,52.0,70.0,2803,199.42,34914244801208
13446.0,2,,72.0,82.0,80.0,53.0,72.0,3131,197.32,31921099570861
13446.0,3,,72.0,78.0,78.0,53.0,71.0,3385,197.40,32222126537902
13451.0,0,,71.0,76.0,76.0,52.0,71.0,2888,199.74,63565864984558
13451.0,1,,70.0,78.0,78.0,52.0,70.0,2807,199.93,34915376427185
13451.0,2,,72.0,82.0,80.0,54.0,72.0,3229,197.53,31922219593750
13452.0,3,,71.0,78.0,78.0,53.0,71.0,3386,198.16,32223250113464
13457.0,0,,71.0,76.0,76.0,52.0,71.0,3005,200.13,63566999715393
13457.0,1,,71.0,78.0,78.0,52.0,70.0,2802,198.86,34916505933898
13457.0,2,,72.0,80.0,80.0,53.0,72.0,3356,196.60,31923334299133
13457.0,3,,73.0,78.0,78.0,53.0,71.0,3387,198.16,32224373687500
13462.0,0,,70.0,76.0,76.0,52.0,71.0,2985,199.64,63568131693298
13463.0,1,,70.0,78.0,78.0,52.0,70.0,2807,199.51,34917635167114
13463.0,2,,72.0,80.0,80.0,53.0,72.0,3154,197.35,31924451293823
13463.0,3,,73.0,78.0,78.0,53.0,71.0,3390,197.94,32225494048645
13468.0,0,,70.0,76.0,76.0,53.0,71.0,2977,199.83,63569262742797
13468.0,1,,70.0,78.0,78.0,52.0,70.0,2797,199.09,34918764011901
13468.0,2,,72.0,82.0,82.0,53.0,72.0,3229,197.14,31925569058349
13469.0,3,,74.0,78.0,78.0,53.0,71.0,3387,198.06,32226617046081
13474.0,0,,71.0,76.0,76.0,52.0,71.0,2876,200.17,63570397722106
13474.0,1,,71.0,78.0,78.0,52.0,70.0,2802,199.10,34919892919555
13474.0,2,,72.0,80.0,80.0,53.0,72.0,3354,196.67,31926684179199
13474.0,3,,73.0,78.0,78.0,52.0,71.0,3385,198.08,32227742149536
13479.0,0,,70.0,76.0,76.0,52.0,71.0,3054,199.03,63571526204711
13480.0,1,,70.0,78.0,78.0,52.0,70.0,2800,198.95,34921018965942
13480.0,2,,72.0,80.0,82.0,53.0,71.0,3159,196.41,31927797835327
13480.0,3,,73.0,78.0,78.0,53.0,71.0,3384,197.27,32228856701660
13485.0,0,,71.0,76.0,76.0,52.0,71.0,2905,199.86,63572657433776
13485.0,1,,70.0,78.0,78.0,52.0,70.0,2807,198.92,34922146870605
13485.0,2,,72.0,80.0,80.0,53.0,72.0,3148,196.19,31928908293151
13486.0,3,,73.0,78.0,78.0,53.0,71.0,3390,197.42,32229976057922
13491.0,0,75.80,70.0,76.0,74.0,52.0,70.0,3064,175.17,63573648891113
13491.0,1,75.79,69.0,78.0,78.0,51.0,69.0,2803,173.99,34923129887939
13491.0,2,75.37,72.0,80.0,80.0,53.0,71.0,3305,171.89,31929877772399
13491.0,3,75.63,71.0,76.0,78.0,53.0,70.0,3350,173.10,32230952331787
13496.0,0,,70.0,76.0,76.0,52.0,71.0,2583,200.02,63574776990051
13497.0,1,,69.0,78.0,78.0,52.0,69.0,2431,199.78,34924258652648
13497.0,2,100.00,71.0,80.0,80.0,53.0,72.0,2993,199.65,31931007816345
13497.0,3,,73.0,78.0,78.0,53.0,71.0,3056,200.06,32232082692260
13502.0,0,,71.0,76.0,76.0,52.0,71.0,2759,199.73,63575907436523
13502.0,1,,70.0,78.0,78.0,52.0,70.0,2527,200.23,34925389976867
13502.0,2,,72.0,80.0,80.0,53.0,72.0,3078,200.11,31932138427062
13503.0,3,,72.0,78.0,78.0,53.0,71.0,3289,199.81,32233213642822
13508.0,0,,71.0,76.0,76.0,52.0,71.0,2856,200.06,63577037788208
13508.0,1,,71.0,78.0,78.0,52.0,70.0,2769,199.77,34926520653076
13508.0,2,,71.0,80.0,80.0,54.0,72.0,3098,199.67,31933268576354
13508.0,3,,73.0,78.0,78.0,53.0,71.0,3373,199.88,32234344944580
13513.0,0,,71.0,76.0,76.0,52.0,71.0,3064,200.03,63578169975402
13514.0,1,,70.0,78.0,78.0,52.0,70.0,2800,199.91,34927652145141
13514.0,2,,71.0,80.0,80.0,54.0,72.0,3319,199.93,31934400177917
13514.0,3,,73.0,78.0,78.0,53.0,71.0,3382,199.96,32235476724487
13519.0,0,,71.0,76.0,76.0,52.0,71.0,3025,200.09,63579300479248
13519.0,1,,70.0,78.0,78.0,52.0,70.0,2805,199.79,34928780937500
13519.0,2,,72.0,80.0,80.0,53.0,72.0,3371,199.79,31935527020446
13519.0,3,,72.0,78.0,78.0,53.0,71.0,3381,199.98,32236604597534
13525.0,0,,71.0,76.0,76.0,52.0,71.0,2825,200.06,63580430802673
13525.0,1,,71.0,78.0,78.0,52.0,70.0,2801,200.31,34929912688049
13525.0,2,,72.0,80.0,80.0,53.0,72.0,3351,199.38,31936655490295
13525.0,3,,74.0,78.0,78.0,53.0,71.0,3385,199.82,32237735595031
13530.0,0,,71.0,76.0,76.0,52.0,71.0,2961,199.69,63581561024291
13530.0,1,,71.0,78.0,78.0,52.0,70.0,2803,199.79,34931043498107
13531.0,2,,72.0,80.0,80.0,53.0,72.0,3143,198.52,31937777101928
13531.0,3,,72.0,78.0,78.0,53.0,71.0,3386,199.49,32238862735107
13536.0,0,,71.0,76.0,76.0,52.0,71.0,3078,200.25,63582692412048
13536.0,1,,70.0,78.0,78.0,52.0,70.0,2802,199.92,34932173049499
13536.0,2,,72.0,80.0,80.0,53.0,72.0,3266,199.10,31938904000549
13536.0,3,,73.0,78.0,78.0,53.0,71.0,3385,199.51,32239991973632
13542.0,0,,72.0,76.0,76.0,52.0,71.0,2908,199.71,63583822791564
13542.0,1,,70.0,78.0,78.0,51.0,70.0,2800,200.07,34933305437805
13542.0,2,,72.0,80.0,80.0,53.0,72.0,3373,198.86,31940029574951
13542.0,3,,71.0,76.0,78.0,53.0,71.0,3391,199.55,32241121438720
13547.0,0,,71.0,76.0,76.0,52.0,71.0,2914,200.13,63584955509277
13547.0,1,,70.0,78.0,78.0,52.0,70.0,2799,199.83,34934436473083
13548.0,2,,71.0,80.0,80.0,53.0,72.0,3202,197.93,31941149886779
13548.0,3,,73.0,78.0,78.0,53.0,72.0,3386,199.64,32242249422912
13553.0,0,,71.0,76.0,76.0,52.0,71.0,3069,200.15,63586086355834
13553.0,1,,71.0,78.0,78.0,52.0,70.0,2803,199.75,34935565087707
13553.0,2,,73.0,80.0,80.0,53.0,72.0,3185,198.39,31942270792785
13553.0,3,,72.0,78.0,78.0,53.0,71.0,3385,198.66,32243373822937
13559.0,0,,69.0,76.0,76.0,52.0,70.0,2949,199.66,63587216416137
13559.0,1,,70.0,78.0,78.0,52.0,70.0,2801,199.69,34936695349731
13559.0,2,,72.0,80.0,80.0,53.0,72.0,3350,198.34,31943393392150
13559.0,3,,73.0,78.0,78.0,53.0,71.0,3393,199.00,32244500166198
13564.0,0,,71.0,76.0,76.0,52.0,71.0,2927,199.82,63588347394531
13564.0,1,,69.0,78.0,78.0,51.0,69.0,2806,200.02,34937827443176
13565.0,2,,72.0,80.0,80.0,53.0,72.0,3294,197.27,31944511893737
13565.0,3,,73.0,78.0,78.0,53.0,71.0,3386,198.95,32245628206787
13570.0,0,,72.0,76.0,76.0,52.0,71.0,3048,199.97,63589481198303
13570.0,1,,70.0,78.0,78.0,51.0,69.0,2806,199.60,34938959180053
13570.0,2,,72.0,80.0,80.0,53.0,72.0,3114,197.42,31945629281555
13570.0,3,,73.0,78.0,78.0,53.0,72.0,3391,198.74,32246753069274
13576.0,0,,70.0,76.0,76.0,52.0,71.0,2836,199.79,63590614029052
13576.0,1,,71.0,78.0,78.0,52.0,70.0,2805,199.53,34940090497619
13576.0,2,,72.0,80.0,80.0,53.0,72.0,3247,198.37,31946754047912
13576.0,3,,72.0,78.0,78.0,53.0,71.0,3386,198.62,32247879255310
13581.0,0,,70.0,76.0,76.0,52.0,71.0,2965,199.87,63591747315551
13581.0,1,,71.0,78.0,78.0,52.0,70.0,2797,199.09,34941219343444
13582.0,2,,72.0,80.0,80.0,53.0,72.0,3347,197.41,31947873383911
13582.0,3,,72.0,78.0,78.0,53.0,72.0,3390,198.35,32249003895690
13587.0,0,100.00,71.0,76.0,76.0,52.0,71.0,3083,200.30,63592881026977
13587.0,1,,67.0,78.0,78.0,51.0,69.0,2806,199.75,34942349915466
13587.0,2,100.00,72.0,80.0,80.0,53.0,73.0,3146,197.43,31948990815673
13587.0,3,,73.0,78.0,78.0,53.0,72.0,3389,198.51,32250127451538
13593.0,0,,71.0,76.0,76.0,52.0,71.0,2858,199.71,63594013407226
13593.0,1,,70.0,78.0,78.0,52.0,70.0,2796,198.95,34943477961242
13593.0,2,,72.0,80.0,80.0,53.0,72.0,3251,197.46,31950110411315
13593.0,3,,71.0,76.0,78.0,52.0,70.0,3388,198.27,32251251639648
13598.0,0,,72.0,76.0,76.0,52.0,71.0,2913,199.58,63595145043273
13598.0,1,,69.0,78.0,78.0,51.0,69.0,2804,199.26,34944607789672
13599.0,2,,72.0,80.0,80.0,53.0,72.0,3356,197.67,31951231177185
13599.0,3,,73.0,78.0,78.0,53.0,71.0,3390,197.68,32252372486083
13604.0,0,,70.0,76.0,76.0,52.0,70.0,3071,199.88,63596276387573
13604.0,1,,71.0,78.0,78.0,52.0,70.0,2799,198.94,34945733784606
13604.0,2,,72.0,80.0,80.0,53.0,72.0,3137,196.93,31952345788940
13604.0,3,,72.0,78.0,78.0,53.0,71.0,3390,197.96,32253492951171
13610.0,0,,71.0,76.0,76.0,52.0,71.0,2864,199.54,63597405807312
13610.0,1,,70.0,78.0,78.0,52.0,70.0,2803,199.34,34946860047729
13610.0,2,,72.0,80.0,80.0,54.0,73.0,3203,197.10,31953461368225
13610.0,3,,71.0,78.0,78.0,53.0,71.0,3384,197.77,32254612346496
13615.0,0,,69.0,76.0,76.0,52.0,70.0,2965,199.90,63598539249389
13615.0,1,,70.0,78.0,78.0,52.0,70.0,2802,199.13,34947987096435
13616.0,2,,72.0,80.0,80.0,53.0,72.0,3369,197.49,31954573245178
13616.0,3,,72.0,78.0,78.0,52.0,71.0,3391,198.43,32255725519470
13621.0,0,,71.0,76.0,76.0,52.0,71.0,3054,199.79,63599658057128
13621.0,1,,70.0,78.0,78.0,52.0,70.0,2809,198.62,34949103331054
13621.0,2,,72.0,80.0,80.0,53.0,71.0,3223,195.57,31955676243103
13621.0,3,,73.0,76.0,78.0,53.0,71.0,3385,196.75,32256839105773
13627.0,0,100.00,71.0,76.0,76.0,52.0,71.0,2839,200.04,63600790292968
13627.0,1,100.00,70.0,78.0,78.0,51.0,69.0,2805,198.98,34950231531433
13627.0,2,100.00,72.0,80.0,80.0,53.0,72.0,3103,197.11,31956791900146
13627.0,3,,73.0,78.0,78.0,53.0,71.0,3386,198.26,32257963224731
13632.0,0,,71.0,76.0,76.0,52.0,71.0,2880,199.54,63601921686706
13632.0,1,,68.0,78.0,78.0,51.0,69.0,2806,198.51,34951355079528
13633.0,2,,69.0,78.0,80.0,52.0,71.0,3271,194.46,31957892546997
13633.0,3,,68.0,76.0,76.0,52.0,69.0,3389,193.35,32259051762939
13638.0,0,,70.0,76.0,76.0,52.0,71.0,2752,172.64,63602893662902
13638.0,1,,69.0,78.0,78.0,52.0,69.0,2521,172.37,34952323779113
13638.0,2,,71.0,80.0,80.0,53.0,72.0,2981,173.47,31958869179687
13638.0,3,,72.0,78.0,78.0,53.0,71.0,3165,175.97,32260045998107
13643.0,0,,70.0,76.0,76.0,52.0,71.0,2764,200.10,63604022211303
13644.0,1,,70.0,78.0,78.0,52.0,70.0,2477,199.70,34953452073547
13644.0,2,,72.0,80.0,80.0,53.0,72.0,3054,199.95,31959996892333
13644.0,3,,73.0,76.0,78.0,53.0,71.0,3129,199.91,32261173518310
13649.0,0,,72.0,76.0,76.0,52.0,71.0,2797,200.13,63605150934753
13649.0,1,,70.0,78.0,78.0,52.0,70.0,2680,199.97,34954579879699
13649.0,2,,73.0,80.0,80.0,53.0,72.0,3138,199.81,31961123809448
13650.0,3,,73.0,78.0,78.0,53.0,71.0,3340,200.11,32262302142272
13655.0,0,,72.0,76.0,76.0,52.0,71.0,3030,199.73,63606279411437
13655.0,1,,71.0,78.0,78.0,52.0,70.0,2794,199.66,34955707952697
13655.0,2,,73.0,80.0,80.0,53.0,72.0,3334,200.11,31962254420288
13655.0,3,,73.0,76.0,78.0,53.0,71.0,3377,199.93,32263431723388
13660.0,0,,71.0,76.0,76.0,52.0,71.0,3081,199.70,63607407692443
13661.0,1,,70.0,78.0,78.0,52.0,70.0,2806,200.11,34956838549133
13661.0,2,,72.0,80.0,80.0,53.0,72.0,3379,199.69,31963382676513
13661.0,3,,73.0,78.0,78.0,53.0,71.0,3388,199.93,32264561301757
13666.0,0,,72.0,76.0,76.0,52.0,71.0,2846,200.11,63608538316650
13666.0,1,,72.0,78.0,78.0,52.0,70.0,2805,200.20,34957967699951
13666.0,2,,71.0,80.0,80.0,53.0,72.0,3304,199.40,31964509301086
13667.0,3,,73.0,78.0,78.0,53.0,71.0,3380,199.90,32265690716613
13672.0,0,,70.0,76.0,76.0,52.0,71.0,2986,199.69,63609666582153
13672.0,1,,70.0,78.0,78.0,52.0,70.0,2804,200.07,34959098076599
13672.0,2,,71.0,80.0,80.0,54.0,72.0,3185,199.38,31965635800170
13672.0,3,,73.0,78.0,78.0,53.0,71.0,3386,199.95,32266820423095
13677.0,0,,70.0,76.0,76.0,52.0,71.0,3067,200.09,63610797076232
13678.0,1,,70.0,78.0,78.0,52.0,70.0,2803,199.58,34960227710083
13678.0,2,,72.0,80.0,80.0,53.0,72.0,3357,199.14,31966760930114
13678.0,3,,73.0,76.0,78.0,53.0,71.0,3389,199.58,32267948038146
13683.0,0,,70.0,76.0,76.0,52.0,71.0,2857,200.17,63611928058715
13683.0,1,100.00,70.0,78.0,78.0,52.0,70.0,2803,200.10,34961358288757
13683.0,2,100.00,72.0,80.0,80.0,53.0,72.0,3363,198.92,31967886797363
13683.0,3,100.00,73.0,78.0,78.0,53.0,71.0,3384,199.50,32269077204223
13689.0,0,,70.0,76.0,76.0,52.0,70.0,2938,199.98,63613059966979
13689.0,1,,70.0,78.0,78.0,52.0,70.0,2801,199.77,34962488995483
13689.0,2,,70.0,80.0,80.0,53.0,72.0,3149,198.55,31969010582031
13689.0,3,,73.0,78.0,78.0,53.0,71.0,3391,199.43,32270205959716
13694.0,0,,72.0,76.0,76.0,52.0,71.0,3073,199.90,63614191423645
13694.0,1,,70.0,78.0,78.0,52.0,70.0,2807,200.21,34963622171813
13695.0,2,,73.0,80.0,80.0,53.0,72.0,3180,198.36,31970133302978
13695.0,3,,73.0,78.0,78.0,53.0,71.0,3382,199.38,32271334469726
13700.0,0,,72.0,76.0,76.0,52.0,71.0,2892,199.74,63615323958435
13700.0,1,,71.0,78.0,78.0,52.0,70.0,2797,199.36,34964752542968
13700.0,2,,72.0,80.0,80.0,54.0,72.0,3167,198.28,31971257567321
13700.0,3,,72.0,78.0,78.0,53.0,71.0,3389,199.04,32272462999450
13706.0,0,,71.0,76.0,76.0,52.0,71.0,3032,200.08,63616456439270
13706.0,1,100.00,71.0,78.0,78.0,52.0,70.0,2802,200.32,34965884341247
13706.0,2,100.00,73.0,80.0,80.0,53.0,72.0,3345,198.53,31972379245422
13706.0,3,100.00,73.0,78.0,78.0,53.0,71.0,3389,199.49,32273588134582
13711.0,0,,71.0,76.0,76.0,52.0,71.0,2882,199.99,63617584405822
13711.0,1,,69.0,78.0,78.0,52.0,69.0,2807,199.65,34967012365905
13712.0,2,,72.0,80.0,80.0,53.0,71.0,3328,198.17,31973496928039
13712.0,3,,73.0,78.0,78.0,53.0,71.0,3393,198.64,32274710444213
13717.0,0,,70.0,76.0,76.0,52.0,71.0,3048,199.96,63618714156982
13717.0,1,,70.0,78.0,78.0,52.0,70.0,2805,199.82,34968141329956
13717.0,2,,71.0,80.0,80.0,53.0,72.0,3131,197.53,31974612955139
13717.0,3,,73.0,78.0,78.0,53.0,71.0,3385,199.11,32275835439086
13723.0,0,,72.0,76.0,76.0,52.0,71.0,3037,200.06,63619844519042
13723.0,1,,70.0,78.0,78.0,52.0,70.0,2803,199.79,34969270166320
13723.0,2,,73.0,80.0,80.0,53.0,72.0,3205,197.15,31975728848510
13723.0,3,,73.0,78.0,78.0,53.0,71.0,3385,198.52,32276959040466
13728.0,0,,70.0,76.0,76.0,52.0,70.0,2821,199.73,63620974967590
13728.0,1,,71.0,78.0,78.0,52.0,70.0,2801,199.30,34970398182861
13729.0,2,,72.0,80.0,80.0,53.0,72.0,3366,197.92,31976847088989
13729.0,3,,72.0,78.0,78.0,53.0,71.0,3386,198.37,32278079802795
13734.0,0,,71.0,76.0,76.0,52.0,71.0,2986,199.74,63622103477539
13734.0,1,,70.0,78.0,78.0,52.0,70.0,2803,199.49,34971525290771
13734.0,2,,71.0,80.0,80.0,53.0,71.0,3162,196.73,31977960595581
13734.0,3,,73.0,76.0,78.0,53.0,71.0,3388,198.08,32279198946594
13740.0,0,,71.0,76.0,76.0,52.0,70.0,3079,199.55,63623232904113
13740.0,1,,70.0,78.0,78.0,52.0,70.0,2801,199.17,34972648592346
13740.0,2,,73.0,80.0,80.0,53.0,72.0,3098,197.12,31979068423950
13740.0,3,,73.0,78.0,78.0,53.0,71.0,3385,197.43,32280306501953
13745.0,0,,72.0,76.0,76.0,52.0,71.0,2888,199.99,63624352875122
13745.0,1,,70.0,78.0,78.0,51.0,70.0,2801,199.71,34973770964233
13745.0,2,,73.0,80.0,80.0,53.0,72.0,3323,196.72,31980179916015
13746.0,3,,73.0,78.0,78.0,53.0,71.0,3393,198.07,32281429556457
13751.0,0,,71.0,76.0,76.0,52.0,71.0,2897,199.79,63625487668212
13751.0,1,,69.0,78.0,78.0,51.0,70.0,2804,198.77,34974899958007
13751.0,2,,72.0,80.0,80.0,53.0,72.0,3301,197.57,31981300119506
13751.0,3,,73.0,78.0,78.0,53.0,71.0,3387,198.39,32282554419189
13757.0,0,,71.0,76.0,76.0,52.0,71.0,3068,199.91,63626621147033
13757.0,1,100.00,68.0,78.0,78.0,52.0,69.0,2803,199.18,34976029317626
13757.0,2,,72.0,80.0,80.0,53.0,72.0,3121,196.48,31982414134704
13757.0,3,,73.0,78.0,78.0,53.0,71.0,3386,197.53,32283674438537
13762.0,0,,72.0,76.0,76.0,52.0,71.0,2933,199.23,63627750775451
13762.0,1,,70.0,78.0,78.0,52.0,70.0,2797,198.58,34977155288024
13763.0,2,,71.0,80.0,80.0,52.0,71.0,3187,196.33,31983527320617
13763.0,3,,73.0,76.0,78.0,53.0,71.0,3390,196.90,32284790858276
13768.0,0,,71.0,76.0,76.0,52.0,71.0,2902,200.07,63628883154907
13768.0,1,,70.0,78.0,80.0,51.0,69.0,2805,199.43,34978284089965
13768.0,2,,72.0,80.0,80.0,53.0,72.0,3358,197.15,31984643217529
13768.0,3,,73.0,78.0,78.0,53.0,71.0,3388,198.07,32285911921325
13774.0,0,,71.0,76.0,76.0,52.0,71.0,3060,199.32,63630013309997
13774.0,1,,70.0,78.0,78.0,51.0,70.0,2807,198.19,34979407801086
13774.0,2,,72.0,80.0,80.0,53.0,72.0,3196,196.09,31985755034301
13774.0,3,,73.0,78.0,78.0,53.0,71.0,3389,197.03,32287029060607
13779.0,0,93.70,70.0,76.0,76.0,52.0,71.0,2880,174.44,63631002391662
13779.0,1,93.65,70.0,78.0,78.0,51.0,69.0,2702,173.78,34980393151916
13779.0,2,93.67,71.0,80.0,80.0,53.0,72.0,3055,172.29,31986730197143
13780.0,3,93.65,71.0,78.0,78.0,53.0,70.0,3261,173.31,32288008257751
13785.0,0,,71.0,76.0,76.0,52.0,71.0,2544,199.98,63632130255554
13785.0,1,,70.0,78.0,78.0,52.0,70.0,2405,200.24,34981520527587
13785.0,2,,72.0,80.0,80.0,53.0,72.0,3031,199.86,31987857421936
13785.0,3,,72.0,78.0,78.0,53.0,71.0,3080,199.90,32289137671386
13790.0,0,,70.0,76.0,76.0,53.0,71.0,2780,200.02,63633260370910
13791.0,1,,70.0,78.0,78.0,52.0,70.0,2630,199.75,34982651102294
13791.0,2,,71.0,80.0,80.0,54.0,72.0,3086,199.85,31988988551757
13791.0,3,,73.0,76.0,78.0,53.0,71.0,3258,199.77,32290268393188
13796.0,0,,71.0,76.0,76.0,52.0,71.0,2949,199.83,63634391403320
13796.0,1,,71.0,78.0,78.0,52.0,70.0,2791,199.73,34983781567443
13796.0,2,,73.0,80.0,80.0,54.0,72.0,3172,199.70,31990118858093
13797.0,3,,72.0,78.0,78.0,53.0,71.0,3373,200.05,32291398669006
13802.0,0,,72.0,76.0,76.0,52.0,71.0,3079,200.10,63635521996032
13802.0,1,,70.0,78.0,78.0,52.0,70.0,2805,200.13,34984912323913
13802.0,2,,72.0,80.0,80.0,53.0,72.0,3352,199.76,31991245501892
13802.0,3,,73.0,76.0,78.0,53.0,71.0,3386,200.00,32292526692810
13807.0,0,,69.0,76.0,76.0,52.0,71.0,2958,199.98,63636649874755
13808.0,1,,70.0,78.0,78.0,52.0,70.0,2797,200.03,34986040514099
13808.0,2,,72.0,80.0,80.0,53.0,72.0,3377,199.49,31992372597412
13808.0,3,,72.0,78.0,78.0,52.0,71.0,3383,199.82,32293657658935
13813.0,0,,71.0,76.0,76.0,52.0,71.0,2846,200.03,63637780069458
13813.0,1,,69.0,78.0,78.0,52.0,70.0,2805,199.88,34987169834106
13813.0,2,,71.0,80.0,80.0,53.0,72.0,3305,199.82,31993499557128
13814.0,3,,73.0,76.0,78.0,53.0,71.0,3384,199.76,32294784293212
13819.0,0,,70.0,76.0,76.0,53.0,71.0,3049,199.58,63638907669372
13819.0,1,,70.0,78.0,78.0,52.0,70.0,2803,199.98,34988299707214
13819.0,2,,73.0,80.0,80.0,53.0,72.0,3118,198.55,31994623323181
13819.0,3,100.00,73.0,78.0,78.0,53.0,71.0,3381,199.49,32295913401062
13824.0,0,,71.0,76.0,76.0,52.0,71.0,3010,200.24,63640041043334
13825.0,1,,71.0,78.0,78.0,52.0,70.0,2797,199.98,34989431592712
13825.0,2,,73.0,80.0,80.0,53.0,72.0,3287,199.31,31995751426818
13825.0,3,,73.0,78.0,78.0,53.0,71.0,3390,199.59,32297043104858
13830.0,0,,71.0,76.0,76.0,52.0,71.0,2918,199.77,63641171717590
13830.0,1,,70.0,78.0,78.0,52.0,70.0,2804,199.64,34990561540771
13830.0,2,,72.0,80.0,80.0,53.0,72.0,3357,198.90,31996875228393
13830.0,3,,72.0,78.0,78.0,53.0,71.0,3383,199.56,32298168596618
13836.0,0,,71.0,76.0,76.0,52.0,71.0,3047,199.86,63642300902709
13836.0,1,,70.0,78.0,78.0,52.0,70.0,2802,200.09,34991692041564
13836.0,2,,72.0,80.0,80.0,53.0,72.0,3224,198.39,31997998140136
13836.0,3,,73.0,78.0,78.0,53.0,71.0,3391,199.21,32299298109680
13841.0,0,,71.0,76.0,76.0,52.0,71.0,2849,200.09,63643435400085
13842.0,1,100.00,70.0,78.0,78.0,52.0,70.0,2805,199.65,34992824079162
13842.0,2,,72.0,80.0,80.0,53.0,72.0,3292,198.52,31999123740783
13842.0,3,,73.0,78.0,78.0,53.0,71.0,3386,199.23,32300427737121
13847.0,0,,72.0,76.0,76.0,52.0,71.0,3051,200.11,63644568013488
13847.0,1,,71.0,78.0,78.0,52.0,70.0,2797,199.64,34993954018737
13847.0,2,,72.0,80.0,80.0,53.0,72.0,3127,197.54,32000241845336
13847.0,3,,73.0,78.0,78.0,53.0,71.0,3393,198.89,32301553435607
13853.0,0,,71.0,76.0,76.0,52.0,71.0,2957,199.97,63645699871704
13853.0,1,,70.0,78.0,78.0,52.0,70.0,2810,200.05,34995086304199
13853.0,2,,72.0,80.0,80.0,53.0,72.0,3296,198.17,32001363481567
13853.0,3,,73.0,78.0,78.0,53.0,71.0,3392,199.48,32302682519165
13858.0,0,,72.0,76.0,76.0,52.0,71.0,2841,199.41,63646830543518
13859.0,1,,70.0,78.0,78.0,52.0,70.0,2798,199.66,34996216366943
13859.0,2,,70.0,80.0,80.0,53.0,72.0,3347,197.97,32002485954406
13859.0,3,,73.0,78.0,78.0,53.0,71.0,3380,198.94,32303808522094
13864.0,0,,71.0,76.0,76.0,52.0,71.0,3052,200.18,63647963534973
13864.0,1,,70.0,78.0,78.0,51.0,70.0,2807,199.67,34997348487731
13864.0,2,,72.0,80.0,80.0,53.0,72.0,3148,197.24,32003602356750
13864.0,3,,73.0,78.0,78.0,53.0,71.0,3390,198.63,32304934747009
13870.0,0,,70.0,76.0,76.0,52.0,71.0,3030,199.87,63649094784912
13870.0,1,,70.0,78.0,78.0,52.0,70.0,2798,199.44,34998477311096
13870.0,2,,72.0,80.0,80.0,53.0,72.0,3157,197.21,32004718541748
13870.0,3,,73.0,78.0,78.0,53.0,71.0,3390,198.38,32306057605712
13875.0,0,,71.0,76.0,76.0,52.0,71.0,2837,200.13,63650229538513
13876.0,1,,70.0,78.0,78.0,52.0,70.0,2804,199.40,34999607932922
13876.0,2,,72.0,80.0,80.0,53.0,72.0,3354,197.88,32005840493652
13876.0,3,,72.0,76.0,78.0,53.0,71.0,3384,198.29,32307183900695
13881.0,0,,71.0,76.0,76.0,53.0,71.0,3037,200.00,63651363535766
13881.0,1,,70.0,78.0,78.0,51.0,70.0,2805,199.22,35000737483459
13881.0,2,,72.0,80.0,80.0,53.0,72.0,3220,196.85,32006956654174
13881.0,3,,69.0,76.0,78.0,53.0,71.0,3389,198.15,32308305411010
13887.0,0,,71.0,76.0,76.0,52.0,71.0,2955,199.61,63652495305664
13887.0,1,,70.0,78.0,78.0,51.0,70.0,2797,199.26,35001867270263
13887.0,2,,72.0,80.0,80.0,53.0,72.0,3136,197.02,32008071796447
13887.0,3,,73.0,78.0,78.0,53.0,71.0,3391,198.37,32309428209960
13892.0,0,,71.0,76.0,76.0,52.0,71.0,2890,200.23,63653628582763
13893.0,1,,70.0,78.0,78.0,52.0,70.0,2808,199.30,35002995307495
13893.0,2,,72.0,80.0,80.0,53.0,72.0,3337,197.63,32009192334289
13893.0,3,,70.0,78.0,78.0,53.0,71.0,3389,197.78,32310549640686
13898.0,0,,71.0,76.0,76.0,52.0,70.0,3061,199.72,63654761006408
13898.0,1,,70.0,78.0,78.0,52.0,70.0,2797,199.48,35004124367370
13898.0,2,,72.0,80.0,80.0,53.0,72.0,3261,196.74,32010307828674
13898.0,3,,72.0,78.0,78.0,53.0,71.0,3387,197.47,32311669287719
13904.0,0,,71.0,76.0,76.0,52.0,71.0,2912,199.68,63655891221496
13904.0,1,,67.0,78.0,80.0,52.0,69.0,2803,198.59,35005252366455
13904.0,2,,72.0,80.0,80.0,53.0,72.0,3111,196.16,32011420041198
13904.0,3,,73.0,78.0,78.0,53.0,71.0,3386,198.29,32312793564697
13909.0,0,,70.0,76.0,76.0,52.0,71.0,2976,199.44,63657022064697
13910.0,1,,70.0,78.0,78.0,52.0,70.0,2801,198.92,35006378246948
13910.0,2,,72.0,80.0,80.0,53.0,72.0,3281,197.42,32012535489807
13910.0,3,,72.0,78.0,78.0,53.0,71.0,3380,197.23,32313907931457
13915.0,0,,72.0,76.0,76.0,52.0,71.0,3039,199.76,63658150705139
13915.0,1,,70.0,78.0,78.0,52.0,70.0,2802,198.80,35007501482910
13915.0,2,,71.0,80.0,82.0,52.0,71.0,3329,196.43,32013647306701
13915.0,3,,73.0,76.0,78.0,53.0,71.0,3390,197.71,32315026976684
13921.0,0,82.94,70.0,74.0,72.0,51.0,69.0,2878,174.74,63659141486083
13921.0,1,82.94,69.0,76.0,76.0,51.0,69.0,2774,173.27,35008483937194
13921.0,2,82.94,70.0,80.0,80.0,53.0,71.0,3128,170.84,32014614263244
13921.0,3,83.10,71.0,76.0,76.0,52.0,70.0,3388,172.55,32316001885681
13926.0,0,,71.0,76.0,76.0,52.0,71.0,2690,200.38,63660273616577
13926.0,1,,70.0,78.0,78.0,52.0,70.0,2466,200.48,35009614648010
13927.0,2,,72.0,80.0,80.0,53.0,72.0,2930,199.75,32015744847229
13927.0,3,,72.0,76.0,78.0,53.0,71.0,3086,199.79,32317132679443
13932.0,0,100.00,71.0,76.0,76.0,53.0,71.0,2788,199.89,63661405010009
13932.0,1,100.00,70.0,78.0,78.0,52.0,70.0,2524,199.81,35010745595397
13932.0,2,100.00,72.0,80.0,80.0,53.0,72.0,3065,200.17,32016875783020
13932.0,3,100.00,73.0,78.0,78.0,53.0,71.0,3192,200.00,32318264678283
13938.0,0,,71.0,76.0,76.0,52.0,71.0,2884,200.25,63662536397155
13938.0,1,,71.0,78.0,78.0,52.0,70.0,2767,199.88,35011876923767
13938.0,2,,73.0,80.0,80.0,54.0,72.0,3194,199.85,32018006906127
13938.0,3,,72.0,78.0,78.0,53.0,71.0,3363,199.80,32319395563110
13943.0,0,,72.0,76.0,76.0,52.0,70.0,3065,199.97,63663668242553
13943.0,1,,70.0,78.0,78.0,52.0,70.0,2811,199.83,35013007949462
13944.0,2,,72.0,80.0,80.0,53.0,72.0,3352,199.82,32019137883605
13944.0,3,,73.0,76.0,78.0,53.0,71.0,3382,199.80,32320526452270
13949.0,0,,71.0,76.0,76.0,52.0,71.0,2985,199.97,63664798076721
13949.0,1,,71.0,78.0,78.0,52.0,70.0,2796,199.78,35014136720520
13949.0,2,,72.0,80.0,80.0,53.0,72.0,3373,199.57,32020263475219
13949.0,3,100.00,73.0,78.0,78.0,53.0,71.0,3387,200.19,32321653524291
13955.0,0,,72.0,76.0,76.0,52.0,71.0,2853,199.78,63665924832153
13955.0,1,,70.0,78.0,78.0,52.0,70.0,2807,200.09,35015265235168
13955.0,2,,70.0,80.0,80.0,53.0,72.0,3186,199.15,32021388688293
13955.0,3,,73.0,78.0,78.0,53.0,71.0,3387,199.93,32322783131896
13960.0,0,,71.0,76.0,76.0,52.0,71.0,3060,199.87,63667054096740
13960.0,1,,70.0,78.0,78.0,52.0,70.0,2797,200.04,35016393485107
13961.0,2,,72.0,80.0,80.0,53.0,72.0,3343,199.18,32022512076782
13961.0,3,,74.0,78.0,78.0,53.0,71.0,3386,199.42,32323907865722
13966.0,0,,71.0,76.0,76.0,52.0,71.0,3062,200.02,63668182231872
13966.0,1,,71.0,78.0,78.0,52.0,70.0,2805,199.99,35017523411560
13966.0,2,,72.0,80.0,80.0,53.0,72.0,3258,198.89,32023635790710
13966.0,3,,73.0,78.0,78.0,53.0,71.0,3383,199.49,32325036993591
13972.0,0,,71.0,76.0,76.0,52.0,71.0,2842,200.04,63669314440063
13972.0,1,,72.0,78.0,78.0,52.0,70.0,2801,199.71,35018653782714
13972.0,2,100.00,73.0,80.0,80.0,53.0,72.0,3183,198.94,32024759822814
13972.0,3,,72.0,78.0,78.0,53.0,71.0,3395,199.60,32326164735168
13977.0,0,,71.0,76.0,76.0,52.0,71.0,2956,200.09,63670446969543
13977.0,1,,69.0,78.0,78.0,52.0,69.0,2797,200.13,35019786517883
13978.0,2,,72.0,80.0,80.0,53.0,72.0,3349,198.19,32025883570861
13978.0,3,,72.0,78.0,78.0,53.0,71.0,3390,198.90,32327292507995
13983.0,0,,70.0,76.0,76.0,52.0,71.0,3057,199.54,63671576339782
13983.0,1,,71.0,78.0,78.0,52.0,70.0,2805,199.85,35020915681274
13983.0,2,,71.0,80.0,80.0,53.0,72.0,3274,198.68,32027006094055
13983.0,3,,73.0,78.0,78.0,53.0,71.0,3383,199.36,32328416898376
13989.0,0,,71.0,76.0,76.0,52.0,71.0,2882,200.17,63672705282714
13989.0,1,,69.0,78.0,78.0,52.0,70.0,2805,199.62,35022043544555
13989.0,2,,72.0,80.0,80.0,53.0,72.0,3173,198.27,32028126337829
13989.0,3,,71.0,76.0,78.0,52.0,71.0,3390,199.34,32329545171875
13994.0,0,,70.0,76.0,76.0,53.0,71.0,3015,199.93,63673838912231
13994.0,1,,70.0,78.0,78.0,52.0,70.0,2805,199.75,35023176113403
13994.0,2,,71.0,80.0,80.0,53.0,72.0,3354,197.67,32029247128234
13995.0,3,,73.0,78.0,78.0,53.0,71.0,3389,198.11,32330668476806
14000.0,0,,72.0,76.0,76.0,52.0,71.0,2954,199.80,63674971769531
14000.0,1,,71.0,78.0,78.0,52.0,70.0,2796,199.96,35024307862548
14000.0,2,,69.0,80.0,80.0,53.0,71.0,3220,197.38,32030366299621
14000.0,3,,73.0,78.0,78.0,53.0,71.0,3391,198.82,32331793808166
14005.0,0,,71.0,76.0,76.0,52.0,71.0,2918,200.29,63676103411865
14006.0,1,,71.0,78.0,78.0,52.0,70.0,2808,199.13,35025436946289
14006.0,2,,72.0,80.0,80.0,54.0,72.0,3109,197.61,32031482769836
14006.0,3,,73.0,78.0,78.0,53.0,71.0,3382,198.75,32332918759582
14011.0,0,,71.0,76.0,76.0,52.0,71.0,3071,199.84,63677236492431
14011.0,1,,71.0,78.0,78.0,52.0,69.0,2807,199.44,35026565785827
14011.0,2,,72.0,80.0,80.0,53.0,72.0,3313,197.76,32032604067016
14012.0,3,,73.0,78.0,78.0,53.0,71.0,3384,198.42,32334043779418
14017.0,0,,70.0,76.0,76.0,52.0,71.0,2869,199.79,63678369305908
14017.0,1,,70.0,78.0,78.0,52.0,70.0,2797,199.73,35027698237426
14017.0,2,,72.0,80.0,80.0,53.0,72.0,3334,197.35,32033723025329
14017.0,3,,73.0,78.0,78.0,53.0,71.0,3393,198.08,32335166918762
14022.0,0,,71.0,76.0,76.0,52.0,71.0,3042,200.16,63679502186218
14023.0,1,,71.0,78.0,78.0,52.0,70.0,2807,199.86,35028829456787
14023.0,2,,72.0,80.0,80.0,53.0,72.0,3146,197.18,32034839064147
14023.0,3,,73.0,78.0,78.0,53.0,71.0,3387,198.56,32336290740295
14028.0,0,,70.0,76.0,76.0,52.0,71.0,2911,199.94,63680635823913
14028.0,1,,70.0,78.0,78.0,52.0,70.0,2807,199.09,35029958273193
14028.0,2,,72.0,80.0,80.0,53.0,72.0,3220,197.00,32035956053771
14029.0,3,,73.0,78.0,78.0,53.0,71.0,3391,198.25,32337414834167
14034.0,0,,71.0,76.0,76.0,52.0,71.0,3033,199.84,63681766921936
14034.0,1,,69.0,78.0,78.0,52.0,70.0,2800,198.83,35031083644470
14034.0,2,,72.0,80.0,80.0,53.0,72.0,3363,197.23,32037072351989
14034.0,3,,73.0,78.0,78.0,53.0,71.0,3390,198.09,32338536030944
14039.0,0,,72.0,76.0,76.0,52.0,71.0,2806,199.74,63682899444152
14040.0,1,,70.0,78.0,78.0,52.0,70.0,2808,199.00,35032209992004
14040.0,2,,72.0,80.0,80.0,53.0,72.0,3161,196.96,32038187166687
14040.0,3,,73.0,78.0,78.0,53.0,71.0,3388,198.13,32339655446716
14045.0,0,,71.0,76.0,76.0,52.0,71.0,3048,199.87,63684028700866
14045.0,1,,70.0,78.0,78.0,51.0,69.0,2802,198.68,35033334504028
14045.0,2,,72.0,80.0,80.0,53.0,72.0,3180,196.98,32039302068542
14046.0,3,,73.0,78.0,78.0,53.0,71.0,3387,197.79,32340776918823
14051.0,0,,71.0,76.0,76.0,52.0,71.0,3038,199.60,63685160404541
14051.0,1,,71.0,78.0,78.0,52.0,70.0,2804,199.81,35034467443908
14051.0,2,,71.0,80.0,80.0,52.0,71.0,3363,197.38,32040421227661
14051.0,3,,72.0,78.0,78.0,53.0,71.0,3389,197.78,32341898350585
14056.0,0,,71.0,76.0,76.0,52.0,71.0,2861,199.60,63686290122192
14057.0,1,,70.0,78.0,78.0,52.0,70.0,2806,198.73,35035592251647
14057.0,2,,72.0,80.0,80.0,53.0,72.0,3200,195.80,32041531436828
14057.0,3,,73.0,78.0,78.0,53.0,71.0,3389,197.44,32343015839050
14062.0,0,,71.0,76.0,76.0,52.0,71.0,3005,199.54,63687421500793
14062.0,1,,70.0,78.0,78.0,52.0,70.0,2806,198.38,35036717059875
14062.0,2,,73.0,80.0,80.0,53.0,72.0,3113,196.27,32042642328918
14063.0,3,,73.0,78.0,78.0,53.0,71.0,3386,196.58,32344132427001
14068.0,0,,71.0,76.0,76.0,52.0,70.0,2700,172.44,63688399253784
14068.0,1,,70.0,78.0,78.0,51.0,69.0,2553,171.67,35037690455261
14068.0,2,,71.0,80.0,80.0,53.0,71.0,3105,170.92,32043611461364
14068.0,3,,72.0,78.0,78.0,52.0,70.0,3129,171.95,32345103945495
14073.0,0,,71.0,76.0,76.0,52.0,71.0,2706,199.80,63689530148681
14074.0,1,,71.0,78.0,78.0,52.0,70.0,2452,199.99,35038820421325
14074.0,2,,72.0,80.0,80.0,53.0,72.0,3070,199.88,32044740796447
14074.0,3,,73.0,78.0,78.0,53.0,71.0,3115,199.74,32346232482482
14079.0,0,,70.0,76.0,76.0,52.0,71.0,2795,199.96,63690657947082
14079.0,1,100.00,71.0,78.0,78.0,52.0,70.0,2669,199.75,35039949022888
14079.0,2,100.00,71.0,80.0,80.0,53.0,72.0,3083,200.15,32045869654052
14080.0,3,100.00,73.0,78.0,78.0,53.0,71.0,3336,199.93,32347362059997
14085.0,0,,70.0,76.0,76.0,52.0,71.0,2984,200.08,63691788381530
14085.0,1,,70.0,78.0,78.0,51.0,70.0,2780,200.09,35041079507324
14085.0,2,,72.0,80.0,80.0,54.0,72.0,3161,199.65,32046999689270
14085.0,3,,72.0,78.0,78.0,53.0,71.0,3382,199.84,32348493167846
14090.0,0,,71.0,76.0,76.0,52.0,71.0,3075,200.17,63692921363159
14091.0,1,,71.0,78.0,78.0,52.0,70.0,2809,200.02,35042211599121
14091.0,2,,72.0,80.0,80.0,53.0,72.0,3350,199.65,32048129695678
14091.0,3,,72.0,78.0,78.0,53.0,71.0,3382,200.08,32349625621215
14096.0,0,,71.0,76.0,76.0,52.0,70.0,2898,200.10,63694051918518
14096.0,1,,71.0,78.0,78.0,52.0,70.0,2805,199.87,35043340858398
14096.0,2,,71.0,80.0,80.0,53.0,72.0,3370,199.42,32049254407714
14097.0,3,,73.0,78.0,78.0,53.0,71.0,3385,199.78,32350752382202
14102.0,0,,70.0,76.0,76.0,52.0,71.0,2937,199.54,63695179296813
14102.0,1,,70.0,78.0,78.0,52.0,70.0,2796,200.12,35044469539672
14102.0,2,,73.0,80.0,80.0,53.0,72.0,3154,199.10,32050379326538
14102.0,3,,73.0,78.0,76.0,53.0,71.0,3383,200.08,32351882812744
14107.0,0,,71.0,76.0,76.0,52.0,71.0,3041,199.98,63696311157592
14108.0,1,,71.0,78.0,78.0,52.0,70.0,2808,199.84,35045602648986
14108.0,2,,73.0,80.0,80.0,54.0,72.0,3242,198.99,32051507593139
14108.0,3,,71.0,76.0,78.0,53.0,71.0,3392,199.65,32353014823852
14113.0,0,,70.0,76.0,76.0,53.0,71.0,2877,200.13,63697441898925
14113.0,1,,71.0,78.0,78.0,52.0,70.0,2805,200.24,35046731993408
14113.0,2,,72.0,80.0,80.0,53.0,72.0,3368,199.24,32052633303405
14113.0,3,,73.0,78.0,76.0,53.0,72.0,3390,199.98,32354142699890
14119.0,0,,71.0,76.0,76.0,52.0,71.0,2982,199.80,63698572791259
14119.0,1,,71.0,78.0,78.0,52.0,70.0,2799,199.96,35047863758789
14119.0,2,,72.0,80.0,80.0,53.0,72.0,3232,198.66,32053757697265
14119.0,3,,73.0,78.0,78.0,53.0,71.0,3390,199.26,32355272518005
14124.0,0,,71.0,76.0,76.0,52.0,71.0,3074,200.00,63699704763122
14125.0,1,,69.0,78.0,78.0,51.0,70.0,2798,199.63,35048995655029
14125.0,2,,72.0,80.0,80.0,54.0,72.0,3128,198.52,32054881340820
14125.0,3,,72.0,78.0,78.0,52.0,71.0,3380,199.44,32356401372558
14130.0,0,,69.0,76.0,76.0,52.0,71.0,2848,200.26,63700838226928
14130.0,1,,70.0,78.0,78.0,52.0,70.0,2807,199.93,35050127275756
14130.0,2,,71.0,80.0,80.0,53.0,71.0,3325,199.19,32056008756713
14130.0,3,,73.0,78.0,78.0,53.0,71.0,3391,199.31,32357529455688
14136.0,0,,71.0,76.0,76.0,52.0,71.0,3020,199.80,63701971089172
14136.0,1,,71.0,78.0,78.0,52.0,70.0,2807,199.29,35051257256896
14136.0,2,,72.0,80.0,80.0,53.0,72.0,3347,197.67,32057129520019
14136.0,3,,72.0,78.0,78.0,53.0,71.0,3389,198.43,32358654551574
14141.0,0,,70.0,76.0,76.0,52.0,70.0,3051,199.94,63703102772277
14141.0,1,,71.0,78.0,78.0,52.0,70.0,2798,199.83,35052388287231
14142.0,2,,72.0,80.0,80.0,53.0,72.0,3138,197.56,32058247693298
14142.0,3,,73.0,78.0,78.0,53.0,71.0,3385,198.96,32359780671264
14147.0,0,,72.0,76.0,76.0,53.0,71.0,2826,200.08,63704233238342
14147.0,1,,71.0,78.0,78.0,52.0,70.0,2806,199.29,35053514268920
14147.0,2,,72.0,80.0,80.0,53.0,72.0,3254,197.94,32059364062988
14147.0,3,,71.0,78.0,78.0,52.0,71.0,3389,199.26,32360904488891
14153.0,0,,71.0,76.0,76.0,52.0,71.0,2972,200.20,63705364356628
14153.0,1,,71.0,78.0,78.0,52.0,70.0,2803,199.83,35054643331787
14153.0,2,,72.0,80.0,80.0,53.0,72.0,3301,197.57,32060482335144
14153.0,3,,71.0,78.0,78.0,53.0,71.0,3389,198.15,32362024035644
14158.0,0,,71.0,76.0,76.0,52.0,71.0,3085,199.53,63706491718627
14158.0,1,,70.0,78.0,78.0,51.0,70.0,2796,199.66,35055769436401
14159.0,2,,72.0,80.0,80.0,53.0,72.0,3179,197.63,32061596966735
14159.0,3,,73.0,78.0,78.0,53.0,71.0,3391,198.37,32363144853759
14164.0,0,,71.0,76.0,76.0,52.0,70.0,2905,200.13,63707624470275
14164.0,1,,70.0,78.0,78.0,52.0,70.0,2809,198.84,35056896853698
14164.0,2,,72.0,80.0,80.0,53.0,72.0,3264,197.58,32062715281738
14164.0,3,,72.0,78.0,78.0,53.0,71.0,3382,198.16,32364266424621
14170.0,0,,71.0,76.0,76.0,52.0,71.0,2885,200.12,63708755130615
14170.0,1,,70.0,78.0,78.0,51.0,70.0,2801,199.22,35058022437866
14170.0,2,,72.0,80.0,80.0,53.0,72.0,3340,197.16,32063831221923
14170.0,3,,72.0,78.0,78.0,53.0,71.0,3387,198.08,32365389540283
14175.0,0,,72.0,76.0,76.0,52.0,71.0,3060,199.71,63709887476745
14175.0,1,,70.0,78.0,78.0,52.0,70.0,2806,199.52,35059153702087
14176.0,2,,73.0,80.0,80.0,53.0,72.0,3144,196.82,32064947168823
14176.0,3,,73.0,78.0,78.0,53.0,71.0,3381,198.39,32366512433837
14181.0,0,,71.0,76.0,76.0,52.0,71.0,2989,200.12,63711020180541
14181.0,1,,70.0,78.0,78.0,51.0,69.0,2806,198.58,35060279676696
14181.0,2,,73.0,80.0,80.0,54.0,72.0,3176,197.08,32066064633239
14181.0,3,,73.0,78.0,78.0,53.0,71.0,3384,198.12,32367635769042
14187.0,0,,71.0,76.0,76.0,52.0,71.0,2855,199.44,63712152986083
14187.0,1,,68.0,78.0,78.0,51.0,69.0,2804,199.13,35061408764465
14187.0,2,100.00,72.0,80.0,80.0,53.0,72.0,3354,197.42,32067184030944
14187.0,3,,73.0,78.0,78.0,53.0,71.0,3387,198.01,32368758503173
14192.0,0,,71.0,76.0,76.0,52.0,71.0,3052,200.11,63713285635681
14192.0,1,,70.0,78.0,78.0,52.0,70.0,2809,199.59,35062538470520
14193.0,2,,72.0,80.0,80.0,53.0,71.0,3253,196.54,32068296447509
14193.0,3,,73.0,78.0,78.0,53.0,71.0,3382,197.96,32369878963378
14198.0,0,,71.0,76.0,76.0,52.0,71.0,2986,199.62,63714417486572
14198.0,1,,70.0,78.0,78.0,51.0,69.0,2796,198.20,35063662283996
14198.0,2,,72.0,80.0,80.0,53.0,72.0,3105,196.54,32069410848815
14198.0,3,,73.0,78.0,78.0,53.0,71.0,3387,198.12,32371002293212
14204.0,0,,72.0,76.0,76.0,52.0,71.0,2829,199.20,63715544965270
14204.0,1,,70.0,78.0,78.0,52.0,70.0,2811,198.94,35064788275390
14204.0,2,,71.0,80.0,80.0,53.0,72.0,3244,196.28,32070521813842
14204.0,3,,73.0,78.0,78.0,53.0,71.0,3395,196.67,32372115431823
14209.0,0,99.98,70.0,76.0,76.0,52.0,70.0,2967,185.43,63716596351440
14209.0,1,99.92,70.0,78.0,78.0,51.0,69.0,2702,185.17,35065836344909
14210.0,2,99.89,71.0,80.0,80.0,53.0,72.0,3277,183.25,32071559022338
14210.0,3,,72.0,78.0,78.0,52.0,70.0,3324,184.12,32373155725341
14215.0,0,,70.0,76.0,76.0,52.0,71.0,2820,199.81,63717723284545
14215.0,1,,70.0,78.0,78.0,52.0,70.0,2511,199.77,35066963030517
14215.0,2,,72.0,80.0,80.0,53.0,72.0,3116,199.76,32072685644470
14215.0,3,,73.0,76.0,78.0,53.0,71.0,3176,199.83,32374284779052
14221.0,0,,70.0,76.0,76.0,52.0,71.0,2726,184.16,63718763808776
14221.0,1,,70.0,78.0,78.0,52.0,70.0,2546,183.81,35068003385375
14221.0,2,100.00,73.0,80.0,80.0,53.0,72.0,3012,183.03,32073721587524
14221.0,3,100.00,72.0,78.0,78.0,53.0,71.0,3182,183.59,32375322046264
14226.0,0,,67.0,72.0,72.0,51.0,69.0,2778,186.02,63719816692077
14226.0,1,,70.0,76.0,76.0,51.0,69.0,2627,183.26,35069040627990
14227.0,2,,71.0,80.0,80.0,53.0,72.0,3062,183.13,32074758088623
14227.0,3,,71.0,76.0,76.0,52.0,70.0,3212,183.30,32376361335998
14232.0,0,,71.0,76.0,76.0,52.0,71.0,2749,197.81,63720936314270
14232.0,1,,71.0,78.0,78.0,52.0,70.0,2550,200.41,35070172943176
14232.0,2,,73.0,80.0,80.0,53.0,72.0,3037,200.03,32075888278320
14232.0,3,,73.0,78.0,78.0,53.0,71.0,3151,200.20,32377492463806
14238.0,0,,71.0,76.0,76.0,52.0,71.0,2789,180.85,63721959929626
14238.0,1,,69.0,78.0,78.0,52.0,69.0,2713,180.26,35071195039672
14238.0,2,,72.0,80.0,80.0,53.0,72.0,3053,179.94,32076906729431
14238.0,3,99.98,72.0,78.0,78.0,53.0,71.0,3297,180.46,32378513885559
14243.0,0,,70.0,76.0,76.0,52.0,71.0,2720,199.93,63723089545410
14243.0,1,,70.0,78.0,78.0,52.0,70.0,2553,199.80,35072321937988
14243.0,2,,72.0,80.0,80.0,53.0,72.0,3066,199.88,32078034044921
14244.0,3,,72.0,78.0,78.0,53.0,71.0,3164,199.63,32379639808227
14249.0,0,,71.0,76.0,76.0,52.0,71.0,2759,182.28,63724115771972
14249.0,1,,70.0,78.0,78.0,52.0,70.0,2651,181.74,35073346944030
14249.0,2,,73.0,80.0,80.0,53.0,72.0,3042,181.23,32079056173095
14249.0,3,,72.0,78.0,78.0,53.0,71.0,3210,181.64,32380664262695
14254.0,0,,68.0,74.0,76.0,51.0,70.0,2791,199.33,63725241989746
14255.0,1,,67.0,76.0,76.0,51.0,68.0,2650,196.34,35074458215026
14255.0,2,,68.0,78.0,78.0,52.0,70.0,3081,193.23,32080151768615
14255.0,3,,68.0,74.0,74.0,51.0,69.0,3226,190.94,32381746888000
14260.0,0,,71.0,76.0,76.0,52.0,71.0,2595,148.76,63726085467102
14260.0,1,,69.0,78.0,78.0,51.0,69.0,2409,150.99,35075311289306
14260.0,2,,72.0,80.0,80.0,53.0,72.0,2774,152.64,32081014182617
14261.0,3,,71.0,78.0,78.0,53.0,71.0,2936,156.02,32382628402038
14266.0,0,100.00,70.0,76.0,76.0,52.0,71.0,2579,200.07,63727215851684
14266.0,1,100.00,69.0,78.0,78.0,51.0,70.0,2407,199.66,35076441347900
14266.0,2,100.00,69.0,78.0,78.0,52.0,70.0,2893,197.20,32082130355224
14266.0,3,,68.0,74.0,74.0,52.0,69.0,2994,194.58,32383731684814
14271.0,0,100.00,70.0,76.0,76.0,52.0,71.0,2692,182.13,63728248524291
14272.0,1,,71.0,78.0,78.0,52.0,70.0,2535,182.17,35077472419799
14272.0,2,100.00,72.0,80.0,80.0,53.0,72.0,3037,184.11,32083170600769
14272.0,3,100.00,71.0,78.0,78.0,53.0,71.0,3117,187.29,32384788014038
14277.0,0,,70.0,76.0,76.0,52.0,71.0,2788,182.97,63729280495483
14277.0,1,99.99,71.0,78.0,78.0,52.0,70.0,2724,182.55,35078502012634
14277.0,2,100.00,72.0,80.0,80.0,53.0,72.0,3065,182.03,32084197236450
14278.0,3,,73.0,78.0,78.0,53.0,71.0,3300,182.27,32385816041320
14283.0,0,,70.0,76.0,76.0,53.0,71.0,2795,200.22,63730409732238
14283.0,1,,70.0,78.0,78.0,52.0,70.0,2601,200.02,35079632145874
14283.0,2,100.00,72.0,80.0,80.0,53.0,72.0,3078,199.61,32085327039916
14283.0,3,,72.0,78.0,78.0,53.0,71.0,3181,199.81,32386946949279
14288.0,0,,71.0,76.0,76.0,52.0,71.0,2804,183.99,63731449251464
14289.0,1,,71.0,78.0,78.0,52.0,70.0,2679,183.34,35080668035949
14289.0,2,,73.0,82.0,82.0,53.0,72.0,3137,183.12,32086359822204
14289.0,3,,72.0,78.0,78.0,53.0,71.0,3278,183.58,32387980498718
14294.0,0,,71.0,76.0,76.0,52.0,71.0,2809,199.95,63732576995361
14294.0,1,,71.0,78.0,78.0,52.0,70.0,2637,199.97,35081795869384
14294.0,2,,72.0,80.0,80.0,53.0,72.0,3101,199.94,32087489467163
14294.0,3,,73.0,78.0,78.0,53.0,71.0,3258,199.70,32389110811828
14300.0,0,,72.0,76.0,76.0,52.0,71.0,2767,183.16,63733613686218
14300.0,1,,70.0,78.0,78.0,51.0,70.0,2629,182.85,35082830804321
14300.0,2,,71.0,80.0,80.0,54.0,72.0,3086,182.34,32088521533142
14300.0,3,,72.0,78.0,78.0,53.0,71.0,3202,182.75,32390145178283
14305.0,0,99.64,71.0,74.0,74.0,52.0,71.0,2789,184.80,63734659650634
14306.0,1,99.73,70.0,78.0,78.0,52.0,70.0,2684,184.58,35083875512268
14306.0,2,99.58,71.0,80.0,80.0,53.0,72.0,3101,184.39,32089563336669
14306.0,3,99.73,73.0,78.0,78.0,53.0,71.0,3254,184.70,32391186865051
14311.0,0,,72.0,76.0,76.0,52.0,71.0,2806,200.14,63735790427124
14311.0,1,,71.0,78.0,78.0,52.0,70.0,2614,200.37,35085005624328
14311.0,2,,73.0,80.0,80.0,53.0,73.0,3080,199.98,32090693196044
14311.0,3,,73.0,78.0,78.0,53.0,71.0,3204,199.91,32392318359680
14317.0,0,,71.0,76.0,76.0,52.0,71.0,2845,200.13,63736921156372
14317.0,1,100.00,71.0,78.0,78.0,52.0,70.0,2780,199.84,35086136698364
14317.0,2,,72.0,80.0,80.0,53.0,72.0,3194,199.72,32091823630126
14317.0,3,100.00,72.0,78.0,78.0,53.0,71.0,3353,199.70,32393448684143
14322.0,0,,71.0,76.0,76.0,52.0,71.0,3054,199.92,63738052710083
14322.0,1,,70.0,78.0,78.0,52.0,70.0,2798,199.93,35087268291381
14323.0,2,,73.0,80.0,80.0,53.0,72.0,3358,200.11,32092956257080
14323.0,3,,71.0,78.0,78.0,53.0,71.0,3382,200.26,32394582136230
14328.0,0,,66.0,72.0,72.0,50.0,68.0,3030,157.80,63738945863098
14328.0,1,,66.0,74.0,74.0,50.0,67.0,2765,154.07,35088141877746
14328.0,2,,67.0,78.0,76.0,51.0,69.0,3303,150.59,32093810110473
14328.0,3,,66.0,74.0,74.0,51.0,68.0,3323,147.95,32395421001708
14334.0,0,,71.0,76.0,76.0,52.0,71.0,2442,191.59,63740030284301
14334.0,1,,70.0,78.0,78.0,52.0,70.0,2360,194.65,35089239696960
14334.0,2,,72.0,80.0,80.0,53.0,72.0,2766,196.98,32094921104980
14334.0,3,,73.0,76.0,78.0,53.0,71.0,2808,200.14,32396549771423
14339.0,0,,70.0,76.0,76.0,53.0,71.0,2705,199.89,63741161677856
14339.0,1,,71.0,78.0,78.0,52.0,70.0,2502,199.90,35090371128723
14340.0,2,,72.0,80.0,80.0,53.0,72.0,2977,200.03,32096053274169
14340.0,3,,72.0,76.0,78.0,53.0,71.0,3158,200.17,32397682707580
14345.0,0,,71.0,76.0,76.0,52.0,71.0,2893,200.11,63742294313903
14345.0,1,,71.0,78.0,78.0,52.0,70.0,2767,199.93,35091502748840
14345.0,2,,71.0,80.0,80.0,54.0,72.0,3149,199.91,32097184737548
14345.0,3,,72.0,78.0,78.0,53.0,71.0,3362,199.66,32398812793640
14351.0,0,97.99,71.0,76.0,76.0,52.0,71.0,3027,182.36,63743324670349
14351.0,1,97.82,70.0,78.0,78.0,52.0,70.0,2805,182.00,35092531032531
14351.0,2,97.79,72.0,80.0,80.0,53.0,72.0,3318,181.27,32098208890136
14351.0,3,98.04,72.0,78.0,78.0,53.0,71.0,3361,181.96,32399839053405
14356.0,0,,71.0,76.0,76.0,52.0,71.0,2775,200.10,63744453210937
14356.0,1,,71.0,78.0,78.0,52.0,70.0,2558,199.92,35093660595886
14357.0,2,,71.0,80.0,80.0,53.0,72.0,3141,200.01,32099338924987
14357.0,3,,73.0,78.0,78.0,53.0,71.0,3226,199.52,32400968351989
14362.0,0,,72.0,76.0,76.0,52.0,71.0,2801,199.77,63745583909912
14362.0,1,,71.0,78.0,78.0,52.0,70.0,2773,199.47,35094789573242
14362.0,2,,73.0,80.0,80.0,53.0,72.0,3134,199.94,32100468597412
14362.0,3,,72.0,78.0,78.0,53.0,71.0,3349,200.32,32402098138183
14368.0,0,,72.0,76.0,76.0,52.0,71.0,2968,200.06,63746712269958
14368.0,1,,69.0,78.0,78.0,52.0,70.0,2796,200.25,35095918997253
14368.0,2,,72.0,80.0,80.0,53.0,72.0,3337,199.77,32101597278991
14368.0,3,,73.0,78.0,78.0,53.0,71.0,3378,199.79,32403226964782
14373.0,0,,70.0,76.0,76.0,52.0,71.0,3015,183.76,63747752363342
14373.0,1,,71.0,78.0,78.0,51.0,70.0,2708,183.56,35096956113830
14373.0,2,,73.0,82.0,80.0,53.0,72.0,3294,183.16,32102630299316
14374.0,3,,73.0,78.0,78.0,53.0,71.0,3317,183.25,32404262343994
14379.0,0,,71.0,76.0,76.0,52.0,71.0,2821,200.08,63748878831298
14379.0,1,,71.0,78.0,78.0,52.0,70.0,2585,199.93,35098083708251
14379.0,2,,73.0,80.0,80.0,53.0,71.0,3123,199.81,32103759235046
14379.0,3,,71.0,78.0,78.0,53.0,71.0,3271,200.01,32405392391052
14384.0,0,,71.0,76.0,76.0,52.0,71.0,2799,200.00,63750010809997
14385.0,1,,71.0,78.0,78.0,52.0,70.0,2777,199.98,35099215608215
14385.0,2,,73.0,80.0,80.0,54.0,72.0,3087,199.92,32104890759765
14385.0,3,,73.0,78.0,78.0,53.0,71.0,3371,200.00,32406524415283
14390.0,0,,70.0,76.0,76.0,53.0,71.0,2908,199.80,63751141674011
14390.0,1,,70.0,78.0,78.0,52.0,70.0,2802,199.75,35100346195739
14390.0,2,,72.0,80.0,80.0,53.0,72.0,3311,200.00,32106020763732
14391.0,3,,73.0,78.0,78.0,53.0,71.0,3385,200.02,32407654510437
14396.0,0,100.00,70.0,76.0,76.0,52.0,71.0,2939,181.95,63752171512573
14396.0,1,,69.0,78.0,78.0,52.0,70.0,2631,181.85,35101373670166
14396.0,2,100.00,72.0,80.0,80.0,53.0,72.0,3226,180.93,32107044806823
14396.0,3,,72.0,78.0,78.0,53.0,71.0,3260,181.21,32408680144104
14401.0,0,,70.0,76.0,76.0,53.0,71.0,2802,200.25,63753302951110
14402.0,1,,71.0,78.0,78.0,52.0,70.0,2651,199.88,35102504991210
14402.0,2,100.00,72.0,80.0,80.0,53.0,72.0,3105,199.91,32108176314147
14402.0,3,,73.0,78.0,78.0,53.0,71.0,3276,199.98,32409812047729
14407.0,0,,71.0,76.0,76.0,53.0,71.0,2833,199.62,63754432801391
14407.0,1,,70.0,78.0,78.0,52.0,70.0,2781,200.01,35103635044616
14407.0,2,,72.0,80.0,80.0,53.0,72.0,3143,200.05,32109306596496
14408.0,3,,73.0,78.0,78.0,53.0,71.0,3376,200.11,32410942661621
14413.0,0,,69.0,76.0,76.0,52.0,70.0,3046,199.90,63755562258178
14413.0,1,,67.0,76.0,76.0,50.0,68.0,2810,196.98,35104749967163
14413.0,2,,68.0,78.0,78.0,52.0,70.0,3337,193.82,32110405567504
14413.0,3,,68.0,74.0,74.0,51.0,69.0,3384,191.34,32412027542419
14418.0,0,,69.0,76.0,76.0,52.0,70.0,2637,149.55,63756410184020
14419.0,1,,69.0,78.0,78.0,52.0,69.0,2504,151.31,35105606373291
14419.0,2,,72.0,80.0,80.0,53.0,71.0,2975,153.32,32111271833435
14419.0,3,,71.0,76.0,78.0,53.0,71.0,2936,156.15,32412908207275
14424.0,0,,71.0,76.0,76.0,52.0,71.0,2581,199.80,63757539033325
14424.0,1,,71.0,78.0,78.0,52.0,70.0,2398,200.12,35106737024475
14424.0,2,,71.0,80.0,80.0,53.0,72.0,2873,199.92,32112403399963
14425.0,3,,73.0,76.0,78.0,53.0,71.0,3011,200.18,32414041202392
14430.0,0,,72.0,76.0,76.0,53.0,71.0,2787,200.11,63758671670166
14430.0,1,,71.0,78.0,78.0,52.0,70.0,2690,199.76,35107869663391
14430.0,2,,72.0,80.0,80.0,53.0,73.0,3073,200.18,32113536402465
14430.0,3,,73.0,78.0,78.0,53.0,71.0,3314,199.69,32415173438171
14435.0,0,,71.0,76.0,76.0,52.0,71.0,3050,199.96,63759805428588
14436.0,1,,71.0,78.0,78.0,52.0,70.0,2794,199.99,35109003602355
14436.0,2,,73.0,80.0,80.0,53.0,72.0,3312,199.73,32114668859497
14436.0,3,,73.0,76.0,78.0,53.0,71.0,3376,199.81,32416306371032
14441.0,0,,70.0,76.0,76.0,52.0,70.0,2748,150.62,63760656426513
14441.0,1,,70.0,78.0,78.0,51.0,69.0,2539,149.45,35109847986083
14441.0,2,,71.0,80.0,80.0,53.0,71.0,3010,148.43,32115505998046
14442.0,3,,72.0,76.0,78.0,53.0,71.0,3100,148.86,32417145963806
14447.0,0,,71.0,76.0,76.0,52.0,71.0,2541,199.84,63761785525329
14447.0,1,,70.0,78.0,78.0,52.0,70.0,2380,199.93,35110977574096
14447.0,2,,71.0,80.0,80.0,53.0,72.0,2857,199.77,32116634717285
14447.0,3,,73.0,78.0,78.0,53.0,71.0,3005,200.06,32418276281677
14452.0,0,,71.0,76.0,76.0,53.0,71.0,2780,200.12,63762916200256
14453.0,1,,70.0,78.0,78.0,52.0,70.0,2673,200.13,35112108285461
14453.0,2,,73.0,80.0,80.0,54.0,72.0,3086,199.90,32117766176147
14453.0,3,,72.0,78.0,78.0,53.0,71.0,3317,199.96,32419408044677
14458.0,0,100.00,71.0,76.0,76.0,52.0,71.0,3041,199.69,63764048465820
14458.0,1,,70.0,78.0,78.0,52.0,70.0,2798,199.62,35113240110046
14458.0,2,,71.0,80.0,80.0,54.0,72.0,3327,199.58,32118897822265
14458.0,3,,72.0,78.0,78.0,53.0,71.0,3379,199.65,32420540057373
14464.0,0,97.92,69.0,76.0,76.0,52.0,70.0,2852,149.36,63764893815307
14464.0,1,97.84,69.0,78.0,78.0,51.0,69.0,2567,148.41,35114080107543
14464.0,2,98.28,71.0,80.0,80.0,53.0,71.0,3065,147.47,32119731003967
14464.0,3,97.84,73.0,78.0,76.0,52.0,70.0,3163,147.87,32421375545776
14469.0,0,,70.0,76.0,76.0,52.0,71.0,2499,200.08,63766022264709
14469.0,1,,71.0,78.0,78.0,52.0,70.0,2382,199.85,35115207288452
14470.0,2,,72.0,80.0,80.0,53.0,72.0,2820,199.93,32120858612304
14470.0,3,,73.0,76.0,78.0,53.0,71.0,2947,200.04,32422503770690
14475.0,0,,71.0,76.0,76.0,52.0,71.0,2756,199.98,63767150158020
14475.0,1,,71.0,78.0,78.0,52.0,70.0,2701,200.04,35116335522766
14475.0,2,,72.0,80.0,80.0,54.0,72.0,3061,199.63,32121986508178
14475.0,3,,73.0,78.0,78.0,53.0,71.0,3263,199.87,32423633063720
14481.0,0,,71.0,76.0,76.0,53.0,71.0,2974,199.85,63768279334655
14481.0,1,,70.0,78.0,78.0,52.0,70.0,2795,199.78,35117464269165
14481.0,2,,72.0,80.0,80.0,54.0,72.0,3275,200.00,32123114528991
14481.0,3,,72.0,78.0,78.0,53.0,71.0,3370,200.05,32424761364624
14486.0,0,,70.0,76.0,76.0,52.0,71.0,2977,182.13,63769308372131
14486.0,1,,71.0,78.0,78.0,51.0,70.0,2659,182.04,35118490958618
14487.0,2,,72.0,80.0,80.0,53.0,72.0,3242,181.16,32124138078613
14487.0,3,,72.0,78.0,78.0,53.0,71.0,3274,181.48,32425786709655
14492.0,0,,71.0,76.0,76.0,52.0,71.0,2803,200.12,63770439065185
14492.0,1,,70.0,78.0,78.0,52.0,70.0,2682,199.85,35119622100219
14492.0,2,,73.0,80.0,80.0,53.0,72.0,3107,200.01,32125270153320
14492.0,3,,72.0,78.0,78.0,53.0,71.0,3299,200.26,32426918187011
14498.0,0,,71.0,76.0,76.0,52.0,71.0,2798,199.88,63771570369567
14498.0,1,,71.0,78.0,78.0,52.0,70.0,2800,199.87,35120753388977
14498.0,2,100.00,73.0,80.0,80.0,53.0,72.0,3149,199.85,32126401288024
14498.0,3,,73.0,78.0,78.0,53.0,71.0,3369,199.42,32428048923522
14503.0,0,,70.0,76.0,76.0,52.0,71.0,3011,200.11,63772702980651
14503.0,1,,69.0,78.0,78.0,52.0,70.0,2797,200.07,35121885767089
14504.0,2,,71.0,80.0,80.0,54.0,72.0,3349,200.02,32127533388244
14504.0,3,,70.0,78.0,78.0,52.0,70.0,3392,199.87,32429180165039
14509.0,0,,70.0,76.0,76.0,52.0,71.0,2893,182.31,63773734853576
14509.0,1,,69.0,78.0,78.0,52.0,70.0,2641,181.59,35122913579467
14509.0,2,,72.0,80.0,80.0,53.0,72.0,3225,181.22,32128559117431
14509.0,3,,72.0,78.0,78.0,53.0,71.0,3208,181.46,32430205389831
14515.0,0,,70.0,76.0,76.0,52.0,71.0,2811,199.86,63774862082275
14515.0,1,,70.0,78.0,78.0,52.0,70.0,2642,199.79,35124040404541
14515.0,2,,71.0,80.0,80.0,54.0,72.0,3111,200.07,32129685508728
14515.0,3,,73.0,78.0,78.0,53.0,71.0,3311,199.93,32431333011413
14520.0,0,,72.0,76.0,76.0,53.0,71.0,2831,199.92,63775989636108
14520.0,1,,69.0,78.0,78.0,52.0,70.0,2789,200.23,35125167697753
14520.0,2,,73.0,80.0,80.0,54.0,72.0,3138,199.90,32130812922790
14521.0,3,,72.0,78.0,78.0,53.0,71.0,3372,199.89,32432460392211
14526.0,0,,67.0,72.0,72.0,51.0,69.0,3049,186.30,63777042251586
14526.0,1,,66.0,76.0,76.0,50.0,67.0,2810,183.27,35126205015869
14526.0,2,,68.0,78.0,78.0,52.0,69.0,3337,180.28,32131833283935
14526.0,3,,68.0,74.0,74.0,51.0,69.0,3386,176.63,32433461905334
14532.0,0,0.00,64.0,72.0,72.0,49.0,66.0,2511,62.94,63777399752929
14532.0,1,0.00,64.0,76.0,76.0,48.0,65.0,2385,61.47,35126554756530
14532.0,2,0.00,65.0,78.0,78.0,50.0,67.0,2741,58.08,32132163735656
14532.0,3,0.00,65.0,74.0,74.0,49.0,66.0,2875,59.30,32433799347351
14537.0,0,0.00,64.0,72.0,72.0,48.0,65.0,1644,58.57,63777733607299
14537.0,1,0.00,63.0,76.0,76.0,48.0,64.0,1571,59.03,35126890619140
14538.0,2,0.00,64.0,78.0,78.0,49.0,66.0,2025,56.92,32132488178283
14538.0,3,0.00,64.0,74.0,74.0,48.0,65.0,1973,57.62,32434127197448
14543.0,0,0.00,63.0,72.0,72.0,48.0,65.0,1520,58.58,63778066327331
14543.0,1,0.00,62.0,76.0,76.0,47.0,64.0,1499,58.72,35127224736267
14543.0,2,0.00,64.0,78.0,78.0,49.0,65.0,1551,56.76,32132810572814
14543.0,3,0.00,64.0,74.0,74.0,48.0,65.0,1541,57.36,32434453563720
14549.0,0,0.00,63.0,72.0,72.0,48.0,65.0,1521,58.40,63778398641418
14549.0,1,0.00,62.0,76.0,76.0,47.0,63.0,1509,58.74,35127558357360
14549.0,2,0.00,64.0,78.0,78.0,48.0,65.0,1509,56.61,32133132697387
14549.0,3,0.00,64.0,74.0,74.0,48.0,65.0,1541,57.41,32434780225769
14554.0,0,0.00,62.0,72.0,72.0,47.0,64.0,1508,58.14,63778729463195
14554.0,1,0.00,62.0,76.0,76.0,46.0,62.0,1499,58.41,35127890720336
14555.0,2,0.00,64.0,78.0,78.0,48.0,65.0,1510,56.18,32133452359741
14555.0,3,0.00,64.0,74.0,74.0,48.0,65.0,1511,57.23,32435105310852
