t_s,card,power_w,gpu_clock_mhz,throttle_reason,vram_used_mib
0.0,0,47.63,400,None,226.5078125
0.0,1,48.01,400,None,226.5
0.0,2,46.84,400,None,226.5
0.0,3,46.99,400,None,226.4375
5.0,0,47.58,400,None,226.5078125
5.0,1,48.00,400,None,226.5
5.0,2,46.68,400,None,226.5
5.0,3,47.13,400,None,226.4375
10.0,0,47.70,0,None,235.3046875
10.0,1,47.90,400,None,226.5
10.0,2,46.66,400,None,226.5
10.0,3,47.17,400,None,226.4375
15.0,0,47.41,400,None,235.3046875
15.0,1,47.70,400,None,226.5
15.0,2,46.80,400,None,226.5
15.0,3,47.12,400,None,226.4375
20.0,0,47.46,400,None,244.09765625
20.0,1,47.73,400,None,226.5
20.0,2,46.77,400,None,226.5
20.0,3,47.02,400,None,226.4375
25.0,0,47.16,400,None,244.09765625
25.0,1,47.66,400,None,226.5
25.0,2,46.51,400,None,226.5
25.0,3,46.83,400,None,226.4375
30.0,0,49.76,1850,None,426.26171875
30.0,1,47.45,400,None,226.5
30.0,2,46.07,400,None,226.5
30.0,3,46.53,400,None,226.4375
35.0,0,49.76,1800,None,417.46875
35.0,1,47.10,400,None,226.5
35.0,2,46.17,400,None,226.5
35.0,3,46.30,400,None,226.4375
40.0,0,50.61,1650,None,426.27734375
40.0,1,47.54,400,None,226.5
40.0,2,46.51,400,None,226.5
40.0,3,46.61,400,None,226.4375
45.0,0,52.11,2400,None,1204.8046875
45.0,1,48.01,400,None,226.5
45.0,2,46.77,400,None,226.5
45.0,3,47.11,400,None,226.4375
50.0,0,72.16,2400,None,10078.01953125
50.0,1,48.07,400,None,226.5
50.0,2,46.68,400,None,226.5
50.0,3,47.32,400,None,226.4375
55.0,0,77.75,2400,None,15214.0390625
55.0,1,47.98,400,None,226.5
55.0,2,46.73,400,None,226.5
55.0,3,47.32,400,None,226.4375
60.0,0,75.20,1600,None,19072.0546875
60.0,1,47.83,400,None,226.5
60.0,2,46.69,400,None,226.5
60.0,3,47.08,400,None,226.4375
65.0,0,87.95,2300,PowerBurst,20486.4140625
65.0,1,47.99,400,None,226.5
65.0,2,46.93,400,None,226.5
65.0,3,47.07,400,None,226.4375
70.0,0,161.23,2400,None,19670.4140625
70.0,1,47.63,400,None,226.5
70.0,2,46.11,400,None,226.5
70.0,3,46.71,400,None,226.4375
75.0,0,55.11,2400,None,226.5078125
75.0,1,47.12,400,None,226.5
75.0,2,46.12,400,None,226.5
75.0,3,46.63,400,None,226.4375
80.0,0,53.80,1550,None,235.3125
80.0,1,47.14,400,None,226.5
80.0,2,46.21,400,None,226.5
80.0,3,46.43,400,None,226.4375
85.0,0,51.39,1550,None,235.3125
85.0,1,47.97,400,None,226.5
85.0,2,46.76,400,None,226.5
85.0,3,46.96,400,None,226.4375
90.0,0,51.68,1000,None,244.09765625
90.0,1,48.05,400,None,226.5
90.0,2,46.66,400,None,226.5
90.0,3,47.25,400,None,226.4375
95.0,0,49.93,1000,None,244.09765625
95.0,1,47.95,400,None,226.5
95.0,2,46.68,400,None,226.5
95.0,3,47.31,400,None,226.4375
100.0,0,50.73,1250,None,426.265625
100.0,1,47.84,400,None,226.5
100.0,2,46.76,400,None,226.5
100.0,3,47.27,400,None,226.4375
105.0,0,51.36,1350,None,417.4765625
105.0,1,47.95,400,None,226.5
105.0,2,46.77,400,None,226.5
105.0,3,47.11,400,None,226.4375
110.0,0,50.23,1200,None,426.26953125
110.0,1,47.79,400,None,226.5
110.0,2,46.58,400,None,226.5
110.0,3,46.95,400,None,226.4375
115.0,0,48.98,1400,None,608.43359375
115.0,1,47.51,400,None,226.5
115.0,2,46.09,400,None,226.5
115.0,3,46.61,400,None,226.4375
120.0,0,62.91,2400,None,8377.99609375
120.0,1,47.21,400,None,226.5
120.0,2,46.09,400,None,226.5
120.0,3,46.50,400,None,226.4375
125.0,0,76.45,2400,None,13328.015625
125.0,1,47.70,400,None,226.5
125.0,2,46.50,400,None,226.5
125.0,3,46.80,400,None,226.4375
130.0,0,77.78,2400,None,18290.03125
130.0,1,48.13,400,None,226.5
130.0,2,46.86,400,None,226.5
130.0,3,47.32,400,None,226.4375
135.0,0,61.21,2400,None,19449.6875
135.0,1,48.12,400,None,226.5
135.0,2,46.71,400,None,226.5
135.0,3,47.44,400,None,226.4375
140.0,0,171.15,2300,PowerBurst,20486.39453125
140.0,1,47.76,400,None,226.5
140.0,2,46.87,400,None,226.5
140.0,3,47.19,400,None,226.4375
145.0,0,76.43,1350,None,29497.4375
145.0,1,48.05,400,None,226.5
145.0,2,46.81,400,None,226.5
145.0,3,47.15,400,None,226.4375
150.0,0,49.50,650,None,29497.4375
150.0,1,48.09,400,None,226.5
150.0,2,46.81,400,None,226.5
150.0,3,47.11,400,None,226.4375
155.0,0,47.41,400,None,28793.43359375
155.0,1,47.70,400,None,226.5
155.0,2,46.16,400,None,226.5
155.0,3,46.61,400,None,226.4375
160.0,0,47.32,400,None,28793.43359375
160.0,1,47.19,400,None,226.5
160.0,2,46.08,400,None,226.5
160.0,3,46.53,400,None,226.4375
165.0,0,48.64,2400,None,28914.99609375
165.0,1,47.58,400,None,226.5
165.0,2,46.28,400,None,226.5
165.0,3,46.59,400,None,226.4375
170.0,0,100.07,2400,None,28961.52734375
170.0,1,48.31,400,None,226.5
170.0,2,46.99,400,None,226.5
170.0,3,47.47,400,None,226.4375
175.0,0,164.13,2400,None,29564.03515625
175.0,1,48.48,400,None,226.5
175.0,2,47.07,400,None,226.5
175.0,3,47.83,400,None,226.4375
180.0,0,161.05,2050,PowerBurst,29564.03515625
180.0,1,47.92,400,None,226.5
180.0,2,46.86,400,None,226.5
180.0,3,47.53,400,None,226.4375
185.0,0,150.43,2400,None,29564.03515625
185.0,1,48.19,400,None,226.5
185.0,2,46.83,400,None,226.5
185.0,3,47.44,400,None,226.4375
190.0,0,88.92,2400,None,29564.03515625
190.0,1,48.29,400,None,226.5
190.0,2,46.99,400,None,226.5
190.0,3,47.49,400,None,226.4375
195.0,0,56.31,2400,None,29564.03515625
195.0,1,47.73,400,None,226.5
195.0,2,46.58,400,None,226.5
195.0,3,47.00,400,None,226.4375
200.0,0,54.64,2400,None,29564.03515625
200.0,1,47.10,400,None,226.5
200.0,2,46.03,400,None,226.5
200.0,3,46.63,400,None,226.4375
205.0,0,54.82,2400,None,29564.03515625
205.0,1,47.38,400,None,226.5
205.0,2,46.20,400,None,226.5
205.0,3,46.62,400,None,226.4375
210.0,0,58.08,2400,None,29564.03515625
210.0,1,48.13,400,None,226.5
210.0,2,46.83,400,None,226.5
210.0,3,47.23,400,None,226.4375
215.0,0,59.01,2400,None,29564.03515625
215.0,1,48.11,400,None,226.5
215.0,2,47.04,400,None,226.5
215.0,3,47.43,400,None,226.4375
220.0,0,58.69,2400,None,29564.03515625
220.0,1,47.87,400,None,226.5
220.0,2,46.91,400,None,226.5
220.0,3,47.59,400,None,226.4375
225.0,0,58.60,2400,None,29564.03515625
225.0,1,47.96,400,None,226.5
225.0,2,46.76,400,None,226.5
225.0,3,47.33,400,None,226.4375
230.0,0,58.77,2400,None,29564.03515625
230.0,1,48.26,400,None,226.5
230.0,2,46.88,400,None,226.5
230.0,3,47.38,400,None,226.4375
235.0,0,56.73,2400,None,29564.03515625
235.0,1,47.98,400,None,226.5
235.0,2,46.72,400,None,226.5
235.0,3,47.06,400,None,226.4375
240.0,0,54.38,2400,None,29564.03515625
240.0,1,47.19,400,None,226.5
240.0,2,46.14,400,None,226.5
240.0,3,46.58,400,None,226.4375
245.0,0,54.49,2400,None,29564.03515625
245.0,1,47.42,400,None,226.5
245.0,2,46.17,400,None,226.5
245.0,3,46.73,400,None,226.4375
250.0,0,56.81,2400,None,29564.03515625
250.0,1,48.08,400,None,226.5
250.0,2,46.62,400,None,226.5
250.0,3,47.07,400,None,226.4375
255.0,0,58.40,2400,None,29564.03515625
255.0,1,48.19,400,None,226.5
255.0,2,46.99,400,None,226.5
255.0,3,47.44,400,None,226.4375
260.0,0,58.38,2400,None,29564.03515625
260.0,1,47.98,400,None,226.5
260.0,2,46.98,400,None,226.5
260.0,3,47.29,400,None,226.4375
265.0,0,58.34,2400,None,29564.03515625
265.0,1,48.04,400,None,226.5
265.0,2,46.76,400,None,226.5
265.0,3,47.45,400,None,226.4375
270.0,0,58.61,2400,None,29564.03515625
270.0,1,48.11,400,None,226.5
270.0,2,46.86,400,None,226.5
270.0,3,47.37,400,None,226.4375
275.0,0,57.66,2400,None,29564.03515625
275.0,1,47.93,400,None,226.5
275.0,2,46.84,400,None,226.5
275.0,3,47.32,400,None,226.4375
280.0,0,53.98,2400,None,29564.03515625
280.0,1,47.31,400,None,226.5
280.0,2,46.25,400,None,226.5
280.0,3,46.57,400,None,226.4375
285.0,0,54.16,2400,None,29564.03515625
285.0,1,47.41,400,None,226.5
285.0,2,46.12,400,None,226.5
285.0,3,46.70,400,None,226.4375
290.0,0,55.95,2400,None,29564.03515625
290.0,1,47.94,400,None,226.5
290.0,2,46.47,400,None,226.5
290.0,3,47.01,400,None,226.4375
295.0,0,58.29,2400,None,29564.03515625
295.0,1,48.26,400,None,226.5
295.0,2,46.98,400,None,226.5
295.0,3,47.46,400,None,226.4375
300.0,0,57.96,2400,None,29564.03515625
300.0,1,47.96,400,None,226.5
300.0,2,46.87,400,None,226.5
300.0,3,47.28,400,None,226.4375
305.0,0,58.27,2400,None,29564.03515625
305.0,1,48.17,400,None,226.5
305.0,2,46.86,400,None,226.5
305.0,3,47.47,400,None,226.4375
310.0,0,58.38,2400,None,29564.03515625
310.0,1,48.09,400,None,226.5
310.0,2,46.88,400,None,226.5
310.0,3,47.53,400,None,226.4375
315.0,0,58.17,2400,None,29564.03515625
315.0,1,48.18,400,None,226.5
315.0,2,46.98,400,None,226.5
315.0,3,47.25,400,None,226.4375
320.0,0,53.86,2400,None,29564.03515625
320.0,1,47.42,400,None,226.5
320.0,2,46.26,400,None,226.5
320.0,3,46.55,400,None,226.4375
325.0,0,54.24,2400,None,29564.03515625
325.0,1,47.49,400,None,226.5
325.0,2,46.26,400,None,226.5
325.0,3,46.73,400,None,226.4375
330.0,0,54.84,2400,None,29564.03515625
330.0,1,47.74,400,None,226.5
330.0,2,46.31,400,None,226.5
330.0,3,46.95,400,None,226.4375
335.0,0,58.32,2400,None,29564.03515625
335.0,1,47.97,400,None,226.5
335.0,2,46.98,400,None,226.5
335.0,3,47.47,400,None,226.4375
340.0,0,58.04,2400,None,29564.03515625
340.0,1,48.08,400,None,226.5
340.0,2,46.88,400,None,226.5
340.0,3,47.30,400,None,226.4375
345.0,0,58.33,2400,None,29564.03515625
345.0,1,48.30,400,None,226.5
345.0,2,46.96,400,None,226.5
345.1,3,47.52,400,None,226.4375
350.0,0,58.18,2400,None,29564.03515625
350.0,1,48.14,400,None,226.5
350.0,2,46.87,400,None,226.5
350.1,3,47.56,400,None,226.4375
355.0,0,58.11,2400,None,29564.03515625
355.0,1,48.02,400,None,226.5
355.0,2,46.79,400,None,226.5
355.1,3,47.30,400,None,226.4375
360.0,0,54.93,2400,None,29564.03515625
360.0,1,47.68,400,None,226.5
360.0,2,46.39,400,None,226.5
360.0,3,46.72,400,None,226.4375
365.1,0,54.13,2400,None,29564.03515625
365.1,1,47.56,400,None,226.5
365.1,2,46.39,400,None,226.5
365.1,3,46.79,400,None,226.4375
370.1,0,54.21,2400,None,29564.03515625
370.1,1,47.63,400,None,226.5
370.1,2,46.25,400,None,226.5
370.1,3,46.93,400,None,226.4375
375.1,0,57.60,2400,None,29564.03515625
375.1,1,48.00,400,None,226.5
375.1,2,46.93,400,None,226.5
375.1,3,47.47,400,None,226.4375
380.1,0,58.13,2400,None,29564.03515625
380.1,1,48.21,400,None,226.5
380.1,2,46.86,400,None,226.5
380.1,3,47.27,400,None,226.4375
385.1,0,58.21,2400,None,29564.03515625
385.1,1,48.23,400,None,226.5
385.1,2,46.99,400,None,226.5
385.1,3,47.43,400,None,226.4375
390.1,0,58.17,2400,None,29564.03515625
390.1,1,48.18,400,None,226.5
390.1,2,47.01,400,None,226.5
390.1,3,47.58,400,None,226.4375
395.1,0,57.99,2400,None,29564.03515625
395.1,1,48.02,400,None,226.5
395.1,2,46.73,400,None,226.5
395.1,3,47.37,400,None,226.4375
400.1,0,56.02,2400,None,29564.03515625
400.1,1,47.94,400,None,226.5
400.1,2,46.49,400,None,226.5
400.1,3,46.96,400,None,226.4375
405.1,0,54.08,2400,None,29564.03515625
405.1,1,47.67,400,None,226.5
405.1,2,46.37,400,None,226.5
405.1,3,46.78,400,None,226.4375
410.1,0,53.96,2400,None,29564.03515625
410.1,1,47.41,400,None,226.5
410.1,2,46.38,400,None,226.5
410.1,3,46.83,400,None,226.4375
415.1,0,56.57,2400,None,29564.03515625
415.1,1,47.88,400,None,226.5
415.1,2,46.70,400,None,226.5
415.1,3,47.10,400,None,226.4375
420.1,0,58.09,2400,None,29564.03515625
420.1,1,48.32,400,None,226.5
420.1,2,46.87,400,None,226.5
420.1,3,47.31,400,None,226.4375
425.1,0,58.20,2400,None,29564.03515625
425.1,1,48.35,400,None,226.5
425.1,2,46.96,400,None,226.5
425.1,3,47.47,400,None,226.4375
430.1,0,58.21,2400,None,29564.03515625
430.1,1,47.79,400,None,226.5
430.1,2,47.09,400,None,226.5
430.1,3,47.61,400,None,226.4375
435.1,0,57.99,2400,None,29564.03515625
435.1,1,48.06,400,None,226.5
435.1,2,46.78,400,None,226.5
435.1,3,47.44,400,None,226.4375
440.1,0,56.73,2400,None,29564.03515625
440.1,1,48.01,400,None,226.5
440.1,2,46.66,400,None,226.5
440.1,3,47.21,400,None,226.4375
445.1,0,54.08,2400,None,29564.03515625
445.1,1,47.76,400,None,226.5
445.1,2,46.34,400,None,226.5
445.1,3,46.72,400,None,226.4375
450.1,0,53.81,2400,None,29564.03515625
450.1,1,47.34,400,None,226.5
450.1,2,46.35,400,None,226.5
450.1,3,46.70,400,None,226.4375
455.1,0,55.55,2400,None,29564.03515625
455.1,1,47.78,400,None,226.5
455.1,2,46.47,400,None,226.5
455.1,3,47.09,400,None,226.4375
460.1,0,58.08,2400,None,29564.03515625
460.1,1,48.25,400,None,226.5
460.1,2,46.79,400,None,226.5
460.1,3,47.38,400,None,226.4375
465.1,0,58.22,2400,None,29564.03515625
465.1,1,48.23,400,None,226.5
465.1,2,46.95,400,None,226.5
465.1,3,47.44,400,None,226.4375
470.1,0,57.76,2400,None,29564.03515625
470.1,1,47.91,400,None,226.5
470.1,2,47.06,400,None,226.5
470.1,3,47.57,400,None,226.4375
475.1,0,57.97,2400,None,29564.03515625
475.1,1,48.16,400,None,226.5
475.1,2,46.89,400,None,226.5
475.1,3,47.43,400,None,226.4375
480.1,0,57.68,2400,None,29564.03515625
480.1,1,48.25,400,None,226.5
480.1,2,46.76,400,None,226.5
480.1,3,47.43,400,None,226.4375
485.1,0,54.21,2400,None,29564.03515625
485.1,1,47.84,400,None,226.5
485.1,2,46.24,400,None,226.5
485.1,3,46.64,400,None,226.4375
490.1,0,98.70,2050,PowerBurst,31122.48046875
490.1,1,47.47,400,None,226.5
490.1,2,46.21,400,None,226.5
490.1,3,46.49,400,None,226.4375
495.1,0,199.87,2050,PowerBurst,31122.48046875
495.1,1,47.78,400,None,226.5
495.1,2,46.45,400,None,226.5
495.1,3,46.99,400,None,226.4375
500.1,0,199.98,2067,PowerBurst,31122.48046875
500.1,1,48.41,400,None,226.5
500.1,2,46.82,400,None,226.5
500.1,3,47.46,400,None,226.4375
505.1,0,199.55,2133,PowerBurst,31122.54296875
505.1,1,48.42,400,None,226.5
505.1,2,46.94,400,None,226.5
505.1,3,47.51,400,None,226.4375
510.1,0,199.81,2183,PowerBurst,31122.54296875
510.1,1,48.07,400,None,226.5
510.1,2,47.07,400,None,226.5
510.1,3,47.57,400,None,226.4375
515.1,0,200.69,2050,PowerBurst,31122.54296875
515.1,1,48.11,400,None,226.5
515.1,2,46.96,400,None,226.5
515.1,3,47.44,400,None,226.4375
520.1,0,199.93,2067,PowerBurst,31122.54296875
520.1,1,48.35,400,None,226.5
520.1,2,46.89,400,None,226.5
520.1,3,47.57,400,None,226.4375
525.1,0,199.20,2217,PowerBurst,31122.54296875
525.1,1,47.91,400,None,226.5
525.1,2,46.41,400,None,226.5
525.1,3,46.98,400,None,226.4375
530.1,0,200.47,2133,PowerBurst,31122.54296875
530.1,1,47.49,400,None,226.5
530.1,2,46.18,400,None,226.5
530.1,3,46.51,400,None,226.4375
535.1,0,199.54,2200,PowerBurst,31122.54296875
535.1,1,47.65,400,None,226.5
535.1,2,46.42,400,None,226.5
535.1,3,46.93,400,None,226.4375
540.1,0,200.73,2067,PowerBurst,31122.54296875
540.1,1,48.27,400,None,226.5
540.1,2,46.71,400,None,226.5
540.1,3,47.48,400,None,226.4375
545.1,0,199.35,2200,PowerBurst,31122.54296875
545.1,1,48.32,400,None,226.5
545.1,2,46.92,400,None,226.5
545.1,3,47.59,400,None,226.4375
550.1,0,199.86,2217,PowerBurst,31122.54296875
550.1,1,48.16,400,None,226.5
550.1,2,46.98,400,None,226.5
550.1,3,47.63,400,None,226.4375
555.1,0,200.31,2167,PowerBurst,31122.54296875
555.1,1,48.12,400,None,226.5
555.1,2,46.96,400,None,226.5
555.1,3,47.47,400,None,226.4375
560.1,0,200.62,2067,PowerBurst,31122.54296875
560.1,1,48.33,400,None,226.5
560.1,2,47.03,400,None,226.5
560.1,3,47.66,400,None,226.4375
565.1,0,199.33,2183,PowerBurst,31122.54296875
565.1,1,48.25,400,None,226.5
565.1,2,46.66,400,None,226.5
565.1,3,47.38,400,None,226.4375
570.1,0,199.75,2233,PowerBurst,31122.54296875
570.1,1,47.49,400,None,226.5
570.1,2,46.02,400,None,226.5
570.1,3,46.55,400,None,226.4375
575.1,0,200.19,2200,PowerBurst,31122.54296875
575.1,1,47.56,400,None,226.5
575.1,2,46.37,400,None,226.5
575.1,3,46.80,400,None,226.4375
580.1,0,199.86,2217,PowerBurst,31122.54296875
580.1,1,48.08,400,None,226.5
580.1,2,46.67,400,None,226.5
580.1,3,47.37,400,None,226.4375
585.1,0,200.06,2217,PowerBurst,31122.54296875
585.1,1,48.48,400,None,226.5
585.1,2,46.92,400,None,226.5
585.1,3,47.67,400,None,226.4375
590.1,0,200.95,2050,PowerBurst,31122.54296875
590.1,1,48.19,400,None,226.5
590.1,2,46.95,400,None,226.5
590.1,3,47.72,400,None,226.4375
595.1,0,199.01,2217,PowerBurst,31122.54296875
595.1,1,48.19,400,None,226.5
595.1,2,46.93,400,None,226.5
595.1,3,47.52,400,None,226.4375
600.1,0,200.86,2083,PowerBurst,31122.54296875
600.1,1,48.22,400,None,226.5
600.1,2,47.06,400,None,226.5
600.1,3,47.71,400,None,226.4375
605.1,0,199.44,2183,PowerBurst,31122.54296875
605.1,1,48.46,400,None,226.5
605.1,2,46.95,400,None,226.5
605.1,3,47.82,400,None,226.4375
610.1,0,199.77,2233,PowerBurst,31122.54296875
610.1,1,47.47,400,None,226.5
610.1,2,46.09,400,None,226.5
610.1,3,46.59,400,None,226.4375
615.1,0,200.00,2233,PowerBurst,31122.54296875
615.1,1,47.53,400,None,226.5
615.1,2,46.22,400,None,226.5
615.1,3,46.73,400,None,226.4375
620.1,0,200.04,2217,PowerBurst,31122.54296875
620.1,1,47.80,400,None,226.5
620.1,2,46.50,400,None,226.5
620.1,3,47.15,400,None,226.4375
625.1,0,200.01,2217,PowerBurst,31122.54296875
625.1,1,48.56,400,None,226.5
625.1,2,46.95,400,None,226.5
625.1,3,47.86,400,None,226.4375
630.1,0,200.67,2083,PowerBurst,31122.54296875
630.1,1,48.03,400,None,226.5
630.1,2,46.94,400,None,226.5
630.1,3,47.73,400,None,226.4375
635.1,0,199.95,2117,PowerBurst,31122.54296875
635.1,1,48.25,400,None,226.5
635.1,2,46.91,400,None,226.5
635.1,3,47.52,400,None,226.4375
640.1,0,199.41,2217,PowerBurst,31122.54296875
640.1,1,48.20,400,None,226.5
640.1,2,47.01,400,None,226.5
640.1,3,47.69,400,None,226.4375
645.1,0,200.93,2067,PowerBurst,31122.54296875
645.1,1,48.43,400,None,226.5
645.1,2,47.10,400,None,226.5
645.1,3,47.87,400,None,226.4375
650.1,0,199.05,2233,PowerBurst,31122.54296875
650.1,1,47.77,400,None,226.5
650.1,2,46.55,400,None,226.5
650.1,3,46.96,400,None,226.4375
655.1,0,200.49,2150,PowerBurst,31122.54296875
655.1,1,47.58,400,None,226.5
655.1,2,46.12,400,None,226.5
655.1,3,46.70,400,None,226.4375
660.1,0,200.03,2133,PowerBurst,31122.54296875
660.1,1,47.68,400,None,226.5
660.1,2,46.40,400,None,226.5
660.1,3,47.05,400,None,226.4375
665.1,0,199.57,2217,PowerBurst,31122.54296875
665.1,1,48.34,400,None,226.5
665.1,2,46.94,400,None,226.5
665.1,3,47.72,400,None,226.4375
670.1,0,199.88,2233,PowerBurst,31122.73046875
670.1,1,48.04,400,None,226.5
670.1,2,46.98,400,None,226.5
670.1,3,47.75,400,None,226.4375
675.1,0,200.04,2233,PowerBurst,31122.73046875
675.1,1,48.07,400,None,226.5
675.1,2,46.84,400,None,226.5
675.1,3,47.54,400,None,226.4375
680.1,0,200.45,2167,PowerBurst,31122.73046875
680.1,1,48.30,400,None,226.5
680.1,2,46.96,400,None,226.5
680.1,3,47.65,400,None,226.4375
685.1,0,200.60,2050,PowerBurst,31122.73046875
685.1,1,48.24,400,None,226.5
685.1,2,47.15,400,None,226.5
685.1,3,47.91,400,None,226.4375
690.1,0,199.12,2217,PowerBurst,31122.73046875
690.1,1,48.05,400,None,226.5
690.1,2,46.86,400,None,226.5
690.1,3,47.39,400,None,226.4375
695.1,0,199.80,2250,PowerBurst,31122.73046875
695.1,1,47.63,400,None,226.5
695.1,2,46.13,400,None,226.5
695.1,3,46.77,400,None,226.4375
700.1,0,116.24,2400,None,31122.73046875
700.1,1,47.63,400,None,226.5
700.1,2,46.35,400,None,226.5
700.1,3,47.12,400,None,226.4375
705.1,0,57.84,2400,None,31122.73046875
705.1,1,48.09,400,None,226.5
705.1,2,46.66,400,None,226.5
705.1,3,47.42,400,None,226.4375
710.1,0,59.82,2400,None,31122.73046875
710.1,1,48.41,400,None,226.5
710.1,2,46.99,400,None,226.5
710.1,3,47.88,400,None,226.4375
715.1,0,59.62,2400,None,31122.73046875
715.1,1,48.14,400,None,226.5
715.1,2,46.80,400,None,226.5
715.1,3,47.45,400,None,226.4375
720.1,0,59.69,2400,None,31122.73046875
720.1,1,48.36,400,None,226.5
720.1,2,46.88,400,None,226.5
720.1,3,47.65,400,None,226.4375
725.1,0,59.56,2400,None,31122.73046875
725.1,1,48.21,400,None,226.5
725.1,2,47.05,400,None,226.5
725.1,3,47.83,400,None,226.4375
730.1,0,59.49,2400,None,31122.73046875
730.1,1,48.27,400,None,226.5
730.1,2,47.10,400,None,226.5
730.1,3,47.58,400,None,226.4375
735.1,0,55.23,2400,None,31122.73046875
735.1,1,47.66,400,None,226.5
735.1,2,46.14,400,None,226.5
735.1,3,46.65,400,None,226.4375
740.1,0,55.24,2400,None,31122.73046875
740.1,1,47.74,400,None,226.5
740.1,2,46.14,400,None,226.5
740.1,3,46.76,400,None,226.4375
745.1,0,55.80,2400,None,31122.73046875
745.1,1,47.95,400,None,226.5
745.1,2,46.47,400,None,226.5
745.1,3,47.17,400,None,226.4375
750.1,0,59.50,2400,None,31122.73046875
750.1,1,48.17,400,None,226.5
750.1,2,47.07,400,None,226.5
750.1,3,47.83,400,None,226.4375
755.1,0,59.11,2400,None,31122.73046875
755.1,1,48.24,400,None,226.5
755.1,2,46.87,400,None,226.5
755.1,3,47.54,400,None,226.4375
760.1,0,59.39,2400,None,31122.73046875
760.1,1,48.27,400,None,226.5
760.1,2,46.90,400,None,226.5
760.1,3,47.60,400,None,226.4375
765.1,0,58.98,2400,None,31122.73046875
765.1,1,48.33,400,None,226.5
765.1,2,47.01,400,None,226.5
765.1,3,47.67,400,None,226.4375
770.1,0,58.99,2400,None,31122.73046875
770.1,1,48.12,400,None,226.5
770.1,2,46.93,400,None,226.5
770.1,3,47.56,400,None,226.4375
775.1,0,55.75,2400,None,31122.73046875
775.1,1,47.90,400,None,226.5
775.1,2,46.39,400,None,226.5
775.1,3,46.97,400,None,226.4375
780.1,0,54.89,2400,None,31122.73046875
780.1,1,47.84,400,None,226.5
780.1,2,46.20,400,None,226.5
780.1,3,46.71,400,None,226.4375
785.1,0,54.85,2400,None,31122.73046875
785.1,1,47.57,400,None,226.5
785.1,2,46.30,400,None,226.5
785.1,3,46.87,400,None,226.4375
790.1,0,58.40,2400,None,31122.73046875
790.1,1,48.15,400,None,226.5
790.1,2,47.01,400,None,226.5
790.1,3,47.39,400,None,226.4375
795.1,0,58.84,2400,None,31122.73046875
795.1,1,48.37,400,None,226.5
795.1,2,46.92,400,None,226.5
795.1,3,47.50,400,None,226.4375
800.1,0,58.78,2400,None,31122.73046875
800.1,1,48.37,400,None,226.5
800.1,2,46.90,400,None,226.5
800.1,3,47.56,400,None,226.4375
805.1,0,58.79,2400,None,31122.73046875
805.1,1,48.04,400,None,226.5
805.1,2,46.97,400,None,226.5
805.1,3,47.66,400,None,226.4375
810.1,0,58.63,2400,None,31122.73046875
810.1,1,48.14,400,None,226.5
810.1,2,46.93,400,None,226.5
810.1,3,47.46,400,None,226.4375
815.1,0,56.54,2400,None,31122.73046875
815.1,1,48.12,400,None,226.5
815.1,2,46.65,400,None,226.5
815.1,3,47.18,400,None,226.4375
820.1,0,54.76,2400,None,31122.73046875
820.1,1,47.89,400,None,226.5
820.1,2,46.18,400,None,226.5
820.1,3,46.77,400,None,226.4375
825.1,0,54.41,2400,None,31122.73046875
825.1,1,47.60,400,None,226.5
825.1,2,46.23,400,None,226.5
825.1,3,46.72,400,None,226.4375
830.1,0,57.13,2400,None,31122.73046875
830.1,1,47.98,400,None,226.5
830.1,2,46.70,400,None,226.5
830.1,3,47.29,400,None,226.4375
835.1,0,58.71,2400,None,31122.73046875
835.1,1,48.47,400,None,226.5
835.1,2,47.03,400,None,226.5
835.1,3,47.61,400,None,226.4375
840.1,0,58.62,2400,None,31122.73046875
840.1,1,48.49,400,None,226.5
840.1,2,46.94,400,None,226.5
840.1,3,47.67,400,None,226.4375
845.1,0,58.47,2400,None,31122.73046875
845.1,1,47.94,400,None,226.5
845.1,2,46.97,400,None,226.5
845.1,3,47.67,400,None,226.4375
850.1,0,58.36,2400,None,31122.73046875
850.1,1,48.25,400,None,226.5
850.1,2,46.91,400,None,226.5
850.1,3,47.43,400,None,226.4375
855.1,0,57.23,2400,None,31122.73046875
855.1,1,48.16,400,None,226.5
855.1,2,46.83,400,None,226.5
855.1,3,47.36,400,None,226.4375
860.1,0,54.52,2400,None,31122.73046875
860.1,1,47.98,400,None,226.5
860.1,2,46.34,400,None,226.5
860.1,3,46.88,400,None,226.4375
865.1,0,54.20,2400,None,31122.73046875
865.1,1,47.57,400,None,226.5
865.1,2,46.17,400,None,226.5
865.1,3,46.60,400,None,226.4375
870.1,0,56.09,2400,None,31122.73046875
870.1,1,47.94,400,None,226.5
870.1,2,46.49,400,None,226.5
870.1,3,47.08,400,None,226.4375
875.1,0,58.47,2400,None,31122.73046875
875.1,1,48.41,400,None,226.5
875.1,2,47.00,400,None,226.5
875.1,3,47.59,400,None,226.4375
880.1,0,58.55,2400,None,31122.73046875
880.1,1,48.37,400,None,226.5
880.1,2,47.04,400,None,226.5
880.1,3,47.68,400,None,226.4375
885.1,0,58.07,2400,None,31122.73046875
885.1,1,48.05,400,None,226.5
885.1,2,46.94,400,None,226.5
885.1,3,47.26,400,None,226.4375
890.1,0,58.38,2400,None,31122.73046875
890.1,1,48.31,400,None,226.5
890.1,2,46.88,400,None,226.5
890.1,3,47.41,400,None,226.4375
895.1,0,58.11,2400,None,31122.73046875
895.1,1,48.33,400,None,226.5
895.1,2,46.92,400,None,226.5
895.1,3,47.60,400,None,226.4375
900.1,0,54.43,2400,None,31122.73046875
900.1,1,47.60,400,None,226.5
900.1,2,46.40,400,None,226.5
900.1,3,46.90,400,None,226.4375
905.1,0,54.16,2400,None,31122.73046875
905.1,1,47.57,400,None,226.5
905.1,2,46.17,400,None,226.5
905.1,3,46.50,400,None,226.4375
910.1,0,55.08,2400,None,31122.73046875
910.1,1,47.94,400,None,226.5
910.1,2,46.34,400,None,226.5
910.1,3,46.85,400,None,226.4375
915.1,0,58.42,2400,None,31122.73046875
915.1,1,48.46,400,None,226.5
915.1,2,46.98,400,None,226.5
915.1,3,47.62,400,None,226.4375
920.1,0,58.39,2400,None,31122.73046875
920.1,1,48.27,400,None,226.5
920.1,2,47.08,400,None,226.5
920.1,3,47.68,400,None,226.4375
925.1,0,58.13,2400,None,31122.73046875
925.1,1,48.17,400,None,226.5
925.1,2,46.91,400,None,226.5
925.1,3,47.34,400,None,226.4375
930.1,0,58.18,2400,None,31122.73046875
930.1,1,48.17,400,None,226.5
930.1,2,46.87,400,None,226.5
930.1,3,47.42,400,None,226.4375
935.1,0,58.36,2400,None,31122.73046875
935.1,1,48.45,400,None,226.5
935.1,2,46.94,400,None,226.5
935.1,3,47.62,400,None,226.4375
940.1,0,54.60,2400,None,31122.73046875
940.1,1,47.57,400,None,226.5
940.1,2,46.49,400,None,226.5
940.1,3,47.01,400,None,226.4375
945.1,0,54.10,2400,None,31122.73046875
945.1,1,47.64,400,None,226.5
945.1,2,46.24,400,None,226.5
945.1,3,46.48,400,None,226.4375
950.1,0,54.26,2400,None,31122.73046875
950.1,1,47.84,400,None,226.5
950.1,2,46.25,400,None,226.5
950.1,3,46.75,400,None,226.4375
955.1,0,58.20,2400,None,31122.73046875
955.1,1,48.46,400,None,226.5
955.1,2,46.89,400,None,226.5
955.1,3,47.52,400,None,226.4375
960.1,0,58.21,2400,None,31122.73046875
960.1,1,48.38,400,None,226.5
960.1,2,47.02,400,None,226.5
960.1,3,47.69,400,None,226.4375
965.1,0,58.19,2400,None,31122.73046875
965.1,1,48.29,400,None,226.5
965.1,2,47.02,400,None,226.5
965.1,3,47.37,400,None,226.4375
970.1,0,58.10,2400,None,31122.73046875
970.1,1,48.28,400,None,226.5
970.1,2,46.86,400,None,226.5
970.1,3,47.41,400,None,226.4375
975.1,0,58.39,2400,None,31122.73046875
975.1,1,48.51,400,None,226.5
975.1,2,46.91,400,None,226.5
975.1,3,47.54,400,None,226.4375
980.1,0,55.60,2400,None,31122.73046875
980.1,1,47.81,400,None,226.5
980.1,2,46.62,400,None,226.5
980.1,3,46.83,400,None,226.4375
985.1,0,53.99,2400,None,31122.73046875
985.1,1,47.68,400,None,226.5
985.1,2,46.33,400,None,226.5
985.1,3,46.65,400,None,226.4375
990.1,0,54.15,2400,None,31122.73046875
990.1,1,47.73,400,None,226.5
990.1,2,46.24,400,None,226.5
990.1,3,46.64,400,None,226.4375
995.1,0,57.29,2400,None,31122.73046875
995.1,1,48.42,400,None,226.5
995.1,2,46.71,400,None,226.5
995.1,3,47.37,400,None,226.4375
1000.1,0,58.18,2400,None,31122.73046875
1000.1,1,48.09,400,None,226.5
1000.1,2,47.06,400,None,226.5
1000.1,3,47.64,400,None,226.4375
1005.1,0,58.17,2400,None,31122.73046875
1005.1,1,48.12,400,None,226.5
1005.1,2,47.01,400,None,226.5
1005.1,3,47.47,400,None,226.4375
1010.1,0,58.22,2400,None,31122.73046875
1010.1,1,48.43,400,None,226.5
1010.1,2,46.97,400,None,226.5
1010.1,3,47.44,400,None,226.4375
1015.1,0,58.14,2400,None,31122.73046875
1015.1,1,48.28,400,None,226.5
1015.1,2,46.95,400,None,226.5
1015.1,3,47.51,400,None,226.4375
1020.1,0,56.55,2400,None,31122.73046875
1020.1,1,48.03,400,None,226.5
1020.1,2,46.56,400,None,226.5
1020.1,3,47.04,400,None,226.4375
1025.1,0,53.86,2400,None,31122.73046875
1025.1,1,47.72,400,None,226.5
1025.1,2,46.30,400,None,226.5
1025.1,3,46.68,400,None,226.4375
1030.1,0,54.19,2400,None,31122.73046875
1030.1,1,47.81,400,None,226.5
1030.1,2,46.37,400,None,226.5
1030.1,3,46.62,400,None,226.4375
1035.1,0,56.34,2400,None,31122.73046875
1035.1,1,48.06,400,None,226.5
1035.1,2,46.60,400,None,226.5
1035.1,3,47.18,400,None,226.4375
1040.1,0,57.93,2400,None,31122.73046875
1040.1,1,48.11,400,None,226.5
1040.1,2,46.96,400,None,226.5
1040.1,3,47.32,400,None,226.4375
1045.1,0,58.01,2400,None,31122.73046875
1045.1,1,48.24,400,None,226.5
1045.2,2,46.98,400,None,226.5
1045.2,3,47.50,400,None,226.4375
1050.1,0,58.33,2400,None,31122.73046875
1050.1,1,48.52,400,None,226.5
1050.1,2,47.04,400,None,226.5
1050.1,3,47.57,400,None,226.4375
1055.1,0,58.18,2400,None,31122.73046875
1055.1,1,47.96,400,None,226.5
1055.1,2,46.97,400,None,226.5
1055.2,3,47.54,400,None,226.4375
1060.1,0,57.29,2400,None,31122.73046875
1060.1,1,48.20,400,None,226.5
1060.1,2,46.70,400,None,226.5
1060.2,3,47.18,400,None,226.4375
1065.2,0,54.05,2400,None,31122.73046875
1065.2,1,47.79,400,None,226.5
1065.2,2,46.23,400,None,226.5
1065.2,3,46.66,400,None,226.4375
1070.2,0,54.21,2400,None,31122.73046875
1070.2,1,47.97,400,None,226.5
1070.2,2,46.36,400,None,226.5
1070.2,3,46.77,400,None,226.4375
1075.2,0,55.27,2400,None,31122.73046875
1075.2,1,47.90,400,None,226.5
1075.2,2,46.49,400,None,226.5
1075.2,3,46.97,400,None,226.4375
1080.2,0,58.06,2400,None,31122.73046875
1080.2,1,48.27,400,None,226.5
1080.2,2,46.86,400,None,226.5
1080.2,3,47.31,400,None,226.4375
1085.2,0,58.13,2400,None,31122.73046875
1085.2,1,48.39,400,None,226.5
1085.2,2,46.92,400,None,226.5
1085.2,3,47.56,400,None,226.4375
1090.2,0,58.41,2400,None,31122.73046875
1090.2,1,48.22,400,None,226.5
1090.2,2,47.06,400,None,226.5
1090.2,3,47.67,400,None,226.4375
1095.2,0,57.85,2400,None,31122.73046875
1095.2,1,48.12,400,None,226.5
1095.2,2,47.10,400,None,226.5
1095.2,3,47.24,400,None,226.4375
1100.2,0,57.97,2400,None,31122.73046875
1100.2,1,48.21,400,None,226.5
1100.2,2,46.84,400,None,226.5
1100.2,3,47.32,400,None,226.4375
1105.2,0,54.17,2400,None,31122.73046875
1105.2,1,47.85,400,None,226.5
1105.2,2,46.18,400,None,226.5
1105.2,3,46.65,400,None,226.4375
1110.2,0,54.21,2400,None,31122.73046875
1110.2,1,47.77,400,None,226.5
1110.2,2,46.36,400,None,226.5
1110.2,3,46.93,400,None,226.4375
1115.2,0,54.55,2400,None,31122.73046875
1115.2,1,47.69,400,None,226.5
1115.2,2,46.50,400,None,226.5
1115.2,3,46.75,400,None,226.4375
1120.2,0,58.08,2400,None,31122.73046875
1120.2,1,48.25,400,None,226.5
1120.2,2,46.84,400,None,226.5
1120.2,3,47.34,400,None,226.4375
1125.2,0,58.19,2400,None,31122.73046875
1125.2,1,48.46,400,None,226.5
1125.2,2,46.89,400,None,226.5
1125.2,3,47.51,400,None,226.4375
1130.2,0,58.05,2400,None,31122.73046875
1130.2,1,48.30,400,None,226.5
1130.2,2,47.02,400,None,226.5
1130.2,3,47.65,400,None,226.4375
1135.2,0,57.93,2400,None,31122.73046875
1135.2,1,48.18,400,None,226.5
1135.2,2,46.99,400,None,226.5
1135.2,3,47.37,400,None,226.4375
1140.2,0,58.10,2400,None,31122.73046875
1140.2,1,48.25,400,None,226.5
1140.2,2,46.90,400,None,226.5
1140.2,3,47.36,400,None,226.4375
1145.2,0,55.09,2400,None,31122.73046875
1145.2,1,48.05,400,None,226.5
1145.2,2,46.32,400,None,226.5
1145.2,3,46.83,400,None,226.4375
1150.2,0,53.94,2400,None,31122.73046875
1150.2,1,47.72,400,None,226.5
1150.2,2,46.36,400,None,226.5
1150.2,3,46.85,400,None,226.4375
1155.2,0,54.02,2400,None,31122.73046875
1155.2,1,47.69,400,None,226.5
1155.2,2,46.42,400,None,226.5
1155.2,3,46.75,400,None,226.4375
1160.2,0,57.45,2400,None,31122.73046875
1160.2,1,48.25,400,None,226.5
1160.2,2,46.77,400,None,226.5
1160.2,3,47.25,400,None,226.4375
1165.2,0,58.25,2400,None,31122.73046875
1165.2,1,48.37,400,None,226.5
1165.2,2,46.88,400,None,226.5
1165.2,3,47.48,400,None,226.4375
1170.2,0,58.15,2400,None,31122.73046875
1170.2,1,48.41,400,None,226.5
1170.2,2,46.96,400,None,226.5
1170.2,3,47.62,400,None,226.4375
1175.2,0,57.83,2400,None,31122.73046875
1175.2,1,48.05,400,None,226.5
1175.2,2,46.96,400,None,226.5
1175.2,3,47.42,400,None,226.4375
1180.2,0,58.04,2400,None,31122.73046875
1180.2,1,48.34,400,None,226.5
1180.2,2,47.01,400,None,226.5
1180.2,3,47.39,400,None,226.4375
1185.2,0,55.94,2400,None,31122.73046875
1185.2,1,47.98,400,None,226.5
1185.2,2,46.53,400,None,226.5
1185.2,3,46.99,400,None,226.4375
1190.2,0,53.93,2400,None,31122.73046875
1190.2,1,47.44,400,None,226.5
1190.2,2,46.25,400,None,226.5
1190.2,3,46.50,400,None,226.4375
1195.2,0,53.83,2400,None,31122.73046875
1195.2,1,47.68,400,None,226.5
1195.2,2,46.35,400,None,226.5
1195.2,3,46.75,400,None,226.4375
1200.2,0,56.60,2400,None,31122.73046875
1200.2,1,48.12,400,None,226.5
1200.2,2,46.78,400,None,226.5
1200.2,3,47.13,400,None,226.4375
1205.2,0,58.25,2400,None,31122.73046875
1205.2,1,48.40,400,None,226.5
1205.2,2,46.94,400,None,226.5
1205.2,3,47.46,400,None,226.4375
1210.2,0,58.21,2400,None,31122.73046875
1210.2,1,48.10,400,None,226.5
1210.2,2,46.91,400,None,226.5
1210.2,3,47.60,400,None,226.4375
1215.2,0,57.86,2400,None,31122.73046875
1215.2,1,48.16,400,None,226.5
1215.2,2,46.92,400,None,226.5
1215.2,3,47.41,400,None,226.4375
1220.2,0,58.09,2400,None,31122.73046875
1220.2,1,48.44,400,None,226.5
1220.2,2,47.03,400,None,226.5
1220.2,3,47.51,400,None,226.4375
1225.2,0,57.08,2400,None,31122.73046875
1225.2,1,48.25,400,None,226.5
1225.2,2,46.78,400,None,226.5
1225.2,3,47.21,400,None,226.4375
1230.2,0,53.67,2400,None,31122.73046875
1230.2,1,47.51,400,None,226.5
1230.2,2,46.12,400,None,226.5
1230.2,3,46.39,400,None,226.4375
1235.2,0,53.83,2400,None,31122.73046875
1235.2,1,47.70,400,None,226.5
1235.2,2,46.22,400,None,226.5
1235.2,3,46.66,400,None,226.4375
1240.2,0,55.75,2400,None,31122.73046875
1240.2,1,48.10,400,None,226.5
1240.2,2,46.69,400,None,226.5
1240.2,3,47.07,400,None,226.4375
1245.2,0,58.27,2400,None,31122.73046875
1245.2,1,48.50,400,None,226.5
1245.2,2,46.96,400,None,226.5
1245.2,3,47.46,400,None,226.4375
1250.2,0,57.82,2400,None,31122.73046875
1250.2,1,47.92,400,None,226.5
1250.2,2,46.97,400,None,226.5
1250.2,3,47.61,400,None,226.4375
1255.2,0,57.95,2400,None,31122.73046875
1255.2,1,48.34,400,None,226.5
1255.2,2,46.87,400,None,226.5
1255.2,3,47.44,400,None,226.4375
1260.2,0,58.03,2400,None,31122.73046875
1260.2,1,48.26,400,None,226.5
1260.2,2,47.02,400,None,226.5
1260.2,3,47.54,400,None,226.4375
1265.2,0,58.20,2400,None,31122.73046875
1265.2,1,48.52,400,None,226.5
1265.2,2,47.06,400,None,226.5
1265.2,3,47.45,400,None,226.4375
1270.2,0,53.61,2400,None,31122.73046875
1270.2,1,47.51,400,None,226.5
1270.2,2,46.07,400,None,226.5
1270.2,3,46.38,400,None,226.4375
1275.2,0,53.88,2400,None,31122.73046875
1275.2,1,47.74,400,None,226.5
1275.2,2,46.14,400,None,226.5
1275.2,3,46.59,400,None,226.4375
1280.2,0,54.73,2400,None,31122.73046875
1280.2,1,47.94,400,None,226.5
1280.2,2,46.47,400,None,226.5
1280.2,3,46.97,400,None,226.4375
1285.2,0,58.11,2400,None,31122.73046875
1285.2,1,48.33,400,None,226.5
1285.2,2,47.12,400,None,226.5
1285.2,3,47.54,400,None,226.4375
1290.2,0,57.75,2400,None,31122.73046875
1290.2,1,48.05,400,None,226.5
1290.2,2,46.98,400,None,226.5
1290.2,3,47.23,400,None,226.4375
1295.2,0,58.06,2400,None,31122.73046875
1295.2,1,48.39,400,None,226.5
1295.2,2,46.87,400,None,226.5
1295.2,3,47.45,400,None,226.4375
1300.2,0,58.19,2400,None,31122.73046875
1300.2,1,48.41,400,None,226.5
1300.2,2,46.94,400,None,226.5
1300.2,3,47.59,400,None,226.4375
1305.2,0,58.29,2400,None,31122.73046875
1305.2,1,48.23,400,None,226.5
1305.2,2,47.10,400,None,226.5
1305.2,3,47.64,400,None,226.4375
1310.2,0,54.56,2400,None,31122.73046875
1310.2,1,47.64,400,None,226.5
1310.2,2,46.34,400,None,226.5
1310.2,3,46.57,400,None,226.4375
1315.2,0,54.02,2400,None,31122.73046875
1315.2,1,47.78,400,None,226.5
1315.2,2,46.16,400,None,226.5
1315.2,3,46.55,400,None,226.4375
1320.2,0,54.04,2400,None,31122.73046875
1320.2,1,47.87,400,None,226.5
1320.2,2,46.31,400,None,226.5
1320.2,3,46.82,400,None,226.4375
1325.2,0,57.76,400,None,31122.73046875
1325.2,1,48.07,400,None,226.5
1325.2,2,47.03,400,None,226.5
1325.2,3,47.53,400,None,226.4375
1330.2,0,48.10,400,None,31122.73046875
1330.2,1,48.13,400,None,226.5
1330.2,2,46.91,400,None,226.5
1330.2,3,47.23,400,None,226.4375
1335.2,0,48.02,400,None,31122.73046875
1335.2,1,48.26,400,None,226.5
1335.2,2,46.85,400,None,226.5
1335.2,3,47.44,400,None,226.4375
1340.2,0,48.16,400,None,31122.73046875
1340.2,1,48.30,400,None,226.5
1340.2,2,46.96,400,None,226.5
1340.2,3,47.55,400,None,226.4375
1345.2,0,47.83,400,None,31122.73046875
1345.2,1,48.02,400,None,226.5
1345.2,2,47.04,400,None,226.5
1345.2,3,47.65,400,None,226.4375
1350.2,0,47.68,400,None,31122.73046875
1350.2,1,47.89,400,None,226.5
1350.2,2,46.60,400,None,226.5
1350.2,3,46.81,400,None,226.4375
1355.2,0,47.34,400,None,31122.73046875
1355.2,1,47.85,400,None,226.5
1355.2,2,46.17,400,None,226.5
1355.2,3,46.53,400,None,226.4375
1360.2,0,47.37,400,None,31122.73046875
1360.2,1,47.95,400,None,226.5
1360.2,2,46.17,400,None,226.5
1360.2,3,46.80,400,None,226.4375
1365.2,0,47.81,400,None,31122.73046875
1365.2,1,48.23,400,None,226.5
1365.2,2,46.83,400,None,226.5
1365.2,3,47.38,400,None,226.4375
1370.2,0,47.94,400,None,31122.73046875
1370.2,1,48.20,400,None,226.5
1370.2,2,46.98,400,None,226.5
1370.2,3,47.31,400,None,226.4375
1375.2,0,48.07,400,None,31122.73046875
1375.2,1,48.31,400,None,226.5
1375.2,2,46.87,400,None,226.5
1375.2,3,47.38,400,None,226.4375
1380.2,0,47.99,400,None,31122.73046875
1380.2,1,48.44,400,None,226.5
1380.2,2,46.89,400,None,226.5
1380.2,3,47.57,400,None,226.4375
1385.2,0,47.76,400,None,31122.73046875
1385.2,1,48.12,400,None,226.5
1385.2,2,46.84,400,None,226.5
1385.2,3,47.35,400,None,226.4375
1390.2,0,47.72,400,None,31122.73046875
1390.2,1,48.14,400,None,226.5
1390.2,2,46.74,400,None,226.5
1390.2,3,47.13,400,None,226.4375
1395.2,0,47.33,400,None,31122.73046875
1395.2,1,47.83,400,None,226.5
1395.2,2,46.28,400,None,226.5
1395.2,3,46.57,400,None,226.4375
1400.2,0,47.30,400,None,31122.73046875
1400.2,1,47.87,400,None,226.5
1400.2,2,46.22,400,None,226.5
1400.2,3,46.75,400,None,226.4375
1405.2,0,47.54,400,None,31122.73046875
1405.2,1,47.90,400,None,226.5
1405.2,2,46.58,400,None,226.5
1405.2,3,47.19,400,None,226.4375
1410.2,0,47.91,400,None,31122.73046875
1410.2,1,48.21,400,None,226.5
1410.2,2,46.96,400,None,226.5
1410.2,3,47.36,400,None,226.4375
1415.2,0,47.98,400,None,31122.73046875
1415.2,1,48.44,400,None,226.5
1415.2,2,46.99,400,None,226.5
1415.2,3,47.38,400,None,226.4375
1420.2,0,47.91,400,None,31122.73046875
1420.2,1,48.31,400,None,226.5
1420.2,2,46.95,400,None,226.5
1420.2,3,47.46,400,None,226.4375
1425.2,0,47.71,400,None,31122.73046875
1425.2,1,48.22,400,None,226.5
1425.2,2,46.81,400,None,226.5
1425.2,3,47.36,400,None,226.4375
1430.2,0,47.70,400,None,31122.73046875
1430.2,1,48.23,400,None,226.5
1430.2,2,46.87,400,None,226.5
1430.2,3,47.41,400,None,226.4375
1435.2,0,47.23,400,None,31122.73046875
1435.2,1,47.79,400,None,226.5
1435.2,2,46.38,400,None,226.5
1435.2,3,46.57,400,None,226.4375
1440.2,0,47.16,400,None,31122.73046875
1440.2,1,47.55,400,None,226.5
1440.2,2,46.19,400,None,226.5
1440.2,3,46.69,400,None,226.4375
1445.2,0,47.20,400,None,31122.73046875
1445.2,1,47.85,400,None,226.5
1445.2,2,46.37,400,None,226.5
1445.2,3,47.00,400,None,226.4375
1450.2,0,47.86,400,None,31122.73046875
1450.2,1,48.32,400,None,226.5
1450.2,2,46.91,400,None,226.5
1450.2,3,47.44,400,None,226.4375
1455.2,0,48.05,400,None,31122.73046875
1455.2,1,48.48,400,None,226.5
1455.2,2,47.01,400,None,226.5
1455.2,3,47.47,400,None,226.4375
1460.2,0,47.97,400,None,31122.73046875
1460.2,1,48.37,400,None,226.5
1460.2,2,46.97,400,None,226.5
1460.2,3,47.48,400,None,226.4375
1465.2,0,47.71,400,None,31122.73046875
1465.2,1,48.29,400,None,226.5
1465.2,2,46.79,400,None,226.5
1465.2,3,47.36,400,None,226.4375
1470.2,0,47.79,400,None,31122.73046875
1470.2,1,48.29,400,None,226.5
1470.2,2,46.84,400,None,226.5
1470.2,3,47.47,400,None,226.4375
1475.2,0,47.40,400,None,31122.73046875
1475.2,1,47.92,400,None,226.5
1475.2,2,46.46,400,None,226.5
1475.2,3,46.78,400,None,226.4375
1480.2,0,47.01,400,None,31122.73046875
1480.2,1,47.53,400,None,226.5
1480.2,2,46.20,400,None,226.5
1480.2,3,46.44,400,None,226.4375
1485.2,0,47.12,400,None,31122.73046875
1485.2,1,47.86,400,None,226.5
1485.2,2,46.17,400,None,226.5
1485.2,3,46.70,400,None,226.4375
1490.2,0,47.78,400,None,31122.73046875
1490.2,1,48.32,400,None,226.5
1490.2,2,46.81,400,None,226.5
1490.2,3,47.46,400,None,226.4375
1495.2,0,48.06,400,None,31122.73046875
1495.2,1,48.38,400,None,226.5
1495.2,2,47.03,400,None,226.5
1495.2,3,47.46,400,None,226.4375
1500.2,0,48.05,400,None,31122.73046875
1500.2,1,48.13,400,None,226.5
1500.2,2,47.08,400,None,226.5
1500.2,3,47.50,400,None,226.4375
1505.2,0,47.75,400,None,31122.73046875
1505.2,1,48.15,400,None,226.5
1505.2,2,46.81,400,None,226.5
1505.2,3,47.32,400,None,226.4375
1510.2,0,47.89,400,None,31122.73046875
1510.2,1,48.43,400,None,226.5
1510.2,2,46.87,400,None,226.5
1510.2,3,47.49,400,None,226.4375
1515.2,0,47.42,400,None,31122.73046875
1515.2,1,48.00,400,None,226.5
1515.2,2,46.58,400,None,226.5
1515.2,3,47.09,400,None,226.4375
1520.2,0,46.96,400,None,31122.73046875
1520.2,1,47.54,400,None,226.5
1520.2,2,46.33,400,None,226.5
1520.2,3,46.31,400,None,226.4375
1525.2,0,47.13,400,None,31122.73046875
1525.2,1,47.82,400,None,226.5
1525.2,2,46.20,400,None,226.5
1525.2,3,46.57,400,None,226.4375
1530.2,0,47.69,400,None,31122.73046875
1530.2,1,48.26,400,None,226.5
1530.2,2,46.62,400,None,226.5
1530.2,3,47.31,400,None,226.4375
1535.2,0,47.98,400,None,31122.73046875
1535.2,1,48.25,400,None,226.5
1535.2,2,46.99,400,None,226.5
1535.2,3,47.58,400,None,226.4375
1540.2,0,47.78,400,None,31122.73046875
1540.2,1,48.21,400,None,226.5
1540.2,2,47.11,400,None,226.5
1540.2,3,47.18,400,None,226.4375
1545.2,0,47.83,400,None,31122.73046875
1545.2,1,48.28,400,None,226.5
1545.2,2,46.92,400,None,226.5
1545.2,3,47.28,400,None,226.4375
1550.2,0,47.92,400,None,31122.73046875
1550.2,1,48.55,400,None,226.5
1550.2,2,46.90,400,None,226.5
1550.2,3,47.50,400,None,226.4375
1555.2,0,47.66,400,None,31122.73046875
1555.2,1,47.81,400,None,226.5
1555.2,2,46.64,400,None,226.5
1555.2,3,47.30,400,None,226.4375
1560.2,0,46.99,400,None,31122.73046875
1560.2,1,47.49,400,None,226.5
1560.2,2,46.25,400,None,226.5
1560.2,3,46.42,400,None,226.4375
1565.2,0,47.16,400,None,31122.73046875
1565.2,1,47.80,400,None,226.5
1565.2,2,46.32,400,None,226.5
1565.2,3,46.51,400,None,226.4375
1570.2,0,47.55,400,None,31122.73046875
1570.2,1,48.24,400,None,226.5
1570.2,2,46.56,400,None,226.5
1570.2,3,47.13,400,None,226.4375
1575.2,0,47.85,400,None,31122.73046875
1575.2,1,48.29,400,None,226.5
1575.2,2,46.87,400,None,226.5
1575.2,3,47.63,400,None,226.4375
1580.2,0,47.63,400,None,31122.73046875
1580.2,1,47.99,400,None,226.5
1580.2,2,46.94,400,None,226.5
1580.2,3,47.26,400,None,226.4375
1585.2,0,47.87,400,None,31122.73046875
1585.2,1,48.33,400,None,226.5
1585.2,2,47.01,400,None,226.5
1585.2,3,47.34,400,None,226.4375
1590.2,0,47.90,400,None,31122.73046875
1590.2,1,48.44,400,None,226.5
1590.2,2,46.90,400,None,226.5
1590.2,3,47.44,400,None,226.4375
1595.2,0,47.92,400,None,31122.73046875
1595.2,1,48.12,400,None,226.5
1595.2,2,46.86,400,None,226.5
1595.2,3,47.54,400,None,226.4375
1600.2,0,46.96,400,None,31122.73046875
1600.2,1,47.47,400,None,226.5
1600.2,2,46.22,400,None,226.5
1600.2,3,46.61,400,None,226.4375
1605.2,0,47.18,400,None,31122.73046875
1605.2,1,47.77,400,None,226.5
1605.2,2,46.33,400,None,226.5
1605.2,3,46.52,400,None,226.4375
1610.2,0,47.34,400,None,31122.73046875
1610.2,1,48.11,400,None,226.5
1610.2,2,46.40,400,None,226.5
1610.2,3,46.90,400,None,226.4375
1615.2,0,47.89,400,None,31122.73046875
1615.2,1,48.37,400,None,226.5
1615.2,2,46.92,400,None,226.5
1615.2,3,47.58,400,None,226.4375
1620.2,0,47.66,400,None,31122.73046875
1620.2,1,48.03,400,None,226.5
1620.2,2,46.86,400,None,226.5
1620.2,3,47.37,400,None,226.4375
1625.2,0,47.95,400,None,31122.73046875
1625.2,1,48.43,400,None,226.5
1625.2,2,47.03,400,None,226.5
1625.2,3,47.38,400,None,226.4375
1630.2,0,47.98,400,None,31122.73046875
1630.2,1,48.26,400,None,226.5
1630.2,2,46.99,400,None,226.5
1630.2,3,47.43,400,None,226.4375
1635.2,0,47.69,400,None,31122.73046875
1635.2,1,48.22,400,None,226.5
1635.2,2,46.90,400,None,226.5
1635.2,3,47.67,400,None,226.4375
1640.2,0,47.00,400,None,31122.73046875
1640.2,1,47.65,400,None,226.5
1640.2,2,46.20,400,None,226.5
1640.2,3,46.64,400,None,226.4375
1645.2,0,47.15,400,None,31122.73046875
1645.2,1,47.79,400,None,226.5
1645.2,2,46.28,400,None,226.5
1645.2,3,46.54,400,None,226.4375
1650.2,0,47.31,400,None,31122.73046875
1650.2,1,47.99,400,None,226.5
1650.2,2,46.40,400,None,226.5
1650.2,3,46.70,400,None,226.4375
1655.2,0,47.93,400,None,31122.73046875
1655.2,1,48.13,400,None,226.5
1655.2,2,46.94,400,None,226.5
1655.2,3,47.55,400,None,226.4375
1660.2,0,47.71,400,None,31122.73046875
1660.2,1,48.14,400,None,226.5
1660.2,2,46.81,400,None,226.5
1660.2,3,47.44,400,None,226.4375
1665.2,0,47.91,400,None,31122.73046875
1665.2,1,48.24,400,None,226.5
1665.2,2,46.97,400,None,226.5
1665.2,3,47.47,400,None,226.4375
1670.2,0,47.93,400,None,31122.73046875
1670.2,1,48.38,400,None,226.5
1670.2,2,47.05,400,None,226.5
1670.2,3,47.48,400,None,226.4375
1675.2,0,47.65,400,None,31122.73046875
1675.2,1,48.16,400,None,226.5
1675.2,2,46.78,400,None,226.5
1675.2,3,47.26,400,None,226.4375
1680.2,0,47.24,400,None,31122.73046875
1680.2,1,47.84,400,None,226.5
1680.2,2,46.35,400,None,226.5
1680.2,3,46.87,400,None,226.4375
1685.2,0,47.23,400,None,31122.73046875
1685.2,1,47.78,400,None,226.5
1685.2,2,46.24,400,None,226.5
1685.2,3,46.75,400,None,226.4375
1690.2,0,47.27,400,None,31122.73046875
1690.2,1,47.73,400,None,226.5
1690.2,2,46.39,400,None,226.5
1690.2,3,46.69,400,None,226.4375
1695.2,0,47.49,400,None,31122.73046875
1695.2,1,48.03,400,None,226.5
1695.2,2,46.84,400,None,226.5
1695.2,3,47.39,400,None,226.4375
1700.2,0,47.78,400,None,31122.73046875
1700.2,1,48.24,400,None,226.5
1700.2,2,46.83,400,None,226.5
1700.2,3,47.44,400,None,226.4375
1705.2,0,47.89,400,None,31122.73046875
1705.2,1,48.32,400,None,226.5
1705.2,2,46.94,400,None,226.5
1705.2,3,47.50,400,None,226.4375
1710.2,0,48.01,400,None,31122.73046875
1710.2,1,48.51,400,None,226.5
1710.2,2,47.01,400,None,226.5
1710.2,3,47.48,400,None,226.4375
1715.2,0,47.72,400,None,31122.73046875
1715.2,1,48.24,400,None,226.5
1715.2,2,46.93,400,None,226.5
1715.2,3,47.23,400,None,226.4375
1720.2,0,47.49,400,None,31122.73046875
1720.2,1,48.09,400,None,226.5
1720.2,2,46.54,400,None,226.5
1720.2,3,47.03,400,None,226.4375
1725.2,0,47.14,400,None,31122.73046875
1725.2,1,47.79,400,None,226.5
1725.2,2,46.17,400,None,226.5
1725.2,3,46.75,400,None,226.4375
1730.2,0,47.12,400,None,31122.73046875
1730.2,1,47.70,400,None,226.5
1730.2,2,46.38,400,None,226.5
1730.2,3,46.58,400,None,226.4375
1735.2,0,47.40,400,None,31122.73046875
1735.2,1,48.03,400,None,226.5
1735.2,2,46.78,400,None,226.5
1735.2,3,46.95,400,None,226.4375
1740.2,0,47.85,400,None,31122.73046875
1740.2,1,48.23,400,None,226.5
1740.2,2,46.88,400,None,226.5
1740.2,3,47.40,400,None,226.4375
1745.2,0,47.93,400,None,31122.73046875
1745.2,1,48.42,400,None,226.5
1745.2,2,46.83,400,None,226.5
1745.2,3,47.56,400,None,226.4375
1750.2,0,47.94,400,None,31122.73046875
1750.2,1,47.97,400,None,226.5
1750.2,2,46.98,400,None,226.5
1750.2,3,47.56,400,None,226.4375
1755.2,0,47.78,400,None,31122.73046875
1755.2,1,48.29,400,None,226.5
1755.2,2,46.97,400,None,226.5
1755.2,3,47.26,400,None,226.4375
1760.2,0,47.59,400,None,31122.73046875
1760.2,1,48.17,400,None,226.5
1760.2,2,46.80,400,None,226.5
1760.2,3,47.17,400,None,226.4375
1765.2,0,47.10,400,None,31122.73046875
1765.2,1,47.87,400,None,226.5
1765.2,2,46.20,400,None,226.5
1765.2,3,46.71,400,None,226.4375
1770.2,0,47.01,400,None,31122.73046875
1770.2,1,47.58,400,None,226.5
1770.2,2,46.18,400,None,226.5
1770.2,3,46.56,400,None,226.4375
1775.2,0,47.36,400,None,31122.73046875
1775.2,1,48.03,400,None,226.5
1775.2,2,46.53,400,None,226.5
1775.2,3,46.76,400,None,226.4375
1780.2,0,47.79,400,None,31122.73046875
1780.2,1,48.32,400,None,226.5
1780.2,2,46.93,400,None,226.5
1780.2,3,47.34,400,None,226.4375
1785.2,0,47.92,400,None,31122.73046875
1785.2,1,48.30,400,None,226.5
1785.2,2,46.86,400,None,226.5
1785.2,3,47.56,400,None,226.4375
1790.2,0,47.59,400,None,31122.73046875
1790.2,1,47.99,400,None,226.5
1790.2,2,46.94,400,None,226.5
1790.2,3,47.59,400,None,226.4375
1795.2,0,47.80,400,None,31122.73046875
1795.2,1,48.36,400,None,226.5
1795.2,2,46.93,400,None,226.5
1795.2,3,47.27,400,None,226.4375
1800.2,0,47.84,400,None,31122.73046875
1800.2,1,48.47,400,None,226.5
1800.2,2,47.01,400,None,226.5
1800.2,3,47.35,400,None,226.4375
1805.2,0,47.11,400,None,31122.73046875
1805.2,1,47.90,400,None,226.5
1805.2,2,46.21,400,None,226.5
1805.2,3,46.74,400,None,226.4375
1810.2,0,46.98,400,None,31122.73046875
1810.2,1,47.51,400,None,226.5
1810.2,2,46.09,400,None,226.5
1810.2,3,46.68,400,None,226.4375
1815.2,0,47.26,400,None,31122.73046875
1815.2,1,47.93,400,None,226.5
1815.2,2,46.36,400,None,226.5
1815.3,3,46.66,400,None,226.4375
1820.2,0,47.82,400,None,31122.73046875
1820.2,1,48.42,400,None,226.5
1820.2,2,46.98,400,None,226.5
1820.3,3,47.41,400,None,226.4375
1825.2,0,47.77,400,None,31122.73046875
1825.2,1,48.18,400,None,226.5
1825.2,2,46.95,400,None,226.5
1825.3,3,47.56,400,None,226.4375
1830.2,0,47.65,400,None,31122.73046875
1830.2,1,48.13,400,None,226.5
1830.3,2,46.80,400,None,226.5
1830.3,3,47.35,400,None,226.4375
1835.3,0,47.76,400,None,31122.73046875
1835.3,1,48.21,400,None,226.5
1835.3,2,46.88,400,None,226.5
1835.3,3,47.38,400,None,226.4375
1840.3,0,47.99,400,None,31122.73046875
1840.3,1,48.50,400,None,226.5
1840.3,2,47.03,400,None,226.5
1840.3,3,47.41,400,None,226.4375
1845.3,0,46.87,400,None,31122.73046875
1845.3,1,47.55,400,None,226.5
1845.3,2,46.48,400,None,226.5
1845.3,3,46.81,400,None,226.4375
1850.3,0,46.82,400,None,31122.73046875
1850.3,1,47.52,400,None,226.5
1850.3,2,46.12,400,None,226.5
1850.3,3,46.55,400,None,226.4375
1855.3,0,47.21,400,None,31122.73046875
1855.3,1,47.89,400,None,226.5
1855.3,2,46.24,400,None,226.5
1855.3,3,46.72,400,None,226.4375
1860.3,0,47.85,400,None,31122.73046875
1860.3,1,48.50,400,None,226.5
1860.3,2,46.92,400,None,226.5
1860.3,3,47.31,400,None,226.4375
1865.3,0,47.84,400,None,31122.73046875
1865.3,1,48.24,400,None,226.5
1865.3,2,46.99,400,None,226.5
1865.3,3,47.50,400,None,226.4375
1870.3,0,47.71,400,None,31122.73046875
1870.3,1,48.21,400,None,226.5
1870.3,2,46.79,400,None,226.5
1870.3,3,47.37,400,None,226.4375
1875.3,0,47.83,400,None,31122.73046875
1875.3,1,48.35,400,None,226.5
1875.3,2,46.87,400,None,226.5
1875.3,3,47.45,400,None,226.4375
1880.3,0,48.01,400,None,31122.73046875
1880.3,1,48.52,400,None,226.5
1880.3,2,47.07,400,None,226.5
1880.3,3,47.40,400,None,226.4375
1885.3,0,47.18,400,None,31122.73046875
1885.3,1,47.76,400,None,226.5
1885.3,2,46.71,400,None,226.5
1885.3,3,46.70,400,None,226.4375
1890.3,0,46.95,400,None,31122.73046875
1890.3,1,47.54,400,None,226.5
1890.3,2,46.12,400,None,226.5
1890.3,3,46.60,400,None,226.4375
1895.3,0,47.15,400,None,31122.73046875
1895.3,1,47.78,400,None,226.5
1895.3,2,46.19,400,None,226.5
1895.3,3,46.73,400,None,226.4375
1900.3,0,47.85,400,None,31122.73046875
1900.3,1,48.46,400,None,226.5
1900.3,2,46.80,400,None,226.5
1900.3,3,47.22,400,None,226.4375
1905.3,0,48.10,400,None,31122.73046875
1905.3,1,48.03,400,None,226.5
1905.3,2,47.06,400,None,226.5
1905.3,3,47.50,400,None,226.4375
1910.3,0,47.66,400,None,31122.73046875
1910.3,1,48.04,400,None,226.5
1910.3,2,46.85,400,None,226.5
1910.3,3,47.33,400,None,226.4375
1915.3,0,47.85,400,None,31122.73046875
1915.3,1,48.35,400,None,226.5
1915.3,2,46.84,400,None,226.5
1915.3,3,47.49,400,None,226.4375
1920.3,0,47.90,400,None,31122.73046875
1920.3,1,48.33,400,None,226.5
1920.3,2,46.94,400,None,226.5
1920.3,3,47.50,400,None,226.4375
1925.3,0,47.52,400,None,31122.73046875
1925.3,1,48.12,400,None,226.5
1925.3,2,46.76,400,None,226.5
1925.3,3,46.97,400,None,226.4375
1930.3,0,46.89,400,None,31122.73046875
1930.3,1,47.57,400,None,226.5
1930.3,2,46.27,400,None,226.5
1930.3,3,46.48,400,None,226.4375
1935.3,0,47.13,400,None,31122.73046875
1935.3,1,47.77,400,None,226.5
1935.3,2,46.16,400,None,226.5
1935.3,3,46.76,400,None,226.4375
1940.3,0,47.65,400,None,31122.73046875
1940.3,1,48.04,400,None,226.5
1940.3,2,46.58,400,None,226.5
1940.3,3,47.07,400,None,226.4375
1945.3,0,47.65,400,None,31122.73046875
1945.3,1,48.04,400,None,226.5
1945.3,2,47.06,400,None,226.5
1945.3,3,47.51,400,None,226.4375
1950.3,0,47.66,400,None,31122.73046875
1950.3,1,48.14,400,None,226.5
1950.3,2,46.98,400,None,226.5
1950.3,3,47.28,400,None,226.4375
1955.3,0,47.90,400,None,31122.73046875
1955.3,1,48.49,400,None,226.5
1955.3,2,46.86,400,None,226.5
1955.3,3,47.53,400,None,226.4375
1960.3,0,47.92,400,None,31122.73046875
1960.3,1,48.39,400,None,226.5
1960.3,2,46.85,400,None,226.5
1960.3,3,47.54,400,None,226.4375
1965.3,0,47.83,400,None,31122.73046875
1965.3,1,48.41,400,None,226.5
1965.3,2,46.85,400,None,226.5
1965.3,3,47.13,400,None,226.4375
1970.3,0,47.00,400,None,31122.73046875
1970.3,1,47.57,400,None,226.5
1970.3,2,46.32,400,None,226.5
1970.3,3,46.52,400,None,226.4375
1975.3,0,47.07,400,None,31122.73046875
1975.3,1,47.81,400,None,226.5
1975.3,2,46.20,400,None,226.5
1975.3,3,46.75,400,None,226.4375
1980.3,0,47.28,400,None,31122.73046875
1980.3,1,47.90,400,None,226.5
1980.3,2,46.35,400,None,226.5
1980.3,3,46.96,400,None,226.4375
1985.3,0,47.76,400,None,31122.73046875
1985.3,1,48.19,400,None,226.5
1985.3,2,47.02,400,None,226.5
1985.3,3,47.23,400,None,226.4375
1990.3,0,47.79,400,None,31122.73046875
1990.3,1,48.27,400,None,226.5
1990.3,2,46.97,400,None,226.5
1990.3,3,47.29,400,None,226.4375
1995.3,0,47.83,400,None,31122.73046875
1995.3,1,48.32,400,None,226.5
1995.3,2,46.97,400,None,226.5
1995.3,3,47.51,400,None,226.4375
2000.3,0,47.93,400,None,31122.73046875
2000.3,1,48.12,400,None,226.5
2000.3,2,46.92,400,None,226.5
2000.3,3,47.58,400,None,226.4375
2005.3,0,47.72,400,None,31122.73046875
2005.3,1,48.25,400,None,226.5
2005.3,2,46.84,400,None,226.5
2005.3,3,47.28,400,None,226.4375
2010.3,0,47.20,400,None,31122.73046875
2010.3,1,47.75,400,None,226.5
2010.3,2,46.44,400,None,226.5
2010.3,3,46.65,400,None,226.4375
2015.3,0,47.05,400,None,31122.73046875
2015.3,1,47.79,400,None,226.5
2015.3,2,46.33,400,None,226.5
2015.3,3,46.68,400,None,226.4375
2020.3,0,47.20,400,None,31122.73046875
2020.3,1,47.74,400,None,226.5
2020.3,2,46.24,400,None,226.5
2020.3,3,46.84,400,None,226.4375
2025.3,0,47.77,400,None,31122.73046875
2025.3,1,48.24,400,None,226.5
2025.3,2,46.78,400,None,226.5
2025.3,3,47.26,400,None,226.4375
2030.3,0,47.85,400,None,31122.73046875
2030.3,1,48.35,400,None,226.5
2030.3,2,46.97,400,None,226.5
2030.3,3,47.34,400,None,226.4375
2035.3,0,47.89,400,None,31122.73046875
2035.3,1,48.14,400,None,226.5
2035.3,2,47.05,400,None,226.5
2035.3,3,47.47,400,None,226.4375
2040.3,0,47.59,400,None,31122.73046875
2040.3,1,48.20,400,None,226.5
2040.3,2,46.95,400,None,226.5
2040.3,3,47.59,400,None,226.4375
2045.3,0,47.85,400,None,31122.73046875
2045.3,1,48.31,400,None,226.5
2045.3,2,46.83,400,None,226.5
2045.3,3,47.41,400,None,226.4375
2050.3,0,47.57,400,None,31122.73046875
2050.3,1,48.11,400,None,226.5
2050.3,2,46.49,400,None,226.5
2050.3,3,46.85,400,None,226.4375
2055.3,0,47.17,400,None,31122.73046875
2055.3,1,47.84,400,None,226.5
2055.3,2,46.40,400,None,226.5
2055.3,3,46.60,400,None,226.4375
2060.3,0,47.03,400,None,31122.73046875
2060.3,1,47.70,400,None,226.5
2060.3,2,46.26,400,None,226.5
2060.3,3,46.69,400,None,226.4375
2065.3,0,47.65,400,None,31122.73046875
2065.3,1,48.17,400,None,226.5
2065.3,2,46.63,400,None,226.5
2065.3,3,47.24,400,None,226.4375
2070.3,0,47.98,400,None,31122.73046875
2070.3,1,48.26,400,None,226.5
2070.3,2,46.97,400,None,226.5
2070.3,3,47.42,400,None,226.4375
2075.3,0,47.84,400,None,31122.73046875
2075.3,1,48.22,400,None,226.5
2075.3,2,47.06,400,None,226.5
2075.3,3,47.44,400,None,226.4375
2080.3,0,47.59,400,None,31122.73046875
2080.3,1,47.95,400,None,226.5
2080.3,2,47.07,400,None,226.5
2080.3,3,47.24,400,None,226.4375
2085.3,0,47.86,400,None,31122.73046875
2085.3,1,48.31,400,None,226.5
2085.3,2,46.85,400,None,226.5
2085.3,3,47.43,400,None,226.4375
2090.3,0,47.65,400,None,31122.73046875
2090.3,1,48.21,400,None,226.5
2090.3,2,46.62,400,None,226.5
2090.3,3,47.16,400,None,226.4375
2095.3,0,47.20,400,None,31122.73046875
2095.3,1,47.46,400,None,226.5
2095.3,2,46.38,400,None,226.5
2095.3,3,46.65,400,None,226.4375
2100.3,0,46.95,400,None,31122.73046875
2100.3,1,47.58,400,None,226.5
2100.3,2,46.34,400,None,226.5
2100.3,3,46.53,400,None,226.4375
2105.3,0,47.56,400,None,31122.73046875
2105.3,1,48.04,400,None,226.5
2105.3,2,46.49,400,None,226.5
2105.3,3,47.14,400,None,226.4375
2110.3,0,47.97,400,None,31122.73046875
2110.3,1,48.41,400,None,226.5
2110.3,2,46.83,400,None,226.5
2110.3,3,47.40,400,None,226.4375
2115.3,0,47.89,400,None,31122.73046875
2115.3,1,48.33,400,None,226.5
2115.3,2,47.05,400,None,226.5
2115.3,3,47.46,400,None,226.4375
2120.3,0,47.62,400,None,31122.73046875
2120.3,1,48.06,400,None,226.5
2120.3,2,46.97,400,None,226.5
2120.3,3,47.27,400,None,226.4375
2125.3,0,47.82,400,None,31122.73046875
2125.3,1,48.39,400,None,226.5
2125.3,2,46.92,400,None,226.5
2125.3,3,47.39,400,None,226.4375
2130.3,0,47.93,400,None,31122.73046875
2130.3,1,48.48,400,None,226.5
2130.3,2,46.84,400,None,226.5
2130.3,3,47.46,400,None,226.4375
2135.3,0,47.32,400,None,31122.73046875
2135.3,1,47.49,400,None,226.5
2135.3,2,46.31,400,None,226.5
2135.3,3,46.62,400,None,226.4375
2140.3,0,46.88,400,None,31122.73046875
2140.3,1,47.48,400,None,226.5
2140.3,2,46.32,400,None,226.5
2140.3,3,46.41,400,None,226.4375
2145.3,0,47.32,400,None,31122.73046875
2145.3,1,47.97,400,None,226.5
2145.3,2,46.38,400,None,226.5
2145.3,3,46.85,400,None,226.4375
2150.3,0,48.04,400,None,31122.73046875
2150.3,1,48.50,400,None,226.5
2150.3,2,46.86,400,None,226.5
2150.3,3,47.53,400,None,226.4375
2155.3,0,47.86,400,None,31122.73046875
2155.3,1,48.23,400,None,226.5
2155.3,2,47.02,400,None,226.5
2155.3,3,47.42,400,None,226.4375
2160.3,0,47.66,400,None,31122.73046875
2160.3,1,48.09,400,None,226.5
2160.3,2,46.98,400,None,226.5
2160.3,3,47.21,400,None,226.4375
2165.3,0,47.76,400,None,31122.73046875
2165.3,1,48.22,400,None,226.5
2165.3,2,46.99,400,None,226.5
2165.3,3,47.34,400,None,226.4375
2170.3,0,47.99,400,None,31122.73046875
2170.3,1,48.52,400,None,226.5
2170.3,2,46.89,400,None,226.5
2170.3,3,47.52,400,None,226.4375
2175.3,0,47.11,400,None,31122.73046875
2175.3,1,47.61,400,None,226.5
2175.3,2,46.36,400,None,226.5
2175.3,3,46.89,400,None,226.4375
2180.3,0,46.89,400,None,31122.73046875
2180.3,1,47.52,400,None,226.5
2180.3,2,46.25,400,None,226.5
2180.3,3,46.38,400,None,226.4375
2185.3,0,47.13,400,None,31122.73046875
2185.3,1,47.81,400,None,226.5
2185.3,2,46.43,400,None,226.5
2185.3,3,46.70,400,None,226.4375
2190.3,0,48.00,400,None,31122.73046875
2190.3,1,48.49,400,None,226.5
2190.3,2,46.79,400,None,226.5
2190.3,3,47.49,400,None,226.4375
2195.3,0,47.99,400,None,31122.73046875
2195.3,1,48.31,400,None,226.5
2195.3,2,46.98,400,None,226.5
2195.3,3,47.40,400,None,226.4375
2200.3,0,47.78,400,None,31122.73046875
2200.3,1,48.17,400,None,226.5
2200.3,2,46.91,400,None,226.5
2200.3,3,47.21,400,None,226.4375
2205.3,0,47.78,400,None,31122.73046875
2205.3,1,48.25,400,None,226.5
2205.3,2,47.02,400,None,226.5
2205.3,3,47.27,400,None,226.4375
2210.3,0,48.01,400,None,31122.73046875
2210.3,1,48.49,400,None,226.5
2210.3,2,46.98,400,None,226.5
2210.3,3,47.54,400,None,226.4375
2215.3,0,47.43,400,None,31122.73046875
2215.3,1,47.91,400,None,226.5
2215.3,2,46.58,400,None,226.5
2215.3,3,46.91,400,None,226.4375
2220.3,0,46.94,400,None,31122.73046875
2220.3,1,47.48,400,None,226.5
2220.3,2,46.17,400,None,226.5
2220.3,3,46.46,400,None,226.4375
2225.3,0,47.09,400,None,31122.73046875
2225.3,1,47.68,400,None,226.5
2225.3,2,46.37,400,None,226.5
2225.3,3,46.56,400,None,226.4375
2230.3,0,47.79,400,None,31122.73046875
2230.3,1,48.34,400,None,226.5
2230.3,2,46.71,400,None,226.5
2230.3,3,47.32,400,None,226.4375
2235.3,0,48.06,400,None,31122.73046875
2235.3,1,48.42,400,None,226.5
2235.3,2,46.99,400,None,226.5
2235.3,3,47.54,400,None,226.4375
2240.3,0,47.74,400,None,31122.73046875
2240.3,1,48.04,400,None,226.5
2240.3,2,46.83,400,None,226.5
2240.3,3,47.24,400,None,226.4375
2245.3,0,47.83,400,None,31122.73046875
2245.3,1,48.32,400,None,226.5
2245.3,2,47.00,400,None,226.5
2245.3,3,47.33,400,None,226.4375
2250.3,0,47.87,400,None,31122.73046875
2250.3,1,48.36,400,None,226.5
2250.3,2,47.05,400,None,226.5
2250.3,3,47.49,400,None,226.4375
2255.3,0,47.74,400,None,31122.73046875
2255.3,1,48.16,400,None,226.5
2255.3,2,46.85,400,None,226.5
2255.3,3,47.28,400,None,226.4375
2260.3,0,47.38,400,None,31122.73046875
2260.3,1,47.51,400,None,226.5
2260.3,2,46.09,400,None,226.5
2260.3,3,46.47,400,None,226.4375
2265.3,0,47.24,400,None,31122.73046875
2265.3,1,47.70,400,None,226.5
2265.3,2,46.32,400,None,226.5
2265.3,3,46.53,400,None,226.4375
2270.3,0,47.46,400,None,31122.73046875
2270.3,1,48.17,400,None,226.5
2270.3,2,46.66,400,None,226.5
2270.3,3,46.93,400,None,226.4375
2275.3,0,48.07,400,None,31122.73046875
2275.3,1,48.48,400,None,226.5
2275.3,2,46.97,400,None,226.5
2275.3,3,47.58,400,None,226.4375
2280.3,0,47.79,400,None,31122.73046875
2280.3,1,48.07,400,None,226.5
2280.3,2,46.81,400,None,226.5
2280.3,3,47.29,400,None,226.4375
2285.3,0,47.95,400,None,31122.73046875
2285.3,1,48.39,400,None,226.5
2285.3,2,46.94,400,None,226.5
2285.3,3,47.40,400,None,226.4375
2290.3,0,47.85,400,None,31122.73046875
2290.3,1,48.30,400,None,226.5
2290.3,2,47.06,400,None,226.5
2290.3,3,47.46,400,None,226.4375
2295.3,0,47.81,400,None,31122.73046875
2295.3,1,48.40,400,None,226.5
2295.3,2,46.88,400,None,226.5
2295.3,3,47.31,400,None,226.4375
2300.3,0,47.13,400,None,31122.73046875
2300.3,1,47.70,400,None,226.5
2300.3,2,46.18,400,None,226.5
2300.3,3,46.65,400,None,226.4375
2305.3,0,47.03,400,None,31122.73046875
2305.3,1,47.70,400,None,226.5
2305.3,2,46.19,400,None,226.5
2305.3,3,46.51,400,None,226.4375
2310.3,0,47.19,400,None,31122.73046875
2310.3,1,47.99,400,None,226.5
2310.3,2,46.42,400,None,226.5
2310.3,3,46.72,400,None,226.4375
2315.3,0,48.03,400,None,31122.73046875
2315.3,1,48.27,400,None,226.5
2315.3,2,47.07,400,None,226.5
2315.3,3,47.54,400,None,226.4375
2320.3,0,47.88,400,None,31122.73046875
2320.3,1,48.19,400,None,226.5
2320.3,2,46.87,400,None,226.5
2320.3,3,47.40,400,None,226.4375
2325.3,0,47.86,400,None,31122.73046875
2325.3,1,48.21,400,None,226.5
2325.3,2,46.91,400,None,226.5
2325.3,3,47.33,400,None,226.4375
2330.3,0,47.87,400,None,31122.73046875
2330.3,1,48.37,400,None,226.5
2330.3,2,47.06,400,None,226.5
2330.3,3,47.37,400,None,226.4375
2335.3,0,47.64,400,None,31122.73046875
2335.3,1,48.17,400,None,226.5
2335.3,2,46.95,400,None,226.5
2335.3,3,47.29,400,None,226.4375
2340.3,0,47.35,400,None,31122.73046875
2340.3,1,48.01,400,None,226.5
2340.3,2,46.38,400,None,226.5
2340.3,3,46.90,400,None,226.4375
2345.3,0,47.18,400,None,31122.73046875
2345.3,1,47.72,400,None,226.5
2345.3,2,46.19,400,None,226.5
2345.3,3,46.61,400,None,226.4375
2350.3,0,47.12,400,None,31122.73046875
2350.3,1,47.62,400,None,226.5
2350.3,2,46.37,400,None,226.5
2350.3,3,46.64,400,None,226.4375
2355.3,0,47.43,400,None,31122.73046875
2355.3,1,48.13,400,None,226.5
2355.3,2,46.93,400,None,226.5
2355.3,3,47.30,400,None,226.4375
2360.3,0,47.87,400,None,31122.73046875
2360.3,1,48.30,400,None,226.5
2360.3,2,46.92,400,None,226.5
2360.3,3,47.43,400,None,226.4375
2365.3,0,47.88,400,None,31122.73046875
2365.3,1,48.34,400,None,226.5
2365.3,2,46.84,400,None,226.5
2365.3,3,47.42,400,None,226.4375
2370.3,0,47.91,400,None,31122.73046875
2370.3,1,48.41,400,None,226.5
2370.3,2,46.99,400,None,226.5
2370.3,3,47.40,400,None,226.4375
2375.3,0,47.68,400,None,31122.73046875
2375.3,1,48.23,400,None,226.5
2375.3,2,46.98,400,None,226.5
2375.3,3,47.24,400,None,226.4375
2380.3,0,47.65,400,None,31122.73046875
2380.3,1,48.26,400,None,226.5
2380.3,2,46.75,400,None,226.5
2380.3,3,47.12,400,None,226.4375
2385.3,0,47.25,400,None,31122.73046875
2385.3,1,47.77,400,None,226.5
2385.3,2,46.22,400,None,226.5
2385.3,3,46.75,400,None,226.4375
2390.3,0,47.08,400,None,31122.73046875
2390.3,1,47.51,400,None,226.5
2390.3,2,46.29,400,None,226.5
2390.3,3,46.58,400,None,226.4375
2395.3,0,47.32,400,None,31122.73046875
2395.3,1,47.98,400,None,226.5
2395.3,2,46.76,400,None,226.5
2395.3,3,46.89,400,None,226.4375
2400.3,0,47.90,400,None,31122.73046875
2400.3,1,48.33,400,None,226.5
2400.3,2,46.96,400,None,226.5
2400.3,3,47.42,400,None,226.4375
2405.3,0,48.01,400,None,31122.73046875
2405.3,1,48.37,400,None,226.5
2405.3,2,46.88,400,None,226.5
2405.3,3,47.52,400,None,226.4375
2410.3,0,47.87,400,None,31122.73046875
2410.3,1,48.21,400,None,226.5
2410.3,2,46.91,400,None,226.5
2410.3,3,47.42,400,None,226.4375
2415.3,0,47.65,400,None,31122.73046875
2415.3,1,48.24,400,None,226.5
2415.3,2,46.97,400,None,226.5
2415.3,3,47.24,400,None,226.4375
2420.3,0,47.79,400,None,31122.73046875
2420.3,1,48.28,400,None,226.5
2420.3,2,46.97,400,None,226.5
2420.3,3,47.33,400,None,226.4375
2425.3,0,47.27,400,None,31122.73046875
2425.3,1,47.79,400,None,226.5
2425.3,2,46.23,400,None,226.5
2425.3,3,46.75,400,None,226.4375
2430.3,0,46.88,400,None,31122.73046875
2430.3,1,47.44,400,None,226.5
2430.3,2,46.14,400,None,226.5
2430.3,3,46.49,400,None,226.4375
2435.3,0,47.22,400,None,31122.73046875
2435.3,1,47.91,400,None,226.5
2435.3,2,46.47,400,None,226.5
2435.3,3,46.68,400,None,226.4375
2440.3,0,47.90,400,None,31122.73046875
2440.3,1,48.39,400,None,226.5
2440.3,2,47.03,400,None,226.5
2440.3,3,47.40,400,None,226.4375
2445.3,0,48.07,400,None,31122.73046875
2445.3,1,48.53,400,None,226.5
2445.3,2,46.97,400,None,226.5
2445.3,3,47.53,400,None,226.4375
2450.3,0,47.67,400,None,31122.73046875
2450.3,1,47.97,400,None,226.5
2450.3,2,46.94,400,None,226.5
2450.3,3,47.56,400,None,226.4375
2455.3,0,47.78,400,None,31122.73046875
2455.3,1,48.27,400,None,226.5
2455.3,2,46.86,400,None,226.5
2455.3,3,47.24,400,None,226.4375
2460.3,0,47.84,400,None,31122.73046875
2460.3,1,48.42,400,None,226.5
2460.3,2,47.01,400,None,226.5
2460.3,3,47.35,400,None,226.4375
2465.3,0,47.40,400,None,31122.73046875
2465.3,1,48.05,400,None,226.5
2465.3,2,46.44,400,None,226.5
2465.3,3,46.85,400,None,226.4375
2470.3,0,46.99,400,None,31122.73046875
2470.3,1,47.37,400,None,226.5
2470.3,2,46.16,400,None,226.5
2470.3,3,46.56,400,None,226.4375
2475.3,0,47.08,400,None,31122.73046875
2475.3,1,47.79,400,None,226.5
2475.3,2,46.26,400,None,226.5
2475.3,3,46.57,400,None,226.4375
2480.3,0,47.79,400,None,31122.73046875
2480.3,1,48.44,400,None,226.5
2480.3,2,46.96,400,None,226.5
2480.3,3,47.29,400,None,226.4375
2485.3,0,48.02,400,None,31122.73046875
2485.3,1,48.18,400,None,226.5
2485.3,2,47.08,400,None,226.5
2485.3,3,47.60,400,None,226.4375
2490.3,0,47.76,400,None,31122.73046875
2490.3,1,48.03,400,None,226.5
2490.3,2,46.94,400,None,226.5
2490.3,3,47.60,400,None,226.4375
2495.3,0,47.68,400,None,31122.73046875
2495.3,1,48.12,400,None,226.5
2495.3,2,46.86,400,None,226.5
2495.3,3,47.26,400,None,226.4375
2500.3,0,47.90,400,None,31122.73046875
2500.3,1,48.49,400,None,226.5
2500.3,2,46.98,400,None,226.5
2500.3,3,47.37,400,None,226.4375
2505.3,0,47.52,400,None,31122.73046875
2505.3,1,48.11,400,None,226.5
2505.3,2,46.67,400,None,226.5
2505.3,3,47.06,400,None,226.4375
2510.3,0,47.29,400,None,31122.73046875
2510.3,1,47.42,400,None,226.5
2510.3,2,46.11,400,None,226.5
2510.3,3,46.60,400,None,226.4375
2515.3,0,47.22,400,None,31122.73046875
2515.3,1,47.68,400,None,226.5
2515.3,2,46.20,400,None,226.5
2515.3,3,46.59,400,None,226.4375
2520.3,0,47.62,400,None,31122.73046875
2520.3,1,48.32,400,None,226.5
2520.3,2,46.75,400,None,226.5
2520.3,3,47.10,400,None,226.4375
2525.3,0,48.02,400,None,31122.73046875
2525.3,1,48.29,400,None,226.5
2525.3,2,47.09,400,None,226.5
2525.3,3,47.54,400,None,226.4375
2530.3,0,47.83,400,None,31122.73046875
2530.3,1,48.12,400,None,226.5
2530.3,2,47.05,400,None,226.5
2530.3,3,47.59,400,None,226.4375
2535.3,0,47.81,400,None,31122.73046875
2535.3,1,48.15,400,None,226.5
2535.3,2,46.83,400,None,226.5
2535.3,3,47.39,400,None,226.4375
2540.3,0,47.92,400,None,31122.73046875
2540.3,1,48.50,400,None,226.5
2540.3,2,46.91,400,None,226.5
2540.3,3,47.37,400,None,226.4375
2545.3,0,47.79,400,None,31122.73046875
2545.3,1,48.39,400,None,226.5
2545.3,2,46.87,400,None,226.5
2545.3,3,47.24,400,None,226.4375
2550.3,0,47.03,400,None,31122.73046875
2550.3,1,47.40,400,None,226.5
2550.3,2,46.28,400,None,226.5
2550.3,3,46.57,400,None,226.4375
2555.3,0,47.06,400,None,31122.73046875
2555.3,1,47.54,400,None,226.5
2555.3,2,46.16,400,None,226.5
2555.3,3,46.62,400,None,226.4375
2560.3,0,47.47,400,None,31122.73046875
2560.3,1,48.15,400,None,226.5
2560.3,2,46.50,400,None,226.5
2560.3,3,46.97,400,None,226.4375
2565.3,0,48.06,400,None,31122.73046875
2565.3,1,48.40,400,None,226.5
2565.3,2,47.04,400,None,226.5
2565.3,3,47.50,400,None,226.4375
2570.3,0,47.68,400,None,31122.73046875
2570.3,1,47.93,400,None,226.5
2570.3,2,47.13,400,None,226.5
2570.3,3,47.29,400,None,226.4375
2575.3,0,47.84,400,None,31122.73046875
2575.3,1,48.20,400,None,226.5
2575.3,2,46.84,400,None,226.5
2575.3,3,47.41,400,None,226.4375
2580.3,0,47.82,400,None,31122.73046875
2580.3,1,48.30,400,None,226.5
2580.3,2,46.86,400,None,226.5
2580.3,3,47.36,400,None,226.4375
2585.3,0,48.02,400,None,31122.73046875
2585.3,1,48.58,400,None,226.5
2585.3,2,47.00,400,None,226.5
2585.3,3,47.55,400,None,226.4375
2590.3,0,46.96,400,None,31122.73046875
2590.3,1,47.52,400,None,226.5
2590.3,2,46.30,400,None,226.5
2590.3,3,46.55,400,None,226.4375
2595.3,0,47.12,400,None,31122.73046875
2595.3,1,47.63,400,None,226.5
2595.3,2,46.20,400,None,226.5
2595.3,3,46.64,400,None,226.4375
2600.3,0,47.29,400,None,31122.73046875
2600.3,1,47.92,400,None,226.5
2600.3,2,46.34,400,None,226.5
2600.3,3,46.80,400,None,226.4375
2605.3,0,47.89,400,None,31122.73046875
2605.3,1,48.45,400,None,226.5
2605.3,2,47.03,400,None,226.5
2605.3,3,47.44,400,None,226.4375
2610.3,0,47.74,400,None,31122.73046875
2610.3,1,48.05,400,None,226.5
2610.3,2,46.97,400,None,226.5
2610.3,3,47.28,400,None,226.4375
2615.3,0,47.93,400,None,31122.73046875
2615.3,1,48.34,400,None,226.5
2615.3,2,46.94,400,None,226.5
2615.3,3,47.44,400,None,226.4375
2620.3,0,47.90,400,None,31122.73046875
2620.3,1,48.40,400,None,226.5
2620.3,2,46.90,400,None,226.5
2620.3,3,47.44,400,None,226.4375
2625.3,0,47.77,400,None,31122.73046875
2625.3,1,48.30,400,None,226.5
2625.3,2,46.97,400,None,226.5
2625.3,3,47.50,400,None,226.4375
2630.3,0,47.15,400,None,31122.73046875
2630.3,1,47.85,400,None,226.5
2630.3,2,46.42,400,None,226.5
2630.3,3,46.67,400,None,226.4375
2635.3,0,47.17,400,None,31122.73046875
2635.3,1,47.68,400,None,226.5
2635.3,2,46.36,400,None,226.5
2635.3,3,46.63,400,None,226.4375
2640.3,0,47.17,400,None,31122.73046875
2640.3,1,47.82,400,None,226.5
2640.3,2,46.22,400,None,226.5
2640.3,3,46.72,400,None,226.4375
2645.3,0,47.88,400,None,31122.73046875
2645.3,1,48.36,400,None,226.5
2645.4,2,46.86,400,None,226.5
2645.4,3,47.44,400,None,226.4375
2650.3,0,47.88,400,None,31122.73046875
2650.3,1,48.21,400,None,226.5
2650.3,2,46.91,400,None,226.5
2650.4,3,47.28,400,None,226.4375
2655.3,0,47.87,400,None,31122.73046875
2655.4,1,48.22,400,None,226.5
2655.4,2,47.08,400,None,226.5
2655.4,3,47.43,400,None,226.4375
2660.3,0,48.07,400,None,31122.73046875
2660.4,1,48.24,400,None,226.5
2660.4,2,46.95,400,None,226.5
2660.4,3,47.55,400,None,226.4375
2665.4,0,47.59,400,None,31122.73046875
2665.4,1,48.10,400,None,226.5
2665.4,2,46.94,400,None,226.5
2665.4,3,47.48,400,None,226.4375
2670.4,0,47.41,400,None,31122.73046875
2670.4,1,48.06,400,None,226.5
2670.4,2,46.59,400,None,226.5
2670.4,3,46.85,400,None,226.4375
2675.4,0,47.16,400,None,31122.73046875
2675.4,1,47.65,400,None,226.5
2675.4,2,46.33,400,None,226.5
2675.4,3,46.64,400,None,226.4375
2680.4,0,47.28,400,None,31122.73046875
2680.4,1,47.79,400,None,226.5
2680.4,2,46.31,400,None,226.5
2680.4,3,46.80,400,None,226.4375
2685.4,0,47.59,400,None,31122.73046875
2685.4,1,48.16,400,None,226.5
2685.4,2,46.64,400,None,226.5
2685.4,3,47.09,400,None,226.4375
2690.4,0,47.82,400,None,31122.73046875
2690.4,1,48.29,400,None,226.5
2690.4,2,46.85,400,None,226.5
2690.4,3,47.21,400,None,226.4375
2695.4,0,47.92,400,None,31122.73046875
2695.4,1,48.29,400,None,226.5
2695.4,2,47.00,400,None,226.5
2695.4,3,47.41,400,None,226.4375
2700.4,0,48.09,400,None,31122.73046875
2700.4,1,48.32,400,None,226.5
2700.4,2,47.03,400,None,226.5
2700.4,3,47.58,400,None,226.4375
2705.4,0,47.66,400,None,31122.73046875
2705.4,1,48.08,400,None,226.5
2705.4,2,46.99,400,None,226.5
2705.4,3,47.28,400,None,226.4375
2710.4,0,47.74,400,None,31122.73046875
2710.4,1,48.35,400,None,226.5
2710.4,2,46.71,400,None,226.5
2710.4,3,47.14,400,None,226.4375
2715.4,0,47.21,400,None,31122.73046875
2715.4,1,47.76,400,None,226.5
2715.4,2,46.30,400,None,226.5
2715.4,3,46.60,400,None,226.4375
2720.4,0,47.34,400,None,31122.73046875
2720.4,1,47.85,400,None,226.5
2720.4,2,46.42,400,None,226.5
2720.4,3,46.79,400,None,226.4375
2725.4,0,47.36,400,None,31122.73046875
2725.4,1,47.98,400,None,226.5
2725.4,2,46.46,400,None,226.5
2725.4,3,46.96,400,None,226.4375
2730.4,0,47.76,400,None,31122.73046875
2730.4,1,48.32,400,None,226.5
2730.4,2,46.84,400,None,226.5
2730.4,3,47.23,400,None,226.4375
2735.4,0,47.92,400,None,31122.73046875
2735.4,1,48.33,400,None,226.5
2735.4,2,46.97,400,None,226.5
2735.4,3,47.38,400,None,226.4375
2740.4,0,47.93,400,None,31122.73046875
2740.4,1,48.16,400,None,226.5
2740.4,2,47.08,400,None,226.5
2740.4,3,47.54,400,None,226.4375
2745.4,0,47.72,400,None,31122.73046875
2745.4,1,48.14,400,None,226.5
2745.4,2,47.08,400,None,226.5
2745.4,3,47.26,400,None,226.4375
2750.4,0,47.78,400,None,31122.73046875
2750.4,1,48.31,400,None,226.5
2750.4,2,46.85,400,None,226.5
2750.4,3,47.29,400,None,226.4375
2755.4,0,47.19,400,None,31122.73046875
2755.4,1,47.89,400,None,226.5
2755.4,2,46.28,400,None,226.5
2755.4,3,46.61,400,None,226.4375
2760.4,0,47.39,400,None,31122.73046875
2760.4,1,47.53,400,None,226.5
2760.4,2,46.39,400,None,226.5
2760.4,3,46.88,400,None,226.4375
2765.4,0,47.20,400,None,31122.73046875
2765.4,1,47.63,400,None,226.5
2765.4,2,46.37,400,None,226.5
2765.4,3,46.80,400,None,226.4375
2770.4,0,47.80,400,None,31122.73046875
2770.4,1,48.36,400,None,226.5
2770.4,2,46.81,400,None,226.5
2770.4,3,47.25,400,None,226.4375
2775.4,0,48.02,400,None,31122.73046875
2775.4,1,48.44,400,None,226.5
2775.4,2,46.95,400,None,226.5
2775.4,3,47.35,400,None,226.4375
2780.4,0,48.00,400,None,31122.73046875
2780.4,1,48.22,400,None,226.5
2780.4,2,47.05,400,None,226.5
2780.4,3,47.54,400,None,226.4375
2785.4,0,47.73,400,None,31122.73046875
2785.4,1,48.16,400,None,226.5
2785.4,2,47.11,400,None,226.5
2785.4,3,47.27,400,None,226.4375
2790.4,0,47.76,400,None,31122.73046875
2790.4,1,48.31,400,None,226.5
2790.4,2,46.80,400,None,226.5
2790.4,3,47.38,400,None,226.4375
2795.4,0,47.43,400,None,31122.73046875
2795.4,1,48.19,400,None,226.5
2795.4,2,46.44,400,None,226.5
2795.4,3,46.87,400,None,226.4375
2800.4,0,47.33,400,None,31122.73046875
2800.4,1,47.47,400,None,226.5
2800.4,2,46.38,400,None,226.5
2800.4,3,46.70,400,None,226.4375
2805.4,0,47.18,400,None,31122.73046875
2805.4,1,47.58,400,None,226.5
2805.4,2,46.44,400,None,226.5
2805.4,3,46.74,400,None,226.4375
2810.4,0,47.56,400,None,31122.73046875
2810.4,1,48.16,400,None,226.5
2810.4,2,46.62,400,None,226.5
2810.4,3,47.11,400,None,226.4375
2815.4,0,47.84,400,None,31122.73046875
2815.4,1,48.40,400,None,226.5
2815.4,2,46.88,400,None,226.5
2815.4,3,47.35,400,None,226.4375
2820.4,0,47.97,400,None,31122.73046875
2820.4,1,48.32,400,None,226.5
2820.4,2,46.98,400,None,226.5
2820.4,3,47.45,400,None,226.4375
2825.4,0,47.70,400,None,31122.73046875
2825.4,1,47.98,400,None,226.5
2825.4,2,46.97,400,None,226.5
2825.4,3,47.33,400,None,226.4375
2830.4,0,47.76,400,None,31122.73046875
2830.4,1,48.31,400,None,226.5
2830.4,2,46.94,400,None,226.5
2830.4,3,47.37,400,None,226.4375
2835.4,0,47.64,400,None,31122.73046875
2835.4,1,48.23,400,None,226.5
2835.4,2,46.67,400,None,226.5
2835.4,3,47.14,400,None,226.4375
2840.4,0,47.30,400,None,31122.73046875
2840.4,1,47.59,400,None,226.5
2840.4,2,46.26,400,None,226.5
2840.4,3,46.66,400,None,226.4375
2845.4,0,47.10,400,None,31122.73046875
2845.4,1,47.49,400,None,226.5
2845.4,2,46.32,400,None,226.5
2845.4,3,46.61,400,None,226.4375
2850.4,0,47.38,400,None,31122.73046875
2850.4,1,48.03,400,None,226.5
2850.4,2,46.57,400,None,226.5
2850.4,3,47.06,400,None,226.4375
2855.4,0,47.92,400,None,31122.73046875
2855.4,1,48.50,400,None,226.5
2855.4,2,46.85,400,None,226.5
2855.4,3,47.36,400,None,226.4375
2860.4,0,47.94,400,None,31122.73046875
2860.4,1,48.38,400,None,226.5
2860.4,2,46.94,400,None,226.5
2860.4,3,47.45,400,None,226.4375
2865.4,0,47.70,400,None,31122.73046875
2865.4,1,48.05,400,None,226.5
2865.4,2,46.90,400,None,226.5
2865.4,3,47.29,400,None,226.4375
2870.4,0,47.88,400,None,31122.73046875
2870.4,1,48.32,400,None,226.5
2870.4,2,47.03,400,None,226.5
2870.4,3,47.40,400,None,226.4375
2875.4,0,47.87,400,None,31122.73046875
2875.4,1,48.50,400,None,226.5
2875.4,2,46.86,400,None,226.5
2875.4,3,47.49,400,None,226.4375
2880.4,0,46.85,400,None,31122.73046875
2880.4,1,47.43,400,None,226.5
2880.4,2,46.24,400,None,226.5
2880.4,3,46.63,400,None,226.4375
2885.4,0,47.03,400,None,31122.73046875
2885.4,1,47.44,400,None,226.5
2885.4,2,46.25,400,None,226.5
2885.4,3,46.47,400,None,226.4375
2890.4,0,47.26,400,None,31122.73046875
2890.4,1,47.91,400,None,226.5
2890.4,2,46.47,400,None,226.5
2890.4,3,46.89,400,None,226.4375
2895.4,0,47.90,400,None,31122.73046875
2895.4,1,48.56,400,None,226.5
2895.4,2,46.88,400,None,226.5
2895.4,3,47.41,400,None,226.4375
2900.4,0,47.83,400,None,31122.73046875
2900.4,1,48.25,400,None,226.5
2900.4,2,46.93,400,None,226.5
2900.4,3,47.41,400,None,226.4375
2905.4,0,47.77,400,None,31122.73046875
2905.4,1,48.12,400,None,226.5
2905.4,2,46.88,400,None,226.5
2905.4,3,47.24,400,None,226.4375
2910.4,0,47.87,400,None,31122.73046875
2910.4,1,48.23,400,None,226.5
2910.4,2,47.00,400,None,226.5
2910.4,3,47.42,400,None,226.4375
2915.4,0,47.91,400,None,31122.73046875
2915.4,1,48.53,400,None,226.5
2915.4,2,47.04,400,None,226.5
2915.4,3,47.53,400,None,226.4375
2920.4,0,47.01,400,None,31122.73046875
2920.4,1,47.74,400,None,226.5
2920.4,2,46.41,400,None,226.5
2920.4,3,46.85,400,None,226.4375
2925.4,0,47.04,400,None,31122.73046875
2925.4,1,47.52,400,None,226.5
2925.4,2,46.14,400,None,226.5
2925.4,3,46.39,400,None,226.4375
2930.4,0,47.24,400,None,31122.73046875
2930.4,1,47.72,400,None,226.5
2930.4,2,46.39,400,None,226.5
2930.4,3,46.75,400,None,226.4375
2935.4,0,47.80,400,None,31122.73046875
2935.4,1,48.48,400,None,226.5
2935.4,2,46.90,400,None,226.5
2935.4,3,47.38,400,None,226.4375
2940.4,0,47.88,400,None,31122.73046875
2940.4,1,48.36,400,None,226.5
2940.4,2,46.89,400,None,226.5
2940.4,3,47.45,400,None,226.4375
2945.4,0,47.80,400,None,31122.73046875
2945.4,1,48.23,400,None,226.5
2945.4,2,46.78,400,None,226.5
2945.4,3,47.24,400,None,226.4375
2950.4,0,47.92,400,None,31122.73046875
2950.4,1,48.27,400,None,226.5
2950.4,2,46.96,400,None,226.5
2950.4,3,47.42,400,None,226.4375
2955.4,0,47.96,400,None,31122.73046875
2955.4,1,48.49,400,None,226.5
2955.4,2,47.07,400,None,226.5
2955.4,3,47.54,400,None,226.4375
2960.4,0,47.32,400,None,31122.73046875
2960.4,1,48.02,400,None,226.5
2960.4,2,46.67,400,None,226.5
2960.4,3,46.86,400,None,226.4375
2965.4,0,46.96,400,None,31122.73046875
2965.4,1,47.55,400,None,226.5
2965.4,2,46.15,400,None,226.5
2965.4,3,46.43,400,None,226.4375
2970.4,0,47.17,400,None,31122.73046875
2970.4,1,47.67,400,None,226.5
2970.4,2,46.30,400,None,226.5
2970.4,3,46.62,400,None,226.4375
2975.4,0,47.65,400,None,31122.73046875
2975.4,1,48.35,400,None,226.5
2975.4,2,46.75,400,None,226.5
2975.4,3,47.25,400,None,226.4375
2980.4,0,47.91,400,None,31122.73046875
2980.4,1,48.08,400,None,226.5
2980.4,2,46.94,400,None,226.5
2980.4,3,47.51,400,None,226.4375
2985.4,0,47.71,400,None,31122.73046875
2985.4,1,48.07,400,None,226.5
2985.4,2,46.82,400,None,226.5
2985.4,3,47.22,400,None,226.4375
2990.4,0,47.94,400,None,31122.73046875
2990.4,1,48.36,400,None,226.5
2990.4,2,46.88,400,None,226.5
2990.4,3,47.38,400,None,226.4375
2995.4,0,47.93,400,None,31122.73046875
2995.4,1,48.27,400,None,226.5
2995.4,2,47.06,400,None,226.5
2995.4,3,47.53,400,None,226.4375
3000.4,0,47.60,400,None,31122.73046875
3000.4,1,48.27,400,None,226.5
3000.4,2,46.80,400,None,226.5
3000.4,3,47.18,400,None,226.4375
3005.4,0,46.90,400,None,31122.73046875
3005.4,1,47.67,400,None,226.5
3005.4,2,46.10,400,None,226.5
3005.4,3,46.43,400,None,226.4375
3010.4,0,47.18,400,None,31122.73046875
3010.4,1,47.73,400,None,226.5
3010.4,2,46.18,400,None,226.5
3010.4,3,46.55,400,None,226.4375
3015.4,0,47.57,400,None,31122.73046875
3015.4,1,48.11,400,None,226.5
3015.4,2,46.58,400,None,226.5
3015.4,3,47.06,400,None,226.4375
3020.4,0,47.65,400,None,31122.73046875
3020.4,1,48.21,400,None,226.5
3020.4,2,47.13,400,None,226.5
3020.4,3,47.59,400,None,226.4375
3025.4,0,47.66,400,None,31122.73046875
3025.4,1,48.22,400,None,226.5
3025.4,2,46.79,400,None,226.5
3025.4,3,47.26,400,None,226.4375
3030.4,0,47.99,400,None,31122.73046875
3030.4,1,48.44,400,None,226.5
3030.4,2,46.84,400,None,226.5
3030.4,3,47.36,400,None,226.4375
3035.4,0,47.92,400,None,31122.73046875
3035.4,1,48.31,400,None,226.5
3035.4,2,46.98,400,None,226.5
3035.4,3,47.49,400,None,226.4375
3040.4,0,47.77,400,None,31122.73046875
3040.4,1,48.42,400,None,226.5
3040.4,2,46.96,400,None,226.5
3040.4,3,47.33,400,None,226.4375
3045.4,0,46.95,400,None,31122.73046875
3045.4,1,47.75,400,None,226.5
3045.4,2,46.25,400,None,226.5
3045.4,3,46.57,400,None,226.4375
3050.4,0,47.19,400,None,31122.73046875
3050.4,1,47.70,400,None,226.5
3050.4,2,46.18,400,None,226.5
3050.4,3,46.58,400,None,226.4375
3055.4,0,47.33,400,None,31122.73046875
3055.4,1,47.69,400,None,226.5
3055.4,2,46.31,400,None,226.5
3055.4,3,46.75,400,None,226.4375
3060.4,0,47.62,400,None,31122.73046875
3060.4,1,48.19,400,None,226.5
3060.4,2,47.06,400,None,226.5
3060.4,3,47.65,400,None,226.4375
3065.4,0,47.72,400,None,31122.73046875
3065.4,1,48.31,400,None,226.5
3065.4,2,46.85,400,None,226.5
3065.4,3,47.33,400,None,226.4375
3070.4,0,47.84,400,None,31122.73046875
3070.4,1,48.27,400,None,226.5
3070.4,2,46.89,400,None,226.5
3070.4,3,47.37,400,None,226.4375
3075.4,0,47.98,400,None,31122.73046875
3075.4,1,48.36,400,None,226.5
3075.4,2,46.91,400,None,226.5
3075.4,3,47.48,400,None,226.4375
3080.4,0,47.73,400,None,31122.73046875
3080.4,1,48.19,400,None,226.5
3080.4,2,46.91,400,None,226.5
3080.4,3,47.32,400,None,226.4375
3085.4,0,47.24,400,None,31122.73046875
3085.4,1,48.03,400,None,226.5
3085.4,2,46.55,400,None,226.5
3085.4,3,46.91,400,None,226.4375
3090.4,0,47.08,400,None,31122.73046875
3090.4,1,47.77,400,None,226.5
3090.4,2,46.15,400,None,226.5
3090.4,3,46.55,400,None,226.4375
3095.4,0,47.13,400,None,31122.73046875
3095.4,1,47.58,400,None,226.5
3095.4,2,46.20,400,None,226.5
3095.4,3,46.61,400,None,226.4375
3100.4,0,47.58,400,None,31122.73046875
3100.4,1,48.15,400,None,226.5
3100.4,2,46.88,400,None,226.5
3100.4,3,47.18,400,None,226.4375
3105.4,0,47.80,400,None,31122.73046875
3105.4,1,48.41,400,None,226.5
3105.4,2,46.99,400,None,226.5
3105.4,3,47.45,400,None,226.4375
3110.4,0,47.92,400,None,31122.73046875
3110.4,1,48.39,400,None,226.5
3110.4,2,46.89,400,None,226.5
3110.4,3,47.41,400,None,226.4375
3115.4,0,48.01,400,None,31122.73046875
3115.4,1,48.06,400,None,226.5
3115.4,2,46.93,400,None,226.5
3115.4,3,47.43,400,None,226.4375
3120.4,0,47.78,400,None,31122.73046875
3120.4,1,48.17,400,None,226.5
3120.4,2,46.90,400,None,226.5
3120.4,3,47.35,400,None,226.4375
3125.4,0,47.54,400,None,31122.73046875
3125.4,1,48.07,400,None,226.5
3125.4,2,46.75,400,None,226.5
3125.4,3,47.15,400,None,226.4375
3130.4,0,47.19,400,None,31122.73046875
3130.4,1,47.81,400,None,226.5
3130.4,2,46.30,400,None,226.5
3130.4,3,46.70,400,None,226.4375
3135.4,0,47.05,400,None,31122.73046875
3135.4,1,47.55,400,None,226.5
3135.4,2,46.26,400,None,226.5
3135.4,3,46.52,400,None,226.4375
3140.4,0,47.42,400,None,31122.73046875
3140.4,1,47.98,400,None,226.5
3140.4,2,46.59,400,None,226.5
3140.4,3,46.94,400,None,226.4375
3145.4,0,47.86,400,None,31122.73046875
3145.4,1,48.37,400,None,226.5
3145.4,2,47.01,400,None,226.5
3145.4,3,47.43,400,None,226.4375
3150.4,0,47.95,400,None,31122.73046875
3150.4,1,48.46,400,None,226.5
3150.4,2,46.96,400,None,226.5
3150.4,3,47.44,400,None,226.4375
3155.4,0,47.93,400,None,31122.73046875
3155.4,1,47.94,400,None,226.5
3155.4,2,46.90,400,None,226.5
3155.4,3,47.45,400,None,226.4375
3160.4,0,47.79,400,None,31122.73046875
3160.4,1,48.19,400,None,226.5
3160.4,2,46.82,400,None,226.5
3160.4,3,47.24,400,None,226.4375
3165.4,0,47.83,400,None,31122.73046875
3165.4,1,48.35,400,None,226.5
3165.4,2,46.91,400,None,226.5
3165.4,3,47.39,400,None,226.4375
3170.4,0,47.12,400,None,31122.73046875
3170.4,1,47.94,400,None,226.5
3170.4,2,46.39,400,None,226.5
3170.4,3,46.72,400,None,226.4375
3175.4,0,46.87,400,None,31122.73046875
3175.4,1,47.42,400,None,226.5
3175.4,2,46.13,400,None,226.5
3175.4,3,46.40,400,None,226.4375
3180.4,0,47.33,400,None,31122.73046875
3180.4,1,47.81,400,None,226.5
3180.4,2,46.31,400,None,226.5
3180.4,3,46.70,400,None,226.4375
3185.4,0,47.90,400,None,31122.73046875
3185.4,1,48.44,400,None,226.5
3185.4,2,46.92,400,None,226.5
3185.4,3,47.47,400,None,226.4375
3190.4,0,48.01,400,None,31122.73046875
3190.4,1,48.59,400,None,226.5
3190.4,2,47.12,400,None,226.5
3190.4,3,47.53,400,None,226.4375
3195.4,0,47.67,400,None,31122.73046875
3195.4,1,47.99,400,None,226.5
3195.4,2,47.02,400,None,226.5
3195.4,3,47.49,400,None,226.4375
3200.4,0,47.91,400,None,31122.73046875
3200.4,1,48.28,400,None,226.5
3200.4,2,46.78,400,None,226.5
3200.4,3,47.27,400,None,226.4375
3205.4,0,47.93,400,None,31122.73046875
3205.4,1,48.45,400,None,226.5
3205.4,2,46.89,400,None,226.5
3205.4,3,47.42,400,None,226.4375
3210.4,0,47.36,400,None,31122.73046875
3210.4,1,47.90,400,None,226.5
3210.4,2,46.50,400,None,226.5
3210.4,3,46.93,400,None,226.4375
3215.4,0,46.82,400,None,31122.73046875
3215.4,1,47.42,400,None,226.5
3215.4,2,46.24,400,None,226.5
3215.4,3,46.35,400,None,226.4375
3220.4,0,47.22,400,None,31122.73046875
3220.4,1,47.75,400,None,226.5
3220.4,2,46.17,400,None,226.5
3220.4,3,46.61,400,None,226.4375
3225.4,0,47.89,400,None,31122.73046875
3225.4,1,48.39,400,None,226.5
3225.4,2,46.82,400,None,226.5
3225.4,3,47.36,400,None,226.4375
3230.4,0,47.94,400,None,31122.73046875
3230.4,1,48.24,400,None,226.5
3230.4,2,47.02,400,None,226.5
3230.4,3,47.59,400,None,226.4375
3235.4,0,47.62,400,None,31122.73046875
3235.4,1,48.11,400,None,226.5
3235.4,2,47.02,400,None,226.5
3235.4,3,47.55,400,None,226.4375
3240.4,0,47.74,400,None,31122.73046875
3240.4,1,48.10,400,None,226.5
3240.4,2,46.80,400,None,226.5
3240.4,3,47.22,400,None,226.4375
3245.4,0,47.96,400,None,31122.73046875
3245.4,1,48.45,400,None,226.5
3245.4,2,46.83,400,None,226.5
3245.4,3,47.36,400,None,226.4375
3250.4,0,47.53,400,None,31122.73046875
3250.4,1,48.20,400,None,226.5
3250.4,2,46.66,400,None,226.5
3250.4,3,47.14,400,None,226.4375
3255.4,0,46.81,400,None,31122.73046875
3255.4,1,47.53,400,None,226.5
3255.4,2,46.33,400,None,226.5
3255.4,3,46.52,400,None,226.4375
3260.4,0,47.26,400,None,31122.73046875
3260.4,1,47.68,400,None,226.5
3260.4,2,46.19,400,None,226.5
3260.4,3,46.55,400,None,226.4375
3265.4,0,48.04,400,None,31122.73046875
3265.4,1,48.23,400,None,226.5
3265.4,2,46.56,400,None,226.5
3265.4,3,47.12,400,None,226.4375
3270.4,0,47.96,400,None,31122.73046875
3270.4,1,48.38,400,None,226.5
3270.4,2,47.02,400,None,226.5
3270.4,3,47.46,400,None,226.4375
3275.4,0,47.62,400,None,31122.73046875
3275.4,1,48.18,400,None,226.5
3275.4,2,47.08,400,None,226.5
3275.4,3,47.63,400,None,226.4375
3280.4,0,47.75,400,None,31122.73046875
3280.4,1,48.17,400,None,226.5
3280.4,2,46.87,400,None,226.5
3280.4,3,47.29,400,None,226.4375
3285.4,0,47.97,400,None,31122.73046875
3285.4,1,48.46,400,None,226.5
3285.4,2,46.83,400,None,226.5
3285.4,3,47.36,400,None,226.4375
3290.4,0,47.90,400,None,31122.73046875
3290.4,1,48.47,400,None,226.5
3290.4,2,46.78,400,None,226.5
3290.4,3,47.36,400,None,226.4375
3295.4,0,46.81,400,None,31122.73046875
3295.4,1,47.56,400,None,226.5
3295.4,2,46.26,400,None,226.5
3295.4,3,46.53,400,None,226.4375
3300.4,0,46.98,400,None,31122.73046875
3300.4,1,47.62,400,None,226.5
3300.4,2,46.25,400,None,226.5
3300.4,3,46.42,400,None,226.4375
3305.4,0,47.58,400,None,31122.73046875
3305.4,1,48.08,400,None,226.5
3305.4,2,46.47,400,None,226.5
3305.4,3,46.89,400,None,226.4375
3310.4,0,47.92,400,None,31122.73046875
3310.4,1,48.39,400,None,226.5
3310.4,2,46.95,400,None,226.5
3310.4,3,47.54,400,None,226.4375
3315.4,0,47.57,400,None,31122.73046875
3315.4,1,48.07,400,None,226.5
3315.4,2,47.12,400,None,226.5
3315.4,3,47.30,400,None,226.4375
3320.4,0,47.77,400,None,31122.73046875
3320.4,1,48.26,400,None,226.5
3320.4,2,47.01,400,None,226.5
3320.4,3,47.41,400,None,226.4375
3325.4,0,47.95,400,None,31122.73046875
3325.4,1,48.34,400,None,226.5
3325.4,2,46.84,400,None,226.5
3325.4,3,47.38,400,None,226.4375
3330.4,0,48.07,400,None,31122.73046875
3330.4,1,48.28,400,None,226.5
3330.4,2,46.90,400,None,226.5
3330.4,3,47.48,400,None,226.4375
3335.4,0,46.88,400,None,31122.73046875
3335.4,1,47.68,400,None,226.5
3335.4,2,46.27,400,None,226.5
3335.4,3,46.59,400,None,226.4375
3340.4,0,46.93,400,None,31122.73046875
3340.4,1,47.67,400,None,226.5
3340.4,2,46.32,400,None,226.5
3340.4,3,46.59,400,None,226.4375
3345.4,0,47.34,400,None,31122.73046875
3345.4,1,47.87,400,None,226.5
3345.4,2,46.26,400,None,226.5
3345.4,3,46.73,400,None,226.4375
3350.4,0,47.98,400,None,31122.73046875
3350.4,1,48.50,400,None,226.5
3350.4,2,46.90,400,None,226.5
3350.4,3,47.52,400,None,226.4375
3355.4,0,47.65,400,None,31122.73046875
3355.4,1,48.13,400,None,226.5
3355.4,2,46.87,400,None,226.5
3355.4,3,47.30,400,None,226.4375
3360.4,0,47.84,400,None,31122.73046875
3360.4,1,48.42,400,None,226.5
3360.4,2,46.99,400,None,226.5
3360.4,3,47.46,400,None,226.4375
3365.4,0,47.93,400,None,31122.73046875
3365.4,1,48.41,400,None,226.5
3365.4,2,46.97,400,None,226.5
3365.4,3,47.39,400,None,226.4375
3370.4,0,48.08,400,None,31122.73046875
3370.4,1,48.02,400,None,226.5
3370.4,2,46.90,400,None,226.5
3370.4,3,47.46,400,None,226.4375
3375.4,0,47.31,400,None,31122.73046875
3375.4,1,47.91,400,None,226.5
3375.4,2,46.39,400,None,226.5
3375.4,3,46.82,400,None,226.4375
3380.4,0,46.96,400,None,31122.73046875
3380.4,1,47.74,400,None,226.5
3380.4,2,46.30,400,None,226.5
3380.4,3,46.68,400,None,226.4375
3385.4,0,47.20,400,None,31122.73046875
3385.4,1,47.85,400,None,226.5
3385.4,2,46.36,400,None,226.5
3385.4,3,46.56,400,None,226.4375
3390.4,0,47.84,400,None,31122.73046875
3390.4,1,48.29,400,None,226.5
3390.4,2,46.74,400,None,226.5
3390.4,3,47.25,400,None,226.4375
3395.4,0,47.73,400,None,31122.73046875
3395.4,1,48.22,400,None,226.5
3395.4,2,46.85,400,None,226.5
3395.4,3,47.31,400,None,226.4375
3400.4,0,47.74,400,None,31122.73046875
3400.4,1,48.22,400,None,226.5
3400.4,2,46.97,400,None,226.5
3400.4,3,47.42,400,None,226.4375
3405.4,0,47.99,400,None,31122.73046875
3405.4,1,48.27,400,None,226.5
3405.4,2,47.05,400,None,226.5
3405.4,3,47.50,400,None,226.4375
3410.4,0,47.60,400,None,31122.73046875
3410.4,1,48.00,400,None,226.5
3410.4,2,46.92,400,None,226.5
3410.4,3,47.49,400,None,226.4375
3415.4,0,47.59,400,None,31122.73046875
3415.4,1,48.15,400,None,226.5
3415.4,2,46.60,400,None,226.5
3415.4,3,46.96,400,None,226.4375
3420.4,0,46.96,400,None,31122.73046875
3420.4,1,47.78,400,None,226.5
3420.4,2,46.24,400,None,226.5
3420.4,3,46.62,400,None,226.4375
3425.4,0,47.18,400,None,31122.73046875
3425.4,1,47.82,400,None,226.5
3425.4,2,46.38,400,None,226.5
3425.4,3,46.77,400,None,226.4375
3430.4,0,47.60,400,None,31122.73046875
3430.4,1,48.07,400,None,226.5
3430.4,2,46.56,400,None,226.5
3430.4,3,47.01,400,None,226.4375
3435.4,0,47.88,400,None,31122.73046875
3435.4,1,48.30,400,None,226.5
3435.4,2,46.82,400,None,226.5
3435.4,3,47.29,400,None,226.4375
3440.4,0,47.79,400,None,31122.73046875
3440.4,1,48.34,400,None,226.5
3440.4,2,46.91,400,None,226.5
3440.4,3,47.42,400,None,226.4375
3445.4,0,47.98,400,None,31122.73046875
3445.4,1,48.37,400,None,226.5
3445.4,2,47.03,400,None,226.5
3445.5,3,47.54,400,None,226.4375
3450.4,0,47.60,400,None,31122.73046875
3450.4,1,48.04,400,None,226.5
3450.4,2,47.04,400,None,226.5
3450.4,3,47.43,400,None,226.4375
3455.4,0,47.88,400,None,31122.73046875
3455.4,1,48.22,400,None,226.5
3455.4,2,46.79,400,None,226.5
3455.4,3,47.22,400,None,226.4375
3460.4,0,47.06,400,None,31122.73046875
3460.4,1,47.77,400,None,226.5
3460.4,2,46.17,400,None,226.5
3460.4,3,46.62,400,None,226.4375
3465.4,0,47.15,400,None,31122.73046875
3465.5,1,47.87,400,None,226.5
3465.5,2,46.33,400,None,226.5
3465.5,3,46.83,400,None,226.4375
3470.5,0,47.37,400,None,31122.73046875
3470.5,1,47.83,400,None,226.5
3470.5,2,46.54,400,None,226.5
3470.5,3,46.80,400,None,226.4375
3475.5,0,47.85,400,None,31122.73046875
3475.5,1,48.26,400,None,226.5
3475.5,2,46.80,400,None,226.5
3475.5,3,47.21,400,None,226.4375
3480.5,0,47.85,400,None,31122.73046875
3480.5,1,48.42,400,None,226.5
3480.5,2,46.87,400,None,226.5
3480.5,3,47.44,400,None,226.4375
3485.5,0,47.79,400,None,31122.73046875
3485.5,1,48.22,400,None,226.5
3485.5,2,47.00,400,None,226.5
3485.5,3,47.53,400,None,226.4375
3490.5,0,47.63,400,None,31122.73046875
3490.5,1,48.15,400,None,226.5
3490.5,2,47.10,400,None,226.5
3490.5,3,47.28,400,None,226.4375
3495.5,0,47.81,400,None,31122.73046875
3495.5,1,48.30,400,None,226.5
3495.5,2,46.89,400,None,226.5
3495.5,3,47.24,400,None,226.4375
3500.5,0,47.35,400,None,31122.73046875
3500.5,1,48.05,400,None,226.5
3500.5,2,46.28,400,None,226.5
3500.5,3,46.71,400,None,226.4375
3505.5,0,47.18,400,None,31122.73046875
3505.5,1,47.67,400,None,226.5
3505.5,2,46.33,400,None,226.5
3505.5,3,46.79,400,None,226.4375
3510.5,0,47.15,400,None,31122.73046875
3510.5,1,47.68,400,None,226.5
3510.5,2,46.43,400,None,226.5
3510.5,3,46.70,400,None,226.4375
3515.5,0,47.80,400,None,31122.73046875
3515.5,1,48.30,400,None,226.5
3515.5,2,46.78,400,None,226.5
3515.5,3,47.13,400,None,226.4375
3520.5,0,47.96,400,None,31122.73046875
3520.5,1,48.50,400,None,226.5
3520.5,2,46.86,400,None,226.5
3520.5,3,47.41,400,None,226.4375
3525.5,0,47.83,400,None,31122.73046875
3525.5,1,48.28,400,None,226.5
3525.5,2,46.99,400,None,226.5
3525.5,3,47.52,400,None,226.4375
3530.5,0,47.66,400,None,31122.73046875
3530.5,1,48.18,400,None,226.5
3530.5,2,47.06,400,None,226.5
3530.5,3,47.29,400,None,226.4375
3535.5,0,47.86,400,None,31122.73046875
3535.5,1,48.25,400,None,226.5
3535.5,2,46.99,400,None,226.5
3535.5,3,47.31,400,None,226.4375
3540.5,0,47.67,400,None,31122.73046875
3540.5,1,48.06,400,None,226.5
3540.5,2,46.50,400,None,226.5
3540.5,3,46.94,400,None,226.4375
3545.5,0,47.16,400,None,31122.73046875
3545.5,1,47.67,400,None,226.5
3545.5,2,46.20,400,None,226.5
3545.5,3,46.76,400,None,226.4375
3550.5,0,46.99,400,None,31122.73046875
3550.5,1,47.62,400,None,226.5
3550.5,2,46.31,400,None,226.5
3550.5,3,46.70,400,None,226.4375
3555.5,0,47.57,400,None,31122.73046875
3555.5,1,48.18,400,None,226.5
3555.5,2,46.73,400,None,226.5
3555.5,3,46.97,400,None,226.4375
3560.5,0,47.92,400,None,31122.73046875
3560.5,1,48.40,400,None,226.5
3560.5,2,46.88,400,None,226.5
3560.5,3,47.37,400,None,226.4375
3565.5,0,47.93,400,None,31122.73046875
3565.5,1,48.41,400,None,226.5
3565.5,2,46.90,400,None,226.5
3565.5,3,47.48,400,None,226.4375
3570.5,0,47.57,400,None,31122.73046875
3570.5,1,47.97,400,None,226.5
3570.5,2,46.88,400,None,226.5
3570.5,3,47.35,400,None,226.4375
3575.5,0,47.82,400,None,31122.73046875
3575.5,1,48.33,400,None,226.5
3575.5,2,47.02,400,None,226.5
3575.5,3,47.40,400,None,226.4375
3580.5,0,47.79,400,None,31122.73046875
3580.5,1,48.37,400,None,226.5
3580.5,2,46.79,400,None,226.5
3580.5,3,47.18,400,None,226.4375
3585.5,0,47.30,400,None,31122.73046875
3585.5,1,47.63,400,None,226.5
3585.5,2,46.22,400,None,226.5
3585.5,3,46.72,400,None,226.4375
3590.5,0,46.94,400,None,31122.73046875
3590.5,1,47.51,400,None,226.5
3590.5,2,46.25,400,None,226.5
3590.5,3,46.65,400,None,226.4375
3595.5,0,47.37,400,None,31122.73046875
3595.5,1,47.97,400,None,226.5
3595.5,2,46.57,400,None,226.5
3595.5,3,46.87,400,None,226.4375
3600.5,0,48.02,400,None,31122.73046875
3600.5,1,48.51,400,None,226.5
3600.5,2,46.93,400,None,226.5
3600.5,3,47.37,400,None,226.4375
3605.5,0,47.87,400,None,31122.73046875
3605.5,1,48.47,400,None,226.5
3605.5,2,46.93,400,None,226.5
3605.5,3,47.49,400,None,226.4375
3610.5,0,47.62,400,None,31122.73046875
3610.5,1,48.09,400,None,226.5
3610.5,2,46.88,400,None,226.5
3610.5,3,47.33,400,None,226.4375
3615.5,0,47.80,400,None,31122.73046875
3615.5,1,48.10,400,None,226.5
3615.5,2,47.01,400,None,226.5
3615.5,3,47.37,400,None,226.4375
3620.5,0,47.99,400,None,31122.73046875
3620.5,1,48.49,400,None,226.5
3620.5,2,47.06,400,None,226.5
3620.5,3,47.39,400,None,226.4375
3625.5,0,47.34,400,None,31122.73046875
3625.5,1,47.56,400,None,226.5
3625.5,2,46.32,400,None,226.5
3625.5,3,46.73,400,None,226.4375
3630.5,0,46.90,400,None,31122.73046875
3630.5,1,47.56,400,None,226.5
3630.5,2,46.12,400,None,226.5
3630.5,3,46.59,400,None,226.4375
3635.5,0,47.12,400,None,31122.73046875
3635.5,1,47.79,400,None,226.5
3635.5,2,46.38,400,None,226.5
3635.5,3,46.80,400,None,226.4375
3640.5,0,47.97,400,None,31122.73046875
3640.5,1,48.51,400,None,226.5
3640.5,2,47.01,400,None,226.5
3640.5,3,47.34,400,None,226.4375
3645.5,0,47.92,400,None,31122.73046875
3645.5,1,48.31,400,None,226.5
3645.5,2,46.93,400,None,226.5
3645.5,3,47.41,400,None,226.4375
3650.5,0,47.73,400,None,31122.73046875
3650.5,1,48.19,400,None,226.5
3650.5,2,46.81,400,None,226.5
3650.5,3,47.31,400,None,226.4375
3655.5,0,47.71,400,None,31122.73046875
3655.5,1,48.19,400,None,226.5
3655.5,2,46.91,400,None,226.5
3655.5,3,47.38,400,None,226.4375
3660.5,0,47.97,400,None,31122.73046875
3660.5,1,48.47,400,None,226.5
3660.5,2,47.03,400,None,226.5
3660.5,3,47.50,400,None,226.4375
3665.5,0,47.60,400,None,31122.73046875
3665.5,1,47.83,400,None,226.5
3665.5,2,46.65,400,None,226.5
3665.5,3,47.00,400,None,226.4375
3670.5,0,46.90,400,None,31122.73046875
3670.5,1,47.61,400,None,226.5
3670.5,2,46.09,400,None,226.5
3670.5,3,46.43,400,None,226.4375
3675.5,0,47.04,400,None,31122.73046875
3675.5,1,47.72,400,None,226.5
3675.5,2,46.26,400,None,226.5
3675.5,3,46.70,400,None,226.4375
3680.5,0,47.71,400,None,31122.73046875
3680.5,1,48.29,400,None,226.5
3680.5,2,46.80,400,None,226.5
3680.5,3,47.18,400,None,226.4375
3685.5,0,47.99,400,None,31122.73046875
3685.5,1,48.37,400,None,226.5
3685.5,2,47.05,400,None,226.5
3685.5,3,47.48,400,None,226.4375
3690.5,0,47.71,400,None,31122.73046875
3690.5,1,48.26,400,None,226.5
3690.5,2,46.80,400,None,226.5
3690.5,3,47.26,400,None,226.4375
3695.5,0,47.77,400,None,31122.73046875
3695.5,1,48.23,400,None,226.5
3695.5,2,46.85,400,None,226.5
3695.5,3,47.45,400,None,226.4375
3700.5,0,47.93,400,None,31122.73046875
3700.5,1,48.31,400,None,226.5
3700.5,2,47.02,400,None,226.5
3700.5,3,47.50,400,None,226.4375
3705.5,0,47.83,400,None,31122.73046875
3705.5,1,48.14,400,None,226.5
3705.5,2,46.93,400,None,226.5
3705.5,3,47.24,400,None,226.4375
3710.5,0,47.00,400,None,31122.73046875
3710.5,1,47.61,400,None,226.5
3710.5,2,46.09,400,None,226.5
3710.5,3,46.40,400,None,226.4375
3715.5,0,47.15,400,None,31122.73046875
3715.5,1,47.70,400,None,226.5
3715.5,2,46.16,400,None,226.5
3715.5,3,46.62,400,None,226.4375
3720.5,0,47.77,400,None,31122.73046875
3720.5,1,48.04,400,None,226.5
3720.5,2,46.57,400,None,226.5
3720.5,3,47.15,400,None,226.4375
3725.5,0,48.04,400,None,31122.73046875
3725.5,1,48.38,400,None,226.5
3725.5,2,47.09,400,None,226.5
3725.5,3,47.51,400,None,226.4375
3730.5,0,47.66,400,None,31122.73046875
3730.5,1,48.11,400,None,226.5
3730.5,2,46.82,400,None,226.5
3730.5,3,47.18,400,None,226.4375
3735.5,0,47.84,400,None,31122.73046875
3735.5,1,48.38,400,None,226.5
3735.5,2,46.82,400,None,226.5
3735.5,3,47.40,400,None,226.4375
3740.5,0,47.84,400,None,31122.73046875
3740.5,1,48.30,400,None,226.5
3740.5,2,46.93,400,None,226.5
3740.5,3,47.50,400,None,226.4375
3745.5,0,48.13,400,None,31122.73046875
3745.5,1,48.31,400,None,226.5
3745.5,2,47.11,400,None,226.5
3745.5,3,47.53,400,None,226.4375
3750.5,0,47.06,400,None,31122.73046875
3750.5,1,47.73,400,None,226.5
3750.5,2,46.30,400,None,226.5
3750.5,3,46.46,400,None,226.4375
3755.5,0,47.02,400,None,31122.73046875
3755.5,1,47.70,400,None,226.5
3755.5,2,46.15,400,None,226.5
3755.5,3,46.59,400,None,226.4375
3760.5,0,47.15,400,None,31122.73046875
3760.5,1,47.89,400,None,226.5
3760.5,2,46.30,400,None,226.5
3760.5,3,46.82,400,None,226.4375
3765.5,0,47.96,400,None,31122.73046875
3765.5,1,48.47,400,None,226.5
3765.5,2,47.04,400,None,226.5
3765.5,3,47.46,400,None,226.4375
3770.5,0,47.76,400,None,31122.73046875
3770.5,1,48.13,400,None,226.5
3770.5,2,46.93,400,None,226.5
3770.5,3,47.24,400,None,226.4375
3775.5,0,47.90,400,None,31122.73046875
3775.5,1,48.42,400,None,226.5
3775.5,2,46.87,400,None,226.5
3775.5,3,47.32,400,None,226.4375
3780.5,0,47.86,400,None,31122.73046875
3780.5,1,48.40,400,None,226.5
3780.5,2,46.86,400,None,226.5
3780.5,3,47.52,400,None,226.4375
3785.5,0,47.79,400,None,31122.73046875
3785.5,1,47.99,400,None,226.5
3785.5,2,47.06,400,None,226.5
3785.5,3,47.64,400,None,226.4375
3790.5,0,47.42,400,None,31122.73046875
3790.5,1,47.94,400,None,226.5
3790.5,2,46.58,400,None,226.5
3790.5,3,46.80,400,None,226.4375
3795.5,0,47.07,400,None,31122.73046875
3795.5,1,47.77,400,None,226.5
3795.5,2,46.14,400,None,226.5
3795.5,3,46.49,400,None,226.4375
3800.5,0,47.15,400,None,31122.73046875
3800.5,1,47.83,400,None,226.5
3800.5,2,46.22,400,None,226.5
3800.5,3,46.77,400,None,226.4375
3805.5,0,47.75,400,None,31122.73046875
3805.5,1,48.29,400,None,226.5
3805.5,2,46.82,400,None,226.5
3805.5,3,47.37,400,None,226.4375
3810.5,0,47.83,400,None,31122.73046875
3810.5,1,48.26,400,None,226.5
3810.5,2,46.98,400,None,226.5
3810.5,3,47.26,400,None,226.4375
3815.5,0,47.81,400,None,31122.73046875
3815.5,1,48.28,400,None,226.5
3815.5,2,46.90,400,None,226.5
3815.5,3,47.33,400,None,226.4375
3820.5,0,47.94,400,None,31122.73046875
3820.5,1,48.28,400,None,226.5
3820.5,2,46.90,400,None,226.5
3820.5,3,47.48,400,None,226.4375
3825.5,0,47.69,400,None,31122.73046875
3825.5,1,48.04,400,None,226.5
3825.5,2,46.95,400,None,226.5
3825.5,3,47.63,400,None,226.4375
3830.5,0,47.71,400,None,31122.73046875
3830.5,1,48.22,400,None,226.5
3830.5,2,46.77,400,None,226.5
3830.5,3,47.06,400,None,226.4375
3835.5,0,47.48,400,None,31122.73046875
3835.5,1,47.80,400,None,226.5
3835.5,2,46.33,400,None,226.5
3835.5,3,46.57,400,None,226.4375
3840.5,0,47.36,400,None,31122.73046875
3840.5,1,47.87,400,None,226.5
3840.5,2,46.16,400,None,226.5
3840.5,3,46.69,400,None,226.4375
3845.5,0,47.46,400,None,31122.73046875
3845.5,1,47.99,400,None,226.5
3845.5,2,46.54,400,None,226.5
3845.5,3,47.11,400,None,226.4375
3850.5,0,47.81,400,None,31122.73046875
3850.5,1,48.33,400,None,226.5
3850.5,2,46.91,400,None,226.5
3850.5,3,47.28,400,None,226.4375
3855.5,0,47.86,400,None,31122.73046875
3855.5,1,48.32,400,None,226.5
3855.5,2,47.01,400,None,226.5
3855.5,3,47.33,400,None,226.4375
3860.5,0,47.99,400,None,31122.73046875
3860.5,1,48.09,400,None,226.5
3860.5,2,46.90,400,None,226.5
3860.5,3,47.44,400,None,226.4375
3865.5,0,47.53,400,None,31122.73046875
3865.5,1,48.05,400,None,226.5
3865.5,2,46.95,400,None,226.5
3865.5,3,47.59,400,None,226.4375
3870.5,0,47.72,400,None,31122.73046875
3870.5,1,48.21,400,None,226.5
3870.5,2,46.89,400,None,226.5
3870.5,3,47.43,400,None,226.4375
3875.5,0,47.21,400,None,31122.73046875
3875.5,1,47.82,400,None,226.5
3875.5,2,46.36,400,None,226.5
3875.5,3,46.58,400,None,226.4375
3880.5,0,47.15,400,None,31122.73046875
3880.5,1,47.86,400,None,226.5
3880.5,2,46.25,400,None,226.5
3880.5,3,46.58,400,None,226.4375
3885.5,0,47.16,400,None,31122.73046875
3885.5,1,47.72,400,None,226.5
3885.5,2,46.29,400,None,226.5
3885.5,3,46.87,400,None,226.4375
3890.5,0,47.81,400,None,31122.73046875
3890.5,1,48.29,400,None,226.5
3890.5,2,46.91,400,None,226.5
3890.5,3,47.36,400,None,226.4375
3895.5,0,47.96,400,None,31122.73046875
3895.5,1,48.43,400,None,226.5
3895.5,2,46.97,400,None,226.5
3895.5,3,47.36,400,None,226.4375
3900.5,0,47.95,400,None,31122.73046875
3900.5,1,48.21,400,None,226.5
3900.5,2,47.01,400,None,226.5
3900.5,3,47.41,400,None,226.4375
3905.5,0,47.65,400,None,31122.73046875
3905.5,1,48.09,400,None,226.5
3905.5,2,46.95,400,None,226.5
3905.5,3,47.56,400,None,226.4375
3910.5,0,47.78,400,None,31122.73046875
3910.5,1,48.18,400,None,226.5
3910.5,2,46.83,400,None,226.5
3910.5,3,47.43,400,None,226.4375
3915.5,0,47.42,400,None,31122.73046875
3915.5,1,48.08,400,None,226.5
3915.5,2,46.54,400,None,226.5
3915.5,3,46.82,400,None,226.4375
3920.5,0,47.25,400,None,31122.73046875
3920.5,1,47.95,400,None,226.5
3920.5,2,46.38,400,None,226.5
3920.5,3,46.63,400,None,226.4375
3925.5,0,47.06,400,None,31122.73046875
3925.5,1,47.68,400,None,226.5
3925.5,2,46.22,400,None,226.5
3925.5,3,46.71,400,None,226.4375
3930.5,0,47.60,400,None,31122.73046875
3930.5,1,48.16,400,None,226.5
3930.5,2,46.68,400,None,226.5
3930.5,3,47.25,400,None,226.4375
3935.5,0,47.96,400,None,31122.73046875
3935.5,1,48.51,400,None,226.5
3935.5,2,47.01,400,None,226.5
3935.5,3,47.37,400,None,226.4375
3940.5,0,48.00,400,None,31122.73046875
3940.5,1,48.24,400,None,226.5
3940.5,2,47.05,400,None,226.5
3940.5,3,47.46,400,None,226.4375
3945.5,0,47.65,400,None,31122.73046875
3945.5,1,47.92,400,None,226.5
3945.5,2,46.99,400,None,226.5
3945.5,3,47.52,400,None,226.4375
3950.5,0,47.70,400,None,31122.73046875
3950.5,1,48.24,400,None,226.5
3950.5,2,46.82,400,None,226.5
3950.5,3,47.40,400,None,226.4375
3955.5,0,47.59,400,None,31122.73046875
3955.5,1,48.08,400,None,226.5
3955.5,2,46.66,400,None,226.5
3955.5,3,47.20,400,None,226.4375
3960.5,0,47.31,400,None,31122.73046875
3960.5,1,47.93,400,None,226.5
3960.5,2,46.40,400,None,226.5
3960.5,3,46.63,400,None,226.4375
3965.5,0,47.02,400,None,31122.73046875
3965.5,1,47.51,400,None,226.5
3965.5,2,46.23,400,None,226.5
3965.5,3,46.61,400,None,226.4375
3970.5,0,47.46,400,None,31122.73046875
3970.5,1,47.94,400,None,226.5
3970.5,2,46.50,400,None,226.5
3970.5,3,47.12,400,None,226.4375
3975.5,0,47.92,400,None,31122.73046875
3975.5,1,48.42,400,None,226.5
3975.5,2,46.97,400,None,226.5
3975.5,3,47.44,400,None,226.4375
3980.5,0,47.94,400,None,31122.73046875
3980.5,1,48.38,400,None,226.5
3980.5,2,47.05,400,None,226.5
3980.5,3,47.46,400,None,226.4375
3985.5,0,47.57,400,None,31122.73046875
3985.5,1,47.98,400,None,226.5
3985.5,2,47.04,400,None,226.5
3985.5,3,47.21,400,None,226.4375
3990.5,0,47.78,400,None,31122.73046875
3990.5,1,48.27,400,None,226.5
3990.5,2,46.84,400,None,226.5
3990.5,3,47.40,400,None,226.4375
3995.5,0,47.76,400,None,31122.73046875
3995.5,1,48.33,400,None,226.5
3995.5,2,46.78,400,None,226.5
3995.5,3,47.36,400,None,226.4375
4000.5,0,47.29,400,None,31122.73046875
4000.5,1,47.67,400,None,226.5
4000.5,2,46.37,400,None,226.5
4000.5,3,46.64,400,None,226.4375
4005.5,0,46.99,400,None,31122.73046875
4005.5,1,47.45,400,None,226.5
4005.5,2,46.35,400,None,226.5
4005.5,3,46.55,400,None,226.4375
4010.5,0,47.28,400,None,31122.73046875
4010.5,1,47.91,400,None,226.5
4010.5,2,46.38,400,None,226.5
4010.5,3,46.88,400,None,226.4375
4015.5,0,47.97,400,None,31122.73046875
4015.5,1,48.49,400,None,226.5
4015.5,2,46.90,400,None,226.5
4015.5,3,47.47,400,None,226.4375
4020.5,0,48.02,400,None,31122.73046875
4020.5,1,48.50,400,None,226.5
4020.5,2,47.02,400,None,226.5
4020.5,3,47.54,400,None,226.4375
4025.5,0,47.71,400,None,31122.73046875
4025.5,1,48.11,400,None,226.5
4025.5,2,46.98,400,None,226.5
4025.5,3,47.23,400,None,226.4375
4030.5,0,47.79,400,None,31122.73046875
4030.5,1,48.12,400,None,226.5
4030.5,2,46.90,400,None,226.5
4030.5,3,47.33,400,None,226.4375
4035.5,0,47.88,400,None,31122.73046875
4035.5,1,48.47,400,None,226.5
4035.5,2,46.89,400,None,226.5
4035.5,3,47.49,400,None,226.4375
4040.5,0,47.34,400,None,31122.73046875
4040.5,1,47.58,400,None,226.5
4040.5,2,46.39,400,None,226.5
4040.5,3,46.99,400,None,226.4375
4045.5,0,47.01,400,None,31122.73046875
4045.5,1,47.55,400,None,226.5
4045.5,2,46.29,400,None,226.5
4045.5,3,46.35,400,None,226.4375
4050.5,0,47.13,400,None,31122.73046875
4050.5,1,47.73,400,None,226.5
4050.5,2,46.33,400,None,226.5
4050.5,3,46.70,400,None,226.4375
4055.5,0,47.84,400,None,31122.73046875
4055.5,1,48.45,400,None,226.5
4055.5,2,46.81,400,None,226.5
4055.5,3,47.47,400,None,226.4375
4060.5,0,47.92,400,None,31122.73046875
4060.5,1,48.29,400,None,226.5
4060.5,2,46.94,400,None,226.5
4060.5,3,47.55,400,None,226.4375
4065.5,0,47.85,400,None,31122.73046875
4065.5,1,48.17,400,None,226.5
4065.5,2,46.98,400,None,226.5
4065.5,3,47.23,400,None,226.4375
4070.5,0,47.74,400,None,31122.73046875
4070.5,1,48.22,400,None,226.5
4070.5,2,46.96,400,None,226.5
4070.5,3,47.30,400,None,226.4375
4075.5,0,47.93,400,None,31122.73046875
4075.5,1,48.48,400,None,226.5
4075.5,2,46.90,400,None,226.5
4075.5,3,47.51,400,None,226.4375
4080.5,0,47.28,400,None,31122.73046875
4080.5,1,47.88,400,None,226.5
4080.5,2,46.54,400,None,226.5
4080.5,3,47.16,400,None,226.4375
4085.5,0,47.11,400,None,31122.73046875
4085.5,1,47.57,400,None,226.5
4085.5,2,46.26,400,None,226.5
4085.5,3,46.49,400,None,226.4375
4090.5,0,47.03,400,None,31122.73046875
4090.5,1,47.70,400,None,226.5
4090.5,2,46.42,400,None,226.5
4090.5,3,46.53,400,None,226.4375
4095.5,0,47.63,400,None,31122.73046875
4095.5,1,48.29,400,None,226.5
4095.5,2,46.64,400,None,226.5
4095.5,3,47.25,400,None,226.4375
4100.5,0,47.95,400,None,31122.73046875
4100.5,1,48.36,400,None,226.5
4100.5,2,46.89,400,None,226.5
4100.5,3,47.61,400,None,226.4375
4105.5,0,47.88,400,None,31122.73046875
4105.5,1,48.05,400,None,226.5
4105.5,2,46.88,400,None,226.5
4105.5,3,47.29,400,None,226.4375
4110.5,0,47.89,400,None,31122.73046875
4110.5,1,48.29,400,None,226.5
4110.5,2,47.02,400,None,226.5
4110.5,3,47.35,400,None,226.4375
4115.5,0,47.84,400,None,31122.73046875
4115.5,1,48.20,400,None,226.5
4115.5,2,47.00,400,None,226.5
4115.5,3,47.45,400,None,226.4375
4120.5,0,47.49,400,None,31122.73046875
4120.5,1,48.12,400,None,226.5
4120.5,2,46.75,400,None,226.5
4120.5,3,47.37,400,None,226.4375
4125.5,0,47.06,400,None,31122.73046875
4125.5,1,47.60,400,None,226.5
4125.5,2,46.18,400,None,226.5
4125.5,3,46.60,400,None,226.4375
4130.5,0,47.12,400,None,31122.73046875
4130.5,1,47.67,400,None,226.5
4130.5,2,46.34,400,None,226.5
4130.5,3,46.53,400,None,226.4375
4135.5,0,47.47,400,None,31122.73046875
4135.5,1,48.12,400,None,226.5
4135.5,2,46.58,400,None,226.5
4135.5,3,47.04,400,None,226.4375
4140.5,0,47.99,400,None,31122.73046875
4140.5,1,48.44,400,None,226.5
4140.5,2,46.95,400,None,226.5
4140.5,3,47.57,400,None,226.4375
4145.5,0,47.74,400,None,31122.73046875
4145.5,1,48.10,400,None,226.5
4145.5,2,46.87,400,None,226.5
4145.5,3,47.32,400,None,226.4375
4150.5,0,47.92,400,None,31122.73046875
4150.5,1,48.38,400,None,226.5
4150.5,2,47.03,400,None,226.5
4150.5,3,47.35,400,None,226.4375
4155.5,0,47.80,400,None,31122.73046875
4155.5,1,48.22,400,None,226.5
4155.5,2,47.02,400,None,226.5
4155.5,3,47.45,400,None,226.4375
4160.5,0,47.70,400,None,31122.73046875
4160.5,1,48.29,400,None,226.5
4160.5,2,46.95,400,None,226.5
4160.5,3,47.30,400,None,226.4375
4165.5,0,47.03,400,None,31122.73046875
4165.5,1,47.63,400,None,226.5
4165.5,2,46.14,400,None,226.5
4165.5,3,46.63,400,None,226.4375
4170.5,0,47.22,400,None,31122.73046875
4170.5,1,47.75,400,None,226.5
4170.5,2,46.32,400,None,226.5
4170.5,3,46.58,400,None,226.4375
4175.5,0,47.21,400,None,31122.73046875
4175.5,1,47.89,400,None,226.5
4175.5,2,46.49,400,None,226.5
4175.5,3,46.69,400,None,226.4375
4180.5,0,47.90,400,None,31122.73046875
4180.5,1,48.51,400,None,226.5
4180.5,2,46.97,400,None,226.5
4180.5,3,47.53,400,None,226.4375
4185.5,0,47.72,400,None,31122.73046875
4185.5,1,48.26,400,None,226.5
4185.5,2,46.83,400,None,226.5
4185.5,3,47.35,400,None,226.4375
4190.5,0,47.97,400,None,31122.73046875
4190.5,1,48.22,400,None,226.5
4190.5,2,46.93,400,None,226.5
4190.5,3,47.48,400,None,226.4375
4195.5,0,47.85,400,None,31122.73046875
4195.5,1,48.23,400,None,226.5
4195.5,2,47.06,400,None,226.5
4195.5,3,47.43,400,None,226.4375
4200.5,0,47.54,400,None,31122.73046875
4200.5,1,48.03,400,None,226.5
4200.5,2,47.08,400,None,226.5
4200.5,3,47.25,400,None,226.4375
4205.5,0,47.21,400,None,31122.73046875
4205.5,1,47.91,400,None,226.5
4205.5,2,46.34,400,None,226.5
4205.5,3,46.83,400,None,226.4375
4210.5,0,47.23,400,None,31122.73046875
4210.5,1,47.82,400,None,226.5
4210.5,2,46.23,400,None,226.5
4210.5,3,46.68,400,None,226.4375
4215.5,0,47.18,400,None,31122.73046875
4215.5,1,47.82,400,None,226.5
4215.5,2,46.43,400,None,226.5
4215.5,3,46.58,400,None,226.4375
4220.5,0,47.79,400,None,31122.73046875
4220.5,1,47.96,400,None,226.5
4220.5,2,46.89,400,None,226.5
4220.5,3,47.36,400,None,226.4375
4225.5,0,47.77,400,None,31122.73046875
4225.5,1,48.32,400,None,226.5
4225.5,2,46.83,400,None,226.5
4225.5,3,47.41,400,None,226.4375
4230.5,0,47.91,400,None,31122.73046875
4230.5,1,48.34,400,None,226.5
4230.5,2,46.87,400,None,226.5
4230.5,3,47.45,400,None,226.4375
4235.5,0,47.90,400,None,31122.73046875
4235.5,1,48.33,400,None,226.5
4235.5,2,47.02,400,None,226.5
4235.5,3,47.43,400,None,226.4375
4240.5,0,47.62,400,None,31122.73046875
4240.5,1,48.05,400,None,226.5
4240.5,2,46.99,400,None,226.5
4240.5,3,47.21,400,None,226.4375
4245.5,0,47.41,400,None,31122.73046875
4245.5,1,48.15,400,None,226.5
4245.5,2,46.53,400,None,226.5
4245.5,3,47.04,400,None,226.4375
4250.5,0,47.16,400,None,31122.73046875
4250.5,1,47.85,400,None,226.5
4250.5,2,46.16,400,None,226.5
4250.5,3,46.73,400,None,226.4375
4255.5,0,47.20,400,None,31122.73046875
4255.5,1,47.52,400,None,226.5
4255.5,2,46.34,400,None,226.5
4255.5,3,46.64,400,None,226.4375
4260.5,0,47.31,400,None,31122.73046875
4260.5,1,47.91,400,None,226.5
4260.5,2,46.80,400,None,226.5
4260.5,3,47.05,400,None,226.4375
4265.5,0,47.79,400,None,31122.73046875
4265.5,1,48.35,400,None,226.5
4265.5,2,46.90,400,None,226.5
4265.5,3,47.44,400,None,226.4375
4270.5,0,47.97,400,None,31122.73046875
4270.5,1,48.40,400,None,226.5
4270.5,2,46.90,400,None,226.5
4270.5,3,47.51,400,None,226.4375
4275.5,0,48.01,400,None,31122.73046875
4275.5,1,48.25,400,None,226.5
4275.5,2,46.97,400,None,226.5
4275.5,3,47.55,400,None,226.4375
4280.5,0,47.67,400,None,31122.73046875
4280.5,1,48.12,400,None,226.5
4280.5,2,46.98,400,None,226.5
4280.5,3,47.18,400,None,226.4375
4285.5,0,47.60,400,None,31122.73046875
4285.5,1,48.19,400,None,226.5
4285.5,2,46.88,400,None,226.5
4285.5,3,47.21,400,None,226.4375
4290.5,0,47.20,400,None,31122.73046875
4290.5,1,47.92,400,None,226.5
4290.5,2,46.18,400,None,226.5
4290.5,3,46.72,400,None,226.4375
4295.5,0,47.19,400,None,31122.73046875
4295.6,1,47.50,400,None,226.5
4295.6,2,46.27,400,None,226.5
4295.6,3,46.60,400,None,226.4375
4300.6,0,47.11,400,None,226.5078125
4300.6,1,47.80,400,None,226.5
4300.6,2,46.60,400,None,226.5
4300.6,3,46.69,400,None,226.4375
4305.6,0,47.97,400,None,235.296875
4305.6,1,48.55,400,None,226.5
4305.6,2,47.00,400,None,226.5
4305.6,3,47.44,400,None,226.4375
4310.6,0,47.89,400,None,235.296875
4310.6,1,48.53,400,None,226.5
4310.6,2,46.83,400,None,226.5
4310.6,3,47.52,400,None,226.4375
4315.6,0,48.00,400,None,244.0859375
4315.6,1,48.25,400,None,226.5
4315.6,2,46.88,400,None,226.5
4315.6,3,47.55,400,None,226.4375
4320.6,0,49.09,1800,None,426.25
4320.6,1,48.17,400,None,226.5
4320.6,2,46.93,400,None,226.5
4320.6,3,47.20,400,None,226.4375
4325.6,0,51.87,1550,None,417.4609375
4325.6,1,48.25,400,None,226.5
4325.6,2,47.02,400,None,226.5
4325.6,3,47.29,400,None,226.4375
4330.6,0,49.92,1350,None,418.62890625
4330.6,1,48.06,400,None,226.5
4330.6,2,46.35,400,None,226.5
4330.6,3,46.84,400,None,226.4375
4335.6,0,49.14,1350,None,426.24609375
4335.6,1,47.70,400,None,226.5
4335.6,2,46.16,400,None,226.5
4335.6,3,46.71,400,None,226.4375
4340.6,0,55.33,2400,None,7425.98046875
4340.6,1,47.63,400,None,226.5
4340.6,2,46.33,400,None,226.5
4340.6,3,46.64,400,None,226.4375
4345.6,0,76.70,2400,None,11795.99609375
4345.6,1,48.14,400,None,226.5
4345.6,2,46.81,400,None,226.5
4345.6,3,47.22,400,None,226.4375
4350.6,0,78.39,2400,None,16760.015625
4350.6,1,48.37,400,None,226.5
4350.6,2,46.91,400,None,226.5
4350.6,3,47.51,400,None,226.4375
4355.6,0,66.61,2400,None,19449.67578125
4355.6,1,48.29,400,None,226.5
4355.6,2,46.89,400,None,226.5
4355.6,3,47.53,400,None,226.4375
4360.6,0,133.49,2300,PowerBurst,20486.3828125
4360.6,1,47.94,400,None,226.5
4360.6,2,47.04,400,None,226.5
4360.6,3,47.53,400,None,226.4375
4365.6,0,116.60,2400,None,29495.42578125
4365.6,1,48.15,400,None,226.5
4365.6,2,47.01,400,None,226.5
4365.6,3,47.34,400,None,226.4375
4370.6,0,49.26,800,None,29497.42578125
4370.6,1,48.23,400,None,226.5
4370.6,2,46.79,400,None,226.5
4370.6,3,47.13,400,None,226.4375
4375.6,0,47.52,400,None,28793.421875
4375.6,1,47.95,400,None,226.5
4375.6,2,46.19,400,None,226.5
4375.6,3,46.74,400,None,226.4375
4380.6,0,47.40,400,None,28793.421875
4380.6,1,47.50,400,None,226.5
4380.6,2,46.17,400,None,226.5
4380.6,3,46.54,400,None,226.4375
4385.6,0,48.45,2400,None,28914.984375
4385.6,1,47.86,400,None,226.5
4385.6,2,46.53,400,None,226.5
4385.6,3,46.79,400,None,226.4375
4390.6,0,61.42,2400,None,28959.3203125
4390.6,1,48.35,400,None,226.5
4390.6,2,47.07,400,None,226.5
4390.6,3,47.38,400,None,226.4375
4395.6,0,164.09,2400,None,29564.0234375
4395.6,1,48.54,400,None,226.5
4395.6,2,46.98,400,None,226.5
4395.6,3,47.66,400,None,226.4375
4400.6,0,145.54,2400,None,29564.0234375
4400.6,1,48.14,400,None,226.5
4400.6,2,47.00,400,None,226.5
4400.6,3,47.65,400,None,226.4375
4405.6,0,164.99,2400,None,29564.0234375
4405.6,1,48.27,400,None,226.5
4405.6,2,46.85,400,None,226.5
4405.6,3,47.33,400,None,226.4375
4410.6,0,124.73,2400,None,29564.0234375
4410.6,1,48.43,400,None,226.5
4410.6,2,46.99,400,None,226.5
4410.6,3,47.77,400,None,226.4375
4415.6,0,192.98,2067,PowerBurst,31122.46875
4415.6,1,47.98,400,None,226.5
4415.6,2,46.41,400,None,226.5
4415.6,3,46.93,400,None,226.4375
4420.6,0,200.07,2033,PowerBurst,31122.46875
4420.6,1,47.46,400,None,226.5
4420.6,2,46.32,400,None,226.5
4420.6,3,46.74,400,None,226.4375
4425.6,0,200.06,2033,PowerBurst,31122.53125
4425.6,1,47.70,400,None,226.5
4425.6,2,46.41,400,None,226.5
4425.6,3,46.74,400,None,226.4375
4430.6,0,199.35,2150,PowerBurst,31122.53125
4430.6,1,48.33,400,None,226.5
4430.6,2,46.97,400,None,226.5
4430.6,3,47.38,400,None,226.4375
4435.6,0,200.61,2033,PowerBurst,31122.53125
4435.6,1,48.46,400,None,226.5
4435.6,2,47.03,400,None,226.5
4435.6,3,47.63,400,None,226.4375
4440.6,0,199.84,2050,PowerBurst,31122.53125
4440.6,1,48.40,400,None,226.5
4440.6,2,46.99,400,None,226.5
4440.6,3,47.70,400,None,226.4375
4445.6,0,200.02,2050,PowerBurst,31122.53125
4445.6,1,48.09,400,None,226.5
4445.6,2,46.85,400,None,226.5
4445.6,3,47.47,400,None,226.4375
4450.6,0,199.89,2067,PowerBurst,31122.53125
4450.6,1,48.31,400,None,226.5
4450.6,2,47.03,400,None,226.5
4450.6,3,47.50,400,None,226.4375
4455.6,0,199.78,2100,PowerBurst,31122.53125
4455.6,1,48.07,400,None,226.5
4455.6,2,46.80,400,None,226.5
4455.6,3,47.23,400,None,226.4375
4460.6,0,200.14,2100,PowerBurst,31122.53125
4460.6,1,47.47,400,None,226.5
4460.6,2,46.32,400,None,226.5
4460.6,3,47.10,400,None,226.4375
4465.6,0,199.79,2117,PowerBurst,31122.53125
4465.6,1,47.62,400,None,226.5
4465.6,2,46.23,400,None,226.5
4465.6,3,46.82,400,None,226.4375
4470.6,0,199.66,2183,PowerBurst,31122.53125
4470.6,1,48.08,400,None,226.5
4470.6,2,46.75,400,None,226.5
4470.6,3,47.26,400,None,226.4375
4475.6,0,200.17,2150,PowerBurst,31122.53125
4475.6,1,48.48,400,None,226.5
4475.6,2,47.09,400,None,226.5
4475.6,3,47.69,400,None,226.4375
4480.6,0,200.43,2067,PowerBurst,31122.53125
4480.6,1,48.42,400,None,226.5
4480.6,2,47.07,400,None,226.5
4480.6,3,47.79,400,None,226.4375
4485.6,0,199.33,2200,PowerBurst,31122.53125
4485.6,1,48.11,400,None,226.5
4485.6,2,46.82,400,None,226.5
4485.6,3,47.50,400,None,226.4375
4490.6,0,200.33,2150,PowerBurst,31122.53125
4490.6,1,48.33,400,None,226.5
4490.6,2,47.00,400,None,226.5
4490.6,3,47.54,400,None,226.4375
4495.6,0,200.44,2067,PowerBurst,31122.53125
4495.6,1,48.39,400,None,226.5
4495.6,2,47.05,400,None,226.5
4495.6,3,47.58,400,None,226.4375
4500.6,0,199.82,2117,PowerBurst,31122.53125
4500.6,1,47.69,400,None,226.5
4500.6,2,46.40,400,None,226.5
4500.6,3,47.14,400,None,226.4375
4505.6,0,199.89,2133,PowerBurst,31122.53125
4505.6,1,47.47,400,None,226.5
4505.6,2,46.19,400,None,226.5
4505.6,3,46.88,400,None,226.4375
4510.6,0,199.40,2233,PowerBurst,31122.53125
4510.6,1,47.89,400,None,226.5
4510.6,2,46.46,400,None,226.5
4510.6,3,47.08,400,None,226.4375
4515.6,0,200.99,2067,PowerBurst,31122.53125
4515.6,1,48.47,400,None,226.5
4515.6,2,47.08,400,None,226.5
4515.6,3,47.69,400,None,226.4375
4520.6,0,199.06,2233,PowerBurst,31122.53125
4520.6,1,48.28,400,None,226.5
4520.6,2,47.14,400,None,226.5
4520.6,3,47.85,400,None,226.4375
4525.6,0,200.34,2167,PowerBurst,31122.53125
4525.6,1,48.13,400,None,226.5
4525.6,2,46.86,400,None,226.5
4525.6,3,47.60,400,None,226.4375
4530.6,0,200.68,2050,PowerBurst,31122.53125
4530.6,1,48.14,400,None,226.5
4530.6,2,46.89,400,None,226.5
4530.6,3,47.68,400,None,226.4375
4535.6,0,199.75,2083,PowerBurst,31122.53125
4535.6,1,48.46,400,None,226.5
4535.6,2,47.08,400,None,226.5
4535.6,3,47.70,400,None,226.4375
4540.6,0,199.91,2100,PowerBurst,31122.53125
4540.6,1,47.68,400,None,226.5
4540.6,2,46.66,400,None,226.5
4540.6,3,47.25,400,None,226.4375
4545.6,0,200.17,2083,PowerBurst,31122.71875
4545.6,1,47.51,400,None,226.5
4545.6,2,46.10,400,None,226.5
4545.6,3,46.88,400,None,226.4375
4550.6,0,199.77,2133,PowerBurst,31122.71875
4550.6,1,47.70,400,None,226.5
4550.6,2,46.29,400,None,226.5
4550.6,3,46.98,400,None,226.4375
4555.6,0,199.35,2233,PowerBurst,31122.71875
4555.6,1,48.39,400,None,226.5
4555.6,2,46.93,400,None,226.5
4555.6,3,47.61,400,None,226.4375
4560.6,0,200.23,2200,PowerBurst,31122.71875
4560.6,1,48.35,400,None,226.5
4560.6,2,47.16,400,None,226.5
4560.6,3,47.87,400,None,226.4375
4565.6,0,200.09,2200,PowerBurst,31122.71875
4565.6,1,48.17,400,None,226.5
4565.6,2,47.09,400,None,226.5
4565.6,3,47.61,400,None,226.4375
4570.6,0,200.19,2150,PowerBurst,31122.71875
4570.6,1,48.20,400,None,226.5
4570.6,2,46.86,400,None,226.5
4570.6,3,47.64,400,None,226.4375
4575.6,0,188.08,2400,None,31122.71875
4575.6,1,48.42,400,None,226.5
4575.6,2,47.01,400,None,226.5
4575.6,3,47.70,400,None,226.4375
4580.6,0,173.13,2400,None,31122.71875
4580.6,1,48.25,400,None,226.5
4580.6,2,46.93,400,None,226.5
4580.6,3,47.64,400,None,226.4375
4585.6,0,170.82,2400,None,31122.71875
4585.6,1,47.60,400,None,226.5
4585.6,2,46.22,400,None,226.5
4585.6,3,47.10,400,None,226.4375
4590.6,0,171.81,2400,None,31122.71875
4590.6,1,47.66,400,None,226.5
4590.6,2,46.27,400,None,226.5
4590.6,3,47.21,400,None,226.4375
4595.6,0,171.81,2400,None,31122.71875
4595.6,1,48.11,400,None,226.5
4595.6,2,46.74,400,None,226.5
4595.6,3,47.55,400,None,226.4375
4600.6,0,144.99,2400,None,226.5078125
4600.6,1,48.47,400,None,226.5
4600.6,2,47.12,400,None,226.5
4600.6,3,47.81,400,None,226.4375
4605.6,0,59.66,2150,None,235.3046875
4605.6,1,47.93,400,None,226.5
4605.6,2,47.03,400,None,226.5
4605.6,3,47.94,400,None,226.4375
4610.6,0,57.36,2150,None,235.3046875
4610.6,1,48.19,400,None,226.5
4610.6,2,46.89,400,None,226.5
4610.6,3,47.61,400,None,226.4375
4615.6,0,52.82,1450,None,244.09765625
4615.6,1,48.24,400,None,226.5
4615.6,2,46.93,400,None,226.5
4615.6,3,47.58,400,None,226.4375
4620.6,0,52.81,1450,None,244.09765625
4620.6,1,48.57,400,None,226.5
4620.6,2,47.06,400,None,226.5
4620.6,3,47.70,400,None,226.4375
4625.6,0,51.23,1450,None,426.26171875
4625.6,1,47.59,400,None,226.5
4625.6,2,46.38,400,None,226.5
4625.6,3,46.70,400,None,226.4375
4630.6,0,51.40,1550,None,417.46875
4630.6,1,47.60,400,None,226.5
4630.6,2,46.17,400,None,226.5
4630.6,3,46.78,400,None,226.4375
4635.6,0,51.42,1500,None,426.2578125
4635.6,1,47.80,400,None,226.5
4635.6,2,46.28,400,None,226.5
4635.6,3,46.88,400,None,226.4375
4640.6,0,52.92,1050,None,627.890625
4640.6,1,48.60,400,None,226.5
4640.6,2,46.95,400,None,226.5
4640.6,3,47.62,400,None,226.4375
4645.6,0,71.39,2400,None,9397.99609375
4645.6,1,48.34,400,None,226.5
4645.6,2,47.15,400,None,226.5
4645.6,3,47.75,400,None,226.4375
4650.6,0,79.34,2400,None,14194.01171875
4650.6,1,48.25,400,None,226.5
4650.6,2,46.90,400,None,226.5
4650.6,3,47.65,400,None,226.4375
4655.6,0,78.87,2400,None,19072.03125
4655.6,1,48.27,400,None,226.5
4655.6,2,46.87,400,None,226.5
4655.6,3,47.67,400,None,226.4375
4660.6,0,70.62,2400,None,20469.109375
4660.6,1,48.51,400,None,226.5
4660.6,2,46.94,400,None,226.5
4660.6,3,47.69,400,None,226.4375
4665.6,0,185.83,2400,None,25811.41796875
4665.6,1,47.99,400,None,226.5
4665.6,2,46.86,400,None,226.5
4665.6,3,47.50,400,None,226.4375
4670.6,0,51.50,1150,None,29497.43359375
4670.6,1,47.56,400,None,226.5
4670.6,2,46.26,400,None,226.5
4670.6,3,46.71,400,None,226.4375
4675.6,0,49.74,600,None,28873.4296875
4675.6,1,47.68,400,None,226.5
4675.6,2,46.20,400,None,226.5
4675.6,3,46.78,400,None,226.4375
4680.6,0,48.91,400,None,28793.4296875
4680.6,1,48.28,400,None,226.5
4680.6,2,46.56,0,None,226.5
4680.6,3,47.22,400,None,226.4375
4685.6,0,49.19,400,None,28793.4296875
4685.6,1,48.40,400,None,226.5
4685.6,2,47.06,400,None,226.5
4685.6,3,47.70,400,None,226.4375
4690.6,0,52.68,2400,None,28914.9921875
4690.6,1,47.89,400,None,226.5
4690.6,2,47.15,400,None,226.5
4690.6,3,47.48,400,None,226.4375
4695.6,0,105.25,2400,None,29130.52734375
4695.6,1,48.17,400,None,226.5
4695.6,2,46.89,400,None,226.5
4695.6,3,47.51,400,None,226.4375
4700.6,0,165.31,2400,None,29564.03125
4700.6,1,48.30,400,None,226.5
4700.6,2,46.99,400,None,226.5
4700.6,3,47.59,400,None,226.4375
4705.6,0,166.61,2400,None,29564.03125
4705.6,1,48.63,400,None,226.5
4705.6,2,47.24,400,None,226.5
4705.6,3,47.99,400,None,226.4375
4710.6,0,147.33,2400,None,29564.03125
4710.6,1,47.64,400,None,226.5
4710.6,2,46.33,400,None,226.5
4710.6,3,47.08,400,None,226.4375
4715.6,0,127.97,2050,PowerBurst,31122.4765625
4715.6,1,47.59,400,None,226.5
4715.6,2,46.15,400,None,226.5
4715.6,3,46.74,400,None,226.4375
4720.6,0,199.98,2067,PowerBurst,31122.4765625
4720.6,1,47.83,400,None,226.5
4720.6,2,46.36,400,None,226.5
4720.6,3,47.02,400,None,226.4375
4725.6,0,200.18,2033,PowerBurst,31122.4765625
4725.6,1,48.59,400,None,226.5
4725.6,2,47.11,400,None,226.5
4725.6,3,47.72,400,None,226.4375
4730.6,0,199.56,2117,PowerBurst,31122.5390625
4730.6,1,48.03,400,None,226.5
4730.6,2,47.19,400,None,226.5
4730.6,3,47.81,400,None,226.4375
4735.6,0,199.77,2150,PowerBurst,31122.5390625
4735.6,1,48.29,400,None,226.5
4735.6,2,46.98,400,None,226.5
4735.6,3,47.68,400,None,226.4375
4740.6,0,200.55,2050,PowerBurst,31122.5390625
4740.6,1,48.32,400,None,226.5
4740.6,2,46.95,400,None,226.5
4740.6,3,47.71,400,None,226.4375
4745.6,0,199.68,2117,PowerBurst,31122.5390625
4745.6,1,48.53,400,None,226.5
4745.6,2,47.08,400,None,226.5
4745.6,3,47.81,400,None,226.4375
4750.6,0,200.12,2067,PowerBurst,31122.5390625
4750.6,1,47.93,400,None,226.5
4750.6,2,46.84,400,None,226.5
4750.6,3,47.14,400,None,226.4375
4755.6,0,199.60,2150,PowerBurst,31122.5390625
4755.6,1,47.54,400,None,226.5
4755.6,2,46.31,400,None,226.5
4755.6,3,46.96,400,None,226.4375
4760.6,0,200.52,2050,PowerBurst,31122.5390625
4760.6,1,47.70,400,None,226.5
4760.6,2,46.30,400,None,226.5
4760.6,3,47.00,400,None,226.4375
4765.6,0,199.64,2117,PowerBurst,31122.5390625
4765.6,1,48.35,400,None,226.5
4765.6,2,46.76,400,None,226.5
4765.6,3,47.56,400,None,226.4375
4770.6,0,200.38,2067,PowerBurst,31122.5390625
4770.6,1,48.41,400,None,226.5
4770.6,2,47.17,400,None,226.5
4770.6,3,47.85,400,None,226.4375
4775.6,0,199.99,2067,PowerBurst,31122.5390625
4775.6,1,48.06,400,None,226.5
4775.6,2,47.04,400,None,226.5
4775.6,3,47.71,400,None,226.4375
4780.6,0,199.50,2167,PowerBurst,31122.5390625
4780.6,1,48.28,400,None,226.5
4780.6,2,46.94,400,None,226.5
4780.6,3,47.75,400,None,226.4375
4785.6,0,199.83,2183,PowerBurst,31122.5390625
4785.6,1,48.28,400,None,226.5
4785.6,2,47.04,400,None,226.5
4785.6,3,47.80,400,None,226.4375
4790.6,0,200.25,2150,PowerBurst,31122.5390625
4790.6,1,48.21,400,None,226.5
4790.6,2,47.08,400,None,226.5
4790.6,3,47.82,400,None,226.4375
4795.6,0,200.51,2050,PowerBurst,31122.5390625
4795.6,1,47.54,400,None,226.5
4795.6,2,46.34,400,None,226.5
4795.6,3,46.92,400,None,226.4375
4800.6,0,200.08,2050,PowerBurst,31122.5390625
4800.6,1,47.65,400,None,226.5
4800.6,2,46.23,400,None,226.5
4800.6,3,47.06,400,None,226.4375
4805.6,0,199.85,2083,PowerBurst,31122.5390625
4805.6,1,48.07,400,None,226.5
4805.6,2,46.50,400,None,226.5
4805.6,3,47.30,400,None,226.4375
4810.6,0,199.66,2150,PowerBurst,31122.5390625
4810.6,1,48.50,400,None,226.5
4810.6,2,47.19,400,None,226.5
4810.6,3,47.84,400,None,226.4375
4815.6,0,199.66,2200,PowerBurst,31122.5390625
4815.6,1,48.12,400,None,226.5
4815.6,2,47.01,400,None,226.5
4815.6,3,47.64,400,None,226.4375
4820.6,0,200.59,2100,PowerBurst,31122.5390625
4820.6,1,48.33,400,None,226.5
4820.6,2,47.04,400,None,226.5
4820.6,3,47.84,400,None,226.4375
4825.6,0,199.64,2167,PowerBurst,31122.5390625
4825.6,1,48.40,400,None,226.5
4825.6,2,47.00,400,None,226.5
4825.6,3,47.80,400,None,226.4375
4830.6,0,199.62,2233,PowerBurst,31122.5390625
4830.6,1,48.29,400,None,226.5
4830.6,2,47.06,400,None,226.5
4830.6,3,47.93,400,None,226.4375
4835.6,0,200.01,2233,PowerBurst,31122.5390625
4835.6,1,47.85,400,None,226.5
4835.6,2,46.52,400,None,226.5
4835.6,3,47.10,400,None,226.4375
4840.6,0,200.24,2200,PowerBurst,31122.5390625
4840.6,1,47.65,400,None,226.5
4840.6,2,46.38,400,None,226.5
4840.6,3,47.06,400,None,226.4375
4845.6,0,199.86,2217,PowerBurst,31122.5390625
4845.6,1,47.83,400,None,226.5
4845.6,2,46.33,400,None,226.5
4845.6,3,47.09,400,None,226.4375
4850.6,0,199.92,2233,PowerBurst,31122.5390625
4850.6,1,48.35,400,None,226.5
4850.6,2,46.89,400,None,226.5
4850.6,3,47.78,400,None,226.4375
4855.6,0,200.17,2200,PowerBurst,31122.5390625
4855.6,1,48.19,400,None,226.5
4855.6,2,47.18,400,None,226.5
4855.6,3,47.57,400,None,226.4375
4860.6,0,200.86,2050,PowerBurst,31122.5390625
4860.6,1,48.16,400,None,226.5
4860.6,2,47.09,400,None,226.5
4860.6,3,47.75,400,None,226.4375
4865.6,0,199.02,2250,PowerBurst,31122.5390625
4865.6,1,48.42,400,None,226.5
4865.6,2,47.03,400,None,226.5
4865.6,3,47.83,400,None,226.4375
4870.6,0,200.45,2150,PowerBurst,31122.5390625
4870.6,1,48.43,400,None,226.5
4870.6,2,47.06,400,None,226.5
4870.6,3,47.83,400,None,226.4375
4875.6,0,199.40,2250,PowerBurst,31122.5390625
4875.6,1,48.20,400,None,226.5
4875.6,2,46.77,400,None,226.5
4875.6,3,47.39,400,None,226.4375
4880.6,0,201.11,2050,PowerBurst,31122.7265625
4880.6,1,47.60,400,None,226.5
4880.6,2,46.40,400,None,226.5
4880.6,3,47.00,400,None,226.4375
4885.6,0,199.11,2217,PowerBurst,31122.7265625
4885.6,1,47.74,400,None,226.5
4885.6,2,46.31,400,None,226.5
4885.6,3,47.17,400,None,226.4375
4890.6,0,199.89,2233,PowerBurst,31122.7265625
4890.6,1,48.01,400,None,226.5
4890.6,2,46.62,400,None,226.5
4890.6,3,47.49,400,None,226.4375
4895.6,0,200.40,2167,PowerBurst,31122.7265625
4895.6,1,48.24,400,None,226.5
4895.6,2,47.14,400,None,226.5
4895.6,3,47.99,400,None,226.4375
4900.6,0,190.00,2400,None,31122.7265625
4900.6,1,48.19,400,None,226.5
4900.6,2,47.08,400,None,226.5
4900.6,3,47.87,400,None,226.4375
4905.6,0,177.64,2400,None,31122.7265625
4905.6,1,48.43,400,None,226.5
4905.6,2,47.11,400,None,226.5
4905.6,3,48.03,400,None,226.4375
4910.6,0,173.54,2400,None,31122.7265625
4910.6,1,48.43,400,None,226.5
4910.6,2,47.08,400,None,226.5
4910.6,3,47.90,400,None,226.4375
4915.6,0,175.86,2400,None,31122.7265625
4915.6,1,48.41,400,None,226.5
4915.6,2,46.94,400,None,226.5
4915.6,3,47.83,400,None,226.4375
4920.6,0,178.31,2400,None,31122.7265625
4920.6,1,47.70,400,None,226.5
4920.6,2,46.46,400,None,226.5
4920.6,3,47.27,400,None,226.4375
4925.6,0,154.24,2400,None,226.5078125
4925.6,1,47.70,400,None,226.5
4925.6,2,46.50,400,None,226.5
4925.6,3,47.30,400,None,226.4375
4930.6,0,57.55,2250,None,235.30859375
4930.6,1,48.00,400,None,226.5
4930.6,2,46.44,400,None,226.5
4930.6,3,47.03,400,None,226.4375
4935.6,0,58.66,2250,None,235.30859375
4935.6,1,48.16,400,None,226.5
4935.6,2,46.95,400,None,226.5
4935.6,3,47.80,400,None,226.4375
4940.6,0,56.70,1500,None,244.09765625
4940.6,1,48.22,400,None,226.5
4940.6,2,46.97,400,None,226.5
4940.6,3,47.56,400,None,226.4375
4945.6,0,53.12,1500,None,244.09765625
4945.6,1,48.21,400,None,226.5
4945.6,2,47.10,400,None,226.5
4945.6,3,47.70,400,None,226.4375
4950.6,0,52.96,1400,None,426.26171875
4950.6,1,48.25,400,None,226.5
4950.6,2,47.00,400,None,226.5
4950.6,3,47.86,400,None,226.4375
4955.6,0,53.37,1450,None,417.47265625
4955.6,1,48.17,400,None,226.5
4955.6,2,47.00,400,None,226.5
4955.6,3,47.35,400,None,226.4375
4960.6,0,51.62,1300,None,426.28125
4960.6,1,48.13,400,None,226.5
4960.6,2,46.67,400,None,226.5
4960.6,3,47.17,400,None,226.4375
4965.6,0,50.95,2400,None,1123.35546875
4965.6,1,47.72,400,None,226.5
4965.6,2,46.41,400,None,226.5
4965.6,3,46.93,400,None,226.4375
4970.6,0,72.70,2400,None,9398.015625
4970.6,1,47.91,400,None,226.5
4970.6,2,46.34,400,None,226.5
4970.6,3,47.08,400,None,226.4375
4975.6,0,78.88,2400,None,14534.03515625
4975.6,1,48.09,400,None,226.5
4975.6,2,46.64,400,None,226.5
4975.6,3,47.46,400,None,226.4375
4980.6,0,77.49,2400,None,19076.59375
4980.6,1,48.21,400,None,226.5
4980.6,2,47.12,400,None,226.5
4980.6,3,47.53,400,None,226.4375
4985.6,0,73.21,2333,PowerBurst,20478.26953125
4985.6,1,48.18,400,None,226.5
4985.6,2,47.04,400,None,226.5
4985.7,3,47.68,400,None,226.4375
4990.6,0,176.91,2400,None,29495.453125
4990.6,1,48.55,400,None,226.5
4990.6,2,47.09,400,None,226.5
4990.7,3,47.83,400,None,226.4375
4995.6,0,54.17,1350,None,29497.453125
4995.6,1,48.41,400,None,226.5
4995.7,2,46.95,400,None,226.5
4995.7,3,47.69,400,None,226.4375
5000.6,0,50.02,650,None,28793.44921875
5000.6,1,48.48,400,None,226.5
5000.7,2,46.88,400,None,226.5
5000.7,3,47.45,400,None,226.4375
5005.6,0,48.82,400,None,28793.44921875
5005.6,1,47.73,400,None,226.5
5005.6,2,46.37,400,None,226.5
5005.6,3,46.87,400,None,226.4375
5010.6,0,48.64,400,None,28793.44921875
5010.6,1,47.85,400,None,226.5
5010.6,2,46.42,400,None,226.5
5010.6,3,46.95,400,None,226.4375
5015.7,0,49.80,2400,None,28915.01171875
5015.7,1,48.01,400,None,226.5
5015.7,2,46.32,400,None,226.5
5015.7,3,47.03,400,None,226.4375
5020.7,0,117.22,2300,PowerBurst,29563.17578125
5020.7,1,48.29,400,None,226.5
5020.7,2,47.13,400,None,226.5
5020.7,3,48.14,400,None,226.4375
5025.7,0,165.09,2400,None,29564.0546875
5025.7,1,48.33,400,None,226.5
5025.7,2,46.97,400,None,226.5
5025.7,3,47.77,400,None,226.4375
5030.7,0,166.35,2400,None,29564.0546875
5030.7,1,48.35,400,None,226.5
5030.7,2,47.16,400,None,226.5
5030.7,3,47.83,400,None,226.4375
5035.7,0,147.24,2400,None,29564.0546875
5035.7,1,48.44,400,None,226.5
5035.7,2,47.14,400,None,226.5
5035.7,3,47.93,400,None,226.4375
5040.7,0,109.89,2067,PowerBurst,31122.5
5040.7,1,48.30,400,None,226.5
5040.7,2,47.07,400,None,226.5
5040.7,3,47.37,400,None,226.4375
5045.7,0,200.07,2033,PowerBurst,31122.5
5045.7,1,48.04,400,None,226.5
5045.7,2,46.62,400,None,226.5
5045.7,3,47.23,400,None,226.4375
5050.7,0,199.60,2083,PowerBurst,31122.5
5050.7,1,47.71,400,None,226.5
5050.7,2,46.44,400,None,226.5
5050.7,3,47.05,400,None,226.4375
5055.7,0,200.41,2033,PowerBurst,31122.5625
5055.7,1,47.87,400,None,226.5
5055.7,2,46.44,400,None,226.5
5055.7,3,47.05,400,None,226.4375
5060.7,0,199.95,2050,PowerBurst,31122.5625
5060.7,1,48.02,400,None,226.5
5060.7,2,46.79,400,None,226.5
5060.7,3,47.48,400,None,226.4375
5065.7,0,199.38,2150,PowerBurst,31122.5625
5065.7,1,48.23,400,None,226.5
5065.7,2,46.96,400,None,226.5
5065.7,3,47.62,400,None,226.4375
5070.7,0,200.13,2117,PowerBurst,31122.5625
5070.7,1,48.34,400,None,226.5
5070.7,2,47.09,400,None,226.5
5070.7,3,47.80,400,None,226.4375
5075.7,0,200.39,2050,PowerBurst,31122.5625
5075.7,1,48.37,400,None,226.5
5075.7,2,47.18,400,None,226.5
5075.7,3,47.90,400,None,226.4375
5080.7,0,200.18,2033,PowerBurst,31122.5625
5080.7,1,48.22,400,None,226.5
5080.7,2,47.11,400,None,226.5
5080.7,3,47.48,400,None,226.4375
5085.7,0,199.83,2067,PowerBurst,31122.5625
5085.7,1,48.18,400,None,226.5
5085.7,2,46.85,400,None,226.5
5085.7,3,47.57,400,None,226.4375
5090.7,0,199.21,2200,PowerBurst,31122.5625
5090.7,1,47.70,400,None,226.5
5090.7,2,46.40,400,None,226.5
5090.7,3,47.04,400,None,226.4375
5095.7,0,200.51,2100,PowerBurst,31122.5625
5095.7,1,47.90,400,None,226.5
5095.7,2,46.52,400,None,226.5
5095.7,3,47.20,400,None,226.4375
5100.7,0,200.01,2100,PowerBurst,31122.5625
5100.7,1,47.98,400,None,226.5
5100.7,2,46.50,400,None,226.5
5100.7,3,47.22,400,None,226.4375
5105.7,0,199.64,2183,PowerBurst,31122.5625
5105.7,1,48.25,400,None,226.5
5105.7,2,46.90,400,None,226.5
5105.7,3,47.62,400,None,226.4375
5110.7,0,200.06,2167,PowerBurst,31122.5625
5110.7,1,48.34,400,None,226.5
5110.7,2,47.08,400,None,226.5
5110.7,3,47.81,400,None,226.4375
5115.7,0,200.01,2167,PowerBurst,31122.5625
5115.7,1,48.23,400,None,226.5
5115.7,2,47.16,400,None,226.5
5115.7,3,47.90,400,None,226.4375
5120.7,0,200.61,2067,PowerBurst,31122.5625
5120.7,1,48.19,400,None,226.5
5120.7,2,47.18,400,None,226.5
5120.7,3,47.89,400,None,226.4375
5125.7,0,200.14,2033,PowerBurst,31122.5625
5125.7,1,48.31,400,None,226.5
5125.7,2,46.90,400,None,226.5
5125.7,3,47.62,400,None,226.4375
5130.7,0,199.78,2067,PowerBurst,31122.5625
5130.7,1,47.88,400,None,226.5
5130.7,2,46.51,400,None,226.5
5130.7,3,47.24,400,None,226.4375
5135.7,0,199.72,2117,PowerBurst,31122.5625
5135.7,1,47.82,400,None,226.5
5135.7,2,46.47,400,None,226.5
5135.7,3,47.25,400,None,226.4375
5140.7,0,199.63,2200,PowerBurst,31122.5625
5140.7,1,47.75,400,None,226.5
5140.7,2,46.42,400,None,226.5
5140.7,3,47.04,400,None,226.4375
5145.7,0,200.66,2067,PowerBurst,31122.5625
5145.7,1,48.25,400,None,226.5
5145.7,2,46.76,400,None,226.5
5145.7,3,47.50,400,None,226.4375
5150.7,0,199.32,2217,PowerBurst,31122.5625
5150.7,1,48.37,400,None,226.5
5150.7,2,47.02,400,None,226.5
5150.7,3,47.78,400,None,226.4375
5155.7,0,199.77,2250,PowerBurst,31122.5625
5155.7,1,48.23,400,None,226.5
5155.7,2,47.15,400,None,226.5
5155.7,3,47.93,400,None,226.4375
5160.7,0,200.84,2100,PowerBurst,31122.5625
5160.7,1,48.29,400,None,226.5
5160.7,2,47.20,400,None,226.5
5160.7,3,48.02,400,None,226.4375
5165.7,0,200.02,2100,PowerBurst,31122.5625
5165.7,1,48.31,400,None,226.5
5165.7,2,46.92,400,None,226.5
5165.7,3,47.62,400,None,226.4375
5170.7,0,200.09,2083,PowerBurst,31122.5625
5170.7,1,48.02,400,None,226.5
5170.7,2,46.71,400,None,226.5
5170.7,3,47.52,400,None,226.4375
5175.7,0,199.83,2133,PowerBurst,31122.5625
5175.7,1,47.87,400,None,226.5
5175.7,2,46.45,400,None,226.5
5175.7,3,47.24,400,None,226.4375
5180.7,0,199.36,2233,PowerBurst,31122.5625
5180.7,1,47.71,400,None,226.5
5180.7,2,46.48,400,None,226.5
5180.7,3,47.03,400,None,226.4375
5185.7,0,200.13,2200,PowerBurst,31122.5625
5185.7,1,48.11,400,None,226.5
5185.7,2,46.59,400,None,226.5
5185.7,3,47.34,400,None,226.4375
5190.7,0,200.69,2083,PowerBurst,31122.5625
5190.7,1,48.35,400,None,226.5
5190.7,2,46.92,400,None,226.5
5190.7,3,47.77,400,None,226.4375
5195.7,0,199.27,2217,PowerBurst,31122.5625
5195.7,1,48.47,400,None,226.5
5195.7,2,47.09,400,None,226.5
5195.7,3,48.00,400,None,226.4375
5200.7,0,200.78,2083,PowerBurst,31122.5625
5200.7,1,48.03,400,None,226.5
5200.7,2,47.19,400,None,226.5
5200.7,3,47.92,400,None,226.4375
5205.7,0,199.34,2200,PowerBurst,31122.5625
5205.7,1,48.33,400,None,226.5
5205.7,2,47.01,400,None,226.5
5205.7,3,47.67,400,None,226.4375
5210.7,0,199.80,2233,PowerBurst,31122.5625
5210.7,1,48.37,400,None,226.5
5210.7,2,46.91,400,None,226.5
5210.7,3,47.70,400,None,226.4375
5215.7,0,200.89,2083,PowerBurst,31122.5625
5215.7,1,47.81,400,None,226.5
5215.7,2,46.32,400,None,226.5
5215.7,3,47.24,400,None,226.4375
5220.7,0,199.80,2100,PowerBurst,31122.5625
5220.7,1,47.57,400,None,226.5
5220.7,2,46.36,400,None,226.5
5220.7,3,47.01,400,None,226.4375
5225.7,0,199.65,2183,PowerBurst,31122.5625
5225.7,1,47.93,400,None,226.5
5225.7,2,46.49,400,None,226.5
5225.7,3,47.12,400,None,226.4375
5230.7,0,199.83,2217,PowerBurst,31122.5625
5230.7,1,48.37,400,None,226.5
5230.7,2,46.97,400,None,226.5
5230.7,3,47.80,400,None,226.4375
5235.7,0,199.55,2300,PowerBurst,31122.5625
5235.7,1,48.54,400,None,226.5
5235.7,2,47.10,400,None,226.5
5235.7,3,48.01,400,None,226.4375
5240.7,0,179.90,2400,None,31122.5625
5240.7,1,48.12,400,None,226.5
5240.7,2,47.24,400,None,226.5
5240.7,3,48.04,400,None,226.4375
5245.7,0,177.26,2400,None,31122.5625
5245.7,1,48.38,400,None,226.5
5245.7,2,47.05,400,None,226.5
5245.7,3,47.84,400,None,226.4375
5250.7,0,173.15,2400,None,31122.5625
5250.7,1,48.46,400,None,226.5
5250.7,2,47.03,400,None,226.5
5250.7,3,47.89,400,None,226.4375
5255.7,0,177.05,2400,None,31122.5625
5255.7,1,47.90,400,None,226.5
5255.7,2,46.64,400,None,226.5
5255.7,3,47.54,400,None,226.4375
5260.7,0,177.61,2400,None,31122.5625
5260.7,1,47.48,400,None,226.5
5260.7,2,46.33,400,None,226.5
5260.7,3,47.18,400,None,226.4375
5265.7,0,96.10,2400,None,226.5078125
5265.7,1,47.90,400,None,226.5
5265.7,2,46.46,400,None,226.5
5265.7,3,46.97,400,None,226.4375
5270.7,0,57.70,2200,None,235.31640625
5270.7,1,48.49,400,None,226.5
5270.7,2,46.78,400,None,226.5
5270.7,3,47.73,400,None,226.4375
5275.7,0,58.02,1500,None,237.76953125
5275.7,1,48.41,400,None,226.5
5275.7,2,47.03,400,None,226.5
5275.7,3,47.82,400,None,226.4375
5280.7,0,53.38,1500,None,244.10546875
5280.7,1,48.05,400,None,226.5
5280.7,2,47.10,400,None,226.5
5280.7,3,47.94,400,None,226.4375
5285.7,0,52.58,1100,None,426.26953125
5285.7,1,48.19,400,None,226.5
5285.7,2,47.04,400,None,226.5
5285.7,3,47.55,400,None,226.4375
5290.7,0,51.98,1800,None,417.484375
5290.7,1,48.48,400,None,226.5
5290.7,2,47.12,400,None,226.5
5290.7,3,47.63,400,None,226.4375
5295.7,0,53.40,1150,None,426.265625
5295.7,1,48.22,400,None,226.5
5295.7,2,46.73,400,None,226.5
5295.7,3,47.45,400,None,226.4375
5300.7,0,50.00,1150,None,426.265625
5300.7,1,47.40,400,None,226.5
5300.7,2,46.28,400,None,226.5
5300.7,3,47.12,400,None,226.4375
5305.7,0,56.93,2400,None,7426
5305.7,1,47.69,400,None,226.5
5305.7,2,46.39,400,None,226.5
5305.7,3,46.95,400,None,226.4375
5310.7,0,78.08,2400,None,11796.015625
5310.7,1,48.13,400,None,226.5
5310.7,2,46.69,400,None,226.5
5310.7,3,47.32,400,None,226.4375
5315.7,0,79.33,2250,None,16760.03515625
5315.7,1,48.45,400,None,226.5
5315.7,2,46.98,400,None,226.5
5315.7,3,47.76,400,None,226.4375
5320.7,0,68.13,2400,None,19449.6953125
5320.7,1,48.11,400,None,226.5
5320.7,2,47.04,400,None,226.5
5320.7,3,47.90,400,None,226.4375
5325.7,0,135.74,2283,PowerBurst,20486.40234375
5325.7,1,48.23,400,None,226.5
5325.7,2,47.03,400,None,226.5
5325.7,3,47.58,400,None,226.4375
5330.7,0,117.79,2400,None,29495.4453125
5330.7,1,48.27,400,None,226.5
5330.7,2,47.14,400,None,226.5
5330.7,3,47.71,400,None,226.4375
5335.7,0,50.52,750,None,29497.4453125
5335.7,1,48.56,400,None,226.5
5335.7,2,46.96,400,None,226.5
5335.7,3,47.69,400,None,226.4375
5340.7,0,48.64,400,None,28793.44140625
5340.7,1,47.44,400,None,226.5
5340.7,2,46.30,400,None,226.5
5340.7,3,47.05,400,None,226.4375
5345.7,0,48.57,400,None,28793.44140625
5345.7,1,47.61,400,None,226.5
5345.7,2,46.32,400,None,226.5
5345.7,3,46.78,400,None,226.4375
5350.7,0,49.59,2400,None,28915.00390625
5350.7,1,47.99,400,None,226.5
5350.7,2,46.48,400,None,226.5
5350.7,3,46.93,400,None,226.4375
5355.7,0,64.73,2400,None,28961.53515625
5355.7,1,48.48,400,None,226.5
5355.7,2,47.01,400,None,226.5
5355.7,3,47.68,400,None,226.4375
5360.7,0,163.71,2400,None,29564.04296875
5360.7,1,48.31,400,None,226.5
5360.7,2,47.05,400,None,226.5
5360.7,3,47.76,400,None,226.4375
5365.7,0,145.62,2400,None,29564.04296875
5365.7,1,48.30,400,None,226.5
5365.7,2,46.91,400,None,226.5
5365.7,3,47.78,400,None,226.4375
5370.7,0,165.76,2400,None,29564.04296875
5370.7,1,48.38,400,None,226.5
5370.7,2,46.98,400,None,226.5
5370.7,3,47.71,400,None,226.4375
5375.7,0,126.07,2400,None,29564.04296875
5375.7,1,48.58,400,None,226.5
5375.7,2,47.14,400,None,226.5
5375.7,3,48.03,400,None,226.4375
5380.7,0,190.18,2017,PowerBurst,31122.48828125
5380.7,1,47.73,400,None,226.5
5380.7,2,46.68,400,None,226.5
5380.7,3,47.34,400,None,226.4375
5385.7,0,199.91,2033,PowerBurst,31122.48828125
5385.7,1,47.55,400,None,226.5
5385.7,2,46.18,400,None,226.5
5385.7,3,46.86,400,None,226.4375
5390.7,0,199.86,2067,PowerBurst,31122.55078125
5390.7,1,47.82,400,None,226.5
5390.7,2,46.45,400,None,226.5
5390.7,3,47.05,400,None,226.4375
5395.7,0,200.19,2017,PowerBurst,31122.55078125
5395.7,1,48.29,400,None,226.5
5395.7,2,46.89,400,None,226.5
5395.7,3,47.48,400,None,226.4375
5400.7,0,199.55,2100,PowerBurst,31122.55078125
5400.7,1,48.29,400,None,226.5
5400.7,2,47.05,400,None,226.5
5400.7,3,47.84,400,None,226.4375
5405.7,0,200.03,2083,PowerBurst,31122.55078125
5405.7,1,48.23,400,None,226.5
5405.7,2,47.10,400,None,226.5
5405.7,3,47.62,400,None,226.4375
5410.7,0,199.66,2167,PowerBurst,31122.55078125
5410.7,1,48.36,400,None,226.5
5410.7,2,47.05,400,None,226.5
5410.7,3,47.72,400,None,226.4375
5415.7,0,200.33,2100,PowerBurst,31122.55078125
5415.7,1,48.35,400,None,226.5
5415.7,2,47.19,400,None,226.5
5415.7,3,47.76,400,None,226.4375
5420.7,0,200.10,2083,PowerBurst,31122.55078125
5420.7,1,48.44,400,None,226.5
5420.7,2,47.01,400,None,226.5
5420.7,3,47.76,400,None,226.4375
5425.7,0,199.52,2167,PowerBurst,31122.55078125
5425.7,1,47.47,400,None,226.5
5425.7,2,46.12,400,None,226.5
5425.7,3,46.83,400,None,226.4375
5430.7,0,200.47,2083,PowerBurst,31122.55078125
5430.7,1,47.71,400,None,226.5
5430.7,2,46.33,400,None,226.5
5430.7,3,47.05,400,None,226.4375
5435.7,0,200.11,2067,PowerBurst,31122.55078125
5435.7,1,48.02,400,None,226.5
5435.7,2,46.68,400,None,226.5
5435.7,3,47.25,400,None,226.4375
5440.7,0,199.98,2083,PowerBurst,31122.55078125
5440.7,1,48.33,400,None,226.5
5440.7,2,47.07,400,None,226.5
5440.7,3,47.89,400,None,226.4375
5445.7,0,199.19,2217,PowerBurst,31122.55078125
5445.7,1,48.01,400,None,226.5
5445.7,2,47.08,400,None,226.5
5445.7,3,47.89,400,None,226.4375
5450.7,0,200.87,2050,PowerBurst,31122.55078125
5450.7,1,48.33,400,None,226.5
5450.7,2,46.97,400,None,226.5
5450.7,3,47.75,400,None,226.4375
5455.7,0,199.27,2183,PowerBurst,31122.55078125
5455.7,1,48.39,400,None,226.5
5455.7,2,47.13,400,None,226.5
5455.7,3,47.80,400,None,226.4375
5460.7,0,199.92,2200,PowerBurst,31122.55078125
5460.7,1,48.52,400,None,226.5
5460.7,2,47.22,400,None,226.5
5460.7,3,47.87,400,None,226.4375
5465.7,0,199.97,2217,PowerBurst,31122.55078125
5465.7,1,47.72,400,None,226.5
5465.7,2,46.35,400,None,226.5
5465.7,3,47.02,400,None,226.4375
5470.7,0,200.21,2183,PowerBurst,31122.55078125
5470.7,1,47.65,400,None,226.5
5470.7,2,46.18,400,None,226.5
5470.7,3,47.02,400,None,226.4375
5475.7,0,200.70,2050,PowerBurst,31122.55078125
5475.7,1,47.90,400,None,226.5
5475.7,2,46.49,400,None,226.5
5475.7,3,47.14,400,None,226.4375
5480.7,0,199.09,2217,PowerBurst,31122.55078125
5480.7,1,48.39,400,None,226.5
5480.7,2,47.06,400,None,226.5
5480.7,3,47.73,400,None,226.4375
5485.7,0,201.03,2050,PowerBurst,31122.55078125
5485.7,1,48.03,400,None,226.5
5485.7,2,47.07,400,None,226.5
5485.7,3,47.92,400,None,226.4375
5490.7,0,199.16,2200,PowerBurst,31122.55078125
5490.7,1,48.33,400,None,226.5
5490.7,2,46.94,400,None,226.5
5490.7,3,47.78,400,None,226.4375
5495.7,0,199.81,2250,PowerBurst,31122.55078125
5495.7,1,48.44,400,None,226.5
5495.7,2,47.08,400,None,226.5
5495.7,3,47.80,400,None,226.4375
5500.7,0,200.17,2217,PowerBurst,31122.55078125
5500.7,1,48.32,400,None,226.5
5500.7,2,47.20,400,None,226.5
5500.7,3,47.96,400,None,226.4375
5505.7,0,199.94,2233,PowerBurst,31122.55078125
5505.7,1,48.01,400,None,226.5
5505.7,2,46.91,400,None,226.5
5505.7,3,47.34,400,None,226.4375
5510.7,0,199.95,2233,PowerBurst,31122.55078125
5510.7,1,47.58,400,None,226.5
5510.7,2,46.19,400,None,226.5
5510.7,3,47.00,400,None,226.4375
5515.7,0,200.17,2217,PowerBurst,31122.55078125
5515.7,1,47.83,400,None,226.5
5515.7,2,46.36,400,None,226.5
5515.7,3,47.17,400,None,226.4375
5520.7,0,200.19,2167,PowerBurst,31122.55078125
5520.7,1,48.18,400,None,226.5
5520.7,2,46.82,400,None,226.5
5520.7,3,47.52,400,None,226.4375
5525.7,0,200.29,2133,PowerBurst,31122.55078125
5525.7,1,48.39,400,None,226.5
5525.7,2,47.12,400,None,226.5
5525.7,3,47.90,400,None,226.4375
5530.7,0,199.37,2233,PowerBurst,31122.55078125
5530.7,1,48.05,400,None,226.5
5530.7,2,46.90,400,None,226.5
5530.7,3,47.66,400,None,226.4375
5535.7,0,200.70,2117,PowerBurst,31122.55078125
5535.7,1,48.43,400,None,226.5
5535.7,2,47.06,400,None,226.5
5535.7,3,47.88,400,None,226.4375
5540.7,0,199.46,2217,PowerBurst,31122.55078125
5540.7,1,48.26,400,None,226.5
5540.7,2,47.14,400,None,226.5
5540.7,3,47.89,400,None,226.4375
5545.7,0,199.87,2233,PowerBurst,31122.55078125
5545.7,1,48.27,400,None,226.5
5545.7,2,47.25,400,None,226.5
5545.7,3,48.02,400,None,226.4375
5550.7,0,200.89,2083,PowerBurst,31122.55078125
5550.7,1,47.64,400,None,226.5
5550.7,2,46.22,400,None,226.5
5550.7,3,46.97,400,None,226.4375
5555.7,0,199.43,2183,PowerBurst,31122.73828125
5555.7,1,47.81,400,None,226.5
5555.7,2,46.29,400,None,226.5
5555.7,3,47.18,400,None,226.4375
5560.7,0,199.86,2217,PowerBurst,31122.73828125
5560.7,1,47.95,400,None,226.5
5560.7,2,46.51,400,None,226.5
5560.7,3,47.26,400,None,226.4375
5565.7,0,199.92,2217,PowerBurst,31122.73828125
5565.7,1,48.40,400,None,226.5
5565.7,2,47.19,400,None,226.5
5565.7,3,47.90,400,None,226.4375
5570.7,0,200.00,2233,PowerBurst,31122.73828125
5570.7,1,48.07,400,None,226.5
5570.7,2,46.91,400,None,226.5
5570.7,3,47.65,400,None,226.4375
5575.7,0,200.33,2183,PowerBurst,31122.73828125
5575.7,1,48.25,400,None,226.5
5575.7,2,46.94,400,None,226.5
5575.7,3,47.92,400,None,226.4375
5580.7,0,184.06,2400,None,31122.73828125
5580.7,1,48.50,400,None,226.5
5580.7,2,47.15,400,None,226.5
5580.7,3,47.96,400,None,226.4375
5585.7,0,174.30,2400,None,31122.73828125
5585.7,1,48.17,400,None,226.5
5585.7,2,47.27,400,None,226.5
5585.7,3,48.11,400,None,226.4375
5590.7,0,174.30,2400,None,31122.73828125
5590.7,1,47.92,400,None,226.5
5590.7,2,46.62,400,None,226.5
5590.7,3,47.45,400,None,226.4375
5595.7,0,176.90,2400,None,31122.73828125
5595.7,1,47.74,400,None,226.5
5595.7,2,46.32,400,None,226.5
5595.7,3,47.29,400,None,226.4375
5600.7,0,177.29,2400,None,31122.73828125
5600.7,1,47.91,400,None,226.5
5600.7,2,46.47,400,None,226.5
5600.7,3,47.39,400,None,226.4375
5605.7,0,129.60,2400,None,226.5078125
5605.7,1,48.17,400,None,226.5
5605.7,2,47.00,400,None,226.5
5605.7,3,47.60,400,None,226.4375
5610.7,0,57.16,1650,None,235.28515625
5610.7,1,48.17,400,None,226.5
5610.7,2,46.97,400,None,226.5
5610.7,3,47.45,400,None,226.4375
5615.7,0,53.77,1650,None,235.28515625
5615.7,1,48.19,400,None,226.5
5615.7,2,46.92,400,None,226.5
5615.7,3,47.69,400,None,226.4375
5620.7,0,51.74,1050,None,244.07421875
5620.7,1,48.40,400,None,226.5
5620.7,2,46.99,400,None,226.5
5620.7,3,47.87,400,None,226.4375
5625.7,0,52.12,1550,None,426.2421875
5625.7,1,48.38,400,None,226.5
5625.7,2,47.12,400,None,226.5
5625.7,3,47.73,400,None,226.4375
5630.7,0,52.89,1550,None,235.28515625
5630.7,1,48.28,400,None,226.5
5630.7,2,46.98,400,None,226.5
5630.7,3,47.43,400,None,226.4375
5635.7,0,51.12,1450,None,417.453125
5635.7,1,47.67,400,None,226.5
5635.7,2,46.19,400,None,226.5
5635.7,3,46.88,400,None,226.4375
5640.7,0,50.74,1250,None,426.25390625
5640.7,1,47.76,400,None,226.5
5640.7,2,46.24,400,None,226.5
5640.7,3,46.96,400,None,226.4375
5645.7,0,51.92,2150,None,3643.31640625
5645.7,1,48.07,400,None,226.5
5645.7,2,46.52,400,None,226.5
5645.7,3,47.12,400,None,226.4375
5650.7,0,75.49,2400,None,10164
5650.7,1,48.09,400,None,226.5
5650.7,2,47.20,400,None,226.5
5650.7,3,47.88,400,None,226.4375
5655.7,0,79.43,2400,None,15214.015625
5655.7,1,48.19,400,None,226.5
5655.7,2,46.90,400,None,226.5
5655.7,3,47.64,400,None,226.4375
5660.7,0,75.74,1600,None,19072.03125
5660.7,1,48.36,400,None,226.5
5660.7,2,46.95,400,None,226.5
5660.7,3,47.82,400,None,226.4375
5665.7,0,96.43,2283,PowerBurst,20486.390625
5665.7,1,48.35,400,None,226.5
5665.7,2,47.09,400,None,226.5
5665.7,3,47.88,400,None,226.4375
5670.7,0,160.35,2400,None,29495.43359375
5670.7,1,48.06,400,None,226.5
5670.7,2,47.26,400,None,226.5
5670.7,3,47.61,400,None,226.4375
5675.7,0,51.69,1100,None,29497.43359375
5675.7,1,47.89,400,None,226.5
5675.7,2,46.57,400,None,226.5
5675.7,3,46.98,400,None,226.4375
5680.7,0,49.42,450,None,28793.4296875
5680.7,1,47.89,400,None,226.5
5680.7,2,46.20,400,None,226.5
5680.7,3,46.91,400,None,226.4375
5685.7,0,48.78,400,None,28793.4296875
5685.7,1,48.11,400,None,226.5
5685.7,2,46.37,400,None,226.5
5685.7,3,46.96,400,None,226.4375
5690.7,0,49.48,400,None,28793.6796875
5690.7,1,48.21,400,None,226.5
5690.7,2,46.91,400,None,226.5
5690.7,3,47.45,400,None,226.4375
5695.7,0,55.23,2400,None,28914.9921875
5695.7,1,48.12,400,None,226.5
5695.7,2,47.04,400,None,226.5
5695.7,3,47.54,400,None,226.4375
5700.7,0,135.11,2050,PowerBurst,29564.03515625
5700.7,1,48.28,400,None,226.5
5700.7,2,46.86,400,None,226.5
5700.7,3,47.62,400,None,226.4375
5705.7,0,155.77,2400,None,29564.03515625
5705.7,1,48.53,400,None,226.5
5705.7,2,47.12,400,None,226.5
5705.7,3,47.93,400,None,226.4375
5710.7,0,167.19,2400,None,29564.03515625
5710.7,1,48.16,400,None,226.5
5710.7,2,47.20,400,None,226.5
5710.7,3,47.93,400,None,226.4375
5715.7,0,141.92,2400,None,29564.03515625
5715.7,1,48.26,400,None,226.5
5715.7,2,46.99,400,None,226.5
5715.8,3,47.75,400,None,226.4375
5720.8,0,169.71,2017,PowerBurst,31122.48046875
5720.8,1,47.75,400,None,226.5
5720.8,2,46.27,400,None,226.5
5720.8,3,46.99,400,None,226.4375
5725.8,0,200.03,2017,PowerBurst,31122.48046875
5725.8,1,47.93,400,None,226.5
5725.8,2,46.28,400,None,226.5
5725.8,3,47.12,400,None,226.4375
5730.8,0,199.77,2050,PowerBurst,31122.54296875
5730.8,1,47.82,400,None,226.5
5730.8,2,46.69,400,None,226.5
5730.8,3,47.27,400,None,226.4375
5735.8,0,199.82,2083,PowerBurst,31122.54296875
5735.8,1,48.23,400,None,226.5
5735.8,2,47.26,400,None,226.5
5735.8,3,47.50,400,None,226.4375
5740.8,0,200.29,2033,PowerBurst,31122.54296875
5740.8,1,48.31,400,None,226.5
5740.8,2,46.97,400,None,226.5
5740.8,3,47.67,400,None,226.4375
5745.8,0,199.32,2150,PowerBurst,31122.54296875
5745.8,1,48.39,400,None,226.5
5745.8,2,47.05,400,None,226.5
5745.8,3,47.89,400,None,226.4375
5750.8,0,200.57,2050,PowerBurst,31122.54296875
5750.8,1,48.45,400,None,226.5
5750.8,2,47.14,400,None,226.5
5750.8,3,47.84,400,None,226.4375
5755.8,0,199.28,2183,PowerBurst,31122.54296875
5755.8,1,48.14,400,None,226.5
5755.8,2,47.04,400,None,226.5
5755.8,3,47.53,400,None,226.4375
5760.8,0,200.25,2150,PowerBurst,31122.54296875
5760.8,1,47.88,400,None,226.5
5760.8,2,46.53,400,None,226.5
5760.8,3,47.17,400,None,226.4375
5765.8,0,200.27,2083,PowerBurst,31122.54296875
5765.8,1,47.85,400,None,226.5
5765.8,2,46.29,400,None,226.5
5765.8,3,47.15,400,None,226.4375
5770.8,0,199.73,2150,PowerBurst,31122.54296875
5770.8,1,47.69,400,None,226.5
5770.8,2,46.43,400,None,226.5
5770.8,3,47.19,400,None,226.4375
5775.8,0,200.30,2100,PowerBurst,31122.54296875
5775.8,1,48.09,400,None,226.5
5775.8,2,47.10,400,None,226.5
5775.8,3,47.71,400,None,226.4375
5780.8,0,200.02,2100,PowerBurst,31122.54296875
5780.8,1,48.32,400,None,226.5
5780.8,2,47.01,400,None,226.5
5780.8,3,47.73,400,None,226.4375
5785.8,0,199.37,2200,PowerBurst,31122.54296875
5785.8,1,48.44,400,None,226.5
5785.8,2,47.00,400,None,226.5
5785.8,3,47.85,400,None,226.4375
5790.8,0,200.90,2033,PowerBurst,31122.54296875
5790.8,1,48.43,400,None,226.5
5790.8,2,47.09,400,None,226.5
5790.8,3,47.87,400,None,226.4375
5795.8,0,199.23,2183,PowerBurst,31122.54296875
5795.8,1,48.13,400,None,226.5
5795.8,2,46.97,400,None,226.5
5795.8,3,47.52,400,None,226.4375
5800.8,0,199.86,2217,PowerBurst,31122.54296875
5800.8,1,48.14,400,None,226.5
5800.8,2,46.87,400,None,226.5
5800.8,3,47.44,400,None,226.4375
5805.8,0,199.98,2217,PowerBurst,31122.54296875
5805.8,1,47.85,400,None,226.5
5805.8,2,46.29,400,None,226.5
5805.8,3,47.14,400,None,226.4375
5810.8,0,200.07,2217,PowerBurst,31122.54296875
5810.8,1,47.87,400,None,226.5
5810.8,2,46.31,400,None,226.5
5810.8,3,47.29,400,None,226.4375
5815.8,0,200.73,2067,PowerBurst,31122.54296875
5815.8,1,47.83,400,None,226.5
5815.8,2,46.80,400,None,226.5
5815.8,3,47.43,400,None,226.4375
5820.8,0,198.97,2250,PowerBurst,31122.54296875
5820.8,1,48.24,400,None,226.5
5820.8,2,47.07,400,None,226.5
5820.8,3,47.65,400,None,226.4375
5825.8,0,200.66,2150,PowerBurst,31122.54296875
5825.8,1,48.43,400,None,226.5
5825.8,2,47.05,400,None,226.5
5825.8,3,47.86,400,None,226.4375
5830.8,0,199.68,2200,PowerBurst,31122.54296875
5830.8,1,48.28,400,None,226.5
5830.8,2,47.05,400,None,226.5
5830.8,3,48.05,400,None,226.4375
5835.8,0,200.04,2200,PowerBurst,31122.54296875
5835.8,1,48.14,400,None,226.5
5835.8,2,47.13,400,None,226.5
5835.8,3,47.91,400,None,226.4375
5840.8,0,200.34,2133,PowerBurst,31122.54296875
5840.8,1,48.23,400,None,226.5
5840.8,2,47.10,400,None,226.5
5840.8,3,47.65,400,None,226.4375
5845.8,0,200.07,2133,PowerBurst,31122.54296875
5845.8,1,47.86,400,None,226.5
5845.8,2,46.45,400,None,226.5
5845.8,3,47.16,400,None,226.4375
5850.8,0,200.03,2133,PowerBurst,31122.54296875
5850.8,1,47.99,400,None,226.5
5850.8,2,46.33,400,None,226.5
5850.8,3,47.28,400,None,226.4375
5855.8,0,199.57,2217,PowerBurst,31122.54296875
5855.8,1,47.71,400,None,226.5
5855.8,2,46.44,400,None,226.5
5855.8,3,47.08,400,None,226.4375
5860.8,0,199.96,2217,PowerBurst,31122.54296875
5860.8,1,48.25,400,None,226.5
5860.8,2,47.01,400,None,226.5
5860.8,3,47.62,400,None,226.4375
5865.8,0,200.77,2083,PowerBurst,31122.54296875
5865.8,1,48.39,400,None,226.5
5865.8,2,47.12,400,None,226.5
5865.8,3,47.81,400,None,226.4375
5870.8,0,199.13,2233,PowerBurst,31122.54296875
5870.8,1,48.47,400,None,226.5
5870.8,2,47.01,400,None,226.5
5870.8,3,47.95,400,None,226.4375
5875.8,0,200.71,2100,PowerBurst,31122.54296875
5875.8,1,48.19,400,None,226.5
5875.8,2,47.09,400,None,226.5
5875.8,3,47.99,400,None,226.4375
5880.8,0,199.34,2233,PowerBurst,31122.54296875
5880.8,1,48.17,400,None,226.5
5880.8,2,47.04,400,None,226.5
5880.8,3,47.61,400,None,226.4375
5885.8,0,200.74,2100,PowerBurst,31122.54296875
5885.8,1,48.14,400,None,226.5
5885.8,2,46.84,400,None,226.5
5885.8,3,47.43,400,None,226.4375
5890.8,0,199.63,2167,PowerBurst,31122.54296875
5890.8,1,47.92,400,None,226.5
5890.8,2,46.34,400,None,226.5
5890.8,3,47.28,400,None,226.4375
5895.8,0,199.92,2217,PowerBurst,31127.796875
5895.8,1,47.66,400,None,226.5
5895.8,2,46.37,400,None,226.5
5895.8,3,47.22,400,None,226.4375
5900.8,0,199.87,2233,PowerBurst,31127.796875
5900.8,1,47.94,400,None,226.5
5900.8,2,46.86,400,None,226.5
5900.8,3,47.34,400,None,226.4375
5905.8,0,199.88,2233,PowerBurst,31127.796875
5905.8,1,48.36,400,None,226.5
5905.8,2,47.13,400,None,226.5
5905.8,3,47.77,400,None,226.4375
5910.8,0,200.33,2183,PowerBurst,31127.796875
5910.8,1,48.57,400,None,226.5
5910.8,2,47.05,400,None,226.5
5910.8,3,47.98,400,None,226.4375
5915.8,0,200.70,2083,PowerBurst,31127.796875
5915.8,1,48.34,400,None,226.5
5915.8,2,47.09,400,None,226.5
5915.8,3,47.98,400,None,226.4375
5920.8,0,199.47,2167,PowerBurst,31127.796875
5920.8,1,48.18,400,None,226.5
5920.8,2,46.95,400,None,226.5
5920.8,3,47.61,400,None,226.4375
5925.8,0,182.33,2400,None,31127.796875
5925.8,1,48.17,400,None,226.5
5925.8,2,47.11,400,None,226.5
5925.8,3,47.75,400,None,226.4375
5930.8,0,177.66,2400,None,31127.796875
5930.8,1,47.85,400,None,226.5
5930.8,2,46.53,400,None,226.5
5930.8,3,47.39,400,None,226.4375
5935.8,0,177.82,2400,None,31127.796875
5935.8,1,47.63,400,None,226.5
5935.8,2,46.48,400,None,226.5
5935.8,3,47.47,400,None,226.4375
5940.8,0,178.03,2400,None,31127.796875
5940.8,1,47.77,400,None,226.5
5940.8,2,46.56,400,None,226.5
5940.8,3,47.42,400,None,226.4375
5945.8,0,178.16,2400,None,31127.796875
5945.8,1,48.33,400,None,226.5
5945.8,2,47.08,400,None,226.5
5945.8,3,47.83,400,None,226.4375
5950.8,0,112.48,2400,None,226.5078125
5950.8,1,48.58,400,None,226.5
5950.8,2,47.10,400,None,226.5
5950.8,3,47.84,400,None,226.4375
