t_s,card,gpu_busy_pct,package_temp_c,vram_temp_c,vram_hottest_channel_c,memory_controller_temp_c,pcie_temp_c,fan_rpm,power_w,energy_counter_uj
0.0,0,0.00,60.0,62.0,62.0,46.0,62.0,1454,,74242410104003
0.0,1,0.00,59.0,66.0,66.0,45.0,61.0,1417,,42876631947448
0.0,2,0.00,62.0,68.0,68.0,47.0,64.0,1472,,38782342670593
1.0,3,0.00,62.0,64.0,64.0,47.0,64.0,1488,,39187327495422
6.0,0,0.00,60.0,62.0,62.0,45.0,62.0,1409,50.07,74242693509582
6.0,1,0.00,59.0,66.0,66.0,45.0,60.0,1409,50.18,42876916446655
6.0,2,0.00,61.0,68.0,68.0,47.0,63.0,1472,49.97,38782625487426
6.0,3,0.00,62.0,64.0,64.0,47.0,63.0,1482,50.84,39187615747802
11.0,0,0.00,59.0,62.0,62.0,45.0,61.0,1378,49.45,74242973914489
12.0,1,0.00,58.0,66.0,66.0,45.0,60.0,1326,50.32,42877200782714
12.0,2,0.00,61.0,68.0,68.0,47.0,63.0,1421,49.81,38782907395874
12.0,3,0.00,61.0,64.0,64.0,47.0,63.0,1454,50.72,39187902313415
17.0,0,0.00,59.0,62.0,62.0,45.0,61.0,1367,49.32,74243253037963
17.0,1,0.00,58.0,66.0,66.0,44.0,59.0,1353,50.30,42877486502380
17.0,2,0.00,61.0,68.0,68.0,46.0,63.0,1447,49.81,38783190799316
18.0,3,0.00,61.0,64.0,64.0,46.0,62.0,1436,50.68,39188190152404
23.0,0,0.00,58.0,62.0,62.0,45.0,61.0,1363,49.14,74243532155456
23.0,1,0.00,58.0,66.0,66.0,44.0,59.0,1355,50.44,42877772476257
23.0,2,0.00,60.0,68.0,68.0,46.0,62.0,1431,49.78,38783472573120
23.0,3,0.00,61.0,64.0,64.0,46.0,62.0,1420,50.51,39188476539794
28.0,0,0.00,58.0,60.0,62.0,44.0,60.0,1335,49.03,74243810155822
29.0,1,0.00,57.0,66.0,66.0,44.0,59.0,1303,50.01,42878056020202
29.0,2,0.00,60.0,68.0,68.0,46.0,62.0,1419,49.73,38783754526611
29.0,3,0.00,60.0,64.0,64.0,46.0,62.0,1419,50.54,39188763099975
34.0,0,0.00,58.0,60.0,60.0,44.0,60.0,1345,52.12,74244105159301
34.0,1,0.00,57.0,66.0,66.0,44.0,58.0,1303,50.22,42878340260009
34.0,2,0.00,60.0,68.0,68.0,46.0,62.0,1430,49.70,38784035804321
35.0,3,0.00,60.0,64.0,64.0,46.0,62.0,1413,50.54,39189050689208
40.0,0,0.00,58.0,60.0,60.0,44.0,60.0,1319,51.71,74244399361022
40.0,1,0.00,57.0,64.0,64.0,43.0,58.0,1308,50.33,42878626610717
40.0,2,0.00,60.0,68.0,68.0,46.0,61.0,1403,49.69,38784318527526
40.0,3,0.00,60.0,64.0,64.0,45.0,61.0,1421,50.44,39189336177062
45.0,0,0.00,58.0,60.0,60.0,44.0,60.0,1303,51.98,74244694085205
46.0,1,0.00,56.0,64.0,64.0,43.0,58.0,1293,50.30,42878911822082
46.0,2,0.00,59.0,68.0,68.0,46.0,61.0,1346,49.62,38784599845214
46.0,3,0.00,59.0,64.0,64.0,45.0,61.0,1368,50.50,39189621980651
51.0,0,0.00,57.0,60.0,60.0,44.0,59.0,1313,50.36,74244979648010
51.0,1,0.00,56.0,64.0,64.0,43.0,58.0,1280,50.18,42879196363037
51.0,2,0.00,59.0,68.0,68.0,45.0,61.0,1376,49.78,38784882098083
52.0,3,0.00,59.0,64.0,64.0,45.0,61.0,1365,50.35,39189907984619
57.0,0,0.00,57.0,58.0,58.0,44.0,59.0,1292,50.91,74245267811828
57.0,1,0.00,56.0,64.0,64.0,43.0,58.0,1291,50.22,42879481102050
57.0,2,0.00,59.0,68.0,68.0,45.0,61.0,1374,49.66,38785163668823
57.0,3,0.00,59.0,64.0,64.0,45.0,61.0,1373,50.33,39190193353393
62.0,0,16.75,58.0,60.0,60.0,44.0,60.0,1267,68.22,74245656001586
63.0,1,0.00,56.0,64.0,64.0,43.0,58.0,1276,50.30,42879767333740
63.0,2,0.00,59.0,68.0,68.0,45.0,61.0,1370,49.58,38785446264221
63.0,3,0.00,59.0,64.0,64.0,45.0,60.0,1368,50.31,39190480132080
68.0,0,31.75,59.0,60.0,60.0,45.0,61.0,1291,77.16,74246096601989
68.0,1,0.00,56.0,64.0,64.0,42.0,57.0,1279,49.93,42880052959655
69.0,2,0.00,59.0,68.0,68.0,45.0,61.0,1350,49.61,38785730507507
69.0,3,0.00,59.0,64.0,64.0,45.0,60.0,1359,50.21,39190768840515
74.0,0,17.24,58.0,60.0,60.0,44.0,61.0,1322,76.04,74246532320739
74.0,1,0.00,56.0,64.0,64.0,42.0,57.0,1254,50.05,42880340752929
74.0,2,0.00,59.0,68.0,68.0,45.0,61.0,1342,49.55,38786014407958
74.0,3,0.00,59.0,64.0,64.0,45.0,60.0,1347,50.21,39191055519409
80.0,0,0.00,58.0,60.0,60.0,44.0,60.0,1324,58.99,74246869148681
80.0,1,0.00,55.0,64.0,64.0,42.0,57.0,1260,50.34,42880626172302
80.0,2,0.00,58.0,68.0,68.0,45.0,60.0,1354,49.72,38786296320190
80.0,3,0.00,59.0,64.0,64.0,45.0,60.0,1354,50.37,39191341131164
85.0,0,88.17,61.0,66.0,66.0,47.0,63.0,1344,178.72,74247882500549
85.0,1,0.00,55.0,64.0,64.0,42.0,57.0,1238,50.25,42880911073852
86.0,2,0.00,58.0,68.0,68.0,45.0,60.0,1345,49.63,38786577734802
86.0,3,0.00,59.0,64.0,64.0,45.0,60.0,1346,50.19,39191625719970
91.0,0,0.00,60.0,66.0,66.0,46.0,62.0,1485,57.88,74248210074890
91.0,1,0.00,55.0,64.0,64.0,42.0,57.0,1262,49.95,42881193777465
91.0,2,0.00,58.0,68.0,68.0,45.0,60.0,1357,49.45,38786857636291
91.0,3,0.00,58.0,64.0,64.0,44.0,60.0,1336,49.96,39191908484069
97.0,0,1.53,59.0,64.0,64.0,45.0,61.0,1430,55.84,74248526695373
97.0,1,0.00,55.0,64.0,64.0,42.0,57.0,1261,50.14,42881478083068
97.0,2,0.00,58.0,68.0,68.0,44.0,60.0,1356,49.57,38787138672180
97.0,3,0.00,58.0,64.0,64.0,44.0,60.0,1355,50.11,39192192625854
102.0,0,0.50,58.0,62.0,62.0,44.0,60.0,1355,50.42,74248812561096
102.0,1,0.00,55.0,64.0,64.0,42.0,57.0,1206,50.27,42881763131103
103.0,2,0.00,58.0,68.0,68.0,44.0,60.0,1343,49.64,38787420112060
103.0,3,0.00,58.0,64.0,64.0,44.0,60.0,1355,50.05,39192476388183
108.0,0,6.40,59.0,60.0,60.0,45.0,60.0,1345,56.80,74249134044128
108.0,1,0.00,55.0,64.0,64.0,42.0,56.0,1208,49.91,42882046144042
108.0,2,0.00,58.0,68.0,68.0,44.0,60.0,1335,49.52,38787700864868
108.0,3,0.00,58.0,64.0,64.0,44.0,60.0,1334,50.04,39192760099060
114.0,0,0.50,58.0,60.0,60.0,44.0,60.0,1364,50.74,74249422265014
114.0,1,0.00,55.0,64.0,64.0,42.0,56.0,1205,50.07,42882330017700
114.0,2,0.00,58.0,68.0,68.0,44.0,59.0,1300,49.50,38787982002014
114.0,3,0.00,58.0,64.0,64.0,44.0,60.0,1320,49.95,39193043813537
119.0,0,0.00,57.0,60.0,60.0,44.0,59.0,1302,48.36,74249696456237
119.0,1,0.00,55.0,64.0,64.0,42.0,56.0,1175,50.21,42882614709533
120.0,2,0.00,58.0,68.0,68.0,44.0,60.0,1292,49.58,38788263097290
120.0,3,0.00,58.0,64.0,64.0,44.0,59.0,1302,50.09,39193327823547
125.0,0,1.00,57.0,60.0,60.0,44.0,59.0,1280,48.61,74249972582885
125.0,1,0.00,55.0,64.0,64.0,42.0,56.0,1185,50.19,42882899775634
125.0,2,0.00,58.0,68.0,68.0,44.0,59.0,1302,49.53,38788543926696
125.0,3,0.00,58.0,64.0,64.0,44.0,60.0,1292,50.07,39193611721252
131.0,0,28.64,58.0,60.0,60.0,44.0,60.0,1260,61.10,74250319028686
131.0,1,0.00,54.0,64.0,64.0,42.0,56.0,1206,49.78,42883182041320
131.0,2,0.00,57.0,68.0,68.0,44.0,59.0,1313,49.57,38788824979187
131.0,3,0.00,57.0,64.0,64.0,44.0,59.0,1303,50.10,39193895274597
136.0,0,0.00,58.0,60.0,60.0,44.0,59.0,1302,57.25,74250643632141
136.0,1,0.00,54.0,64.0,64.0,42.0,56.0,1195,49.81,42883464954345
137.0,2,0.00,57.0,68.0,68.0,44.0,59.0,1277,49.58,38789106596069
137.0,3,0.00,58.0,64.0,64.0,44.0,59.0,1307,49.92,39194179822631
142.0,0,0.00,58.0,58.0,60.0,44.0,59.0,1287,61.09,74250991258483
142.0,1,0.00,54.0,64.0,64.0,41.0,56.0,1213,50.16,42883749838012
142.0,2,0.00,57.0,68.0,68.0,44.0,59.0,1309,49.59,38789388748901
142.0,3,0.00,58.0,64.0,64.0,44.0,59.0,1289,50.10,39194464418884
148.0,0,0.51,57.0,60.0,60.0,44.0,59.0,1299,57.87,74251319932922
148.0,1,0.00,54.0,64.0,64.0,41.0,56.0,1205,50.10,42884034926452
148.0,2,0.00,57.0,68.0,68.0,44.0,59.0,1311,49.58,38789670336791
148.0,3,0.00,57.0,64.0,64.0,44.0,59.0,1301,49.85,39194747562988
153.0,0,0.00,57.0,60.0,60.0,44.0,59.0,1312,50.56,74251607091430
154.0,1,0.00,54.0,64.0,64.0,41.0,56.0,1175,49.86,42884317618774
154.0,2,0.00,57.0,68.0,68.0,44.0,59.0,1291,49.49,38789950933105
154.0,3,0.00,57.0,64.0,64.0,43.0,59.0,1301,49.86,39195030282775
159.0,0,98.97,64.0,64.0,64.0,48.0,64.0,1280,183.70,74252648697387
159.0,1,0.00,54.0,64.0,64.0,41.0,56.0,1174,49.88,42884600438110
159.0,2,0.00,57.0,68.0,68.0,44.0,59.0,1302,49.62,38790232282287
159.0,3,0.00,57.0,64.0,64.0,44.0,59.0,1291,50.20,39195314889770
165.0,0,0.00,61.0,68.0,68.0,46.0,63.0,1389,137.86,74253428986816
165.0,1,0.00,54.0,64.0,64.0,41.0,55.0,1188,50.08,42884883864746
165.0,2,0.00,57.0,68.0,68.0,44.0,59.0,1304,50.62,38790518794860
165.0,3,0.00,57.0,64.0,64.0,43.0,59.0,1294,50.18,39195598904357
170.0,0,0.00,60.0,68.0,68.0,46.0,62.0,1453,57.87,74253756550720
170.0,1,0.00,54.0,64.0,64.0,41.0,55.0,1166,48.37,42885157618225
171.0,2,0.00,57.0,68.0,68.0,44.0,58.0,1293,49.58,38790799919982
171.0,3,0.00,57.0,64.0,64.0,43.0,59.0,1303,49.96,39195882160217
176.0,0,0.00,60.0,68.0,68.0,45.0,61.0,1428,57.73,74254083902709
176.0,1,0.00,53.0,64.0,64.0,41.0,55.0,1186,48.43,42885432211425
176.0,2,0.00,57.0,68.0,68.0,44.0,58.0,1261,49.58,38791080527160
176.0,3,0.00,57.0,64.0,64.0,43.0,59.0,1293,49.83,39196164216003
182.0,0,0.00,59.0,68.0,68.0,45.0,61.0,1377,57.79,74254411587158
182.0,1,0.00,53.0,64.0,64.0,41.0,55.0,1185,48.66,42885708125000
182.0,2,0.00,57.0,68.0,68.0,44.0,59.0,1279,49.53,38791361851318
182.0,3,0.00,57.0,64.0,64.0,43.0,59.0,1300,49.78,39196446976501
187.0,0,0.00,59.0,68.0,68.0,45.0,61.0,1376,57.91,74254739953247
188.0,1,0.00,53.0,58.0,58.0,41.0,55.0,1166,51.13,42885998034606
188.0,2,0.00,57.0,68.0,68.0,43.0,59.0,1273,49.52,38791642107360
188.0,3,0.00,57.0,64.0,64.0,43.0,59.0,1296,49.84,39196728556274
193.0,0,0.00,59.0,68.0,68.0,44.0,61.0,1368,57.62,74255066079101
193.0,1,0.00,54.0,58.0,58.0,41.0,55.0,1178,50.95,42886286428222
193.0,2,0.00,57.0,68.0,68.0,43.0,58.0,1283,49.76,38791923724487
193.0,3,0.00,57.0,64.0,64.0,43.0,58.0,1260,50.00,39197012065002
199.0,0,0.00,58.0,68.0,68.0,44.0,60.0,1355,57.48,74255391984680
199.0,1,0.00,53.0,58.0,58.0,41.0,55.0,1163,51.46,42886578191223
199.0,2,0.00,57.0,68.0,68.0,43.0,59.0,1279,49.50,38792204901062
199.0,3,0.00,57.0,64.0,64.0,43.0,59.0,1270,49.73,39197294552368
204.0,0,0.00,58.0,68.0,68.0,44.0,60.0,1357,57.54,74255718248779
205.0,1,0.00,53.0,58.0,58.0,41.0,55.0,1177,50.94,42886867024902
205.0,2,0.00,56.0,68.0,68.0,43.0,58.0,1262,49.43,38792484658447
205.0,3,0.00,56.0,64.0,64.0,43.0,58.0,1283,49.84,39197576151916
210.0,0,0.00,58.0,68.0,68.0,44.0,60.0,1346,57.72,74256044967224
210.0,1,0.00,53.0,58.0,58.0,41.0,55.0,1188,50.94,42887155344177
210.0,2,0.00,56.0,68.0,68.0,43.0,59.0,1282,49.59,38792765313232
210.0,3,0.00,57.0,64.0,64.0,43.0,59.0,1261,49.85,39197858808959
216.0,0,0.00,58.0,68.0,68.0,44.0,60.0,1355,57.18,74256369190124
216.0,1,20.08,54.0,58.0,58.0,41.0,55.0,1175,61.32,42887503054809
216.0,2,0.00,57.0,68.0,68.0,43.0,58.0,1280,49.74,38793047320556
216.0,3,0.00,57.0,64.0,64.0,43.0,58.0,1270,49.71,39198140673889
221.0,0,0.00,58.0,68.0,68.0,44.0,59.0,1340,57.35,74256694930847
222.0,1,33.42,55.0,58.0,58.0,42.0,56.0,1105,76.80,42887940796020
222.0,2,0.00,56.0,68.0,68.0,43.0,58.0,1269,49.44,38793330116271
222.0,3,0.00,57.0,64.0,64.0,43.0,58.0,1275,49.82,39198426622375
227.0,0,0.00,58.0,68.0,68.0,44.0,59.0,1300,57.25,74257022988891
227.0,1,30.41,55.0,58.0,58.0,42.0,56.0,1156,76.11,42888375378417
227.0,2,0.00,56.0,68.0,68.0,43.0,58.0,1276,49.50,38793611778564
228.0,3,0.00,56.0,64.0,64.0,43.0,58.0,1269,49.92,39198710153625
233.0,0,0.00,58.0,68.0,68.0,44.0,59.0,1301,57.01,74257346778015
233.0,1,2.54,55.0,58.0,58.0,42.0,56.0,1195,61.04,42888722060119
233.0,2,0.00,56.0,68.0,68.0,43.0,58.0,1280,49.70,38793894090942
233.0,3,0.00,57.0,64.0,64.0,43.0,58.0,1269,50.15,39198994529357
238.0,0,0.00,57.0,68.0,68.0,44.0,59.0,1312,57.18,74257671010498
239.0,1,,60.0,62.0,62.0,45.0,61.0,1227,176.54,42889723019897
239.0,2,0.00,56.0,68.0,68.0,43.0,58.0,1270,49.40,38794174705078
239.0,3,0.00,56.0,64.0,64.0,43.0,58.0,1280,49.83,39199277553527
244.0,0,0.00,58.0,68.0,68.0,44.0,59.0,1301,57.29,74257995870971
244.0,1,0.00,57.0,62.0,62.0,43.0,58.0,1397,57.61,42890049651489
244.0,2,0.00,56.0,68.0,68.0,43.0,58.0,1281,49.61,38794455523071
245.0,3,0.00,56.0,64.0,64.0,43.0,58.0,1271,49.98,39199560447387
250.0,0,0.00,57.0,68.0,68.0,43.0,59.0,1304,57.35,74258321064941
250.0,1,1.52,56.0,62.0,62.0,43.0,58.0,1335,56.98,42890372700805
250.0,2,0.00,56.0,68.0,68.0,43.0,58.0,1282,49.49,38794736105163
250.0,3,0.00,56.0,64.0,64.0,43.0,58.0,1271,49.82,39199842935607
255.0,0,0.00,57.0,68.0,68.0,44.0,59.0,1312,56.94,74258643935180
256.0,1,0.51,55.0,62.0,62.0,42.0,57.0,1238,50.61,42890659641723
256.0,2,0.00,56.0,68.0,68.0,43.0,58.0,1270,49.71,38795017988159
256.0,3,0.00,56.0,64.0,64.0,43.0,58.0,1280,49.66,39200124499694
261.0,0,0.00,57.0,68.0,68.0,43.0,59.0,1301,57.06,74258967479797
261.0,1,7.13,56.0,60.0,60.0,42.0,57.0,1258,54.10,42890966404113
261.0,2,0.00,56.0,68.0,68.0,43.0,58.0,1258,49.49,38795298620178
262.0,3,0.00,56.0,64.0,64.0,43.0,58.0,1269,49.65,39200406528198
267.0,0,0.00,57.0,68.0,68.0,43.0,59.0,1301,57.17,74259292217773
267.0,1,0.51,55.0,60.0,60.0,42.0,57.0,1260,51.38,42891258254211
267.0,2,0.00,56.0,62.0,62.0,43.0,58.0,1259,49.37,38795579028747
267.0,3,0.00,56.0,64.0,64.0,43.0,58.0,1270,49.72,39200688443542
272.0,0,0.00,57.0,68.0,68.0,43.0,58.0,1312,56.90,74259614862121
273.0,1,1.02,54.0,60.0,60.0,42.0,56.0,1206,48.66,42891534171508
273.0,2,0.00,56.0,62.0,62.0,43.0,58.0,1248,49.61,38795860293640
273.0,3,0.00,56.0,64.0,64.0,43.0,58.0,1280,49.95,39200971637634
278.0,0,0.00,57.0,68.0,68.0,43.0,59.0,1290,57.00,74259938646057
278.0,1,1.01,54.0,60.0,60.0,42.0,56.0,1205,48.47,42891809506469
278.0,2,0.00,56.0,62.0,62.0,43.0,58.0,1237,49.40,38796140866943
279.0,3,0.00,56.0,64.0,64.0,43.0,58.0,1269,49.66,39201253716918
284.0,0,0.00,57.0,68.0,68.0,43.0,58.0,1271,57.24,74260262607604
284.0,1,28.64,55.0,60.0,60.0,42.0,56.0,1209,60.95,42892154489746
284.0,2,0.00,56.0,62.0,62.0,43.0,58.0,1252,49.38,38796420341735
284.0,3,0.00,56.0,64.0,64.0,43.0,58.0,1262,49.56,39201534237854
289.0,0,0.00,57.0,68.0,68.0,43.0,58.0,1291,57.11,74260586398803
290.0,1,0.00,55.0,60.0,60.0,42.0,56.0,1226,57.30,42892479964477
290.0,2,0.00,56.0,62.0,62.0,43.0,58.0,1245,49.47,38796701318847
290.0,3,0.00,56.0,64.0,64.0,43.0,58.0,1245,49.91,39201818220031
295.0,0,0.00,57.0,68.0,68.0,43.0,58.0,1277,56.78,74260909465087
295.0,1,10.40,55.0,60.0,60.0,42.0,56.0,1256,57.90,42892808864501
295.0,2,0.00,56.0,62.0,62.0,43.0,58.0,1257,49.60,38796983548217
296.0,3,0.00,56.0,64.0,64.0,42.0,58.0,1247,50.03,39202102383850
301.0,0,0.00,57.0,68.0,68.0,43.0,58.0,1278,56.81,74261232708496
301.0,1,6.54,55.0,60.0,60.0,42.0,56.0,1246,53.19,42893111496276
301.0,2,0.00,56.0,62.0,62.0,43.0,58.0,1256,49.47,38797264536254
301.0,3,0.00,56.0,64.0,64.0,42.0,57.0,1246,49.67,39202384529418
307.0,0,0.00,56.0,68.0,68.0,43.0,58.0,1280,57.10,74261556478820
307.0,1,0.51,54.0,60.0,60.0,41.0,56.0,1184,50.92,42893400719360
307.0,2,0.00,56.0,62.0,62.0,43.0,58.0,1259,49.34,38797544785583
307.0,3,0.00,56.0,64.0,64.0,42.0,57.0,1258,49.65,39202666549804
312.0,0,0.00,56.0,68.0,68.0,43.0,58.0,1279,57.14,74261881053344
312.0,1,99.99,59.0,66.0,66.0,44.0,60.0,1184,144.31,42894218985107
313.0,2,0.00,56.0,62.0,62.0,43.0,58.0,1237,49.37,38797825209655
313.0,3,0.00,56.0,64.0,64.0,42.0,58.0,1247,49.86,39202949746765
318.0,0,0.00,56.0,68.0,68.0,43.0,58.0,1277,56.85,74262203977294
318.0,1,69.44,59.0,68.0,68.0,44.0,60.0,1278,165.31,42895159585449
318.0,2,0.00,56.0,62.0,62.0,43.0,58.0,1257,49.44,38798106043945
318.0,3,0.00,56.0,64.0,64.0,42.0,58.0,1248,49.85,39203232897705
324.0,0,0.00,56.0,68.0,68.0,43.0,58.0,1280,56.77,74262526422790
324.0,1,0.00,58.0,68.0,68.0,44.0,59.0,1377,57.53,42895485798889
324.0,2,0.00,55.0,62.0,62.0,43.0,58.0,1239,47.07,38798372926208
324.0,3,0.00,56.0,64.0,64.0,42.0,57.0,1250,49.64,39203514383361
329.0,0,0.00,56.0,68.0,68.0,43.0,58.0,1283,57.19,74262850141784
329.0,1,0.00,58.0,68.0,68.0,43.0,59.0,1313,57.70,42895812354492
330.0,2,0.00,55.0,62.0,62.0,42.0,58.0,1239,47.07,38798639358886
330.0,3,0.00,56.0,64.0,64.0,42.0,57.0,1249,49.69,39203796147766
335.0,0,0.00,56.0,68.0,68.0,43.0,58.0,1281,56.76,74263171943725
335.0,1,0.00,57.0,68.0,68.0,43.0,58.0,1291,57.24,42896136890747
335.0,2,0.00,55.0,62.0,62.0,42.0,58.0,1256,47.07,38798907189575
335.0,3,0.00,56.0,64.0,64.0,42.0,57.0,1246,49.91,39204079646667
341.0,0,0.00,56.0,68.0,68.0,43.0,58.0,1287,56.71,74263494613708
341.0,1,0.00,57.0,68.0,68.0,43.0,58.0,1298,57.23,42896462534301
341.0,2,0.00,56.0,60.0,60.0,43.0,58.0,1248,50.55,38799194313232
341.0,3,0.00,56.0,64.0,64.0,42.0,57.0,1249,49.63,39204361029602
346.0,0,0.00,56.0,66.0,66.0,43.0,58.0,1281,56.79,74263816622802
346.0,1,0.00,56.0,68.0,68.0,43.0,57.0,1271,57.36,42896787785461
347.0,2,0.00,56.0,58.0,58.0,43.0,58.0,1240,49.78,38799476060485
347.0,3,0.00,56.0,62.0,62.0,42.0,57.0,1239,49.55,39204641998352
352.0,0,0.00,56.0,66.0,66.0,43.0,58.0,1273,57.16,74264140148986
352.0,1,0.00,56.0,68.0,68.0,42.0,57.0,1283,57.53,42897113413879
352.0,2,0.00,56.0,58.0,58.0,43.0,58.0,1262,49.53,38799756426635
352.0,3,0.00,56.0,62.0,62.0,42.0,57.0,1251,49.81,39204923946044
358.0,0,0.00,56.0,66.0,66.0,42.0,58.0,1280,56.51,74264460560363
358.0,1,0.00,56.0,68.0,68.0,42.0,57.0,1278,57.09,42897437659423
358.0,2,0.00,56.0,58.0,58.0,43.0,58.0,1236,49.59,38800038085693
358.0,3,0.00,56.0,62.0,62.0,42.0,57.0,1256,49.50,39205205573242
363.0,0,0.00,56.0,66.0,66.0,43.0,58.0,1269,56.73,74264782771179
363.0,1,0.00,56.0,68.0,68.0,42.0,57.0,1250,57.34,42897762789001
364.0,2,0.00,55.0,58.0,58.0,42.0,58.0,1239,48.07,38800310655639
364.0,3,0.00,55.0,62.0,62.0,42.0,57.0,1249,49.57,39205486612426
369.0,0,0.00,56.0,66.0,66.0,43.0,58.0,1234,57.03,74265107283630
369.0,1,0.00,56.0,68.0,68.0,42.0,57.0,1251,57.32,42898090086364
369.0,2,28.16,56.0,58.0,58.0,43.0,58.0,1259,57.71,38800640783569
369.0,3,0.00,55.0,62.0,62.0,42.0,57.0,1246,49.58,39205770728759
375.0,0,0.00,56.0,66.0,66.0,42.0,58.0,1277,56.69,74265432124145
375.0,1,0.00,56.0,68.0,68.0,42.0,57.0,1256,57.05,42898417000000
375.0,2,33.68,57.0,60.0,60.0,43.0,58.0,1214,72.49,38801056867004
375.0,3,0.00,56.0,62.0,62.0,42.0,57.0,1254,50.05,39206057502319
380.0,0,0.00,56.0,66.0,66.0,42.0,58.0,1256,56.66,74265757346557
381.0,1,0.00,55.0,68.0,68.0,42.0,56.0,1245,57.13,42898744927307
381.0,2,35.30,57.0,60.0,60.0,44.0,59.0,1235,75.34,38801488543884
381.0,3,0.00,55.0,62.0,62.0,42.0,57.0,1257,49.59,39206342173156
386.0,0,0.00,56.0,66.0,66.0,42.0,58.0,1261,56.84,74266082481506
386.0,1,0.00,56.0,68.0,68.0,42.0,56.0,1254,57.26,42899071335083
386.0,2,7.30,57.0,60.0,60.0,44.0,59.0,1300,62.89,38801846388305
387.0,3,0.00,55.0,62.0,62.0,42.0,57.0,1238,49.79,39206624471679
392.0,0,0.00,56.0,66.0,66.0,42.0,58.0,1238,56.61,74266403442138
392.0,1,0.00,56.0,68.0,68.0,42.0,57.0,1259,57.10,42899395093627
392.0,2,100.00,64.0,64.0,64.0,47.0,64.0,1312,151.94,38802707905456
392.0,3,0.00,55.0,62.0,62.0,42.0,57.0,1259,49.79,39206906792724
397.0,0,0.00,56.0,66.0,66.0,43.0,57.0,1259,56.70,74266724950073
398.0,1,0.00,55.0,68.0,68.0,42.0,56.0,1248,57.11,42899719489257
398.0,2,0.00,59.0,64.0,64.0,45.0,61.0,1417,78.42,38803153333862
398.0,3,0.00,55.0,62.0,62.0,42.0,57.0,1258,49.61,39207188605285
403.0,0,0.00,56.0,66.0,66.0,42.0,57.0,1258,56.69,74267046963806
403.0,1,0.00,55.0,68.0,68.0,42.0,56.0,1258,57.21,42900043862854
403.0,2,0.00,59.0,64.0,64.0,45.0,61.0,1386,55.17,38803466172424
404.0,3,0.00,55.0,62.0,62.0,42.0,57.0,1238,49.65,39207470097961
409.0,0,0.00,56.0,66.0,66.0,42.0,57.0,1239,56.98,74267370049804
409.0,1,0.00,55.0,68.0,68.0,42.0,56.0,1260,57.43,42900369507629
409.0,2,0.51,58.0,64.0,64.0,44.0,59.0,1355,49.80,38803748541931
409.0,3,0.00,55.0,62.0,62.0,42.0,57.0,1260,49.64,39207751536499
415.0,0,0.00,56.0,66.0,66.0,42.0,57.0,1249,56.56,74267690764343
415.0,1,0.00,55.0,68.0,68.0,42.0,56.0,1249,57.13,42900693445678
415.0,2,6.88,58.0,62.0,62.0,44.0,60.0,1280,48.28,38804022789550
415.0,3,0.00,55.0,62.0,62.0,42.0,57.0,1248,49.81,39208034441650
420.0,0,0.00,56.0,66.0,66.0,42.0,57.0,1259,56.68,74268012724426
420.0,1,0.00,55.0,68.0,68.0,42.0,56.0,1259,57.10,42901017772338
420.0,2,0.51,57.0,62.0,62.0,44.0,59.0,1301,50.48,38804308999877
421.0,3,0.00,55.0,62.0,62.0,42.0,57.0,1249,49.65,39208315932739
426.0,0,0.00,56.0,66.0,66.0,42.0,57.0,1238,56.84,74268335035400
426.0,1,0.00,55.0,68.0,68.0,42.0,56.0,1248,57.31,42901342694702
426.0,2,1.02,57.0,62.0,62.0,43.0,58.0,1301,47.69,38804579375427
426.0,3,0.00,55.0,62.0,62.0,42.0,57.0,1259,49.60,39208597149536
432.0,0,0.00,56.0,66.0,66.0,42.0,57.0,1258,56.76,74268657421875
432.0,1,0.00,55.0,68.0,68.0,42.0,56.0,1217,57.28,42901668051330
432.0,2,0.50,57.0,62.0,62.0,43.0,59.0,1269,46.87,38804845568908
432.0,3,0.00,55.0,62.0,62.0,42.0,57.0,1248,49.67,39208879267822
437.0,0,0.00,56.0,66.0,66.0,42.0,58.0,1260,56.70,74268978358886
437.0,1,0.00,55.0,68.0,68.0,42.0,56.0,1196,57.01,42901991273315
438.0,2,12.64,58.0,62.0,62.0,44.0,59.0,1260,58.86,38805179319274
438.0,3,0.00,55.0,62.0,62.0,42.0,57.0,1249,49.56,39209160264648
443.0,0,0.00,56.0,66.0,66.0,42.0,57.0,1247,56.65,74269300111999
443.0,1,0.00,55.0,68.0,68.0,41.0,56.0,1204,56.87,42902314267700
443.0,2,0.00,58.0,62.0,62.0,44.0,59.0,1309,56.10,38805497993469
443.0,3,0.00,55.0,62.0,62.0,42.0,57.0,1245,49.54,39209442125061
449.0,0,0.00,56.0,66.0,66.0,42.0,57.0,1257,56.75,74269623044738
449.0,1,0.00,55.0,68.0,68.0,41.0,56.0,1216,57.30,42902639722229
449.0,2,0.00,57.0,62.0,62.0,43.0,58.0,1301,55.20,38805811514587
449.0,3,0.00,55.0,62.0,62.0,42.0,57.0,1228,49.73,39209724098999
454.0,0,0.00,56.0,66.0,66.0,42.0,57.0,1260,56.55,74269943710144
454.0,1,0.00,55.0,68.0,68.0,41.0,56.0,1195,57.16,42902963823913
455.0,2,0.76,56.0,60.0,60.0,43.0,58.0,1267,55.50,38806126728759
455.0,3,0.00,55.0,62.0,62.0,42.0,57.0,1213,49.91,39210007611328
460.0,0,0.00,56.0,66.0,66.0,42.0,57.0,1245,56.62,74270265901672
460.0,1,0.00,55.0,68.0,68.0,41.0,56.0,1214,57.03,42903288344787
460.0,2,0.51,57.0,62.0,62.0,43.0,59.0,1289,51.10,38806416954223
460.0,3,0.00,55.0,62.0,62.0,42.0,57.0,1248,49.57,39210289183776
466.0,0,0.00,56.0,66.0,66.0,42.0,58.0,1259,56.81,74270587988159
466.0,1,0.00,55.0,68.0,68.0,41.0,56.0,1216,57.30,42903613230834
466.0,2,95.17,61.0,66.0,64.0,46.0,63.0,1269,114.15,38807065299682
466.0,3,0.00,55.0,62.0,62.0,42.0,57.0,1258,49.49,39210570276794
471.0,0,0.00,56.0,66.0,66.0,42.0,57.0,1257,56.98,74270911614929
471.0,1,0.00,55.0,68.0,68.0,41.0,56.0,1173,57.03,42903937135253
472.0,2,,63.0,70.0,70.0,48.0,65.0,1353,180.21,38808088906677
472.0,3,0.00,55.0,62.0,62.0,42.0,57.0,1237,49.83,39210853309204
477.0,0,0.00,56.0,66.0,66.0,42.0,57.0,1237,56.36,74271231764465
477.0,1,0.00,55.0,68.0,68.0,41.0,56.0,1205,56.65,42904258897277
477.0,2,0.00,60.0,70.0,70.0,46.0,62.0,1459,63.76,38808451077453
477.0,3,0.00,54.0,62.0,62.0,42.0,56.0,1215,47.18,39211121287719
483.0,0,0.00,56.0,66.0,66.0,42.0,57.0,1258,56.51,74271552740356
483.0,1,0.00,55.0,68.0,68.0,41.0,56.0,1217,57.11,42904583283996
483.0,2,0.00,60.0,70.0,70.0,46.0,61.0,1450,55.07,38808763337768
483.0,3,0.00,55.0,62.0,62.0,42.0,57.0,1197,47.15,39211388608886
488.0,0,0.00,56.0,66.0,66.0,42.0,57.0,1260,56.62,74271873777099
488.0,1,0.00,55.0,68.0,68.0,41.0,56.0,1176,57.19,42904907004150
489.0,2,0.00,60.0,70.0,70.0,45.0,61.0,1376,55.31,38809076971618
489.0,3,0.00,55.0,56.0,56.0,42.0,57.0,1207,47.20,39211656212341
494.0,0,0.00,55.0,66.0,66.0,42.0,57.0,1249,56.69,74272195194580
494.0,1,0.00,55.0,68.0,68.0,42.0,56.0,1206,57.39,42905232992675
494.0,2,0.00,59.0,70.0,70.0,45.0,61.0,1375,55.38,38809390966979
494.0,3,0.00,55.0,56.0,56.0,42.0,57.0,1195,49.79,39211938517089
500.0,0,0.00,56.0,58.0,66.0,42.0,57.0,1260,56.56,74272515891967
500.0,1,0.00,55.0,68.0,68.0,41.0,56.0,1208,57.23,42905556921813
500.0,2,0.00,59.0,70.0,70.0,45.0,61.0,1378,55.03,38809702438476
500.0,3,0.00,55.0,56.0,56.0,42.0,57.0,1230,52.05,39212233110900
505.0,0,0.00,56.0,56.0,56.0,42.0,57.0,1261,56.74,74272837062133
505.0,1,0.00,55.0,68.0,68.0,41.0,56.0,1196,57.24,42905881474121
506.0,2,0.00,59.0,70.0,70.0,45.0,60.0,1351,55.12,38810016081054
506.0,3,0.00,55.0,56.0,56.0,42.0,57.0,1213,50.27,39212519125122
511.0,0,0.00,56.0,56.0,56.0,42.0,57.0,1244,56.93,74273161003845
511.0,1,0.00,55.0,68.0,68.0,41.0,56.0,1214,57.29,42906207455078
511.0,2,0.00,59.0,70.0,70.0,44.0,60.0,1355,55.29,38810329555358
511.0,3,0.00,55.0,56.0,56.0,42.0,57.0,1196,50.18,39212803627319
517.0,0,0.00,55.0,56.0,56.0,42.0,58.0,1260,56.36,74273480537414
517.0,1,0.00,55.0,68.0,68.0,41.0,56.0,1216,56.83,42906530252746
517.0,2,0.00,59.0,68.0,68.0,45.0,60.0,1353,55.24,38810643339294
517.0,3,0.00,55.0,56.0,56.0,42.0,57.0,1206,49.07,39213082363464
522.0,0,0.00,55.0,56.0,56.0,42.0,57.0,1251,56.56,74273801228454
523.0,1,0.00,55.0,68.0,68.0,41.0,56.0,1196,57.23,42906854722595
523.0,2,0.00,58.0,68.0,68.0,44.0,60.0,1345,55.12,38810955313720
523.0,3,4.58,55.0,58.0,58.0,42.0,57.0,1226,53.31,39213384628967
528.0,0,0.00,55.0,56.0,56.0,42.0,57.0,1240,56.76,74274124769958
528.0,1,0.00,54.0,68.0,68.0,41.0,56.0,1209,56.94,42907179850341
528.0,2,0.00,58.0,68.0,68.0,44.0,59.0,1352,55.15,38811271325744
529.0,3,35.03,56.0,58.0,58.0,42.0,58.0,1193,71.87,39213796419494
534.0,0,0.00,55.0,56.0,56.0,42.0,57.0,1259,56.53,74274448107116
534.0,1,0.00,54.0,68.0,68.0,41.0,56.0,1215,57.24,42907507839599
534.0,2,0.00,58.0,68.0,68.0,44.0,59.0,1362,55.15,38811587348266
534.0,3,34.14,57.0,58.0,58.0,43.0,58.0,1226,75.46,39214228818847
539.0,0,0.00,55.0,56.0,56.0,42.0,57.0,1263,56.57,74274771149108
540.0,1,0.00,55.0,68.0,68.0,41.0,55.0,1195,57.18,42907832593627
540.0,2,0.00,58.0,68.0,68.0,44.0,59.0,1346,55.06,38811899526428
540.0,3,4.50,57.0,58.0,58.0,43.0,59.0,1266,68.08,39214613497314
545.0,0,0.00,55.0,56.0,56.0,42.0,57.0,1232,56.87,74275092489501
545.0,1,0.00,54.0,68.0,68.0,41.0,56.0,1210,57.17,42908155625671
545.0,2,0.00,58.0,68.0,68.0,44.0,60.0,1326,55.31,38812212608520
546.0,3,92.10,64.0,62.0,62.0,46.0,62.0,1282,112.67,39215252311035
551.0,0,0.00,55.0,56.0,56.0,42.0,57.0,1250,56.81,74275414626403
551.0,1,0.00,54.0,68.0,68.0,41.0,56.0,1217,57.24,42908480766906
551.0,2,0.00,58.0,68.0,68.0,44.0,59.0,1312,55.23,38812525760559
551.0,3,0.00,60.0,64.0,64.0,45.0,60.0,1395,119.51,39215929940063
556.0,0,0.00,55.0,56.0,56.0,42.0,57.0,1258,56.33,74275734608337
557.0,1,0.00,54.0,68.0,68.0,41.0,56.0,1195,57.00,42908803931457
557.0,2,0.00,58.0,68.0,68.0,44.0,59.0,1300,55.18,38812839182006
557.0,3,0.00,59.0,64.0,64.0,44.0,60.0,1418,55.80,39216246894775
562.0,0,0.00,55.0,56.0,56.0,42.0,57.0,1259,56.45,74276055247131
562.0,1,0.00,54.0,68.0,68.0,41.0,55.0,1206,56.84,42909126755187
562.0,2,0.00,58.0,68.0,68.0,44.0,59.0,1302,55.17,38813152002258
563.0,3,1.78,57.0,64.0,64.0,44.0,59.0,1355,50.21,39216531597717
568.0,0,0.00,55.0,56.0,56.0,42.0,57.0,1238,56.70,74276376740112
568.0,1,0.00,54.0,68.0,68.0,41.0,56.0,1207,57.32,42909451201110
568.0,2,0.00,58.0,68.0,68.0,44.0,59.0,1302,55.13,38813464602539
568.0,3,0.51,57.0,64.0,64.0,43.0,59.0,1291,47.76,39216802425109
573.0,0,0.00,56.0,56.0,56.0,42.0,57.0,1260,56.65,74276697960205
574.0,1,0.00,54.0,68.0,68.0,41.0,55.0,1184,57.25,42909776375427
574.0,2,0.00,58.0,68.0,68.0,44.0,59.0,1280,55.18,38813777497802
574.0,3,1.02,57.0,60.0,60.0,43.0,59.0,1280,54.14,39217109377929
579.0,0,0.00,55.0,56.0,56.0,42.0,58.0,1249,56.61,74277018916687
579.0,1,0.00,54.0,68.0,68.0,41.0,55.0,1206,57.01,42910099627807
579.0,2,0.00,58.0,68.0,68.0,44.0,59.0,1302,55.42,38814091748779
580.0,3,0.50,56.0,60.0,60.0,43.0,58.0,1282,48.21,39217382755554
585.0,0,0.00,55.0,56.0,56.0,42.0,58.0,1229,56.72,74277339954956
585.0,1,0.00,54.0,68.0,68.0,41.0,55.0,1208,57.15,42910423669250
585.0,2,0.00,58.0,68.0,68.0,44.0,59.0,1313,55.05,38814403890441
585.0,3,0.00,56.0,60.0,60.0,43.0,58.0,1259,47.32,39217651039672
591.0,0,0.00,55.0,56.0,56.0,42.0,57.0,1257,56.59,74277661947509
591.0,1,0.00,54.0,68.0,68.0,41.0,55.0,1184,57.31,42910749168029
591.0,2,0.00,58.0,68.0,68.0,44.0,59.0,1300,55.03,38814716448120
591.0,3,2.54,57.0,60.0,60.0,43.0,58.0,1279,47.55,39217921128540
596.0,0,0.00,55.0,56.0,56.0,42.0,57.0,1268,56.65,74277983736999
596.0,1,0.00,54.0,68.0,68.0,41.0,55.0,1204,56.86,42911072132690
597.0,2,0.00,58.0,68.0,68.0,44.0,59.0,1298,55.26,38815030893188
597.0,3,0.00,57.0,60.0,60.0,43.0,59.0,1255,63.07,39218280006713
602.0,0,0.00,55.0,56.0,56.0,42.0,57.0,1235,56.53,74278304850219
602.0,1,0.00,54.0,68.0,68.0,41.0,56.0,1203,56.61,42911394250793
602.0,2,0.00,58.0,68.0,68.0,44.0,59.0,1308,55.18,38815344315124
602.0,3,0.00,57.0,60.0,60.0,43.0,59.0,1298,55.53,39218595997741
608.0,0,0.00,56.0,56.0,56.0,42.0,57.0,1255,56.64,74278627142456
608.0,1,0.00,54.0,68.0,68.0,41.0,55.0,1213,57.27,42911720107727
608.0,2,0.00,57.0,68.0,68.0,44.0,59.0,1308,55.08,38815657711364
608.0,3,1.02,57.0,58.0,58.0,43.0,59.0,1287,57.21,39218921500366
613.0,0,0.00,55.0,56.0,56.0,42.0,57.0,1256,56.73,74278949956115
613.0,1,0.00,54.0,68.0,68.0,41.0,56.0,1204,57.24,42912045237915
614.0,2,0.00,57.0,68.0,68.0,44.0,59.0,1289,55.04,38815970916992
614.0,3,0.51,57.0,60.0,60.0,43.0,59.0,1290,53.56,39219225694519
619.0,0,0.00,55.0,56.0,56.0,42.0,57.0,1238,56.46,74279270631713
619.0,1,0.00,54.0,68.0,68.0,41.0,55.0,1206,56.83,42912368028930
619.0,2,0.00,57.0,68.0,68.0,44.0,59.0,1301,55.30,38816284464111
619.0,3,45.12,64.0,62.0,62.0,46.0,61.0,1269,83.16,39219697222167
625.0,0,0.00,55.0,56.0,56.0,42.0,57.0,1258,56.78,74279592583435
625.0,1,0.00,54.0,68.0,68.0,41.0,55.0,1205,56.92,42912691340515
625.0,2,0.00,57.0,68.0,68.0,44.0,59.0,1311,55.03,38816597019836
625.0,3,99.17,63.0,68.0,68.0,47.0,64.0,1300,186.16,39220754619628
630.0,0,0.00,55.0,56.0,56.0,42.0,57.0,1257,56.77,74279915606506
630.0,1,0.00,53.0,68.0,68.0,41.0,55.0,1195,57.00,42913015088195
631.0,2,0.00,56.0,68.0,68.0,43.0,58.0,1294,55.22,38816909538330
631.0,3,0.00,59.0,68.0,68.0,45.0,61.0,1447,91.91,39221273934631
636.0,0,0.00,56.0,62.0,62.0,42.0,57.0,1214,72.60,74280324358886
636.0,1,0.00,55.0,62.0,62.0,41.0,56.0,1182,73.60,42913429475952
636.0,2,0.00,58.0,66.0,66.0,44.0,59.0,1294,69.39,38817302300231
636.0,3,0.00,60.0,68.0,68.0,45.0,61.0,1406,71.25,39221677898742
642.0,0,0.00,55.0,62.0,62.0,42.0,57.0,1259,55.58,74280640078308
642.0,1,0.00,55.0,62.0,62.0,41.0,56.0,1205,56.99,42913753168029
642.0,2,0.00,58.0,66.0,66.0,44.0,59.0,1301,54.92,38817613676086
642.0,3,0.00,60.0,68.0,68.0,45.0,61.0,1430,55.91,39221994905029
647.0,0,0.00,55.0,62.0,62.0,42.0,57.0,1245,55.73,74280956630310
647.0,1,0.00,55.0,62.0,62.0,41.0,55.0,1182,56.93,42914077097167
648.0,2,0.00,58.0,66.0,66.0,44.0,59.0,1288,55.01,38817926682800
648.0,3,0.00,59.0,68.0,68.0,45.0,60.0,1372,56.41,39222315854919
653.0,0,71.67,62.0,60.0,60.0,45.0,61.0,1249,92.70,74281483179809
653.0,1,0.00,54.0,62.0,62.0,41.0,55.0,1207,57.19,42914401378051
653.0,2,0.00,58.0,66.0,66.0,44.0,58.0,1312,55.29,38818240193969
653.0,3,0.00,59.0,68.0,68.0,45.0,60.0,1375,56.11,39222634023010
659.0,0,,63.0,62.0,62.0,47.0,63.0,1280,200.01,74282617235351
659.0,1,0.00,54.0,62.0,62.0,41.0,56.0,1217,56.92,42914724095825
659.0,2,0.00,57.0,66.0,66.0,44.0,58.0,1312,55.17,38818553029235
659.0,3,0.00,59.0,68.0,68.0,44.0,60.0,1376,56.11,39222952185791
664.0,0,,66.0,64.0,64.0,48.0,66.0,1407,199.87,74283750495971
664.0,1,0.00,54.0,62.0,62.0,41.0,55.0,1195,56.89,42915047202636
665.0,2,0.00,57.0,66.0,66.0,44.0,58.0,1300,54.96,38818865186401
665.0,3,0.00,59.0,68.0,68.0,44.0,60.0,1363,55.89,39223269633728
670.0,0,,68.0,66.0,66.0,50.0,67.0,1648,199.64,74284886437683
670.0,1,0.00,54.0,62.0,62.0,41.0,55.0,1205,57.07,42915371361816
670.0,2,0.00,57.0,66.0,66.0,44.0,58.0,1311,55.24,38819178947265
670.0,3,0.00,59.0,68.0,68.0,44.0,60.0,1342,55.92,39223587264404
676.0,0,,68.0,68.0,68.0,50.0,68.0,1945,200.31,74286022214660
676.0,1,0.00,54.0,62.0,62.0,41.0,55.0,1216,57.06,42915695468566
676.0,2,0.00,57.0,66.0,66.0,44.0,58.0,1300,55.16,38819492245605
676.0,3,0.00,59.0,68.0,68.0,44.0,60.0,1353,55.87,39223904607177
681.0,0,,69.0,68.0,68.0,50.0,68.0,2211,199.53,74287155533020
681.0,1,0.00,54.0,62.0,62.0,41.0,55.0,1175,56.79,42916017455261
682.0,2,0.00,57.0,66.0,66.0,44.0,58.0,1302,55.25,38819805538879
682.0,3,0.00,59.0,68.0,68.0,44.0,60.0,1344,55.93,39224221748840
687.0,0,,70.0,70.0,70.0,51.0,69.0,2348,200.27,74288291055664
687.0,1,0.00,54.0,62.0,62.0,41.0,55.0,1205,56.79,42916340049255
687.0,2,0.00,57.0,66.0,66.0,43.0,58.0,1311,55.14,38820118734985
687.0,3,0.00,59.0,68.0,68.0,44.0,59.0,1343,55.66,39224537889282
693.0,0,,69.0,70.0,70.0,51.0,69.0,2464,199.58,74289424662841
693.0,1,0.00,54.0,62.0,62.0,41.0,55.0,1216,57.28,42916664815429
693.0,2,0.00,57.0,66.0,66.0,43.0,58.0,1311,55.25,38820431977905
693.0,3,0.00,59.0,68.0,68.0,44.0,60.0,1353,56.00,39224855392395
698.0,0,,69.0,70.0,70.0,51.0,69.0,2483,200.79,74290565145507
699.0,1,0.00,54.0,62.0,62.0,41.0,55.0,1173,56.71,42916986926452
699.0,2,0.00,57.0,66.0,66.0,44.0,58.0,1290,55.09,38820744884399
699.0,3,0.00,59.0,68.0,68.0,44.0,60.0,1354,55.98,39225173341003
704.0,0,100.00,70.0,70.0,70.0,51.0,70.0,2486,199.94,74291698778747
704.0,1,0.00,54.0,62.0,62.0,41.0,55.0,1206,56.91,42917309631225
704.0,2,0.00,57.0,66.0,66.0,44.0,59.0,1312,55.16,38821057652526
704.0,3,0.00,59.0,68.0,68.0,44.0,60.0,1344,55.77,39225489537658
710.0,0,100.00,71.0,70.0,70.0,52.0,70.0,2485,199.31,74292830865356
710.0,1,0.00,54.0,62.0,62.0,41.0,55.0,1217,57.05,42917633689575
710.0,2,0.00,57.0,66.0,66.0,43.0,59.0,1301,55.14,38821370820922
710.0,3,0.00,59.0,68.0,68.0,44.0,60.0,1353,55.71,39225805974670
715.0,0,,70.0,70.0,70.0,51.0,70.0,2622,200.68,74293968712890
716.0,1,0.00,54.0,62.0,62.0,41.0,55.0,1174,57.16,42917957787414
716.0,2,0.00,57.0,66.0,66.0,43.0,59.0,1290,55.11,38821683826416
716.0,3,0.00,59.0,68.0,68.0,44.0,60.0,1353,56.01,39226124137817
721.0,0,,67.0,76.0,74.0,51.0,69.0,2582,181.98,74295000561157
721.0,1,0.00,54.0,62.0,62.0,41.0,55.0,1175,56.38,42918278008728
721.0,2,0.00,57.0,66.0,66.0,44.0,58.0,1302,55.34,38821997613891
722.0,3,0.00,59.0,68.0,68.0,44.0,60.0,1334,55.89,39226441059326
727.0,0,100.00,67.0,76.0,76.0,51.0,69.0,2222,179.14,74296018049133
727.0,1,0.00,54.0,62.0,62.0,41.0,55.0,1217,56.77,42918599874755
727.0,2,0.00,57.0,66.0,66.0,44.0,59.0,1302,55.17,38822310444091
727.0,3,0.00,59.0,68.0,68.0,44.0,60.0,1354,55.91,39226758076477
732.0,0,,70.0,74.0,72.0,51.0,70.0,2136,187.73,74297082454040
733.0,1,0.00,54.0,62.0,62.0,41.0,55.0,1194,56.95,42918923358520
733.0,2,0.00,57.0,66.0,66.0,43.0,59.0,1300,55.21,38822624043212
733.0,3,0.00,59.0,68.0,68.0,44.0,60.0,1352,56.04,39227076356628
738.0,0,,71.0,72.0,72.0,52.0,69.0,2421,199.95,74298218147155
738.0,1,0.00,54.0,62.0,62.0,41.0,55.0,1206,57.09,42919247043334
738.0,2,0.00,57.0,66.0,66.0,44.0,58.0,1312,55.25,38822937313537
739.0,3,0.00,59.0,68.0,68.0,44.0,60.0,1344,55.99,39227393829833
744.0,0,100.00,70.0,72.0,72.0,51.0,70.0,2751,199.73,74299350626342
744.0,1,0.00,54.0,62.0,62.0,41.0,55.0,1206,56.94,42919569873840
744.0,2,0.00,57.0,66.0,66.0,43.0,59.0,1301,55.03,38823249879516
744.0,3,0.00,59.0,68.0,68.0,44.0,60.0,1354,55.59,39227709604492
749.0,0,,71.0,72.0,72.0,51.0,70.0,2803,200.08,74300485052978
750.0,1,0.00,54.0,62.0,62.0,41.0,55.0,1165,57.05,42919893330444
750.0,2,0.00,57.0,66.0,66.0,43.0,58.0,1292,55.08,38823562168823
750.0,3,0.00,59.0,68.0,68.0,44.0,60.0,1344,56.23,39228028422180
755.0,0,,71.0,72.0,72.0,52.0,70.0,2803,199.75,74301619640747
755.0,1,0.00,54.0,62.0,62.0,41.0,55.0,1206,57.01,42920217139892
755.0,2,0.00,57.0,66.0,66.0,43.0,58.0,1301,55.20,38823875151916
756.0,3,0.00,59.0,68.0,68.0,44.0,60.0,1343,56.40,39228348217956
761.0,0,,70.0,72.0,72.0,51.0,70.0,2665,199.92,74302753177001
761.0,1,0.00,54.0,62.0,62.0,41.0,55.0,1185,56.57,42920538452148
761.0,2,0.00,57.0,66.0,66.0,44.0,59.0,1290,55.29,38824189221862
761.0,3,0.00,59.0,68.0,68.0,45.0,60.0,1343,55.83,39228665347290
766.0,0,,70.0,72.0,72.0,51.0,70.0,2632,200.51,74303892064147
767.0,1,0.00,54.0,62.0,62.0,41.0,55.0,1163,56.97,42920861449890
767.0,2,0.00,57.0,66.0,66.0,43.0,59.0,1300,55.06,38824501423217
767.0,3,0.00,59.0,68.0,68.0,45.0,60.0,1354,55.85,39228982598693
772.0,0,,70.0,72.0,72.0,51.0,69.0,2791,199.19,74305023480468
772.0,1,0.00,54.0,62.0,62.0,41.0,55.0,1184,56.87,42921184488586
772.0,2,0.00,57.0,66.0,66.0,43.0,58.0,1300,55.00,38824813808044
773.0,3,0.00,59.0,68.0,68.0,45.0,60.0,1364,56.21,39229301301147
778.0,0,100.00,70.0,72.0,72.0,52.0,70.0,2653,200.73,74306161627136
778.0,1,0.00,54.0,62.0,62.0,41.0,55.0,1195,57.16,42921509146301
778.0,2,0.00,57.0,66.0,66.0,43.0,59.0,1290,55.25,38825127622070
778.0,3,0.00,59.0,68.0,68.0,44.0,60.0,1375,56.12,39229620043212
783.0,0,,71.0,72.0,72.0,51.0,69.0,2677,199.64,74307293589355
784.0,1,0.00,54.0,62.0,62.0,41.0,55.0,1164,56.89,42921831707336
784.0,2,0.00,57.0,66.0,66.0,44.0,59.0,1291,55.31,38825441252014
784.0,3,0.00,59.0,68.0,68.0,44.0,60.0,1375,55.98,39229937469299
789.0,0,,70.0,72.0,72.0,51.0,69.0,2799,199.67,74308429723144
789.0,1,0.00,54.0,62.0,62.0,41.0,55.0,1205,56.93,42922155091735
789.0,2,0.00,57.0,66.0,66.0,43.0,58.0,1311,54.98,38825753549316
790.0,3,0.00,59.0,68.0,68.0,45.0,60.0,1363,56.01,39230255616333
795.0,0,,68.0,72.0,72.0,51.0,69.0,2600,199.03,74309558226989
795.0,1,0.00,54.0,62.0,62.0,41.0,55.0,1184,57.23,42922479606323
795.0,2,0.00,57.0,66.0,66.0,43.0,59.0,1279,55.22,38826067216247
795.0,3,0.00,59.0,68.0,68.0,45.0,60.0,1352,55.91,39230573183715
801.0,0,100.00,67.0,76.0,78.0,51.0,69.0,2409,179.78,74310579391418
801.0,1,0.00,54.0,62.0,62.0,41.0,55.0,1173,56.60,42922801090026
801.0,2,0.00,57.0,66.0,66.0,43.0,58.0,1289,55.33,38826381468200
801.0,3,0.00,59.0,68.0,68.0,44.0,60.0,1364,56.10,39230891815429
806.0,0,,68.0,78.0,78.0,51.0,69.0,2176,179.51,74311599034301
806.0,1,0.00,54.0,62.0,62.0,41.0,55.0,1183,56.42,42923122141967
807.0,2,0.00,57.0,66.0,66.0,43.0,58.0,1268,55.00,38826693871215
807.0,3,0.00,59.0,68.0,68.0,44.0,60.0,1364,56.17,39231210848083
812.0,0,,71.0,74.0,74.0,52.0,70.0,2188,190.55,74312681345275
812.0,1,0.00,54.0,62.0,62.0,41.0,55.0,1184,56.96,42923445127807
812.0,2,0.00,57.0,66.0,66.0,43.0,59.0,1279,55.25,38827007166870
812.0,3,0.00,59.0,68.0,68.0,44.0,60.0,1364,56.18,39231529414306
818.0,0,,71.0,72.0,72.0,52.0,70.0,2571,199.70,74313813624389
818.0,1,0.00,54.0,62.0,62.0,41.0,55.0,1174,56.96,42923768633178
818.0,2,0.00,57.0,66.0,66.0,44.0,58.0,1269,55.23,38827320866088
818.0,3,0.00,59.0,68.0,68.0,44.0,60.0,1362,56.01,39231847535644
823.0,0,,71.0,72.0,72.0,52.0,70.0,2787,199.71,74314949975646
823.0,1,0.00,54.0,62.0,62.0,41.0,55.0,1204,56.74,42924090901550
824.0,2,0.00,57.0,66.0,66.0,43.0,59.0,1289,55.17,38827634214965
824.0,3,0.00,59.0,68.0,68.0,44.0,60.0,1343,56.28,39232167200622
829.0,0,,71.0,72.0,72.0,52.0,70.0,2803,200.25,74316085374023
829.0,1,0.00,54.0,62.0,62.0,41.0,55.0,1185,56.90,42924413552551
829.0,2,0.00,57.0,66.0,66.0,43.0,58.0,1291,55.08,38827946542724
829.0,3,0.00,59.0,68.0,68.0,45.0,60.0,1344,56.06,39232485075256
835.0,0,,71.0,72.0,72.0,52.0,70.0,2801,199.84,74317220447082
835.0,1,0.00,54.0,62.0,62.0,41.0,55.0,1184,57.13,42924738061096
835.0,2,0.00,57.0,66.0,66.0,44.0,59.0,1279,55.22,38828260170654
835.0,3,0.00,59.0,68.0,68.0,45.0,60.0,1374,56.03,39232803305297
840.0,0,,71.0,72.0,72.0,52.0,70.0,2803,199.72,74318352847290
840.0,1,0.00,54.0,62.0,62.0,41.0,55.0,1175,57.08,42925061705383
841.0,2,0.00,57.0,66.0,66.0,43.0,59.0,1280,55.20,38828573147460
841.0,3,0.00,59.0,68.0,68.0,45.0,60.0,1365,56.14,39233122198181
846.0,0,,71.0,72.0,72.0,51.0,70.0,2802,200.30,74319490526733
846.0,1,0.00,54.0,62.0,62.0,41.0,55.0,1206,56.62,42925383296081
846.0,2,0.00,57.0,66.0,66.0,43.0,58.0,1291,54.88,38828884882141
846.0,3,0.00,59.0,68.0,68.0,45.0,60.0,1376,55.80,39233438608154
852.0,0,,69.0,72.0,72.0,51.0,69.0,2815,199.84,74320623626098
852.0,1,0.00,54.0,62.0,62.0,41.0,55.0,1186,56.99,42925706419311
852.0,2,0.00,57.0,66.0,66.0,43.0,58.0,1302,55.20,38829197853454
852.0,3,0.00,59.0,68.0,68.0,45.0,60.0,1376,55.97,39233755946472
857.0,0,100.00,71.0,72.0,72.0,52.0,70.0,2571,199.63,74321755533935
857.0,1,0.00,54.0,62.0,62.0,41.0,55.0,1175,56.97,42926029463317
858.0,2,0.00,57.0,66.0,66.0,43.0,58.0,1260,55.08,38829510165893
858.0,3,0.00,59.0,68.0,68.0,45.0,60.0,1366,56.12,39234074170227
863.0,0,,71.0,72.0,72.0,52.0,70.0,2752,200.13,74322890279357
863.0,1,0.00,54.0,62.0,62.0,41.0,55.0,1186,56.73,42926351101501
863.0,2,0.00,57.0,66.0,66.0,43.0,58.0,1281,55.23,38829823298156
863.0,3,0.00,59.0,68.0,68.0,45.0,60.0,1375,56.54,39234394736816
869.0,0,,70.0,72.0,72.0,51.0,70.0,2800,200.41,74324028623535
869.0,1,0.00,54.0,62.0,62.0,41.0,55.0,1184,56.89,42926674264770
869.0,2,0.00,57.0,66.0,66.0,43.0,59.0,1279,55.06,38830136054809
869.0,3,0.00,59.0,68.0,68.0,45.0,60.0,1375,55.80,39234711663879
874.0,0,,68.0,74.0,76.0,51.0,69.0,2718,195.07,74325134678833
874.0,1,0.00,54.0,62.0,62.0,41.0,55.0,1174,57.01,42926997507751
875.0,2,0.00,57.0,66.0,66.0,43.0,58.0,1258,55.16,38830448809875
875.0,3,0.00,59.0,68.0,68.0,45.0,61.0,1364,56.12,39235030414733
880.0,0,100.00,67.0,76.0,76.0,51.0,69.0,2389,179.56,74326154598388
880.0,1,0.00,54.0,62.0,62.0,41.0,55.0,1184,56.79,42927320091552
880.0,2,0.00,57.0,66.0,66.0,44.0,58.0,1280,55.23,38830762542480
880.0,3,0.00,59.0,68.0,68.0,45.0,60.0,1365,56.37,39235350038330
886.0,0,99.99,68.0,78.0,78.0,51.0,69.0,2139,179.82,74327172387390
886.0,1,0.00,54.0,62.0,62.0,41.0,55.0,1185,56.64,42927641227050
886.0,2,0.00,57.0,66.0,66.0,44.0,59.0,1280,55.42,38831076776733
886.0,3,0.00,59.0,68.0,68.0,45.0,60.0,1374,55.90,39235667562377
891.0,0,0.00,64.0,78.0,78.0,48.0,65.0,2146,71.49,74327578451049
891.0,1,0.00,54.0,62.0,62.0,41.0,55.0,1174,56.84,42927963487915
892.0,2,0.00,57.0,66.0,66.0,44.0,59.0,1259,55.13,38831389918151
892.0,3,0.00,59.0,68.0,68.0,45.0,60.0,1364,56.08,39235985524230
897.0,0,0.00,63.0,78.0,78.0,48.0,65.0,1681,58.43,74327910347534
897.0,1,0.00,54.0,62.0,62.0,41.0,55.0,1184,57.12,42928287914550
897.0,2,0.00,57.0,66.0,66.0,43.0,59.0,1301,55.10,38831702354125
897.0,3,0.00,59.0,68.0,68.0,44.0,60.0,1375,56.14,39236304398742
903.0,0,,68.0,70.0,70.0,50.0,68.0,1522,127.18,74328632713684
903.0,1,0.00,54.0,62.0,62.0,41.0,55.0,1185,56.66,42928609725952
903.0,2,0.00,57.0,66.0,66.0,43.0,58.0,1301,55.24,38832016136474
903.0,3,0.00,59.0,68.0,68.0,44.0,60.0,1365,55.97,39236621771972
908.0,0,,70.0,70.0,70.0,51.0,69.0,1864,200.01,74329766758300
909.0,1,0.00,54.0,62.0,62.0,41.0,55.0,1164,56.85,42928932058532
909.0,2,0.00,57.0,66.0,66.0,43.0,58.0,1280,56.06,38832334009155
909.0,3,0.00,59.0,68.0,68.0,44.0,60.0,1344,55.78,39236938068054
914.0,0,,71.0,70.0,70.0,52.0,70.0,2314,199.43,74330899532287
914.0,1,0.00,54.0,62.0,62.0,41.0,55.0,1184,56.94,42929255483276
914.0,2,0.00,57.0,66.0,66.0,43.0,58.0,1300,55.01,38832646464233
914.0,3,0.00,59.0,68.0,68.0,44.0,60.0,1342,56.00,39237256154052
920.0,0,100.00,71.0,72.0,72.0,52.0,70.0,2718,200.60,74332036940246
920.0,1,0.00,54.0,62.0,62.0,41.0,55.0,1196,57.17,42929579650512
920.0,2,0.00,57.0,66.0,66.0,43.0,58.0,1291,55.21,38832959481689
920.0,3,0.00,59.0,68.0,68.0,44.0,60.0,1355,55.91,39237573709899
925.0,0,,70.0,72.0,72.0,51.0,70.0,2791,199.86,74333172117431
926.0,1,0.00,54.0,62.0,62.0,41.0,55.0,1173,56.71,42929901739135
926.0,2,0.00,57.0,66.0,66.0,43.0,58.0,1258,55.32,38833273672485
926.0,3,0.00,59.0,68.0,68.0,45.0,60.0,1343,56.38,39237893394958
931.0,0,,70.0,72.0,72.0,52.0,70.0,2802,200.00,74334306094238
931.0,1,0.00,54.0,62.0,62.0,41.0,55.0,1184,56.65,42930223537841
931.0,2,0.00,57.0,66.0,66.0,43.0,58.0,1279,54.93,38833585659667
932.0,3,0.00,59.0,68.0,68.0,44.0,60.0,1342,55.79,39238210254455
937.0,0,100.00,69.0,70.0,72.0,51.0,69.0,2802,200.09,74335442603393
937.0,1,0.00,54.0,62.0,62.0,41.0,55.0,1185,57.13,42930547479553
937.0,2,0.00,57.0,66.0,66.0,44.0,58.0,1280,55.12,38833898190856
937.0,3,0.00,59.0,68.0,68.0,44.0,60.0,1354,56.17,39238528711914
942.0,0,,71.0,72.0,72.0,51.0,70.0,2623,199.17,74336573889343
943.0,1,0.00,54.0,62.0,62.0,41.0,55.0,1164,57.11,42930871273864
943.0,2,0.00,57.0,66.0,66.0,43.0,59.0,1291,55.25,38834212020385
943.0,3,0.00,59.0,68.0,68.0,44.0,60.0,1354,55.94,39238846478637
948.0,0,100.00,71.0,72.0,72.0,51.0,70.0,2716,200.91,74337713037658
948.0,1,0.00,54.0,62.0,62.0,41.0,55.0,1194,56.74,42931193555786
948.0,2,0.00,57.0,66.0,66.0,43.0,59.0,1290,55.29,38834525521118
949.0,3,0.00,59.0,68.0,68.0,45.0,60.0,1364,55.94,39239163663696
954.0,0,,70.0,72.0,72.0,51.0,70.0,2801,199.67,74338847188049
954.0,1,0.00,54.0,62.0,62.0,41.0,55.0,1184,56.96,42931517097534
954.0,2,0.00,57.0,66.0,66.0,43.0,59.0,1289,55.02,38834838016235
954.0,3,0.00,59.0,68.0,68.0,44.0,60.0,1374,55.83,39239481348266
959.0,0,,70.0,72.0,72.0,51.0,69.0,2706,199.45,74339980089355
960.0,1,0.00,54.0,62.0,62.0,41.0,55.0,1163,57.20,42931841977722
960.0,2,0.00,57.0,66.0,66.0,43.0,59.0,1269,55.25,38835151809814
960.0,3,0.00,59.0,68.0,68.0,45.0,60.0,1374,56.17,39239799819458
965.0,0,,68.0,74.0,72.0,51.0,70.0,2685,199.04,74341108624755
965.0,1,0.00,54.0,62.0,62.0,41.0,55.0,1184,56.81,42932164680175
965.0,2,0.00,57.0,66.0,66.0,43.0,58.0,1268,55.23,38835465509216
966.0,3,0.00,59.0,66.0,66.0,45.0,60.0,1362,56.16,39240119374450
971.0,0,,68.0,76.0,76.0,51.0,69.0,2450,179.61,74342130583984
971.0,1,0.00,54.0,62.0,62.0,41.0,55.0,1184,56.63,42932486357299
971.0,2,0.00,57.0,66.0,66.0,44.0,59.0,1279,54.98,38835777775756
971.0,3,0.00,59.0,66.0,66.0,44.0,60.0,1375,56.09,39240437416992
976.0,0,,68.0,78.0,78.0,51.0,69.0,2178,179.76,74343149834472
977.0,1,0.00,54.0,62.0,62.0,41.0,55.0,1184,56.71,42932808487243
977.0,2,0.00,57.0,66.0,66.0,43.0,58.0,1290,55.23,38836091507202
977.0,3,0.00,59.0,66.0,66.0,44.0,60.0,1374,56.12,39240756202819
982.0,0,,71.0,74.0,74.0,52.0,70.0,2241,191.07,74344235100219
982.0,1,0.00,54.0,62.0,62.0,41.0,55.0,1205,57.01,42933131742675
982.0,2,0.00,57.0,66.0,66.0,43.0,59.0,1279,55.23,38836405214294
983.0,3,0.00,59.0,66.0,66.0,44.0,60.0,1363,56.35,39241076243225
988.0,0,,71.0,72.0,74.0,52.0,71.0,2547,199.84,74345370182250
988.0,1,0.00,54.0,62.0,62.0,41.0,55.0,1163,56.61,42933453277038
988.0,2,0.00,57.0,66.0,66.0,43.0,58.0,1289,55.30,38836718777404
988.0,3,0.00,59.0,66.0,66.0,45.0,60.0,1354,55.94,39241393973205
994.0,0,100.00,70.0,74.0,72.0,52.0,70.0,2779,199.83,74346505232482
994.0,1,0.00,54.0,62.0,62.0,41.0,55.0,1173,56.99,42933776986022
994.0,2,0.00,57.0,66.0,66.0,44.0,58.0,1288,55.05,38837032038696
994.0,3,0.00,59.0,66.0,66.0,44.0,60.0,1330,56.00,39241712047729
999.0,0,,71.0,72.0,72.0,52.0,70.0,2797,200.50,74347644074401
999.0,1,0.00,54.0,62.0,62.0,41.0,55.0,1183,57.01,42934101380004
1000.0,2,0.00,57.0,66.0,66.0,43.0,59.0,1278,55.19,38837345510803
1000.0,3,0.00,59.0,66.0,66.0,45.0,60.0,1363,56.18,39242031140197
1005.0,0,100.00,70.0,72.0,72.0,52.0,69.0,2801,199.82,74348779042846
1005.0,1,0.00,54.0,62.0,62.0,41.0,55.0,1184,56.86,42934423758666
1005.0,2,0.00,57.0,66.0,66.0,43.0,59.0,1280,55.15,38837658752563
1005.0,3,0.00,59.0,66.0,66.0,45.0,60.0,1374,56.19,39242350278442
1011.0,0,,71.0,72.0,72.0,51.0,70.0,2799,199.81,74349913962707
1011.0,1,0.00,54.0,62.0,62.0,41.0,55.0,1173,56.87,42934746795776
1011.0,2,0.00,57.0,66.0,66.0,43.0,58.0,1278,55.03,38837971294799
1011.0,3,0.00,59.0,66.0,66.0,45.0,60.0,1374,55.78,39242667131896
1016.0,0,100.00,70.0,72.0,72.0,51.0,70.0,2812,200.14,74351050754577
1016.0,1,0.00,54.0,62.0,62.0,41.0,55.0,1184,56.82,42935069525878
1017.0,2,0.00,57.0,66.0,66.0,43.0,59.0,1290,55.23,38838284454589
1017.0,3,0.00,59.0,66.0,66.0,45.0,60.0,1364,56.00,39242984658508
1022.0,0,100.00,70.0,72.0,72.0,51.0,69.0,2801,199.22,74352182345581
1022.0,1,0.00,54.0,62.0,62.0,41.0,55.0,1184,57.05,42935393557617
1022.0,2,0.00,57.0,66.0,66.0,43.0,59.0,1300,55.12,38838597519287
1022.0,3,0.00,59.0,66.0,66.0,45.0,60.0,1373,56.07,39243303724060
1028.0,0,100.00,70.0,72.0,72.0,52.0,70.0,2567,200.40,74353320643676
1028.0,1,0.00,54.0,62.0,62.0,41.0,55.0,1173,56.69,42935715534179
1028.0,2,0.00,57.0,64.0,64.0,43.0,59.0,1289,55.25,38838911317077
1028.0,3,0.00,59.0,66.0,66.0,45.0,60.0,1373,55.69,39243620057495
1033.0,0,,69.0,72.0,72.0,52.0,70.0,2770,200.18,74354457678649
1033.0,1,0.00,54.0,62.0,62.0,41.0,55.0,1184,56.86,42936038517028
1034.0,2,0.00,57.0,64.0,64.0,43.0,58.0,1300,55.05,38839223975402
1034.0,3,0.00,59.0,66.0,66.0,45.0,60.0,1365,56.00,39243937560302
1039.0,0,,69.0,72.0,72.0,51.0,69.0,2803,200.27,74355593189453
1039.0,1,0.00,54.0,62.0,62.0,41.0,55.0,1185,57.11,42936362353149
1039.0,2,0.00,57.0,64.0,64.0,43.0,58.0,1280,54.98,38839536253906
1039.0,3,0.00,59.0,66.0,66.0,45.0,61.0,1375,56.06,39244255999267
1045.0,0,99.99,68.0,76.0,76.0,51.0,69.0,2748,194.20,74356696220092
1045.0,1,0.00,54.0,62.0,62.0,41.0,55.0,1184,57.12,42936686770080
1045.0,2,0.00,57.0,64.0,64.0,43.0,58.0,1279,55.25,38839849530639
1045.0,3,0.00,59.0,66.0,66.0,45.0,60.0,1374,56.10,39244574624694
1050.0,0,,67.0,76.0,76.0,51.0,68.0,2409,179.78,74357717360107
1050.0,1,0.00,54.0,62.0,62.0,41.0,55.0,1173,56.55,42937008000671
1051.0,2,0.00,57.0,64.0,64.0,44.0,58.0,1279,55.12,38840162585388
1051.0,3,0.00,59.0,66.0,66.0,45.0,60.0,1362,56.02,39244892795471
1056.0,0,,68.0,78.0,78.0,51.0,69.0,2144,179.68,74358737916687
1056.0,1,0.00,54.0,62.0,62.0,41.0,55.0,1183,56.72,42937330153991
1056.0,2,0.00,57.0,64.0,64.0,43.0,58.0,1289,54.95,38840475258239
1056.0,3,0.00,59.0,66.0,66.0,45.0,60.0,1374,56.13,39245211639282
1062.0,0,,70.0,74.0,74.0,52.0,70.0,2220,194.84,74359844591918
1062.0,1,0.00,54.0,62.0,62.0,41.0,55.0,1174,56.90,42937653326843
1062.0,2,0.00,57.0,64.0,64.0,43.0,58.0,1290,55.21,38840788294616
1062.0,3,0.00,59.0,66.0,66.0,44.0,60.0,1374,56.25,39245530587341
1067.0,0,,70.0,72.0,74.0,52.0,70.0,2619,199.96,74360980384582
1067.0,1,0.00,54.0,62.0,62.0,41.0,55.0,1173,56.65,42937975091979
1068.0,2,0.00,57.0,64.0,64.0,44.0,58.0,1278,55.28,38841102309204
1068.0,3,0.00,59.0,66.0,66.0,45.0,60.0,1373,56.25,39245850663696
1073.0,0,,70.0,72.0,74.0,51.0,70.0,2789,200.14,74362117163574
1073.0,1,0.00,54.0,62.0,62.0,41.0,55.0,1184,56.60,42938296607788
1073.0,2,0.00,57.0,64.0,64.0,43.0,58.0,1300,55.01,38841414792480
1073.0,3,0.00,59.0,66.0,66.0,44.0,61.0,1363,56.17,39246169120300
1079.0,0,,70.0,72.0,72.0,51.0,70.0,2802,199.95,74363250900634
1079.0,1,0.00,54.0,62.0,62.0,41.0,55.0,1184,57.10,42938620920837
1079.0,2,0.00,57.0,64.0,64.0,43.0,58.0,1300,54.98,38841727104797
1079.0,3,0.00,59.0,66.0,66.0,45.0,60.0,1374,56.07,39246487614440
1084.0,0,,71.0,72.0,72.0,52.0,70.0,2801,199.79,74364385702270
1085.0,1,0.00,54.0,62.0,62.0,41.0,55.0,1173,57.10,42938945261352
1085.0,2,0.00,57.0,64.0,64.0,43.0,58.0,1269,55.25,38842040949340
1085.0,3,0.00,59.0,66.0,66.0,45.0,60.0,1363,56.10,39246806279968
1090.0,0,,70.0,72.0,72.0,52.0,70.0,2808,200.04,74365523942382
1090.0,1,0.00,54.0,62.0,62.0,41.0,55.0,1183,56.77,42939267708435
1090.0,2,0.00,57.0,64.0,64.0,43.0,58.0,1278,55.04,38842353587463
1091.0,3,0.00,59.0,66.0,66.0,45.0,60.0,1374,55.93,39247123949768
1096.0,0,,70.0,72.0,72.0,51.0,70.0,2803,200.23,74366659223693
1096.0,1,0.00,54.0,62.0,62.0,41.0,55.0,1195,57.02,42939591024902
1096.0,2,0.00,57.0,64.0,64.0,43.0,58.0,1280,55.00,38842665424316
1096.0,3,0.00,59.0,66.0,66.0,45.0,60.0,1375,55.97,39247441877136
1101.0,0,,70.0,72.0,72.0,51.0,69.0,2802,199.28,74367791152282
1102.0,1,0.00,54.0,62.0,62.0,41.0,55.0,1174,56.90,42939914218688
1102.0,2,0.00,57.0,64.0,64.0,43.0,58.0,1258,55.14,38842978622680
1102.0,3,0.00,59.0,66.0,66.0,45.0,60.0,1373,55.99,39247759916748
1107.0,0,,71.0,72.0,72.0,52.0,70.0,2607,200.18,74368928197692
1107.0,1,0.00,54.0,62.0,62.0,41.0,55.0,1182,56.69,42940236225463
1107.0,2,0.00,57.0,64.0,64.0,43.0,58.0,1278,55.24,38843292935241
1108.0,3,0.00,59.0,66.0,66.0,45.0,61.0,1363,56.50,39248080827514
1113.0,0,,71.0,72.0,72.0,51.0,70.0,2782,199.76,74370062807556
1113.0,1,0.00,54.0,62.0,62.0,41.0,55.0,1185,56.72,42940558399169
1113.0,2,0.00,57.0,64.0,64.0,43.0,59.0,1280,54.93,38843604369812
1113.0,3,0.00,59.0,66.0,66.0,45.0,60.0,1376,56.20,39248399496154
1118.0,0,,71.0,72.0,72.0,52.0,70.0,2758,200.68,74371200668762
1119.0,1,0.00,54.0,62.0,62.0,41.0,55.0,1173,57.10,42940882709167
1119.0,2,0.00,57.0,64.0,64.0,43.0,58.0,1258,55.06,38843917104980
1119.0,3,0.00,59.0,66.0,66.0,45.0,60.0,1373,56.01,39248717652648
1124.0,0,,68.0,76.0,76.0,51.0,69.0,2674,190.75,74372284112915
1124.0,1,0.00,54.0,62.0,62.0,41.0,55.0,1184,56.91,42941205962829
1124.0,2,0.00,57.0,64.0,64.0,43.0,59.0,1278,55.19,38844230572692
1125.0,3,0.00,60.0,66.0,66.0,45.0,60.0,1363,56.25,39249037156066
1130.0,0,,68.0,78.0,78.0,51.0,69.0,2305,179.53,74373303841613
1130.0,1,0.00,54.0,62.0,62.0,41.0,55.0,1184,56.72,42941527563110
1130.0,2,0.00,57.0,64.0,64.0,44.0,59.0,1290,55.36,38844544491882
1130.0,3,0.00,59.0,66.0,66.0,45.0,60.0,1375,56.32,39249356486389
1135.0,0,,68.0,78.0,78.0,51.0,69.0,2127,179.68,74374322630676
1136.0,1,0.00,54.0,62.0,62.0,41.0,55.0,1164,56.75,42941849331115
1136.0,2,0.00,57.0,64.0,64.0,44.0,58.0,1270,55.06,38844856703796
1136.0,3,0.00,59.0,66.0,66.0,45.0,61.0,1375,56.03,39249674725097
1141.0,0,0.00,64.0,78.0,78.0,48.0,66.0,2188,63.82,74374685154602
1141.0,1,0.00,54.0,62.0,62.0,41.0,55.0,1184,57.07,42942173511108
1141.0,2,0.00,57.0,64.0,64.0,43.0,58.0,1300,55.26,38845170605041
1142.0,3,0.00,59.0,66.0,66.0,45.0,60.0,1364,56.02,39249992908630
1147.0,0,0.00,63.0,78.0,78.0,47.0,64.0,1647,58.26,74375016043762
1147.0,1,0.00,54.0,62.0,62.0,41.0,55.0,1193,56.74,42942496352355
1147.0,2,0.00,57.0,64.0,64.0,43.0,58.0,1289,55.10,38845484134948
1147.0,3,0.00,59.0,66.0,66.0,44.0,60.0,1374,56.08,39250310879028
1153.0,0,100.00,68.0,70.0,70.0,50.0,68.0,1525,134.90,74375780939392
1153.0,1,0.00,54.0,62.0,62.0,41.0,55.0,1196,56.88,42942818861389
1153.0,2,0.00,57.0,64.0,64.0,43.0,58.0,1269,54.99,38845795941772
1153.0,3,0.00,59.0,66.0,66.0,44.0,60.0,1364,55.60,39250626674011
1158.0,0,,70.0,70.0,70.0,51.0,69.0,1881,199.97,74376916747192
1158.0,1,0.00,54.0,62.0,62.0,41.0,55.0,1184,56.83,42943141080566
1158.0,2,0.00,57.0,64.0,64.0,43.0,59.0,1280,55.11,38846108988769
1159.0,3,0.00,59.0,66.0,66.0,44.0,60.0,1354,55.80,39250943637390
1164.0,0,100.00,71.0,72.0,72.0,52.0,70.0,2337,199.93,74378052352539
1164.0,1,0.00,54.0,62.0,62.0,41.0,55.0,1184,57.05,42943465107543
1164.0,2,0.00,57.0,64.0,64.0,43.0,59.0,1279,55.29,38846422484924
1164.0,3,0.00,59.0,66.0,66.0,44.0,60.0,1342,56.04,39251261956542
1170.0,0,,71.0,72.0,72.0,52.0,70.0,2702,199.66,74379186406311
1170.0,1,0.00,54.0,62.0,62.0,41.0,55.0,1172,56.79,42943787660400
1170.0,2,0.00,57.0,64.0,64.0,43.0,59.0,1278,55.11,38846736046630
1170.0,3,0.00,59.0,66.0,66.0,44.0,60.0,1351,56.03,39251580223449
1175.0,0,,69.0,72.0,72.0,52.0,69.0,2799,200.03,74380322592041
1175.0,1,0.00,54.0,62.0,62.0,41.0,55.0,1184,56.81,42944110362731
1176.0,2,0.00,57.0,64.0,64.0,43.0,59.0,1279,55.09,38847048981201
1176.0,3,0.00,59.0,66.0,66.0,44.0,60.0,1343,55.78,39251897064331
1181.0,0,,69.0,72.0,72.0,51.0,69.0,2800,200.02,74381458692626
1181.0,1,0.00,54.0,62.0,62.0,41.0,55.0,1183,56.96,42944434487182
1181.0,2,0.00,57.0,64.0,64.0,43.0,58.0,1278,55.23,38847362697509
1181.0,3,0.00,59.0,66.0,66.0,45.0,60.0,1352,56.04,39252215355285
1187.0,0,,71.0,72.0,72.0,52.0,70.0,2810,200.16,74382595617980
1187.0,1,0.00,54.0,62.0,62.0,41.0,55.0,1174,56.80,42944756561340
1187.0,2,0.00,57.0,64.0,64.0,43.0,59.0,1280,55.12,38847675799255
1187.0,3,0.00,59.0,66.0,66.0,45.0,60.0,1343,56.04,39252533685729
1192.0,0,,70.0,72.0,72.0,51.0,69.0,2612,200.15,74383732441772
1192.0,1,0.00,54.0,60.0,60.0,41.0,55.0,1184,56.71,42945078694091
1193.0,2,0.00,57.0,64.0,64.0,43.0,59.0,1280,55.09,38847988177795
1193.0,3,0.00,59.0,66.0,66.0,45.0,60.0,1364,55.93,39252850799987
1198.0,0,,68.0,72.0,72.0,51.0,69.0,2767,199.29,74384864413879
1198.0,1,0.00,54.0,60.0,60.0,41.0,55.0,1183,56.84,42945401567199
1198.0,2,0.00,57.0,64.0,64.0,44.0,59.0,1278,55.07,38848300951660
1198.0,3,0.00,59.0,66.0,66.0,45.0,60.0,1373,55.97,39253169251953
1204.0,0,100.00,69.0,72.0,72.0,51.0,69.0,2750,200.59,74386001733032
1204.0,1,0.00,54.0,60.0,60.0,41.0,55.0,1164,57.16,42945725655700
1204.0,2,0.00,57.0,64.0,64.0,43.0,58.0,1280,55.08,38848613777709
1204.0,3,0.00,59.0,66.0,66.0,45.0,60.0,1376,56.18,39253487766967
1209.0,0,,71.0,72.0,72.0,51.0,70.0,2654,199.92,74387137289062
1209.0,1,0.00,54.0,60.0,60.0,41.0,55.0,1185,56.64,42946047352294
1210.0,2,0.00,57.0,64.0,64.0,43.0,58.0,1280,55.26,38848927119384
1210.0,3,0.00,59.0,66.0,66.0,45.0,60.0,1364,56.12,39253805968261
1215.0,0,,68.0,74.0,74.0,51.0,69.0,2783,197.33,74388256125976
1215.0,1,0.00,54.0,60.0,60.0,41.0,55.0,1185,56.87,42946369784912
1215.0,2,0.00,57.0,64.0,64.0,43.0,59.0,1269,55.14,38849239743957
1215.0,3,0.00,59.0,66.0,66.0,45.0,61.0,1365,56.07,39254123889221
1221.0,0,100.00,67.0,76.0,76.0,51.0,69.0,2484,179.62,74389276390380
1221.0,1,0.00,54.0,60.0,60.0,41.0,55.0,1184,56.74,42946692069885
1221.0,2,0.00,57.0,64.0,64.0,43.0,58.0,1269,55.08,38849552626159
1221.0,3,0.00,59.0,66.0,66.0,45.0,60.0,1384,56.19,39254443065185
1226.0,0,,68.0,78.0,78.0,51.0,69.0,2145,179.85,74390296123291
1226.0,1,0.00,54.0,60.0,60.0,41.0,55.0,1162,56.78,42947014606201
1227.0,2,0.00,57.0,64.0,64.0,44.0,58.0,1268,55.26,38849866478210
1227.0,3,0.00,59.0,66.0,66.0,44.0,60.0,1363,56.15,39254761986999
1232.0,0,100.00,70.0,74.0,74.0,51.0,70.0,2189,192.68,74391390558532
1232.0,1,0.00,54.0,60.0,60.0,41.0,55.0,1185,56.60,42947335548095
1232.0,2,0.00,57.0,64.0,64.0,43.0,59.0,1280,55.17,38850179290283
1232.0,3,0.00,59.0,66.0,66.0,44.0,60.0,1366,55.84,39255078605102
1238.0,0,,71.0,74.0,72.0,52.0,71.0,2583,199.58,74392522157165
1238.0,1,0.00,54.0,60.0,60.0,41.0,55.0,1186,56.91,42947658210510
1238.0,2,0.00,57.0,64.0,64.0,43.0,59.0,1302,55.03,38850491294677
1238.0,3,0.00,59.0,66.0,66.0,44.0,60.0,1366,55.84,39255395203674
1243.0,0,,70.0,72.0,72.0,52.0,70.0,2782,200.07,74393656570861
1243.0,1,0.00,54.0,60.0,60.0,41.0,55.0,1164,56.87,42947981230407
1244.0,2,0.00,57.0,64.0,64.0,43.0,59.0,1269,55.05,38850803972045
1244.0,3,0.00,59.0,66.0,66.0,44.0,60.0,1343,55.94,39255712960998
1249.0,0,,71.0,72.0,72.0,52.0,70.0,2801,199.99,74394792506591
1249.0,1,0.00,54.0,60.0,60.0,41.0,55.0,1183,56.75,42948303587585
1249.0,2,0.00,57.0,64.0,64.0,43.0,59.0,1278,55.32,38851118215209
1249.0,3,0.00,59.0,66.0,66.0,45.0,60.0,1373,56.17,39256031983642
1255.0,0,100.00,71.0,72.0,72.0,52.0,70.0,2802,199.60,74395926249084
1255.0,1,0.00,54.0,60.0,60.0,41.0,55.0,1185,56.91,42948626290222
1255.0,2,0.00,57.0,64.0,64.0,44.0,59.0,1281,55.04,38851430279602
1255.0,3,0.00,59.0,66.0,66.0,45.0,60.0,1376,55.95,39256349220458
1260.0,0,,69.0,72.0,72.0,51.0,70.0,2801,200.49,74397063027648
1261.0,1,0.00,54.0,60.0,60.0,41.0,55.0,1163,56.90,42948949497924
1261.0,2,0.00,57.0,64.0,64.0,43.0,59.0,1289,55.04,38851742916687
1261.0,3,0.00,59.0,66.0,66.0,45.0,60.0,1363,55.98,39256667199951
1266.0,0,,71.0,72.0,72.0,51.0,70.0,2800,199.54,74398196421997
1266.0,1,0.00,54.0,60.0,60.0,41.0,55.0,1184,57.07,42949273086547
1266.0,2,0.00,57.0,64.0,64.0,43.0,58.0,1301,55.24,38852056683837
1267.0,3,0.00,59.0,66.0,66.0,45.0,60.0,1364,56.04,39256985527099
1272.0,0,,70.0,72.0,72.0,51.0,70.0,2802,200.50,74399335270629
1272.0,1,0.00,54.0,60.0,60.0,41.0,55.0,1184,56.62,42949594701843
1272.0,2,0.00,57.0,64.0,64.0,44.0,58.0,1280,55.36,38852370579833
1272.0,3,0.00,59.0,66.0,66.0,45.0,60.0,1375,55.88,39257302346313
1277.0,0,,70.0,72.0,72.0,51.0,69.0,2614,199.77,74400467985778
1278.0,1,0.00,54.0,60.0,60.0,41.0,55.0,1164,56.90,42949917351013
1278.0,2,0.00,57.0,64.0,64.0,44.0,59.0,1270,55.00,38852682432067
1278.0,3,0.00,59.0,66.0,66.0,45.0,61.0,1365,55.85,39257619038024
1283.0,0,,70.0,72.0,72.0,51.0,70.0,2772,199.79,74401600808166
1283.0,1,0.00,54.0,60.0,60.0,41.0,55.0,1185,56.96,42950240301757
1283.0,2,0.00,57.0,64.0,64.0,43.0,58.0,1270,55.05,38852995134338
1284.0,3,0.00,59.0,66.0,66.0,45.0,60.0,1375,55.88,39257936415588
1289.0,0,,70.0,72.0,72.0,51.0,69.0,2791,199.67,74402734913696
1289.0,1,0.00,54.0,60.0,60.0,41.0,55.0,1174,57.15,42950564922363
1289.0,2,0.00,57.0,64.0,64.0,43.0,58.0,1279,55.40,38853309255493
1289.0,3,0.00,60.0,66.0,66.0,45.0,60.0,1374,56.13,39258255257690
1294.0,0,,68.0,76.0,76.0,51.0,69.0,2621,194.29,74403838462402
1295.0,1,0.00,54.0,60.0,60.0,41.0,55.0,1173,56.73,42950887128662
1295.0,2,0.00,57.0,64.0,64.0,43.0,58.0,1289,54.85,38853620791320
1295.0,3,0.00,59.0,66.0,66.0,45.0,60.0,1364,55.90,39258572214355
1300.0,0,99.99,67.0,78.0,78.0,51.0,69.0,2369,179.83,74404858095275
1300.0,1,0.00,54.0,60.0,60.0,41.0,55.0,1185,56.75,42951208905395
1300.0,2,0.00,57.0,64.0,64.0,43.0,59.0,1280,55.15,38853933510559
1301.0,3,0.00,59.0,66.0,66.0,45.0,60.0,1374,56.07,39258890697692
1306.0,0,,68.0,78.0,78.0,51.0,69.0,2144,179.72,74405878905334
1306.0,1,0.00,54.0,60.0,60.0,41.0,55.0,1183,56.70,42951531525085
1306.0,2,0.00,57.0,64.0,64.0,44.0,59.0,1279,55.27,38854247982299
1306.0,3,0.00,59.0,66.0,66.0,45.0,60.0,1374,56.31,39259210540710
1311.0,0,,71.0,74.0,74.0,52.0,70.0,2296,195.52,74406989439697
1312.0,1,0.00,54.0,60.0,60.0,41.0,55.0,1164,56.75,42951853316101
1312.0,2,0.00,57.0,64.0,64.0,43.0,58.0,1259,55.21,38854561025451
1312.0,3,0.00,59.0,66.0,66.0,44.0,60.0,1375,56.15,39259528887390
1317.0,0,,70.0,74.0,74.0,52.0,70.0,2685,200.13,74408124148742
1317.0,1,0.00,54.0,60.0,60.0,41.0,55.0,1185,56.68,42952174718627
1317.0,2,0.00,57.0,64.0,64.0,44.0,59.0,1290,54.92,38854872958129
1318.0,3,0.00,59.0,66.0,66.0,45.0,60.0,1364,55.86,39259846192382
1323.0,0,,71.0,74.0,72.0,52.0,70.0,2792,199.55,74409257584167
1323.0,1,0.00,54.0,60.0,60.0,41.0,55.0,1184,56.95,42952498216857
1323.0,2,0.00,57.0,64.0,64.0,43.0,58.0,1300,55.28,38855186385986
1323.0,3,0.00,59.0,66.0,66.0,45.0,60.0,1374,56.06,39260164639282
1328.0,0,,71.0,72.0,72.0,52.0,70.0,2799,200.10,74410394129760
1329.0,1,0.00,54.0,60.0,60.0,41.0,55.0,1173,57.05,42952822265869
1329.0,2,0.00,57.0,64.0,64.0,43.0,58.0,1300,55.10,38855499337829
1329.0,3,0.00,59.0,66.0,66.0,45.0,60.0,1375,56.20,39260483296325
1334.0,0,,70.0,72.0,72.0,52.0,70.0,2802,200.44,74411530598632
1334.0,1,0.00,54.0,60.0,60.0,41.0,55.0,1184,56.71,42953144385620
1334.0,2,0.00,57.0,64.0,64.0,44.0,58.0,1301,55.09,38855812273010
1335.0,3,0.00,59.0,66.0,66.0,45.0,60.0,1364,55.71,39260799714416
1340.0,0,,69.0,72.0,72.0,51.0,69.0,2801,199.84,74412665666748
1340.0,1,0.00,54.0,60.0,60.0,41.0,55.0,1184,56.89,42953467548522
1340.0,2,0.00,57.0,64.0,64.0,43.0,59.0,1279,55.08,38856125111267
1340.0,3,0.00,60.0,66.0,66.0,45.0,60.0,1374,56.29,39261119445739
1346.0,0,,69.0,72.0,72.0,51.0,69.0,2803,199.31,74413797750854
1346.0,1,0.00,54.0,60.0,60.0,41.0,55.0,1163,57.15,42953791594543
1346.0,2,0.00,57.0,64.0,64.0,43.0,59.0,1269,55.21,38856438134887
1346.0,3,0.00,59.0,66.0,66.0,45.0,61.0,1375,56.21,39261438145019
1351.0,0,,70.0,72.0,72.0,51.0,69.0,2768,199.92,74414933307861
1351.0,1,0.00,54.0,60.0,60.0,41.0,55.0,1205,56.72,42954113763427
1351.0,2,0.00,57.0,64.0,64.0,43.0,58.0,1289,55.09,38856751024902
1352.0,3,0.00,59.0,66.0,66.0,45.0,60.0,1364,56.10,39261756770446
1357.0,0,,70.0,72.0,72.0,51.0,69.0,2633,200.74,74416071502502
1357.0,1,0.00,54.0,60.0,60.0,41.0,55.0,1206,56.78,42954435734252
1357.0,2,0.00,57.0,64.0,64.0,43.0,59.0,1280,54.96,38857063174865
1357.0,3,0.00,59.0,66.0,66.0,45.0,60.0,1374,55.82,39262073825683
1363.0,0,,70.0,72.0,72.0,51.0,69.0,2790,199.98,74417207403381
1363.0,1,0.00,54.0,60.0,60.0,41.0,55.0,1141,57.03,42954759644226
1363.0,2,0.00,57.0,64.0,64.0,43.0,59.0,1267,55.17,38857376559814
1363.0,3,0.00,59.0,66.0,66.0,45.0,60.0,1383,56.11,39262392526611
1368.0,0,,69.0,72.0,72.0,51.0,69.0,2797,200.02,74418343503173
1368.0,1,0.00,54.0,60.0,60.0,41.0,55.0,1183,56.90,42955083394836
1369.0,2,0.00,57.0,64.0,64.0,43.0,58.0,1279,55.08,38857689411254
1369.0,3,0.00,59.0,66.0,66.0,45.0,61.0,1364,56.35,39262712566955
1374.0,0,,68.0,76.0,76.0,51.0,69.0,2581,189.75,74419421259765
1374.0,1,0.00,54.0,60.0,60.0,41.0,55.0,1196,56.66,42955404664550
1374.0,2,0.00,57.0,64.0,64.0,43.0,59.0,1291,55.29,38858002924316
1374.0,3,0.00,59.0,66.0,66.0,45.0,61.0,1375,56.12,39263031351379
1380.0,0,,68.0,78.0,78.0,51.0,69.0,2291,179.68,74420441861877
1380.0,1,0.00,54.0,60.0,60.0,41.0,55.0,1171,56.69,42955727205017
1380.0,2,0.00,57.0,64.0,64.0,43.0,58.0,1277,55.12,38858316536743
1380.0,3,0.00,59.0,66.0,66.0,45.0,60.0,1372,56.23,39263350721130
1385.0,0,,67.0,78.0,78.0,51.0,69.0,2123,177.71,74421451234130
1385.0,1,0.00,54.0,60.0,60.0,41.0,55.0,1173,56.81,42956049902587
1386.0,2,0.00,57.0,64.0,64.0,43.0,58.0,1279,55.18,38858629934387
1386.0,3,0.00,59.0,66.0,66.0,45.0,60.0,1363,56.11,39263669989990
1391.0,0,0.00,63.0,78.0,78.0,48.0,65.0,2175,59.29,74421788609069
1391.0,1,0.00,54.0,60.0,60.0,41.0,55.0,1183,56.66,42956371732177
1391.0,2,0.00,57.0,64.0,64.0,43.0,59.0,1289,55.27,38858943876281
1391.0,3,0.00,59.0,66.0,66.0,45.0,60.0,1374,56.11,39263988676696
1397.0,0,0.00,62.0,78.0,78.0,47.0,64.0,1638,58.26,74422119508850
1397.0,1,0.00,54.0,60.0,60.0,41.0,55.0,1173,56.90,42956694926269
1397.0,2,0.00,57.0,64.0,64.0,43.0,58.0,1289,55.09,38859256760437
1397.0,3,0.00,59.0,66.0,66.0,44.0,60.0,1365,55.63,39264304093872
1402.0,0,,68.0,70.0,70.0,50.0,68.0,1512,146.29,74422948994567
1402.0,1,0.00,54.0,60.0,60.0,41.0,55.0,1184,56.79,42957016922363
1403.0,2,0.00,57.0,64.0,64.0,43.0,58.0,1269,54.95,38859568885314
1403.0,3,0.00,59.0,66.0,66.0,44.0,60.0,1352,55.72,39264620602783
1408.0,0,,70.0,70.0,70.0,51.0,70.0,1954,199.66,74424085084899
1408.0,1,0.00,54.0,60.0,60.0,41.0,55.0,1183,56.91,42957340724121
1408.0,2,0.00,57.0,64.0,64.0,43.0,58.0,1278,55.15,38859882131652
1408.0,3,0.00,59.0,66.0,66.0,45.0,60.0,1352,55.93,39264938292175
1414.0,0,,71.0,72.0,72.0,52.0,70.0,2359,200.37,74425221176025
1414.0,1,0.00,54.0,60.0,60.0,41.0,55.0,1186,56.77,42957662621337
1414.0,2,0.00,57.0,64.0,64.0,43.0,58.0,1271,55.37,38860196070434
1414.0,3,0.00,59.0,66.0,66.0,44.0,60.0,1355,56.09,39265256299743
1419.0,0,,70.0,72.0,72.0,51.0,70.0,2739,199.59,74426352834106
1419.0,1,0.00,54.0,60.0,60.0,41.0,55.0,1163,56.78,42957985117004
1420.0,2,0.00,57.0,64.0,64.0,43.0,58.0,1279,54.92,38860508006286
1420.0,3,0.00,59.0,66.0,66.0,44.0,60.0,1342,55.74,39265572890869
1425.0,0,,70.0,72.0,72.0,51.0,69.0,2801,200.11,74427489452636
1425.0,1,0.00,54.0,60.0,60.0,41.0,55.0,1184,57.00,42958308862304
1425.0,2,0.00,57.0,64.0,64.0,43.0,58.0,1289,55.02,38860820520080
1425.0,3,0.00,59.0,66.0,66.0,44.0,60.0,1342,56.26,39265892437866
1431.0,0,,70.0,72.0,72.0,51.0,70.0,2801,200.26,74428626927124
1431.0,1,0.00,54.0,60.0,60.0,41.0,55.0,1184,57.11,42958632653686
1431.0,2,0.00,57.0,64.0,64.0,44.0,59.0,1280,55.27,38861133882446
1431.0,3,0.00,59.0,66.0,66.0,44.0,60.0,1355,56.32,39266211791015
1436.0,0,,70.0,72.0,72.0,51.0,69.0,2801,199.21,74429758465087
1437.0,1,0.00,54.0,60.0,60.0,41.0,55.0,1163,56.75,42958955019104
1437.0,2,0.00,57.0,64.0,64.0,43.0,58.0,1277,54.95,38861446552978
1437.0,3,0.00,59.0,66.0,66.0,44.0,60.0,1361,55.67,39266528565612
1442.0,0,,71.0,72.0,72.0,52.0,70.0,2587,200.57,74430897692138
1442.0,1,0.00,54.0,60.0,60.0,41.0,55.0,1194,56.79,42959277605163
1442.0,2,0.00,57.0,64.0,64.0,43.0,58.0,1290,54.96,38861758735168
1443.0,3,0.00,59.0,66.0,66.0,45.0,60.0,1375,55.81,39266845575988
1448.0,0,,69.0,72.0,72.0,51.0,69.0,2747,199.84,74432032791259
1448.0,1,0.00,54.0,60.0,60.0,41.0,55.0,1184,57.08,42959601824890
1448.0,2,0.00,57.0,64.0,64.0,44.0,59.0,1301,55.31,38862072324340
1448.0,3,0.00,59.0,66.0,66.0,45.0,60.0,1375,56.12,39267163760742
1453.0,0,,70.0,72.0,72.0,51.0,69.0,2803,199.61,74433164563903
1454.0,1,0.00,54.0,60.0,60.0,41.0,55.0,1184,56.71,42959923934204
1454.0,2,0.00,57.0,64.0,64.0,43.0,59.0,1258,55.27,38862386248474
1454.0,3,0.00,59.0,66.0,66.0,45.0,60.0,1363,56.13,39267482607421
1459.0,0,,71.0,72.0,72.0,51.0,69.0,2673,199.89,74434299930908
1459.0,1,0.00,54.0,60.0,60.0,41.0,55.0,1184,56.80,42960246549133
1459.0,2,0.00,57.0,64.0,64.0,43.0,59.0,1279,54.95,38862698389526
1460.0,3,0.00,59.0,66.0,66.0,45.0,60.0,1374,55.86,39267799870849
1465.0,0,,68.0,74.0,74.0,51.0,69.0,2708,196.24,74435414570678
1465.0,1,0.00,54.0,60.0,60.0,41.0,55.0,1185,57.10,42960570285827
1465.0,2,0.00,57.0,64.0,64.0,43.0,58.0,1280,55.22,38863011483520
1465.0,3,0.00,59.0,66.0,66.0,45.0,60.0,1375,56.13,39268118707946
1470.0,0,,68.0,76.0,78.0,51.0,69.0,2420,179.74,74436435515563
1471.0,1,0.00,54.0,60.0,60.0,41.0,55.0,1163,56.84,42960893165039
1471.0,2,0.00,57.0,64.0,64.0,43.0,58.0,1259,55.33,38863325770751
1471.0,3,0.00,59.0,66.0,66.0,45.0,60.0,1365,56.26,39268437702697
1476.0,0,,68.0,78.0,78.0,51.0,69.0,2145,179.75,74437454674377
1476.0,1,0.00,54.0,60.0,60.0,41.0,55.0,1184,56.44,42961213756042
1476.0,2,0.00,57.0,64.0,64.0,43.0,59.0,1267,55.25,38863639573425
1477.0,3,0.00,59.0,66.0,66.0,45.0,60.0,1373,55.98,39268755684997
1482.0,0,0.00,64.0,78.0,78.0,48.0,65.0,2135,77.99,74437897634704
1482.0,1,0.00,54.0,60.0,60.0,41.0,55.0,1185,56.89,42961536329650
1482.0,2,0.00,57.0,64.0,64.0,43.0,59.0,1302,55.11,38863952026184
1482.0,3,,67.0,66.0,66.0,49.0,65.0,1386,186.80,39269816734802
1487.0,0,0.00,63.0,78.0,78.0,47.0,64.0,1661,58.42,74438229473937
1488.0,1,0.00,54.0,60.0,60.0,41.0,55.0,1174,56.94,42961859744628
1488.0,2,0.00,57.0,64.0,64.0,43.0,58.0,1259,55.13,38864265185119
1488.0,3,,69.0,68.0,68.0,50.0,67.0,1756,200.11,39270951355590
1493.0,0,0.00,62.0,78.0,78.0,47.0,64.0,1492,58.07,74438558710388
1493.0,1,0.00,54.0,60.0,60.0,41.0,55.0,1185,56.74,42962181454956
1493.0,2,0.00,57.0,64.0,64.0,43.0,58.0,1279,55.18,38864578065246
1494.0,3,,69.0,70.0,70.0,51.0,68.0,2220,199.50,39272084521606
1499.0,0,0.00,62.0,78.0,78.0,47.0,64.0,1480,58.25,74438889011779
1499.0,1,0.00,54.0,60.0,60.0,41.0,55.0,1183,56.83,42962504262145
1499.0,2,0.00,57.0,64.0,64.0,43.0,59.0,1277,54.90,38864890447143
1499.0,3,100.00,71.0,70.0,70.0,52.0,69.0,2512,200.19,39273221614746
1505.0,0,0.00,61.0,78.0,78.0,47.0,63.0,1467,58.16,74439219951049
1505.0,1,0.00,54.0,60.0,60.0,41.0,55.0,1172,57.02,42962828699157
1505.0,2,0.00,58.0,64.0,64.0,44.0,59.0,1300,55.24,38865204222473
1505.0,3,,70.0,70.0,72.0,51.0,69.0,2769,200.14,39274358394165
1510.0,0,0.00,61.0,78.0,78.0,46.0,63.0,1438,58.13,74439550127380
1510.0,1,0.00,54.0,60.0,60.0,41.0,55.0,1184,57.14,42963152697326
1510.0,2,0.00,58.0,64.0,64.0,44.0,59.0,1290,55.14,38865517406677
1511.0,3,,72.0,72.0,72.0,52.0,69.0,2801,199.46,39275491312377
1516.0,0,0.00,61.0,78.0,78.0,46.0,62.0,1449,57.95,74439878685424
1516.0,1,0.00,54.0,60.0,60.0,41.0,55.0,1174,56.59,42963474153930
1516.0,2,0.00,58.0,64.0,64.0,44.0,59.0,1302,55.25,38865830680114
1516.0,3,,71.0,72.0,72.0,52.0,69.0,2805,200.41,39276627645507
1522.0,0,0.00,60.0,78.0,78.0,46.0,62.0,1439,57.98,74440208001220
1522.0,1,0.00,54.0,60.0,60.0,41.0,55.0,1175,57.01,42963797411193
1522.0,2,0.00,58.0,64.0,64.0,44.0,59.0,1291,55.21,38866143714538
1522.0,3,,72.0,72.0,72.0,52.0,70.0,2792,199.99,39277761577331
1527.0,0,0.00,60.0,78.0,78.0,46.0,62.0,1417,58.05,74440537139404
1527.0,1,0.00,54.0,60.0,60.0,41.0,55.0,1184,56.92,42964120731567
1528.0,2,0.00,58.0,64.0,64.0,44.0,59.0,1301,55.10,38866456668945
1528.0,3,,72.0,72.0,72.0,52.0,69.0,2971,199.59,39278895225280
1533.0,0,0.00,60.0,78.0,78.0,46.0,62.0,1428,57.82,74440865568298
1533.0,1,0.00,54.0,60.0,60.0,41.0,55.0,1185,57.20,42964445062072
1533.0,2,0.00,58.0,64.0,64.0,44.0,59.0,1312,55.26,38866769968322
1533.0,3,,72.0,72.0,72.0,51.0,69.0,2939,200.32,39280031031250
1539.0,0,0.00,60.0,78.0,78.0,45.0,61.0,1407,57.87,74441193681823
1539.0,1,0.00,54.0,60.0,60.0,41.0,55.0,1185,56.95,42964767941589
1539.0,2,0.00,58.0,64.0,64.0,44.0,59.0,1290,55.09,38867082883972
1539.0,3,,72.0,72.0,72.0,52.0,69.0,2855,200.30,39281168731872
1544.0,0,0.00,59.0,78.0,78.0,45.0,61.0,1363,57.61,74441521484741
1544.0,1,0.00,54.0,60.0,60.0,41.0,55.0,1183,56.73,42965090716430
1545.0,2,0.00,58.0,64.0,64.0,44.0,60.0,1288,55.25,38867396677185
1545.0,3,100.00,68.0,76.0,76.0,51.0,68.0,2904,183.58,39282211445800
1550.0,0,0.00,59.0,78.0,78.0,45.0,61.0,1385,57.81,74441849272521
1550.0,1,0.00,54.0,60.0,60.0,41.0,55.0,1184,56.87,42965413723266
1550.0,2,0.00,58.0,64.0,64.0,44.0,59.0,1311,55.28,38867710666748
1550.0,3,,68.0,78.0,78.0,51.0,69.0,2410,175.19,39283206499755
1556.0,0,41.75,64.0,64.0,64.0,47.0,64.0,1374,80.29,74442305319641
1556.0,1,0.00,54.0,60.0,60.0,41.0,55.0,1173,56.62,42965735341918
1556.0,2,0.00,58.0,64.0,64.0,44.0,59.0,1289,55.45,38868025614746
1556.0,3,48.29,65.0,78.0,78.0,49.0,67.0,2156,143.53,39284021756652
1561.0,0,,66.0,66.0,66.0,49.0,66.0,1405,199.96,74443441069152
1561.0,1,0.00,54.0,60.0,60.0,41.0,55.0,1184,56.64,42966057029602
1562.0,2,0.00,58.0,64.0,64.0,44.0,59.0,1300,55.15,38868338848754
1562.0,3,0.00,64.0,78.0,78.0,48.0,65.0,1955,57.53,39284348538818
1567.0,0,,69.0,68.0,68.0,51.0,68.0,1776,199.65,74444575063049
1567.0,1,0.00,54.0,60.0,60.0,41.0,55.0,1184,57.01,42966380255493
1567.0,2,0.00,58.0,64.0,64.0,44.0,59.0,1312,55.14,38868651509887
1567.0,3,0.00,63.0,78.0,78.0,48.0,64.0,1524,57.19,39284672827392
1573.0,0,,70.0,70.0,70.0,51.0,69.0,2126,200.39,74445711300659
1573.0,1,0.00,54.0,60.0,60.0,41.0,55.0,1174,56.91,42966703516174
1573.0,2,0.00,58.0,64.0,64.0,44.0,59.0,1300,55.22,38868965142456
1573.0,3,0.00,63.0,78.0,78.0,47.0,64.0,1500,57.09,39284997084106
1578.0,0,,70.0,70.0,70.0,51.0,70.0,2388,199.90,74446846758911
1578.0,1,0.00,54.0,60.0,60.0,41.0,55.0,1184,56.67,42967025427246
1579.0,2,0.00,58.0,64.0,64.0,44.0,59.0,1299,55.04,38869277781372
1579.0,3,0.00,62.0,78.0,78.0,47.0,64.0,1480,56.87,39285320085388
1584.0,0,,70.0,70.0,70.0,51.0,69.0,2472,199.86,74447983981445
1584.0,1,0.00,54.0,60.0,60.0,41.0,55.0,1184,56.85,42967348350158
1584.0,2,0.00,58.0,64.0,64.0,44.0,59.0,1300,55.01,38869590230407
1584.0,3,0.00,62.0,78.0,78.0,47.0,64.0,1501,56.90,39285643271606
1590.0,0,,69.0,70.0,70.0,51.0,69.0,2728,199.88,74449117311340
1590.0,1,0.00,54.0,60.0,60.0,41.0,55.0,1174,57.09,42967672062072
1590.0,2,0.00,58.0,64.0,64.0,44.0,58.0,1290,55.26,38869903561096
1590.0,3,0.00,62.0,78.0,78.0,47.0,63.0,1501,57.01,39285967067626
1595.0,0,,69.0,70.0,70.0,51.0,69.0,2800,200.03,74450253458190
1595.0,1,0.00,54.0,60.0,60.0,41.0,55.0,1183,56.60,42967993575195
1596.0,2,0.00,58.0,64.0,64.0,44.0,59.0,1300,55.38,38870218140747
1596.0,3,0.00,62.0,78.0,78.0,47.0,63.0,1469,57.01,39286290861328
1601.0,0,,70.0,70.0,70.0,52.0,69.0,2599,200.06,74451389820861
1601.0,1,0.00,54.0,60.0,60.0,41.0,55.0,1184,56.63,42968315240295
1601.0,2,0.00,57.0,64.0,64.0,44.0,59.0,1311,54.88,38870529879943
1601.0,3,0.00,62.0,78.0,78.0,47.0,63.0,1448,56.60,39286611775756
1607.0,0,,71.0,72.0,70.0,52.0,70.0,2686,199.62,74452521639343
1607.0,1,0.00,54.0,60.0,60.0,41.0,55.0,1184,56.99,42968638933166
1607.0,2,0.00,57.0,64.0,64.0,44.0,59.0,1290,55.00,38870842272460
1607.0,3,0.00,62.0,78.0,78.0,47.0,63.0,1449,56.72,39286933940612
1612.0,0,,70.0,70.0,70.0,51.0,70.0,2800,199.90,74453657068115
1613.0,1,0.00,54.0,60.0,60.0,41.0,55.0,1163,57.02,42968962263671
1613.0,2,0.00,57.0,64.0,64.0,44.0,59.0,1291,55.29,38871155755859
1613.0,3,0.00,62.0,78.0,78.0,47.0,63.0,1438,56.82,39287256671264
1618.0,0,100.00,70.0,72.0,72.0,52.0,70.0,2602,199.90,74454792512084
1618.0,1,0.00,54.0,60.0,60.0,41.0,55.0,1184,56.65,42969284052062
1618.0,2,0.00,57.0,64.0,64.0,43.0,58.0,1312,55.18,38871469203186
1619.0,3,0.00,61.0,78.0,78.0,46.0,63.0,1449,56.56,39287577371398
1624.0,0,99.99,68.0,76.0,76.0,51.0,69.0,2579,185.16,74455842381286
1624.0,1,0.00,54.0,60.0,60.0,41.0,55.0,1184,56.75,42969606375915
1624.0,2,0.00,57.0,64.0,64.0,44.0,58.0,1310,54.99,38871781551025
1624.0,3,0.00,61.0,78.0,78.0,46.0,63.0,1447,56.50,39287898280395
1629.0,0,,68.0,76.0,76.0,51.0,69.0,2250,179.49,74456861876953
1630.0,1,0.00,54.0,60.0,60.0,41.0,55.0,1173,56.92,42969929110595
1630.0,2,0.00,57.0,64.0,64.0,44.0,59.0,1300,55.27,38872095462097
1630.0,3,0.00,61.0,78.0,78.0,46.0,62.0,1438,56.65,39288220065490
1635.0,0,0.00,65.0,78.0,78.0,49.0,66.0,2107,136.00,74457632998474
1635.0,1,0.00,54.0,60.0,60.0,41.0,55.0,1186,56.77,42970251014099
1635.0,2,0.00,57.0,64.0,64.0,43.0,58.0,1312,55.51,38872410220520
1636.0,3,0.00,61.0,78.0,78.0,46.0,62.0,1450,56.81,39288542202758
1641.0,0,0.00,63.0,78.0,78.0,48.0,65.0,1872,58.59,74457965816833
1641.0,1,0.00,54.0,60.0,60.0,41.0,55.0,1185,56.86,42970573973815
1641.0,2,0.00,57.0,64.0,64.0,43.0,59.0,1303,55.00,38872722061889
1641.0,3,0.00,60.0,78.0,78.0,46.0,62.0,1418,56.34,39288861673706
1646.0,0,0.00,63.0,78.0,78.0,47.0,64.0,1514,58.27,74458296194702
1647.0,1,0.00,54.0,60.0,60.0,41.0,55.0,1165,56.99,42970896523742
1647.0,2,0.00,57.0,64.0,64.0,43.0,58.0,1293,55.30,38873035061401
1647.0,3,0.00,60.0,78.0,78.0,46.0,62.0,1421,56.41,39289180974487
1652.0,0,,69.0,70.0,70.0,51.0,69.0,1547,183.33,74459333825927
1652.0,1,0.00,54.0,60.0,60.0,41.0,55.0,1186,56.92,42971219245361
1652.0,2,0.00,57.0,64.0,64.0,44.0,59.0,1301,55.18,38873348493896
1653.0,3,0.00,60.0,78.0,78.0,45.0,61.0,1425,56.48,39289501761535
1658.0,0,100.00,69.0,70.0,72.0,51.0,69.0,2102,199.99,74460469772827
1658.0,1,0.00,54.0,60.0,60.0,41.0,55.0,1184,56.56,42971540510070
1658.0,2,0.00,57.0,64.0,64.0,43.0,58.0,1289,55.26,38873661807556
1658.0,3,0.00,60.0,78.0,78.0,45.0,61.0,1428,56.23,39289821163757
1663.0,0,,70.0,72.0,72.0,51.0,70.0,2515,199.96,74461605566894
1664.0,1,0.00,54.0,60.0,60.0,41.0,55.0,1173,56.84,42971863383911
1664.0,2,0.00,57.0,64.0,64.0,43.0,58.0,1247,55.02,38873974343627
1664.0,3,0.00,60.0,78.0,78.0,45.0,61.0,1416,56.38,39290140822204
1669.0,0,100.00,70.0,70.0,72.0,51.0,70.0,2771,199.94,74462739218872
1669.0,1,0.00,54.0,60.0,60.0,41.0,55.0,1185,56.91,42972186630065
1669.0,2,0.00,57.0,64.0,64.0,43.0,59.0,1270,55.16,38874287662414
1670.0,3,0.00,60.0,78.0,78.0,45.0,61.0,1396,56.28,39290460518432
1675.0,0,,71.0,72.0,72.0,52.0,70.0,2800,199.61,74463872978820
1675.0,1,0.00,54.0,60.0,60.0,41.0,55.0,1184,57.18,42972510817504
1675.0,2,0.00,57.0,64.0,64.0,43.0,58.0,1278,55.15,38874600938476
1675.0,3,0.00,60.0,78.0,78.0,45.0,61.0,1395,56.31,39290780337219
1680.0,0,,70.0,72.0,72.0,51.0,70.0,2800,200.24,74465010340881
1681.0,1,0.00,54.0,60.0,60.0,41.0,55.0,1173,56.81,42972833469909
1681.0,2,0.00,57.0,64.0,64.0,43.0,59.0,1269,54.94,38874913008117
1681.0,3,0.00,60.0,78.0,78.0,45.0,61.0,1363,56.08,39291098846374
1686.0,0,100.00,69.0,72.0,72.0,51.0,69.0,2801,200.17,74466147297119
1686.0,1,0.00,54.0,60.0,60.0,41.0,55.0,1184,56.73,42973155675598
1686.0,2,0.00,57.0,64.0,64.0,44.0,59.0,1290,55.22,38875226084838
1687.0,3,0.00,60.0,78.0,78.0,45.0,61.0,1364,56.23,39291417698486
1692.0,0,,70.0,72.0,72.0,51.0,69.0,2622,199.47,74467280262390
1692.0,1,0.00,54.0,60.0,60.0,41.0,55.0,1184,57.05,42973479723632
1692.0,2,0.00,57.0,64.0,64.0,44.0,58.0,1300,55.11,38875539087280
1692.0,3,0.00,60.0,78.0,78.0,45.0,61.0,1416,56.26,39291737247680
1698.0,0,100.00,71.0,72.0,72.0,52.0,70.0,2718,199.86,74468413466613
1698.0,1,0.00,54.0,60.0,60.0,41.0,55.0,1164,56.66,42973800973510
1698.0,2,0.00,57.0,64.0,64.0,43.0,59.0,1291,55.19,38875852006408
1698.0,3,0.00,60.0,78.0,78.0,45.0,61.0,1397,56.37,39292056880493
1703.0,0,,71.0,72.0,72.0,52.0,70.0,2802,199.84,74469548560302
1703.0,1,0.00,54.0,60.0,60.0,41.0,55.0,1184,56.79,42974123549194
1703.0,2,0.00,57.0,64.0,64.0,44.0,59.0,1289,55.10,38876164986267
1704.0,3,0.00,60.0,78.0,78.0,45.0,61.0,1352,56.08,39292375976074
1709.0,0,,71.0,72.0,72.0,52.0,70.0,2652,200.43,74470687006835
1709.0,1,0.00,54.0,60.0,60.0,41.0,55.0,1184,57.00,42974447305236
1709.0,2,0.00,57.0,64.0,64.0,43.0,58.0,1290,55.09,38876477891967
1709.0,3,0.00,60.0,78.0,78.0,45.0,61.0,1407,56.24,39292694860961
1715.0,0,,68.0,76.0,76.0,51.0,69.0,2685,191.35,74471771938293
1715.0,1,0.00,54.0,60.0,60.0,41.0,55.0,1163,57.01,42974771098388
1715.0,2,0.00,57.0,64.0,64.0,43.0,59.0,1280,55.07,38876790680053
1715.0,3,0.00,60.0,78.0,78.0,45.0,61.0,1406,56.37,39293015030517
1720.0,0,99.99,68.0,78.0,78.0,51.0,69.0,2348,179.41,74472790980346
1720.0,1,0.00,54.0,60.0,60.0,41.0,55.0,1185,56.62,42975092125793
1721.0,2,0.00,57.0,64.0,64.0,44.0,59.0,1291,55.47,38877105171569
1721.0,3,0.00,60.0,78.0,78.0,45.0,61.0,1397,56.25,39293333969421
1726.0,0,88.62,70.0,76.0,74.0,51.0,69.0,2118,177.92,74473799810363
1726.0,1,0.00,54.0,60.0,60.0,41.0,55.0,1188,56.71,42975413128051
1726.0,2,0.00,57.0,64.0,64.0,43.0,59.0,1294,55.13,38877417219055
1726.0,3,12.88,65.0,64.0,64.0,48.0,64.0,1369,78.18,39293776451171
1732.0,0,,71.0,74.0,74.0,52.0,70.0,2312,200.25,74474931233581
1732.0,1,0.00,54.0,60.0,60.0,41.0,55.0,1167,56.88,42975735077026
1732.0,2,0.00,57.0,64.0,64.0,44.0,59.0,1283,55.20,38877729669921
1732.0,3,100.00,68.0,68.0,68.0,50.0,67.0,1462,200.20,39294909567016
1737.0,0,,70.0,74.0,72.0,52.0,70.0,2735,200.12,74476063917175
1737.0,1,0.00,54.0,60.0,60.0,41.0,55.0,1188,56.97,42976057553222
1737.0,2,0.00,57.0,64.0,64.0,43.0,58.0,1304,55.35,38878042949157
1738.0,3,100.00,70.0,70.0,70.0,51.0,68.0,1982,199.70,39296039888854
1743.0,0,100.00,70.0,72.0,74.0,51.0,70.0,2800,200.08,74477196388488
1743.0,1,0.00,54.0,60.0,60.0,41.0,55.0,1188,56.57,42976377728881
1743.0,2,0.00,57.0,64.0,64.0,44.0,58.0,1273,55.02,38878354387878
1743.0,3,,70.0,70.0,70.0,51.0,69.0,2460,199.86,39297171109069
1749.0,0,,71.0,74.0,72.0,52.0,70.0,2798,199.84,74478329471130
1749.0,1,0.00,54.0,60.0,60.0,41.0,55.0,1166,56.83,42976699962463
1749.0,2,0.00,57.0,64.0,64.0,44.0,59.0,1282,55.09,38878666213867
1749.0,3,,70.0,72.0,72.0,51.0,69.0,2766,200.06,39298303466918
1754.0,0,100.00,70.0,72.0,72.0,51.0,70.0,2808,199.53,74479458807739
1754.0,1,0.00,54.0,60.0,60.0,41.0,55.0,1187,57.00,42977022590515
1754.0,2,0.00,58.0,64.0,64.0,44.0,59.0,1304,55.13,38878978785888
1755.0,3,,72.0,72.0,72.0,52.0,70.0,2841,200.07,39299435858337
1760.0,0,,70.0,72.0,72.0,51.0,70.0,2801,200.12,74480589463867
1760.0,1,0.00,54.0,60.0,60.0,41.0,55.0,1188,56.71,42977343570617
1760.0,2,0.00,58.0,64.0,64.0,44.0,59.0,1304,55.32,38879291909362
1760.0,3,,70.0,72.0,72.0,52.0,69.0,3052,200.07,39300570276672
1766.0,0,,70.0,72.0,72.0,52.0,70.0,2799,199.63,74481721384094
1766.0,1,0.00,54.0,60.0,60.0,41.0,55.0,1167,56.87,42977664913452
1766.0,2,0.00,57.0,64.0,64.0,44.0,59.0,1295,55.09,38879603185485
1766.0,3,,71.0,72.0,72.0,52.0,69.0,2920,200.10,39301700855163
1771.0,0,,70.0,72.0,72.0,51.0,70.0,2812,200.56,74482854564880
1771.0,1,0.00,54.0,60.0,60.0,41.0,55.0,1188,56.80,42977986396240
1771.0,2,0.00,58.0,64.0,64.0,44.0,59.0,1304,55.09,38879914974609
1772.0,3,,72.0,72.0,72.0,52.0,70.0,2916,199.76,39302831479187
1777.0,0,100.00,70.0,72.0,72.0,51.0,70.0,2799,200.26,74483988022155
1777.0,1,0.00,54.0,60.0,60.0,41.0,55.0,1187,56.90,42978308997558
1777.0,2,0.00,58.0,62.0,62.0,44.0,59.0,1315,55.41,38880228592712
1777.0,3,,71.0,72.0,72.0,52.0,69.0,3061,199.90,39303962926574
1782.0,0,,70.0,72.0,72.0,52.0,70.0,2797,199.87,74485121309204
1783.0,1,0.00,54.0,60.0,60.0,41.0,55.0,1167,56.76,42978629713073
1783.0,2,0.00,58.0,62.0,62.0,44.0,60.0,1294,55.31,38880541629211
1783.0,3,,70.0,72.0,72.0,52.0,69.0,3086,199.71,39305093311889
1788.0,0,,71.0,72.0,72.0,52.0,70.0,2810,200.00,74486253329833
1788.0,1,0.00,54.0,60.0,60.0,41.0,55.0,1187,56.60,42978950642517
1788.0,2,0.00,58.0,62.0,62.0,44.0,60.0,1304,55.00,38880853499877
1789.0,3,,72.0,72.0,72.0,52.0,69.0,2872,200.31,39306229057678
1794.0,0,,68.0,76.0,76.0,51.0,69.0,2744,188.26,74487318883544
1794.0,1,0.00,54.0,60.0,60.0,41.0,55.0,1187,56.82,42979272243713
1794.0,2,0.00,58.0,62.0,62.0,44.0,59.0,1303,55.45,38881167362609
1794.0,3,,68.0,78.0,78.0,51.0,69.0,2764,177.81,39307235443969
1799.0,0,,68.0,78.0,78.0,51.0,69.0,2371,179.72,74488337884155
1800.0,1,0.00,54.0,60.0,60.0,41.0,55.0,1165,56.88,42979594739562
1800.0,2,0.00,58.0,62.0,62.0,44.0,60.0,1303,55.34,38881481153747
1800.0,3,,68.0,78.0,78.0,51.0,69.0,2320,173.88,39308221348205
1805.0,0,34.57,65.0,78.0,78.0,49.0,67.0,2152,153.65,74489207559936
1805.0,1,52.57,60.0,60.0,60.0,43.0,58.0,1188,88.31,42980094582214
1805.0,2,98.09,64.0,64.0,64.0,47.0,63.0,1315,112.21,38882116250732
1806.0,3,0.00,65.0,78.0,78.0,49.0,66.0,2248,122.37,39308913934204
1811.0,0,0.00,64.0,78.0,78.0,48.0,65.0,1919,58.93,74489541077880
1811.0,1,,61.0,62.0,62.0,45.0,61.0,1219,199.79,42981225367614
1811.0,2,100.00,66.0,66.0,66.0,49.0,66.0,1378,199.85,38883247374755
1811.0,3,0.00,64.0,78.0,78.0,48.0,65.0,1907,57.48,39309239298095
1816.0,0,0.00,63.0,78.0,78.0,48.0,64.0,1535,58.50,74489872779846
1817.0,1,,64.0,64.0,64.0,47.0,63.0,1355,200.09,42982359872924
1817.0,2,100.00,67.0,68.0,68.0,50.0,67.0,1632,199.65,38884379395385
1817.0,3,0.00,63.0,78.0,78.0,48.0,64.0,1494,57.07,39309562900512
1822.0,0,0.00,62.0,78.0,78.0,47.0,64.0,1494,58.47,74490203730957
1822.0,1,,65.0,66.0,66.0,48.0,65.0,1420,199.79,42983490662597
1822.0,2,100.00,68.0,70.0,70.0,51.0,68.0,2023,200.11,38885512009216
1823.0,3,0.00,63.0,78.0,78.0,47.0,64.0,1515,57.21,39309886682373
1828.0,0,0.00,62.0,78.0,78.0,47.0,64.0,1504,57.92,74490532115173
1828.0,1,,67.0,68.0,68.0,49.0,66.0,1684,200.11,42984625309204
1828.0,2,100.00,70.0,70.0,70.0,52.0,69.0,2287,200.20,38886647143066
1828.0,3,0.00,62.0,78.0,78.0,47.0,64.0,1494,56.69,39310208143005
1833.0,0,0.00,61.0,78.0,78.0,47.0,63.0,1484,58.16,74490861325927
1834.0,1,,69.0,68.0,70.0,50.0,68.0,1961,199.57,42985754888854
1834.0,2,100.00,71.0,72.0,72.0,52.0,70.0,2437,200.10,38887779704101
1834.0,3,0.00,62.0,78.0,78.0,47.0,63.0,1494,56.87,39310530040222
1839.0,0,0.00,61.0,78.0,78.0,46.0,62.0,1440,58.09,74491190687316
1839.0,1,,68.0,70.0,70.0,50.0,68.0,2129,199.95,42986888610229
1839.0,2,,71.0,72.0,72.0,53.0,71.0,2647,199.32,38888909845214
1840.0,3,0.00,62.0,78.0,78.0,47.0,63.0,1484,56.75,39310851835510
1845.0,0,0.00,60.0,78.0,78.0,46.0,62.0,1442,58.07,74491519389099
1845.0,1,,69.0,70.0,70.0,51.0,68.0,2270,200.31,42988022392517
1845.0,2,,71.0,74.0,72.0,53.0,71.0,2790,200.40,38890044129394
1845.0,3,0.00,62.0,78.0,78.0,47.0,63.0,1453,56.95,39311174190124
1850.0,0,0.00,60.0,78.0,78.0,46.0,62.0,1431,57.92,74491847205322
1851.0,1,,69.0,70.0,70.0,51.0,68.0,2298,199.81,42989153332031
1851.0,2,,71.0,74.0,74.0,53.0,71.0,2797,199.50,38891173285888
1851.0,3,0.00,62.0,78.0,78.0,47.0,63.0,1441,56.58,39311494428955
1856.0,0,0.00,60.0,78.0,78.0,45.0,62.0,1420,57.83,74492174540100
1856.0,1,,69.0,70.0,70.0,51.0,68.0,2395,200.24,42990286694519
1856.0,2,,70.0,74.0,74.0,52.0,70.0,2798,200.27,38892306820129
1857.0,3,0.00,61.0,78.0,78.0,46.0,63.0,1441,56.55,39311814495544
1862.0,0,0.00,59.0,78.0,78.0,45.0,61.0,1377,57.85,74492502550292
1862.0,1,,69.0,70.0,72.0,50.0,68.0,2478,200.31,42991422474487
1862.0,2,,70.0,74.0,74.0,52.0,70.0,2807,200.47,38893443481384
1862.0,3,0.00,61.0,78.0,78.0,46.0,62.0,1452,56.73,39312136130004
1867.0,0,0.00,59.0,78.0,78.0,45.0,61.0,1379,57.54,74492828251220
1868.0,1,,69.0,72.0,72.0,51.0,68.0,2482,199.40,42992551066955
1868.0,2,,69.0,76.0,76.0,52.0,70.0,2799,199.03,38894570018554
1868.0,3,0.00,61.0,78.0,78.0,46.0,62.0,1442,56.69,39312457003295
1873.0,0,0.00,59.0,78.0,78.0,45.0,61.0,1368,57.40,74493153153076
1873.0,1,,67.0,78.0,78.0,50.0,68.0,2363,178.41,42993560894775
1873.0,2,,69.0,80.0,80.0,52.0,70.0,2691,174.02,38895554958923
1874.0,3,0.00,61.0,78.0,78.0,46.0,62.0,1451,56.36,39312776541015
1879.0,0,0.00,59.0,78.0,78.0,44.0,61.0,1365,57.42,74493478712463
1879.0,1,,67.0,78.0,80.0,50.0,68.0,2117,177.49,42994567259704
1879.0,2,100.00,69.0,82.0,82.0,52.0,70.0,2435,173.85,38896540695007
1879.0,3,0.00,61.0,78.0,78.0,46.0,62.0,1441,56.58,39313096782958
1884.0,0,0.00,59.0,78.0,78.0,45.0,60.0,1354,57.64,74493805529785
1885.0,1,82.95,64.0,80.0,80.0,49.0,65.0,2103,164.96,42995504222229
1885.0,2,0.00,66.0,82.0,82.0,50.0,67.0,2333,103.22,38897127006774
1885.0,3,0.00,61.0,78.0,78.0,46.0,62.0,1414,56.60,39313418862609
1890.0,0,0.00,58.0,78.0,78.0,44.0,60.0,1351,57.41,74494132168579
1890.0,1,0.00,63.0,80.0,80.0,47.0,64.0,1921,59.26,42995840811462
1890.0,2,0.00,64.0,82.0,82.0,49.0,66.0,1996,57.30,38897453023864
1891.0,3,0.00,60.0,78.0,78.0,46.0,61.0,1427,56.55,39313740090026
1896.0,0,0.00,58.0,78.0,78.0,44.0,60.0,1353,57.37,74494458036560
1896.0,1,0.00,62.0,80.0,80.0,47.0,63.0,1491,58.56,42996173442626
1896.0,2,0.00,63.0,82.0,82.0,48.0,65.0,1555,56.47,38897773216979
1896.0,3,0.00,60.0,78.0,78.0,45.0,61.0,1428,56.17,39314059113891
1901.0,0,0.00,58.0,78.0,78.0,44.0,60.0,1364,57.46,74494783812805
1902.0,1,36.42,66.0,70.0,70.0,48.0,65.0,1470,82.98,42996644760314
1902.0,2,0.00,63.0,82.0,82.0,48.0,65.0,1480,56.50,38898094134765
1902.0,3,0.00,60.0,78.0,78.0,45.0,61.0,1406,56.35,39314378643432
1907.0,0,0.00,58.0,78.0,78.0,44.0,59.0,1344,57.57,74495110262817
1907.0,1,,68.0,72.0,72.0,50.0,67.0,1524,199.95,42997778451232
1907.0,2,0.00,63.0,82.0,82.0,48.0,64.0,1513,56.32,38898413444519
1908.0,3,0.00,60.0,78.0,78.0,45.0,61.0,1407,56.43,39314698580444
1913.0,0,0.00,58.0,78.0,78.0,44.0,59.0,1301,56.98,74495433912292
1913.0,1,,70.0,72.0,72.0,51.0,69.0,1989,199.73,42998910924865
1913.0,2,0.00,62.0,82.0,82.0,47.0,64.0,1481,56.12,38898731625305
1913.0,3,0.00,60.0,78.0,78.0,45.0,61.0,1376,56.05,39315016376953
1918.0,0,0.00,58.0,78.0,78.0,44.0,59.0,1312,57.28,74495758716552
1919.0,1,100.00,70.0,72.0,72.0,51.0,69.0,2317,200.24,43000046278076
1919.0,2,0.00,62.0,82.0,82.0,47.0,63.0,1491,55.86,38899048926940
1919.0,3,0.00,60.0,78.0,78.0,45.0,60.0,1363,56.37,39315336585327
1924.0,0,0.00,57.0,78.0,78.0,44.0,59.0,1289,57.39,74496084673034
1924.0,1,,69.0,74.0,72.0,51.0,69.0,2461,199.64,43001182232360
1924.0,2,0.00,62.0,82.0,82.0,47.0,63.0,1459,55.87,38899366268859
1925.0,3,0.00,59.0,78.0,78.0,45.0,61.0,1375,56.45,39315657231445
1930.0,0,0.00,57.0,78.0,78.0,43.0,59.0,1312,56.92,74496408001464
1930.0,1,,71.0,74.0,74.0,52.0,69.0,2484,200.37,43002318356018
1930.0,2,0.00,62.0,82.0,82.0,47.0,63.0,1459,55.78,38899683116088
1930.0,3,0.00,59.0,78.0,78.0,45.0,60.0,1374,56.49,39315978070678
1936.0,0,0.00,57.0,78.0,78.0,44.0,59.0,1310,57.10,74496732340698
1936.0,1,,70.0,74.0,74.0,51.0,69.0,2495,200.20,43003455515625
1936.0,2,0.00,62.0,82.0,82.0,47.0,63.0,1438,55.61,38899998400573
1936.0,3,0.00,59.0,78.0,78.0,45.0,60.0,1374,56.31,39316297931030
1941.0,0,0.00,57.0,78.0,78.0,43.0,59.0,1300,57.12,74497056771057
1941.0,1,,70.0,74.0,74.0,51.0,69.0,2484,199.97,43004591348327
1942.0,2,0.00,61.0,82.0,82.0,46.0,62.0,1459,55.62,38900314299987
1942.0,3,0.00,59.0,78.0,78.0,45.0,60.0,1364,56.11,39316616071411
1947.0,0,0.00,57.0,78.0,78.0,43.0,59.0,1312,57.05,74497380243103
1947.0,1,,69.0,74.0,74.0,52.0,70.0,2623,199.70,43005723633178
1947.0,2,0.00,61.0,82.0,82.0,46.0,62.0,1460,55.63,38900629743896
1947.0,3,0.00,59.0,78.0,78.0,44.0,60.0,1375,56.16,39316935086059
1953.0,0,0.00,57.0,78.0,78.0,43.0,58.0,1300,56.79,74497702831359
1953.0,1,,70.0,74.0,74.0,51.0,69.0,2622,199.78,43006858397338
1953.0,2,0.00,61.0,82.0,82.0,46.0,62.0,1437,55.64,38900945770019
1953.0,3,0.00,59.0,78.0,78.0,45.0,60.0,1373,56.05,39317253427185
1958.0,0,0.00,57.0,78.0,78.0,43.0,58.0,1278,56.88,74498025904235
1958.0,1,,70.0,74.0,74.0,51.0,69.0,2493,200.06,43007994739990
1959.0,2,0.00,61.0,82.0,82.0,46.0,62.0,1447,55.50,38901261021911
1959.0,3,0.00,59.0,78.0,78.0,44.0,60.0,1353,56.22,39317572744812
1964.0,0,0.00,57.0,78.0,78.0,43.0,58.0,1279,57.05,74498349960998
1964.0,1,,69.0,74.0,74.0,51.0,70.0,2631,200.04,43009130975891
1964.0,2,0.00,61.0,82.0,82.0,46.0,62.0,1427,55.43,38901575882324
1964.0,3,0.00,59.0,78.0,78.0,44.0,60.0,1363,55.98,39317890725524
1970.0,0,0.00,57.0,78.0,78.0,43.0,58.0,1290,56.99,74498673067871
1970.0,1,,67.0,80.0,80.0,50.0,68.0,2580,180.51,43010156252929
1970.0,2,0.00,61.0,82.0,82.0,46.0,62.0,1417,55.74,38901892493896
1970.0,3,0.00,59.0,78.0,78.0,44.0,60.0,1354,56.30,39318209940246
1975.0,0,0.00,57.0,78.0,78.0,43.0,58.0,1269,56.92,74498996395874
1975.0,1,,68.0,80.0,80.0,50.0,68.0,2241,177.02,43011159953796
1976.0,2,0.00,61.0,82.0,82.0,46.0,62.0,1426,55.64,38902208552124
1976.0,3,0.00,59.0,78.0,78.0,44.0,60.0,1341,56.13,39318528753356
1981.0,0,94.83,62.0,62.0,62.0,46.0,62.0,1289,102.98,74499581297180
1981.0,1,98.91,69.0,78.0,78.0,51.0,69.0,2113,182.39,43012195920471
1981.0,2,,66.0,68.0,68.0,49.0,66.0,1438,113.00,38902850391052
1981.0,3,,65.0,64.0,64.0,47.0,63.0,1355,117.14,39319194106079
1987.0,0,,65.0,64.0,64.0,47.0,64.0,1334,200.02,74500715386596
1987.0,1,,70.0,76.0,76.0,52.0,70.0,2359,199.50,43013329079406
1987.0,2,100.00,69.0,70.0,70.0,51.0,68.0,1545,199.97,38903984234436
1987.0,3,100.00,68.0,68.0,66.0,50.0,66.0,1471,199.93,39320327702453
1992.0,0,,67.0,66.0,66.0,49.0,67.0,1450,199.42,74501848070922
1992.0,1,,70.0,76.0,76.0,51.0,70.0,2624,200.29,43014464720581
1993.0,2,100.00,70.0,70.0,70.0,52.0,70.0,2031,199.62,38905116090148
1993.0,3,,69.0,68.0,68.0,50.0,68.0,1904,199.89,39321461102661
1998.0,0,,68.0,68.0,68.0,50.0,68.0,1798,200.20,74502983205810
1998.0,1,,69.0,76.0,76.0,51.0,69.0,2792,200.11,43015599344116
1998.0,2,,71.0,72.0,72.0,53.0,70.0,2453,199.83,38906251144531
1998.0,3,,70.0,70.0,70.0,52.0,69.0,2326,200.22,39322598370605
2004.0,0,,69.0,68.0,68.0,50.0,69.0,2084,199.99,74504119171691
2004.0,1,,70.0,76.0,76.0,51.0,70.0,2571,199.58,43016732979858
2004.0,2,,71.0,72.0,72.0,53.0,71.0,2762,200.57,38907388359252
2004.0,3,,70.0,72.0,72.0,51.0,69.0,2666,199.78,39323731149169
2009.0,0,,69.0,70.0,70.0,51.0,69.0,2306,199.90,74505252616394
2009.0,1,,70.0,76.0,76.0,51.0,69.0,2497,200.22,43017868232238
2010.0,2,,72.0,74.0,74.0,53.0,71.0,2952,200.06,38908522705810
2010.0,3,,71.0,72.0,72.0,52.0,69.0,2804,199.83,39324864183349
2015.0,0,,71.0,70.0,70.0,51.0,69.0,2456,199.96,74506386412536
2015.0,1,,71.0,76.0,76.0,52.0,70.0,2634,199.50,43018999425292
2015.0,2,,72.0,74.0,74.0,53.0,71.0,3067,199.17,38909653976318
2015.0,3,,71.0,72.0,72.0,52.0,70.0,3035,200.27,39326001738464
2021.0,0,,69.0,70.0,70.0,51.0,69.0,2476,200.11,74507521024047
2021.0,1,,70.0,76.0,76.0,52.0,70.0,2507,200.61,43020136905029
2021.0,2,,71.0,74.0,74.0,53.0,71.0,3016,200.61,38910791408447
2021.0,3,,71.0,72.0,72.0,52.0,69.0,3079,199.39,39327132256469
2026.0,0,,70.0,70.0,70.0,52.0,70.0,2570,199.92,74508656586547
2026.0,1,,71.0,76.0,76.0,52.0,70.0,2560,199.41,43021269579101
2027.0,2,,72.0,74.0,74.0,53.0,71.0,2961,199.36,38911921772094
2027.0,3,,71.0,72.0,72.0,52.0,70.0,3087,200.93,39328271551330
2032.0,0,,71.0,70.0,70.0,51.0,70.0,2771,199.60,74509788291992
2032.0,1,,70.0,76.0,76.0,51.0,69.0,2728,199.99,43022403501953
2032.0,2,,71.0,76.0,76.0,52.0,70.0,3065,200.31,38913059510925
2032.0,3,,71.0,72.0,72.0,52.0,69.0,3088,199.01,39329401906799
2038.0,0,,70.0,70.0,70.0,51.0,69.0,2559,200.06,74510924659790
2038.0,1,,69.0,74.0,74.0,51.0,69.0,2516,200.00,43023539518005
2038.0,2,,70.0,76.0,76.0,52.0,71.0,3077,200.74,38914197728759
2038.0,3,,72.0,72.0,72.0,52.0,69.0,3088,200.49,39330538691467
2043.0,0,,69.0,70.0,70.0,51.0,69.0,2719,199.95,74512058348205
2044.0,1,,68.0,78.0,76.0,51.0,69.0,2486,198.91,43024667312438
2044.0,2,,69.0,76.0,76.0,52.0,70.0,2888,198.59,38915325724487
2044.0,3,,68.0,76.0,76.0,51.0,69.0,3086,194.66,39331644381713
2049.0,0,,68.0,76.0,76.0,51.0,69.0,2537,180.66,74513084502929
2049.0,1,100.00,67.0,80.0,80.0,51.0,68.0,2411,177.16,43025673566528
2049.0,2,,69.0,80.0,80.0,52.0,70.0,2757,174.05,38916314325805
2050.0,3,,68.0,78.0,78.0,51.0,69.0,2651,174.37,39332634792297
2055.0,0,100.00,67.0,76.0,76.0,51.0,69.0,2175,179.50,74514104084960
2055.0,1,,68.0,82.0,82.0,51.0,68.0,2210,177.11,43026679562255
2055.0,2,100.00,69.0,82.0,82.0,52.0,70.0,2479,174.13,38917299891479
2055.0,3,100.00,71.0,76.0,76.0,52.0,70.0,2312,172.66,39333612042968
2060.0,0,,70.0,74.0,74.0,51.0,70.0,2163,190.18,74515180519104
2061.0,1,,70.0,78.0,78.0,52.0,70.0,2139,184.28,43027722580688
2061.0,2,,71.0,78.0,78.0,53.0,71.0,2423,189.33,38918373416259
2061.0,3,,72.0,74.0,74.0,53.0,71.0,2550,200.45,39334748593017
2066.0,0,,70.0,72.0,72.0,52.0,70.0,2477,199.70,74516312790771
2066.0,1,,69.0,78.0,76.0,51.0,69.0,2371,200.13,43028857304931
2066.0,2,,71.0,78.0,78.0,53.0,71.0,2848,199.88,38919506713256
2067.0,3,,73.0,74.0,74.0,52.0,71.0,3049,200.13,39335883346313
2072.0,0,,71.0,72.0,72.0,52.0,71.0,2771,200.05,74517447063903
2072.0,1,,71.0,76.0,76.0,52.0,70.0,2654,199.51,43029990514892
2072.0,2,,72.0,78.0,78.0,53.0,72.0,3065,199.35,38920639035339
2072.0,3,,73.0,74.0,74.0,53.0,70.0,3319,199.70,39337017634033
2077.0,0,,71.0,72.0,72.0,52.0,71.0,2795,200.09,74518581591796
2078.0,1,,69.0,76.0,76.0,51.0,69.0,2796,200.51,43031125396728
2078.0,2,,72.0,78.0,78.0,53.0,72.0,3081,200.18,38921774079345
2078.0,3,,72.0,74.0,74.0,53.0,70.0,3219,199.89,39338150988342
2083.0,0,,70.0,72.0,72.0,52.0,70.0,2803,200.10,74519716145080
2083.0,1,,69.0,76.0,76.0,51.0,69.0,2560,199.50,43032258570251
2083.0,2,,72.0,78.0,78.0,53.0,72.0,3089,200.02,38922908164550
2084.0,3,,71.0,74.0,74.0,52.0,70.0,3109,200.32,39339286778747
2089.0,0,,71.0,72.0,72.0,51.0,70.0,2801,199.61,74520849904235
2089.0,1,,69.0,76.0,76.0,51.0,69.0,2494,199.89,43033393926940
2089.0,2,,72.0,78.0,78.0,53.0,71.0,3085,199.49,38924041278686
2089.0,3,,71.0,74.0,74.0,52.0,70.0,3086,199.41,39340419419921
2094.0,0,,71.0,72.0,72.0,51.0,70.0,2801,200.31,74521987689270
2095.0,1,,71.0,76.0,76.0,51.0,70.0,2516,200.31,43034529662597
2095.0,2,,71.0,78.0,78.0,53.0,71.0,3087,200.51,38925180202636
2095.0,3,,72.0,74.0,74.0,52.0,70.0,3128,200.00,39341555431152
2100.0,0,,70.0,72.0,72.0,51.0,69.0,2802,199.62,74523119522521
2100.0,1,,69.0,76.0,76.0,51.0,69.0,2623,199.64,43035663631286
2100.0,2,,71.0,76.0,78.0,53.0,71.0,3088,199.77,38926312913024
2101.0,3,,71.0,74.0,74.0,52.0,70.0,3267,199.90,39342688851867
2106.0,0,,70.0,72.0,72.0,52.0,70.0,2802,200.17,74524256508483
2106.0,1,,70.0,76.0,76.0,52.0,70.0,2537,200.37,43036799721252
2106.0,2,,72.0,78.0,78.0,53.0,71.0,3087,199.93,38927448529541
2106.0,3,,72.0,74.0,74.0,52.0,70.0,3131,199.94,39343824537048
2111.0,0,,69.0,72.0,72.0,51.0,69.0,2803,199.65,74525388534057
2112.0,1,,71.0,76.0,76.0,52.0,70.0,2560,199.45,43037932585632
2112.0,2,,72.0,78.0,78.0,53.0,71.0,3088,200.35,38928584509338
2112.0,3,,71.0,74.0,74.0,52.0,70.0,3088,200.15,39344959398315
2117.0,0,,69.0,72.0,72.0,51.0,69.0,2803,200.66,74526526304077
2117.0,1,,70.0,76.0,76.0,51.0,69.0,2677,200.03,43039066774047
2117.0,2,,70.0,78.0,78.0,52.0,71.0,3091,200.23,38929719796142
2118.0,3,,73.0,74.0,74.0,52.0,71.0,3217,199.99,39346093361816
2123.0,0,,68.0,74.0,74.0,51.0,69.0,2760,196.43,74527642027465
2123.0,1,,68.0,78.0,78.0,51.0,69.0,2504,196.26,43040181531311
2123.0,2,,69.0,80.0,80.0,52.0,70.0,3083,193.22,38930817273254
2123.0,3,99.99,69.0,78.0,78.0,52.0,69.0,3040,181.72,39347127372070
2128.0,0,100.00,67.0,78.0,78.0,51.0,69.0,2415,179.66,74528664268676
2129.0,1,100.00,68.0,82.0,82.0,51.0,68.0,2404,177.31,43041190447143
2129.0,2,,69.0,82.0,82.0,52.0,70.0,2677,174.06,38931809434997
2129.0,3,,69.0,80.0,80.0,52.0,69.0,2465,174.58,39348120704284
2134.0,0,100.00,68.0,78.0,78.0,51.0,69.0,2151,179.66,74529682961547
2134.0,1,100.00,68.0,82.0,82.0,51.0,69.0,2192,177.33,43042190570922
2134.0,2,,69.0,84.0,84.0,52.0,70.0,2448,174.18,38932788317504
2135.0,3,92.64,67.0,80.0,80.0,50.0,68.0,2308,160.32,39349018507507
2140.0,0,0.00,64.0,78.0,78.0,48.0,66.0,2146,82.19,74530144872070
2140.0,1,0.00,64.0,82.0,82.0,48.0,65.0,2129,104.46,43042779751403
2140.0,2,0.00,65.0,84.0,84.0,49.0,66.0,2333,74.93,38933211693542
2140.0,3,0.00,65.0,80.0,80.0,49.0,66.0,2252,58.26,39349348814147
2145.0,0,0.00,63.0,78.0,78.0,48.0,64.0,1713,58.30,74530475438720
2146.0,1,0.00,63.0,82.0,82.0,47.0,64.0,1691,59.17,43043115862365
2146.0,2,0.00,64.0,84.0,84.0,49.0,66.0,1860,57.01,38933535528564
2146.0,3,0.00,64.0,80.0,80.0,48.0,65.0,1771,57.31,39349675460266
2151.0,0,0.00,62.0,78.0,78.0,47.0,64.0,1499,58.34,74530807383544
2151.0,1,0.00,62.0,82.0,82.0,47.0,63.0,1510,59.06,43043451324707
2151.0,2,0.00,63.0,84.0,84.0,48.0,65.0,1521,56.85,38933858409301
2152.0,3,0.00,63.0,80.0,80.0,48.0,64.0,1514,57.52,39350001018676
2157.0,0,0.00,62.0,78.0,78.0,47.0,63.0,1503,58.10,74531136782714
2157.0,1,0.00,61.0,82.0,82.0,46.0,62.0,1471,58.43,43043782626342
2157.0,2,0.00,68.0,72.0,72.0,50.0,67.0,1525,66.06,38934232955322
2157.0,3,0.00,63.0,80.0,80.0,48.0,64.0,1524,57.34,39350326154113
2162.0,0,0.00,61.0,78.0,78.0,46.0,63.0,1461,57.96,74531465434265
2163.0,1,0.00,61.0,82.0,82.0,46.0,62.0,1440,58.12,43044112158874
2163.0,2,100.00,69.0,74.0,74.0,52.0,69.0,1694,200.12,38935367655395
2163.0,3,0.00,63.0,80.0,80.0,47.0,64.0,1515,56.95,39350649059265
2168.0,0,0.00,61.0,78.0,78.0,46.0,63.0,1449,58.15,74531795163818
2168.0,1,0.00,60.0,82.0,82.0,45.0,61.0,1449,57.99,43044441564208
2168.0,2,,71.0,76.0,76.0,53.0,71.0,2250,200.17,38936504593444
2169.0,3,0.00,63.0,80.0,80.0,47.0,64.0,1511,56.97,39350972625000
2174.0,0,0.00,60.0,78.0,78.0,46.0,62.0,1437,58.22,74532125837463
2174.0,1,0.00,60.0,82.0,82.0,45.0,61.0,1416,58.05,43044771289733
2174.0,2,100.00,72.0,76.0,76.0,53.0,71.0,2696,199.52,38937637881042
2174.0,3,0.00,62.0,80.0,80.0,47.0,63.0,1491,57.21,39351297567993
2180.0,0,0.00,60.0,78.0,78.0,46.0,62.0,1428,57.78,74532454002685
2180.0,1,0.00,60.0,82.0,82.0,45.0,61.0,1396,57.76,43045098772766
2180.0,2,100.00,70.0,76.0,76.0,53.0,71.0,2941,200.05,38938772150146
2180.0,3,0.00,62.0,80.0,80.0,47.0,63.0,1481,57.14,39351621568115
2185.0,0,0.00,60.0,78.0,78.0,45.0,61.0,1417,57.93,74532782453674
2185.0,1,0.00,60.0,82.0,82.0,45.0,61.0,1364,57.78,43045426978576
2185.0,2,,71.0,76.0,76.0,53.0,71.0,2979,200.15,38939908982543
2186.0,3,0.00,62.0,80.0,80.0,47.0,63.0,1490,56.83,39351944369018
2191.0,0,0.00,60.0,78.0,78.0,45.0,61.0,1384,57.69,74533110722106
2191.0,1,0.00,60.0,82.0,82.0,45.0,61.0,1373,57.90,43045755861145
2191.0,2,,71.0,76.0,76.0,53.0,71.0,2821,200.18,38941045987426
2191.0,3,0.00,62.0,80.0,80.0,47.0,63.0,1490,56.94,39352267803894
2197.0,0,0.00,59.0,78.0,78.0,45.0,61.0,1385,57.57,74533437129272
2197.0,1,0.00,59.0,82.0,82.0,45.0,60.0,1375,57.85,43046083863037
2197.0,2,,71.0,76.0,76.0,53.0,71.0,2801,199.99,38942181921264
2197.0,3,0.00,62.0,80.0,80.0,47.0,63.0,1438,56.75,39352590167480
2202.0,0,0.00,59.0,78.0,78.0,45.0,61.0,1365,57.42,74533762710632
2202.0,1,0.00,59.0,82.0,82.0,45.0,60.0,1376,57.47,43046410309936
2203.0,2,,71.0,78.0,78.0,53.0,71.0,2878,199.75,38943314521972
2203.0,3,0.00,62.0,80.0,80.0,47.0,63.0,1449,56.57,39352910895324
2208.0,0,0.00,59.0,78.0,78.0,45.0,60.0,1375,57.54,74534089524963
2208.0,1,0.00,59.0,82.0,82.0,45.0,60.0,1385,57.78,43046737938781
2208.0,2,,71.0,76.0,78.0,53.0,71.0,2822,199.41,38944447196838
2208.0,3,0.00,61.0,80.0,80.0,46.0,63.0,1449,56.63,39353232550292
2214.0,0,0.00,59.0,78.0,78.0,45.0,60.0,1365,57.34,74534415197814
2214.0,1,0.00,59.0,82.0,82.0,45.0,60.0,1365,57.54,43047064738220
2214.0,2,,71.0,78.0,76.0,52.0,71.0,2803,200.15,38945582040954
2214.0,3,0.00,61.0,80.0,80.0,46.0,62.0,1449,56.87,39353554975158
2219.0,0,0.00,59.0,78.0,78.0,44.0,60.0,1343,57.33,74534740264099
2219.0,1,0.00,59.0,82.0,82.0,44.0,60.0,1363,57.46,43047391126098
2220.0,2,,72.0,78.0,76.0,53.0,71.0,2981,200.15,38946718910278
2220.0,3,0.00,61.0,80.0,80.0,46.0,62.0,1438,56.70,39353877026062
2225.0,0,0.00,58.0,78.0,78.0,44.0,60.0,1364,57.44,74535066535278
2225.0,1,0.00,59.0,82.0,82.0,44.0,60.0,1354,57.70,43047718287292
2225.0,2,,68.0,82.0,82.0,52.0,70.0,2771,183.68,38947760380676
2225.0,3,0.00,61.0,80.0,80.0,46.0,62.0,1449,56.52,39354197485717
2231.0,0,0.00,58.0,78.0,78.0,44.0,59.0,1354,57.40,74535391974304
2231.0,1,0.00,59.0,82.0,82.0,44.0,59.0,1342,57.64,43048045677551
2231.0,2,,68.0,82.0,82.0,52.0,70.0,2452,174.05,38948748973876
2231.0,3,0.00,61.0,80.0,80.0,46.0,62.0,1447,56.45,39354518098327
2236.0,0,57.18,63.0,64.0,62.0,46.0,63.0,1342,86.97,74535886814392
2236.0,1,52.90,63.0,66.0,66.0,46.0,62.0,1353,89.41,43048553525329
2237.0,2,87.46,70.0,80.0,80.0,52.0,71.0,2303,178.11,38949760622924
2237.0,3,55.61,66.0,66.0,66.0,48.0,64.0,1416,97.83,39355073772460
2242.0,0,,66.0,66.0,66.0,49.0,66.0,1375,200.08,74537021271362
2242.0,1,,66.0,68.0,68.0,49.0,65.0,1376,199.64,43049685503173
2242.0,2,,71.0,78.0,78.0,53.0,71.0,2582,199.83,38950893679809
2242.0,3,,70.0,68.0,68.0,50.0,68.0,1588,199.60,39356205527832
2248.0,0,,68.0,68.0,68.0,50.0,68.0,1567,199.60,74538152988037
2248.0,1,,67.0,68.0,70.0,49.0,67.0,1629,200.25,43050820945739
2248.0,2,,70.0,78.0,78.0,53.0,71.0,2940,199.92,38952029237121
2248.0,3,,70.0,70.0,70.0,51.0,68.0,2179,199.98,39357341424194
2253.0,0,,69.0,68.0,68.0,51.0,69.0,1989,200.25,74539288421508
2253.0,1,,68.0,70.0,70.0,50.0,68.0,1990,199.85,43051954080261
2254.0,2,,71.0,78.0,78.0,53.0,71.0,3070,200.00,38953163222717
2254.0,3,,72.0,72.0,72.0,52.0,70.0,2678,199.59,39358473079589
2259.0,0,,70.0,70.0,70.0,51.0,69.0,2274,199.50,74540421564514
2259.0,1,,68.0,70.0,72.0,51.0,68.0,2242,200.01,43053090130920
2259.0,2,,71.0,78.0,78.0,53.0,71.0,3088,199.88,38954296518432
2259.0,3,,71.0,72.0,72.0,52.0,69.0,2983,200.43,39359609502868
2265.0,0,,71.0,70.0,70.0,51.0,70.0,2444,200.27,74541557106506
2265.0,1,,69.0,72.0,72.0,51.0,68.0,2391,199.66,43054222184570
2265.0,2,,70.0,78.0,78.0,53.0,71.0,3088,200.29,38955432151550
2265.0,3,,72.0,72.0,72.0,52.0,70.0,3076,199.34,39360741726989
2270.0,0,,71.0,70.0,70.0,52.0,70.0,2484,200.04,74542693322998
2270.0,1,,69.0,72.0,72.0,51.0,69.0,2474,200.03,43055358345214
2271.0,2,,71.0,78.0,78.0,53.0,71.0,3088,199.86,38956567361816
2271.0,3,,71.0,72.0,74.0,52.0,69.0,3088,200.65,39361879405029
2276.0,0,,71.0,70.0,70.0,51.0,70.0,2750,200.02,74543827452087
2276.0,1,,70.0,72.0,72.0,51.0,69.0,2486,200.03,43056492508300
2276.0,2,,72.0,78.0,78.0,53.0,72.0,2951,200.04,38957701565490
2276.0,3,,72.0,74.0,74.0,52.0,70.0,3088,199.75,39363014005249
2282.0,0,,70.0,70.0,70.0,51.0,69.0,2791,199.89,74544960834411
2282.0,1,,69.0,74.0,72.0,51.0,69.0,2484,199.82,43057627493103
2282.0,2,,72.0,78.0,78.0,53.0,71.0,3075,199.53,38958834912292
2282.0,3,,71.0,72.0,72.0,52.0,70.0,3087,199.93,39364147630432
2287.0,0,,69.0,70.0,70.0,51.0,69.0,2538,200.35,74546098844116
2287.0,1,,69.0,74.0,74.0,51.0,69.0,2485,200.35,43058763497680
2288.0,2,,71.0,78.0,78.0,53.0,71.0,3087,199.57,38959968488403
2288.0,3,,71.0,72.0,72.0,52.0,70.0,3086,200.01,39365283692443
2293.0,0,,70.0,70.0,72.0,52.0,70.0,2693,200.03,74547235030822
2293.0,1,,69.0,74.0,74.0,51.0,69.0,2490,200.19,43059902597351
2293.0,2,,70.0,78.0,78.0,52.0,71.0,3084,200.42,38961106873229
2293.0,3,,71.0,72.0,74.0,52.0,70.0,3083,200.45,39366422220703
2299.0,0,,69.0,70.0,70.0,51.0,69.0,2800,199.92,74548370597961
2299.0,1,,70.0,74.0,74.0,51.0,69.0,2486,199.64,43061034531738
2299.0,2,,71.0,78.0,78.0,53.0,71.0,3014,199.81,38962239787170
2299.0,3,,72.0,74.0,74.0,52.0,70.0,3089,199.78,39367556960021
2304.0,0,,70.0,70.0,72.0,51.0,69.0,2721,200.19,74549505660888
2305.0,1,,68.0,74.0,74.0,51.0,69.0,2489,200.68,43062172375732
2305.0,2,,71.0,78.0,78.0,53.0,71.0,3049,200.76,38963378086181
2305.0,3,,72.0,74.0,74.0,52.0,70.0,3090,200.24,39368692345153
2310.0,0,,70.0,72.0,72.0,52.0,70.0,2580,200.13,74550640405090
2310.0,1,,70.0,74.0,74.0,51.0,69.0,2484,199.72,43063306780273
2310.0,2,,71.0,78.0,76.0,53.0,71.0,3086,199.56,38964511562133
2311.0,3,,71.0,74.0,74.0,52.0,70.0,3085,199.76,39369827005676
2316.0,0,,70.0,72.0,72.0,52.0,70.0,2769,199.81,74551775353698
2316.0,1,,70.0,74.0,74.0,52.0,70.0,2484,199.80,43064441657470
2316.0,2,,70.0,76.0,78.0,52.0,71.0,2971,200.01,38965647598632
2316.0,3,,72.0,74.0,74.0,52.0,70.0,3079,199.66,39370959104614
2321.0,0,,71.0,72.0,72.0,51.0,70.0,2805,199.86,74552908562316
2322.0,1,,70.0,76.0,76.0,52.0,70.0,2488,200.31,43065575429809
2322.0,2,,70.0,78.0,78.0,52.0,70.0,3017,199.88,38966780923522
2322.0,3,,71.0,74.0,74.0,52.0,70.0,3091,200.11,39372093737365
2327.0,0,,70.0,70.0,72.0,51.0,70.0,2806,199.64,74554040521850
2327.0,1,,69.0,76.0,76.0,52.0,70.0,2488,199.63,43066707314270
2327.0,2,,71.0,78.0,78.0,53.0,71.0,3071,200.51,38967915800476
2328.0,3,,73.0,74.0,74.0,53.0,70.0,3092,199.87,39373226986572
2333.0,0,,70.0,72.0,72.0,51.0,69.0,2762,200.42,74555176894775
2333.0,1,,70.0,76.0,76.0,51.0,69.0,2615,200.45,43067843872314
2333.0,2,,72.0,78.0,76.0,53.0,71.0,3090,199.37,38969046204406
2333.0,3,,73.0,74.0,74.0,53.0,70.0,3217,200.19,39374362090820
2338.0,0,,69.0,72.0,72.0,51.0,69.0,2792,200.15,74556311736511
2339.0,1,,69.0,74.0,76.0,51.0,69.0,2517,199.41,43068976540649
2339.0,2,,72.0,78.0,78.0,53.0,71.0,3087,200.17,38970183181640
2339.0,3,,71.0,74.0,74.0,52.0,70.0,3256,200.34,39375498030151
2344.0,0,,70.0,72.0,72.0,51.0,70.0,2717,199.38,74557444224365
2344.0,1,,71.0,76.0,76.0,52.0,70.0,2495,199.91,43070110048095
2344.0,2,,71.0,78.0,78.0,53.0,71.0,3087,200.16,38971320062866
2345.0,3,,73.0,74.0,74.0,53.0,71.0,3099,199.25,39376629790039
2350.0,0,,71.0,72.0,72.0,52.0,70.0,2793,199.93,74558577834716
2350.0,1,,70.0,76.0,76.0,52.0,70.0,2581,200.18,43071247045959
2350.0,2,,70.0,78.0,78.0,52.0,71.0,2952,199.83,38972453125793
2350.0,3,,71.0,74.0,74.0,52.0,70.0,3088,200.38,39377765952636
2355.0,0,,69.0,72.0,72.0,51.0,69.0,2804,200.33,74559715713012
2356.0,1,,71.0,76.0,76.0,52.0,70.0,2562,199.79,43072379870361
2356.0,2,,71.0,78.0,78.0,53.0,71.0,3070,199.38,38973583602783
2356.0,3,,71.0,74.0,74.0,52.0,70.0,3123,200.04,39378900172668
2361.0,0,,71.0,72.0,72.0,51.0,70.0,2804,199.50,74560846856628
2361.0,1,,70.0,76.0,76.0,52.0,70.0,2495,200.51,43073516769226
2361.0,2,,71.0,78.0,78.0,53.0,71.0,3087,200.51,38974720478027
2362.0,3,,72.0,74.0,74.0,52.0,70.0,3277,199.62,39380033986633
2367.0,0,98.05,69.0,70.0,70.0,51.0,69.0,2750,197.44,74561966322021
2367.0,1,98.04,68.0,80.0,80.0,51.0,69.0,2581,189.91,43074595484863
2367.0,2,99.35,69.0,80.0,78.0,52.0,70.0,3086,193.73,38975820866516
2367.0,3,98.18,69.0,78.0,78.0,52.0,70.0,3137,186.48,39381093184143
2372.0,0,100.00,68.0,78.0,76.0,51.0,69.0,2449,180.37,74562992637512
2373.0,1,,68.0,82.0,82.0,51.0,68.0,2400,179.64,43075614059509
2373.0,2,,69.0,84.0,84.0,52.0,70.0,2687,176.34,38976818929382
2373.0,3,,69.0,80.0,80.0,51.0,70.0,2645,177.47,39382092322265
2378.0,0,,68.0,78.0,78.0,51.0,69.0,2190,182.04,74564015724548
2378.0,1,,68.0,82.0,82.0,51.0,68.0,2186,178.77,43076620556884
2378.0,2,,69.0,84.0,84.0,52.0,70.0,2421,176.24,38977812941406
2379.0,3,,69.0,80.0,80.0,52.0,70.0,2348,177.14,39383096683044
2384.0,0,98.72,67.0,80.0,80.0,50.0,68.0,2115,178.02,74565025081542
2384.0,1,,67.0,82.0,82.0,50.0,68.0,2102,173.06,43077603526672
2384.0,2,91.69,68.0,82.0,82.0,52.0,70.0,2376,164.50,38978747283264
2384.0,3,73.99,73.0,76.0,76.0,53.0,71.0,2451,172.63,39384077233764
2389.0,0,,71.0,74.0,74.0,52.0,70.0,2301,185.46,74566080332885
2390.0,1,,69.0,76.0,78.0,51.0,69.0,2250,187.92,43078670904846
2390.0,2,,72.0,80.0,80.0,53.0,72.0,2590,196.70,38979864551452
2390.0,3,,73.0,76.0,76.0,53.0,71.0,2856,199.86,39385210441101
2395.0,0,,71.0,74.0,74.0,52.0,71.0,2666,199.70,74567212620422
2395.0,1,,71.0,76.0,76.0,52.0,69.0,2445,200.12,43079805559753
2395.0,2,,72.0,78.0,78.0,54.0,72.0,2952,199.81,38980997465576
2396.0,3,,73.0,76.0,76.0,53.0,71.0,3303,200.24,39386345803283
2401.0,0,,71.0,74.0,74.0,51.0,70.0,2796,200.19,74568347687194
2401.0,1,,70.0,76.0,76.0,52.0,70.0,2710,199.86,43080938786193
2401.0,2,,71.0,78.0,78.0,53.0,71.0,3069,199.84,38982130559326
2401.0,3,,73.0,76.0,76.0,53.0,71.0,3376,199.84,39387478920104
2406.0,0,,71.0,74.0,74.0,52.0,70.0,2802,200.09,74569482220275
2407.0,1,,70.0,76.0,76.0,52.0,70.0,2728,199.75,43082073368896
2407.0,2,,72.0,78.0,78.0,54.0,72.0,3089,200.07,38983266982543
2407.0,3,,71.0,74.0,76.0,52.0,70.0,3386,199.59,39388612588256
2412.0,0,,71.0,72.0,74.0,52.0,71.0,2806,199.78,74570614956787
2412.0,1,,70.0,76.0,76.0,52.0,70.0,2508,199.65,43083205365661
2412.0,2,,71.0,78.0,78.0,53.0,71.0,3089,199.20,38984396457702
2413.0,3,,71.0,74.0,76.0,52.0,70.0,3299,199.98,39389746485412
2418.0,0,,70.0,72.0,74.0,51.0,70.0,2804,200.11,74571749600524
2418.0,1,,70.0,76.0,76.0,52.0,70.0,2489,200.74,43084341541625
2418.0,2,,71.0,78.0,78.0,53.0,71.0,3081,200.33,38985532336486
2418.0,3,,71.0,74.0,76.0,52.0,70.0,3103,199.78,39390879248107
2423.0,0,,70.0,72.0,72.0,51.0,70.0,2806,199.60,74572881314331
2424.0,1,,69.0,76.0,76.0,51.0,69.0,2646,199.75,43085474095825
2424.0,2,,71.0,78.0,78.0,53.0,71.0,3090,199.84,38986665439758
2424.0,3,,71.0,74.0,76.0,52.0,70.0,3249,200.43,39392015663879
2429.0,0,,70.0,72.0,72.0,51.0,70.0,2801,199.71,74574015694458
2429.0,1,,69.0,76.0,76.0,51.0,69.0,2696,199.53,43086607417724
2429.0,2,,72.0,78.0,78.0,53.0,72.0,3086,199.68,38987799636718
2430.0,3,,73.0,74.0,74.0,53.0,70.0,3266,199.58,39393149304016
2435.0,0,,71.0,72.0,72.0,52.0,70.0,2802,200.19,74575150783081
2435.0,1,,70.0,76.0,76.0,52.0,69.0,2507,200.34,43087743352600
2435.0,2,,71.0,78.0,78.0,53.0,72.0,3091,200.62,38988935163146
2435.0,3,,72.0,74.0,74.0,52.0,70.0,3113,200.05,39394281595214
2440.0,0,,72.0,72.0,72.0,52.0,70.0,2806,199.86,74576284004089
2441.0,1,,71.0,76.0,76.0,52.0,70.0,2498,199.88,43088876684570
2441.0,2,,72.0,78.0,78.0,53.0,72.0,3089,199.41,38990067831542
2441.0,3,,71.0,74.0,74.0,52.0,70.0,3173,200.26,39395419072692
2446.0,0,,71.0,72.0,72.0,52.0,70.0,2801,199.71,74577418373229
2446.0,1,,70.0,76.0,76.0,52.0,70.0,2633,200.06,43090013048217
2446.0,2,,72.0,78.0,78.0,53.0,72.0,3087,200.31,38991203615356
2447.0,3,,71.0,76.0,74.0,52.0,70.0,3320,199.83,39396552119689
2452.0,0,99.15,68.0,74.0,74.0,51.0,69.0,2804,194.05,74578518639282
2452.0,1,99.22,68.0,80.0,80.0,51.0,69.0,2656,190.57,43091093578063
2452.0,2,,69.0,82.0,82.0,52.0,71.0,3078,190.62,38992286361816
2452.0,3,,72.0,76.0,76.0,52.0,70.0,3119,191.24,39397638381469
2458.0,0,,71.0,72.0,72.0,52.0,70.0,2579,199.30,74579648694458
2458.0,1,,70.0,76.0,76.0,51.0,69.0,2442,196.27,43092208365417
2458.0,2,,70.0,78.0,78.0,53.0,70.0,2856,198.00,38993409007446
2458.0,3,,72.0,74.0,74.0,52.0,70.0,3069,199.46,39398769328430
2463.0,0,,69.0,72.0,72.0,51.0,69.0,2753,200.06,74580783059204
2463.0,1,,70.0,76.0,76.0,51.0,69.0,2478,200.15,43093341186950
2463.0,2,,71.0,78.0,78.0,53.0,71.0,2944,199.93,38994542590820
2464.0,3,,73.0,74.0,74.0,53.0,71.0,3090,200.24,39399904677185
2469.0,0,,70.0,72.0,72.0,52.0,70.0,2795,199.94,74581916720336
2469.0,1,,71.0,76.0,76.0,52.0,70.0,2489,199.83,43094474200439
2469.0,2,,72.0,78.0,78.0,53.0,71.0,3081,200.06,38995674937438
2469.0,3,,73.0,74.0,74.0,53.0,71.0,3092,199.60,39401036382507
2475.0,0,,70.0,72.0,72.0,52.0,70.0,2807,199.76,74583049377197
2475.0,1,,70.0,76.0,76.0,51.0,69.0,2603,200.06,43095608563781
2475.0,2,,72.0,78.0,78.0,53.0,71.0,3080,199.77,38996807617431
2475.0,3,,72.0,74.0,74.0,52.0,71.0,3250,200.68,39402172208679
2480.0,0,,71.0,72.0,72.0,52.0,69.0,2804,199.58,74584181014831
2480.0,1,,70.0,76.0,76.0,52.0,70.0,2636,199.87,43096741833984
2480.0,2,,71.0,78.0,78.0,53.0,71.0,3090,199.89,38997940981323
2481.0,3,,72.0,74.0,74.0,52.0,70.0,3269,199.62,39403306022155
2486.0,0,,70.0,72.0,72.0,52.0,70.0,2803,200.63,74585318574279
2486.0,1,,70.0,76.0,76.0,51.0,69.0,2508,199.32,43097873958129
2486.0,2,,72.0,78.0,78.0,53.0,71.0,3089,200.16,38999077907897
2486.0,3,,72.0,74.0,74.0,52.0,70.0,3100,199.62,39404437884216
2492.0,0,99.99,69.0,72.0,72.0,51.0,69.0,2803,199.83,74586453593566
2492.0,1,,71.0,76.0,76.0,52.0,70.0,2517,200.35,43099009955932
2492.0,2,,71.0,78.0,78.0,52.0,71.0,3089,200.20,39000213040893
2492.0,3,,72.0,74.0,74.0,53.0,70.0,3216,200.34,39405573784790
2497.0,0,,70.0,72.0,72.0,51.0,70.0,2796,199.83,74587584643737
2497.0,1,,69.0,76.0,76.0,51.0,69.0,2742,200.25,43100145364013
2497.0,2,,71.0,78.0,78.0,53.0,71.0,3092,199.47,39001344029296
2498.0,3,,71.0,76.0,74.0,52.0,70.0,3219,200.32,39406709615356
2503.0,0,,70.0,72.0,72.0,51.0,69.0,2803,199.51,74588717856506
2503.0,1,,70.0,76.0,76.0,51.0,69.0,2527,199.80,43101278210327
2503.0,2,,70.0,78.0,78.0,53.0,70.0,3088,199.81,39002476936950
2503.0,3,,71.0,76.0,76.0,53.0,70.0,3099,199.93,39407843217712
2509.0,0,,70.0,72.0,72.0,51.0,69.0,2811,200.12,74589852533691
2509.0,1,,70.0,76.0,76.0,51.0,69.0,2494,199.52,43102411500427
2509.0,2,,72.0,78.0,78.0,53.0,71.0,3085,199.91,39003612429260
2509.0,3,,72.0,74.0,74.0,52.0,70.0,3210,199.29,39408977157592
2514.0,0,,70.0,72.0,72.0,51.0,69.0,2802,199.96,74590988302001
2514.0,1,,70.0,76.0,76.0,51.0,69.0,2591,200.28,43103547097412
2515.0,2,,72.0,78.0,78.0,53.0,71.0,3089,200.21,39004747591796
2515.0,3,,73.0,74.0,74.0,53.0,71.0,3165,199.84,39410110270202
2520.0,0,,68.0,74.0,74.0,51.0,69.0,2804,194.68,74592092142639
2520.0,1,,68.0,78.0,78.0,51.0,68.0,2698,194.23,43104648357238
2520.0,2,,69.0,80.0,80.0,52.0,70.0,3077,193.32,39005845640869
2520.0,3,,69.0,80.0,80.0,51.0,69.0,2980,177.13,39411114593261
2526.0,0,,67.0,78.0,78.0,51.0,69.0,2516,182.16,74593126798217
2526.0,1,100.00,67.0,82.0,82.0,51.0,68.0,2418,179.21,43105668050903
2526.0,2,,69.0,84.0,82.0,52.0,70.0,2735,176.68,39006849182983
2526.0,3,,68.0,80.0,80.0,52.0,70.0,2460,177.05,39412122001647
2531.0,0,,68.0,78.0,78.0,51.0,69.0,2161,182.00,74594162381164
2531.0,1,100.00,68.0,82.0,82.0,51.0,68.0,2160,179.06,43106686893554
2532.0,2,,69.0,84.0,84.0,52.0,70.0,2507,176.22,39007853657348
2532.0,3,,69.0,82.0,82.0,52.0,70.0,2371,177.59,39413132480957
2537.0,0,84.42,66.0,80.0,80.0,50.0,68.0,2112,171.99,74595140987731
2537.0,1,73.28,65.0,82.0,82.0,49.0,66.0,2104,162.34,43107608965515
2537.0,2,,68.0,84.0,84.0,52.0,70.0,2485,166.08,39008795342102
2537.0,3,0.00,66.0,82.0,82.0,50.0,67.0,2473,92.58,39413658356384
2543.0,0,0.00,64.0,80.0,80.0,48.0,65.0,2111,59.32,74595477931823
2543.0,1,0.00,63.0,82.0,82.0,48.0,65.0,1995,59.49,43107947458312
2543.0,2,0.00,65.0,84.0,84.0,49.0,66.0,2375,57.64,39009123340454
2543.0,3,0.00,64.0,82.0,82.0,48.0,66.0,2082,57.85,39413986943542
2548.0,0,0.00,63.0,80.0,80.0,48.0,65.0,1542,58.19,74595809045288
2548.0,1,0.00,62.0,82.0,82.0,47.0,64.0,1532,58.95,43108282308898
2549.0,2,0.00,64.0,84.0,84.0,48.0,65.0,1914,57.34,39009448437011
2549.0,3,0.00,64.0,82.0,82.0,48.0,65.0,1556,57.50,39414312954467
2554.0,0,0.00,62.0,80.0,80.0,47.0,64.0,1526,58.36,74596139336486
2554.0,1,,69.0,74.0,74.0,50.0,67.0,1514,152.13,43109143366394
2554.0,2,0.00,63.0,84.0,84.0,48.0,65.0,1524,56.33,39009768398193
2554.0,3,0.00,64.0,82.0,82.0,48.0,65.0,1544,57.12,39414637421875
2560.0,0,0.00,62.0,80.0,80.0,47.0,64.0,1501,58.14,74596469591308
2560.0,1,,70.0,74.0,74.0,51.0,69.0,1913,199.71,43110277738952
2560.0,2,0.00,63.0,84.0,84.0,48.0,64.0,1501,56.52,39010088846984
2560.0,3,0.00,63.0,82.0,82.0,48.0,64.0,1522,57.22,39414962425598
2565.0,0,0.00,61.0,80.0,80.0,47.0,64.0,1480,58.32,74596800837158
2565.0,1,,71.0,74.0,74.0,52.0,70.0,2314,200.10,43111414305419
2566.0,2,0.00,62.0,84.0,84.0,48.0,64.0,1501,56.41,39010409273620
2566.0,3,0.00,63.0,82.0,82.0,48.0,64.0,1511,57.36,39415288248718
2571.0,0,0.00,61.0,80.0,80.0,46.0,63.0,1458,57.95,74597129977416
2571.0,1,,69.0,74.0,76.0,51.0,69.0,2557,199.93,43112549898620
2571.0,2,0.00,62.0,82.0,82.0,47.0,64.0,1500,56.22,39010728577941
2571.0,3,0.00,63.0,82.0,82.0,47.0,64.0,1521,57.12,39415612689086
2577.0,0,0.00,61.0,80.0,80.0,46.0,63.0,1459,58.02,74597458947998
2577.0,1,,69.0,74.0,76.0,51.0,69.0,2780,199.79,43113684717956
2577.0,2,0.00,62.0,82.0,82.0,47.0,64.0,1480,55.96,39011046441772
2577.0,3,0.00,62.0,82.0,82.0,47.0,64.0,1491,57.00,39415935862304
2582.0,0,0.00,60.0,80.0,80.0,46.0,62.0,1417,58.07,74597788762451
2583.0,1,,69.0,76.0,76.0,51.0,69.0,2590,200.17,43114821660949
2583.0,2,0.00,62.0,82.0,82.0,47.0,63.0,1502,55.98,39011364401245
2583.0,3,0.00,62.0,82.0,82.0,47.0,63.0,1481,56.97,39416259439575
2588.0,0,0.00,60.0,80.0,80.0,45.0,62.0,1428,57.84,74598117300415
2588.0,1,,71.0,76.0,76.0,52.0,70.0,2486,199.47,43115952648681
2588.0,2,0.00,62.0,82.0,82.0,47.0,63.0,1501,56.03,39011682076293
2589.0,3,0.00,62.0,82.0,82.0,47.0,63.0,1490,57.02,39416583289489
2594.0,0,0.00,60.0,80.0,80.0,45.0,61.0,1415,57.81,74598445635437
2594.0,1,,70.0,76.0,76.0,52.0,70.0,2662,200.71,43117092683471
2594.0,2,0.00,62.0,82.0,82.0,47.0,63.0,1448,55.70,39011998435729
2594.0,3,0.00,62.0,82.0,82.0,46.0,63.0,1448,56.75,39416905077331
2599.0,0,0.00,59.0,80.0,80.0,45.0,61.0,1332,57.74,74598773624389
2600.0,1,,70.0,74.0,74.0,51.0,69.0,2800,199.27,43118224516113
2600.0,2,0.00,62.0,82.0,82.0,47.0,63.0,1458,55.78,39012315274658
2600.0,3,0.00,62.0,82.0,82.0,46.0,63.0,1437,56.81,39417228305603
2605.0,0,0.00,59.0,80.0,80.0,45.0,61.0,1384,57.96,74599102824951
2605.0,1,,71.0,76.0,76.0,52.0,70.0,2557,200.18,43119361512268
2605.0,2,0.00,62.0,82.0,82.0,47.0,63.0,1447,55.73,39012632403686
2606.0,3,0.00,61.0,82.0,82.0,46.0,62.0,1446,56.97,39417551883911
2611.0,0,0.00,59.0,80.0,80.0,45.0,60.0,1373,57.40,74599428838134
2611.0,1,,71.0,76.0,76.0,52.0,70.0,2575,200.34,43120501471984
2611.0,2,0.00,62.0,82.0,82.0,47.0,63.0,1447,55.85,39012949650573
2611.0,3,0.00,61.0,82.0,82.0,46.0,62.0,1447,56.79,39417874467651
2616.0,0,0.00,59.0,80.0,80.0,45.0,60.0,1373,57.49,74599755386108
2617.0,1,,68.0,80.0,80.0,51.0,69.0,2756,192.06,43121592355957
2617.0,2,0.00,61.0,82.0,82.0,47.0,63.0,1456,55.62,39013266146179
2617.0,3,0.00,61.0,82.0,82.0,46.0,62.0,1435,56.55,39418196261474
2622.0,0,0.00,59.0,80.0,80.0,44.0,60.0,1328,57.49,74600083079772
2622.0,1,,67.0,80.0,80.0,50.0,68.0,2424,177.05,43122601542846
2622.0,2,0.00,61.0,82.0,82.0,47.0,63.0,1456,55.78,39013583527954
2623.0,3,0.00,61.0,82.0,82.0,46.0,62.0,1424,56.49,39418517674255
2628.0,0,0.00,58.0,80.0,80.0,44.0,60.0,1361,57.14,74600408198852
2628.0,1,,68.0,82.0,82.0,51.0,68.0,2154,177.06,43123607252624
2628.0,2,0.00,61.0,82.0,82.0,46.0,62.0,1436,56.01,39013901639770
2628.0,3,0.00,60.0,82.0,82.0,46.0,62.0,1425,56.50,39418839168457
2634.0,0,100.00,65.0,66.0,66.0,48.0,64.0,1353,183.26,74601447260559
2634.0,1,0.00,64.0,82.0,82.0,48.0,65.0,2135,67.76,43123992119323
2634.0,2,0.00,61.0,82.0,82.0,46.0,63.0,1448,55.48,39014216745056
2634.0,3,0.00,60.0,82.0,82.0,46.0,62.0,1417,56.51,39419159556762
2639.0,0,,67.0,66.0,68.0,49.0,67.0,1543,199.68,74602581433410
2639.0,1,0.00,63.0,82.0,82.0,47.0,64.0,1638,58.90,43124326653503
2639.0,2,0.00,61.0,82.0,82.0,46.0,62.0,1458,55.45,39014531713073
2640.0,3,0.00,60.0,82.0,82.0,45.0,61.0,1415,56.41,39419480538391
2645.0,0,100.00,68.0,68.0,68.0,50.0,68.0,1932,199.69,74603717664062
2645.0,1,0.00,62.0,82.0,82.0,47.0,63.0,1521,58.88,43124661100524
2645.0,2,0.00,61.0,82.0,82.0,46.0,62.0,1436,55.46,39014847259399
2645.0,3,0.00,60.0,82.0,82.0,45.0,61.0,1426,56.55,39419801725830
2651.0,0,100.00,70.0,70.0,70.0,51.0,69.0,2239,199.84,74604852731445
2651.0,1,0.00,61.0,82.0,82.0,46.0,62.0,1436,58.27,43124992089050
2651.0,2,0.00,61.0,82.0,82.0,46.0,62.0,1415,55.75,39015163919311
2651.0,3,0.00,60.0,82.0,82.0,45.0,62.0,1415,56.57,39420123035522
2656.0,0,,70.0,70.0,70.0,51.0,70.0,2431,200.41,74605991083923
2656.0,1,0.00,61.0,82.0,82.0,46.0,62.0,1460,58.02,43125321650634
2657.0,2,0.00,61.0,82.0,82.0,46.0,62.0,1439,55.29,39015477405029
2657.0,3,0.00,60.0,82.0,82.0,45.0,61.0,1417,56.12,39420441798828
2662.0,0,100.00,71.0,70.0,70.0,52.0,70.0,2472,200.06,74607127435913
2662.0,1,0.00,60.0,82.0,82.0,45.0,61.0,1458,58.11,43125651708801
2662.0,2,0.00,60.0,82.0,82.0,46.0,62.0,1427,55.38,39015791952392
2662.0,3,0.00,60.0,82.0,82.0,45.0,61.0,1428,56.39,39420761519775
2668.0,0,100.00,69.0,70.0,70.0,51.0,69.0,2667,199.90,74608260877746
2668.0,1,0.00,60.0,82.0,82.0,45.0,61.0,1407,57.94,43125980226989
2668.0,2,0.00,60.0,82.0,82.0,46.0,62.0,1418,55.65,39016107504821
2668.0,3,0.00,61.0,82.0,82.0,45.0,61.0,1417,56.34,39421081545715
2673.0,0,,70.0,70.0,70.0,52.0,70.0,2792,199.74,74609393429565
2673.0,1,0.00,60.0,82.0,82.0,45.0,61.0,1406,57.58,43126307291687
2674.0,2,0.00,60.0,82.0,82.0,46.0,61.0,1428,55.24,39016421273864
2674.0,3,0.00,60.0,82.0,82.0,45.0,61.0,1419,56.16,39421399966918
2679.0,0,,70.0,70.0,70.0,52.0,69.0,2558,200.18,74610530475585
2679.0,1,0.00,59.0,82.0,82.0,45.0,60.0,1353,57.80,43126635032836
2679.0,2,0.00,60.0,82.0,82.0,46.0,61.0,1417,55.23,39016735000366
2679.0,3,0.00,60.0,82.0,82.0,45.0,61.0,1425,56.30,39421719738037
2685.0,0,,70.0,72.0,70.0,52.0,70.0,2716,200.02,74611666592041
2685.0,1,0.00,59.0,82.0,82.0,44.0,60.0,1364,57.65,43126962508850
2685.0,2,0.00,60.0,82.0,82.0,45.0,61.0,1375,55.55,39017049948791
2685.0,3,0.00,60.0,82.0,82.0,45.0,61.0,1417,56.57,39422040473693
2690.0,0,,71.0,72.0,72.0,51.0,70.0,2777,200.20,74612803731079
2690.0,1,0.00,59.0,82.0,82.0,44.0,60.0,1373,57.44,43127288778625
2691.0,2,0.00,60.0,82.0,82.0,46.0,61.0,1361,55.48,39017365616577
2691.0,3,0.00,60.0,82.0,82.0,45.0,61.0,1425,56.48,39422361855834
2696.0,0,100.00,68.0,74.0,76.0,51.0,69.0,2569,190.10,74613883502014
2696.0,1,0.00,59.0,82.0,82.0,44.0,60.0,1354,57.55,43127615664062
2696.0,2,0.00,60.0,82.0,82.0,46.0,61.0,1375,55.26,39017678950378
2696.0,3,0.00,60.0,82.0,82.0,45.0,61.0,1428,56.13,39422680137145
2702.0,0,100.00,68.0,76.0,76.0,51.0,69.0,2326,179.72,74614902537658
2702.0,1,0.00,58.0,82.0,82.0,44.0,59.0,1343,57.63,43127942442443
2702.0,2,0.00,60.0,82.0,82.0,46.0,61.0,1365,55.55,39017994453430
2702.0,3,0.00,60.0,82.0,82.0,45.0,61.0,1428,56.36,39423000270874
2707.0,0,70.72,65.0,78.0,78.0,50.0,67.0,2113,165.90,74615844858154
2707.0,1,19.17,63.0,66.0,66.0,46.0,62.0,1363,74.57,43128366748901
2708.0,2,0.00,60.0,82.0,82.0,46.0,61.0,1383,55.68,39018310726745
2708.0,3,0.00,60.0,82.0,82.0,45.0,61.0,1415,56.58,39423321651916
2713.0,0,0.00,63.0,78.0,78.0,48.0,65.0,1945,58.86,74616179156921
2713.0,1,,66.0,68.0,68.0,48.0,65.0,1354,200.15,43129501592285
2713.0,2,0.00,59.0,82.0,82.0,45.0,61.0,1376,55.49,39018625340148
2713.0,3,0.00,60.0,82.0,82.0,45.0,61.0,1418,55.95,39423638877563
2719.0,0,0.00,63.0,78.0,78.0,48.0,64.0,1555,58.31,74616509793518
2719.0,1,,68.0,68.0,68.0,50.0,67.0,1555,199.80,43130636468811
2719.0,2,0.00,59.0,82.0,82.0,45.0,61.0,1363,55.25,39018939153564
2719.0,3,0.00,60.0,82.0,82.0,45.0,61.0,1416,56.10,39423958097595
2724.0,0,0.00,62.0,78.0,78.0,47.0,64.0,1459,58.35,74616841237487
2725.0,1,,69.0,70.0,70.0,50.0,68.0,1934,200.28,43131772057312
2725.0,2,0.00,59.0,82.0,82.0,45.0,60.0,1375,55.40,39019253846923
2725.0,3,0.00,60.0,82.0,82.0,45.0,61.0,1354,56.52,39424278580444
2730.0,0,0.00,62.0,78.0,78.0,47.0,64.0,1490,58.07,74617171065429
2730.0,1,,70.0,70.0,70.0,51.0,69.0,2220,199.81,43132906998352
2730.0,2,0.00,59.0,82.0,82.0,45.0,61.0,1385,55.45,39019568220092
2730.0,3,0.00,60.0,82.0,82.0,45.0,61.0,1373,56.62,39424600201416
2736.0,0,0.00,61.0,78.0,78.0,46.0,63.0,1457,58.00,74617500531921
2736.0,1,,69.0,70.0,72.0,51.0,68.0,2406,199.94,43134044644165
2736.0,2,0.00,59.0,82.0,82.0,45.0,61.0,1373,55.05,39019881467407
2736.0,3,0.00,60.0,82.0,82.0,45.0,60.0,1373,56.27,39424919840942
2741.0,0,0.00,61.0,78.0,78.0,46.0,63.0,1448,58.07,74617830359863
2742.0,1,,69.0,72.0,72.0,51.0,69.0,2474,199.89,43135178005554
2742.0,2,0.00,59.0,82.0,82.0,45.0,61.0,1374,55.32,39020195677917
2742.0,3,0.00,60.0,82.0,82.0,45.0,60.0,1364,56.41,39425240240783
2747.0,0,0.00,60.0,78.0,78.0,46.0,62.0,1427,58.19,74618160872924
2747.0,1,,69.0,72.0,72.0,51.0,69.0,2485,199.63,43136311931823
2747.0,2,0.00,59.0,82.0,82.0,45.0,61.0,1386,55.35,39020509508666
2748.0,3,0.00,59.0,82.0,82.0,45.0,60.0,1374,56.16,39425559236511
2753.0,0,0.00,60.0,78.0,78.0,45.0,62.0,1427,57.62,74618488176879
2753.0,1,,70.0,72.0,72.0,51.0,69.0,2483,200.15,43137448806518
2753.0,2,0.00,59.0,82.0,82.0,45.0,61.0,1363,55.36,39020823972839
2753.0,3,0.00,59.0,82.0,82.0,45.0,60.0,1376,56.19,39425877842163
2758.0,0,0.00,60.0,78.0,78.0,45.0,62.0,1386,57.82,74618815998535
2759.0,1,,69.0,72.0,74.0,51.0,69.0,2486,200.63,43138586406677
2759.0,2,0.00,59.0,82.0,82.0,45.0,61.0,1375,55.32,39021137651489
2759.0,3,0.00,59.0,82.0,82.0,45.0,60.0,1364,56.28,39426197493713
2764.0,0,0.00,59.0,78.0,78.0,45.0,61.0,1385,57.91,74619144332031
2764.0,1,,70.0,74.0,74.0,51.0,69.0,2675,199.86,43139721594665
2764.0,2,0.00,59.0,82.0,82.0,45.0,61.0,1375,55.23,39021451376586
2765.0,3,0.00,59.0,82.0,82.0,45.0,60.0,1374,56.13,39426515768676
2770.0,0,0.00,59.0,78.0,78.0,45.0,61.0,1384,57.40,74619470921569
2770.0,1,,70.0,74.0,72.0,51.0,69.0,2618,199.38,43140854071960
2770.0,2,0.00,59.0,82.0,82.0,45.0,61.0,1363,55.39,39021766002258
2770.0,3,0.00,59.0,82.0,82.0,44.0,60.0,1352,56.43,39426836297119
2775.0,0,0.00,59.0,78.0,78.0,44.0,61.0,1365,57.46,74619796736022
2776.0,1,100.00,68.0,78.0,78.0,51.0,69.0,2475,181.54,43141883384704
2776.0,2,0.00,59.0,82.0,82.0,45.0,61.0,1374,55.33,39022080261657
2776.0,3,0.00,59.0,82.0,82.0,45.0,60.0,1343,55.98,39427154269592
2781.0,0,0.00,59.0,78.0,78.0,44.0,60.0,1320,57.55,74620123641723
2781.0,1,,68.0,80.0,80.0,51.0,68.0,2239,176.95,43142888480895
2781.0,2,0.00,59.0,82.0,82.0,45.0,61.0,1374,55.40,39022394925842
2782.0,3,0.00,59.0,82.0,82.0,44.0,60.0,1343,56.00,39427472376586
2787.0,0,0.00,58.0,78.0,78.0,44.0,60.0,1364,57.26,74620448877990
2787.0,1,0.00,65.0,80.0,80.0,49.0,66.0,2107,134.20,43143649420166
2787.0,2,0.00,59.0,82.0,82.0,45.0,61.0,1377,55.50,39022709622436
2787.0,3,0.00,59.0,82.0,82.0,44.0,60.0,1356,56.19,39427790430419
2792.0,0,0.00,58.0,78.0,78.0,44.0,60.0,1353,57.46,74620774659118
2793.0,1,0.00,63.0,80.0,80.0,48.0,64.0,1848,58.91,43143984627014
2793.0,2,0.00,59.0,82.0,82.0,45.0,61.0,1373,55.51,39023024941894
2793.0,3,0.00,59.0,82.0,82.0,44.0,60.0,1341,55.96,39428108846252
2798.0,0,0.00,58.0,78.0,78.0,44.0,60.0,1322,57.34,74621100363220
2798.0,1,0.00,63.0,68.0,80.0,48.0,64.0,1502,58.68,43144317367797
2798.0,2,0.00,59.0,82.0,82.0,45.0,61.0,1375,55.16,39023337692260
2799.0,3,0.00,59.0,82.0,82.0,44.0,60.0,1344,55.69,39428424636657
2804.0,0,0.00,58.0,78.0,78.0,44.0,60.0,1333,57.44,74621426021179
2804.0,1,,69.0,72.0,72.0,50.0,68.0,1596,201.39,43145461265136
2804.0,2,0.00,59.0,82.0,82.0,45.0,60.0,1374,55.25,39023651487243
2804.0,3,0.00,59.0,82.0,82.0,44.0,59.0,1354,56.10,39428743263000
2810.0,0,0.00,58.0,78.0,78.0,44.0,59.0,1310,57.48,74621752512695
2810.0,1,,69.0,72.0,74.0,51.0,69.0,2093,199.84,43146596330871
2810.0,2,0.00,59.0,82.0,82.0,45.0,61.0,1342,55.37,39023965986633
2810.0,3,0.00,59.0,82.0,82.0,44.0,60.0,1342,56.39,39429063565917
2815.0,0,0.00,58.0,78.0,78.0,44.0,59.0,1291,57.16,74622077188354
2815.0,1,,70.0,74.0,74.0,52.0,70.0,2411,200.14,43147731130676
2815.0,2,0.00,59.0,82.0,82.0,45.0,61.0,1354,55.65,39024281534851
2816.0,3,0.00,58.0,82.0,82.0,44.0,60.0,1342,55.73,39429380127502
2821.0,0,0.00,58.0,78.0,78.0,44.0,59.0,1310,57.19,74622402028015
2821.0,1,,69.0,74.0,74.0,51.0,69.0,2557,199.98,43148866993957
2821.0,2,0.00,59.0,82.0,82.0,45.0,61.0,1352,55.10,39024595062316
2821.0,3,0.00,58.0,82.0,82.0,44.0,60.0,1354,56.10,39429698227355
2827.0,0,0.00,57.0,78.0,78.0,44.0,59.0,1312,57.22,74622726489929
2827.0,1,,70.0,74.0,74.0,52.0,70.0,2773,199.57,43149998532470
2827.0,2,0.00,59.0,82.0,82.0,45.0,61.0,1334,55.43,39024908769287
2827.0,3,0.00,58.0,82.0,82.0,44.0,60.0,1344,55.84,39430015420349
2832.0,0,0.00,57.0,78.0,78.0,43.0,59.0,1291,57.08,74623050116821
2832.0,1,,69.0,74.0,74.0,51.0,69.0,2549,200.13,43151135270019
2833.0,2,0.00,59.0,82.0,82.0,45.0,61.0,1354,55.48,39025223899963
2833.0,3,0.00,58.0,82.0,82.0,44.0,60.0,1354,56.04,39430333146484
2838.0,0,0.00,57.0,78.0,78.0,43.0,59.0,1311,56.93,74623373498901
2838.0,1,,70.0,74.0,74.0,52.0,70.0,2579,200.38,43152271407836
2838.0,2,0.00,59.0,82.0,82.0,45.0,60.0,1375,55.13,39025536502990
2838.0,3,0.00,59.0,82.0,82.0,44.0,60.0,1354,55.83,39430650234375
2844.0,0,0.00,57.0,78.0,78.0,43.0,59.0,1311,57.10,74623697822204
2844.0,1,,70.0,74.0,74.0,52.0,70.0,2715,199.78,43153406178833
2844.0,2,0.00,59.0,82.0,82.0,45.0,61.0,1364,55.21,39025850085388
2844.0,3,0.00,58.0,82.0,82.0,44.0,59.0,1343,55.93,39430967353393
2849.0,0,0.00,57.0,78.0,78.0,43.0,58.0,1301,57.33,74624022889892
2849.0,1,,71.0,74.0,74.0,52.0,70.0,2508,199.42,43154538880798
2850.0,2,0.00,59.0,82.0,82.0,45.0,61.0,1364,55.47,39026165167053
2850.0,3,0.00,58.0,82.0,82.0,44.0,59.0,1343,55.97,39431285256347
2855.0,0,0.00,57.0,78.0,78.0,43.0,59.0,1280,56.80,74624345503906
2855.0,1,,71.0,74.0,74.0,52.0,70.0,2685,200.25,43155674290649
2855.0,2,0.00,59.0,82.0,82.0,45.0,61.0,1374,55.39,39026479776977
2855.0,3,0.00,58.0,82.0,82.0,44.0,60.0,1353,55.96,39431603118347
2861.0,0,0.00,57.0,78.0,78.0,43.0,58.0,1289,56.91,74624668754699
2861.0,1,,70.0,74.0,74.0,52.0,70.0,2600,200.45,43156812861145
2861.0,2,0.00,59.0,82.0,82.0,45.0,60.0,1363,55.13,39026792900024
2861.0,3,0.00,58.0,82.0,82.0,44.0,59.0,1311,55.81,39431920135314
2866.0,0,0.00,57.0,78.0,78.0,43.0,58.0,1268,57.15,74624993385864
2866.0,1,,68.0,80.0,80.0,51.0,69.0,2566,184.77,43157862334106
2867.0,2,0.00,59.0,82.0,82.0,45.0,60.0,1374,55.52,39027107674133
2867.0,3,0.00,58.0,82.0,82.0,44.0,59.0,1342,55.91,39432237703857
2872.0,0,0.00,57.0,78.0,78.0,43.0,58.0,1289,56.77,74625315840515
2872.0,1,100.00,67.0,80.0,80.0,51.0,68.0,2316,177.00,43158867688842
2872.0,2,0.00,59.0,82.0,82.0,45.0,61.0,1375,55.51,39027422983825
2872.0,3,0.00,58.0,82.0,82.0,44.0,59.0,1333,56.19,39432556321350
2878.0,0,47.93,61.0,62.0,62.0,45.0,61.0,1281,82.39,74625782966003
2878.0,1,43.39,65.0,82.0,82.0,49.0,66.0,2127,150.77,43159722540344
2878.0,2,0.00,59.0,82.0,82.0,45.0,60.0,1354,55.32,39027736622558
2878.0,3,0.00,58.0,82.0,82.0,44.0,59.0,1290,55.72,39432872238464
2883.0,0,,64.0,64.0,64.0,47.0,64.0,1301,200.02,74626917104797
2883.0,1,0.00,63.0,82.0,82.0,48.0,64.0,1914,59.42,43160059451904
2884.0,2,0.00,59.0,82.0,82.0,45.0,61.0,1354,55.26,39028050474670
2884.0,3,0.00,58.0,82.0,82.0,44.0,59.0,1300,55.67,39433188433654
2889.0,0,,66.0,64.0,66.0,49.0,66.0,1438,199.57,74628050648986
2889.0,1,0.00,62.0,82.0,82.0,47.0,63.0,1545,58.94,43160394215515
2889.0,2,0.00,59.0,82.0,82.0,45.0,61.0,1355,55.46,39028364905029
2889.0,3,0.00,58.0,82.0,82.0,44.0,59.0,1303,56.05,39433506257446
2895.0,0,100.00,68.0,68.0,68.0,49.0,67.0,1736,200.10,74629185192138
2895.0,1,0.00,62.0,82.0,82.0,47.0,63.0,1459,58.50,43160725928527
2895.0,2,0.00,59.0,82.0,82.0,45.0,61.0,1332,55.45,39028679284484
2895.0,3,0.00,58.0,82.0,82.0,44.0,59.0,1300,55.80,39433823173095
2900.0,0,,68.0,68.0,68.0,50.0,68.0,2071,200.32,74630323021484
2900.0,1,0.00,61.0,82.0,82.0,46.0,62.0,1480,58.21,43161056567077
2901.0,2,0.00,59.0,82.0,82.0,45.0,60.0,1353,55.18,39028992719238
2901.0,3,0.00,58.0,82.0,82.0,44.0,59.0,1290,55.78,39434139422546
2906.0,0,100.00,69.0,70.0,70.0,51.0,69.0,2272,199.44,74631455829345
2906.0,1,0.00,61.0,82.0,82.0,46.0,62.0,1447,58.20,43161387147277
2906.0,2,0.00,59.0,82.0,82.0,45.0,60.0,1362,55.24,39029307037292
2906.0,3,0.00,58.0,82.0,82.0,44.0,59.0,1340,55.79,39434456843688
2912.0,0,,70.0,70.0,70.0,51.0,70.0,2438,200.34,74632593735595
2912.0,1,0.00,60.0,82.0,82.0,46.0,62.0,1426,58.05,43161716886657
2912.0,2,0.00,59.0,82.0,82.0,45.0,60.0,1342,55.26,39029620926879
2912.0,3,0.00,58.0,82.0,82.0,44.0,60.0,1354,55.66,39434773015319
2917.0,0,,71.0,70.0,70.0,51.0,70.0,2473,199.62,74633727577575
2918.0,1,0.00,60.0,82.0,82.0,45.0,61.0,1426,57.74,43162044835083
2918.0,2,0.00,59.0,82.0,82.0,45.0,60.0,1352,55.50,39029936168395
2918.0,3,0.00,58.0,82.0,82.0,44.0,59.0,1342,55.66,39435089171691
2923.0,0,100.00,69.0,70.0,70.0,51.0,69.0,2494,200.30,74634865298706
2923.0,1,0.00,59.0,82.0,82.0,45.0,60.0,1427,57.66,43162372351318
2923.0,2,0.00,59.0,82.0,82.0,45.0,60.0,1354,55.31,39030249761108
2924.0,3,0.00,58.0,82.0,82.0,44.0,60.0,1344,55.73,39435405132446
2929.0,0,,70.0,70.0,70.0,51.0,70.0,2486,200.44,74636001815612
2929.0,1,0.00,59.0,82.0,82.0,45.0,60.0,1376,57.69,43162700029846
2929.0,2,0.00,59.0,82.0,82.0,45.0,60.0,1344,55.18,39030563162231
2929.0,3,0.00,58.0,82.0,82.0,44.0,60.0,1354,55.74,39435721758178
2934.0,0,100.00,70.0,70.0,70.0,51.0,70.0,2761,199.66,74637135873352
2935.0,1,0.00,59.0,82.0,82.0,44.0,60.0,1375,57.54,43163026292541
2935.0,2,0.00,59.0,82.0,82.0,45.0,60.0,1354,55.42,39030877371948
2935.0,3,0.00,59.0,82.0,82.0,44.0,60.0,1343,56.19,39436040362854
2940.0,0,,71.0,70.0,72.0,51.0,70.0,2547,200.47,74638272560424
2940.0,1,0.00,59.0,82.0,82.0,44.0,60.0,1374,57.47,43163352695068
2940.0,2,0.00,59.0,82.0,82.0,45.0,60.0,1353,55.21,39031190939208
2941.0,3,0.00,59.0,82.0,82.0,44.0,60.0,1354,55.75,39436357016052
2946.0,0,,68.0,76.0,76.0,51.0,69.0,2463,183.44,74639314520263
2946.0,1,0.00,58.0,82.0,82.0,44.0,59.0,1332,57.69,43163679810852
2946.0,2,0.00,59.0,82.0,82.0,44.0,60.0,1342,55.34,39031505266113
2946.0,3,0.00,59.0,82.0,82.0,44.0,60.0,1352,55.96,39436674886535
2951.0,0,,68.0,76.0,76.0,51.0,69.0,2209,179.30,74640332939575
2952.0,1,0.00,58.0,82.0,82.0,44.0,59.0,1353,57.65,43164007236206
2952.0,2,0.00,59.0,82.0,82.0,44.0,60.0,1354,55.54,39031820187744
2952.0,3,0.00,59.0,82.0,82.0,44.0,60.0,1343,56.14,39436993735717
2957.0,0,0.00,65.0,78.0,78.0,49.0,67.0,2104,131.67,74641080812866
2957.0,1,,64.0,66.0,66.0,47.0,63.0,1364,115.23,43164661715026
2957.0,2,0.00,59.0,82.0,82.0,44.0,60.0,1353,55.65,39032136301574
2958.0,3,0.00,59.0,82.0,82.0,44.0,60.0,1352,55.90,39437311238647
2963.0,0,0.00,63.0,78.0,78.0,48.0,65.0,1890,58.60,74641413650756
2963.0,1,,65.0,68.0,68.0,48.0,65.0,1405,199.98,43165797617736
2963.0,2,0.00,59.0,82.0,82.0,44.0,60.0,1341,55.10,39032449828002
2963.0,3,0.00,58.0,82.0,82.0,44.0,60.0,1353,55.83,39437628346679
2968.0,0,0.00,62.0,78.0,78.0,47.0,64.0,1490,58.31,74641744841308
2969.0,1,,67.0,68.0,70.0,50.0,67.0,1649,200.18,43166934646789
2969.0,2,0.00,59.0,82.0,82.0,45.0,60.0,1353,55.19,39032763325256
2969.0,3,0.00,58.0,82.0,82.0,44.0,60.0,1342,55.80,39437945289916
2974.0,0,0.00,62.0,78.0,78.0,47.0,64.0,1491,58.07,74642074688720
2974.0,1,,69.0,70.0,70.0,51.0,69.0,2008,199.45,43168067529174
2974.0,2,0.00,58.0,82.0,82.0,44.0,60.0,1353,55.53,39033078201721
2975.0,3,0.00,58.0,82.0,82.0,44.0,60.0,1343,56.07,39438263209960
2980.0,0,0.00,61.0,78.0,78.0,46.0,63.0,1460,58.05,74642403859558
2980.0,1,,69.0,70.0,70.0,51.0,69.0,2242,200.15,43169204406738
2980.0,2,0.00,58.0,82.0,82.0,44.0,60.0,1343,55.13,39033391349365
2980.0,3,0.00,58.0,82.0,82.0,44.0,60.0,1354,55.52,39438578584472
2986.0,0,0.00,61.0,78.0,78.0,46.0,63.0,1448,58.04,74642733529724
2986.0,1,,69.0,72.0,72.0,51.0,69.0,2432,200.18,43170339452880
2986.0,2,0.00,58.0,82.0,82.0,44.0,60.0,1354,55.17,39033704154113
2986.0,3,0.00,58.0,82.0,82.0,44.0,59.0,1343,55.79,39438895482360
2991.0,0,0.00,60.0,78.0,78.0,46.0,62.0,1418,58.18,74643063385742
2991.0,1,,69.0,72.0,72.0,51.0,69.0,2475,199.64,43171471414794
2991.0,2,0.00,58.0,82.0,82.0,44.0,60.0,1354,55.42,39034018366149
2992.0,3,0.00,58.0,82.0,82.0,44.0,59.0,1355,56.00,39439212994018
2997.0,0,0.00,60.0,78.0,78.0,45.0,62.0,1429,57.76,74643390868530
2997.0,1,,70.0,72.0,72.0,51.0,69.0,2486,200.22,43172608686340
2997.0,2,0.00,58.0,82.0,82.0,45.0,60.0,1343,55.39,39034332973632
2997.0,3,0.00,58.0,82.0,82.0,44.0,59.0,1354,55.95,39439530231323
3003.0,0,0.00,60.0,78.0,78.0,45.0,61.0,1417,57.71,74643718634582
3003.0,1,,69.0,72.0,72.0,51.0,69.0,2485,199.68,43173740898315
3003.0,2,0.00,59.0,82.0,82.0,45.0,60.0,1354,55.05,39034645652709
3003.0,3,0.00,58.0,82.0,82.0,44.0,59.0,1343,55.66,39439846387695
3008.0,0,0.00,59.0,78.0,78.0,45.0,61.0,1342,57.82,74644047069030
3008.0,1,100.00,69.0,72.0,72.0,51.0,69.0,2493,200.18,43174877929626
3009.0,2,0.00,58.0,82.0,82.0,44.0,60.0,1363,55.19,39034959145996
3009.0,3,0.00,58.0,82.0,82.0,44.0,59.0,1342,55.79,39440163287292
3014.0,0,0.00,59.0,78.0,78.0,45.0,61.0,1375,57.51,74644373728820
3014.0,1,,70.0,74.0,74.0,52.0,69.0,2484,200.47,43176016616149
3014.0,2,0.00,59.0,82.0,82.0,45.0,60.0,1343,55.54,39035274045227
3014.0,3,0.00,58.0,82.0,82.0,44.0,59.0,1300,56.15,39440481629638
3020.0,0,0.00,59.0,78.0,78.0,45.0,60.0,1364,57.46,74644699542358
3020.0,1,,68.0,76.0,76.0,51.0,69.0,2580,196.14,43177130706359
3020.0,2,0.00,59.0,82.0,82.0,44.0,60.0,1354,55.01,39035586493103
3020.0,3,0.00,58.0,82.0,82.0,44.0,59.0,1291,55.48,39440796756896
3025.0,0,0.00,59.0,78.0,78.0,44.0,60.0,1343,57.48,74645026035705
3025.0,1,,68.0,80.0,78.0,50.0,69.0,2442,177.40,43178136537780
3026.0,2,0.00,59.0,82.0,82.0,44.0,60.0,1353,55.32,39035900709045
3026.0,3,0.00,58.0,82.0,82.0,44.0,59.0,1300,55.94,39441114514038
3031.0,0,0.00,58.0,78.0,78.0,44.0,60.0,1364,57.50,74645352084411
3031.0,1,,68.0,80.0,80.0,50.0,68.0,2168,176.82,43179140886474
3031.0,2,0.00,59.0,82.0,82.0,44.0,60.0,1354,55.56,39036215748901
3031.0,3,0.00,58.0,82.0,82.0,44.0,59.0,1302,56.07,39441432408630
3037.0,0,0.00,58.0,78.0,78.0,44.0,60.0,1355,57.18,74645676873901
3037.0,1,0.00,64.0,80.0,80.0,48.0,65.0,2140,113.28,43179783207031
3037.0,2,0.00,59.0,82.0,82.0,45.0,60.0,1346,55.38,39036529767944
3037.0,3,0.00,58.0,82.0,82.0,44.0,59.0,1293,55.84,39441748436035
3042.0,0,0.00,58.0,78.0,78.0,44.0,59.0,1345,57.38,74646001643798
3042.0,1,0.00,63.0,80.0,80.0,47.0,64.0,1724,58.99,43180117695678
3043.0,2,0.00,58.0,82.0,82.0,45.0,60.0,1354,55.00,39036841640563
3043.0,3,0.00,58.0,82.0,82.0,44.0,59.0,1300,55.37,39442062928039
3048.0,0,0.00,58.0,78.0,78.0,44.0,59.0,1332,57.34,74646327324462
3048.0,1,32.17,67.0,72.0,72.0,49.0,66.0,1491,81.92,43180582194763
3048.0,2,0.00,58.0,82.0,82.0,44.0,60.0,1354,55.32,39037155289123
3048.0,3,0.00,58.0,82.0,82.0,43.0,59.0,1312,55.55,39442378471801
3054.0,0,0.00,58.0,78.0,78.0,44.0,59.0,1312,57.21,74646652284973
3054.0,1,,68.0,72.0,72.0,50.0,68.0,1660,199.65,43181716203125
3054.0,2,0.00,58.0,82.0,82.0,44.0,60.0,1343,55.25,39037469116821
3054.0,3,0.00,58.0,82.0,82.0,44.0,59.0,1290,55.77,39442694680358
3059.0,0,0.00,58.0,78.0,78.0,44.0,59.0,1302,57.18,74646976518310
3059.0,1,,70.0,74.0,72.0,52.0,69.0,2137,199.90,43182849614868
3060.0,2,0.00,59.0,82.0,82.0,44.0,60.0,1355,55.33,39037782854370
3060.0,3,0.00,58.0,82.0,82.0,44.0,59.0,1301,55.73,39443011213439
3065.0,0,0.00,57.0,78.0,78.0,44.0,59.0,1311,57.11,74647300890136
3065.0,1,,69.0,74.0,74.0,51.0,69.0,2432,199.95,43183985351257
3065.0,2,0.00,59.0,82.0,82.0,44.0,60.0,1354,55.16,39038096176208
3065.0,3,0.00,58.0,82.0,82.0,44.0,59.0,1301,55.95,39443328435363
3071.0,0,0.00,57.0,78.0,78.0,43.0,59.0,1301,57.21,74647625260192
3071.0,1,,69.0,74.0,74.0,51.0,69.0,2600,200.44,43185121865539
3071.0,2,0.00,58.0,82.0,82.0,44.0,60.0,1343,55.26,39038410079284
3071.0,3,0.00,58.0,82.0,82.0,43.0,59.0,1290,55.68,39443644679748
3076.0,0,0.00,57.0,78.0,78.0,43.0,59.0,1301,57.05,74647949319091
3076.0,1,,69.0,74.0,74.0,51.0,69.0,2760,199.20,43186253340881
3077.0,2,0.00,59.0,82.0,82.0,44.0,60.0,1354,55.34,39038723840637
3077.0,3,0.00,58.0,82.0,82.0,44.0,59.0,1300,55.76,39443961413146
3082.0,0,0.00,57.0,78.0,78.0,43.0,59.0,1300,56.96,74648272305908
3082.0,1,,70.0,74.0,74.0,52.0,69.0,2526,200.26,43187390817443
3082.0,2,0.00,59.0,82.0,82.0,44.0,60.0,1354,55.16,39039037145385
3082.0,3,0.00,58.0,82.0,82.0,43.0,59.0,1301,55.64,39444276886230
3088.0,0,0.00,57.0,78.0,78.0,43.0,59.0,1300,56.99,74648596033996
3088.0,1,,71.0,74.0,74.0,52.0,70.0,2526,199.90,43188526243286
3088.0,2,0.00,59.0,82.0,82.0,45.0,60.0,1342,55.21,39039350722351
3088.0,3,0.00,58.0,82.0,82.0,43.0,59.0,1290,55.65,39444593005249
3093.0,0,0.00,57.0,78.0,78.0,43.0,59.0,1279,57.03,74648919965698
3093.0,1,,70.0,74.0,74.0,51.0,69.0,2707,199.84,43189659363891
3094.0,2,0.00,59.0,82.0,82.0,44.0,60.0,1354,55.29,39039664197509
3094.0,3,0.00,58.0,82.0,82.0,44.0,59.0,1301,55.70,39444909406311
3099.0,0,0.00,57.0,78.0,78.0,43.0,58.0,1278,56.81,74649242650756
3099.0,1,,69.0,74.0,74.0,51.0,69.0,2514,200.27,43190796875976
3099.0,2,0.00,59.0,82.0,82.0,45.0,60.0,1352,55.34,39039979074096
3099.0,3,0.00,58.0,82.0,82.0,44.0,59.0,1299,55.99,39445227452758
3105.0,0,0.00,57.0,78.0,78.0,43.0,58.0,1289,56.81,74649565344604
3105.0,1,,69.0,74.0,74.0,51.0,69.0,2652,200.13,43191933630310
3105.0,2,0.00,59.0,82.0,82.0,44.0,60.0,1342,55.21,39040292642395
3105.0,3,0.00,58.0,82.0,82.0,44.0,59.0,1310,55.68,39445543687255
3110.0,0,0.00,57.0,78.0,78.0,43.0,58.0,1268,57.03,74649889294128
3111.0,1,,70.0,74.0,74.0,51.0,69.0,2641,199.67,43193067744567
3111.0,2,0.00,59.0,82.0,82.0,45.0,60.0,1353,55.24,39040605826110
3111.0,3,0.00,58.0,82.0,82.0,43.0,59.0,1289,55.72,39445860188476
3116.0,0,0.00,56.0,78.0,78.0,43.0,58.0,1290,57.06,74650213413391
3116.0,1,99.99,68.0,80.0,80.0,51.0,69.0,2452,181.20,43194096938049
3116.0,2,0.00,59.0,82.0,82.0,45.0,60.0,1352,55.39,39040920445800
3117.0,3,0.00,58.0,82.0,82.0,43.0,59.0,1300,56.04,39446178471130
3122.0,0,0.00,56.0,78.0,78.0,43.0,58.0,1278,56.79,74650536005859
3122.0,1,,68.0,80.0,80.0,51.0,68.0,2249,177.04,43195102551330
3122.0,2,0.00,59.0,82.0,82.0,45.0,60.0,1341,55.19,39041234492309
3122.0,3,0.00,58.0,82.0,82.0,44.0,59.0,1309,55.84,39446495644592
3127.0,0,97.51,62.0,62.0,62.0,45.0,62.0,1279,104.08,74651127170532
3128.0,1,0.00,65.0,80.0,80.0,49.0,66.0,2104,133.27,43195859532653
3128.0,2,0.00,59.0,82.0,82.0,45.0,60.0,1354,55.34,39041548272827
3128.0,3,0.00,58.0,82.0,82.0,43.0,59.0,1291,55.81,39446812095825
3133.0,0,,65.0,64.0,64.0,47.0,64.0,1321,199.83,74652262205322
3133.0,1,0.00,63.0,80.0,80.0,48.0,64.0,1892,59.32,43196196461608
3133.0,2,0.00,59.0,82.0,82.0,45.0,60.0,1354,55.20,39041861792907
3134.0,3,0.00,58.0,82.0,82.0,43.0,59.0,1301,55.91,39447129652343
3139.0,0,,67.0,66.0,66.0,49.0,66.0,1461,199.75,74653394787170
3139.0,1,0.00,62.0,80.0,80.0,47.0,63.0,1493,58.64,43196528978515
3139.0,2,0.00,59.0,82.0,82.0,44.0,60.0,1344,55.47,39042176304382
3139.0,3,0.00,58.0,82.0,82.0,43.0,59.0,1301,55.98,39447447070556
3144.0,0,,69.0,68.0,68.0,50.0,68.0,1775,200.03,74654530933166
3145.0,1,0.00,62.0,80.0,80.0,47.0,62.0,1500,58.48,43196861167602
3145.0,2,0.00,59.0,82.0,82.0,45.0,60.0,1352,55.07,39042489112731
3145.0,3,0.00,58.0,82.0,82.0,43.0,59.0,1289,55.54,39447763095092
3150.0,0,100.00,68.0,68.0,68.0,50.0,68.0,2082,199.87,74655666198730
3150.0,1,0.00,61.0,80.0,80.0,46.0,62.0,1459,58.26,43197192065551
3150.0,2,0.00,58.0,82.0,82.0,45.0,60.0,1354,55.17,39042802490783
3151.0,3,0.00,58.0,82.0,82.0,43.0,59.0,1301,55.87,39448079886291
3156.0,0,,69.0,68.0,68.0,51.0,69.0,2263,200.01,74656800268737
3156.0,1,0.00,61.0,80.0,80.0,46.0,62.0,1448,58.16,43197522429260
3156.0,2,0.00,59.0,82.0,82.0,44.0,60.0,1342,55.43,39043117314758
3156.0,3,0.00,58.0,82.0,82.0,43.0,59.0,1299,55.85,39448397091735
3161.0,0,100.00,70.0,70.0,70.0,51.0,69.0,2440,200.49,74657939070312
3162.0,1,0.00,60.0,80.0,80.0,45.0,61.0,1448,57.97,43197851102722
3162.0,2,0.00,58.0,82.0,82.0,44.0,60.0,1353,55.40,39043432005859
3162.0,3,0.00,58.0,82.0,82.0,44.0,59.0,1290,55.65,39448713161499
3167.0,0,100.00,70.0,70.0,70.0,51.0,69.0,2473,199.56,74659072543212
3167.0,1,0.00,60.0,80.0,80.0,45.0,61.0,1427,57.68,43198179329345
3167.0,2,0.00,58.0,82.0,82.0,44.0,60.0,1342,55.08,39043744841003
3168.0,3,0.00,58.0,82.0,82.0,44.0,59.0,1300,55.60,39449028971618
3173.0,0,100.00,69.0,70.0,70.0,51.0,70.0,2495,200.34,74660210496032
3173.0,1,0.00,59.0,80.0,80.0,45.0,60.0,1363,57.88,43198507499023
3173.0,2,0.00,59.0,82.0,82.0,44.0,60.0,1331,55.37,39044059326110
3173.0,3,0.00,58.0,82.0,82.0,44.0,59.0,1300,55.80,39449345905334
3179.0,0,,70.0,70.0,70.0,52.0,70.0,2480,199.68,74661346666381
3179.0,1,0.00,59.0,80.0,80.0,45.0,60.0,1383,57.55,43198834965698
3179.0,2,0.00,58.0,82.0,82.0,44.0,60.0,1352,55.38,39044373860534
3179.0,3,0.00,58.0,82.0,82.0,44.0,60.0,1331,55.80,39449662852539
3184.0,0,100.00,70.0,70.0,70.0,51.0,69.0,2516,199.75,74662479269287
3184.0,1,0.00,59.0,80.0,80.0,44.0,60.0,1375,57.57,43199161367553
3185.0,2,0.00,58.0,82.0,82.0,44.0,60.0,1354,55.00,39044686248474
3185.0,3,0.00,58.0,82.0,82.0,44.0,60.0,1354,55.57,39449978464233
3190.0,0,,70.0,70.0,70.0,51.0,69.0,2760,200.11,74663615884704
3190.0,1,0.00,59.0,80.0,80.0,44.0,59.0,1343,57.63,43199488702209
3190.0,2,0.00,58.0,82.0,82.0,44.0,60.0,1352,55.23,39044999927246
3190.0,3,0.00,58.0,82.0,82.0,44.0,60.0,1352,55.85,39450295707336
3196.0,0,100.00,68.0,76.0,76.0,51.0,68.0,2504,180.20,74664639397766
3196.0,1,0.00,58.0,80.0,80.0,44.0,59.0,1353,57.71,43199816503845
3196.0,2,0.00,58.0,82.0,82.0,44.0,60.0,1353,55.62,39045315280151
3196.0,3,0.00,58.0,82.0,82.0,44.0,60.0,1343,56.01,39450613835021
3201.0,0,99.99,68.0,76.0,76.0,51.0,69.0,2168,179.15,74665656966186
3201.0,1,0.00,58.0,80.0,80.0,44.0,59.0,1353,57.29,43200141900024
3202.0,2,0.00,58.0,82.0,82.0,44.0,59.0,1353,55.41,39045630015258
3202.0,3,0.00,58.0,82.0,82.0,44.0,60.0,1353,56.09,39450931847900
3207.0,0,0.00,64.0,78.0,78.0,48.0,66.0,2134,107.25,74666266129089
3207.0,1,,65.0,66.0,66.0,47.0,64.0,1342,143.86,43200959031677
3207.0,2,0.00,58.0,82.0,82.0,44.0,59.0,1342,55.21,39045943608337
3207.0,3,0.00,58.0,82.0,82.0,44.0,60.0,1353,55.78,39451248674438
3213.0,0,0.00,63.0,78.0,78.0,48.0,65.0,1670,58.46,74666597571105
3213.0,1,,67.0,68.0,68.0,49.0,66.0,1416,200.03,43202095178039
3213.0,2,0.00,58.0,82.0,82.0,44.0,60.0,1310,55.28,39046257594055
3213.0,3,0.00,58.0,82.0,82.0,44.0,60.0,1342,55.74,39451565252807
3218.0,0,0.00,62.0,78.0,78.0,47.0,64.0,1501,58.04,74666927838562
3218.0,1,,68.0,68.0,68.0,50.0,67.0,1732,199.54,43203228592956
3219.0,2,0.00,58.0,82.0,82.0,44.0,60.0,1300,55.24,39046571365234
3219.0,3,0.00,58.0,82.0,82.0,44.0,60.0,1354,55.80,39451882172973
3224.0,0,0.00,62.0,78.0,78.0,47.0,63.0,1491,58.10,74667257265380
3224.0,1,100.00,69.0,70.0,70.0,51.0,69.0,2083,200.65,43204366284545
3224.0,2,0.00,58.0,82.0,82.0,44.0,59.0,1300,55.02,39046883906494
3224.0,3,0.00,58.0,82.0,82.0,44.0,59.0,1343,55.82,39452199213073
3230.0,0,0.00,61.0,78.0,78.0,46.0,63.0,1458,58.03,74667586899047
3230.0,1,,70.0,70.0,70.0,51.0,69.0,2282,199.96,43205502059143
3230.0,2,0.00,58.0,82.0,82.0,44.0,59.0,1300,55.23,39047197635620
3230.0,3,0.00,58.0,82.0,82.0,44.0,59.0,1342,55.72,39452515679260
3235.0,0,0.00,60.0,78.0,78.0,46.0,62.0,1438,58.19,74667917403381
3235.0,1,,70.0,72.0,72.0,51.0,69.0,2441,199.90,43206637498535
3236.0,2,0.00,58.0,82.0,82.0,44.0,60.0,1342,55.26,39047511487731
3236.0,3,0.00,58.0,82.0,82.0,44.0,59.0,1352,55.79,39452832568420
3241.0,0,0.00,60.0,78.0,78.0,46.0,62.0,1426,57.79,74668245638366
3241.0,1,,69.0,72.0,72.0,51.0,69.0,2484,199.43,43207770276855
3241.0,2,0.00,58.0,82.0,82.0,44.0,60.0,1353,55.37,39047825435485
3241.0,3,0.00,58.0,82.0,82.0,44.0,59.0,1323,56.14,39453150865966
3247.0,0,0.00,60.0,78.0,78.0,45.0,62.0,1439,57.79,74668573334533
3247.0,1,,70.0,72.0,72.0,51.0,69.0,2485,200.25,43208907674621
3247.0,2,0.00,58.0,82.0,82.0,44.0,60.0,1344,55.13,39048138592407
3247.0,3,0.00,58.0,82.0,82.0,44.0,59.0,1291,55.55,39453466378356
3252.0,0,0.00,59.0,78.0,78.0,45.0,61.0,1364,57.67,74668900872192
3252.0,1,,69.0,72.0,72.0,51.0,69.0,2486,199.87,43210040909606
3253.0,2,0.00,58.0,82.0,82.0,44.0,60.0,1354,55.22,39048451678588
3253.0,3,0.00,58.0,82.0,82.0,44.0,59.0,1300,55.59,39453782149719
3258.0,0,0.00,59.0,78.0,78.0,45.0,61.0,1385,57.60,74669228060424
3258.0,1,,70.0,72.0,72.0,51.0,69.0,2483,199.61,43211174717468
3258.0,2,0.00,58.0,82.0,82.0,44.0,60.0,1353,55.19,39048765173400
3258.0,3,0.00,58.0,82.0,82.0,44.0,59.0,1300,55.86,39454099426330
3264.0,0,0.00,59.0,78.0,78.0,44.0,61.0,1373,57.51,74669554690490
3264.0,1,,71.0,74.0,74.0,52.0,69.0,2490,200.44,43212315226684
3264.0,2,0.00,58.0,82.0,82.0,44.0,60.0,1340,55.13,39049078856567
3264.0,3,0.00,58.0,82.0,82.0,44.0,59.0,1298,55.85,39454416658325
3269.0,0,0.00,58.0,78.0,78.0,44.0,60.0,1352,57.72,74669882565246
3270.0,1,,68.0,78.0,78.0,51.0,69.0,2482,192.39,43213408001892
3270.0,2,0.00,58.0,82.0,82.0,44.0,60.0,1353,55.19,39049392326049
3270.0,3,0.00,58.0,82.0,82.0,44.0,59.0,1300,55.66,39454732831665
3275.0,0,0.00,58.0,78.0,78.0,44.0,60.0,1365,57.52,74670209280517
3275.0,1,99.99,68.0,80.0,80.0,51.0,68.0,2381,176.97,43214411409240
3275.0,2,0.00,58.0,82.0,82.0,44.0,60.0,1355,55.41,39049706484497
3276.0,3,0.00,58.0,82.0,82.0,44.0,59.0,1302,56.07,39455050773132
3281.0,0,0.00,58.0,78.0,78.0,44.0,60.0,1353,57.20,74670533611083
3281.0,1,,68.0,80.0,80.0,51.0,68.0,2156,176.80,43215415650695
3281.0,2,0.00,58.0,82.0,82.0,44.0,60.0,1342,55.50,39050021697875
3281.0,3,0.00,58.0,82.0,82.0,44.0,59.0,1298,56.16,39455370351257
3286.0,0,0.00,58.0,78.0,78.0,44.0,60.0,1351,57.15,74670858808044
3287.0,1,0.00,64.0,80.0,80.0,48.0,64.0,2089,68.55,43215805012329
3287.0,2,0.00,58.0,82.0,82.0,44.0,59.0,1351,55.15,39050335480590
3287.0,3,0.00,58.0,82.0,82.0,44.0,59.0,1290,55.41,39455685102539
3292.0,0,0.00,58.0,78.0,78.0,44.0,59.0,1301,57.35,74671184578918
3292.0,1,0.00,62.0,80.0,80.0,47.0,63.0,1564,58.94,43216139776306
3292.0,2,0.00,58.0,82.0,82.0,44.0,59.0,1353,55.06,39050648207763
3293.0,3,0.00,58.0,82.0,82.0,44.0,59.0,1300,55.79,39456001972412
3298.0,0,0.00,58.0,78.0,78.0,44.0,59.0,1311,57.27,74671509867675
3298.0,1,92.86,67.0,72.0,72.0,49.0,67.0,1502,107.52,43216750517639
3298.0,2,0.00,58.0,82.0,82.0,44.0,59.0,1344,55.25,39050961472290
3298.0,3,0.00,58.0,82.0,82.0,43.0,59.0,1301,55.81,39456318398803
3303.0,0,0.00,58.0,78.0,78.0,44.0,59.0,1289,57.16,74671834554748
3304.0,1,,68.0,72.0,72.0,50.0,68.0,1743,199.78,43217885243347
3304.0,2,0.00,58.0,82.0,82.0,44.0,59.0,1363,55.45,39051276446655
3304.0,3,0.00,58.0,82.0,82.0,43.0,59.0,1299,55.58,39456634099853
3309.0,0,0.00,57.0,78.0,78.0,44.0,59.0,1311,57.35,74672159739746
3309.0,1,,70.0,74.0,72.0,51.0,69.0,2168,200.46,43219021834411
3309.0,2,0.00,58.0,82.0,82.0,44.0,59.0,1353,55.09,39051589357360
3310.0,3,0.00,58.0,82.0,82.0,43.0,59.0,1300,55.67,39456950288818
3315.0,0,0.00,57.0,78.0,78.0,44.0,59.0,1311,57.21,74672484677856
3315.0,1,,70.0,74.0,74.0,52.0,70.0,2430,199.70,43220158143554
3315.0,2,0.00,58.0,82.0,82.0,44.0,59.0,1300,55.25,39051903166198
3315.0,3,0.00,58.0,82.0,82.0,43.0,59.0,1300,55.83,39457267399475
3320.0,0,0.00,57.0,78.0,78.0,44.0,59.0,1300,56.99,74672808354797
3321.0,1,,70.0,74.0,74.0,52.0,70.0,2590,200.19,43221293197448
3321.0,2,0.00,58.0,82.0,82.0,44.0,60.0,1343,55.43,39052218019042
3321.0,3,0.00,58.0,82.0,82.0,43.0,59.0,1289,55.80,39457584364074
3326.0,0,0.00,57.0,78.0,78.0,43.0,59.0,1310,57.03,74673132263671
3326.0,1,,70.0,74.0,74.0,51.0,69.0,2693,200.08,43222429656677
3326.0,2,0.00,58.0,82.0,82.0,44.0,60.0,1352,55.03,39052530605285
3327.0,3,0.00,58.0,82.0,82.0,43.0,59.0,1300,55.46,39457899399108
3332.0,0,0.00,57.0,78.0,78.0,43.0,58.0,1301,57.13,74673456198730
3332.0,1,,70.0,74.0,74.0,52.0,69.0,2496,199.09,43223560487854
3332.0,2,0.00,58.0,82.0,82.0,44.0,60.0,1344,55.20,39052843566406
3332.0,3,0.00,58.0,82.0,82.0,43.0,59.0,1301,55.92,39458216488952
3338.0,0,0.00,57.0,78.0,78.0,43.0,58.0,1268,57.11,74673780573364
3338.0,1,,70.0,74.0,74.0,52.0,69.0,2653,200.63,43224700058349
3338.0,2,0.00,59.0,82.0,82.0,44.0,60.0,1353,55.40,39053158215148
3338.0,3,0.00,58.0,82.0,82.0,43.0,59.0,1290,55.89,39458533966186
3343.0,0,0.00,57.0,78.0,78.0,43.0,58.0,1247,56.73,74674102807983
3343.0,1,,71.0,74.0,74.0,52.0,70.0,2653,199.66,43225832107482
3343.0,2,0.00,58.0,82.0,82.0,44.0,60.0,1353,55.34,39053472549133
3344.0,3,0.00,58.0,82.0,82.0,43.0,59.0,1300,55.60,39458849778991
3349.0,0,0.00,56.0,78.0,78.0,43.0,58.0,1280,56.88,74674425863342
3349.0,1,,70.0,74.0,74.0,51.0,69.0,2496,199.87,43226967392883
3349.0,2,0.00,59.0,82.0,82.0,45.0,60.0,1343,55.18,39053785415100
3349.0,3,0.00,57.0,82.0,82.0,43.0,59.0,1300,55.94,39459166951232
3355.0,0,0.00,56.0,78.0,78.0,43.0,58.0,1278,57.08,74674750062194
3355.0,1,,70.0,74.0,74.0,51.0,69.0,2650,200.44,43228105874816
3355.0,2,0.00,59.0,82.0,82.0,44.0,60.0,1352,55.36,39054099836791
3355.0,3,0.00,57.0,82.0,82.0,43.0,58.0,1300,55.82,39459484585144
3360.0,0,0.00,56.0,78.0,78.0,43.0,58.0,1258,56.91,74675073286315
3360.0,1,,68.0,76.0,76.0,51.0,69.0,2653,198.69,43229234422912
3361.0,2,0.00,59.0,82.0,82.0,45.0,60.0,1362,55.33,39054414646789
3361.0,3,0.00,58.0,82.0,82.0,43.0,59.0,1299,55.96,39459802426269
3366.0,0,0.00,56.0,78.0,78.0,43.0,58.0,1278,56.86,74675396265869
3366.0,1,,68.0,80.0,80.0,51.0,68.0,2430,177.11,43230240418701
3366.0,2,0.00,59.0,82.0,82.0,44.0,60.0,1343,55.29,39054728128906
3366.0,3,0.00,57.0,82.0,82.0,43.0,59.0,1301,55.88,39460119844665
3372.0,0,0.00,56.0,76.0,76.0,43.0,58.0,1291,56.92,74675719030456
3372.0,1,99.99,67.0,80.0,80.0,51.0,68.0,2189,176.81,43231244680114
3372.0,2,0.00,58.0,82.0,82.0,45.0,60.0,1354,55.34,39055042471252
3372.0,3,0.00,57.0,82.0,82.0,43.0,59.0,1290,56.04,39460437604858
3377.0,0,,62.0,62.0,62.0,46.0,63.0,1259,136.30,74676493199096
3377.0,1,,71.0,76.0,76.0,52.0,69.0,2171,187.02,43232305099609
3378.0,2,0.00,59.0,82.0,82.0,44.0,60.0,1356,55.55,39055356898803
3378.0,3,0.00,57.0,82.0,82.0,43.0,59.0,1304,56.04,39460754816833
3383.0,0,,65.0,64.0,64.0,48.0,65.0,1358,200.03,74677625387878
3383.0,1,,70.0,76.0,76.0,52.0,70.0,2439,200.08,43233435572631
3383.0,2,0.00,59.0,82.0,82.0,45.0,60.0,1347,55.34,39055670136596
3383.0,3,0.00,57.0,82.0,82.0,43.0,59.0,1304,56.01,39461072387756
3389.0,0,,66.0,66.0,66.0,49.0,66.0,1494,199.79,74678756212463
3389.0,1,,71.0,76.0,76.0,52.0,70.0,2755,199.88,43234568882141
3389.0,2,0.00,59.0,82.0,82.0,44.0,60.0,1357,55.22,39055983229187
3389.0,3,0.00,58.0,82.0,82.0,43.0,59.0,1293,55.95,39461389074523
3394.0,0,,67.0,68.0,68.0,50.0,68.0,1833,200.28,74679889807861
3394.0,1,,70.0,76.0,76.0,52.0,70.0,2809,200.27,43235702401611
3395.0,2,0.00,59.0,82.0,82.0,44.0,60.0,1357,55.40,39056296784667
3395.0,3,0.00,58.0,82.0,82.0,43.0,59.0,1304,55.95,39461705750854
3400.0,0,,69.0,68.0,68.0,50.0,69.0,2109,199.69,74681022031127
3400.0,1,,70.0,76.0,76.0,51.0,69.0,2714,200.02,43236834502258
3400.0,2,0.00,59.0,82.0,82.0,44.0,60.0,1346,55.46,39056610680664
3400.0,3,0.00,58.0,82.0,82.0,43.0,59.0,1304,56.12,39462023378295
3406.0,0,,70.0,68.0,68.0,51.0,69.0,2269,199.78,74682152768920
3406.0,1,,71.0,76.0,76.0,52.0,70.0,2512,200.02,43237966607727
3406.0,2,0.00,59.0,82.0,82.0,45.0,60.0,1357,55.37,39056924602783
3406.0,3,0.00,58.0,82.0,82.0,44.0,59.0,1293,55.79,39462339692687
3411.0,0,,70.0,70.0,70.0,51.0,69.0,2436,200.67,74683288540100
3411.0,1,,69.0,76.0,76.0,51.0,69.0,2743,199.38,43239097066894
3412.0,2,0.00,59.0,82.0,82.0,45.0,60.0,1357,55.29,39057237563903
3412.0,3,0.00,58.0,82.0,82.0,44.0,59.0,1304,55.63,39462654583312
3417.0,0,,69.0,70.0,70.0,51.0,69.0,2481,199.45,74684417427734
3417.0,1,,70.0,76.0,76.0,51.0,69.0,2670,200.61,43240232519042
3417.0,2,0.00,59.0,82.0,82.0,45.0,61.0,1345,55.31,39057550644165
3417.0,3,0.00,58.0,82.0,82.0,44.0,59.0,1303,56.11,39462972169128
3423.0,0,,70.0,70.0,70.0,51.0,69.0,2479,200.20,74685552585083
3423.0,1,,70.0,74.0,74.0,51.0,69.0,2565,199.12,43241361548828
3423.0,2,0.00,59.0,82.0,82.0,45.0,60.0,1357,55.32,39057864305175
3423.0,3,0.00,58.0,82.0,82.0,44.0,59.0,1292,55.97,39463289546691
3428.0,0,,71.0,70.0,70.0,52.0,69.0,2489,199.66,74686682648742
3428.0,1,,70.0,76.0,76.0,51.0,69.0,2774,200.31,43242495277404
3429.0,2,0.00,59.0,82.0,82.0,45.0,60.0,1356,55.65,39058179282531
3429.0,3,0.00,58.0,82.0,82.0,44.0,59.0,1336,55.66,39463604556640
3434.0,0,,69.0,70.0,70.0,51.0,69.0,2490,200.18,74687817682495
3434.0,1,,71.0,74.0,74.0,52.0,70.0,2669,200.18,43243630316223
3434.0,2,0.00,59.0,82.0,82.0,45.0,61.0,1344,55.23,39058492434204
3434.0,3,0.00,58.0,82.0,82.0,44.0,59.0,1355,55.82,39463921033996
3440.0,0,,68.0,74.0,74.0,51.0,69.0,2487,196.63,74688932597229
3440.0,1,,68.0,78.0,78.0,51.0,69.0,2540,194.72,43244734401123
3440.0,2,0.00,59.0,82.0,82.0,45.0,61.0,1355,55.34,39058806213806
3440.0,3,0.00,58.0,82.0,82.0,44.0,60.0,1344,55.95,39464238849670
3445.0,0,,67.0,76.0,76.0,50.0,68.0,2402,179.60,74689950914306
3445.0,1,100.00,68.0,80.0,80.0,51.0,68.0,2435,177.24,43245739358154
3446.0,2,0.00,59.0,82.0,82.0,45.0,61.0,1355,55.72,39059122145019
3446.0,3,0.00,58.0,82.0,82.0,44.0,60.0,1345,56.36,39464557838256
3451.0,0,,67.0,76.0,76.0,51.0,69.0,2139,179.20,74690966951049
3451.0,1,100.00,68.0,80.0,82.0,51.0,69.0,2202,177.13,43246743704040
3451.0,2,0.00,59.0,82.0,82.0,45.0,60.0,1345,55.33,39059435879821
3451.0,3,0.00,58.0,82.0,82.0,44.0,60.0,1356,55.98,39464875251831
3457.0,0,0.00,63.0,76.0,76.0,48.0,65.0,2149,83.46,74691440146484
3457.0,1,0.00,64.0,82.0,82.0,48.0,65.0,2097,101.12,43247316036499
3457.0,2,100.00,66.0,66.0,66.0,48.0,65.0,1357,151.51,39060293439819
3457.0,3,,66.0,66.0,64.0,48.0,64.0,1357,179.94,39465893739318
3462.0,0,0.00,62.0,76.0,76.0,47.0,64.0,1623,58.61,74691771295288
3462.0,1,0.00,63.0,82.0,82.0,47.0,64.0,1718,59.20,43247651096862
3463.0,2,100.00,68.0,68.0,68.0,50.0,68.0,1474,199.57,39061422992736
3463.0,3,,69.0,68.0,66.0,50.0,66.0,1612,199.72,39467024161865
3468.0,0,0.00,62.0,76.0,76.0,47.0,64.0,1506,58.02,74692099716308
3468.0,1,0.00,62.0,82.0,82.0,47.0,63.0,1474,58.42,43247981731689
3468.0,2,100.00,70.0,70.0,68.0,51.0,69.0,1888,200.09,39062555502929
3468.0,3,,70.0,70.0,70.0,51.0,68.0,2068,199.86,39468155367431
3474.0,0,0.00,61.0,76.0,76.0,47.0,63.0,1452,57.93,74692428194030
3474.0,1,0.00,62.0,82.0,82.0,46.0,63.0,1504,58.35,43248312592651
3474.0,2,100.00,70.0,70.0,70.0,52.0,70.0,2277,200.05,39063689796508
3474.0,3,,70.0,70.0,70.0,51.0,69.0,2382,200.15,39469290196166
3479.0,0,0.00,61.0,76.0,76.0,46.0,63.0,1441,58.12,74692757166870
3479.0,1,0.00,61.0,82.0,82.0,46.0,62.0,1451,58.40,43248643164611
3480.0,2,,70.0,72.0,72.0,52.0,70.0,2563,200.31,39064823543457
3480.0,3,,71.0,72.0,72.0,52.0,69.0,2701,199.74,39470420748474
3485.0,0,0.00,60.0,76.0,76.0,46.0,62.0,1453,58.21,74693086623718
3485.0,1,0.00,61.0,82.0,82.0,46.0,62.0,1453,58.25,43248972845397
3485.0,2,100.00,71.0,72.0,72.0,52.0,70.0,2780,199.65,39065953537048
3485.0,3,100.00,72.0,72.0,72.0,52.0,69.0,2801,200.24,39471554092041
3491.0,0,0.00,60.0,76.0,76.0,46.0,62.0,1432,57.73,74693413398803
3491.0,1,0.00,60.0,82.0,82.0,46.0,62.0,1442,57.92,43249300694946
3491.0,2,,70.0,72.0,72.0,52.0,70.0,2798,200.26,39067086988769
3491.0,3,,71.0,72.0,72.0,51.0,69.0,2807,200.24,39472687476989
3496.0,0,0.00,60.0,76.0,76.0,46.0,62.0,1419,57.67,74693740401428
3496.0,1,0.00,60.0,82.0,82.0,45.0,61.0,1430,57.93,43249629143798
3497.0,2,100.00,71.0,74.0,74.0,52.0,71.0,2807,199.23,39068216646850
3497.0,3,100.00,71.0,72.0,72.0,51.0,69.0,2999,199.82,39473820460205
3502.0,0,0.00,60.0,76.0,76.0,45.0,62.0,1442,57.78,74694067409606
3502.0,1,0.00,60.0,82.0,82.0,45.0,61.0,1421,58.03,43249957599304
3502.0,2,,71.0,74.0,74.0,52.0,71.0,2798,200.63,39069352208618
3502.0,3,,71.0,72.0,72.0,52.0,69.0,3085,199.99,39474952402526
3508.0,0,0.00,59.0,76.0,76.0,45.0,61.0,1368,57.83,74694394743225
3508.0,1,0.00,60.0,82.0,82.0,45.0,61.0,1421,57.86,43250285101501
3508.0,2,,70.0,74.0,74.0,52.0,70.0,2799,199.85,39070483364868
3508.0,3,,71.0,72.0,72.0,52.0,69.0,3084,200.14,39476085212890
3513.0,0,0.00,59.0,76.0,76.0,45.0,61.0,1377,57.43,74694719820800
3513.0,1,0.00,59.0,82.0,82.0,45.0,60.0,1376,57.67,43250612070983
3513.0,2,,70.0,74.0,74.0,52.0,70.0,2806,199.49,39071614472167
3514.0,3,100.00,71.0,72.0,72.0,51.0,69.0,3091,199.33,39477215436523
3519.0,0,0.00,59.0,76.0,76.0,45.0,61.0,1377,57.57,74695046226501
3519.0,1,0.00,59.0,82.0,82.0,45.0,60.0,1368,57.81,43250939249694
3519.0,2,100.00,69.0,78.0,78.0,52.0,70.0,2809,192.99,39072706778625
3519.0,3,,68.0,76.0,76.0,51.0,69.0,2925,185.63,39478266127868
3525.0,0,0.00,59.0,76.0,76.0,45.0,61.0,1368,57.55,74695371953308
3525.0,1,0.00,59.0,82.0,82.0,45.0,60.0,1379,57.86,43251266761169
3525.0,2,,68.0,80.0,80.0,52.0,70.0,2567,173.74,39073690128479
3525.0,3,,68.0,78.0,78.0,51.0,69.0,2367,175.31,39479258356994
3530.0,0,0.00,59.0,76.0,76.0,45.0,61.0,1357,57.66,74695698282348
3530.0,1,0.00,59.0,82.0,82.0,44.0,60.0,1378,57.96,43251594803039
3530.0,2,,69.0,82.0,82.0,52.0,69.0,2340,174.03,39074675113037
3531.0,3,44.88,66.0,78.0,78.0,49.0,67.0,2285,143.02,39480069294128
3536.0,0,0.00,59.0,76.0,76.0,44.0,60.0,1355,57.26,74696022969116
3536.0,1,0.00,58.0,82.0,82.0,44.0,60.0,1344,57.38,43251920732055
3536.0,2,0.00,65.0,82.0,82.0,49.0,66.0,2265,111.08,39075304922607
3536.0,3,0.00,64.0,78.0,78.0,48.0,65.0,2033,57.62,39480396023437
3542.0,0,0.00,58.0,76.0,76.0,44.0,60.0,1345,57.40,74696348436035
3542.0,1,0.00,58.0,82.0,82.0,44.0,59.0,1355,57.53,43252246374877
3542.0,2,0.00,64.0,82.0,82.0,48.0,65.0,1904,57.03,39075628873474
3542.0,3,0.00,63.0,78.0,78.0,48.0,64.0,1523,57.17,39480720187683
3547.0,0,0.00,58.0,76.0,76.0,44.0,60.0,1355,57.51,74696674494018
3547.0,1,0.00,58.0,82.0,82.0,44.0,59.0,1355,57.57,43252572819702
3547.0,2,0.00,63.0,82.0,82.0,48.0,65.0,1526,56.92,39075951022155
3548.0,3,0.00,69.0,68.0,68.0,49.0,66.0,1525,62.42,39481074085510
3553.0,0,0.00,58.0,76.0,76.0,44.0,60.0,1365,57.15,74696998507202
3553.0,1,0.00,58.0,82.0,82.0,44.0,59.0,1323,57.33,43252897873291
3553.0,2,0.00,63.0,82.0,82.0,48.0,64.0,1512,56.31,39076270858703
3553.0,3,,69.0,72.0,70.0,51.0,69.0,1695,200.46,39482210694335
3559.0,0,0.00,58.0,76.0,76.0,44.0,59.0,1343,57.15,74697323120788
3559.0,1,0.00,58.0,82.0,82.0,44.0,59.0,1312,57.29,43253223261474
3559.0,2,0.00,63.0,82.0,82.0,47.0,64.0,1502,55.91,39076587861083
3559.0,3,,72.0,72.0,72.0,52.0,70.0,2410,200.26,39483346178466
3564.0,0,0.00,58.0,76.0,76.0,44.0,59.0,1302,57.30,74697648012634
3564.0,1,0.00,57.0,82.0,82.0,43.0,58.0,1302,57.56,43253549633789
3565.0,2,0.00,62.0,82.0,82.0,47.0,64.0,1503,55.99,39076905328369
3565.0,3,,71.0,72.0,72.0,52.0,70.0,2954,199.85,39484479302734
3570.0,0,0.00,58.0,76.0,76.0,44.0,59.0,1312,57.46,74697973803710
3570.0,1,0.00,57.0,82.0,82.0,43.0,58.0,1301,57.62,43253876316589
3570.0,2,0.00,62.0,82.0,82.0,47.0,64.0,1490,56.08,39077223883117
3570.0,3,,72.0,74.0,72.0,52.0,70.0,3073,200.09,39485615824951
3576.0,0,0.00,58.0,76.0,76.0,44.0,59.0,1309,57.12,74698298229919
3576.0,1,0.00,57.0,82.0,82.0,43.0,58.0,1309,57.13,43254201375732
3576.0,2,0.00,62.0,82.0,82.0,47.0,63.0,1490,55.98,39077541871459
3576.0,3,,71.0,72.0,72.0,52.0,70.0,3087,199.54,39486749218139
3581.0,0,0.00,58.0,76.0,76.0,44.0,59.0,1291,57.08,74698622427551
3581.0,1,0.00,57.0,82.0,82.0,43.0,58.0,1301,57.34,43254526511108
3582.0,2,0.00,62.0,82.0,82.0,47.0,63.0,1471,55.63,39077857306884
3582.0,3,,71.0,74.0,72.0,52.0,70.0,3087,200.27,39487884762756
3587.0,0,0.00,58.0,76.0,76.0,44.0,59.0,1312,57.14,74698947008056
3587.0,1,0.00,57.0,82.0,82.0,43.0,58.0,1269,57.41,43254852585876
3587.0,2,0.00,62.0,82.0,82.0,47.0,63.0,1438,55.83,39078174440368
3587.0,3,,71.0,74.0,72.0,52.0,70.0,3089,199.95,39489020472167
3593.0,0,0.00,58.0,76.0,76.0,44.0,59.0,1312,57.15,74699271045349
3593.0,1,0.00,57.0,82.0,82.0,43.0,58.0,1281,57.46,43255178369018
3593.0,2,0.00,61.0,82.0,82.0,47.0,63.0,1461,55.81,39078490892639
3593.0,3,,72.0,72.0,72.0,52.0,70.0,3090,199.54,39490151883178
3598.0,0,0.00,58.0,76.0,76.0,44.0,59.0,1290,56.96,74699594005676
3598.0,1,0.00,57.0,82.0,82.0,43.0,58.0,1279,57.24,43255502928222
3599.0,2,0.00,61.0,82.0,82.0,47.0,63.0,1459,55.47,39078805976806
3599.0,3,,70.0,72.0,74.0,51.0,69.0,3086,199.91,39491287372985
3604.0,0,0.00,58.0,76.0,76.0,44.0,59.0,1312,57.21,74699918944213
3604.0,1,0.00,56.0,82.0,82.0,42.0,58.0,1280,57.39,43255828925170
3604.0,2,0.00,62.0,82.0,82.0,47.0,63.0,1439,55.69,39079121727478
3604.0,3,,71.0,74.0,72.0,51.0,69.0,3090,200.08,39492421813476
3610.0,0,0.00,58.0,76.0,76.0,44.0,59.0,1312,57.33,74700243999267
3610.0,1,0.00,56.0,82.0,82.0,42.0,57.0,1280,57.48,43256154835021
3610.0,2,0.00,61.0,82.0,82.0,47.0,63.0,1460,55.67,39079437403198
3610.0,3,,72.0,72.0,72.0,52.0,70.0,3089,200.51,39493558697448
3615.0,0,0.00,57.0,76.0,76.0,44.0,59.0,1292,57.02,74700567327941
3615.0,1,0.00,56.0,82.0,82.0,42.0,57.0,1280,57.17,43256478974487
3616.0,2,0.00,61.0,82.0,82.0,46.0,63.0,1450,55.82,39079753926513
3616.0,3,99.99,68.0,78.0,78.0,51.0,69.0,2930,181.40,39494589025024
3621.0,0,0.00,58.0,76.0,76.0,44.0,59.0,1311,57.23,74700891796386
3621.0,1,0.00,56.0,82.0,82.0,42.0,57.0,1269,57.16,43256803623718
3621.0,2,0.00,61.0,82.0,82.0,46.0,62.0,1448,55.69,39080070228942
3621.0,3,,68.0,78.0,78.0,51.0,69.0,2346,175.69,39495585210998
3627.0,0,0.00,57.0,76.0,76.0,44.0,59.0,1312,57.05,74701215820190
3627.0,1,0.00,56.0,82.0,82.0,42.0,57.0,1271,57.20,43257127967651
3627.0,2,70.66,66.0,68.0,68.0,49.0,66.0,1441,99.62,39080635067443
3627.0,3,89.42,70.0,76.0,76.0,52.0,69.0,2258,181.71,39496613716918
3632.0,0,0.00,57.0,76.0,76.0,44.0,59.0,1294,57.24,74701539792053
3632.0,1,0.00,56.0,82.0,82.0,42.0,57.0,1241,57.41,43257452935729
3633.0,2,100.00,68.0,70.0,70.0,51.0,68.0,1537,199.72,39081765479187
3633.0,3,100.00,72.0,74.0,74.0,52.0,70.0,2650,199.59,39497745389465
3638.0,0,0.00,58.0,76.0,76.0,44.0,59.0,1315,56.96,74701862187316
3638.0,1,0.00,56.0,82.0,82.0,42.0,57.0,1241,57.05,43257775849853
3638.0,2,100.00,70.0,72.0,72.0,52.0,70.0,2026,200.28,39082899045471
3638.0,3,,72.0,74.0,74.0,52.0,70.0,3042,199.80,39498876237365
3644.0,0,0.00,57.0,76.0,76.0,44.0,59.0,1305,57.16,74702185684936
3644.0,1,0.00,56.0,82.0,82.0,42.0,56.0,1262,57.19,43258099527648
3644.0,2,100.00,71.0,72.0,72.0,52.0,71.0,2429,200.31,39084030769958
3644.0,3,,72.0,74.0,74.0,53.0,70.0,3078,200.28,39500007824951
3649.0,0,0.00,57.0,76.0,76.0,44.0,59.0,1294,57.24,74702509066284
3649.0,1,0.00,56.0,82.0,82.0,42.0,57.0,1252,57.47,43258424240234
3650.0,2,,71.0,74.0,74.0,53.0,71.0,2756,199.67,39085160920227
3650.0,3,,73.0,74.0,74.0,52.0,70.0,3085,199.56,39501137312500
3655.0,0,0.00,57.0,76.0,76.0,44.0,59.0,1314,57.26,74702833711730
3655.0,1,0.00,56.0,82.0,82.0,42.0,57.0,1260,57.49,43258750194091
3655.0,2,100.00,71.0,74.0,74.0,52.0,71.0,2796,200.02,39086295053283
3655.0,3,,73.0,74.0,74.0,53.0,70.0,3093,200.02,39502271401000
3661.0,0,0.00,57.0,76.0,76.0,44.0,59.0,1315,57.10,74703156901306
3661.0,1,0.00,56.0,80.0,80.0,42.0,57.0,1262,57.18,43259073860290
3661.0,2,,70.0,74.0,74.0,52.0,70.0,2798,199.49,39087424138488
3661.0,3,,71.0,74.0,74.0,52.0,70.0,3092,200.04,39503403631713
3666.0,0,0.00,57.0,76.0,76.0,44.0,59.0,1292,56.96,74703479859252
3666.0,1,0.00,56.0,80.0,80.0,42.0,57.0,1261,57.15,43259397909973
3667.0,2,,70.0,74.0,74.0,52.0,70.0,2806,200.52,39088561093322
3667.0,3,100.00,72.0,74.0,74.0,52.0,70.0,3081,200.32,39504539449096
3672.0,0,0.00,57.0,76.0,76.0,44.0,59.0,1303,57.09,74703803535583
3672.0,1,0.00,56.0,80.0,80.0,42.0,57.0,1239,57.46,43259723155456
3672.0,2,100.00,70.0,76.0,74.0,52.0,70.0,2798,199.60,39089690818054
3672.0,3,,71.0,74.0,74.0,52.0,70.0,3086,199.42,39505668162414
3678.0,0,0.00,57.0,76.0,76.0,43.0,59.0,1314,57.10,74704126728393
3678.0,1,0.00,56.0,80.0,80.0,43.0,57.0,1282,57.40,43260048593994
3678.0,2,100.00,70.0,74.0,76.0,52.0,70.0,2807,200.19,39090825895874
3678.0,3,,71.0,74.0,74.0,52.0,70.0,3092,199.99,39506802128295
3683.0,0,0.00,57.0,76.0,76.0,43.0,59.0,1293,56.85,74704448516174
3683.0,1,0.00,56.0,80.0,80.0,42.0,57.0,1283,57.13,43260371971557
3684.0,2,,71.0,76.0,76.0,53.0,71.0,2799,200.27,39091959449462
3684.0,3,,71.0,74.0,74.0,52.0,69.0,3085,200.49,39507936882202
3689.0,0,0.00,57.0,76.0,76.0,43.0,59.0,1304,57.13,74704771888244
3689.0,1,0.00,56.0,80.0,80.0,42.0,57.0,1272,57.44,43260697080932
3689.0,2,,70.0,76.0,76.0,52.0,70.0,2808,199.65,39093089459594
3689.0,3,,69.0,74.0,74.0,52.0,70.0,3083,198.90,39509062645874
3695.0,0,0.00,57.0,76.0,76.0,43.0,59.0,1313,57.27,74705096598449
3695.0,1,0.00,56.0,80.0,80.0,42.0,57.0,1281,57.37,43261022343811
3695.0,2,99.99,68.0,80.0,80.0,52.0,70.0,2699,176.10,39094087926330
3695.0,3,,68.0,78.0,78.0,51.0,69.0,2847,174.95,39510054614807
3700.0,0,0.00,57.0,76.0,76.0,43.0,59.0,1292,56.88,74705419086303
3700.0,1,0.00,56.0,80.0,80.0,42.0,57.0,1283,57.09,43261345469482
3701.0,2,,68.0,82.0,82.0,52.0,69.0,2353,173.81,39095071694946
3701.0,3,100.00,68.0,80.0,80.0,51.0,69.0,2376,174.46,39511042057922
3706.0,0,,63.0,62.0,62.0,46.0,63.0,1294,123.25,74706115456481
3706.0,1,0.00,56.0,80.0,80.0,42.0,57.0,1263,57.18,43261669086059
3706.0,2,0.00,65.0,82.0,82.0,49.0,66.0,2269,111.49,39095702712890
3706.0,3,,72.0,76.0,76.0,53.0,70.0,2405,187.97,39512105981689
3712.0,0,100.00,66.0,64.0,64.0,48.0,66.0,1367,199.66,74707247531860
3712.0,1,0.00,56.0,80.0,80.0,42.0,57.0,1282,57.14,43261993097595
3712.0,2,0.00,64.0,82.0,82.0,48.0,65.0,1896,56.76,39096024520690
3712.0,3,,72.0,76.0,76.0,53.0,71.0,2914,199.85,39513239115539
3717.0,0,,67.0,66.0,66.0,49.0,67.0,1569,200.29,74708381145263
3717.0,1,0.00,56.0,80.0,80.0,42.0,57.0,1261,57.36,43262317756286
3718.0,2,0.00,63.0,82.0,82.0,48.0,65.0,1527,56.68,39096345322143
3718.0,3,,71.0,74.0,74.0,52.0,70.0,3267,199.59,39514368820983
3723.0,0,100.00,70.0,68.0,68.0,51.0,69.0,1931,199.37,74709509597473
3723.0,1,0.00,55.0,80.0,80.0,42.0,57.0,1252,56.99,43262640343322
3723.0,2,0.00,63.0,82.0,82.0,48.0,64.0,1495,56.44,39096664783020
3723.0,3,,72.0,74.0,74.0,52.0,70.0,3202,200.16,39515501710021
3729.0,0,,70.0,70.0,68.0,51.0,69.0,2236,200.11,74710642246826
3729.0,1,0.00,56.0,80.0,80.0,42.0,57.0,1261,57.18,43262963968627
3729.0,2,0.00,63.0,82.0,82.0,48.0,64.0,1494,56.17,39096982723205
3729.0,3,,72.0,74.0,74.0,52.0,70.0,3094,200.16,39516634625915
3734.0,0,100.00,70.0,70.0,70.0,51.0,70.0,2428,199.97,74711774058227
3734.0,1,0.00,56.0,80.0,80.0,42.0,57.0,1262,57.26,43263288057250
3735.0,2,0.00,62.0,82.0,82.0,47.0,64.0,1505,56.25,39097301079528
3735.0,3,,72.0,74.0,74.0,52.0,70.0,3081,199.76,39517767267028
3740.0,0,,70.0,70.0,70.0,52.0,69.0,2476,200.50,74712910889160
3740.0,1,0.00,55.0,80.0,80.0,42.0,57.0,1249,57.39,43263613471191
3740.0,2,0.00,62.0,82.0,82.0,47.0,64.0,1483,56.10,39097619179077
3740.0,3,,71.0,74.0,74.0,52.0,70.0,3095,199.79,39518898083068
3746.0,0,,70.0,70.0,70.0,51.0,69.0,2482,199.33,74714039113281
3746.0,1,0.00,55.0,80.0,80.0,42.0,56.0,1262,57.01,43263936156860
3746.0,2,0.00,62.0,82.0,82.0,47.0,63.0,1485,56.13,39097936860534
3746.0,3,,71.0,74.0,74.0,52.0,70.0,3086,200.20,39520031192077
3751.0,0,,71.0,70.0,70.0,52.0,70.0,2747,200.46,74715173694213
3751.0,1,0.00,55.0,80.0,80.0,42.0,56.0,1262,57.03,43264258956848
3751.0,2,0.00,62.0,82.0,82.0,47.0,63.0,1452,55.85,39098252990112
3752.0,3,,71.0,74.0,74.0,52.0,70.0,3083,199.92,39521162758117
3757.0,0,100.00,71.0,70.0,70.0,51.0,70.0,2798,199.58,74716303327087
3757.0,1,0.00,55.0,80.0,80.0,42.0,56.0,1241,57.19,43264582668701
3757.0,2,0.00,62.0,82.0,82.0,47.0,63.0,1443,55.82,39098568938781
3757.0,3,100.00,71.0,74.0,74.0,52.0,70.0,3087,199.55,39522292211181
3763.0,0,,70.0,70.0,70.0,51.0,69.0,2628,200.11,74717435972656
3763.0,1,0.00,55.0,80.0,80.0,42.0,56.0,1260,57.30,43264907568176
3763.0,2,0.00,62.0,82.0,82.0,47.0,63.0,1451,55.78,39098885211120
3763.0,3,,72.0,74.0,74.0,52.0,70.0,3093,200.56,39523427382446
3768.0,0,,68.0,72.0,72.0,51.0,70.0,2767,198.85,74718563433898
3768.0,1,0.00,55.0,80.0,80.0,42.0,56.0,1263,56.89,43265229007568
3768.0,2,0.00,61.0,82.0,82.0,47.0,63.0,1454,56.08,39099202056335
3769.0,3,,69.0,78.0,78.0,51.0,69.0,3084,191.76,39524514647399
3774.0,0,,68.0,76.0,76.0,51.0,69.0,2489,179.61,74719580022644
3774.0,1,0.00,55.0,80.0,80.0,42.0,56.0,1239,57.03,43265552373291
3774.0,2,0.00,61.0,82.0,82.0,46.0,62.0,1450,55.83,39099518611145
3774.0,3,,68.0,80.0,80.0,51.0,69.0,2647,174.78,39525503922790
3780.0,0,,68.0,78.0,76.0,51.0,69.0,2193,179.20,74720596075500
3780.0,1,0.00,55.0,80.0,80.0,42.0,56.0,1261,57.08,43265876040527
3780.0,2,0.00,61.0,82.0,82.0,46.0,62.0,1451,55.82,39099835095703
3780.0,3,100.00,69.0,80.0,80.0,51.0,69.0,2318,174.62,39526494020690
3785.0,0,11.41,65.0,78.0,78.0,49.0,67.0,2103,145.05,74721419974792
3785.0,1,0.00,55.0,80.0,80.0,41.0,56.0,1258,56.93,43266199421508
3785.0,2,0.00,61.0,82.0,82.0,46.0,62.0,1437,55.92,39100152714538
3786.0,3,0.00,65.0,80.0,80.0,49.0,66.0,2295,73.63,39526912251586
3791.0,0,0.00,64.0,78.0,78.0,48.0,65.0,1872,58.74,74721753032287
3791.0,1,0.00,55.0,80.0,80.0,41.0,56.0,1206,57.19,43266523672851
3791.0,2,0.00,60.0,82.0,82.0,46.0,62.0,1415,55.26,39100466611083
3791.0,3,0.00,64.0,80.0,80.0,48.0,65.0,1868,57.29,39527237631469
3797.0,0,0.00,63.0,78.0,78.0,48.0,64.0,1499,58.35,74722084464843
3797.0,1,0.00,55.0,80.0,80.0,42.0,56.0,1204,57.17,43266848995605
3797.0,2,0.00,60.0,82.0,82.0,46.0,61.0,1429,55.05,39100779269958
3797.0,3,0.00,63.0,80.0,80.0,48.0,64.0,1493,57.18,39527561815002
3802.0,0,0.00,62.0,78.0,78.0,47.0,64.0,1514,58.26,74722414780578
3802.0,1,0.00,55.0,80.0,80.0,41.0,56.0,1207,57.33,43267173503540
3803.0,2,0.00,60.0,82.0,82.0,46.0,61.0,1408,55.56,39101093745239
3803.0,3,,71.0,72.0,72.0,51.0,68.0,1662,173.89,39528549532043
3808.0,0,0.00,61.0,78.0,78.0,47.0,64.0,1471,57.92,74722743785583
3808.0,1,0.00,55.0,80.0,80.0,41.0,56.0,1195,56.81,43267496172119
3808.0,2,0.00,60.0,82.0,82.0,46.0,61.0,1353,55.43,39101408566101
3808.0,3,,71.0,72.0,72.0,52.0,70.0,2315,200.32,39529685324279
3814.0,0,0.00,61.0,78.0,78.0,47.0,63.0,1449,58.15,74723073522155
3814.0,1,0.00,55.0,80.0,80.0,41.0,56.0,1216,57.18,43267820382019
3814.0,2,0.00,60.0,82.0,82.0,45.0,61.0,1364,55.13,39101721711425
3814.0,3,,72.0,74.0,74.0,52.0,70.0,2907,199.84,39530820407836
3819.0,0,0.00,61.0,78.0,78.0,46.0,63.0,1459,58.08,74723403394958
3819.0,1,0.00,55.0,80.0,80.0,41.0,56.0,1185,57.17,43268145081848
3820.0,2,0.00,60.0,82.0,82.0,45.0,61.0,1365,55.45,39102036095825
3820.0,3,,71.0,72.0,72.0,52.0,70.0,3078,199.67,39531952548645
3825.0,0,0.00,61.0,78.0,78.0,46.0,63.0,1449,58.27,74723733808349
3825.0,1,0.00,55.0,80.0,80.0,41.0,56.0,1185,57.40,43268470520202
3825.0,2,0.00,60.0,82.0,82.0,46.0,61.0,1363,55.53,39102351478820
3825.0,3,,72.0,74.0,74.0,52.0,70.0,3084,200.44,39533091027465
3831.0,0,0.00,60.0,78.0,78.0,46.0,62.0,1437,57.87,74724062525451
3831.0,1,0.00,55.0,80.0,80.0,41.0,56.0,1183,56.93,43268794469238
3831.0,2,0.00,60.0,82.0,82.0,46.0,61.0,1364,55.44,39102666380737
3831.0,3,,71.0,72.0,74.0,52.0,69.0,3087,199.55,39534224474487
3836.0,0,0.00,60.0,78.0,78.0,46.0,62.0,1416,57.81,74724390901000
3836.0,1,0.00,55.0,80.0,80.0,41.0,56.0,1184,57.00,43269118227966
3837.0,2,0.00,60.0,82.0,82.0,45.0,61.0,1384,55.29,39102980400268
3837.0,3,100.00,72.0,74.0,74.0,52.0,70.0,3084,199.90,39535359904541
3842.0,0,0.00,60.0,78.0,78.0,46.0,62.0,1427,57.83,74724719353271
3842.0,1,0.00,55.0,80.0,80.0,41.0,56.0,1205,57.24,43269442780273
3842.0,2,0.00,60.0,82.0,82.0,45.0,61.0,1353,55.45,39103295351257
3842.0,3,,71.0,74.0,74.0,52.0,69.0,3088,199.79,39536494707031
3848.0,0,0.00,60.0,78.0,78.0,45.0,62.0,1438,57.61,74725046603698
3848.0,1,0.00,55.0,80.0,80.0,41.0,56.0,1206,56.87,43269765814270
3848.0,2,0.00,60.0,82.0,82.0,45.0,61.0,1364,55.42,39103609599243
3848.0,3,,71.0,74.0,74.0,52.0,69.0,3087,200.10,39537629250488
3853.0,0,0.00,60.0,78.0,78.0,45.0,62.0,1374,57.64,74725373983764
3853.0,1,0.00,55.0,80.0,80.0,41.0,56.0,1204,56.88,43270088919982
3854.0,2,0.00,60.0,82.0,82.0,45.0,61.0,1373,55.20,39103923139404
3854.0,3,,72.0,74.0,74.0,52.0,70.0,3086,199.96,39538765043334
3859.0,0,0.00,59.0,78.0,78.0,45.0,61.0,1375,57.81,74725701765136
3859.0,1,0.00,55.0,80.0,80.0,41.0,56.0,1206,57.27,43270413632141
3859.0,2,0.00,60.0,82.0,82.0,45.0,61.0,1375,55.34,39104237473449
3859.0,3,,72.0,74.0,74.0,52.0,69.0,3087,200.42,39539903408447
3865.0,0,0.00,59.0,78.0,78.0,45.0,61.0,1385,57.82,74726030168640
3865.0,1,0.00,55.0,80.0,80.0,41.0,56.0,1205,57.20,43270738501464
3865.0,2,0.00,60.0,82.0,82.0,46.0,61.0,1375,55.49,39104552077209
3865.0,3,,68.0,78.0,78.0,51.0,68.0,3003,186.78,39540962423828
3870.0,0,0.00,59.0,78.0,78.0,45.0,61.0,1364,57.33,74726355824462
3870.0,1,0.00,55.0,80.0,80.0,41.0,56.0,1206,56.69,43271060507446
3871.0,2,0.00,60.0,82.0,82.0,45.0,61.0,1363,55.58,39104867764465
3871.0,3,,68.0,78.0,78.0,51.0,68.0,2376,175.16,39541959073730
3876.0,0,13.21,64.0,64.0,62.0,47.0,63.0,1364,67.51,74726739270080
3876.0,1,0.00,55.0,80.0,80.0,41.0,56.0,1217,56.92,43271383218444
3876.0,2,0.00,60.0,82.0,82.0,45.0,61.0,1377,55.46,39105182209838
3876.0,3,86.24,72.0,76.0,76.0,52.0,70.0,2289,175.24,39542950948425
3882.0,0,,67.0,66.0,66.0,49.0,66.0,1389,200.46,74727871860900
3882.0,1,0.00,55.0,80.0,80.0,41.0,56.0,1198,57.14,43271706616882
3882.0,2,0.00,59.0,82.0,82.0,45.0,61.0,1369,55.29,39105495175598
3882.0,3,,72.0,74.0,76.0,53.0,70.0,2546,199.89,39544082309692
3887.0,0,,68.0,68.0,68.0,50.0,68.0,1686,199.96,74729003618835
3887.0,1,0.00,55.0,80.0,80.0,41.0,56.0,1209,57.19,43272030289855
3888.0,2,0.00,59.0,82.0,82.0,45.0,61.0,1368,55.48,39105809175048
3888.0,3,,72.0,74.0,74.0,52.0,70.0,3031,200.11,39545214960083
3893.0,0,,70.0,70.0,68.0,51.0,69.0,2109,199.87,74730134896179
3893.0,1,0.00,54.0,80.0,80.0,41.0,55.0,1208,56.82,43272351866882
3893.0,2,0.00,59.0,82.0,82.0,45.0,61.0,1356,55.27,39106122577636
3893.0,3,,72.0,74.0,74.0,52.0,70.0,3082,200.10,39546347550842
3899.0,0,,70.0,70.0,70.0,52.0,70.0,2364,199.53,74731266215881
3899.0,1,0.00,54.0,80.0,80.0,41.0,56.0,1198,56.97,43272674899353
3899.0,2,0.00,59.0,82.0,82.0,45.0,61.0,1379,55.34,39106435825622
3899.0,3,,72.0,74.0,74.0,52.0,70.0,3086,199.95,39547479258666
3904.0,0,,70.0,70.0,70.0,51.0,69.0,2460,200.33,74732400065429
3904.0,1,0.00,55.0,80.0,80.0,41.0,56.0,1208,57.19,43272998591247
3905.0,2,0.00,59.0,82.0,82.0,45.0,61.0,1367,55.42,39106749509765
3905.0,3,,71.0,74.0,74.0,52.0,70.0,3094,199.55,39548610720397
3910.0,0,,70.0,70.0,70.0,52.0,70.0,2680,200.32,74733533882507
3910.0,1,0.00,55.0,80.0,80.0,41.0,56.0,1198,56.91,43273320683166
3910.0,2,0.00,60.0,82.0,82.0,45.0,61.0,1357,55.58,39107064115173
3910.0,3,,72.0,74.0,74.0,52.0,70.0,3084,199.68,39549740908874
3916.0,0,,71.0,70.0,70.0,51.0,70.0,2798,200.07,74734666265014
3916.0,1,0.00,54.0,80.0,80.0,41.0,56.0,1209,56.89,43273643233215
3916.0,2,0.00,59.0,82.0,82.0,45.0,61.0,1375,55.26,39107377459167
3916.0,3,,72.0,74.0,74.0,52.0,70.0,3090,200.17,39550875862548
3921.0,0,,70.0,70.0,70.0,52.0,70.0,2805,199.35,74735798587707
3921.0,1,0.00,54.0,80.0,80.0,41.0,56.0,1207,57.07,43273966232788
3922.0,2,0.00,60.0,82.0,82.0,45.0,61.0,1369,55.22,39107689986389
3922.0,3,,71.0,74.0,74.0,52.0,70.0,3087,199.77,39552006556213
3927.0,0,,70.0,70.0,70.0,51.0,69.0,2780,199.95,74736928286865
3927.0,1,0.00,55.0,80.0,80.0,41.0,56.0,1199,56.93,43274288462341
3927.0,2,0.00,60.0,82.0,82.0,45.0,61.0,1369,55.47,39108003920471
3927.0,3,,71.0,74.0,74.0,52.0,69.0,3086,200.48,39553139243774
3933.0,0,,70.0,70.0,72.0,51.0,69.0,2661,200.12,74738060989257
3933.0,1,0.00,55.0,80.0,80.0,41.0,56.0,1209,56.81,43274610003845
3933.0,2,0.00,59.0,82.0,82.0,45.0,60.0,1367,55.57,39108318427246
3933.0,3,,70.0,74.0,74.0,52.0,69.0,3085,199.83,39554272307128
3938.0,0,,70.0,70.0,70.0,51.0,70.0,2800,199.81,74739191894226
3938.0,1,0.00,54.0,80.0,80.0,41.0,56.0,1209,56.84,43274931704895
3939.0,2,0.00,59.0,82.0,82.0,45.0,61.0,1378,55.20,39108630876220
3939.0,3,,71.0,74.0,74.0,52.0,70.0,3084,199.69,39555402574707
3944.0,0,,67.0,76.0,76.0,51.0,69.0,2704,187.71,74740254359619
3944.0,1,0.00,54.0,80.0,80.0,41.0,56.0,1199,56.94,43275253984619
3944.0,2,0.00,59.0,82.0,82.0,45.0,61.0,1358,55.45,39108944700256
3944.0,3,99.99,68.0,78.0,78.0,51.0,69.0,2936,179.57,39556418947082
3950.0,0,100.00,68.0,76.0,76.0,51.0,68.0,2289,179.65,74741271158508
3950.0,1,0.00,54.0,80.0,80.0,41.0,56.0,1209,57.03,43275576778381
3950.0,2,0.00,59.0,82.0,82.0,45.0,61.0,1367,55.69,39109259897644
3950.0,3,100.00,68.0,80.0,80.0,51.0,69.0,2352,175.65,39557413142272
3955.0,0,29.64,65.0,78.0,78.0,49.0,67.0,2118,151.51,74742130197875
3955.0,1,60.90,60.0,62.0,62.0,44.0,59.0,1218,92.01,43276098499938
3956.0,2,53.02,64.0,66.0,66.0,48.0,64.0,1388,92.03,39109781682067
3956.0,3,39.61,66.0,80.0,80.0,49.0,67.0,2278,140.44,39558209411437
3961.0,0,0.00,63.0,78.0,78.0,48.0,65.0,1940,58.83,74742463169494
3961.0,1,,63.0,64.0,62.0,46.0,62.0,1241,199.96,43277230297424
3961.0,2,100.00,67.0,68.0,68.0,50.0,67.0,1411,199.68,39110911857666
3961.0,3,0.00,64.0,80.0,80.0,48.0,65.0,2037,57.76,39558535731750
3967.0,0,0.00,63.0,78.0,78.0,47.0,64.0,1528,58.42,74742793813598
3967.0,1,,65.0,64.0,64.0,48.0,64.0,1358,199.62,43278360151794
3967.0,2,100.00,68.0,68.0,70.0,50.0,68.0,1698,200.46,39112044434753
3967.0,3,0.00,64.0,80.0,80.0,48.0,65.0,1526,57.16,39558859850097
3972.0,0,0.00,62.0,78.0,78.0,47.0,64.0,1473,58.47,74743124733520
3972.0,1,,67.0,66.0,66.0,49.0,66.0,1483,200.31,43279493929382
3973.0,2,,69.0,70.0,70.0,51.0,69.0,2108,199.78,39113177185913
3973.0,3,0.00,63.0,80.0,80.0,48.0,64.0,1516,57.37,39559184574707
3978.0,0,0.00,61.0,78.0,78.0,47.0,63.0,1507,57.91,74743452485839
3978.0,1,,68.0,68.0,68.0,50.0,67.0,1740,199.63,43280623844848
3978.0,2,,70.0,72.0,72.0,52.0,70.0,2395,200.12,39114309853576
3978.0,3,0.00,63.0,80.0,80.0,47.0,64.0,1526,56.90,39559506614196
3984.0,0,0.00,61.0,78.0,78.0,46.0,63.0,1450,58.07,74743781764404
3984.0,1,,68.0,70.0,70.0,50.0,68.0,1990,200.55,43281758957580
3984.0,2,100.00,70.0,72.0,72.0,52.0,70.0,2595,199.85,39115442982849
3984.0,3,0.00,63.0,80.0,80.0,47.0,64.0,1484,56.95,39559828965698
3989.0,0,0.00,61.0,78.0,78.0,46.0,63.0,1450,58.21,74744111205810
3989.0,1,,70.0,70.0,70.0,51.0,68.0,2202,199.29,43282888907775
3990.0,2,,70.0,74.0,74.0,52.0,70.0,2785,199.86,39116574214294
3990.0,3,0.00,62.0,80.0,80.0,47.0,64.0,1493,57.05,39560152437194
3995.0,0,0.00,60.0,78.0,78.0,46.0,62.0,1430,58.09,74744440569702
3995.0,1,,70.0,70.0,70.0,51.0,69.0,2287,200.74,43284027127929
3995.0,2,,70.0,74.0,74.0,52.0,70.0,2795,199.96,39117707976440
3995.0,3,0.00,62.0,80.0,80.0,47.0,63.0,1494,56.99,39560475590820
4001.0,0,0.00,60.0,78.0,78.0,46.0,62.0,1421,57.80,74744767742614
4001.0,1,,70.0,70.0,72.0,51.0,69.0,2300,199.22,43285156722106
4001.0,2,100.00,71.0,74.0,74.0,53.0,71.0,2809,200.36,39118842025878
4001.0,3,0.00,62.0,80.0,80.0,47.0,63.0,1451,56.57,39560796352905
4006.0,0,0.00,60.0,78.0,78.0,45.0,61.0,1429,57.75,74745095179687
4006.0,1,,69.0,72.0,72.0,51.0,69.0,2447,199.99,43286288646972
4007.0,2,,72.0,74.0,74.0,53.0,71.0,2806,199.52,39119973284667
4007.0,3,0.00,62.0,80.0,80.0,47.0,63.0,1451,56.79,39561117772155
4012.0,0,0.00,59.0,78.0,78.0,45.0,61.0,1377,57.65,74745421452941
4012.0,1,,69.0,72.0,72.0,51.0,68.0,2479,200.32,43287422462707
4012.0,2,,70.0,76.0,76.0,53.0,71.0,2839,199.46,39121104224609
4012.0,3,0.00,62.0,80.0,80.0,47.0,63.0,1452,56.96,39561440172241
4018.0,0,0.00,59.0,78.0,78.0,45.0,61.0,1368,57.35,74745746621337
4018.0,1,,70.0,72.0,72.0,51.0,69.0,2488,199.81,43288555407348
4018.0,2,,71.0,76.0,76.0,53.0,71.0,3054,200.79,39122242731750
4018.0,3,0.00,62.0,80.0,80.0,47.0,63.0,1438,56.71,39561762285278
4023.0,0,0.00,59.0,78.0,78.0,45.0,61.0,1384,57.36,74746072445190
4023.0,1,,67.0,78.0,78.0,50.0,68.0,2348,177.71,43289564790954
4024.0,2,99.99,69.0,80.0,80.0,52.0,70.0,2893,177.43,39123248774597
4024.0,3,0.00,62.0,80.0,80.0,46.0,63.0,1452,56.37,39562081927368
4029.0,0,0.00,59.0,78.0,78.0,45.0,60.0,1357,57.53,74746398078857
4029.0,1,,67.0,78.0,80.0,50.0,68.0,2141,176.66,43290564671569
4029.0,2,100.00,69.0,82.0,82.0,52.0,70.0,2405,173.95,39124233325988
4029.0,3,0.00,61.0,80.0,80.0,46.0,62.0,1451,56.68,39562402738403
4035.0,0,0.00,58.0,78.0,78.0,44.0,60.0,1332,57.54,74746724910339
4035.0,1,0.00,64.0,80.0,80.0,48.0,65.0,2070,126.48,43291283071533
4035.0,2,80.70,67.0,82.0,82.0,51.0,68.0,2301,157.23,39125126417236
4035.0,3,0.00,61.0,80.0,80.0,46.0,62.0,1446,56.67,39562725194824
4040.0,0,0.00,58.0,78.0,78.0,44.0,60.0,1352,57.56,74747051838623
4040.0,1,0.00,63.0,80.0,80.0,47.0,64.0,1564,58.85,43291617326293
4041.0,2,0.00,65.0,82.0,82.0,49.0,66.0,2230,57.49,39125452938964
4041.0,3,0.00,61.0,80.0,80.0,46.0,62.0,1438,56.91,39563047888061
4046.0,0,0.00,58.0,78.0,78.0,44.0,60.0,1366,57.39,74747377233032
4046.0,1,0.00,62.0,80.0,80.0,47.0,63.0,1493,58.64,43291949787353
4046.0,2,0.00,64.0,82.0,82.0,48.0,65.0,1726,56.72,39125774514465
4046.0,3,0.00,61.0,80.0,80.0,46.0,62.0,1419,56.45,39563367975708
4052.0,0,0.00,58.0,78.0,78.0,44.0,59.0,1354,57.40,74747702681091
4052.0,1,0.00,61.0,80.0,80.0,46.0,62.0,1492,58.23,43292279942749
4052.0,2,56.87,68.0,74.0,74.0,51.0,68.0,1524,95.19,39126314265380
4052.0,3,0.00,61.0,80.0,80.0,46.0,62.0,1417,56.29,39563687696105
4057.0,0,0.00,58.0,78.0,78.0,44.0,59.0,1321,57.50,74748029264404
4057.0,1,0.00,61.0,80.0,80.0,46.0,61.0,1458,58.17,43292610341186
4058.0,2,,70.0,74.0,74.0,52.0,70.0,1860,199.91,39127449781494
4058.0,3,0.00,60.0,80.0,80.0,45.0,61.0,1426,56.46,39564008364196
4063.0,0,0.00,58.0,78.0,78.0,44.0,59.0,1300,57.06,74748353351013
4063.0,1,0.00,60.0,80.0,80.0,45.0,61.0,1427,57.78,43292938507385
4063.0,2,,72.0,74.0,74.0,53.0,71.0,2368,199.51,39128583000000
4063.0,3,0.00,60.0,80.0,80.0,45.0,61.0,1427,56.17,39564326871765
4069.0,0,0.00,58.0,78.0,78.0,44.0,59.0,1311,57.20,74748678223815
4069.0,1,0.00,60.0,80.0,80.0,45.0,61.0,1427,57.74,43293266481628
4069.0,2,,71.0,76.0,76.0,53.0,71.0,2781,199.89,39129718356750
4069.0,3,0.00,60.0,80.0,80.0,45.0,61.0,1416,56.27,39564646492004
4074.0,0,0.00,57.0,78.0,78.0,44.0,59.0,1290,57.41,74749003746765
4074.0,1,0.00,60.0,80.0,80.0,45.0,61.0,1385,57.83,43293594955017
4075.0,2,,71.0,76.0,76.0,52.0,71.0,3043,200.44,39130856834167
4075.0,3,0.00,60.0,80.0,80.0,45.0,61.0,1363,56.33,39564966437377
4080.0,0,0.00,57.0,78.0,78.0,44.0,59.0,1311,56.99,74749327424865
4080.0,1,0.00,59.0,80.0,80.0,45.0,60.0,1363,57.59,43293922073364
4080.0,2,,70.0,76.0,76.0,52.0,70.0,2874,199.65,39131990863037
4080.0,3,0.00,60.0,80.0,80.0,45.0,61.0,1374,56.39,39565286715759
4086.0,0,0.00,57.0,78.0,78.0,43.0,59.0,1309,56.92,74749651322937
4086.0,1,0.00,59.0,80.0,80.0,45.0,60.0,1383,57.57,43294249089172
4086.0,2,,70.0,76.0,76.0,52.0,70.0,2808,199.93,39133126475280
4086.0,3,0.00,60.0,80.0,80.0,45.0,61.0,1395,56.07,39565605171936
4091.0,0,0.00,57.0,78.0,78.0,43.0,59.0,1300,57.23,74749975791381
4092.0,1,0.00,59.0,80.0,80.0,45.0,60.0,1374,57.70,43294576829223
4092.0,2,,70.0,76.0,76.0,52.0,71.0,2801,199.86,39134261669738
4092.0,3,0.00,60.0,80.0,80.0,45.0,61.0,1374,56.12,39565923927124
4097.0,0,0.00,57.0,78.0,78.0,44.0,59.0,1300,57.03,74750299698852
4097.0,1,0.00,59.0,80.0,80.0,44.0,60.0,1385,57.75,43294904252319
4097.0,2,,71.0,76.0,76.0,53.0,71.0,2801,200.56,39135400845703
4098.0,3,0.00,60.0,80.0,80.0,45.0,61.0,1374,56.35,39566244019775
4103.0,0,0.00,57.0,78.0,78.0,43.0,58.0,1290,56.83,74750622490722
4103.0,1,0.00,59.0,80.0,80.0,44.0,60.0,1343,57.48,43295230750244
4103.0,2,,71.0,76.0,76.0,53.0,71.0,2801,199.89,39136534238891
4103.0,3,0.00,60.0,80.0,80.0,45.0,61.0,1363,55.97,39566561917785
4108.0,0,0.00,57.0,78.0,78.0,43.0,59.0,1290,56.90,74750945665771
4109.0,1,0.00,58.0,80.0,80.0,44.0,59.0,1354,57.51,43295557425537
4109.0,2,,71.0,76.0,76.0,53.0,71.0,2802,199.59,39137667893371
4109.0,3,0.00,60.0,80.0,80.0,45.0,61.0,1375,56.07,39566879817932
4114.0,0,0.00,57.0,78.0,78.0,43.0,58.0,1280,57.16,74751269762512
4114.0,1,0.00,58.0,80.0,80.0,44.0,59.0,1364,57.79,43295885122375
4114.0,2,,71.0,78.0,76.0,53.0,71.0,2938,200.32,39138805708374
4115.0,3,0.00,60.0,80.0,80.0,45.0,61.0,1374,56.37,39567200008728
4120.0,0,0.00,57.0,78.0,78.0,43.0,58.0,1289,56.91,74751593025390
4120.0,1,0.00,58.0,80.0,80.0,44.0,59.0,1343,57.41,43296211230590
4120.0,2,,68.0,82.0,82.0,52.0,70.0,2803,177.13,39139810023193
4120.0,3,0.00,60.0,80.0,80.0,45.0,61.0,1366,56.44,39567520020935
4125.0,0,0.00,57.0,78.0,78.0,43.0,58.0,1271,57.00,74751916198120
4126.0,1,0.00,58.0,80.0,80.0,44.0,59.0,1355,57.55,43296537514343
4126.0,2,,68.0,82.0,82.0,52.0,70.0,2380,173.82,39140795588745
4126.0,3,0.00,60.0,80.0,80.0,45.0,61.0,1363,56.13,39567838818664
4131.0,0,,63.0,62.0,62.0,46.0,63.0,1290,118.25,74752586662353
4131.0,1,,64.0,66.0,66.0,46.0,63.0,1343,122.97,43297235970458
4131.0,2,,71.0,78.0,78.0,53.0,71.0,2326,183.29,39141836697387
4132.0,3,100.00,66.0,66.0,66.0,48.0,65.0,1386,129.15,39568571121643
4137.0,0,,64.0,64.0,64.0,48.0,64.0,1354,199.47,74753719655151
4137.0,1,,66.0,68.0,68.0,49.0,65.0,1397,199.98,43298369835327
4137.0,2,,71.0,78.0,78.0,53.0,71.0,2635,200.11,39142971344421
4137.0,3,100.00,68.0,68.0,68.0,50.0,67.0,1576,199.94,39569704767761
4142.0,0,,67.0,66.0,66.0,49.0,67.0,1481,200.30,74754855336303
4143.0,1,,68.0,68.0,68.0,50.0,67.0,1660,199.92,43299503380737
4143.0,2,,70.0,78.0,78.0,52.0,71.0,2928,199.68,39144105518371
4143.0,3,,69.0,70.0,70.0,51.0,68.0,2136,199.62,39570838589904
4148.0,0,,69.0,68.0,68.0,50.0,68.0,1874,199.38,74755985843505
4148.0,1,,68.0,70.0,70.0,50.0,68.0,2032,200.00,43300639370056
4148.0,2,,72.0,78.0,78.0,53.0,71.0,3069,199.87,39145238758789
4149.0,3,,71.0,72.0,72.0,52.0,69.0,2540,200.39,39571974792175
4154.0,0,,69.0,68.0,68.0,50.0,69.0,2168,199.96,74757121628295
4154.0,1,,69.0,70.0,72.0,51.0,68.0,2252,199.85,43301772524963
4154.0,2,,71.0,78.0,78.0,53.0,71.0,2981,200.26,39146374223266
4154.0,3,,71.0,72.0,72.0,51.0,69.0,2790,199.97,39573110609619
4159.0,0,,69.0,70.0,70.0,51.0,69.0,2345,199.99,74758257585632
4160.0,1,,69.0,72.0,72.0,51.0,68.0,2367,199.95,43302908212707
4160.0,2,,72.0,78.0,78.0,53.0,71.0,2917,199.77,39147508906066
4160.0,3,,70.0,72.0,72.0,51.0,69.0,3035,200.09,39574245144409
4165.0,0,,70.0,70.0,70.0,51.0,69.0,2465,200.59,74759394914550
4165.0,1,,70.0,72.0,72.0,51.0,69.0,2475,200.32,43304044023071
4165.0,2,,71.0,76.0,78.0,52.0,71.0,3067,200.06,39148645227294
4166.0,3,,72.0,72.0,72.0,52.0,70.0,3087,199.67,39575379269958
4171.0,0,,69.0,70.0,70.0,51.0,69.0,2486,199.82,74760527889648
4171.0,1,,69.0,72.0,72.0,51.0,69.0,2485,199.46,43305176935363
4171.0,2,,72.0,78.0,78.0,53.0,71.0,3078,199.62,39149777097290
4171.0,3,,71.0,72.0,72.0,51.0,69.0,3089,199.94,39576512922241
4177.0,0,,70.0,70.0,70.0,51.0,70.0,2559,200.02,74761664025634
4177.0,1,,70.0,74.0,74.0,51.0,69.0,2486,200.46,43306313517517
4177.0,2,,71.0,78.0,78.0,53.0,71.0,3088,200.85,39150915916381
4177.0,3,,72.0,72.0,72.0,52.0,70.0,3088,199.92,39577648468261
4182.0,0,,71.0,70.0,70.0,52.0,70.0,2782,199.59,74762795692993
4182.0,1,,69.0,74.0,74.0,51.0,69.0,2486,199.41,43307446172180
4182.0,2,,71.0,78.0,78.0,53.0,71.0,3047,199.50,39152049096130
4183.0,3,,71.0,72.0,72.0,52.0,70.0,3089,200.41,39578784787170
4188.0,0,,70.0,70.0,70.0,51.0,69.0,2624,200.05,74763931967834
4188.0,1,,69.0,74.0,74.0,51.0,69.0,2486,200.01,43308580234375
4188.0,2,,72.0,78.0,78.0,53.0,71.0,2950,199.52,39153180366149
4188.0,3,,71.0,72.0,72.0,52.0,69.0,3088,199.52,39579916045104
4194.0,0,,68.0,72.0,72.0,51.0,69.0,2571,198.98,74765060181884
4194.0,1,,68.0,78.0,76.0,51.0,68.0,2486,196.20,43309692702148
4194.0,2,,69.0,80.0,80.0,52.0,71.0,3068,198.18,39154304021667
4194.0,3,,68.0,76.0,76.0,51.0,69.0,3086,193.17,39581013252197
4199.0,0,,68.0,76.0,76.0,51.0,69.0,2483,179.42,74766079278808
4199.0,1,100.00,68.0,80.0,80.0,50.0,68.0,2356,177.04,43310698272277
4200.0,2,,69.0,82.0,82.0,52.0,70.0,2723,174.16,39155294986633
4200.0,3,100.00,68.0,78.0,78.0,51.0,69.0,2607,174.61,39582005057189
4205.0,0,100.00,68.0,76.0,76.0,51.0,69.0,2185,179.50,74767098819030
4205.0,1,,68.0,80.0,80.0,50.0,68.0,2142,176.80,43311704289916
4205.0,2,100.00,69.0,84.0,84.0,52.0,70.0,2439,174.21,39156284472839
4205.0,3,,69.0,80.0,80.0,51.0,69.0,2322,174.25,39582993069213
4211.0,0,,71.0,72.0,72.0,52.0,70.0,2247,196.52,74768211136169
4211.0,1,,70.0,76.0,76.0,51.0,69.0,2163,190.58,43312782951843
4211.0,2,,71.0,78.0,78.0,53.0,71.0,2461,192.99,39157376808105
4211.0,3,,72.0,74.0,76.0,53.0,70.0,2484,194.81,39584097663085
4216.0,0,,70.0,72.0,72.0,52.0,70.0,2601,199.71,74769345507690
4216.0,1,,69.0,76.0,76.0,51.0,69.0,2411,200.15,43313917786926
4217.0,2,,72.0,78.0,78.0,53.0,71.0,2887,199.84,39158511894348
4217.0,3,,73.0,74.0,74.0,53.0,71.0,3068,199.67,39585231813659
4222.0,0,,71.0,72.0,72.0,52.0,70.0,2793,199.71,74770477840698
4222.0,1,,71.0,76.0,76.0,52.0,70.0,2508,199.59,43315049469177
4222.0,2,,72.0,78.0,78.0,53.0,71.0,3068,200.08,39159646323425
4222.0,3,,72.0,74.0,74.0,52.0,70.0,3331,200.06,39586366143066
4228.0,0,,71.0,72.0,72.0,52.0,70.0,2803,199.64,74771611793334
4228.0,1,,70.0,76.0,76.0,52.0,69.0,2696,200.14,43316186276916
4228.0,2,,71.0,78.0,78.0,53.0,71.0,3078,199.70,39160778599670
4228.0,3,,72.0,74.0,74.0,52.0,70.0,3343,200.17,39587501130676
4233.0,0,,71.0,72.0,72.0,52.0,70.0,2801,200.77,74772750182617
4233.0,1,,71.0,76.0,76.0,52.0,70.0,2517,200.12,43317320930725
4234.0,2,,71.0,78.0,78.0,53.0,71.0,3087,199.95,39161914313232
4234.0,3,,72.0,74.0,74.0,52.0,70.0,3141,199.33,39588633303405
4239.0,0,,70.0,72.0,72.0,52.0,70.0,2807,199.97,74773884021362
4239.0,1,,71.0,76.0,76.0,52.0,70.0,2488,199.70,43318453216064
4239.0,2,,71.0,78.0,78.0,53.0,71.0,3092,200.08,39163048767517
4239.0,3,,72.0,74.0,74.0,53.0,70.0,3090,200.31,39589769081359
4245.0,0,100.00,70.0,72.0,72.0,51.0,69.0,2803,200.07,74775018401245
4245.0,1,,71.0,76.0,76.0,52.0,70.0,2539,200.48,43319589957458
4245.0,2,,71.0,78.0,78.0,53.0,71.0,3090,199.77,39164181486328
4245.0,3,,71.0,74.0,74.0,52.0,70.0,3079,200.22,39590904335876
4250.0,0,,70.0,72.0,72.0,52.0,69.0,2804,199.31,74776148494567
4250.0,1,,69.0,74.0,76.0,51.0,69.0,2688,199.06,43320720621093
4251.0,2,,72.0,78.0,78.0,53.0,71.0,3092,200.02,39165313602416
4251.0,3,,72.0,74.0,74.0,53.0,70.0,3095,200.12,39592037008605
4256.0,0,,71.0,72.0,72.0,52.0,70.0,2808,200.03,74777282679382
4256.0,1,,71.0,76.0,76.0,52.0,70.0,2512,200.62,43321856121032
4256.0,2,,72.0,78.0,78.0,53.0,71.0,3082,200.26,39166449066589
4256.0,3,,73.0,74.0,74.0,52.0,70.0,3175,199.85,39593170172058
4262.0,0,,71.0,72.0,72.0,52.0,70.0,2803,200.24,74778418038452
4262.0,1,,70.0,76.0,76.0,52.0,70.0,2486,200.28,43322991684326
4262.0,2,,71.0,78.0,78.0,53.0,71.0,3088,200.34,39167585003784
4262.0,3,,72.0,74.0,74.0,52.0,70.0,3205,200.21,39594305343261
4267.0,0,,70.0,72.0,72.0,51.0,70.0,2804,200.34,74779553991516
4267.0,1,,70.0,76.0,76.0,51.0,69.0,2666,199.55,43324123115661
4268.0,2,,70.0,76.0,78.0,53.0,71.0,3047,199.22,39168716547851
4268.0,3,,71.0,74.0,74.0,52.0,70.0,3099,199.30,39595437356811
4273.0,0,,68.0,76.0,76.0,51.0,69.0,2715,190.32,74780635026977
4273.0,1,,68.0,80.0,80.0,51.0,68.0,2577,191.15,43325210764831
4273.0,2,,69.0,82.0,82.0,52.0,70.0,3028,190.57,39169799007812
4273.0,3,,69.0,78.0,78.0,52.0,69.0,3090,185.43,39596492458007
4279.0,0,100.00,67.0,78.0,78.0,51.0,69.0,2313,179.56,74781654932678
4279.0,1,,67.0,80.0,80.0,50.0,68.0,2345,177.15,43326216950134
4279.0,2,100.00,69.0,84.0,82.0,52.0,70.0,2619,173.94,39170788742980
4279.0,3,100.00,69.0,80.0,80.0,51.0,70.0,2578,174.73,39597484915222
4284.0,0,100.00,68.0,78.0,78.0,51.0,69.0,2141,179.37,74782671945861
4284.0,1,,67.0,82.0,82.0,51.0,68.0,2134,176.90,43327218224609
4285.0,2,,68.0,84.0,84.0,52.0,70.0,2328,167.47,39171733292297
4285.0,3,84.06,67.0,80.0,80.0,50.0,68.0,2331,156.32,39598366579956
4290.0,0,0.00,64.0,78.0,78.0,48.0,65.0,2141,76.18,74783103151123
4290.0,1,0.00,63.0,82.0,82.0,48.0,65.0,2107,76.57,43327651632507
4290.0,2,0.00,65.0,84.0,84.0,49.0,66.0,2359,57.51,39172059959655
4290.0,3,0.00,65.0,80.0,80.0,49.0,66.0,2230,58.11,39598696648437
4296.0,0,0.00,63.0,78.0,78.0,48.0,64.0,1671,58.32,74783433837280
4296.0,1,0.00,62.0,82.0,82.0,47.0,63.0,1640,59.11,43327986812744
4296.0,2,0.00,64.0,84.0,84.0,48.0,65.0,1874,57.19,39172383631652
4296.0,3,0.00,64.0,80.0,80.0,48.0,65.0,1747,57.49,39599022591979
4301.0,0,0.00,62.0,78.0,78.0,47.0,64.0,1513,58.45,74783765243896
4301.0,1,0.00,62.0,82.0,82.0,47.0,62.0,1503,58.64,43328319877807
4302.0,2,0.00,63.0,84.0,84.0,48.0,65.0,1525,56.85,39172705985107
4302.0,3,0.00,63.0,80.0,80.0,48.0,65.0,1526,57.55,39599348325195
4307.0,0,0.00,62.0,78.0,78.0,47.0,64.0,1505,58.01,74784094159179
4307.0,1,,68.0,74.0,74.0,50.0,68.0,1504,191.96,43329406345214
4307.0,2,0.00,63.0,84.0,84.0,48.0,65.0,1513,56.53,39173026498779
4307.0,3,0.00,63.0,80.0,80.0,47.0,64.0,1523,57.33,39599673376525
4313.0,0,0.00,61.0,78.0,78.0,47.0,63.0,1448,58.08,74784423487304
4313.0,1,,69.0,74.0,74.0,51.0,68.0,1965,199.72,43330540737731
4313.0,2,0.00,63.0,84.0,84.0,48.0,64.0,1500,56.10,39173345145263
4313.0,3,0.00,63.0,80.0,80.0,47.0,64.0,1510,56.97,39599997553833
4318.0,0,0.00,61.0,78.0,78.0,46.0,63.0,1457,58.01,74784753581237
4318.0,1,100.00,69.0,74.0,74.0,51.0,69.0,2324,200.02,43331676865417
4319.0,2,0.00,62.0,84.0,84.0,47.0,64.0,1501,55.97,39173663049926
4319.0,3,0.00,63.0,80.0,80.0,47.0,64.0,1512,57.18,39600321770446
4324.0,0,0.00,60.0,78.0,78.0,46.0,62.0,1439,58.19,74785083516540
4324.0,1,,69.0,74.0,74.0,51.0,69.0,2466,199.75,43332809429382
4324.0,2,0.00,62.0,84.0,84.0,47.0,64.0,1492,56.12,39173981826110
4324.0,3,0.00,62.0,80.0,80.0,47.0,63.0,1492,57.14,39600646351745
4330.0,0,0.00,60.0,78.0,78.0,46.0,62.0,1427,57.71,74785411336059
4330.0,1,,70.0,74.0,76.0,52.0,70.0,2643,200.36,43333947482116
4330.0,2,0.00,62.0,84.0,84.0,47.0,63.0,1490,56.22,39174300604492
4330.0,3,0.00,62.0,80.0,80.0,47.0,63.0,1489,56.87,39600969398681
4335.0,0,0.00,60.0,78.0,78.0,45.0,62.0,1426,57.86,74785740006774
4336.0,1,,70.0,76.0,76.0,51.0,69.0,2651,200.16,43335084369934
4336.0,2,0.00,62.0,84.0,84.0,47.0,63.0,1469,55.69,39174616938659
4336.0,3,0.00,62.0,80.0,80.0,47.0,63.0,1481,57.00,39601292593505
4341.0,0,0.00,59.0,78.0,78.0,45.0,61.0,1375,57.89,74786068217102
4341.0,1,,70.0,76.0,74.0,51.0,69.0,2507,199.29,43336216334899
4341.0,2,0.00,62.0,84.0,84.0,47.0,63.0,1438,55.78,39174933794433
4341.0,3,0.00,61.0,80.0,80.0,47.0,63.0,1448,56.94,39601615995178
4347.0,0,0.00,59.0,78.0,78.0,45.0,61.0,1374,57.58,74786395277465
4347.0,1,,69.0,74.0,76.0,51.0,69.0,2559,200.35,43337352337768
4347.0,2,0.00,62.0,84.0,84.0,47.0,63.0,1459,55.97,39175251167236
4347.0,3,0.00,61.0,80.0,80.0,46.0,63.0,1438,56.95,39601938900756
4352.0,0,0.00,59.0,78.0,78.0,45.0,60.0,1364,57.39,74786721256591
4353.0,1,,70.0,76.0,76.0,52.0,70.0,2685,200.27,43338489890136
4353.0,2,0.00,62.0,84.0,84.0,47.0,63.0,1458,55.47,39175566216125
4353.0,3,0.00,61.0,80.0,80.0,46.0,62.0,1447,56.41,39602259890747
4358.0,0,0.00,59.0,78.0,78.0,45.0,61.0,1384,57.69,74787048917114
4358.0,1,,69.0,74.0,76.0,51.0,69.0,2504,200.02,43339626012573
4358.0,2,0.00,61.0,84.0,84.0,46.0,63.0,1438,55.55,39175881767578
4359.0,3,0.00,61.0,80.0,80.0,46.0,62.0,1449,56.68,39602581286254
4364.0,0,0.00,59.0,78.0,78.0,44.0,60.0,1363,57.54,74787375743896
4364.0,1,,70.0,76.0,74.0,51.0,70.0,2707,199.37,43340758448059
4364.0,2,0.00,61.0,84.0,84.0,46.0,62.0,1459,55.67,39176197963684
4364.0,3,0.00,61.0,80.0,80.0,46.0,62.0,1438,56.64,39602902981750
4369.0,0,0.00,58.0,78.0,78.0,44.0,60.0,1343,57.41,74787701240539
4370.0,1,,68.0,80.0,80.0,51.0,68.0,2694,186.48,43341817632080
4370.0,2,0.00,61.0,84.0,84.0,46.0,62.0,1447,55.81,39176514985656
4370.0,3,0.00,61.0,80.0,80.0,46.0,62.0,1425,56.73,39603225183349
4375.0,0,0.00,58.0,78.0,78.0,44.0,60.0,1363,57.41,74788027326782
4375.0,1,,68.0,80.0,80.0,51.0,68.0,2303,177.04,43342823231445
4375.0,2,0.00,61.0,84.0,84.0,46.0,62.0,1459,55.65,39176831078369
4376.0,3,0.00,60.0,80.0,80.0,45.0,61.0,1428,56.33,39603545121765
4381.0,0,31.06,63.0,62.0,62.0,46.0,63.0,1364,75.47,74788455992431
4381.0,1,88.02,70.0,78.0,78.0,51.0,69.0,2114,178.17,43343833459533
4381.0,2,30.10,66.0,68.0,68.0,49.0,66.0,1416,82.07,39177297219421
4381.0,3,31.72,66.0,66.0,66.0,48.0,64.0,1416,87.33,39604041150207
4386.0,0,,66.0,66.0,66.0,48.0,65.0,1364,199.83,74789591027526
4387.0,1,,71.0,76.0,76.0,52.0,70.0,2305,199.80,43344968350463
4387.0,2,100.00,69.0,70.0,70.0,51.0,69.0,1502,199.99,39178431138671
4387.0,3,,68.0,68.0,68.0,50.0,67.0,1512,200.18,39605176174865
4392.0,0,,68.0,68.0,68.0,49.0,67.0,1576,200.19,74790726105895
4392.0,1,,70.0,76.0,76.0,51.0,69.0,2645,199.94,43346102018188
4392.0,2,100.00,70.0,72.0,72.0,52.0,70.0,1990,199.96,39179564906311
4393.0,3,,70.0,70.0,70.0,51.0,68.0,2031,199.78,39606310930175
4398.0,0,,69.0,68.0,68.0,50.0,69.0,1957,199.83,74791859158630
4398.0,1,100.00,70.0,76.0,76.0,51.0,70.0,2793,199.83,43347237054748
4398.0,2,,70.0,72.0,72.0,52.0,70.0,2486,200.11,39180701547607
4398.0,3,,70.0,72.0,72.0,51.0,69.0,2561,199.61,39607442740844
4403.0,0,,69.0,70.0,68.0,51.0,69.0,2245,199.65,74792991154479
4404.0,1,,70.0,76.0,76.0,51.0,70.0,2798,199.94,43348368728576
4404.0,2,,72.0,74.0,74.0,53.0,71.0,2787,200.15,39181834379516
4404.0,3,,70.0,72.0,72.0,52.0,69.0,2851,200.22,39608575993164
4409.0,0,,71.0,70.0,70.0,51.0,70.0,2436,199.98,74794125060241
4409.0,1,,69.0,76.0,76.0,51.0,69.0,2571,200.18,43349503733276
4409.0,2,,71.0,74.0,74.0,53.0,71.0,3038,199.69,39182966602844
4410.0,3,,72.0,72.0,72.0,52.0,70.0,3059,199.54,39609707380615
4415.0,0,,70.0,70.0,70.0,52.0,70.0,2488,200.54,74795260124389
4415.0,1,,69.0,76.0,76.0,51.0,69.0,2519,199.49,43350634824462
4415.0,2,,70.0,74.0,74.0,52.0,71.0,3080,199.75,39184099160400
4415.0,3,,71.0,72.0,72.0,52.0,69.0,3090,200.03,39610841579040
4420.0,0,,70.0,70.0,70.0,52.0,70.0,2752,199.90,74796393582763
4421.0,1,,69.0,76.0,74.0,51.0,69.0,2764,200.12,43351767531494
4421.0,2,,70.0,76.0,74.0,52.0,71.0,3093,200.19,39185232243225
4421.0,3,,71.0,74.0,74.0,52.0,70.0,3092,200.32,39611977418701
4426.0,0,,70.0,70.0,70.0,51.0,70.0,2741,199.49,74797524677978
4426.0,1,,69.0,76.0,76.0,51.0,69.0,2560,200.17,43352904521667
4426.0,2,,71.0,76.0,76.0,53.0,71.0,3003,200.39,39186370471435
4427.0,3,,71.0,72.0,74.0,52.0,69.0,3088,199.65,39613109423889
4432.0,0,,70.0,70.0,70.0,51.0,69.0,2600,200.29,74798662314880
4432.0,1,,71.0,76.0,76.0,52.0,70.0,2494,199.96,43354040296386
4432.0,2,,71.0,76.0,76.0,53.0,71.0,3064,199.58,39187504085205
4432.0,3,,71.0,74.0,72.0,52.0,70.0,3085,200.08,39614245885803
4437.0,0,,69.0,70.0,70.0,51.0,69.0,2780,200.26,74799799816284
4438.0,1,,70.0,76.0,76.0,52.0,69.0,2749,200.27,43355175823730
4438.0,2,,72.0,76.0,76.0,53.0,71.0,3045,200.08,39188638515380
4438.0,3,,71.0,72.0,72.0,52.0,69.0,3089,199.93,39615381507324
4443.0,0,,70.0,70.0,70.0,51.0,69.0,2804,199.54,74800931216308
4443.0,1,,69.0,76.0,76.0,51.0,69.0,2560,199.79,43356308623779
4443.0,2,,71.0,76.0,76.0,53.0,71.0,3037,200.04,39189774741210
4444.0,3,,73.0,74.0,74.0,52.0,70.0,3090,199.74,39616514012023
4449.0,0,100.00,68.0,76.0,76.0,51.0,69.0,2550,185.56,74801983321166
4449.0,1,100.00,68.0,80.0,80.0,51.0,69.0,2464,181.37,43357338787536
4449.0,2,,69.0,82.0,82.0,52.0,70.0,2874,179.71,39190795515441
4449.0,3,,68.0,78.0,78.0,51.0,69.0,2882,176.62,39617517219055
4455.0,0,,68.0,76.0,76.0,51.0,69.0,2238,179.26,74803003333862
4455.0,1,,68.0,82.0,82.0,51.0,68.0,2229,177.09,43358344666687
4455.0,2,,69.0,82.0,82.0,52.0,70.0,2463,174.16,39191783005920
4455.0,3,,68.0,78.0,80.0,51.0,69.0,2377,174.30,39618507268676
4460.0,0,87.70,70.0,74.0,74.0,52.0,69.0,2113,178.78,74804018797180
4460.0,1,89.45,70.0,78.0,78.0,51.0,69.0,2112,181.63,43359376304870
4461.0,2,97.61,72.0,78.0,80.0,53.0,71.0,2366,183.20,39192825438598
4461.0,3,,73.0,76.0,76.0,53.0,71.0,2359,187.32,39619571223388
4466.0,0,,71.0,74.0,74.0,52.0,71.0,2316,200.23,74805154122009
4466.0,1,,71.0,78.0,78.0,52.0,70.0,2348,199.76,43360510969665
4466.0,2,,72.0,78.0,78.0,53.0,72.0,2771,200.02,39193959538635
4466.0,3,,72.0,76.0,76.0,53.0,71.0,2960,200.40,39620707487487
4472.0,0,,70.0,74.0,72.0,52.0,70.0,2738,199.84,74806289236022
4472.0,1,,70.0,78.0,76.0,52.0,70.0,2675,200.08,43361645414245
4472.0,2,,71.0,78.0,78.0,53.0,71.0,3054,200.05,39195095795410
4472.0,3,,73.0,74.0,74.0,53.0,70.0,3319,199.45,39621840337219
4477.0,0,,71.0,72.0,72.0,52.0,71.0,2792,199.63,74807423130859
4477.0,1,,70.0,76.0,76.0,52.0,69.0,2791,199.80,43362780266357
4478.0,2,,72.0,78.0,78.0,53.0,72.0,3077,200.09,39196230317932
4478.0,3,,72.0,74.0,74.0,52.0,70.0,3375,200.46,39622976926147
4483.0,0,,71.0,72.0,72.0,52.0,70.0,2802,200.08,74808557575317
4483.0,1,,71.0,76.0,76.0,51.0,69.0,2632,199.63,43363914191833
4483.0,2,,72.0,78.0,78.0,53.0,72.0,3086,199.63,39197364240722
4483.0,3,,72.0,76.0,74.0,52.0,70.0,3370,199.99,39624112851501
4489.0,0,,71.0,72.0,72.0,52.0,70.0,2801,200.14,74809694348083
4489.0,1,,70.0,76.0,76.0,52.0,70.0,2486,200.33,43365050078796
4489.0,2,,72.0,78.0,78.0,53.0,72.0,3089,200.06,39198498578063
4489.0,3,,72.0,76.0,74.0,52.0,70.0,3110,200.01,39625246898437
4494.0,0,,70.0,72.0,72.0,52.0,70.0,2804,200.04,74810828555725
4494.0,1,,70.0,76.0,76.0,51.0,69.0,2496,199.18,43366181432006
4495.0,2,,71.0,78.0,78.0,53.0,71.0,3088,199.67,39199632682678
4495.0,3,,73.0,74.0,74.0,53.0,70.0,3109,199.27,39626378761901
4500.0,0,,70.0,72.0,72.0,51.0,70.0,2802,200.17,74811963541381
4500.0,1,,70.0,76.0,76.0,52.0,70.0,2760,200.88,43367320441162
4500.0,2,,72.0,78.0,78.0,53.0,72.0,3088,200.09,39200767217529
4500.0,3,,71.0,74.0,74.0,52.0,70.0,3204,200.63,39627516329467
4506.0,0,,71.0,72.0,72.0,52.0,70.0,2802,199.64,74813097468688
4506.0,1,,71.0,76.0,76.0,52.0,70.0,2537,199.24,43368452113647
4506.0,2,,70.0,78.0,78.0,53.0,71.0,3086,200.06,39201903558654
4506.0,3,,72.0,74.0,74.0,52.0,70.0,3203,199.39,39628648863647
4511.0,0,,71.0,72.0,72.0,52.0,70.0,2813,199.19,74814228895080
4511.0,1,,70.0,76.0,76.0,51.0,69.0,2497,200.18,43369587140747
4512.0,2,,72.0,78.0,78.0,53.0,71.0,3089,200.32,39203039352355
4512.0,3,,73.0,74.0,74.0,52.0,71.0,3098,200.56,39629786020629
4517.0,0,,70.0,72.0,72.0,51.0,69.0,2801,200.40,74815365151123
4517.0,1,,69.0,76.0,76.0,51.0,69.0,2708,200.32,43370722929809
4517.0,2,,73.0,78.0,78.0,53.0,72.0,3088,199.49,39204172440551
4517.0,3,,71.0,74.0,74.0,52.0,70.0,3236,199.58,39630919641967
4523.0,0,,71.0,72.0,72.0,52.0,70.0,2802,199.91,74816500628601
4523.0,1,,70.0,76.0,76.0,51.0,69.0,2590,199.69,43371857177673
4523.0,2,,71.0,78.0,78.0,53.0,71.0,3088,199.72,39205304871704
4523.0,3,,69.0,78.0,78.0,52.0,70.0,3160,193.30,39632017600097
4528.0,0,100.00,67.0,76.0,76.0,51.0,69.0,2716,187.49,74817563716735
4528.0,1,,68.0,80.0,80.0,50.0,68.0,2460,178.80,43372872739807
4529.0,2,,69.0,82.0,82.0,52.0,70.0,2806,174.99,39206300539794
4529.0,3,,68.0,80.0,80.0,52.0,69.0,2742,174.98,39633013212158
4534.0,0,,67.0,78.0,78.0,51.0,69.0,2287,179.37,74818586097473
4534.0,1,,68.0,82.0,82.0,51.0,69.0,2213,176.96,43373881383483
4534.0,2,100.00,69.0,84.0,84.0,52.0,70.0,2479,174.12,39207291305541
4534.0,3,,69.0,80.0,80.0,52.0,70.0,2352,174.59,39634006641723
4540.0,0,38.28,65.0,78.0,78.0,50.0,67.0,2121,154.58,74819465680725
4540.0,1,0.00,64.0,82.0,82.0,49.0,65.0,2144,117.57,43374549158935
4540.0,2,0.00,65.0,84.0,84.0,50.0,67.0,2347,92.63,39207817458190
4540.0,3,0.00,66.0,80.0,80.0,50.0,67.0,2322,102.08,39634586457885
4545.0,0,0.00,64.0,78.0,78.0,48.0,65.0,1879,59.10,74819801343505
4546.0,1,0.00,63.0,82.0,82.0,47.0,64.0,1733,59.54,43374887338928
4546.0,2,0.00,64.0,84.0,84.0,49.0,66.0,1924,57.35,39208143228942
4546.0,3,0.00,64.0,80.0,80.0,48.0,66.0,2023,57.70,39634913616271
4551.0,0,0.00,63.0,78.0,78.0,47.0,64.0,1525,58.19,74820131303710
4551.0,1,0.00,62.0,82.0,82.0,47.0,63.0,1471,58.76,43375220522644
4551.0,2,0.00,63.0,84.0,84.0,48.0,65.0,1533,56.99,39208466336730
4551.0,3,0.00,64.0,80.0,80.0,48.0,64.0,1608,57.47,39635239457641
4557.0,0,0.00,62.0,78.0,78.0,47.0,64.0,1525,58.11,74820460792968
4557.0,1,0.00,61.0,82.0,82.0,46.0,62.0,1493,58.44,43375551902709
4557.0,2,0.00,63.0,84.0,84.0,48.0,65.0,1525,56.35,39208785823852
4557.0,3,88.45,70.0,72.0,72.0,51.0,68.0,1557,112.92,39635879712524
4562.0,0,0.00,62.0,78.0,78.0,47.0,64.0,1483,58.19,74820790752136
4563.0,1,0.00,61.0,82.0,82.0,46.0,62.0,1451,58.22,43375882034667
4563.0,2,0.00,63.0,84.0,84.0,48.0,64.0,1525,56.20,39209104490112
4563.0,3,,71.0,72.0,72.0,52.0,70.0,2107,199.90,39637013153442
4568.0,0,0.00,61.0,78.0,78.0,47.0,63.0,1481,58.23,74821120930664
4568.0,1,0.00,61.0,82.0,82.0,46.0,61.0,1438,58.04,43376211130187
4568.0,2,0.00,63.0,84.0,84.0,48.0,64.0,1491,56.39,39209424211975
4569.0,3,,73.0,72.0,74.0,52.0,71.0,2823,200.02,39638147267089
4574.0,0,0.00,61.0,78.0,78.0,46.0,63.0,1450,57.95,74821449491699
4574.0,1,0.00,60.0,82.0,82.0,45.0,61.0,1419,57.89,43376539343872
4574.0,2,0.00,63.0,84.0,84.0,48.0,64.0,1493,56.16,39209742644775
4574.0,3,,72.0,72.0,74.0,52.0,70.0,3060,199.49,39639278357727
4579.0,0,0.00,61.0,78.0,78.0,46.0,62.0,1439,58.06,74821778668762
4580.0,1,0.00,60.0,82.0,82.0,45.0,61.0,1428,57.87,43376867461181
4580.0,2,0.00,62.0,84.0,84.0,47.0,64.0,1502,56.06,39210060515441
4580.0,3,,72.0,74.0,72.0,52.0,70.0,3087,200.12,39640413032287
4585.0,0,0.00,61.0,78.0,78.0,46.0,62.0,1438,58.13,74822108873168
4585.0,1,0.00,59.0,82.0,82.0,45.0,60.0,1365,57.68,43377195109313
4585.0,2,0.00,62.0,84.0,84.0,48.0,64.0,1492,56.05,39210378852172
4586.0,3,,73.0,74.0,74.0,53.0,70.0,3089,199.87,39641548310180
4591.0,0,0.00,60.0,78.0,78.0,46.0,62.0,1429,58.05,74822438011901
4591.0,1,0.00,59.0,82.0,82.0,45.0,60.0,1386,57.81,43377522919616
4591.0,2,0.00,62.0,84.0,84.0,47.0,64.0,1502,56.10,39210696959045
4591.0,3,,71.0,72.0,74.0,52.0,70.0,3096,200.15,39642685148437
4596.0,0,0.00,60.0,78.0,78.0,46.0,62.0,1426,57.84,74822766562011
4597.0,1,0.00,59.0,82.0,82.0,44.0,60.0,1385,57.52,43377849610534
4597.0,2,0.00,62.0,84.0,84.0,47.0,63.0,1501,56.14,39211015818298
4597.0,3,,72.0,74.0,74.0,52.0,70.0,3088,200.25,39643820538818
4602.0,0,0.00,60.0,78.0,78.0,45.0,61.0,1439,57.96,74823095206298
4602.0,1,0.00,59.0,82.0,82.0,44.0,59.0,1354,57.58,43378176111511
4602.0,2,0.00,62.0,84.0,84.0,47.0,64.0,1460,55.76,39211332545166
4603.0,3,,71.0,74.0,74.0,52.0,70.0,3087,199.58,39644954141662
4608.0,0,0.00,60.0,78.0,78.0,45.0,61.0,1416,57.73,74823423124145
4608.0,1,0.00,58.0,82.0,82.0,44.0,59.0,1341,57.53,43378503470153
4608.0,2,0.00,62.0,84.0,84.0,47.0,63.0,1448,55.78,39211649383422
4608.0,3,,71.0,74.0,74.0,52.0,70.0,3096,200.17,39646091105102
4613.0,0,0.00,60.0,78.0,78.0,45.0,61.0,1343,57.67,74823750667480
4614.0,1,0.00,58.0,82.0,82.0,44.0,59.0,1353,57.62,43378830182189
4614.0,2,0.00,62.0,84.0,84.0,47.0,63.0,1459,55.97,39211966738159
4614.0,3,,72.0,74.0,74.0,52.0,70.0,3086,200.24,39647228490905
4619.0,0,0.00,59.0,78.0,78.0,45.0,61.0,1385,57.76,74824078159118
4619.0,1,0.00,58.0,82.0,82.0,44.0,58.0,1354,57.32,43379155770324
4619.0,2,0.00,62.0,84.0,84.0,47.0,63.0,1460,55.64,39212282778442
4620.0,3,,69.0,76.0,76.0,52.0,69.0,3090,196.45,39648342336914
4625.0,0,0.00,59.0,78.0,78.0,45.0,61.0,1375,57.50,74824404751770
4625.0,1,0.00,58.0,82.0,82.0,44.0,59.0,1291,57.60,43379482369628
4625.0,2,0.00,62.0,84.0,84.0,47.0,63.0,1439,55.91,39212599809387
4625.0,3,,68.0,78.0,78.0,51.0,69.0,2792,175.11,39649335238708
4630.0,0,0.00,59.0,78.0,78.0,45.0,61.0,1354,57.63,74824732113525
4631.0,1,0.00,57.0,82.0,82.0,43.0,58.0,1311,57.65,43379809819641
4631.0,2,0.00,62.0,84.0,84.0,47.0,63.0,1459,55.97,39212917743041
4631.0,3,,69.0,80.0,80.0,51.0,69.0,2334,174.41,39650325870361
4636.0,0,,66.0,66.0,66.0,48.0,65.0,1363,147.27,74825567112121
4636.0,1,,64.0,66.0,66.0,47.0,63.0,1310,151.71,43380671522155
4636.0,2,100.00,68.0,70.0,70.0,50.0,67.0,1458,154.28,39213794037658
4637.0,3,,72.0,76.0,76.0,52.0,70.0,2421,188.73,39651397861145
4642.0,0,,67.0,68.0,68.0,50.0,67.0,1491,199.89,74826702507568
4642.0,1,,66.0,68.0,68.0,49.0,65.0,1396,199.94,43381805154907
4642.0,2,100.00,70.0,72.0,72.0,52.0,70.0,1777,200.06,39214928373168
4642.0,3,,72.0,74.0,74.0,52.0,70.0,2931,199.89,39652531237121
4648.0,0,,68.0,68.0,70.0,50.0,68.0,1937,199.95,74827836215759
4648.0,1,,68.0,68.0,68.0,50.0,67.0,1630,200.15,43382940013488
4648.0,2,100.00,71.0,72.0,72.0,53.0,70.0,2285,199.85,39216063511352
4648.0,3,,73.0,74.0,74.0,52.0,70.0,3267,199.67,39653665370117
4653.0,0,,71.0,70.0,70.0,51.0,70.0,2285,199.81,74828969135498
4653.0,1,,69.0,70.0,70.0,51.0,68.0,1968,199.14,43384071141357
4653.0,2,100.00,70.0,74.0,74.0,52.0,70.0,2698,200.06,39217197850097
4654.0,3,,72.0,74.0,74.0,52.0,70.0,3322,200.30,39654801067871
4659.0,0,,71.0,70.0,70.0,52.0,70.0,2466,199.58,74830102768676
4659.0,1,,69.0,70.0,70.0,51.0,69.0,2232,200.31,43385206889770
4659.0,2,,70.0,74.0,74.0,52.0,71.0,2793,200.11,39218332481811
4659.0,3,,72.0,74.0,74.0,52.0,70.0,3121,200.11,39655935702697
4665.0,0,,70.0,70.0,70.0,51.0,69.0,2741,200.12,74831237432312
4665.0,1,,69.0,72.0,72.0,51.0,69.0,2328,199.90,43386340348327
4665.0,2,100.00,71.0,76.0,76.0,53.0,71.0,2899,200.04,39219466698608
4665.0,3,,72.0,74.0,74.0,52.0,70.0,3089,199.90,39657069149719
4670.0,0,,70.0,70.0,70.0,51.0,70.0,2801,200.22,74832372702941
4670.0,1,,70.0,72.0,72.0,51.0,69.0,2452,200.26,43387477816589
4671.0,2,100.00,70.0,74.0,74.0,52.0,71.0,3055,199.43,39220599473266
4671.0,3,,72.0,74.0,74.0,52.0,70.0,3150,199.46,39658202109741
4676.0,0,,70.0,70.0,70.0,52.0,70.0,2603,200.20,74833509837646
4676.0,1,,69.0,72.0,72.0,51.0,69.0,2487,199.80,43388610660034
4676.0,2,,72.0,76.0,76.0,53.0,71.0,2804,200.29,39221735102783
4676.0,3,,73.0,74.0,74.0,52.0,70.0,3291,200.38,39659338272338
4682.0,0,,70.0,70.0,70.0,51.0,70.0,2770,199.46,74834640791503
4682.0,1,,70.0,74.0,74.0,51.0,69.0,2485,200.14,43389745457641
4682.0,2,,70.0,76.0,76.0,52.0,71.0,3034,200.05,39222871359313
4682.0,3,,71.0,74.0,74.0,52.0,70.0,3150,199.63,39660472174011
4687.0,0,,71.0,72.0,70.0,51.0,70.0,2803,199.96,74835776558105
4687.0,1,,70.0,74.0,74.0,52.0,69.0,2484,200.14,43390882268127
4688.0,2,,71.0,76.0,76.0,53.0,71.0,3077,199.71,39224003731689
4688.0,3,,72.0,74.0,74.0,52.0,70.0,3097,199.55,39661605605712
4693.0,0,,71.0,72.0,72.0,52.0,70.0,2747,200.30,74836914263427
4693.0,1,,69.0,74.0,74.0,51.0,69.0,2484,200.13,43392019013000
4693.0,2,,70.0,76.0,76.0,53.0,71.0,2980,199.62,39225137556030
4693.0,3,,73.0,74.0,74.0,53.0,70.0,3215,200.74,39662743808654
4699.0,0,100.00,68.0,74.0,74.0,51.0,69.0,2603,195.17,74838020880065
4699.0,1,,68.0,78.0,78.0,51.0,68.0,2486,191.39,43393104181762
4699.0,2,,69.0,80.0,80.0,52.0,70.0,3024,192.65,39226231830200
4699.0,3,,69.0,78.0,78.0,52.0,70.0,3210,189.39,39663819532714
4704.0,0,,68.0,76.0,76.0,51.0,69.0,2428,179.73,74839041737243
4704.0,1,100.00,68.0,80.0,80.0,50.0,68.0,2309,176.94,43394110988342
4705.0,2,,69.0,82.0,82.0,52.0,70.0,2646,174.17,39227222863464
4705.0,3,99.99,68.0,80.0,80.0,51.0,69.0,2646,174.53,39664814365844
4710.0,0,,68.0,78.0,78.0,51.0,69.0,2171,179.45,74840064597778
4710.0,1,,68.0,80.0,82.0,50.0,68.0,2124,176.96,43395116120910
4710.0,2,100.00,72.0,80.0,82.0,53.0,71.0,2359,170.50,39228191292663
4710.0,3,,72.0,78.0,78.0,52.0,70.0,2335,173.08,39665793976562
4716.0,0,,71.0,74.0,74.0,52.0,70.0,2145,185.33,74841111724060
4716.0,1,,70.0,76.0,76.0,51.0,69.0,2206,196.42,43396227839111
4716.0,2,,72.0,78.0,78.0,53.0,72.0,2535,201.75,39229331163452
4716.0,3,,72.0,76.0,76.0,53.0,71.0,2686,200.05,39666928273071
4721.0,0,,71.0,74.0,74.0,52.0,71.0,2518,199.85,74842244856689
4721.0,1,,70.0,76.0,76.0,52.0,70.0,2433,199.65,43397361877014
4722.0,2,,72.0,78.0,78.0,53.0,72.0,2939,199.82,39230466136657
4722.0,3,,73.0,76.0,76.0,53.0,71.0,3236,200.34,39668064186401
4727.0,0,,70.0,72.0,72.0,52.0,71.0,2780,200.15,74843381703674
4727.0,1,,70.0,76.0,76.0,52.0,70.0,2559,200.22,43398497140563
4727.0,2,,72.0,78.0,78.0,53.0,72.0,3077,200.04,39231600341979
4727.0,3,,73.0,76.0,76.0,53.0,71.0,3361,199.81,39669199120849
4733.0,0,,71.0,72.0,72.0,52.0,71.0,2802,199.11,74844512639770
4733.0,1,,69.0,76.0,76.0,51.0,69.0,2664,199.95,43399632853332
4733.0,2,,72.0,78.0,78.0,53.0,72.0,3088,199.69,39232734563232
4733.0,3,,73.0,76.0,76.0,53.0,71.0,3386,199.97,39670332931823
4738.0,0,,70.0,72.0,72.0,52.0,70.0,2804,200.42,74845649007446
4738.0,1,,71.0,76.0,76.0,52.0,70.0,2507,199.64,43400764835998
4739.0,2,,72.0,78.0,78.0,53.0,72.0,3088,200.40,39233870826477
4739.0,3,,71.0,74.0,76.0,52.0,70.0,3299,200.18,39671467967651
4744.0,0,,70.0,72.0,72.0,52.0,70.0,2803,200.20,74846784163391
4744.0,1,,71.0,76.0,76.0,52.0,70.0,2496,200.36,43401900904785
4744.0,2,,71.0,78.0,78.0,53.0,71.0,3088,199.61,39235004609375
4744.0,3,,71.0,74.0,74.0,52.0,70.0,3109,199.27,39672599831604
4750.0,0,,71.0,72.0,72.0,52.0,70.0,2801,199.95,74847919858032
4750.0,1,,70.0,76.0,76.0,52.0,69.0,2643,200.19,43403037966796
4750.0,2,,71.0,78.0,78.0,53.0,71.0,3087,199.85,39236137749511
4750.0,3,,73.0,74.0,74.0,53.0,70.0,3160,200.09,39673736342468
4755.0,0,,70.0,72.0,72.0,51.0,70.0,2803,200.44,74849056371032
4755.0,1,,70.0,76.0,76.0,52.0,70.0,2550,199.91,43404171458251
4756.0,2,,71.0,76.0,78.0,53.0,71.0,3090,200.01,39237273801513
4756.0,3,,72.0,74.0,74.0,52.0,70.0,3323,199.76,39674868965148
4761.0,0,,71.0,72.0,72.0,52.0,70.0,2803,199.10,74850187266906
4761.0,1,,71.0,76.0,76.0,52.0,70.0,2495,199.61,43405305232055
4761.0,2,,71.0,78.0,78.0,53.0,71.0,3087,200.27,39238409308532
4761.0,3,,72.0,74.0,74.0,52.0,70.0,3162,200.31,39676004713134
4767.0,0,,70.0,72.0,72.0,51.0,70.0,2803,200.16,74851322187072
4767.0,1,,70.0,76.0,76.0,52.0,69.0,2677,200.13,43406439977905
4767.0,2,,72.0,78.0,78.0,53.0,71.0,3089,200.14,39239544109741
4767.0,3,,72.0,74.0,74.0,52.0,70.0,3173,200.06,39677139053588
4772.0,0,,70.0,72.0,72.0,52.0,70.0,2803,200.68,74852460029663
4773.0,1,,70.0,76.0,76.0,51.0,69.0,2517,200.11,43407576584594
4773.0,2,,70.0,78.0,78.0,53.0,70.0,3088,199.67,39240678248352
4773.0,3,,73.0,74.0,74.0,53.0,70.0,3247,199.82,39678274022155
4778.0,0,,71.0,72.0,72.0,52.0,70.0,2801,198.98,74853590223022
4778.0,1,,68.0,80.0,80.0,51.0,69.0,2495,186.76,43408635524597
4778.0,2,,69.0,82.0,82.0,52.0,70.0,3012,184.91,39241728525939
4778.0,3,,69.0,80.0,80.0,51.0,70.0,3030,181.92,39679307327880
4784.0,0,,67.0,76.0,78.0,51.0,69.0,2514,178.18,74854602267395
4784.0,1,,68.0,82.0,82.0,51.0,68.0,2344,177.02,43409642759582
4784.0,2,,69.0,82.0,84.0,52.0,70.0,2554,174.43,39242719272033
4784.0,3,,69.0,80.0,80.0,52.0,70.0,2480,174.41,39680299742431
4789.0,0,100.00,68.0,78.0,78.0,51.0,69.0,2237,178.04,74855615287841
4790.0,1,64.35,65.0,82.0,82.0,49.0,66.0,2122,158.31,43410541955261
4790.0,2,65.88,67.0,84.0,84.0,50.0,68.0,2483,152.59,39243585984008
4790.0,3,92.23,67.0,80.0,80.0,50.0,68.0,2326,158.95,39681201010925
4795.0,0,0.00,65.0,78.0,78.0,49.0,67.0,2114,112.43,74856253907653
4795.0,1,0.00,63.0,82.0,82.0,48.0,64.0,1871,59.55,43410880222839
4795.0,2,0.00,64.0,84.0,84.0,49.0,66.0,2210,57.52,39243912720336
4796.0,3,0.00,65.0,80.0,80.0,49.0,66.0,2285,58.49,39681533257629
4801.0,0,0.00,63.0,78.0,78.0,48.0,65.0,1829,58.45,74856585300964
4801.0,1,0.00,62.0,82.0,82.0,47.0,63.0,1532,58.81,43411214239868
4801.0,2,0.00,64.0,84.0,84.0,48.0,65.0,1690,57.34,39244238424438
4801.0,3,0.00,64.0,80.0,80.0,48.0,65.0,1752,57.36,39681859082397
4806.0,0,0.00,63.0,78.0,78.0,47.0,64.0,1501,58.24,74856916119873
4807.0,1,0.00,62.0,82.0,82.0,47.0,63.0,1502,58.73,43411547244934
4807.0,2,0.00,63.0,84.0,84.0,48.0,65.0,1534,56.60,39244559329284
4807.0,3,0.00,64.0,80.0,80.0,48.0,65.0,1525,57.30,39682183986022
4812.0,0,0.00,62.0,78.0,78.0,47.0,64.0,1504,58.24,74857246312438
4812.0,1,0.00,66.0,70.0,78.0,48.0,65.0,1472,61.03,43411893278564
4812.0,2,0.00,63.0,84.0,84.0,48.0,64.0,1504,56.60,39244880256042
4813.0,3,0.00,63.0,80.0,80.0,48.0,65.0,1525,57.33,39682509026123
4818.0,0,0.00,62.0,78.0,78.0,47.0,63.0,1492,57.97,74857575002746
4818.0,1,,68.0,72.0,72.0,50.0,67.0,1501,200.96,43413034752624
4818.0,2,0.00,62.0,84.0,84.0,48.0,64.0,1512,56.41,39245200674194
4818.0,3,0.00,63.0,80.0,80.0,47.0,64.0,1512,57.16,39682833723205
4823.0,0,0.00,61.0,78.0,78.0,47.0,63.0,1440,58.02,74857903978515
4824.0,1,,70.0,72.0,72.0,51.0,69.0,1937,200.09,43414167281921
4824.0,2,0.00,62.0,84.0,84.0,47.0,64.0,1504,56.04,39245517862060
4824.0,3,0.00,63.0,80.0,80.0,47.0,64.0,1515,57.10,39683156923645
4829.0,0,0.00,61.0,78.0,78.0,46.0,63.0,1459,58.01,74858233469787
4829.0,1,,69.0,74.0,74.0,51.0,69.0,2305,199.77,43415301976684
4829.0,2,0.00,62.0,84.0,84.0,47.0,63.0,1491,55.90,39245835360046
4830.0,3,0.00,62.0,80.0,80.0,47.0,64.0,1501,57.07,39683481090209
4835.0,0,0.00,60.0,78.0,78.0,46.0,62.0,1428,58.16,74858563265014
4835.0,1,,69.0,74.0,74.0,51.0,69.0,2455,200.01,43416436013244
4835.0,2,0.00,62.0,84.0,84.0,47.0,63.0,1460,56.07,39246153273437
4835.0,3,0.00,62.0,80.0,80.0,47.0,63.0,1491,57.10,39683805420104
4840.0,0,0.00,60.0,78.0,78.0,45.0,62.0,1428,57.87,74858891967712
4841.0,1,,70.0,74.0,74.0,51.0,69.0,2578,200.18,43417573023864
4841.0,2,0.00,62.0,84.0,84.0,47.0,63.0,1448,55.98,39246471235534
4841.0,3,0.00,62.0,80.0,80.0,47.0,63.0,1490,57.14,39684129978942
4846.0,0,0.00,60.0,78.0,78.0,45.0,62.0,1416,57.75,74859219994689
4846.0,1,,70.0,74.0,74.0,52.0,69.0,2704,200.21,43418710193786
4846.0,2,0.00,62.0,84.0,84.0,47.0,63.0,1436,55.55,39246787290161
4847.0,3,0.00,62.0,80.0,80.0,47.0,63.0,1447,56.75,39684452302246
4852.0,0,0.00,60.0,78.0,78.0,45.0,61.0,1385,57.61,74859547199340
4852.0,1,,69.0,74.0,74.0,51.0,69.0,2504,200.03,43419846337097
4852.0,2,0.00,62.0,84.0,84.0,47.0,63.0,1457,55.77,39247104044067
4852.0,3,0.00,62.0,80.0,80.0,46.0,63.0,1436,56.78,39684774834533
4858.0,0,0.00,59.0,78.0,78.0,45.0,61.0,1373,57.85,74859875768920
4858.0,1,,70.0,74.0,74.0,52.0,69.0,2684,200.04,43420982572143
4858.0,2,0.00,61.0,84.0,84.0,47.0,63.0,1460,55.89,39247420931030
4858.0,3,0.00,61.0,80.0,80.0,46.0,62.0,1449,56.85,39685097723205
4863.0,0,0.00,59.0,78.0,78.0,45.0,61.0,1385,57.41,74860201840637
4863.0,1,,70.0,74.0,74.0,52.0,69.0,2568,199.82,43422117525939
4863.0,2,0.00,62.0,84.0,84.0,47.0,63.0,1459,55.39,39247735563476
4864.0,3,0.00,61.0,80.0,80.0,46.0,62.0,1449,56.49,39685418021545
4869.0,0,0.00,59.0,78.0,78.0,44.0,60.0,1364,57.62,74860528526245
4869.0,1,,70.0,74.0,76.0,52.0,69.0,2706,199.94,43423253191406
4869.0,2,0.00,61.0,84.0,84.0,47.0,63.0,1438,55.61,39248051440856
4869.0,3,0.00,61.0,80.0,80.0,46.0,62.0,1438,56.63,39685739653808
4875.0,0,0.00,59.0,78.0,78.0,45.0,60.0,1344,57.53,74860855308715
4875.0,1,,70.0,76.0,74.0,52.0,69.0,2594,200.15,43424388020996
4875.0,2,0.00,61.0,84.0,84.0,46.0,62.0,1462,55.66,39248367039428
4875.0,3,0.00,61.0,80.0,80.0,46.0,62.0,1419,56.81,39686061787902
4880.0,0,0.00,58.0,78.0,78.0,44.0,60.0,1365,57.39,74861180730895
4880.0,1,,68.0,80.0,80.0,51.0,68.0,2528,184.18,43425432332397
4881.0,2,0.00,61.0,84.0,84.0,46.0,62.0,1459,55.84,39248683634582
4881.0,3,0.00,60.0,80.0,80.0,45.0,62.0,1427,56.75,39686383574951
4886.0,0,0.00,58.0,78.0,78.0,44.0,60.0,1353,57.31,74861506268127
4886.0,1,,68.0,82.0,80.0,51.0,68.0,2303,177.16,43426438587585
4886.0,2,0.00,61.0,84.0,84.0,46.0,62.0,1448,55.66,39248999774780
4886.0,3,0.00,60.0,80.0,80.0,45.0,61.0,1416,56.31,39686703410766
4892.0,0,50.73,63.0,64.0,64.0,46.0,63.0,1344,84.08,74861983001159
4892.0,1,88.19,70.0,78.0,78.0,51.0,69.0,2118,179.48,43427456226745
4892.0,2,50.51,66.0,68.0,68.0,49.0,66.0,1451,90.85,39249514917907
4892.0,3,48.44,67.0,66.0,66.0,48.0,65.0,1419,94.39,39687238605346
4897.0,0,,67.0,66.0,66.0,49.0,66.0,1366,199.70,74863115317138
4897.0,1,,71.0,76.0,76.0,52.0,70.0,2330,199.84,43428589326232
4898.0,2,100.00,69.0,70.0,70.0,51.0,68.0,1514,199.57,39250646459838
4898.0,3,,69.0,68.0,68.0,50.0,67.0,1567,199.99,39688372549499
4903.0,0,,68.0,66.0,68.0,50.0,68.0,1589,199.76,74864245962402
4903.0,1,,71.0,76.0,76.0,52.0,70.0,2680,199.93,43429720946716
4903.0,2,,70.0,72.0,72.0,52.0,70.0,2033,200.34,39251782374084
4903.0,3,,71.0,70.0,70.0,51.0,69.0,2096,199.84,39689505644348
4909.0,0,,69.0,68.0,68.0,51.0,69.0,1998,200.00,74865381982604
4909.0,1,,71.0,76.0,76.0,52.0,69.0,2801,200.05,43430857219482
4909.0,2,,71.0,74.0,72.0,53.0,71.0,2464,200.19,39252917438354
4909.0,3,,71.0,72.0,72.0,52.0,69.0,2549,200.20,39690640754577
4914.0,0,,69.0,70.0,70.0,51.0,69.0,2276,200.29,74866517652832
4914.0,1,,71.0,76.0,76.0,51.0,70.0,2711,199.72,43431989616271
4915.0,2,,72.0,74.0,74.0,53.0,71.0,2806,199.78,39254050208923
4915.0,3,,71.0,72.0,72.0,52.0,70.0,2880,199.83,39691773788940
4920.0,0,,70.0,70.0,70.0,51.0,69.0,2445,199.51,74867648859375
4920.0,1,,70.0,76.0,76.0,52.0,70.0,2496,200.28,43433125194946
4920.0,2,100.00,72.0,74.0,74.0,53.0,71.0,3047,200.16,39255185125061
4920.0,3,,70.0,72.0,72.0,52.0,69.0,3067,200.12,39692908465698
4926.0,0,,70.0,70.0,70.0,51.0,70.0,2549,200.08,74868783293640
4926.0,1,,70.0,76.0,76.0,51.0,69.0,2699,200.12,43434259891784
4926.0,2,,70.0,74.0,74.0,52.0,70.0,3092,199.97,39256318965087
4926.0,3,,72.0,72.0,72.0,52.0,70.0,3081,199.83,39694041505981
4931.0,0,,70.0,70.0,70.0,51.0,69.0,2783,200.00,74869917279357
4931.0,1,,70.0,76.0,76.0,51.0,69.0,2656,200.01,43435393921936
4932.0,2,,70.0,76.0,76.0,52.0,71.0,3088,200.17,39257453917236
4932.0,3,,71.0,74.0,72.0,52.0,70.0,3089,199.57,39695173050964
4937.0,0,,70.0,70.0,70.0,51.0,70.0,2741,200.71,74871055293640
4937.0,1,,69.0,76.0,76.0,52.0,70.0,2530,199.76,43436526584411
4937.0,2,,71.0,76.0,76.0,53.0,71.0,3080,199.58,39258585534667
4937.0,3,,71.0,72.0,72.0,52.0,69.0,3090,200.58,39696310327270
4943.0,0,,70.0,70.0,72.0,51.0,70.0,2613,199.74,74872187814575
4943.0,1,,71.0,76.0,76.0,52.0,70.0,2719,199.73,43437659074340
4943.0,2,,71.0,76.0,76.0,53.0,71.0,3015,199.43,39259716297424
4943.0,3,,72.0,74.0,74.0,52.0,70.0,3089,199.71,39697444676696
4948.0,0,,71.0,72.0,70.0,52.0,70.0,2782,199.40,74873320402404
4948.0,1,,70.0,76.0,76.0,51.0,69.0,2612,199.68,43438793252929
4949.0,2,,71.0,76.0,76.0,53.0,71.0,3067,199.99,39260852256408
4949.0,3,,72.0,74.0,74.0,52.0,70.0,3088,199.93,39698578303466
4954.0,0,,71.0,70.0,72.0,51.0,69.0,2804,200.38,74874456545471
4954.0,1,,70.0,76.0,76.0,52.0,70.0,2529,200.45,43439929793518
4954.0,2,,72.0,76.0,76.0,53.0,71.0,3078,200.20,39261987362365
4954.0,3,,71.0,74.0,74.0,52.0,70.0,3089,199.57,39699709873168
4960.0,0,,70.0,72.0,70.0,51.0,70.0,2686,200.33,74875592419494
4960.0,1,,70.0,76.0,76.0,51.0,69.0,2665,200.57,43441067018737
4960.0,2,,71.0,76.0,76.0,53.0,71.0,2950,200.58,39263126670532
4960.0,3,,72.0,74.0,74.0,52.0,70.0,3087,200.62,39700849386901
4965.0,0,,70.0,70.0,72.0,52.0,69.0,2560,199.59,74876726096130
4965.0,1,,70.0,76.0,76.0,51.0,70.0,2558,199.77,43442201709594
4966.0,2,,71.0,76.0,76.0,53.0,71.0,2992,200.12,39264261363708
4966.0,3,,71.0,72.0,74.0,52.0,70.0,3087,199.63,39701983293029
4971.0,0,,69.0,70.0,72.0,51.0,69.0,2770,200.70,74877864084167
4971.0,1,,70.0,76.0,76.0,52.0,69.0,2538,199.79,43443336517822
4971.0,2,,71.0,76.0,76.0,53.0,71.0,3078,199.20,39265392796752
4971.0,3,,72.0,74.0,74.0,52.0,70.0,3088,200.47,39703119967651
4977.0,0,,69.0,72.0,72.0,51.0,69.0,2802,199.59,74878997770996
4977.0,1,,70.0,76.0,76.0,51.0,69.0,2655,200.12,43444471225952
4977.0,2,,70.0,76.0,76.0,53.0,71.0,3089,200.13,39266527507629
4977.0,3,,72.0,74.0,74.0,53.0,70.0,3081,199.87,39704253208740
4982.0,0,,70.0,72.0,72.0,52.0,69.0,2806,200.02,74880131870361
4982.0,1,,71.0,76.0,76.0,51.0,70.0,2497,199.85,43445604402893
4983.0,2,,70.0,76.0,78.0,52.0,70.0,3090,200.67,39267665334716
4983.0,3,,72.0,74.0,74.0,52.0,70.0,3088,199.71,39705385554565
4988.0,0,,71.0,72.0,72.0,52.0,70.0,2805,199.31,74881261984436
4988.0,1,,70.0,76.0,76.0,51.0,69.0,2658,199.70,43446736717712
4988.0,2,,71.0,78.0,78.0,53.0,71.0,3091,199.65,39268797354797
4988.0,3,,72.0,74.0,74.0,52.0,70.0,3102,199.84,39706518643737
4994.0,0,,70.0,72.0,72.0,52.0,70.0,2720,200.50,74882398820800
4994.0,1,,69.0,76.0,76.0,51.0,69.0,2635,199.81,43447869650329
4994.0,2,100.00,72.0,78.0,78.0,53.0,71.0,3080,200.16,39269932253662
4994.0,3,,71.0,74.0,74.0,52.0,70.0,3225,199.66,39707652686462
4999.0,0,,70.0,72.0,72.0,52.0,70.0,2781,200.36,74883534871520
4999.0,1,,70.0,76.0,76.0,52.0,70.0,2496,200.69,43449007560241
5000.0,2,,70.0,78.0,78.0,52.0,71.0,3087,200.01,39271068287841
5000.0,3,,72.0,74.0,74.0,52.0,70.0,3099,200.09,39708787179443
5005.0,0,,69.0,72.0,72.0,51.0,70.0,2803,199.63,74884668749206
5005.0,1,,70.0,76.0,76.0,52.0,70.0,2528,199.94,43450143240356
5005.0,2,,70.0,78.0,78.0,52.0,71.0,3048,199.46,39272199213989
5005.0,3,,73.0,74.0,74.0,53.0,70.0,3132,200.80,39709925711730
5011.0,0,,70.0,72.0,72.0,52.0,70.0,2804,200.04,74885802962402
5011.0,1,,70.0,76.0,76.0,51.0,69.0,2709,199.99,43451277177978
5011.0,2,,71.0,78.0,78.0,53.0,71.0,3024,199.79,39273332014404
5011.0,3,,71.0,74.0,74.0,52.0,70.0,3226,200.15,39711060559692
5016.0,0,,70.0,70.0,72.0,51.0,69.0,2761,199.87,74886936202941
5016.0,1,,69.0,76.0,76.0,51.0,69.0,2507,199.91,43452410671752
5017.0,2,,71.0,78.0,78.0,53.0,71.0,3090,200.17,39274466958068
5017.0,3,,71.0,74.0,74.0,52.0,70.0,3122,199.79,39712195380920
5022.0,0,,68.0,72.0,72.0,51.0,69.0,2795,199.66,74888068259216
5022.0,1,100.00,68.0,80.0,78.0,51.0,69.0,2540,192.34,43453501244812
5022.0,2,98.21,69.0,80.0,78.0,52.0,70.0,3080,193.30,39275562969482
5022.0,3,100.00,69.0,78.0,78.0,52.0,70.0,3089,187.16,39713256556884
5028.0,0,,67.0,76.0,76.0,51.0,68.0,2514,179.32,74889086807495
5028.0,1,,68.0,82.0,82.0,51.0,68.0,2418,179.16,43454520646484
5028.0,2,,69.0,84.0,82.0,52.0,70.0,2690,176.45,39276566987915
5028.0,3,,69.0,80.0,80.0,52.0,70.0,2662,177.44,39714264409729
5033.0,0,100.00,68.0,78.0,78.0,51.0,69.0,2179,181.85,74890117874816
5034.0,1,100.00,68.0,82.0,82.0,51.0,68.0,2190,179.11,43455536210754
5034.0,2,,69.0,84.0,84.0,52.0,70.0,2508,176.21,39277566076049
5034.0,3,,69.0,80.0,80.0,52.0,70.0,2400,177.14,39715270568664
5039.0,0,,71.0,76.0,76.0,52.0,70.0,2115,185.76,74891173017517
5039.0,1,,69.0,80.0,80.0,51.0,69.0,2107,181.17,43456563467956
5039.0,2,,69.0,84.0,84.0,52.0,70.0,2491,176.32,39278564024780
5039.0,3,,71.0,76.0,78.0,53.0,71.0,2470,187.30,39716330675720
5045.0,0,,70.0,74.0,74.0,52.0,70.0,2425,200.37,74892307111999
5045.0,1,,69.0,78.0,78.0,52.0,70.0,2338,200.18,43457698486450
5045.0,2,,72.0,80.0,78.0,53.0,72.0,2655,201.00,39279705710144
5045.0,3,,72.0,76.0,76.0,53.0,71.0,3025,200.13,39717465387268
5050.0,0,,71.0,74.0,74.0,52.0,71.0,2753,199.88,74893440426330
5051.0,1,,71.0,76.0,78.0,52.0,70.0,2658,200.43,43458832946411
5051.0,2,,72.0,78.0,78.0,53.0,72.0,3006,200.17,39280840683532
5051.0,3,,72.0,76.0,76.0,52.0,71.0,3336,200.01,39718599415771
5056.0,0,,70.0,74.0,74.0,52.0,70.0,2806,199.68,74894572638427
5056.0,1,,69.0,76.0,76.0,52.0,69.0,2795,199.67,43459965047058
5056.0,2,,72.0,78.0,78.0,53.0,72.0,3081,199.86,39281971865173
5056.0,3,,73.0,76.0,76.0,52.0,71.0,3388,199.83,39719732449218
5062.0,0,,71.0,74.0,74.0,52.0,70.0,2803,200.29,74895708292602
5062.0,1,,69.0,76.0,76.0,51.0,69.0,2698,199.77,43461097717956
5062.0,2,,72.0,78.0,78.0,53.0,72.0,3089,199.55,39283105334045
5062.0,3,,72.0,76.0,76.0,52.0,70.0,3385,199.46,39720863375183
5067.0,0,,71.0,72.0,72.0,52.0,70.0,2802,199.78,74896843058166
5068.0,1,,71.0,76.0,76.0,52.0,70.0,2516,199.98,43462233626403
5068.0,2,,72.0,80.0,78.0,53.0,72.0,3088,200.54,39284242374694
5068.0,3,100.00,72.0,74.0,74.0,52.0,70.0,3247,200.10,39721997958129
5073.0,0,,71.0,72.0,72.0,52.0,70.0,2797,200.06,74897975408508
5073.0,1,,71.0,76.0,76.0,52.0,70.0,2562,199.90,43463367070739
5073.0,2,,72.0,78.0,78.0,54.0,72.0,3091,200.08,39285376810607
5074.0,3,,73.0,74.0,74.0,52.0,70.0,3112,199.96,39723131741149
5079.0,0,,71.0,72.0,72.0,52.0,70.0,2802,199.79,74899110210815
5079.0,1,,71.0,76.0,76.0,52.0,70.0,2782,200.06,43464501428710
5079.0,2,,71.0,78.0,78.0,53.0,71.0,3089,199.92,39286510380371
5079.0,3,,71.0,76.0,74.0,52.0,70.0,3163,200.24,39724267080322
5084.0,0,,71.0,72.0,72.0,52.0,70.0,2804,199.50,74900241354736
5085.0,1,,70.0,76.0,76.0,51.0,69.0,2550,199.71,43465633785278
5085.0,2,,72.0,78.0,78.0,53.0,72.0,3088,199.74,39287642886169
5085.0,3,,72.0,76.0,74.0,53.0,71.0,3267,200.32,39725404875671
5090.0,0,,70.0,72.0,72.0,52.0,70.0,2802,200.55,74901380495788
5090.0,1,,69.0,76.0,76.0,51.0,69.0,2486,200.63,43466773352966
5090.0,2,,72.0,78.0,78.0,53.0,72.0,3088,200.14,39288779659301
5091.0,3,,73.0,74.0,74.0,53.0,71.0,3153,199.31,39726534964599
5096.0,0,,71.0,72.0,72.0,52.0,70.0,2806,200.02,74902512602233
5096.0,1,99.99,71.0,76.0,76.0,52.0,70.0,2583,199.88,43467906696777
5096.0,2,,72.0,78.0,78.0,53.0,72.0,3091,200.13,39289914380920
5096.0,3,,72.0,74.0,74.0,52.0,70.0,3185,200.28,39727670552673
5101.0,0,,71.0,72.0,72.0,52.0,70.0,2803,199.78,74903647359497
5102.0,1,,69.0,76.0,76.0,51.0,69.0,2654,200.28,43469042305603
5102.0,2,,71.0,78.0,78.0,53.0,71.0,3088,200.31,39291050156372
5102.0,3,,72.0,74.0,74.0,52.0,70.0,3237,199.97,39728804373840
5107.0,0,100.00,70.0,72.0,72.0,52.0,70.0,2804,196.47,74904761331298
5107.0,1,,71.0,78.0,78.0,51.0,69.0,2508,188.87,43470113205688
5107.0,2,,71.0,78.0,78.0,53.0,71.0,3090,200.03,39292184337951
5108.0,3,,71.0,76.0,74.0,52.0,70.0,3121,194.51,39729907224487
5113.0,0,99.99,69.0,72.0,72.0,51.0,69.0,2805,199.87,74905894576354
5113.0,1,,70.0,76.0,76.0,52.0,70.0,2499,200.56,43471250354797
5113.0,2,,70.0,76.0,78.0,52.0,71.0,3090,199.64,39293316314636
5113.0,3,,71.0,74.0,74.0,52.0,70.0,3091,199.66,39731041268066
5118.0,0,,71.0,72.0,72.0,52.0,70.0,2811,199.44,74907027413146
5119.0,1,,71.0,76.0,76.0,51.0,70.0,2485,199.76,43472385011535
5119.0,2,,72.0,78.0,76.0,53.0,71.0,3088,199.61,39294450120056
5119.0,3,,71.0,74.0,74.0,52.0,70.0,3193,199.75,39732173870239
5124.0,0,,69.0,72.0,72.0,51.0,69.0,2803,200.47,74908164068664
5124.0,1,,70.0,76.0,76.0,51.0,69.0,2718,199.79,43473517804199
5124.0,2,,70.0,78.0,78.0,52.0,70.0,3088,200.68,39295587991210
5125.0,3,,72.0,74.0,74.0,53.0,70.0,3311,200.19,39733308971496
5130.0,0,,71.0,72.0,72.0,51.0,70.0,2803,200.12,74909298756896
5130.0,1,,69.0,76.0,76.0,51.0,69.0,2686,200.38,43474653982360
5130.0,2,,72.0,78.0,78.0,53.0,71.0,3089,199.47,39296719007934
5130.0,3,,73.0,74.0,74.0,53.0,70.0,3131,199.44,39734441798095
5135.0,0,,71.0,72.0,72.0,52.0,70.0,2803,199.63,74910432639953
5136.0,1,,69.0,76.0,76.0,51.0,69.0,2507,199.22,43475785525085
5136.0,2,,71.0,78.0,78.0,53.0,71.0,3088,199.61,39297852802978
5136.0,3,,72.0,74.0,74.0,52.0,70.0,3152,200.23,39735577100708
5141.0,0,,70.0,72.0,72.0,52.0,70.0,2815,199.92,74911566175598
5141.0,1,,69.0,76.0,76.0,51.0,69.0,2572,200.03,43476919700927
5141.0,2,,71.0,78.0,76.0,53.0,71.0,3090,200.07,39298987178039
5142.0,3,,73.0,74.0,74.0,52.0,70.0,3333,200.02,39736711222595
5147.0,0,,70.0,72.0,72.0,51.0,70.0,2805,200.14,74912698948913
5147.0,1,100.00,70.0,76.0,76.0,51.0,69.0,2667,200.08,43478054133789
5147.0,2,,70.0,78.0,78.0,52.0,71.0,3090,200.73,39300125322326
5147.0,3,,72.0,74.0,74.0,52.0,71.0,3154,200.42,39737847603698
5152.0,0,,70.0,72.0,72.0,51.0,70.0,2803,200.33,74913836804077
5153.0,1,,70.0,76.0,76.0,51.0,69.0,2497,199.99,43479188073059
5153.0,2,,72.0,78.0,78.0,53.0,71.0,3089,199.33,39301255510375
5153.0,3,,72.0,74.0,74.0,52.0,70.0,3088,199.30,39738979644104
5158.0,0,,70.0,72.0,72.0,51.0,69.0,2803,199.39,74914967355590
5158.0,1,,70.0,76.0,76.0,52.0,70.0,2623,200.78,43480326497924
5158.0,2,,71.0,78.0,78.0,52.0,71.0,3089,200.08,39302391976684
5159.0,3,,72.0,74.0,74.0,52.0,70.0,3227,200.63,39740117211059
5164.0,0,,70.0,72.0,72.0,51.0,69.0,2804,200.33,74916103225952
5164.0,1,,70.0,76.0,76.0,51.0,69.0,2677,199.54,43481459898376
5164.0,2,,71.0,78.0,78.0,53.0,72.0,3089,200.32,39303527768798
5164.0,3,,72.0,74.0,74.0,53.0,70.0,3204,199.59,39741248904541
5169.0,0,,70.0,72.0,72.0,51.0,69.0,2801,199.86,74917238438964
5170.0,1,,71.0,76.0,76.0,51.0,69.0,2506,200.42,43482596292358
5170.0,2,,71.0,78.0,78.0,53.0,71.0,3087,199.90,39304663214416
5170.0,3,,70.0,72.0,74.0,51.0,70.0,3226,196.43,39742364615417
5175.0,0,,68.0,76.0,76.0,51.0,69.0,2730,187.15,74918299583801
5175.0,1,,68.0,80.0,80.0,51.0,69.0,2496,187.78,43483662898315
5175.0,2,,69.0,82.0,82.0,52.0,70.0,2927,179.83,39305682833312
5176.0,3,,69.0,80.0,80.0,52.0,69.0,2903,176.67,39743368078308
5181.0,0,100.00,68.0,78.0,78.0,51.0,69.0,2301,182.21,74919334514770
5181.0,1,,68.0,82.0,82.0,51.0,68.0,2365,179.15,43484680448730
5181.0,2,,69.0,84.0,84.0,52.0,70.0,2461,175.94,39306683928710
5181.0,3,,69.0,80.0,80.0,52.0,70.0,2399,176.95,39744373136352
5187.0,0,,68.0,80.0,80.0,51.0,69.0,2122,181.81,74920368988281
5187.0,1,,68.0,82.0,82.0,51.0,69.0,2153,178.65,43485696960937
5187.0,2,,69.0,84.0,84.0,53.0,70.0,2311,176.38,39307685751037
5187.0,3,,69.0,82.0,82.0,52.0,71.0,2341,176.95,39745379982299
5192.0,0,0.00,65.0,80.0,80.0,49.0,66.0,2119,102.41,74920951727966
5192.0,1,56.48,65.0,82.0,82.0,49.0,66.0,2109,155.83,43486583632995
5193.0,2,0.00,66.0,84.0,84.0,50.0,68.0,2427,112.92,39308328255737
5193.0,3,0.00,66.0,82.0,82.0,50.0,67.0,2408,82.31,39745847515075
5198.0,0,0.00,63.0,80.0,80.0,48.0,65.0,1754,58.44,74921283657897
5198.0,1,0.00,64.0,82.0,82.0,48.0,65.0,1892,59.57,43486921987792
5198.0,2,0.00,65.0,84.0,84.0,49.0,66.0,2082,57.16,39308652917785
5198.0,3,0.00,64.0,82.0,82.0,49.0,66.0,1977,57.68,39746175120788
5204.0,0,0.00,63.0,80.0,80.0,48.0,64.0,1470,58.26,74921614585815
5204.0,1,0.00,63.0,82.0,82.0,47.0,64.0,1545,59.13,43487257226806
5204.0,2,0.00,64.0,84.0,84.0,48.0,66.0,1694,57.08,39308976557983
5204.0,3,0.00,64.0,82.0,82.0,48.0,65.0,1599,57.41,39746500651306
5209.0,0,0.00,62.0,80.0,80.0,47.0,64.0,1526,58.44,74921945917297
5209.0,1,0.00,62.0,82.0,82.0,47.0,63.0,1515,59.17,43487592112487
5210.0,2,0.00,63.0,84.0,84.0,48.0,65.0,1547,57.09,39309300242126
5210.0,3,0.00,64.0,82.0,82.0,48.0,65.0,1536,57.48,39746826002990
5215.0,0,0.00,62.0,80.0,80.0,47.0,63.0,1472,58.13,74922274905639
5215.0,1,0.00,61.0,82.0,82.0,46.0,62.0,1450,58.36,43487923002868
5215.0,2,,69.0,74.0,74.0,51.0,69.0,1587,148.96,39310144850524
5215.0,3,0.00,63.0,82.0,82.0,48.0,64.0,1512,57.12,39747150428100
5221.0,0,0.00,62.0,80.0,80.0,47.0,63.0,1438,58.06,74922604678039
5221.0,1,0.00,61.0,82.0,82.0,46.0,62.0,1459,58.19,43488253512207
5221.0,2,100.00,71.0,76.0,76.0,53.0,71.0,2095,200.14,39311279630798
5221.0,3,0.00,63.0,82.0,82.0,48.0,64.0,1524,57.17,39747474560241
5226.0,0,0.00,61.0,80.0,80.0,46.0,62.0,1460,58.21,74922934738037
5226.0,1,0.00,61.0,82.0,82.0,46.0,62.0,1459,58.10,43488583532348
5227.0,2,,71.0,76.0,76.0,53.0,71.0,2620,199.67,39312413731506
5227.0,3,0.00,63.0,82.0,82.0,47.0,64.0,1500,57.09,39747798859252
5232.0,0,0.00,61.0,80.0,80.0,46.0,62.0,1459,57.72,74923262604309
5232.0,1,0.00,60.0,82.0,82.0,46.0,61.0,1407,57.91,43488911901367
5232.0,2,,72.0,76.0,76.0,53.0,71.0,2984,200.02,39313547869934
5232.0,3,0.00,62.0,82.0,82.0,47.0,64.0,1471,57.08,39748123082092
5238.0,0,0.00,60.0,80.0,80.0,46.0,62.0,1417,57.73,74923590484680
5238.0,1,0.00,60.0,82.0,82.0,45.0,61.0,1428,57.73,43489239794311
5238.0,2,,71.0,76.0,76.0,53.0,71.0,3077,199.81,39314682815917
5238.0,3,0.00,62.0,82.0,82.0,47.0,64.0,1492,56.93,39748445862121
5243.0,0,0.00,60.0,80.0,80.0,45.0,62.0,1428,57.97,74923919165649
5243.0,1,0.00,60.0,82.0,82.0,45.0,61.0,1417,57.95,43489568364013
5244.0,2,,70.0,76.0,76.0,52.0,71.0,2918,200.01,39315816844360
5244.0,3,0.00,62.0,82.0,82.0,47.0,63.0,1502,56.78,39748768375427
5249.0,0,0.00,60.0,80.0,80.0,45.0,61.0,1384,57.90,74924248014709
5249.0,1,0.00,60.0,82.0,82.0,45.0,61.0,1363,57.81,43489896722106
5249.0,2,,71.0,78.0,76.0,53.0,71.0,2800,200.33,39316954710693
5249.0,3,0.00,62.0,82.0,82.0,47.0,63.0,1480,57.00,39749092147399
5255.0,0,0.00,59.0,80.0,80.0,45.0,61.0,1365,57.55,74924574299011
5255.0,1,0.00,60.0,82.0,82.0,45.0,61.0,1375,57.55,43490223602478
5255.0,2,100.00,70.0,76.0,76.0,52.0,71.0,2898,199.69,39318088958679
5255.0,3,0.00,62.0,82.0,82.0,47.0,63.0,1471,56.77,39749414050598
5260.0,0,0.00,59.0,80.0,80.0,45.0,61.0,1386,57.75,74924902340148
5260.0,1,0.00,59.0,82.0,82.0,45.0,60.0,1386,57.77,43490551165954
5261.0,2,100.00,72.0,78.0,78.0,53.0,71.0,2941,199.74,39319221482177
5261.0,3,0.00,62.0,82.0,82.0,47.0,63.0,1450,56.70,39749735554138
5266.0,0,0.00,59.0,80.0,80.0,45.0,61.0,1374,57.57,74925229328918
5266.0,1,0.00,59.0,82.0,82.0,45.0,60.0,1363,57.75,43490879185974
5266.0,2,100.00,72.0,76.0,78.0,53.0,71.0,2810,200.22,39320358743652
5266.0,3,0.00,62.0,82.0,82.0,46.0,63.0,1457,56.85,39750058444641
5272.0,0,0.00,59.0,80.0,80.0,44.0,60.0,1332,57.53,74925555506896
5272.0,1,0.00,59.0,82.0,82.0,45.0,60.0,1386,57.55,43491205518798
5272.0,2,,71.0,78.0,78.0,53.0,71.0,2973,200.50,39321495588439
5272.0,3,0.00,61.0,82.0,82.0,46.0,63.0,1439,56.91,39750381111572
5277.0,0,0.00,59.0,80.0,80.0,44.0,60.0,1355,57.49,74925881492065
5277.0,1,0.00,59.0,82.0,82.0,45.0,60.0,1376,57.62,43491532251159
5278.0,2,,69.0,80.0,80.0,52.0,70.0,2877,193.05,39322592109680
5278.0,3,0.00,61.0,82.0,82.0,46.0,62.0,1450,56.24,39750700540283
5283.0,0,0.00,59.0,80.0,80.0,44.0,60.0,1343,57.43,74926207695922
5283.0,1,0.00,59.0,82.0,82.0,44.0,60.0,1343,57.67,43491859826354
5283.0,2,,68.0,82.0,82.0,52.0,70.0,2623,174.43,39323581127685
5283.0,3,0.00,61.0,82.0,82.0,46.0,62.0,1448,56.62,39751021571838
5289.0,0,0.00,58.0,80.0,80.0,44.0,60.0,1343,57.45,74926533463500
5289.0,1,0.00,59.0,82.0,82.0,44.0,59.0,1354,57.69,43492186916809
5289.0,2,,69.0,84.0,84.0,52.0,70.0,2347,173.79,39324568269409
5289.0,3,0.00,61.0,82.0,82.0,46.0,62.0,1439,56.55,39751342751770
5294.0,0,,65.0,66.0,66.0,48.0,65.0,1354,172.79,74927514935058
5295.0,1,,66.0,68.0,68.0,48.0,65.0,1364,175.01,43493180987304
5295.0,2,,71.0,80.0,78.0,53.0,71.0,2431,192.85,39325661709960
5295.0,3,,68.0,68.0,68.0,50.0,67.0,1448,185.43,39752395999328
5300.0,0,,68.0,66.0,68.0,49.0,67.0,1501,199.51,74928648128295
5300.0,1,,67.0,70.0,68.0,50.0,67.0,1490,199.97,43494316799072
5300.0,2,,72.0,78.0,78.0,53.0,72.0,2832,199.94,39326797366882
5300.0,3,,71.0,70.0,70.0,51.0,69.0,1998,200.28,39753531590576
5306.0,0,,69.0,68.0,68.0,51.0,68.0,1894,200.04,74929782383117
5306.0,1,,69.0,70.0,70.0,50.0,68.0,1893,200.09,43495451311157
5306.0,2,,71.0,78.0,78.0,53.0,72.0,3057,199.66,39327931455139
5306.0,3,,71.0,72.0,72.0,51.0,69.0,2539,199.77,39754666294006
5311.0,0,,70.0,70.0,70.0,51.0,69.0,2189,200.28,74930917959045
5312.0,1,,68.0,70.0,72.0,51.0,68.0,2211,199.56,43496584810607
5312.0,2,,72.0,78.0,78.0,53.0,71.0,3089,200.12,39329066138427
5312.0,3,,70.0,72.0,72.0,52.0,70.0,2919,199.55,39755797730224
5317.0,0,,70.0,70.0,70.0,51.0,69.0,2435,199.63,74932051853881
5317.0,1,,70.0,72.0,72.0,51.0,69.0,2371,200.21,43497719996948
5317.0,2,,71.0,78.0,78.0,53.0,71.0,3081,199.14,39330195279418
5318.0,3,,72.0,72.0,72.0,52.0,70.0,3059,200.51,39756934633422
5323.0,0,,70.0,70.0,70.0,51.0,69.0,2475,200.18,74933186863647
5323.0,1,,70.0,72.0,72.0,51.0,68.0,2476,200.20,43498855143920
5323.0,2,,72.0,78.0,78.0,53.0,71.0,3087,200.43,39331331694274
5323.0,3,,71.0,72.0,74.0,52.0,70.0,3089,199.77,39758067345520
5328.0,0,,70.0,70.0,70.0,51.0,69.0,2740,199.73,74934319328918
5329.0,1,,69.0,74.0,72.0,51.0,69.0,2486,199.50,43499986319885
5329.0,2,,71.0,78.0,78.0,53.0,71.0,3089,200.43,39332468121704
5329.0,3,,72.0,72.0,74.0,52.0,70.0,3089,199.27,39759199216979
5334.0,0,,70.0,70.0,70.0,51.0,70.0,2804,200.55,74935456458740
5334.0,1,,69.0,74.0,74.0,51.0,69.0,2487,199.78,43501119044494
5334.0,2,,70.0,78.0,78.0,52.0,71.0,3080,199.96,39333601922363
5335.0,3,,72.0,74.0,74.0,52.0,70.0,3089,200.10,39760333778320
5340.0,0,,69.0,70.0,70.0,51.0,70.0,2583,200.14,74936591244689
5340.0,1,,69.0,74.0,74.0,51.0,69.0,2487,200.58,43502256321960
5340.0,2,,71.0,78.0,78.0,53.0,71.0,3090,199.41,39334732591674
5340.0,3,,71.0,74.0,72.0,52.0,70.0,3081,200.14,39761468550537
5345.0,0,,69.0,70.0,72.0,51.0,70.0,2740,199.93,74937724858947
5346.0,1,,69.0,74.0,74.0,51.0,69.0,2485,199.50,43503389478637
5346.0,2,,71.0,78.0,78.0,53.0,71.0,3086,199.89,39335867956604
5346.0,3,,71.0,74.0,74.0,52.0,70.0,3086,200.15,39762603423522
5351.0,0,,70.0,70.0,70.0,51.0,69.0,2800,199.50,74938858046142
5351.0,1,,70.0,74.0,74.0,51.0,69.0,2493,199.76,43504524137451
5351.0,2,,72.0,78.0,78.0,53.0,71.0,3086,200.40,39337006229309
5352.0,3,,73.0,74.0,74.0,53.0,70.0,3086,200.07,39763739793334
5357.0,0,,70.0,70.0,70.0,51.0,69.0,2802,200.52,74939996989379
5357.0,1,,70.0,74.0,74.0,51.0,69.0,2485,201.08,43505664279479
5357.0,2,,71.0,78.0,78.0,53.0,71.0,3088,200.58,39338143497558
5357.0,3,,72.0,74.0,74.0,52.0,70.0,3225,200.38,39764877952941
5362.0,0,,69.0,72.0,72.0,51.0,69.0,2550,200.16,74941131879455
5363.0,1,,69.0,74.0,74.0,51.0,69.0,2487,199.79,43506797116455
5363.0,2,,72.0,78.0,76.0,53.0,72.0,2921,199.88,39339276825500
5363.0,3,,72.0,74.0,74.0,53.0,70.0,3112,200.02,39766012088134
5368.0,0,,71.0,72.0,70.0,52.0,70.0,2675,199.23,74942263529846
5368.0,1,,70.0,74.0,74.0,52.0,70.0,2496,199.68,43507931289306
5368.0,2,,71.0,78.0,78.0,53.0,71.0,3055,199.98,39340412708007
5369.0,3,,71.0,74.0,74.0,52.0,70.0,3087,199.96,39767145839050
5374.0,0,,70.0,72.0,72.0,52.0,70.0,2793,200.70,74943401492980
5374.0,1,,69.0,74.0,76.0,51.0,69.0,2686,200.21,43509066490539
5374.0,2,,72.0,78.0,78.0,53.0,71.0,3077,199.95,39341546419555
5374.0,3,,73.0,74.0,74.0,52.0,70.0,3120,199.52,39768279125427
5379.0,0,,71.0,72.0,72.0,51.0,70.0,2802,199.62,74944533345397
5380.0,1,,71.0,76.0,76.0,52.0,70.0,2506,199.83,43510201515869
5380.0,2,,70.0,78.0,78.0,52.0,71.0,3087,199.86,39342681647949
5380.0,3,,71.0,74.0,74.0,52.0,70.0,3299,200.10,39769413678344
5385.0,0,,69.0,72.0,72.0,51.0,70.0,2801,199.69,74945667605163
5385.0,1,,71.0,76.0,74.0,52.0,70.0,2493,199.70,43511335798217
5385.0,2,,70.0,78.0,78.0,52.0,71.0,3084,200.25,39343819087707
5386.0,3,,71.0,74.0,74.0,52.0,70.0,3158,199.82,39770550680297
5391.0,0,,70.0,72.0,72.0,51.0,69.0,2800,200.13,74946804347961
5391.0,1,,70.0,76.0,76.0,52.0,70.0,2675,200.69,43512473697204
5391.0,2,,71.0,78.0,78.0,53.0,71.0,3088,199.75,39344953671020
5391.0,3,,73.0,74.0,74.0,53.0,70.0,3088,200.18,39771685719299
5397.0,0,100.00,69.0,72.0,72.0,51.0,69.0,2802,200.32,74947942153686
5397.0,1,,70.0,76.0,76.0,51.0,69.0,2526,199.48,43513606716857
5397.0,2,,72.0,78.0,78.0,53.0,71.0,3088,199.94,39346087347229
5397.0,3,,73.0,74.0,74.0,52.0,71.0,3152,200.42,39772822116394
5402.0,0,,71.0,72.0,72.0,52.0,70.0,2804,199.60,74949073869750
5402.0,1,,70.0,76.0,76.0,52.0,70.0,2488,200.26,43514742205261
5402.0,2,,71.0,78.0,78.0,53.0,71.0,3090,199.67,39347219502685
5403.0,3,,72.0,74.0,74.0,52.0,70.0,3175,199.53,39773953454406
5408.0,0,,69.0,72.0,72.0,51.0,69.0,2752,200.25,74950209287719
5408.0,1,,70.0,76.0,76.0,51.0,69.0,2551,199.60,43515873909912
5408.0,2,,71.0,78.0,78.0,53.0,71.0,3090,200.40,39348355775146
5408.0,3,,72.0,74.0,74.0,53.0,70.0,3102,200.55,39775090595764
5414.0,0,,71.0,72.0,72.0,52.0,70.0,2795,200.09,74951343797912
5414.0,1,,70.0,76.0,76.0,51.0,69.0,2583,200.72,43517011973388
5414.0,2,,72.0,78.0,78.0,53.0,71.0,3038,199.31,39349485844482
5414.0,3,,72.0,74.0,74.0,52.0,70.0,3281,199.48,39776221627563
5419.0,0,,70.0,72.0,72.0,52.0,70.0,2803,200.23,74952479079467
5419.0,1,,69.0,76.0,76.0,51.0,69.0,2549,199.77,43518144659057
5419.0,2,,72.0,78.0,78.0,53.0,71.0,3076,200.17,39350622824890
5420.0,3,,70.0,74.0,72.0,51.0,69.0,3244,196.71,39777338938110
5425.0,0,,68.0,76.0,76.0,51.0,69.0,2674,185.33,74953531781677
5425.0,1,,68.0,80.0,82.0,51.0,69.0,2462,178.86,43519160586364
5425.0,2,,69.0,82.0,82.0,52.0,70.0,2947,180.25,39351646625671
5425.0,3,,69.0,80.0,80.0,51.0,70.0,2841,176.86,39778343509582
5431.0,0,,68.0,78.0,78.0,51.0,69.0,2271,182.06,74954565910644
5431.0,1,,68.0,82.0,82.0,51.0,68.0,2259,178.98,43520179006835
5431.0,2,,69.0,84.0,84.0,52.0,70.0,2544,176.29,39352647950195
5431.0,3,100.00,69.0,80.0,80.0,52.0,70.0,2417,177.01,39779350715270
5436.0,0,,68.0,78.0,78.0,51.0,69.0,2109,182.09,74955601975891
5436.0,1,100.00,68.0,82.0,82.0,51.0,69.0,2121,179.32,43521197551147
5437.0,2,,69.0,84.0,84.0,52.0,70.0,2490,176.14,39353650171447
5437.0,3,100.00,69.0,82.0,82.0,52.0,70.0,2364,177.31,39780359625793
5442.0,0,,71.0,74.0,74.0,52.0,71.0,2229,194.06,74956704251586
5442.0,1,,70.0,78.0,78.0,52.0,70.0,2186,191.86,43522289261413
5442.0,2,,72.0,80.0,80.0,53.0,72.0,2570,193.93,39354751702636
5442.0,3,,73.0,76.0,76.0,53.0,71.0,2656,196.97,39781476467163
5448.0,0,,71.0,74.0,74.0,52.0,70.0,2658,199.77,74957836919494
5448.0,1,,71.0,78.0,78.0,52.0,70.0,2530,200.24,43523422600646
5448.0,2,,72.0,78.0,78.0,53.0,72.0,2911,199.85,39355884843627
5448.0,3,,73.0,76.0,76.0,53.0,71.0,3230,199.90,39782609872680
5453.0,0,,70.0,74.0,74.0,52.0,70.0,2783,200.07,74958971301147
5453.0,1,100.00,71.0,76.0,76.0,52.0,70.0,2773,200.07,43524556983215
5454.0,2,,72.0,78.0,78.0,54.0,72.0,3070,199.76,39357017459411
5454.0,3,,73.0,76.0,76.0,53.0,71.0,3363,199.92,39783743429565
5459.0,0,,71.0,74.0,74.0,52.0,71.0,2803,199.59,74960104958801
5459.0,1,,70.0,76.0,76.0,52.0,69.0,2803,199.17,43525688293884
5459.0,2,,72.0,78.0,78.0,54.0,72.0,3079,200.21,39358152641540
5459.0,3,,73.0,76.0,76.0,53.0,71.0,3387,199.90,39784876859558
5465.0,0,,70.0,72.0,74.0,52.0,70.0,2806,200.76,74961241271240
5465.0,1,,71.0,76.0,76.0,52.0,70.0,2552,199.99,43526822236022
5465.0,2,,71.0,78.0,78.0,53.0,72.0,3090,199.62,39359284460815
5465.0,3,,72.0,76.0,76.0,53.0,70.0,3386,199.87,39786010105468
5470.0,0,,71.0,74.0,74.0,52.0,70.0,2795,199.88,74962374574340
5470.0,1,,70.0,76.0,76.0,51.0,69.0,2488,200.28,43527955816040
5471.0,2,,72.0,78.0,78.0,53.0,71.0,3080,200.58,39360421733215
5471.0,3,,71.0,74.0,76.0,52.0,70.0,3219,200.28,39787145696228
5476.0,0,,70.0,72.0,72.0,52.0,70.0,2802,199.55,74963508012512
5476.0,1,,71.0,76.0,76.0,52.0,70.0,2707,200.21,43529092987915
5476.0,2,,71.0,78.0,78.0,53.0,71.0,3088,199.50,39361552912780
5476.0,3,,72.0,76.0,74.0,52.0,70.0,3140,199.70,39788278001708
5482.0,0,,70.0,74.0,72.0,52.0,70.0,2814,199.96,74964641790649
5482.0,1,,69.0,76.0,76.0,51.0,69.0,2603,199.78,43530225765075
5482.0,2,,72.0,78.0,78.0,53.0,72.0,3088,199.81,39362687834655
5482.0,3,,72.0,74.0,74.0,53.0,70.0,3343,200.05,39789414282531
5487.0,0,,71.0,72.0,72.0,52.0,70.0,2804,200.26,74965777254699
5487.0,1,,70.0,76.0,76.0,52.0,70.0,2508,200.25,43531361191772
5488.0,2,,72.0,78.0,78.0,53.0,72.0,3090,200.55,39363824976684
5488.0,3,,72.0,74.0,76.0,52.0,70.0,3206,200.29,39790549907226
5493.0,0,,70.0,72.0,72.0,52.0,70.0,2805,199.84,74966910363586
5493.0,1,,70.0,76.0,76.0,52.0,70.0,2751,199.88,43532496537353
5493.0,2,,71.0,78.0,78.0,53.0,71.0,3090,199.43,39364955772277
5493.0,3,,73.0,76.0,76.0,52.0,70.0,3089,200.10,39791684472045
5499.0,0,,71.0,72.0,72.0,52.0,70.0,2802,200.19,74968047417602
5499.0,1,,70.0,76.0,76.0,51.0,69.0,2538,199.81,43533629483886
5499.0,2,,72.0,78.0,78.0,53.0,72.0,3088,200.83,39366094468444
5499.0,3,,71.0,74.0,74.0,52.0,70.0,3289,199.86,39792817699584
5504.0,0,,71.0,72.0,72.0,52.0,70.0,2803,200.21,74969182603820
5504.0,1,,70.0,76.0,76.0,52.0,69.0,2497,200.83,43534768178894
5505.0,2,,72.0,78.0,78.0,53.0,71.0,3087,198.95,39367224500854
5505.0,3,,69.0,78.0,78.0,52.0,70.0,3237,191.61,39793906061584
5510.0,0,,71.0,72.0,72.0,51.0,70.0,2676,190.81,74970264479187
5510.0,1,,71.0,76.0,76.0,51.0,69.0,2730,199.44,43535900983215
5510.0,2,,71.0,78.0,78.0,53.0,71.0,3090,196.62,39368339319519
5510.0,3,,72.0,76.0,76.0,52.0,70.0,3068,200.59,39795043405517
5516.0,0,,70.0,72.0,72.0,52.0,70.0,2667,200.05,74971398745605
5516.0,1,,69.0,76.0,76.0,51.0,69.0,2517,199.80,43537033860046
5516.0,2,,72.0,78.0,78.0,53.0,71.0,3089,199.66,39369471396789
5516.0,3,,73.0,74.0,74.0,52.0,71.0,3075,199.77,39796178098876
5521.0,0,100.00,71.0,72.0,72.0,52.0,70.0,2790,199.71,74972535088806
5521.0,1,,71.0,76.0,76.0,52.0,70.0,2537,200.29,43538171505187
5522.0,2,,71.0,78.0,78.0,52.0,71.0,3097,200.32,39370609205017
5522.0,3,,72.0,74.0,74.0,53.0,70.0,3269,199.91,39797311595642
5527.0,0,,71.0,72.0,72.0,52.0,70.0,2803,199.77,74973667799316
5527.0,1,100.00,71.0,76.0,76.0,52.0,69.0,2656,199.95,43539305194030
5527.0,2,,71.0,78.0,78.0,53.0,71.0,3078,200.05,39371743475830
5527.0,3,,73.0,74.0,74.0,52.0,70.0,3300,200.02,39798445733520
5533.0,0,,71.0,72.0,72.0,52.0,70.0,2803,200.28,74974803395385
5533.0,1,,70.0,76.0,76.0,52.0,70.0,2496,200.16,43540440092407
5533.0,2,,71.0,78.0,78.0,53.0,71.0,3088,199.67,39372877591430
5533.0,3,,73.0,74.0,76.0,53.0,71.0,3110,199.95,39799581435668
5538.0,0,,71.0,72.0,72.0,52.0,70.0,2804,199.78,74975936128906
5538.0,1,,70.0,76.0,76.0,52.0,69.0,2731,199.96,43541573867736
5539.0,2,,71.0,78.0,78.0,53.0,71.0,3090,199.64,39374009534118
5539.0,3,,72.0,74.0,74.0,52.0,70.0,3227,200.20,39800716583923
5544.0,0,,71.0,72.0,72.0,52.0,70.0,2803,199.62,74977069951293
5544.0,1,,71.0,76.0,76.0,52.0,69.0,2580,199.71,43542708240661
5544.0,2,,71.0,78.0,78.0,53.0,71.0,3088,199.91,39375143030761
5544.0,3,,71.0,74.0,74.0,52.0,70.0,3293,199.78,39801849353271
5550.0,0,,70.0,72.0,72.0,51.0,70.0,2805,200.18,74978204961914
5550.0,1,,69.0,76.0,76.0,51.0,69.0,2498,199.87,43543841488952
5550.0,2,,72.0,78.0,78.0,53.0,72.0,3091,200.24,39376278395202
5550.0,3,,71.0,74.0,74.0,52.0,70.0,3109,199.55,39802980780761
5555.0,0,,71.0,72.0,72.0,52.0,70.0,2802,200.07,74979339342102
5556.0,1,,71.0,76.0,76.0,52.0,70.0,2623,200.57,43544978716369
5556.0,2,,72.0,78.0,78.0,53.0,72.0,3087,200.08,39377414871826
5556.0,3,,72.0,74.0,74.0,52.0,70.0,3193,200.06,39804117142211
5561.0,0,,70.0,72.0,72.0,51.0,69.0,2803,200.26,74980474790527
5561.0,1,,70.0,76.0,76.0,52.0,70.0,2623,199.42,43546111447937
5561.0,2,,72.0,78.0,78.0,53.0,72.0,3078,199.97,39378548688354
5561.0,3,,72.0,74.0,74.0,52.0,70.0,3236,200.14,39805251914489
5567.0,0,,70.0,72.0,72.0,52.0,70.0,2802,200.11,74981611407653
5567.0,1,,70.0,76.0,76.0,52.0,69.0,2497,200.25,43547246892944
5567.0,2,,72.0,78.0,78.0,53.0,71.0,3089,200.38,39379684819763
5567.0,3,,73.0,74.0,74.0,53.0,71.0,3110,200.26,39806387413452
5572.0,0,,70.0,72.0,72.0,52.0,69.0,2805,200.03,74982745591369
5573.0,1,,68.0,80.0,80.0,51.0,69.0,2591,184.22,43548291406372
5573.0,2,,69.0,80.0,80.0,52.0,70.0,3087,191.81,39380774276367
5573.0,3,,69.0,78.0,78.0,52.0,70.0,3180,188.21,39807456439086
5578.0,0,,68.0,76.0,76.0,51.0,69.0,2651,182.41,74983781705810
5578.0,1,100.00,68.0,82.0,82.0,51.0,68.0,2324,178.87,43549309162597
5578.0,2,100.00,69.0,84.0,84.0,52.0,70.0,2714,176.60,39381777343322
5579.0,3,,69.0,80.0,80.0,51.0,69.0,2734,177.39,39808465801086
5584.0,0,,67.0,78.0,78.0,51.0,69.0,2280,180.62,74984807641784
5584.0,1,,68.0,82.0,82.0,51.0,68.0,2143,179.14,43550326672546
5584.0,2,100.00,69.0,84.0,84.0,52.0,70.0,2501,176.17,39382779743530
5584.0,3,,69.0,82.0,82.0,52.0,70.0,2365,177.50,39809473991455
5589.0,0,,68.0,78.0,80.0,51.0,69.0,2123,180.09,74985832377563
5590.0,1,30.64,65.0,82.0,82.0,49.0,66.0,2103,147.62,43551165162048
5590.0,2,33.43,66.0,84.0,84.0,50.0,68.0,2486,143.03,39383590749572
5590.0,3,77.00,67.0,82.0,82.0,51.0,68.0,2393,155.41,39810355145629
5595.0,0,0.00,64.0,80.0,80.0,49.0,66.0,2147,76.33,74986265175842
5595.0,1,0.00,63.0,82.0,82.0,48.0,65.0,1871,59.68,43551504152832
5595.0,2,0.00,65.0,84.0,84.0,49.0,66.0,2177,57.42,39383916869812
5596.0,3,0.00,65.0,82.0,82.0,49.0,66.0,2292,58.62,39810688108703
5601.0,0,0.00,63.0,80.0,80.0,48.0,65.0,1680,58.22,74986595856689
5601.0,1,0.00,63.0,82.0,82.0,47.0,64.0,1532,58.99,43551839222900
5601.0,2,0.00,64.0,84.0,84.0,48.0,65.0,1755,57.28,39384242238281
5601.0,3,0.00,64.0,82.0,82.0,48.0,65.0,1809,57.52,39811014798706
5606.0,0,0.00,63.0,80.0,80.0,47.0,64.0,1522,58.19,74986926398376
5607.0,1,0.00,62.0,82.0,82.0,47.0,63.0,1502,58.55,43552171221130
5607.0,2,0.00,63.0,84.0,84.0,48.0,65.0,1535,56.44,39384562244628
5607.0,3,0.00,64.0,82.0,82.0,48.0,65.0,1556,57.14,39811338762084
5612.0,0,0.00,62.0,80.0,80.0,47.0,64.0,1504,58.16,74987256173889
5612.0,1,65.72,66.0,72.0,72.0,49.0,66.0,1492,96.39,43552717740966
5612.0,2,0.00,63.0,84.0,84.0,48.0,65.0,1490,56.43,39384882779541
5613.0,3,0.00,63.0,82.0,82.0,48.0,64.0,1521,57.24,39811663906616
5618.0,0,0.00,62.0,80.0,80.0,47.0,63.0,1490,58.21,74987586831481
5618.0,1,,68.0,74.0,72.0,50.0,68.0,1617,199.88,43553853059509
5618.0,2,0.00,63.0,84.0,84.0,47.0,64.0,1502,56.36,39385202366027
5618.0,3,0.00,63.0,82.0,82.0,48.0,64.0,1512,57.26,39811989154968
5623.0,0,0.00,61.0,80.0,80.0,46.0,63.0,1458,58.03,74987916442687
5624.0,1,,69.0,74.0,74.0,51.0,69.0,2081,199.89,43554988458374
5624.0,2,0.00,63.0,84.0,84.0,47.0,64.0,1490,56.26,39385521950378
5624.0,3,0.00,63.0,82.0,82.0,47.0,64.0,1511,57.33,39812314768554
5629.0,0,0.00,61.0,80.0,80.0,46.0,63.0,1449,57.99,74988245233398
5629.0,1,,71.0,74.0,74.0,52.0,70.0,2391,199.74,43556122980102
5629.0,2,0.00,62.0,84.0,84.0,47.0,64.0,1492,55.84,39385839112426
5630.0,3,0.00,62.0,82.0,82.0,47.0,64.0,1502,57.02,39812638096252
5635.0,0,0.00,60.0,80.0,80.0,46.0,62.0,1428,58.04,74988574884704
5635.0,1,,71.0,74.0,74.0,52.0,70.0,2475,199.94,43557256645507
5635.0,2,0.00,62.0,84.0,84.0,47.0,63.0,1502,56.07,39386157044433
5635.0,3,0.00,62.0,82.0,82.0,47.0,64.0,1480,57.11,39812962458129
5641.0,0,0.00,60.0,80.0,80.0,46.0,62.0,1417,58.14,74988904542297
5641.0,1,,70.0,74.0,74.0,52.0,70.0,2686,200.07,43558393027526
5641.0,2,0.00,62.0,84.0,84.0,47.0,63.0,1480,55.92,39386474673461
5641.0,3,0.00,62.0,82.0,82.0,47.0,63.0,1492,57.19,39813286750305
5646.0,0,0.00,60.0,80.0,80.0,45.0,62.0,1428,57.69,74989232211486
5646.0,1,,70.0,74.0,74.0,52.0,69.0,2623,199.37,43559523471130
5646.0,2,0.00,62.0,84.0,84.0,47.0,63.0,1439,55.64,39386790140502
5647.0,3,0.00,62.0,82.0,82.0,47.0,63.0,1470,56.62,39813607810485
5652.0,0,0.00,59.0,80.0,80.0,45.0,61.0,1375,57.73,74989559519836
5652.0,1,,70.0,76.0,74.0,52.0,70.0,2570,201.01,43560663177001
5652.0,2,0.00,62.0,84.0,84.0,47.0,63.0,1450,55.81,39387106581420
5652.0,3,0.00,62.0,82.0,82.0,47.0,63.0,1439,56.80,39813930432678
5658.0,0,0.00,59.0,80.0,80.0,45.0,61.0,1365,57.81,74989887900207
5658.0,1,,71.0,76.0,74.0,52.0,70.0,2759,199.26,43561794946105
5658.0,2,0.00,62.0,84.0,84.0,47.0,63.0,1459,55.71,39387423033386
5658.0,3,0.00,62.0,82.0,82.0,46.0,62.0,1448,56.98,39814253482177
5663.0,0,0.00,59.0,80.0,80.0,45.0,61.0,1386,57.47,74990213773498
5663.0,1,,70.0,74.0,74.0,51.0,70.0,2539,200.05,43562929209472
5664.0,2,0.00,61.0,84.0,84.0,47.0,63.0,1448,55.74,39387739609497
5664.0,3,0.00,61.0,82.0,82.0,46.0,62.0,1448,56.74,39814575740783
5669.0,0,0.00,59.0,80.0,80.0,44.0,61.0,1373,57.45,74990540084838
5669.0,1,,69.0,74.0,74.0,51.0,70.0,2620,200.19,43564066266113
5669.0,2,0.00,61.0,84.0,84.0,47.0,63.0,1459,55.57,39388055224304
5669.0,3,0.00,61.0,82.0,82.0,46.0,62.0,1438,56.55,39814896963195
5675.0,0,0.00,59.0,80.0,80.0,44.0,60.0,1342,57.57,74990867065307
5675.0,1,,70.0,74.0,76.0,52.0,69.0,2621,199.72,43565200703979
5675.0,2,0.00,61.0,84.0,84.0,46.0,63.0,1448,55.60,39388371015563
5675.0,3,0.00,61.0,82.0,82.0,46.0,62.0,1426,56.74,39815219242187
5680.0,0,0.00,58.0,80.0,80.0,44.0,60.0,1361,57.56,74991194570495
5680.0,1,99.99,68.0,80.0,80.0,51.0,69.0,2478,178.77,43566217892944
5681.0,2,0.00,61.0,84.0,84.0,47.0,63.0,1445,55.91,39388689145507
5681.0,3,0.00,61.0,82.0,82.0,46.0,61.0,1424,56.64,39815541532104
5686.0,0,0.00,58.0,80.0,80.0,44.0,60.0,1362,57.29,74991519984436
5686.0,1,,68.0,82.0,82.0,51.0,69.0,2249,176.90,43567224449707
5686.0,2,0.00,61.0,84.0,84.0,46.0,62.0,1457,55.99,39389007154846
5686.0,3,0.00,61.0,82.0,82.0,46.0,62.0,1416,56.31,39815861351928
5692.0,0,,64.0,64.0,64.0,47.0,64.0,1354,119.92,74992199918395
5692.0,1,,70.0,78.0,78.0,52.0,69.0,2137,184.63,43568271313171
5692.0,2,100.00,66.0,70.0,68.0,50.0,66.0,1440,126.31,39389723346923
5692.0,3,,67.0,66.0,66.0,49.0,65.0,1440,132.72,39816613849304
5697.0,0,,67.0,66.0,66.0,49.0,66.0,1407,199.41,74993332567382
5697.0,1,,71.0,76.0,76.0,52.0,70.0,2445,200.21,43569406515502
5698.0,2,,69.0,70.0,70.0,51.0,69.0,1639,200.21,39390858547058
5698.0,3,,70.0,70.0,70.0,50.0,67.0,1714,200.29,39817749491516
5703.0,0,,69.0,68.0,68.0,50.0,68.0,1704,200.34,74994468518554
5703.0,1,,69.0,76.0,76.0,52.0,70.0,2763,199.50,43570537682800
5703.0,2,,71.0,72.0,72.0,52.0,71.0,2161,199.52,39391989846618
5703.0,3,,71.0,70.0,70.0,52.0,69.0,2254,199.70,39818881812072
5709.0,0,,70.0,68.0,68.0,51.0,70.0,2094,199.56,74995600004028
5709.0,1,,70.0,76.0,76.0,52.0,70.0,2802,200.48,43571674382202
5709.0,2,,72.0,74.0,74.0,53.0,72.0,2590,200.14,39393126636474
5709.0,3,,71.0,72.0,72.0,51.0,69.0,2686,199.89,39820017170043
5714.0,0,,70.0,70.0,70.0,51.0,70.0,2338,200.07,74996734426574
5714.0,1,,70.0,76.0,76.0,51.0,70.0,2793,199.88,43572809706970
5715.0,2,,72.0,74.0,74.0,53.0,71.0,2952,200.08,39394261098144
5715.0,3,,71.0,72.0,72.0,52.0,69.0,3025,199.79,39821149978698
5720.0,0,,70.0,70.0,70.0,51.0,69.0,2464,199.88,74997869717712
5720.0,1,,70.0,76.0,76.0,52.0,70.0,2485,200.13,43573944419616
5720.0,2,,72.0,74.0,74.0,53.0,71.0,3077,200.17,39395396060180
5720.0,3,,71.0,72.0,72.0,52.0,70.0,3077,199.75,39822284573791
5726.0,0,,70.0,70.0,70.0,51.0,70.0,2697,200.67,74999007535400
5726.0,1,,71.0,76.0,76.0,52.0,70.0,2643,199.18,43575075744506
5726.0,2,,71.0,76.0,74.0,53.0,71.0,3087,199.30,39396528061279
5726.0,3,,72.0,74.0,72.0,52.0,70.0,3088,200.69,39823422459472
5731.0,0,,70.0,70.0,70.0,51.0,69.0,2793,199.26,75000139352905
5731.0,1,,70.0,76.0,76.0,52.0,69.0,2699,200.74,43576213940185
5732.0,2,,72.0,76.0,76.0,53.0,71.0,3090,200.50,39397664889892
5732.0,3,,71.0,72.0,72.0,52.0,69.0,3089,199.47,39824553471618
5737.0,0,,69.0,70.0,70.0,52.0,70.0,2688,200.32,75001275161437
5737.0,1,,69.0,76.0,76.0,51.0,69.0,2508,199.46,43577344883605
5737.0,2,,70.0,76.0,76.0,53.0,71.0,3089,199.71,39398797243774
5737.0,3,,72.0,74.0,74.0,52.0,70.0,3088,200.28,39825691061584
5743.0,0,,71.0,70.0,70.0,52.0,70.0,2653,199.38,75002407633056
5743.0,1,,70.0,76.0,76.0,51.0,69.0,2696,200.01,43578480962951
5743.0,2,,70.0,76.0,76.0,52.0,70.0,3089,200.19,39399934318603
5743.0,3,,71.0,72.0,74.0,52.0,69.0,3089,199.95,39826824762023
5748.0,0,,69.0,70.0,70.0,51.0,69.0,2793,200.38,75003543777282
5749.0,1,,70.0,76.0,76.0,52.0,70.0,2612,200.64,43579618610778
5749.0,2,,72.0,76.0,76.0,53.0,71.0,3088,200.11,39401068964355
5749.0,3,,72.0,74.0,74.0,52.0,70.0,3088,199.73,39827957251953
5754.0,0,,70.0,72.0,72.0,51.0,70.0,2806,200.05,75004678047607
5754.0,1,,70.0,76.0,76.0,52.0,70.0,2531,200.05,43580752881469
5754.0,2,,71.0,76.0,76.0,53.0,71.0,3091,200.22,39402204189880
5754.0,3,,72.0,74.0,74.0,52.0,70.0,3092,200.57,39829094464233
5760.0,0,,70.0,72.0,72.0,51.0,69.0,2685,200.63,75005815597717
5760.0,1,,70.0,76.0,76.0,51.0,70.0,2653,200.10,43581887427490
5760.0,2,,71.0,76.0,76.0,53.0,71.0,2950,199.33,39403336384155
5760.0,3,,71.0,74.0,74.0,52.0,69.0,3088,199.91,39830229943420
5765.0,0,,69.0,70.0,72.0,51.0,69.0,2602,199.52,75006948873535
5766.0,1,,70.0,76.0,76.0,52.0,70.0,2509,199.96,43583021214294
5766.0,2,,70.0,76.0,76.0,53.0,71.0,2975,200.06,39404470703979
5766.0,3,,71.0,74.0,74.0,53.0,70.0,3089,199.72,39831362335144
5771.0,0,,70.0,72.0,72.0,51.0,70.0,2785,200.36,75008082914672
5771.0,1,,69.0,76.0,76.0,51.0,69.0,2645,199.36,43584153568481
5771.0,2,,71.0,78.0,78.0,53.0,71.0,3078,200.32,39405606491088
5771.0,3,,73.0,74.0,74.0,52.0,70.0,3090,200.04,39832496579101
5777.0,0,,71.0,72.0,72.0,52.0,70.0,2802,199.57,75009216460632
5777.0,1,100.00,69.0,76.0,76.0,51.0,69.0,2517,200.63,43585291151428
5777.0,2,,72.0,78.0,76.0,53.0,71.0,3078,199.77,39406739209838
5777.0,3,,71.0,74.0,74.0,52.0,70.0,3089,200.07,39833630994506
5782.0,0,,70.0,72.0,72.0,51.0,70.0,2803,200.05,75010350733459
5783.0,1,,70.0,76.0,76.0,51.0,69.0,2719,199.48,43586422204162
5783.0,2,,72.0,76.0,78.0,53.0,72.0,3090,200.13,39407873933349
5783.0,3,,71.0,74.0,74.0,52.0,70.0,3258,199.48,39834764050415
5788.0,0,,70.0,72.0,72.0,51.0,69.0,2804,200.07,75011485112060
5788.0,1,,69.0,76.0,76.0,51.0,69.0,2518,200.08,43587556681579
5788.0,2,,71.0,78.0,78.0,53.0,71.0,3088,199.73,39409008389526
5789.0,3,,72.0,74.0,74.0,52.0,70.0,3121,200.00,39835898055664
5794.0,0,,70.0,72.0,72.0,51.0,70.0,2760,199.78,75012619853393
5794.0,1,,69.0,76.0,76.0,51.0,69.0,2560,199.84,43588691783264
5794.0,2,,72.0,78.0,78.0,53.0,71.0,3089,200.06,39410142739013
5794.0,3,,72.0,74.0,74.0,52.0,70.0,3121,200.20,39837033185241
5799.0,0,,71.0,72.0,72.0,52.0,70.0,2646,200.32,75013755687683
5800.0,1,,70.0,76.0,76.0,52.0,70.0,2679,200.33,43589827654907
5800.0,2,,71.0,78.0,78.0,53.0,71.0,3090,199.57,39411274310424
5800.0,3,,72.0,74.0,74.0,53.0,70.0,3249,200.60,39838170580017
5805.0,0,,71.0,72.0,72.0,51.0,70.0,2794,200.03,75014889852905
5805.0,1,,71.0,76.0,76.0,52.0,70.0,2517,199.57,43590959222656
5805.0,2,,71.0,78.0,78.0,53.0,71.0,3090,200.92,39412413534912
5806.0,3,,73.0,74.0,74.0,52.0,70.0,3099,199.55,39839302016113
5811.0,0,,71.0,72.0,72.0,52.0,70.0,2802,200.05,75016024161193
5811.0,1,,69.0,76.0,76.0,52.0,70.0,2485,199.76,43592093864074
5811.0,2,,71.0,78.0,78.0,53.0,71.0,3088,199.60,39413547273559
5811.0,3,,72.0,74.0,74.0,52.0,70.0,3098,199.58,39840435642089
5816.0,0,,71.0,72.0,72.0,52.0,70.0,2804,200.10,75017158750732
5817.0,1,,71.0,76.0,76.0,52.0,70.0,2730,200.19,43593228943542
5817.0,2,,72.0,78.0,78.0,53.0,71.0,3089,200.01,39414681322998
5817.0,3,,73.0,74.0,74.0,53.0,70.0,3290,199.98,39841569514404
5822.0,0,,68.0,76.0,76.0,51.0,69.0,2803,191.31,75018245375671
5822.0,1,100.00,68.0,80.0,80.0,51.0,69.0,2570,187.32,43594291042785
5822.0,2,,69.0,82.0,82.0,52.0,70.0,3086,187.39,39415745699584
5823.0,3,,69.0,80.0,78.0,52.0,70.0,3104,182.09,39842603765808
5828.0,0,,67.0,78.0,78.0,51.0,69.0,2417,182.32,75019280960327
5828.0,1,,68.0,82.0,82.0,50.0,68.0,2354,179.26,43595309233947
5828.0,2,,69.0,84.0,82.0,52.0,70.0,2597,176.25,39416746771484
5828.0,3,100.00,69.0,80.0,80.0,52.0,70.0,2503,177.31,39843610883178
5833.0,0,,68.0,78.0,78.0,51.0,70.0,2122,181.66,75020314578796
5834.0,1,,68.0,82.0,82.0,51.0,68.0,2131,178.87,43596326986938
5834.0,2,,69.0,84.0,84.0,52.0,70.0,2501,176.02,39417748315063
5834.0,3,99.99,69.0,82.0,82.0,52.0,70.0,2334,176.96,39844617777587
5839.0,0,,71.0,76.0,76.0,52.0,70.0,2157,189.34,75021388123413
5839.0,1,,70.0,78.0,78.0,52.0,69.0,2127,186.58,43597386785644
5839.0,2,,70.0,80.0,80.0,52.0,71.0,2486,187.01,39418808662414
5840.0,3,,73.0,76.0,76.0,53.0,71.0,2559,193.30,39845713815307
5845.0,0,,71.0,74.0,74.0,52.0,71.0,2548,199.62,75022521944030
5845.0,1,99.99,71.0,78.0,78.0,52.0,70.0,2379,200.33,43598522660583
5845.0,2,,72.0,78.0,78.0,53.0,72.0,2813,199.89,39419942041503
5845.0,3,,72.0,76.0,76.0,52.0,70.0,3184,199.58,39846847437622
5850.0,0,,72.0,74.0,74.0,52.0,71.0,2780,199.86,75023657171081
5851.0,1,99.99,69.0,76.0,78.0,51.0,69.0,2706,199.69,43599656881164
5851.0,2,,72.0,78.0,78.0,53.0,72.0,3054,200.03,39421078216064
5851.0,3,,72.0,76.0,76.0,52.0,71.0,3360,199.67,39847981562316
5856.0,0,,72.0,74.0,74.0,52.0,71.0,2802,199.93,75024790794494
5856.0,1,,70.0,76.0,76.0,52.0,70.0,2803,200.36,43600792901550
5856.0,2,,72.0,78.0,78.0,53.0,72.0,3089,199.36,39422210556091
5857.0,3,,73.0,76.0,76.0,53.0,70.0,3385,200.14,39849116383361
5862.0,0,,71.0,74.0,74.0,52.0,70.0,2802,200.24,75025928169616
5862.0,1,,70.0,76.0,76.0,52.0,70.0,2632,199.48,43601925955017
5862.0,2,,72.0,78.0,78.0,53.0,72.0,3086,200.78,39423348991577
5862.0,3,,73.0,76.0,76.0,52.0,70.0,3393,199.59,39850250066955
5868.0,0,,71.0,74.0,74.0,52.0,71.0,2803,200.11,75027062815612
5868.0,1,,71.0,76.0,76.0,52.0,70.0,2508,200.01,43603059987915
5868.0,2,,72.0,78.0,78.0,53.0,72.0,3092,199.74,39424481524230
5868.0,3,,71.0,74.0,76.0,52.0,70.0,3324,200.57,39851385314941
5873.0,0,,71.0,72.0,72.0,52.0,70.0,2807,199.71,75028195163757
5873.0,1,,71.0,76.0,76.0,52.0,70.0,2573,200.00,43604194005859
5873.0,2,,72.0,78.0,78.0,53.0,72.0,3090,199.95,39425615257873
5874.0,3,,73.0,74.0,76.0,53.0,70.0,3132,199.91,39852518818359
5879.0,0,,72.0,72.0,72.0,52.0,70.0,2802,199.79,75029327969848
5879.0,1,,70.0,76.0,76.0,51.0,69.0,2780,199.72,43605328424072
5879.0,2,,72.0,78.0,78.0,53.0,72.0,3087,199.24,39426746938781
5879.0,3,,71.0,74.0,76.0,52.0,70.0,3299,200.25,39853656245422
5885.0,0,,69.0,72.0,72.0,51.0,70.0,2803,200.52,75030466908569
5885.0,1,,70.0,76.0,76.0,52.0,70.0,2549,200.66,43606466179504
5885.0,2,,72.0,78.0,80.0,53.0,71.0,3089,201.03,39427886765014
5885.0,3,,72.0,74.0,74.0,52.0,70.0,3227,199.58,39854787864624
5890.0,0,,71.0,72.0,72.0,52.0,70.0,2804,199.47,75031597905761
5890.0,1,,71.0,76.0,76.0,52.0,70.0,2487,199.51,43607597415405
5891.0,2,,72.0,78.0,78.0,53.0,72.0,3089,199.49,39429017860412
5891.0,3,,73.0,74.0,74.0,53.0,70.0,3110,200.20,39855925028686
5896.0,0,,70.0,72.0,72.0,51.0,70.0,2805,199.87,75032731163330
5896.0,1,,70.0,76.0,76.0,51.0,69.0,2656,199.91,43608730914245
5896.0,2,,71.0,78.0,78.0,53.0,71.0,3090,200.00,39430151886169
5896.0,3,,73.0,74.0,74.0,53.0,70.0,3208,199.58,39857054629516
5902.0,0,,70.0,72.0,72.0,51.0,70.0,2803,200.07,75033865563781
5902.0,1,,70.0,76.0,76.0,51.0,69.0,2592,200.05,43609865182128
5902.0,2,,71.0,78.0,78.0,53.0,71.0,3089,199.57,39431285437194
5902.0,3,,70.0,74.0,74.0,51.0,69.0,3362,197.33,39858175471496
5907.0,0,,68.0,76.0,76.0,51.0,69.0,2752,186.92,75034925376770
5907.0,1,,70.0,76.0,76.0,52.0,70.0,2500,190.27,43610944023803
5908.0,2,,71.0,78.0,78.0,53.0,71.0,3042,194.47,39432386148437
5908.0,3,,71.0,76.0,74.0,52.0,70.0,3170,197.52,39859293451110
5913.0,0,,71.0,74.0,74.0,52.0,70.0,2488,200.77,75036063766418
5913.0,1,,71.0,76.0,76.0,52.0,70.0,2486,199.65,43612076056274
5913.0,2,,71.0,78.0,78.0,53.0,71.0,3077,199.83,39433521163452
5913.0,3,,72.0,74.0,74.0,52.0,70.0,3087,199.86,39860428649780
5919.0,0,,71.0,72.0,72.0,52.0,70.0,2751,199.76,75037196427307
5919.0,1,,71.0,76.0,76.0,52.0,69.0,2496,200.04,43613212297546
5919.0,2,,71.0,78.0,78.0,53.0,71.0,3088,199.78,39434653915588
5919.0,3,,72.0,74.0,74.0,53.0,71.0,3089,199.93,39861562264282
5924.0,0,,71.0,72.0,72.0,51.0,70.0,2804,200.42,75038332796569
5924.0,1,,71.0,76.0,76.0,52.0,70.0,2764,200.07,43614344708557
5925.0,2,,71.0,78.0,78.0,53.0,72.0,3093,200.40,39435788158264
5925.0,3,,72.0,74.0,74.0,52.0,70.0,3263,199.82,39862695236816
5930.0,0,,71.0,72.0,72.0,52.0,70.0,2804,199.88,75039466117065
5930.0,1,,69.0,76.0,76.0,51.0,69.0,2592,199.71,43615479047485
5930.0,2,,70.0,78.0,78.0,53.0,71.0,3078,199.45,39436921025085
5930.0,3,,72.0,76.0,74.0,52.0,70.0,3257,199.90,39863828650512
5936.0,0,,70.0,72.0,72.0,51.0,69.0,2801,199.48,75040599141296
5936.0,1,,70.0,76.0,76.0,51.0,69.0,2495,200.13,43616613771118
5936.0,2,,70.0,78.0,78.0,52.0,71.0,3096,200.33,39438058923461
5936.0,3,,71.0,74.0,74.0,52.0,70.0,3108,200.02,39864964736450
5941.0,0,,70.0,72.0,72.0,52.0,70.0,2804,200.60,75041736567382
5941.0,1,,69.0,76.0,76.0,51.0,69.0,2720,199.99,43617747707824
5942.0,2,,73.0,78.0,78.0,53.0,72.0,3079,199.19,39439188352355
5942.0,3,,72.0,74.0,74.0,52.0,70.0,3256,199.90,39866098187011
5947.0,0,,70.0,72.0,72.0,51.0,69.0,2801,199.87,75042871845397
5947.0,1,,69.0,76.0,76.0,51.0,69.0,2580,200.11,43618884312866
5947.0,2,,72.0,78.0,78.0,53.0,72.0,3088,200.72,39440326408142
5947.0,3,,73.0,74.0,74.0,52.0,71.0,3133,200.21,39867233389221
5953.0,0,,70.0,72.0,72.0,51.0,70.0,2805,199.49,75044002973632
5953.0,1,,70.0,76.0,76.0,52.0,70.0,2497,200.06,43620018656188
5953.0,2,99.99,70.0,78.0,78.0,53.0,71.0,3089,199.99,39441460340454
5953.0,3,,73.0,76.0,74.0,52.0,70.0,3195,200.02,39868369484985
5958.0,0,,70.0,72.0,72.0,51.0,70.0,2802,199.94,75045136627868
5958.0,1,,70.0,76.0,76.0,51.0,69.0,2665,199.72,43621151074096
5959.0,2,,72.0,78.0,78.0,53.0,71.0,3089,199.73,39442594803649
5959.0,3,,73.0,74.0,76.0,52.0,70.0,3227,200.11,39869504106384
5964.0,0,,70.0,72.0,72.0,51.0,70.0,2804,200.11,75046271264099
5964.0,1,,69.0,76.0,76.0,51.0,69.0,2583,199.97,43622286915100
5964.0,2,,71.0,78.0,78.0,53.0,71.0,3091,199.60,39443726541870
5964.0,3,,72.0,76.0,74.0,53.0,70.0,3154,200.10,39870638667114
5970.0,0,,70.0,72.0,72.0,51.0,70.0,2806,199.86,75047404454528
5970.0,1,,70.0,76.0,76.0,51.0,69.0,2541,200.05,43623419192077
5970.0,2,,71.0,78.0,78.0,53.0,71.0,3090,200.01,39444860620910
5970.0,3,,69.0,78.0,78.0,52.0,70.0,3280,189.60,39871713711303
5975.0,0,,68.0,76.0,76.0,51.0,69.0,2792,192.46,75048497638610
5975.0,1,,68.0,80.0,80.0,51.0,68.0,2546,183.17,43624459572570
5976.0,2,,69.0,82.0,82.0,52.0,70.0,2927,178.32,39445873464904
5976.0,3,,69.0,80.0,80.0,52.0,69.0,2736,177.63,39872722634826
5981.0,0,,67.0,78.0,78.0,51.0,69.0,2442,181.05,75049524192199
5981.0,1,,68.0,82.0,82.0,51.0,68.0,2315,179.16,43625477228332
5981.0,2,,69.0,84.0,84.0,52.0,70.0,2504,176.45,39446873935791
5981.0,3,,69.0,82.0,82.0,52.0,70.0,2356,177.35,39873729959533
5987.0,0,100.00,68.0,78.0,78.0,51.0,69.0,2179,180.58,75050549866638
5987.0,1,,68.0,82.0,82.0,51.0,68.0,2146,178.77,43626489077209
5987.0,2,,69.0,84.0,84.0,52.0,70.0,2314,175.96,39447866344177
5987.0,3,,68.0,82.0,82.0,52.0,70.0,2398,167.87,39874671697753
