t_s,card,gpu_busy_pct,package_temp_c,vram_temp_c,vram_hottest_channel_c,memory_controller_temp_c,pcie_temp_c,fan_rpm,power_w,energy_counter_uj
0.0,0,0.00,60.0,62.0,62.0,46.0,63.0,1443,,41609607493713
0.0,1,0.00,52.0,56.0,56.0,40.0,53.0,1114,,21226200625915
0.0,2,0.00,55.0,58.0,58.0,42.0,57.0,1183,,20016281856384
0.0,3,0.00,56.0,58.0,58.0,43.0,59.0,1271,,20181834810302
5.0,0,0.00,60.0,62.0,62.0,46.0,62.0,1439,51.11,41609896776184
5.0,1,0.00,52.0,56.0,56.0,40.0,53.0,1110,47.89,21226472155395
6.0,2,0.00,55.0,58.0,58.0,42.0,57.0,1205,47.44,20016550836059
6.0,3,0.00,56.0,58.0,58.0,43.0,58.0,1267,47.56,20182104926391
11.0,0,0.00,59.0,62.0,62.0,46.0,62.0,1375,49.82,41610179758728
11.0,1,0.00,52.0,56.0,56.0,40.0,54.0,1123,48.03,21226744495361
11.0,2,0.00,55.0,58.0,58.0,42.0,57.0,1209,47.21,20016818502868
11.0,3,0.00,56.0,58.0,58.0,43.0,58.0,1273,47.35,20182372953247
17.0,0,0.00,59.0,62.0,62.0,45.0,61.0,1374,49.57,41610461305908
17.0,1,0.00,52.0,56.0,56.0,40.0,53.0,1120,48.16,21227018027404
17.0,2,0.00,55.0,58.0,58.0,42.0,57.0,1194,47.13,20017086181640
17.0,3,0.00,56.0,58.0,58.0,43.0,58.0,1278,47.46,20182642514770
22.0,0,0.00,59.0,62.0,62.0,45.0,61.0,1377,49.45,41610741197204
22.0,1,0.00,52.0,56.0,56.0,39.0,53.0,1102,48.23,21227291035461
23.0,2,0.00,55.0,58.0,58.0,42.0,57.0,1209,47.24,20017353532470
23.0,3,0.00,56.0,58.0,58.0,43.0,58.0,1265,47.53,20182912004333
28.0,0,0.00,58.0,60.0,62.0,45.0,61.0,1317,48.97,41611020345153
28.0,1,0.00,52.0,56.0,56.0,40.0,53.0,1117,48.04,21227564846618
28.0,2,0.00,55.0,58.0,58.0,42.0,57.0,1210,47.45,20017623980346
28.0,3,0.00,56.0,58.0,58.0,43.0,58.0,1270,47.26,20183180892761
34.0,0,0.00,58.0,60.0,60.0,45.0,61.0,1323,51.95,41611314888366
34.0,1,0.00,52.0,56.0,56.0,40.0,54.0,1122,48.23,21227838290222
34.0,2,0.00,55.0,58.0,58.0,42.0,57.0,1202,47.13,20017891692260
34.0,3,0.00,56.0,58.0,58.0,43.0,58.0,1265,47.24,20183450151855
39.0,0,0.00,58.0,60.0,60.0,44.0,60.0,1348,51.79,41611610101928
39.0,1,0.00,52.0,56.0,56.0,39.0,53.0,1106,48.24,21228113286499
40.0,2,0.00,55.0,58.0,58.0,42.0,57.0,1206,47.19,20018160212768
40.0,3,0.00,56.0,58.0,58.0,43.0,58.0,1217,47.53,20183719624084
45.0,0,0.00,58.0,60.0,60.0,44.0,60.0,1281,51.60,41611902660095
45.0,1,0.00,52.0,56.0,56.0,40.0,53.0,1123,47.93,21228385057312
45.0,2,0.00,55.0,58.0,58.0,42.0,57.0,1208,47.29,20018427871459
45.0,3,0.00,56.0,58.0,58.0,43.0,58.0,1251,47.56,20183988793945
51.0,0,0.00,57.0,60.0,60.0,44.0,60.0,1297,50.31,41612188937866
51.0,1,0.00,52.0,56.0,56.0,40.0,53.0,1117,47.95,21228657917480
51.0,2,0.00,55.0,58.0,58.0,42.0,57.0,1191,47.25,20018697218505
51.0,3,0.00,56.0,58.0,58.0,43.0,58.0,1254,47.28,20184258308776
56.0,0,0.00,57.0,60.0,60.0,44.0,60.0,1312,51.18,41612479142456
57.0,1,0.00,52.0,56.0,56.0,40.0,53.0,1110,48.21,21228931264343
57.0,2,0.00,55.0,58.0,58.0,42.0,57.0,1205,47.19,20018965242431
57.0,3,0.00,56.0,58.0,58.0,43.0,58.0,1248,47.31,20184527056762
62.0,0,17.72,58.0,60.0,60.0,44.0,61.0,1292,68.43,41612869871337
62.0,1,0.00,52.0,56.0,56.0,39.0,53.0,1121,48.15,21229207167663
62.0,2,0.00,55.0,58.0,58.0,42.0,57.0,1213,47.24,20019235910949
63.0,3,0.00,56.0,58.0,58.0,43.0,58.0,1251,47.59,20184800718933
68.0,0,33.26,59.0,60.0,60.0,44.0,61.0,1268,77.73,41613315274169
68.0,1,0.00,52.0,56.0,56.0,40.0,53.0,1115,48.16,21229482153259
68.0,2,0.00,55.0,58.0,58.0,42.0,57.0,1192,47.02,20019503951293
68.0,3,0.00,56.0,58.0,58.0,43.0,58.0,1249,47.36,20185069747131
73.0,0,13.27,58.0,60.0,60.0,45.0,61.0,1263,75.97,41613745253295
74.0,1,0.00,52.0,56.0,56.0,40.0,53.0,1115,48.12,21229754538269
74.0,2,0.00,55.0,58.0,58.0,42.0,57.0,1209,47.27,20019771500305
74.0,3,0.00,56.0,58.0,58.0,42.0,58.0,1260,47.47,20185338404724
79.0,0,0.38,64.0,62.0,62.0,46.0,64.0,1292,62.53,41614099789062
79.0,1,0.00,52.0,56.0,56.0,39.0,53.0,1112,48.34,21230028640747
79.0,2,0.00,55.0,58.0,58.0,42.0,57.0,1208,47.26,20020039013793
80.0,3,0.00,56.0,58.0,58.0,42.0,58.0,1240,47.47,20185607582885
85.0,0,65.46,62.0,66.0,66.0,47.0,63.0,1365,177.88,41615108380676
85.0,1,0.00,51.0,56.0,56.0,39.0,53.0,1121,48.06,21230301151672
85.0,2,0.00,55.0,58.0,58.0,42.0,57.0,1195,47.26,20020307453491
85.0,3,0.00,55.0,58.0,58.0,42.0,58.0,1247,47.72,20185878143859
90.0,0,0.00,60.0,66.0,66.0,46.0,63.0,1515,57.93,41615436855407
91.0,1,0.00,52.0,56.0,56.0,40.0,53.0,1113,47.93,21230572923645
91.0,2,0.00,55.0,58.0,58.0,42.0,57.0,1207,47.12,20020574645263
91.0,3,0.00,55.0,58.0,58.0,42.0,57.0,1261,47.13,20186145349121
96.0,0,1.53,59.0,62.0,62.0,45.0,62.0,1428,54.96,41615748491638
96.0,1,0.00,52.0,56.0,56.0,39.0,54.0,1121,48.27,21230846615966
96.0,2,0.00,55.0,58.0,58.0,42.0,57.0,1206,47.25,20020842530151
97.0,3,0.00,55.0,58.0,58.0,43.0,57.0,1238,47.30,20186413558715
102.0,0,0.00,58.0,60.0,60.0,45.0,61.0,1335,50.28,41616033584533
102.0,1,0.00,52.0,56.0,56.0,40.0,53.0,1123,48.27,21231120332763
102.0,2,0.00,55.0,58.0,58.0,42.0,57.0,1197,47.16,20021109923034
102.0,3,0.00,55.0,58.0,58.0,42.0,57.0,1250,47.43,20186682498168
107.0,0,0.00,59.0,62.0,62.0,45.0,61.0,1355,58.57,41616365675842
108.0,1,0.00,51.0,56.0,56.0,40.0,53.0,1112,48.06,21231392807617
108.0,2,0.00,55.0,58.0,58.0,42.0,57.0,1207,47.35,20021377948974
108.0,3,0.00,55.0,58.0,58.0,42.0,57.0,1260,47.21,20186950181213
113.0,0,0.00,57.0,62.0,62.0,44.0,60.0,1357,51.01,41616654390197
113.0,1,0.00,52.0,56.0,56.0,39.0,53.0,1113,48.17,21231665458801
113.0,2,0.00,55.0,58.0,58.0,42.0,57.0,1207,47.12,20021645115783
114.0,3,0.00,55.0,58.0,58.0,42.0,57.0,1239,47.25,20187217630737
119.0,0,0.50,57.0,62.0,62.0,44.0,60.0,1301,48.64,41616930167907
119.0,1,0.00,52.0,56.0,56.0,39.0,53.0,1121,48.32,21231939923461
119.0,2,0.00,55.0,58.0,58.0,42.0,57.0,1195,47.24,20021913439758
119.0,3,0.00,55.0,58.0,58.0,42.0,57.0,1259,47.27,20187486118957
124.0,0,1.01,57.0,62.0,62.0,44.0,59.0,1312,48.53,41617205832580
125.0,1,0.00,52.0,56.0,56.0,40.0,53.0,1112,48.48,21232214823669
125.0,2,0.00,55.0,58.0,58.0,42.0,57.0,1207,47.23,20022181206726
125.0,3,0.00,55.0,58.0,58.0,42.0,58.0,1249,47.49,20187755374389
130.0,0,68.32,60.0,62.0,62.0,45.0,61.0,1301,84.87,41617687068176
130.0,1,0.00,52.0,56.0,56.0,40.0,53.0,1121,48.10,21232487577514
130.0,2,0.00,55.0,58.0,58.0,42.0,57.0,1206,46.99,20022447652770
131.0,3,0.00,55.0,58.0,58.0,42.0,57.0,1250,47.22,20188023126159
136.0,0,0.00,58.0,62.0,62.0,45.0,60.0,1332,59.83,41618026884277
136.0,1,0.00,52.0,56.0,56.0,39.0,53.0,1120,48.02,21232760354675
136.0,2,0.00,55.0,58.0,58.0,42.0,57.0,1204,47.27,20022716135803
136.0,3,0.00,55.0,58.0,58.0,42.0,57.0,1245,47.35,20188292540527
142.0,0,0.00,58.0,60.0,62.0,44.0,60.0,1363,61.29,41618375009521
142.0,1,0.00,52.0,56.0,56.0,40.0,53.0,1109,48.16,21233034410949
142.0,2,0.00,55.0,58.0,58.0,42.0,57.0,1204,47.25,20022984961120
142.0,3,0.00,55.0,58.0,58.0,42.0,57.0,1257,47.54,20188562592407
147.0,0,0.15,58.0,60.0,60.0,44.0,60.0,1351,58.05,41618704725830
147.0,1,0.00,52.0,56.0,56.0,39.0,53.0,1121,47.88,21233305867370
147.0,2,0.00,55.0,58.0,58.0,42.0,57.0,1205,47.33,20023253295410
148.0,3,0.00,55.0,58.0,58.0,42.0,57.0,1195,47.49,20188832334533
153.0,0,0.00,57.0,60.0,60.0,44.0,59.0,1280,50.61,41618992164123
153.0,1,0.00,52.0,56.0,56.0,40.0,53.0,1120,48.08,21233579421020
153.0,2,0.00,54.0,58.0,58.0,42.0,57.0,1216,46.99,20023520664489
153.0,3,0.00,55.0,58.0,58.0,42.0,57.0,1247,47.27,20189100347839
159.0,0,99.07,65.0,66.0,66.0,48.0,65.0,1290,182.12,41620026620117
159.0,1,0.00,52.0,56.0,56.0,40.0,53.0,1111,48.28,21233853158203
159.0,2,0.00,55.0,58.0,58.0,42.0,57.0,1196,47.37,20023789240722
159.0,3,0.00,55.0,58.0,58.0,42.0,57.0,1259,47.56,20189370467773
164.0,0,0.00,61.0,70.0,70.0,47.0,63.0,1398,137.76,41620807741821
164.0,1,0.00,52.0,56.0,56.0,40.0,53.0,1112,48.35,21234127316467
165.0,2,0.00,55.0,58.0,58.0,42.0,57.0,1207,47.37,20024057846557
165.0,3,0.00,55.0,58.0,58.0,42.0,57.0,1197,47.84,20189641214355
170.0,0,0.00,60.0,70.0,70.0,46.0,62.0,1484,52.83,41621106753479
170.0,1,0.00,52.0,56.0,56.0,40.0,53.0,1124,48.08,21234399440795
170.0,2,0.00,55.0,58.0,58.0,42.0,57.0,1208,47.34,20024325809448
170.0,3,0.00,55.0,58.0,58.0,42.0,57.0,1208,47.12,20189908405883
176.0,0,0.00,59.0,70.0,70.0,45.0,62.0,1366,52.77,41621405976501
176.0,1,0.00,52.0,56.0,56.0,40.0,53.0,1111,48.01,21234671657714
176.0,2,0.00,55.0,58.0,58.0,42.0,57.0,1198,47.11,20024593394836
176.0,3,0.00,55.0,58.0,58.0,42.0,57.0,1228,47.12,20190177920227
181.0,0,100.00,63.0,68.0,68.0,48.0,64.0,1385,106.79,41622016794982
181.0,1,0.00,52.0,56.0,56.0,39.0,53.0,1113,48.29,21234947872924
182.0,2,0.00,55.0,58.0,58.0,42.0,57.0,1205,47.33,20024863667663
182.0,3,0.00,55.0,58.0,58.0,42.0,57.0,1238,47.41,20190446746887
187.0,0,100.00,65.0,70.0,70.0,49.0,66.0,1407,176.24,41623016078979
187.0,1,0.00,52.0,56.0,56.0,39.0,53.0,1121,48.04,21235220287719
187.0,2,0.00,54.0,58.0,58.0,42.0,57.0,1206,47.38,20025132307373
187.0,3,0.00,55.0,58.0,58.0,42.0,57.0,1249,47.78,20190717669128
193.0,0,,66.0,72.0,72.0,50.0,68.0,1494,180.18,41624037723144
193.0,1,0.00,52.0,56.0,56.0,40.0,53.0,1124,48.11,21235493082580
193.0,2,0.00,55.0,58.0,58.0,42.0,57.0,1198,47.11,20025399422424
193.0,3,0.00,55.0,58.0,58.0,42.0,57.0,1197,47.56,20190987334960
198.0,0,,67.0,74.0,74.0,51.0,69.0,1746,177.71,41625045334228
198.0,1,0.00,52.0,56.0,56.0,40.0,53.0,1111,48.24,21235766622680
199.0,2,0.00,55.0,58.0,58.0,42.0,57.0,1207,47.36,20025667950317
199.0,3,0.00,55.0,58.0,58.0,42.0,57.0,1196,47.62,20191257354309
204.0,0,,68.0,76.0,76.0,51.0,69.0,1957,181.32,41626073439636
204.0,1,0.00,51.0,56.0,56.0,39.0,53.0,1121,48.40,21236041037292
204.0,2,0.00,55.0,58.0,58.0,42.0,57.0,1206,47.52,20025937381713
204.0,3,0.00,55.0,58.0,58.0,42.0,57.0,1195,47.74,20191528063354
210.0,0,,68.0,76.0,76.0,51.0,69.0,2074,177.03,41627077222595
210.0,1,0.00,52.0,56.0,56.0,40.0,53.0,1111,48.13,21236313946594
210.0,2,0.00,54.0,58.0,58.0,42.0,57.0,1175,47.44,20026206368225
210.0,3,0.00,55.0,58.0,58.0,42.0,57.0,1228,47.77,20191799374023
215.0,0,,68.0,78.0,78.0,51.0,70.0,2179,181.29,41628106923400
215.0,1,0.00,52.0,56.0,56.0,40.0,53.0,1111,48.02,21236586689514
216.0,2,0.00,55.0,58.0,58.0,42.0,57.0,1206,47.14,20026474125244
216.0,3,0.00,55.0,58.0,58.0,42.0,57.0,1238,47.61,20192069311401
221.0,0,,68.0,78.0,78.0,51.0,70.0,2283,177.74,41629114711608
221.0,1,0.00,52.0,56.0,56.0,40.0,53.0,1120,48.14,21236860136840
221.0,2,0.00,55.0,58.0,58.0,42.0,57.0,1215,47.38,20026743217102
221.0,3,0.00,55.0,58.0,58.0,42.0,58.0,1247,47.66,20192340007080
227.0,0,99.99,68.0,78.0,78.0,51.0,70.0,2293,181.82,41630147450561
227.0,1,0.00,52.0,56.0,56.0,40.0,53.0,1121,48.41,21237134639892
227.0,2,0.00,55.0,58.0,58.0,42.0,57.0,1174,47.49,20027012474975
227.0,3,0.00,55.0,58.0,58.0,42.0,57.0,1259,47.76,20192611261291
232.0,0,99.66,69.0,78.0,78.0,52.0,70.0,2296,181.59,41631177081359
232.0,1,0.00,52.0,56.0,56.0,40.0,53.0,1111,48.10,21237407341125
233.0,2,0.00,55.0,58.0,58.0,42.0,57.0,1206,47.11,20027280075012
233.0,3,0.00,55.0,58.0,58.0,42.0,58.0,1238,47.63,20192881296508
238.0,0,,69.0,80.0,80.0,52.0,70.0,2297,177.95,41632186045471
238.0,1,0.00,52.0,56.0,56.0,40.0,53.0,1111,48.13,21237680746032
238.0,2,0.00,55.0,58.0,58.0,42.0,57.0,1207,47.31,20027548322814
238.0,3,0.00,56.0,58.0,58.0,42.0,58.0,1259,47.65,20193151460388
244.0,0,,69.0,80.0,80.0,52.0,71.0,2294,181.80,41633218652770
244.0,1,0.00,51.0,56.0,56.0,39.0,53.0,1120,48.35,21237954904296
244.0,2,0.00,55.0,58.0,58.0,42.0,57.0,1184,47.44,20027817802246
244.0,3,0.00,55.0,58.0,58.0,43.0,58.0,1248,47.73,20193422559448
249.0,0,100.00,69.0,80.0,80.0,52.0,70.0,2295,178.27,41634229451843
249.0,1,0.00,52.0,56.0,56.0,39.0,53.0,1112,48.12,21238227734191
250.0,2,0.00,55.0,58.0,58.0,42.0,57.0,1208,47.46,20028086435852
250.0,3,0.00,56.0,58.0,58.0,43.0,58.0,1250,47.90,20193693694763
255.0,0,99.98,69.0,80.0,80.0,52.0,71.0,2308,182.02,41635261527160
255.0,1,0.00,51.0,56.0,56.0,39.0,54.0,1111,48.10,21238500920898
255.0,2,0.00,55.0,58.0,58.0,42.0,57.0,1206,47.11,20028353997375
255.0,3,0.00,56.0,58.0,58.0,43.0,58.0,1248,47.59,20193963995361
261.0,0,,69.0,80.0,80.0,52.0,70.0,2293,178.14,41636273358215
261.0,1,0.00,52.0,56.0,56.0,40.0,53.0,1121,48.23,21238774382751
261.0,2,0.00,55.0,58.0,58.0,42.0,57.0,1195,47.38,20028622666687
261.0,3,0.00,56.0,58.0,58.0,43.0,58.0,1247,47.63,20194234509094
266.0,0,100.00,69.0,82.0,80.0,52.0,71.0,2368,181.93,41637306719482
267.0,1,0.00,52.0,56.0,56.0,40.0,53.0,1110,48.30,21239048732360
267.0,2,0.00,54.0,58.0,58.0,42.0,57.0,1204,47.41,20028892446105
267.0,3,0.00,56.0,58.0,58.0,43.0,58.0,1247,47.82,20194506144165
272.0,0,99.27,69.0,80.0,80.0,52.0,71.0,2314,181.80,41638339355346
272.0,1,0.00,52.0,56.0,56.0,40.0,53.0,1110,48.03,21239321568725
272.0,2,0.00,55.0,58.0,58.0,42.0,58.0,1186,47.37,20029161007629
273.0,3,0.00,56.0,58.0,58.0,43.0,58.0,1249,47.58,20194775899414
278.0,0,,69.0,80.0,80.0,52.0,70.0,2402,178.46,41639351208679
278.0,1,0.00,52.0,56.0,56.0,39.0,53.0,1122,48.17,21239594671081
278.0,2,0.00,54.0,58.0,58.0,42.0,57.0,1196,47.25,20029428908996
278.0,3,0.00,56.0,58.0,58.0,43.0,58.0,1248,47.74,20195046608337
283.0,0,,69.0,80.0,80.0,52.0,70.0,2359,182.26,41640384646972
284.0,1,0.00,52.0,56.0,56.0,40.0,53.0,1111,48.34,21239868758300
284.0,2,0.00,55.0,58.0,58.0,42.0,57.0,1206,47.39,20029698084838
284.0,3,0.00,56.0,58.0,58.0,43.0,58.0,1248,47.74,20195317778503
289.0,0,99.99,69.0,82.0,82.0,52.0,70.0,2360,178.23,41641395225280
289.0,1,0.00,52.0,56.0,56.0,40.0,53.0,1122,48.17,21240141859130
289.0,2,0.00,55.0,58.0,58.0,42.0,57.0,1186,47.50,20029967414428
290.0,3,0.00,56.0,58.0,58.0,43.0,58.0,1250,47.80,20195588811035
295.0,0,,68.0,82.0,82.0,52.0,70.0,2390,182.19,41642430074157
295.0,1,0.00,52.0,56.0,56.0,40.0,53.0,1122,48.09,21240414983459
295.0,2,0.00,55.0,58.0,58.0,42.0,57.0,1196,47.23,20030235196472
295.0,3,0.00,56.0,58.0,58.0,43.0,58.0,1248,47.72,20195859374938
300.0,0,,69.0,82.0,82.0,52.0,70.0,2326,178.43,41643441781494
301.0,1,0.00,52.0,56.0,56.0,40.0,53.0,1110,48.12,21240688317016
301.0,2,0.00,55.0,58.0,58.0,42.0,57.0,1204,47.27,20030503709777
301.0,3,0.00,56.0,58.0,58.0,43.0,58.0,1257,47.71,20196130351196
306.0,0,100.00,69.0,82.0,82.0,52.0,71.0,2397,182.18,41644478405700
306.0,1,0.00,52.0,56.0,56.0,39.0,53.0,1120,48.18,21240962003662
306.0,2,0.00,55.0,58.0,58.0,42.0,57.0,1205,47.49,20030773468994
307.0,3,0.00,56.0,58.0,58.0,43.0,58.0,1269,47.81,20196401891845
312.0,0,99.60,71.0,78.0,78.0,52.0,71.0,2348,181.82,41645509314819
312.0,1,0.00,52.0,56.0,56.0,39.0,53.0,1121,48.06,21241234524902
312.0,2,0.00,55.0,58.0,58.0,42.0,57.0,1195,47.45,20031042522644
312.0,3,0.00,56.0,58.0,58.0,43.0,58.0,1269,47.84,20196673597656
317.0,0,100.00,69.0,82.0,82.0,52.0,71.0,2433,178.82,41646523246765
318.0,1,0.00,52.0,56.0,56.0,40.0,53.0,1111,48.13,21241507424133
318.0,2,0.00,55.0,58.0,58.0,42.0,57.0,1206,47.13,20031310214294
318.0,3,0.00,56.0,58.0,58.0,43.0,58.0,1238,47.77,20196944470031
323.0,0,99.14,69.0,80.0,82.0,52.0,71.0,2325,181.86,41647556215698
323.0,1,0.00,52.0,56.0,56.0,40.0,53.0,1120,48.20,21241781707641
323.0,2,0.00,55.0,58.0,58.0,42.0,57.0,1214,47.42,20031579572143
324.0,3,0.00,56.0,58.0,58.0,43.0,58.0,1256,47.78,20197215854675
329.0,0,,69.0,82.0,82.0,52.0,71.0,2418,178.54,41648570348144
329.0,1,0.00,52.0,56.0,56.0,39.0,53.0,1120,48.39,21242056557189
329.0,2,0.00,55.0,58.0,58.0,42.0,57.0,1195,47.47,20031849221557
329.0,3,0.00,56.0,58.0,58.0,43.0,58.0,1279,47.76,20197487159240
334.0,0,,69.0,82.0,82.0,52.0,71.0,2325,182.13,41649604862609
335.0,1,0.00,52.0,56.0,56.0,39.0,53.0,1110,48.12,21242329874877
335.0,2,0.00,55.0,58.0,58.0,42.0,57.0,1205,47.16,20032117078430
335.0,3,0.00,56.0,58.0,58.0,43.0,58.0,1279,47.67,20197757942138
340.0,0,100.00,69.0,82.0,82.0,52.0,70.0,2442,178.47,41650618563171
340.0,1,0.00,52.0,56.0,56.0,40.0,53.0,1121,48.19,21242603122863
340.0,2,0.00,55.0,58.0,58.0,42.0,57.0,1205,47.26,20032385060913
341.0,3,0.00,56.0,58.0,58.0,43.0,58.0,1259,47.81,20198029019531
346.0,0,,69.0,82.0,82.0,52.0,71.0,2347,182.09,41651652834411
346.0,1,0.00,51.0,56.0,56.0,39.0,53.0,1121,48.18,21242876775878
346.0,2,0.00,55.0,58.0,58.0,42.0,57.0,1205,47.38,20032654167419
346.0,3,0.00,56.0,58.0,58.0,43.0,59.0,1279,47.75,20198300241088
352.0,0,,69.0,82.0,82.0,52.0,71.0,2410,178.75,41652666345764
352.0,1,0.00,51.0,56.0,56.0,39.0,53.0,1110,48.13,21243149668640
352.0,2,0.00,55.0,58.0,58.0,42.0,57.0,1206,47.45,20032923655517
352.0,3,0.00,56.0,58.0,58.0,43.0,58.0,1279,47.84,20198571997558
357.0,0,0.00,65.0,82.0,82.0,50.0,68.0,2315,133.90,41653426919982
357.0,1,0.00,52.0,56.0,56.0,39.0,53.0,1121,48.02,21243422426086
357.0,2,0.00,55.0,58.0,58.0,42.0,57.0,1206,47.15,20033190995483
358.0,3,0.00,56.0,58.0,58.0,43.0,58.0,1271,47.56,20198841684326
363.0,0,0.00,64.0,82.0,82.0,49.0,66.0,2001,59.81,41653766045959
363.0,1,0.00,51.0,56.0,56.0,39.0,53.0,1122,48.31,21243696352050
363.0,2,0.00,55.0,58.0,58.0,42.0,57.0,1196,47.13,20033458250915
363.0,3,0.00,56.0,58.0,58.0,43.0,58.0,1271,47.33,20199110038269
369.0,0,50.07,66.0,74.0,74.0,50.0,68.0,1558,82.97,41654235679260
369.0,1,0.00,52.0,56.0,56.0,40.0,53.0,1113,48.44,21243970530761
369.0,2,0.00,55.0,58.0,58.0,42.0,57.0,1208,47.28,20033726335510
369.0,3,0.00,56.0,58.0,58.0,43.0,58.0,1281,47.51,20199379430358
374.0,0,,68.0,78.0,78.0,51.0,69.0,1703,177.93,41655246317565
374.0,1,0.00,52.0,56.0,56.0,39.0,53.0,1111,48.08,21244243626098
375.0,2,0.00,55.0,58.0,58.0,42.0,57.0,1207,47.50,20033995680969
375.0,3,0.00,56.0,58.0,58.0,43.0,58.0,1271,47.69,20199649855102
380.0,0,95.47,71.0,76.0,76.0,52.0,71.0,2022,186.35,41656301063964
380.0,1,0.00,52.0,56.0,56.0,39.0,53.0,1122,48.14,21244516551940
380.0,2,0.00,55.0,58.0,58.0,42.0,57.0,1196,47.21,20034263372436
380.0,3,0.00,56.0,58.0,58.0,43.0,58.0,1259,47.72,20199920429382
386.0,0,40.93,66.0,74.0,74.0,50.0,69.0,2443,170.91,41657271846252
386.0,1,0.00,52.0,56.0,56.0,40.0,53.0,1111,48.23,21244790016967
386.0,2,0.00,55.0,58.0,58.0,42.0,57.0,1196,47.27,20034531375000
386.0,3,0.00,56.0,58.0,58.0,43.0,58.0,1249,47.53,20200189931335
391.0,0,,70.0,78.0,78.0,52.0,71.0,2351,176.88,41658274761352
391.0,1,0.00,52.0,56.0,56.0,40.0,53.0,1123,48.25,21245063620361
392.0,2,0.00,55.0,58.0,58.0,42.0,57.0,1207,47.46,20034800490844
392.0,3,0.00,56.0,58.0,58.0,43.0,58.0,1249,47.86,20200461308105
397.0,0,,70.0,78.0,78.0,52.0,71.0,2442,197.84,41659396497314
397.0,1,0.00,52.0,56.0,56.0,39.0,53.0,1120,48.14,21245337056335
397.0,2,0.00,55.0,58.0,58.0,42.0,57.0,1195,47.16,20035068367492
397.0,3,0.00,56.0,58.0,58.0,43.0,58.0,1269,47.69,20200732206176
403.0,0,,71.0,76.0,76.0,52.0,71.0,2645,200.50,41660535337890
403.0,1,0.00,52.0,56.0,56.0,39.0,53.0,1111,48.11,21245609859619
403.0,2,0.00,55.0,58.0,58.0,42.0,57.0,1206,47.24,20035336209472
403.0,3,0.00,56.0,58.0,58.0,43.0,58.0,1280,47.84,20201003941345
408.0,0,,70.0,78.0,78.0,52.0,71.0,2790,198.39,41661662207214
408.0,1,0.00,52.0,56.0,56.0,39.0,53.0,1121,48.21,21245883713623
409.0,2,0.00,55.0,58.0,58.0,42.0,57.0,1205,47.44,20035605646728
409.0,3,0.00,56.0,58.0,58.0,43.0,58.0,1269,47.98,20201275973632
414.0,0,,69.0,80.0,80.0,52.0,70.0,2674,197.24,41662780541198
414.0,1,0.00,52.0,56.0,56.0,39.0,53.0,1121,48.05,21246156658081
414.0,2,0.00,55.0,58.0,58.0,42.0,57.0,1184,47.43,20035875044433
414.0,3,0.00,56.0,58.0,58.0,43.0,59.0,1278,47.96,20201548359619
420.0,0,,70.0,80.0,80.0,52.0,71.0,2567,198.28,41663906758117
420.0,1,0.00,52.0,56.0,56.0,40.0,53.0,1110,48.19,21246430363891
420.0,2,0.00,55.0,58.0,58.0,42.0,58.0,1194,47.16,20036142890808
420.0,3,0.00,56.0,58.0,58.0,43.0,58.0,1278,47.82,20201819979675
425.0,0,,70.0,78.0,78.0,52.0,71.0,2673,199.39,41665039313964
425.0,1,0.00,51.0,56.0,56.0,40.0,53.0,1110,48.26,21246703994750
426.0,2,0.00,55.0,58.0,58.0,42.0,57.0,1206,47.29,20036411026367
426.0,3,0.00,56.0,58.0,58.0,43.0,59.0,1270,47.83,20202091630920
431.0,0,,70.0,80.0,80.0,52.0,71.0,2794,198.40,41666164247680
431.0,1,0.00,52.0,56.0,56.0,39.0,53.0,1122,48.11,21246977270629
431.0,2,0.00,55.0,58.0,58.0,42.0,57.0,1216,47.38,20036680125976
431.0,3,0.00,56.0,58.0,58.0,43.0,59.0,1268,47.98,20202363669677
437.0,0,,71.0,78.0,78.0,52.0,71.0,2545,198.07,41667291264282
437.0,1,0.00,52.0,56.0,56.0,40.0,53.0,1119,48.19,21247250978393
437.0,2,0.00,55.0,58.0,58.0,42.0,57.0,1195,47.47,20036949739929
437.0,3,0.00,56.0,58.0,58.0,43.0,59.0,1280,47.73,20202634775329
442.0,0,99.99,69.0,78.0,78.0,52.0,71.0,2675,198.70,41668417880615
442.0,1,0.00,52.0,56.0,56.0,40.0,53.0,1111,48.18,21247524161926
443.0,2,0.00,55.0,58.0,58.0,42.0,57.0,1205,47.11,20037217350769
443.0,3,0.00,56.0,58.0,58.0,43.0,59.0,1269,47.80,20202906269775
448.0,0,100.00,70.0,78.0,78.0,52.0,71.0,2794,199.32,41669548006225
448.0,1,0.00,52.0,56.0,56.0,39.0,53.0,1122,48.18,21247797831359
448.0,2,0.00,55.0,58.0,58.0,42.0,57.0,1207,47.39,20037486038330
448.0,3,0.00,57.0,58.0,58.0,43.0,59.0,1269,47.99,20203178349792
454.0,0,,69.0,80.0,80.0,52.0,70.0,2644,196.88,41670666303833
454.0,1,0.00,51.0,56.0,56.0,39.0,53.0,1122,48.16,21248070888610
454.0,2,0.00,55.0,58.0,58.0,42.0,57.0,1196,47.50,20037755377197
454.0,3,0.00,57.0,58.0,58.0,43.0,59.0,1280,47.97,20203450329345
459.0,0,,70.0,80.0,80.0,52.0,71.0,2600,198.73,41671793119934
459.0,1,0.00,52.0,56.0,56.0,39.0,53.0,1110,48.19,21248344618164
460.0,2,0.00,55.0,58.0,58.0,42.0,58.0,1183,47.20,20038023469970
460.0,3,0.00,57.0,58.0,58.0,43.0,59.0,1268,47.81,20203721909606
465.0,0,,69.0,78.0,78.0,52.0,70.0,2684,199.80,41672927999267
465.0,1,0.00,51.0,56.0,56.0,39.0,53.0,1121,48.14,21248618044921
465.0,2,0.00,55.0,58.0,58.0,42.0,57.0,1216,47.25,20038291839050
465.0,3,0.00,57.0,58.0,58.0,43.0,59.0,1280,47.93,20203994171447
471.0,0,,69.0,80.0,80.0,52.0,70.0,2728,197.05,41674047253662
471.0,1,0.00,51.0,56.0,56.0,39.0,53.0,1121,48.28,21248891778320
471.0,2,0.00,55.0,58.0,58.0,42.0,57.0,1195,47.45,20038560855651
471.0,3,0.00,57.0,58.0,58.0,43.0,59.0,1280,47.99,20204266255126
476.0,0,,70.0,76.0,76.0,52.0,72.0,2505,199.43,41675179999694
477.0,1,0.00,52.0,56.0,56.0,40.0,53.0,1110,48.00,21249164400207
477.0,2,0.00,55.0,58.0,58.0,42.0,57.0,1205,47.51,20038830735961
477.0,3,0.00,57.0,58.0,58.0,43.0,59.0,1268,47.71,20204537703979
482.0,0,,71.0,76.0,76.0,52.0,71.0,2675,199.61,41676311779235
482.0,1,0.00,51.0,56.0,56.0,39.0,53.0,1111,48.15,21249437864746
482.0,2,0.00,55.0,58.0,58.0,42.0,57.0,1207,47.13,20039098428283
482.0,3,0.00,57.0,58.0,58.0,43.0,59.0,1281,47.88,20204809177673
488.0,0,,70.0,80.0,80.0,52.0,71.0,2793,197.27,41677432294189
488.0,1,0.00,52.0,56.0,56.0,40.0,53.0,1122,48.15,21249710871154
488.0,2,0.00,55.0,58.0,58.0,42.0,57.0,1195,47.34,20039366844848
488.0,3,0.00,57.0,58.0,58.0,44.0,59.0,1279,47.96,20205081098205
493.0,0,100.00,70.0,80.0,80.0,52.0,71.0,2653,197.96,41678554715393
494.0,1,0.00,52.0,56.0,56.0,39.0,53.0,1110,48.39,21249985237915
494.0,2,0.00,55.0,58.0,58.0,42.0,57.0,1206,47.46,20039636412902
494.0,3,0.00,57.0,58.0,58.0,43.0,59.0,1270,47.93,20205353324096
499.0,0,100.00,72.0,78.0,78.0,52.0,71.0,2626,199.62,41679686544128
499.0,1,0.00,51.0,56.0,56.0,39.0,53.0,1112,48.11,21250258035400
499.0,2,0.00,55.0,58.0,58.0,42.0,57.0,1208,47.33,20039904327148
500.0,3,0.00,57.0,58.0,58.0,43.0,59.0,1282,47.85,20205624127685
505.0,0,,69.0,80.0,78.0,52.0,71.0,2752,198.57,41680812449096
505.0,1,0.00,52.0,56.0,56.0,39.0,53.0,1123,48.17,21250531144470
505.0,2,0.00,55.0,58.0,58.0,42.0,57.0,1197,47.23,20040172110839
505.0,3,0.00,57.0,58.0,58.0,43.0,59.0,1271,47.95,20205896026611
510.0,0,,69.0,80.0,80.0,52.0,71.0,2751,198.71,41681939120239
511.0,1,0.00,51.0,56.0,56.0,40.0,53.0,1110,48.32,21250805140686
511.0,2,0.00,55.0,58.0,58.0,42.0,57.0,1216,47.32,20040440887390
511.0,3,0.00,57.0,58.0,58.0,44.0,59.0,1269,47.97,20206168489501
516.0,0,,71.0,76.0,76.0,52.0,71.0,2558,198.88,41683068785400
516.0,1,0.00,51.0,56.0,56.0,39.0,53.0,1121,47.97,21251077618896
516.0,2,0.00,55.0,58.0,58.0,42.0,58.0,1206,47.48,20040710122741
517.0,3,0.00,57.0,58.0,58.0,44.0,59.0,1280,48.02,20206440741394
522.0,0,,70.0,78.0,78.0,52.0,71.0,2706,198.30,41684195131713
522.0,1,0.00,52.0,56.0,56.0,39.0,53.0,1121,48.16,21251351167724
522.0,2,0.00,55.0,58.0,58.0,42.0,58.0,1195,47.20,20040978236389
522.0,3,0.00,57.0,58.0,58.0,44.0,59.0,1279,47.86,20206712614440
527.0,0,,70.0,80.0,80.0,52.0,71.0,2779,198.86,41685322666931
528.0,1,0.00,51.0,56.0,56.0,40.0,53.0,1110,48.14,21251624630981
528.0,2,0.00,55.0,58.0,58.0,42.0,57.0,1205,47.20,20041246356384
528.0,3,0.00,57.0,58.0,58.0,44.0,59.0,1269,47.95,20206984980224
533.0,0,100.00,69.0,80.0,80.0,52.0,71.0,2520,195.09,41686428808166
533.0,1,0.00,51.0,56.0,56.0,39.0,53.0,1122,48.29,21251898435363
533.0,2,0.00,55.0,58.0,58.0,42.0,57.0,1207,47.46,20041515452514
534.0,3,0.00,57.0,58.0,58.0,44.0,59.0,1302,48.04,20207257380187
539.0,0,47.08,66.0,80.0,80.0,50.0,68.0,2474,161.98,41687348838134
539.0,1,0.00,52.0,56.0,56.0,39.0,53.0,1121,48.16,21252171502685
539.0,2,0.00,55.0,58.0,58.0,42.0,57.0,1195,47.62,20041785478210
539.0,3,0.00,57.0,58.0,58.0,44.0,59.0,1290,47.69,20207528243774
544.0,0,0.00,64.0,80.0,80.0,49.0,66.0,2145,59.94,41687689304626
545.0,1,0.00,51.0,56.0,56.0,40.0,53.0,1110,48.21,21252445354370
545.0,2,0.00,55.0,58.0,58.0,42.0,57.0,1206,47.04,20042052676452
545.0,3,0.00,57.0,58.0,58.0,44.0,59.0,1248,47.59,20207798099182
550.0,0,0.00,63.0,80.0,80.0,48.0,65.0,1565,58.53,41688021171264
550.0,1,0.00,52.0,56.0,56.0,40.0,53.0,1121,48.25,21252718910156
550.0,2,0.00,55.0,58.0,58.0,42.0,57.0,1206,47.11,20042320236389
551.0,3,0.00,57.0,58.0,58.0,44.0,59.0,1269,47.56,20208068219360
556.0,0,,67.0,76.0,76.0,51.0,69.0,1533,161.70,41688939653137
556.0,1,0.00,51.0,56.0,56.0,39.0,53.0,1120,48.02,21252991653259
556.0,2,0.00,55.0,58.0,58.0,42.0,57.0,1194,47.46,20042589829223
556.0,3,0.00,57.0,58.0,58.0,43.0,59.0,1278,47.83,20208339908752
561.0,0,,68.0,78.0,78.0,51.0,69.0,1859,178.39,41689952886535
562.0,1,0.00,51.0,56.0,56.0,39.0,53.0,1110,48.08,21253264732360
562.0,2,0.00,55.0,58.0,58.0,42.0,57.0,1204,47.26,20042858238647
562.0,3,0.00,57.0,58.0,58.0,43.0,58.0,1267,47.69,20208611241638
567.0,0,,71.0,74.0,74.0,52.0,71.0,2250,200.00,41691088864196
567.0,1,0.00,52.0,56.0,56.0,39.0,53.0,1120,48.13,21253538608825
567.0,2,0.00,55.0,58.0,58.0,42.0,57.0,1206,47.18,20043126224182
568.0,3,0.00,57.0,58.0,58.0,43.0,59.0,1270,47.70,20208881712524
573.0,0,,70.0,74.0,74.0,52.0,71.0,2729,199.88,41692224164001
573.0,1,0.00,52.0,56.0,56.0,39.0,53.0,1121,48.18,21253811815246
573.0,2,0.00,55.0,58.0,58.0,42.0,57.0,1195,47.30,20043394391418
573.0,3,0.00,57.0,58.0,58.0,43.0,59.0,1269,47.72,20209152285095
579.0,0,100.00,69.0,78.0,78.0,52.0,71.0,2792,199.04,41693352700744
579.0,1,0.00,52.0,56.0,56.0,39.0,53.0,1111,48.11,21254084586425
579.0,2,0.00,55.0,58.0,58.0,42.0,57.0,1206,47.54,20043663935852
579.0,3,0.00,57.0,58.0,58.0,44.0,59.0,1280,48.12,20209425137512
584.0,0,,70.0,78.0,78.0,52.0,71.0,2624,200.06,41694487058776
584.0,1,0.00,52.0,56.0,56.0,39.0,53.0,1111,48.22,21254358476745
584.0,2,0.00,55.0,58.0,58.0,42.0,57.0,1206,47.31,20043932634887
585.0,3,0.00,57.0,58.0,58.0,43.0,59.0,1269,47.97,20209697585388
590.0,0,,71.0,76.0,76.0,52.0,71.0,2486,200.11,41695623680175
590.0,1,0.00,52.0,56.0,56.0,39.0,53.0,1122,48.36,21254632653686
590.0,2,0.00,55.0,58.0,58.0,42.0,57.0,1196,47.42,20044201501892
590.0,3,0.00,57.0,58.0,58.0,43.0,59.0,1281,48.07,20209970148803
596.0,0,99.99,71.0,76.0,76.0,52.0,71.0,2750,200.39,41696759891967
596.0,1,0.00,52.0,56.0,56.0,40.0,53.0,1111,48.30,21254906486511
596.0,2,0.00,55.0,58.0,58.0,42.0,57.0,1205,47.30,20044470153076
596.0,3,0.00,57.0,58.0,58.0,43.0,59.0,1279,47.84,20210241875122
601.0,0,,71.0,74.0,74.0,52.0,71.0,2803,200.17,41697894845520
601.0,1,0.00,51.0,56.0,56.0,39.0,53.0,1122,48.00,21255179115295
602.0,2,0.00,55.0,58.0,58.0,42.0,57.0,1248,47.45,20044739179077
602.0,3,0.00,57.0,58.0,58.0,44.0,59.0,1268,47.72,20210512459716
607.0,0,,70.0,78.0,78.0,52.0,71.0,2800,199.31,41699026953613
607.0,1,0.00,51.0,56.0,56.0,40.0,53.0,1120,48.23,21255453035034
607.0,2,0.00,55.0,58.0,58.0,42.0,57.0,1195,47.20,20045007247558
607.0,3,0.00,57.0,58.0,58.0,44.0,59.0,1280,47.85,20210784231323
613.0,0,,70.0,78.0,80.0,52.0,71.0,2695,199.82,41700161916320
613.0,1,0.00,52.0,56.0,56.0,40.0,53.0,1110,48.40,21255727454101
613.0,2,0.00,55.0,58.0,58.0,42.0,57.0,1205,47.40,20045276484375
613.0,3,0.00,57.0,58.0,58.0,44.0,59.0,1279,48.10,20211057443298
618.0,0,,70.0,80.0,80.0,52.0,71.0,2504,200.01,41701297998291
618.0,1,0.00,52.0,56.0,56.0,39.0,53.0,1110,48.14,21256000885620
619.0,2,0.00,55.0,58.0,58.0,42.0,57.0,1206,47.60,20045546379028
619.0,3,0.00,57.0,58.0,58.0,44.0,59.0,1269,48.15,20211330452270
624.0,0,,71.0,76.0,76.0,53.0,71.0,2719,200.53,41702435025024
624.0,1,0.00,52.0,56.0,56.0,39.0,53.0,1122,48.25,21256274463256
624.0,2,0.00,55.0,58.0,58.0,42.0,57.0,1237,47.29,20045814972656
624.0,3,0.00,57.0,58.0,58.0,44.0,59.0,1280,47.87,20211602360229
630.0,0,,71.0,76.0,76.0,52.0,71.0,2791,199.98,41703570888610
630.0,1,0.00,52.0,56.0,56.0,39.0,53.0,1110,48.21,21256548279235
630.0,2,0.00,55.0,58.0,58.0,42.0,57.0,1205,47.28,20046083061340
630.0,3,0.00,57.0,58.0,58.0,43.0,59.0,1300,47.99,20211874967041
635.0,0,,70.0,78.0,78.0,52.0,71.0,2800,199.56,41704704370178
635.0,1,0.00,52.0,56.0,56.0,39.0,53.0,1110,48.23,21256822238586
636.0,2,0.00,55.0,58.0,58.0,42.0,57.0,1216,47.41,20046352330383
636.0,3,0.00,57.0,58.0,58.0,44.0,59.0,1290,48.10,20212147714233
641.0,0,,69.0,78.0,78.0,52.0,71.0,2802,200.08,41705838805908
641.0,1,0.00,52.0,56.0,56.0,40.0,53.0,1121,48.10,21257095461181
641.0,2,0.00,55.0,58.0,58.0,42.0,57.0,1205,47.45,20046621869812
641.0,3,0.00,57.0,58.0,58.0,44.0,59.0,1279,47.83,20212419385009
647.0,0,,70.0,80.0,78.0,52.0,71.0,2547,199.92,41706974335571
647.0,1,0.00,51.0,56.0,56.0,39.0,53.0,1110,48.19,21257369163208
647.0,2,0.00,55.0,58.0,58.0,42.0,57.0,1194,47.39,20046891053649
647.0,3,0.00,57.0,58.0,58.0,44.0,59.0,1279,47.97,20212691872009
652.0,0,,70.0,76.0,76.0,52.0,71.0,2684,200.94,41708115698181
652.0,1,0.00,52.0,56.0,56.0,39.0,53.0,1110,48.26,21257643306945
653.0,2,0.00,55.0,58.0,58.0,42.0,57.0,1216,47.32,20047159822998
653.0,3,0.00,57.0,58.0,58.0,44.0,59.0,1289,48.02,20212964605468
658.0,0,,69.0,78.0,78.0,52.0,71.0,2802,199.30,41709247728698
658.0,1,0.00,51.0,56.0,56.0,39.0,53.0,1121,48.08,21257915919555
658.0,2,0.00,55.0,58.0,58.0,42.0,57.0,1227,47.48,20047429021728
658.0,3,0.00,57.0,58.0,58.0,44.0,59.0,1302,48.03,20213236920776
664.0,0,100.00,71.0,74.0,76.0,52.0,71.0,2804,200.32,41710383553039
664.0,1,0.00,52.0,56.0,56.0,39.0,53.0,1122,48.16,21258189009521
664.0,2,0.00,55.0,58.0,58.0,42.0,57.0,1186,47.23,20047696833251
664.0,3,0.00,57.0,58.0,58.0,44.0,59.0,1301,47.72,20213507992370
669.0,0,,70.0,78.0,78.0,52.0,70.0,2803,199.55,41711514987304
669.0,1,0.00,51.0,56.0,56.0,39.0,53.0,1110,48.24,21258463037536
670.0,2,0.00,55.0,58.0,58.0,42.0,57.0,1205,47.31,20047965541564
670.0,3,0.00,57.0,58.0,58.0,44.0,59.0,1300,48.09,20213780670104
675.0,0,,71.0,76.0,76.0,52.0,71.0,2630,200.02,41712653128540
675.0,1,0.00,52.0,56.0,56.0,39.0,53.0,1121,48.30,21258737355041
675.0,2,0.00,55.0,58.0,58.0,42.0,57.0,1206,47.38,20048234680664
675.0,3,0.00,57.0,58.0,58.0,44.0,59.0,1301,48.01,20214053354797
681.0,0,,71.0,76.0,76.0,52.0,71.0,2604,200.52,41713788091125
681.0,1,0.00,51.0,56.0,56.0,39.0,53.0,1122,48.08,21259009953491
681.0,2,0.00,55.0,58.0,58.0,42.0,57.0,1196,47.49,20048503948242
681.0,3,0.00,57.0,58.0,58.0,44.0,59.0,1302,48.11,20214326123901
686.0,0,,71.0,76.0,76.0,52.0,71.0,2792,199.52,41714921359313
687.0,1,0.00,51.0,56.0,56.0,39.0,53.0,1111,48.15,21259282987365
687.0,2,0.00,55.0,58.0,58.0,42.0,57.0,1206,47.22,20048771708129
687.0,3,0.00,57.0,58.0,58.0,44.0,59.0,1291,47.82,20214597273254
692.0,0,100.00,70.0,78.0,78.0,52.0,71.0,2794,199.79,41716054174804
692.0,1,0.00,52.0,56.0,56.0,39.0,53.0,1121,48.22,21259556882751
692.0,2,0.00,55.0,58.0,58.0,42.0,57.0,1205,47.29,20049040313232
692.0,3,0.00,57.0,58.0,58.0,44.0,59.0,1300,48.04,20214870123107
698.0,0,,70.0,76.0,76.0,52.0,70.0,2799,200.37,41717192297912
698.0,1,0.00,51.0,56.0,56.0,39.0,53.0,1121,48.32,21259830864440
698.0,2,0.00,55.0,58.0,58.0,42.0,57.0,1237,47.42,20049309188903
698.0,3,0.00,57.0,58.0,58.0,44.0,59.0,1301,47.93,20215142345214
703.0,0,,69.0,78.0,78.0,52.0,70.0,2728,199.39,41718324826049
704.0,1,0.00,51.0,56.0,56.0,39.0,53.0,1111,48.17,21260104448547
704.0,2,0.00,55.0,58.0,58.0,42.0,57.0,1217,47.56,20049579333496
704.0,3,0.00,57.0,58.0,58.0,44.0,59.0,1291,47.93,20215414113525
709.0,0,,71.0,76.0,76.0,52.0,71.0,2539,200.68,41719462660339
709.0,1,0.00,51.0,56.0,56.0,39.0,53.0,1122,48.31,21260378348571
709.0,2,0.00,55.0,58.0,58.0,42.0,57.0,1206,47.43,20049848242248
710.0,3,0.00,57.0,58.0,58.0,44.0,59.0,1301,48.08,20215686720397
715.0,0,,70.0,78.0,78.0,52.0,71.0,2772,199.57,41720594241699
715.0,1,0.00,52.0,56.0,56.0,40.0,53.0,1121,48.26,21260652002502
715.0,2,0.00,55.0,58.0,58.0,42.0,57.0,1195,47.28,20050116818359
715.0,3,0.00,57.0,58.0,58.0,44.0,59.0,1301,47.98,20215959238281
720.0,0,,71.0,76.0,76.0,52.0,71.0,2800,200.57,41721733456359
721.0,1,0.00,52.0,56.0,56.0,40.0,53.0,1110,47.93,21260924246520
721.0,2,0.00,55.0,58.0,58.0,42.0,57.0,1205,47.50,20050386164123
721.0,3,0.00,57.0,58.0,58.0,44.0,59.0,1279,48.15,20216232236755
726.0,0,,70.0,78.0,76.0,52.0,70.0,2803,199.73,41722865914794
726.0,1,0.00,52.0,56.0,56.0,40.0,53.0,1121,48.13,21261197638488
726.0,2,0.00,55.0,58.0,58.0,42.0,57.0,1206,47.23,20050654437866
727.0,3,0.00,57.0,58.0,58.0,44.0,59.0,1291,47.79,20216503661743
732.0,0,,70.0,78.0,78.0,52.0,70.0,2772,199.76,41723998573913
732.0,1,0.00,52.0,56.0,56.0,40.0,53.0,1122,48.19,21261470894775
732.0,2,0.00,55.0,58.0,58.0,42.0,57.0,1196,47.40,20050923184020
732.0,3,0.00,57.0,58.0,58.0,44.0,59.0,1302,47.95,20216775542541
737.0,0,,70.0,76.0,76.0,52.0,70.0,2530,200.23,41725135898864
738.0,1,0.00,51.0,56.0,56.0,39.0,53.0,1111,48.33,21261744950256
738.0,2,0.00,55.0,58.0,58.0,42.0,57.0,1206,47.43,20051192107666
738.0,3,0.00,57.0,58.0,58.0,44.0,59.0,1290,48.11,20217048350280
743.0,0,99.99,70.0,76.0,76.0,52.0,71.0,2719,200.02,41726269997680
743.0,1,0.00,52.0,56.0,56.0,39.0,53.0,1112,48.10,21262017673889
743.0,2,0.00,55.0,58.0,58.0,42.0,57.0,1207,47.40,20051460875061
744.0,3,0.00,57.0,58.0,58.0,44.0,59.0,1303,47.80,20217319397094
749.0,0,99.99,71.0,76.0,76.0,52.0,71.0,2806,199.83,41727403015014
749.0,1,0.00,52.0,56.0,56.0,39.0,53.0,1122,48.22,21262291102355
749.0,2,0.00,55.0,58.0,58.0,42.0,57.0,1195,47.37,20051729462097
749.0,3,0.00,57.0,58.0,58.0,44.0,59.0,1300,47.95,20217591748352
754.0,0,,70.0,76.0,76.0,52.0,70.0,2800,199.98,41728538885986
755.0,1,0.00,52.0,56.0,56.0,39.0,53.0,1110,48.29,21262565366394
755.0,2,0.00,55.0,58.0,58.0,42.0,57.0,1206,47.36,20051998489807
755.0,3,0.00,57.0,58.0,58.0,44.0,59.0,1291,48.12,20217864604309
760.0,0,,70.0,78.0,78.0,52.0,70.0,2803,199.68,41729671055053
760.0,1,0.00,51.0,56.0,56.0,39.0,53.0,1111,48.28,21262839085815
760.0,2,0.00,55.0,58.0,58.0,42.0,57.0,1206,47.45,20052267530090
761.0,3,0.00,57.0,58.0,58.0,44.0,59.0,1302,48.04,20218136971740
766.0,0,,70.0,78.0,76.0,52.0,70.0,2635,200.40,41730807344604
766.0,1,0.00,52.0,56.0,56.0,39.0,53.0,1122,48.26,21263112737731
766.0,2,0.00,55.0,58.0,58.0,42.0,57.0,1196,47.35,20052536001831
766.0,3,0.00,57.0,60.0,60.0,44.0,59.0,1301,47.98,20218409023376
771.0,0,,69.0,78.0,78.0,52.0,70.0,2645,199.91,41731940836791
772.0,1,0.00,52.0,56.0,56.0,39.0,53.0,1110,48.27,21263386409667
772.0,2,0.00,55.0,58.0,58.0,42.0,57.0,1206,47.26,20052804442077
772.0,3,0.00,57.0,60.0,60.0,44.0,59.0,1290,47.93,20218681268127
777.0,0,,71.0,76.0,76.0,52.0,71.0,2789,200.69,41733080780395
777.0,1,0.00,52.0,56.0,56.0,39.0,53.0,1120,48.30,21263660729309
777.0,2,0.00,55.0,58.0,58.0,42.0,57.0,1195,47.42,20053073804809
778.0,3,0.00,57.0,60.0,60.0,44.0,59.0,1300,48.05,20218954188415
783.0,0,,69.0,78.0,78.0,52.0,71.0,2803,199.35,41734211116088
783.0,1,0.00,52.0,56.0,56.0,39.0,53.0,1122,48.07,21263933293945
783.0,2,0.00,55.0,58.0,58.0,42.0,57.0,1196,47.42,20053342697937
783.0,3,0.00,57.0,60.0,60.0,44.0,59.0,1302,48.12,20219227056884
788.0,0,,71.0,76.0,76.0,52.0,71.0,2801,200.23,41735348398376
789.0,1,0.00,52.0,56.0,56.0,39.0,53.0,1109,48.20,21264207073120
789.0,2,0.00,55.0,58.0,58.0,42.0,57.0,1204,47.30,20053611376525
789.0,3,0.00,57.0,60.0,60.0,44.0,59.0,1300,47.89,20219499090148
794.0,0,99.99,70.0,78.0,78.0,52.0,71.0,2672,199.50,41736481585449
794.0,1,0.00,51.0,56.0,56.0,39.0,53.0,1120,48.27,21264481753540
794.0,2,0.00,55.0,58.0,58.0,42.0,57.0,1205,47.42,20053880747070
795.0,3,0.00,57.0,60.0,60.0,44.0,59.0,1299,48.11,20219772380310
800.0,0,,69.0,80.0,80.0,52.0,71.0,2502,194.41,41737587798889
800.0,1,0.00,52.0,56.0,56.0,39.0,53.0,1119,48.33,21264756239807
800.0,2,0.00,55.0,58.0,58.0,42.0,57.0,1214,47.49,20054150483093
800.0,3,0.00,57.0,60.0,60.0,44.0,59.0,1299,48.05,20220045812622
806.0,0,,69.0,80.0,80.0,52.0,70.0,2494,189.64,41738663074401
806.0,1,0.00,52.0,56.0,56.0,39.0,53.0,1110,48.00,21265028873168
806.0,2,0.00,55.0,58.0,58.0,42.0,57.0,1216,47.47,20054420100219
806.0,3,0.00,57.0,60.0,60.0,44.0,59.0,1289,47.83,20220317021789
811.0,0,0.00,64.0,80.0,80.0,49.0,66.0,2400,63.21,41739022114685
811.0,1,0.00,52.0,56.0,56.0,40.0,53.0,1122,48.20,21265302191101
812.0,2,0.00,55.0,58.0,58.0,42.0,57.0,1206,47.22,20054687856811
812.0,3,0.00,57.0,60.0,60.0,44.0,59.0,1302,47.47,20220586179565
817.0,0,0.00,63.0,80.0,80.0,48.0,65.0,1704,58.62,41739354513122
817.0,1,0.00,51.0,56.0,56.0,40.0,53.0,1112,48.19,21265575417663
817.0,2,0.00,55.0,58.0,58.0,42.0,57.0,1197,47.24,20054955726501
817.0,3,0.00,57.0,60.0,60.0,44.0,59.0,1303,47.55,20220855777526
823.0,0,,66.0,74.0,74.0,50.0,68.0,1515,126.65,41740072610290
823.0,1,0.00,52.0,56.0,56.0,39.0,53.0,1112,48.04,21265847808654
823.0,2,0.00,55.0,58.0,58.0,42.0,57.0,1206,47.30,20055223930114
823.0,3,0.00,57.0,60.0,60.0,43.0,59.0,1280,47.78,20221126688232
828.0,0,,68.0,76.0,78.0,51.0,69.0,1691,177.68,41741081815612
828.0,1,0.00,52.0,56.0,56.0,39.0,53.0,1120,48.15,21266121309326
829.0,2,0.00,55.0,58.0,58.0,42.0,57.0,1205,47.21,20055492088195
829.0,3,0.00,57.0,60.0,60.0,43.0,58.0,1258,47.72,20221397725097
834.0,0,,71.0,74.0,74.0,52.0,71.0,2050,193.45,41742180598876
834.0,1,0.00,51.0,56.0,56.0,39.0,53.0,1110,48.23,21266395257446
834.0,2,0.00,55.0,58.0,58.0,42.0,57.0,1205,47.32,20055760869567
834.0,3,0.00,57.0,60.0,60.0,43.0,59.0,1279,47.84,20221669436035
840.0,0,,71.0,74.0,74.0,52.0,71.0,2569,200.20,41743315715332
840.0,1,0.00,52.0,56.0,56.0,39.0,53.0,1111,48.32,21266669244079
840.0,2,0.00,55.0,58.0,58.0,42.0,57.0,1206,47.32,20056029160339
840.0,3,0.00,57.0,60.0,60.0,43.0,59.0,1279,47.81,20221941006286
845.0,0,,71.0,74.0,74.0,52.0,71.0,2790,199.95,41744451428894
845.0,1,0.00,52.0,56.0,56.0,39.0,53.0,1120,47.78,21266941122192
846.0,2,0.00,55.0,58.0,58.0,42.0,57.0,1204,47.25,20056297994567
846.0,3,0.00,57.0,60.0,60.0,43.0,59.0,1268,47.70,20222211928833
851.0,0,,70.0,76.0,76.0,52.0,70.0,2800,198.24,41745577453125
851.0,1,0.00,52.0,56.0,56.0,40.0,53.0,1121,48.24,21267214649658
851.0,2,0.00,55.0,58.0,58.0,42.0,57.0,1206,47.18,20056565494812
851.0,3,0.00,57.0,60.0,60.0,44.0,59.0,1280,47.73,20222482551147
857.0,0,,69.0,76.0,76.0,52.0,70.0,2800,200.04,41746713686950
857.0,1,0.00,52.0,56.0,56.0,39.0,53.0,1110,48.30,21267488977600
857.0,2,0.00,55.0,58.0,58.0,42.0,57.0,1184,47.36,20056834491821
857.0,3,0.00,57.0,60.0,60.0,44.0,59.0,1280,48.02,20222755322143
862.0,0,99.99,70.0,76.0,76.0,51.0,70.0,2804,200.01,41747847728759
862.0,1,0.00,52.0,56.0,56.0,40.0,53.0,1122,48.34,21267763075622
863.0,2,0.00,55.0,58.0,58.0,42.0,57.0,1207,47.40,20057103261657
863.0,3,0.00,57.0,60.0,60.0,44.0,59.0,1259,48.13,20223028192749
868.0,0,,70.0,76.0,76.0,52.0,70.0,2571,200.02,41748981835083
868.0,1,0.00,52.0,56.0,56.0,40.0,53.0,1121,48.17,21268036226501
868.0,2,0.00,55.0,58.0,58.0,42.0,57.0,1227,47.14,20057371041015
868.0,3,0.00,57.0,60.0,60.0,44.0,59.0,1279,47.81,20223299744201
874.0,0,,70.0,76.0,76.0,52.0,70.0,2767,199.72,41750118243896
874.0,1,0.00,52.0,56.0,56.0,39.0,53.0,1109,48.21,21268310531738
874.0,2,0.00,55.0,58.0,58.0,42.0,57.0,1194,47.92,20057643249633
874.0,3,0.00,57.0,60.0,60.0,44.0,59.0,1279,47.98,20223572275146
879.0,0,,70.0,76.0,76.0,52.0,71.0,2802,201.16,41751258825744
879.0,1,0.00,52.0,56.0,56.0,39.0,53.0,1121,48.33,21268584549133
880.0,2,0.00,55.0,58.0,58.0,42.0,57.0,1206,47.50,20057912552185
880.0,3,0.00,57.0,60.0,60.0,44.0,59.0,1258,48.16,20223845328308
885.0,0,,70.0,74.0,74.0,52.0,70.0,2803,198.93,41752388776489
885.0,1,0.00,52.0,56.0,56.0,40.0,53.0,1121,47.89,21268856538635
885.0,2,0.00,55.0,58.0,58.0,42.0,57.0,1206,47.31,20058181265136
885.0,3,0.00,57.0,60.0,60.0,44.0,59.0,1280,47.92,20224117486938
891.0,0,,71.0,74.0,74.0,52.0,71.0,2802,200.59,41753526130371
891.0,1,0.00,52.0,56.0,56.0,39.0,53.0,1121,48.21,21269129899719
891.0,2,0.00,55.0,58.0,58.0,42.0,57.0,1195,47.28,20058449318786
891.0,3,0.00,57.0,60.0,60.0,44.0,59.0,1309,47.75,20224389187377
896.0,0,,70.0,74.0,74.0,52.0,71.0,2804,200.37,41754666244812
897.0,1,0.00,51.0,56.0,56.0,40.0,53.0,1107,48.27,21269404553344
897.0,2,0.00,55.0,58.0,58.0,42.0,57.0,1213,47.24,20058718595153
897.0,3,0.00,57.0,60.0,60.0,44.0,59.0,1289,47.93,20224661402893
902.0,0,,70.0,74.0,74.0,52.0,70.0,2812,199.53,41755799563781
902.0,1,0.00,52.0,56.0,56.0,40.0,53.0,1110,48.17,21269678140869
902.0,2,0.00,55.0,58.0,58.0,42.0,57.0,1206,47.50,20058987923217
902.0,3,0.00,57.0,60.0,60.0,44.0,59.0,1300,47.97,20224933409790
908.0,0,,70.0,74.0,74.0,51.0,70.0,2802,199.16,41756928817932
908.0,1,0.00,52.0,56.0,56.0,39.0,53.0,1122,47.98,21269950648132
908.0,2,0.00,55.0,58.0,58.0,42.0,57.0,1195,47.31,20059256647094
908.0,3,0.00,57.0,58.0,58.0,44.0,59.0,1301,47.65,20225204076354
913.0,0,,70.0,76.0,76.0,52.0,70.0,2664,199.84,41758063897399
914.0,1,0.00,52.0,56.0,56.0,40.0,53.0,1110,48.32,21270224627685
914.0,2,0.00,55.0,58.0,58.0,42.0,57.0,1237,47.28,20059525211853
914.0,3,0.00,57.0,58.0,58.0,44.0,59.0,1290,47.96,20225476470275
919.0,0,,70.0,76.0,76.0,52.0,70.0,2497,199.77,41759198594726
919.0,1,0.00,52.0,56.0,56.0,39.0,53.0,1111,48.32,21270499073791
919.0,2,0.00,55.0,58.0,58.0,42.0,57.0,1206,47.47,20059794382934
920.0,3,0.00,57.0,58.0,58.0,44.0,59.0,1302,48.14,20225749411865
925.0,0,99.99,70.0,76.0,76.0,52.0,70.0,2761,200.14,41760333376342
925.0,1,0.00,52.0,56.0,56.0,39.0,53.0,1122,48.08,21270771681457
925.0,2,0.00,55.0,58.0,58.0,42.0,58.0,1228,47.47,20060063535827
925.0,3,0.00,57.0,58.0,58.0,44.0,59.0,1302,48.16,20226022486450
930.0,0,100.00,70.0,74.0,74.0,52.0,71.0,2803,201.06,41761473376037
931.0,1,0.00,52.0,56.0,56.0,39.0,53.0,1111,48.11,21271044485717
931.0,2,0.00,55.0,58.0,58.0,42.0,57.0,1227,47.13,20060330759216
931.0,3,0.00,57.0,58.0,58.0,44.0,59.0,1291,47.80,20226293523986
936.0,0,,70.0,76.0,76.0,52.0,70.0,2804,199.29,41762603360473
936.0,1,0.00,51.0,56.0,56.0,39.0,53.0,1121,48.35,21271318603149
936.0,2,0.00,55.0,58.0,58.0,42.0,57.0,1206,47.34,20060599622680
937.0,3,0.00,57.0,58.0,58.0,44.0,59.0,1301,47.96,20226565922912
942.0,0,,71.0,74.0,74.0,52.0,70.0,2802,201.02,41763745136047
942.0,1,0.00,52.0,56.0,56.0,39.0,53.0,1121,48.19,21271592329467
942.0,2,0.00,55.0,58.0,58.0,42.0,57.0,1195,47.43,20060868553161
942.0,3,0.00,57.0,58.0,58.0,44.0,59.0,1302,48.08,20226838552551
947.0,0,,71.0,74.0,74.0,52.0,71.0,2806,199.91,41764878617675
948.0,1,0.00,51.0,56.0,56.0,40.0,53.0,1111,47.92,21271864055725
948.0,2,0.00,55.0,58.0,58.0,42.0,57.0,1206,47.37,20061137141113
948.0,3,0.00,57.0,58.0,58.0,44.0,59.0,1291,48.01,20227110752441
953.0,0,,70.0,74.0,74.0,52.0,71.0,2800,199.76,41766013272094
953.0,1,0.00,52.0,56.0,56.0,39.0,53.0,1120,48.15,21272137573974
953.0,2,0.00,55.0,58.0,58.0,42.0,57.0,1205,47.15,20061404953796
954.0,3,0.00,57.0,58.0,58.0,44.0,59.0,1299,47.89,20227382740173
959.0,0,,71.0,74.0,74.0,52.0,70.0,2802,200.27,41767148784851
959.0,1,0.00,52.0,56.0,56.0,39.0,53.0,1121,48.36,21272411756347
959.0,2,0.00,55.0,58.0,58.0,42.0,57.0,1196,47.29,20061673572692
959.0,3,0.00,57.0,58.0,58.0,44.0,59.0,1301,47.98,20227655277404
964.0,0,,69.0,74.0,74.0,51.0,70.0,2801,199.41,41768281457763
965.0,1,0.00,52.0,56.0,56.0,40.0,53.0,1110,48.28,21272685964111
965.0,2,0.00,55.0,58.0,58.0,42.0,57.0,1205,47.53,20061943044128
965.0,3,0.00,57.0,58.0,58.0,44.0,59.0,1290,48.11,20227928064270
970.0,0,,70.0,76.0,76.0,51.0,70.0,2763,199.28,41769411347106
970.0,1,0.00,52.0,56.0,56.0,39.0,53.0,1123,48.02,21272958211303
970.0,2,0.00,55.0,58.0,58.0,42.0,57.0,1207,47.11,20062210144042
971.0,3,0.00,57.0,58.0,58.0,44.0,59.0,1303,47.79,20228199060729
976.0,0,,70.0,76.0,76.0,52.0,70.0,2528,200.07,41770545751220
976.0,1,0.00,52.0,56.0,56.0,39.0,53.0,1112,48.19,21273231440490
976.0,2,0.00,55.0,58.0,58.0,42.0,57.0,1196,47.28,20062478222778
976.0,3,0.00,57.0,58.0,58.0,44.0,59.0,1302,47.91,20228470720397
981.0,0,,70.0,76.0,76.0,52.0,70.0,2553,199.86,41771678932556
982.0,1,0.00,52.0,56.0,56.0,39.0,53.0,1112,48.28,21273505193908
982.0,2,0.00,55.0,58.0,58.0,42.0,57.0,1207,47.40,20062746968139
982.0,3,0.00,57.0,58.0,58.0,44.0,59.0,1292,48.09,20228743398071
987.0,0,,70.0,76.0,76.0,52.0,70.0,2773,200.08,41772813371215
987.0,1,0.00,52.0,56.0,56.0,39.0,53.0,1111,47.96,21273777128295
987.0,2,0.00,55.0,58.0,58.0,42.0,57.0,1206,47.36,20063015519897
988.0,3,0.00,57.0,58.0,58.0,44.0,59.0,1301,48.12,20229016245910
993.0,0,,72.0,76.0,76.0,52.0,71.0,2798,200.58,41773952665283
993.0,1,0.00,51.0,56.0,56.0,39.0,53.0,1120,48.12,21274050423339
993.0,2,0.00,55.0,58.0,58.0,42.0,57.0,1194,47.07,20063282888916
993.0,3,0.00,57.0,58.0,58.0,44.0,59.0,1300,47.73,20229287355041
998.0,0,,71.0,74.0,74.0,52.0,70.0,2802,200.20,41775089810424
999.0,1,0.00,52.0,56.0,56.0,39.0,53.0,1110,48.27,21274324591552
999.0,2,0.00,55.0,58.0,58.0,42.0,57.0,1205,47.29,20063551493652
999.0,3,0.00,57.0,58.0,58.0,44.0,59.0,1290,47.91,20229559489135
1004.0,0,,70.0,74.0,74.0,52.0,70.0,2804,200.14,41776224608459
1004.0,1,0.00,52.0,56.0,56.0,39.0,53.0,1111,48.30,21274598479919
1004.0,2,0.00,55.0,58.0,58.0,42.0,57.0,1227,47.49,20063820748352
1005.0,3,0.00,57.0,58.0,58.0,44.0,59.0,1301,48.13,20229832841857
1010.0,0,,70.0,74.0,74.0,52.0,71.0,2802,200.29,41777360275695
1010.0,1,0.00,51.0,56.0,56.0,39.0,53.0,1122,48.07,21274871028198
1010.0,2,0.00,55.0,58.0,58.0,42.0,58.0,1185,47.45,20064089802307
1010.0,3,0.00,57.0,58.0,58.0,44.0,59.0,1302,47.79,20230103796936
1016.0,0,,71.0,74.0,74.0,52.0,71.0,2803,199.19,41778491651062
1016.0,1,0.00,52.0,56.0,56.0,40.0,53.0,1110,48.14,21275144456481
1016.0,2,0.00,55.0,58.0,58.0,42.0,57.0,1205,47.10,20064357318481
1016.0,3,0.00,57.0,58.0,58.0,44.0,59.0,1289,47.86,20230375627319
1021.0,0,,70.0,74.0,74.0,51.0,70.0,2812,200.22,41779626887145
1021.0,1,0.00,52.0,56.0,56.0,39.0,53.0,1110,48.32,21275418896545
1021.0,2,0.00,55.0,58.0,58.0,42.0,57.0,1216,47.32,20064626110107
1022.0,3,0.00,57.0,58.0,58.0,44.0,59.0,1301,48.04,20230648035949
1027.0,0,,70.0,76.0,76.0,52.0,70.0,2800,198.90,41780756626770
1027.0,1,0.00,52.0,56.0,56.0,40.0,53.0,1121,48.08,21275691533691
1027.0,2,0.00,55.0,58.0,58.0,42.0,57.0,1195,47.54,20064895657958
1027.0,3,0.00,57.0,58.0,58.0,44.0,59.0,1301,48.01,20230920728088
1033.0,0,99.99,70.0,76.0,76.0,52.0,70.0,2612,199.77,41781891337219
1033.0,1,0.00,52.0,56.0,56.0,40.0,54.0,1111,47.98,21275964053405
1033.0,2,0.00,55.0,58.0,58.0,42.0,57.0,1206,47.19,20065163687255
1033.0,3,0.00,57.0,58.0,58.0,44.0,59.0,1291,47.89,20231192291870
1038.0,0,,70.0,76.0,76.0,52.0,71.0,2496,200.10,41783025913146
1038.0,1,0.00,51.0,56.0,56.0,40.0,53.0,1111,48.28,21276237817260
1039.0,2,0.00,55.0,58.0,58.0,42.0,57.0,1206,47.22,20065431897583
1039.0,3,0.00,57.0,58.0,58.0,44.0,59.0,1301,47.90,20231464372253
1044.0,0,,70.0,76.0,76.0,52.0,71.0,2758,201.04,41784167823425
1044.0,1,0.00,51.0,56.0,56.0,39.0,53.0,1120,48.27,21276512462158
1044.0,2,0.00,55.0,58.0,58.0,42.0,57.0,1194,48.02,20065704672241
1044.0,3,0.00,57.0,58.0,58.0,44.0,59.0,1299,48.13,20231737777832
1050.0,0,,70.0,76.0,76.0,52.0,70.0,2801,198.94,41785297800109
1050.0,1,0.00,51.0,56.0,56.0,40.0,53.0,1111,48.06,21276784988769
1050.0,2,0.00,55.0,58.0,58.0,42.0,57.0,1207,47.53,20065974176574
1050.0,3,0.00,57.0,58.0,58.0,44.0,59.0,1301,48.21,20232011155029
1055.0,0,,71.0,74.0,74.0,52.0,71.0,2800,201.58,41786440760131
1055.0,1,0.00,52.0,56.0,56.0,39.0,53.0,1120,48.15,21277058478698
1056.0,2,0.00,55.0,58.0,58.0,42.0,57.0,1205,47.18,20066242146301
1056.0,3,0.00,57.0,58.0,58.0,44.0,59.0,1290,47.80,20232282684387
1061.0,0,,70.0,76.0,76.0,52.0,70.0,2804,198.33,41787567286437
1061.0,1,0.00,51.0,56.0,56.0,39.0,53.0,1111,48.25,21277332065429
1061.0,2,0.00,55.0,58.0,58.0,42.0,57.0,1195,47.37,20066510751647
1061.0,3,0.00,57.0,58.0,58.0,44.0,59.0,1300,47.89,20232554727600
1067.0,0,,69.0,74.0,74.0,52.0,70.0,2801,200.65,41788706995544
1067.0,1,0.00,51.0,56.0,56.0,39.0,53.0,1110,48.28,21277606307006
1067.0,2,0.00,55.0,58.0,58.0,42.0,57.0,1206,47.47,20066780378112
1067.0,3,0.00,57.0,58.0,58.0,44.0,59.0,1301,48.09,20232827392150
1072.0,0,100.00,71.0,74.0,74.0,52.0,71.0,2803,200.71,41789845037231
1072.0,1,0.00,52.0,56.0,56.0,39.0,53.0,1121,47.96,21277878726074
1073.0,2,0.00,55.0,58.0,58.0,42.0,57.0,1216,47.42,20067049695739
1073.0,3,0.00,57.0,58.0,58.0,44.0,59.0,1300,47.77,20233098715515
1078.0,0,,70.0,74.0,74.0,52.0,71.0,2800,199.50,41790978205322
1078.0,1,0.00,52.0,56.0,56.0,39.0,53.0,1121,48.27,21278152404235
1078.0,2,0.00,55.0,58.0,58.0,42.0,57.0,1196,47.23,20067317479736
1078.0,3,0.00,57.0,58.0,58.0,44.0,59.0,1302,47.87,20233370146179
1084.0,0,,71.0,74.0,74.0,52.0,70.0,2804,200.02,41792112291870
1084.0,1,0.00,51.0,56.0,56.0,39.0,53.0,1111,48.39,21278426798645
1084.0,2,0.00,55.0,58.0,58.0,42.0,58.0,1206,47.47,20067586640441
1084.0,3,0.00,57.0,58.0,58.0,44.0,59.0,1301,48.10,20233643372436
1089.0,0,100.00,70.0,76.0,76.0,52.0,70.0,2676,198.70,41793240906066
1089.0,1,0.00,52.0,56.0,56.0,39.0,53.0,1122,48.00,21278699445983
1090.0,2,0.00,55.0,58.0,58.0,42.0,57.0,1206,47.47,20067856273681
1090.0,3,0.00,57.0,58.0,58.0,44.0,59.0,1291,48.21,20233916712097
1095.0,0,100.00,70.0,76.0,76.0,52.0,70.0,2508,200.06,41794375265686
1095.0,1,0.00,52.0,56.0,56.0,39.0,53.0,1111,48.17,21278972583435
1095.0,2,0.00,55.0,58.0,58.0,42.0,57.0,1195,47.20,20068123892578
1095.0,3,0.00,57.0,58.0,58.0,44.0,59.0,1300,47.82,20234188343444
1101.0,0,99.99,70.0,76.0,76.0,52.0,71.0,2696,200.27,41795510809631
1101.0,1,0.00,51.0,56.0,56.0,40.0,53.0,1110,48.21,21279246395385
1101.0,2,0.00,55.0,58.0,58.0,42.0,57.0,1227,47.20,20068391983215
1101.0,3,0.00,57.0,58.0,58.0,44.0,59.0,1301,47.99,20234460427185
1106.0,0,,70.0,74.0,74.0,52.0,70.0,2802,200.64,41796650459106
1106.0,1,0.00,52.0,56.0,56.0,39.0,53.0,1111,48.42,21279520951782
1107.0,2,0.00,55.0,58.0,58.0,42.0,57.0,1248,47.53,20068661488159
1107.0,3,0.00,57.0,58.0,58.0,44.0,59.0,1291,48.15,20234733417541
1112.0,0,,71.0,74.0,74.0,52.0,71.0,2804,200.58,41797787775878
1112.0,1,0.00,52.0,56.0,56.0,39.0,53.0,1122,48.01,21279793178833
1112.0,2,0.00,55.0,58.0,58.0,42.0,57.0,1227,47.44,20068930944641
1112.0,3,0.00,57.0,58.0,58.0,44.0,59.0,1301,47.76,20235004707580
1118.0,0,,69.0,76.0,76.0,52.0,70.0,2794,198.63,41798914016174
1118.0,1,0.00,52.0,56.0,56.0,40.0,53.0,1112,48.11,21280065945861
1118.0,2,0.00,55.0,58.0,58.0,42.0,57.0,1228,47.20,20069198541503
1118.0,3,0.00,57.0,58.0,58.0,44.0,59.0,1302,47.88,20235276208007
1123.0,0,,71.0,74.0,74.0,52.0,71.0,2803,200.40,41800052271240
1123.0,1,0.00,52.0,56.0,56.0,39.0,53.0,1110,48.28,21280340179626
1124.0,2,0.00,55.0,58.0,58.0,42.0,57.0,1206,47.34,20069466964782
1124.0,3,0.00,57.0,58.0,58.0,44.0,59.0,1290,48.03,20235548529663
1129.0,0,,70.0,76.0,76.0,52.0,70.0,2802,199.14,41801181409179
1129.0,1,0.00,52.0,56.0,56.0,39.0,53.0,1122,48.34,21280614252746
1129.0,2,0.00,55.0,58.0,58.0,42.0,57.0,1216,47.42,20069736306457
1129.0,3,0.00,57.0,58.0,58.0,44.0,59.0,1301,47.97,20235820993957
1135.0,0,,70.0,74.0,74.0,52.0,70.0,2812,199.60,41802315163269
1135.0,1,0.00,52.0,56.0,56.0,39.0,53.0,1110,48.02,21280887009460
1135.0,2,0.00,55.0,58.0,58.0,42.0,57.0,1194,47.21,20070004470886
1135.0,3,0.00,57.0,58.0,58.0,44.0,59.0,1300,47.76,20236092267517
1140.0,0,,70.0,76.0,76.0,52.0,70.0,2800,200.04,41803451375915
1141.0,1,0.00,52.0,56.0,56.0,39.0,53.0,1110,48.17,21281160632385
1141.0,2,0.00,55.0,58.0,58.0,42.0,57.0,1206,47.14,20070271770202
1141.0,3,0.00,57.0,58.0,58.0,44.0,59.0,1290,47.85,20236363584472
1146.0,0,,70.0,76.0,76.0,52.0,70.0,2802,200.21,41804586589660
1146.0,1,0.00,52.0,56.0,56.0,40.0,53.0,1121,48.24,21281434614685
1146.0,2,0.00,55.0,58.0,58.0,42.0,57.0,1205,47.37,20070540820312
1147.0,3,0.00,57.0,58.0,58.0,44.0,59.0,1300,47.95,20236635960876
1152.0,0,,70.0,76.0,76.0,52.0,70.0,2493,199.97,41805722438903
1152.0,1,0.00,52.0,56.0,56.0,39.0,53.0,1120,48.01,21281707291137
1152.0,2,0.00,55.0,58.0,58.0,42.0,57.0,1194,47.48,20070810494140
1152.0,3,0.00,57.0,58.0,58.0,44.0,59.0,1299,48.13,20236909340270
1157.0,0,,70.0,76.0,76.0,52.0,71.0,2589,200.09,41806858942810
1158.0,1,0.00,52.0,56.0,56.0,39.0,53.0,1110,48.15,21281980327697
1158.0,2,0.00,55.0,58.0,58.0,42.0,57.0,1205,47.15,20071078307495
1158.0,3,0.00,57.0,58.0,58.0,44.0,59.0,1290,47.83,20237181026916
1163.0,0,100.00,71.0,74.0,74.0,52.0,70.0,2779,201.36,41808002682128
1163.0,1,0.00,52.0,56.0,56.0,40.0,53.0,1120,48.32,21282254791625
1163.0,2,0.00,55.0,58.0,58.0,42.0,57.0,1204,47.36,20071347302062
1164.0,3,0.00,57.0,58.0,58.0,44.0,59.0,1300,47.98,20237453528015
1169.0,0,,71.0,76.0,76.0,52.0,71.0,2800,198.32,41809129139770
1169.0,1,0.00,51.0,56.0,56.0,39.0,53.0,1121,48.34,21282529355224
1169.0,2,0.00,55.0,58.0,58.0,42.0,57.0,1195,47.43,20071616722167
1169.0,3,0.00,57.0,58.0,58.0,44.0,59.0,1301,48.04,20237726399414
1174.0,0,,71.0,74.0,74.0,52.0,70.0,2805,201.15,41810269656677
1175.0,1,0.00,52.0,56.0,56.0,39.0,53.0,1112,48.00,21282801522583
1175.0,2,0.00,55.0,58.0,58.0,42.0,57.0,1238,47.46,20071885815551
1175.0,3,0.00,57.0,58.0,58.0,44.0,59.0,1291,47.84,20237997670288
1180.0,0,100.00,72.0,74.0,74.0,52.0,71.0,2802,199.06,41811400305175
1180.0,1,0.00,51.0,56.0,56.0,39.0,53.0,1111,48.16,21283075070678
1180.0,2,0.00,55.0,58.0,58.0,42.0,57.0,1227,47.28,20072153900390
1181.0,3,0.00,57.0,58.0,58.0,44.0,59.0,1302,47.95,20238269546630
1186.0,0,100.00,71.0,74.0,74.0,52.0,71.0,2804,201.24,41812541361816
1186.0,1,0.00,51.0,56.0,56.0,40.0,53.0,1122,48.34,21283349161682
1186.0,2,0.00,55.0,58.0,58.0,42.0,57.0,1186,47.32,20072422216979
1186.0,3,0.00,57.0,58.0,58.0,44.0,59.0,1301,48.00,20238541720825
1191.0,0,,71.0,74.0,74.0,52.0,70.0,2802,199.73,41813673851562
1192.0,1,0.00,52.0,56.0,56.0,40.0,53.0,1111,47.98,21283621231384
1192.0,2,0.00,55.0,58.0,58.0,42.0,57.0,1237,47.41,20072691506408
1192.0,3,0.00,57.0,58.0,58.0,44.0,59.0,1290,48.02,20238814478515
1197.0,0,,70.0,74.0,74.0,52.0,71.0,2803,199.82,41814808829101
1197.0,1,0.00,52.0,56.0,56.0,39.0,53.0,1121,48.03,21283894048461
1197.0,2,0.00,55.0,58.0,58.0,42.0,57.0,1206,47.19,20072959063964
1198.0,3,0.00,57.0,58.0,58.0,44.0,59.0,1302,47.87,20239085887390
1203.0,0,,71.0,74.0,74.0,52.0,71.0,2761,199.86,41815942057922
1203.0,1,0.00,51.0,56.0,56.0,39.0,53.0,1122,48.19,21284167263610
1203.0,2,0.00,55.0,58.0,58.0,42.0,57.0,1196,47.27,20073227083923
1203.0,3,0.00,57.0,58.0,58.0,44.0,59.0,1301,48.03,20239358215087
1208.0,0,,70.0,76.0,76.0,52.0,70.0,2601,199.35,41817072358276
1209.0,1,0.00,52.0,56.0,56.0,40.0,53.0,1111,48.32,21284441695922
1209.0,2,0.00,55.0,58.0,58.0,42.0,57.0,1206,47.38,20073496220581
1209.0,3,0.00,57.0,58.0,58.0,44.0,59.0,1291,48.12,20239631554687
1214.0,0,,70.0,76.0,76.0,52.0,70.0,2623,199.80,41818207226684
1214.0,1,0.00,52.0,56.0,56.0,39.0,53.0,1122,48.07,21284714244018
1214.0,2,0.00,55.0,58.0,58.0,42.0,57.0,1216,47.53,20073765737854
1215.0,3,0.00,57.0,58.0,58.0,44.0,59.0,1301,48.16,20239904647888
1220.0,0,,70.0,76.0,76.0,52.0,70.0,2794,200.31,41819342968139
1220.0,1,0.00,52.0,56.0,56.0,39.0,53.0,1122,48.18,21284987406555
1220.0,2,0.00,55.0,58.0,58.0,42.0,58.0,1196,47.29,20074033889587
1220.0,3,0.00,57.0,60.0,60.0,44.0,59.0,1302,47.93,20240176423828
1225.0,0,,70.0,76.0,76.0,52.0,70.0,2793,200.38,41820479112792
1226.0,1,0.00,51.0,56.0,56.0,39.0,53.0,1111,48.32,21285261406188
1226.0,2,0.00,55.0,58.0,58.0,42.0,57.0,1207,47.28,20074301977966
1226.0,3,0.00,57.0,60.0,60.0,44.0,59.0,1291,47.96,20240448363830
1231.0,0,,70.0,76.0,76.0,52.0,71.0,2803,199.54,41821610525451
1231.0,1,0.00,52.0,56.0,56.0,39.0,53.0,1120,48.26,21285535548645
1231.0,2,0.00,55.0,58.0,58.0,42.0,57.0,1205,47.44,20074571414428
1232.0,3,0.00,57.0,60.0,60.0,44.0,59.0,1300,47.96,20240720766296
1237.0,0,100.00,71.0,74.0,74.0,52.0,70.0,2803,200.79,41822751015380
1237.0,1,0.00,52.0,56.0,56.0,39.0,53.0,1122,48.10,21285808290954
1237.0,2,0.00,55.0,58.0,58.0,42.0,57.0,1175,47.50,20074840718444
1237.0,3,0.00,57.0,60.0,60.0,44.0,59.0,1302,47.87,20240992214355
1243.0,0,,70.0,74.0,74.0,52.0,70.0,2800,199.88,41823886361083
1243.0,1,0.00,52.0,56.0,56.0,39.0,53.0,1109,48.21,21286082104064
1243.0,2,0.00,55.0,58.0,58.0,42.0,58.0,1215,47.16,20075108575500
1243.0,3,0.00,57.0,60.0,60.0,44.0,59.0,1289,47.89,20241264236694
1248.0,0,100.00,70.0,76.0,76.0,52.0,70.0,2804,199.03,41825014879821
1248.0,1,0.00,52.0,56.0,56.0,39.0,53.0,1122,48.36,21286356295776
1248.0,2,0.00,55.0,58.0,58.0,42.0,57.0,1207,47.40,20075377337402
1249.0,3,0.00,57.0,60.0,60.0,44.0,59.0,1301,48.10,20241536944702
1254.0,0,,71.0,74.0,74.0,52.0,70.0,2782,201.16,41826155443359
1254.0,1,0.00,52.0,56.0,56.0,39.0,53.0,1111,48.00,21286628470031
1254.0,2,0.00,55.0,58.0,58.0,42.0,57.0,1228,47.47,20075646475463
1254.0,3,0.00,57.0,60.0,60.0,44.0,59.0,1303,48.09,20241809594909
1260.0,0,,70.0,74.0,74.0,52.0,70.0,2721,199.94,41827289125671
1260.0,1,0.00,52.0,56.0,56.0,40.0,53.0,1112,48.12,21286901329040
1260.0,2,0.00,55.0,58.0,58.0,42.0,57.0,1207,47.25,20075914388916
1260.0,3,0.00,57.0,60.0,60.0,44.0,59.0,1291,47.99,20242081697326
1265.0,0,,70.0,76.0,76.0,52.0,70.0,2699,198.82,41828416441101
1265.0,1,0.00,52.0,56.0,56.0,39.0,53.0,1112,48.33,21287175337524
1266.0,2,0.00,55.0,58.0,58.0,42.0,57.0,1207,47.25,20076182324340
1266.0,3,0.00,57.0,60.0,60.0,44.0,59.0,1303,47.97,20242353661010
1271.0,0,,70.0,76.0,76.0,52.0,70.0,2603,200.19,41829551490478
1271.0,1,0.00,51.0,56.0,56.0,40.0,53.0,1122,48.35,21287449503417
1271.0,2,0.00,55.0,58.0,58.0,42.0,57.0,1196,47.36,20076450874694
1271.0,3,0.00,57.0,60.0,60.0,44.0,59.0,1302,48.07,20242626244140
1277.0,0,,71.0,74.0,74.0,52.0,70.0,2774,201.02,41830691287902
1277.0,1,0.00,52.0,56.0,56.0,39.0,53.0,1112,47.96,21287721454772
1277.0,2,0.00,55.0,58.0,58.0,42.0,57.0,1238,47.55,20076720475158
1277.0,3,0.00,57.0,60.0,60.0,44.0,59.0,1291,48.21,20242899592041
1282.0,0,,71.0,74.0,74.0,52.0,71.0,2801,199.73,41831825773132
1282.0,1,0.00,51.0,56.0,56.0,39.0,53.0,1121,48.10,21287994690917
1283.0,2,0.00,55.0,58.0,58.0,42.0,57.0,1205,47.17,20076988411437
1283.0,3,0.00,57.0,60.0,60.0,44.0,59.0,1300,47.82,20243171202453
1288.0,0,,71.0,74.0,74.0,52.0,70.0,2793,199.88,41832959071289
1288.0,1,0.00,51.0,56.0,56.0,39.0,53.0,1121,48.28,21288268441711
1288.0,2,0.00,55.0,58.0,58.0,42.0,57.0,1195,47.37,20077256998229
1288.0,3,0.00,57.0,60.0,60.0,44.0,59.0,1301,47.99,20243443759765
1294.0,0,,70.0,74.0,74.0,52.0,71.0,2804,199.76,41834091716491
1294.0,1,0.00,51.0,56.0,56.0,39.0,53.0,1112,48.35,21288542597473
1294.0,2,0.00,55.0,58.0,58.0,42.0,57.0,1207,47.37,20077525591125
1294.0,3,0.00,57.0,60.0,60.0,44.0,59.0,1292,48.12,20243716105346
1299.0,0,,69.0,76.0,74.0,52.0,70.0,2794,199.65,41835223754760
1299.0,1,0.00,52.0,56.0,56.0,39.0,53.0,1111,48.14,21288815560180
1300.0,2,0.00,55.0,58.0,58.0,42.0,57.0,1206,47.35,20077794048034
1300.0,3,0.00,57.0,60.0,60.0,44.0,59.0,1301,47.91,20243988207519
1305.0,0,,71.0,74.0,74.0,52.0,70.0,2803,201.28,41836365004089
1305.0,1,0.00,51.0,56.0,56.0,39.0,53.0,1122,48.16,21289089100646
1305.0,2,0.00,55.0,58.0,58.0,42.0,57.0,1217,47.21,20078062189941
1305.0,3,0.00,57.0,60.0,60.0,44.0,59.0,1302,47.92,20244259902404
1311.0,0,,70.0,76.0,76.0,51.0,70.0,2761,198.27,41837491151794
1311.0,1,0.00,52.0,56.0,56.0,39.0,53.0,1111,48.32,21289363061950
1311.0,2,0.00,55.0,58.0,58.0,42.0,57.0,1206,47.27,20078330200195
1311.0,3,0.00,57.0,60.0,60.0,44.0,59.0,1290,48.00,20244532045043
1316.0,0,,70.0,76.0,76.0,52.0,71.0,2656,200.18,41838626179199
1316.0,1,0.00,52.0,56.0,56.0,39.0,53.0,1111,47.99,21289635150451
1317.0,2,0.00,55.0,58.0,58.0,42.0,57.0,1207,47.46,20078599322753
1317.0,3,0.00,57.0,60.0,60.0,44.0,59.0,1302,48.08,20244804681213
1322.0,0,,70.0,76.0,76.0,51.0,70.0,2791,200.18,41839761180847
1322.0,1,0.00,52.0,56.0,56.0,40.0,53.0,1120,48.07,21289908184936
1322.0,2,0.00,55.0,58.0,58.0,42.0,57.0,1194,47.24,20078867623413
1322.0,3,0.00,57.0,60.0,60.0,44.0,59.0,1297,47.88,20245077098266
1328.0,0,,70.0,76.0,76.0,52.0,70.0,2711,199.95,41840898914245
1328.0,1,0.00,51.0,56.0,56.0,40.0,53.0,1108,48.22,21290182571044
1328.0,2,0.00,55.0,58.0,58.0,42.0,57.0,1204,47.22,20079136280029
1328.0,3,0.00,57.0,60.0,60.0,44.0,59.0,1301,47.92,20245349309936
1333.0,0,,70.0,76.0,76.0,52.0,70.0,2729,199.80,41842033802246
1333.0,1,0.00,52.0,56.0,56.0,39.0,53.0,1122,48.39,21290456917602
1334.0,2,0.00,55.0,58.0,58.0,42.0,57.0,1217,47.43,20079405181640
1334.0,3,0.00,57.0,60.0,60.0,44.0,59.0,1291,48.14,20245622269653
1339.0,0,,69.0,74.0,74.0,52.0,70.0,2805,200.38,41843169977905
1339.0,1,0.00,52.0,56.0,56.0,39.0,53.0,1122,48.10,21290729645874
1339.0,2,0.00,55.0,58.0,58.0,42.0,57.0,1238,47.57,20079674923889
1339.0,3,0.00,57.0,60.0,60.0,44.0,59.0,1301,47.96,20245894200134
1345.0,0,,70.0,76.0,76.0,52.0,70.0,2802,199.74,41844302477905
1345.0,1,0.00,52.0,54.0,54.0,39.0,53.0,1111,48.24,21291003151428
1345.0,2,0.00,55.0,58.0,58.0,42.0,57.0,1249,47.36,20079943454406
1345.0,3,0.00,57.0,60.0,60.0,44.0,59.0,1302,47.94,20246166010009
1350.0,0,,71.0,74.0,74.0,52.0,70.0,2802,200.65,41845442168701
1350.0,1,0.00,52.0,54.0,54.0,40.0,53.0,1121,48.28,21291277399108
1351.0,2,0.00,55.0,58.0,58.0,42.0,57.0,1205,47.23,20080211697814
1351.0,3,0.00,57.0,60.0,60.0,44.0,59.0,1290,47.94,20246438323486
1356.0,0,,70.0,76.0,76.0,52.0,70.0,2761,199.11,41846571133911
1356.0,1,0.00,51.0,54.0,54.0,40.0,53.0,1122,48.07,21291549961120
1356.0,2,0.00,55.0,58.0,58.0,42.0,57.0,1196,47.31,20080479943054
1356.0,3,0.00,57.0,60.0,60.0,44.0,59.0,1302,47.97,20246710324584
1362.0,0,,71.0,74.0,74.0,52.0,71.0,2720,200.55,41847708275390
1362.0,1,0.00,52.0,56.0,56.0,40.0,53.0,1111,48.06,21291822460998
1362.0,2,0.00,55.0,58.0,58.0,42.0,57.0,1205,47.28,20080748504943
1362.0,3,0.00,57.0,60.0,60.0,44.0,59.0,1300,47.97,20246982819885
1367.0,0,,70.0,76.0,76.0,52.0,70.0,2770,199.39,41848840833129
1367.0,1,0.00,51.0,56.0,56.0,39.0,53.0,1121,48.22,21292096323303
1368.0,2,0.00,55.0,58.0,58.0,42.0,57.0,1206,47.26,20081016479736
1368.0,3,0.00,57.0,60.0,60.0,44.0,59.0,1291,47.97,20247254794494
1373.0,0,,69.0,76.0,76.0,52.0,70.0,2759,200.18,41849975879272
1373.0,1,0.00,52.0,56.0,56.0,39.0,53.0,1111,48.26,21292370425842
1373.0,2,0.00,55.0,58.0,58.0,42.0,57.0,1195,47.37,20081285520080
1373.0,3,0.00,57.0,60.0,60.0,44.0,59.0,1301,47.99,20247527401794
1379.0,0,,71.0,74.0,74.0,52.0,70.0,2741,201.06,41851115901916
1379.0,1,0.00,52.0,56.0,56.0,39.0,53.0,1111,48.06,21292642919494
1379.0,2,0.00,55.0,58.0,58.0,42.0,57.0,1206,47.54,20081555093444
1379.0,3,0.00,57.0,60.0,60.0,44.0,59.0,1301,48.23,20247800863891
1384.0,0,,71.0,74.0,74.0,52.0,71.0,2800,199.96,41852251674987
1385.0,1,0.00,51.0,56.0,56.0,39.0,53.0,1121,48.18,21292916097961
1385.0,2,0.00,55.0,58.0,58.0,42.0,58.0,1206,47.32,20081823409973
1385.0,3,0.00,57.0,60.0,60.0,44.0,59.0,1290,47.92,20248073023315
1390.0,0,,70.0,76.0,76.0,52.0,70.0,2804,198.64,41853379931396
1390.0,1,0.00,52.0,56.0,56.0,39.0,53.0,1121,48.26,21293190202270
1390.0,2,0.00,55.0,58.0,58.0,42.0,57.0,1215,47.15,20082091698364
1390.0,3,0.00,57.0,60.0,60.0,44.0,59.0,1300,47.89,20248345061218
1396.0,0,,71.0,74.0,74.0,52.0,71.0,2663,200.41,41854518241882
1396.0,1,0.00,52.0,56.0,56.0,40.0,53.0,1111,48.38,21293464542053
1396.0,2,0.00,55.0,58.0,58.0,42.0,57.0,1197,47.33,20082360061096
1396.0,3,0.00,57.0,60.0,60.0,44.0,59.0,1302,48.08,20248617694152
1401.0,0,,69.0,76.0,74.0,52.0,70.0,2783,200.24,41855651614440
1402.0,1,0.00,52.0,56.0,56.0,39.0,53.0,1122,47.94,21293736856628
1402.0,2,0.00,55.0,58.0,58.0,42.0,57.0,1206,47.47,20082629198974
1402.0,3,0.00,57.0,60.0,60.0,44.0,59.0,1291,47.88,20248889196472
1407.0,0,,69.0,74.0,74.0,52.0,70.0,2803,199.94,41856787253967
1407.0,1,0.00,51.0,56.0,56.0,39.0,53.0,1111,48.22,21294010255798
1407.0,2,0.00,55.0,58.0,58.0,42.0,57.0,1206,47.38,20082897853637
1408.0,3,0.00,57.0,60.0,60.0,44.0,59.0,1301,47.94,20249161034606
1413.0,0,,69.0,76.0,76.0,52.0,70.0,2761,198.72,41857913995178
1413.0,1,0.00,51.0,56.0,56.0,39.0,53.0,1121,48.37,21294284499816
1413.0,2,0.00,55.0,58.0,58.0,42.0,57.0,1195,47.21,20083165995361
1413.0,3,0.00,57.0,60.0,60.0,44.0,59.0,1301,47.92,20249433229858
1418.0,0,100.00,70.0,78.0,78.0,52.0,71.0,2497,194.83,41859018661132
1419.0,1,0.00,51.0,56.0,56.0,39.0,53.0,1111,48.05,21294557418151
1419.0,2,0.00,55.0,58.0,58.0,42.0,57.0,1206,47.41,20083434784851
1419.0,3,0.00,57.0,60.0,60.0,44.0,59.0,1290,48.17,20249706343872
1424.0,0,,69.0,78.0,78.0,52.0,70.0,2485,197.09,41860138150085
1424.0,1,0.00,52.0,56.0,56.0,39.0,53.0,1121,48.22,21294830805541
1424.0,2,0.00,55.0,58.0,58.0,42.0,57.0,1206,47.33,20083703162353
1425.0,3,0.00,57.0,60.0,60.0,44.0,59.0,1301,47.93,20249978565429
1430.0,0,50.75,66.0,80.0,80.0,50.0,68.0,2470,167.53,41861089692504
1430.0,1,0.00,52.0,56.0,56.0,39.0,53.0,1119,48.21,21295105122009
1430.0,2,0.00,55.0,58.0,58.0,42.0,57.0,1193,47.36,20083972665893
1430.0,3,0.00,57.0,60.0,60.0,44.0,59.0,1298,47.92,20250250724548
1435.0,0,0.00,64.0,80.0,80.0,48.0,66.0,2155,59.96,41861430279724
1436.0,1,0.00,52.0,56.0,56.0,39.0,53.0,1110,48.21,21295378955017
1436.0,2,0.00,55.0,58.0,58.0,42.0,57.0,1205,47.16,20084240540771
1436.0,3,0.00,57.0,60.0,60.0,44.0,59.0,1290,47.59,20250521063049
1441.0,0,0.00,63.0,80.0,80.0,48.0,65.0,1598,58.27,41861761242248
1441.0,1,0.00,52.0,56.0,56.0,39.0,53.0,1122,47.83,21295650139465
1441.0,2,0.00,55.0,58.0,58.0,42.0,57.0,1207,47.33,20084508889831
1442.0,3,0.00,57.0,60.0,60.0,44.0,59.0,1303,47.65,20250791247253
1447.0,0,100.00,67.0,76.0,76.0,51.0,69.0,1534,179.22,41862777437500
1447.0,1,0.00,51.0,56.0,56.0,39.0,53.0,1121,48.05,21295922554931
1447.0,2,0.00,55.0,58.0,58.0,42.0,57.0,1174,47.33,20084777270568
1447.0,3,0.00,57.0,60.0,60.0,43.0,59.0,1300,47.82,20251062855834
1452.0,0,98.65,70.0,74.0,74.0,52.0,70.0,1883,180.70,41863801991271
1453.0,1,0.00,51.0,56.0,56.0,39.0,53.0,1111,48.30,21296196394775
1453.0,2,0.00,55.0,58.0,58.0,42.0,57.0,1207,47.32,20085045554077
1453.0,3,0.00,57.0,60.0,60.0,44.0,59.0,1271,47.82,20251334018798
1458.0,0,,68.0,78.0,78.0,51.0,70.0,2202,178.85,41864816092224
1458.0,1,0.00,52.0,56.0,56.0,40.0,53.0,1112,48.34,21296470454589
1458.0,2,0.00,55.0,58.0,58.0,42.0,57.0,1196,47.40,20085314330017
1459.0,3,0.00,57.0,60.0,60.0,43.0,59.0,1270,48.04,20251605902282
1464.0,0,99.42,69.0,78.0,78.0,52.0,71.0,2285,181.61,41865845825866
1464.0,1,0.00,51.0,56.0,56.0,39.0,53.0,1122,48.01,21296743131652
1464.0,2,0.00,55.0,58.0,58.0,42.0,57.0,1185,47.19,20085582371337
1464.0,3,0.00,57.0,60.0,60.0,44.0,59.0,1280,47.70,20251876839355
1469.0,0,,69.0,80.0,80.0,52.0,70.0,2298,178.07,41866855477844
1470.0,1,0.00,52.0,56.0,56.0,39.0,53.0,1112,48.28,21297016419677
1470.0,2,0.00,55.0,58.0,58.0,42.0,57.0,1207,47.40,20085850677368
1470.0,3,0.00,57.0,60.0,60.0,43.0,59.0,1271,47.81,20252147934265
1475.0,0,100.00,69.0,80.0,80.0,52.0,71.0,2295,181.75,41867887837524
1475.0,1,0.00,52.0,56.0,56.0,39.0,53.0,1121,48.20,21297290190979
1475.0,2,0.00,55.0,58.0,58.0,42.0,57.0,1206,47.26,20086119116638
1476.0,3,0.00,57.0,60.0,60.0,43.0,59.0,1269,47.89,20252419485412
1481.0,0,,69.0,80.0,80.0,52.0,71.0,2380,178.53,41868900088745
1481.0,1,0.00,52.0,56.0,56.0,40.0,53.0,1122,48.05,21297562612915
1481.0,2,0.00,55.0,58.0,58.0,42.0,58.0,1195,47.44,20086388076538
1481.0,3,0.00,57.0,60.0,60.0,43.0,59.0,1279,47.93,20252691747497
1486.0,0,,69.0,80.0,80.0,52.0,71.0,2325,182.24,41869935224243
1487.0,1,0.00,52.0,56.0,56.0,40.0,53.0,1110,47.99,21297835195007
1487.0,2,0.00,55.0,58.0,58.0,42.0,57.0,1237,47.20,20086656187255
1487.0,3,0.00,57.0,60.0,60.0,43.0,59.0,1270,47.76,20252962520202
1492.0,0,,69.0,82.0,82.0,52.0,70.0,2381,178.33,41870946376892
1492.0,1,0.00,52.0,56.0,56.0,40.0,53.0,1122,48.30,21298109079650
1492.0,2,0.00,55.0,58.0,58.0,42.0,57.0,1228,47.37,20086924755554
1493.0,3,0.00,57.0,60.0,60.0,44.0,59.0,1280,47.81,20253233587951
1498.0,0,,69.0,82.0,82.0,52.0,71.0,2391,182.35,41871980299499
1498.0,1,0.00,52.0,56.0,56.0,39.0,53.0,1122,48.27,21298382761047
1498.0,2,0.00,55.0,58.0,58.0,42.0,57.0,1196,47.35,20087193240966
1498.0,3,0.00,57.0,60.0,60.0,43.0,59.0,1270,47.89,20253505139221
1504.0,0,,69.0,82.0,82.0,52.0,71.0,2361,178.26,41872991011413
1504.0,1,0.00,52.0,56.0,56.0,39.0,53.0,1112,48.04,21298655127746
1504.0,2,0.00,55.0,58.0,58.0,42.0,57.0,1206,47.44,20087462201721
1504.0,3,0.00,57.0,60.0,60.0,43.0,59.0,1269,47.71,20253776109436
1509.0,0,,69.0,82.0,82.0,52.0,70.0,2397,182.51,41874027672119
1509.0,1,0.00,51.0,56.0,56.0,39.0,53.0,1119,48.07,21298928646118
1509.0,2,0.00,55.0,58.0,58.0,42.0,57.0,1203,47.30,20087731336547
1510.0,3,0.00,57.0,60.0,60.0,43.0,59.0,1278,47.87,20254048025329
1515.0,0,99.99,69.0,82.0,82.0,52.0,71.0,2378,178.24,41875040098632
1515.0,1,0.00,52.0,56.0,56.0,39.0,53.0,1121,48.40,21299203090881
1515.0,2,0.00,55.0,58.0,58.0,42.0,57.0,1195,47.32,20088000134338
1515.0,3,0.00,57.0,60.0,60.0,43.0,59.0,1280,47.80,20254319537536
1521.0,0,100.00,69.0,82.0,82.0,52.0,70.0,2411,182.30,41876075554870
1521.0,1,0.00,52.0,56.0,56.0,39.0,53.0,1110,47.99,21299475648254
1521.0,2,0.00,55.0,58.0,58.0,42.0,57.0,1205,47.48,20088269349731
1521.0,3,0.00,57.0,60.0,60.0,44.0,59.0,1268,47.98,20254592035583
1526.0,0,99.29,69.0,82.0,80.0,52.0,70.0,2398,182.09,41877109834899
1526.0,1,0.00,52.0,56.0,56.0,39.0,53.0,1110,48.01,21299748356567
1527.0,2,0.00,55.0,58.0,58.0,42.0,57.0,1205,47.21,20088537527282
1527.0,3,0.00,57.0,60.0,60.0,43.0,59.0,1269,47.79,20254863010253
1532.0,0,,69.0,82.0,82.0,52.0,71.0,2443,178.76,41878123377990
1532.0,1,0.00,52.0,56.0,56.0,39.0,53.0,1121,48.07,21300021402954
1532.0,2,0.00,55.0,58.0,58.0,42.0,57.0,1195,47.30,20088806214660
1532.0,3,0.00,57.0,60.0,60.0,44.0,59.0,1280,47.82,20255134617614
1538.0,0,,69.0,82.0,82.0,52.0,71.0,2379,182.23,41879158439758
1538.0,1,0.00,51.0,56.0,56.0,39.0,53.0,1110,48.37,21300295662170
1538.0,2,0.00,55.0,58.0,58.0,42.0,57.0,1237,47.34,20089075107727
1538.0,3,0.00,57.0,60.0,60.0,44.0,59.0,1269,47.86,20255406473999
1543.0,0,,69.0,82.0,82.0,52.0,71.0,2385,178.25,41880172702209
1543.0,1,0.00,52.0,56.0,56.0,40.0,53.0,1118,48.01,21300568866882
1544.0,2,0.00,55.0,58.0,58.0,42.0,57.0,1234,47.43,20089344956176
1544.0,3,0.00,57.0,60.0,60.0,44.0,59.0,1276,48.02,20255679723449
1549.0,0,99.99,69.0,82.0,82.0,52.0,71.0,2418,182.60,41881209856323
1549.0,1,0.00,51.0,56.0,56.0,39.0,53.0,1120,48.11,21300842143981
1549.0,2,0.00,55.0,58.0,58.0,42.0,57.0,1194,47.32,20089613708984
1549.0,3,0.00,57.0,60.0,60.0,43.0,59.0,1278,47.85,20255951497253
1555.0,0,,69.0,82.0,82.0,52.0,71.0,2377,182.36,41882245637573
1555.0,1,0.00,52.0,56.0,56.0,39.0,53.0,1110,48.36,21301116809387
1555.0,2,0.00,55.0,58.0,58.0,42.0,58.0,1207,47.42,20089882555786
1555.0,3,0.00,57.0,60.0,60.0,44.0,59.0,1270,47.90,20256223074829
1560.0,0,99.99,69.0,82.0,82.0,52.0,70.0,2425,178.61,41883258347045
1560.0,1,0.00,51.0,56.0,56.0,39.0,53.0,1111,48.34,21301390899047
1561.0,2,0.00,55.0,58.0,58.0,42.0,57.0,1206,47.35,20090151507324
1561.0,3,0.00,57.0,60.0,60.0,43.0,59.0,1279,47.80,20256494558715
1566.0,0,100.00,69.0,82.0,82.0,52.0,71.0,2335,182.28,41884293704223
1566.0,1,0.00,52.0,56.0,56.0,40.0,53.0,1120,48.06,21301663861450
1566.0,2,0.00,55.0,58.0,58.0,42.0,57.0,1194,47.17,20090419415100
1566.0,3,0.00,57.0,60.0,60.0,44.0,59.0,1278,47.76,20256765821289
1572.0,0,,69.0,82.0,82.0,52.0,71.0,2432,178.32,41885306572937
1572.0,1,0.00,52.0,56.0,56.0,39.0,53.0,1111,48.07,21301936886779
1572.0,2,0.00,55.0,58.0,58.0,42.0,57.0,1207,47.26,20090687375183
1572.0,3,0.00,57.0,60.0,60.0,44.0,59.0,1282,47.76,20257036634887
1577.0,0,99.99,69.0,82.0,82.0,52.0,71.0,2372,182.41,41886339027404
1577.0,1,0.00,52.0,56.0,56.0,39.0,53.0,1112,48.37,21302210638488
1578.0,2,0.00,55.0,58.0,58.0,42.0,57.0,1207,47.42,20090956273803
1578.0,3,0.00,57.0,60.0,60.0,44.0,59.0,1270,47.88,20257308087829
1583.0,0,,69.0,82.0,82.0,52.0,70.0,2421,178.27,41887351610473
1583.0,1,0.00,52.0,56.0,56.0,39.0,53.0,1121,48.06,21302483594238
1583.0,2,0.00,55.0,58.0,58.0,42.0,57.0,1195,47.42,20091225156921
1583.0,3,0.00,57.0,60.0,60.0,44.0,59.0,1280,47.96,20257580016601
1589.0,0,100.00,69.0,82.0,82.0,52.0,71.0,2391,182.37,41888385654357
1589.0,1,0.00,52.0,56.0,56.0,39.0,53.0,1112,48.08,21302756199951
1589.0,2,0.00,55.0,58.0,58.0,42.0,57.0,1206,47.25,20091493092651
1589.0,3,0.00,57.0,60.0,60.0,44.0,59.0,1280,47.77,20257851339660
1594.0,0,,69.0,82.0,82.0,52.0,71.0,2391,178.40,41889397207092
1594.0,1,0.00,52.0,56.0,56.0,39.0,53.0,1121,48.23,21303030165039
1595.0,2,0.00,55.0,58.0,58.0,42.0,57.0,1207,47.32,20091761894592
1595.0,3,0.00,57.0,60.0,60.0,44.0,59.0,1260,47.95,20258122724426
1600.0,0,,69.0,82.0,82.0,52.0,71.0,2360,182.39,41890431371215
1600.0,1,0.00,52.0,56.0,56.0,39.0,53.0,1122,48.36,21303304382446
1600.0,2,0.00,55.0,58.0,58.0,42.0,57.0,1195,47.43,20092030838806
1600.0,3,0.00,57.0,60.0,60.0,43.0,59.0,1300,47.91,20258394871154
1606.0,0,,69.0,82.0,82.0,52.0,71.0,2442,178.37,41891444499633
1606.0,1,0.00,52.0,56.0,56.0,39.0,53.0,1110,48.01,21303576605529
1606.0,2,0.00,55.0,58.0,58.0,42.0,57.0,1205,47.40,20092300043090
1606.0,3,0.00,57.0,60.0,60.0,43.0,59.0,1280,47.72,20258665904418
1611.0,0,,69.0,82.0,82.0,52.0,70.0,2410,182.32,41892480049377
1612.0,1,0.00,52.0,56.0,56.0,40.0,53.0,1121,48.05,21303849508728
1612.0,2,0.00,55.0,58.0,58.0,42.0,57.0,1226,47.33,20092568381591
1612.0,3,0.00,57.0,60.0,60.0,44.0,59.0,1268,47.83,20258937557006
1617.0,0,100.00,68.0,82.0,82.0,51.0,70.0,2380,178.45,41893491844177
1617.0,1,0.00,51.0,56.0,56.0,39.0,53.0,1122,48.26,21304123121337
1617.0,2,0.00,55.0,58.0,58.0,42.0,57.0,1207,47.40,20092837131774
1617.0,3,0.00,57.0,60.0,60.0,43.0,59.0,1281,47.85,20259208853271
1623.0,0,0.00,64.0,82.0,82.0,49.0,67.0,2328,60.81,41893836632812
1623.0,1,0.00,52.0,56.0,56.0,39.0,53.0,1111,48.37,21304397850463
1623.0,2,0.00,55.0,58.0,58.0,42.0,57.0,1248,47.19,20093105178466
1623.0,3,0.00,57.0,60.0,60.0,44.0,58.0,1280,47.52,20259478317504
1628.0,0,0.00,63.0,82.0,82.0,48.0,65.0,1892,58.81,41894170693298
1629.0,1,0.00,52.0,56.0,56.0,39.0,53.0,1120,48.05,21304670781127
1629.0,2,0.00,55.0,58.0,58.0,42.0,57.0,1205,46.96,20093371915588
1629.0,3,0.00,57.0,60.0,60.0,43.0,59.0,1269,47.37,20259747384155
1634.0,0,,67.0,76.0,76.0,50.0,68.0,1545,156.52,41895058166076
1634.0,1,0.00,52.0,56.0,56.0,39.0,53.0,1122,48.17,21304943910766
1634.0,2,0.00,55.0,58.0,58.0,42.0,57.0,1196,47.32,20093640214599
1635.0,3,0.00,57.0,60.0,60.0,43.0,59.0,1269,47.88,20260018858398
1640.0,0,,68.0,78.0,78.0,51.0,70.0,1839,178.08,41896069665954
1640.0,1,0.00,51.0,56.0,56.0,39.0,53.0,1111,48.42,21305218450317
1640.0,2,0.00,55.0,58.0,58.0,42.0,57.0,1195,47.51,20093909603393
1640.0,3,0.00,57.0,60.0,60.0,43.0,59.0,1280,47.94,20260290662536
1645.0,0,,71.0,74.0,74.0,52.0,71.0,2222,199.39,41897200223083
1646.0,1,0.00,51.0,56.0,56.0,39.0,53.0,1122,47.92,21305490149169
1646.0,2,0.00,55.0,58.0,58.0,42.0,57.0,1206,47.27,20094178076232
1646.0,3,0.00,57.0,60.0,60.0,43.0,59.0,1260,47.69,20260561562805
1651.0,0,,70.0,78.0,78.0,52.0,71.0,2687,195.98,41898313396972
1651.0,1,0.00,52.0,56.0,56.0,39.0,53.0,1121,48.03,21305762985900
1651.0,2,0.00,55.0,58.0,58.0,42.0,57.0,1206,47.23,20094445898376
1652.0,3,0.00,57.0,60.0,60.0,43.0,59.0,1270,47.84,20260832809265
1657.0,0,,70.0,80.0,80.0,52.0,71.0,2517,196.98,41899430264953
1657.0,1,0.00,51.0,56.0,56.0,39.0,53.0,1111,48.24,21306036529907
1657.0,2,0.00,55.0,58.0,58.0,42.0,57.0,1174,47.36,20094714404479
1657.0,3,0.00,57.0,60.0,60.0,43.0,59.0,1279,47.86,20261104632934
1662.0,0,,71.0,76.0,76.0,52.0,71.0,2631,200.44,41900568747619
1663.0,1,0.00,52.0,56.0,56.0,39.0,53.0,1110,48.33,21306311056091
1663.0,2,0.00,55.0,58.0,58.0,42.0,58.0,1185,47.39,20094983579895
1663.0,3,0.00,57.0,60.0,60.0,43.0,59.0,1269,48.02,20261376879638
1668.0,0,,70.0,78.0,78.0,52.0,71.0,2788,198.65,41901697102661
1668.0,1,0.00,51.0,56.0,56.0,40.0,53.0,1119,48.11,21306584317016
1668.0,2,0.00,55.0,58.0,58.0,42.0,57.0,1213,47.37,20095253088317
1669.0,3,0.00,57.0,60.0,60.0,43.0,59.0,1276,47.83,20261649040832
1674.0,0,,69.0,80.0,80.0,52.0,71.0,2735,197.29,41902817717895
1674.0,1,0.00,51.0,56.0,56.0,39.0,53.0,1120,48.11,21306858063232
1674.0,2,0.00,55.0,58.0,58.0,42.0,57.0,1226,47.29,20095521711486
1674.0,3,0.00,57.0,60.0,60.0,43.0,59.0,1279,47.96,20261921429687
1679.0,0,99.99,70.0,80.0,80.0,52.0,72.0,2602,197.96,41903942131286
1680.0,1,0.00,51.0,56.0,56.0,40.0,53.0,1111,48.39,21307132456909
1680.0,2,0.00,55.0,58.0,58.0,42.0,57.0,1249,47.47,20095790894470
1680.0,3,0.00,57.0,60.0,60.0,44.0,59.0,1269,47.93,20262193674377
1685.0,0,99.99,71.0,76.0,76.0,52.0,71.0,2737,200.42,41905080529846
1685.0,1,0.00,52.0,56.0,56.0,39.0,53.0,1120,48.10,21307405650268
1685.0,2,0.00,55.0,58.0,58.0,42.0,57.0,1236,47.36,20096059890747
1686.0,3,0.00,57.0,60.0,60.0,44.0,59.0,1268,48.00,20262466297485
1691.0,0,,70.0,80.0,80.0,52.0,70.0,2778,197.36,41906201545166
1691.0,1,0.00,52.0,56.0,56.0,39.0,53.0,1121,48.00,21307678289916
1691.0,2,0.00,55.0,58.0,58.0,42.0,57.0,1194,47.12,20096327551757
1691.0,3,0.00,57.0,60.0,60.0,44.0,59.0,1301,47.92,20262738006591
1697.0,0,100.00,71.0,78.0,78.0,52.0,70.0,2528,198.43,41907326650146
1697.0,1,0.00,52.0,56.0,56.0,39.0,53.0,1110,48.24,21307951794128
1697.0,2,0.00,55.0,58.0,58.0,42.0,57.0,1206,47.23,20096595793457
1697.0,3,0.00,57.0,60.0,60.0,43.0,59.0,1280,47.92,20263010176513
1702.0,0,,69.0,78.0,78.0,52.0,71.0,2667,198.77,41908457636474
1702.0,1,0.00,51.0,56.0,56.0,39.0,53.0,1118,48.29,21308226557861
1703.0,2,0.00,55.0,58.0,58.0,42.0,57.0,1191,47.50,20096866063110
1703.0,3,0.00,57.0,60.0,60.0,44.0,59.0,1276,48.05,20263283578063
1708.0,0,,69.0,78.0,78.0,52.0,71.0,2789,199.55,41909591090637
1708.0,1,0.00,52.0,56.0,56.0,40.0,53.0,1120,48.05,21308499937255
1708.0,2,0.00,55.0,58.0,58.0,42.0,58.0,1194,47.37,20097135099304
1708.0,3,0.00,57.0,60.0,60.0,44.0,59.0,1279,47.77,20263554910339
1714.0,0,,69.0,80.0,80.0,52.0,71.0,2665,196.85,41910709203857
1714.0,1,0.00,52.0,56.0,56.0,40.0,53.0,1111,48.21,21308773308837
1714.0,2,0.00,55.0,58.0,58.0,42.0,57.0,1248,47.26,20097403048156
1714.0,3,0.00,57.0,60.0,60.0,44.0,59.0,1269,47.94,20263827184448
1719.0,0,,69.0,80.0,80.0,52.0,71.0,2578,198.92,41911839090087
1719.0,1,0.00,52.0,56.0,56.0,40.0,53.0,1120,48.33,21309047826965
1720.0,2,0.00,55.0,58.0,58.0,42.0,57.0,1215,47.42,20097672408752
1720.0,3,0.00,57.0,60.0,60.0,44.0,59.0,1279,48.00,20264099813964
1725.0,0,100.00,71.0,76.0,76.0,52.0,71.0,2727,200.67,41912976872619
1725.0,1,0.00,52.0,56.0,56.0,39.0,53.0,1121,48.13,21309321209289
1725.0,2,0.00,55.0,58.0,58.0,42.0,57.0,1215,47.45,20097942377807
1725.0,3,0.00,57.0,60.0,60.0,44.0,59.0,1298,48.05,20264372721496
1731.0,0,,69.0,80.0,80.0,52.0,70.0,2795,196.56,41914097236755
1731.0,1,0.00,52.0,56.0,56.0,40.0,53.0,1108,48.04,21309594567871
1731.0,2,0.00,55.0,58.0,58.0,42.0,57.0,1214,47.10,20098209886413
1731.0,3,0.00,57.0,60.0,60.0,44.0,59.0,1300,47.81,20264644257080
1736.0,0,,70.0,78.0,78.0,52.0,71.0,2527,199.38,41915227715332
1736.0,1,0.00,52.0,56.0,56.0,39.0,53.0,1121,48.31,21309868492980
1737.0,2,0.00,55.0,58.0,58.0,42.0,57.0,1206,47.26,20098478323303
1737.0,3,0.00,57.0,60.0,60.0,44.0,59.0,1301,47.92,20264916422851
1742.0,0,,72.0,78.0,78.0,53.0,71.0,2705,198.30,41916354060119
1742.0,1,0.00,52.0,56.0,56.0,39.0,53.0,1121,48.29,21310142764343
1742.0,2,0.00,55.0,58.0,58.0,42.0,57.0,1195,47.42,20098747651672
1742.0,3,0.00,57.0,60.0,60.0,44.0,59.0,1300,47.98,20265188964172
1748.0,0,,69.0,80.0,80.0,52.0,71.0,2800,199.02,41917484520751
1748.0,1,0.00,51.0,56.0,56.0,39.0,53.0,1110,48.15,21310416279235
1748.0,2,0.00,55.0,58.0,58.0,42.0,57.0,1184,47.53,20099017148315
1748.0,3,0.00,57.0,60.0,60.0,44.0,58.0,1289,48.05,20265461905273
1753.0,0,,69.0,78.0,78.0,52.0,71.0,2633,197.84,41918608274169
1753.0,1,0.00,52.0,56.0,56.0,39.0,53.0,1121,48.13,21310689684936
1754.0,2,0.00,55.0,58.0,58.0,42.0,57.0,1237,47.24,20099285485046
1754.0,3,0.00,57.0,60.0,60.0,44.0,59.0,1300,47.93,20265734124511
1759.0,0,,72.0,78.0,78.0,53.0,71.0,2653,199.57,41919739819458
1759.0,1,0.00,52.0,56.0,56.0,39.0,53.0,1120,48.26,21310963822387
1759.0,2,0.00,55.0,58.0,58.0,42.0,57.0,1237,47.40,20099554739440
1759.0,3,0.00,57.0,60.0,60.0,44.0,59.0,1301,48.11,20266006889282
1765.0,0,,71.0,76.0,76.0,53.0,71.0,2791,199.46,41920872771972
1765.0,1,0.00,51.0,56.0,56.0,39.0,53.0,1111,48.46,21311238572570
1765.0,2,0.00,55.0,58.0,58.0,42.0,57.0,1206,47.56,20099824419799
1765.0,3,0.00,57.0,60.0,60.0,44.0,59.0,1300,48.00,20266279543334
1770.0,0,,71.0,78.0,78.0,52.0,71.0,2793,198.45,41921997971191
1770.0,1,0.00,51.0,56.0,56.0,39.0,53.0,1122,48.13,21311511477111
1771.0,2,0.00,55.0,58.0,58.0,42.0,58.0,1185,47.07,20100091778320
1771.0,3,0.00,57.0,60.0,60.0,44.0,59.0,1292,47.77,20266550419738
1776.0,0,,71.0,76.0,76.0,52.0,71.0,2540,198.40,41923122912597
1776.0,1,0.00,51.0,56.0,56.0,40.0,53.0,1122,48.06,21311784440979
1776.0,2,0.00,55.0,58.0,58.0,42.0,58.0,1197,47.34,20100359701843
1776.0,3,0.00,57.0,60.0,60.0,44.0,59.0,1302,47.97,20266822404785
1782.0,0,,71.0,76.0,76.0,52.0,71.0,2749,199.34,41924255153930
1782.0,1,0.00,52.0,56.0,56.0,39.0,53.0,1110,48.32,21312058406616
1782.0,2,0.00,55.0,58.0,58.0,42.0,57.0,1205,47.39,20100628881103
1782.0,3,0.00,57.0,60.0,60.0,44.0,59.0,1300,48.01,20267095105895
1787.0,0,,69.0,78.0,80.0,52.0,70.0,2800,197.50,41925376957824
1788.0,1,0.00,51.0,56.0,56.0,40.0,53.0,1121,48.01,21312331108398
1788.0,2,0.00,55.0,58.0,58.0,42.0,57.0,1205,47.53,20100898844787
1788.0,3,0.00,57.0,60.0,60.0,44.0,59.0,1289,48.06,20267368059448
1793.0,0,,69.0,80.0,80.0,52.0,70.0,2589,195.10,41926485138977
1793.0,1,0.00,52.0,56.0,56.0,40.0,53.0,1120,48.12,21312604442932
1793.0,2,0.00,55.0,58.0,58.0,42.0,57.0,1195,47.16,20101166730041
1793.0,3,0.00,57.0,60.0,60.0,44.0,59.0,1302,47.91,20267639684509
1799.0,0,,68.0,80.0,80.0,51.0,70.0,2486,182.79,41927521567016
1799.0,1,0.00,52.0,56.0,56.0,40.0,53.0,1111,48.27,21312878125183
1799.0,2,0.00,55.0,58.0,58.0,42.0,57.0,1206,47.31,20101435455688
1799.0,3,0.00,57.0,60.0,60.0,44.0,59.0,1298,47.92,20267912372436
1804.0,0,0.00,64.0,80.0,80.0,48.0,66.0,2394,60.43,41927865434387
1805.0,1,0.00,52.0,56.0,56.0,40.0,53.0,1118,48.48,21313153956420
1805.0,2,0.00,55.0,58.0,58.0,42.0,57.0,1193,47.39,20101704638427
1805.0,3,0.00,57.0,60.0,60.0,44.0,59.0,1290,47.60,20268182278930
1810.0,0,0.00,63.0,80.0,80.0,48.0,65.0,1746,58.30,41928198309814
1810.0,1,0.00,52.0,56.0,56.0,39.0,53.0,1115,48.09,21313428547973
1810.0,2,0.00,55.0,58.0,58.0,42.0,57.0,1210,47.04,20101973216796
1811.0,3,0.00,57.0,60.0,60.0,44.0,59.0,1294,47.21,20268451848022
1816.0,0,100.00,67.0,76.0,76.0,50.0,68.0,1513,150.99,41929054404235
1816.0,1,0.00,52.0,56.0,56.0,40.0,53.0,1121,48.12,21313701413818
1816.0,2,0.00,55.0,58.0,58.0,42.0,57.0,1195,47.20,20102240822937
1816.0,3,0.00,57.0,60.0,60.0,43.0,59.0,1300,47.77,20268723155151
1821.0,0,99.99,68.0,78.0,78.0,51.0,69.0,1745,178.31,41930065421508
1822.0,1,0.00,52.0,56.0,56.0,40.0,53.0,1111,48.25,21313975494323
1822.0,2,0.00,55.0,58.0,58.0,42.0,57.0,1195,47.33,20102509672058
1822.0,3,0.00,57.0,60.0,60.0,43.0,59.0,1269,48.00,20268995295898
1827.0,0,,71.0,74.0,74.0,52.0,71.0,2149,197.74,41931186610290
1827.0,1,0.00,51.0,56.0,56.0,40.0,53.0,1112,48.02,21314247771789
1827.0,2,0.00,55.0,58.0,58.0,42.0,57.0,1207,47.41,20102778459289
1828.0,3,0.00,57.0,60.0,60.0,43.0,59.0,1271,47.70,20269265742187
1833.0,0,,71.0,74.0,74.0,52.0,71.0,2643,199.81,41932321535461
1833.0,1,0.00,52.0,56.0,56.0,39.0,53.0,1120,48.17,21314521392089
1833.0,2,0.00,55.0,58.0,58.0,42.0,57.0,1194,47.14,20103046240356
1833.0,3,0.00,57.0,60.0,60.0,43.0,59.0,1278,47.65,20269536383361
1838.0,0,,70.0,78.0,78.0,52.0,71.0,2799,199.05,41933452159973
1839.0,1,0.00,51.0,56.0,56.0,40.0,53.0,1110,48.33,21314795405822
1839.0,2,0.00,55.0,58.0,58.0,42.0,57.0,1205,47.30,20103314900451
1839.0,3,0.00,57.0,60.0,60.0,43.0,59.0,1269,48.04,20269809237121
1844.0,0,,70.0,78.0,78.0,52.0,71.0,2676,199.70,41934586464843
1844.0,1,0.00,52.0,56.0,56.0,39.0,53.0,1122,48.40,21315070326782
1844.0,2,0.00,55.0,58.0,58.0,42.0,58.0,1185,47.60,20103584820373
1845.0,3,0.00,57.0,60.0,60.0,43.0,59.0,1270,48.20,20270082549743
1850.0,0,,70.0,76.0,76.0,52.0,71.0,2506,200.84,41935725253051
1850.0,1,0.00,52.0,56.0,56.0,40.0,53.0,1121,48.24,21315343839904
1850.0,2,0.00,55.0,58.0,58.0,42.0,57.0,1194,47.58,20103855053588
1850.0,3,0.00,57.0,60.0,60.0,44.0,59.0,1268,47.92,20270354755187
1856.0,0,100.00,71.0,76.0,76.0,52.0,71.0,2737,199.87,41936860508605
1856.0,1,0.00,51.0,56.0,56.0,39.0,53.0,1110,48.06,21315616848937
1856.0,2,0.00,55.0,58.0,58.0,42.0,57.0,1206,47.21,20104122757324
1856.0,3,0.00,57.0,60.0,60.0,44.0,59.0,1270,47.83,20270625933044
1861.0,0,,71.0,74.0,74.0,52.0,71.0,2793,200.51,41937997419616
1861.0,1,0.00,51.0,56.0,56.0,39.0,53.0,1122,48.21,21315890181762
1861.0,2,0.00,55.0,58.0,58.0,42.0,57.0,1216,47.28,20104391320007
1862.0,3,0.00,57.0,60.0,60.0,44.0,59.0,1269,47.98,20270898456054
1867.0,0,,70.0,78.0,78.0,52.0,71.0,2803,198.90,41939127154785
1867.0,1,0.00,52.0,56.0,56.0,39.0,53.0,1122,48.09,21316163312438
1867.0,2,0.00,55.0,58.0,58.0,42.0,57.0,1185,47.42,20104660163452
1867.0,3,0.00,57.0,60.0,60.0,44.0,59.0,1301,47.98,20271170512207
1873.0,0,,70.0,78.0,78.0,52.0,71.0,2749,200.03,41940261306274
1873.0,1,0.00,52.0,56.0,56.0,40.0,53.0,1110,48.25,21316436867553
1873.0,2,0.00,55.0,58.0,58.0,42.0,57.0,1205,47.32,20104928955627
1873.0,3,0.00,57.0,60.0,60.0,44.0,59.0,1279,47.83,20271442201782
1878.0,0,,69.0,80.0,80.0,52.0,71.0,2515,200.01,41941397340820
1878.0,1,0.00,51.0,56.0,56.0,39.0,53.0,1121,48.29,21316711140197
1879.0,2,0.00,55.0,58.0,58.0,42.0,57.0,1206,47.46,20105198063415
1879.0,3,0.00,57.0,60.0,60.0,44.0,59.0,1269,48.07,20271715231567
1884.0,0,,71.0,76.0,76.0,52.0,71.0,2652,200.65,41942537034301
1884.0,1,0.00,52.0,56.0,56.0,40.0,53.0,1120,48.33,21316985671936
1884.0,2,0.00,55.0,58.0,58.0,42.0,57.0,1193,47.40,20105467757385
1884.0,3,0.00,57.0,60.0,60.0,44.0,59.0,1299,48.16,20271988776977
1890.0,0,100.00,70.0,76.0,76.0,52.0,71.0,2800,199.72,41943671448913
1890.0,1,0.00,52.0,56.0,56.0,40.0,53.0,1110,48.10,21317258890625
1890.0,2,0.00,55.0,58.0,58.0,42.0,57.0,1195,47.60,20105737661682
1890.0,3,0.00,57.0,60.0,60.0,44.0,59.0,1300,48.03,20272261579650
1895.0,0,,70.0,76.0,76.0,52.0,71.0,2802,199.79,41944806275878
1895.0,1,0.00,52.0,56.0,56.0,39.0,53.0,1121,48.17,21317532508361
1896.0,2,0.00,55.0,58.0,58.0,42.0,57.0,1206,47.17,20106005573486
1896.0,3,0.00,57.0,60.0,60.0,44.0,59.0,1301,47.84,20272532851562
1901.0,0,,70.0,78.0,78.0,52.0,71.0,2802,199.85,41945939407287
1901.0,1,0.00,52.0,56.0,56.0,40.0,53.0,1121,48.34,21317806582336
1901.0,2,0.00,55.0,58.0,58.0,42.0,57.0,1195,47.33,20106274390747
1901.0,3,0.00,57.0,60.0,60.0,44.0,59.0,1300,48.03,20272805648986
1907.0,0,100.00,70.0,80.0,78.0,52.0,70.0,2547,199.87,41947074661865
1907.0,1,0.00,52.0,56.0,56.0,39.0,53.0,1110,48.41,21318081574157
1907.0,2,0.00,55.0,58.0,58.0,42.0,57.0,1184,47.59,20106544206787
1907.0,3,0.00,57.0,60.0,60.0,44.0,59.0,1290,48.20,20273078964233
1912.0,0,,71.0,76.0,76.0,52.0,71.0,2624,200.77,41948213026428
1912.0,1,0.00,52.0,56.0,56.0,39.0,53.0,1121,48.09,21318354724975
1913.0,2,0.00,55.0,58.0,58.0,42.0,58.0,1185,47.20,20106812323425
1913.0,3,0.00,57.0,60.0,60.0,44.0,59.0,1302,47.69,20273349834655
1918.0,0,100.00,71.0,76.0,76.0,52.0,71.0,2792,199.68,41949347213745
1918.0,1,0.00,52.0,56.0,56.0,39.0,53.0,1122,48.20,21318628006591
1918.0,2,0.00,55.0,58.0,58.0,43.0,57.0,1196,47.28,20107080393066
1918.0,3,0.00,57.0,60.0,60.0,44.0,59.0,1302,47.95,20273621722656
1924.0,0,,70.0,76.0,76.0,52.0,70.0,2803,199.94,41950480879516
1924.0,1,0.00,52.0,56.0,56.0,39.0,53.0,1111,48.35,21318902124145
1924.0,2,0.00,55.0,58.0,58.0,42.0,57.0,1206,47.47,20107349519836
1924.0,3,0.00,57.0,60.0,60.0,44.0,59.0,1301,48.15,20273894714660
1929.0,0,,70.0,78.0,78.0,52.0,70.0,2805,199.79,41951613665832
1929.0,1,0.00,52.0,56.0,56.0,39.0,53.0,1122,48.12,21319174953857
1930.0,2,0.00,55.0,58.0,58.0,43.0,57.0,1217,47.47,20107619126770
1930.0,3,0.00,57.0,60.0,60.0,44.0,59.0,1301,48.04,20274167581726
1935.0,0,,70.0,80.0,78.0,52.0,71.0,2696,199.66,41952747739318
1935.0,1,0.00,51.0,56.0,56.0,40.0,53.0,1121,48.19,21319448674560
1935.0,2,0.00,55.0,58.0,58.0,42.0,58.0,1196,47.37,20107887703247
1935.0,3,0.00,57.0,60.0,60.0,44.0,59.0,1301,48.01,20274439773315
1941.0,0,100.00,71.0,76.0,76.0,52.0,70.0,2600,200.81,41953886353393
1941.0,1,0.00,51.0,56.0,56.0,40.0,53.0,1110,48.32,21319722632690
1941.0,2,0.00,55.0,58.0,58.0,42.0,57.0,1205,47.24,20108156051513
1941.0,3,0.00,57.0,60.0,60.0,44.0,59.0,1301,47.96,20274712164489
1946.0,0,,71.0,76.0,76.0,52.0,71.0,2783,199.81,41955021293395
1946.0,1,0.00,52.0,56.0,56.0,39.0,53.0,1122,48.08,21319995731628
1947.0,2,0.00,55.0,58.0,58.0,42.0,57.0,1207,47.36,20108424599182
1947.0,3,0.00,57.0,60.0,60.0,44.0,59.0,1302,48.06,20274984638549
1952.0,0,,69.0,76.0,76.0,52.0,71.0,2802,199.97,41956155097412
1952.0,1,0.00,52.0,56.0,56.0,39.0,53.0,1121,48.20,21320269028137
1952.0,2,0.00,55.0,58.0,58.0,42.0,58.0,1195,47.58,20108694393127
1952.0,3,0.00,57.0,60.0,60.0,44.0,59.0,1300,47.87,20275256072509
1958.0,0,,71.0,74.0,74.0,52.0,71.0,2803,200.38,41957291241943
1958.0,1,0.00,52.0,56.0,56.0,40.0,53.0,1111,48.13,21320542430419
1958.0,2,0.00,55.0,58.0,58.0,42.0,57.0,1206,47.34,20108963266540
1958.0,3,0.00,57.0,60.0,60.0,44.0,59.0,1301,47.82,20275527667602
1963.0,0,100.00,69.0,78.0,78.0,52.0,71.0,2730,199.38,41958421747985
1963.0,1,0.00,52.0,56.0,56.0,39.0,53.0,1122,48.38,21320816748413
1964.0,2,0.00,55.0,58.0,58.0,42.0,57.0,1217,47.46,20109232383056
1964.0,3,0.00,57.0,60.0,60.0,44.0,59.0,1291,48.17,20275800813720
1969.0,0,,71.0,76.0,76.0,52.0,71.0,2496,200.67,41959561526123
1969.0,1,0.00,52.0,56.0,56.0,39.0,53.0,1121,48.27,21321090436401
1969.0,2,0.00,55.0,58.0,58.0,42.0,57.0,1195,47.60,20109502251098
1969.0,3,0.00,57.0,60.0,60.0,44.0,59.0,1301,48.10,20276074021545
1975.0,0,,70.0,78.0,78.0,52.0,71.0,2738,199.16,41960692779785
1975.0,1,0.00,52.0,56.0,56.0,39.0,53.0,1110,48.11,21321363728515
1975.0,2,0.00,55.0,58.0,58.0,42.0,58.0,1205,47.26,20109770692199
1975.0,3,0.00,57.0,60.0,60.0,44.0,59.0,1300,47.77,20276345347595
1980.0,0,,71.0,76.0,76.0,52.0,71.0,2800,200.55,41961831900634
1981.0,1,0.00,52.0,56.0,56.0,39.0,53.0,1121,48.21,21321637574401
1981.0,2,0.00,55.0,58.0,58.0,42.0,57.0,1205,47.33,20110039519348
1981.0,3,0.00,57.0,60.0,60.0,44.0,59.0,1300,48.08,20276617952331
1986.0,0,,70.0,78.0,76.0,52.0,71.0,2801,199.80,41962964794982
1986.0,1,0.00,51.0,56.0,56.0,40.0,53.0,1121,48.35,21321911715209
1986.0,2,0.00,55.0,58.0,58.0,42.0,57.0,1195,47.37,20110308581787
1987.0,3,0.00,57.0,60.0,60.0,44.0,59.0,1300,48.08,20276891041992
1992.0,0,,70.0,78.0,78.0,52.0,71.0,2802,199.59,41964098476257
1992.0,1,0.00,52.0,56.0,56.0,40.0,53.0,1111,48.10,21322184950195
1992.0,2,0.00,55.0,58.0,58.0,42.0,57.0,1184,47.54,20110578109741
1992.0,3,0.00,57.0,60.0,60.0,44.0,59.0,1301,48.10,20277163781311
1997.0,0,,71.0,76.0,76.0,52.0,71.0,2568,200.49,41965237272399
1998.0,1,0.00,51.0,56.0,56.0,39.0,53.0,1121,48.21,21322458810302
1998.0,2,0.00,55.0,58.0,58.0,42.0,57.0,1195,47.22,20110846340393
1998.0,3,0.00,57.0,60.0,60.0,44.0,59.0,1290,47.94,20277436102416
2003.0,0,,70.0,78.0,78.0,52.0,71.0,2718,199.72,41966369712036
2003.0,1,0.00,52.0,56.0,56.0,40.0,53.0,1121,48.36,21322733016113
2003.0,2,0.00,55.0,58.0,58.0,42.0,57.0,1216,47.40,20111115080383
2004.0,3,0.00,57.0,60.0,60.0,44.0,59.0,1301,48.07,20277709144592
2009.0,0,,70.0,78.0,78.0,52.0,70.0,2793,199.98,41967505618286
2009.0,1,0.00,52.0,56.0,56.0,40.0,53.0,1111,48.34,21323007603027
2009.0,2,0.00,55.0,58.0,58.0,42.0,57.0,1217,47.47,20111384689514
2009.0,3,0.00,57.0,60.0,60.0,44.0,59.0,1301,48.18,20277982307739
2014.0,0,,71.0,76.0,76.0,52.0,70.0,2800,200.54,41968642668823
2015.0,1,0.00,52.0,56.0,56.0,39.0,53.0,1120,48.16,21323281141784
2015.0,2,0.00,55.0,58.0,58.0,42.0,57.0,1216,47.56,20111654812133
2015.0,3,0.00,57.0,60.0,60.0,44.0,59.0,1290,47.77,20278253626953
2020.0,0,,69.0,78.0,78.0,52.0,71.0,2803,199.30,41969774666015
2020.0,1,0.00,52.0,56.0,56.0,40.0,53.0,1122,48.20,21323554451110
2020.0,2,0.00,55.0,58.0,58.0,42.0,57.0,1228,47.34,20111923229309
2021.0,3,0.00,57.0,60.0,60.0,44.0,59.0,1302,47.96,20278525569519
2026.0,0,100.00,71.0,78.0,76.0,52.0,70.0,2647,200.55,41970909772583
2026.0,1,0.00,51.0,56.0,56.0,39.0,53.0,1112,48.31,21323828380249
2026.0,2,0.00,55.0,58.0,58.0,42.0,57.0,1207,47.40,20112191961486
2026.0,3,0.00,57.0,60.0,60.0,44.0,59.0,1302,48.10,20278798296630
2031.0,0,,70.0,76.0,76.0,52.0,71.0,2635,199.76,41972044396301
2032.0,1,0.00,52.0,56.0,56.0,40.0,54.0,1122,48.08,21324101009826
2032.0,2,0.00,55.0,58.0,58.0,42.0,57.0,1207,47.47,20112461115966
2032.0,3,0.00,57.0,60.0,60.0,44.0,59.0,1291,48.17,20279071427612
2037.0,0,100.00,71.0,76.0,76.0,52.0,70.0,2793,200.50,41973181256225
2037.0,1,0.00,51.0,54.0,54.0,40.0,53.0,1111,48.23,21324374453063
2037.0,2,0.00,55.0,58.0,58.0,42.0,57.0,1195,47.35,20112729586975
2038.0,3,0.00,57.0,60.0,60.0,44.0,59.0,1301,47.87,20279342852905
2043.0,0,,69.0,78.0,76.0,52.0,71.0,2802,199.74,41974313791564
2043.0,1,0.00,52.0,54.0,54.0,39.0,53.0,1110,48.20,21324648224060
2043.0,2,0.00,55.0,58.0,58.0,42.0,57.0,1184,47.43,20112998963439
2043.0,3,0.00,57.0,60.0,60.0,44.0,59.0,1300,48.01,20279615538024
2048.0,0,,71.0,76.0,74.0,52.0,71.0,2793,200.06,41975450127075
2049.0,1,0.00,51.0,54.0,54.0,40.0,53.0,1122,48.35,21324922349914
2049.0,2,0.00,55.0,58.0,58.0,42.0,57.0,1207,47.44,20113267924011
2049.0,3,0.00,57.0,60.0,60.0,44.0,59.0,1291,48.17,20279888682434
2054.0,0,,69.0,78.0,78.0,52.0,70.0,2729,199.36,41976580516296
2054.0,1,0.00,52.0,54.0,54.0,39.0,53.0,1111,48.19,21325195589172
2054.0,2,0.00,55.0,58.0,58.0,42.0,58.0,1227,47.53,20113537445556
2055.0,3,0.00,57.0,60.0,60.0,44.0,59.0,1301,48.10,20280161917541
2060.0,0,,70.0,78.0,80.0,52.0,71.0,2505,195.70,41977692065856
2060.0,1,0.00,51.0,54.0,54.0,40.0,53.0,1120,48.29,21325469877014
2060.0,2,0.00,55.0,58.0,58.0,42.0,57.0,1247,47.29,20113806536987
2060.0,3,0.00,57.0,60.0,60.0,44.0,59.0,1300,47.95,20280434292968
2065.0,0,,69.0,80.0,80.0,51.0,71.0,2495,191.01,41978775068664
2066.0,1,0.00,52.0,54.0,54.0,40.0,53.0,1112,48.28,21325743650512
2066.0,2,0.00,55.0,58.0,58.0,42.0,57.0,1238,47.36,20114075051818
2066.0,3,0.00,57.0,60.0,60.0,44.0,59.0,1290,48.07,20280706835998
2071.0,0,0.00,64.0,80.0,80.0,49.0,66.0,2420,71.43,41979180803161
2071.0,1,0.00,52.0,54.0,54.0,40.0,53.0,1120,48.23,21326017614562
2071.0,2,0.00,55.0,58.0,58.0,42.0,57.0,1207,47.26,20114343039123
2072.0,3,0.00,57.0,60.0,60.0,44.0,59.0,1303,47.64,20280976950500
2077.0,0,0.00,63.0,80.0,80.0,48.0,65.0,1748,58.58,41979512952148
2077.0,1,0.00,52.0,54.0,54.0,40.0,53.0,1113,48.11,21326290373107
2077.0,2,0.00,55.0,58.0,58.0,42.0,57.0,1175,47.09,20114610058715
2077.0,3,0.00,57.0,60.0,60.0,44.0,59.0,1301,47.39,20281245646057
2083.0,0,,66.0,74.0,74.0,50.0,68.0,1502,114.65,41980163006347
2083.0,1,0.00,52.0,54.0,54.0,39.0,53.0,1110,48.12,21326563688903
2083.0,2,0.00,55.0,58.0,58.0,42.0,57.0,1206,47.23,20114878300231
2083.0,3,0.00,57.0,60.0,60.0,44.0,59.0,1290,47.55,20281515724731
2088.0,0,99.99,68.0,76.0,76.0,51.0,69.0,1672,177.69,41981172308715
2088.0,1,0.00,52.0,54.0,54.0,40.0,53.0,1122,48.32,21326837664306
2088.0,2,0.00,55.0,58.0,58.0,42.0,57.0,1206,47.36,20115146822937
2089.0,3,0.00,57.0,60.0,60.0,43.0,59.0,1280,47.99,20281787843261
2094.0,0,,71.0,74.0,74.0,52.0,71.0,1998,191.35,41982257266235
2094.0,1,0.00,52.0,54.0,54.0,40.0,53.0,1121,48.11,21327110425170
2094.0,2,0.00,55.0,58.0,58.0,42.0,57.0,1174,47.47,20115415959045
2094.0,3,0.00,57.0,60.0,60.0,43.0,59.0,1269,47.92,20282060009643
2100.0,0,100.00,71.0,74.0,74.0,53.0,71.0,2538,199.86,41983392480163
2100.0,1,0.00,51.0,54.0,54.0,39.0,53.0,1111,48.18,21327384105102
2100.0,2,0.00,55.0,58.0,58.0,42.0,57.0,1206,47.16,20115683832153
2100.0,3,0.00,57.0,60.0,60.0,43.0,59.0,1269,47.64,20282330130493
2105.0,0,,71.0,74.0,74.0,52.0,71.0,2783,200.05,41984526747924
2105.0,1,0.00,52.0,54.0,54.0,39.0,53.0,1122,48.15,21327657112243
2106.0,2,0.00,55.0,58.0,58.0,42.0,57.0,1206,47.32,20115952154479
2106.0,3,0.00,57.0,60.0,60.0,43.0,59.0,1280,47.76,20282600937377
2111.0,0,,70.0,76.0,76.0,52.0,70.0,2803,198.38,41985651579162
2111.0,1,0.00,51.0,54.0,54.0,40.0,53.0,1122,48.27,21327930797790
2111.0,2,0.00,55.0,58.0,58.0,42.0,57.0,1196,47.14,20116219897216
2111.0,3,0.00,57.0,60.0,60.0,44.0,59.0,1280,47.87,20282872863586
2117.0,0,,70.0,76.0,76.0,52.0,71.0,2798,199.81,41986788509155
2117.0,1,0.00,52.0,54.0,54.0,40.0,53.0,1109,47.98,21328203831665
2117.0,2,0.00,55.0,58.0,58.0,42.0,57.0,1194,47.49,20116489666198
2117.0,3,0.00,57.0,60.0,60.0,44.0,59.0,1269,47.75,20283144066345
2122.0,0,99.99,70.0,76.0,76.0,52.0,71.0,2808,200.12,41987921197814
2122.0,1,0.00,52.0,54.0,54.0,40.0,53.0,1123,48.25,21328476946044
2123.0,2,0.00,55.0,58.0,58.0,42.0,57.0,1208,47.31,20116757463806
2123.0,3,0.00,57.0,60.0,60.0,44.0,59.0,1271,47.93,20283415324157
2128.0,0,,69.0,76.0,76.0,52.0,70.0,2655,200.12,41989055883422
2128.0,1,0.00,52.0,54.0,54.0,40.0,53.0,1121,48.24,21328750458496
2128.0,2,0.00,55.0,58.0,58.0,42.0,57.0,1196,47.41,20117026251281
2128.0,3,0.00,57.0,60.0,60.0,44.0,59.0,1301,47.98,20283687849548
2134.0,0,,70.0,76.0,76.0,52.0,71.0,2687,200.01,41990189966064
2134.0,1,0.00,52.0,54.0,54.0,40.0,53.0,1111,48.29,21329024759521
2134.0,2,0.00,55.0,58.0,58.0,42.0,57.0,1217,47.40,20117295510437
2134.0,3,0.00,57.0,60.0,60.0,44.0,59.0,1290,48.19,20283961067810
2139.0,0,,70.0,76.0,76.0,52.0,71.0,2790,199.98,41991325862304
2139.0,1,0.00,52.0,54.0,54.0,40.0,53.0,1120,48.17,21329298366271
2140.0,2,0.00,55.0,58.0,58.0,42.0,58.0,1205,47.26,20117563936828
2140.0,3,0.00,57.0,60.0,60.0,44.0,59.0,1301,47.85,20284232839538
2145.0,0,,71.0,74.0,74.0,52.0,71.0,2802,199.87,41992461136657
2145.0,1,0.00,52.0,54.0,54.0,40.0,53.0,1122,48.24,21329571906738
2145.0,2,0.00,55.0,58.0,58.0,42.0,57.0,1228,47.34,20117832359436
2145.0,3,0.00,57.0,60.0,60.0,44.0,59.0,1301,47.84,20284504071228
2151.0,0,,71.0,74.0,74.0,52.0,71.0,2802,199.62,41993592959350
2151.0,1,0.00,52.0,54.0,54.0,40.0,53.0,1110,48.24,21329845903625
2151.0,2,0.00,55.0,58.0,58.0,42.0,57.0,1259,47.36,20118101343933
2151.0,3,0.00,57.0,60.0,60.0,44.0,59.0,1291,48.09,20284777215209
2156.0,0,100.00,71.0,74.0,74.0,52.0,70.0,2804,200.23,41994730258850
2156.0,1,0.00,52.0,54.0,54.0,39.0,53.0,1122,48.06,21330118379028
2157.0,2,0.00,55.0,58.0,58.0,42.0,57.0,1238,47.40,20118370128784
2157.0,3,0.00,57.0,60.0,60.0,44.0,59.0,1301,48.09,20285049869567
2162.0,0,,70.0,74.0,74.0,52.0,70.0,2812,199.79,41995863092224
2162.0,1,0.00,52.0,54.0,54.0,39.0,53.0,1121,48.17,21330392011352
2162.0,2,0.00,55.0,58.0,58.0,42.0,58.0,1195,47.20,20118638206420
2162.0,3,0.00,57.0,60.0,60.0,44.0,59.0,1301,47.72,20285320927856
2168.0,0,99.99,70.0,74.0,74.0,52.0,70.0,2802,199.21,41996994586608
2168.0,1,0.00,52.0,54.0,54.0,40.0,53.0,1111,48.23,21330665493591
2168.0,2,0.00,55.0,58.0,58.0,42.0,57.0,1206,47.31,20118906467163
2168.0,3,0.00,57.0,60.0,60.0,44.0,59.0,1291,47.96,20285592841613
2173.0,0,100.00,70.0,76.0,76.0,52.0,70.0,2721,199.85,41998127718750
2173.0,1,0.00,52.0,54.0,54.0,40.0,53.0,1122,48.26,21330939115905
2174.0,2,0.00,55.0,58.0,58.0,42.0,57.0,1206,47.44,20119175457397
2174.0,3,0.00,57.0,60.0,60.0,44.0,59.0,1301,48.18,20285866023437
2179.0,0,100.00,69.0,76.0,76.0,52.0,70.0,2505,200.25,41999263163635
2179.0,1,0.00,52.0,54.0,54.0,39.0,53.0,1121,48.14,21331212538879
2179.0,2,0.00,55.0,58.0,58.0,42.0,57.0,1216,47.46,20119445030639
2179.0,3,0.00,57.0,60.0,60.0,44.0,59.0,1300,47.84,20286137735412
2185.0,0,,70.0,76.0,76.0,52.0,70.0,2685,199.94,42000398848449
2185.0,1,0.00,52.0,54.0,54.0,40.0,53.0,1110,48.34,21331486636352
2185.0,2,0.00,55.0,58.0,58.0,42.0,57.0,1185,47.35,20119713526550
2185.0,3,0.00,57.0,60.0,60.0,44.0,59.0,1291,47.99,20286409820190
2190.0,0,,69.0,76.0,76.0,52.0,70.0,2794,199.98,42001532739807
2190.0,1,0.00,51.0,54.0,54.0,39.0,53.0,1122,48.25,21331760217651
2191.0,2,0.00,55.0,58.0,58.0,42.0,57.0,1207,47.39,20119982217468
2191.0,3,0.00,57.0,60.0,60.0,44.0,59.0,1302,48.13,20286682707031
2196.0,0,,70.0,76.0,76.0,52.0,70.0,2802,200.11,42002669357482
2196.0,1,0.00,52.0,54.0,54.0,39.0,53.0,1122,48.03,21332033018859
2196.0,2,0.00,55.0,58.0,58.0,42.0,57.0,1227,47.37,20120251262817
2196.0,3,0.00,57.0,60.0,60.0,44.0,59.0,1301,48.07,20286955736145
2202.0,0,,69.0,76.0,76.0,52.0,70.0,2803,200.02,42003803478881
2202.0,1,0.00,52.0,54.0,54.0,39.0,53.0,1111,48.20,21332306297424
2202.0,2,0.00,55.0,58.0,58.0,42.0,57.0,1237,47.28,20120519318664
2202.0,3,0.00,57.0,60.0,60.0,44.0,59.0,1301,47.81,20287226834838
2207.0,0,,71.0,74.0,74.0,52.0,71.0,2794,201.26,42004944623657
2207.0,1,0.00,52.0,54.0,54.0,39.0,54.0,1122,48.19,21332579510314
2208.0,2,0.00,55.0,58.0,58.0,42.0,57.0,1207,47.28,20120787370422
2208.0,3,0.00,57.0,60.0,60.0,44.0,59.0,1292,47.78,20287497775512
2213.0,0,,70.0,74.0,76.0,52.0,70.0,2803,198.72,42006071372375
2213.0,1,0.00,51.0,54.0,54.0,39.0,53.0,1111,48.14,21332852950378
2213.0,2,0.00,55.0,58.0,58.0,42.0,57.0,1195,47.23,20121055652099
2213.0,3,0.00,57.0,60.0,60.0,44.0,59.0,1300,47.96,20287770176879
2219.0,0,,69.0,74.0,74.0,51.0,70.0,2801,200.69,42007211311706
2219.0,1,0.00,52.0,54.0,54.0,40.0,53.0,1110,48.19,21333126194274
2219.0,2,0.00,55.0,58.0,58.0,42.0,57.0,1184,47.46,20121324727966
2219.0,3,0.00,57.0,60.0,60.0,44.0,59.0,1290,48.08,20288043275146
2224.0,0,,71.0,74.0,76.0,52.0,70.0,2813,199.33,42008341520996
2225.0,1,0.00,52.0,54.0,54.0,40.0,53.0,1121,48.18,21333399835693
2225.0,2,0.00,55.0,58.0,58.0,42.0,57.0,1206,47.23,20121593004455
2225.0,3,0.00,57.0,60.0,60.0,44.0,59.0,1301,47.87,20288314695983
2230.0,0,,70.0,76.0,76.0,52.0,70.0,2802,199.82,42009476521301
2230.0,1,0.00,51.0,54.0,54.0,40.0,53.0,1111,48.27,21333673531127
2230.0,2,0.00,55.0,58.0,58.0,42.0,57.0,1196,47.42,20121861852783
2230.0,3,0.00,57.0,60.0,60.0,44.0,59.0,1301,47.99,20288587261962
2236.0,0,,70.0,76.0,76.0,52.0,70.0,2548,199.84,42010611594665
2236.0,1,0.00,52.0,54.0,54.0,39.0,53.0,1111,48.28,21333947737060
2236.0,2,0.00,55.0,58.0,58.0,42.0,57.0,1205,47.39,20122131017761
2236.0,3,0.00,57.0,60.0,60.0,44.0,59.0,1290,48.23,20288860702148
2241.0,0,99.99,69.0,76.0,76.0,52.0,70.0,2539,200.12,42011746273498
2242.0,1,0.00,52.0,54.0,54.0,40.0,53.0,1121,48.14,21334220665588
2242.0,2,0.00,55.0,58.0,58.0,42.0,57.0,1186,47.39,20122399691711
2242.0,3,0.00,57.0,60.0,60.0,44.0,59.0,1303,47.80,20289131748107
2247.0,0,,70.0,76.0,76.0,52.0,70.0,2772,200.09,42012880803833
2247.0,1,0.00,52.0,54.0,54.0,40.0,53.0,1111,48.26,21334494289672
2247.0,2,0.00,55.0,58.0,58.0,42.0,57.0,1195,47.30,20122668376770
2248.0,3,0.00,57.0,60.0,60.0,44.0,59.0,1300,47.91,20289403857788
2253.0,0,,70.0,76.0,76.0,52.0,70.0,2801,200.14,42014017613830
2253.0,1,0.00,52.0,54.0,54.0,39.0,53.0,1110,48.19,21334768015930
2253.0,2,0.00,55.0,58.0,58.0,42.0,57.0,1205,47.42,20122937269287
2253.0,3,0.00,57.0,60.0,60.0,44.0,59.0,1290,47.94,20289676168823
2258.0,0,,70.0,74.0,74.0,52.0,71.0,2803,201.41,42015159626586
2259.0,1,0.00,52.0,54.0,54.0,39.0,53.0,1122,48.08,21335040641479
2259.0,2,0.00,55.0,58.0,58.0,42.0,57.0,1206,47.37,20123206352783
2259.0,3,0.00,57.0,60.0,60.0,44.0,59.0,1301,48.07,20289948716796
2264.0,0,,71.0,74.0,74.0,52.0,71.0,2801,199.42,42016292357788
2264.0,1,0.00,52.0,54.0,54.0,39.0,53.0,1111,48.10,21335313856262
2264.0,2,0.00,55.0,58.0,58.0,42.0,57.0,1175,47.24,20123474187744
2265.0,3,0.00,57.0,60.0,60.0,44.0,59.0,1302,47.92,20290220428588
2270.0,0,,71.0,74.0,74.0,52.0,70.0,2801,199.58,42017425986877
2270.0,1,0.00,52.0,54.0,54.0,40.0,53.0,1109,48.21,21335587685424
2270.0,2,0.00,55.0,58.0,58.0,42.0,57.0,1204,47.32,20123742960266
2270.0,3,0.00,57.0,60.0,60.0,44.0,59.0,1310,47.92,20290492601257
2275.0,0,,70.0,74.0,74.0,52.0,71.0,2803,200.75,42018564223144
2276.0,1,0.00,52.0,54.0,54.0,39.0,53.0,1122,48.20,21335860989013
2276.0,2,0.00,55.0,58.0,58.0,42.0,57.0,1206,47.43,20124011887451
2276.0,3,0.00,57.0,60.0,60.0,44.0,59.0,1291,48.09,20290765274536
2281.0,0,,70.0,74.0,74.0,52.0,70.0,2813,199.73,42019698698974
2281.0,1,0.00,52.0,54.0,54.0,40.0,53.0,1121,48.02,21336133770996
2281.0,2,0.00,55.0,58.0,58.0,42.0,58.0,1174,47.36,20124280873718
2282.0,3,0.00,57.0,60.0,60.0,44.0,59.0,1300,47.76,20291036576660
2287.0,0,,71.0,74.0,74.0,52.0,71.0,2801,199.95,42020832394348
2287.0,1,0.00,52.0,54.0,54.0,40.0,54.0,1111,48.04,21336406629821
2287.0,2,0.00,55.0,58.0,58.0,42.0,58.0,1238,47.17,20124548784606
2287.0,3,0.00,57.0,60.0,60.0,44.0,59.0,1301,47.67,20291307344909
2292.0,0,,70.0,76.0,76.0,51.0,70.0,2759,198.74,42021961257446
2293.0,1,0.00,52.0,54.0,54.0,40.0,53.0,1120,48.32,21336680611755
2293.0,2,0.00,55.0,58.0,58.0,42.0,57.0,1226,47.35,20124817716857
2293.0,3,0.00,57.0,60.0,60.0,44.0,59.0,1289,48.03,20291580149047
2298.0,0,,70.0,76.0,76.0,52.0,70.0,2526,199.96,42023097044616
2298.0,1,0.00,52.0,54.0,54.0,40.0,53.0,1121,47.99,21336953192016
2298.0,2,0.00,55.0,58.0,58.0,42.0,57.0,1194,47.43,20125087135498
2299.0,3,0.00,57.0,60.0,60.0,44.0,59.0,1300,48.07,20291853164855
2304.0,0,,70.0,76.0,76.0,52.0,70.0,2611,199.92,42024232601867
2304.0,1,0.00,52.0,54.0,54.0,39.0,53.0,1110,48.17,21337226802795
2304.0,2,0.00,55.0,58.0,58.0,42.0,57.0,1206,47.27,20125355140502
2304.0,3,0.00,57.0,60.0,60.0,44.0,59.0,1301,47.91,20292124802490
2309.0,0,,71.0,74.0,74.0,52.0,70.0,2780,201.43,42025374688842
2310.0,1,0.00,52.0,54.0,54.0,39.0,53.0,1121,48.35,21337500946411
2310.0,2,0.00,55.0,58.0,58.0,42.0,57.0,1206,47.43,20125624517272
2310.0,3,0.00,57.0,60.0,60.0,44.0,59.0,1290,48.01,20292397498596
2315.0,0,,71.0,74.0,74.0,52.0,71.0,2803,199.98,42026510602783
2315.0,1,0.00,52.0,54.0,54.0,40.0,53.0,1121,48.19,21337774645141
2315.0,2,0.00,55.0,58.0,58.0,42.0,57.0,1227,47.52,20125893956481
2316.0,3,0.00,57.0,60.0,60.0,44.0,59.0,1301,48.12,20292670345947
2321.0,0,,71.0,74.0,74.0,52.0,71.0,2802,199.84,42027643691772
2321.0,1,0.00,52.0,54.0,54.0,39.0,53.0,1121,48.12,21338047498718
2321.0,2,0.00,55.0,58.0,58.0,42.0,57.0,1195,47.40,20126163206604
2321.0,3,0.00,57.0,60.0,60.0,44.0,59.0,1300,48.06,20292943306030
2327.0,0,,71.0,76.0,76.0,52.0,71.0,2801,198.87,42028773299865
2327.0,1,0.00,52.0,54.0,54.0,39.0,53.0,1110,48.14,21338320907897
2327.0,2,0.00,55.0,58.0,58.0,42.0,57.0,1205,47.06,20126430508605
2327.0,3,0.00,57.0,60.0,60.0,44.0,59.0,1289,47.79,20293214730957
2332.0,0,,71.0,74.0,74.0,52.0,70.0,2798,200.66,42029913069641
2332.0,1,0.00,52.0,54.0,54.0,39.0,53.0,1120,48.19,21338595093566
2333.0,2,0.00,55.0,58.0,58.0,42.0,57.0,1205,47.36,20126699506408
2333.0,3,0.00,57.0,60.0,60.0,44.0,59.0,1300,47.88,20293486684265
2338.0,0,,70.0,74.0,74.0,52.0,70.0,2802,200.10,42031049625671
2338.0,1,0.00,52.0,54.0,54.0,40.0,53.0,1122,48.29,21338868920532
2338.0,2,0.00,55.0,58.0,58.0,42.0,57.0,1217,47.49,20126968770080
2338.0,3,0.00,57.0,60.0,60.0,44.0,59.0,1300,48.09,20293759364379
2344.0,0,,71.0,74.0,74.0,52.0,71.0,2800,199.37,42032182046752
2344.0,1,0.00,52.0,54.0,54.0,39.0,53.0,1110,48.11,21339142197021
2344.0,2,0.00,55.0,58.0,58.0,42.0,58.0,1205,47.43,20127238162597
2344.0,3,0.00,57.0,60.0,60.0,44.0,59.0,1290,47.87,20294031244812
2349.0,0,,70.0,76.0,76.0,52.0,70.0,2812,199.64,42033314006164
2349.0,1,0.00,51.0,54.0,54.0,39.0,53.0,1122,48.31,21339416106506
2350.0,2,0.00,55.0,58.0,58.0,42.0,57.0,1217,47.29,20127506317382
2350.0,3,0.00,57.0,60.0,60.0,44.0,59.0,1301,47.91,20294303348632
2355.0,0,,70.0,76.0,76.0,52.0,70.0,2537,199.82,42034449009460
2355.0,1,0.00,51.0,54.0,54.0,39.0,53.0,1121,48.23,21339690065185
2355.0,2,0.00,55.0,58.0,58.0,42.0,57.0,1194,47.44,20127775753173
2355.0,3,0.00,57.0,60.0,60.0,44.0,59.0,1300,48.15,20294576377746
2361.0,0,,70.0,76.0,76.0,52.0,71.0,2547,199.96,42035584802001
2361.0,1,0.00,51.0,54.0,54.0,40.0,53.0,1110,47.92,21339962236511
2361.0,2,0.00,55.0,58.0,58.0,42.0,57.0,1205,47.46,20128045345397
2361.0,3,0.00,57.0,60.0,60.0,44.0,59.0,1290,48.06,20294849362915
2366.0,0,,71.0,74.0,74.0,52.0,71.0,2769,201.53,42036727448913
2366.0,1,0.00,52.0,54.0,54.0,40.0,53.0,1110,48.23,21340235695922
2367.0,2,0.00,55.0,58.0,58.0,42.0,57.0,1206,47.20,20128312975646
2367.0,3,0.00,57.0,60.0,60.0,44.0,59.0,1301,47.75,20295120562255
2372.0,0,,72.0,76.0,76.0,52.0,71.0,2804,198.76,42037856400329
2372.0,1,0.00,52.0,54.0,54.0,39.0,53.0,1121,48.13,21340509052673
2372.0,2,0.00,55.0,58.0,58.0,42.0,58.0,1195,47.28,20128581502929
2372.0,3,0.00,57.0,60.0,60.0,44.0,59.0,1301,47.87,20295392009460
2378.0,0,,71.0,74.0,74.0,52.0,71.0,2802,200.99,42038995998657
2378.0,1,0.00,52.0,54.0,54.0,39.0,53.0,1111,48.38,21340783350646
2378.0,2,0.00,55.0,58.0,58.0,42.0,58.0,1205,47.46,20128851059509
2378.0,3,0.00,57.0,60.0,60.0,44.0,59.0,1300,48.09,20295665172485
2383.0,0,,70.0,76.0,76.0,52.0,70.0,2801,198.58,42040123944152
2383.0,1,0.00,52.0,54.0,54.0,39.0,53.0,1110,48.04,21341056196105
2384.0,2,0.00,55.0,58.0,58.0,42.0,57.0,1205,47.43,20129119987182
2384.0,3,0.00,57.0,60.0,60.0,44.0,59.0,1300,47.80,20295936658752
2389.0,0,,70.0,74.0,74.0,51.0,70.0,2802,200.21,42041261147094
2389.0,1,0.00,52.0,54.0,54.0,39.0,53.0,1122,48.30,21341330041748
2389.0,2,0.00,55.0,58.0,58.0,42.0,57.0,1197,47.19,20129387576293
2389.0,3,0.00,57.0,60.0,60.0,44.0,59.0,1304,47.90,20296207785888
2395.0,0,,71.0,74.0,74.0,52.0,70.0,2803,200.02,42042395272094
2395.0,1,0.00,52.0,54.0,54.0,40.0,53.0,1109,48.25,21341604124511
2395.0,2,0.00,55.0,58.0,58.0,42.0,58.0,1204,47.37,20129656663024
2395.0,3,0.00,57.0,60.0,60.0,44.0,59.0,1288,47.88,20296480207153
2400.0,0,,70.0,74.0,74.0,52.0,70.0,2799,199.55,42043528709533
2400.0,1,0.00,51.0,56.0,56.0,40.0,53.0,1110,48.02,21341876886047
2401.0,2,0.00,55.0,58.0,58.0,42.0,57.0,1205,47.42,20129926461303
2401.0,3,0.00,57.0,60.0,60.0,44.0,59.0,1299,48.00,20296752864135
2406.0,0,,70.0,76.0,76.0,52.0,70.0,2800,199.89,42044664064270
2406.0,1,0.00,51.0,56.0,56.0,39.0,53.0,1120,48.18,21342150550720
2406.0,2,0.00,55.0,58.0,58.0,42.0,57.0,1226,47.29,20130194585083
2406.0,3,0.00,57.0,60.0,60.0,44.0,59.0,1301,47.99,20297024946533
2412.0,0,,70.0,76.0,76.0,52.0,71.0,2613,200.02,42045798205078
2412.0,1,0.00,52.0,56.0,56.0,40.0,53.0,1111,48.26,21342424179748
2412.0,2,0.00,55.0,58.0,58.0,42.0,58.0,1216,47.20,20130462653015
2412.0,3,0.00,57.0,60.0,60.0,44.0,59.0,1290,47.94,20297297273193
2417.0,0,99.99,70.0,76.0,76.0,52.0,70.0,2493,200.04,42046934456298
2418.0,1,0.00,52.0,56.0,56.0,39.0,53.0,1120,48.20,21342697932800
2418.0,2,0.00,55.0,58.0,58.0,42.0,57.0,1215,47.51,20130732502075
2418.0,3,0.00,57.0,60.0,60.0,44.0,59.0,1300,48.09,20297570427612
2423.0,0,,71.0,76.0,76.0,52.0,71.0,2759,199.93,42048070083374
2423.0,1,0.00,51.0,56.0,56.0,40.0,53.0,1121,47.99,21342970522460
2423.0,2,0.00,55.0,58.0,58.0,42.0,57.0,1195,47.46,20131001580566
2423.0,3,0.00,57.0,60.0,60.0,44.0,59.0,1301,48.19,20297843666870
2429.0,0,,71.0,74.0,74.0,52.0,71.0,2802,200.74,42049210289428
2429.0,1,0.00,52.0,56.0,56.0,39.0,53.0,1110,48.20,21343244317626
2429.0,2,0.00,55.0,58.0,58.0,42.0,57.0,1205,47.23,20131269855590
2429.0,3,0.00,57.0,60.0,60.0,44.0,59.0,1289,47.92,20298115870483
2434.0,0,,70.0,76.0,76.0,52.0,70.0,2799,199.11,42050341226928
2435.0,1,0.00,52.0,56.0,56.0,40.0,53.0,1120,48.33,21343518833984
2435.0,2,0.00,55.0,58.0,58.0,42.0,57.0,1216,47.40,20131539064453
2435.0,3,0.00,57.0,60.0,60.0,44.0,59.0,1300,47.99,20298388432861
2440.0,0,,69.0,76.0,76.0,52.0,70.0,2801,200.22,42051476487854
2440.0,1,0.00,52.0,56.0,56.0,39.0,53.0,1121,48.34,21343792942138
2440.0,2,0.00,55.0,58.0,58.0,42.0,57.0,1217,47.44,20131808509521
2441.0,3,0.00,57.0,60.0,60.0,44.0,59.0,1302,48.04,20298661273132
2446.0,0,100.00,70.0,74.0,74.0,52.0,71.0,2804,200.87,42052617440734
2446.0,1,0.00,52.0,56.0,56.0,39.0,53.0,1111,48.00,21344065560546
2446.0,2,0.00,55.0,58.0,58.0,42.0,57.0,1217,47.27,20132076558715
2446.0,3,0.00,57.0,60.0,60.0,44.0,59.0,1291,47.90,20298932843627
2451.0,0,,71.0,74.0,74.0,52.0,71.0,2801,200.40,42053753706970
2452.0,1,0.00,51.0,54.0,54.0,39.0,53.0,1120,48.24,21344339590209
2452.0,2,0.00,55.0,58.0,58.0,42.0,57.0,1205,47.20,20132344653564
2452.0,3,0.00,57.0,60.0,60.0,44.0,59.0,1300,47.85,20299204631591
2457.0,0,,71.0,74.0,74.0,52.0,71.0,2800,199.54,42054887084472
2457.0,1,0.00,52.0,54.0,54.0,39.0,53.0,1121,48.25,21344613156188
2457.0,2,0.00,55.0,58.0,58.0,42.0,58.0,1195,47.32,20132613445068
2458.0,3,0.00,57.0,60.0,60.0,44.0,59.0,1300,47.92,20299476827758
2463.0,0,,70.0,76.0,76.0,51.0,70.0,2803,198.76,42056016038146
2463.0,1,0.00,52.0,54.0,54.0,39.0,53.0,1111,47.95,21344885484863
2463.0,2,0.00,55.0,58.0,58.0,42.0,57.0,1207,47.46,20132882519958
2463.0,3,0.00,57.0,60.0,60.0,44.0,59.0,1302,48.11,20299749596923
2468.0,0,,70.0,76.0,76.0,52.0,70.0,2613,200.07,42057150431640
2469.0,1,0.00,52.0,54.0,54.0,40.0,53.0,1122,48.23,21345158958068
2469.0,2,0.00,55.0,58.0,58.0,42.0,58.0,1206,47.22,20133150276794
2469.0,3,0.00,57.0,60.0,60.0,44.0,59.0,1291,48.03,20300021928710
2474.0,0,,72.0,76.0,76.0,53.0,71.0,2539,200.39,42058286667358
2474.0,1,0.00,51.0,54.0,54.0,39.0,53.0,1111,48.33,21345432990661
2474.0,2,0.00,55.0,58.0,58.0,42.0,58.0,1196,47.33,20133418664794
2475.0,3,0.00,57.0,60.0,60.0,44.0,59.0,1301,47.92,20300294101196
2480.0,0,,69.0,76.0,76.0,52.0,70.0,2760,199.92,42059420237365
2480.0,1,0.00,51.0,54.0,54.0,39.0,53.0,1111,48.22,21345706889770
2480.0,2,0.00,55.0,58.0,58.0,42.0,57.0,1206,47.42,20133688018981
2480.0,3,0.00,57.0,60.0,60.0,44.0,59.0,1302,48.16,20300567159484
2485.0,0,,70.0,76.0,76.0,52.0,70.0,2803,199.55,42060553668762
2486.0,1,0.00,52.0,54.0,54.0,40.0,53.0,1110,48.03,21345979196533
2486.0,2,0.00,55.0,58.0,58.0,42.0,57.0,1216,47.54,20133957562744
2486.0,3,0.00,57.0,60.0,60.0,44.0,59.0,1290,47.87,20300838599304
2491.0,0,,71.0,74.0,74.0,52.0,70.0,2800,201.28,42061696951477
2491.0,1,0.00,52.0,54.0,54.0,39.0,53.0,1121,48.18,21346252873962
2491.0,2,0.00,55.0,58.0,58.0,42.0,57.0,1216,47.18,20134225555358
2492.0,3,0.00,57.0,60.0,60.0,44.0,59.0,1300,47.85,20301110386962
2497.0,0,,71.0,74.0,74.0,52.0,70.0,2800,199.56,42062830461303
2497.0,1,0.00,51.0,54.0,54.0,40.0,53.0,1109,48.33,21346527396362
2497.0,2,0.00,55.0,58.0,58.0,42.0,57.0,1204,47.34,20134494443847
2497.0,3,0.00,57.0,60.0,60.0,44.0,59.0,1300,47.96,20301382798095
2502.0,0,,70.0,76.0,76.0,52.0,70.0,2803,199.04,42063958998229
2503.0,1,0.00,52.0,54.0,54.0,40.0,53.0,1121,47.96,21346799311157
2503.0,2,0.00,55.0,58.0,58.0,42.0,57.0,1207,47.47,20134763616943
2503.0,3,0.00,57.0,60.0,60.0,44.0,59.0,1291,48.16,20301655851196
2508.0,0,,70.0,76.0,74.0,52.0,70.0,2802,200.08,42065095469055
2508.0,1,0.00,52.0,54.0,54.0,39.0,53.0,1110,48.11,21347072586364
2508.0,2,0.00,55.0,58.0,58.0,42.0,57.0,1205,47.17,20135031567138
2509.0,3,0.00,57.0,60.0,60.0,44.0,59.0,1300,47.84,20301927597717
2514.0,0,,70.0,74.0,74.0,51.0,70.0,2810,201.22,42066238373413
2514.0,1,0.00,52.0,54.0,54.0,40.0,53.0,1110,48.28,21347346828247
2514.0,2,0.00,55.0,58.0,58.0,43.0,57.0,1204,47.26,20135299986206
2514.0,3,0.00,57.0,60.0,60.0,44.0,59.0,1299,47.88,20302200042785
2520.0,0,99.99,71.0,74.0,74.0,52.0,70.0,2799,199.28,42067370277038
2520.0,1,0.00,51.0,54.0,54.0,40.0,53.0,1120,48.25,21347620892333
2520.0,2,0.00,55.0,58.0,58.0,42.0,57.0,1205,47.29,20135568573120
2520.0,3,0.00,57.0,60.0,60.0,44.0,59.0,1290,47.98,20302472112182
2525.0,0,,70.0,76.0,76.0,52.0,70.0,2729,199.27,42068500146667
2525.0,1,0.00,52.0,54.0,54.0,39.0,53.0,1121,48.05,21347893321594
2526.0,2,0.00,55.0,58.0,58.0,42.0,57.0,1206,47.47,20135838199951
2526.0,3,0.00,57.0,60.0,60.0,44.0,59.0,1301,48.10,20302745310058
2531.0,0,,70.0,76.0,76.0,52.0,70.0,2516,199.94,42069635830078
2531.0,1,0.00,51.0,54.0,54.0,39.0,53.0,1121,48.14,21348166767761
2531.0,2,0.00,55.0,58.0,58.0,42.0,57.0,1195,47.30,20136106394409
2531.0,3,0.00,57.0,60.0,60.0,44.0,59.0,1301,47.95,20303017170288
2537.0,0,,70.0,76.0,76.0,52.0,70.0,2632,200.21,42070771019653
2537.0,1,0.00,52.0,54.0,54.0,39.0,53.0,1110,48.28,21348441009765
2537.0,2,0.00,55.0,58.0,58.0,42.0,57.0,1205,47.23,20136374651855
2537.0,3,0.00,57.0,60.0,60.0,44.0,59.0,1289,47.93,20303289427062
2542.0,0,,71.0,74.0,74.0,52.0,71.0,2791,200.93,42071912310791
2542.0,1,0.00,52.0,54.0,54.0,40.0,53.0,1121,48.33,21348715050231
2543.0,2,0.00,55.0,58.0,58.0,42.0,57.0,1206,47.43,20136644052612
2543.0,3,0.00,57.0,60.0,60.0,44.0,59.0,1302,48.07,20303561999694
2548.0,0,,71.0,74.0,74.0,52.0,71.0,2803,199.03,42073042810058
2548.0,1,0.00,52.0,54.0,54.0,40.0,53.0,1121,48.06,21348988058715
2548.0,2,0.00,55.0,58.0,58.0,42.0,57.0,1216,47.33,20136912397338
2548.0,3,0.00,57.0,60.0,60.0,44.0,59.0,1300,47.89,20303834002624
2554.0,0,,71.0,74.0,74.0,52.0,71.0,2800,200.77,42074183191467
2554.0,1,0.00,52.0,54.0,54.0,40.0,53.0,1111,48.23,21349261995300
2554.0,2,0.00,55.0,58.0,58.0,42.0,57.0,1206,47.17,20137180322326
2554.0,3,0.00,57.0,60.0,60.0,44.0,59.0,1291,47.91,20304106113525
2559.0,0,,71.0,74.0,74.0,52.0,70.0,2803,199.57,42075314736938
2559.0,1,0.00,51.0,54.0,54.0,39.0,53.0,1121,48.37,21349536258300
2560.0,2,0.00,55.0,58.0,58.0,42.0,57.0,1205,47.50,20137449620788
2560.0,3,0.00,57.0,60.0,60.0,44.0,59.0,1300,48.14,20304379080078
2565.0,0,,69.0,74.0,74.0,51.0,70.0,2804,200.06,42076449069030
2565.0,1,0.00,52.0,54.0,54.0,40.0,53.0,1122,48.04,21349808663452
2565.0,2,0.00,55.0,58.0,58.0,42.0,57.0,1196,47.48,20137718836425
2565.0,3,0.00,57.0,60.0,60.0,44.0,59.0,1303,48.10,20304651820129
2571.0,0,,71.0,74.0,74.0,52.0,70.0,2804,200.07,42077583461242
2571.0,1,0.00,52.0,54.0,54.0,40.0,53.0,1111,48.12,21350081507690
2571.0,2,0.00,55.0,58.0,58.0,42.0,57.0,1206,47.19,20137986379760
2571.0,3,0.00,57.0,60.0,60.0,44.0,59.0,1291,47.84,20304923575378
2576.0,0,100.00,71.0,74.0,74.0,52.0,71.0,2804,200.47,42078720115112
2576.0,1,0.00,51.0,54.0,54.0,40.0,53.0,1111,48.24,21350355533630
2577.0,2,0.00,55.0,58.0,58.0,42.0,57.0,1206,47.25,20138254731384
2577.0,3,0.00,57.0,60.0,60.0,44.0,59.0,1301,47.99,20305195661682
2582.0,0,,70.0,76.0,76.0,52.0,70.0,2728,198.95,42079850158691
2582.0,1,0.00,52.0,54.0,54.0,40.0,53.0,1121,48.32,21350629487670
2582.0,2,0.00,55.0,58.0,58.0,42.0,57.0,1195,47.46,20138523857055
2582.0,3,0.00,57.0,60.0,60.0,44.0,59.0,1301,48.15,20305468658813
2588.0,0,,70.0,76.0,76.0,52.0,70.0,2677,200.11,42080984768432
2588.0,1,0.00,52.0,54.0,54.0,40.0,53.0,1111,48.00,21350901668090
2588.0,2,0.00,55.0,58.0,58.0,42.0,57.0,1206,47.56,20138793497863
2588.0,3,0.00,57.0,60.0,60.0,44.0,59.0,1291,47.89,20305740657958
2593.0,0,,69.0,76.0,76.0,52.0,70.0,2739,200.17,42082119720214
2593.0,1,0.00,52.0,54.0,54.0,39.0,53.0,1122,48.16,21351175199401
2594.0,2,0.00,55.0,58.0,58.0,42.0,57.0,1207,47.21,20139061649353
2594.0,3,0.00,57.0,60.0,60.0,44.0,59.0,1291,47.99,20306012761901
2599.0,0,,70.0,76.0,76.0,52.0,70.0,2800,199.87,42083254981079
2599.0,1,0.00,52.0,54.0,54.0,39.0,53.0,1120,48.37,21351449962341
2599.0,2,0.00,55.0,58.0,58.0,42.0,57.0,1193,47.38,20139330774719
2599.0,3,0.00,57.0,60.0,60.0,44.0,59.0,1298,48.10,20306285958801
2605.0,0,,70.0,76.0,76.0,52.0,70.0,2801,199.95,42084390695251
2605.0,1,0.00,51.0,54.0,54.0,39.0,53.0,1111,48.10,21351722690002
2605.0,2,0.00,55.0,58.0,58.0,42.0,57.0,1206,47.44,20139600243103
2605.0,3,0.00,57.0,60.0,60.0,44.0,59.0,1291,48.02,20306558727478
2610.0,0,,70.0,76.0,76.0,52.0,70.0,2780,199.86,42085525909484
2610.0,1,0.00,52.0,54.0,54.0,40.0,53.0,1120,48.10,21351995923156
2611.0,2,0.00,55.0,58.0,58.0,42.0,57.0,1204,47.31,20139868945678
2611.0,3,0.00,57.0,60.0,60.0,44.0,59.0,1299,47.97,20306831191223
2616.0,0,,70.0,76.0,74.0,51.0,70.0,2725,200.18,42086662934082
2616.0,1,0.00,52.0,54.0,54.0,39.0,53.0,1120,48.26,21352270021850
2616.0,2,0.00,55.0,58.0,58.0,42.0,57.0,1194,47.39,20140137670959
2616.0,3,0.00,57.0,60.0,60.0,44.0,59.0,1300,47.90,20307103255065
2622.0,0,,69.0,74.0,74.0,52.0,70.0,2800,200.32,42087800754699
2622.0,1,0.00,51.0,54.0,54.0,40.0,54.0,1110,48.29,21352544290283
2622.0,2,0.00,55.0,58.0,58.0,42.0,57.0,1205,47.21,20140406292602
2622.0,3,0.00,57.0,60.0,60.0,44.0,59.0,1289,47.99,20307375820068
2627.0,0,,70.0,74.0,74.0,52.0,70.0,2802,200.34,42088938699340
2628.0,1,0.00,51.0,54.0,54.0,40.0,54.0,1121,47.98,21352816820617
2628.0,2,0.00,55.0,58.0,58.0,42.0,57.0,1206,47.53,20140675796569
2628.0,3,0.00,57.0,60.0,60.0,44.0,59.0,1301,48.11,20307649068298
2633.0,0,,70.0,76.0,74.0,52.0,70.0,2801,199.44,42090069522949
2633.0,1,0.00,52.0,54.0,54.0,39.0,53.0,1121,48.16,21353090369201
2633.0,2,0.00,55.0,58.0,58.0,42.0,57.0,1216,47.27,20140944291442
2634.0,3,0.00,57.0,60.0,60.0,44.0,59.0,1300,48.03,20307921375366
2639.0,0,,70.0,76.0,76.0,52.0,70.0,2756,199.48,42091204541503
2639.0,1,0.00,52.0,54.0,54.0,40.0,53.0,1109,48.36,21353365033813
2639.0,2,0.00,55.0,58.0,58.0,42.0,57.0,1205,47.36,20141213306579
2639.0,3,0.00,57.0,60.0,60.0,44.0,60.0,1301,48.02,20308194153198
2644.0,0,,70.0,76.0,76.0,52.0,70.0,2656,199.99,42092338510131
2645.0,1,0.00,52.0,54.0,54.0,39.0,53.0,1122,48.35,21353639172485
2645.0,2,0.00,55.0,58.0,58.0,42.0,57.0,1206,47.51,20141482681884
2645.0,3,0.00,57.0,60.0,60.0,44.0,59.0,1301,48.11,20308466941040
2650.0,0,,71.0,74.0,74.0,52.0,71.0,2725,201.04,42093480399291
2650.0,1,0.00,52.0,54.0,54.0,40.0,53.0,1119,48.09,21353912322326
2650.0,2,0.00,55.0,58.0,58.0,42.0,58.0,1193,47.20,20141751256347
2651.0,3,0.00,57.0,60.0,60.0,44.0,59.0,1298,47.83,20308739069885
2656.0,0,,71.0,74.0,74.0,52.0,71.0,2803,200.19,42094619475402
2656.0,1,0.00,52.0,54.0,54.0,40.0,53.0,1107,48.11,21354186550720
2656.0,2,0.00,55.0,58.0,58.0,42.0,58.0,1213,47.21,20142019908325
2656.0,3,0.00,57.0,60.0,60.0,44.0,59.0,1297,47.96,20309011936523
2661.0,0,,70.0,76.0,76.0,52.0,70.0,2803,198.82,42095748775268
2662.0,1,0.00,52.0,54.0,54.0,40.0,53.0,1121,48.32,21354460517456
2662.0,2,0.00,55.0,58.0,58.0,42.0,57.0,1217,47.34,20142288326721
2662.0,3,0.00,57.0,60.0,60.0,44.0,59.0,1301,48.03,20309284284851
2667.0,0,100.00,70.0,74.0,74.0,52.0,70.0,2769,201.06,42096890777893
2667.0,1,0.00,52.0,54.0,54.0,40.0,53.0,1121,47.95,21354732859252
2667.0,2,0.00,55.0,58.0,58.0,42.0,58.0,1196,47.35,20142557298217
2668.0,3,0.00,57.0,60.0,60.0,44.0,59.0,1301,47.98,20309556830993
2673.0,0,,70.0,74.0,74.0,52.0,70.0,2793,200.36,42098026799682
2673.0,1,0.00,52.0,54.0,54.0,39.0,53.0,1112,48.05,21355005321228
2673.0,2,0.00,55.0,58.0,58.0,42.0,58.0,1206,47.37,20142825859558
2673.0,3,0.00,57.0,60.0,60.0,44.0,59.0,1302,47.97,20309828847229
2678.0,0,99.99,69.0,76.0,76.0,52.0,70.0,2730,195.78,42099136862609
2679.0,1,0.00,52.0,54.0,54.0,40.0,53.0,1122,48.28,21355279057922
2679.0,2,0.00,55.0,58.0,58.0,42.0,58.0,1206,47.31,20143094120544
2679.0,3,0.00,57.0,60.0,60.0,44.0,59.0,1291,48.05,20310101289367
2684.0,0,,70.0,78.0,78.0,52.0,70.0,2497,197.74,42100258038085
2684.0,1,0.00,52.0,54.0,54.0,40.0,53.0,1122,48.41,21355553540527
2684.0,2,0.00,55.0,58.0,58.0,43.0,57.0,1196,47.47,20143363251647
2685.0,3,0.00,57.0,60.0,60.0,44.0,59.0,1303,48.20,20310374598144
2690.0,0,,70.0,78.0,78.0,52.0,71.0,2487,195.62,42101367180480
2690.0,1,0.00,52.0,54.0,54.0,39.0,53.0,1112,48.11,21355826342834
2690.0,2,0.00,55.0,58.0,58.0,42.0,57.0,1185,47.48,20143632942077
2690.0,3,0.00,57.0,60.0,60.0,44.0,59.0,1300,47.95,20310646930236
2695.0,0,53.76,66.0,80.0,80.0,50.0,68.0,2482,165.57,42102307643005
2696.0,1,0.00,52.0,54.0,54.0,40.0,53.0,1120,48.09,21356099978576
2696.0,2,0.00,55.0,58.0,58.0,42.0,58.0,1205,47.36,20143901969543
2696.0,3,0.00,57.0,60.0,60.0,44.0,59.0,1289,47.83,20310918613403
2701.0,0,0.00,64.0,80.0,80.0,49.0,66.0,2104,59.65,42102646463439
2701.0,1,0.00,52.0,54.0,54.0,39.0,53.0,1122,48.31,21356373879577
2701.0,2,0.00,55.0,58.0,58.0,42.0,57.0,1196,47.15,20144169300964
2702.0,3,0.00,57.0,60.0,60.0,44.0,59.0,1302,47.50,20311187965637
2707.0,0,0.00,63.0,80.0,80.0,48.0,65.0,1568,58.60,42102978127990
2707.0,1,0.00,52.0,54.0,54.0,40.0,54.0,1112,48.01,21356646090087
2707.0,2,0.00,55.0,58.0,58.0,42.0,57.0,1207,47.22,20144437051208
2707.0,3,0.00,57.0,60.0,60.0,44.0,59.0,1301,47.59,20311458288879
2713.0,0,,67.0,76.0,76.0,51.0,69.0,1563,179.56,42103998055908
2713.0,1,0.00,52.0,56.0,56.0,40.0,53.0,1120,47.97,21356918548400
2713.0,2,0.00,55.0,58.0,58.0,42.0,57.0,1204,47.25,20144705445434
2713.0,3,0.00,57.0,60.0,60.0,44.0,59.0,1269,47.87,20311729712646
2718.0,0,98.45,71.0,74.0,74.0,52.0,70.0,1924,180.89,42105025517333
2718.0,1,0.00,52.0,56.0,56.0,40.0,53.0,1110,48.34,21357192635070
2718.0,2,0.00,55.0,58.0,58.0,42.0,57.0,1196,47.37,20144974029174
2719.0,3,0.00,57.0,60.0,60.0,43.0,59.0,1270,47.94,20312001519958
2724.0,0,100.00,69.0,78.0,78.0,52.0,71.0,2191,178.48,42106037476745
2724.0,1,0.00,52.0,56.0,56.0,40.0,53.0,1112,48.38,21357466971496
2724.0,2,0.00,55.0,58.0,58.0,42.0,57.0,1206,47.32,20145242805969
2724.0,3,0.00,57.0,60.0,60.0,44.0,59.0,1280,47.92,20312273726806
2730.0,0,99.47,68.0,78.0,78.0,52.0,71.0,2284,181.43,42107067996459
2730.0,1,0.00,51.0,56.0,56.0,40.0,54.0,1111,47.96,21357739396606
2730.0,2,0.00,55.0,58.0,58.0,42.0,57.0,1206,47.50,20145512113830
2730.0,3,0.00,57.0,60.0,60.0,43.0,59.0,1269,48.00,20312545882812
2735.0,0,,69.0,80.0,80.0,52.0,70.0,2294,178.20,42108078394470
2735.0,1,0.00,52.0,56.0,56.0,40.0,54.0,1121,48.21,21358012733642
2736.0,2,0.00,55.0,58.0,58.0,42.0,57.0,1206,47.34,20145780551330
2736.0,3,0.00,57.0,60.0,60.0,44.0,59.0,1280,47.79,20312817337158
2741.0,0,100.00,69.0,80.0,80.0,52.0,71.0,2306,181.79,42109110947509
2741.0,1,0.00,51.0,56.0,56.0,40.0,53.0,1111,48.22,21358286626831
2741.0,2,0.00,55.0,58.0,58.0,42.0,57.0,1174,47.24,20146048898193
2741.0,3,0.00,57.0,60.0,60.0,43.0,59.0,1280,47.93,20313089074707
2747.0,0,,69.0,80.0,80.0,52.0,71.0,2398,178.19,42110123048400
2747.0,1,0.00,51.0,56.0,56.0,39.0,53.0,1110,48.23,21358560598510
2747.0,2,0.00,55.0,58.0,58.0,42.0,57.0,1205,47.39,20146318096374
2747.0,3,0.00,57.0,60.0,60.0,44.0,59.0,1268,47.91,20313361204345
2752.0,0,,69.0,80.0,82.0,52.0,71.0,2345,182.22,42111158047241
2752.0,1,0.00,51.0,56.0,56.0,39.0,53.0,1120,47.99,21358833183410
2753.0,2,0.00,55.0,58.0,58.0,42.0,57.0,1204,47.55,20146588161926
2753.0,3,0.00,57.0,60.0,60.0,44.0,59.0,1278,47.65,20313632360961
2758.0,0,,69.0,82.0,82.0,52.0,70.0,2369,178.48,42112170003723
2758.0,1,0.00,52.0,56.0,56.0,40.0,53.0,1122,48.17,21359106283935
2758.0,2,0.00,55.0,58.0,58.0,42.0,57.0,1196,47.34,20146856594543
2758.0,3,0.00,57.0,60.0,60.0,43.0,59.0,1281,47.90,20313903967163
2764.0,0,,69.0,82.0,82.0,52.0,70.0,2402,182.13,42113202654174
2764.0,1,0.00,51.0,56.0,56.0,39.0,53.0,1110,48.29,21359380570678
2764.0,2,0.00,55.0,58.0,58.0,42.0,57.0,1216,47.36,20147125591979
2764.0,3,0.00,57.0,60.0,60.0,44.0,59.0,1269,48.00,20314176105712
2769.0,0,,69.0,82.0,82.0,52.0,71.0,2344,178.13,42114216226562
2769.0,1,0.00,52.0,56.0,56.0,40.0,53.0,1120,48.01,21359653249633
2770.0,2,0.00,55.0,58.0,58.0,42.0,57.0,1205,47.40,20147394833496
2770.0,3,0.00,57.0,60.0,60.0,44.0,59.0,1279,47.92,20314448307189
2775.0,0,,69.0,82.0,82.0,52.0,71.0,2423,182.41,42115250491088
2775.0,1,0.00,52.0,56.0,56.0,39.0,53.0,1112,48.10,21359925968078
2775.0,2,0.00,55.0,58.0,58.0,42.0,57.0,1196,47.31,20147663067077
2775.0,3,0.00,57.0,60.0,60.0,44.0,59.0,1281,47.84,20314719540527
2781.0,0,,71.0,78.0,78.0,52.0,71.0,2370,182.12,42116283105407
2781.0,1,0.00,52.0,56.0,56.0,40.0,53.0,1111,48.28,21360199707275
2781.0,2,0.00,55.0,58.0,58.0,42.0,58.0,1206,47.28,20147931622741
2781.0,3,0.00,57.0,60.0,60.0,44.0,59.0,1269,47.88,20314991522399
2786.0,0,,69.0,82.0,82.0,52.0,71.0,2429,178.87,42117299106262
2786.0,1,0.00,51.0,56.0,56.0,40.0,53.0,1119,48.24,21360474196777
2787.0,2,0.00,55.0,58.0,58.0,42.0,57.0,1204,47.37,20148200679077
2787.0,3,0.00,57.0,60.0,60.0,44.0,59.0,1278,47.91,20315263632385
2792.0,0,,69.0,82.0,82.0,52.0,71.0,2358,182.01,42118332935974
2792.0,1,0.00,52.0,56.0,56.0,40.0,54.0,1121,48.06,21360746717712
2792.0,2,0.00,55.0,58.0,58.0,42.0,57.0,1195,47.48,20148469904052
2792.0,3,0.00,57.0,60.0,60.0,44.0,59.0,1280,47.65,20315534286926
2798.0,0,,69.0,82.0,82.0,52.0,71.0,2443,178.40,42119346238647
2798.0,1,0.00,51.0,56.0,56.0,39.0,53.0,1111,48.05,21361019642028
2798.0,2,0.00,55.0,58.0,58.0,42.0,58.0,1207,47.30,20148738090759
2798.0,3,0.00,57.0,60.0,60.0,44.0,59.0,1281,47.88,20315805259643
2803.0,0,,69.0,82.0,82.0,52.0,71.0,2402,182.40,42120380450073
2803.0,1,0.00,52.0,56.0,56.0,39.0,53.0,1122,48.36,21361293817260
2804.0,2,0.00,55.0,58.0,58.0,42.0,57.0,1216,47.39,20149007289245
2804.0,3,0.00,57.0,60.0,60.0,44.0,59.0,1269,47.94,20316077562316
2809.0,0,,69.0,80.0,80.0,52.0,71.0,2392,182.25,42121413832397
2809.0,1,0.00,52.0,56.0,56.0,39.0,53.0,1111,48.12,21361566683837
2809.0,2,0.00,55.0,58.0,58.0,42.0,57.0,1196,47.44,20149276287902
2809.0,3,0.00,57.0,60.0,60.0,44.0,59.0,1282,47.91,20316349217712
2815.0,0,,69.0,82.0,82.0,52.0,70.0,2423,178.51,42122426001159
2815.0,1,0.00,52.0,56.0,56.0,39.0,53.0,1111,48.12,21361839517211
2815.0,2,0.00,55.0,58.0,58.0,42.0,58.0,1206,47.29,20149544438415
2815.0,3,0.00,57.0,60.0,60.0,43.0,59.0,1269,47.83,20316620389709
2820.0,0,,69.0,82.0,82.0,52.0,71.0,2359,182.50,42123460781433
2820.0,1,0.00,52.0,56.0,56.0,40.0,53.0,1122,48.27,21362113205322
2821.0,2,0.00,55.0,58.0,58.0,42.0,57.0,1227,47.30,20149813110839
2821.0,3,0.00,57.0,60.0,60.0,44.0,58.0,1269,47.84,20316892136047
2826.0,0,,69.0,82.0,82.0,52.0,71.0,2430,178.59,42124475159790
2826.0,1,0.00,52.0,56.0,56.0,40.0,53.0,1120,48.21,21362387538391
2826.0,2,0.00,55.0,58.0,58.0,42.0,57.0,1216,47.41,20150081932861
2826.0,3,0.00,57.0,60.0,60.0,44.0,59.0,1279,47.84,20317163846374
2832.0,0,99.99,69.0,82.0,82.0,52.0,71.0,2359,182.36,42125509144653
2832.0,1,0.00,51.0,56.0,56.0,39.0,53.0,1111,47.90,21362659108947
2832.0,2,0.00,55.0,58.0,58.0,42.0,57.0,1238,47.38,20150351054748
2832.0,3,0.00,57.0,60.0,60.0,44.0,59.0,1269,48.03,20317436197814
2837.0,0,,69.0,82.0,82.0,52.0,70.0,2442,178.29,42126521853637
2838.0,1,0.00,52.0,56.0,56.0,40.0,53.0,1110,48.13,21362932027770
2838.0,2,0.00,55.0,58.0,58.0,42.0,57.0,1206,47.30,20150619222961
2838.0,3,0.00,57.0,60.0,60.0,43.0,59.0,1291,47.71,20317707192749
2843.0,0,,69.0,82.0,82.0,52.0,70.0,2403,182.27,42127555319396
2843.0,1,0.00,52.0,56.0,56.0,40.0,53.0,1121,48.15,21363205508605
2843.0,2,0.00,55.0,58.0,58.0,42.0,57.0,1195,47.36,20150888242187
2844.0,3,0.00,57.0,60.0,60.0,44.0,59.0,1280,48.00,20317979348632
2849.0,0,,69.0,82.0,82.0,52.0,71.0,2399,178.34,42128568291748
2849.0,1,0.00,52.0,56.0,56.0,40.0,54.0,1111,48.46,21363480269226
2849.0,2,0.00,55.0,58.0,58.0,42.0,57.0,1205,47.47,20151157418762
2849.0,3,0.00,57.0,60.0,60.0,44.0,59.0,1268,47.87,20318251251098
2854.0,0,,69.0,82.0,82.0,52.0,71.0,2398,182.41,42129604367126
2855.0,1,0.00,51.0,56.0,56.0,39.0,53.0,1120,48.05,21363753218078
2855.0,2,0.00,55.0,58.0,58.0,42.0,57.0,1215,47.40,20151427117004
2855.0,3,0.00,57.0,60.0,60.0,44.0,59.0,1268,47.74,20318522442382
2860.0,0,,69.0,82.0,82.0,52.0,70.0,2390,178.13,42130616158935
2860.0,1,0.00,52.0,56.0,56.0,40.0,53.0,1121,48.12,21364026530456
2860.0,2,0.00,55.0,58.0,58.0,42.0,57.0,1196,47.37,20151695730651
2861.0,3,0.00,57.0,60.0,60.0,44.0,59.0,1281,47.87,20318793892761
2866.0,0,,69.0,82.0,82.0,52.0,71.0,2401,182.45,42131650661315
2866.0,1,0.00,52.0,56.0,56.0,40.0,53.0,1111,48.39,21364300885803
2866.0,2,0.00,55.0,58.0,58.0,42.0,57.0,1206,47.46,20151964804077
2866.0,3,0.00,57.0,60.0,60.0,44.0,59.0,1269,47.94,20319066174621
2871.0,0,99.99,72.0,80.0,80.0,52.0,71.0,2399,179.40,42132669625671
2872.0,1,0.00,52.0,56.0,56.0,39.0,53.0,1110,48.01,21364573589965
2872.0,2,0.00,55.0,58.0,58.0,42.0,57.0,1184,47.34,20152233678588
2872.0,3,0.00,57.0,60.0,60.0,44.0,59.0,1269,47.91,20319337823242
2877.0,0,,69.0,82.0,82.0,52.0,71.0,2422,181.51,42133698788757
2877.0,1,0.00,52.0,56.0,56.0,39.0,54.0,1121,48.12,21364846438964
2877.0,2,0.00,55.0,58.0,58.0,42.0,58.0,1196,47.25,20152501561828
2878.0,3,0.00,57.0,60.0,60.0,44.0,59.0,1281,47.77,20319608689453
2883.0,0,79.37,66.0,82.0,82.0,50.0,68.0,2367,167.73,42134651493896
2883.0,1,0.00,52.0,56.0,56.0,40.0,53.0,1109,48.16,21365120450805
2883.0,2,0.00,55.0,58.0,58.0,42.0,57.0,1213,47.26,20152770929992
2883.0,3,0.00,57.0,60.0,60.0,44.0,59.0,1275,47.79,20319881096252
2888.0,0,0.00,65.0,82.0,82.0,49.0,66.0,2246,60.39,42134995115417
2889.0,1,0.00,52.0,56.0,56.0,39.0,53.0,1119,48.42,21365395946594
2889.0,2,0.00,55.0,58.0,58.0,42.0,57.0,1205,47.27,20153039433898
2889.0,3,0.00,57.0,60.0,60.0,44.0,59.0,1269,47.53,20320151092224
2894.0,0,0.00,63.0,82.0,82.0,48.0,65.0,1670,58.68,42135328405151
2894.0,1,0.00,52.0,56.0,56.0,40.0,53.0,1121,48.04,21365668351379
2894.0,2,0.00,55.0,58.0,58.0,42.0,58.0,1206,47.32,20153307712158
2895.0,3,0.00,57.0,60.0,60.0,43.0,59.0,1270,47.46,20320420189758
2900.0,0,,67.0,76.0,76.0,51.0,69.0,1588,162.77,42136251302856
2900.0,1,0.00,51.0,56.0,56.0,39.0,53.0,1111,48.12,21365941170776
2900.0,2,0.00,55.0,58.0,58.0,42.0,57.0,1216,47.28,20153576254577
2900.0,3,0.00,57.0,60.0,60.0,43.0,59.0,1269,47.80,20320691702941
2905.0,0,100.00,68.0,78.0,78.0,52.0,70.0,1893,178.66,42137264288574
2906.0,1,0.00,51.0,56.0,56.0,39.0,53.0,1122,48.31,21366215079223
2906.0,2,0.00,55.0,58.0,58.0,42.0,58.0,1206,47.40,20153845040039
2906.0,3,0.00,57.0,60.0,60.0,43.0,59.0,1280,47.96,20320963633483
2911.0,0,,72.0,74.0,74.0,52.0,71.0,2294,199.84,42138399399230
2911.0,1,0.00,51.0,56.0,56.0,40.0,53.0,1121,48.03,21366487895568
2911.0,2,0.00,55.0,58.0,58.0,42.0,57.0,1174,47.39,20154113720947
2912.0,3,0.00,57.0,60.0,60.0,43.0,59.0,1280,47.71,20321234139953
2917.0,0,,69.0,78.0,78.0,52.0,71.0,2719,196.09,42139511253356
2917.0,1,0.00,52.0,56.0,56.0,40.0,53.0,1111,48.01,21366760104003
2917.0,2,0.00,55.0,58.0,58.0,42.0,57.0,1184,47.15,20154381507507
2917.0,3,0.00,57.0,60.0,60.0,43.0,59.0,1280,47.74,20321505275573
2923.0,0,99.99,70.0,80.0,80.0,52.0,71.0,2527,196.67,42140628362243
2923.0,1,0.00,52.0,56.0,56.0,39.0,53.0,1121,48.17,21367033727966
2923.0,2,0.00,55.0,58.0,58.0,42.0,57.0,1184,47.37,20154650073425
2923.0,3,0.00,57.0,60.0,60.0,43.0,59.0,1269,47.91,20321777422668
2928.0,0,100.00,69.0,78.0,76.0,52.0,71.0,2661,200.51,42141767231201
2928.0,1,0.00,52.0,56.0,56.0,39.0,53.0,1120,48.27,21367307926086
2929.0,2,0.00,55.0,58.0,58.0,42.0,57.0,1205,47.50,20154919885620
2929.0,3,0.00,57.0,60.0,60.0,43.0,59.0,1269,48.11,20322050191223
2934.0,0,100.00,70.0,78.0,78.0,52.0,71.0,2797,198.52,42142892847656
2934.0,1,0.00,52.0,56.0,56.0,40.0,53.0,1112,48.00,21367580107360
2934.0,2,0.00,55.0,58.0,58.0,42.0,58.0,1208,47.39,20155188600524
2934.0,3,0.00,57.0,60.0,60.0,44.0,59.0,1282,48.00,20322322342529
2940.0,0,,69.0,80.0,80.0,52.0,71.0,2730,197.28,42144011451416
2940.0,1,0.00,52.0,56.0,56.0,40.0,53.0,1111,48.15,21367853124023
2940.0,2,0.00,55.0,58.0,58.0,42.0,57.0,1217,47.24,20155456475585
2940.0,3,0.00,57.0,60.0,60.0,44.0,59.0,1270,47.91,20322593988098
2945.0,0,,70.0,80.0,80.0,52.0,71.0,2572,198.08,42145134558532
2945.0,1,0.00,52.0,56.0,56.0,40.0,53.0,1123,48.27,21368126836181
2946.0,2,0.00,55.0,58.0,58.0,42.0,57.0,1228,47.39,20155725178588
2946.0,3,0.00,57.0,60.0,60.0,43.0,59.0,1280,48.02,20322866261169
2951.0,0,100.00,70.0,78.0,78.0,52.0,71.0,2675,199.82,42146267536560
2951.0,1,0.00,51.0,56.0,56.0,40.0,53.0,1110,48.35,21368401459228
2951.0,2,0.00,55.0,58.0,58.0,42.0,57.0,1205,47.43,20155994560791
2951.0,3,0.00,57.0,60.0,60.0,44.0,59.0,1279,48.00,20323138873291
2957.0,0,,69.0,80.0,80.0,52.0,70.0,2793,198.23,42147393490417
2957.0,1,0.00,52.0,56.0,56.0,39.0,53.0,1122,47.98,21368673514282
2957.0,2,0.00,55.0,58.0,58.0,42.0,57.0,1207,47.39,20156263268371
2957.0,3,0.00,57.0,60.0,60.0,44.0,59.0,1270,47.74,20323409562683
2962.0,0,,71.0,78.0,78.0,52.0,71.0,2591,198.46,42148518734863
2962.0,1,0.00,52.0,56.0,56.0,40.0,53.0,1121,48.13,21368946896850
2963.0,2,0.00,55.0,58.0,58.0,42.0,57.0,1195,47.23,20156531542236
2963.0,3,0.00,57.0,60.0,60.0,44.0,59.0,1279,47.94,20323681848571
2968.0,0,,71.0,76.0,76.0,52.0,71.0,2695,199.53,42149652038085
2968.0,1,0.00,52.0,56.0,56.0,40.0,53.0,1111,48.36,21369221082580
2968.0,2,0.00,55.0,58.0,58.0,42.0,58.0,1237,47.43,20156800486450
2968.0,3,0.00,57.0,60.0,60.0,44.0,59.0,1280,48.06,20323954370910
2974.0,0,100.00,70.0,80.0,78.0,52.0,71.0,2790,197.92,42150776200866
2974.0,1,0.00,52.0,56.0,56.0,40.0,53.0,1120,48.11,21369494323242
2974.0,2,0.00,55.0,58.0,58.0,42.0,57.0,1258,47.43,20157069890991
2974.0,3,0.00,57.0,60.0,60.0,44.0,59.0,1279,48.01,20324227092468
2979.0,0,,70.0,80.0,80.0,52.0,71.0,2643,197.36,42151895257202
2979.0,1,0.00,51.0,56.0,56.0,40.0,53.0,1122,48.07,21369767378234
2980.0,2,0.00,55.0,58.0,58.0,42.0,58.0,1206,47.13,20157337581420
2980.0,3,0.00,57.0,60.0,60.0,44.0,59.0,1301,47.77,20324498428771
2985.0,0,,70.0,80.0,80.0,52.0,71.0,2556,198.48,42153024591552
2985.0,1,0.00,51.0,56.0,56.0,40.0,53.0,1120,48.29,21370041651123
2985.0,2,0.00,55.0,58.0,58.0,42.0,57.0,1193,47.43,20157606998352
2985.0,3,0.00,57.0,60.0,60.0,44.0,59.0,1298,48.06,20324771390197
2991.0,0,,71.0,76.0,76.0,53.0,71.0,2767,200.79,42154165084716
2991.0,1,0.00,52.0,56.0,56.0,40.0,54.0,1109,48.33,21370316152221
2991.0,2,0.00,55.0,58.0,58.0,42.0,57.0,1204,47.50,20157876785888
2991.0,3,0.00,57.0,60.0,60.0,44.0,59.0,1289,48.05,20325044776428
2996.0,0,99.99,69.0,80.0,80.0,52.0,70.0,2802,196.80,42155282924072
2996.0,1,0.00,52.0,56.0,56.0,40.0,53.0,1121,48.05,21370588579467
2997.0,2,0.00,55.0,58.0,58.0,42.0,57.0,1216,47.35,20158145744201
2997.0,3,0.00,57.0,60.0,60.0,44.0,59.0,1301,47.79,20325315756286
3002.0,0,,69.0,78.0,78.0,52.0,71.0,2493,199.48,42156414000183
3002.0,1,0.00,52.0,56.0,56.0,40.0,54.0,1120,47.98,21370861584167
3002.0,2,0.00,55.0,58.0,58.0,42.0,58.0,1194,47.21,20158413897277
3002.0,3,0.00,57.0,60.0,60.0,44.0,59.0,1300,47.92,20325587947814
3008.0,0,,69.0,78.0,76.0,52.0,71.0,2737,199.76,42157548623535
3008.0,1,0.00,51.0,56.0,56.0,39.0,53.0,1110,48.38,21371135921386
3008.0,2,0.00,55.0,58.0,58.0,42.0,57.0,1205,47.38,20158683037109
3008.0,3,0.00,57.0,60.0,60.0,44.0,59.0,1290,48.04,20325860803161
3013.0,0,,70.0,80.0,80.0,52.0,71.0,2801,197.76,42158671875000
3013.0,1,0.00,52.0,56.0,56.0,39.0,54.0,1110,48.08,21371409019714
3014.0,2,0.00,55.0,58.0,58.0,42.0,57.0,1217,47.61,20158952987915
3014.0,3,0.00,57.0,60.0,60.0,44.0,59.0,1302,48.07,20326133358886
3019.0,0,,69.0,80.0,80.0,52.0,71.0,2593,197.74,42159793077819
3019.0,1,0.00,52.0,56.0,56.0,40.0,53.0,1122,48.12,21371681852233
3019.0,2,0.00,55.0,58.0,58.0,42.0,57.0,1196,47.24,20159220861816
3019.0,3,0.00,57.0,60.0,60.0,44.0,59.0,1301,47.80,20326404885559
3025.0,0,,70.0,78.0,80.0,52.0,71.0,2631,199.04,42160923619628
3025.0,1,0.00,51.0,56.0,56.0,40.0,54.0,1110,48.13,21371955235229
3025.0,2,0.00,55.0,58.0,58.0,42.0,57.0,1195,47.25,20159489243286
3025.0,3,0.00,57.0,60.0,60.0,44.0,59.0,1290,48.06,20326677393859
3030.0,0,100.00,69.0,78.0,78.0,52.0,71.0,2794,200.20,42162058757507
3031.0,1,0.00,52.0,56.0,56.0,40.0,53.0,1111,48.33,21372229250549
3031.0,2,0.00,55.0,58.0,58.0,42.0,58.0,1206,47.41,20159758540466
3031.0,3,0.00,57.0,60.0,60.0,44.0,59.0,1300,48.01,20326950078308
3036.0,0,100.00,69.0,80.0,80.0,52.0,71.0,2759,197.29,42163179392700
3036.0,1,0.00,52.0,56.0,56.0,40.0,54.0,1121,48.05,21372502161132
3036.0,2,0.00,55.0,58.0,58.0,42.0,57.0,1228,47.48,20160027725585
3036.0,3,0.00,57.0,60.0,60.0,44.0,59.0,1302,48.07,20327222654113
3042.0,0,,71.0,76.0,78.0,52.0,71.0,2540,199.63,42164311283569
3042.0,1,0.00,52.0,56.0,56.0,40.0,53.0,1111,48.10,21372774900695
3042.0,2,0.00,55.0,58.0,58.0,42.0,57.0,1206,47.17,20160295178771
3042.0,3,0.00,57.0,60.0,60.0,44.0,59.0,1301,47.80,20327493671508
3047.0,0,,72.0,78.0,78.0,53.0,71.0,2729,198.82,42165438610717
3048.0,1,0.00,52.0,56.0,56.0,39.0,53.0,1122,48.34,21373049004577
3048.0,2,0.00,55.0,58.0,58.0,42.0,57.0,1216,47.28,20160563740051
3048.0,3,0.00,57.0,60.0,60.0,44.0,59.0,1301,47.95,20327766050537
3053.0,0,99.99,69.0,80.0,80.0,52.0,71.0,2799,197.70,42166561567687
3053.0,1,0.00,52.0,56.0,56.0,40.0,54.0,1120,48.24,21373323500549
3053.0,2,0.00,55.0,58.0,58.0,42.0,57.0,1195,47.54,20160833308837
3054.0,3,0.00,57.0,60.0,60.0,44.0,59.0,1299,48.13,20328039422424
3059.0,0,,69.0,80.0,80.0,52.0,70.0,2558,195.34,42167671114379
3059.0,1,0.00,52.0,56.0,56.0,40.0,53.0,1111,48.16,21373596542419
3059.0,2,0.00,55.0,58.0,58.0,42.0,58.0,1237,47.47,20161102930175
3059.0,3,0.00,57.0,60.0,60.0,44.0,59.0,1290,47.79,20328310864196
3064.0,0,72.63,66.0,80.0,80.0,50.0,68.0,2483,170.51,42168639607849
3065.0,1,0.00,52.0,56.0,56.0,40.0,53.0,1119,48.18,21373870189208
3065.0,2,0.00,55.0,58.0,58.0,42.0,58.0,1224,47.26,20161371828247
3065.0,3,0.00,57.0,60.0,60.0,44.0,59.0,1298,47.92,20328583054687
3070.0,0,0.00,64.0,80.0,80.0,49.0,66.0,2122,59.90,42168979835021
3070.0,1,0.00,51.0,56.0,56.0,40.0,53.0,1120,48.31,21374145090026
3070.0,2,0.00,55.0,58.0,58.0,42.0,57.0,1195,47.24,20161640160400
3071.0,3,0.00,57.0,60.0,60.0,44.0,59.0,1300,47.67,20328853812561
3076.0,0,0.00,63.0,80.0,80.0,48.0,65.0,1576,58.72,42169313345825
3076.0,1,0.00,52.0,56.0,56.0,40.0,53.0,1111,47.84,21374416362915
3076.0,2,0.00,55.0,58.0,58.0,42.0,57.0,1206,47.43,20161909104003
3076.0,3,0.00,57.0,60.0,60.0,44.0,59.0,1291,47.68,20329124137634
3081.0,0,,67.0,76.0,76.0,51.0,69.0,1556,160.36,42170222611633
3082.0,1,0.00,52.0,56.0,56.0,39.0,53.0,1111,48.07,21374688921264
3082.0,2,0.00,55.0,58.0,58.0,42.0,57.0,1206,47.15,20162176422180
3082.0,3,0.00,57.0,60.0,60.0,43.0,59.0,1291,47.59,20329394452331
3087.0,0,,68.0,78.0,78.0,51.0,69.0,1882,178.25,42171235052734
3087.0,1,0.00,52.0,56.0,56.0,40.0,53.0,1122,48.04,21374961767150
3087.0,2,0.00,55.0,58.0,58.0,42.0,57.0,1195,47.27,20162444902282
3088.0,3,0.00,57.0,60.0,60.0,43.0,59.0,1279,47.90,20329666537719
3093.0,0,,71.0,74.0,74.0,52.0,71.0,2251,200.15,42172369875549
3093.0,1,0.00,52.0,56.0,56.0,39.0,53.0,1110,48.36,21375236426269
3093.0,2,0.00,55.0,58.0,58.0,42.0,57.0,1205,47.32,20162713680969
3093.0,3,0.00,57.0,60.0,60.0,44.0,59.0,1269,47.81,20329937637634
3098.0,0,100.00,71.0,74.0,74.0,53.0,71.0,2739,199.88,42173505208679
3099.0,1,0.00,52.0,56.0,56.0,40.0,53.0,1110,48.13,21375509318908
3099.0,2,0.00,55.0,58.0,58.0,42.0,57.0,1184,47.42,20162983012084
3099.0,3,0.00,57.0,60.0,60.0,43.0,59.0,1279,47.45,20330207175048
3104.0,0,,70.0,78.0,78.0,52.0,71.0,2883,198.91,42174635043884
3104.0,1,0.00,51.0,56.0,56.0,40.0,53.0,1120,48.22,21375783193298
3104.0,2,0.00,55.0,58.0,58.0,42.0,57.0,1194,47.40,20163251770812
3105.0,3,0.00,57.0,60.0,60.0,43.0,59.0,1279,47.92,20330479351806
3110.0,0,,70.0,78.0,78.0,52.0,71.0,2666,199.98,42175768928771
3110.0,1,0.00,52.0,56.0,56.0,39.0,53.0,1111,48.31,21376057613342
3110.0,2,0.00,55.0,58.0,58.0,42.0,57.0,1206,47.42,20163521136169
3110.0,3,0.00,57.0,60.0,60.0,44.0,59.0,1269,48.18,20330752553283
3116.0,0,,71.0,76.0,78.0,52.0,71.0,2504,200.25,42176906350341
3116.0,1,0.00,52.0,56.0,56.0,40.0,53.0,1120,48.24,21376331152832
3116.0,2,0.00,55.0,58.0,58.0,42.0,57.0,1216,47.56,20163791254028
3116.0,3,0.00,57.0,60.0,60.0,44.0,59.0,1269,48.09,20331025681762
3121.0,0,,71.0,76.0,76.0,52.0,71.0,2760,200.44,42178044854370
3121.0,1,0.00,52.0,56.0,56.0,40.0,53.0,1111,47.99,21376603734680
3121.0,2,0.00,55.0,58.0,58.0,42.0,58.0,1195,47.22,20164058971313
3122.0,3,0.00,57.0,60.0,60.0,44.0,59.0,1280,47.75,20331296401062
3127.0,0,,71.0,74.0,74.0,52.0,71.0,2803,200.00,42179178855285
3127.0,1,0.00,52.0,56.0,56.0,40.0,53.0,1111,48.13,21376876634460
3127.0,2,0.00,55.0,58.0,58.0,42.0,57.0,1206,47.12,20164326611083
3127.0,3,0.00,57.0,60.0,60.0,44.0,59.0,1291,47.78,20331567815979
3133.0,0,,70.0,78.0,78.0,52.0,71.0,2806,199.35,42180309176269
3133.0,1,0.00,52.0,56.0,56.0,40.0,53.0,1112,48.29,21377150456542
3133.0,2,0.00,55.0,58.0,58.0,42.0,57.0,1207,47.45,20164595192199
3133.0,3,0.00,57.0,60.0,60.0,44.0,59.0,1292,48.07,20331839879455
3138.0,0,,70.0,78.0,78.0,52.0,71.0,2729,199.86,42181442382995
3138.0,1,0.00,51.0,56.0,56.0,40.0,53.0,1121,48.12,21377423752258
3139.0,2,0.00,55.0,58.0,58.0,42.0,57.0,1205,47.50,20164864964721
3139.0,3,0.00,57.0,60.0,60.0,44.0,59.0,1289,48.12,20332113223449
3144.0,0,,69.0,80.0,80.0,52.0,71.0,2505,199.99,42182578339599
3144.0,1,0.00,52.0,56.0,56.0,40.0,53.0,1110,48.31,21377697652465
3144.0,2,0.00,55.0,58.0,58.0,42.0,57.0,1237,47.28,20165133529724
3144.0,3,0.00,57.0,60.0,60.0,44.0,59.0,1280,47.96,20332385625244
3150.0,0,,70.0,76.0,76.0,52.0,71.0,2676,200.68,42183716195739
3150.0,1,0.00,52.0,56.0,56.0,40.0,53.0,1121,48.22,21377971564270
3150.0,2,0.00,55.0,58.0,58.0,42.0,57.0,1206,47.39,20165402235839
3150.0,3,0.00,57.0,60.0,60.0,44.0,59.0,1290,48.14,20332658589599
3155.0,0,,71.0,74.0,74.0,52.0,71.0,2792,199.97,42184852039489
3155.0,1,0.00,52.0,56.0,56.0,40.0,53.0,1121,48.37,21378245822021
3156.0,2,0.00,55.0,58.0,58.0,42.0,57.0,1196,47.49,20165671485290
3156.0,3,0.00,57.0,60.0,60.0,44.0,59.0,1292,48.06,20332931064941
3161.0,0,,70.0,76.0,76.0,52.0,71.0,2804,199.62,42185983904052
3161.0,1,0.00,51.0,56.0,56.0,40.0,53.0,1111,48.03,21378518164733
3161.0,2,0.00,55.0,58.0,58.0,42.0,57.0,1207,47.56,20165941138305
3161.0,3,0.00,57.0,60.0,60.0,44.0,59.0,1281,47.86,20333202417968
3167.0,0,,69.0,78.0,78.0,52.0,70.0,2803,199.91,42187117374938
3167.0,1,0.00,52.0,56.0,56.0,39.0,54.0,1121,48.13,21378791518920
3167.0,2,0.00,55.0,58.0,58.0,42.0,57.0,1216,47.21,20166209297668
3167.0,3,0.00,57.0,60.0,60.0,44.0,59.0,1289,47.91,20333474550109
3172.0,0,,70.0,80.0,80.0,52.0,71.0,2581,199.68,42188251580688
3172.0,1,0.00,52.0,56.0,56.0,40.0,53.0,1111,48.38,21379065819091
3173.0,2,0.00,55.0,58.0,58.0,42.0,57.0,1217,47.51,20166478651062
3173.0,3,0.00,57.0,60.0,60.0,44.0,59.0,1303,48.18,20333747719238
3178.0,0,,71.0,76.0,76.0,52.0,71.0,2646,200.70,42189389531127
3178.0,1,0.00,52.0,56.0,56.0,39.0,53.0,1111,48.18,21379338990661
3178.0,2,0.00,55.0,58.0,58.0,42.0,57.0,1207,47.49,20166747908508
3178.0,3,0.00,57.0,60.0,60.0,44.0,59.0,1302,48.09,20334020395751
3184.0,0,,71.0,76.0,76.0,52.0,71.0,2794,200.06,42190523856506
3184.0,1,0.00,51.0,56.0,56.0,40.0,53.0,1110,48.08,21379612102539
3184.0,2,0.00,55.0,58.0,58.0,42.0,57.0,1216,47.22,20167016139770
3184.0,3,0.00,57.0,60.0,60.0,44.0,59.0,1289,47.85,20334292157592
3189.0,0,,70.0,78.0,76.0,52.0,71.0,2799,199.77,42191658555969
3189.0,1,0.00,51.0,56.0,56.0,40.0,53.0,1121,48.27,21379885765747
3190.0,2,0.00,55.0,58.0,58.0,42.0,57.0,1205,47.30,20167284794067
3190.0,3,0.00,57.0,60.0,60.0,44.0,59.0,1300,47.99,20334564731506
3195.0,0,,70.0,78.0,78.0,52.0,71.0,2802,199.84,42192791649658
3195.0,1,0.00,52.0,56.0,56.0,40.0,53.0,1111,48.29,21380160052124
3195.0,2,0.00,55.0,58.0,58.0,42.0,57.0,1217,47.48,20167554017700
3195.0,3,0.00,57.0,60.0,60.0,44.0,59.0,1301,48.18,20334837921813
3201.0,0,,70.0,78.0,78.0,52.0,70.0,2664,199.82,42193926605773
3201.0,1,0.00,51.0,56.0,56.0,40.0,53.0,1110,48.20,21380433359497
3201.0,2,0.00,55.0,58.0,58.0,42.0,57.0,1206,47.56,20167823700805
3201.0,3,0.00,57.0,60.0,60.0,44.0,59.0,1290,48.06,20335110921508
3206.0,0,,71.0,76.0,76.0,52.0,71.0,2579,200.48,42195065333129
3206.0,1,0.00,52.0,56.0,56.0,40.0,53.0,1120,48.20,21380707163635
3207.0,2,0.00,55.0,58.0,58.0,42.0,57.0,1215,47.17,20168092122436
3207.0,3,0.00,57.0,60.0,60.0,44.0,59.0,1300,47.88,20335382875610
3212.0,0,,70.0,76.0,76.0,52.0,71.0,2781,199.67,42196199470336
3212.0,1,0.00,52.0,56.0,56.0,39.0,53.0,1122,48.20,21380980434936
3212.0,2,0.00,55.0,58.0,58.0,42.0,57.0,1218,47.31,20168359899475
3212.0,3,0.00,57.0,58.0,58.0,44.0,59.0,1302,47.95,20335654773864
3218.0,0,,70.0,78.0,78.0,52.0,71.0,2805,200.22,42197332702026
3218.0,1,0.00,51.0,56.0,56.0,40.0,54.0,1111,48.36,21381255142150
3218.0,2,0.00,55.0,58.0,58.0,42.0,57.0,1227,47.46,20168629445434
3218.0,3,0.00,57.0,58.0,58.0,44.0,59.0,1291,48.13,20335927652893
3223.0,0,,71.0,76.0,76.0,52.0,71.0,2803,200.13,42198469428100
3223.0,1,0.00,52.0,56.0,56.0,40.0,53.0,1122,48.15,21381528129394
3224.0,2,0.00,55.0,58.0,58.0,42.0,57.0,1227,47.55,20168899056945
3224.0,3,0.00,57.0,58.0,58.0,44.0,59.0,1301,47.80,20336199181701
3229.0,0,,70.0,80.0,78.0,52.0,71.0,2707,199.25,42199601157409
3229.0,1,0.00,52.0,56.0,56.0,40.0,53.0,1121,48.30,21381802456298
3229.0,2,0.00,55.0,58.0,58.0,42.0,57.0,1185,47.29,20169167656250
3229.0,3,0.00,57.0,58.0,58.0,44.0,59.0,1301,48.06,20336471684692
3235.0,0,,72.0,76.0,76.0,52.0,71.0,2506,200.75,42200739417175
3235.0,1,0.00,52.0,56.0,56.0,40.0,54.0,1110,48.45,21382077191528
3235.0,2,0.00,55.0,58.0,58.0,42.0,57.0,1205,47.55,20169437243469
3235.0,3,0.00,57.0,58.0,58.0,44.0,59.0,1290,48.16,20336745257263
3240.0,0,,70.0,78.0,78.0,52.0,71.0,2759,199.37,42201871852478
3241.0,1,0.00,52.0,56.0,56.0,40.0,53.0,1121,48.01,21382349881408
3241.0,2,0.00,55.0,58.0,58.0,42.0,57.0,1216,47.43,20169706622192
3241.0,3,0.00,57.0,58.0,58.0,44.0,59.0,1300,48.10,20337017961669
3246.0,0,100.00,70.0,78.0,78.0,52.0,71.0,2803,200.26,42203007302734
3246.0,1,0.00,51.0,56.0,56.0,40.0,53.0,1121,48.13,21382622778198
3246.0,2,0.00,55.0,58.0,58.0,42.0,57.0,1195,47.27,20169975088684
3246.0,3,0.00,57.0,58.0,58.0,44.0,59.0,1301,47.85,20337289769714
3252.0,0,,70.0,78.0,78.0,52.0,70.0,2804,200.26,42204142787841
3252.0,1,0.00,52.0,56.0,56.0,40.0,54.0,1111,48.22,21382896671264
3252.0,2,0.00,55.0,58.0,58.0,42.0,57.0,1206,47.35,20170243555297
3252.0,3,0.00,57.0,58.0,58.0,44.0,59.0,1291,48.03,20337562083740
3257.0,0,,70.0,78.0,78.0,52.0,71.0,2801,199.60,42205276529052
3258.0,1,0.00,51.0,56.0,56.0,39.0,53.0,1121,48.33,21383170710083
3258.0,2,0.00,55.0,58.0,58.0,42.0,57.0,1217,47.45,20170512616088
3258.0,3,0.00,57.0,58.0,58.0,44.0,59.0,1301,48.11,20337834891296
3263.0,0,,71.0,76.0,76.0,52.0,71.0,2539,200.65,42206414205444
3263.0,1,0.00,52.0,56.0,56.0,40.0,54.0,1122,48.26,21383444355895
3263.0,2,0.00,55.0,58.0,58.0,42.0,58.0,1216,47.56,20170782752807
3264.0,3,0.00,57.0,58.0,58.0,44.0,59.0,1301,47.86,20338106750488
3269.0,0,,71.0,76.0,78.0,52.0,71.0,2738,199.48,42207547253662
3269.0,1,0.00,51.0,56.0,56.0,40.0,54.0,1111,48.14,21383717784851
3269.0,2,0.00,55.0,58.0,58.0,42.0,57.0,1217,47.32,20171051066711
3269.0,3,0.00,57.0,58.0,58.0,44.0,59.0,1290,47.92,20338378924133
3274.0,0,,70.0,78.0,78.0,52.0,70.0,2803,200.06,42208681620910
3275.0,1,0.00,52.0,56.0,56.0,39.0,53.0,1121,48.41,21383992264770
3275.0,2,0.00,55.0,58.0,58.0,42.0,57.0,1205,47.38,20171320199096
3275.0,3,0.00,57.0,58.0,58.0,44.0,59.0,1301,48.20,20338652239440
3280.0,0,,71.0,76.0,76.0,52.0,71.0,2801,200.67,42209821413452
3280.0,1,0.00,52.0,56.0,56.0,40.0,53.0,1120,48.18,21384265916687
3280.0,2,0.00,55.0,58.0,58.0,42.0,57.0,1195,47.54,20171590244262
3281.0,3,0.00,57.0,58.0,58.0,44.0,59.0,1300,48.08,20338925313354
3286.0,0,,70.0,78.0,78.0,52.0,71.0,2802,198.99,42210951686767
3286.0,1,0.00,52.0,56.0,56.0,40.0,53.0,1110,48.11,21384539184936
3286.0,2,0.00,55.0,58.0,58.0,42.0,57.0,1205,47.33,20171858609619
3286.0,3,0.00,57.0,58.0,58.0,44.0,59.0,1290,47.84,20339197056396
3291.0,0,,71.0,76.0,76.0,52.0,70.0,2621,200.50,42212090532226
3292.0,1,0.00,51.0,56.0,56.0,40.0,53.0,1121,48.29,21384813458557
3292.0,2,0.00,55.0,58.0,58.0,42.0,57.0,1206,47.30,20172127275451
3292.0,3,0.00,57.0,58.0,58.0,44.0,59.0,1301,48.10,20339469767517
3297.0,0,,70.0,78.0,78.0,52.0,71.0,2665,199.90,42213223951843
3297.0,1,0.00,51.0,56.0,56.0,40.0,53.0,1122,48.36,21385087649902
3297.0,2,0.00,55.0,58.0,58.0,42.0,58.0,1196,47.39,20172395972167
3298.0,3,0.00,57.0,58.0,58.0,44.0,59.0,1302,48.10,20339742515747
3303.0,0,,70.0,76.0,76.0,52.0,71.0,2792,200.60,42214361327636
3303.0,1,0.00,52.0,56.0,56.0,40.0,53.0,1110,48.14,21385361067565
3303.0,2,0.00,55.0,58.0,58.0,42.0,57.0,1205,47.49,20172665731262
3303.0,3,0.00,57.0,58.0,58.0,44.0,59.0,1290,48.09,20340015670043
3308.0,0,,69.0,78.0,78.0,52.0,71.0,2805,199.26,42215491140625
3309.0,1,0.00,51.0,56.0,56.0,40.0,53.0,1112,48.19,21385633843933
3309.0,2,0.00,55.0,58.0,58.0,42.0,57.0,1208,47.38,20172933875732
3309.0,3,0.00,57.0,58.0,58.0,44.0,59.0,1303,47.95,20340287054565
3314.0,0,,70.0,76.0,76.0,52.0,71.0,2803,200.62,42216628661743
3314.0,1,0.00,51.0,56.0,56.0,40.0,53.0,1122,48.21,21385907648437
3314.0,2,0.00,55.0,58.0,58.0,42.0,57.0,1185,47.27,20173202392578
3315.0,3,0.00,57.0,58.0,58.0,44.0,59.0,1300,48.01,20340559763183
3320.0,0,,70.0,78.0,78.0,52.0,71.0,2783,199.00,42217758974975
3320.0,1,0.00,52.0,56.0,56.0,39.0,53.0,1111,48.45,21386182339416
3320.0,2,0.00,55.0,58.0,58.0,42.0,57.0,1217,47.49,20173471653259
3320.0,3,0.00,57.0,58.0,58.0,44.0,59.0,1291,48.21,20340833088256
3325.0,0,,70.0,78.0,78.0,52.0,71.0,2487,195.11,42218865237182
3326.0,1,0.00,52.0,56.0,56.0,40.0,53.0,1122,48.16,21386455392517
3326.0,2,0.00,55.0,58.0,58.0,43.0,57.0,1206,47.58,20173741437805
3326.0,3,0.00,57.0,60.0,60.0,44.0,59.0,1301,47.83,20341104785278
3331.0,0,,68.0,80.0,80.0,52.0,70.0,2494,189.06,42219939086853
3331.0,1,0.00,51.0,56.0,56.0,40.0,54.0,1121,48.06,21386728399780
3331.0,2,0.00,55.0,58.0,58.0,42.0,58.0,1184,47.27,20174009940368
3332.0,3,0.00,57.0,60.0,60.0,44.0,59.0,1301,47.97,20341376748718
3337.0,0,0.00,64.0,80.0,80.0,49.0,66.0,2398,71.26,42220343856201
3337.0,1,0.00,51.0,56.0,56.0,39.0,53.0,1110,48.33,21387002916381
3337.0,2,0.00,55.0,58.0,58.0,42.0,58.0,1205,47.15,20174277743408
3337.0,3,0.00,57.0,60.0,60.0,44.0,59.0,1289,47.68,20341647590087
3342.0,0,0.00,63.0,80.0,80.0,48.0,65.0,1776,58.81,42220677326904
3343.0,1,0.00,52.0,56.0,56.0,40.0,53.0,1121,48.04,21387275285705
3343.0,2,0.00,55.0,58.0,58.0,42.0,58.0,1205,47.32,20174546540039
3343.0,3,0.00,57.0,60.0,60.0,44.0,59.0,1301,47.58,20341917816589
3348.0,0,,66.0,74.0,74.0,50.0,68.0,1481,117.49,42221344674743
3348.0,1,0.00,52.0,56.0,56.0,40.0,53.0,1122,48.11,21387548538513
3348.0,2,0.00,55.0,58.0,58.0,42.0,57.0,1197,47.19,20174814092163
3349.0,3,0.00,57.0,60.0,60.0,44.0,59.0,1302,47.50,20342187116271
3354.0,0,,67.0,76.0,76.0,51.0,69.0,1715,177.87,42222353204772
3354.0,1,0.00,52.0,56.0,56.0,39.0,53.0,1111,48.24,21387822038879
3354.0,2,0.00,55.0,58.0,58.0,42.0,57.0,1206,47.29,20175082251586
3354.0,3,0.00,57.0,60.0,60.0,43.0,59.0,1269,47.88,20342458573974
3360.0,0,100.00,70.0,74.0,74.0,52.0,70.0,2020,192.35,42223443837707
3360.0,1,0.00,51.0,56.0,56.0,39.0,53.0,1121,48.41,21388096522949
3360.0,2,0.00,55.0,58.0,58.0,42.0,58.0,1195,47.42,20175351105651
3360.0,3,0.00,57.0,60.0,60.0,43.0,59.0,1269,48.00,20342730716247
3365.0,0,,72.0,74.0,74.0,53.0,71.0,2527,199.77,42224578543945
3365.0,1,0.00,52.0,56.0,56.0,40.0,53.0,1121,48.02,21388369257873
3365.0,2,0.00,55.0,58.0,58.0,42.0,57.0,1195,47.40,20175620363891
3366.0,3,0.00,57.0,60.0,60.0,43.0,59.0,1280,47.80,20343002226440
3371.0,0,,71.0,74.0,74.0,52.0,71.0,2771,200.24,42225713895812
3371.0,1,0.00,52.0,56.0,56.0,40.0,53.0,1111,47.99,21388641341613
3371.0,2,0.00,55.0,58.0,58.0,42.0,58.0,1206,47.21,20175888048950
3371.0,3,0.00,57.0,60.0,60.0,44.0,59.0,1269,47.51,20343272082214
3377.0,0,,70.0,76.0,76.0,52.0,70.0,2802,198.15,42226839394897
3377.0,1,0.00,52.0,56.0,56.0,40.0,53.0,1121,48.18,21388915017272
3377.0,2,0.00,55.0,58.0,58.0,42.0,57.0,1205,47.12,20176155690063
3377.0,3,0.00,57.0,60.0,60.0,43.0,59.0,1269,47.87,20343543500244
3382.0,0,,70.0,76.0,76.0,52.0,70.0,2803,200.11,42227974016296
3382.0,1,0.00,52.0,56.0,56.0,40.0,53.0,1122,48.36,21389189200988
3383.0,2,0.00,55.0,58.0,58.0,42.0,58.0,1196,47.40,20176424427429
3383.0,3,0.00,57.0,60.0,60.0,43.0,59.0,1281,48.08,20343816116821
3388.0,0,,70.0,76.0,76.0,52.0,70.0,2805,199.99,42229107986389
3388.0,1,0.00,52.0,56.0,56.0,40.0,53.0,1111,48.20,21389462505004
3388.0,2,0.00,55.0,58.0,58.0,42.0,57.0,1227,47.32,20176692725097
3388.0,3,0.00,57.0,60.0,60.0,44.0,59.0,1270,47.83,20344087777587
3394.0,0,,70.0,76.0,76.0,52.0,70.0,2582,200.07,42230242398742
3394.0,1,0.00,52.0,56.0,56.0,39.0,53.0,1122,48.18,21389735664062
3394.0,2,0.00,55.0,58.0,58.0,42.0,57.0,1207,47.33,20176961108032
3394.0,3,0.00,57.0,60.0,60.0,44.0,59.0,1280,47.97,20344359756774
3399.0,0,,70.0,76.0,76.0,52.0,70.0,2759,199.85,42231377560302
3399.0,1,0.00,52.0,56.0,56.0,40.0,53.0,1110,48.28,21390009885681
3400.0,2,0.00,55.0,58.0,58.0,42.0,57.0,1195,47.37,20177230190124
3400.0,3,0.00,57.0,60.0,60.0,44.0,59.0,1280,48.18,20344632909973
3405.0,0,,70.0,76.0,76.0,52.0,70.0,2802,199.93,42232511183105
3405.0,1,0.00,52.0,56.0,56.0,40.0,53.0,1110,48.07,21390282943054
3405.0,2,0.00,55.0,58.0,58.0,42.0,57.0,1204,47.47,20177499828613
3405.0,3,0.00,57.0,60.0,60.0,44.0,59.0,1279,48.10,20344906136779
3411.0,0,,71.0,74.0,74.0,52.0,70.0,2800,201.01,42233652895751
3411.0,1,0.00,52.0,56.0,56.0,40.0,54.0,1110,48.16,21390555995727
3411.0,2,0.00,55.0,58.0,58.0,42.0,57.0,1227,47.18,20177767830322
3411.0,3,0.00,57.0,60.0,60.0,44.0,59.0,1269,47.69,20345176987854
3416.0,0,,71.0,74.0,74.0,52.0,71.0,2799,200.09,42234789416870
3416.0,1,0.00,52.0,56.0,56.0,40.0,53.0,1120,48.20,21390829781311
3417.0,2,0.00,55.0,58.0,58.0,42.0,57.0,1215,47.37,20178036913452
3417.0,3,0.00,57.0,60.0,60.0,44.0,59.0,1299,48.07,20345450035034
3422.0,0,,70.0,74.0,74.0,52.0,71.0,2803,199.98,42235925325073
3422.0,1,0.00,52.0,56.0,56.0,40.0,53.0,1109,48.24,21391104238586
3422.0,2,0.00,55.0,58.0,58.0,42.0,57.0,1203,47.24,20178305681274
3422.0,3,0.00,57.0,60.0,60.0,44.0,59.0,1298,48.04,20345722898620
3428.0,0,,71.0,74.0,74.0,52.0,71.0,2795,200.00,42237063317504
3428.0,1,0.00,52.0,56.0,56.0,40.0,53.0,1120,48.00,21391376904602
3428.0,2,0.00,55.0,58.0,58.0,42.0,57.0,1206,47.52,20178575126098
3428.0,3,0.00,57.0,60.0,60.0,44.0,59.0,1291,47.63,20345993427612
3433.0,0,,70.0,74.0,74.0,51.0,70.0,2804,199.14,42238192442443
3433.0,1,0.00,52.0,56.0,56.0,39.0,53.0,1122,48.17,21391650003845
3434.0,2,0.00,55.0,58.0,58.0,42.0,57.0,1227,47.35,20178843590148
3434.0,3,0.00,57.0,60.0,60.0,44.0,59.0,1301,47.94,20346265232055
3439.0,0,100.00,70.0,76.0,76.0,52.0,71.0,2770,199.44,42239323262573
3439.0,1,0.00,52.0,56.0,56.0,39.0,53.0,1110,48.25,21391924081787
3439.0,2,0.00,55.0,58.0,58.0,42.0,58.0,1194,47.33,20179112400817
3439.0,3,0.00,57.0,60.0,60.0,44.0,59.0,1300,48.05,20346538173339
3445.0,0,,70.0,76.0,76.0,52.0,70.0,2493,200.12,42240459965026
3445.0,1,0.00,52.0,56.0,56.0,39.0,53.0,1120,48.16,21392197644226
3445.0,2,0.00,55.0,58.0,58.0,42.0,57.0,1205,47.43,20179381807250
3445.0,3,0.00,57.0,60.0,60.0,44.0,59.0,1290,48.11,20346811451904
3450.0,0,,70.0,76.0,76.0,52.0,71.0,2666,199.86,42241595159545
3450.0,1,0.00,52.0,56.0,56.0,40.0,53.0,1122,48.19,21392470883483
3451.0,2,0.00,55.0,58.0,58.0,42.0,57.0,1207,47.23,20179649580017
3451.0,3,0.00,57.0,60.0,60.0,44.0,59.0,1300,47.84,20347083184326
3456.0,0,,70.0,76.0,76.0,52.0,70.0,2801,199.93,42242730756347
3456.0,1,0.00,51.0,56.0,56.0,40.0,53.0,1120,48.13,21392744271301
3456.0,2,0.00,55.0,58.0,58.0,42.0,57.0,1194,47.31,20179918316589
3456.0,3,0.00,57.0,60.0,60.0,44.0,59.0,1301,47.98,20347355247192
3462.0,0,,70.0,76.0,76.0,52.0,70.0,2802,200.72,42243868853332
3462.0,1,0.00,51.0,56.0,56.0,40.0,53.0,1111,48.35,21393018419982
3462.0,2,0.00,55.0,58.0,58.0,42.0,57.0,1207,47.37,20180186906555
3462.0,3,0.00,57.0,60.0,60.0,44.0,59.0,1291,48.17,20347628395202
3467.0,0,,71.0,74.0,74.0,52.0,71.0,2804,200.88,42245007852355
3468.0,1,0.00,52.0,56.0,56.0,40.0,53.0,1121,48.08,21393291048828
3468.0,2,0.00,55.0,58.0,58.0,42.0,58.0,1206,47.41,20180455727233
3468.0,3,0.00,57.0,60.0,60.0,44.0,59.0,1302,47.96,20347900352722
3473.0,0,,71.0,74.0,74.0,52.0,71.0,2803,199.22,42246137410034
3473.0,1,0.00,52.0,56.0,56.0,40.0,53.0,1121,48.12,21393564349182
3473.0,2,0.00,55.0,58.0,58.0,42.0,57.0,1217,47.19,20180723763549
3473.0,3,0.00,57.0,60.0,60.0,44.0,59.0,1301,47.74,20348171492919
3479.0,0,,71.0,74.0,74.0,52.0,70.0,2802,200.18,42247274430175
3479.0,1,0.00,52.0,56.0,56.0,40.0,53.0,1111,48.28,21393838085571
3479.0,2,0.00,55.0,58.0,58.0,42.0,57.0,1206,47.42,20180992661376
3479.0,3,0.00,57.0,60.0,60.0,44.0,59.0,1290,48.01,20348444195800
3484.0,0,,71.0,74.0,74.0,52.0,70.0,2800,199.85,42248409584350
3485.0,1,0.00,51.0,56.0,56.0,40.0,53.0,1121,48.40,21394113002807
3485.0,2,0.00,55.0,58.0,58.0,42.0,57.0,1205,47.42,20181261989990
3485.0,3,0.00,57.0,60.0,60.0,44.0,59.0,1300,48.04,20348717071960
3490.0,0,,70.0,74.0,74.0,52.0,71.0,2801,200.29,42249545235900
3490.0,1,0.00,52.0,56.0,56.0,40.0,53.0,1121,48.10,21394386182617
3490.0,2,0.00,55.0,58.0,58.0,42.0,57.0,1195,47.13,20181529700012
3491.0,3,0.00,57.0,60.0,60.0,44.0,59.0,1300,47.82,20348988185180
3496.0,0,,70.0,76.0,76.0,52.0,70.0,2800,198.94,42250675208068
3496.0,1,0.00,51.0,56.0,56.0,40.0,53.0,1110,48.11,21394659446716
3496.0,2,0.00,55.0,58.0,58.0,42.0,57.0,1205,47.24,20181798010375
3496.0,3,0.00,57.0,60.0,60.0,44.0,59.0,1289,47.90,20349260262878
3501.0,0,,70.0,76.0,76.0,52.0,70.0,2578,199.87,42251810490356
3502.0,1,0.00,52.0,56.0,56.0,40.0,53.0,1120,48.25,21394933507141
3502.0,2,0.00,55.0,58.0,58.0,42.0,57.0,1204,47.41,20182067295776
3502.0,3,0.00,57.0,60.0,60.0,44.0,59.0,1298,47.92,20349532946960
3507.0,0,99.99,70.0,76.0,76.0,52.0,70.0,2566,199.83,42252947536560
3507.0,1,0.00,51.0,56.0,56.0,40.0,53.0,1120,48.06,21395206481994
3507.0,2,0.00,55.0,58.0,58.0,42.0,57.0,1194,47.40,20182336532592
3508.0,3,0.00,57.0,60.0,60.0,44.0,59.0,1301,48.19,20349806200012
3513.0,0,,70.0,76.0,76.0,52.0,71.0,2780,200.31,42254083312561
3513.0,1,0.00,51.0,56.0,56.0,40.0,53.0,1110,48.16,21395480055603
3513.0,2,0.00,55.0,58.0,58.0,42.0,57.0,1205,47.26,20182604971252
3513.0,3,0.00,57.0,60.0,60.0,44.0,59.0,1300,47.82,20350077842956
3518.0,0,,70.0,76.0,76.0,52.0,70.0,2801,200.05,42255219572143
3519.0,1,0.00,52.0,56.0,56.0,40.0,53.0,1110,48.32,21395754005432
3519.0,2,0.00,55.0,58.0,58.0,42.0,58.0,1227,47.37,20182874013366
3519.0,3,0.00,57.0,60.0,60.0,44.0,59.0,1300,47.95,20350350175170
3524.0,0,,71.0,74.0,74.0,52.0,71.0,2793,200.39,42256361814147
3524.0,1,0.00,52.0,56.0,56.0,40.0,53.0,1117,48.29,21396029255004
3524.0,2,0.00,55.0,58.0,58.0,42.0,57.0,1223,47.40,20183143725646
3525.0,3,0.00,57.0,60.0,60.0,44.0,59.0,1297,48.09,20350623806213
3530.0,0,,70.0,76.0,76.0,52.0,70.0,2801,199.36,42257492183532
3530.0,1,0.00,52.0,56.0,56.0,40.0,53.0,1111,48.21,21396302597106
3530.0,2,0.00,55.0,58.0,58.0,42.0,57.0,1185,47.50,20183413031005
3530.0,3,0.00,57.0,60.0,60.0,44.0,59.0,1291,47.90,20350895895141
3536.0,0,,72.0,74.0,74.0,52.0,71.0,2803,199.88,42258627521301
3536.0,1,0.00,52.0,56.0,56.0,40.0,54.0,1121,48.19,21396576299499
3536.0,2,0.00,55.0,58.0,58.0,42.0,57.0,1205,47.29,20183681655395
3536.0,3,0.00,57.0,60.0,60.0,44.0,59.0,1301,47.91,20351167530334
3541.0,0,,70.0,74.0,74.0,52.0,71.0,2803,201.41,42259769526123
3541.0,1,0.00,52.0,56.0,56.0,40.0,53.0,1121,48.28,21396850064392
3541.0,2,0.00,55.0,58.0,58.0,42.0,57.0,1195,47.38,20183950792968
3542.0,3,0.00,57.0,60.0,60.0,44.0,59.0,1300,47.93,20351439798400
3547.0,0,,69.0,74.0,74.0,52.0,70.0,2802,199.30,42260901529479
3547.0,1,0.00,52.0,56.0,56.0,39.0,53.0,1111,48.12,21397123372497
3547.0,2,0.00,55.0,58.0,58.0,42.0,57.0,1228,47.44,20184219802734
3547.0,3,0.00,57.0,60.0,60.0,44.0,59.0,1291,48.11,20351712592651
3553.0,0,,71.0,74.0,74.0,52.0,70.0,2804,200.05,42262035793945
3553.0,1,0.00,51.0,56.0,56.0,39.0,53.0,1122,48.14,21397396302307
3553.0,2,0.00,55.0,58.0,58.0,42.0,57.0,1206,47.14,20184487101867
3553.0,3,0.00,57.0,60.0,60.0,44.0,59.0,1301,47.92,20351984283874
3558.0,0,,69.0,76.0,76.0,52.0,70.0,2728,199.05,42263164383911
3558.0,1,0.00,51.0,56.0,56.0,40.0,54.0,1121,48.22,21397669706237
3559.0,2,0.00,55.0,58.0,58.0,42.0,57.0,1195,47.34,20184756004211
3559.0,3,0.00,57.0,60.0,60.0,44.0,59.0,1301,47.95,20352256663940
3564.0,0,,70.0,76.0,76.0,52.0,70.0,2506,199.86,42264299593811
3564.0,1,0.00,51.0,56.0,56.0,40.0,53.0,1111,48.26,21397943840270
3564.0,2,0.00,55.0,58.0,58.0,42.0,57.0,1206,47.49,20185025294494
3564.0,3,0.00,57.0,60.0,60.0,44.0,59.0,1291,48.11,20352529475769
3570.0,0,,70.0,76.0,76.0,52.0,70.0,2624,200.02,42265433703247
3570.0,1,0.00,52.0,56.0,56.0,40.0,53.0,1120,48.15,21398217333312
3570.0,2,0.00,55.0,58.0,58.0,42.0,57.0,1204,47.48,20185294984863
3570.0,3,0.00,57.0,60.0,60.0,44.0,59.0,1299,48.21,20352803299438
3575.0,0,,71.0,74.0,74.0,52.0,71.0,2786,201.03,42266577555664
3575.0,1,0.00,51.0,56.0,56.0,39.0,53.0,1121,48.19,21398491068786
3576.0,2,0.00,55.0,58.0,58.0,42.0,57.0,1205,47.28,20185563534057
3576.0,3,0.00,57.0,60.0,60.0,44.0,59.0,1300,47.94,20353075602905
3581.0,0,,71.0,74.0,74.0,52.0,71.0,2800,199.70,42267711836608
3581.0,1,0.00,52.0,56.0,56.0,40.0,53.0,1109,48.24,21398765097900
3581.0,2,0.00,55.0,58.0,58.0,42.0,57.0,1204,47.41,20185832841003
3581.0,3,0.00,57.0,60.0,60.0,44.0,59.0,1289,47.88,20353348043090
3587.0,0,,71.0,74.0,74.0,52.0,71.0,2799,200.32,42268849679504
3587.0,1,0.00,51.0,56.0,56.0,39.0,53.0,1121,47.98,21399037650085
3587.0,2,0.00,55.0,58.0,58.0,42.0,57.0,1206,47.38,20186101940917
3587.0,3,0.00,57.0,60.0,60.0,44.0,59.0,1302,47.98,20353620103271
3592.0,0,,71.0,74.0,74.0,52.0,71.0,2805,200.01,42269983710388
3592.0,1,0.00,52.0,56.0,56.0,40.0,53.0,1122,48.21,21399311024169
3593.0,2,0.00,55.0,58.0,58.0,42.0,57.0,1174,47.20,20186369569580
3593.0,3,0.00,57.0,60.0,60.0,44.0,59.0,1300,47.95,20353891969299
3598.0,0,,71.0,74.0,74.0,52.0,71.0,2801,200.39,42271119916748
3598.0,1,0.00,52.0,56.0,56.0,39.0,53.0,1110,48.11,21399584300842
3598.0,2,0.00,55.0,58.0,58.0,42.0,57.0,1205,47.22,20186637798950
3598.0,3,0.00,57.0,60.0,60.0,44.0,59.0,1300,47.82,20354163586914
3604.0,0,,71.0,74.0,74.0,52.0,70.0,2803,199.55,42272253346984
3604.0,1,0.00,51.0,56.0,56.0,39.0,53.0,1122,48.27,21399857964477
3604.0,2,0.00,55.0,58.0,58.0,42.0,57.0,1207,47.41,20186906640319
3604.0,3,0.00,57.0,60.0,60.0,44.0,59.0,1292,47.96,20354435504516
3609.0,0,,70.0,74.0,74.0,52.0,70.0,2804,199.81,42273386267211
3609.0,1,0.00,51.0,56.0,56.0,40.0,53.0,1122,48.13,21400130837463
3610.0,2,0.00,55.0,58.0,58.0,42.0,57.0,1216,47.38,20187175756103
3610.0,3,0.00,57.0,60.0,60.0,44.0,59.0,1301,48.07,20354708538208
3615.0,0,,70.0,76.0,76.0,52.0,70.0,2800,198.99,42274516555969
3615.0,1,0.00,52.0,56.0,56.0,40.0,53.0,1110,48.20,21400404587158
3615.0,2,0.00,55.0,58.0,58.0,42.0,58.0,1216,47.21,20187443432434
3615.0,3,0.00,57.0,60.0,60.0,44.0,59.0,1300,47.95,20354980888427
3621.0,0,,70.0,76.0,76.0,52.0,70.0,2517,200.01,42275650633972
3621.0,1,0.00,52.0,56.0,56.0,39.0,53.0,1121,48.20,21400678382690
3621.0,2,0.00,55.0,58.0,58.0,42.0,57.0,1195,47.37,20187712468139
3621.0,3,0.00,57.0,60.0,60.0,44.0,59.0,1290,48.01,20355253132812
3626.0,0,100.00,70.0,76.0,76.0,52.0,71.0,2611,200.27,42276788164916
3626.0,1,0.00,52.0,56.0,56.0,40.0,53.0,1121,48.31,21400952321166
3627.0,2,0.00,55.0,58.0,58.0,42.0,57.0,1195,47.50,20187981797241
3627.0,3,0.00,57.0,60.0,60.0,44.0,59.0,1301,47.97,20355525624206
3632.0,0,,70.0,76.0,76.0,52.0,70.0,2792,199.94,42277921810607
3632.0,1,0.00,52.0,56.0,56.0,40.0,53.0,1111,48.14,21401225735168
3632.0,2,0.00,55.0,58.0,58.0,42.0,57.0,1207,47.38,20188250935058
3632.0,3,0.00,57.0,60.0,60.0,44.0,59.0,1301,47.94,20355797432128
3638.0,0,,71.0,74.0,74.0,52.0,71.0,2803,201.04,42279063700988
3638.0,1,0.00,52.0,56.0,56.0,40.0,53.0,1121,48.26,21401499358520
3638.0,2,0.00,55.0,58.0,58.0,42.0,57.0,1216,47.33,20188519316162
3638.0,3,0.00,57.0,60.0,60.0,44.0,59.0,1290,47.96,20356069384948
3643.0,0,,69.0,74.0,74.0,52.0,70.0,2801,199.77,42280198397216
3643.0,1,0.00,52.0,56.0,56.0,40.0,53.0,1121,48.13,21401772726440
3644.0,2,0.00,55.0,58.0,58.0,42.0,58.0,1216,47.39,20188788515136
3644.0,3,0.00,57.0,60.0,60.0,44.0,59.0,1301,47.92,20356341595520
3649.0,0,,69.0,76.0,76.0,52.0,70.0,2803,198.48,42281323753662
3649.0,1,0.00,51.0,56.0,56.0,39.0,53.0,1122,48.20,21402046024047
3649.0,2,0.00,55.0,58.0,58.0,42.0,57.0,1186,47.47,20189057651489
3649.0,3,0.00,57.0,60.0,60.0,44.0,59.0,1302,48.18,20356614760192
3655.0,0,,69.0,74.0,74.0,51.0,70.0,2805,201.27,42282464927978
3655.0,1,0.00,51.0,56.0,56.0,39.0,53.0,1111,48.18,21402319191040
3655.0,2,0.00,55.0,58.0,58.0,42.0,57.0,1206,47.15,20189324985107
3655.0,3,0.00,57.0,60.0,60.0,44.0,59.0,1290,47.80,20356886256103
3660.0,0,,70.0,74.0,74.0,52.0,70.0,2800,198.96,42283595044799
3661.0,1,0.00,52.0,56.0,56.0,40.0,53.0,1120,48.20,21402592979919
3661.0,2,0.00,55.0,58.0,58.0,42.0,57.0,1216,47.28,20189593520263
3661.0,3,0.00,57.0,60.0,60.0,44.0,59.0,1300,47.94,20357158098937
3666.0,0,,70.0,74.0,76.0,52.0,70.0,2813,199.91,42284728539245
3666.0,1,0.00,52.0,56.0,56.0,40.0,53.0,1121,48.29,21402867267150
3666.0,2,0.00,55.0,58.0,58.0,42.0,57.0,1195,47.42,20189862887634
3666.0,3,0.00,57.0,60.0,60.0,44.0,59.0,1301,47.93,20357430332153
3672.0,0,,70.0,76.0,76.0,52.0,70.0,2800,199.88,42285863837768
3672.0,1,0.00,52.0,56.0,56.0,40.0,54.0,1110,48.11,21403140071960
3672.0,2,0.00,55.0,58.0,58.0,42.0,57.0,1205,47.50,20190132193908
3672.0,3,0.00,57.0,60.0,60.0,44.0,59.0,1290,48.14,20357703270141
3677.0,0,100.00,70.0,76.0,76.0,52.0,70.0,2540,200.02,42286997933593
3678.0,1,0.00,52.0,56.0,56.0,40.0,53.0,1122,48.21,21403413418334
3678.0,2,0.00,55.0,58.0,58.0,42.0,57.0,1207,47.19,20190399783264
3678.0,3,0.00,57.0,60.0,60.0,44.0,59.0,1302,47.90,20357975329223
3683.0,0,,70.0,76.0,76.0,52.0,70.0,2697,199.90,42288133385192
3683.0,1,0.00,52.0,56.0,56.0,40.0,53.0,1111,48.12,21403686718383
3683.0,2,0.00,55.0,58.0,58.0,42.0,57.0,1195,47.30,20190668428405
3684.0,3,0.00,57.0,60.0,60.0,44.0,59.0,1301,47.96,20358247268676
3689.0,0,,71.0,74.0,74.0,52.0,70.0,2802,201.55,42289276180847
3689.0,1,0.00,52.0,56.0,56.0,39.0,53.0,1110,48.36,21403960900878
3689.0,2,0.00,55.0,58.0,58.0,42.0,57.0,1206,47.56,20190938114685
3689.0,3,0.00,57.0,60.0,60.0,44.0,59.0,1290,48.01,20358519949768
3694.0,0,99.99,70.0,76.0,76.0,52.0,70.0,2804,198.75,42290403102966
3695.0,1,0.00,52.0,56.0,56.0,40.0,54.0,1111,48.06,21404233859863
3695.0,2,0.00,55.0,58.0,58.0,42.0,57.0,1206,47.11,20191205681579
3695.0,3,0.00,57.0,60.0,60.0,44.0,59.0,1301,47.93,20358791733032
3700.0,0,100.00,70.0,76.0,76.0,52.0,70.0,2799,199.92,42291538655944
3700.0,1,0.00,52.0,56.0,56.0,40.0,53.0,1120,48.23,21404507785522
3700.0,2,0.00,55.0,58.0,58.0,42.0,57.0,1195,47.26,20191474106018
3701.0,3,0.00,57.0,60.0,60.0,44.0,59.0,1300,47.97,20359064188171
3706.0,0,,70.0,74.0,74.0,52.0,70.0,2803,200.83,42292679359741
3706.0,1,0.00,52.0,56.0,56.0,40.0,54.0,1111,48.34,21404781890441
3706.0,2,0.00,55.0,58.0,58.0,42.0,57.0,1205,47.49,20191743402404
3706.0,3,0.00,57.0,60.0,60.0,44.0,59.0,1299,48.08,20359337306518
3711.0,0,,70.0,76.0,74.0,52.0,70.0,2800,199.05,42293809973754
3712.0,1,0.00,52.0,56.0,56.0,40.0,53.0,1120,47.98,21405054420959
3712.0,2,0.00,55.0,58.0,58.0,42.0,57.0,1205,47.36,20192012412109
3712.0,3,0.00,57.0,60.0,60.0,44.0,59.0,1301,48.00,20359609451232
3717.0,0,,70.0,74.0,74.0,51.0,70.0,2801,200.13,42294946688537
3717.0,1,0.00,52.0,56.0,56.0,40.0,53.0,1110,48.20,21405328172485
3717.0,2,0.00,55.0,58.0,58.0,42.0,57.0,1226,47.17,20192280321594
3718.0,3,0.00,57.0,60.0,60.0,44.0,59.0,1300,47.94,20359881759521
3723.0,0,100.00,70.0,76.0,76.0,52.0,70.0,2810,199.73,42296081180847
3723.0,1,0.00,52.0,56.0,56.0,40.0,53.0,1110,48.19,21405601909851
3723.0,2,0.00,55.0,58.0,58.0,42.0,57.0,1205,47.23,20192548572631
3723.0,3,0.00,57.0,60.0,60.0,44.0,59.0,1290,47.88,20360153726379
3728.0,0,,70.0,76.0,76.0,52.0,70.0,2644,200.17,42297216172851
3729.0,1,0.00,52.0,56.0,56.0,39.0,53.0,1121,48.30,21405875775512
3729.0,2,0.00,55.0,58.0,58.0,42.0,57.0,1206,47.60,20192818490966
3729.0,3,0.00,57.0,60.0,60.0,44.0,59.0,1301,48.12,20360427056762
3734.0,0,,70.0,76.0,76.0,52.0,70.0,2654,199.85,42298351318237
3734.0,1,0.00,51.0,56.0,56.0,40.0,54.0,1121,48.12,21406149070983
3734.0,2,0.00,55.0,58.0,58.0,42.0,57.0,1237,47.45,20193088021728
3735.0,3,0.00,58.0,60.0,60.0,44.0,59.0,1300,47.94,20360698901062
3740.0,0,,71.0,74.0,74.0,52.0,71.0,2643,201.03,42299491145141
3740.0,1,0.00,52.0,56.0,56.0,39.0,53.0,1110,48.19,21406422801391
3740.0,2,0.00,55.0,58.0,58.0,42.0,57.0,1206,47.20,20193356106262
3740.0,3,0.00,57.0,60.0,60.0,44.0,59.0,1290,47.96,20360971325073
3746.0,0,,71.0,74.0,74.0,52.0,71.0,2727,199.89,42300626495910
3746.0,1,0.00,51.0,56.0,56.0,39.0,53.0,1121,48.28,21406696553283
3746.0,2,0.00,55.0,58.0,58.0,42.0,58.0,1206,47.48,20193625298522
3746.0,3,0.00,57.0,60.0,60.0,44.0,59.0,1302,48.01,20361243519409
3751.0,0,,70.0,76.0,76.0,52.0,70.0,2806,199.42,42301757217346
3751.0,1,0.00,51.0,56.0,56.0,40.0,53.0,1111,48.08,21406969170898
3751.0,2,0.00,55.0,58.0,58.0,42.0,57.0,1217,47.47,20193894458923
3752.0,3,0.00,57.0,60.0,60.0,44.0,59.0,1301,48.02,20361516278015
3757.0,0,,71.0,74.0,74.0,52.0,71.0,2802,200.47,42302895909851
3757.0,1,0.00,52.0,56.0,56.0,39.0,53.0,1110,48.09,21407242328491
3757.0,2,0.00,55.0,58.0,58.0,42.0,57.0,1217,47.02,20194161550170
3757.0,3,0.00,57.0,60.0,60.0,44.0,59.0,1290,47.87,20361787682128
3763.0,0,,70.0,74.0,74.0,52.0,71.0,2801,200.63,42304033464599
3763.0,1,0.00,52.0,56.0,56.0,39.0,53.0,1120,48.25,21407516368652
3763.0,2,0.00,55.0,58.0,58.0,42.0,57.0,1204,47.27,20194430045837
3763.0,3,0.00,57.0,60.0,60.0,44.0,60.0,1299,47.99,20362060286499
3768.0,0,,70.0,76.0,76.0,51.0,70.0,2801,198.54,42305161159545
3768.0,1,0.00,51.0,56.0,56.0,39.0,53.0,1121,48.20,21407790129943
3769.0,2,0.00,55.0,58.0,58.0,42.0,57.0,1174,47.29,20194698680786
3769.0,3,0.00,57.0,60.0,60.0,44.0,59.0,1302,47.90,20362332356323
3774.0,0,,70.0,76.0,76.0,52.0,70.0,2804,200.04,42306295398803
3774.0,1,0.00,52.0,56.0,56.0,40.0,54.0,1111,48.09,21408062789367
3774.0,2,0.00,55.0,58.0,58.0,42.0,57.0,1207,47.53,20194968155639
3774.0,3,0.00,57.0,60.0,60.0,44.0,59.0,1291,48.15,20362605353515
3780.0,0,,70.0,74.0,74.0,52.0,71.0,2813,200.51,42307434317504
3780.0,1,0.00,52.0,56.0,56.0,39.0,53.0,1121,48.21,21408336163330
3780.0,2,0.00,55.0,58.0,58.0,42.0,57.0,1205,47.22,20195235885070
3780.0,3,0.00,57.0,60.0,60.0,44.0,60.0,1300,47.97,20362877846191
3785.0,0,,70.0,76.0,76.0,52.0,70.0,2727,199.24,42308566004150
3785.0,1,0.00,52.0,56.0,56.0,40.0,53.0,1110,48.28,21408610367126
3786.0,2,0.00,55.0,58.0,58.0,42.0,58.0,1195,47.35,20195504856384
3786.0,3,0.00,57.0,60.0,60.0,44.0,59.0,1301,48.10,20363150586669
3791.0,0,,70.0,76.0,76.0,52.0,70.0,2622,200.13,42309700768432
3791.0,1,0.00,52.0,56.0,56.0,40.0,53.0,1110,48.27,21408884532409
3791.0,2,0.00,55.0,58.0,58.0,42.0,58.0,1205,47.45,20195774367553
3791.0,3,0.00,57.0,60.0,60.0,44.0,59.0,1289,48.07,20363423610168
3797.0,0,,70.0,76.0,76.0,52.0,70.0,2694,200.09,42310837276306
3797.0,1,0.00,52.0,56.0,56.0,40.0,53.0,1120,48.10,21409157752624
3797.0,2,0.00,55.0,58.0,58.0,42.0,57.0,1215,47.18,20196042338378
3797.0,3,0.00,57.0,60.0,60.0,44.0,59.0,1299,47.86,20363695451354
3802.0,0,,70.0,74.0,74.0,52.0,71.0,2803,200.96,42311978756469
3802.0,1,0.00,52.0,56.0,56.0,40.0,53.0,1112,48.18,21409430913024
3803.0,2,0.00,55.0,58.0,58.0,42.0,57.0,1198,47.21,20196310016235
3803.0,3,0.00,57.0,60.0,60.0,44.0,59.0,1304,47.95,20363967353881
3808.0,0,,71.0,74.0,74.0,52.0,71.0,2796,199.52,42313108014526
3808.0,1,0.00,52.0,56.0,56.0,40.0,53.0,1112,48.26,21409704546081
3808.0,2,0.00,55.0,58.0,58.0,42.0,58.0,1206,47.40,20196578770141
3808.0,3,0.00,57.0,60.0,60.0,44.0,59.0,1291,48.06,20364239875061
3814.0,0,,69.0,76.0,74.0,52.0,70.0,2803,199.83,42314243051513
3814.0,1,0.00,52.0,56.0,56.0,40.0,53.0,1121,48.03,21409976897094
3814.0,2,0.00,55.0,58.0,58.0,42.0,57.0,1206,47.54,20196848339050
3814.0,3,0.00,57.0,60.0,60.0,44.0,59.0,1301,48.10,20364512580566
3819.0,0,,70.0,76.0,76.0,52.0,70.0,2800,199.50,42315376233764
3819.0,1,0.00,51.0,56.0,56.0,40.0,53.0,1120,48.23,21410250817993
3820.0,2,0.00,55.0,58.0,58.0,42.0,57.0,1194,47.19,20197116363159
3820.0,3,0.00,57.0,60.0,60.0,44.0,59.0,1300,47.97,20364785042419
3825.0,0,,70.0,74.0,76.0,52.0,70.0,2803,200.38,42316512405395
3825.0,1,0.00,51.0,56.0,56.0,40.0,53.0,1111,48.35,21410524944335
3825.0,2,0.00,55.0,58.0,58.0,42.0,57.0,1228,47.31,20197384622680
3825.0,3,0.00,57.0,60.0,60.0,44.0,59.0,1291,48.00,20365057195434
3831.0,0,,70.0,76.0,74.0,52.0,70.0,2760,199.91,42317645895446
3831.0,1,0.00,52.0,56.0,56.0,40.0,53.0,1121,48.24,21410798950805
3831.0,2,0.00,55.0,58.0,58.0,42.0,57.0,1205,47.50,20197654394470
3831.0,3,0.00,57.0,60.0,60.0,44.0,59.0,1300,48.05,20365330137817
3836.0,0,,70.0,74.0,74.0,52.0,70.0,2800,200.68,42318785747619
3836.0,1,0.00,52.0,56.0,56.0,40.0,53.0,1120,48.10,21411072152282
3837.0,2,0.00,55.0,58.0,58.0,42.0,57.0,1195,47.48,20197924098693
3837.0,3,0.00,57.0,60.0,60.0,44.0,59.0,1301,47.81,20365601693786
3842.0,0,,70.0,76.0,76.0,52.0,70.0,2737,198.98,42319915947204
3842.0,1,0.00,51.0,56.0,56.0,39.0,53.0,1110,48.24,21411345678039
3842.0,2,0.00,55.0,58.0,58.0,42.0,57.0,1205,47.20,20198191737487
3842.0,3,0.00,57.0,60.0,60.0,44.0,59.0,1301,47.92,20365873853759
3848.0,0,,70.0,76.0,76.0,52.0,71.0,2613,199.98,42321049829162
3848.0,1,0.00,52.0,56.0,56.0,40.0,53.0,1111,48.24,21411619693298
3848.0,2,0.00,55.0,58.0,58.0,42.0,58.0,1217,47.24,20198460044372
3848.0,3,0.00,57.0,60.0,60.0,44.0,59.0,1291,48.00,20366146000976
3853.0,0,,70.0,76.0,76.0,52.0,70.0,2676,199.90,42322185287109
3853.0,1,0.00,52.0,56.0,56.0,39.0,53.0,1122,47.99,21411891816162
3854.0,2,0.00,55.0,58.0,58.0,42.0,57.0,1195,47.50,20198729391540
3854.0,3,0.00,57.0,60.0,60.0,44.0,59.0,1301,48.04,20366418414611
3859.0,0,,70.0,76.0,76.0,52.0,70.0,2802,200.16,42323320220214
3859.0,1,0.00,51.0,56.0,56.0,40.0,53.0,1110,48.19,21412165551391
3859.0,2,0.00,55.0,58.0,58.0,42.0,57.0,1195,47.22,20198997626647
3859.0,3,0.00,57.0,60.0,60.0,44.0,59.0,1300,47.91,20366690540466
3865.0,0,,70.0,76.0,76.0,52.0,70.0,2805,200.06,42324454561096
3865.0,1,0.00,52.0,56.0,56.0,40.0,53.0,1122,48.27,21412439244689
3865.0,2,0.00,55.0,58.0,58.0,42.0,58.0,1206,47.27,20199265635681
3865.0,3,0.00,57.0,60.0,60.0,44.0,59.0,1290,48.02,20366963304748
3870.0,0,,69.0,76.0,74.0,52.0,70.0,2797,200.52,42325595536987
3871.0,1,0.00,52.0,56.0,56.0,39.0,53.0,1119,48.32,21412713716857
3871.0,2,0.00,55.0,58.0,58.0,42.0,57.0,1203,47.40,20199535331481
3871.0,3,0.00,58.0,60.0,60.0,44.0,59.0,1299,48.06,20367236303588
3876.0,0,,71.0,74.0,74.0,52.0,70.0,2801,200.16,42326732427246
3876.0,1,0.00,52.0,56.0,56.0,40.0,53.0,1121,48.03,21412986534729
3876.0,2,0.00,55.0,58.0,58.0,42.0,57.0,1195,47.54,20199804878479
3876.0,3,0.00,57.0,60.0,60.0,44.0,59.0,1301,48.09,20367508973083
3882.0,0,,70.0,76.0,76.0,51.0,70.0,2803,198.99,42327860720153
3882.0,1,0.00,52.0,56.0,56.0,40.0,53.0,1111,48.21,21413259865356
3882.0,2,0.00,55.0,58.0,58.0,42.0,57.0,1217,47.17,20200072347839
3882.0,3,0.00,57.0,60.0,60.0,44.0,59.0,1290,47.87,20367780900451
3887.0,0,,70.0,76.0,76.0,52.0,70.0,2800,199.89,42328996082641
3888.0,1,0.00,51.0,56.0,56.0,39.0,53.0,1120,48.23,21413533830017
3888.0,2,0.00,55.0,58.0,58.0,42.0,57.0,1204,47.18,20200340828918
3888.0,3,0.00,57.0,60.0,60.0,44.0,59.0,1300,48.05,20368053850891
3893.0,0,,70.0,76.0,76.0,52.0,70.0,2810,200.09,42330132568603
3893.0,1,0.00,52.0,56.0,56.0,39.0,53.0,1120,48.26,21413807957214
3893.0,2,0.00,55.0,58.0,58.0,42.0,58.0,1194,47.45,20200610363464
3894.0,3,0.00,57.0,60.0,60.0,44.0,60.0,1300,47.96,20368326264099
3899.0,0,,70.0,76.0,76.0,52.0,70.0,2664,199.90,42331267999145
3899.0,1,0.00,52.0,56.0,56.0,40.0,53.0,1110,48.10,21414081151000
3899.0,2,0.00,55.0,58.0,58.0,42.0,57.0,1206,47.31,20200878584594
3899.0,3,0.00,57.0,60.0,60.0,44.0,60.0,1289,47.87,20368598189941
3904.0,0,,70.0,76.0,76.0,52.0,70.0,2790,199.92,42332403535949
3905.0,1,0.00,52.0,56.0,56.0,40.0,53.0,1121,48.23,21414355083251
3905.0,2,0.00,55.0,58.0,58.0,42.0,57.0,1205,47.22,20201146795776
3905.0,3,0.00,57.0,60.0,60.0,44.0,59.0,1301,48.08,20368870785095
3910.0,0,,71.0,74.0,74.0,52.0,70.0,2715,201.00,42333545198669
3910.0,1,0.00,52.0,56.0,56.0,40.0,53.0,1120,48.31,21414629494506
3910.0,2,0.00,55.0,58.0,58.0,42.0,57.0,1194,47.44,20201416240905
3911.0,3,0.00,57.0,60.0,60.0,44.0,59.0,1299,48.10,20369143992309
3916.0,0,,70.0,76.0,76.0,52.0,70.0,2727,199.28,42334675138916
3916.0,1,0.00,52.0,56.0,56.0,40.0,53.0,1110,47.90,21414901575073
3916.0,2,0.00,55.0,58.0,58.0,42.0,57.0,1195,47.49,20201685968872
3916.0,3,0.00,57.0,60.0,60.0,44.0,59.0,1290,48.04,20369416832946
3921.0,0,100.00,70.0,74.0,74.0,52.0,70.0,2718,201.26,42335818277099
3922.0,1,0.00,52.0,56.0,56.0,40.0,53.0,1111,48.15,21415174596801
3922.0,2,0.00,55.0,58.0,58.0,42.0,57.0,1206,47.30,20201954162719
3922.0,3,0.00,57.0,60.0,60.0,44.0,59.0,1302,47.93,20369688576171
3927.0,0,,70.0,76.0,76.0,52.0,70.0,2781,198.75,42336945213195
3927.0,1,0.00,52.0,56.0,56.0,39.0,54.0,1121,48.20,21415448366027
3927.0,2,0.00,55.0,58.0,58.0,42.0,57.0,1195,47.17,20202222089050
3928.0,3,0.00,57.0,60.0,60.0,44.0,59.0,1300,47.97,20369961040649
3933.0,0,,70.0,76.0,76.0,52.0,70.0,2800,200.06,42338081548828
3933.0,1,0.00,52.0,56.0,56.0,39.0,53.0,1110,48.39,21415722739990
3933.0,2,0.00,55.0,58.0,58.0,42.0,57.0,1227,47.39,20202490796020
3933.0,3,0.00,57.0,60.0,60.0,44.0,59.0,1291,47.93,20370233257385
3938.0,0,,70.0,76.0,76.0,52.0,70.0,2727,193.84,42339182568786
3939.0,1,0.00,51.0,56.0,56.0,40.0,53.0,1111,48.09,21415995886169
3939.0,2,0.00,55.0,58.0,58.0,42.0,57.0,1258,47.48,20202760493713
3939.0,3,0.00,57.0,60.0,60.0,44.0,59.0,1300,47.88,20370505208374
3944.0,0,,70.0,78.0,78.0,52.0,70.0,2505,199.73,42340317059509
3944.0,1,0.00,52.0,56.0,56.0,39.0,53.0,1121,48.32,21416270337402
3944.0,2,0.00,55.0,58.0,58.0,42.0,58.0,1237,47.36,20203029481445
3945.0,3,0.00,57.0,60.0,60.0,44.0,59.0,1300,48.14,20370778167968
3950.0,0,100.00,69.0,78.0,78.0,52.0,70.0,2495,193.38,42341413499450
3950.0,1,0.00,52.0,56.0,56.0,40.0,53.0,1110,48.32,21416544806396
3950.0,2,0.00,55.0,58.0,58.0,42.0,57.0,1215,47.37,20203298555541
3950.0,3,0.00,57.0,60.0,60.0,44.0,59.0,1289,48.08,20371051281311
3956.0,0,0.00,64.0,80.0,80.0,49.0,67.0,2437,107.37,42342024415527
3956.0,1,0.00,52.0,56.0,56.0,40.0,53.0,1118,47.96,21416817690551
3956.0,2,0.00,55.0,58.0,58.0,42.0,58.0,1202,47.42,20203568366882
3956.0,3,0.00,57.0,60.0,60.0,44.0,59.0,1297,47.68,20371323050842
3961.0,0,0.00,63.0,80.0,80.0,48.0,66.0,1837,58.76,42342358782836
3961.0,1,0.00,52.0,56.0,56.0,39.0,53.0,1119,47.92,21417089877624
3962.0,2,0.00,55.0,58.0,58.0,42.0,57.0,1193,47.25,20203836763183
3962.0,3,0.00,57.0,60.0,60.0,44.0,59.0,1299,47.65,20371593680053
3967.0,0,0.00,63.0,80.0,80.0,48.0,65.0,1529,58.48,42342690950988
3967.0,1,0.00,52.0,56.0,56.0,40.0,53.0,1108,48.19,21417364074462
3967.0,2,0.00,55.0,58.0,58.0,42.0,58.0,1192,47.09,20204105192932
3967.0,3,0.00,57.0,60.0,60.0,44.0,59.0,1286,47.73,20371865278381
3973.0,0,0.00,62.0,80.0,80.0,47.0,64.0,1519,58.33,42343022855590
3973.0,1,0.00,51.0,56.0,56.0,39.0,53.0,1119,48.10,21417637752380
3973.0,2,0.00,55.0,58.0,58.0,42.0,57.0,1203,47.32,20204373997436
3973.0,3,0.00,57.0,60.0,60.0,44.0,59.0,1298,47.68,20372136580139
3978.0,0,0.00,62.0,80.0,80.0,47.0,64.0,1457,58.02,42343353014587
3978.0,1,0.00,51.0,56.0,56.0,40.0,53.0,1119,47.88,21417910209716
3979.0,2,0.00,55.0,58.0,58.0,42.0,58.0,1193,47.43,20204643893310
3979.0,3,0.00,57.0,60.0,60.0,44.0,59.0,1277,47.43,20372406460083
