campaign_id,cell_id,metric,aggregation,rep,n,value,value_text,unit,status,notes
2026-10-03-b65-users-at-depth,campaign-window,duration_s,,all,,49680,,s,derived,"828 min, ten jobs, 2026-10-03 01:32-15:20 UTC (jobs.tsv)"
2026-10-03-b65-users-at-depth,campaign-window,engine_resets,sum,all,,0,,count,measured,zero 'Engine reset' lines in the kernel log across the window
2026-10-03-b65-users-at-depth,campaign-window,fan_max_rpm,max,all,,3394,,rpm,measured,"across the campaign window, all arms"
2026-10-03-b65-users-at-depth,campaign-window,temp_mem_max_c,,all,,,,C,not_collected,memory temperatures are in the telemetry CSVs and were not reduced
2026-10-03-b65-users-at-depth,campaign-window,temp_pkg_max_c,max,all,,74,,C,measured,"hottest package reading, the TP=4 arms; telemetry at 5 s"
2026-10-03-b65-users-at-depth,campaign-window,temp_pkg_max_c,max,all,,73,,C,measured,upper end of the 69-73 C range on the other arms
2026-10-03-b65-users-at-depth,ud128-rep-4replica-c1,error_classes,,all,,,HTTP 413 Request Entity Too Large,text,measured,"router refused every 131K-token request body; job ended by rule, not rerun"
2026-10-03-b65-users-at-depth,ud128-rep-4replica-c1,fit_status,,all,,,,text,unavailable,"HTTP 413, nginx client_max_body_size 1 MB; 0 of 2 pre-warm requests completed"
2026-10-03-b65-users-at-depth,ud128-rep-4replica-c2,error_classes,,all,,,HTTP 413 Request Entity Too Large,text,measured,"router refused every 131K-token request body; job ended by rule, not rerun"
2026-10-03-b65-users-at-depth,ud128-rep-4replica-c2,fit_status,,all,,,,text,unavailable,"HTTP 413, nginx client_max_body_size 1 MB; 0 of 2 pre-warm requests completed"
2026-10-03-b65-users-at-depth,ud128-rep-4replica-c4,error_classes,,all,,,HTTP 413 Request Entity Too Large,text,measured,"router refused every 131K-token request body; job ended by rule, not rerun"
2026-10-03-b65-users-at-depth,ud128-rep-4replica-c4,fit_status,,all,,,,text,unavailable,"HTTP 413, nginx client_max_body_size 1 MB; 0 of 2 pre-warm requests completed"
2026-10-03-b65-users-at-depth,ud128-rep-4replica-c8,error_classes,,all,,,HTTP 413 Request Entity Too Large,text,measured,"router refused every 131K-token request body; job ended by rule, not rerun"
2026-10-03-b65-users-at-depth,ud128-rep-4replica-c8,fit_status,,all,,,,text,unavailable,"HTTP 413, nginx client_max_body_size 1 MB; 0 of 2 pre-warm requests completed"
2026-10-03-b65-users-at-depth,ud128-rep-control-direct-c1,attempted_requests,sum,all,3,6,,count,derived,requests_per_rep 2 x reps 3
2026-10-03-b65-users-at-depth,ud128-rep-control-direct-c1,completed_requests,,1,,2,,count,measured,
2026-10-03-b65-users-at-depth,ud128-rep-control-direct-c1,completed_requests,,2,,2,,count,measured,
2026-10-03-b65-users-at-depth,ud128-rep-control-direct-c1,completed_requests,,3,,2,,count,measured,
2026-10-03-b65-users-at-depth,ud128-rep-control-direct-c1,completed_requests,sum,all,3,6,,count,measured,
2026-10-03-b65-users-at-depth,ud128-rep-control-direct-c1,duration_s,,1,,371.782786994,,s,measured,
2026-10-03-b65-users-at-depth,ud128-rep-control-direct-c1,duration_s,,2,,373.509653581,,s,measured,
2026-10-03-b65-users-at-depth,ud128-rep-control-direct-c1,duration_s,,3,,373.656160678,,s,measured,
2026-10-03-b65-users-at-depth,ud128-rep-control-direct-c1,e2el_mean_ms,,1,,185890.811755,,ms,measured,
2026-10-03-b65-users-at-depth,ud128-rep-control-direct-c1,e2el_mean_ms,,2,,186754.236487,,ms,measured,
2026-10-03-b65-users-at-depth,ud128-rep-control-direct-c1,e2el_mean_ms,,3,,186827.420809,,ms,measured,
2026-10-03-b65-users-at-depth,ud128-rep-control-direct-c1,e2el_mean_ms,mean,all,3,186490.823017,,ms,derived,e2el_mean_s x 1000
2026-10-03-b65-users-at-depth,ud128-rep-control-direct-c1,energy_j,,1,,,,J,not_collected,energy not reduced for the direct-to-replica control
2026-10-03-b65-users-at-depth,ud128-rep-control-direct-c1,energy_j,,2,,,,J,not_collected,energy not reduced for the direct-to-replica control
2026-10-03-b65-users-at-depth,ud128-rep-control-direct-c1,energy_j,,3,,,,J,not_collected,energy not reduced for the direct-to-replica control
2026-10-03-b65-users-at-depth,ud128-rep-control-direct-c1,engine_prefill_tok_per_s,,all,,,,tok/s,not_collected,engine counters not scraped on the replica arms (METRICS_SCRAPE off)
2026-10-03-b65-users-at-depth,ud128-rep-control-direct-c1,engine_queue_s,,all,,,,s,not_collected,engine counters not scraped on the replica arms (METRICS_SCRAPE off)
2026-10-03-b65-users-at-depth,ud128-rep-control-direct-c1,failed_requests,,1,,0,,count,measured,
2026-10-03-b65-users-at-depth,ud128-rep-control-direct-c1,failed_requests,,2,,0,,count,measured,
2026-10-03-b65-users-at-depth,ud128-rep-control-direct-c1,failed_requests,,3,,0,,count,measured,
2026-10-03-b65-users-at-depth,ud128-rep-control-direct-c1,failed_requests,sum,all,3,0,,count,measured,
2026-10-03-b65-users-at-depth,ud128-rep-control-direct-c1,joules_per_output_token,,all,,,,J/token,not_collected,energy not reduced for the direct-to-replica control (users-at-depth.md: 'not reduced')
2026-10-03-b65-users-at-depth,ud128-rep-control-direct-c1,joules_per_output_token,,1,,,,J/token,not_collected,energy not reduced for the direct-to-replica control
2026-10-03-b65-users-at-depth,ud128-rep-control-direct-c1,joules_per_output_token,,2,,,,J/token,not_collected,energy not reduced for the direct-to-replica control
2026-10-03-b65-users-at-depth,ud128-rep-control-direct-c1,joules_per_output_token,,3,,,,J/token,not_collected,energy not reduced for the direct-to-replica control
2026-10-03-b65-users-at-depth,ud128-rep-control-direct-c1,output_throughput,,1,,2.75429642206,,tok/s,measured,
2026-10-03-b65-users-at-depth,ud128-rep-control-direct-c1,output_throughput,,2,,2.74156234031,,tok/s,measured,
2026-10-03-b65-users-at-depth,ud128-rep-control-direct-c1,output_throughput,,3,,2.74048739928,,tok/s,measured,
2026-10-03-b65-users-at-depth,ud128-rep-control-direct-c1,output_throughput,mean,all,3,2.74544872055,,tok/s,measured,
2026-10-03-b65-users-at-depth,ud128-rep-control-direct-c1,output_throughput_cv,cv,all,3,0.27977799701,,percent,derived,
2026-10-03-b65-users-at-depth,ud128-rep-control-direct-c1,output_throughput_sd,sd,all,3,0.00768116143928,,tok/s,derived,
2026-10-03-b65-users-at-depth,ud128-rep-control-direct-c1,spec_acceptance,,all,,,,fraction,not_collected,engine counters not scraped on the replica arms (METRICS_SCRAPE off)
2026-10-03-b65-users-at-depth,ud128-rep-control-direct-c1,target_met,,all,,0,none,bool,derived,in_target over reps: all/none/some reps with p95 TTFT <= 2000 ms and p95 TPOT <= 100 ms
2026-10-03-b65-users-at-depth,ud128-rep-control-direct-c1,target_met,,1,,0,,bool,derived,rep p95 TTFT <= 2000 ms and p95 TPOT <= 100 ms
2026-10-03-b65-users-at-depth,ud128-rep-control-direct-c1,target_met,,2,,0,,bool,derived,rep p95 TTFT <= 2000 ms and p95 TPOT <= 100 ms
2026-10-03-b65-users-at-depth,ud128-rep-control-direct-c1,target_met,,3,,0,,bool,derived,rep p95 TTFT <= 2000 ms and p95 TPOT <= 100 ms
2026-10-03-b65-users-at-depth,ud128-rep-control-direct-c1,tpot_mean_ms,,1,,32.4787790119,,ms,measured,
2026-10-03-b65-users-at-depth,ud128-rep-control-direct-c1,tpot_mean_ms,,2,,34.2502211879,,ms,measured,
2026-10-03-b65-users-at-depth,ud128-rep-control-direct-c1,tpot_mean_ms,,3,,34.2516959392,,ms,measured,
2026-10-03-b65-users-at-depth,ud128-rep-control-direct-c1,tpot_mean_ms,mean,all,3,33.6602320463,,ms,measured,
2026-10-03-b65-users-at-depth,ud128-rep-control-direct-c1,tpot_p95_ms,,1,,32.6934453123,,ms,measured,
2026-10-03-b65-users-at-depth,ud128-rep-control-direct-c1,tpot_p95_ms,,2,,34.3746742041,,ms,measured,
2026-10-03-b65-users-at-depth,ud128-rep-control-direct-c1,tpot_p95_ms,,3,,34.4181700136,,ms,measured,
2026-10-03-b65-users-at-depth,ud128-rep-control-direct-c1,tpot_p95_ms,p95_mean,all,3,33.8287631767,,ms,measured,mean over reps of the per-rep p95
2026-10-03-b65-users-at-depth,ud128-rep-control-direct-c1,tpot_p95_ms,p95_worst,all,3,34.4181700136,,ms,measured,worst per-rep p95
2026-10-03-b65-users-at-depth,ud128-rep-control-direct-c1,ttft_max_ms,,1,,169296.441996,,ms,measured,
2026-10-03-b65-users-at-depth,ud128-rep-control-direct-c1,ttft_max_ms,,2,,169291.282835,,ms,measured,
2026-10-03-b65-users-at-depth,ud128-rep-control-direct-c1,ttft_max_ms,,3,,169328.061482,,ms,measured,
2026-10-03-b65-users-at-depth,ud128-rep-control-direct-c1,ttft_max_ms,max,all,3,169328.061482,,ms,measured,
2026-10-03-b65-users-at-depth,ud128-rep-control-direct-c1,ttft_mean_ms,,1,,169294.15568,,ms,measured,
2026-10-03-b65-users-at-depth,ud128-rep-control-direct-c1,ttft_mean_ms,,2,,169252.37346,,ms,measured,
2026-10-03-b65-users-at-depth,ud128-rep-control-direct-c1,ttft_mean_ms,,3,,169324.804184,,ms,measured,
2026-10-03-b65-users-at-depth,ud128-rep-control-direct-c1,ttft_mean_ms,mean,all,3,169290.444441,,ms,measured,
2026-10-03-b65-users-at-depth,ud128-rep-control-direct-c1,ttft_p95_ms,,1,,169296.213364,,ms,measured,p95 across 2 requests
2026-10-03-b65-users-at-depth,ud128-rep-control-direct-c1,ttft_p95_ms,,2,,169287.391898,,ms,measured,p95 across 2 requests
2026-10-03-b65-users-at-depth,ud128-rep-control-direct-c1,ttft_p95_ms,,3,,169327.735752,,ms,measured,p95 across 2 requests
2026-10-03-b65-users-at-depth,ud128-rep-control-direct-c1,ttft_p95_ms,p95_mean,all,3,169303.780338,,ms,measured,mean over reps of the per-rep p95 across 2-16 requests
2026-10-03-b65-users-at-depth,ud128-rep-control-direct-c1,ttft_p95_ms,p95_worst,all,3,169327.735752,,ms,measured,worst per-rep p95
2026-10-03-b65-users-at-depth,ud128-rep-control-direct-c1,ttft_p99_ms,,1,,169296.39627,,ms,measured,p99 across 2 requests
2026-10-03-b65-users-at-depth,ud128-rep-control-direct-c1,ttft_p99_ms,,2,,169290.504647,,ms,measured,p99 across 2 requests
2026-10-03-b65-users-at-depth,ud128-rep-control-direct-c1,ttft_p99_ms,,3,,169327.996336,,ms,measured,p99 across 2 requests
2026-10-03-b65-users-at-depth,ud128-tp4-eager-c1,attempted_requests,sum,all,3,6,,count,derived,requests_per_rep 2 x reps 3
2026-10-03-b65-users-at-depth,ud128-tp4-eager-c1,completed_requests,,1,,2,,count,measured,
2026-10-03-b65-users-at-depth,ud128-tp4-eager-c1,completed_requests,,2,,2,,count,measured,
2026-10-03-b65-users-at-depth,ud128-tp4-eager-c1,completed_requests,,3,,2,,count,measured,
2026-10-03-b65-users-at-depth,ud128-tp4-eager-c1,completed_requests,sum,all,3,6,,count,measured,
2026-10-03-b65-users-at-depth,ud128-tp4-eager-c1,duration_s,,1,,169.339278421,,s,measured,
2026-10-03-b65-users-at-depth,ud128-tp4-eager-c1,duration_s,,2,,168.959984287,,s,measured,
2026-10-03-b65-users-at-depth,ud128-tp4-eager-c1,duration_s,,3,,167.869438296,,s,measured,
2026-10-03-b65-users-at-depth,ud128-tp4-eager-c1,e2el_mean_ms,,1,,84669.2966615,,ms,measured,
2026-10-03-b65-users-at-depth,ud128-tp4-eager-c1,e2el_mean_ms,,2,,84479.6430597,,ms,measured,
2026-10-03-b65-users-at-depth,ud128-tp4-eager-c1,e2el_mean_ms,,3,,83934.351213,,ms,measured,
2026-10-03-b65-users-at-depth,ud128-tp4-eager-c1,e2el_mean_ms,mean,all,3,84361.0969781,,ms,derived,e2el_mean_s x 1000
2026-10-03-b65-users-at-depth,ud128-tp4-eager-c1,energy_j,,1,,166877.539002,,J,measured,served cards over the measured window; 1 warm-up in window
2026-10-03-b65-users-at-depth,ud128-tp4-eager-c1,energy_j,,2,,168700.100036,,J,measured,served cards over the measured window; 1 warm-up in window
2026-10-03-b65-users-at-depth,ud128-tp4-eager-c1,energy_j,,3,,166702.830383,,J,measured,served cards over the measured window; 1 warm-up in window
2026-10-03-b65-users-at-depth,ud128-tp4-eager-c1,engine_prefill_tok_per_s,mean,all,3,2506.58571433,,tok/s,measured,metrics-delta; each delta window also holds that rep's warm-up request
2026-10-03-b65-users-at-depth,ud128-tp4-eager-c1,engine_queue_s,mean,all,3,2.08406450434e-05,,s,measured,per-request engine queue time
2026-10-03-b65-users-at-depth,ud128-tp4-eager-c1,failed_requests,,1,,0,,count,measured,
2026-10-03-b65-users-at-depth,ud128-tp4-eager-c1,failed_requests,,2,,0,,count,measured,
2026-10-03-b65-users-at-depth,ud128-tp4-eager-c1,failed_requests,,3,,0,,count,measured,
2026-10-03-b65-users-at-depth,ud128-tp4-eager-c1,failed_requests,sum,all,3,0,,count,measured,
2026-10-03-b65-users-at-depth,ud128-tp4-eager-c1,joules_per_output_token,,1,,108.644231121,,J/token,measured,upper bound; warm-up tokens in denominator; corrected 2026-10-06
2026-10-03-b65-users-at-depth,ud128-tp4-eager-c1,joules_per_output_token,,2,,109.830794294,,J/token,measured,upper bound; warm-up tokens in denominator; corrected 2026-10-06
2026-10-03-b65-users-at-depth,ud128-tp4-eager-c1,joules_per_output_token,,3,,108.530488531,,J/token,measured,upper bound; warm-up tokens in denominator; corrected 2026-10-06
2026-10-03-b65-users-at-depth,ud128-tp4-eager-c1,joules_per_output_token,mean,all,3,109.001837982,,J/token,measured,upper bound; warm-up tokens in denominator; corrected 2026-10-06
2026-10-03-b65-users-at-depth,ud128-tp4-eager-c1,joules_per_output_token,superseded_mean,all,3,163.502756973,,J/token,derived,superseded 2026-10-06: measured tokens only
2026-10-03-b65-users-at-depth,ud128-tp4-eager-c1,output_throughput,,1,,6.04703179055,,tok/s,measured,
2026-10-03-b65-users-at-depth,ud128-tp4-eager-c1,output_throughput,,2,,6.06060662423,,tok/s,measured,
2026-10-03-b65-users-at-depth,ud128-tp4-eager-c1,output_throughput,,3,,6.099978712,,tok/s,measured,
2026-10-03-b65-users-at-depth,ud128-tp4-eager-c1,output_throughput,mean,all,3,6.06920570892,,tok/s,measured,
2026-10-03-b65-users-at-depth,ud128-tp4-eager-c1,output_throughput_cv,cv,all,3,0.453122739615,,percent,derived,
2026-10-03-b65-users-at-depth,ud128-tp4-eager-c1,output_throughput_sd,sd,all,3,0.0275009511812,,tok/s,derived,
2026-10-03-b65-users-at-depth,ud128-tp4-eager-c1,spec_acceptance,,all,,,,fraction,not_applicable,"eager arm, no speculation"
2026-10-03-b65-users-at-depth,ud128-tp4-eager-c1,target_met,,all,,0,none,bool,derived,in_target over reps: all/none/some reps with p95 TTFT <= 2000 ms and p95 TPOT <= 100 ms
2026-10-03-b65-users-at-depth,ud128-tp4-eager-c1,target_met,,1,,0,,bool,derived,rep p95 TTFT <= 2000 ms and p95 TPOT <= 100 ms
2026-10-03-b65-users-at-depth,ud128-tp4-eager-c1,target_met,,2,,0,,bool,derived,rep p95 TTFT <= 2000 ms and p95 TPOT <= 100 ms
2026-10-03-b65-users-at-depth,ud128-tp4-eager-c1,target_met,,3,,0,,bool,derived,rep p95 TTFT <= 2000 ms and p95 TPOT <= 100 ms
2026-10-03-b65-users-at-depth,ud128-tp4-eager-c1,tpot_mean_ms,,1,,62.2436363932,,ms,measured,
2026-10-03-b65-users-at-depth,ud128-tp4-eager-c1,tpot_mean_ms,,2,,62.0233022515,,ms,measured,
2026-10-03-b65-users-at-depth,ud128-tp4-eager-c1,tpot_mean_ms,,3,,61.2720846301,,ms,measured,
2026-10-03-b65-users-at-depth,ud128-tp4-eager-c1,tpot_mean_ms,mean,all,3,61.8463410916,,ms,measured,
2026-10-03-b65-users-at-depth,ud128-tp4-eager-c1,tpot_p95_ms,,1,,62.4803169964,,ms,measured,
2026-10-03-b65-users-at-depth,ud128-tp4-eager-c1,tpot_p95_ms,,2,,62.1981607691,,ms,measured,
2026-10-03-b65-users-at-depth,ud128-tp4-eager-c1,tpot_p95_ms,,3,,61.6235341759,,ms,measured,
2026-10-03-b65-users-at-depth,ud128-tp4-eager-c1,tpot_p95_ms,p95_mean,all,3,62.1006706471,,ms,measured,mean over reps of the per-rep p95
2026-10-03-b65-users-at-depth,ud128-tp4-eager-c1,tpot_p95_ms,p95_worst,all,3,62.4803169964,,ms,measured,worst per-rep p95
2026-10-03-b65-users-at-depth,ud128-tp4-eager-c1,ttft_max_ms,,1,,52914.2582081,,ms,measured,
2026-10-03-b65-users-at-depth,ud128-tp4-eager-c1,ttft_max_ms,,2,,52789.8973171,,ms,measured,
2026-10-03-b65-users-at-depth,ud128-tp4-eager-c1,ttft_max_ms,,3,,52637.7827651,,ms,measured,
2026-10-03-b65-users-at-depth,ud128-tp4-eager-c1,ttft_max_ms,max,all,3,52914.2582081,,ms,measured,
2026-10-03-b65-users-at-depth,ud128-tp4-eager-c1,ttft_mean_ms,,1,,52862.7984646,,ms,measured,
2026-10-03-b65-users-at-depth,ud128-tp4-eager-c1,ttft_mean_ms,,2,,52785.7356091,,ms,measured,
2026-10-03-b65-users-at-depth,ud128-tp4-eager-c1,ttft_mean_ms,,3,,52624.3159671,,ms,measured,
2026-10-03-b65-users-at-depth,ud128-tp4-eager-c1,ttft_mean_ms,mean,all,3,52757.6166803,,ms,measured,
2026-10-03-b65-users-at-depth,ud128-tp4-eager-c1,ttft_p95_ms,,1,,52909.1122338,,ms,measured,p95 across 2 requests
2026-10-03-b65-users-at-depth,ud128-tp4-eager-c1,ttft_p95_ms,,2,,52789.4811463,,ms,measured,p95 across 2 requests
2026-10-03-b65-users-at-depth,ud128-tp4-eager-c1,ttft_p95_ms,,3,,52636.4360853,,ms,measured,p95 across 2 requests
2026-10-03-b65-users-at-depth,ud128-tp4-eager-c1,ttft_p95_ms,p95_mean,all,3,52778.3431551,,ms,measured,mean over reps of the per-rep p95 across 2-16 requests
2026-10-03-b65-users-at-depth,ud128-tp4-eager-c1,ttft_p95_ms,p95_worst,all,3,52909.1122338,,ms,measured,worst per-rep p95
2026-10-03-b65-users-at-depth,ud128-tp4-eager-c1,ttft_p99_ms,,1,,52913.2290133,,ms,measured,p99 across 2 requests
2026-10-03-b65-users-at-depth,ud128-tp4-eager-c1,ttft_p99_ms,,2,,52789.8140829,,ms,measured,p99 across 2 requests
2026-10-03-b65-users-at-depth,ud128-tp4-eager-c1,ttft_p99_ms,,3,,52637.5134291,,ms,measured,p99 across 2 requests
2026-10-03-b65-users-at-depth,ud128-tp4-eager-c2,attempted_requests,sum,all,3,12,,count,derived,requests_per_rep 4 x reps 3
2026-10-03-b65-users-at-depth,ud128-tp4-eager-c2,completed_requests,,1,,4,,count,measured,
2026-10-03-b65-users-at-depth,ud128-tp4-eager-c2,completed_requests,,2,,4,,count,measured,
2026-10-03-b65-users-at-depth,ud128-tp4-eager-c2,completed_requests,,3,,4,,count,measured,
2026-10-03-b65-users-at-depth,ud128-tp4-eager-c2,completed_requests,sum,all,3,12,,count,measured,
2026-10-03-b65-users-at-depth,ud128-tp4-eager-c2,duration_s,,1,,269.472184441,,s,measured,
2026-10-03-b65-users-at-depth,ud128-tp4-eager-c2,duration_s,,2,,267.933072779,,s,measured,
2026-10-03-b65-users-at-depth,ud128-tp4-eager-c2,duration_s,,3,,268.556271893,,s,measured,
2026-10-03-b65-users-at-depth,ud128-tp4-eager-c2,e2el_mean_ms,,1,,134482.121397,,ms,measured,
2026-10-03-b65-users-at-depth,ud128-tp4-eager-c2,e2el_mean_ms,,2,,133724.083114,,ms,measured,
2026-10-03-b65-users-at-depth,ud128-tp4-eager-c2,e2el_mean_ms,,3,,134025.817902,,ms,measured,
2026-10-03-b65-users-at-depth,ud128-tp4-eager-c2,e2el_mean_ms,mean,all,3,134077.340804,,ms,derived,e2el_mean_s x 1000
2026-10-03-b65-users-at-depth,ud128-tp4-eager-c2,energy_j,,1,,253487.032836,,J,measured,served cards over the measured window; 1 warm-up in window
2026-10-03-b65-users-at-depth,ud128-tp4-eager-c2,energy_j,,2,,252217.704102,,J,measured,served cards over the measured window; 1 warm-up in window
2026-10-03-b65-users-at-depth,ud128-tp4-eager-c2,energy_j,,3,,253729.804747,,J,measured,served cards over the measured window; 1 warm-up in window
2026-10-03-b65-users-at-depth,ud128-tp4-eager-c2,engine_prefill_tok_per_s,mean,all,3,2353.86867279,,tok/s,measured,metrics-delta; each delta window also holds that rep's warm-up request
2026-10-03-b65-users-at-depth,ud128-tp4-eager-c2,engine_queue_s,mean,all,3,14.884248096,,s,measured,per-request engine queue time
2026-10-03-b65-users-at-depth,ud128-tp4-eager-c2,failed_requests,,1,,0,,count,measured,
2026-10-03-b65-users-at-depth,ud128-tp4-eager-c2,failed_requests,,2,,0,,count,measured,
2026-10-03-b65-users-at-depth,ud128-tp4-eager-c2,failed_requests,,3,,0,,count,measured,
2026-10-03-b65-users-at-depth,ud128-tp4-eager-c2,failed_requests,sum,all,3,0,,count,measured,
2026-10-03-b65-users-at-depth,ud128-tp4-eager-c2,joules_per_output_token,,1,,99.0183722016,,J/token,measured,upper bound; warm-up tokens in denominator; corrected 2026-10-06
2026-10-03-b65-users-at-depth,ud128-tp4-eager-c2,joules_per_output_token,,2,,98.5225406648,,J/token,measured,upper bound; warm-up tokens in denominator; corrected 2026-10-06
2026-10-03-b65-users-at-depth,ud128-tp4-eager-c2,joules_per_output_token,,3,,99.1132049793,,J/token,measured,upper bound; warm-up tokens in denominator; corrected 2026-10-06
2026-10-03-b65-users-at-depth,ud128-tp4-eager-c2,joules_per_output_token,mean,all,3,98.8847059486,,J/token,measured,upper bound; warm-up tokens in denominator; corrected 2026-10-06
2026-10-03-b65-users-at-depth,ud128-tp4-eager-c2,joules_per_output_token,superseded_mean,all,3,123.605882436,,J/token,derived,superseded 2026-10-06: measured tokens only
2026-10-03-b65-users-at-depth,ud128-tp4-eager-c2,output_throughput,,1,,7.60004229842,,tok/s,measured,
2026-10-03-b65-users-at-depth,ud128-tp4-eager-c2,output_throughput,,2,,7.643699894,,tok/s,measured,
2026-10-03-b65-users-at-depth,ud128-tp4-eager-c2,output_throughput,,3,,7.62596228181,,tok/s,measured,
2026-10-03-b65-users-at-depth,ud128-tp4-eager-c2,output_throughput,mean,all,3,7.62323482474,,tok/s,measured,
2026-10-03-b65-users-at-depth,ud128-tp4-eager-c2,output_throughput_cv,cv,all,3,0.28801712644,,percent,derived,
2026-10-03-b65-users-at-depth,ud128-tp4-eager-c2,output_throughput_sd,sd,all,3,0.021956221884,,tok/s,derived,
2026-10-03-b65-users-at-depth,ud128-tp4-eager-c2,spec_acceptance,,all,,,,fraction,not_applicable,"eager arm, no speculation"
2026-10-03-b65-users-at-depth,ud128-tp4-eager-c2,target_met,,all,,0,none,bool,derived,in_target over reps: all/none/some reps with p95 TTFT <= 2000 ms and p95 TPOT <= 100 ms
2026-10-03-b65-users-at-depth,ud128-tp4-eager-c2,target_met,,1,,0,,bool,derived,rep p95 TTFT <= 2000 ms and p95 TPOT <= 100 ms
2026-10-03-b65-users-at-depth,ud128-tp4-eager-c2,target_met,,2,,0,,bool,derived,rep p95 TTFT <= 2000 ms and p95 TPOT <= 100 ms
2026-10-03-b65-users-at-depth,ud128-tp4-eager-c2,target_met,,3,,0,,bool,derived,rep p95 TTFT <= 2000 ms and p95 TPOT <= 100 ms
2026-10-03-b65-users-at-depth,ud128-tp4-eager-c2,tpot_mean_ms,,1,,111.75635008,,ms,measured,
2026-10-03-b65-users-at-depth,ud128-tp4-eager-c2,tpot_mean_ms,,2,,110.871465115,,ms,measured,
2026-10-03-b65-users-at-depth,ud128-tp4-eager-c2,tpot_mean_ms,,3,,113.01662463,,ms,measured,
2026-10-03-b65-users-at-depth,ud128-tp4-eager-c2,tpot_mean_ms,mean,all,3,111.881479942,,ms,measured,
2026-10-03-b65-users-at-depth,ud128-tp4-eager-c2,tpot_p95_ms,,1,,154.754752135,,ms,measured,
2026-10-03-b65-users-at-depth,ud128-tp4-eager-c2,tpot_p95_ms,,2,,153.490221551,,ms,measured,
2026-10-03-b65-users-at-depth,ud128-tp4-eager-c2,tpot_p95_ms,,3,,154.204551887,,ms,measured,
2026-10-03-b65-users-at-depth,ud128-tp4-eager-c2,tpot_p95_ms,p95_mean,all,3,154.149841858,,ms,measured,mean over reps of the per-rep p95
2026-10-03-b65-users-at-depth,ud128-tp4-eager-c2,tpot_p95_ms,p95_worst,all,3,154.754752135,,ms,measured,worst per-rep p95
2026-10-03-b65-users-at-depth,ud128-tp4-eager-c2,ttft_max_ms,,1,,106944.921842,,ms,measured,
2026-10-03-b65-users-at-depth,ud128-tp4-eager-c2,ttft_max_ms,,2,,106581.875823,,ms,measured,
2026-10-03-b65-users-at-depth,ud128-tp4-eager-c2,ttft_max_ms,,3,,106468.12472,,ms,measured,
2026-10-03-b65-users-at-depth,ud128-tp4-eager-c2,ttft_max_ms,max,all,3,106944.921842,,ms,measured,
2026-10-03-b65-users-at-depth,ud128-tp4-eager-c2,ttft_mean_ms,,1,,77374.6265058,,ms,measured,
2026-10-03-b65-users-at-depth,ud128-tp4-eager-c2,ttft_mean_ms,,2,,77068.7644402,,ms,measured,
2026-10-03-b65-users-at-depth,ud128-tp4-eager-c2,ttft_mean_ms,,3,,76274.322716,,ms,measured,
2026-10-03-b65-users-at-depth,ud128-tp4-eager-c2,ttft_mean_ms,mean,all,3,76905.904554,,ms,measured,
2026-10-03-b65-users-at-depth,ud128-tp4-eager-c2,ttft_p95_ms,,1,,104646.948443,,ms,measured,p95 across 4 requests
2026-10-03-b65-users-at-depth,ud128-tp4-eager-c2,ttft_p95_ms,,2,,104276.154444,,ms,measured,p95 across 4 requests
2026-10-03-b65-users-at-depth,ud128-tp4-eager-c2,ttft_p95_ms,,3,,103731.271851,,ms,measured,p95 across 4 requests
2026-10-03-b65-users-at-depth,ud128-tp4-eager-c2,ttft_p95_ms,p95_mean,all,3,104218.124913,,ms,measured,mean over reps of the per-rep p95 across 2-16 requests
2026-10-03-b65-users-at-depth,ud128-tp4-eager-c2,ttft_p95_ms,p95_worst,all,3,104646.948443,,ms,measured,worst per-rep p95
2026-10-03-b65-users-at-depth,ud128-tp4-eager-c2,ttft_p99_ms,,1,,106485.327162,,ms,measured,p99 across 4 requests
2026-10-03-b65-users-at-depth,ud128-tp4-eager-c2,ttft_p99_ms,,2,,106120.731547,,ms,measured,p99 across 4 requests
2026-10-03-b65-users-at-depth,ud128-tp4-eager-c2,ttft_p99_ms,,3,,105920.754146,,ms,measured,p99 across 4 requests
2026-10-03-b65-users-at-depth,ud128-tp4-eager-c4,attempted_requests,sum,all,3,24,,count,derived,requests_per_rep 8 x reps 3
2026-10-03-b65-users-at-depth,ud128-tp4-eager-c4,completed_requests,,1,,8,,count,measured,
2026-10-03-b65-users-at-depth,ud128-tp4-eager-c4,completed_requests,,2,,8,,count,measured,
2026-10-03-b65-users-at-depth,ud128-tp4-eager-c4,completed_requests,,3,,8,,count,measured,
2026-10-03-b65-users-at-depth,ud128-tp4-eager-c4,completed_requests,sum,all,3,24,,count,measured,
2026-10-03-b65-users-at-depth,ud128-tp4-eager-c4,duration_s,,1,,494.247620133,,s,measured,
2026-10-03-b65-users-at-depth,ud128-tp4-eager-c4,duration_s,,2,,492.368987279,,s,measured,
2026-10-03-b65-users-at-depth,ud128-tp4-eager-c4,duration_s,,3,,491.71513254,,s,measured,
2026-10-03-b65-users-at-depth,ud128-tp4-eager-c4,e2el_mean_ms,,1,,246408.725044,,ms,measured,
2026-10-03-b65-users-at-depth,ud128-tp4-eager-c4,e2el_mean_ms,,2,,245477.101873,,ms,measured,
2026-10-03-b65-users-at-depth,ud128-tp4-eager-c4,e2el_mean_ms,,3,,245169.470676,,ms,measured,
2026-10-03-b65-users-at-depth,ud128-tp4-eager-c4,e2el_mean_ms,mean,all,3,245685.099197,,ms,derived,e2el_mean_s x 1000
2026-10-03-b65-users-at-depth,ud128-tp4-eager-c4,energy_j,,1,,438155.138549,,J,measured,served cards over the measured window; 1 warm-up in window
2026-10-03-b65-users-at-depth,ud128-tp4-eager-c4,energy_j,,2,,435651.941711,,J,measured,served cards over the measured window; 1 warm-up in window
2026-10-03-b65-users-at-depth,ud128-tp4-eager-c4,energy_j,,3,,433888.688049,,J,measured,served cards over the measured window; 1 warm-up in window
2026-10-03-b65-users-at-depth,ud128-tp4-eager-c4,engine_prefill_tok_per_s,mean,all,3,2219.38686028,,tok/s,measured,metrics-delta; each delta window also holds that rep's warm-up request
2026-10-03-b65-users-at-depth,ud128-tp4-eager-c4,engine_queue_s,mean,all,3,43.9200840272,,s,measured,per-request engine queue time
2026-10-03-b65-users-at-depth,ud128-tp4-eager-c4,failed_requests,,1,,0,,count,measured,
2026-10-03-b65-users-at-depth,ud128-tp4-eager-c4,failed_requests,,2,,0,,count,measured,
2026-10-03-b65-users-at-depth,ud128-tp4-eager-c4,failed_requests,,3,,0,,count,measured,
2026-10-03-b65-users-at-depth,ud128-tp4-eager-c4,failed_requests,sum,all,3,0,,count,measured,
2026-10-03-b65-users-at-depth,ud128-tp4-eager-c4,joules_per_output_token,,1,,95.0857505532,,J/token,measured,upper bound; warm-up tokens in denominator; corrected 2026-10-06
2026-10-03-b65-users-at-depth,ud128-tp4-eager-c4,joules_per_output_token,,2,,94.5425220727,,J/token,measured,upper bound; warm-up tokens in denominator; corrected 2026-10-06
2026-10-03-b65-users-at-depth,ud128-tp4-eager-c4,joules_per_output_token,,3,,94.1598715384,,J/token,measured,upper bound; warm-up tokens in denominator; corrected 2026-10-06
2026-10-03-b65-users-at-depth,ud128-tp4-eager-c4,joules_per_output_token,mean,all,3,94.5960480548,,J/token,measured,upper bound; warm-up tokens in denominator; corrected 2026-10-06
2026-10-03-b65-users-at-depth,ud128-tp4-eager-c4,joules_per_output_token,superseded_mean,all,3,106.420554062,,J/token,derived,superseded 2026-10-06: measured tokens only
2026-10-03-b65-users-at-depth,ud128-tp4-eager-c4,output_throughput,,1,,8.28734390041,,tok/s,measured,
2026-10-03-b65-users-at-depth,ud128-tp4-eager-c4,output_throughput,,2,,8.31896424394,,tok/s,measured,
2026-10-03-b65-users-at-depth,ud128-tp4-eager-c4,output_throughput,,3,,8.33002632814,,tok/s,measured,
2026-10-03-b65-users-at-depth,ud128-tp4-eager-c4,output_throughput,mean,all,3,8.31211149083,,tok/s,measured,
2026-10-03-b65-users-at-depth,ud128-tp4-eager-c4,output_throughput_cv,cv,all,3,0.266490861751,,percent,derived,
2026-10-03-b65-users-at-depth,ud128-tp4-eager-c4,output_throughput_sd,sd,all,3,0.0221510175416,,tok/s,derived,
2026-10-03-b65-users-at-depth,ud128-tp4-eager-c4,spec_acceptance,,all,,,,fraction,not_applicable,"eager arm, no speculation"
2026-10-03-b65-users-at-depth,ud128-tp4-eager-c4,target_met,,all,,0,none,bool,derived,in_target over reps: all/none/some reps with p95 TTFT <= 2000 ms and p95 TPOT <= 100 ms
2026-10-03-b65-users-at-depth,ud128-tp4-eager-c4,target_met,,1,,0,,bool,derived,rep p95 TTFT <= 2000 ms and p95 TPOT <= 100 ms
2026-10-03-b65-users-at-depth,ud128-tp4-eager-c4,target_met,,2,,0,,bool,derived,rep p95 TTFT <= 2000 ms and p95 TPOT <= 100 ms
2026-10-03-b65-users-at-depth,ud128-tp4-eager-c4,target_met,,3,,0,,bool,derived,rep p95 TTFT <= 2000 ms and p95 TPOT <= 100 ms
2026-10-03-b65-users-at-depth,ud128-tp4-eager-c4,tpot_mean_ms,,1,,261.609307149,,ms,measured,
2026-10-03-b65-users-at-depth,ud128-tp4-eager-c4,tpot_mean_ms,,2,,262.871319822,,ms,measured,
2026-10-03-b65-users-at-depth,ud128-tp4-eager-c4,tpot_mean_ms,,3,,262.338815653,,ms,measured,
2026-10-03-b65-users-at-depth,ud128-tp4-eager-c4,tpot_mean_ms,mean,all,3,262.273147542,,ms,measured,
2026-10-03-b65-users-at-depth,ud128-tp4-eager-c4,tpot_p95_ms,,1,,370.58595219,,ms,measured,
2026-10-03-b65-users-at-depth,ud128-tp4-eager-c4,tpot_p95_ms,,2,,369.217429122,,ms,measured,
2026-10-03-b65-users-at-depth,ud128-tp4-eager-c4,tpot_p95_ms,,3,,368.831375816,,ms,measured,
2026-10-03-b65-users-at-depth,ud128-tp4-eager-c4,tpot_p95_ms,p95_mean,all,3,369.544919043,,ms,measured,mean over reps of the per-rep p95
2026-10-03-b65-users-at-depth,ud128-tp4-eager-c4,tpot_p95_ms,p95_worst,all,3,370.58595219,,ms,measured,worst per-rep p95
2026-10-03-b65-users-at-depth,ud128-tp4-eager-c4,ttft_max_ms,,1,,217912.284658,,ms,measured,
2026-10-03-b65-users-at-depth,ud128-tp4-eager-c4,ttft_max_ms,,2,,216905.371631,,ms,measured,
2026-10-03-b65-users-at-depth,ud128-tp4-eager-c4,ttft_max_ms,,3,,216879.895474,,ms,measured,
2026-10-03-b65-users-at-depth,ud128-tp4-eager-c4,ttft_max_ms,max,all,3,217912.284658,,ms,measured,
2026-10-03-b65-users-at-depth,ud128-tp4-eager-c4,ttft_mean_ms,,1,,112726.36909,,ms,measured,
2026-10-03-b65-users-at-depth,ud128-tp4-eager-c4,ttft_mean_ms,,2,,111149.857444,,ms,measured,
2026-10-03-b65-users-at-depth,ud128-tp4-eager-c4,ttft_mean_ms,,3,,111114.335877,,ms,measured,
2026-10-03-b65-users-at-depth,ud128-tp4-eager-c4,ttft_mean_ms,mean,all,3,111663.520804,,ms,measured,
2026-10-03-b65-users-at-depth,ud128-tp4-eager-c4,ttft_p95_ms,,1,,198999.631101,,ms,measured,p95 across 8 requests
2026-10-03-b65-users-at-depth,ud128-tp4-eager-c4,ttft_p95_ms,,2,,198063.140793,,ms,measured,p95 across 8 requests
2026-10-03-b65-users-at-depth,ud128-tp4-eager-c4,ttft_p95_ms,,3,,198039.860341,,ms,measured,p95 across 8 requests
2026-10-03-b65-users-at-depth,ud128-tp4-eager-c4,ttft_p95_ms,p95_mean,all,3,198367.544079,,ms,measured,mean over reps of the per-rep p95 across 2-16 requests
2026-10-03-b65-users-at-depth,ud128-tp4-eager-c4,ttft_p95_ms,p95_worst,all,3,198999.631101,,ms,measured,worst per-rep p95
2026-10-03-b65-users-at-depth,ud128-tp4-eager-c4,ttft_p99_ms,,1,,214129.753946,,ms,measured,p99 across 8 requests
2026-10-03-b65-users-at-depth,ud128-tp4-eager-c4,ttft_p99_ms,,2,,213136.925463,,ms,measured,p99 across 8 requests
2026-10-03-b65-users-at-depth,ud128-tp4-eager-c4,ttft_p99_ms,,3,,213111.888448,,ms,measured,p99 across 8 requests
2026-10-03-b65-users-at-depth,ud128-tp4-eager-c8,attempted_requests,sum,all,3,48,,count,derived,requests_per_rep 16 x reps 3
2026-10-03-b65-users-at-depth,ud128-tp4-eager-c8,completed_requests,,1,,16,,count,measured,
2026-10-03-b65-users-at-depth,ud128-tp4-eager-c8,completed_requests,,2,,16,,count,measured,
2026-10-03-b65-users-at-depth,ud128-tp4-eager-c8,completed_requests,,3,,16,,count,measured,
2026-10-03-b65-users-at-depth,ud128-tp4-eager-c8,completed_requests,sum,all,3,48,,count,measured,
2026-10-03-b65-users-at-depth,ud128-tp4-eager-c8,duration_s,,1,,988.918464464,,s,measured,
2026-10-03-b65-users-at-depth,ud128-tp4-eager-c8,duration_s,,2,,987.097997091,,s,measured,
2026-10-03-b65-users-at-depth,ud128-tp4-eager-c8,duration_s,,3,,985.910859886,,s,measured,
2026-10-03-b65-users-at-depth,ud128-tp4-eager-c8,e2el_mean_ms,,1,,492885.259215,,ms,measured,
2026-10-03-b65-users-at-depth,ud128-tp4-eager-c8,e2el_mean_ms,,2,,492003.395668,,ms,measured,
2026-10-03-b65-users-at-depth,ud128-tp4-eager-c8,e2el_mean_ms,,3,,491379.588622,,ms,measured,
2026-10-03-b65-users-at-depth,ud128-tp4-eager-c8,e2el_mean_ms,mean,all,3,492089.414502,,ms,derived,e2el_mean_s x 1000
2026-10-03-b65-users-at-depth,ud128-tp4-eager-c8,energy_j,,1,,837213.373596,,J,measured,served cards over the measured window; 1 warm-up in window
2026-10-03-b65-users-at-depth,ud128-tp4-eager-c8,energy_j,,2,,831008.312927,,J,measured,served cards over the measured window; 1 warm-up in window
2026-10-03-b65-users-at-depth,ud128-tp4-eager-c8,energy_j,,3,,832639.527466,,J,measured,served cards over the measured window; 1 warm-up in window
2026-10-03-b65-users-at-depth,ud128-tp4-eager-c8,engine_prefill_tok_per_s,mean,all,3,2040.39337111,,tok/s,measured,metrics-delta; each delta window also holds that rep's warm-up request
2026-10-03-b65-users-at-depth,ud128-tp4-eager-c8,engine_queue_s,mean,all,3,98.8095936076,,s,measured,per-request engine queue time
2026-10-03-b65-users-at-depth,ud128-tp4-eager-c8,failed_requests,,1,,0,,count,measured,
2026-10-03-b65-users-at-depth,ud128-tp4-eager-c8,failed_requests,,2,,0,,count,measured,
2026-10-03-b65-users-at-depth,ud128-tp4-eager-c8,failed_requests,,3,,0,,count,measured,
2026-10-03-b65-users-at-depth,ud128-tp4-eager-c8,failed_requests,sum,all,3,0,,count,measured,
2026-10-03-b65-users-at-depth,ud128-tp4-eager-c8,joules_per_output_token,,1,,96.1871982532,,J/token,measured,upper bound; warm-up tokens in denominator; corrected 2026-10-06
2026-10-03-b65-users-at-depth,ud128-tp4-eager-c8,joules_per_output_token,,2,,95.474300658,,J/token,measured,upper bound; warm-up tokens in denominator; corrected 2026-10-06
2026-10-03-b65-users-at-depth,ud128-tp4-eager-c8,joules_per_output_token,,3,,95.6617104166,,J/token,measured,upper bound; warm-up tokens in denominator; corrected 2026-10-06
2026-10-03-b65-users-at-depth,ud128-tp4-eager-c8,joules_per_output_token,mean,all,3,95.7744031093,,J/token,measured,upper bound; warm-up tokens in denominator; corrected 2026-10-06
2026-10-03-b65-users-at-depth,ud128-tp4-eager-c8,joules_per_output_token,superseded_mean,all,3,101.760303304,,J/token,derived,superseded 2026-10-06: measured tokens only
2026-10-03-b65-users-at-depth,ud128-tp4-eager-c8,output_throughput,,1,,8.28379719297,,tok/s,measured,
2026-10-03-b65-users-at-depth,ud128-tp4-eager-c8,output_throughput,,2,,8.29907468574,,tok/s,measured,
2026-10-03-b65-users-at-depth,ud128-tp4-eager-c8,output_throughput,,3,,8.30906761788,,tok/s,measured,
2026-10-03-b65-users-at-depth,ud128-tp4-eager-c8,output_throughput,mean,all,3,8.29731316553,,tok/s,measured,
2026-10-03-b65-users-at-depth,ud128-tp4-eager-c8,output_throughput_cv,cv,all,3,0.153386662136,,percent,derived,
2026-10-03-b65-users-at-depth,ud128-tp4-eager-c8,output_throughput_sd,sd,all,3,0.0127269717116,,tok/s,derived,
2026-10-03-b65-users-at-depth,ud128-tp4-eager-c8,spec_acceptance,,all,,,,fraction,not_applicable,"eager arm, no speculation"
2026-10-03-b65-users-at-depth,ud128-tp4-eager-c8,target_met,,all,,0,none,bool,derived,in_target over reps: all/none/some reps with p95 TTFT <= 2000 ms and p95 TPOT <= 100 ms
2026-10-03-b65-users-at-depth,ud128-tp4-eager-c8,target_met,,1,,0,,bool,derived,rep p95 TTFT <= 2000 ms and p95 TPOT <= 100 ms
2026-10-03-b65-users-at-depth,ud128-tp4-eager-c8,target_met,,2,,0,,bool,derived,rep p95 TTFT <= 2000 ms and p95 TPOT <= 100 ms
2026-10-03-b65-users-at-depth,ud128-tp4-eager-c8,target_met,,3,,0,,bool,derived,rep p95 TTFT <= 2000 ms and p95 TPOT <= 100 ms
2026-10-03-b65-users-at-depth,ud128-tp4-eager-c8,tpot_mean_ms,,1,,624.079174907,,ms,measured,
2026-10-03-b65-users-at-depth,ud128-tp4-eager-c8,tpot_mean_ms,,2,,626.27552641,,ms,measured,
2026-10-03-b65-users-at-depth,ud128-tp4-eager-c8,tpot_mean_ms,,3,,622.198903076,,ms,measured,
2026-10-03-b65-users-at-depth,ud128-tp4-eager-c8,tpot_mean_ms,mean,all,3,624.184534798,,ms,measured,
2026-10-03-b65-users-at-depth,ud128-tp4-eager-c8,tpot_p95_ms,,1,,835.222689923,,ms,measured,
2026-10-03-b65-users-at-depth,ud128-tp4-eager-c8,tpot_p95_ms,,2,,833.582101656,,ms,measured,
2026-10-03-b65-users-at-depth,ud128-tp4-eager-c8,tpot_p95_ms,,3,,832.158494567,,ms,measured,
2026-10-03-b65-users-at-depth,ud128-tp4-eager-c8,tpot_p95_ms,p95_mean,all,3,833.654428715,,ms,measured,mean over reps of the per-rep p95
2026-10-03-b65-users-at-depth,ud128-tp4-eager-c8,tpot_p95_ms,p95_worst,all,3,835.222689923,,ms,measured,worst per-rep p95
2026-10-03-b65-users-at-depth,ud128-tp4-eager-c8,ttft_max_ms,,1,,454230.660958,,ms,measured,
2026-10-03-b65-users-at-depth,ud128-tp4-eager-c8,ttft_max_ms,,2,,453150.917021,,ms,measured,
2026-10-03-b65-users-at-depth,ud128-tp4-eager-c8,ttft_max_ms,,3,,452789.281048,,ms,measured,
2026-10-03-b65-users-at-depth,ud128-tp4-eager-c8,ttft_max_ms,max,all,3,454230.660958,,ms,measured,
2026-10-03-b65-users-at-depth,ud128-tp4-eager-c8,ttft_mean_ms,,1,,173980.800838,,ms,measured,
2026-10-03-b65-users-at-depth,ud128-tp4-eager-c8,ttft_mean_ms,,2,,171976.601673,,ms,measured,
2026-10-03-b65-users-at-depth,ud128-tp4-eager-c8,ttft_mean_ms,,3,,173435.94915,,ms,measured,
2026-10-03-b65-users-at-depth,ud128-tp4-eager-c8,ttft_mean_ms,mean,all,3,173131.11722,,ms,measured,
2026-10-03-b65-users-at-depth,ud128-tp4-eager-c8,ttft_p95_ms,,1,,410022.764597,,ms,measured,p95 across 16 requests
2026-10-03-b65-users-at-depth,ud128-tp4-eager-c8,ttft_p95_ms,,2,,408958.985202,,ms,measured,p95 across 16 requests
2026-10-03-b65-users-at-depth,ud128-tp4-eager-c8,ttft_p95_ms,,3,,408623.686803,,ms,measured,p95 across 16 requests
2026-10-03-b65-users-at-depth,ud128-tp4-eager-c8,ttft_p95_ms,p95_mean,all,3,409201.812201,,ms,measured,mean over reps of the per-rep p95 across 2-16 requests
2026-10-03-b65-users-at-depth,ud128-tp4-eager-c8,ttft_p95_ms,p95_worst,all,3,410022.764597,,ms,measured,worst per-rep p95
2026-10-03-b65-users-at-depth,ud128-tp4-eager-c8,ttft_p99_ms,,1,,445389.081686,,ms,measured,p99 across 16 requests
2026-10-03-b65-users-at-depth,ud128-tp4-eager-c8,ttft_p99_ms,,2,,444312.530657,,ms,measured,p99 across 16 requests
2026-10-03-b65-users-at-depth,ud128-tp4-eager-c8,ttft_p99_ms,,3,,443956.162199,,ms,measured,p99 across 16 requests
2026-10-03-b65-users-at-depth,ud32-1card-eager-c1,attempted_requests,sum,all,3,6,,count,derived,requests_per_rep 2 x reps 3
2026-10-03-b65-users-at-depth,ud32-1card-eager-c1,completed_requests,,1,,2,,count,measured,
2026-10-03-b65-users-at-depth,ud32-1card-eager-c1,completed_requests,,2,,2,,count,measured,
2026-10-03-b65-users-at-depth,ud32-1card-eager-c1,completed_requests,,3,,2,,count,measured,
2026-10-03-b65-users-at-depth,ud32-1card-eager-c1,completed_requests,sum,all,3,6,,count,measured,
2026-10-03-b65-users-at-depth,ud32-1card-eager-c1,duration_s,,1,,106.252147771,,s,measured,
2026-10-03-b65-users-at-depth,ud32-1card-eager-c1,duration_s,,2,,106.340551839,,s,measured,
2026-10-03-b65-users-at-depth,ud32-1card-eager-c1,duration_s,,3,,106.169019833,,s,measured,
2026-10-03-b65-users-at-depth,ud32-1card-eager-c1,e2el_mean_ms,,1,,53125.584227,,ms,measured,
2026-10-03-b65-users-at-depth,ud32-1card-eager-c1,e2el_mean_ms,,2,,53169.724852,,ms,measured,
2026-10-03-b65-users-at-depth,ud32-1card-eager-c1,e2el_mean_ms,,3,,53084.127681,,ms,measured,
2026-10-03-b65-users-at-depth,ud32-1card-eager-c1,e2el_mean_ms,mean,all,3,53126.47892,,ms,derived,e2el_mean_s x 1000
2026-10-03-b65-users-at-depth,ud32-1card-eager-c1,energy_j,,1,,29323.615784,,J,measured,served cards over the measured window; 1 warm-up in window
2026-10-03-b65-users-at-depth,ud32-1card-eager-c1,energy_j,,2,,29182.623474,,J,measured,served cards over the measured window; 1 warm-up in window
2026-10-03-b65-users-at-depth,ud32-1card-eager-c1,energy_j,,3,,29199.66986,,J,measured,served cards over the measured window; 1 warm-up in window
2026-10-03-b65-users-at-depth,ud32-1card-eager-c1,engine_prefill_tok_per_s,mean,all,3,1212.0636015,,tok/s,measured,metrics-delta; each delta window also holds that rep's warm-up request
2026-10-03-b65-users-at-depth,ud32-1card-eager-c1,engine_queue_s,mean,all,3,2.4294338396e-05,,s,measured,per-request engine queue time
2026-10-03-b65-users-at-depth,ud32-1card-eager-c1,failed_requests,,1,,0,,count,measured,
2026-10-03-b65-users-at-depth,ud32-1card-eager-c1,failed_requests,,2,,0,,count,measured,
2026-10-03-b65-users-at-depth,ud32-1card-eager-c1,failed_requests,,3,,0,,count,measured,
2026-10-03-b65-users-at-depth,ud32-1card-eager-c1,failed_requests,sum,all,3,0,,count,measured,
2026-10-03-b65-users-at-depth,ud32-1card-eager-c1,joules_per_output_token,,1,,19.0908956927,,J/token,measured,upper bound; warm-up tokens in denominator; corrected 2026-10-06
2026-10-03-b65-users-at-depth,ud32-1card-eager-c1,joules_per_output_token,,2,,18.9991038242,,J/token,measured,upper bound; warm-up tokens in denominator; corrected 2026-10-06
2026-10-03-b65-users-at-depth,ud32-1card-eager-c1,joules_per_output_token,,3,,19.0102017318,,J/token,measured,upper bound; warm-up tokens in denominator; corrected 2026-10-06
2026-10-03-b65-users-at-depth,ud32-1card-eager-c1,joules_per_output_token,mean,all,3,19.0334004162,,J/token,measured,upper bound; warm-up tokens in denominator; corrected 2026-10-06
2026-10-03-b65-users-at-depth,ud32-1card-eager-c1,joules_per_output_token,superseded_mean,all,3,28.5501006243,,J/token,derived,superseded 2026-10-06: measured tokens only
2026-10-03-b65-users-at-depth,ud32-1card-eager-c1,output_throughput,,1,,9.63745224432,,tok/s,measured,
2026-10-03-b65-users-at-depth,ud32-1card-eager-c1,output_throughput,,2,,9.62944034323,,tok/s,measured,
2026-10-03-b65-users-at-depth,ud32-1card-eager-c1,output_throughput,,3,,9.64499815116,,tok/s,measured,
2026-10-03-b65-users-at-depth,ud32-1card-eager-c1,output_throughput,mean,all,3,9.63729691291,,tok/s,measured,
2026-10-03-b65-users-at-depth,ud32-1card-eager-c1,output_throughput_cv,cv,all,3,0.0807287259829,,percent,derived,
2026-10-03-b65-users-at-depth,ud32-1card-eager-c1,output_throughput_sd,sd,all,3,0.00778006701698,,tok/s,derived,
2026-10-03-b65-users-at-depth,ud32-1card-eager-c1,spec_acceptance,,all,,,,fraction,not_applicable,"eager arm, no speculation"
2026-10-03-b65-users-at-depth,ud32-1card-eager-c1,speedup_ratio,,all,,0.998029262903,,ratio,derived,"anchor TTFT ratio: this campaign 27.22 s / long-context phase-2-depth 27.27 s (TP=1, 32,768, max_num_seqs 1); within 5%: True"
2026-10-03-b65-users-at-depth,ud32-1card-eager-c1,speedup_ratio,,all,,0.994409360826,,ratio,derived,anchor TPOT ratio: 50.70 ms / 50.99 ms long-context phase-2-depth
2026-10-03-b65-users-at-depth,ud32-1card-eager-c1,speedup_ratio,,all,,2.25247342204,,ratio,derived,energy ratio to 1K: 19.03 J/token at one 32K user / 8.45 J/token at 1K eager c1 (m3-headline-energy.md); both windows hold a warm-up
2026-10-03-b65-users-at-depth,ud32-1card-eager-c1,target_met,,all,,0,none,bool,derived,in_target over reps: all/none/some reps with p95 TTFT <= 2000 ms and p95 TPOT <= 100 ms
2026-10-03-b65-users-at-depth,ud32-1card-eager-c1,target_met,,1,,0,,bool,derived,rep p95 TTFT <= 2000 ms and p95 TPOT <= 100 ms
2026-10-03-b65-users-at-depth,ud32-1card-eager-c1,target_met,,2,,0,,bool,derived,rep p95 TTFT <= 2000 ms and p95 TPOT <= 100 ms
2026-10-03-b65-users-at-depth,ud32-1card-eager-c1,target_met,,3,,0,,bool,derived,rep p95 TTFT <= 2000 ms and p95 TPOT <= 100 ms
2026-10-03-b65-users-at-depth,ud32-1card-eager-c1,tpot_mean_ms,,1,,50.7769441037,,ms,measured,
2026-10-03-b65-users-at-depth,ud32-1card-eager-c1,tpot_mean_ms,,2,,50.7779299579,,ms,measured,
2026-10-03-b65-users-at-depth,ud32-1card-eager-c1,tpot_mean_ms,,3,,50.559925864,,ms,measured,
2026-10-03-b65-users-at-depth,ud32-1card-eager-c1,tpot_mean_ms,mean,all,3,50.7049333085,,ms,measured,
2026-10-03-b65-users-at-depth,ud32-1card-eager-c1,tpot_p95_ms,,1,,51.6691296608,,ms,measured,
2026-10-03-b65-users-at-depth,ud32-1card-eager-c1,tpot_p95_ms,,2,,51.0976605137,,ms,measured,
2026-10-03-b65-users-at-depth,ud32-1card-eager-c1,tpot_p95_ms,,3,,50.9684658273,,ms,measured,
2026-10-03-b65-users-at-depth,ud32-1card-eager-c1,tpot_p95_ms,p95_mean,all,3,51.2450853339,,ms,measured,mean over reps of the per-rep p95
2026-10-03-b65-users-at-depth,ud32-1card-eager-c1,tpot_p95_ms,p95_worst,all,3,51.6691296608,,ms,measured,worst per-rep p95
2026-10-03-b65-users-at-depth,ud32-1card-eager-c1,ttft_max_ms,,1,,27215.332733,,ms,measured,
2026-10-03-b65-users-at-depth,ud32-1card-eager-c1,ttft_max_ms,,2,,27226.086254,,ms,measured,
2026-10-03-b65-users-at-depth,ud32-1card-eager-c1,ttft_max_ms,,3,,27273.279509,,ms,measured,
2026-10-03-b65-users-at-depth,ud32-1card-eager-c1,ttft_max_ms,max,all,3,27273.279509,,ms,measured,
2026-10-03-b65-users-at-depth,ud32-1card-eager-c1,ttft_mean_ms,,1,,27178.56579,,ms,measured,
2026-10-03-b65-users-at-depth,ud32-1card-eager-c1,ttft_mean_ms,,2,,27222.2026435,,ms,measured,
2026-10-03-b65-users-at-depth,ud32-1card-eager-c1,ttft_mean_ms,,3,,27248.0055646,,ms,measured,
2026-10-03-b65-users-at-depth,ud32-1card-eager-c1,ttft_mean_ms,mean,all,3,27216.2579994,,ms,measured,
2026-10-03-b65-users-at-depth,ud32-1card-eager-c1,ttft_p95_ms,,1,,27211.6560387,,ms,measured,p95 across 2 requests
2026-10-03-b65-users-at-depth,ud32-1card-eager-c1,ttft_p95_ms,,2,,27225.697893,,ms,measured,p95 across 2 requests
2026-10-03-b65-users-at-depth,ud32-1card-eager-c1,ttft_p95_ms,,3,,27270.7521146,,ms,measured,p95 across 2 requests
2026-10-03-b65-users-at-depth,ud32-1card-eager-c1,ttft_p95_ms,p95_mean,all,3,27236.0353487,,ms,measured,mean over reps of the per-rep p95 across 2-16 requests
2026-10-03-b65-users-at-depth,ud32-1card-eager-c1,ttft_p95_ms,p95_worst,all,3,27270.7521146,,ms,measured,worst per-rep p95
2026-10-03-b65-users-at-depth,ud32-1card-eager-c1,ttft_p99_ms,,1,,27214.5973941,,ms,measured,p99 across 2 requests
2026-10-03-b65-users-at-depth,ud32-1card-eager-c1,ttft_p99_ms,,2,,27226.0085818,,ms,measured,p99 across 2 requests
2026-10-03-b65-users-at-depth,ud32-1card-eager-c1,ttft_p99_ms,,3,,27272.7740302,,ms,measured,p99 across 2 requests
2026-10-03-b65-users-at-depth,ud32-1card-eager-c2,attempted_requests,sum,all,3,12,,count,derived,requests_per_rep 4 x reps 3
2026-10-03-b65-users-at-depth,ud32-1card-eager-c2,completed_requests,,1,,4,,count,measured,
2026-10-03-b65-users-at-depth,ud32-1card-eager-c2,completed_requests,,2,,4,,count,measured,
2026-10-03-b65-users-at-depth,ud32-1card-eager-c2,completed_requests,,3,,4,,count,measured,
2026-10-03-b65-users-at-depth,ud32-1card-eager-c2,completed_requests,sum,all,3,12,,count,measured,
2026-10-03-b65-users-at-depth,ud32-1card-eager-c2,duration_s,,1,,153.541549074,,s,measured,
2026-10-03-b65-users-at-depth,ud32-1card-eager-c2,duration_s,,2,,153.296357885,,s,measured,
2026-10-03-b65-users-at-depth,ud32-1card-eager-c2,duration_s,,3,,153.870259316,,s,measured,
2026-10-03-b65-users-at-depth,ud32-1card-eager-c2,e2el_mean_ms,,1,,76731.8126607,,ms,measured,
2026-10-03-b65-users-at-depth,ud32-1card-eager-c2,e2el_mean_ms,,2,,76606.408899,,ms,measured,
2026-10-03-b65-users-at-depth,ud32-1card-eager-c2,e2el_mean_ms,,3,,76896.4483837,,ms,measured,
2026-10-03-b65-users-at-depth,ud32-1card-eager-c2,e2el_mean_ms,mean,all,3,76744.8899812,,ms,derived,e2el_mean_s x 1000
2026-10-03-b65-users-at-depth,ud32-1card-eager-c2,energy_j,,1,,39985.643311,,J,measured,served cards over the measured window; 1 warm-up in window
2026-10-03-b65-users-at-depth,ud32-1card-eager-c2,energy_j,,2,,40523.961243,,J,measured,served cards over the measured window; 1 warm-up in window
2026-10-03-b65-users-at-depth,ud32-1card-eager-c2,energy_j,,3,,40369.054382,,J,measured,served cards over the measured window; 1 warm-up in window
2026-10-03-b65-users-at-depth,ud32-1card-eager-c2,engine_prefill_tok_per_s,mean,all,3,1003.21184398,,tok/s,measured,metrics-delta; each delta window also holds that rep's warm-up request
2026-10-03-b65-users-at-depth,ud32-1card-eager-c2,engine_queue_s,mean,all,3,5.40402159694,,s,measured,per-request engine queue time
2026-10-03-b65-users-at-depth,ud32-1card-eager-c2,failed_requests,,1,,0,,count,measured,
2026-10-03-b65-users-at-depth,ud32-1card-eager-c2,failed_requests,,2,,0,,count,measured,
2026-10-03-b65-users-at-depth,ud32-1card-eager-c2,failed_requests,,3,,0,,count,measured,
2026-10-03-b65-users-at-depth,ud32-1card-eager-c2,failed_requests,sum,all,3,0,,count,measured,
2026-10-03-b65-users-at-depth,ud32-1card-eager-c2,joules_per_output_token,,1,,15.6193919184,,J/token,measured,upper bound; warm-up tokens in denominator; corrected 2026-10-06
2026-10-03-b65-users-at-depth,ud32-1card-eager-c2,joules_per_output_token,,2,,15.8296723605,,J/token,measured,upper bound; warm-up tokens in denominator; corrected 2026-10-06
2026-10-03-b65-users-at-depth,ud32-1card-eager-c2,joules_per_output_token,,3,,15.769161868,,J/token,measured,upper bound; warm-up tokens in denominator; corrected 2026-10-06
2026-10-03-b65-users-at-depth,ud32-1card-eager-c2,joules_per_output_token,mean,all,3,15.7394087156,,J/token,measured,upper bound; warm-up tokens in denominator; corrected 2026-10-06
2026-10-03-b65-users-at-depth,ud32-1card-eager-c2,joules_per_output_token,superseded_mean,all,3,19.6742608945,,J/token,derived,superseded 2026-10-06: measured tokens only
2026-10-03-b65-users-at-depth,ud32-1card-eager-c2,output_throughput,,1,,13.33840913,,tok/s,measured,
2026-10-03-b65-users-at-depth,ud32-1card-eager-c2,output_throughput,,2,,13.3597433641,,tok/s,measured,
2026-10-03-b65-users-at-depth,ud32-1card-eager-c2,output_throughput,,3,,13.3099145287,,tok/s,measured,
2026-10-03-b65-users-at-depth,ud32-1card-eager-c2,output_throughput,mean,all,3,13.3360223409,,tok/s,measured,
2026-10-03-b65-users-at-depth,ud32-1card-eager-c2,output_throughput_cv,cv,all,3,0.187462310817,,percent,derived,
2026-10-03-b65-users-at-depth,ud32-1card-eager-c2,output_throughput_sd,sd,all,3,0.0250000156513,,tok/s,derived,
2026-10-03-b65-users-at-depth,ud32-1card-eager-c2,spec_acceptance,,all,,,,fraction,not_applicable,"eager arm, no speculation"
2026-10-03-b65-users-at-depth,ud32-1card-eager-c2,target_met,,all,,0,none,bool,derived,in_target over reps: all/none/some reps with p95 TTFT <= 2000 ms and p95 TPOT <= 100 ms
2026-10-03-b65-users-at-depth,ud32-1card-eager-c2,target_met,,1,,0,,bool,derived,rep p95 TTFT <= 2000 ms and p95 TPOT <= 100 ms
2026-10-03-b65-users-at-depth,ud32-1card-eager-c2,target_met,,2,,0,,bool,derived,rep p95 TTFT <= 2000 ms and p95 TPOT <= 100 ms
2026-10-03-b65-users-at-depth,ud32-1card-eager-c2,target_met,,3,,0,,bool,derived,rep p95 TTFT <= 2000 ms and p95 TPOT <= 100 ms
2026-10-03-b65-users-at-depth,ud32-1card-eager-c2,tpot_mean_ms,,1,,64.3338485753,,ms,measured,
2026-10-03-b65-users-at-depth,ud32-1card-eager-c2,tpot_mean_ms,,2,,64.0260182183,,ms,measured,
2026-10-03-b65-users-at-depth,ud32-1card-eager-c2,tpot_mean_ms,,3,,64.5284696541,,ms,measured,
2026-10-03-b65-users-at-depth,ud32-1card-eager-c2,tpot_mean_ms,mean,all,3,64.2961121492,,ms,measured,
2026-10-03-b65-users-at-depth,ud32-1card-eager-c2,tpot_p95_ms,,1,,85.7794877797,,ms,measured,
2026-10-03-b65-users-at-depth,ud32-1card-eager-c2,tpot_p95_ms,,2,,85.3403143599,,ms,measured,
2026-10-03-b65-users-at-depth,ud32-1card-eager-c2,tpot_p95_ms,,3,,85.7019019821,,ms,measured,
2026-10-03-b65-users-at-depth,ud32-1card-eager-c2,tpot_p95_ms,p95_mean,all,3,85.6072347072,,ms,measured,mean over reps of the per-rep p95
2026-10-03-b65-users-at-depth,ud32-1card-eager-c2,tpot_p95_ms,p95_worst,all,3,85.7794877797,,ms,measured,worst per-rep p95
2026-10-03-b65-users-at-depth,ud32-1card-eager-c2,ttft_max_ms,,1,,54689.7789061,,ms,measured,
2026-10-03-b65-users-at-depth,ud32-1card-eager-c2,ttft_max_ms,,2,,54738.082631,,ms,measured,
2026-10-03-b65-users-at-depth,ud32-1card-eager-c2,ttft_max_ms,,3,,54785.681524,,ms,measured,
2026-10-03-b65-users-at-depth,ud32-1card-eager-c2,ttft_max_ms,max,all,3,54785.681524,,ms,measured,
2026-10-03-b65-users-at-depth,ud32-1card-eager-c2,ttft_mean_ms,,1,,43857.2160388,,ms,measured,
2026-10-03-b65-users-at-depth,ud32-1card-eager-c2,ttft_mean_ms,,2,,43889.1135895,,ms,measured,
2026-10-03-b65-users-at-depth,ud32-1card-eager-c2,ttft_mean_ms,,3,,43922.4003905,,ms,measured,
2026-10-03-b65-users-at-depth,ud32-1card-eager-c2,ttft_mean_ms,mean,all,3,43889.5766729,,ms,measured,
2026-10-03-b65-users-at-depth,ud32-1card-eager-c2,ttft_p95_ms,,1,,54666.7239911,,ms,measured,p95 across 4 requests
2026-10-03-b65-users-at-depth,ud32-1card-eager-c2,ttft_p95_ms,,2,,54712.8302548,,ms,measured,p95 across 4 requests
2026-10-03-b65-users-at-depth,ud32-1card-eager-c2,ttft_p95_ms,,3,,54755.7198995,,ms,measured,p95 across 4 requests
2026-10-03-b65-users-at-depth,ud32-1card-eager-c2,ttft_p95_ms,p95_mean,all,3,54711.7580485,,ms,measured,mean over reps of the per-rep p95 across 2-16 requests
2026-10-03-b65-users-at-depth,ud32-1card-eager-c2,ttft_p95_ms,p95_worst,all,3,54755.7198995,,ms,measured,worst per-rep p95
2026-10-03-b65-users-at-depth,ud32-1card-eager-c2,ttft_p99_ms,,1,,54685.1679231,,ms,measured,p99 across 4 requests
2026-10-03-b65-users-at-depth,ud32-1card-eager-c2,ttft_p99_ms,,2,,54733.0321558,,ms,measured,p99 across 4 requests
2026-10-03-b65-users-at-depth,ud32-1card-eager-c2,ttft_p99_ms,,3,,54779.6891991,,ms,measured,p99 across 4 requests
2026-10-03-b65-users-at-depth,ud32-1card-eager-c4,attempted_requests,sum,all,3,24,,count,derived,requests_per_rep 8 x reps 3
2026-10-03-b65-users-at-depth,ud32-1card-eager-c4,completed_requests,,1,,8,,count,measured,
2026-10-03-b65-users-at-depth,ud32-1card-eager-c4,completed_requests,,2,,8,,count,measured,
2026-10-03-b65-users-at-depth,ud32-1card-eager-c4,completed_requests,,3,,8,,count,measured,
2026-10-03-b65-users-at-depth,ud32-1card-eager-c4,completed_requests,sum,all,3,24,,count,measured,
2026-10-03-b65-users-at-depth,ud32-1card-eager-c4,duration_s,,1,,272.154340825,,s,measured,
2026-10-03-b65-users-at-depth,ud32-1card-eager-c4,duration_s,,2,,272.277181081,,s,measured,
2026-10-03-b65-users-at-depth,ud32-1card-eager-c4,duration_s,,3,,272.271949272,,s,measured,
2026-10-03-b65-users-at-depth,ud32-1card-eager-c4,e2el_mean_ms,,1,,135951.207884,,ms,measured,
2026-10-03-b65-users-at-depth,ud32-1card-eager-c4,e2el_mean_ms,,2,,136012.039957,,ms,measured,
2026-10-03-b65-users-at-depth,ud32-1card-eager-c4,e2el_mean_ms,,3,,136009.333454,,ms,measured,
2026-10-03-b65-users-at-depth,ud32-1card-eager-c4,e2el_mean_ms,mean,all,3,135990.860432,,ms,derived,e2el_mean_s x 1000
2026-10-03-b65-users-at-depth,ud32-1card-eager-c4,energy_j,,1,,64693.250488,,J,measured,served cards over the measured window; 1 warm-up in window
2026-10-03-b65-users-at-depth,ud32-1card-eager-c4,energy_j,,2,,64447.489136,,J,measured,served cards over the measured window; 1 warm-up in window
2026-10-03-b65-users-at-depth,ud32-1card-eager-c4,energy_j,,3,,64269.005249,,J,measured,served cards over the measured window; 1 warm-up in window
2026-10-03-b65-users-at-depth,ud32-1card-eager-c4,engine_prefill_tok_per_s,mean,all,3,889.869536043,,tok/s,measured,metrics-delta; each delta window also holds that rep's warm-up request
2026-10-03-b65-users-at-depth,ud32-1card-eager-c4,engine_queue_s,mean,all,3,18.2273991919,,s,measured,per-request engine queue time
2026-10-03-b65-users-at-depth,ud32-1card-eager-c4,failed_requests,,1,,0,,count,measured,
2026-10-03-b65-users-at-depth,ud32-1card-eager-c4,failed_requests,,2,,0,,count,measured,
2026-10-03-b65-users-at-depth,ud32-1card-eager-c4,failed_requests,,3,,0,,count,measured,
2026-10-03-b65-users-at-depth,ud32-1card-eager-c4,failed_requests,sum,all,3,0,,count,measured,
2026-10-03-b65-users-at-depth,ud32-1card-eager-c4,joules_per_output_token,,1,,14.0393338733,,J/token,measured,upper bound; warm-up tokens in denominator; corrected 2026-10-06
2026-10-03-b65-users-at-depth,ud32-1card-eager-c4,joules_per_output_token,,2,,13.9860002465,,J/token,measured,upper bound; warm-up tokens in denominator; corrected 2026-10-06
2026-10-03-b65-users-at-depth,ud32-1card-eager-c4,joules_per_output_token,,3,,13.9472667641,,J/token,measured,upper bound; warm-up tokens in denominator; corrected 2026-10-06
2026-10-03-b65-users-at-depth,ud32-1card-eager-c4,joules_per_output_token,mean,all,3,13.9908669613,,J/token,measured,upper bound; warm-up tokens in denominator; corrected 2026-10-06
2026-10-03-b65-users-at-depth,ud32-1card-eager-c4,joules_per_output_token,superseded_mean,all,3,15.7397253315,,J/token,derived,superseded 2026-10-06: measured tokens only
2026-10-03-b65-users-at-depth,ud32-1card-eager-c4,output_throughput,,1,,15.0502835545,,tok/s,measured,
2026-10-03-b65-users-at-depth,ud32-1card-eager-c4,output_throughput,,2,,15.0434934861,,tok/s,measured,
2026-10-03-b65-users-at-depth,ud32-1card-eager-c4,output_throughput,,3,,15.0437825525,,tok/s,measured,
2026-10-03-b65-users-at-depth,ud32-1card-eager-c4,output_throughput,mean,all,3,15.0458531977,,tok/s,measured,
2026-10-03-b65-users-at-depth,ud32-1card-eager-c4,output_throughput_cv,cv,all,3,0.0255188111572,,percent,derived,
2026-10-03-b65-users-at-depth,ud32-1card-eager-c4,output_throughput_sd,sd,all,3,0.00383952286451,,tok/s,derived,
2026-10-03-b65-users-at-depth,ud32-1card-eager-c4,spec_acceptance,,all,,,,fraction,not_applicable,"eager arm, no speculation"
2026-10-03-b65-users-at-depth,ud32-1card-eager-c4,target_met,,all,,0,none,bool,derived,in_target over reps: all/none/some reps with p95 TTFT <= 2000 ms and p95 TPOT <= 100 ms
2026-10-03-b65-users-at-depth,ud32-1card-eager-c4,target_met,,1,,0,,bool,derived,rep p95 TTFT <= 2000 ms and p95 TPOT <= 100 ms
2026-10-03-b65-users-at-depth,ud32-1card-eager-c4,target_met,,2,,0,,bool,derived,rep p95 TTFT <= 2000 ms and p95 TPOT <= 100 ms
2026-10-03-b65-users-at-depth,ud32-1card-eager-c4,target_met,,3,,0,,bool,derived,rep p95 TTFT <= 2000 ms and p95 TPOT <= 100 ms
2026-10-03-b65-users-at-depth,ud32-1card-eager-c4,tpot_mean_ms,,1,,142.511376366,,ms,measured,
2026-10-03-b65-users-at-depth,ud32-1card-eager-c4,tpot_mean_ms,,2,,142.582324047,,ms,measured,
2026-10-03-b65-users-at-depth,ud32-1card-eager-c4,tpot_mean_ms,,3,,142.535463742,,ms,measured,
2026-10-03-b65-users-at-depth,ud32-1card-eager-c4,tpot_mean_ms,mean,all,3,142.543054718,,ms,measured,
2026-10-03-b65-users-at-depth,ud32-1card-eager-c4,tpot_p95_ms,,1,,200.261959256,,ms,measured,
2026-10-03-b65-users-at-depth,ud32-1card-eager-c4,tpot_p95_ms,,2,,200.384424207,,ms,measured,
2026-10-03-b65-users-at-depth,ud32-1card-eager-c4,tpot_p95_ms,,3,,200.320503684,,ms,measured,
2026-10-03-b65-users-at-depth,ud32-1card-eager-c4,tpot_p95_ms,p95_mean,all,3,200.322295716,,ms,measured,mean over reps of the per-rep p95
2026-10-03-b65-users-at-depth,ud32-1card-eager-c4,tpot_p95_ms,p95_worst,all,3,200.384424207,,ms,measured,worst per-rep p95
2026-10-03-b65-users-at-depth,ud32-1card-eager-c4,ttft_max_ms,,1,,110485.945897,,ms,measured,
2026-10-03-b65-users-at-depth,ud32-1card-eager-c4,ttft_max_ms,,2,,110510.945901,,ms,measured,
2026-10-03-b65-users-at-depth,ud32-1card-eager-c4,ttft_max_ms,,3,,110554.110163,,ms,measured,
2026-10-03-b65-users-at-depth,ud32-1card-eager-c4,ttft_max_ms,max,all,3,110554.110163,,ms,measured,
2026-10-03-b65-users-at-depth,ud32-1card-eager-c4,ttft_mean_ms,,1,,63127.8945611,,ms,measured,
2026-10-03-b65-users-at-depth,ud32-1card-eager-c4,ttft_mean_ms,,2,,63152.4723696,,ms,measured,
2026-10-03-b65-users-at-depth,ud32-1card-eager-c4,ttft_mean_ms,,3,,63173.7114819,,ms,measured,
2026-10-03-b65-users-at-depth,ud32-1card-eager-c4,ttft_mean_ms,mean,all,3,63151.3594709,,ms,measured,
2026-10-03-b65-users-at-depth,ud32-1card-eager-c4,ttft_p95_ms,,1,,102685.350985,,ms,measured,p95 across 8 requests
2026-10-03-b65-users-at-depth,ud32-1card-eager-c4,ttft_p95_ms,,2,,102720.88258,,ms,measured,p95 across 8 requests
2026-10-03-b65-users-at-depth,ud32-1card-eager-c4,ttft_p95_ms,,3,,102759.637674,,ms,measured,p95 across 8 requests
2026-10-03-b65-users-at-depth,ud32-1card-eager-c4,ttft_p95_ms,p95_mean,all,3,102721.95708,,ms,measured,mean over reps of the per-rep p95 across 2-16 requests
2026-10-03-b65-users-at-depth,ud32-1card-eager-c4,ttft_p95_ms,p95_worst,all,3,102759.637674,,ms,measured,worst per-rep p95
2026-10-03-b65-users-at-depth,ud32-1card-eager-c4,ttft_p99_ms,,1,,108925.826915,,ms,measured,p99 across 8 requests
2026-10-03-b65-users-at-depth,ud32-1card-eager-c4,ttft_p99_ms,,2,,108952.933237,,ms,measured,p99 across 8 requests
2026-10-03-b65-users-at-depth,ud32-1card-eager-c4,ttft_p99_ms,,3,,108995.215665,,ms,measured,p99 across 8 requests
2026-10-03-b65-users-at-depth,ud32-1card-eager-c8,attempted_requests,sum,all,3,48,,count,derived,requests_per_rep 16 x reps 3
2026-10-03-b65-users-at-depth,ud32-1card-eager-c8,completed_requests,,1,,16,,count,measured,
2026-10-03-b65-users-at-depth,ud32-1card-eager-c8,completed_requests,,2,,16,,count,measured,
2026-10-03-b65-users-at-depth,ud32-1card-eager-c8,completed_requests,,3,,16,,count,measured,
2026-10-03-b65-users-at-depth,ud32-1card-eager-c8,completed_requests,sum,all,3,48,,count,measured,
2026-10-03-b65-users-at-depth,ud32-1card-eager-c8,duration_s,,1,,546.536551268,,s,measured,
2026-10-03-b65-users-at-depth,ud32-1card-eager-c8,duration_s,,2,,546.68708869,,s,measured,
2026-10-03-b65-users-at-depth,ud32-1card-eager-c8,duration_s,,3,,546.780158195,,s,measured,
2026-10-03-b65-users-at-depth,ud32-1card-eager-c8,e2el_mean_ms,,1,,247852.486249,,ms,measured,
2026-10-03-b65-users-at-depth,ud32-1card-eager-c8,e2el_mean_ms,,2,,247919.973552,,ms,measured,
2026-10-03-b65-users-at-depth,ud32-1card-eager-c8,e2el_mean_ms,,3,,247967.831615,,ms,measured,
2026-10-03-b65-users-at-depth,ud32-1card-eager-c8,e2el_mean_ms,mean,all,3,247913.430472,,ms,derived,e2el_mean_s x 1000
2026-10-03-b65-users-at-depth,ud32-1card-eager-c8,energy_j,,1,,118920.550293,,J,measured,served cards over the measured window; 1 warm-up in window
2026-10-03-b65-users-at-depth,ud32-1card-eager-c8,energy_j,,2,,118439.580933,,J,measured,served cards over the measured window; 1 warm-up in window
2026-10-03-b65-users-at-depth,ud32-1card-eager-c8,energy_j,,3,,118321.962829,,J,measured,served cards over the measured window; 1 warm-up in window
2026-10-03-b65-users-at-depth,ud32-1card-eager-c8,engine_prefill_tok_per_s,mean,all,3,870.714904483,,tok/s,measured,metrics-delta; each delta window also holds that rep's warm-up request
2026-10-03-b65-users-at-depth,ud32-1card-eager-c8,engine_queue_s,mean,all,3,107.091935516,,s,measured,per-request engine queue time
2026-10-03-b65-users-at-depth,ud32-1card-eager-c8,failed_requests,,1,,0,,count,measured,
2026-10-03-b65-users-at-depth,ud32-1card-eager-c8,failed_requests,,2,,0,,count,measured,
2026-10-03-b65-users-at-depth,ud32-1card-eager-c8,failed_requests,,3,,0,,count,measured,
2026-10-03-b65-users-at-depth,ud32-1card-eager-c8,failed_requests,sum,all,3,0,,count,measured,
2026-10-03-b65-users-at-depth,ud32-1card-eager-c8,joules_per_output_token,,1,,13.6627470465,,J/token,measured,upper bound; warm-up tokens in denominator; corrected 2026-10-06
2026-10-03-b65-users-at-depth,ud32-1card-eager-c8,joules_per_output_token,,2,,13.6074886182,,J/token,measured,upper bound; warm-up tokens in denominator; corrected 2026-10-06
2026-10-03-b65-users-at-depth,ud32-1card-eager-c8,joules_per_output_token,,3,,13.5939755088,,J/token,measured,upper bound; warm-up tokens in denominator; corrected 2026-10-06
2026-10-03-b65-users-at-depth,ud32-1card-eager-c8,joules_per_output_token,mean,all,3,13.6214037245,,J/token,measured,upper bound; warm-up tokens in denominator; corrected 2026-10-06
2026-10-03-b65-users-at-depth,ud32-1card-eager-c8,joules_per_output_token,superseded_mean,all,3,14.4727414573,,J/token,derived,superseded 2026-10-06: measured tokens only
2026-10-03-b65-users-at-depth,ud32-1card-eager-c8,output_throughput,,1,,14.9889334592,,tok/s,measured,
2026-10-03-b65-users-at-depth,ud32-1card-eager-c8,output_throughput,,2,,14.9848060609,,tok/s,measured,
2026-10-03-b65-users-at-depth,ud32-1card-eager-c8,output_throughput,,3,,14.9822554407,,tok/s,measured,
2026-10-03-b65-users-at-depth,ud32-1card-eager-c8,output_throughput,mean,all,3,14.9853316536,,tok/s,measured,
2026-10-03-b65-users-at-depth,ud32-1card-eager-c8,output_throughput_cv,cv,all,3,0.0224879339585,,percent,derived,
2026-10-03-b65-users-at-depth,ud32-1card-eager-c8,output_throughput_sd,sd,all,3,0.00336989148572,,tok/s,derived,
2026-10-03-b65-users-at-depth,ud32-1card-eager-c8,spec_acceptance,,all,,,,fraction,not_applicable,"eager arm, no speculation"
2026-10-03-b65-users-at-depth,ud32-1card-eager-c8,target_met,,all,,0,none,bool,derived,in_target over reps: all/none/some reps with p95 TTFT <= 2000 ms and p95 TPOT <= 100 ms
2026-10-03-b65-users-at-depth,ud32-1card-eager-c8,target_met,,1,,0,,bool,derived,rep p95 TTFT <= 2000 ms and p95 TPOT <= 100 ms
2026-10-03-b65-users-at-depth,ud32-1card-eager-c8,target_met,,2,,0,,bool,derived,rep p95 TTFT <= 2000 ms and p95 TPOT <= 100 ms
2026-10-03-b65-users-at-depth,ud32-1card-eager-c8,target_met,,3,,0,,bool,derived,rep p95 TTFT <= 2000 ms and p95 TPOT <= 100 ms
2026-10-03-b65-users-at-depth,ud32-1card-eager-c8,tpot_mean_ms,,1,,175.041035547,,ms,measured,
2026-10-03-b65-users-at-depth,ud32-1card-eager-c8,tpot_mean_ms,,2,,175.076004979,,ms,measured,
2026-10-03-b65-users-at-depth,ud32-1card-eager-c8,tpot_mean_ms,,3,,175.097404629,,ms,measured,
2026-10-03-b65-users-at-depth,ud32-1card-eager-c8,tpot_mean_ms,mean,all,3,175.071481718,,ms,measured,
2026-10-03-b65-users-at-depth,ud32-1card-eager-c8,tpot_p95_ms,,1,,201.194726397,,ms,measured,
2026-10-03-b65-users-at-depth,ud32-1card-eager-c8,tpot_p95_ms,,2,,201.24803443,,ms,measured,
2026-10-03-b65-users-at-depth,ud32-1card-eager-c8,tpot_p95_ms,,3,,201.269140742,,ms,measured,
2026-10-03-b65-users-at-depth,ud32-1card-eager-c8,tpot_p95_ms,p95_mean,all,3,201.237300523,,ms,measured,mean over reps of the per-rep p95
2026-10-03-b65-users-at-depth,ud32-1card-eager-c8,tpot_p95_ms,p95_worst,all,3,201.269140742,,ms,measured,worst per-rep p95
2026-10-03-b65-users-at-depth,ud32-1card-eager-c8,ttft_max_ms,,1,,247382.40309,,ms,measured,
2026-10-03-b65-users-at-depth,ud32-1card-eager-c8,ttft_max_ms,,2,,247467.409773,,ms,measured,
2026-10-03-b65-users-at-depth,ud32-1card-eager-c8,ttft_max_ms,,3,,247532.897072,,ms,measured,
2026-10-03-b65-users-at-depth,ud32-1card-eager-c8,ttft_max_ms,max,all,3,247532.897072,,ms,measured,
2026-10-03-b65-users-at-depth,ud32-1card-eager-c8,ttft_mean_ms,,1,,158406.517085,,ms,measured,
2026-10-03-b65-users-at-depth,ud32-1card-eager-c8,ttft_mean_ms,,2,,158456.135008,,ms,measured,
2026-10-03-b65-users-at-depth,ud32-1card-eager-c8,ttft_mean_ms,,3,,158493.05785,,ms,measured,
2026-10-03-b65-users-at-depth,ud32-1card-eager-c8,ttft_mean_ms,mean,all,3,158451.903314,,ms,measured,
2026-10-03-b65-users-at-depth,ud32-1card-eager-c8,ttft_p95_ms,,1,,230680.393067,,ms,measured,p95 across 16 requests
2026-10-03-b65-users-at-depth,ud32-1card-eager-c8,ttft_p95_ms,,2,,230757.668212,,ms,measured,p95 across 16 requests
2026-10-03-b65-users-at-depth,ud32-1card-eager-c8,ttft_p95_ms,,3,,230825.586562,,ms,measured,p95 across 16 requests
2026-10-03-b65-users-at-depth,ud32-1card-eager-c8,ttft_p95_ms,p95_mean,all,3,230754.54928,,ms,measured,mean over reps of the per-rep p95 across 2-16 requests
2026-10-03-b65-users-at-depth,ud32-1card-eager-c8,ttft_p95_ms,p95_worst,all,3,230825.586562,,ms,measured,worst per-rep p95
2026-10-03-b65-users-at-depth,ud32-1card-eager-c8,ttft_p99_ms,,1,,244042.001085,,ms,measured,p99 across 16 requests
2026-10-03-b65-users-at-depth,ud32-1card-eager-c8,ttft_p99_ms,,2,,244125.461461,,ms,measured,p99 across 16 requests
2026-10-03-b65-users-at-depth,ud32-1card-eager-c8,ttft_p99_ms,,3,,244191.43497,,ms,measured,p99 across 16 requests
2026-10-03-b65-users-at-depth,ud32-1card-mtp-c1,attempted_requests,sum,all,3,6,,count,derived,requests_per_rep 2 x reps 3
2026-10-03-b65-users-at-depth,ud32-1card-mtp-c1,completed_requests,,1,,2,,count,measured,
2026-10-03-b65-users-at-depth,ud32-1card-mtp-c1,completed_requests,,2,,2,,count,measured,
2026-10-03-b65-users-at-depth,ud32-1card-mtp-c1,completed_requests,,3,,2,,count,measured,
2026-10-03-b65-users-at-depth,ud32-1card-mtp-c1,completed_requests,sum,all,3,6,,count,measured,
2026-10-03-b65-users-at-depth,ud32-1card-mtp-c1,duration_s,,1,,77.1273023071,,s,measured,
2026-10-03-b65-users-at-depth,ud32-1card-mtp-c1,duration_s,,2,,77.3473952321,,s,measured,
2026-10-03-b65-users-at-depth,ud32-1card-mtp-c1,duration_s,,3,,77.3294289149,,s,measured,
2026-10-03-b65-users-at-depth,ud32-1card-mtp-c1,e2el_mean_ms,,1,,38563.0427194,,ms,measured,
2026-10-03-b65-users-at-depth,ud32-1card-mtp-c1,e2el_mean_ms,,2,,38673.179305,,ms,measured,
2026-10-03-b65-users-at-depth,ud32-1card-mtp-c1,e2el_mean_ms,,3,,38664.1798115,,ms,measured,
2026-10-03-b65-users-at-depth,ud32-1card-mtp-c1,e2el_mean_ms,mean,all,3,38633.4672787,,ms,derived,e2el_mean_s x 1000
2026-10-03-b65-users-at-depth,ud32-1card-mtp-c1,energy_j,,1,,23395.800781,,J,measured,served cards over the measured window; 1 warm-up in window
2026-10-03-b65-users-at-depth,ud32-1card-mtp-c1,energy_j,,2,,23218.469055,,J,measured,served cards over the measured window; 1 warm-up in window
2026-10-03-b65-users-at-depth,ud32-1card-mtp-c1,energy_j,,3,,23332.008118,,J,measured,served cards over the measured window; 1 warm-up in window
2026-10-03-b65-users-at-depth,ud32-1card-mtp-c1,engine_prefill_tok_per_s,mean,all,3,1179.35766599,,tok/s,measured,metrics-delta; each delta window also holds that rep's warm-up request
2026-10-03-b65-users-at-depth,ud32-1card-mtp-c1,engine_queue_s,mean,all,3,1.8398458552e-05,,s,measured,per-request engine queue time
2026-10-03-b65-users-at-depth,ud32-1card-mtp-c1,failed_requests,,1,,0,,count,measured,
2026-10-03-b65-users-at-depth,ud32-1card-mtp-c1,failed_requests,,2,,0,,count,measured,
2026-10-03-b65-users-at-depth,ud32-1card-mtp-c1,failed_requests,,3,,0,,count,measured,
2026-10-03-b65-users-at-depth,ud32-1card-mtp-c1,failed_requests,sum,all,3,0,,count,measured,
2026-10-03-b65-users-at-depth,ud32-1card-mtp-c1,joules_per_output_token,,1,,15.2316411335,,J/token,measured,upper bound; warm-up tokens in denominator; corrected 2026-10-06
2026-10-03-b65-users-at-depth,ud32-1card-mtp-c1,joules_per_output_token,,2,,15.116190791,,J/token,measured,upper bound; warm-up tokens in denominator; corrected 2026-10-06
2026-10-03-b65-users-at-depth,ud32-1card-mtp-c1,joules_per_output_token,,3,,15.1901094518,,J/token,measured,upper bound; warm-up tokens in denominator; corrected 2026-10-06
2026-10-03-b65-users-at-depth,ud32-1card-mtp-c1,joules_per_output_token,mean,all,3,15.1793137921,,J/token,measured,upper bound; warm-up tokens in denominator; corrected 2026-10-06
2026-10-03-b65-users-at-depth,ud32-1card-mtp-c1,joules_per_output_token,superseded_mean,all,3,22.7689706882,,J/token,derived,superseded 2026-10-06: measured tokens only
2026-10-03-b65-users-at-depth,ud32-1card-mtp-c1,output_throughput,,1,,13.2767511552,,tok/s,measured,
2026-10-03-b65-users-at-depth,ud32-1card-mtp-c1,output_throughput,,2,,13.2389720032,,tok/s,measured,
2026-10-03-b65-users-at-depth,ud32-1card-mtp-c1,output_throughput,,3,,13.2420478771,,tok/s,measured,
2026-10-03-b65-users-at-depth,ud32-1card-mtp-c1,output_throughput,mean,all,3,13.2525903452,,tok/s,measured,
2026-10-03-b65-users-at-depth,ud32-1card-mtp-c1,output_throughput_cv,cv,all,3,0.158311084262,,percent,derived,
2026-10-03-b65-users-at-depth,ud32-1card-mtp-c1,output_throughput_sd,sd,all,3,0.0209803194682,,tok/s,derived,
2026-10-03-b65-users-at-depth,ud32-1card-mtp-c1,spec_acceptance,mean,all,3,0.813675213675,,fraction,measured,MTP-2 draft acceptance from the engine counters
2026-10-03-b65-users-at-depth,ud32-1card-mtp-c1,speedup_ratio,,all,,1.37513562827,,ratio,derived,MTP over eager at one 32K user; output tok/s ud32-1card-mtp-c1 / ud32-1card-eager-c1
2026-10-03-b65-users-at-depth,ud32-1card-mtp-c1,target_met,,all,,0,none,bool,derived,in_target over reps: all/none/some reps with p95 TTFT <= 2000 ms and p95 TPOT <= 100 ms
2026-10-03-b65-users-at-depth,ud32-1card-mtp-c1,target_met,,1,,0,,bool,derived,rep p95 TTFT <= 2000 ms and p95 TPOT <= 100 ms
2026-10-03-b65-users-at-depth,ud32-1card-mtp-c1,target_met,,2,,0,,bool,derived,rep p95 TTFT <= 2000 ms and p95 TPOT <= 100 ms
2026-10-03-b65-users-at-depth,ud32-1card-mtp-c1,target_met,,3,,0,,bool,derived,rep p95 TTFT <= 2000 ms and p95 TPOT <= 100 ms
2026-10-03-b65-users-at-depth,ud32-1card-mtp-c1,tpot_mean_ms,,1,,20.7351604354,,ms,measured,
2026-10-03-b65-users-at-depth,ud32-1card-mtp-c1,tpot_mean_ms,,2,,20.8874826674,,ms,measured,
2026-10-03-b65-users-at-depth,ud32-1card-mtp-c1,tpot_mean_ms,,3,,20.923743135,,ms,measured,
2026-10-03-b65-users-at-depth,ud32-1card-mtp-c1,tpot_mean_ms,mean,all,3,20.8487954126,,ms,measured,
2026-10-03-b65-users-at-depth,ud32-1card-mtp-c1,tpot_p95_ms,,1,,22.6815319133,,ms,measured,
2026-10-03-b65-users-at-depth,ud32-1card-mtp-c1,tpot_p95_ms,,2,,22.7121407599,,ms,measured,
2026-10-03-b65-users-at-depth,ud32-1card-mtp-c1,tpot_p95_ms,,3,,22.7344734333,,ms,measured,
2026-10-03-b65-users-at-depth,ud32-1card-mtp-c1,tpot_p95_ms,p95_mean,all,3,22.7093820355,,ms,measured,mean over reps of the per-rep p95
2026-10-03-b65-users-at-depth,ud32-1card-mtp-c1,tpot_p95_ms,p95_worst,all,3,22.7344734333,,ms,measured,worst per-rep p95
2026-10-03-b65-users-at-depth,ud32-1card-mtp-c1,ttft_max_ms,,1,,27992.154588,,ms,measured,
2026-10-03-b65-users-at-depth,ud32-1card-mtp-c1,ttft_max_ms,,2,,28021.35682,,ms,measured,
2026-10-03-b65-users-at-depth,ud32-1card-mtp-c1,ttft_max_ms,,3,,27981.4395041,,ms,measured,
2026-10-03-b65-users-at-depth,ud32-1card-mtp-c1,ttft_max_ms,max,all,3,28021.35682,,ms,measured,
2026-10-03-b65-users-at-depth,ud32-1card-mtp-c1,ttft_mean_ms,,1,,27967.375737,,ms,measured,
2026-10-03-b65-users-at-depth,ud32-1card-mtp-c1,ttft_mean_ms,,2,,27999.675662,,ms,measured,
2026-10-03-b65-users-at-depth,ud32-1card-mtp-c1,ttft_mean_ms,,3,,27972.1470695,,ms,measured,
2026-10-03-b65-users-at-depth,ud32-1card-mtp-c1,ttft_mean_ms,mean,all,3,27979.7328228,,ms,measured,
2026-10-03-b65-users-at-depth,ud32-1card-mtp-c1,ttft_p95_ms,,1,,27989.6767029,,ms,measured,p95 across 2 requests
2026-10-03-b65-users-at-depth,ud32-1card-mtp-c1,ttft_p95_ms,,2,,28019.1887042,,ms,measured,p95 across 2 requests
2026-10-03-b65-users-at-depth,ud32-1card-mtp-c1,ttft_p95_ms,,3,,27980.5102606,,ms,measured,p95 across 2 requests
2026-10-03-b65-users-at-depth,ud32-1card-mtp-c1,ttft_p95_ms,p95_mean,all,3,27996.4585559,,ms,measured,mean over reps of the per-rep p95 across 2-16 requests
2026-10-03-b65-users-at-depth,ud32-1card-mtp-c1,ttft_p95_ms,p95_worst,all,3,28019.1887042,,ms,measured,worst per-rep p95
2026-10-03-b65-users-at-depth,ud32-1card-mtp-c1,ttft_p99_ms,,1,,27991.659011,,ms,measured,p99 across 2 requests
2026-10-03-b65-users-at-depth,ud32-1card-mtp-c1,ttft_p99_ms,,2,,28020.9231969,,ms,measured,p99 across 2 requests
2026-10-03-b65-users-at-depth,ud32-1card-mtp-c1,ttft_p99_ms,,3,,27981.2536554,,ms,measured,p99 across 2 requests
2026-10-03-b65-users-at-depth,ud32-1card-mtp-c2,attempted_requests,sum,all,3,12,,count,derived,requests_per_rep 4 x reps 3
2026-10-03-b65-users-at-depth,ud32-1card-mtp-c2,completed_requests,,1,,4,,count,measured,
2026-10-03-b65-users-at-depth,ud32-1card-mtp-c2,completed_requests,,2,,4,,count,measured,
2026-10-03-b65-users-at-depth,ud32-1card-mtp-c2,completed_requests,,3,,4,,count,measured,
2026-10-03-b65-users-at-depth,ud32-1card-mtp-c2,completed_requests,sum,all,3,12,,count,measured,
2026-10-03-b65-users-at-depth,ud32-1card-mtp-c2,duration_s,,1,,141.940608253,,s,measured,
2026-10-03-b65-users-at-depth,ud32-1card-mtp-c2,duration_s,,2,,139.083810115,,s,measured,
2026-10-03-b65-users-at-depth,ud32-1card-mtp-c2,duration_s,,3,,140.63358041,,s,measured,
2026-10-03-b65-users-at-depth,ud32-1card-mtp-c2,e2el_mean_ms,,1,,70534.2167795,,ms,measured,
2026-10-03-b65-users-at-depth,ud32-1card-mtp-c2,e2el_mean_ms,,2,,69092.5883772,,ms,measured,
2026-10-03-b65-users-at-depth,ud32-1card-mtp-c2,e2el_mean_ms,,3,,69536.2256238,,ms,measured,
2026-10-03-b65-users-at-depth,ud32-1card-mtp-c2,e2el_mean_ms,mean,all,3,69721.0102602,,ms,derived,e2el_mean_s x 1000
2026-10-03-b65-users-at-depth,ud32-1card-mtp-c2,energy_j,,1,,36178.731629,,J,measured,served cards over the measured window; 1 warm-up in window
2026-10-03-b65-users-at-depth,ud32-1card-mtp-c2,energy_j,,2,,35776.40979,,J,measured,served cards over the measured window; 1 warm-up in window
2026-10-03-b65-users-at-depth,ud32-1card-mtp-c2,energy_j,,3,,36877.143067,,J,measured,served cards over the measured window; 1 warm-up in window
2026-10-03-b65-users-at-depth,ud32-1card-mtp-c2,engine_prefill_tok_per_s,mean,all,3,1047.92295173,,tok/s,measured,metrics-delta; each delta window also holds that rep's warm-up request
2026-10-03-b65-users-at-depth,ud32-1card-mtp-c2,engine_queue_s,mean,all,3,3.16777484414,,s,measured,per-request engine queue time
2026-10-03-b65-users-at-depth,ud32-1card-mtp-c2,failed_requests,,1,,0,,count,measured,
2026-10-03-b65-users-at-depth,ud32-1card-mtp-c2,failed_requests,,2,,0,,count,measured,
2026-10-03-b65-users-at-depth,ud32-1card-mtp-c2,failed_requests,,3,,0,,count,measured,
2026-10-03-b65-users-at-depth,ud32-1card-mtp-c2,failed_requests,sum,all,3,0,,count,measured,
2026-10-03-b65-users-at-depth,ud32-1card-mtp-c2,joules_per_output_token,,1,,14.1323170426,,J/token,measured,upper bound; warm-up tokens in denominator; corrected 2026-10-06
2026-10-03-b65-users-at-depth,ud32-1card-mtp-c2,joules_per_output_token,,2,,13.9751600742,,J/token,measured,upper bound; warm-up tokens in denominator; corrected 2026-10-06
2026-10-03-b65-users-at-depth,ud32-1card-mtp-c2,joules_per_output_token,,3,,14.4051340105,,J/token,measured,upper bound; warm-up tokens in denominator; corrected 2026-10-06
2026-10-03-b65-users-at-depth,ud32-1card-mtp-c2,joules_per_output_token,mean,all,3,14.1708703758,,J/token,measured,upper bound; warm-up tokens in denominator; corrected 2026-10-06
2026-10-03-b65-users-at-depth,ud32-1card-mtp-c2,joules_per_output_token,superseded_mean,all,3,17.7135879697,,J/token,derived,superseded 2026-10-06: measured tokens only
2026-10-03-b65-users-at-depth,ud32-1card-mtp-c2,output_throughput,,1,,14.4285699858,,tok/s,measured,
2026-10-03-b65-users-at-depth,ud32-1card-mtp-c2,output_throughput,,2,,14.7249345435,,tok/s,measured,
2026-10-03-b65-users-at-depth,ud32-1card-mtp-c2,output_throughput,,3,,14.5626669962,,tok/s,measured,
2026-10-03-b65-users-at-depth,ud32-1card-mtp-c2,output_throughput,mean,all,3,14.5720571752,,tok/s,measured,
2026-10-03-b65-users-at-depth,ud32-1card-mtp-c2,output_throughput_cv,cv,all,3,1.01842349393,,percent,derived,
2026-10-03-b65-users-at-depth,ud32-1card-mtp-c2,output_throughput_sd,sd,all,3,0.148405253821,,tok/s,derived,
2026-10-03-b65-users-at-depth,ud32-1card-mtp-c2,spec_acceptance,mean,all,3,0.717839036755,,fraction,measured,MTP-2 draft acceptance from the engine counters
2026-10-03-b65-users-at-depth,ud32-1card-mtp-c2,target_met,,all,,0,none,bool,derived,in_target over reps: all/none/some reps with p95 TTFT <= 2000 ms and p95 TPOT <= 100 ms
2026-10-03-b65-users-at-depth,ud32-1card-mtp-c2,target_met,,1,,0,,bool,derived,rep p95 TTFT <= 2000 ms and p95 TPOT <= 100 ms
2026-10-03-b65-users-at-depth,ud32-1card-mtp-c2,target_met,,2,,0,,bool,derived,rep p95 TTFT <= 2000 ms and p95 TPOT <= 100 ms
2026-10-03-b65-users-at-depth,ud32-1card-mtp-c2,target_met,,3,,0,,bool,derived,rep p95 TTFT <= 2000 ms and p95 TPOT <= 100 ms
2026-10-03-b65-users-at-depth,ud32-1card-mtp-c2,tpot_mean_ms,,1,,63.4569448528,,ms,measured,
2026-10-03-b65-users-at-depth,ud32-1card-mtp-c2,tpot_mean_ms,,2,,63.0529294839,,ms,measured,
2026-10-03-b65-users-at-depth,ud32-1card-mtp-c2,tpot_mean_ms,,3,,63.9132674418,,ms,measured,
2026-10-03-b65-users-at-depth,ud32-1card-mtp-c2,tpot_mean_ms,mean,all,3,63.4743805928,,ms,measured,
2026-10-03-b65-users-at-depth,ud32-1card-mtp-c2,tpot_p95_ms,,1,,82.9698026448,,ms,measured,
2026-10-03-b65-users-at-depth,ud32-1card-mtp-c2,tpot_p95_ms,,2,,81.6322284732,,ms,measured,
2026-10-03-b65-users-at-depth,ud32-1card-mtp-c2,tpot_p95_ms,,3,,118.238756838,,ms,measured,
2026-10-03-b65-users-at-depth,ud32-1card-mtp-c2,tpot_p95_ms,p95_mean,all,3,94.280262652,,ms,measured,mean over reps of the per-rep p95
2026-10-03-b65-users-at-depth,ud32-1card-mtp-c2,tpot_p95_ms,p95_worst,all,3,118.238756838,,ms,measured,worst per-rep p95
2026-10-03-b65-users-at-depth,ud32-1card-mtp-c2,ttft_max_ms,,1,,56267.184373,,ms,measured,
2026-10-03-b65-users-at-depth,ud32-1card-mtp-c2,ttft_max_ms,,2,,56246.3571411,,ms,measured,
2026-10-03-b65-users-at-depth,ud32-1card-mtp-c2,ttft_max_ms,,3,,56270.557782,,ms,measured,
2026-10-03-b65-users-at-depth,ud32-1card-mtp-c2,ttft_max_ms,max,all,3,56270.557782,,ms,measured,
2026-10-03-b65-users-at-depth,ud32-1card-mtp-c2,ttft_mean_ms,,1,,38107.7179597,,ms,measured,
2026-10-03-b65-users-at-depth,ud32-1card-mtp-c2,ttft_mean_ms,,2,,36872.541411,,ms,measured,
2026-10-03-b65-users-at-depth,ud32-1card-mtp-c2,ttft_mean_ms,,3,,36876.545961,,ms,measured,
2026-10-03-b65-users-at-depth,ud32-1card-mtp-c2,ttft_mean_ms,mean,all,3,37285.6017772,,ms,measured,
2026-10-03-b65-users-at-depth,ud32-1card-mtp-c2,ttft_p95_ms,,1,,53603.7510781,,ms,measured,p95 across 4 requests
2026-10-03-b65-users-at-depth,ud32-1card-mtp-c2,ttft_p95_ms,,2,,52918.9664058,,ms,measured,p95 across 4 requests
2026-10-03-b65-users-at-depth,ud32-1card-mtp-c2,ttft_p95_ms,,3,,52938.2998682,,ms,measured,p95 across 4 requests
2026-10-03-b65-users-at-depth,ud32-1card-mtp-c2,ttft_p95_ms,p95_mean,all,3,53153.6724507,,ms,measured,mean over reps of the per-rep p95 across 2-16 requests
2026-10-03-b65-users-at-depth,ud32-1card-mtp-c2,ttft_p95_ms,p95_worst,all,3,53603.7510781,,ms,measured,worst per-rep p95
2026-10-03-b65-users-at-depth,ud32-1card-mtp-c2,ttft_p99_ms,,1,,55734.497714,,ms,measured,p99 across 4 requests
2026-10-03-b65-users-at-depth,ud32-1card-mtp-c2,ttft_p99_ms,,2,,55580.878994,,ms,measured,p99 across 4 requests
2026-10-03-b65-users-at-depth,ud32-1card-mtp-c2,ttft_p99_ms,,3,,55604.1061993,,ms,measured,p99 across 4 requests
2026-10-03-b65-users-at-depth,ud32-1card-mtp-c4,attempted_requests,sum,all,3,24,,count,derived,requests_per_rep 8 x reps 3
2026-10-03-b65-users-at-depth,ud32-1card-mtp-c4,completed_requests,,1,,8,,count,measured,
2026-10-03-b65-users-at-depth,ud32-1card-mtp-c4,completed_requests,,2,,8,,count,measured,
2026-10-03-b65-users-at-depth,ud32-1card-mtp-c4,completed_requests,,3,,8,,count,measured,
2026-10-03-b65-users-at-depth,ud32-1card-mtp-c4,completed_requests,sum,all,3,24,,count,measured,
2026-10-03-b65-users-at-depth,ud32-1card-mtp-c4,duration_s,,1,,272.028783395,,s,measured,
2026-10-03-b65-users-at-depth,ud32-1card-mtp-c4,duration_s,,2,,270.7981782,,s,measured,
2026-10-03-b65-users-at-depth,ud32-1card-mtp-c4,duration_s,,3,,272.124832941,,s,measured,
2026-10-03-b65-users-at-depth,ud32-1card-mtp-c4,e2el_mean_ms,,1,,129119.005761,,ms,measured,
2026-10-03-b65-users-at-depth,ud32-1card-mtp-c4,e2el_mean_ms,,2,,128634.933307,,ms,measured,
2026-10-03-b65-users-at-depth,ud32-1card-mtp-c4,e2el_mean_ms,,3,,129292.672675,,ms,measured,
2026-10-03-b65-users-at-depth,ud32-1card-mtp-c4,e2el_mean_ms,mean,all,3,129015.537248,,ms,derived,e2el_mean_s x 1000
2026-10-03-b65-users-at-depth,ud32-1card-mtp-c4,energy_j,,1,,62182.647094,,J,measured,served cards over the measured window; 1 warm-up in window
2026-10-03-b65-users-at-depth,ud32-1card-mtp-c4,energy_j,,2,,62613.482178,,J,measured,served cards over the measured window; 1 warm-up in window
2026-10-03-b65-users-at-depth,ud32-1card-mtp-c4,energy_j,,3,,63107.233582,,J,measured,served cards over the measured window; 1 warm-up in window
2026-10-03-b65-users-at-depth,ud32-1card-mtp-c4,engine_prefill_tok_per_s,mean,all,3,988.704959467,,tok/s,measured,metrics-delta; each delta window also holds that rep's warm-up request
2026-10-03-b65-users-at-depth,ud32-1card-mtp-c4,engine_queue_s,mean,all,3,30.9990728694,,s,measured,per-request engine queue time
2026-10-03-b65-users-at-depth,ud32-1card-mtp-c4,failed_requests,,1,,0,,count,measured,
2026-10-03-b65-users-at-depth,ud32-1card-mtp-c4,failed_requests,,2,,0,,count,measured,
2026-10-03-b65-users-at-depth,ud32-1card-mtp-c4,failed_requests,,3,,0,,count,measured,
2026-10-03-b65-users-at-depth,ud32-1card-mtp-c4,failed_requests,sum,all,3,0,,count,measured,
2026-10-03-b65-users-at-depth,ud32-1card-mtp-c4,joules_per_output_token,,1,,13.4944980673,,J/token,measured,upper bound; warm-up tokens in denominator; corrected 2026-10-06
2026-10-03-b65-users-at-depth,ud32-1card-mtp-c4,joules_per_output_token,,2,,13.5879952643,,J/token,measured,upper bound; warm-up tokens in denominator; corrected 2026-10-06
2026-10-03-b65-users-at-depth,ud32-1card-mtp-c4,joules_per_output_token,,3,,13.6951461766,,J/token,measured,upper bound; warm-up tokens in denominator; corrected 2026-10-06
2026-10-03-b65-users-at-depth,ud32-1card-mtp-c4,joules_per_output_token,mean,all,3,13.5925465027,,J/token,measured,upper bound; warm-up tokens in denominator; corrected 2026-10-06
2026-10-03-b65-users-at-depth,ud32-1card-mtp-c4,joules_per_output_token,superseded_mean,all,3,15.2916148156,,J/token,derived,superseded 2026-10-06: measured tokens only
2026-10-03-b65-users-at-depth,ud32-1card-mtp-c4,output_throughput,,1,,15.0572301537,,tok/s,measured,
2026-10-03-b65-users-at-depth,ud32-1card-mtp-c4,output_throughput,,2,,15.1256556718,,tok/s,measured,
2026-10-03-b65-users-at-depth,ud32-1card-mtp-c4,output_throughput,,3,,15.0519155335,,tok/s,measured,
2026-10-03-b65-users-at-depth,ud32-1card-mtp-c4,output_throughput,mean,all,3,15.0782671197,,tok/s,measured,
2026-10-03-b65-users-at-depth,ud32-1card-mtp-c4,output_throughput_cv,cv,all,3,0.272747722143,,percent,derived,
2026-10-03-b65-users-at-depth,ud32-1card-mtp-c4,output_throughput_sd,sd,all,3,0.0411256301074,,tok/s,derived,
2026-10-03-b65-users-at-depth,ud32-1card-mtp-c4,spec_acceptance,mean,all,3,0.755902651653,,fraction,measured,MTP-2 draft acceptance from the engine counters
2026-10-03-b65-users-at-depth,ud32-1card-mtp-c4,target_met,,all,,0,none,bool,derived,in_target over reps: all/none/some reps with p95 TTFT <= 2000 ms and p95 TPOT <= 100 ms
2026-10-03-b65-users-at-depth,ud32-1card-mtp-c4,target_met,,1,,0,,bool,derived,rep p95 TTFT <= 2000 ms and p95 TPOT <= 100 ms
2026-10-03-b65-users-at-depth,ud32-1card-mtp-c4,target_met,,2,,0,,bool,derived,rep p95 TTFT <= 2000 ms and p95 TPOT <= 100 ms
2026-10-03-b65-users-at-depth,ud32-1card-mtp-c4,target_met,,3,,0,,bool,derived,rep p95 TTFT <= 2000 ms and p95 TPOT <= 100 ms
2026-10-03-b65-users-at-depth,ud32-1card-mtp-c4,tpot_mean_ms,,1,,111.599303875,,ms,measured,
2026-10-03-b65-users-at-depth,ud32-1card-mtp-c4,tpot_mean_ms,,2,,111.050300796,,ms,measured,
2026-10-03-b65-users-at-depth,ud32-1card-mtp-c4,tpot_mean_ms,,3,,111.976031402,,ms,measured,
2026-10-03-b65-users-at-depth,ud32-1card-mtp-c4,tpot_mean_ms,mean,all,3,111.541878691,,ms,measured,
2026-10-03-b65-users-at-depth,ud32-1card-mtp-c4,tpot_p95_ms,,1,,186.51457216,,ms,measured,
2026-10-03-b65-users-at-depth,ud32-1card-mtp-c4,tpot_p95_ms,,2,,152.098191737,,ms,measured,
2026-10-03-b65-users-at-depth,ud32-1card-mtp-c4,tpot_p95_ms,,3,,186.513581097,,ms,measured,
2026-10-03-b65-users-at-depth,ud32-1card-mtp-c4,tpot_p95_ms,p95_mean,all,3,175.042114998,,ms,measured,mean over reps of the per-rep p95
2026-10-03-b65-users-at-depth,ud32-1card-mtp-c4,tpot_p95_ms,p95_worst,all,3,186.51457216,,ms,measured,worst per-rep p95
2026-10-03-b65-users-at-depth,ud32-1card-mtp-c4,ttft_max_ms,,1,,127114.90105,,ms,measured,
2026-10-03-b65-users-at-depth,ud32-1card-mtp-c4,ttft_max_ms,,2,,126925.148586,,ms,measured,
2026-10-03-b65-users-at-depth,ud32-1card-mtp-c4,ttft_max_ms,,3,,126987.135268,,ms,measured,
2026-10-03-b65-users-at-depth,ud32-1card-mtp-c4,ttft_max_ms,max,all,3,127114.90105,,ms,measured,
2026-10-03-b65-users-at-depth,ud32-1card-mtp-c4,ttft_mean_ms,,1,,72091.761481,,ms,measured,
2026-10-03-b65-users-at-depth,ud32-1card-mtp-c4,ttft_mean_ms,,2,,71888.2296006,,ms,measured,
2026-10-03-b65-users-at-depth,ud32-1card-mtp-c4,ttft_mean_ms,,3,,72072.9206284,,ms,measured,
2026-10-03-b65-users-at-depth,ud32-1card-mtp-c4,ttft_mean_ms,mean,all,3,72017.6372367,,ms,measured,
2026-10-03-b65-users-at-depth,ud32-1card-mtp-c4,ttft_p95_ms,,1,,112870.910773,,ms,measured,p95 across 8 requests
2026-10-03-b65-users-at-depth,ud32-1card-mtp-c4,ttft_p95_ms,,2,,112336.265446,,ms,measured,p95 across 8 requests
2026-10-03-b65-users-at-depth,ud32-1card-mtp-c4,ttft_p95_ms,,3,,112766.883846,,ms,measured,p95 across 8 requests
2026-10-03-b65-users-at-depth,ud32-1card-mtp-c4,ttft_p95_ms,p95_mean,all,3,112658.020022,,ms,measured,mean over reps of the per-rep p95 across 2-16 requests
2026-10-03-b65-users-at-depth,ud32-1card-mtp-c4,ttft_p95_ms,p95_worst,all,3,112870.910773,,ms,measured,worst per-rep p95
2026-10-03-b65-users-at-depth,ud32-1card-mtp-c4,ttft_p99_ms,,1,,124266.102995,,ms,measured,p99 across 8 requests
2026-10-03-b65-users-at-depth,ud32-1card-mtp-c4,ttft_p99_ms,,2,,124007.371958,,ms,measured,p99 across 8 requests
2026-10-03-b65-users-at-depth,ud32-1card-mtp-c4,ttft_p99_ms,,3,,124143.084984,,ms,measured,p99 across 8 requests
2026-10-03-b65-users-at-depth,ud32-1card-mtp-c8,attempted_requests,sum,all,3,48,,count,derived,requests_per_rep 16 x reps 3
2026-10-03-b65-users-at-depth,ud32-1card-mtp-c8,completed_requests,,1,,16,,count,measured,
2026-10-03-b65-users-at-depth,ud32-1card-mtp-c8,completed_requests,,2,,16,,count,measured,
2026-10-03-b65-users-at-depth,ud32-1card-mtp-c8,completed_requests,,3,,16,,count,measured,
2026-10-03-b65-users-at-depth,ud32-1card-mtp-c8,completed_requests,sum,all,3,48,,count,measured,
2026-10-03-b65-users-at-depth,ud32-1card-mtp-c8,duration_s,,1,,545.252214326,,s,measured,
2026-10-03-b65-users-at-depth,ud32-1card-mtp-c8,duration_s,,2,,545.452484465,,s,measured,
2026-10-03-b65-users-at-depth,ud32-1card-mtp-c8,duration_s,,3,,545.904256597,,s,measured,
2026-10-03-b65-users-at-depth,ud32-1card-mtp-c8,e2el_mean_ms,,1,,232767.222327,,ms,measured,
2026-10-03-b65-users-at-depth,ud32-1card-mtp-c8,e2el_mean_ms,,2,,236224.159079,,ms,measured,
2026-10-03-b65-users-at-depth,ud32-1card-mtp-c8,e2el_mean_ms,,3,,236443.928417,,ms,measured,
2026-10-03-b65-users-at-depth,ud32-1card-mtp-c8,e2el_mean_ms,mean,all,3,235145.103275,,ms,derived,e2el_mean_s x 1000
2026-10-03-b65-users-at-depth,ud32-1card-mtp-c8,energy_j,,1,,116360.273193,,J,measured,served cards over the measured window; 1 warm-up in window
2026-10-03-b65-users-at-depth,ud32-1card-mtp-c8,energy_j,,2,,116943.447754,,J,measured,served cards over the measured window; 1 warm-up in window
2026-10-03-b65-users-at-depth,ud32-1card-mtp-c8,energy_j,,3,,116243.364197,,J,measured,served cards over the measured window; 1 warm-up in window
2026-10-03-b65-users-at-depth,ud32-1card-mtp-c8,engine_prefill_tok_per_s,mean,all,3,1035.90912431,,tok/s,measured,metrics-delta; each delta window also holds that rep's warm-up request
2026-10-03-b65-users-at-depth,ud32-1card-mtp-c8,engine_queue_s,mean,all,3,128.941375978,,s,measured,per-request engine queue time
2026-10-03-b65-users-at-depth,ud32-1card-mtp-c8,failed_requests,,1,,0,,count,measured,
2026-10-03-b65-users-at-depth,ud32-1card-mtp-c8,failed_requests,,2,,0,,count,measured,
2026-10-03-b65-users-at-depth,ud32-1card-mtp-c8,failed_requests,,3,,0,,count,measured,
2026-10-03-b65-users-at-depth,ud32-1card-mtp-c8,failed_requests,sum,all,3,0,,count,measured,
2026-10-03-b65-users-at-depth,ud32-1card-mtp-c8,joules_per_output_token,,1,,13.3685975635,,J/token,measured,upper bound; warm-up tokens in denominator; corrected 2026-10-06
2026-10-03-b65-users-at-depth,ud32-1card-mtp-c8,joules_per_output_token,,2,,13.4355983173,,J/token,measured,upper bound; warm-up tokens in denominator; corrected 2026-10-06
2026-10-03-b65-users-at-depth,ud32-1card-mtp-c8,joules_per_output_token,,3,,13.3551659234,,J/token,measured,upper bound; warm-up tokens in denominator; corrected 2026-10-06
2026-10-03-b65-users-at-depth,ud32-1card-mtp-c8,joules_per_output_token,mean,all,3,13.3864539347,,J/token,measured,upper bound; warm-up tokens in denominator; corrected 2026-10-06
2026-10-03-b65-users-at-depth,ud32-1card-mtp-c8,joules_per_output_token,superseded_mean,all,3,14.2231073057,,J/token,derived,superseded 2026-10-06: measured tokens only
2026-10-03-b65-users-at-depth,ud32-1card-mtp-c8,output_throughput,,1,,15.0242397642,,tok/s,measured,
2026-10-03-b65-users-at-depth,ud32-1card-mtp-c8,output_throughput,,2,,15.0187234146,,tok/s,measured,
2026-10-03-b65-users-at-depth,ud32-1card-mtp-c8,output_throughput,,3,,15.0062944207,,tok/s,measured,
2026-10-03-b65-users-at-depth,ud32-1card-mtp-c8,output_throughput,mean,all,3,15.0164191998,,tok/s,measured,
2026-10-03-b65-users-at-depth,ud32-1card-mtp-c8,output_throughput_cv,cv,all,3,0.0612122814229,,percent,derived,
2026-10-03-b65-users-at-depth,ud32-1card-mtp-c8,output_throughput_sd,sd,all,3,0.00919189278024,,tok/s,derived,
2026-10-03-b65-users-at-depth,ud32-1card-mtp-c8,spec_acceptance,mean,all,3,0.737867298578,,fraction,measured,MTP-2 draft acceptance from the engine counters
2026-10-03-b65-users-at-depth,ud32-1card-mtp-c8,target_met,,all,,0,none,bool,derived,in_target over reps: all/none/some reps with p95 TTFT <= 2000 ms and p95 TPOT <= 100 ms
2026-10-03-b65-users-at-depth,ud32-1card-mtp-c8,target_met,,1,,0,,bool,derived,rep p95 TTFT <= 2000 ms and p95 TPOT <= 100 ms
2026-10-03-b65-users-at-depth,ud32-1card-mtp-c8,target_met,,2,,0,,bool,derived,rep p95 TTFT <= 2000 ms and p95 TPOT <= 100 ms
2026-10-03-b65-users-at-depth,ud32-1card-mtp-c8,target_met,,3,,0,,bool,derived,rep p95 TTFT <= 2000 ms and p95 TPOT <= 100 ms
2026-10-03-b65-users-at-depth,ud32-1card-mtp-c8,tpot_mean_ms,,1,,115.907134493,,ms,measured,
2026-10-03-b65-users-at-depth,ud32-1card-mtp-c8,tpot_mean_ms,,2,,127.060627459,,ms,measured,
2026-10-03-b65-users-at-depth,ud32-1card-mtp-c8,tpot_mean_ms,,3,,126.277022389,,ms,measured,
2026-10-03-b65-users-at-depth,ud32-1card-mtp-c8,tpot_mean_ms,mean,all,3,123.08159478,,ms,measured,
2026-10-03-b65-users-at-depth,ud32-1card-mtp-c8,tpot_p95_ms,,1,,189.40314486,,ms,measured,
2026-10-03-b65-users-at-depth,ud32-1card-mtp-c8,tpot_p95_ms,,2,,167.923770348,,ms,measured,
2026-10-03-b65-users-at-depth,ud32-1card-mtp-c8,tpot_p95_ms,,3,,211.589087653,,ms,measured,
2026-10-03-b65-users-at-depth,ud32-1card-mtp-c8,tpot_p95_ms,p95_mean,all,3,189.63866762,,ms,measured,mean over reps of the per-rep p95
2026-10-03-b65-users-at-depth,ud32-1card-mtp-c8,tpot_p95_ms,p95_worst,all,3,211.589087653,,ms,measured,worst per-rep p95
2026-10-03-b65-users-at-depth,ud32-1card-mtp-c8,ttft_max_ms,,1,,259008.818267,,ms,measured,
2026-10-03-b65-users-at-depth,ud32-1card-mtp-c8,ttft_max_ms,,2,,259552.589137,,ms,measured,
2026-10-03-b65-users-at-depth,ud32-1card-mtp-c8,ttft_max_ms,,3,,257473.862816,,ms,measured,
2026-10-03-b65-users-at-depth,ud32-1card-mtp-c8,ttft_max_ms,max,all,3,259552.589137,,ms,measured,
2026-10-03-b65-users-at-depth,ud32-1card-mtp-c8,ttft_mean_ms,,1,,173538.676602,,ms,measured,
2026-10-03-b65-users-at-depth,ud32-1card-mtp-c8,ttft_mean_ms,,2,,171296.178448,,ms,measured,
2026-10-03-b65-users-at-depth,ud32-1card-mtp-c8,ttft_mean_ms,,3,,171916.369976,,ms,measured,
2026-10-03-b65-users-at-depth,ud32-1card-mtp-c8,ttft_mean_ms,mean,all,3,172250.408342,,ms,measured,
2026-10-03-b65-users-at-depth,ud32-1card-mtp-c8,ttft_p95_ms,,1,,237393.766036,,ms,measured,p95 across 16 requests
2026-10-03-b65-users-at-depth,ud32-1card-mtp-c8,ttft_p95_ms,,2,,237886.41462,,ms,measured,p95 across 16 requests
2026-10-03-b65-users-at-depth,ud32-1card-mtp-c8,ttft_p95_ms,,3,,235807.266583,,ms,measured,p95 across 16 requests
2026-10-03-b65-users-at-depth,ud32-1card-mtp-c8,ttft_p95_ms,p95_mean,all,3,237029.14908,,ms,measured,mean over reps of the per-rep p95 across 2-16 requests
2026-10-03-b65-users-at-depth,ud32-1card-mtp-c8,ttft_p95_ms,p95_worst,all,3,237886.41462,,ms,measured,worst per-rep p95
2026-10-03-b65-users-at-depth,ud32-1card-mtp-c8,ttft_p99_ms,,1,,254685.807821,,ms,measured,p99 across 16 requests
2026-10-03-b65-users-at-depth,ud32-1card-mtp-c8,ttft_p99_ms,,2,,255219.354234,,ms,measured,p99 across 16 requests
2026-10-03-b65-users-at-depth,ud32-1card-mtp-c8,ttft_p99_ms,,3,,253140.543569,,ms,measured,p99 across 16 requests
2026-10-03-b65-users-at-depth,ud32-rep-4replica-c1,attempted_requests,sum,all,3,6,,count,derived,requests_per_rep 2 x reps 3
2026-10-03-b65-users-at-depth,ud32-rep-4replica-c1,completed_requests,,1,,2,,count,measured,
2026-10-03-b65-users-at-depth,ud32-rep-4replica-c1,completed_requests,,2,,2,,count,measured,
2026-10-03-b65-users-at-depth,ud32-rep-4replica-c1,completed_requests,,3,,2,,count,measured,
2026-10-03-b65-users-at-depth,ud32-rep-4replica-c1,completed_requests,sum,all,3,6,,count,measured,
2026-10-03-b65-users-at-depth,ud32-rep-4replica-c1,duration_s,,1,,76.784729194,,s,measured,
2026-10-03-b65-users-at-depth,ud32-rep-4replica-c1,duration_s,,2,,76.752859139,,s,measured,
2026-10-03-b65-users-at-depth,ud32-rep-4replica-c1,duration_s,,3,,76.881382324,,s,measured,
2026-10-03-b65-users-at-depth,ud32-rep-4replica-c1,e2el_mean_ms,,1,,38391.808429,,ms,measured,
2026-10-03-b65-users-at-depth,ud32-rep-4replica-c1,e2el_mean_ms,,2,,38375.9796061,,ms,measured,
2026-10-03-b65-users-at-depth,ud32-rep-4replica-c1,e2el_mean_ms,,3,,38440.175426,,ms,measured,
2026-10-03-b65-users-at-depth,ud32-rep-4replica-c1,e2el_mean_ms,mean,all,3,38402.654487,,ms,derived,e2el_mean_s x 1000
2026-10-03-b65-users-at-depth,ud32-rep-4replica-c1,energy_j,,1,,47031.338501,,J,measured,served cards over the measured window; 1 warm-up in window
2026-10-03-b65-users-at-depth,ud32-rep-4replica-c1,energy_j,,2,,45823.973754,,J,measured,served cards over the measured window; 1 warm-up in window
2026-10-03-b65-users-at-depth,ud32-rep-4replica-c1,energy_j,,3,,45281.135316,,J,measured,served cards over the measured window; 1 warm-up in window
2026-10-03-b65-users-at-depth,ud32-rep-4replica-c1,engine_prefill_tok_per_s,,all,,,,tok/s,not_collected,engine counters not scraped on the replica arms (METRICS_SCRAPE off)
2026-10-03-b65-users-at-depth,ud32-rep-4replica-c1,engine_queue_s,,all,,,,s,not_collected,engine counters not scraped on the replica arms (METRICS_SCRAPE off)
2026-10-03-b65-users-at-depth,ud32-rep-4replica-c1,failed_requests,,1,,0,,count,measured,
2026-10-03-b65-users-at-depth,ud32-rep-4replica-c1,failed_requests,,2,,0,,count,measured,
2026-10-03-b65-users-at-depth,ud32-rep-4replica-c1,failed_requests,,3,,0,,count,measured,
2026-10-03-b65-users-at-depth,ud32-rep-4replica-c1,failed_requests,sum,all,3,0,,count,measured,
2026-10-03-b65-users-at-depth,ud32-rep-4replica-c1,joules_per_output_token,,1,,30.6193610033,,J/token,measured,upper bound; warm-up tokens in denominator; corrected 2026-10-06
2026-10-03-b65-users-at-depth,ud32-rep-4replica-c1,joules_per_output_token,,2,,29.8333162461,,J/token,measured,upper bound; warm-up tokens in denominator; corrected 2026-10-06
2026-10-03-b65-users-at-depth,ud32-rep-4replica-c1,joules_per_output_token,,3,,29.4799058047,,J/token,measured,upper bound; warm-up tokens in denominator; corrected 2026-10-06
2026-10-03-b65-users-at-depth,ud32-rep-4replica-c1,joules_per_output_token,mean,all,3,29.9775276847,,J/token,measured,upper bound; warm-up tokens in denominator; corrected 2026-10-06
2026-10-03-b65-users-at-depth,ud32-rep-4replica-c1,joules_per_output_token,superseded_mean,all,3,44.966291527,,J/token,derived,superseded 2026-10-06: measured tokens only
2026-10-03-b65-users-at-depth,ud32-rep-4replica-c1,output_throughput,,1,,13.3359850422,,tok/s,measured,
2026-10-03-b65-users-at-depth,ud32-rep-4replica-c1,output_throughput,,2,,13.3415225372,,tok/s,measured,
2026-10-03-b65-users-at-depth,ud32-rep-4replica-c1,output_throughput,,3,,13.3192194137,,tok/s,measured,
2026-10-03-b65-users-at-depth,ud32-rep-4replica-c1,output_throughput,mean,all,3,13.332242331,,tok/s,measured,
2026-10-03-b65-users-at-depth,ud32-rep-4replica-c1,output_throughput_cv,cv,all,3,0.0871051041034,,percent,derived,
2026-10-03-b65-users-at-depth,ud32-rep-4replica-c1,output_throughput_sd,sd,all,3,0.0116130635618,,tok/s,derived,
2026-10-03-b65-users-at-depth,ud32-rep-4replica-c1,spec_acceptance,,all,,,,fraction,not_collected,engine counters not scraped on the replica arms (METRICS_SCRAPE off)
2026-10-03-b65-users-at-depth,ud32-rep-4replica-c1,target_met,,all,,0,none,bool,derived,in_target over reps: all/none/some reps with p95 TTFT <= 2000 ms and p95 TPOT <= 100 ms
2026-10-03-b65-users-at-depth,ud32-rep-4replica-c1,target_met,,1,,0,,bool,derived,rep p95 TTFT <= 2000 ms and p95 TPOT <= 100 ms
2026-10-03-b65-users-at-depth,ud32-rep-4replica-c1,target_met,,2,,0,,bool,derived,rep p95 TTFT <= 2000 ms and p95 TPOT <= 100 ms
2026-10-03-b65-users-at-depth,ud32-rep-4replica-c1,target_met,,3,,0,,bool,derived,rep p95 TTFT <= 2000 ms and p95 TPOT <= 100 ms
2026-10-03-b65-users-at-depth,ud32-rep-4replica-c1,tpot_mean_ms,,1,,20.8958105763,,ms,measured,
2026-10-03-b65-users-at-depth,ud32-rep-4replica-c1,tpot_mean_ms,,2,,20.9180309971,,ms,measured,
2026-10-03-b65-users-at-depth,ud32-rep-4replica-c1,tpot_mean_ms,,3,,21.0221141135,,ms,measured,
2026-10-03-b65-users-at-depth,ud32-rep-4replica-c1,tpot_mean_ms,mean,all,3,20.9453185623,,ms,measured,
2026-10-03-b65-users-at-depth,ud32-rep-4replica-c1,tpot_p95_ms,,1,,22.9965487491,,ms,measured,
2026-10-03-b65-users-at-depth,ud32-rep-4replica-c1,tpot_p95_ms,,2,,22.9943771322,,ms,measured,
2026-10-03-b65-users-at-depth,ud32-rep-4replica-c1,tpot_p95_ms,,3,,22.9651126565,,ms,measured,
2026-10-03-b65-users-at-depth,ud32-rep-4replica-c1,tpot_p95_ms,p95_mean,all,3,22.9853461793,,ms,measured,mean over reps of the per-rep p95
2026-10-03-b65-users-at-depth,ud32-rep-4replica-c1,tpot_p95_ms,p95_worst,all,3,22.9965487491,,ms,measured,worst per-rep p95
2026-10-03-b65-users-at-depth,ud32-rep-4replica-c1,ttft_max_ms,,1,,27847.2143071,,ms,measured,
2026-10-03-b65-users-at-depth,ud32-rep-4replica-c1,ttft_max_ms,,2,,27799.3483701,,ms,measured,
2026-10-03-b65-users-at-depth,ud32-rep-4replica-c1,ttft_max_ms,,3,,27798.4050601,,ms,measured,
2026-10-03-b65-users-at-depth,ud32-rep-4replica-c1,ttft_max_ms,max,all,3,27847.2143071,,ms,measured,
2026-10-03-b65-users-at-depth,ud32-rep-4replica-c1,ttft_mean_ms,,1,,27714.0492246,,ms,measured,
2026-10-03-b65-users-at-depth,ud32-rep-4replica-c1,ttft_mean_ms,,2,,27686.8657665,,ms,measured,
2026-10-03-b65-users-at-depth,ud32-rep-4replica-c1,ttft_mean_ms,,3,,27697.875114,,ms,measured,
2026-10-03-b65-users-at-depth,ud32-rep-4replica-c1,ttft_mean_ms,mean,all,3,27699.5967017,,ms,measured,
2026-10-03-b65-users-at-depth,ud32-rep-4replica-c1,ttft_p95_ms,,1,,27833.8977988,,ms,measured,p95 across 2 requests
2026-10-03-b65-users-at-depth,ud32-rep-4replica-c1,ttft_p95_ms,,2,,27788.1001097,,ms,measured,p95 across 2 requests
2026-10-03-b65-users-at-depth,ud32-rep-4replica-c1,ttft_p95_ms,,3,,27788.3520655,,ms,measured,p95 across 2 requests
2026-10-03-b65-users-at-depth,ud32-rep-4replica-c1,ttft_p95_ms,p95_mean,all,3,27803.4499913,,ms,measured,mean over reps of the per-rep p95 across 2-16 requests
2026-10-03-b65-users-at-depth,ud32-rep-4replica-c1,ttft_p95_ms,p95_worst,all,3,27833.8977988,,ms,measured,worst per-rep p95
2026-10-03-b65-users-at-depth,ud32-rep-4replica-c1,ttft_p99_ms,,1,,27844.5510054,,ms,measured,p99 across 2 requests
2026-10-03-b65-users-at-depth,ud32-rep-4replica-c1,ttft_p99_ms,,2,,27797.098718,,ms,measured,p99 across 2 requests
2026-10-03-b65-users-at-depth,ud32-rep-4replica-c1,ttft_p99_ms,,3,,27796.3944612,,ms,measured,p99 across 2 requests
2026-10-03-b65-users-at-depth,ud32-rep-4replica-c2,attempted_requests,sum,all,3,12,,count,derived,requests_per_rep 4 x reps 3
2026-10-03-b65-users-at-depth,ud32-rep-4replica-c2,completed_requests,,1,,4,,count,measured,
2026-10-03-b65-users-at-depth,ud32-rep-4replica-c2,completed_requests,,2,,4,,count,measured,
2026-10-03-b65-users-at-depth,ud32-rep-4replica-c2,completed_requests,,3,,4,,count,measured,
2026-10-03-b65-users-at-depth,ud32-rep-4replica-c2,completed_requests,sum,all,3,12,,count,measured,
2026-10-03-b65-users-at-depth,ud32-rep-4replica-c2,duration_s,,1,,78.228370649,,s,measured,
2026-10-03-b65-users-at-depth,ud32-rep-4replica-c2,duration_s,,2,,78.0817244641,,s,measured,
2026-10-03-b65-users-at-depth,ud32-rep-4replica-c2,duration_s,,3,,79.6614936651,,s,measured,
2026-10-03-b65-users-at-depth,ud32-rep-4replica-c2,e2el_mean_ms,,1,,38575.0324943,,ms,measured,
2026-10-03-b65-users-at-depth,ud32-rep-4replica-c2,e2el_mean_ms,,2,,38657.7523147,,ms,measured,
2026-10-03-b65-users-at-depth,ud32-rep-4replica-c2,e2el_mean_ms,,3,,39031.8194285,,ms,measured,
2026-10-03-b65-users-at-depth,ud32-rep-4replica-c2,e2el_mean_ms,mean,all,3,38754.8680792,,ms,derived,e2el_mean_s x 1000
2026-10-03-b65-users-at-depth,ud32-rep-4replica-c2,energy_j,,1,,57380.637939,,J,measured,served cards over the measured window; 1 warm-up in window
2026-10-03-b65-users-at-depth,ud32-rep-4replica-c2,energy_j,,2,,57295.039245,,J,measured,served cards over the measured window; 1 warm-up in window
2026-10-03-b65-users-at-depth,ud32-rep-4replica-c2,energy_j,,3,,57321.061096,,J,measured,served cards over the measured window; 1 warm-up in window
2026-10-03-b65-users-at-depth,ud32-rep-4replica-c2,engine_prefill_tok_per_s,,all,,,,tok/s,not_collected,engine counters not scraped on the replica arms (METRICS_SCRAPE off)
2026-10-03-b65-users-at-depth,ud32-rep-4replica-c2,engine_queue_s,,all,,,,s,not_collected,engine counters not scraped on the replica arms (METRICS_SCRAPE off)
2026-10-03-b65-users-at-depth,ud32-rep-4replica-c2,failed_requests,,1,,0,,count,measured,
2026-10-03-b65-users-at-depth,ud32-rep-4replica-c2,failed_requests,,2,,0,,count,measured,
2026-10-03-b65-users-at-depth,ud32-rep-4replica-c2,failed_requests,,3,,0,,count,measured,
2026-10-03-b65-users-at-depth,ud32-rep-4replica-c2,failed_requests,sum,all,3,0,,count,measured,
2026-10-03-b65-users-at-depth,ud32-rep-4replica-c2,joules_per_output_token,,1,,22.4143116949,,J/token,measured,upper bound; warm-up tokens in denominator; corrected 2026-10-06
2026-10-03-b65-users-at-depth,ud32-rep-4replica-c2,joules_per_output_token,,2,,22.3808747051,,J/token,measured,upper bound; warm-up tokens in denominator; corrected 2026-10-06
2026-10-03-b65-users-at-depth,ud32-rep-4replica-c2,joules_per_output_token,,3,,22.3910394906,,J/token,measured,upper bound; warm-up tokens in denominator; corrected 2026-10-06
2026-10-03-b65-users-at-depth,ud32-rep-4replica-c2,joules_per_output_token,mean,all,3,22.3954086302,,J/token,measured,upper bound; warm-up tokens in denominator; corrected 2026-10-06
2026-10-03-b65-users-at-depth,ud32-rep-4replica-c2,joules_per_output_token,superseded_mean,all,3,27.9942607878,,J/token,derived,superseded 2026-10-06: measured tokens only
2026-10-03-b65-users-at-depth,ud32-rep-4replica-c2,output_throughput,,1,,26.1797603991,,tok/s,measured,
2026-10-03-b65-users-at-depth,ud32-rep-4replica-c2,output_throughput,,2,,26.2289289082,,tok/s,measured,
2026-10-03-b65-users-at-depth,ud32-rep-4replica-c2,output_throughput,,3,,25.708782321,,tok/s,measured,
2026-10-03-b65-users-at-depth,ud32-rep-4replica-c2,output_throughput,mean,all,3,26.0391572094,,tok/s,measured,
2026-10-03-b65-users-at-depth,ud32-rep-4replica-c2,output_throughput_cv,cv,all,3,1.10282872121,,percent,derived,
2026-10-03-b65-users-at-depth,ud32-rep-4replica-c2,output_throughput_sd,sd,all,3,0.287167304467,,tok/s,derived,
2026-10-03-b65-users-at-depth,ud32-rep-4replica-c2,spec_acceptance,,all,,,,fraction,not_collected,engine counters not scraped on the replica arms (METRICS_SCRAPE off)
2026-10-03-b65-users-at-depth,ud32-rep-4replica-c2,target_met,,all,,0,none,bool,derived,in_target over reps: all/none/some reps with p95 TTFT <= 2000 ms and p95 TPOT <= 100 ms
2026-10-03-b65-users-at-depth,ud32-rep-4replica-c2,target_met,,1,,0,,bool,derived,rep p95 TTFT <= 2000 ms and p95 TPOT <= 100 ms
2026-10-03-b65-users-at-depth,ud32-rep-4replica-c2,target_met,,2,,0,,bool,derived,rep p95 TTFT <= 2000 ms and p95 TPOT <= 100 ms
2026-10-03-b65-users-at-depth,ud32-rep-4replica-c2,target_met,,3,,0,,bool,derived,rep p95 TTFT <= 2000 ms and p95 TPOT <= 100 ms
2026-10-03-b65-users-at-depth,ud32-rep-4replica-c2,tpot_mean_ms,,1,,21.4047117814,,ms,measured,
2026-10-03-b65-users-at-depth,ud32-rep-4replica-c2,tpot_mean_ms,,2,,21.459930046,,ms,measured,
2026-10-03-b65-users-at-depth,ud32-rep-4replica-c2,tpot_mean_ms,,3,,22.2571899818,,ms,measured,
2026-10-03-b65-users-at-depth,ud32-rep-4replica-c2,tpot_mean_ms,mean,all,3,21.7072772697,,ms,measured,
2026-10-03-b65-users-at-depth,ud32-rep-4replica-c2,tpot_p95_ms,,1,,22.8664511625,,ms,measured,
2026-10-03-b65-users-at-depth,ud32-rep-4replica-c2,tpot_p95_ms,,2,,23.1019845858,,ms,measured,
2026-10-03-b65-users-at-depth,ud32-rep-4replica-c2,tpot_p95_ms,,3,,24.6869057592,,ms,measured,
2026-10-03-b65-users-at-depth,ud32-rep-4replica-c2,tpot_p95_ms,p95_mean,all,3,23.5517805025,,ms,measured,mean over reps of the per-rep p95
2026-10-03-b65-users-at-depth,ud32-rep-4replica-c2,tpot_p95_ms,p95_worst,all,3,24.6869057592,,ms,measured,worst per-rep p95
2026-10-03-b65-users-at-depth,ud32-rep-4replica-c2,ttft_max_ms,,1,,27842.6945461,,ms,measured,
2026-10-03-b65-users-at-depth,ud32-rep-4replica-c2,ttft_max_ms,,2,,27959.3967779,,ms,measured,
2026-10-03-b65-users-at-depth,ud32-rep-4replica-c2,ttft_max_ms,,3,,27830.916841,,ms,measured,
2026-10-03-b65-users-at-depth,ud32-rep-4replica-c2,ttft_max_ms,max,all,3,27959.3967779,,ms,measured,
2026-10-03-b65-users-at-depth,ud32-rep-4replica-c2,ttft_mean_ms,,1,,27637.224774,,ms,measured,
2026-10-03-b65-users-at-depth,ud32-rep-4replica-c2,ttft_mean_ms,,2,,27691.7280612,,ms,measured,
2026-10-03-b65-users-at-depth,ud32-rep-4replica-c2,ttft_mean_ms,,3,,27658.3953478,,ms,measured,
2026-10-03-b65-users-at-depth,ud32-rep-4replica-c2,ttft_mean_ms,mean,all,3,27662.4493943,,ms,measured,
2026-10-03-b65-users-at-depth,ud32-rep-4replica-c2,ttft_p95_ms,,1,,27825.3566506,,ms,measured,p95 across 4 requests
2026-10-03-b65-users-at-depth,ud32-rep-4replica-c2,ttft_p95_ms,,2,,27959.2336975,,ms,measured,p95 across 4 requests
2026-10-03-b65-users-at-depth,ud32-rep-4replica-c2,ttft_p95_ms,,3,,27821.4375418,,ms,measured,p95 across 4 requests
2026-10-03-b65-users-at-depth,ud32-rep-4replica-c2,ttft_p95_ms,p95_mean,all,3,27868.6759633,,ms,measured,mean over reps of the per-rep p95 across 2-16 requests
2026-10-03-b65-users-at-depth,ud32-rep-4replica-c2,ttft_p95_ms,p95_worst,all,3,27959.2336975,,ms,measured,worst per-rep p95
2026-10-03-b65-users-at-depth,ud32-rep-4replica-c2,ttft_p99_ms,,1,,27839.226967,,ms,measured,p99 across 4 requests
2026-10-03-b65-users-at-depth,ud32-rep-4replica-c2,ttft_p99_ms,,2,,27959.3641618,,ms,measured,p99 across 4 requests
2026-10-03-b65-users-at-depth,ud32-rep-4replica-c2,ttft_p99_ms,,3,,27829.0209812,,ms,measured,p99 across 4 requests
2026-10-03-b65-users-at-depth,ud32-rep-4replica-c4,attempted_requests,sum,all,3,24,,count,derived,requests_per_rep 8 x reps 3
2026-10-03-b65-users-at-depth,ud32-rep-4replica-c4,completed_requests,,1,,8,,count,measured,
2026-10-03-b65-users-at-depth,ud32-rep-4replica-c4,completed_requests,,2,,8,,count,measured,
2026-10-03-b65-users-at-depth,ud32-rep-4replica-c4,completed_requests,,3,,8,,count,measured,
2026-10-03-b65-users-at-depth,ud32-rep-4replica-c4,completed_requests,sum,all,3,24,,count,measured,
2026-10-03-b65-users-at-depth,ud32-rep-4replica-c4,duration_s,,1,,78.199328399,,s,measured,
2026-10-03-b65-users-at-depth,ud32-rep-4replica-c4,duration_s,,2,,79.437375822,,s,measured,
2026-10-03-b65-users-at-depth,ud32-rep-4replica-c4,duration_s,,3,,78.735137096,,s,measured,
2026-10-03-b65-users-at-depth,ud32-rep-4replica-c4,e2el_mean_ms,,1,,38588.1177385,,ms,measured,
2026-10-03-b65-users-at-depth,ud32-rep-4replica-c4,e2el_mean_ms,,2,,38847.1536516,,ms,measured,
2026-10-03-b65-users-at-depth,ud32-rep-4replica-c4,e2el_mean_ms,,3,,38730.5598416,,ms,measured,
2026-10-03-b65-users-at-depth,ud32-rep-4replica-c4,e2el_mean_ms,mean,all,3,38721.9437439,,ms,derived,e2el_mean_s x 1000
2026-10-03-b65-users-at-depth,ud32-rep-4replica-c4,energy_j,,1,,77155.843201,,J,measured,served cards over the measured window; 1 warm-up in window
2026-10-03-b65-users-at-depth,ud32-rep-4replica-c4,energy_j,,2,,80565.794373,,J,measured,served cards over the measured window; 1 warm-up in window
2026-10-03-b65-users-at-depth,ud32-rep-4replica-c4,energy_j,,3,,77413.418639,,J,measured,served cards over the measured window; 1 warm-up in window
2026-10-03-b65-users-at-depth,ud32-rep-4replica-c4,engine_prefill_tok_per_s,,all,,,,tok/s,not_collected,engine counters not scraped on the replica arms (METRICS_SCRAPE off)
2026-10-03-b65-users-at-depth,ud32-rep-4replica-c4,engine_queue_s,,all,,,,s,not_collected,engine counters not scraped on the replica arms (METRICS_SCRAPE off)
2026-10-03-b65-users-at-depth,ud32-rep-4replica-c4,failed_requests,,1,,0,,count,measured,
2026-10-03-b65-users-at-depth,ud32-rep-4replica-c4,failed_requests,,2,,0,,count,measured,
2026-10-03-b65-users-at-depth,ud32-rep-4replica-c4,failed_requests,,3,,0,,count,measured,
2026-10-03-b65-users-at-depth,ud32-rep-4replica-c4,failed_requests,sum,all,3,0,,count,measured,
2026-10-03-b65-users-at-depth,ud32-rep-4replica-c4,joules_per_output_token,,1,,16.7438895836,,J/token,measured,upper bound; warm-up tokens in denominator; corrected 2026-10-06
2026-10-03-b65-users-at-depth,ud32-rep-4replica-c4,joules_per_output_token,,2,,17.4838963483,,J/token,measured,upper bound; warm-up tokens in denominator; corrected 2026-10-06
2026-10-03-b65-users-at-depth,ud32-rep-4replica-c4,joules_per_output_token,,3,,16.799787031,,J/token,measured,upper bound; warm-up tokens in denominator; corrected 2026-10-06
2026-10-03-b65-users-at-depth,ud32-rep-4replica-c4,joules_per_output_token,mean,all,3,17.0091909876,,J/token,measured,upper bound; warm-up tokens in denominator; corrected 2026-10-06
2026-10-03-b65-users-at-depth,ud32-rep-4replica-c4,joules_per_output_token,superseded_mean,all,3,19.1353398611,,J/token,derived,superseded 2026-10-06: measured tokens only
2026-10-03-b65-users-at-depth,ud32-rep-4replica-c4,output_throughput,,1,,52.3789664676,,tok/s,measured,
2026-10-03-b65-users-at-depth,ud32-rep-4replica-c4,output_throughput,,2,,51.5626297774,,tok/s,measured,
2026-10-03-b65-users-at-depth,ud32-rep-4replica-c4,output_throughput,,3,,52.0225168974,,tok/s,measured,
2026-10-03-b65-users-at-depth,ud32-rep-4replica-c4,output_throughput,mean,all,3,51.9880377141,,tok/s,measured,
2026-10-03-b65-users-at-depth,ud32-rep-4replica-c4,output_throughput_cv,cv,all,3,0.787217819709,,percent,derived,
2026-10-03-b65-users-at-depth,ud32-rep-4replica-c4,output_throughput_sd,sd,all,3,0.409259097003,,tok/s,derived,
2026-10-03-b65-users-at-depth,ud32-rep-4replica-c4,spec_acceptance,,all,,,,fraction,not_collected,engine counters not scraped on the replica arms (METRICS_SCRAPE off)
2026-10-03-b65-users-at-depth,ud32-rep-4replica-c4,speedup_ratio,,all,,3.89942189943,,ratio,derived,replicas scaling at four 32K users; output tok/s ud32-rep-4replica-c4 / ud32-rep-4replica-c1
2026-10-03-b65-users-at-depth,ud32-rep-4replica-c4,target_met,,all,,0,none,bool,derived,in_target over reps: all/none/some reps with p95 TTFT <= 2000 ms and p95 TPOT <= 100 ms
2026-10-03-b65-users-at-depth,ud32-rep-4replica-c4,target_met,,1,,0,,bool,derived,rep p95 TTFT <= 2000 ms and p95 TPOT <= 100 ms
2026-10-03-b65-users-at-depth,ud32-rep-4replica-c4,target_met,,2,,0,,bool,derived,rep p95 TTFT <= 2000 ms and p95 TPOT <= 100 ms
2026-10-03-b65-users-at-depth,ud32-rep-4replica-c4,target_met,,3,,0,,bool,derived,rep p95 TTFT <= 2000 ms and p95 TPOT <= 100 ms
2026-10-03-b65-users-at-depth,ud32-rep-4replica-c4,tpot_mean_ms,,1,,21.2913153938,,ms,measured,
2026-10-03-b65-users-at-depth,ud32-rep-4replica-c4,tpot_mean_ms,,2,,21.7333128429,,ms,measured,
2026-10-03-b65-users-at-depth,ud32-rep-4replica-c4,tpot_mean_ms,,3,,21.4981974932,,ms,measured,
2026-10-03-b65-users-at-depth,ud32-rep-4replica-c4,tpot_mean_ms,mean,all,3,21.5076085766,,ms,measured,
2026-10-03-b65-users-at-depth,ud32-rep-4replica-c4,tpot_p95_ms,,1,,22.9564430132,,ms,measured,
2026-10-03-b65-users-at-depth,ud32-rep-4replica-c4,tpot_p95_ms,,2,,24.3582441426,,ms,measured,
2026-10-03-b65-users-at-depth,ud32-rep-4replica-c4,tpot_p95_ms,,3,,23.478239894,,ms,measured,
2026-10-03-b65-users-at-depth,ud32-rep-4replica-c4,tpot_p95_ms,p95_mean,all,3,23.59764235,,ms,measured,mean over reps of the per-rep p95
2026-10-03-b65-users-at-depth,ud32-rep-4replica-c4,tpot_p95_ms,p95_worst,all,3,24.3582441426,,ms,measured,worst per-rep p95
2026-10-03-b65-users-at-depth,ud32-rep-4replica-c4,ttft_max_ms,,1,,27985.4606971,,ms,measured,
2026-10-03-b65-users-at-depth,ud32-rep-4replica-c4,ttft_max_ms,,2,,27970.3832361,,ms,measured,
2026-10-03-b65-users-at-depth,ud32-rep-4replica-c4,ttft_max_ms,,3,,27985.286133,,ms,measured,
2026-10-03-b65-users-at-depth,ud32-rep-4replica-c4,ttft_max_ms,max,all,3,27985.4606971,,ms,measured,
2026-10-03-b65-users-at-depth,ud32-rep-4replica-c4,ttft_mean_ms,,1,,27708.2555722,,ms,measured,
2026-10-03-b65-users-at-depth,ud32-rep-4replica-c4,ttft_mean_ms,,2,,27741.4307889,,ms,measured,
2026-10-03-b65-users-at-depth,ud32-rep-4replica-c4,ttft_mean_ms,,3,,27744.9809226,,ms,measured,
2026-10-03-b65-users-at-depth,ud32-rep-4replica-c4,ttft_mean_ms,mean,all,3,27731.5557613,,ms,measured,
2026-10-03-b65-users-at-depth,ud32-rep-4replica-c4,ttft_p95_ms,,1,,27946.6152985,,ms,measured,p95 across 8 requests
2026-10-03-b65-users-at-depth,ud32-rep-4replica-c4,ttft_p95_ms,,2,,27969.8689744,,ms,measured,p95 across 8 requests
2026-10-03-b65-users-at-depth,ud32-rep-4replica-c4,ttft_p95_ms,,3,,27956.9355713,,ms,measured,p95 across 8 requests
2026-10-03-b65-users-at-depth,ud32-rep-4replica-c4,ttft_p95_ms,p95_mean,all,3,27957.8066147,,ms,measured,mean over reps of the per-rep p95 across 2-16 requests
2026-10-03-b65-users-at-depth,ud32-rep-4replica-c4,ttft_p95_ms,p95_worst,all,3,27969.8689744,,ms,measured,worst per-rep p95
2026-10-03-b65-users-at-depth,ud32-rep-4replica-c4,ttft_p99_ms,,1,,27977.6916174,,ms,measured,p99 across 8 requests
2026-10-03-b65-users-at-depth,ud32-rep-4replica-c4,ttft_p99_ms,,2,,27970.2803837,,ms,measured,p99 across 8 requests
2026-10-03-b65-users-at-depth,ud32-rep-4replica-c4,ttft_p99_ms,,3,,27979.6160207,,ms,measured,p99 across 8 requests
2026-10-03-b65-users-at-depth,ud32-rep-4replica-c8,attempted_requests,sum,all,3,48,,count,derived,requests_per_rep 16 x reps 3
2026-10-03-b65-users-at-depth,ud32-rep-4replica-c8,completed_requests,,1,,16,,count,measured,
2026-10-03-b65-users-at-depth,ud32-rep-4replica-c8,completed_requests,,2,,16,,count,measured,
2026-10-03-b65-users-at-depth,ud32-rep-4replica-c8,completed_requests,,3,,16,,count,measured,
2026-10-03-b65-users-at-depth,ud32-rep-4replica-c8,completed_requests,sum,all,3,48,,count,measured,
2026-10-03-b65-users-at-depth,ud32-rep-4replica-c8,duration_s,,1,,140.018890011,,s,measured,
2026-10-03-b65-users-at-depth,ud32-rep-4replica-c8,duration_s,,2,,138.911539629,,s,measured,
2026-10-03-b65-users-at-depth,ud32-rep-4replica-c8,duration_s,,3,,139.691049916,,s,measured,
2026-10-03-b65-users-at-depth,ud32-rep-4replica-c8,e2el_mean_ms,,1,,68994.1325801,,ms,measured,
2026-10-03-b65-users-at-depth,ud32-rep-4replica-c8,e2el_mean_ms,,2,,68784.2880571,,ms,measured,
2026-10-03-b65-users-at-depth,ud32-rep-4replica-c8,e2el_mean_ms,,3,,68668.8571237,,ms,measured,
2026-10-03-b65-users-at-depth,ud32-rep-4replica-c8,e2el_mean_ms,mean,all,3,68815.7592536,,ms,derived,e2el_mean_s x 1000
2026-10-03-b65-users-at-depth,ud32-rep-4replica-c8,energy_j,,1,,129594.303773,,J,measured,served cards over the measured window; 1 warm-up in window
2026-10-03-b65-users-at-depth,ud32-rep-4replica-c8,energy_j,,2,,126816.560913,,J,measured,served cards over the measured window; 1 warm-up in window
2026-10-03-b65-users-at-depth,ud32-rep-4replica-c8,energy_j,,3,,,,J,not_collected,energy window for this rep not reduced
2026-10-03-b65-users-at-depth,ud32-rep-4replica-c8,engine_prefill_tok_per_s,,all,,,,tok/s,not_collected,engine counters not scraped on the replica arms (METRICS_SCRAPE off)
2026-10-03-b65-users-at-depth,ud32-rep-4replica-c8,engine_queue_s,,all,,,,s,not_collected,engine counters not scraped on the replica arms (METRICS_SCRAPE off)
2026-10-03-b65-users-at-depth,ud32-rep-4replica-c8,failed_requests,,1,,0,,count,measured,
2026-10-03-b65-users-at-depth,ud32-rep-4replica-c8,failed_requests,,2,,0,,count,measured,
2026-10-03-b65-users-at-depth,ud32-rep-4replica-c8,failed_requests,,3,,0,,count,measured,
2026-10-03-b65-users-at-depth,ud32-rep-4replica-c8,failed_requests,sum,all,3,0,,count,measured,
2026-10-03-b65-users-at-depth,ud32-rep-4replica-c8,joules_per_output_token,,1,,14.8890514445,,J/token,measured,upper bound; warm-up tokens in denominator; corrected 2026-10-06
2026-10-03-b65-users-at-depth,ud32-rep-4replica-c8,joules_per_output_token,,2,,14.5699173843,,J/token,measured,upper bound; warm-up tokens in denominator; corrected 2026-10-06
2026-10-03-b65-users-at-depth,ud32-rep-4replica-c8,joules_per_output_token,,3,,,,J/token,not_collected,energy window for this rep not reduced
2026-10-03-b65-users-at-depth,ud32-rep-4replica-c8,joules_per_output_token,mean,all,2,14.7294844144,,J/token,measured,"upper bound; warm-up tokens in denominator; corrected 2026-10-06; mean over 2 of 3 reps, the other window not reduced"
2026-10-03-b65-users-at-depth,ud32-rep-4replica-c8,joules_per_output_token,superseded_mean,all,2,15.6500771903,,J/token,derived,superseded 2026-10-06: measured tokens only
2026-10-03-b65-users-at-depth,ud32-rep-4replica-c8,output_throughput,,1,,58.5063915259,,tok/s,measured,
2026-10-03-b65-users-at-depth,ud32-rep-4replica-c8,output_throughput,,2,,58.9727824044,,tok/s,measured,
2026-10-03-b65-users-at-depth,ud32-rep-4replica-c8,output_throughput,,3,,58.6436998285,,tok/s,measured,
2026-10-03-b65-users-at-depth,ud32-rep-4replica-c8,output_throughput,mean,all,3,58.7076245863,,tok/s,measured,
2026-10-03-b65-users-at-depth,ud32-rep-4replica-c8,output_throughput_cv,cv,all,3,0.408254713288,,percent,derived,
2026-10-03-b65-users-at-depth,ud32-rep-4replica-c8,output_throughput_sd,sd,all,3,0.239676644433,,tok/s,derived,
2026-10-03-b65-users-at-depth,ud32-rep-4replica-c8,spec_acceptance,,all,,,,fraction,not_collected,engine counters not scraped on the replica arms (METRICS_SCRAPE off)
2026-10-03-b65-users-at-depth,ud32-rep-4replica-c8,target_met,,all,,0,none,bool,derived,in_target over reps: all/none/some reps with p95 TTFT <= 2000 ms and p95 TPOT <= 100 ms
2026-10-03-b65-users-at-depth,ud32-rep-4replica-c8,target_met,,1,,0,,bool,derived,rep p95 TTFT <= 2000 ms and p95 TPOT <= 100 ms
2026-10-03-b65-users-at-depth,ud32-rep-4replica-c8,target_met,,2,,0,,bool,derived,rep p95 TTFT <= 2000 ms and p95 TPOT <= 100 ms
2026-10-03-b65-users-at-depth,ud32-rep-4replica-c8,target_met,,3,,0,,bool,derived,rep p95 TTFT <= 2000 ms and p95 TPOT <= 100 ms
2026-10-03-b65-users-at-depth,ud32-rep-4replica-c8,tpot_mean_ms,,1,,60.0830454136,,ms,measured,
2026-10-03-b65-users-at-depth,ud32-rep-4replica-c8,tpot_mean_ms,,2,,59.0065969864,,ms,measured,
2026-10-03-b65-users-at-depth,ud32-rep-4replica-c8,tpot_mean_ms,,3,,54.7616368879,,ms,measured,
2026-10-03-b65-users-at-depth,ud32-rep-4replica-c8,tpot_mean_ms,mean,all,3,57.9504264293,,ms,measured,
2026-10-03-b65-users-at-depth,ud32-rep-4replica-c8,tpot_p95_ms,,1,,124.884252368,,ms,measured,
2026-10-03-b65-users-at-depth,ud32-rep-4replica-c8,tpot_p95_ms,,2,,81.1342281007,,ms,measured,
2026-10-03-b65-users-at-depth,ud32-rep-4replica-c8,tpot_p95_ms,,3,,91.5276032636,,ms,measured,
2026-10-03-b65-users-at-depth,ud32-rep-4replica-c8,tpot_p95_ms,p95_mean,all,3,99.1820279108,,ms,measured,mean over reps of the per-rep p95
2026-10-03-b65-users-at-depth,ud32-rep-4replica-c8,tpot_p95_ms,p95_worst,all,3,124.884252368,,ms,measured,worst per-rep p95
2026-10-03-b65-users-at-depth,ud32-rep-4replica-c8,ttft_max_ms,,1,,56199.349969,,ms,measured,
2026-10-03-b65-users-at-depth,ud32-rep-4replica-c8,ttft_max_ms,,2,,56142.2323621,,ms,measured,
2026-10-03-b65-users-at-depth,ud32-rep-4replica-c8,ttft_max_ms,,3,,56159.591204,,ms,measured,
2026-10-03-b65-users-at-depth,ud32-rep-4replica-c8,ttft_max_ms,max,all,3,56199.349969,,ms,measured,
2026-10-03-b65-users-at-depth,ud32-rep-4replica-c8,ttft_mean_ms,,1,,38291.6963738,,ms,measured,
2026-10-03-b65-users-at-depth,ud32-rep-4replica-c8,ttft_mean_ms,,2,,38631.916997,,ms,measured,
2026-10-03-b65-users-at-depth,ud32-rep-4replica-c8,ttft_mean_ms,,3,,40685.6606739,,ms,measured,
2026-10-03-b65-users-at-depth,ud32-rep-4replica-c8,ttft_mean_ms,mean,all,3,39203.0913482,,ms,measured,
2026-10-03-b65-users-at-depth,ud32-rep-4replica-c8,ttft_p95_ms,,1,,56176.0713055,,ms,measured,p95 across 16 requests
2026-10-03-b65-users-at-depth,ud32-rep-4replica-c8,ttft_p95_ms,,2,,56121.0220635,,ms,measured,p95 across 16 requests
2026-10-03-b65-users-at-depth,ud32-rep-4replica-c8,ttft_p95_ms,,3,,56159.0258061,,ms,measured,p95 across 16 requests
2026-10-03-b65-users-at-depth,ud32-rep-4replica-c8,ttft_p95_ms,p95_mean,all,3,56152.039725,,ms,measured,mean over reps of the per-rep p95 across 2-16 requests
2026-10-03-b65-users-at-depth,ud32-rep-4replica-c8,ttft_p95_ms,p95_worst,all,3,56176.0713055,,ms,measured,worst per-rep p95
2026-10-03-b65-users-at-depth,ud32-rep-4replica-c8,ttft_p99_ms,,1,,56194.6942363,,ms,measured,p99 across 16 requests
2026-10-03-b65-users-at-depth,ud32-rep-4replica-c8,ttft_p99_ms,,2,,56137.9903023,,ms,measured,p99 across 16 requests
2026-10-03-b65-users-at-depth,ud32-rep-4replica-c8,ttft_p99_ms,,3,,56159.4781244,,ms,measured,p99 across 16 requests
2026-10-03-b65-users-at-depth,ud32-rep-control-direct-c1,attempted_requests,sum,all,3,6,,count,derived,requests_per_rep 2 x reps 3
2026-10-03-b65-users-at-depth,ud32-rep-control-direct-c1,completed_requests,,1,,2,,count,measured,
2026-10-03-b65-users-at-depth,ud32-rep-control-direct-c1,completed_requests,,2,,2,,count,measured,
2026-10-03-b65-users-at-depth,ud32-rep-control-direct-c1,completed_requests,,3,,2,,count,measured,
2026-10-03-b65-users-at-depth,ud32-rep-control-direct-c1,completed_requests,sum,all,3,6,,count,measured,
2026-10-03-b65-users-at-depth,ud32-rep-control-direct-c1,duration_s,,1,,77.130812024,,s,measured,
2026-10-03-b65-users-at-depth,ud32-rep-control-direct-c1,duration_s,,2,,77.352200246,,s,measured,
2026-10-03-b65-users-at-depth,ud32-rep-control-direct-c1,duration_s,,3,,79.0870022479,,s,measured,
2026-10-03-b65-users-at-depth,ud32-rep-control-direct-c1,e2el_mean_ms,,1,,38564.780771,,ms,measured,
2026-10-03-b65-users-at-depth,ud32-rep-control-direct-c1,e2el_mean_ms,,2,,38675.4853625,,ms,measured,
2026-10-03-b65-users-at-depth,ud32-rep-control-direct-c1,e2el_mean_ms,,3,,39542.9087345,,ms,measured,
2026-10-03-b65-users-at-depth,ud32-rep-control-direct-c1,e2el_mean_ms,mean,all,3,38927.724956,,ms,derived,e2el_mean_s x 1000
2026-10-03-b65-users-at-depth,ud32-rep-control-direct-c1,energy_j,,1,,,,J,not_collected,energy not reduced for the direct-to-replica control
2026-10-03-b65-users-at-depth,ud32-rep-control-direct-c1,energy_j,,2,,,,J,not_collected,energy not reduced for the direct-to-replica control
2026-10-03-b65-users-at-depth,ud32-rep-control-direct-c1,energy_j,,3,,,,J,not_collected,energy not reduced for the direct-to-replica control
2026-10-03-b65-users-at-depth,ud32-rep-control-direct-c1,engine_prefill_tok_per_s,,all,,,,tok/s,not_collected,engine counters not scraped on the replica arms (METRICS_SCRAPE off)
2026-10-03-b65-users-at-depth,ud32-rep-control-direct-c1,engine_queue_s,,all,,,,s,not_collected,engine counters not scraped on the replica arms (METRICS_SCRAPE off)
2026-10-03-b65-users-at-depth,ud32-rep-control-direct-c1,failed_requests,,1,,0,,count,measured,
2026-10-03-b65-users-at-depth,ud32-rep-control-direct-c1,failed_requests,,2,,0,,count,measured,
2026-10-03-b65-users-at-depth,ud32-rep-control-direct-c1,failed_requests,,3,,0,,count,measured,
2026-10-03-b65-users-at-depth,ud32-rep-control-direct-c1,failed_requests,sum,all,3,0,,count,measured,
2026-10-03-b65-users-at-depth,ud32-rep-control-direct-c1,joules_per_output_token,,all,,,,J/token,not_collected,energy not reduced for the direct-to-replica control (users-at-depth.md: 'not reduced')
2026-10-03-b65-users-at-depth,ud32-rep-control-direct-c1,joules_per_output_token,,1,,,,J/token,not_collected,energy not reduced for the direct-to-replica control
2026-10-03-b65-users-at-depth,ud32-rep-control-direct-c1,joules_per_output_token,,2,,,,J/token,not_collected,energy not reduced for the direct-to-replica control
2026-10-03-b65-users-at-depth,ud32-rep-control-direct-c1,joules_per_output_token,,3,,,,J/token,not_collected,energy not reduced for the direct-to-replica control
2026-10-03-b65-users-at-depth,ud32-rep-control-direct-c1,output_throughput,,1,,13.2761470174,,tok/s,measured,
2026-10-03-b65-users-at-depth,ud32-rep-control-direct-c1,output_throughput,,2,,13.2381496162,,tok/s,measured,
2026-10-03-b65-users-at-depth,ud32-rep-control-direct-c1,output_throughput,,3,,12.9477660158,,tok/s,measured,
2026-10-03-b65-users-at-depth,ud32-rep-control-direct-c1,output_throughput,mean,all,3,13.1540208831,,tok/s,measured,
2026-10-03-b65-users-at-depth,ud32-rep-control-direct-c1,output_throughput_cv,cv,all,3,1.36558616301,,percent,derived,
2026-10-03-b65-users-at-depth,ud32-rep-control-direct-c1,output_throughput_sd,sd,all,3,0.17962948906,,tok/s,derived,
2026-10-03-b65-users-at-depth,ud32-rep-control-direct-c1,spec_acceptance,,all,,,,fraction,not_collected,engine counters not scraped on the replica arms (METRICS_SCRAPE off)
2026-10-03-b65-users-at-depth,ud32-rep-control-direct-c1,target_met,,all,,0,none,bool,derived,in_target over reps: all/none/some reps with p95 TTFT <= 2000 ms and p95 TPOT <= 100 ms
2026-10-03-b65-users-at-depth,ud32-rep-control-direct-c1,target_met,,1,,0,,bool,derived,rep p95 TTFT <= 2000 ms and p95 TPOT <= 100 ms
2026-10-03-b65-users-at-depth,ud32-rep-control-direct-c1,target_met,,2,,0,,bool,derived,rep p95 TTFT <= 2000 ms and p95 TPOT <= 100 ms
2026-10-03-b65-users-at-depth,ud32-rep-control-direct-c1,target_met,,3,,0,,bool,derived,rep p95 TTFT <= 2000 ms and p95 TPOT <= 100 ms
2026-10-03-b65-users-at-depth,ud32-rep-control-direct-c1,tpot_mean_ms,,1,,20.7331401585,,ms,measured,
2026-10-03-b65-users-at-depth,ud32-rep-control-direct-c1,tpot_mean_ms,,2,,20.886317226,,ms,measured,
2026-10-03-b65-users-at-depth,ud32-rep-control-direct-c1,tpot_mean_ms,,3,,22.6320629628,,ms,measured,
2026-10-03-b65-users-at-depth,ud32-rep-control-direct-c1,tpot_mean_ms,mean,all,3,21.4171734491,,ms,measured,
2026-10-03-b65-users-at-depth,ud32-rep-control-direct-c1,tpot_p95_ms,,1,,22.6888596872,,ms,measured,
2026-10-03-b65-users-at-depth,ud32-rep-control-direct-c1,tpot_p95_ms,,2,,22.6968661339,,ms,measured,
2026-10-03-b65-users-at-depth,ud32-rep-control-direct-c1,tpot_p95_ms,,3,,22.9101801684,,ms,measured,
2026-10-03-b65-users-at-depth,ud32-rep-control-direct-c1,tpot_p95_ms,p95_mean,all,3,22.7653019965,,ms,measured,mean over reps of the per-rep p95
2026-10-03-b65-users-at-depth,ud32-rep-control-direct-c1,tpot_p95_ms,p95_worst,all,3,22.9101801684,,ms,measured,worst per-rep p95
2026-10-03-b65-users-at-depth,ud32-rep-control-direct-c1,ttft_max_ms,,1,,27993.815514,,ms,measured,
2026-10-03-b65-users-at-depth,ud32-rep-control-direct-c1,ttft_max_ms,,2,,28023.078889,,ms,measured,
2026-10-03-b65-users-at-depth,ud32-rep-control-direct-c1,ttft_max_ms,,3,,28009.910087,,ms,measured,
2026-10-03-b65-users-at-depth,ud32-rep-control-direct-c1,ttft_max_ms,max,all,3,28023.078889,,ms,measured,
2026-10-03-b65-users-at-depth,ud32-rep-control-direct-c1,ttft_mean_ms,,1,,27970.14615,,ms,measured,
2026-10-03-b65-users-at-depth,ud32-rep-control-direct-c1,ttft_mean_ms,,2,,28002.57726,,ms,measured,
2026-10-03-b65-users-at-depth,ud32-rep-control-direct-c1,ttft_mean_ms,,3,,27977.9245605,,ms,measured,
2026-10-03-b65-users-at-depth,ud32-rep-control-direct-c1,ttft_mean_ms,mean,all,3,27983.5493235,,ms,measured,
2026-10-03-b65-users-at-depth,ud32-rep-control-direct-c1,ttft_p95_ms,,1,,27991.4485776,,ms,measured,p95 across 2 requests
2026-10-03-b65-users-at-depth,ud32-rep-control-direct-c1,ttft_p95_ms,,2,,28021.0287261,,ms,measured,p95 across 2 requests
2026-10-03-b65-users-at-depth,ud32-rep-control-direct-c1,ttft_p95_ms,,3,,28006.7115343,,ms,measured,p95 across 2 requests
2026-10-03-b65-users-at-depth,ud32-rep-control-direct-c1,ttft_p95_ms,p95_mean,all,3,28006.3962794,,ms,measured,mean over reps of the per-rep p95 across 2-16 requests
2026-10-03-b65-users-at-depth,ud32-rep-control-direct-c1,ttft_p95_ms,p95_worst,all,3,28021.0287261,,ms,measured,worst per-rep p95
2026-10-03-b65-users-at-depth,ud32-rep-control-direct-c1,ttft_p99_ms,,1,,27993.3421267,,ms,measured,p99 across 2 requests
2026-10-03-b65-users-at-depth,ud32-rep-control-direct-c1,ttft_p99_ms,,2,,28022.6688564,,ms,measured,p99 across 2 requests
2026-10-03-b65-users-at-depth,ud32-rep-control-direct-c1,ttft_p99_ms,,3,,28009.2703765,,ms,measured,p99 across 2 requests
2026-10-03-b65-users-at-depth,ud32-tp4-eager-c1,attempted_requests,sum,all,3,6,,count,derived,requests_per_rep 2 x reps 3
2026-10-03-b65-users-at-depth,ud32-tp4-eager-c1,completed_requests,,1,,2,,count,measured,
2026-10-03-b65-users-at-depth,ud32-tp4-eager-c1,completed_requests,,2,,2,,count,measured,
2026-10-03-b65-users-at-depth,ud32-tp4-eager-c1,completed_requests,,3,,2,,count,measured,
2026-10-03-b65-users-at-depth,ud32-tp4-eager-c1,completed_requests,sum,all,3,6,,count,measured,
2026-10-03-b65-users-at-depth,ud32-tp4-eager-c1,duration_s,,1,,81.819968077,,s,measured,
2026-10-03-b65-users-at-depth,ud32-tp4-eager-c1,duration_s,,2,,82.054083984,,s,measured,
2026-10-03-b65-users-at-depth,ud32-tp4-eager-c1,duration_s,,3,,82.655588649,,s,measured,
2026-10-03-b65-users-at-depth,ud32-tp4-eager-c1,e2el_mean_ms,,1,,40909.619109,,ms,measured,
2026-10-03-b65-users-at-depth,ud32-tp4-eager-c1,e2el_mean_ms,,2,,41026.6564815,,ms,measured,
2026-10-03-b65-users-at-depth,ud32-tp4-eager-c1,e2el_mean_ms,,3,,41327.43073,,ms,measured,
2026-10-03-b65-users-at-depth,ud32-tp4-eager-c1,e2el_mean_ms,mean,all,3,41087.9021068,,ms,derived,e2el_mean_s x 1000
2026-10-03-b65-users-at-depth,ud32-tp4-eager-c1,energy_j,,1,,61263.130433,,J,measured,served cards over the measured window; 1 warm-up in window
2026-10-03-b65-users-at-depth,ud32-tp4-eager-c1,energy_j,,2,,62235.45996,,J,measured,served cards over the measured window; 1 warm-up in window
2026-10-03-b65-users-at-depth,ud32-tp4-eager-c1,energy_j,,3,,62159.379699,,J,measured,served cards over the measured window; 1 warm-up in window
2026-10-03-b65-users-at-depth,ud32-tp4-eager-c1,engine_prefill_tok_per_s,mean,all,3,3504.49580617,,tok/s,measured,metrics-delta; each delta window also holds that rep's warm-up request
2026-10-03-b65-users-at-depth,ud32-tp4-eager-c1,engine_queue_s,mean,all,3,1.5559554514e-05,,s,measured,per-request engine queue time
2026-10-03-b65-users-at-depth,ud32-tp4-eager-c1,failed_requests,,1,,0,,count,measured,
2026-10-03-b65-users-at-depth,ud32-tp4-eager-c1,failed_requests,,2,,0,,count,measured,
2026-10-03-b65-users-at-depth,ud32-tp4-eager-c1,failed_requests,,3,,0,,count,measured,
2026-10-03-b65-users-at-depth,ud32-tp4-eager-c1,failed_requests,sum,all,3,0,,count,measured,
2026-10-03-b65-users-at-depth,ud32-tp4-eager-c1,joules_per_output_token,,1,,39.8848505423,,J/token,measured,upper bound; warm-up tokens in denominator; corrected 2026-10-06
2026-10-03-b65-users-at-depth,ud32-tp4-eager-c1,joules_per_output_token,,2,,40.5178775781,,J/token,measured,upper bound; warm-up tokens in denominator; corrected 2026-10-06
2026-10-03-b65-users-at-depth,ud32-tp4-eager-c1,joules_per_output_token,,3,,40.4683461582,,J/token,measured,upper bound; warm-up tokens in denominator; corrected 2026-10-06
2026-10-03-b65-users-at-depth,ud32-tp4-eager-c1,joules_per_output_token,mean,all,3,40.2903580929,,J/token,measured,upper bound; warm-up tokens in denominator; corrected 2026-10-06
2026-10-03-b65-users-at-depth,ud32-tp4-eager-c1,joules_per_output_token,superseded_mean,all,3,60.4355371393,,J/token,derived,superseded 2026-10-06: measured tokens only
2026-10-03-b65-users-at-depth,ud32-tp4-eager-c1,output_throughput,,1,,12.5152823213,,tok/s,measured,
2026-10-03-b65-users-at-depth,ud32-tp4-eager-c1,output_throughput,,2,,12.4795738406,,tok/s,measured,
2026-10-03-b65-users-at-depth,ud32-tp4-eager-c1,output_throughput,,3,,12.3887569702,,tok/s,measured,
2026-10-03-b65-users-at-depth,ud32-tp4-eager-c1,output_throughput,mean,all,3,12.4612043773,,tok/s,measured,
2026-10-03-b65-users-at-depth,ud32-tp4-eager-c1,output_throughput_cv,cv,all,3,0.523482556962,,percent,derived,
2026-10-03-b65-users-at-depth,ud32-tp4-eager-c1,output_throughput_sd,sd,all,3,0.0652322313027,,tok/s,derived,
2026-10-03-b65-users-at-depth,ud32-tp4-eager-c1,spec_acceptance,,all,,,,fraction,not_applicable,"eager arm, no speculation"
2026-10-03-b65-users-at-depth,ud32-tp4-eager-c1,target_met,,all,,0,none,bool,derived,in_target over reps: all/none/some reps with p95 TTFT <= 2000 ms and p95 TPOT <= 100 ms
2026-10-03-b65-users-at-depth,ud32-tp4-eager-c1,target_met,,1,,0,,bool,derived,rep p95 TTFT <= 2000 ms and p95 TPOT <= 100 ms
2026-10-03-b65-users-at-depth,ud32-tp4-eager-c1,target_met,,2,,0,,bool,derived,rep p95 TTFT <= 2000 ms and p95 TPOT <= 100 ms
2026-10-03-b65-users-at-depth,ud32-tp4-eager-c1,target_met,,3,,0,,bool,derived,rep p95 TTFT <= 2000 ms and p95 TPOT <= 100 ms
2026-10-03-b65-users-at-depth,ud32-tp4-eager-c1,tpot_mean_ms,,1,,61.5786648954,,ms,measured,
2026-10-03-b65-users-at-depth,ud32-tp4-eager-c1,tpot_mean_ms,,2,,61.8141494343,,ms,measured,
2026-10-03-b65-users-at-depth,ud32-tp4-eager-c1,tpot_mean_ms,,3,,62.3974320461,,ms,measured,
2026-10-03-b65-users-at-depth,ud32-tp4-eager-c1,tpot_mean_ms,mean,all,3,61.9300821253,,ms,measured,
2026-10-03-b65-users-at-depth,ud32-tp4-eager-c1,tpot_p95_ms,,1,,61.8716335973,,ms,measured,
2026-10-03-b65-users-at-depth,ud32-tp4-eager-c1,tpot_p95_ms,,2,,61.9281005601,,ms,measured,
2026-10-03-b65-users-at-depth,ud32-tp4-eager-c1,tpot_p95_ms,,3,,62.4258860366,,ms,measured,
2026-10-03-b65-users-at-depth,ud32-tp4-eager-c1,tpot_p95_ms,p95_mean,all,3,62.0752067313,,ms,measured,mean over reps of the per-rep p95
2026-10-03-b65-users-at-depth,ud32-tp4-eager-c1,tpot_p95_ms,p95_worst,all,3,62.4258860366,,ms,measured,worst per-rep p95
2026-10-03-b65-users-at-depth,ud32-tp4-eager-c1,ttft_max_ms,,1,,9449.18887096,,ms,measured,
2026-10-03-b65-users-at-depth,ud32-tp4-eager-c1,ttft_max_ms,,2,,9457.55406807,,ms,measured,
2026-10-03-b65-users-at-depth,ud32-tp4-eager-c1,ttft_max_ms,,3,,9461.73355391,,ms,measured,
2026-10-03-b65-users-at-depth,ud32-tp4-eager-c1,ttft_max_ms,max,all,3,9461.73355391,,ms,measured,
2026-10-03-b65-users-at-depth,ud32-tp4-eager-c1,ttft_mean_ms,,1,,9442.92134745,,ms,measured,
2026-10-03-b65-users-at-depth,ud32-tp4-eager-c1,ttft_mean_ms,,2,,9439.62612055,,ms,measured,
2026-10-03-b65-users-at-depth,ud32-tp4-eager-c1,ttft_mean_ms,,3,,9442.34295445,,ms,measured,
2026-10-03-b65-users-at-depth,ud32-tp4-eager-c1,ttft_mean_ms,mean,all,3,9441.63014082,,ms,measured,
2026-10-03-b65-users-at-depth,ud32-tp4-eager-c1,ttft_p95_ms,,1,,9448.56211861,,ms,measured,p95 across 2 requests
2026-10-03-b65-users-at-depth,ud32-tp4-eager-c1,ttft_p95_ms,,2,,9455.76127332,,ms,measured,p95 across 2 requests
2026-10-03-b65-users-at-depth,ud32-tp4-eager-c1,ttft_p95_ms,,3,,9459.79449396,,ms,measured,p95 across 2 requests
2026-10-03-b65-users-at-depth,ud32-tp4-eager-c1,ttft_p95_ms,p95_mean,all,3,9454.70596196,,ms,measured,mean over reps of the per-rep p95 across 2-16 requests
2026-10-03-b65-users-at-depth,ud32-tp4-eager-c1,ttft_p95_ms,p95_worst,all,3,9459.79449396,,ms,measured,worst per-rep p95
2026-10-03-b65-users-at-depth,ud32-tp4-eager-c1,ttft_p99_ms,,1,,9449.06352049,,ms,measured,p99 across 2 requests
2026-10-03-b65-users-at-depth,ud32-tp4-eager-c1,ttft_p99_ms,,2,,9457.19550912,,ms,measured,p99 across 2 requests
2026-10-03-b65-users-at-depth,ud32-tp4-eager-c1,ttft_p99_ms,,3,,9461.34574192,,ms,measured,p99 across 2 requests
2026-10-03-b65-users-at-depth,ud32-tp4-eager-c2,attempted_requests,sum,all,3,12,,count,derived,requests_per_rep 4 x reps 3
2026-10-03-b65-users-at-depth,ud32-tp4-eager-c2,completed_requests,,1,,4,,count,measured,
2026-10-03-b65-users-at-depth,ud32-tp4-eager-c2,completed_requests,,2,,4,,count,measured,
2026-10-03-b65-users-at-depth,ud32-tp4-eager-c2,completed_requests,,3,,4,,count,measured,
2026-10-03-b65-users-at-depth,ud32-tp4-eager-c2,completed_requests,sum,all,3,12,,count,measured,
2026-10-03-b65-users-at-depth,ud32-tp4-eager-c2,duration_s,,1,,93.3744453479,,s,measured,
2026-10-03-b65-users-at-depth,ud32-tp4-eager-c2,duration_s,,2,,93.3326668179,,s,measured,
2026-10-03-b65-users-at-depth,ud32-tp4-eager-c2,duration_s,,3,,94.2441803251,,s,measured,
2026-10-03-b65-users-at-depth,ud32-tp4-eager-c2,e2el_mean_ms,,1,,46624.002505,,ms,measured,
2026-10-03-b65-users-at-depth,ud32-tp4-eager-c2,e2el_mean_ms,,2,,46603.7483753,,ms,measured,
2026-10-03-b65-users-at-depth,ud32-tp4-eager-c2,e2el_mean_ms,,3,,47060.9791725,,ms,measured,
2026-10-03-b65-users-at-depth,ud32-tp4-eager-c2,e2el_mean_ms,mean,all,3,46762.9100176,,ms,derived,e2el_mean_s x 1000
2026-10-03-b65-users-at-depth,ud32-tp4-eager-c2,energy_j,,1,,75895.497375,,J,measured,served cards over the measured window; 1 warm-up in window
2026-10-03-b65-users-at-depth,ud32-tp4-eager-c2,energy_j,,2,,75723.256897,,J,measured,served cards over the measured window; 1 warm-up in window
2026-10-03-b65-users-at-depth,ud32-tp4-eager-c2,energy_j,,3,,75780.30774,,J,measured,served cards over the measured window; 1 warm-up in window
2026-10-03-b65-users-at-depth,ud32-tp4-eager-c2,engine_prefill_tok_per_s,mean,all,3,2915.76314934,,tok/s,measured,metrics-delta; each delta window also holds that rep's warm-up request
2026-10-03-b65-users-at-depth,ud32-tp4-eager-c2,engine_queue_s,mean,all,3,1.55422109712,,s,measured,per-request engine queue time
2026-10-03-b65-users-at-depth,ud32-tp4-eager-c2,failed_requests,,1,,0,,count,measured,
2026-10-03-b65-users-at-depth,ud32-tp4-eager-c2,failed_requests,,2,,0,,count,measured,
2026-10-03-b65-users-at-depth,ud32-tp4-eager-c2,failed_requests,,3,,0,,count,measured,
2026-10-03-b65-users-at-depth,ud32-tp4-eager-c2,failed_requests,sum,all,3,0,,count,measured,
2026-10-03-b65-users-at-depth,ud32-tp4-eager-c2,joules_per_output_token,,1,,29.6466786621,,J/token,measured,upper bound; warm-up tokens in denominator; corrected 2026-10-06
2026-10-03-b65-users-at-depth,ud32-tp4-eager-c2,joules_per_output_token,,2,,29.5793972254,,J/token,measured,upper bound; warm-up tokens in denominator; corrected 2026-10-06
2026-10-03-b65-users-at-depth,ud32-tp4-eager-c2,joules_per_output_token,,3,,29.6016827109,,J/token,measured,upper bound; warm-up tokens in denominator; corrected 2026-10-06
2026-10-03-b65-users-at-depth,ud32-tp4-eager-c2,joules_per_output_token,mean,all,3,29.6092528661,,J/token,measured,upper bound; warm-up tokens in denominator; corrected 2026-10-06
2026-10-03-b65-users-at-depth,ud32-tp4-eager-c2,joules_per_output_token,superseded_mean,all,3,37.0115660827,,J/token,derived,superseded 2026-10-06: measured tokens only
2026-10-03-b65-users-at-depth,ud32-tp4-eager-c2,output_throughput,,1,,21.93319588,,tok/s,measured,
2026-10-03-b65-users-at-depth,ud32-tp4-eager-c2,output_throughput,,2,,21.9430138431,,tok/s,measured,
2026-10-03-b65-users-at-depth,ud32-tp4-eager-c2,output_throughput,,3,,21.7307847862,,tok/s,measured,
2026-10-03-b65-users-at-depth,ud32-tp4-eager-c2,output_throughput,mean,all,3,21.8689981698,,tok/s,measured,
2026-10-03-b65-users-at-depth,ud32-tp4-eager-c2,output_throughput_cv,cv,all,3,0.547793372011,,percent,derived,
2026-10-03-b65-users-at-depth,ud32-tp4-eager-c2,output_throughput_sd,sd,all,3,0.119796922499,,tok/s,derived,
2026-10-03-b65-users-at-depth,ud32-tp4-eager-c2,spec_acceptance,,all,,,,fraction,not_applicable,"eager arm, no speculation"
2026-10-03-b65-users-at-depth,ud32-tp4-eager-c2,target_met,,all,,0,none,bool,derived,in_target over reps: all/none/some reps with p95 TTFT <= 2000 ms and p95 TPOT <= 100 ms
2026-10-03-b65-users-at-depth,ud32-tp4-eager-c2,target_met,,1,,0,,bool,derived,rep p95 TTFT <= 2000 ms and p95 TPOT <= 100 ms
2026-10-03-b65-users-at-depth,ud32-tp4-eager-c2,target_met,,2,,0,,bool,derived,rep p95 TTFT <= 2000 ms and p95 TPOT <= 100 ms
2026-10-03-b65-users-at-depth,ud32-tp4-eager-c2,target_met,,3,,0,,bool,derived,rep p95 TTFT <= 2000 ms and p95 TPOT <= 100 ms
2026-10-03-b65-users-at-depth,ud32-tp4-eager-c2,tpot_mean_ms,,1,,62.516578861,,ms,measured,
2026-10-03-b65-users-at-depth,ud32-tp4-eager-c2,tpot_mean_ms,,2,,61.4359767069,,ms,measured,
2026-10-03-b65-users-at-depth,ud32-tp4-eager-c2,tpot_mean_ms,,3,,63.3428004907,,ms,measured,
2026-10-03-b65-users-at-depth,ud32-tp4-eager-c2,tpot_mean_ms,mean,all,3,62.4317853529,,ms,measured,
2026-10-03-b65-users-at-depth,ud32-tp4-eager-c2,tpot_p95_ms,,1,,68.8660537571,,ms,measured,
2026-10-03-b65-users-at-depth,ud32-tp4-eager-c2,tpot_p95_ms,,2,,69.0726945392,,ms,measured,
2026-10-03-b65-users-at-depth,ud32-tp4-eager-c2,tpot_p95_ms,,3,,69.4731339241,,ms,measured,
2026-10-03-b65-users-at-depth,ud32-tp4-eager-c2,tpot_p95_ms,p95_mean,all,3,69.1372940735,,ms,measured,mean over reps of the per-rep p95
2026-10-03-b65-users-at-depth,ud32-tp4-eager-c2,tpot_p95_ms,p95_worst,all,3,69.4731339241,,ms,measured,worst per-rep p95
2026-10-03-b65-users-at-depth,ud32-tp4-eager-c2,ttft_max_ms,,1,,18879.5391599,,ms,measured,
2026-10-03-b65-users-at-depth,ud32-tp4-eager-c2,ttft_max_ms,,2,,18883.087676,,ms,measured,
2026-10-03-b65-users-at-depth,ud32-tp4-eager-c2,ttft_max_ms,,3,,18917.006767,,ms,measured,
2026-10-03-b65-users-at-depth,ud32-tp4-eager-c2,ttft_max_ms,max,all,3,18917.006767,,ms,measured,
2026-10-03-b65-users-at-depth,ud32-tp4-eager-c2,ttft_mean_ms,,1,,14678.030707,,ms,measured,
2026-10-03-b65-users-at-depth,ud32-tp4-eager-c2,ttft_mean_ms,,2,,15209.964278,,ms,measured,
2026-10-03-b65-users-at-depth,ud32-tp4-eager-c2,ttft_mean_ms,,3,,14692.8081218,,ms,measured,
2026-10-03-b65-users-at-depth,ud32-tp4-eager-c2,ttft_mean_ms,mean,all,3,14860.2677023,,ms,measured,
2026-10-03-b65-users-at-depth,ud32-tp4-eager-c2,ttft_p95_ms,,1,,18551.2629571,,ms,measured,p95 across 4 requests
2026-10-03-b65-users-at-depth,ud32-tp4-eager-c2,ttft_p95_ms,,2,,18867.9779225,,ms,measured,p95 across 4 requests
2026-10-03-b65-users-at-depth,ud32-tp4-eager-c2,ttft_p95_ms,,3,,18583.8680565,,ms,measured,p95 across 4 requests
2026-10-03-b65-users-at-depth,ud32-tp4-eager-c2,ttft_p95_ms,p95_mean,all,3,18667.7029787,,ms,measured,mean over reps of the per-rep p95 across 2-16 requests
2026-10-03-b65-users-at-depth,ud32-tp4-eager-c2,ttft_p95_ms,p95_worst,all,3,18867.9779225,,ms,measured,worst per-rep p95
2026-10-03-b65-users-at-depth,ud32-tp4-eager-c2,ttft_p99_ms,,1,,18813.8839194,,ms,measured,p99 across 4 requests
2026-10-03-b65-users-at-depth,ud32-tp4-eager-c2,ttft_p99_ms,,2,,18880.0657253,,ms,measured,p99 across 4 requests
2026-10-03-b65-users-at-depth,ud32-tp4-eager-c2,ttft_p99_ms,,3,,18850.3790249,,ms,measured,p99 across 4 requests
2026-10-03-b65-users-at-depth,ud32-tp4-eager-c4,attempted_requests,sum,all,3,24,,count,derived,requests_per_rep 8 x reps 3
2026-10-03-b65-users-at-depth,ud32-tp4-eager-c4,completed_requests,,1,,8,,count,measured,
2026-10-03-b65-users-at-depth,ud32-tp4-eager-c4,completed_requests,,2,,8,,count,measured,
2026-10-03-b65-users-at-depth,ud32-tp4-eager-c4,completed_requests,,3,,8,,count,measured,
2026-10-03-b65-users-at-depth,ud32-tp4-eager-c4,completed_requests,sum,all,3,24,,count,measured,
2026-10-03-b65-users-at-depth,ud32-tp4-eager-c4,duration_s,,1,,131.702360586,,s,measured,
2026-10-03-b65-users-at-depth,ud32-tp4-eager-c4,duration_s,,2,,132.267290454,,s,measured,
2026-10-03-b65-users-at-depth,ud32-tp4-eager-c4,duration_s,,3,,131.672503971,,s,measured,
2026-10-03-b65-users-at-depth,ud32-tp4-eager-c4,e2el_mean_ms,,1,,65674.1060606,,ms,measured,
2026-10-03-b65-users-at-depth,ud32-tp4-eager-c4,e2el_mean_ms,,2,,65955.1062442,,ms,measured,
2026-10-03-b65-users-at-depth,ud32-tp4-eager-c4,e2el_mean_ms,,3,,65660.8471614,,ms,measured,
2026-10-03-b65-users-at-depth,ud32-tp4-eager-c4,e2el_mean_ms,mean,all,3,65763.3531554,,ms,derived,e2el_mean_s x 1000
2026-10-03-b65-users-at-depth,ud32-tp4-eager-c4,energy_j,,1,,108376.731872,,J,measured,served cards over the measured window; 1 warm-up in window
2026-10-03-b65-users-at-depth,ud32-tp4-eager-c4,energy_j,,2,,108177.818786,,J,measured,served cards over the measured window; 1 warm-up in window
2026-10-03-b65-users-at-depth,ud32-tp4-eager-c4,energy_j,,3,,108335.774719,,J,measured,served cards over the measured window; 1 warm-up in window
2026-10-03-b65-users-at-depth,ud32-tp4-eager-c4,engine_prefill_tok_per_s,mean,all,3,2593.58149688,,tok/s,measured,metrics-delta; each delta window also holds that rep's warm-up request
2026-10-03-b65-users-at-depth,ud32-tp4-eager-c4,engine_queue_s,mean,all,3,5.48577608258,,s,measured,per-request engine queue time
2026-10-03-b65-users-at-depth,ud32-tp4-eager-c4,failed_requests,,1,,0,,count,measured,
2026-10-03-b65-users-at-depth,ud32-tp4-eager-c4,failed_requests,,2,,0,,count,measured,
2026-10-03-b65-users-at-depth,ud32-tp4-eager-c4,failed_requests,,3,,0,,count,measured,
2026-10-03-b65-users-at-depth,ud32-tp4-eager-c4,failed_requests,sum,all,3,0,,count,measured,
2026-10-03-b65-users-at-depth,ud32-tp4-eager-c4,joules_per_output_token,,1,,23.5192560486,,J/token,measured,upper bound; warm-up tokens in denominator; corrected 2026-10-06
2026-10-03-b65-users-at-depth,ud32-tp4-eager-c4,joules_per_output_token,,2,,23.4760891463,,J/token,measured,upper bound; warm-up tokens in denominator; corrected 2026-10-06
2026-10-03-b65-users-at-depth,ud32-tp4-eager-c4,joules_per_output_token,,3,,23.5103677776,,J/token,measured,upper bound; warm-up tokens in denominator; corrected 2026-10-06
2026-10-03-b65-users-at-depth,ud32-tp4-eager-c4,joules_per_output_token,mean,all,3,23.5019043241,,J/token,measured,upper bound; warm-up tokens in denominator; corrected 2026-10-06
2026-10-03-b65-users-at-depth,ud32-tp4-eager-c4,joules_per_output_token,superseded_mean,all,3,26.4396423647,,J/token,derived,superseded 2026-10-06: measured tokens only
2026-10-03-b65-users-at-depth,ud32-tp4-eager-c4,output_throughput,,1,,31.1004296489,,tok/s,measured,
2026-10-03-b65-users-at-depth,ud32-tp4-eager-c4,output_throughput,,2,,30.9675958881,,tok/s,measured,
2026-10-03-b65-users-at-depth,ud32-tp4-eager-c4,output_throughput,,3,,31.1074816417,,tok/s,measured,
2026-10-03-b65-users-at-depth,ud32-tp4-eager-c4,output_throughput,mean,all,3,31.0585023929,,tok/s,measured,
2026-10-03-b65-users-at-depth,ud32-tp4-eager-c4,output_throughput_cv,cv,all,3,0.253734910153,,percent,derived,
2026-10-03-b65-users-at-depth,ud32-tp4-eager-c4,output_throughput_sd,sd,all,3,0.0788062631417,,tok/s,derived,
2026-10-03-b65-users-at-depth,ud32-tp4-eager-c4,spec_acceptance,,all,,,,fraction,not_applicable,"eager arm, no speculation"
2026-10-03-b65-users-at-depth,ud32-tp4-eager-c4,target_met,,all,,0,none,bool,derived,in_target over reps: all/none/some reps with p95 TTFT <= 2000 ms and p95 TPOT <= 100 ms
2026-10-03-b65-users-at-depth,ud32-tp4-eager-c4,target_met,,1,,0,,bool,derived,rep p95 TTFT <= 2000 ms and p95 TPOT <= 100 ms
2026-10-03-b65-users-at-depth,ud32-tp4-eager-c4,target_met,,2,,0,,bool,derived,rep p95 TTFT <= 2000 ms and p95 TPOT <= 100 ms
2026-10-03-b65-users-at-depth,ud32-tp4-eager-c4,target_met,,3,,0,,bool,derived,rep p95 TTFT <= 2000 ms and p95 TPOT <= 100 ms
2026-10-03-b65-users-at-depth,ud32-tp4-eager-c4,tpot_mean_ms,,1,,87.5277249095,,ms,measured,
2026-10-03-b65-users-at-depth,ud32-tp4-eager-c4,tpot_mean_ms,,2,,88.0582389423,,ms,measured,
2026-10-03-b65-users-at-depth,ud32-tp4-eager-c4,tpot_mean_ms,,3,,87.4898529153,,ms,measured,
2026-10-03-b65-users-at-depth,ud32-tp4-eager-c4,tpot_mean_ms,mean,all,3,87.6919389224,,ms,measured,
2026-10-03-b65-users-at-depth,ud32-tp4-eager-c4,tpot_p95_ms,,1,,105.414700857,,ms,measured,
2026-10-03-b65-users-at-depth,ud32-tp4-eager-c4,tpot_p95_ms,,2,,105.964843679,,ms,measured,
2026-10-03-b65-users-at-depth,ud32-tp4-eager-c4,tpot_p95_ms,,3,,105.404682857,,ms,measured,
2026-10-03-b65-users-at-depth,ud32-tp4-eager-c4,tpot_p95_ms,p95_mean,all,3,105.594742464,,ms,measured,mean over reps of the per-rep p95
2026-10-03-b65-users-at-depth,ud32-tp4-eager-c4,tpot_p95_ms,p95_worst,all,3,105.964843679,,ms,measured,worst per-rep p95
2026-10-03-b65-users-at-depth,ud32-tp4-eager-c4,ttft_max_ms,,1,,37957.033391,,ms,measured,
2026-10-03-b65-users-at-depth,ud32-tp4-eager-c4,ttft_max_ms,,2,,37972.088631,,ms,measured,
2026-10-03-b65-users-at-depth,ud32-tp4-eager-c4,ttft_max_ms,,3,,37967.6862221,,ms,measured,
2026-10-03-b65-users-at-depth,ud32-tp4-eager-c4,ttft_max_ms,max,all,3,37972.088631,,ms,measured,
2026-10-03-b65-users-at-depth,ud32-tp4-eager-c4,ttft_mean_ms,,1,,20947.4386319,,ms,measured,
2026-10-03-b65-users-at-depth,ud32-tp4-eager-c4,ttft_mean_ms,,2,,20957.3461448,,ms,measured,
2026-10-03-b65-users-at-depth,ud32-tp4-eager-c4,ttft_mean_ms,,3,,20953.5323216,,ms,measured,
2026-10-03-b65-users-at-depth,ud32-tp4-eager-c4,ttft_mean_ms,mean,all,3,20952.7723661,,ms,measured,
2026-10-03-b65-users-at-depth,ud32-tp4-eager-c4,ttft_p95_ms,,1,,35310.6057106,,ms,measured,p95 across 8 requests
2026-10-03-b65-users-at-depth,ud32-tp4-eager-c4,ttft_p95_ms,,2,,35326.6016645,,ms,measured,p95 across 8 requests
2026-10-03-b65-users-at-depth,ud32-tp4-eager-c4,ttft_p95_ms,,3,,35320.5982096,,ms,measured,p95 across 8 requests
2026-10-03-b65-users-at-depth,ud32-tp4-eager-c4,ttft_p95_ms,p95_mean,all,3,35319.2685282,,ms,measured,mean over reps of the per-rep p95 across 2-16 requests
2026-10-03-b65-users-at-depth,ud32-tp4-eager-c4,ttft_p95_ms,p95_worst,all,3,35326.6016645,,ms,measured,worst per-rep p95
2026-10-03-b65-users-at-depth,ud32-tp4-eager-c4,ttft_p99_ms,,1,,37427.7478549,,ms,measured,p99 across 8 requests
2026-10-03-b65-users-at-depth,ud32-tp4-eager-c4,ttft_p99_ms,,2,,37442.9912377,,ms,measured,p99 across 8 requests
2026-10-03-b65-users-at-depth,ud32-tp4-eager-c4,ttft_p99_ms,,3,,37438.2686196,,ms,measured,p99 across 8 requests
2026-10-03-b65-users-at-depth,ud32-tp4-eager-c8,attempted_requests,sum,all,3,48,,count,derived,requests_per_rep 16 x reps 3
2026-10-03-b65-users-at-depth,ud32-tp4-eager-c8,completed_requests,,1,,16,,count,measured,
2026-10-03-b65-users-at-depth,ud32-tp4-eager-c8,completed_requests,,2,,16,,count,measured,
2026-10-03-b65-users-at-depth,ud32-tp4-eager-c8,completed_requests,,3,,16,,count,measured,
2026-10-03-b65-users-at-depth,ud32-tp4-eager-c8,completed_requests,sum,all,3,48,,count,measured,
2026-10-03-b65-users-at-depth,ud32-tp4-eager-c8,duration_s,,1,,211.321026334,,s,measured,
2026-10-03-b65-users-at-depth,ud32-tp4-eager-c8,duration_s,,2,,211.651025682,,s,measured,
2026-10-03-b65-users-at-depth,ud32-tp4-eager-c8,duration_s,,3,,211.912958796,,s,measured,
2026-10-03-b65-users-at-depth,ud32-tp4-eager-c8,e2el_mean_ms,,1,,105253.225866,,ms,measured,
2026-10-03-b65-users-at-depth,ud32-tp4-eager-c8,e2el_mean_ms,,2,,105431.987208,,ms,measured,
2026-10-03-b65-users-at-depth,ud32-tp4-eager-c8,e2el_mean_ms,,3,,105564.202352,,ms,measured,
2026-10-03-b65-users-at-depth,ud32-tp4-eager-c8,e2el_mean_ms,mean,all,3,105416.471809,,ms,derived,e2el_mean_s x 1000
2026-10-03-b65-users-at-depth,ud32-tp4-eager-c8,energy_j,,1,,175403.88556,,J,measured,served cards over the measured window; 1 warm-up in window
2026-10-03-b65-users-at-depth,ud32-tp4-eager-c8,energy_j,,2,,175310.480408,,J,measured,served cards over the measured window; 1 warm-up in window
2026-10-03-b65-users-at-depth,ud32-tp4-eager-c8,energy_j,,3,,175407.994508,,J,measured,served cards over the measured window; 1 warm-up in window
2026-10-03-b65-users-at-depth,ud32-tp4-eager-c8,engine_prefill_tok_per_s,mean,all,3,2388.4357856,,tok/s,measured,metrics-delta; each delta window also holds that rep's warm-up request
2026-10-03-b65-users-at-depth,ud32-tp4-eager-c8,engine_queue_s,mean,all,3,15.3280338722,,s,measured,per-request engine queue time
2026-10-03-b65-users-at-depth,ud32-tp4-eager-c8,failed_requests,,1,,0,,count,measured,
2026-10-03-b65-users-at-depth,ud32-tp4-eager-c8,failed_requests,,2,,0,,count,measured,
2026-10-03-b65-users-at-depth,ud32-tp4-eager-c8,failed_requests,,3,,0,,count,measured,
2026-10-03-b65-users-at-depth,ud32-tp4-eager-c8,failed_requests,sum,all,3,0,,count,measured,
2026-10-03-b65-users-at-depth,ud32-tp4-eager-c8,joules_per_output_token,,1,,20.1521008226,,J/token,measured,upper bound; warm-up tokens in denominator; corrected 2026-10-06
2026-10-03-b65-users-at-depth,ud32-tp4-eager-c8,joules_per_output_token,,2,,20.1413695322,,J/token,measured,upper bound; warm-up tokens in denominator; corrected 2026-10-06
2026-10-03-b65-users-at-depth,ud32-tp4-eager-c8,joules_per_output_token,,3,,20.1525728984,,J/token,measured,upper bound; warm-up tokens in denominator; corrected 2026-10-06
2026-10-03-b65-users-at-depth,ud32-tp4-eager-c8,joules_per_output_token,mean,all,3,20.1486810844,,J/token,measured,upper bound; warm-up tokens in denominator; corrected 2026-10-06
2026-10-03-b65-users-at-depth,ud32-tp4-eager-c8,joules_per_output_token,superseded_mean,all,3,21.4079736522,,J/token,derived,superseded 2026-10-06: measured tokens only
2026-10-03-b65-users-at-depth,ud32-tp4-eager-c8,output_throughput,,1,,38.765664459,,tok/s,measured,
2026-10-03-b65-users-at-depth,ud32-tp4-eager-c8,output_throughput,,2,,38.7052223045,,tok/s,measured,
2026-10-03-b65-users-at-depth,ud32-tp4-eager-c8,output_throughput,,3,,38.6573810613,,tok/s,measured,
2026-10-03-b65-users-at-depth,ud32-tp4-eager-c8,output_throughput,mean,all,3,38.7094226083,,tok/s,measured,
2026-10-03-b65-users-at-depth,ud32-tp4-eager-c8,output_throughput_cv,cv,all,3,0.140182298526,,percent,derived,
2026-10-03-b65-users-at-depth,ud32-tp4-eager-c8,output_throughput_sd,sd,all,3,0.0542637583584,,tok/s,derived,
2026-10-03-b65-users-at-depth,ud32-tp4-eager-c8,spec_acceptance,,all,,,,fraction,not_applicable,"eager arm, no speculation"
2026-10-03-b65-users-at-depth,ud32-tp4-eager-c8,speedup_ratio,,all,,2.58315421394,,ratio,derived,TP=4 over one card saturated at eight 32K users; output tok/s ud32-tp4-eager-c8 / ud32-1card-eager-c8
2026-10-03-b65-users-at-depth,ud32-tp4-eager-c8,target_met,,all,,0,none,bool,derived,in_target over reps: all/none/some reps with p95 TTFT <= 2000 ms and p95 TPOT <= 100 ms
2026-10-03-b65-users-at-depth,ud32-tp4-eager-c8,target_met,,1,,0,,bool,derived,rep p95 TTFT <= 2000 ms and p95 TPOT <= 100 ms
2026-10-03-b65-users-at-depth,ud32-tp4-eager-c8,target_met,,2,,0,,bool,derived,rep p95 TTFT <= 2000 ms and p95 TPOT <= 100 ms
2026-10-03-b65-users-at-depth,ud32-tp4-eager-c8,target_met,,3,,0,,bool,derived,rep p95 TTFT <= 2000 ms and p95 TPOT <= 100 ms
2026-10-03-b65-users-at-depth,ud32-tp4-eager-c8,tpot_mean_ms,,1,,142.150165494,,ms,measured,
2026-10-03-b65-users-at-depth,ud32-tp4-eager-c8,tpot_mean_ms,,2,,144.395650987,,ms,measured,
2026-10-03-b65-users-at-depth,ud32-tp4-eager-c8,tpot_mean_ms,,3,,142.768122158,,ms,measured,
2026-10-03-b65-users-at-depth,ud32-tp4-eager-c8,tpot_mean_ms,mean,all,3,143.104646213,,ms,measured,
2026-10-03-b65-users-at-depth,ud32-tp4-eager-c8,tpot_p95_ms,,1,,181.409158278,,ms,measured,
2026-10-03-b65-users-at-depth,ud32-tp4-eager-c8,tpot_p95_ms,,2,,181.252344473,,ms,measured,
2026-10-03-b65-users-at-depth,ud32-tp4-eager-c8,tpot_p95_ms,,3,,181.841656027,,ms,measured,
2026-10-03-b65-users-at-depth,ud32-tp4-eager-c8,tpot_p95_ms,p95_mean,all,3,181.501052926,,ms,measured,mean over reps of the per-rep p95
2026-10-03-b65-users-at-depth,ud32-tp4-eager-c8,tpot_p95_ms,p95_worst,all,3,181.841656027,,ms,measured,worst per-rep p95
2026-10-03-b65-users-at-depth,ud32-tp4-eager-c8,ttft_max_ms,,1,,77102.902988,,ms,measured,
2026-10-03-b65-users-at-depth,ud32-tp4-eager-c8,ttft_max_ms,,2,,77107.039643,,ms,measured,
2026-10-03-b65-users-at-depth,ud32-tp4-eager-c8,ttft_max_ms,,3,,77092.38544,,ms,measured,
2026-10-03-b65-users-at-depth,ud32-tp4-eager-c8,ttft_max_ms,max,all,3,77107.039643,,ms,measured,
2026-10-03-b65-users-at-depth,ud32-tp4-eager-c8,ttft_mean_ms,,1,,32614.4912988,,ms,measured,
2026-10-03-b65-users-at-depth,ud32-tp4-eager-c8,ttft_mean_ms,,2,,31645.8095534,,ms,measured,
2026-10-03-b65-users-at-depth,ud32-tp4-eager-c8,ttft_mean_ms,,3,,32609.6919299,,ms,measured,
2026-10-03-b65-users-at-depth,ud32-tp4-eager-c8,ttft_mean_ms,mean,all,3,32289.997594,,ms,measured,
2026-10-03-b65-users-at-depth,ud32-tp4-eager-c8,ttft_p95_ms,,1,,71169.9875352,,ms,measured,p95 across 16 requests
2026-10-03-b65-users-at-depth,ud32-tp4-eager-c8,ttft_p95_ms,,2,,71168.0422956,,ms,measured,p95 across 16 requests
2026-10-03-b65-users-at-depth,ud32-tp4-eager-c8,ttft_p95_ms,,3,,71153.6715258,,ms,measured,p95 across 16 requests
2026-10-03-b65-users-at-depth,ud32-tp4-eager-c8,ttft_p95_ms,p95_mean,all,3,71163.9004522,,ms,measured,mean over reps of the per-rep p95 across 2-16 requests
2026-10-03-b65-users-at-depth,ud32-tp4-eager-c8,ttft_p95_ms,p95_worst,all,3,71169.9875352,,ms,measured,worst per-rep p95
2026-10-03-b65-users-at-depth,ud32-tp4-eager-c8,ttft_p99_ms,,1,,75916.3198974,,ms,measured,p99 across 16 requests
2026-10-03-b65-users-at-depth,ud32-tp4-eager-c8,ttft_p99_ms,,2,,75919.2401735,,ms,measured,p99 across 16 requests
2026-10-03-b65-users-at-depth,ud32-tp4-eager-c8,ttft_p99_ms,,3,,75904.6426572,,ms,measured,p99 across 16 requests
2026-10-03-b65-users-at-depth,ud64-1card-eager-c1,attempted_requests,sum,all,3,6,,count,derived,requests_per_rep 2 x reps 3
2026-10-03-b65-users-at-depth,ud64-1card-eager-c1,completed_requests,,1,,2,,count,measured,
2026-10-03-b65-users-at-depth,ud64-1card-eager-c1,completed_requests,,2,,2,,count,measured,
2026-10-03-b65-users-at-depth,ud64-1card-eager-c1,completed_requests,,3,,2,,count,measured,
2026-10-03-b65-users-at-depth,ud64-1card-eager-c1,completed_requests,sum,all,3,6,,count,measured,
2026-10-03-b65-users-at-depth,ud64-1card-eager-c1,duration_s,,1,,178.618460736,,s,measured,
2026-10-03-b65-users-at-depth,ud64-1card-eager-c1,duration_s,,2,,178.490978815,,s,measured,
2026-10-03-b65-users-at-depth,ud64-1card-eager-c1,duration_s,,3,,178.43033641,,s,measured,
2026-10-03-b65-users-at-depth,ud64-1card-eager-c1,e2el_mean_ms,,1,,89308.763825,,ms,measured,
2026-10-03-b65-users-at-depth,ud64-1card-eager-c1,e2el_mean_ms,,2,,89245.078931,,ms,measured,
2026-10-03-b65-users-at-depth,ud64-1card-eager-c1,e2el_mean_ms,,3,,89214.5939621,,ms,measured,
2026-10-03-b65-users-at-depth,ud64-1card-eager-c1,e2el_mean_ms,mean,all,3,89256.1455727,,ms,derived,e2el_mean_s x 1000
2026-10-03-b65-users-at-depth,ud64-1card-eager-c1,energy_j,,1,,51751.644165,,J,measured,served cards over the measured window; 1 warm-up in window
2026-10-03-b65-users-at-depth,ud64-1card-eager-c1,energy_j,,2,,51453.778809,,J,measured,served cards over the measured window; 1 warm-up in window
2026-10-03-b65-users-at-depth,ud64-1card-eager-c1,energy_j,,3,,52285.29419,,J,measured,served cards over the measured window; 1 warm-up in window
2026-10-03-b65-users-at-depth,ud64-1card-eager-c1,engine_prefill_tok_per_s,mean,all,3,1035.41551629,,tok/s,measured,metrics-delta; each delta window also holds that rep's warm-up request
2026-10-03-b65-users-at-depth,ud64-1card-eager-c1,engine_queue_s,mean,all,3,2.28364434507e-05,,s,measured,per-request engine queue time
2026-10-03-b65-users-at-depth,ud64-1card-eager-c1,failed_requests,,1,,0,,count,measured,
2026-10-03-b65-users-at-depth,ud64-1card-eager-c1,failed_requests,,2,,0,,count,measured,
2026-10-03-b65-users-at-depth,ud64-1card-eager-c1,failed_requests,,3,,0,,count,measured,
2026-10-03-b65-users-at-depth,ud64-1card-eager-c1,failed_requests,sum,all,3,0,,count,measured,
2026-10-03-b65-users-at-depth,ud64-1card-eager-c1,joules_per_output_token,,1,,33.6924766699,,J/token,measured,upper bound; warm-up tokens in denominator; corrected 2026-10-06
2026-10-03-b65-users-at-depth,ud64-1card-eager-c1,joules_per_output_token,,2,,33.4985539121,,J/token,measured,upper bound; warm-up tokens in denominator; corrected 2026-10-06
2026-10-03-b65-users-at-depth,ud64-1card-eager-c1,joules_per_output_token,,3,,34.0399050716,,J/token,measured,upper bound; warm-up tokens in denominator; corrected 2026-10-06
2026-10-03-b65-users-at-depth,ud64-1card-eager-c1,joules_per_output_token,mean,all,3,33.7436452179,,J/token,measured,upper bound; warm-up tokens in denominator; corrected 2026-10-06
2026-10-03-b65-users-at-depth,ud64-1card-eager-c1,joules_per_output_token,superseded_mean,all,3,50.6154678268,,J/token,derived,superseded 2026-10-06: measured tokens only
2026-10-03-b65-users-at-depth,ud64-1card-eager-c1,output_throughput,,1,,5.73289007072,,tok/s,measured,
2026-10-03-b65-users-at-depth,ud64-1card-eager-c1,output_throughput,,2,,5.73698461848,,tok/s,measured,
2026-10-03-b65-users-at-depth,ud64-1card-eager-c1,output_throughput,,3,,5.73893442451,,tok/s,measured,
2026-10-03-b65-users-at-depth,ud64-1card-eager-c1,output_throughput,mean,all,3,5.73626970457,,tok/s,measured,
2026-10-03-b65-users-at-depth,ud64-1card-eager-c1,output_throughput_cv,cv,all,3,0.0537796195465,,percent,derived,
2026-10-03-b65-users-at-depth,ud64-1card-eager-c1,output_throughput_sd,sd,all,3,0.00308494402328,,tok/s,derived,
2026-10-03-b65-users-at-depth,ud64-1card-eager-c1,spec_acceptance,,all,,,,fraction,not_applicable,"eager arm, no speculation"
2026-10-03-b65-users-at-depth,ud64-1card-eager-c1,target_met,,all,,0,none,bool,derived,in_target over reps: all/none/some reps with p95 TTFT <= 2000 ms and p95 TPOT <= 100 ms
2026-10-03-b65-users-at-depth,ud64-1card-eager-c1,target_met,,1,,0,,bool,derived,rep p95 TTFT <= 2000 ms and p95 TPOT <= 100 ms
2026-10-03-b65-users-at-depth,ud64-1card-eager-c1,target_met,,2,,0,,bool,derived,rep p95 TTFT <= 2000 ms and p95 TPOT <= 100 ms
2026-10-03-b65-users-at-depth,ud64-1card-eager-c1,target_met,,3,,0,,bool,derived,rep p95 TTFT <= 2000 ms and p95 TPOT <= 100 ms
2026-10-03-b65-users-at-depth,ud64-1card-eager-c1,tpot_mean_ms,,1,,50.2419252838,,ms,measured,
2026-10-03-b65-users-at-depth,ud64-1card-eager-c1,tpot_mean_ms,,2,,50.1993460774,,ms,measured,
2026-10-03-b65-users-at-depth,ud64-1card-eager-c1,tpot_mean_ms,,3,,50.1278084492,,ms,measured,
2026-10-03-b65-users-at-depth,ud64-1card-eager-c1,tpot_mean_ms,mean,all,3,50.1896932701,,ms,measured,
2026-10-03-b65-users-at-depth,ud64-1card-eager-c1,tpot_p95_ms,,1,,50.2561362344,,ms,measured,
2026-10-03-b65-users-at-depth,ud64-1card-eager-c1,tpot_p95_ms,,2,,50.600899205,,ms,measured,
2026-10-03-b65-users-at-depth,ud64-1card-eager-c1,tpot_p95_ms,,3,,50.3266257804,,ms,measured,
2026-10-03-b65-users-at-depth,ud64-1card-eager-c1,tpot_p95_ms,p95_mean,all,3,50.3945537399,,ms,measured,mean over reps of the per-rep p95
2026-10-03-b65-users-at-depth,ud64-1card-eager-c1,tpot_p95_ms,p95_worst,all,3,50.600899205,,ms,measured,worst per-rep p95
2026-10-03-b65-users-at-depth,ud64-1card-eager-c1,ttft_max_ms,,1,,63643.620883,,ms,measured,
2026-10-03-b65-users-at-depth,ud64-1card-eager-c1,ttft_max_ms,,2,,63620.910425,,ms,measured,
2026-10-03-b65-users-at-depth,ud64-1card-eager-c1,ttft_max_ms,,3,,63607.539423,,ms,measured,
2026-10-03-b65-users-at-depth,ud64-1card-eager-c1,ttft_max_ms,max,all,3,63643.620883,,ms,measured,
2026-10-03-b65-users-at-depth,ud64-1card-eager-c1,ttft_mean_ms,,1,,63635.140005,,ms,measured,
2026-10-03-b65-users-at-depth,ud64-1card-eager-c1,ttft_mean_ms,,2,,63593.2130855,,ms,measured,
2026-10-03-b65-users-at-depth,ud64-1card-eager-c1,ttft_mean_ms,,3,,63599.2838445,,ms,measured,
2026-10-03-b65-users-at-depth,ud64-1card-eager-c1,ttft_mean_ms,mean,all,3,63609.2123117,,ms,measured,
2026-10-03-b65-users-at-depth,ud64-1card-eager-c1,ttft_p95_ms,,1,,63642.7727952,,ms,measured,p95 across 2 requests
2026-10-03-b65-users-at-depth,ud64-1card-eager-c1,ttft_p95_ms,,2,,63618.140691,,ms,measured,p95 across 2 requests
2026-10-03-b65-users-at-depth,ud64-1card-eager-c1,ttft_p95_ms,,3,,63606.7138652,,ms,measured,p95 across 2 requests
2026-10-03-b65-users-at-depth,ud64-1card-eager-c1,ttft_p95_ms,p95_mean,all,3,63622.5424505,,ms,measured,mean over reps of the per-rep p95 across 2-16 requests
2026-10-03-b65-users-at-depth,ud64-1card-eager-c1,ttft_p95_ms,p95_worst,all,3,63642.7727952,,ms,measured,worst per-rep p95
2026-10-03-b65-users-at-depth,ud64-1card-eager-c1,ttft_p99_ms,,1,,63643.4512654,,ms,measured,p99 across 2 requests
2026-10-03-b65-users-at-depth,ud64-1card-eager-c1,ttft_p99_ms,,2,,63620.3564782,,ms,measured,p99 across 2 requests
2026-10-03-b65-users-at-depth,ud64-1card-eager-c1,ttft_p99_ms,,3,,63607.3743115,,ms,measured,p99 across 2 requests
2026-10-03-b65-users-at-depth,ud64-1card-eager-c2,attempted_requests,sum,all,3,12,,count,derived,requests_per_rep 4 x reps 3
2026-10-03-b65-users-at-depth,ud64-1card-eager-c2,completed_requests,,1,,4,,count,measured,
2026-10-03-b65-users-at-depth,ud64-1card-eager-c2,completed_requests,,2,,4,,count,measured,
2026-10-03-b65-users-at-depth,ud64-1card-eager-c2,completed_requests,,3,,4,,count,measured,
2026-10-03-b65-users-at-depth,ud64-1card-eager-c2,completed_requests,sum,all,3,12,,count,measured,
2026-10-03-b65-users-at-depth,ud64-1card-eager-c2,duration_s,,1,,307.141308103,,s,measured,
2026-10-03-b65-users-at-depth,ud64-1card-eager-c2,duration_s,,2,,307.180445664,,s,measured,
2026-10-03-b65-users-at-depth,ud64-1card-eager-c2,duration_s,,3,,307.093429369,,s,measured,
2026-10-03-b65-users-at-depth,ud64-1card-eager-c2,e2el_mean_ms,,1,,153481.189737,,ms,measured,
2026-10-03-b65-users-at-depth,ud64-1card-eager-c2,e2el_mean_ms,,2,,153500.553084,,ms,measured,
2026-10-03-b65-users-at-depth,ud64-1card-eager-c2,e2el_mean_ms,,3,,153456.350091,,ms,measured,
2026-10-03-b65-users-at-depth,ud64-1card-eager-c2,e2el_mean_ms,mean,all,3,153479.364304,,ms,derived,e2el_mean_s x 1000
2026-10-03-b65-users-at-depth,ud64-1card-eager-c2,energy_j,,1,,78716.695801,,J,measured,served cards over the measured window; 1 warm-up in window
2026-10-03-b65-users-at-depth,ud64-1card-eager-c2,energy_j,,2,,78877.560181,,J,measured,served cards over the measured window; 1 warm-up in window
2026-10-03-b65-users-at-depth,ud64-1card-eager-c2,energy_j,,3,,78482.671142,,J,measured,served cards over the measured window; 1 warm-up in window
2026-10-03-b65-users-at-depth,ud64-1card-eager-c2,engine_prefill_tok_per_s,mean,all,3,931.765173524,,tok/s,measured,metrics-delta; each delta window also holds that rep's warm-up request
2026-10-03-b65-users-at-depth,ud64-1card-eager-c2,engine_queue_s,mean,all,3,16.743120582,,s,measured,per-request engine queue time
2026-10-03-b65-users-at-depth,ud64-1card-eager-c2,failed_requests,,1,,0,,count,measured,
2026-10-03-b65-users-at-depth,ud64-1card-eager-c2,failed_requests,,2,,0,,count,measured,
2026-10-03-b65-users-at-depth,ud64-1card-eager-c2,failed_requests,,3,,0,,count,measured,
2026-10-03-b65-users-at-depth,ud64-1card-eager-c2,failed_requests,sum,all,3,0,,count,measured,
2026-10-03-b65-users-at-depth,ud64-1card-eager-c2,joules_per_output_token,,1,,30.7487092973,,J/token,measured,upper bound; warm-up tokens in denominator; corrected 2026-10-06
2026-10-03-b65-users-at-depth,ud64-1card-eager-c2,joules_per_output_token,,2,,30.8115469457,,J/token,measured,upper bound; warm-up tokens in denominator; corrected 2026-10-06
2026-10-03-b65-users-at-depth,ud64-1card-eager-c2,joules_per_output_token,,3,,30.6572934148,,J/token,measured,upper bound; warm-up tokens in denominator; corrected 2026-10-06
2026-10-03-b65-users-at-depth,ud64-1card-eager-c2,joules_per_output_token,mean,all,3,30.7391832193,,J/token,measured,upper bound; warm-up tokens in denominator; corrected 2026-10-06
2026-10-03-b65-users-at-depth,ud64-1card-eager-c2,joules_per_output_token,superseded_mean,all,3,38.4239790241,,J/token,derived,superseded 2026-10-06: measured tokens only
2026-10-03-b65-users-at-depth,ud64-1card-eager-c2,output_throughput,,1,,6.66794060574,,tok/s,measured,
2026-10-03-b65-users-at-depth,ud64-1card-eager-c2,output_throughput,,2,,6.66709104993,,tok/s,measured,
2026-10-03-b65-users-at-depth,ud64-1card-eager-c2,output_throughput,,3,,6.66898019996,,tok/s,measured,
2026-10-03-b65-users-at-depth,ud64-1card-eager-c2,output_throughput,mean,all,3,6.66800395188,,tok/s,measured,
2026-10-03-b65-users-at-depth,ud64-1card-eager-c2,output_throughput_cv,cv,all,3,0.0141896548259,,percent,derived,
2026-10-03-b65-users-at-depth,ud64-1card-eager-c2,output_throughput_sd,sd,all,3,0.000946166744546,,tok/s,derived,
2026-10-03-b65-users-at-depth,ud64-1card-eager-c2,spec_acceptance,,all,,,,fraction,not_applicable,"eager arm, no speculation"
2026-10-03-b65-users-at-depth,ud64-1card-eager-c2,target_met,,all,,0,none,bool,derived,in_target over reps: all/none/some reps with p95 TTFT <= 2000 ms and p95 TPOT <= 100 ms
2026-10-03-b65-users-at-depth,ud64-1card-eager-c2,target_met,,1,,0,,bool,derived,rep p95 TTFT <= 2000 ms and p95 TPOT <= 100 ms
2026-10-03-b65-users-at-depth,ud64-1card-eager-c2,target_met,,2,,0,,bool,derived,rep p95 TTFT <= 2000 ms and p95 TPOT <= 100 ms
2026-10-03-b65-users-at-depth,ud64-1card-eager-c2,target_met,,3,,0,,bool,derived,rep p95 TTFT <= 2000 ms and p95 TPOT <= 100 ms
2026-10-03-b65-users-at-depth,ud64-1card-eager-c2,tpot_mean_ms,,1,,112.613350268,,ms,measured,
2026-10-03-b65-users-at-depth,ud64-1card-eager-c2,tpot_mean_ms,,2,,112.610442785,,ms,measured,
2026-10-03-b65-users-at-depth,ud64-1card-eager-c2,tpot_mean_ms,,3,,109.392209039,,ms,measured,
2026-10-03-b65-users-at-depth,ud64-1card-eager-c2,tpot_mean_ms,mean,all,3,111.538667364,,ms,measured,
2026-10-03-b65-users-at-depth,ud64-1card-eager-c2,tpot_p95_ms,,1,,163.771585854,,ms,measured,
2026-10-03-b65-users-at-depth,ud64-1card-eager-c2,tpot_p95_ms,,2,,163.799185127,,ms,measured,
2026-10-03-b65-users-at-depth,ud64-1card-eager-c2,tpot_p95_ms,,3,,163.776027524,,ms,measured,
2026-10-03-b65-users-at-depth,ud64-1card-eager-c2,tpot_p95_ms,p95_mean,all,3,163.782266168,,ms,measured,mean over reps of the per-rep p95
2026-10-03-b65-users-at-depth,ud64-1card-eager-c2,tpot_p95_ms,p95_worst,all,3,163.799185127,,ms,measured,worst per-rep p95
2026-10-03-b65-users-at-depth,ud64-1card-eager-c2,ttft_max_ms,,1,,128425.548902,,ms,measured,
2026-10-03-b65-users-at-depth,ud64-1card-eager-c2,ttft_max_ms,,2,,128485.050108,,ms,measured,
2026-10-03-b65-users-at-depth,ud64-1card-eager-c2,ttft_max_ms,,3,,128479.732407,,ms,measured,
2026-10-03-b65-users-at-depth,ud64-1card-eager-c2,ttft_max_ms,max,all,3,128485.050108,,ms,measured,
2026-10-03-b65-users-at-depth,ud64-1card-eager-c2,ttft_mean_ms,,1,,95935.7677495,,ms,measured,
2026-10-03-b65-users-at-depth,ud64-1card-eager-c2,ttft_mean_ms,,2,,95956.616821,,ms,measured,
2026-10-03-b65-users-at-depth,ud64-1card-eager-c2,ttft_mean_ms,,3,,97556.9312722,,ms,measured,
2026-10-03-b65-users-at-depth,ud64-1card-eager-c2,ttft_mean_ms,mean,all,3,96483.1052809,,ms,measured,
2026-10-03-b65-users-at-depth,ud64-1card-eager-c2,ttft_p95_ms,,1,,126547.125937,,ms,measured,p95 across 4 requests
2026-10-03-b65-users-at-depth,ud64-1card-eager-c2,ttft_p95_ms,,2,,126598.806969,,ms,measured,p95 across 4 requests
2026-10-03-b65-users-at-depth,ud64-1card-eager-c2,ttft_p95_ms,,3,,127564.962644,,ms,measured,p95 across 4 requests
2026-10-03-b65-users-at-depth,ud64-1card-eager-c2,ttft_p95_ms,p95_mean,all,3,126903.63185,,ms,measured,mean over reps of the per-rep p95 across 2-16 requests
2026-10-03-b65-users-at-depth,ud64-1card-eager-c2,ttft_p95_ms,p95_worst,all,3,127564.962644,,ms,measured,worst per-rep p95
2026-10-03-b65-users-at-depth,ud64-1card-eager-c2,ttft_p99_ms,,1,,128049.864309,,ms,measured,p99 across 4 requests
2026-10-03-b65-users-at-depth,ud64-1card-eager-c2,ttft_p99_ms,,2,,128107.80148,,ms,measured,p99 across 4 requests
2026-10-03-b65-users-at-depth,ud64-1card-eager-c2,ttft_p99_ms,,3,,128296.778454,,ms,measured,p99 across 4 requests
2026-10-03-b65-users-at-depth,ud64-1card-eager-c4,attempted_requests,sum,all,3,24,,count,derived,requests_per_rep 8 x reps 3
2026-10-03-b65-users-at-depth,ud64-1card-eager-c4,completed_requests,,1,,8,,count,measured,
2026-10-03-b65-users-at-depth,ud64-1card-eager-c4,completed_requests,,2,,8,,count,measured,
2026-10-03-b65-users-at-depth,ud64-1card-eager-c4,completed_requests,,3,,8,,count,measured,
2026-10-03-b65-users-at-depth,ud64-1card-eager-c4,completed_requests,sum,all,3,24,,count,measured,
2026-10-03-b65-users-at-depth,ud64-1card-eager-c4,duration_s,,1,,616.063535341,,s,measured,
2026-10-03-b65-users-at-depth,ud64-1card-eager-c4,duration_s,,2,,616.040900954,,s,measured,
2026-10-03-b65-users-at-depth,ud64-1card-eager-c4,duration_s,,3,,616.027671935,,s,measured,
2026-10-03-b65-users-at-depth,ud64-1card-eager-c4,e2el_mean_ms,,1,,276171.544027,,ms,measured,
2026-10-03-b65-users-at-depth,ud64-1card-eager-c4,e2el_mean_ms,,2,,276153.398921,,ms,measured,
2026-10-03-b65-users-at-depth,ud64-1card-eager-c4,e2el_mean_ms,,3,,276142.784514,,ms,measured,
2026-10-03-b65-users-at-depth,ud64-1card-eager-c4,e2el_mean_ms,mean,all,3,276155.909154,,ms,derived,e2el_mean_s x 1000
2026-10-03-b65-users-at-depth,ud64-1card-eager-c4,energy_j,,1,,139273.838379,,J,measured,served cards over the measured window; 1 warm-up in window
2026-10-03-b65-users-at-depth,ud64-1card-eager-c4,energy_j,,2,,139250.970154,,J,measured,served cards over the measured window; 1 warm-up in window
2026-10-03-b65-users-at-depth,ud64-1card-eager-c4,energy_j,,3,,140116.546753,,J,measured,served cards over the measured window; 1 warm-up in window
2026-10-03-b65-users-at-depth,ud64-1card-eager-c4,engine_prefill_tok_per_s,mean,all,3,917.216219306,,tok/s,measured,metrics-delta; each delta window also holds that rep's warm-up request
2026-10-03-b65-users-at-depth,ud64-1card-eager-c4,engine_queue_s,mean,all,3,108.979295261,,s,measured,per-request engine queue time
2026-10-03-b65-users-at-depth,ud64-1card-eager-c4,failed_requests,,1,,0,,count,measured,
2026-10-03-b65-users-at-depth,ud64-1card-eager-c4,failed_requests,,2,,0,,count,measured,
2026-10-03-b65-users-at-depth,ud64-1card-eager-c4,failed_requests,,3,,0,,count,measured,
2026-10-03-b65-users-at-depth,ud64-1card-eager-c4,failed_requests,sum,all,3,0,,count,measured,
2026-10-03-b65-users-at-depth,ud64-1card-eager-c4,joules_per_output_token,,1,,30.2243572871,,J/token,measured,upper bound; warm-up tokens in denominator; corrected 2026-10-06
2026-10-03-b65-users-at-depth,ud64-1card-eager-c4,joules_per_output_token,,2,,30.2193945647,,J/token,measured,upper bound; warm-up tokens in denominator; corrected 2026-10-06
2026-10-03-b65-users-at-depth,ud64-1card-eager-c4,joules_per_output_token,,3,,30.4072367086,,J/token,measured,upper bound; warm-up tokens in denominator; corrected 2026-10-06
2026-10-03-b65-users-at-depth,ud64-1card-eager-c4,joules_per_output_token,mean,all,3,30.2836628534,,J/token,measured,upper bound; warm-up tokens in denominator; corrected 2026-10-06
2026-10-03-b65-users-at-depth,ud64-1card-eager-c4,joules_per_output_token,superseded_mean,all,3,34.0691207101,,J/token,derived,superseded 2026-10-06: measured tokens only
2026-10-03-b65-users-at-depth,ud64-1card-eager-c4,output_throughput,,1,,6.64866489417,,tok/s,measured,
2026-10-03-b65-users-at-depth,ud64-1card-eager-c4,output_throughput,,2,,6.64890917739,,tok/s,measured,
2026-10-03-b65-users-at-depth,ud64-1card-eager-c4,output_throughput,,3,,6.64905196082,,tok/s,measured,
2026-10-03-b65-users-at-depth,ud64-1card-eager-c4,output_throughput,mean,all,3,6.64887534413,,tok/s,measured,
2026-10-03-b65-users-at-depth,ud64-1card-eager-c4,output_throughput_cv,cv,all,3,0.00294393801105,,percent,derived,
2026-10-03-b65-users-at-depth,ud64-1card-eager-c4,output_throughput_sd,sd,all,3,0.000195738768563,,tok/s,derived,
2026-10-03-b65-users-at-depth,ud64-1card-eager-c4,spec_acceptance,,all,,,,fraction,not_applicable,"eager arm, no speculation"
2026-10-03-b65-users-at-depth,ud64-1card-eager-c4,target_met,,all,,0,none,bool,derived,in_target over reps: all/none/some reps with p95 TTFT <= 2000 ms and p95 TPOT <= 100 ms
2026-10-03-b65-users-at-depth,ud64-1card-eager-c4,target_met,,1,,0,,bool,derived,rep p95 TTFT <= 2000 ms and p95 TPOT <= 100 ms
2026-10-03-b65-users-at-depth,ud64-1card-eager-c4,target_met,,2,,0,,bool,derived,rep p95 TTFT <= 2000 ms and p95 TPOT <= 100 ms
2026-10-03-b65-users-at-depth,ud64-1card-eager-c4,target_met,,3,,0,,bool,derived,rep p95 TTFT <= 2000 ms and p95 TPOT <= 100 ms
2026-10-03-b65-users-at-depth,ud64-1card-eager-c4,tpot_mean_ms,,1,,146.178057188,,ms,measured,
2026-10-03-b65-users-at-depth,ud64-1card-eager-c4,tpot_mean_ms,,2,,146.174301871,,ms,measured,
2026-10-03-b65-users-at-depth,ud64-1card-eager-c4,tpot_mean_ms,,3,,146.176429662,,ms,measured,
2026-10-03-b65-users-at-depth,ud64-1card-eager-c4,tpot_mean_ms,mean,all,3,146.176262907,,ms,measured,
2026-10-03-b65-users-at-depth,ud64-1card-eager-c4,tpot_p95_ms,,1,,163.815796069,,ms,measured,
2026-10-03-b65-users-at-depth,ud64-1card-eager-c4,tpot_p95_ms,,2,,163.787247976,,ms,measured,
2026-10-03-b65-users-at-depth,ud64-1card-eager-c4,tpot_p95_ms,,3,,163.744534096,,ms,measured,
2026-10-03-b65-users-at-depth,ud64-1card-eager-c4,tpot_p95_ms,p95_mean,all,3,163.782526047,,ms,measured,mean over reps of the per-rep p95
2026-10-03-b65-users-at-depth,ud64-1card-eager-c4,tpot_p95_ms,p95_worst,all,3,163.815796069,,ms,measured,worst per-rep p95
2026-10-03-b65-users-at-depth,ud64-1card-eager-c4,ttft_max_ms,,1,,282630.484892,,ms,measured,
2026-10-03-b65-users-at-depth,ud64-1card-eager-c4,ttft_max_ms,,2,,282622.930358,,ms,measured,
2026-10-03-b65-users-at-depth,ud64-1card-eager-c4,ttft_max_ms,,3,,282566.391209,,ms,measured,
2026-10-03-b65-users-at-depth,ud64-1card-eager-c4,ttft_max_ms,max,all,3,282630.484892,,ms,measured,
2026-10-03-b65-users-at-depth,ud64-1card-eager-c4,ttft_mean_ms,,1,,201474.556804,,ms,measured,
2026-10-03-b65-users-at-depth,ud64-1card-eager-c4,ttft_mean_ms,,2,,201458.330665,,ms,measured,
2026-10-03-b65-users-at-depth,ud64-1card-eager-c4,ttft_mean_ms,,3,,201446.628957,,ms,measured,
2026-10-03-b65-users-at-depth,ud64-1card-eager-c4,ttft_mean_ms,mean,all,3,201459.838809,,ms,measured,
2026-10-03-b65-users-at-depth,ud64-1card-eager-c4,ttft_p95_ms,,1,,263889.335249,,ms,measured,p95 across 8 requests
2026-10-03-b65-users-at-depth,ud64-1card-eager-c4,ttft_p95_ms,,2,,263874.836847,,ms,measured,p95 across 8 requests
2026-10-03-b65-users-at-depth,ud64-1card-eager-c4,ttft_p95_ms,,3,,263839.506535,,ms,measured,p95 across 8 requests
2026-10-03-b65-users-at-depth,ud64-1card-eager-c4,ttft_p95_ms,p95_mean,all,3,263867.892877,,ms,measured,mean over reps of the per-rep p95 across 2-16 requests
2026-10-03-b65-users-at-depth,ud64-1card-eager-c4,ttft_p95_ms,p95_worst,all,3,263889.335249,,ms,measured,worst per-rep p95
2026-10-03-b65-users-at-depth,ud64-1card-eager-c4,ttft_p99_ms,,1,,278882.254963,,ms,measured,p99 across 8 requests
2026-10-03-b65-users-at-depth,ud64-1card-eager-c4,ttft_p99_ms,,2,,278873.311656,,ms,measured,p99 across 8 requests
2026-10-03-b65-users-at-depth,ud64-1card-eager-c4,ttft_p99_ms,,3,,278821.014274,,ms,measured,p99 across 8 requests
2026-10-03-b65-users-at-depth,ud64-1card-eager-c8,attempted_requests,sum,all,3,48,,count,derived,requests_per_rep 16 x reps 3
2026-10-03-b65-users-at-depth,ud64-1card-eager-c8,completed_requests,,1,,16,,count,measured,
2026-10-03-b65-users-at-depth,ud64-1card-eager-c8,completed_requests,,2,,16,,count,measured,
2026-10-03-b65-users-at-depth,ud64-1card-eager-c8,completed_requests,,3,,16,,count,measured,
2026-10-03-b65-users-at-depth,ud64-1card-eager-c8,completed_requests,sum,all,3,48,,count,measured,
2026-10-03-b65-users-at-depth,ud64-1card-eager-c8,duration_s,,1,,1232.63493082,,s,measured,
2026-10-03-b65-users-at-depth,ud64-1card-eager-c8,duration_s,,2,,1232.59787252,,s,measured,
2026-10-03-b65-users-at-depth,ud64-1card-eager-c8,duration_s,,3,,1232.66453315,,s,measured,
2026-10-03-b65-users-at-depth,ud64-1card-eager-c8,e2el_mean_ms,,1,,510766.853482,,ms,measured,
2026-10-03-b65-users-at-depth,ud64-1card-eager-c8,e2el_mean_ms,,2,,510764.913054,,ms,measured,
2026-10-03-b65-users-at-depth,ud64-1card-eager-c8,e2el_mean_ms,,3,,510774.423109,,ms,measured,
2026-10-03-b65-users-at-depth,ud64-1card-eager-c8,e2el_mean_ms,mean,all,3,510768.729882,,ms,derived,e2el_mean_s x 1000
2026-10-03-b65-users-at-depth,ud64-1card-eager-c8,energy_j,,1,,260844.573731,,J,measured,served cards over the measured window; 1 warm-up in window
2026-10-03-b65-users-at-depth,ud64-1card-eager-c8,energy_j,,2,,260847.687683,,J,measured,served cards over the measured window; 1 warm-up in window
2026-10-03-b65-users-at-depth,ud64-1card-eager-c8,energy_j,,3,,260797.097778,,J,measured,served cards over the measured window; 1 warm-up in window
2026-10-03-b65-users-at-depth,ud64-1card-eager-c8,engine_prefill_tok_per_s,mean,all,3,910.212702168,,tok/s,measured,metrics-delta; each delta window also holds that rep's warm-up request
2026-10-03-b65-users-at-depth,ud64-1card-eager-c8,engine_queue_s,mean,all,3,332.605369034,,s,measured,per-request engine queue time
2026-10-03-b65-users-at-depth,ud64-1card-eager-c8,failed_requests,,1,,0,,count,measured,
2026-10-03-b65-users-at-depth,ud64-1card-eager-c8,failed_requests,,2,,0,,count,measured,
2026-10-03-b65-users-at-depth,ud64-1card-eager-c8,failed_requests,,3,,0,,count,measured,
2026-10-03-b65-users-at-depth,ud64-1card-eager-c8,failed_requests,sum,all,3,0,,count,measured,
2026-10-03-b65-users-at-depth,ud64-1card-eager-c8,joules_per_output_token,,1,,29.968356357,,J/token,measured,upper bound; warm-up tokens in denominator; corrected 2026-10-06
2026-10-03-b65-users-at-depth,ud64-1card-eager-c8,joules_per_output_token,,2,,29.968714118,,J/token,measured,upper bound; warm-up tokens in denominator; corrected 2026-10-06
2026-10-03-b65-users-at-depth,ud64-1card-eager-c8,joules_per_output_token,,3,,29.9629018587,,J/token,measured,upper bound; warm-up tokens in denominator; corrected 2026-10-06
2026-10-03-b65-users-at-depth,ud64-1card-eager-c8,joules_per_output_token,mean,all,3,29.9666574445,,J/token,measured,upper bound; warm-up tokens in denominator; corrected 2026-10-06
2026-10-03-b65-users-at-depth,ud64-1card-eager-c8,joules_per_output_token,superseded_mean,all,3,31.8395735348,,J/token,derived,superseded 2026-10-06: measured tokens only
2026-10-03-b65-users-at-depth,ud64-1card-eager-c8,output_throughput,,1,,6.64592556575,,tok/s,measured,
2026-10-03-b65-users-at-depth,ud64-1card-eager-c8,output_throughput,,2,,6.64612537685,,tok/s,measured,
2026-10-03-b65-users-at-depth,ud64-1card-eager-c8,output_throughput,,3,,6.64576596447,,tok/s,measured,
2026-10-03-b65-users-at-depth,ud64-1card-eager-c8,output_throughput,mean,all,3,6.64593896902,,tok/s,measured,
2026-10-03-b65-users-at-depth,ud64-1card-eager-c8,output_throughput_cv,cv,all,3,0.00270963487174,,percent,derived,
2026-10-03-b65-users-at-depth,ud64-1card-eager-c8,output_throughput_sd,sd,all,3,0.000180080679859,,tok/s,derived,
2026-10-03-b65-users-at-depth,ud64-1card-eager-c8,spec_acceptance,,all,,,,fraction,not_applicable,"eager arm, no speculation"
2026-10-03-b65-users-at-depth,ud64-1card-eager-c8,target_met,,all,,0,none,bool,derived,in_target over reps: all/none/some reps with p95 TTFT <= 2000 ms and p95 TPOT <= 100 ms
2026-10-03-b65-users-at-depth,ud64-1card-eager-c8,target_met,,1,,0,,bool,derived,rep p95 TTFT <= 2000 ms and p95 TPOT <= 100 ms
2026-10-03-b65-users-at-depth,ud64-1card-eager-c8,target_met,,2,,0,,bool,derived,rep p95 TTFT <= 2000 ms and p95 TPOT <= 100 ms
2026-10-03-b65-users-at-depth,ud64-1card-eager-c8,target_met,,3,,0,,bool,derived,rep p95 TTFT <= 2000 ms and p95 TPOT <= 100 ms
2026-10-03-b65-users-at-depth,ud64-1card-eager-c8,tpot_mean_ms,,1,,152.780386408,,ms,measured,
2026-10-03-b65-users-at-depth,ud64-1card-eager-c8,tpot_mean_ms,,2,,152.79042634,,ms,measured,
2026-10-03-b65-users-at-depth,ud64-1card-eager-c8,tpot_mean_ms,,3,,152.794495603,,ms,measured,
2026-10-03-b65-users-at-depth,ud64-1card-eager-c8,tpot_mean_ms,mean,all,3,152.788436117,,ms,measured,
2026-10-03-b65-users-at-depth,ud64-1card-eager-c8,tpot_p95_ms,,1,,163.776868595,,ms,measured,
2026-10-03-b65-users-at-depth,ud64-1card-eager-c8,tpot_p95_ms,,2,,163.781116787,,ms,measured,
2026-10-03-b65-users-at-depth,ud64-1card-eager-c8,tpot_p95_ms,,3,,163.785090546,,ms,measured,
2026-10-03-b65-users-at-depth,ud64-1card-eager-c8,tpot_p95_ms,p95_mean,all,3,163.781025309,,ms,measured,mean over reps of the per-rep p95
2026-10-03-b65-users-at-depth,ud64-1card-eager-c8,tpot_p95_ms,p95_worst,all,3,163.785090546,,ms,measured,worst per-rep p95
2026-10-03-b65-users-at-depth,ud64-1card-eager-c8,ttft_max_ms,,1,,590903.538281,,ms,measured,
2026-10-03-b65-users-at-depth,ud64-1card-eager-c8,ttft_max_ms,,2,,590924.207561,,ms,measured,
2026-10-03-b65-users-at-depth,ud64-1card-eager-c8,ttft_max_ms,,3,,590893.767631,,ms,measured,
2026-10-03-b65-users-at-depth,ud64-1card-eager-c8,ttft_max_ms,max,all,3,590924.207561,,ms,measured,
2026-10-03-b65-users-at-depth,ud64-1card-eager-c8,ttft_mean_ms,,1,,432696.076027,,ms,measured,
2026-10-03-b65-users-at-depth,ud64-1card-eager-c8,ttft_mean_ms,,2,,432689.005195,,ms,measured,
2026-10-03-b65-users-at-depth,ud64-1card-eager-c8,ttft_mean_ms,,3,,432696.435856,,ms,measured,
2026-10-03-b65-users-at-depth,ud64-1card-eager-c8,ttft_mean_ms,mean,all,3,432693.839026,,ms,measured,
2026-10-03-b65-users-at-depth,ud64-1card-eager-c8,ttft_p95_ms,,1,,550744.858353,,ms,measured,p95 across 16 requests
2026-10-03-b65-users-at-depth,ud64-1card-eager-c8,ttft_p95_ms,,2,,550786.697363,,ms,measured,p95 across 16 requests
2026-10-03-b65-users-at-depth,ud64-1card-eager-c8,ttft_p95_ms,,3,,550776.895933,,ms,measured,p95 across 16 requests
2026-10-03-b65-users-at-depth,ud64-1card-eager-c8,ttft_p95_ms,p95_mean,all,3,550769.483883,,ms,measured,mean over reps of the per-rep p95 across 2-16 requests
2026-10-03-b65-users-at-depth,ud64-1card-eager-c8,ttft_p95_ms,p95_worst,all,3,550786.697363,,ms,measured,worst per-rep p95
2026-10-03-b65-users-at-depth,ud64-1card-eager-c8,ttft_p99_ms,,1,,582871.802295,,ms,measured,p99 across 16 requests
2026-10-03-b65-users-at-depth,ud64-1card-eager-c8,ttft_p99_ms,,2,,582896.705521,,ms,measured,p99 across 16 requests
2026-10-03-b65-users-at-depth,ud64-1card-eager-c8,ttft_p99_ms,,3,,582870.393291,,ms,measured,p99 across 16 requests
2026-10-03-b65-users-at-depth,ud64-1card-mtp-c1,attempted_requests,sum,all,3,6,,count,derived,requests_per_rep 2 x reps 3
2026-10-03-b65-users-at-depth,ud64-1card-mtp-c1,completed_requests,,1,,2,,count,measured,
2026-10-03-b65-users-at-depth,ud64-1card-mtp-c1,completed_requests,,2,,2,,count,measured,
2026-10-03-b65-users-at-depth,ud64-1card-mtp-c1,completed_requests,,3,,2,,count,measured,
2026-10-03-b65-users-at-depth,ud64-1card-mtp-c1,completed_requests,sum,all,3,6,,count,measured,
2026-10-03-b65-users-at-depth,ud64-1card-mtp-c1,duration_s,,1,,156.093011242,,s,measured,
2026-10-03-b65-users-at-depth,ud64-1card-mtp-c1,duration_s,,2,,156.906856462,,s,measured,
2026-10-03-b65-users-at-depth,ud64-1card-mtp-c1,duration_s,,3,,156.159880341,,s,measured,
2026-10-03-b65-users-at-depth,ud64-1card-mtp-c1,e2el_mean_ms,,1,,78046.0502584,,ms,measured,
2026-10-03-b65-users-at-depth,ud64-1card-mtp-c1,e2el_mean_ms,,2,,78453.0152211,,ms,measured,
2026-10-03-b65-users-at-depth,ud64-1card-mtp-c1,e2el_mean_ms,,3,,78079.4319966,,ms,measured,
2026-10-03-b65-users-at-depth,ud64-1card-mtp-c1,e2el_mean_ms,mean,all,3,78192.832492,,ms,derived,e2el_mean_s x 1000
2026-10-03-b65-users-at-depth,ud64-1card-mtp-c1,energy_j,,1,,46958.907654,,J,measured,served cards over the measured window; 1 warm-up in window
2026-10-03-b65-users-at-depth,ud64-1card-mtp-c1,energy_j,,2,,47314.294739,,J,measured,served cards over the measured window; 1 warm-up in window
2026-10-03-b65-users-at-depth,ud64-1card-mtp-c1,energy_j,,3,,46849.143615,,J,measured,served cards over the measured window; 1 warm-up in window
2026-10-03-b65-users-at-depth,ud64-1card-mtp-c1,engine_prefill_tok_per_s,mean,all,3,1008.90942692,,tok/s,measured,metrics-delta; each delta window also holds that rep's warm-up request
2026-10-03-b65-users-at-depth,ud64-1card-mtp-c1,engine_queue_s,mean,all,3,1.81562888126e-05,,s,measured,per-request engine queue time
2026-10-03-b65-users-at-depth,ud64-1card-mtp-c1,failed_requests,,1,,0,,count,measured,
2026-10-03-b65-users-at-depth,ud64-1card-mtp-c1,failed_requests,,2,,0,,count,measured,
2026-10-03-b65-users-at-depth,ud64-1card-mtp-c1,failed_requests,,3,,0,,count,measured,
2026-10-03-b65-users-at-depth,ud64-1card-mtp-c1,failed_requests,sum,all,3,0,,count,measured,
2026-10-03-b65-users-at-depth,ud64-1card-mtp-c1,joules_per_output_token,,1,,30.5722055039,,J/token,measured,upper bound; warm-up tokens in denominator; corrected 2026-10-06
2026-10-03-b65-users-at-depth,ud64-1card-mtp-c1,joules_per_output_token,,2,,30.803577304,,J/token,measured,upper bound; warm-up tokens in denominator; corrected 2026-10-06
2026-10-03-b65-users-at-depth,ud64-1card-mtp-c1,joules_per_output_token,,3,,30.500744541,,J/token,measured,upper bound; warm-up tokens in denominator; corrected 2026-10-06
2026-10-03-b65-users-at-depth,ud64-1card-mtp-c1,joules_per_output_token,mean,all,3,30.6255091163,,J/token,measured,upper bound; warm-up tokens in denominator; corrected 2026-10-06
2026-10-03-b65-users-at-depth,ud64-1card-mtp-c1,joules_per_output_token,superseded_mean,all,3,45.9382636745,,J/token,derived,superseded 2026-10-06: measured tokens only
2026-10-03-b65-users-at-depth,ud64-1card-mtp-c1,output_throughput,,1,,6.56019120813,,tok/s,measured,
2026-10-03-b65-users-at-depth,ud64-1card-mtp-c1,output_throughput,,2,,6.52616477756,,tok/s,measured,
2026-10-03-b65-users-at-depth,ud64-1card-mtp-c1,output_throughput,,3,,6.55738207383,,tok/s,measured,
2026-10-03-b65-users-at-depth,ud64-1card-mtp-c1,output_throughput,mean,all,3,6.54791268651,,tok/s,measured,
2026-10-03-b65-users-at-depth,ud64-1card-mtp-c1,output_throughput_cv,cv,all,3,0.288436068799,,percent,derived,
2026-10-03-b65-users-at-depth,ud64-1card-mtp-c1,output_throughput_sd,sd,all,3,0.0188865419413,,tok/s,derived,
2026-10-03-b65-users-at-depth,ud64-1card-mtp-c1,spec_acceptance,mean,all,3,0.710526315789,,fraction,measured,MTP-2 draft acceptance from the engine counters
2026-10-03-b65-users-at-depth,ud64-1card-mtp-c1,target_met,,all,,0,none,bool,derived,in_target over reps: all/none/some reps with p95 TTFT <= 2000 ms and p95 TPOT <= 100 ms
2026-10-03-b65-users-at-depth,ud64-1card-mtp-c1,target_met,,1,,0,,bool,derived,rep p95 TTFT <= 2000 ms and p95 TPOT <= 100 ms
2026-10-03-b65-users-at-depth,ud64-1card-mtp-c1,target_met,,2,,0,,bool,derived,rep p95 TTFT <= 2000 ms and p95 TPOT <= 100 ms
2026-10-03-b65-users-at-depth,ud64-1card-mtp-c1,target_met,,3,,0,,bool,derived,rep p95 TTFT <= 2000 ms and p95 TPOT <= 100 ms
2026-10-03-b65-users-at-depth,ud64-1card-mtp-c1,tpot_mean_ms,,1,,25.0657651174,,ms,measured,
2026-10-03-b65-users-at-depth,ud64-1card-mtp-c1,tpot_mean_ms,,2,,25.7499420342,,ms,measured,
2026-10-03-b65-users-at-depth,ud64-1card-mtp-c1,tpot_mean_ms,,3,,24.9398832153,,ms,measured,
2026-10-03-b65-users-at-depth,ud64-1card-mtp-c1,tpot_mean_ms,mean,all,3,25.2518634557,,ms,measured,
2026-10-03-b65-users-at-depth,ud64-1card-mtp-c1,tpot_p95_ms,,1,,25.0751909091,,ms,measured,
2026-10-03-b65-users-at-depth,ud64-1card-mtp-c1,tpot_p95_ms,,2,,26.418975058,,ms,measured,
2026-10-03-b65-users-at-depth,ud64-1card-mtp-c1,tpot_p95_ms,,3,,25.0004639977,,ms,measured,
2026-10-03-b65-users-at-depth,ud64-1card-mtp-c1,tpot_p95_ms,p95_mean,all,3,25.4982099883,,ms,measured,mean over reps of the per-rep p95
2026-10-03-b65-users-at-depth,ud64-1card-mtp-c1,tpot_p95_ms,p95_worst,all,3,26.418975058,,ms,measured,worst per-rep p95
2026-10-03-b65-users-at-depth,ud64-1card-mtp-c1,ttft_max_ms,,1,,65270.8587521,,ms,measured,
2026-10-03-b65-users-at-depth,ud64-1card-mtp-c1,ttft_max_ms,,2,,65305.2977261,,ms,measured,
2026-10-03-b65-users-at-depth,ud64-1card-mtp-c1,ttft_max_ms,,3,,65338.932689,,ms,measured,
2026-10-03-b65-users-at-depth,ud64-1card-mtp-c1,ttft_max_ms,max,all,3,65338.932689,,ms,measured,
2026-10-03-b65-users-at-depth,ud64-1card-mtp-c1,ttft_mean_ms,,1,,65237.4442834,,ms,measured,
2026-10-03-b65-users-at-depth,ud64-1card-mtp-c1,ttft_mean_ms,,2,,65294.7948416,,ms,measured,
2026-10-03-b65-users-at-depth,ud64-1card-mtp-c1,ttft_mean_ms,,3,,65335.1516735,,ms,measured,
2026-10-03-b65-users-at-depth,ud64-1card-mtp-c1,ttft_mean_ms,mean,all,3,65289.1302662,,ms,measured,
2026-10-03-b65-users-at-depth,ud64-1card-mtp-c1,ttft_p95_ms,,1,,65267.5173052,,ms,measured,p95 across 2 requests
2026-10-03-b65-users-at-depth,ud64-1card-mtp-c1,ttft_p95_ms,,2,,65304.2474376,,ms,measured,p95 across 2 requests
2026-10-03-b65-users-at-depth,ud64-1card-mtp-c1,ttft_p95_ms,,3,,65338.5545875,,ms,measured,p95 across 2 requests
2026-10-03-b65-users-at-depth,ud64-1card-mtp-c1,ttft_p95_ms,p95_mean,all,3,65303.4397768,,ms,measured,mean over reps of the per-rep p95 across 2-16 requests
2026-10-03-b65-users-at-depth,ud64-1card-mtp-c1,ttft_p95_ms,p95_worst,all,3,65338.5545875,,ms,measured,worst per-rep p95
2026-10-03-b65-users-at-depth,ud64-1card-mtp-c1,ttft_p99_ms,,1,,65270.1904627,,ms,measured,p99 across 2 requests
2026-10-03-b65-users-at-depth,ud64-1card-mtp-c1,ttft_p99_ms,,2,,65305.0876684,,ms,measured,p99 across 2 requests
2026-10-03-b65-users-at-depth,ud64-1card-mtp-c1,ttft_p99_ms,,3,,65338.8570687,,ms,measured,p99 across 2 requests
2026-10-03-b65-users-at-depth,ud64-1card-mtp-c2,attempted_requests,sum,all,3,12,,count,derived,requests_per_rep 4 x reps 3
2026-10-03-b65-users-at-depth,ud64-1card-mtp-c2,completed_requests,,1,,4,,count,measured,
2026-10-03-b65-users-at-depth,ud64-1card-mtp-c2,completed_requests,,2,,4,,count,measured,
2026-10-03-b65-users-at-depth,ud64-1card-mtp-c2,completed_requests,,3,,4,,count,measured,
2026-10-03-b65-users-at-depth,ud64-1card-mtp-c2,completed_requests,sum,all,3,12,,count,measured,
2026-10-03-b65-users-at-depth,ud64-1card-mtp-c2,duration_s,,1,,300.832753713,,s,measured,
2026-10-03-b65-users-at-depth,ud64-1card-mtp-c2,duration_s,,2,,298.932404108,,s,measured,
2026-10-03-b65-users-at-depth,ud64-1card-mtp-c2,duration_s,,3,,299.77849179,,s,measured,
2026-10-03-b65-users-at-depth,ud64-1card-mtp-c2,e2el_mean_ms,,1,,149797.473488,,ms,measured,
2026-10-03-b65-users-at-depth,ud64-1card-mtp-c2,e2el_mean_ms,,2,,149099.680005,,ms,measured,
2026-10-03-b65-users-at-depth,ud64-1card-mtp-c2,e2el_mean_ms,,3,,149134.627133,,ms,measured,
2026-10-03-b65-users-at-depth,ud64-1card-mtp-c2,e2el_mean_ms,mean,all,3,149343.926875,,ms,derived,e2el_mean_s x 1000
2026-10-03-b65-users-at-depth,ud64-1card-mtp-c2,energy_j,,1,,75615.517883,,J,measured,served cards over the measured window; 1 warm-up in window
2026-10-03-b65-users-at-depth,ud64-1card-mtp-c2,energy_j,,2,,75488.620605,,J,measured,served cards over the measured window; 1 warm-up in window
2026-10-03-b65-users-at-depth,ud64-1card-mtp-c2,energy_j,,3,,76451.131165,,J,measured,served cards over the measured window; 1 warm-up in window
2026-10-03-b65-users-at-depth,ud64-1card-mtp-c2,engine_prefill_tok_per_s,mean,all,3,901.960721932,,tok/s,measured,metrics-delta; each delta window also holds that rep's warm-up request
2026-10-03-b65-users-at-depth,ud64-1card-mtp-c2,engine_queue_s,mean,all,3,14.869613372,,s,measured,per-request engine queue time
2026-10-03-b65-users-at-depth,ud64-1card-mtp-c2,failed_requests,,1,,0,,count,measured,
2026-10-03-b65-users-at-depth,ud64-1card-mtp-c2,failed_requests,,2,,0,,count,measured,
2026-10-03-b65-users-at-depth,ud64-1card-mtp-c2,failed_requests,,3,,0,,count,measured,
2026-10-03-b65-users-at-depth,ud64-1card-mtp-c2,failed_requests,sum,all,3,0,,count,measured,
2026-10-03-b65-users-at-depth,ud64-1card-mtp-c2,joules_per_output_token,,1,,29.537311673,,J/token,measured,upper bound; warm-up tokens in denominator; corrected 2026-10-06
2026-10-03-b65-users-at-depth,ud64-1card-mtp-c2,joules_per_output_token,,2,,29.4877424238,,J/token,measured,upper bound; warm-up tokens in denominator; corrected 2026-10-06
2026-10-03-b65-users-at-depth,ud64-1card-mtp-c2,joules_per_output_token,,3,,29.8637231113,,J/token,measured,upper bound; warm-up tokens in denominator; corrected 2026-10-06
2026-10-03-b65-users-at-depth,ud64-1card-mtp-c2,joules_per_output_token,mean,all,3,29.6295924027,,J/token,measured,upper bound; warm-up tokens in denominator; corrected 2026-10-06
2026-10-03-b65-users-at-depth,ud64-1card-mtp-c2,joules_per_output_token,superseded_mean,all,3,37.0369905034,,J/token,derived,superseded 2026-10-06: measured tokens only
2026-10-03-b65-users-at-depth,ud64-1card-mtp-c2,output_throughput,,1,,6.80776934932,,tok/s,measured,
2026-10-03-b65-users-at-depth,ud64-1card-mtp-c2,output_throughput,,2,,6.85104716604,,tok/s,measured,
2026-10-03-b65-users-at-depth,ud64-1card-mtp-c2,output_throughput,,3,,6.83171093354,,tok/s,measured,
2026-10-03-b65-users-at-depth,ud64-1card-mtp-c2,output_throughput,mean,all,3,6.8301758163,,tok/s,measured,
2026-10-03-b65-users-at-depth,ud64-1card-mtp-c2,output_throughput_cv,cv,all,3,0.317410705706,,percent,derived,
2026-10-03-b65-users-at-depth,ud64-1card-mtp-c2,output_throughput_sd,sd,all,3,0.0216797092595,,tok/s,derived,
2026-10-03-b65-users-at-depth,ud64-1card-mtp-c2,spec_acceptance,mean,all,3,0.681762168823,,fraction,measured,MTP-2 draft acceptance from the engine counters
2026-10-03-b65-users-at-depth,ud64-1card-mtp-c2,target_met,,all,,0,none,bool,derived,in_target over reps: all/none/some reps with p95 TTFT <= 2000 ms and p95 TPOT <= 100 ms
2026-10-03-b65-users-at-depth,ud64-1card-mtp-c2,target_met,,1,,0,,bool,derived,rep p95 TTFT <= 2000 ms and p95 TPOT <= 100 ms
2026-10-03-b65-users-at-depth,ud64-1card-mtp-c2,target_met,,2,,0,,bool,derived,rep p95 TTFT <= 2000 ms and p95 TPOT <= 100 ms
2026-10-03-b65-users-at-depth,ud64-1card-mtp-c2,target_met,,3,,0,,bool,derived,rep p95 TTFT <= 2000 ms and p95 TPOT <= 100 ms
2026-10-03-b65-users-at-depth,ud64-1card-mtp-c2,tpot_mean_ms,,1,,113.390385285,,ms,measured,
2026-10-03-b65-users-at-depth,ud64-1card-mtp-c2,tpot_mean_ms,,2,,95.7078090524,,ms,measured,
2026-10-03-b65-users-at-depth,ud64-1card-mtp-c2,tpot_mean_ms,,3,,98.8124969638,,ms,measured,
2026-10-03-b65-users-at-depth,ud64-1card-mtp-c2,tpot_mean_ms,mean,all,3,102.6368971,,ms,measured,
2026-10-03-b65-users-at-depth,ud64-1card-mtp-c2,tpot_p95_ms,,1,,149.54045442,,ms,measured,
2026-10-03-b65-users-at-depth,ud64-1card-mtp-c2,tpot_p95_ms,,2,,151.306850294,,ms,measured,
2026-10-03-b65-users-at-depth,ud64-1card-mtp-c2,tpot_p95_ms,,3,,150.368010187,,ms,measured,
2026-10-03-b65-users-at-depth,ud64-1card-mtp-c2,tpot_p95_ms,p95_mean,all,3,150.405104967,,ms,measured,mean over reps of the per-rep p95
2026-10-03-b65-users-at-depth,ud64-1card-mtp-c2,tpot_p95_ms,p95_worst,all,3,151.306850294,,ms,measured,worst per-rep p95
2026-10-03-b65-users-at-depth,ud64-1card-mtp-c2,ttft_max_ms,,1,,131791.707774,,ms,measured,
2026-10-03-b65-users-at-depth,ud64-1card-mtp-c2,ttft_max_ms,,2,,131821.959719,,ms,measured,
2026-10-03-b65-users-at-depth,ud64-1card-mtp-c2,ttft_max_ms,,3,,131951.332906,,ms,measured,
2026-10-03-b65-users-at-depth,ud64-1card-mtp-c2,ttft_max_ms,max,all,3,131951.332906,,ms,measured,
2026-10-03-b65-users-at-depth,ud64-1card-mtp-c2,ttft_mean_ms,,1,,91854.9866072,,ms,measured,
2026-10-03-b65-users-at-depth,ud64-1card-mtp-c2,ttft_mean_ms,,2,,100192.989579,,ms,measured,
2026-10-03-b65-users-at-depth,ud64-1card-mtp-c2,ttft_mean_ms,,3,,98641.4411842,,ms,measured,
2026-10-03-b65-users-at-depth,ud64-1card-mtp-c2,ttft_mean_ms,mean,all,3,96896.4724569,,ms,measured,
2026-10-03-b65-users-at-depth,ud64-1card-mtp-c2,ttft_p95_ms,,1,,125024.8074,,ms,measured,p95 across 4 requests
2026-10-03-b65-users-at-depth,ud64-1card-mtp-c2,ttft_p95_ms,,2,,130905.667066,,ms,measured,p95 across 4 requests
2026-10-03-b65-users-at-depth,ud64-1card-mtp-c2,ttft_p95_ms,,3,,130038.324132,,ms,measured,p95 across 4 requests
2026-10-03-b65-users-at-depth,ud64-1card-mtp-c2,ttft_p95_ms,p95_mean,all,3,128656.2662,,ms,measured,mean over reps of the per-rep p95 across 2-16 requests
2026-10-03-b65-users-at-depth,ud64-1card-mtp-c2,ttft_p95_ms,p95_worst,all,3,130905.667066,,ms,measured,worst per-rep p95
2026-10-03-b65-users-at-depth,ud64-1card-mtp-c2,ttft_p99_ms,,1,,130438.327699,,ms,measured,p99 across 4 requests
2026-10-03-b65-users-at-depth,ud64-1card-mtp-c2,ttft_p99_ms,,2,,131638.701188,,ms,measured,p99 across 4 requests
2026-10-03-b65-users-at-depth,ud64-1card-mtp-c2,ttft_p99_ms,,3,,131568.731151,,ms,measured,p99 across 4 requests
2026-10-03-b65-users-at-depth,ud64-1card-mtp-c4,attempted_requests,sum,all,3,24,,count,derived,requests_per_rep 8 x reps 3
2026-10-03-b65-users-at-depth,ud64-1card-mtp-c4,completed_requests,,1,,8,,count,measured,
2026-10-03-b65-users-at-depth,ud64-1card-mtp-c4,completed_requests,,2,,8,,count,measured,
2026-10-03-b65-users-at-depth,ud64-1card-mtp-c4,completed_requests,,3,,8,,count,measured,
2026-10-03-b65-users-at-depth,ud64-1card-mtp-c4,completed_requests,sum,all,3,24,,count,measured,
2026-10-03-b65-users-at-depth,ud64-1card-mtp-c4,duration_s,,1,,601.705967655,,s,measured,
2026-10-03-b65-users-at-depth,ud64-1card-mtp-c4,duration_s,,2,,599.591168367,,s,measured,
2026-10-03-b65-users-at-depth,ud64-1card-mtp-c4,duration_s,,3,,598.926987355,,s,measured,
2026-10-03-b65-users-at-depth,ud64-1card-mtp-c4,e2el_mean_ms,,1,,271155.752047,,ms,measured,
2026-10-03-b65-users-at-depth,ud64-1card-mtp-c4,e2el_mean_ms,,2,,263863.719153,,ms,measured,
2026-10-03-b65-users-at-depth,ud64-1card-mtp-c4,e2el_mean_ms,,3,,269820.221942,,ms,measured,
2026-10-03-b65-users-at-depth,ud64-1card-mtp-c4,e2el_mean_ms,mean,all,3,268279.897714,,ms,derived,e2el_mean_s x 1000
2026-10-03-b65-users-at-depth,ud64-1card-mtp-c4,energy_j,,1,,135656.07843,,J,measured,served cards over the measured window; 1 warm-up in window
2026-10-03-b65-users-at-depth,ud64-1card-mtp-c4,energy_j,,2,,134952.278626,,J,measured,served cards over the measured window; 1 warm-up in window
2026-10-03-b65-users-at-depth,ud64-1card-mtp-c4,energy_j,,3,,134843.185975,,J,measured,served cards over the measured window; 1 warm-up in window
2026-10-03-b65-users-at-depth,ud64-1card-mtp-c4,engine_prefill_tok_per_s,mean,all,3,945.504621611,,tok/s,measured,metrics-delta; each delta window also holds that rep's warm-up request
2026-10-03-b65-users-at-depth,ud64-1card-mtp-c4,engine_queue_s,mean,all,3,108.321229831,,s,measured,per-request engine queue time
2026-10-03-b65-users-at-depth,ud64-1card-mtp-c4,failed_requests,,1,,0,,count,measured,
2026-10-03-b65-users-at-depth,ud64-1card-mtp-c4,failed_requests,,2,,0,,count,measured,
2026-10-03-b65-users-at-depth,ud64-1card-mtp-c4,failed_requests,,3,,0,,count,measured,
2026-10-03-b65-users-at-depth,ud64-1card-mtp-c4,failed_requests,sum,all,3,0,,count,measured,
2026-10-03-b65-users-at-depth,ud64-1card-mtp-c4,joules_per_output_token,,1,,29.4392531315,,J/token,measured,upper bound; warm-up tokens in denominator; corrected 2026-10-06
2026-10-03-b65-users-at-depth,ud64-1card-mtp-c4,joules_per_output_token,,2,,29.286518799,,J/token,measured,upper bound; warm-up tokens in denominator; corrected 2026-10-06
2026-10-03-b65-users-at-depth,ud64-1card-mtp-c4,joules_per_output_token,,3,,29.2628441786,,J/token,measured,upper bound; warm-up tokens in denominator; corrected 2026-10-06
2026-10-03-b65-users-at-depth,ud64-1card-mtp-c4,joules_per_output_token,mean,all,3,29.3295387031,,J/token,measured,upper bound; warm-up tokens in denominator; corrected 2026-10-06
2026-10-03-b65-users-at-depth,ud64-1card-mtp-c4,joules_per_output_token,superseded_mean,all,3,32.9957310409,,J/token,derived,superseded 2026-10-06: measured tokens only
2026-10-03-b65-users-at-depth,ud64-1card-mtp-c4,output_throughput,,1,,6.80731157772,,tok/s,measured,
2026-10-03-b65-users-at-depth,ud64-1card-mtp-c4,output_throughput,,2,,6.83132143383,,tok/s,measured,
2026-10-03-b65-users-at-depth,ud64-1card-mtp-c4,output_throughput,,3,,6.83889703833,,tok/s,measured,
2026-10-03-b65-users-at-depth,ud64-1card-mtp-c4,output_throughput,mean,all,3,6.82584334996,,tok/s,measured,
2026-10-03-b65-users-at-depth,ud64-1card-mtp-c4,output_throughput_cv,cv,all,3,0.241580662809,,percent,derived,
2026-10-03-b65-users-at-depth,ud64-1card-mtp-c4,output_throughput_sd,sd,all,3,0.0164899176071,,tok/s,derived,
2026-10-03-b65-users-at-depth,ud64-1card-mtp-c4,spec_acceptance,mean,all,3,0.687059632239,,fraction,measured,MTP-2 draft acceptance from the engine counters
2026-10-03-b65-users-at-depth,ud64-1card-mtp-c4,target_met,,all,,0,none,bool,derived,in_target over reps: all/none/some reps with p95 TTFT <= 2000 ms and p95 TPOT <= 100 ms
2026-10-03-b65-users-at-depth,ud64-1card-mtp-c4,target_met,,1,,0,,bool,derived,rep p95 TTFT <= 2000 ms and p95 TPOT <= 100 ms
2026-10-03-b65-users-at-depth,ud64-1card-mtp-c4,target_met,,2,,0,,bool,derived,rep p95 TTFT <= 2000 ms and p95 TPOT <= 100 ms
2026-10-03-b65-users-at-depth,ud64-1card-mtp-c4,target_met,,3,,0,,bool,derived,rep p95 TTFT <= 2000 ms and p95 TPOT <= 100 ms
2026-10-03-b65-users-at-depth,ud64-1card-mtp-c4,tpot_mean_ms,,1,,146.169896684,,ms,measured,
2026-10-03-b65-users-at-depth,ud64-1card-mtp-c4,tpot_mean_ms,,2,,131.233203311,,ms,measured,
2026-10-03-b65-users-at-depth,ud64-1card-mtp-c4,tpot_mean_ms,,3,,138.50527757,,ms,measured,
2026-10-03-b65-users-at-depth,ud64-1card-mtp-c4,tpot_mean_ms,mean,all,3,138.636125855,,ms,measured,
2026-10-03-b65-users-at-depth,ud64-1card-mtp-c4,tpot_p95_ms,,1,,167.136423965,,ms,measured,
2026-10-03-b65-users-at-depth,ud64-1card-mtp-c4,tpot_p95_ms,,2,,182.185953956,,ms,measured,
2026-10-03-b65-users-at-depth,ud64-1card-mtp-c4,tpot_p95_ms,,3,,249.846517317,,ms,measured,
2026-10-03-b65-users-at-depth,ud64-1card-mtp-c4,tpot_p95_ms,p95_mean,all,3,199.722965079,,ms,measured,mean over reps of the per-rep p95
2026-10-03-b65-users-at-depth,ud64-1card-mtp-c4,tpot_p95_ms,p95_worst,all,3,249.846517317,,ms,measured,worst per-rep p95
2026-10-03-b65-users-at-depth,ud64-1card-mtp-c4,ttft_max_ms,,1,,282510.937566,,ms,measured,
2026-10-03-b65-users-at-depth,ud64-1card-mtp-c4,ttft_max_ms,,2,,283523.612909,,ms,measured,
2026-10-03-b65-users-at-depth,ud64-1card-mtp-c4,ttft_max_ms,,3,,281377.997551,,ms,measured,
2026-10-03-b65-users-at-depth,ud64-1card-mtp-c4,ttft_max_ms,max,all,3,283523.612909,,ms,measured,
2026-10-03-b65-users-at-depth,ud64-1card-mtp-c4,ttft_mean_ms,,1,,196462.934841,,ms,measured,
2026-10-03-b65-users-at-depth,ud64-1card-mtp-c4,ttft_mean_ms,,2,,196803.552261,,ms,measured,
2026-10-03-b65-users-at-depth,ud64-1card-mtp-c4,ttft_mean_ms,,3,,199044.025104,,ms,measured,
2026-10-03-b65-users-at-depth,ud64-1card-mtp-c4,ttft_mean_ms,mean,all,3,197436.837402,,ms,measured,
2026-10-03-b65-users-at-depth,ud64-1card-mtp-c4,ttft_p95_ms,,1,,260387.372629,,ms,measured,p95 across 8 requests
2026-10-03-b65-users-at-depth,ud64-1card-mtp-c4,ttft_p95_ms,,2,,262372.201313,,ms,measured,p95 across 8 requests
2026-10-03-b65-users-at-depth,ud64-1card-mtp-c4,ttft_p95_ms,,3,,265562.428645,,ms,measured,p95 across 8 requests
2026-10-03-b65-users-at-depth,ud64-1card-mtp-c4,ttft_p95_ms,p95_mean,all,3,262774.000862,,ms,measured,mean over reps of the per-rep p95 across 2-16 requests
2026-10-03-b65-users-at-depth,ud64-1card-mtp-c4,ttft_p95_ms,p95_worst,all,3,265562.428645,,ms,measured,worst per-rep p95
2026-10-03-b65-users-at-depth,ud64-1card-mtp-c4,ttft_p99_ms,,1,,278086.224579,,ms,measured,p99 across 8 requests
2026-10-03-b65-users-at-depth,ud64-1card-mtp-c4,ttft_p99_ms,,2,,279293.33059,,ms,measured,p99 across 8 requests
2026-10-03-b65-users-at-depth,ud64-1card-mtp-c4,ttft_p99_ms,,3,,278214.88377,,ms,measured,p99 across 8 requests
2026-10-03-b65-users-at-depth,ud64-1card-mtp-c8,attempted_requests,sum,all,3,48,,count,derived,requests_per_rep 16 x reps 3
2026-10-03-b65-users-at-depth,ud64-1card-mtp-c8,completed_requests,,1,,16,,count,measured,
2026-10-03-b65-users-at-depth,ud64-1card-mtp-c8,completed_requests,,2,,16,,count,measured,
2026-10-03-b65-users-at-depth,ud64-1card-mtp-c8,completed_requests,,3,,16,,count,measured,
2026-10-03-b65-users-at-depth,ud64-1card-mtp-c8,completed_requests,sum,all,3,48,,count,measured,
2026-10-03-b65-users-at-depth,ud64-1card-mtp-c8,duration_s,,1,,1195.20681481,,s,measured,
2026-10-03-b65-users-at-depth,ud64-1card-mtp-c8,duration_s,,2,,1198.2238634,,s,measured,
2026-10-03-b65-users-at-depth,ud64-1card-mtp-c8,duration_s,,3,,1197.11952511,,s,measured,
2026-10-03-b65-users-at-depth,ud64-1card-mtp-c8,e2el_mean_ms,,1,,492152.399186,,ms,measured,
2026-10-03-b65-users-at-depth,ud64-1card-mtp-c8,e2el_mean_ms,,2,,498718.356156,,ms,measured,
2026-10-03-b65-users-at-depth,ud64-1card-mtp-c8,e2el_mean_ms,,3,,494715.886923,,ms,measured,
2026-10-03-b65-users-at-depth,ud64-1card-mtp-c8,e2el_mean_ms,mean,all,3,495195.547422,,ms,derived,e2el_mean_s x 1000
2026-10-03-b65-users-at-depth,ud64-1card-mtp-c8,energy_j,,1,,252922.703308,,J,measured,served cards over the measured window; 1 warm-up in window
2026-10-03-b65-users-at-depth,ud64-1card-mtp-c8,energy_j,,2,,253959.75354,,J,measured,served cards over the measured window; 1 warm-up in window
2026-10-03-b65-users-at-depth,ud64-1card-mtp-c8,energy_j,,3,,253406.478088,,J,measured,served cards over the measured window; 1 warm-up in window
2026-10-03-b65-users-at-depth,ud64-1card-mtp-c8,engine_prefill_tok_per_s,mean,all,3,937.187223397,,tok/s,measured,metrics-delta; each delta window also holds that rep's warm-up request
2026-10-03-b65-users-at-depth,ud64-1card-mtp-c8,engine_queue_s,mean,all,3,327.084922142,,s,measured,per-request engine queue time
2026-10-03-b65-users-at-depth,ud64-1card-mtp-c8,failed_requests,,1,,0,,count,measured,
2026-10-03-b65-users-at-depth,ud64-1card-mtp-c8,failed_requests,,2,,0,,count,measured,
2026-10-03-b65-users-at-depth,ud64-1card-mtp-c8,failed_requests,,3,,0,,count,measured,
2026-10-03-b65-users-at-depth,ud64-1card-mtp-c8,failed_requests,sum,all,3,0,,count,measured,
2026-10-03-b65-users-at-depth,ud64-1card-mtp-c8,joules_per_output_token,,1,,29.058214994,,J/token,measured,upper bound; warm-up tokens in denominator; corrected 2026-10-06
2026-10-03-b65-users-at-depth,ud64-1card-mtp-c8,joules_per_output_token,,2,,29.1773613902,,J/token,measured,upper bound; warm-up tokens in denominator; corrected 2026-10-06
2026-10-03-b65-users-at-depth,ud64-1card-mtp-c8,joules_per_output_token,,3,,29.1137957362,,J/token,measured,upper bound; warm-up tokens in denominator; corrected 2026-10-06
2026-10-03-b65-users-at-depth,ud64-1card-mtp-c8,joules_per_output_token,mean,all,3,29.1164573735,,J/token,measured,upper bound; warm-up tokens in denominator; corrected 2026-10-06
2026-10-03-b65-users-at-depth,ud64-1card-mtp-c8,joules_per_output_token,superseded_mean,all,3,30.9362359593,,J/token,derived,superseded 2026-10-06: measured tokens only
2026-10-03-b65-users-at-depth,ud64-1card-mtp-c8,output_throughput,,1,,6.85404391819,,tok/s,measured,
2026-10-03-b65-users-at-depth,ud64-1card-mtp-c8,output_throughput,,2,,6.83678588806,,tok/s,measured,
2026-10-03-b65-users-at-depth,ud64-1card-mtp-c8,output_throughput,,3,,6.84309279749,,tok/s,measured,
2026-10-03-b65-users-at-depth,ud64-1card-mtp-c8,output_throughput,mean,all,3,6.84464086791,,tok/s,measured,
2026-10-03-b65-users-at-depth,ud64-1card-mtp-c8,output_throughput_cv,cv,all,3,0.127582181826,,percent,derived,
2026-10-03-b65-users-at-depth,ud64-1card-mtp-c8,output_throughput_sd,sd,all,3,0.00873254215745,,tok/s,derived,
2026-10-03-b65-users-at-depth,ud64-1card-mtp-c8,spec_acceptance,mean,all,3,0.708418225597,,fraction,measured,MTP-2 draft acceptance from the engine counters
2026-10-03-b65-users-at-depth,ud64-1card-mtp-c8,target_met,,all,,0,none,bool,derived,in_target over reps: all/none/some reps with p95 TTFT <= 2000 ms and p95 TPOT <= 100 ms
2026-10-03-b65-users-at-depth,ud64-1card-mtp-c8,target_met,,1,,0,,bool,derived,rep p95 TTFT <= 2000 ms and p95 TPOT <= 100 ms
2026-10-03-b65-users-at-depth,ud64-1card-mtp-c8,target_met,,2,,0,,bool,derived,rep p95 TTFT <= 2000 ms and p95 TPOT <= 100 ms
2026-10-03-b65-users-at-depth,ud64-1card-mtp-c8,target_met,,3,,0,,bool,derived,rep p95 TTFT <= 2000 ms and p95 TPOT <= 100 ms
2026-10-03-b65-users-at-depth,ud64-1card-mtp-c8,tpot_mean_ms,,1,,135.262776542,,ms,measured,
2026-10-03-b65-users-at-depth,ud64-1card-mtp-c8,tpot_mean_ms,,2,,153.648372487,,ms,measured,
2026-10-03-b65-users-at-depth,ud64-1card-mtp-c8,tpot_mean_ms,,3,,129.57601063,,ms,measured,
2026-10-03-b65-users-at-depth,ud64-1card-mtp-c8,tpot_mean_ms,mean,all,3,139.495719887,,ms,measured,
2026-10-03-b65-users-at-depth,ud64-1card-mtp-c8,tpot_p95_ms,,1,,247.515131461,,ms,measured,
2026-10-03-b65-users-at-depth,ud64-1card-mtp-c8,tpot_p95_ms,,2,,165.481381215,,ms,measured,
2026-10-03-b65-users-at-depth,ud64-1card-mtp-c8,tpot_p95_ms,,3,,287.732583882,,ms,measured,
2026-10-03-b65-users-at-depth,ud64-1card-mtp-c8,tpot_p95_ms,p95_mean,all,3,233.576365519,,ms,measured,mean over reps of the per-rep p95
2026-10-03-b65-users-at-depth,ud64-1card-mtp-c8,tpot_p95_ms,p95_worst,all,3,287.732583882,,ms,measured,worst per-rep p95
2026-10-03-b65-users-at-depth,ud64-1card-mtp-c8,ttft_max_ms,,1,,580537.968348,,ms,measured,
2026-10-03-b65-users-at-depth,ud64-1card-mtp-c8,ttft_max_ms,,2,,583233.050521,,ms,measured,
2026-10-03-b65-users-at-depth,ud64-1card-mtp-c8,ttft_max_ms,,3,,581319.531049,,ms,measured,
2026-10-03-b65-users-at-depth,ud64-1card-mtp-c8,ttft_max_ms,max,all,3,583233.050521,,ms,measured,
2026-10-03-b65-users-at-depth,ud64-1card-mtp-c8,ttft_mean_ms,,1,,423033.120373,,ms,measured,
2026-10-03-b65-users-at-depth,ud64-1card-mtp-c8,ttft_mean_ms,,2,,420204.037815,,ms,measured,
2026-10-03-b65-users-at-depth,ud64-1card-mtp-c8,ttft_mean_ms,,3,,428502.545491,,ms,measured,
2026-10-03-b65-users-at-depth,ud64-1card-mtp-c8,ttft_mean_ms,mean,all,3,423913.23456,,ms,measured,
2026-10-03-b65-users-at-depth,ud64-1card-mtp-c8,ttft_p95_ms,,1,,547494.929141,,ms,measured,p95 across 16 requests
2026-10-03-b65-users-at-depth,ud64-1card-mtp-c8,ttft_p95_ms,,2,,534703.059292,,ms,measured,p95 across 16 requests
2026-10-03-b65-users-at-depth,ud64-1card-mtp-c8,ttft_p95_ms,,3,,578140.614647,,ms,measured,p95 across 16 requests
2026-10-03-b65-users-at-depth,ud64-1card-mtp-c8,ttft_p95_ms,p95_mean,all,3,553446.201027,,ms,measured,mean over reps of the per-rep p95 across 2-16 requests
2026-10-03-b65-users-at-depth,ud64-1card-mtp-c8,ttft_p95_ms,p95_worst,all,3,578140.614647,,ms,measured,worst per-rep p95
2026-10-03-b65-users-at-depth,ud64-1card-mtp-c8,ttft_p99_ms,,1,,573929.360507,,ms,measured,p99 across 16 requests
2026-10-03-b65-users-at-depth,ud64-1card-mtp-c8,ttft_p99_ms,,2,,573527.052275,,ms,measured,p99 across 16 requests
2026-10-03-b65-users-at-depth,ud64-1card-mtp-c8,ttft_p99_ms,,3,,580683.747769,,ms,measured,p99 across 16 requests
2026-10-03-b65-users-at-depth,ud64-rep-4replica-c1,attempted_requests,sum,all,3,6,,count,derived,requests_per_rep 2 x reps 3
2026-10-03-b65-users-at-depth,ud64-rep-4replica-c1,completed_requests,,1,,2,,count,measured,
2026-10-03-b65-users-at-depth,ud64-rep-4replica-c1,completed_requests,,2,,2,,count,measured,
2026-10-03-b65-users-at-depth,ud64-rep-4replica-c1,completed_requests,,3,,2,,count,measured,
2026-10-03-b65-users-at-depth,ud64-rep-4replica-c1,completed_requests,sum,all,3,6,,count,measured,
2026-10-03-b65-users-at-depth,ud64-rep-4replica-c1,duration_s,,1,,156.239364798,,s,measured,
2026-10-03-b65-users-at-depth,ud64-rep-4replica-c1,duration_s,,2,,157.059218835,,s,measured,
2026-10-03-b65-users-at-depth,ud64-rep-4replica-c1,duration_s,,3,,156.104438183,,s,measured,
2026-10-03-b65-users-at-depth,ud64-rep-4replica-c1,e2el_mean_ms,,1,,78119.1220919,,ms,measured,
2026-10-03-b65-users-at-depth,ud64-rep-4replica-c1,e2el_mean_ms,,2,,78529.0320541,,ms,measured,
2026-10-03-b65-users-at-depth,ud64-rep-4replica-c1,e2el_mean_ms,,3,,78051.7071754,,ms,measured,
2026-10-03-b65-users-at-depth,ud64-rep-4replica-c1,e2el_mean_ms,mean,all,3,78233.2871072,,ms,derived,e2el_mean_s x 1000
2026-10-03-b65-users-at-depth,ud64-rep-4replica-c1,energy_j,,1,,89394.699279,,J,measured,served cards over the measured window; 1 warm-up in window
2026-10-03-b65-users-at-depth,ud64-rep-4replica-c1,energy_j,,2,,90858.859865,,J,measured,served cards over the measured window; 1 warm-up in window
2026-10-03-b65-users-at-depth,ud64-rep-4replica-c1,energy_j,,3,,90543.275086,,J,measured,served cards over the measured window; 1 warm-up in window
2026-10-03-b65-users-at-depth,ud64-rep-4replica-c1,engine_prefill_tok_per_s,,all,,,,tok/s,not_collected,engine counters not scraped on the replica arms (METRICS_SCRAPE off)
2026-10-03-b65-users-at-depth,ud64-rep-4replica-c1,engine_queue_s,,all,,,,s,not_collected,engine counters not scraped on the replica arms (METRICS_SCRAPE off)
2026-10-03-b65-users-at-depth,ud64-rep-4replica-c1,failed_requests,,1,,0,,count,measured,
2026-10-03-b65-users-at-depth,ud64-rep-4replica-c1,failed_requests,,2,,0,,count,measured,
2026-10-03-b65-users-at-depth,ud64-rep-4replica-c1,failed_requests,,3,,0,,count,measured,
2026-10-03-b65-users-at-depth,ud64-rep-4replica-c1,failed_requests,sum,all,3,0,,count,measured,
2026-10-03-b65-users-at-depth,ud64-rep-4replica-c1,joules_per_output_token,,1,,58.1996740098,,J/token,measured,upper bound; warm-up tokens in denominator; corrected 2026-10-06
2026-10-03-b65-users-at-depth,ud64-rep-4replica-c1,joules_per_output_token,,2,,59.1529035579,,J/token,measured,upper bound; warm-up tokens in denominator; corrected 2026-10-06
2026-10-03-b65-users-at-depth,ud64-rep-4replica-c1,joules_per_output_token,,3,,58.9474447174,,J/token,measured,upper bound; warm-up tokens in denominator; corrected 2026-10-06
2026-10-03-b65-users-at-depth,ud64-rep-4replica-c1,joules_per_output_token,mean,all,3,58.7666740951,,J/token,measured,upper bound; warm-up tokens in denominator; corrected 2026-10-06
2026-10-03-b65-users-at-depth,ud64-rep-4replica-c1,joules_per_output_token,superseded_mean,all,3,88.1500111426,,J/token,derived,superseded 2026-10-06: measured tokens only
2026-10-03-b65-users-at-depth,ud64-rep-4replica-c1,output_throughput,,1,,6.55404610306,,tok/s,measured,
2026-10-03-b65-users-at-depth,ud64-rep-4replica-c1,output_throughput,,2,,6.51983377732,,tok/s,measured,
2026-10-03-b65-users-at-depth,ud64-rep-4replica-c1,output_throughput,,3,,6.55971099809,,tok/s,measured,
2026-10-03-b65-users-at-depth,ud64-rep-4replica-c1,output_throughput,mean,all,3,6.54453029282,,tok/s,measured,
2026-10-03-b65-users-at-depth,ud64-rep-4replica-c1,output_throughput_cv,cv,all,3,0.329657715707,,percent,derived,
2026-10-03-b65-users-at-depth,ud64-rep-4replica-c1,output_throughput_sd,sd,all,3,0.0215745490671,,tok/s,derived,
2026-10-03-b65-users-at-depth,ud64-rep-4replica-c1,spec_acceptance,,all,,,,fraction,not_collected,engine counters not scraped on the replica arms (METRICS_SCRAPE off)
2026-10-03-b65-users-at-depth,ud64-rep-4replica-c1,target_met,,all,,0,none,bool,derived,in_target over reps: all/none/some reps with p95 TTFT <= 2000 ms and p95 TPOT <= 100 ms
2026-10-03-b65-users-at-depth,ud64-rep-4replica-c1,target_met,,1,,0,,bool,derived,rep p95 TTFT <= 2000 ms and p95 TPOT <= 100 ms
2026-10-03-b65-users-at-depth,ud64-rep-4replica-c1,target_met,,2,,0,,bool,derived,rep p95 TTFT <= 2000 ms and p95 TPOT <= 100 ms
2026-10-03-b65-users-at-depth,ud64-rep-4replica-c1,target_met,,3,,0,,bool,derived,rep p95 TTFT <= 2000 ms and p95 TPOT <= 100 ms
2026-10-03-b65-users-at-depth,ud64-rep-4replica-c1,tpot_mean_ms,,1,,25.4149208061,,ms,measured,
2026-10-03-b65-users-at-depth,ud64-rep-4replica-c1,tpot_mean_ms,,2,,26.3533050724,,ms,measured,
2026-10-03-b65-users-at-depth,ud64-rep-4replica-c1,tpot_mean_ms,,3,,25.4395243923,,ms,measured,
2026-10-03-b65-users-at-depth,ud64-rep-4replica-c1,tpot_mean_ms,mean,all,3,25.7359167569,,ms,measured,
2026-10-03-b65-users-at-depth,ud64-rep-4replica-c1,tpot_p95_ms,,1,,25.7771067424,,ms,measured,
2026-10-03-b65-users-at-depth,ud64-rep-4replica-c1,tpot_p95_ms,,2,,27.4795371725,,ms,measured,
2026-10-03-b65-users-at-depth,ud64-rep-4replica-c1,tpot_p95_ms,,3,,25.7725515571,,ms,measured,
2026-10-03-b65-users-at-depth,ud64-rep-4replica-c1,tpot_p95_ms,p95_mean,all,3,26.3430651573,,ms,measured,mean over reps of the per-rep p95
2026-10-03-b65-users-at-depth,ud64-rep-4replica-c1,tpot_p95_ms,p95_worst,all,3,27.4795371725,,ms,measured,worst per-rep p95
2026-10-03-b65-users-at-depth,ud64-rep-4replica-c1,ttft_max_ms,,1,,65467.4366,,ms,measured,
2026-10-03-b65-users-at-depth,ud64-rep-4replica-c1,ttft_max_ms,,2,,65345.5358262,,ms,measured,
2026-10-03-b65-users-at-depth,ud64-rep-4replica-c1,ttft_max_ms,,3,,65315.1205941,,ms,measured,
2026-10-03-b65-users-at-depth,ud64-rep-4replica-c1,ttft_max_ms,max,all,3,65467.4366,,ms,measured,
2026-10-03-b65-users-at-depth,ud64-rep-4replica-c1,ttft_mean_ms,,1,,65132.09756,,ms,measured,
2026-10-03-b65-users-at-depth,ud64-rep-4replica-c1,ttft_mean_ms,,2,,65062.4931621,,ms,measured,
2026-10-03-b65-users-at-depth,ud64-rep-4replica-c1,ttft_mean_ms,,3,,65052.110211,,ms,measured,
2026-10-03-b65-users-at-depth,ud64-rep-4replica-c1,ttft_mean_ms,mean,all,3,65082.2336444,,ms,measured,
2026-10-03-b65-users-at-depth,ud64-rep-4replica-c1,ttft_p95_ms,,1,,65433.902696,,ms,measured,p95 across 2 requests
2026-10-03-b65-users-at-depth,ud64-rep-4replica-c1,ttft_p95_ms,,2,,65317.2315598,,ms,measured,p95 across 2 requests
2026-10-03-b65-users-at-depth,ud64-rep-4replica-c1,ttft_p95_ms,,3,,65288.8195558,,ms,measured,p95 across 2 requests
2026-10-03-b65-users-at-depth,ud64-rep-4replica-c1,ttft_p95_ms,p95_mean,all,3,65346.6512705,,ms,measured,mean over reps of the per-rep p95 across 2-16 requests
2026-10-03-b65-users-at-depth,ud64-rep-4replica-c1,ttft_p95_ms,p95_worst,all,3,65433.902696,,ms,measured,worst per-rep p95
2026-10-03-b65-users-at-depth,ud64-rep-4replica-c1,ttft_p99_ms,,1,,65460.7298192,,ms,measured,p99 across 2 requests
2026-10-03-b65-users-at-depth,ud64-rep-4replica-c1,ttft_p99_ms,,2,,65339.8749729,,ms,measured,p99 across 2 requests
2026-10-03-b65-users-at-depth,ud64-rep-4replica-c1,ttft_p99_ms,,3,,65309.8603864,,ms,measured,p99 across 2 requests
2026-10-03-b65-users-at-depth,ud64-rep-4replica-c2,attempted_requests,sum,all,3,12,,count,derived,requests_per_rep 4 x reps 3
2026-10-03-b65-users-at-depth,ud64-rep-4replica-c2,completed_requests,,1,,4,,count,measured,
2026-10-03-b65-users-at-depth,ud64-rep-4replica-c2,completed_requests,,2,,4,,count,measured,
2026-10-03-b65-users-at-depth,ud64-rep-4replica-c2,completed_requests,,3,,4,,count,measured,
2026-10-03-b65-users-at-depth,ud64-rep-4replica-c2,completed_requests,sum,all,3,12,,count,measured,
2026-10-03-b65-users-at-depth,ud64-rep-4replica-c2,duration_s,,1,,159.073855211,,s,measured,
2026-10-03-b65-users-at-depth,ud64-rep-4replica-c2,duration_s,,2,,158.415373102,,s,measured,
2026-10-03-b65-users-at-depth,ud64-rep-4replica-c2,duration_s,,3,,158.608379772,,s,measured,
2026-10-03-b65-users-at-depth,ud64-rep-4replica-c2,e2el_mean_ms,,1,,78547.3618525,,ms,measured,
2026-10-03-b65-users-at-depth,ud64-rep-4replica-c2,e2el_mean_ms,,2,,78537.6589902,,ms,measured,
2026-10-03-b65-users-at-depth,ud64-rep-4replica-c2,e2el_mean_ms,,3,,78810.255353,,ms,measured,
2026-10-03-b65-users-at-depth,ud64-rep-4replica-c2,e2el_mean_ms,mean,all,3,78631.7587319,,ms,derived,e2el_mean_s x 1000
2026-10-03-b65-users-at-depth,ud64-rep-4replica-c2,energy_j,,1,,112303.336305,,J,measured,served cards over the measured window; 1 warm-up in window
2026-10-03-b65-users-at-depth,ud64-rep-4replica-c2,energy_j,,2,,112646.869872,,J,measured,served cards over the measured window; 1 warm-up in window
2026-10-03-b65-users-at-depth,ud64-rep-4replica-c2,energy_j,,3,,114368.759521,,J,measured,served cards over the measured window; 1 warm-up in window
2026-10-03-b65-users-at-depth,ud64-rep-4replica-c2,engine_prefill_tok_per_s,,all,,,,tok/s,not_collected,engine counters not scraped on the replica arms (METRICS_SCRAPE off)
2026-10-03-b65-users-at-depth,ud64-rep-4replica-c2,engine_queue_s,,all,,,,s,not_collected,engine counters not scraped on the replica arms (METRICS_SCRAPE off)
2026-10-03-b65-users-at-depth,ud64-rep-4replica-c2,failed_requests,,1,,0,,count,measured,
2026-10-03-b65-users-at-depth,ud64-rep-4replica-c2,failed_requests,,2,,0,,count,measured,
2026-10-03-b65-users-at-depth,ud64-rep-4replica-c2,failed_requests,,3,,0,,count,measured,
2026-10-03-b65-users-at-depth,ud64-rep-4replica-c2,failed_requests,sum,all,3,0,,count,measured,
2026-10-03-b65-users-at-depth,ud64-rep-4replica-c2,joules_per_output_token,,1,,43.8684907441,,J/token,measured,upper bound; warm-up tokens in denominator; corrected 2026-10-06
2026-10-03-b65-users-at-depth,ud64-rep-4replica-c2,joules_per_output_token,,2,,44.0026835438,,J/token,measured,upper bound; warm-up tokens in denominator; corrected 2026-10-06
2026-10-03-b65-users-at-depth,ud64-rep-4replica-c2,joules_per_output_token,,3,,44.6752966879,,J/token,measured,upper bound; warm-up tokens in denominator; corrected 2026-10-06
2026-10-03-b65-users-at-depth,ud64-rep-4replica-c2,joules_per_output_token,mean,all,3,44.1821569919,,J/token,measured,upper bound; warm-up tokens in denominator; corrected 2026-10-06
2026-10-03-b65-users-at-depth,ud64-rep-4replica-c2,joules_per_output_token,superseded_mean,all,3,55.2276962399,,J/token,derived,superseded 2026-10-06: measured tokens only
2026-10-03-b65-users-at-depth,ud64-rep-4replica-c2,output_throughput,,1,,12.8745229521,,tok/s,measured,
2026-10-03-b65-users-at-depth,ud64-rep-4replica-c2,output_throughput,,2,,12.928038232,,tok/s,measured,
2026-10-03-b65-users-at-depth,ud64-rep-4replica-c2,output_throughput,,3,,12.9123064175,,tok/s,measured,
2026-10-03-b65-users-at-depth,ud64-rep-4replica-c2,output_throughput,mean,all,3,12.9049558672,,tok/s,measured,
2026-10-03-b65-users-at-depth,ud64-rep-4replica-c2,output_throughput_cv,cv,all,3,0.213130835927,,percent,derived,
2026-10-03-b65-users-at-depth,ud64-rep-4replica-c2,output_throughput_sd,sd,all,3,0.0275044403158,,tok/s,derived,
2026-10-03-b65-users-at-depth,ud64-rep-4replica-c2,spec_acceptance,,all,,,,fraction,not_collected,engine counters not scraped on the replica arms (METRICS_SCRAPE off)
2026-10-03-b65-users-at-depth,ud64-rep-4replica-c2,target_met,,all,,0,none,bool,derived,in_target over reps: all/none/some reps with p95 TTFT <= 2000 ms and p95 TPOT <= 100 ms
2026-10-03-b65-users-at-depth,ud64-rep-4replica-c2,target_met,,1,,0,,bool,derived,rep p95 TTFT <= 2000 ms and p95 TPOT <= 100 ms
2026-10-03-b65-users-at-depth,ud64-rep-4replica-c2,target_met,,2,,0,,bool,derived,rep p95 TTFT <= 2000 ms and p95 TPOT <= 100 ms
2026-10-03-b65-users-at-depth,ud64-rep-4replica-c2,target_met,,3,,0,,bool,derived,rep p95 TTFT <= 2000 ms and p95 TPOT <= 100 ms
2026-10-03-b65-users-at-depth,ud64-rep-4replica-c2,tpot_mean_ms,,1,,26.5951574956,,ms,measured,
2026-10-03-b65-users-at-depth,ud64-rep-4replica-c2,tpot_mean_ms,,2,,26.5946349751,,ms,measured,
2026-10-03-b65-users-at-depth,ud64-rep-4replica-c2,tpot_mean_ms,,3,,27.0617771894,,ms,measured,
2026-10-03-b65-users-at-depth,ud64-rep-4replica-c2,tpot_mean_ms,mean,all,3,26.75052322,,ms,measured,
2026-10-03-b65-users-at-depth,ud64-rep-4replica-c2,tpot_p95_ms,,1,,28.9652687544,,ms,measured,
2026-10-03-b65-users-at-depth,ud64-rep-4replica-c2,tpot_p95_ms,,2,,28.8997098764,,ms,measured,
2026-10-03-b65-users-at-depth,ud64-rep-4replica-c2,tpot_p95_ms,,3,,28.9949816175,,ms,measured,
2026-10-03-b65-users-at-depth,ud64-rep-4replica-c2,tpot_p95_ms,p95_mean,all,3,28.9533200828,,ms,measured,mean over reps of the per-rep p95
2026-10-03-b65-users-at-depth,ud64-rep-4replica-c2,tpot_p95_ms,p95_worst,all,3,28.9949816175,,ms,measured,worst per-rep p95
2026-10-03-b65-users-at-depth,ud64-rep-4replica-c2,ttft_max_ms,,1,,65324.977152,,ms,measured,
2026-10-03-b65-users-at-depth,ud64-rep-4replica-c2,ttft_max_ms,,2,,65354.0593102,,ms,measured,
2026-10-03-b65-users-at-depth,ud64-rep-4replica-c2,ttft_max_ms,,3,,65459.7311821,,ms,measured,
2026-10-03-b65-users-at-depth,ud64-rep-4replica-c2,ttft_max_ms,max,all,3,65459.7311821,,ms,measured,
2026-10-03-b65-users-at-depth,ud64-rep-4replica-c2,ttft_mean_ms,,1,,64957.2363722,,ms,measured,
2026-10-03-b65-users-at-depth,ud64-rep-4replica-c2,ttft_mean_ms,,2,,64947.800518,,ms,measured,
2026-10-03-b65-users-at-depth,ud64-rep-4replica-c2,ttft_mean_ms,,3,,64981.6872093,,ms,measured,
2026-10-03-b65-users-at-depth,ud64-rep-4replica-c2,ttft_mean_ms,mean,all,3,64962.2413665,,ms,measured,
2026-10-03-b65-users-at-depth,ud64-rep-4replica-c2,ttft_p95_ms,,1,,65286.7818324,,ms,measured,p95 across 4 requests
2026-10-03-b65-users-at-depth,ud64-rep-4replica-c2,ttft_p95_ms,,2,,65329.4047331,,ms,measured,p95 across 4 requests
2026-10-03-b65-users-at-depth,ud64-rep-4replica-c2,ttft_p95_ms,,3,,65413.3695401,,ms,measured,p95 across 4 requests
2026-10-03-b65-users-at-depth,ud64-rep-4replica-c2,ttft_p95_ms,p95_mean,all,3,65343.1853685,,ms,measured,mean over reps of the per-rep p95 across 2-16 requests
2026-10-03-b65-users-at-depth,ud64-rep-4replica-c2,ttft_p95_ms,p95_worst,all,3,65413.3695401,,ms,measured,worst per-rep p95
2026-10-03-b65-users-at-depth,ud64-rep-4replica-c2,ttft_p99_ms,,1,,65317.3380881,,ms,measured,p99 across 4 requests
2026-10-03-b65-users-at-depth,ud64-rep-4replica-c2,ttft_p99_ms,,2,,65349.1283947,,ms,measured,p99 across 4 requests
2026-10-03-b65-users-at-depth,ud64-rep-4replica-c2,ttft_p99_ms,,3,,65450.4588537,,ms,measured,p99 across 4 requests
2026-10-03-b65-users-at-depth,ud64-rep-4replica-c4,attempted_requests,sum,all,3,24,,count,derived,requests_per_rep 8 x reps 3
2026-10-03-b65-users-at-depth,ud64-rep-4replica-c4,completed_requests,,1,,8,,count,measured,
2026-10-03-b65-users-at-depth,ud64-rep-4replica-c4,completed_requests,,2,,8,,count,measured,
2026-10-03-b65-users-at-depth,ud64-rep-4replica-c4,completed_requests,,3,,8,,count,measured,
2026-10-03-b65-users-at-depth,ud64-rep-4replica-c4,completed_requests,sum,all,3,24,,count,measured,
2026-10-03-b65-users-at-depth,ud64-rep-4replica-c4,duration_s,,1,,156.921728075,,s,measured,
2026-10-03-b65-users-at-depth,ud64-rep-4replica-c4,duration_s,,2,,158.531278054,,s,measured,
2026-10-03-b65-users-at-depth,ud64-rep-4replica-c4,duration_s,,3,,159.437777706,,s,measured,
2026-10-03-b65-users-at-depth,ud64-rep-4replica-c4,e2el_mean_ms,,1,,78134.0547439,,ms,measured,
2026-10-03-b65-users-at-depth,ud64-rep-4replica-c4,e2el_mean_ms,,2,,78510.083775,,ms,measured,
2026-10-03-b65-users-at-depth,ud64-rep-4replica-c4,e2el_mean_ms,,3,,78587.723374,,ms,measured,
2026-10-03-b65-users-at-depth,ud64-rep-4replica-c4,e2el_mean_ms,mean,all,3,78410.6206309,,ms,derived,e2el_mean_s x 1000
2026-10-03-b65-users-at-depth,ud64-rep-4replica-c4,energy_j,,1,,155651.79779,,J,measured,served cards over the measured window; 1 warm-up in window
2026-10-03-b65-users-at-depth,ud64-rep-4replica-c4,energy_j,,2,,156428.713012,,J,measured,served cards over the measured window; 1 warm-up in window
2026-10-03-b65-users-at-depth,ud64-rep-4replica-c4,energy_j,,3,,158814.680237,,J,measured,served cards over the measured window; 1 warm-up in window
2026-10-03-b65-users-at-depth,ud64-rep-4replica-c4,engine_prefill_tok_per_s,,all,,,,tok/s,not_collected,engine counters not scraped on the replica arms (METRICS_SCRAPE off)
2026-10-03-b65-users-at-depth,ud64-rep-4replica-c4,engine_queue_s,,all,,,,s,not_collected,engine counters not scraped on the replica arms (METRICS_SCRAPE off)
2026-10-03-b65-users-at-depth,ud64-rep-4replica-c4,failed_requests,,1,,0,,count,measured,
2026-10-03-b65-users-at-depth,ud64-rep-4replica-c4,failed_requests,,2,,0,,count,measured,
2026-10-03-b65-users-at-depth,ud64-rep-4replica-c4,failed_requests,,3,,0,,count,measured,
2026-10-03-b65-users-at-depth,ud64-rep-4replica-c4,failed_requests,sum,all,3,0,,count,measured,
2026-10-03-b65-users-at-depth,ud64-rep-4replica-c4,joules_per_output_token,,1,,33.778601951,,J/token,measured,upper bound; warm-up tokens in denominator; corrected 2026-10-06
2026-10-03-b65-users-at-depth,ud64-rep-4replica-c4,joules_per_output_token,,2,,33.9472033446,,J/token,measured,upper bound; warm-up tokens in denominator; corrected 2026-10-06
2026-10-03-b65-users-at-depth,ud64-rep-4replica-c4,joules_per_output_token,,3,,34.4649913709,,J/token,measured,upper bound; warm-up tokens in denominator; corrected 2026-10-06
2026-10-03-b65-users-at-depth,ud64-rep-4replica-c4,joules_per_output_token,mean,all,3,34.0635988888,,J/token,measured,upper bound; warm-up tokens in denominator; corrected 2026-10-06
2026-10-03-b65-users-at-depth,ud64-rep-4replica-c4,joules_per_output_token,superseded_mean,all,3,38.3215487499,,J/token,derived,superseded 2026-10-06: measured tokens only
2026-10-03-b65-users-at-depth,ud64-rep-4replica-c4,output_throughput,,1,,26.1021851483,,tok/s,measured,
2026-10-03-b65-users-at-depth,ud64-rep-4replica-c4,output_throughput,,2,,25.8371726405,,tok/s,measured,
2026-10-03-b65-users-at-depth,ud64-rep-4replica-c4,output_throughput,,3,,25.6902727756,,tok/s,measured,
2026-10-03-b65-users-at-depth,ud64-rep-4replica-c4,output_throughput,mean,all,3,25.8765435215,,tok/s,measured,
2026-10-03-b65-users-at-depth,ud64-rep-4replica-c4,output_throughput_cv,cv,all,3,0.806751611507,,percent,derived,
2026-10-03-b65-users-at-depth,ud64-rep-4replica-c4,output_throughput_sd,sd,all,3,0.208759431862,,tok/s,derived,
2026-10-03-b65-users-at-depth,ud64-rep-4replica-c4,spec_acceptance,,all,,,,fraction,not_collected,engine counters not scraped on the replica arms (METRICS_SCRAPE off)
2026-10-03-b65-users-at-depth,ud64-rep-4replica-c4,target_met,,all,,0,none,bool,derived,in_target over reps: all/none/some reps with p95 TTFT <= 2000 ms and p95 TPOT <= 100 ms
2026-10-03-b65-users-at-depth,ud64-rep-4replica-c4,target_met,,1,,0,,bool,derived,rep p95 TTFT <= 2000 ms and p95 TPOT <= 100 ms
2026-10-03-b65-users-at-depth,ud64-rep-4replica-c4,target_met,,2,,0,,bool,derived,rep p95 TTFT <= 2000 ms and p95 TPOT <= 100 ms
2026-10-03-b65-users-at-depth,ud64-rep-4replica-c4,target_met,,3,,0,,bool,derived,rep p95 TTFT <= 2000 ms and p95 TPOT <= 100 ms
2026-10-03-b65-users-at-depth,ud64-rep-4replica-c4,tpot_mean_ms,,1,,25.5726144887,,ms,measured,
2026-10-03-b65-users-at-depth,ud64-rep-4replica-c4,tpot_mean_ms,,2,,26.2271328192,,ms,measured,
2026-10-03-b65-users-at-depth,ud64-rep-4replica-c4,tpot_mean_ms,,3,,26.3761517218,,ms,measured,
2026-10-03-b65-users-at-depth,ud64-rep-4replica-c4,tpot_mean_ms,mean,all,3,26.0586330099,,ms,measured,
2026-10-03-b65-users-at-depth,ud64-rep-4replica-c4,tpot_p95_ms,,1,,27.564881475,,ms,measured,
2026-10-03-b65-users-at-depth,ud64-rep-4replica-c4,tpot_p95_ms,,2,,28.1159877763,,ms,measured,
2026-10-03-b65-users-at-depth,ud64-rep-4replica-c4,tpot_p95_ms,,3,,28.812735764,,ms,measured,
2026-10-03-b65-users-at-depth,ud64-rep-4replica-c4,tpot_p95_ms,p95_mean,all,3,28.1645350051,,ms,measured,mean over reps of the per-rep p95
2026-10-03-b65-users-at-depth,ud64-rep-4replica-c4,tpot_p95_ms,p95_worst,all,3,28.812735764,,ms,measured,worst per-rep p95
2026-10-03-b65-users-at-depth,ud64-rep-4replica-c4,ttft_max_ms,,1,,65593.5796329,,ms,measured,
2026-10-03-b65-users-at-depth,ud64-rep-4replica-c4,ttft_max_ms,,2,,65668.8471138,,ms,measured,
2026-10-03-b65-users-at-depth,ud64-rep-4replica-c4,ttft_max_ms,,3,,65665.268189,,ms,measured,
2026-10-03-b65-users-at-depth,ud64-rep-4replica-c4,ttft_max_ms,max,all,3,65668.8471138,,ms,measured,
2026-10-03-b65-users-at-depth,ud64-rep-4replica-c4,ttft_mean_ms,,1,,65066.4487401,,ms,measured,
2026-10-03-b65-users-at-depth,ud64-rep-4replica-c4,ttft_mean_ms,,2,,65108.0189044,,ms,measured,
2026-10-03-b65-users-at-depth,ud64-rep-4replica-c4,ttft_mean_ms,,3,,65109.5098442,,ms,measured,
2026-10-03-b65-users-at-depth,ud64-rep-4replica-c4,ttft_mean_ms,mean,all,3,65094.6591629,,ms,measured,
2026-10-03-b65-users-at-depth,ud64-rep-4replica-c4,ttft_p95_ms,,1,,65528.7207403,,ms,measured,p95 across 8 requests
2026-10-03-b65-users-at-depth,ud64-rep-4replica-c4,ttft_p95_ms,,2,,65582.4428036,,ms,measured,p95 across 8 requests
2026-10-03-b65-users-at-depth,ud64-rep-4replica-c4,ttft_p95_ms,,3,,65590.0563232,,ms,measured,p95 across 8 requests
2026-10-03-b65-users-at-depth,ud64-rep-4replica-c4,ttft_p95_ms,p95_mean,all,3,65567.073289,,ms,measured,mean over reps of the per-rep p95 across 2-16 requests
2026-10-03-b65-users-at-depth,ud64-rep-4replica-c4,ttft_p95_ms,p95_worst,all,3,65590.0563232,,ms,measured,worst per-rep p95
2026-10-03-b65-users-at-depth,ud64-rep-4replica-c4,ttft_p99_ms,,1,,65580.6078544,,ms,measured,p99 across 8 requests
2026-10-03-b65-users-at-depth,ud64-rep-4replica-c4,ttft_p99_ms,,2,,65651.5662518,,ms,measured,p99 across 8 requests
2026-10-03-b65-users-at-depth,ud64-rep-4replica-c4,ttft_p99_ms,,3,,65650.2258159,,ms,measured,p99 across 8 requests
2026-10-03-b65-users-at-depth,ud64-rep-4replica-c8,attempted_requests,sum,all,3,48,,count,derived,requests_per_rep 16 x reps 3
2026-10-03-b65-users-at-depth,ud64-rep-4replica-c8,completed_requests,,1,,16,,count,measured,
2026-10-03-b65-users-at-depth,ud64-rep-4replica-c8,completed_requests,,2,,16,,count,measured,
2026-10-03-b65-users-at-depth,ud64-rep-4replica-c8,completed_requests,,3,,16,,count,measured,
2026-10-03-b65-users-at-depth,ud64-rep-4replica-c8,completed_requests,sum,all,3,48,,count,measured,
2026-10-03-b65-users-at-depth,ud64-rep-4replica-c8,duration_s,,1,,301.045999578,,s,measured,
2026-10-03-b65-users-at-depth,ud64-rep-4replica-c8,duration_s,,2,,300.617646206,,s,measured,
2026-10-03-b65-users-at-depth,ud64-rep-4replica-c8,duration_s,,3,,301.771022044,,s,measured,
2026-10-03-b65-users-at-depth,ud64-rep-4replica-c8,e2el_mean_ms,,1,,149261.579928,,ms,measured,
2026-10-03-b65-users-at-depth,ud64-rep-4replica-c8,e2el_mean_ms,,2,,149411.299211,,ms,measured,
2026-10-03-b65-users-at-depth,ud64-rep-4replica-c8,e2el_mean_ms,,3,,149626.787412,,ms,measured,
2026-10-03-b65-users-at-depth,ud64-rep-4replica-c8,e2el_mean_ms,mean,all,3,149433.222183,,ms,derived,e2el_mean_s x 1000
2026-10-03-b65-users-at-depth,ud64-rep-4replica-c8,energy_j,,1,,271437.178466,,J,measured,served cards over the measured window; 1 warm-up in window
2026-10-03-b65-users-at-depth,ud64-rep-4replica-c8,energy_j,,2,,271773.212892,,J,measured,served cards over the measured window; 1 warm-up in window
2026-10-03-b65-users-at-depth,ud64-rep-4replica-c8,energy_j,,3,,,,J,not_collected,energy window for this rep not reduced
2026-10-03-b65-users-at-depth,ud64-rep-4replica-c8,engine_prefill_tok_per_s,,all,,,,tok/s,not_collected,engine counters not scraped on the replica arms (METRICS_SCRAPE off)
2026-10-03-b65-users-at-depth,ud64-rep-4replica-c8,engine_queue_s,,all,,,,s,not_collected,engine counters not scraped on the replica arms (METRICS_SCRAPE off)
2026-10-03-b65-users-at-depth,ud64-rep-4replica-c8,failed_requests,,1,,0,,count,measured,
2026-10-03-b65-users-at-depth,ud64-rep-4replica-c8,failed_requests,,2,,0,,count,measured,
2026-10-03-b65-users-at-depth,ud64-rep-4replica-c8,failed_requests,,3,,0,,count,measured,
2026-10-03-b65-users-at-depth,ud64-rep-4replica-c8,failed_requests,sum,all,3,0,,count,measured,
2026-10-03-b65-users-at-depth,ud64-rep-4replica-c8,joules_per_output_token,,1,,31.1853375995,,J/token,measured,upper bound; warm-up tokens in denominator; corrected 2026-10-06
2026-10-03-b65-users-at-depth,ud64-rep-4replica-c8,joules_per_output_token,,2,,31.2239444959,,J/token,measured,upper bound; warm-up tokens in denominator; corrected 2026-10-06
2026-10-03-b65-users-at-depth,ud64-rep-4replica-c8,joules_per_output_token,,3,,,,J/token,not_collected,energy window for this rep not reduced
2026-10-03-b65-users-at-depth,ud64-rep-4replica-c8,joules_per_output_token,mean,all,2,31.2046410477,,J/token,measured,"upper bound; warm-up tokens in denominator; corrected 2026-10-06; mean over 2 of 3 reps, the other window not reduced"
2026-10-03-b65-users-at-depth,ud64-rep-4replica-c8,joules_per_output_token,superseded_mean,all,2,33.1549311132,,J/token,derived,superseded 2026-10-06: measured tokens only
2026-10-03-b65-users-at-depth,ud64-rep-4replica-c8,output_throughput,,1,,27.2117882698,,tok/s,measured,
2026-10-03-b65-users-at-depth,ud64-rep-4replica-c8,output_throughput,,2,,27.2505626446,,tok/s,measured,
2026-10-03-b65-users-at-depth,ud64-rep-4replica-c8,output_throughput,,3,,27.1464103628,,tok/s,measured,
2026-10-03-b65-users-at-depth,ud64-rep-4replica-c8,output_throughput,mean,all,3,27.2029204257,,tok/s,measured,
2026-10-03-b65-users-at-depth,ud64-rep-4replica-c8,output_throughput_cv,cv,all,3,0.193506325053,,percent,derived,
2026-10-03-b65-users-at-depth,ud64-rep-4replica-c8,output_throughput_sd,sd,all,3,0.052639371623,,tok/s,derived,
2026-10-03-b65-users-at-depth,ud64-rep-4replica-c8,spec_acceptance,,all,,,,fraction,not_collected,engine counters not scraped on the replica arms (METRICS_SCRAPE off)
2026-10-03-b65-users-at-depth,ud64-rep-4replica-c8,target_met,,all,,0,none,bool,derived,in_target over reps: all/none/some reps with p95 TTFT <= 2000 ms and p95 TPOT <= 100 ms
2026-10-03-b65-users-at-depth,ud64-rep-4replica-c8,target_met,,1,,0,,bool,derived,rep p95 TTFT <= 2000 ms and p95 TPOT <= 100 ms
2026-10-03-b65-users-at-depth,ud64-rep-4replica-c8,target_met,,2,,0,,bool,derived,rep p95 TTFT <= 2000 ms and p95 TPOT <= 100 ms
2026-10-03-b65-users-at-depth,ud64-rep-4replica-c8,target_met,,3,,0,,bool,derived,rep p95 TTFT <= 2000 ms and p95 TPOT <= 100 ms
2026-10-03-b65-users-at-depth,ud64-rep-4replica-c8,tpot_mean_ms,,1,,120.39698033,,ms,measured,
2026-10-03-b65-users-at-depth,ud64-rep-4replica-c8,tpot_mean_ms,,2,,119.270713999,,ms,measured,
2026-10-03-b65-users-at-depth,ud64-rep-4replica-c8,tpot_mean_ms,,3,,128.092716727,,ms,measured,
2026-10-03-b65-users-at-depth,ud64-rep-4replica-c8,tpot_mean_ms,mean,all,3,122.586803686,,ms,measured,
2026-10-03-b65-users-at-depth,ud64-rep-4replica-c8,tpot_p95_ms,,1,,195.207284703,,ms,measured,
2026-10-03-b65-users-at-depth,ud64-rep-4replica-c8,tpot_p95_ms,,2,,195.748673279,,ms,measured,
2026-10-03-b65-users-at-depth,ud64-rep-4replica-c8,tpot_p95_ms,,3,,167.445877735,,ms,measured,
2026-10-03-b65-users-at-depth,ud64-rep-4replica-c8,tpot_p95_ms,p95_mean,all,3,186.133945239,,ms,measured,mean over reps of the per-rep p95
2026-10-03-b65-users-at-depth,ud64-rep-4replica-c8,tpot_p95_ms,p95_worst,all,3,195.748673279,,ms,measured,worst per-rep p95
2026-10-03-b65-users-at-depth,ud64-rep-4replica-c8,ttft_max_ms,,1,,132388.89332,,ms,measured,
2026-10-03-b65-users-at-depth,ud64-rep-4replica-c8,ttft_max_ms,,2,,132383.107558,,ms,measured,
2026-10-03-b65-users-at-depth,ud64-rep-4replica-c8,ttft_max_ms,,3,,132352.153498,,ms,measured,
2026-10-03-b65-users-at-depth,ud64-rep-4replica-c8,ttft_max_ms,max,all,3,132388.89332,,ms,measured,
2026-10-03-b65-users-at-depth,ud64-rep-4replica-c8,ttft_mean_ms,,1,,87738.7229792,,ms,measured,
2026-10-03-b65-users-at-depth,ud64-rep-4replica-c8,ttft_mean_ms,,2,,88463.9643573,,ms,measured,
2026-10-03-b65-users-at-depth,ud64-rep-4replica-c8,ttft_mean_ms,,3,,84171.409164,,ms,measured,
2026-10-03-b65-users-at-depth,ud64-rep-4replica-c8,ttft_mean_ms,mean,all,3,86791.3655002,,ms,measured,
2026-10-03-b65-users-at-depth,ud64-rep-4replica-c8,ttft_p95_ms,,1,,132100.318256,,ms,measured,p95 across 16 requests
2026-10-03-b65-users-at-depth,ud64-rep-4replica-c8,ttft_p95_ms,,2,,132219.929309,,ms,measured,p95 across 16 requests
2026-10-03-b65-users-at-depth,ud64-rep-4replica-c8,ttft_p95_ms,,3,,132084.254826,,ms,measured,p95 across 16 requests
2026-10-03-b65-users-at-depth,ud64-rep-4replica-c8,ttft_p95_ms,p95_mean,all,3,132134.83413,,ms,measured,mean over reps of the per-rep p95 across 2-16 requests
2026-10-03-b65-users-at-depth,ud64-rep-4replica-c8,ttft_p95_ms,p95_worst,all,3,132219.929309,,ms,measured,worst per-rep p95
2026-10-03-b65-users-at-depth,ud64-rep-4replica-c8,ttft_p99_ms,,1,,132331.178307,,ms,measured,p99 across 16 requests
2026-10-03-b65-users-at-depth,ud64-rep-4replica-c8,ttft_p99_ms,,2,,132350.471908,,ms,measured,p99 across 16 requests
2026-10-03-b65-users-at-depth,ud64-rep-4replica-c8,ttft_p99_ms,,3,,132298.573764,,ms,measured,p99 across 16 requests
2026-10-03-b65-users-at-depth,ud64-rep-control-direct-c1,attempted_requests,sum,all,3,6,,count,derived,requests_per_rep 2 x reps 3
2026-10-03-b65-users-at-depth,ud64-rep-control-direct-c1,completed_requests,,1,,2,,count,measured,
2026-10-03-b65-users-at-depth,ud64-rep-control-direct-c1,completed_requests,,2,,2,,count,measured,
2026-10-03-b65-users-at-depth,ud64-rep-control-direct-c1,completed_requests,,3,,2,,count,measured,
2026-10-03-b65-users-at-depth,ud64-rep-control-direct-c1,completed_requests,sum,all,3,6,,count,measured,
2026-10-03-b65-users-at-depth,ud64-rep-control-direct-c1,duration_s,,1,,156.826925832,,s,measured,
2026-10-03-b65-users-at-depth,ud64-rep-control-direct-c1,duration_s,,2,,157.672699231,,s,measured,
2026-10-03-b65-users-at-depth,ud64-rep-control-direct-c1,duration_s,,3,,157.631845921,,s,measured,
2026-10-03-b65-users-at-depth,ud64-rep-control-direct-c1,e2el_mean_ms,,1,,78413.0128376,,ms,measured,
2026-10-03-b65-users-at-depth,ud64-rep-control-direct-c1,e2el_mean_ms,,2,,78835.979671,,ms,measured,
2026-10-03-b65-users-at-depth,ud64-rep-control-direct-c1,e2el_mean_ms,,3,,78815.432161,,ms,measured,
2026-10-03-b65-users-at-depth,ud64-rep-control-direct-c1,e2el_mean_ms,mean,all,3,78688.1415565,,ms,derived,e2el_mean_s x 1000
2026-10-03-b65-users-at-depth,ud64-rep-control-direct-c1,energy_j,,1,,,,J,not_collected,energy not reduced for the direct-to-replica control
2026-10-03-b65-users-at-depth,ud64-rep-control-direct-c1,energy_j,,2,,,,J,not_collected,energy not reduced for the direct-to-replica control
2026-10-03-b65-users-at-depth,ud64-rep-control-direct-c1,energy_j,,3,,,,J,not_collected,energy not reduced for the direct-to-replica control
2026-10-03-b65-users-at-depth,ud64-rep-control-direct-c1,engine_prefill_tok_per_s,,all,,,,tok/s,not_collected,engine counters not scraped on the replica arms (METRICS_SCRAPE off)
2026-10-03-b65-users-at-depth,ud64-rep-control-direct-c1,engine_queue_s,,all,,,,s,not_collected,engine counters not scraped on the replica arms (METRICS_SCRAPE off)
2026-10-03-b65-users-at-depth,ud64-rep-control-direct-c1,failed_requests,,1,,0,,count,measured,
2026-10-03-b65-users-at-depth,ud64-rep-control-direct-c1,failed_requests,,2,,0,,count,measured,
2026-10-03-b65-users-at-depth,ud64-rep-control-direct-c1,failed_requests,,3,,0,,count,measured,
2026-10-03-b65-users-at-depth,ud64-rep-control-direct-c1,failed_requests,sum,all,3,0,,count,measured,
2026-10-03-b65-users-at-depth,ud64-rep-control-direct-c1,joules_per_output_token,,all,,,,J/token,not_collected,energy not reduced for the direct-to-replica control (users-at-depth.md: 'not reduced')
2026-10-03-b65-users-at-depth,ud64-rep-control-direct-c1,joules_per_output_token,,1,,,,J/token,not_collected,energy not reduced for the direct-to-replica control
2026-10-03-b65-users-at-depth,ud64-rep-control-direct-c1,joules_per_output_token,,2,,,,J/token,not_collected,energy not reduced for the direct-to-replica control
2026-10-03-b65-users-at-depth,ud64-rep-control-direct-c1,joules_per_output_token,,3,,,,J/token,not_collected,energy not reduced for the direct-to-replica control
2026-10-03-b65-users-at-depth,ud64-rep-control-direct-c1,output_throughput,,1,,6.52949099505,,tok/s,measured,
2026-10-03-b65-users-at-depth,ud64-rep-control-direct-c1,output_throughput,,2,,6.49446609968,,tok/s,measured,
2026-10-03-b65-users-at-depth,ud64-rep-control-direct-c1,output_throughput,,3,,6.49614926487,,tok/s,measured,
2026-10-03-b65-users-at-depth,ud64-rep-control-direct-c1,output_throughput,mean,all,3,6.50670211986,,tok/s,measured,
2026-10-03-b65-users-at-depth,ud64-rep-control-direct-c1,output_throughput_cv,cv,all,3,0.303589743847,,percent,derived,
2026-10-03-b65-users-at-depth,ud64-rep-control-direct-c1,output_throughput_sd,sd,all,3,0.0197536802986,,tok/s,derived,
2026-10-03-b65-users-at-depth,ud64-rep-control-direct-c1,spec_acceptance,,all,,,,fraction,not_collected,engine counters not scraped on the replica arms (METRICS_SCRAPE off)
2026-10-03-b65-users-at-depth,ud64-rep-control-direct-c1,target_met,,all,,0,none,bool,derived,in_target over reps: all/none/some reps with p95 TTFT <= 2000 ms and p95 TPOT <= 100 ms
2026-10-03-b65-users-at-depth,ud64-rep-control-direct-c1,target_met,,1,,0,,bool,derived,rep p95 TTFT <= 2000 ms and p95 TPOT <= 100 ms
2026-10-03-b65-users-at-depth,ud64-rep-control-direct-c1,target_met,,2,,0,,bool,derived,rep p95 TTFT <= 2000 ms and p95 TPOT <= 100 ms
2026-10-03-b65-users-at-depth,ud64-rep-control-direct-c1,target_met,,3,,0,,bool,derived,rep p95 TTFT <= 2000 ms and p95 TPOT <= 100 ms
2026-10-03-b65-users-at-depth,ud64-rep-control-direct-c1,tpot_mean_ms,,1,,24.9879897017,,ms,measured,
2026-10-03-b65-users-at-depth,ud64-rep-control-direct-c1,tpot_mean_ms,,2,,25.8035541049,,ms,measured,
2026-10-03-b65-users-at-depth,ud64-rep-control-direct-c1,tpot_mean_ms,,3,,25.7423149794,,ms,measured,
2026-10-03-b65-users-at-depth,ud64-rep-control-direct-c1,tpot_mean_ms,mean,all,3,25.511286262,,ms,measured,
2026-10-03-b65-users-at-depth,ud64-rep-control-direct-c1,tpot_p95_ms,,1,,25.0791475325,,ms,measured,
2026-10-03-b65-users-at-depth,ud64-rep-control-direct-c1,tpot_p95_ms,,2,,26.5205838802,,ms,measured,
2026-10-03-b65-users-at-depth,ud64-rep-control-direct-c1,tpot_p95_ms,,3,,26.3794241807,,ms,measured,
2026-10-03-b65-users-at-depth,ud64-rep-control-direct-c1,tpot_p95_ms,p95_mean,all,3,25.9930518645,,ms,measured,mean over reps of the per-rep p95
2026-10-03-b65-users-at-depth,ud64-rep-control-direct-c1,tpot_p95_ms,p95_worst,all,3,26.5205838802,,ms,measured,worst per-rep p95
2026-10-03-b65-users-at-depth,ud64-rep-control-direct-c1,ttft_max_ms,,1,,65683.7977781,,ms,measured,
2026-10-03-b65-users-at-depth,ud64-rep-control-direct-c1,ttft_max_ms,,2,,65657.7844999,,ms,measured,
2026-10-03-b65-users-at-depth,ud64-rep-control-direct-c1,ttft_max_ms,,3,,65673.3371732,,ms,measured,
2026-10-03-b65-users-at-depth,ud64-rep-control-direct-c1,ttft_max_ms,max,all,3,65683.7977781,,ms,measured,
2026-10-03-b65-users-at-depth,ud64-rep-control-direct-c1,ttft_mean_ms,,1,,65644.1501001,,ms,measured,
2026-10-03-b65-users-at-depth,ud64-rep-control-direct-c1,ttft_mean_ms,,2,,65650.3635234,,ms,measured,
2026-10-03-b65-users-at-depth,ud64-rep-control-direct-c1,ttft_mean_ms,,3,,65661.1092065,,ms,measured,
2026-10-03-b65-users-at-depth,ud64-rep-control-direct-c1,ttft_mean_ms,mean,all,3,65651.8742767,,ms,measured,
2026-10-03-b65-users-at-depth,ud64-rep-control-direct-c1,ttft_p95_ms,,1,,65679.8330103,,ms,measured,p95 across 2 requests
2026-10-03-b65-users-at-depth,ud64-rep-control-direct-c1,ttft_p95_ms,,2,,65657.0424023,,ms,measured,p95 across 2 requests
2026-10-03-b65-users-at-depth,ud64-rep-control-direct-c1,ttft_p95_ms,,3,,65672.1143765,,ms,measured,p95 across 2 requests
2026-10-03-b65-users-at-depth,ud64-rep-control-direct-c1,ttft_p95_ms,p95_mean,all,3,65669.663263,,ms,measured,mean over reps of the per-rep p95 across 2-16 requests
2026-10-03-b65-users-at-depth,ud64-rep-control-direct-c1,ttft_p95_ms,p95_worst,all,3,65679.8330103,,ms,measured,worst per-rep p95
2026-10-03-b65-users-at-depth,ud64-rep-control-direct-c1,ttft_p99_ms,,1,,65683.0048245,,ms,measured,p99 across 2 requests
2026-10-03-b65-users-at-depth,ud64-rep-control-direct-c1,ttft_p99_ms,,2,,65657.6360804,,ms,measured,p99 across 2 requests
2026-10-03-b65-users-at-depth,ud64-rep-control-direct-c1,ttft_p99_ms,,3,,65673.0926138,,ms,measured,p99 across 2 requests
2026-10-03-b65-users-at-depth,ud64-tp4-eager-c1,attempted_requests,sum,all,3,6,,count,derived,requests_per_rep 2 x reps 3
2026-10-03-b65-users-at-depth,ud64-tp4-eager-c1,completed_requests,,1,,2,,count,measured,
2026-10-03-b65-users-at-depth,ud64-tp4-eager-c1,completed_requests,,2,,2,,count,measured,
2026-10-03-b65-users-at-depth,ud64-tp4-eager-c1,completed_requests,,3,,2,,count,measured,
2026-10-03-b65-users-at-depth,ud64-tp4-eager-c1,completed_requests,sum,all,3,6,,count,measured,
2026-10-03-b65-users-at-depth,ud64-tp4-eager-c1,duration_s,,1,,104.4736049,,s,measured,
2026-10-03-b65-users-at-depth,ud64-tp4-eager-c1,duration_s,,2,,104.569389611,,s,measured,
2026-10-03-b65-users-at-depth,ud64-tp4-eager-c1,duration_s,,3,,105.157553185,,s,measured,
2026-10-03-b65-users-at-depth,ud64-tp4-eager-c1,e2el_mean_ms,,1,,52236.4413955,,ms,measured,
2026-10-03-b65-users-at-depth,ud64-tp4-eager-c1,e2el_mean_ms,,2,,52284.3515716,,ms,measured,
2026-10-03-b65-users-at-depth,ud64-tp4-eager-c1,e2el_mean_ms,,3,,52578.387682,,ms,measured,
2026-10-03-b65-users-at-depth,ud64-tp4-eager-c1,e2el_mean_ms,mean,all,3,52366.3935497,,ms,derived,e2el_mean_s x 1000
2026-10-03-b65-users-at-depth,ud64-tp4-eager-c1,energy_j,,1,,89686.126524,,J,measured,served cards over the measured window; 1 warm-up in window
2026-10-03-b65-users-at-depth,ud64-tp4-eager-c1,energy_j,,2,,90992.43103,,J,measured,served cards over the measured window; 1 warm-up in window
2026-10-03-b65-users-at-depth,ud64-tp4-eager-c1,energy_j,,3,,90637.410218,,J,measured,served cards over the measured window; 1 warm-up in window
2026-10-03-b65-users-at-depth,ud64-tp4-eager-c1,engine_prefill_tok_per_s,mean,all,3,3101.95140333,,tok/s,measured,metrics-delta; each delta window also holds that rep's warm-up request
2026-10-03-b65-users-at-depth,ud64-tp4-eager-c1,engine_queue_s,mean,all,3,1.80708917065e-05,,s,measured,per-request engine queue time
2026-10-03-b65-users-at-depth,ud64-tp4-eager-c1,failed_requests,,1,,0,,count,measured,
2026-10-03-b65-users-at-depth,ud64-tp4-eager-c1,failed_requests,,2,,0,,count,measured,
2026-10-03-b65-users-at-depth,ud64-tp4-eager-c1,failed_requests,,3,,0,,count,measured,
2026-10-03-b65-users-at-depth,ud64-tp4-eager-c1,failed_requests,sum,all,3,0,,count,measured,
2026-10-03-b65-users-at-depth,ud64-tp4-eager-c1,joules_per_output_token,,1,,58.3894052891,,J/token,measured,upper bound; warm-up tokens in denominator; corrected 2026-10-06
2026-10-03-b65-users-at-depth,ud64-tp4-eager-c1,joules_per_output_token,,2,,59.2398639518,,J/token,measured,upper bound; warm-up tokens in denominator; corrected 2026-10-06
2026-10-03-b65-users-at-depth,ud64-tp4-eager-c1,joules_per_output_token,,3,,59.0087306107,,J/token,measured,upper bound; warm-up tokens in denominator; corrected 2026-10-06
2026-10-03-b65-users-at-depth,ud64-tp4-eager-c1,joules_per_output_token,mean,all,3,58.8793332839,,J/token,measured,upper bound; warm-up tokens in denominator; corrected 2026-10-06
2026-10-03-b65-users-at-depth,ud64-tp4-eager-c1,joules_per_output_token,superseded_mean,all,3,88.3189999258,,J/token,derived,superseded 2026-10-06: measured tokens only
2026-10-03-b65-users-at-depth,ud64-tp4-eager-c1,output_throughput,,1,,9.80151877578,,tok/s,measured,
2026-10-03-b65-users-at-depth,ud64-tp4-eager-c1,output_throughput,,2,,9.79254066423,,tok/s,measured,
2026-10-03-b65-users-at-depth,ud64-tp4-eager-c1,output_throughput,,3,,9.73776936592,,tok/s,measured,
2026-10-03-b65-users-at-depth,ud64-tp4-eager-c1,output_throughput,mean,all,3,9.77727626864,,tok/s,measured,
2026-10-03-b65-users-at-depth,ud64-tp4-eager-c1,output_throughput_cv,cv,all,3,0.352932839097,,percent,derived,
2026-10-03-b65-users-at-depth,ud64-tp4-eager-c1,output_throughput_sd,sd,all,3,0.0345072187213,,tok/s,derived,
2026-10-03-b65-users-at-depth,ud64-tp4-eager-c1,spec_acceptance,,all,,,,fraction,not_applicable,"eager arm, no speculation"
2026-10-03-b65-users-at-depth,ud64-tp4-eager-c1,target_met,,all,,0,none,bool,derived,in_target over reps: all/none/some reps with p95 TTFT <= 2000 ms and p95 TPOT <= 100 ms
2026-10-03-b65-users-at-depth,ud64-tp4-eager-c1,target_met,,1,,0,,bool,derived,rep p95 TTFT <= 2000 ms and p95 TPOT <= 100 ms
2026-10-03-b65-users-at-depth,ud64-tp4-eager-c1,target_met,,2,,0,,bool,derived,rep p95 TTFT <= 2000 ms and p95 TPOT <= 100 ms
2026-10-03-b65-users-at-depth,ud64-tp4-eager-c1,target_met,,3,,0,,bool,derived,rep p95 TTFT <= 2000 ms and p95 TPOT <= 100 ms
2026-10-03-b65-users-at-depth,ud64-tp4-eager-c1,tpot_mean_ms,,1,,60.3963010195,,ms,measured,
2026-10-03-b65-users-at-depth,ud64-tp4-eager-c1,tpot_mean_ms,,2,,60.4703874581,,ms,measured,
2026-10-03-b65-users-at-depth,ud64-tp4-eager-c1,tpot_mean_ms,,3,,61.0267174352,,ms,measured,
2026-10-03-b65-users-at-depth,ud64-tp4-eager-c1,tpot_mean_ms,mean,all,3,60.6311353043,,ms,measured,
2026-10-03-b65-users-at-depth,ud64-tp4-eager-c1,tpot_p95_ms,,1,,60.6431980054,,ms,measured,
2026-10-03-b65-users-at-depth,ud64-tp4-eager-c1,tpot_p95_ms,,2,,60.7189241382,,ms,measured,
2026-10-03-b65-users-at-depth,ud64-tp4-eager-c1,tpot_p95_ms,,3,,61.2878498894,,ms,measured,
2026-10-03-b65-users-at-depth,ud64-tp4-eager-c1,tpot_p95_ms,p95_mean,all,3,60.883324011,,ms,measured,mean over reps of the per-rep p95
2026-10-03-b65-users-at-depth,ud64-tp4-eager-c1,tpot_p95_ms,p95_worst,all,3,61.2878498894,,ms,measured,worst per-rep p95
2026-10-03-b65-users-at-depth,ud64-tp4-eager-c1,ttft_max_ms,,1,,21399.133518,,ms,measured,
2026-10-03-b65-users-at-depth,ud64-tp4-eager-c1,ttft_max_ms,,2,,21404.3248838,,ms,measured,
2026-10-03-b65-users-at-depth,ud64-tp4-eager-c1,ttft_max_ms,,3,,21421.7670721,,ms,measured,
2026-10-03-b65-users-at-depth,ud64-tp4-eager-c1,ttft_max_ms,max,all,3,21421.7670721,,ms,measured,
2026-10-03-b65-users-at-depth,ud64-tp4-eager-c1,ttft_mean_ms,,1,,21373.9315745,,ms,measured,
2026-10-03-b65-users-at-depth,ud64-tp4-eager-c1,ttft_mean_ms,,2,,21383.9835805,,ms,measured,
2026-10-03-b65-users-at-depth,ud64-tp4-eager-c1,ttft_mean_ms,,3,,21393.7350726,,ms,measured,
2026-10-03-b65-users-at-depth,ud64-tp4-eager-c1,ttft_mean_ms,mean,all,3,21383.8834092,,ms,measured,
2026-10-03-b65-users-at-depth,ud64-tp4-eager-c1,ttft_p95_ms,,1,,21396.6133236,,ms,measured,p95 across 2 requests
2026-10-03-b65-users-at-depth,ud64-tp4-eager-c1,ttft_p95_ms,,2,,21402.2907535,,ms,measured,p95 across 2 requests
2026-10-03-b65-users-at-depth,ud64-tp4-eager-c1,ttft_p95_ms,,3,,21418.9638721,,ms,measured,p95 across 2 requests
2026-10-03-b65-users-at-depth,ud64-tp4-eager-c1,ttft_p95_ms,p95_mean,all,3,21405.9559831,,ms,measured,mean over reps of the per-rep p95 across 2-16 requests
2026-10-03-b65-users-at-depth,ud64-tp4-eager-c1,ttft_p95_ms,p95_worst,all,3,21418.9638721,,ms,measured,worst per-rep p95
2026-10-03-b65-users-at-depth,ud64-tp4-eager-c1,ttft_p99_ms,,1,,21398.6294791,,ms,measured,p99 across 2 requests
2026-10-03-b65-users-at-depth,ud64-tp4-eager-c1,ttft_p99_ms,,2,,21403.9180578,,ms,measured,p99 across 2 requests
2026-10-03-b65-users-at-depth,ud64-tp4-eager-c1,ttft_p99_ms,,3,,21421.2064321,,ms,measured,p99 across 2 requests
2026-10-03-b65-users-at-depth,ud64-tp4-eager-c2,attempted_requests,sum,all,3,12,,count,derived,requests_per_rep 4 x reps 3
2026-10-03-b65-users-at-depth,ud64-tp4-eager-c2,completed_requests,,1,,4,,count,measured,
2026-10-03-b65-users-at-depth,ud64-tp4-eager-c2,completed_requests,,2,,4,,count,measured,
2026-10-03-b65-users-at-depth,ud64-tp4-eager-c2,completed_requests,,3,,4,,count,measured,
2026-10-03-b65-users-at-depth,ud64-tp4-eager-c2,completed_requests,sum,all,3,12,,count,measured,
2026-10-03-b65-users-at-depth,ud64-tp4-eager-c2,duration_s,,1,,140.821291624,,s,measured,
2026-10-03-b65-users-at-depth,ud64-tp4-eager-c2,duration_s,,2,,140.702641944,,s,measured,
2026-10-03-b65-users-at-depth,ud64-tp4-eager-c2,duration_s,,3,,140.95295793,,s,measured,
2026-10-03-b65-users-at-depth,ud64-tp4-eager-c2,e2el_mean_ms,,1,,70284.5710235,,ms,measured,
2026-10-03-b65-users-at-depth,ud64-tp4-eager-c2,e2el_mean_ms,,2,,70229.2345583,,ms,measured,
2026-10-03-b65-users-at-depth,ud64-tp4-eager-c2,e2el_mean_ms,,3,,70352.9584862,,ms,measured,
2026-10-03-b65-users-at-depth,ud64-tp4-eager-c2,e2el_mean_ms,mean,all,3,70288.921356,,ms,derived,e2el_mean_s x 1000
2026-10-03-b65-users-at-depth,ud64-tp4-eager-c2,energy_j,,1,,125243.098083,,J,measured,served cards over the measured window; 1 warm-up in window
2026-10-03-b65-users-at-depth,ud64-tp4-eager-c2,energy_j,,2,,125442.299195,,J,measured,served cards over the measured window; 1 warm-up in window
2026-10-03-b65-users-at-depth,ud64-tp4-eager-c2,energy_j,,3,,125007.051575,,J,measured,served cards over the measured window; 1 warm-up in window
2026-10-03-b65-users-at-depth,ud64-tp4-eager-c2,engine_prefill_tok_per_s,mean,all,3,2790.99606747,,tok/s,measured,metrics-delta; each delta window also holds that rep's warm-up request
2026-10-03-b65-users-at-depth,ud64-tp4-eager-c2,engine_queue_s,mean,all,3,4.88279387613,,s,measured,per-request engine queue time
2026-10-03-b65-users-at-depth,ud64-tp4-eager-c2,failed_requests,,1,,0,,count,measured,
2026-10-03-b65-users-at-depth,ud64-tp4-eager-c2,failed_requests,,2,,0,,count,measured,
2026-10-03-b65-users-at-depth,ud64-tp4-eager-c2,failed_requests,,3,,0,,count,measured,
2026-10-03-b65-users-at-depth,ud64-tp4-eager-c2,failed_requests,sum,all,3,0,,count,measured,
2026-10-03-b65-users-at-depth,ud64-tp4-eager-c2,joules_per_output_token,,1,,48.9230851887,,J/token,measured,upper bound; warm-up tokens in denominator; corrected 2026-10-06
2026-10-03-b65-users-at-depth,ud64-tp4-eager-c2,joules_per_output_token,,2,,49.000898123,,J/token,measured,upper bound; warm-up tokens in denominator; corrected 2026-10-06
2026-10-03-b65-users-at-depth,ud64-tp4-eager-c2,joules_per_output_token,,3,,48.8308795215,,J/token,measured,upper bound; warm-up tokens in denominator; corrected 2026-10-06
2026-10-03-b65-users-at-depth,ud64-tp4-eager-c2,joules_per_output_token,mean,all,3,48.9182876111,,J/token,measured,upper bound; warm-up tokens in denominator; corrected 2026-10-06
2026-10-03-b65-users-at-depth,ud64-tp4-eager-c2,joules_per_output_token,superseded_mean,all,3,61.1478595138,,J/token,derived,superseded 2026-10-06: measured tokens only
2026-10-03-b65-users-at-depth,ud64-tp4-eager-c2,output_throughput,,1,,14.5432553301,,tok/s,measured,
2026-10-03-b65-users-at-depth,ud64-tp4-eager-c2,output_throughput,,2,,14.5555191552,,tok/s,measured,
2026-10-03-b65-users-at-depth,ud64-tp4-eager-c2,output_throughput,,3,,14.5296702536,,tok/s,measured,
2026-10-03-b65-users-at-depth,ud64-tp4-eager-c2,output_throughput,mean,all,3,14.542814913,,tok/s,measured,
2026-10-03-b65-users-at-depth,ud64-tp4-eager-c2,output_throughput_cv,cv,all,3,0.0889104175167,,percent,derived,
2026-10-03-b65-users-at-depth,ud64-tp4-eager-c2,output_throughput_sd,sd,all,3,0.0129300774578,,tok/s,derived,
2026-10-03-b65-users-at-depth,ud64-tp4-eager-c2,spec_acceptance,,all,,,,fraction,not_applicable,"eager arm, no speculation"
2026-10-03-b65-users-at-depth,ud64-tp4-eager-c2,target_met,,all,,0,none,bool,derived,in_target over reps: all/none/some reps with p95 TTFT <= 2000 ms and p95 TPOT <= 100 ms
2026-10-03-b65-users-at-depth,ud64-tp4-eager-c2,target_met,,1,,0,,bool,derived,rep p95 TTFT <= 2000 ms and p95 TPOT <= 100 ms
2026-10-03-b65-users-at-depth,ud64-tp4-eager-c2,target_met,,2,,0,,bool,derived,rep p95 TTFT <= 2000 ms and p95 TPOT <= 100 ms
2026-10-03-b65-users-at-depth,ud64-tp4-eager-c2,target_met,,3,,0,,bool,derived,rep p95 TTFT <= 2000 ms and p95 TPOT <= 100 ms
2026-10-03-b65-users-at-depth,ud64-tp4-eager-c2,tpot_mean_ms,,1,,75.7888418552,,ms,measured,
2026-10-03-b65-users-at-depth,ud64-tp4-eager-c2,tpot_mean_ms,,2,,75.6667641322,,ms,measured,
2026-10-03-b65-users-at-depth,ud64-tp4-eager-c2,tpot_mean_ms,,3,,75.9303287672,,ms,measured,
2026-10-03-b65-users-at-depth,ud64-tp4-eager-c2,tpot_mean_ms,mean,all,3,75.7953115849,,ms,measured,
2026-10-03-b65-users-at-depth,ud64-tp4-eager-c2,tpot_p95_ms,,1,,91.3166148359,,ms,measured,
2026-10-03-b65-users-at-depth,ud64-tp4-eager-c2,tpot_p95_ms,,2,,91.0761980621,,ms,measured,
2026-10-03-b65-users-at-depth,ud64-tp4-eager-c2,tpot_p95_ms,,3,,91.2985024068,,ms,measured,
2026-10-03-b65-users-at-depth,ud64-tp4-eager-c2,tpot_p95_ms,p95_mean,all,3,91.2304384349,,ms,measured,mean over reps of the per-rep p95
2026-10-03-b65-users-at-depth,ud64-tp4-eager-c2,tpot_p95_ms,p95_worst,all,3,91.3166148359,,ms,measured,worst per-rep p95
2026-10-03-b65-users-at-depth,ud64-tp4-eager-c2,ttft_max_ms,,1,,42971.397063,,ms,measured,
2026-10-03-b65-users-at-depth,ud64-tp4-eager-c2,ttft_max_ms,,2,,42991.6522899,,ms,measured,
2026-10-03-b65-users-at-depth,ud64-tp4-eager-c2,ttft_max_ms,,3,,42985.116435,,ms,measured,
2026-10-03-b65-users-at-depth,ud64-tp4-eager-c2,ttft_max_ms,max,all,3,42991.6522899,,ms,measured,
2026-10-03-b65-users-at-depth,ud64-tp4-eager-c2,ttft_mean_ms,,1,,31556.4728355,,ms,measured,
2026-10-03-b65-users-at-depth,ud64-tp4-eager-c2,ttft_mean_ms,,2,,31563.5180867,,ms,measured,
2026-10-03-b65-users-at-depth,ud64-tp4-eager-c2,ttft_mean_ms,,3,,31552.5604862,,ms,measured,
2026-10-03-b65-users-at-depth,ud64-tp4-eager-c2,ttft_mean_ms,mean,all,3,31557.5171361,,ms,measured,
2026-10-03-b65-users-at-depth,ud64-tp4-eager-c2,ttft_p95_ms,,1,,41934.3586804,,ms,measured,p95 across 4 requests
2026-10-03-b65-users-at-depth,ud64-tp4-eager-c2,ttft_p95_ms,,2,,41953.0674318,,ms,measured,p95 across 4 requests
2026-10-03-b65-users-at-depth,ud64-tp4-eager-c2,ttft_p95_ms,,3,,41945.5159464,,ms,measured,p95 across 4 requests
2026-10-03-b65-users-at-depth,ud64-tp4-eager-c2,ttft_p95_ms,p95_mean,all,3,41944.3140195,,ms,measured,mean over reps of the per-rep p95 across 2-16 requests
2026-10-03-b65-users-at-depth,ud64-tp4-eager-c2,ttft_p95_ms,p95_worst,all,3,41953.0674318,,ms,measured,worst per-rep p95
2026-10-03-b65-users-at-depth,ud64-tp4-eager-c2,ttft_p99_ms,,1,,42763.9893865,,ms,measured,p99 across 4 requests
2026-10-03-b65-users-at-depth,ud64-tp4-eager-c2,ttft_p99_ms,,2,,42783.9353183,,ms,measured,p99 across 4 requests
2026-10-03-b65-users-at-depth,ud64-tp4-eager-c2,ttft_p99_ms,,3,,42777.1963373,,ms,measured,p99 across 4 requests
2026-10-03-b65-users-at-depth,ud64-tp4-eager-c4,attempted_requests,sum,all,3,24,,count,derived,requests_per_rep 8 x reps 3
2026-10-03-b65-users-at-depth,ud64-tp4-eager-c4,completed_requests,,1,,8,,count,measured,
2026-10-03-b65-users-at-depth,ud64-tp4-eager-c4,completed_requests,,2,,8,,count,measured,
2026-10-03-b65-users-at-depth,ud64-tp4-eager-c4,completed_requests,,3,,8,,count,measured,
2026-10-03-b65-users-at-depth,ud64-tp4-eager-c4,completed_requests,sum,all,3,24,,count,measured,
2026-10-03-b65-users-at-depth,ud64-tp4-eager-c4,duration_s,,1,,228.599052591,,s,measured,
2026-10-03-b65-users-at-depth,ud64-tp4-eager-c4,duration_s,,2,,228.944356356,,s,measured,
2026-10-03-b65-users-at-depth,ud64-tp4-eager-c4,duration_s,,3,,229.320324182,,s,measured,
2026-10-03-b65-users-at-depth,ud64-tp4-eager-c4,e2el_mean_ms,,1,,113949.245529,,ms,measured,
2026-10-03-b65-users-at-depth,ud64-tp4-eager-c4,e2el_mean_ms,,2,,114133.429763,,ms,measured,
2026-10-03-b65-users-at-depth,ud64-tp4-eager-c4,e2el_mean_ms,,3,,114310.53978,,ms,measured,
2026-10-03-b65-users-at-depth,ud64-tp4-eager-c4,e2el_mean_ms,mean,all,3,114131.071691,,ms,derived,e2el_mean_s x 1000
2026-10-03-b65-users-at-depth,ud64-tp4-eager-c4,energy_j,,1,,196784.22699,,J,measured,served cards over the measured window; 1 warm-up in window
2026-10-03-b65-users-at-depth,ud64-tp4-eager-c4,energy_j,,2,,198264.245179,,J,measured,served cards over the measured window; 1 warm-up in window
2026-10-03-b65-users-at-depth,ud64-tp4-eager-c4,energy_j,,3,,197043.39978,,J,measured,served cards over the measured window; 1 warm-up in window
2026-10-03-b65-users-at-depth,ud64-tp4-eager-c4,engine_prefill_tok_per_s,mean,all,3,2583.75561547,,tok/s,measured,metrics-delta; each delta window also holds that rep's warm-up request
2026-10-03-b65-users-at-depth,ud64-tp4-eager-c4,engine_queue_s,mean,all,3,15.6958409876,,s,measured,per-request engine queue time
2026-10-03-b65-users-at-depth,ud64-tp4-eager-c4,failed_requests,,1,,0,,count,measured,
2026-10-03-b65-users-at-depth,ud64-tp4-eager-c4,failed_requests,,2,,0,,count,measured,
2026-10-03-b65-users-at-depth,ud64-tp4-eager-c4,failed_requests,,3,,0,,count,measured,
2026-10-03-b65-users-at-depth,ud64-tp4-eager-c4,failed_requests,sum,all,3,0,,count,measured,
2026-10-03-b65-users-at-depth,ud64-tp4-eager-c4,joules_per_output_token,,1,,42.7049103711,,J/token,measured,upper bound; warm-up tokens in denominator; corrected 2026-10-06
2026-10-03-b65-users-at-depth,ud64-tp4-eager-c4,joules_per_output_token,,2,,43.0260948739,,J/token,measured,upper bound; warm-up tokens in denominator; corrected 2026-10-06
2026-10-03-b65-users-at-depth,ud64-tp4-eager-c4,joules_per_output_token,,3,,42.7611544661,,J/token,measured,upper bound; warm-up tokens in denominator; corrected 2026-10-06
2026-10-03-b65-users-at-depth,ud64-tp4-eager-c4,joules_per_output_token,mean,all,3,42.8307199037,,J/token,measured,upper bound; warm-up tokens in denominator; corrected 2026-10-06
2026-10-03-b65-users-at-depth,ud64-tp4-eager-c4,joules_per_output_token,superseded_mean,all,3,48.1845598917,,J/token,derived,superseded 2026-10-06: measured tokens only
2026-10-03-b65-users-at-depth,ud64-tp4-eager-c4,output_throughput,,1,,17.9178345386,,tok/s,measured,
2026-10-03-b65-users-at-depth,ud64-tp4-eager-c4,output_throughput,,2,,17.8908100868,,tok/s,measured,
2026-10-03-b65-users-at-depth,ud64-tp4-eager-c4,output_throughput,,3,,17.8614783256,,tok/s,measured,
2026-10-03-b65-users-at-depth,ud64-tp4-eager-c4,output_throughput,mean,all,3,17.8900409836,,tok/s,measured,
2026-10-03-b65-users-at-depth,ud64-tp4-eager-c4,output_throughput_cv,cv,all,3,0.157551217851,,percent,derived,
2026-10-03-b65-users-at-depth,ud64-tp4-eager-c4,output_throughput_sd,sd,all,3,0.0281859774438,,tok/s,derived,
2026-10-03-b65-users-at-depth,ud64-tp4-eager-c4,spec_acceptance,,all,,,,fraction,not_applicable,"eager arm, no speculation"
2026-10-03-b65-users-at-depth,ud64-tp4-eager-c4,target_met,,all,,0,none,bool,derived,in_target over reps: all/none/some reps with p95 TTFT <= 2000 ms and p95 TPOT <= 100 ms
2026-10-03-b65-users-at-depth,ud64-tp4-eager-c4,target_met,,1,,0,,bool,derived,rep p95 TTFT <= 2000 ms and p95 TPOT <= 100 ms
2026-10-03-b65-users-at-depth,ud64-tp4-eager-c4,target_met,,2,,0,,bool,derived,rep p95 TTFT <= 2000 ms and p95 TPOT <= 100 ms
2026-10-03-b65-users-at-depth,ud64-tp4-eager-c4,target_met,,3,,0,,bool,derived,rep p95 TTFT <= 2000 ms and p95 TPOT <= 100 ms
2026-10-03-b65-users-at-depth,ud64-tp4-eager-c4,tpot_mean_ms,,1,,134.563339712,,ms,measured,
2026-10-03-b65-users-at-depth,ud64-tp4-eager-c4,tpot_mean_ms,,2,,134.919981447,,ms,measured,
2026-10-03-b65-users-at-depth,ud64-tp4-eager-c4,tpot_mean_ms,,3,,133.458500939,,ms,measured,
2026-10-03-b65-users-at-depth,ud64-tp4-eager-c4,tpot_mean_ms,mean,all,3,134.3139407,,ms,measured,
2026-10-03-b65-users-at-depth,ud64-tp4-eager-c4,tpot_p95_ms,,1,,175.608572069,,ms,measured,
2026-10-03-b65-users-at-depth,ud64-tp4-eager-c4,tpot_p95_ms,,2,,175.962928818,,ms,measured,
2026-10-03-b65-users-at-depth,ud64-tp4-eager-c4,tpot_p95_ms,,3,,176.326246296,,ms,measured,
2026-10-03-b65-users-at-depth,ud64-tp4-eager-c4,tpot_p95_ms,p95_mean,all,3,175.965915728,,ms,measured,mean over reps of the per-rep p95
2026-10-03-b65-users-at-depth,ud64-tp4-eager-c4,tpot_p95_ms,p95_worst,all,3,176.326246296,,ms,measured,worst per-rep p95
2026-10-03-b65-users-at-depth,ud64-tp4-eager-c4,ttft_max_ms,,1,,86865.186458,,ms,measured,
2026-10-03-b65-users-at-depth,ud64-tp4-eager-c4,ttft_max_ms,,2,,86878.083946,,ms,measured,
2026-10-03-b65-users-at-depth,ud64-tp4-eager-c4,ttft_max_ms,,3,,86894.284266,,ms,measured,
2026-10-03-b65-users-at-depth,ud64-tp4-eager-c4,ttft_max_ms,max,all,3,86894.284266,,ms,measured,
2026-10-03-b65-users-at-depth,ud64-tp4-eager-c4,ttft_mean_ms,,1,,45187.3789356,,ms,measured,
2026-10-03-b65-users-at-depth,ud64-tp4-eager-c4,ttft_mean_ms,,2,,45189.3192438,,ms,measured,
2026-10-03-b65-users-at-depth,ud64-tp4-eager-c4,ttft_mean_ms,,3,,46113.2458004,,ms,measured,
2026-10-03-b65-users-at-depth,ud64-tp4-eager-c4,ttft_mean_ms,mean,all,3,45496.6479933,,ms,measured,
2026-10-03-b65-users-at-depth,ud64-tp4-eager-c4,ttft_p95_ms,,1,,79837.6001072,,ms,measured,p95 across 8 requests
2026-10-03-b65-users-at-depth,ud64-tp4-eager-c4,ttft_p95_ms,,2,,79849.6490048,,ms,measured,p95 across 8 requests
2026-10-03-b65-users-at-depth,ud64-tp4-eager-c4,ttft_p95_ms,,3,,79861.2023298,,ms,measured,p95 across 8 requests
2026-10-03-b65-users-at-depth,ud64-tp4-eager-c4,ttft_p95_ms,p95_mean,all,3,79849.4838139,,ms,measured,mean over reps of the per-rep p95 across 2-16 requests
2026-10-03-b65-users-at-depth,ud64-tp4-eager-c4,ttft_p95_ms,p95_worst,all,3,79861.2023298,,ms,measured,worst per-rep p95
2026-10-03-b65-users-at-depth,ud64-tp4-eager-c4,ttft_p99_ms,,1,,85459.6691878,,ms,measured,p99 across 8 requests
2026-10-03-b65-users-at-depth,ud64-tp4-eager-c4,ttft_p99_ms,,2,,85472.3969577,,ms,measured,p99 across 8 requests
2026-10-03-b65-users-at-depth,ud64-tp4-eager-c4,ttft_p99_ms,,3,,85487.6678788,,ms,measured,p99 across 8 requests
2026-10-03-b65-users-at-depth,ud64-tp4-eager-c8,attempted_requests,sum,all,3,48,,count,derived,requests_per_rep 16 x reps 3
2026-10-03-b65-users-at-depth,ud64-tp4-eager-c8,completed_requests,,1,,16,,count,measured,
2026-10-03-b65-users-at-depth,ud64-tp4-eager-c8,completed_requests,,2,,16,,count,measured,
2026-10-03-b65-users-at-depth,ud64-tp4-eager-c8,completed_requests,,3,,16,,count,measured,
2026-10-03-b65-users-at-depth,ud64-tp4-eager-c8,completed_requests,sum,all,3,48,,count,measured,
2026-10-03-b65-users-at-depth,ud64-tp4-eager-c8,duration_s,,1,,417.447845533,,s,measured,
2026-10-03-b65-users-at-depth,ud64-tp4-eager-c8,duration_s,,2,,417.234853491,,s,measured,
2026-10-03-b65-users-at-depth,ud64-tp4-eager-c8,duration_s,,3,,417.52368062,,s,measured,
2026-10-03-b65-users-at-depth,ud64-tp4-eager-c8,e2el_mean_ms,,1,,207927.467706,,ms,measured,
2026-10-03-b65-users-at-depth,ud64-tp4-eager-c8,e2el_mean_ms,,2,,207856.732193,,ms,measured,
2026-10-03-b65-users-at-depth,ud64-tp4-eager-c8,e2el_mean_ms,,3,,207994.940696,,ms,measured,
2026-10-03-b65-users-at-depth,ud64-tp4-eager-c8,e2el_mean_ms,mean,all,3,207926.380198,,ms,derived,e2el_mean_s x 1000
2026-10-03-b65-users-at-depth,ud64-tp4-eager-c8,energy_j,,1,,351605.552123,,J,measured,served cards over the measured window; 1 warm-up in window
2026-10-03-b65-users-at-depth,ud64-tp4-eager-c8,energy_j,,2,,351098.691527,,J,measured,served cards over the measured window; 1 warm-up in window
2026-10-03-b65-users-at-depth,ud64-tp4-eager-c8,energy_j,,3,,352895.208741,,J,measured,served cards over the measured window; 1 warm-up in window
2026-10-03-b65-users-at-depth,ud64-tp4-eager-c8,engine_prefill_tok_per_s,mean,all,3,2398.93538527,,tok/s,measured,metrics-delta; each delta window also holds that rep's warm-up request
2026-10-03-b65-users-at-depth,ud64-tp4-eager-c8,engine_queue_s,mean,all,3,37.4012449511,,s,measured,per-request engine queue time
2026-10-03-b65-users-at-depth,ud64-tp4-eager-c8,failed_requests,,1,,0,,count,measured,
2026-10-03-b65-users-at-depth,ud64-tp4-eager-c8,failed_requests,,2,,0,,count,measured,
2026-10-03-b65-users-at-depth,ud64-tp4-eager-c8,failed_requests,,3,,0,,count,measured,
2026-10-03-b65-users-at-depth,ud64-tp4-eager-c8,failed_requests,sum,all,3,0,,count,measured,
2026-10-03-b65-users-at-depth,ud64-tp4-eager-c8,joules_per_output_token,,1,,40.39585847,,J/token,measured,upper bound; warm-up tokens in denominator; corrected 2026-10-06
2026-10-03-b65-users-at-depth,ud64-tp4-eager-c8,joules_per_output_token,,2,,40.3376254052,,J/token,measured,upper bound; warm-up tokens in denominator; corrected 2026-10-06
2026-10-03-b65-users-at-depth,ud64-tp4-eager-c8,joules_per_output_token,,3,,40.5440267395,,J/token,measured,upper bound; warm-up tokens in denominator; corrected 2026-10-06
2026-10-03-b65-users-at-depth,ud64-tp4-eager-c8,joules_per_output_token,mean,all,3,40.4258368716,,J/token,measured,upper bound; warm-up tokens in denominator; corrected 2026-10-06
2026-10-03-b65-users-at-depth,ud64-tp4-eager-c8,joules_per_output_token,superseded_mean,all,3,42.9524516761,,J/token,derived,superseded 2026-10-06: measured tokens only
2026-10-03-b65-users-at-depth,ud64-tp4-eager-c8,output_throughput,,1,,19.6240083346,,tok/s,measured,
2026-10-03-b65-users-at-depth,ud64-tp4-eager-c8,output_throughput,,2,,19.6340260922,,tok/s,measured,
2026-10-03-b65-users-at-depth,ud64-tp4-eager-c8,output_throughput,,3,,19.6204440137,,tok/s,measured,
2026-10-03-b65-users-at-depth,ud64-tp4-eager-c8,output_throughput,mean,all,3,19.6261594802,,tok/s,measured,
2026-10-03-b65-users-at-depth,ud64-tp4-eager-c8,output_throughput_cv,cv,all,3,0.0358803281709,,percent,derived,
2026-10-03-b65-users-at-depth,ud64-tp4-eager-c8,output_throughput_sd,sd,all,3,0.00704193042883,,tok/s,derived,
2026-10-03-b65-users-at-depth,ud64-tp4-eager-c8,spec_acceptance,,all,,,,fraction,not_applicable,"eager arm, no speculation"
2026-10-03-b65-users-at-depth,ud64-tp4-eager-c8,speedup_ratio,,all,,2.95310558397,,ratio,derived,TP=4 over one card ceiling at eight 64K users; output tok/s ud64-tp4-eager-c8 / ud64-1card-eager-c8
2026-10-03-b65-users-at-depth,ud64-tp4-eager-c8,target_met,,all,,0,none,bool,derived,in_target over reps: all/none/some reps with p95 TTFT <= 2000 ms and p95 TPOT <= 100 ms
2026-10-03-b65-users-at-depth,ud64-tp4-eager-c8,target_met,,1,,0,,bool,derived,rep p95 TTFT <= 2000 ms and p95 TPOT <= 100 ms
2026-10-03-b65-users-at-depth,ud64-tp4-eager-c8,target_met,,2,,0,,bool,derived,rep p95 TTFT <= 2000 ms and p95 TPOT <= 100 ms
2026-10-03-b65-users-at-depth,ud64-tp4-eager-c8,target_met,,3,,0,,bool,derived,rep p95 TTFT <= 2000 ms and p95 TPOT <= 100 ms
2026-10-03-b65-users-at-depth,ud64-tp4-eager-c8,tpot_mean_ms,,1,,270.331885504,,ms,measured,
2026-10-03-b65-users-at-depth,ud64-tp4-eager-c8,tpot_mean_ms,,2,,270.258612606,,ms,measured,
2026-10-03-b65-users-at-depth,ud64-tp4-eager-c8,tpot_mean_ms,,3,,270.458645426,,ms,measured,
2026-10-03-b65-users-at-depth,ud64-tp4-eager-c8,tpot_mean_ms,mean,all,3,270.349714512,,ms,measured,
2026-10-03-b65-users-at-depth,ud64-tp4-eager-c8,tpot_p95_ms,,1,,354.326244848,,ms,measured,
2026-10-03-b65-users-at-depth,ud64-tp4-eager-c8,tpot_p95_ms,,2,,354.338568232,,ms,measured,
2026-10-03-b65-users-at-depth,ud64-tp4-eager-c8,tpot_p95_ms,,3,,354.296106729,,ms,measured,
2026-10-03-b65-users-at-depth,ud64-tp4-eager-c8,tpot_p95_ms,p95_mean,all,3,354.320306603,,ms,measured,mean over reps of the per-rep p95
2026-10-03-b65-users-at-depth,ud64-tp4-eager-c8,tpot_p95_ms,p95_worst,all,3,354.338568232,,ms,measured,worst per-rep p95
2026-10-03-b65-users-at-depth,ud64-tp4-eager-c8,ttft_max_ms,,1,,178305.108056,,ms,measured,
2026-10-03-b65-users-at-depth,ud64-tp4-eager-c8,ttft_max_ms,,2,,178264.820299,,ms,measured,
2026-10-03-b65-users-at-depth,ud64-tp4-eager-c8,ttft_max_ms,,3,,178335.50408,,ms,measured,
2026-10-03-b65-users-at-depth,ud64-tp4-eager-c8,ttft_max_ms,max,all,3,178335.50408,,ms,measured,
2026-10-03-b65-users-at-depth,ud64-tp4-eager-c8,ttft_mean_ms,,1,,69787.8742131,,ms,measured,
2026-10-03-b65-users-at-depth,ud64-tp4-eager-c8,ttft_mean_ms,,2,,69754.5811514,,ms,measured,
2026-10-03-b65-users-at-depth,ud64-tp4-eager-c8,ttft_mean_ms,,3,,69790.572883,,ms,measured,
2026-10-03-b65-users-at-depth,ud64-tp4-eager-c8,ttft_mean_ms,mean,all,3,69777.6760825,,ms,measured,
2026-10-03-b65-users-at-depth,ud64-tp4-eager-c8,ttft_p95_ms,,1,,162262.338029,,ms,measured,p95 across 16 requests
2026-10-03-b65-users-at-depth,ud64-tp4-eager-c8,ttft_p95_ms,,2,,162191.154843,,ms,measured,p95 across 16 requests
2026-10-03-b65-users-at-depth,ud64-tp4-eager-c8,ttft_p95_ms,,3,,162265.615693,,ms,measured,p95 across 16 requests
2026-10-03-b65-users-at-depth,ud64-tp4-eager-c8,ttft_p95_ms,p95_mean,all,3,162239.702855,,ms,measured,mean over reps of the per-rep p95 across 2-16 requests
2026-10-03-b65-users-at-depth,ud64-tp4-eager-c8,ttft_p95_ms,p95_worst,all,3,162265.615693,,ms,measured,worst per-rep p95
2026-10-03-b65-users-at-depth,ud64-tp4-eager-c8,ttft_p99_ms,,1,,175096.554051,,ms,measured,p99 across 16 requests
2026-10-03-b65-users-at-depth,ud64-tp4-eager-c8,ttft_p99_ms,,2,,175050.087208,,ms,measured,p99 across 16 requests
2026-10-03-b65-users-at-depth,ud64-tp4-eager-c8,ttft_p99_ms,,3,,175121.526403,,ms,measured,p99 across 16 requests
