t_s,card,gpu_busy_pct,package_temp_c,vram_temp_c,vram_hottest_channel_c,memory_controller_temp_c,pcie_temp_c,fan_rpm,power_w,energy_counter_uj
0.0,0,0.00,63.0,72.0,72.0,48.0,65.0,2408,,52170804512634
0.0,1,0.00,63.0,74.0,74.0,48.0,64.0,2366,,26045839425964
0.0,2,0.00,64.0,74.0,74.0,49.0,66.0,2265,,24672407622924
0.0,3,0.00,64.0,72.0,72.0,49.0,65.0,2282,,24930039324401
5.0,0,0.00,61.0,72.0,72.0,47.0,64.0,1577,51.45,52171095727722
5.0,1,0.00,61.0,74.0,74.0,47.0,63.0,1524,51.92,26046133835266
6.0,2,0.00,63.0,74.0,74.0,49.0,66.0,1556,50.28,24672692729492
6.0,3,0.00,63.0,72.0,72.0,48.0,64.0,1522,50.60,24930326237731
11.0,0,0.00,61.0,70.0,70.0,47.0,64.0,1473,50.21,52171380395324
11.0,1,0.00,61.0,74.0,74.0,47.0,62.0,1463,51.64,26046426109924
11.0,2,0.00,63.0,74.0,74.0,48.0,65.0,1526,50.20,24672976847534
11.0,3,0.00,63.0,72.0,72.0,48.0,64.0,1516,50.50,24930612041198
17.0,0,0.00,61.0,70.0,70.0,47.0,64.0,1438,49.84,52171662964599
17.0,1,0.00,61.0,74.0,74.0,46.0,62.0,1437,51.68,26046719629638
17.0,2,0.00,63.0,74.0,74.0,48.0,65.0,1511,50.12,24673261531250
17.0,3,0.00,62.0,72.0,72.0,48.0,64.0,1479,50.28,24930897619018
22.0,0,0.00,60.0,68.0,68.0,46.0,63.0,1431,49.21,52171941979125
22.0,1,0.00,60.0,74.0,74.0,46.0,62.0,1421,51.16,26047009215454
23.0,2,0.00,62.0,74.0,74.0,48.0,65.0,1497,49.40,24673541119934
23.0,3,0.00,62.0,72.0,72.0,47.0,64.0,1495,50.00,24931180624023
28.0,0,0.00,60.0,66.0,66.0,46.0,63.0,1431,49.69,52172223220275
28.0,1,0.00,60.0,74.0,74.0,46.0,61.0,1430,51.11,26047299010864
28.0,2,0.00,62.0,74.0,74.0,48.0,64.0,1503,49.52,24673821919799
28.0,3,0.00,62.0,72.0,72.0,47.0,64.0,1494,50.26,24931465620788
34.0,0,0.00,60.0,62.0,62.0,46.0,63.0,1420,52.87,52172522455444
34.0,1,0.00,60.0,74.0,74.0,45.0,61.0,1389,51.20,26047588785278
34.0,2,0.00,62.0,74.0,74.0,47.0,64.0,1462,49.50,24674102074829
34.0,3,0.00,62.0,72.0,72.0,47.0,64.0,1481,50.98,24931754679382
39.0,0,0.00,60.0,62.0,62.0,46.0,62.0,1417,52.00,52172817813598
39.0,1,0.00,59.0,74.0,74.0,45.0,61.0,1364,50.97,26047878287963
40.0,2,0.00,61.0,74.0,74.0,47.0,63.0,1439,49.29,24674382038146
40.0,3,0.00,62.0,72.0,72.0,47.0,63.0,1452,49.99,24932038102905
45.0,0,0.00,60.0,62.0,62.0,46.0,62.0,1345,52.30,52173114337341
45.0,1,0.00,59.0,74.0,74.0,45.0,60.0,1377,50.98,26048167324096
45.0,2,0.00,61.0,74.0,74.0,47.0,64.0,1451,49.24,24674660713378
45.0,3,0.00,61.0,72.0,72.0,47.0,63.0,1452,49.94,24932320772644
51.0,0,0.00,59.0,62.0,62.0,45.0,62.0,1364,51.15,52173404354553
51.0,1,0.00,58.0,74.0,74.0,45.0,60.0,1353,51.06,26048456860290
51.0,2,0.00,61.0,74.0,74.0,47.0,63.0,1448,49.14,24674939823547
51.0,3,0.00,61.0,72.0,72.0,46.0,63.0,1447,49.95,24932604471191
56.0,0,0.00,59.0,62.0,62.0,45.0,61.0,1376,51.61,52173697006958
56.0,1,0.00,58.0,74.0,74.0,45.0,60.0,1333,51.25,26048747474121
57.0,2,0.00,61.0,74.0,74.0,47.0,63.0,1459,49.13,24675218889770
57.0,3,0.00,61.0,72.0,72.0,46.0,62.0,1428,49.95,24932888209960
62.0,0,16.70,60.0,62.0,62.0,46.0,62.0,1339,69.11,52174090252990
62.0,1,0.00,58.0,74.0,74.0,44.0,59.0,1358,50.88,26049037498840
62.0,2,0.00,60.0,74.0,74.0,47.0,62.0,1417,49.10,24675499249633
63.0,3,0.00,60.0,72.0,72.0,46.0,62.0,1425,49.94,24933173859191
68.0,0,32.75,61.0,62.0,62.0,46.0,63.0,1298,77.47,52174534129150
68.0,1,0.00,58.0,74.0,74.0,44.0,59.0,1339,50.84,26049329298278
68.0,2,0.00,60.0,74.0,74.0,46.0,62.0,1424,49.09,24675780554931
68.0,3,0.00,60.0,72.0,72.0,46.0,62.0,1422,49.80,24933459728759
74.0,0,16.82,61.0,62.0,62.0,46.0,63.0,1384,76.56,52174975857604
74.0,1,0.00,58.0,74.0,74.0,44.0,59.0,1295,51.10,26049623127502
74.0,2,0.00,60.0,74.0,74.0,46.0,62.0,1425,48.98,24676061712280
74.0,3,0.00,60.0,72.0,72.0,46.0,62.0,1419,49.86,24933744947753
79.0,0,0.00,60.0,62.0,62.0,46.0,63.0,1430,63.83,52175337781494
79.0,1,0.00,57.0,74.0,74.0,44.0,59.0,1313,50.94,26049911978027
80.0,2,0.00,60.0,74.0,74.0,46.0,62.0,1428,48.96,24676339301635
80.0,3,0.00,60.0,72.0,72.0,46.0,61.0,1418,49.60,24934026195861
85.0,0,0.00,60.0,62.0,62.0,46.0,62.0,1430,58.09,52175666549987
85.0,1,0.00,57.0,74.0,74.0,44.0,58.0,1303,50.95,26050200891357
85.0,2,0.00,60.0,74.0,74.0,46.0,62.0,1418,48.98,24676616992370
85.0,3,0.00,60.0,72.0,72.0,46.0,61.0,1375,49.66,24934307777893
91.0,0,0.00,60.0,62.0,62.0,46.0,62.0,1407,57.99,52175995915588
91.0,1,0.00,57.0,74.0,74.0,43.0,59.0,1313,51.00,26050490048828
91.0,2,0.00,60.0,74.0,74.0,46.0,62.0,1366,48.86,24676894033203
91.0,3,0.00,59.0,72.0,72.0,46.0,61.0,1367,49.71,24934589656372
96.0,0,20.88,60.0,62.0,62.0,46.0,62.0,1366,66.18,52176371162475
96.0,1,0.00,57.0,74.0,74.0,43.0,58.0,1292,51.14,26050780007141
97.0,2,0.00,59.0,74.0,74.0,46.0,62.0,1375,49.03,24677172011413
97.0,3,0.00,60.0,72.0,72.0,45.0,61.0,1375,49.79,24934871970703
102.0,0,53.92,63.0,66.0,66.0,47.0,64.0,1377,87.45,52176867004699
102.0,1,0.00,57.0,74.0,74.0,43.0,58.0,1282,50.91,26051068175292
102.0,2,0.00,59.0,74.0,74.0,45.0,62.0,1377,48.95,24677449580627
102.0,3,0.00,59.0,72.0,72.0,45.0,61.0,1377,49.36,24935151868041
108.0,0,21.86,60.0,64.0,64.0,46.0,62.0,1418,68.02,52177252694091
108.0,1,0.00,56.0,74.0,74.0,43.0,58.0,1280,50.80,26051356720825
108.0,2,0.00,59.0,74.0,74.0,45.0,62.0,1364,48.84,24677726517700
108.0,3,0.00,59.0,72.0,72.0,45.0,61.0,1364,49.54,24935432749755
113.0,0,25.73,62.0,64.0,64.0,47.0,63.0,1397,80.25,52177707704223
113.0,1,0.00,56.0,74.0,74.0,43.0,58.0,1270,51.02,26051646002807
114.0,2,0.00,59.0,74.0,74.0,45.0,61.0,1376,49.00,24678004366149
114.0,3,0.00,59.0,72.0,72.0,45.0,61.0,1376,49.74,24935714779785
119.0,0,11.84,60.0,64.0,64.0,46.0,62.0,1417,76.51,52178141516235
119.0,1,0.00,56.0,74.0,74.0,43.0,57.0,1279,50.84,26051934798706
119.0,2,0.00,59.0,74.0,74.0,45.0,61.0,1374,48.89,24678282087768
119.0,3,0.00,59.0,72.0,72.0,45.0,61.0,1374,49.69,24935997011291
125.0,0,0.00,60.0,64.0,64.0,46.0,62.0,1405,57.91,52178470431335
125.0,1,0.00,56.0,74.0,74.0,43.0,58.0,1289,50.86,26052223665588
125.0,2,0.00,59.0,74.0,74.0,45.0,61.0,1342,48.85,24678559574218
125.0,3,0.00,59.0,72.0,72.0,45.0,61.0,1364,49.44,24936277812133
130.0,0,0.00,60.0,64.0,64.0,46.0,61.0,1416,57.78,52178799224670
130.0,1,0.00,56.0,74.0,74.0,43.0,57.0,1268,50.91,26052512818359
131.0,2,0.00,59.0,74.0,74.0,45.0,61.0,1352,48.81,24678836798583
131.0,3,0.00,59.0,72.0,72.0,45.0,60.0,1363,49.54,24936559214843
136.0,0,16.18,62.0,64.0,64.0,47.0,64.0,1353,103.54,52179386288024
136.0,1,0.00,56.0,74.0,74.0,43.0,57.0,1279,50.97,26052802353942
136.0,2,0.00,59.0,74.0,74.0,45.0,61.0,1354,49.11,24679115770568
136.0,3,0.00,59.0,72.0,72.0,45.0,60.0,1353,49.60,24936840916870
142.0,0,14.58,64.0,66.0,66.0,48.0,65.0,1408,83.21,52179858067871
142.0,1,0.00,56.0,74.0,74.0,43.0,57.0,1250,50.83,26053090030700
142.0,2,0.00,59.0,74.0,74.0,45.0,61.0,1346,48.90,24679392532348
142.0,3,0.00,59.0,72.0,72.0,45.0,60.0,1336,49.31,24937119998291
147.0,0,65.86,63.0,66.0,66.0,48.0,64.0,1419,112.51,52180495974060
147.0,1,0.00,56.0,74.0,74.0,42.0,57.0,1250,50.61,26053376975280
148.0,2,0.00,59.0,74.0,74.0,45.0,61.0,1356,48.88,24679669669067
148.0,3,0.00,58.0,72.0,72.0,45.0,60.0,1356,49.33,24937399687316
153.0,0,79.80,64.0,68.0,68.0,48.0,65.0,1473,102.91,52181078467712
153.0,1,0.00,55.0,74.0,74.0,43.0,57.0,1250,50.83,26053664682189
153.0,2,0.00,59.0,74.0,74.0,45.0,61.0,1345,48.94,24679947163818
153.0,3,0.00,59.0,72.0,72.0,45.0,60.0,1344,49.46,24937680142028
159.0,0,62.96,62.0,68.0,68.0,47.0,64.0,1472,97.01,52181628492797
159.0,1,0.00,55.0,74.0,74.0,42.0,57.0,1260,50.93,26053953479675
159.0,2,0.00,59.0,74.0,74.0,45.0,61.0,1344,49.12,24680225701904
159.0,3,0.00,59.0,72.0,72.0,44.0,60.0,1345,49.55,24937960613220
164.0,0,41.39,62.0,68.0,68.0,47.0,64.0,1470,97.39,52182180721496
164.0,1,0.00,55.0,74.0,74.0,42.0,57.0,1248,50.62,26054241027832
165.0,2,0.00,58.0,74.0,74.0,45.0,61.0,1355,48.95,24680503236206
165.0,3,0.00,58.0,72.0,72.0,44.0,60.0,1354,49.22,24938240195556
170.0,0,47.46,62.0,68.0,68.0,47.0,64.0,1481,95.81,52182724912231
170.0,1,0.00,55.0,74.0,74.0,42.0,57.0,1260,50.66,26054528254943
170.0,2,0.00,58.0,74.0,74.0,45.0,60.0,1354,48.88,24680780357910
170.0,3,0.00,58.0,72.0,72.0,44.0,60.0,1343,49.43,24938520461669
176.0,0,21.68,63.0,68.0,68.0,48.0,64.0,1467,99.47,52183289899169
176.0,1,0.00,55.0,74.0,74.0,42.0,57.0,1245,50.88,26054817247131
176.0,2,0.00,58.0,74.0,74.0,45.0,60.0,1341,48.98,24681059047302
176.0,3,0.00,58.0,72.0,72.0,44.0,60.0,1341,49.44,24938801755737
181.0,0,3.95,65.0,66.0,66.0,48.0,66.0,1481,105.28,52183887887817
181.0,1,0.00,55.0,74.0,74.0,42.0,57.0,1248,50.53,26055104251525
182.0,2,0.00,58.0,74.0,74.0,44.0,60.0,1355,48.87,24681336139709
182.0,3,0.00,58.0,72.0,72.0,44.0,60.0,1355,49.64,24939083240539
187.0,0,24.58,65.0,68.0,68.0,49.0,67.0,1480,109.11,52184506552734
187.0,1,0.00,55.0,74.0,74.0,42.0,57.0,1259,50.66,26055391489196
187.0,2,0.00,58.0,74.0,74.0,44.0,60.0,1301,48.94,24681613619262
187.0,3,0.00,58.0,72.0,72.0,44.0,59.0,1333,49.27,24939363086303
193.0,0,57.99,65.0,68.0,70.0,49.0,67.0,1514,108.24,52185120300903
193.0,1,0.00,55.0,70.0,70.0,42.0,57.0,1197,50.58,26055678304382
193.0,2,0.00,58.0,74.0,74.0,44.0,60.0,1303,48.85,24681890584716
193.0,3,0.00,58.0,72.0,72.0,44.0,60.0,1313,49.41,24939642721496
198.0,0,78.59,64.0,66.0,66.0,49.0,66.0,1513,100.29,52185688934387
198.0,1,0.00,55.0,70.0,70.0,42.0,56.0,1195,50.77,26055966688842
199.0,2,0.00,58.0,74.0,74.0,44.0,60.0,1300,48.93,24682168514404
199.0,3,0.00,58.0,72.0,72.0,44.0,60.0,1353,49.45,24939923577209
204.0,0,77.84,65.0,68.0,66.0,48.0,66.0,1534,90.74,52186204362426
204.0,1,0.00,55.0,70.0,70.0,42.0,56.0,1206,50.51,26056253059204
204.0,2,0.00,58.0,74.0,74.0,44.0,60.0,1302,48.74,24682444870788
204.0,3,0.00,58.0,72.0,72.0,44.0,59.0,1313,49.20,24940202550781
210.0,0,72.57,65.0,68.0,68.0,49.0,67.0,1524,100.61,52186774795593
210.0,1,0.00,55.0,70.0,70.0,42.0,56.0,1207,50.51,26056539426696
210.0,2,0.00,58.0,74.0,74.0,44.0,60.0,1302,48.79,24682721514465
210.0,3,0.00,58.0,72.0,72.0,44.0,59.0,1291,49.29,24940482032531
215.0,0,69.28,64.0,70.0,70.0,49.0,66.0,1522,98.73,52187334619628
216.0,1,0.00,55.0,70.0,70.0,42.0,56.0,1184,50.73,26056827596374
216.0,2,0.00,58.0,74.0,74.0,44.0,60.0,1299,48.86,24682999059570
216.0,3,0.00,58.0,72.0,72.0,44.0,59.0,1299,49.19,24940761938659
221.0,0,0.00,63.0,70.0,70.0,48.0,65.0,1553,73.53,52187753031188
221.0,1,0.00,55.0,70.0,70.0,42.0,56.0,1205,50.81,26057116211486
221.0,2,0.00,58.0,74.0,74.0,44.0,60.0,1301,49.02,24683277520751
221.0,3,0.00,58.0,68.0,68.0,44.0,60.0,1301,49.30,24941041488342
227.0,0,0.00,63.0,70.0,70.0,48.0,64.0,1512,58.13,52188082630371
227.0,1,0.00,55.0,70.0,70.0,42.0,56.0,1205,50.58,26057402986938
227.0,2,0.00,58.0,74.0,74.0,44.0,60.0,1290,48.83,24683554375610
227.0,3,0.00,58.0,68.0,68.0,44.0,59.0,1292,49.06,24941319633789
232.0,0,20.84,65.0,66.0,66.0,48.0,66.0,1503,63.55,52188442970458
233.0,1,0.00,55.0,70.0,70.0,42.0,56.0,1197,50.62,26057690004699
233.0,2,0.00,58.0,74.0,74.0,44.0,60.0,1303,48.76,24683830840820
233.0,3,0.00,58.0,68.0,68.0,44.0,60.0,1302,49.20,24941598612121
238.0,0,78.54,68.0,68.0,68.0,50.0,68.0,1440,139.10,52189231668273
238.0,1,0.00,54.0,70.0,70.0,42.0,56.0,1207,50.67,26057977284057
238.0,2,0.00,57.0,74.0,74.0,44.0,60.0,1313,49.06,24684109026489
238.0,3,0.00,58.0,68.0,68.0,44.0,59.0,1302,49.46,24941879060913
244.0,0,35.30,65.0,70.0,70.0,49.0,67.0,1758,165.86,52190172082641
244.0,1,0.00,54.0,70.0,70.0,42.0,56.0,1207,50.32,26058262615478
244.0,2,0.00,57.0,74.0,74.0,44.0,59.0,1292,48.78,24684385601257
244.0,3,0.00,57.0,68.0,68.0,44.0,60.0,1292,49.44,24942159378112
249.0,0,14.50,64.0,66.0,66.0,48.0,65.0,1862,72.27,52190581836059
250.0,1,0.00,54.0,70.0,70.0,42.0,56.0,1173,50.61,26058549564453
250.0,2,0.00,57.0,74.0,74.0,44.0,59.0,1299,48.83,24684662965820
250.0,3,0.00,58.0,68.0,68.0,44.0,60.0,1300,49.16,24942438607482
255.0,0,67.84,66.0,70.0,70.0,49.0,67.0,1501,113.10,52191224257629
255.0,1,0.00,55.0,70.0,70.0,42.0,56.0,1206,50.54,26058836650085
255.0,2,0.00,57.0,74.0,74.0,44.0,59.0,1302,48.91,24684940272827
256.0,3,0.00,58.0,68.0,68.0,44.0,59.0,1302,49.30,24942718123535
261.0,0,0.00,63.0,68.0,68.0,48.0,65.0,1535,60.43,52191566886840
261.0,1,0.00,54.0,70.0,70.0,42.0,56.0,1207,50.72,26059124228820
261.0,2,0.00,57.0,74.0,74.0,44.0,59.0,1290,49.01,24685218167297
261.0,3,0.00,58.0,68.0,68.0,44.0,59.0,1290,49.32,24942997789978
266.0,0,0.00,62.0,68.0,68.0,47.0,64.0,1522,58.06,52191896067810
267.0,1,0.00,54.0,70.0,70.0,41.0,56.0,1195,50.28,26059409795715
267.0,2,0.00,57.0,74.0,74.0,44.0,60.0,1311,48.71,24685494814819
267.0,3,0.00,58.0,68.0,68.0,44.0,59.0,1300,48.99,24943276076660
272.0,0,0.00,62.0,68.0,68.0,47.0,64.0,1502,58.12,52192226214721
272.0,1,0.00,54.0,70.0,70.0,41.0,56.0,1216,50.54,26059696872985
272.0,2,0.00,57.0,74.0,74.0,44.0,59.0,1300,48.77,24685771343444
273.0,3,0.00,58.0,68.0,68.0,44.0,59.0,1300,49.07,24943554786071
278.0,0,33.40,64.0,64.0,66.0,48.0,65.0,1427,105.06,52192822973632
278.0,1,0.00,54.0,70.0,70.0,41.0,56.0,1206,50.65,26059984074218
278.0,2,0.00,57.0,74.0,74.0,44.0,59.0,1280,48.88,24686048999328
278.0,3,0.00,57.0,68.0,68.0,44.0,59.0,1291,49.32,24943834416870
283.0,0,0.00,62.0,66.0,66.0,48.0,65.0,1439,101.33,52193397493774
284.0,1,0.00,54.0,70.0,70.0,41.0,56.0,1196,50.42,26060269974609
284.0,2,0.00,57.0,74.0,74.0,44.0,59.0,1281,49.15,24686327703674
284.0,3,0.00,58.0,68.0,68.0,44.0,59.0,1301,49.40,24944115021301
289.0,0,0.00,61.0,66.0,66.0,47.0,64.0,1503,53.25,52193699433715
289.0,1,0.00,54.0,70.0,70.0,41.0,56.0,1207,50.44,26060555951538
289.0,2,0.00,57.0,74.0,74.0,44.0,59.0,1261,48.74,24686604061279
290.0,3,0.00,57.0,68.0,68.0,44.0,59.0,1304,49.06,24944392708374
295.0,0,1.53,61.0,62.0,62.0,47.0,63.0,1451,52.75,52193998531738
295.0,1,0.00,54.0,70.0,70.0,41.0,56.0,1185,50.59,26060842784729
295.0,2,0.00,57.0,74.0,74.0,44.0,59.0,1269,48.79,24686880688171
295.0,3,0.00,57.0,68.0,68.0,44.0,59.0,1291,49.18,24944671537780
300.0,0,0.51,60.0,62.0,62.0,46.0,63.0,1440,50.43,52194284487609
301.0,1,0.00,54.0,70.0,70.0,41.0,56.0,1197,50.63,26061129877136
301.0,2,0.00,57.0,74.0,74.0,44.0,59.0,1302,48.88,24687157815917
301.0,3,0.00,57.0,68.0,68.0,44.0,59.0,1303,49.17,24944950344299
306.0,0,5.79,60.0,64.0,64.0,46.0,62.0,1386,53.34,52194586911804
306.0,1,0.00,54.0,70.0,70.0,41.0,56.0,1206,50.25,26061414812011
306.0,2,0.00,57.0,74.0,74.0,44.0,59.0,1280,48.75,24687434203002
307.0,3,0.00,57.0,68.0,68.0,44.0,59.0,1300,49.25,24945230065246
312.0,0,0.51,60.0,64.0,64.0,46.0,62.0,1353,51.60,52194880022705
312.0,1,0.00,54.0,70.0,70.0,41.0,56.0,1205,50.45,26061701393981
312.0,2,0.00,57.0,74.0,74.0,44.0,59.0,1269,48.69,24687710738220
312.0,3,0.00,57.0,68.0,68.0,43.0,59.0,1289,49.12,24945508552551
317.0,0,1.01,59.0,64.0,64.0,45.0,61.0,1375,49.20,52195159014953
318.0,1,0.00,54.0,70.0,70.0,41.0,56.0,1174,50.52,26061988334960
318.0,2,0.00,57.0,74.0,74.0,44.0,59.0,1280,48.73,24687987550415
318.0,3,0.00,57.0,68.0,68.0,44.0,59.0,1302,48.98,24945786767272
323.0,0,0.50,58.0,64.0,64.0,45.0,61.0,1355,49.28,52195438425720
323.0,1,0.00,54.0,70.0,70.0,41.0,56.0,1175,50.63,26062274905334
323.0,2,0.00,57.0,74.0,74.0,44.0,59.0,1282,49.03,24688265084167
324.0,3,0.00,57.0,68.0,68.0,43.0,59.0,1303,49.22,24946065343383
329.0,0,58.64,62.0,64.0,64.0,47.0,64.0,1345,77.67,52195878823547
329.0,1,0.00,54.0,70.0,70.0,41.0,55.0,1187,50.98,26062563946105
329.0,2,0.00,57.0,74.0,74.0,44.0,59.0,1261,48.68,24688541082153
329.0,3,0.00,57.0,68.0,68.0,44.0,59.0,1292,48.96,24946342961975
334.0,0,0.00,60.0,64.0,64.0,46.0,62.0,1407,68.08,52196264845764
335.0,1,0.00,54.0,70.0,70.0,41.0,55.0,1173,50.47,26062850602600
335.0,2,0.00,57.0,74.0,74.0,44.0,59.0,1279,48.82,24688818372009
335.0,3,0.00,57.0,68.0,68.0,43.0,59.0,1278,49.23,24946622566711
340.0,0,9.92,60.0,62.0,62.0,46.0,62.0,1417,58.36,52196596333251
340.0,1,0.00,54.0,70.0,70.0,41.0,55.0,1185,50.48,26063136826599
340.0,2,0.00,57.0,74.0,74.0,44.0,59.0,1281,48.89,24689095553527
341.0,3,0.00,57.0,68.0,68.0,44.0,59.0,1270,49.24,24946901753601
346.0,0,3.57,59.0,62.0,62.0,45.0,61.0,1344,55.15,52196909047424
346.0,1,0.00,54.0,70.0,70.0,41.0,55.0,1185,50.30,26063422007080
346.0,2,0.00,57.0,74.0,74.0,44.0,58.0,1270,49.05,24689373669311
346.0,3,0.00,57.0,68.0,68.0,43.0,59.0,1270,49.22,24947180848876
351.0,0,0.51,58.0,62.0,62.0,45.0,60.0,1376,51.00,52197198223449
352.0,1,0.00,53.0,70.0,70.0,41.0,55.0,1165,50.21,26063706721557
352.0,2,0.00,57.0,74.0,74.0,44.0,59.0,1281,48.73,24689649985595
352.0,3,0.00,57.0,68.0,68.0,43.0,59.0,1281,48.91,24947458193054
357.0,0,99.00,66.0,66.0,68.0,49.0,66.0,1333,187.37,52198260635925
357.0,1,0.00,54.0,70.0,70.0,41.0,56.0,1185,50.35,26063992190063
357.0,2,0.00,57.0,74.0,74.0,44.0,59.0,1281,48.86,24689927028747
358.0,3,0.00,57.0,68.0,68.0,43.0,59.0,1270,49.17,24947736984436
363.0,0,0.00,63.0,70.0,70.0,47.0,64.0,1429,130.62,52199001226257
363.0,1,0.00,53.0,70.0,70.0,41.0,55.0,1185,49.91,26064275155456
363.0,2,0.00,57.0,74.0,74.0,43.0,59.0,1270,49.05,24690205123107
363.0,3,0.00,57.0,68.0,68.0,43.0,59.0,1271,49.29,24948016458374
369.0,0,0.00,62.0,70.0,70.0,47.0,64.0,1525,58.07,52199330486938
369.0,1,0.00,53.0,70.0,70.0,41.0,55.0,1174,48.28,26064549391723
369.0,2,0.00,57.0,74.0,74.0,43.0,59.0,1280,48.66,24690481510437
369.0,3,0.00,57.0,68.0,68.0,43.0,59.0,1279,49.25,24948296226013
374.0,0,0.00,61.0,70.0,70.0,47.0,63.0,1460,58.29,52199660982299
374.0,1,0.00,53.0,70.0,70.0,41.0,55.0,1176,48.70,26064825007141
374.0,2,0.00,57.0,74.0,74.0,43.0,59.0,1282,48.89,24690758236206
375.0,3,0.00,57.0,66.0,66.0,43.0,58.0,1271,49.22,24948575283508
380.0,0,0.00,61.0,70.0,70.0,46.0,63.0,1440,58.08,52199990316589
380.0,1,0.00,53.0,70.0,70.0,41.0,55.0,1186,48.61,26065100648864
380.0,2,0.00,57.0,74.0,74.0,43.0,58.0,1271,48.70,24691034833801
380.0,3,0.00,57.0,66.0,66.0,43.0,59.0,1270,49.06,24948853481384
386.0,0,0.00,60.0,70.0,70.0,46.0,62.0,1429,58.32,52200320962646
386.0,1,0.00,54.0,58.0,58.0,41.0,55.0,1164,52.20,26065397130310
386.0,2,0.00,57.0,74.0,74.0,43.0,59.0,1280,49.03,24691312817871
386.0,3,0.00,57.0,66.0,66.0,43.0,59.0,1271,49.17,24949132286621
391.0,0,0.00,60.0,70.0,70.0,46.0,62.0,1428,57.82,52200649377746
391.0,1,0.00,54.0,58.0,58.0,41.0,55.0,1184,50.41,26065682935363
391.0,2,0.00,56.0,74.0,74.0,43.0,58.0,1280,48.78,24691589424987
392.0,3,0.00,57.0,66.0,66.0,43.0,59.0,1279,48.94,24949409792724
397.0,0,0.00,60.0,70.0,70.0,46.0,62.0,1409,57.97,52200978051025
397.0,1,0.00,54.0,58.0,58.0,41.0,55.0,1186,51.51,26065974988342
397.0,2,0.00,57.0,74.0,74.0,43.0,58.0,1271,48.71,24691865585754
397.0,3,0.00,57.0,66.0,66.0,43.0,59.0,1271,48.98,24949687492126
403.0,0,0.00,59.0,70.0,70.0,45.0,62.0,1366,57.85,52201306034973
403.0,1,0.00,54.0,58.0,58.0,41.0,55.0,1176,51.02,26066264285644
403.0,2,0.00,56.0,74.0,74.0,43.0,58.0,1282,48.83,24692142472045
403.0,3,0.00,56.0,66.0,66.0,43.0,59.0,1271,48.98,24949965222473
408.0,0,0.00,59.0,70.0,70.0,45.0,61.0,1386,58.05,52201635206420
408.0,1,0.00,54.0,56.0,56.0,41.0,55.0,1174,51.36,26066555475036
409.0,2,0.00,56.0,74.0,74.0,43.0,58.0,1279,49.10,24692420896118
409.0,3,0.00,57.0,66.0,66.0,43.0,59.0,1279,49.26,24950244516601
414.0,0,0.00,59.0,70.0,70.0,45.0,61.0,1376,57.57,52201961640136
414.0,1,17.55,55.0,58.0,58.0,42.0,56.0,1164,64.70,26066922973205
414.0,2,0.00,56.0,74.0,74.0,43.0,58.0,1268,48.66,24692697310607
414.0,3,0.00,57.0,66.0,66.0,43.0,59.0,1270,48.98,24950522703063
420.0,0,0.00,59.0,70.0,70.0,45.0,61.0,1364,57.69,52202289338195
420.0,1,33.91,55.0,58.0,58.0,42.0,56.0,1122,76.31,26067355651794
420.0,2,0.00,56.0,74.0,74.0,43.0,58.0,1280,48.73,24692974099975
420.0,3,0.00,57.0,66.0,66.0,43.0,59.0,1269,49.09,24950801015563
425.0,0,0.00,59.0,70.0,70.0,45.0,61.0,1365,57.65,52202616233398
425.0,1,24.08,56.0,58.0,58.0,42.0,57.0,1154,76.59,26067789928100
426.0,2,0.00,56.0,74.0,74.0,43.0,59.0,1275,48.95,24693252115722
426.0,3,0.00,57.0,66.0,66.0,43.0,59.0,1282,49.14,24951082072631
431.0,0,0.00,59.0,70.0,70.0,45.0,60.0,1365,57.34,52202944208312
431.0,1,0.00,56.0,58.0,58.0,42.0,57.0,1250,62.53,26068147602600
431.0,2,0.00,56.0,74.0,74.0,43.0,59.0,1278,48.77,24693530107482
431.0,3,0.00,57.0,64.0,64.0,43.0,58.0,1280,48.95,24951359643554
437.0,0,0.00,59.0,70.0,70.0,44.0,61.0,1323,57.45,52203269974121
437.0,1,0.00,55.0,58.0,58.0,42.0,57.0,1259,57.16,26068471682312
437.0,2,0.00,56.0,74.0,74.0,43.0,58.0,1269,48.75,24693806542297
437.0,3,0.00,56.0,64.0,64.0,43.0,58.0,1258,48.89,24951637362792
442.0,0,0.00,59.0,70.0,70.0,44.0,60.0,1343,57.64,52203596806945
442.0,1,0.00,56.0,58.0,58.0,42.0,56.0,1238,57.36,26068797470825
443.0,2,0.00,56.0,74.0,74.0,43.0,58.0,1280,48.75,24694083460266
443.0,3,0.00,56.0,64.0,64.0,43.0,58.0,1270,48.99,24951915158081
448.0,0,0.00,58.0,70.0,70.0,44.0,60.0,1354,57.38,52203922721862
448.0,1,24.11,56.0,60.0,60.0,42.0,57.0,1260,66.06,26069172018920
448.0,2,0.00,56.0,74.0,74.0,43.0,59.0,1280,49.03,24694361445678
448.0,3,0.00,56.0,64.0,64.0,43.0,58.0,1280,49.13,24952193741088
454.0,0,0.00,58.0,70.0,70.0,44.0,60.0,1344,57.54,52204248946166
454.0,1,53.64,58.0,62.0,64.0,43.0,58.0,1248,88.05,26069671268981
454.0,2,0.00,56.0,74.0,74.0,43.0,58.0,1270,48.77,24694637972473
454.0,3,0.00,56.0,64.0,64.0,43.0,58.0,1260,48.96,24952471342407
459.0,0,0.00,58.0,70.0,70.0,44.0,60.0,1355,57.64,52204575786499
459.0,1,23.30,56.0,60.0,60.0,42.0,57.0,1270,65.63,26070043386657
460.0,2,0.00,56.0,74.0,74.0,43.0,58.0,1280,48.86,24694915021789
460.0,3,0.00,56.0,64.0,64.0,43.0,58.0,1280,49.09,24952749654785
465.0,0,0.00,58.0,70.0,70.0,44.0,60.0,1344,57.53,52204902007507
465.0,1,29.52,56.0,60.0,60.0,43.0,57.0,1270,78.96,26070491066894
465.0,2,0.00,56.0,74.0,74.0,43.0,58.0,1280,48.87,24695192582092
465.0,3,0.00,56.0,64.0,64.0,43.0,58.0,1279,49.06,24953028323791
471.0,0,0.00,58.0,70.0,70.0,44.0,60.0,1269,57.58,52205229090209
471.0,1,4.04,57.0,60.0,60.0,43.0,58.0,1269,75.63,26070920660034
471.0,2,0.00,56.0,74.0,74.0,43.0,58.0,1258,48.77,24695469112792
471.0,3,0.00,56.0,64.0,64.0,43.0,58.0,1269,49.26,24953308105773
476.0,0,0.00,58.0,70.0,70.0,44.0,60.0,1312,57.32,52205554652832
476.0,1,0.00,57.0,60.0,60.0,43.0,57.0,1269,57.10,26071244972717
477.0,2,0.00,56.0,74.0,74.0,43.0,58.0,1280,48.66,24695745500793
477.0,3,0.00,56.0,64.0,64.0,43.0,58.0,1270,48.94,24953585584228
482.0,0,0.00,58.0,70.0,70.0,44.0,60.0,1300,57.52,52205880810241
482.0,1,0.00,56.0,60.0,60.0,42.0,57.0,1278,57.24,26071570121337
482.0,2,0.00,56.0,74.0,74.0,43.0,58.0,1278,48.79,24696022620178
482.0,3,0.00,56.0,64.0,64.0,43.0,58.0,1277,48.98,24953864253234
488.0,0,0.00,58.0,70.0,70.0,44.0,59.0,1299,57.41,52206207445007
488.0,1,16.96,57.0,60.0,60.0,43.0,58.0,1247,100.88,26072143119689
488.0,2,0.00,56.0,74.0,74.0,43.0,58.0,1225,49.07,24696301353881
488.0,3,0.00,56.0,64.0,64.0,43.0,58.0,1269,49.37,24954144171264
493.0,0,0.00,58.0,70.0,70.0,44.0,59.0,1301,57.48,52206533355041
494.0,1,4.28,59.0,62.0,60.0,44.0,59.0,1280,80.46,26072600131958
494.0,2,0.00,56.0,74.0,74.0,43.0,58.0,1270,48.74,24696578200622
494.0,3,0.00,56.0,64.0,64.0,43.0,58.0,1280,48.90,24954421912597
499.0,0,0.00,58.0,70.0,70.0,44.0,59.0,1302,57.31,52206858876953
499.0,1,20.31,61.0,66.0,64.0,46.0,61.0,1291,107.89,26073211855102
499.0,2,0.00,56.0,74.0,74.0,43.0,58.0,1249,48.83,24696855074890
499.0,3,0.00,56.0,64.0,64.0,43.0,58.0,1281,49.18,24954700762634
505.0,0,0.00,58.0,70.0,70.0,44.0,59.0,1303,57.57,52207184737548
505.0,1,48.63,60.0,66.0,66.0,45.0,61.0,1334,106.15,26073812678161
505.0,2,0.00,56.0,74.0,74.0,43.0,58.0,1270,48.98,24697132804199
505.0,3,0.00,56.0,64.0,64.0,43.0,58.0,1269,49.23,24954979918945
510.0,0,0.00,58.0,70.0,70.0,44.0,59.0,1311,57.37,52207510578125
511.0,1,68.89,60.0,64.0,64.0,45.0,61.0,1333,98.62,26074372859985
511.0,2,0.00,56.0,74.0,74.0,43.0,58.0,1280,49.04,24697410867004
511.0,3,0.00,56.0,64.0,64.0,43.0,58.0,1281,49.06,24955258096984
516.0,0,0.00,58.0,70.0,70.0,44.0,59.0,1311,57.29,52207835403381
516.0,1,71.43,62.0,66.0,64.0,46.0,61.0,1363,98.67,26074933299621
516.0,2,0.00,56.0,74.0,74.0,43.0,58.0,1279,48.70,24697687457336
517.0,3,0.00,56.0,64.0,64.0,43.0,58.0,1268,48.93,24955536019348
522.0,0,0.00,58.0,70.0,70.0,44.0,59.0,1291,57.13,52208159922973
522.0,1,82.81,61.0,66.0,66.0,46.0,62.0,1397,90.57,26075446804870
522.0,2,0.00,56.0,74.0,74.0,43.0,58.0,1271,48.73,24697963732055
522.0,3,0.00,56.0,64.0,64.0,43.0,58.0,1271,48.80,24955812737976
527.0,0,0.00,57.0,70.0,70.0,44.0,59.0,1301,57.51,52208486003173
528.0,1,64.50,60.0,66.0,66.0,45.0,61.0,1407,96.28,26075992686889
528.0,2,0.00,56.0,74.0,74.0,43.0,58.0,1260,48.99,24698241506225
528.0,3,0.00,56.0,64.0,64.0,43.0,57.0,1259,49.01,24956090643615
533.0,0,0.00,57.0,70.0,70.0,44.0,59.0,1312,57.11,52208809828979
533.0,1,18.77,60.0,68.0,68.0,45.0,61.0,1398,96.87,26076541919067
533.0,2,0.00,56.0,74.0,74.0,43.0,58.0,1238,48.84,24698518452636
534.0,3,0.00,56.0,64.0,64.0,43.0,58.0,1239,49.32,24956370275695
539.0,0,0.00,57.0,70.0,70.0,44.0,59.0,1292,57.25,52209134425476
539.0,1,33.17,63.0,68.0,68.0,47.0,63.0,1386,113.39,26077184851135
539.0,2,0.00,56.0,74.0,74.0,43.0,58.0,1260,48.81,24698795203613
539.0,3,0.00,56.0,64.0,64.0,43.0,58.0,1270,49.52,24956651040405
544.0,0,0.00,57.0,70.0,70.0,44.0,59.0,1312,57.51,52209460510559
545.0,1,82.31,63.0,68.0,66.0,47.0,63.0,1407,104.94,26077779857849
545.0,2,0.00,56.0,74.0,74.0,43.0,58.0,1280,48.83,24699072080261
545.0,3,0.00,56.0,64.0,64.0,43.0,58.0,1280,48.95,24956929093688
550.0,0,0.00,57.0,70.0,70.0,44.0,59.0,1302,57.39,52209785897644
550.0,1,73.61,61.0,68.0,68.0,46.0,62.0,1430,98.71,26078339525146
550.0,2,0.00,56.0,74.0,74.0,43.0,59.0,1272,48.93,24699349510070
551.0,3,0.00,56.0,64.0,64.0,43.0,58.0,1273,49.05,24957206738891
556.0,0,0.00,57.0,70.0,70.0,44.0,59.0,1294,57.08,52210108944763
556.0,1,61.13,61.0,68.0,68.0,46.0,62.0,1431,92.08,26078860717895
556.0,2,0.00,56.0,74.0,74.0,43.0,58.0,1239,48.84,24699625947692
556.0,3,0.00,56.0,64.0,64.0,43.0,58.0,1238,48.93,24957484160400
561.0,0,0.00,57.0,70.0,70.0,44.0,59.0,1312,57.00,52210432684448
562.0,1,14.66,61.0,64.0,68.0,46.0,62.0,1439,97.93,26079416979675
562.0,2,0.00,56.0,74.0,74.0,43.0,58.0,1280,48.77,24699902966613
562.0,3,0.00,56.0,64.0,64.0,43.0,58.0,1249,49.05,24957762252136
567.0,0,0.00,57.0,70.0,70.0,44.0,59.0,1302,57.28,52210757434692
567.0,1,35.55,61.0,70.0,70.0,46.0,62.0,1461,110.00,26080040701843
567.0,2,0.00,56.0,74.0,74.0,43.0,58.0,1281,48.97,24700180604736
568.0,3,0.00,56.0,64.0,64.0,43.0,58.0,1260,49.18,24958041119689
573.0,0,0.00,57.0,70.0,70.0,44.0,59.0,1302,57.26,52211082115478
573.0,1,0.00,61.0,70.0,70.0,46.0,61.0,1481,57.85,26080368683288
573.0,2,0.00,56.0,74.0,74.0,43.0,58.0,1269,49.06,24700458772460
573.0,3,0.00,56.0,64.0,64.0,43.0,58.0,1249,49.15,24958319789123
578.0,0,0.00,57.0,70.0,70.0,44.0,59.0,1302,57.20,52211406450256
579.0,1,0.00,60.0,70.0,70.0,45.0,61.0,1418,57.60,26080695298645
579.0,2,0.00,56.0,74.0,74.0,43.0,58.0,1281,48.68,24700734813659
579.0,3,0.00,56.0,64.0,64.0,43.0,58.0,1249,48.83,24958596664733
584.0,0,0.00,57.0,70.0,70.0,44.0,59.0,1260,57.19,52211730700256
584.0,1,75.35,62.0,68.0,68.0,46.0,63.0,1419,100.04,26081262509826
584.0,2,0.00,56.0,74.0,74.0,43.0,58.0,1281,48.74,24701011167297
585.0,3,0.00,56.0,64.0,64.0,43.0,58.0,1249,48.94,24958874150146
590.0,0,0.00,57.0,70.0,70.0,44.0,59.0,1270,57.26,52212055383789
590.0,1,,67.0,68.0,68.0,49.0,66.0,1397,173.58,26082246709594
590.0,2,0.00,56.0,74.0,74.0,43.0,59.0,1270,49.07,24701289392333
590.0,3,0.00,56.0,64.0,64.0,43.0,58.0,1260,49.26,24959153427673
595.0,0,0.00,57.0,70.0,70.0,44.0,59.0,1291,57.06,52212378919799
596.0,1,20.31,62.0,66.0,66.0,47.0,63.0,1566,91.56,26082766767944
596.0,2,0.00,56.0,74.0,74.0,43.0,58.0,1270,48.77,24701565932556
596.0,3,0.00,56.0,64.0,64.0,42.0,58.0,1249,49.19,24959432335815
601.0,0,0.00,57.0,70.0,70.0,43.0,59.0,1281,57.07,52212702511779
601.0,1,67.98,63.0,66.0,68.0,47.0,63.0,1514,91.25,26083283246520
601.0,2,0.00,56.0,74.0,74.0,43.0,58.0,1269,48.66,24701842339416
602.0,3,0.00,56.0,64.0,64.0,43.0,58.0,1258,48.78,24959709408020
607.0,0,0.00,57.0,70.0,70.0,43.0,59.0,1268,56.96,52213026016296
607.0,1,0.00,61.0,66.0,66.0,47.0,62.0,1479,86.67,26083776388183
607.0,2,0.00,56.0,74.0,74.0,43.0,58.0,1268,48.85,24702119806030
607.0,3,0.00,56.0,64.0,64.0,43.0,58.0,1237,49.02,24959987833374
612.0,0,0.00,57.0,70.0,70.0,44.0,59.0,1280,57.22,52213351027526
613.0,1,0.00,61.0,66.0,66.0,46.0,62.0,1449,58.01,26084105302795
613.0,2,0.00,56.0,74.0,74.0,43.0,59.0,1279,49.06,24702397963195
613.0,3,0.00,56.0,64.0,64.0,43.0,58.0,1247,49.02,24960266259460
618.0,0,0.00,57.0,70.0,70.0,43.0,59.0,1278,57.05,52213675081848
618.0,1,0.00,60.0,66.0,66.0,45.0,61.0,1447,57.62,26084432606994
618.0,2,0.00,56.0,74.0,74.0,43.0,58.0,1279,48.66,24702674330444
619.0,3,0.00,56.0,64.0,64.0,43.0,58.0,1258,48.83,24960543142883
624.0,0,0.00,57.0,70.0,70.0,44.0,59.0,1279,57.00,52213998864807
624.0,1,70.05,61.0,68.0,68.0,46.0,62.0,1416,81.09,26084893184204
624.0,2,0.00,56.0,74.0,74.0,43.0,59.0,1268,48.75,24702951229736
624.0,3,0.00,56.0,64.0,64.0,43.0,58.0,1236,48.77,24960820625122
630.0,0,0.00,57.0,70.0,70.0,44.0,59.0,1268,57.29,52214324271179
630.0,1,71.08,64.0,70.0,68.0,47.0,64.0,1428,106.26,26085496762023
630.0,2,0.00,56.0,74.0,74.0,43.0,58.0,1280,48.93,24703229155456
630.0,3,0.00,56.0,64.0,64.0,42.0,58.0,1249,49.07,24961098836975
635.0,0,0.00,57.0,70.0,70.0,43.0,59.0,1281,57.17,52214647860229
635.0,1,0.00,60.0,66.0,66.0,45.0,61.0,1419,59.54,26085833755798
635.0,2,0.00,56.0,74.0,74.0,43.0,58.0,1281,48.88,24703505801086
636.0,3,0.00,56.0,64.0,64.0,43.0,58.0,1250,49.32,24961378472656
641.0,0,0.00,57.0,70.0,70.0,43.0,59.0,1270,56.87,52214970889953
641.0,1,0.00,59.0,66.0,66.0,45.0,61.0,1417,52.61,26086132583557
641.0,2,0.00,56.0,74.0,74.0,43.0,58.0,1248,48.63,24703782038330
641.0,3,0.00,56.0,64.0,64.0,43.0,58.0,1237,48.88,24961655646240
647.0,0,0.00,57.0,70.0,70.0,44.0,59.0,1290,57.09,52215294595153
647.0,1,1.52,59.0,62.0,62.0,45.0,60.0,1321,54.28,26086440893371
647.0,2,0.00,56.0,74.0,74.0,43.0,58.0,1279,48.73,24704058833557
647.0,3,0.00,56.0,64.0,64.0,43.0,58.0,1247,48.82,24961932927612
652.0,0,0.00,57.0,70.0,70.0,43.0,59.0,1269,57.28,52215619967712
652.0,1,0.50,58.0,62.0,62.0,44.0,60.0,1354,49.81,26086723328002
653.0,2,0.00,56.0,74.0,74.0,43.0,58.0,1280,48.98,24704336530700
653.0,3,0.00,56.0,64.0,64.0,43.0,58.0,1249,49.03,24962210906494
658.0,0,0.00,57.0,70.0,70.0,44.0,59.0,1270,56.97,52215942971435
658.0,1,0.51,58.0,64.0,64.0,44.0,59.0,1354,57.69,26087051027099
658.0,2,0.00,56.0,74.0,74.0,43.0,58.0,1269,48.69,24704613068542
658.0,3,0.00,56.0,64.0,64.0,43.0,58.0,1248,49.08,24962489664489
664.0,0,0.00,57.0,70.0,70.0,43.0,59.0,1279,57.06,52216267088012
664.0,1,0.51,57.0,64.0,64.0,44.0,59.0,1311,50.32,26087336360351
664.0,2,0.00,56.0,74.0,74.0,43.0,58.0,1279,48.77,24704889568786
664.0,3,0.00,56.0,64.0,64.0,43.0,58.0,1258,48.73,24962766473999
669.0,0,0.00,57.0,70.0,70.0,43.0,59.0,1279,57.22,52216592071655
669.0,1,0.50,57.0,62.0,62.0,44.0,59.0,1301,48.82,26087613648193
670.0,2,0.00,56.0,74.0,74.0,43.0,58.0,1280,48.82,24705166883605
670.0,3,0.00,56.0,64.0,64.0,43.0,58.0,1249,48.92,24963043841796
675.0,0,0.00,57.0,70.0,70.0,43.0,59.0,1270,57.15,52216916137756
675.0,1,0.00,57.0,62.0,62.0,43.0,58.0,1303,48.96,26087891278869
675.0,2,0.00,56.0,74.0,74.0,43.0,58.0,1261,48.99,24705444657958
675.0,3,0.00,56.0,64.0,64.0,43.0,58.0,1251,49.09,24963321690612
681.0,0,0.00,57.0,70.0,70.0,43.0,59.0,1261,56.95,52217238469055
681.0,1,11.64,58.0,64.0,64.0,44.0,59.0,1250,93.24,26088419008361
681.0,2,0.00,56.0,74.0,74.0,43.0,58.0,1282,48.84,24705721111083
681.0,3,0.00,56.0,64.0,64.0,43.0,58.0,1239,48.98,24963599418640
686.0,0,0.00,57.0,70.0,70.0,43.0,59.0,1271,57.06,52217561977600
686.0,1,0.76,57.0,60.0,60.0,44.0,59.0,1355,58.98,26088753444091
687.0,2,0.00,56.0,74.0,74.0,43.0,58.0,1279,48.77,24705998152832
687.0,3,0.00,56.0,64.0,64.0,42.0,58.0,1247,48.93,24963877361633
692.0,0,0.00,57.0,70.0,70.0,43.0,58.0,1279,56.93,52217885337951
692.0,1,0.51,57.0,62.0,62.0,44.0,58.0,1343,54.27,26089061695373
692.0,2,0.00,56.0,74.0,74.0,43.0,58.0,1270,48.96,24706275747741
692.0,3,0.00,56.0,64.0,64.0,42.0,58.0,1238,48.97,24964155021667
698.0,0,0.00,57.0,70.0,70.0,43.0,59.0,1270,57.38,52218210654602
698.0,1,95.70,62.0,68.0,68.0,46.0,62.0,1311,124.67,26089768552368
698.0,2,0.00,56.0,74.0,74.0,43.0,58.0,1280,48.78,24706552303771
698.0,3,0.00,56.0,64.0,64.0,43.0,58.0,1248,48.99,24964433261413
703.0,0,0.00,57.0,70.0,70.0,43.0,59.0,1289,57.07,52218534812255
703.0,1,,63.0,72.0,72.0,47.0,64.0,1362,181.25,26090799855041
704.0,2,0.00,56.0,74.0,74.0,43.0,58.0,1277,48.76,24706829756652
704.0,3,0.00,56.0,64.0,64.0,43.0,58.0,1245,49.02,24964711675354
709.0,0,0.00,57.0,70.0,70.0,43.0,59.0,1288,57.10,52218859711608
709.0,1,0.00,60.0,72.0,72.0,45.0,61.0,1532,57.90,26091128753540
709.0,2,0.00,56.0,60.0,60.0,43.0,58.0,1290,47.08,24707097159423
709.0,3,0.00,56.0,64.0,64.0,42.0,58.0,1249,48.89,24964989346496
715.0,0,0.00,57.0,70.0,70.0,43.0,58.0,1271,57.37,52219184410339
715.0,1,0.00,60.0,72.0,72.0,45.0,60.0,1419,57.71,26091455389770
715.0,2,0.00,56.0,60.0,60.0,43.0,58.0,1208,47.06,24707363992187
715.0,3,0.00,56.0,64.0,64.0,43.0,58.0,1239,49.06,24965267537170
720.0,0,0.00,57.0,70.0,70.0,43.0,58.0,1290,56.60,52219505926452
720.0,1,0.00,59.0,72.0,72.0,45.0,60.0,1343,57.38,26091781311645
721.0,2,0.00,56.0,60.0,60.0,43.0,58.0,1247,46.93,24707630582153
721.0,3,0.00,56.0,64.0,64.0,42.0,58.0,1258,48.87,24965544622314
726.0,0,0.00,57.0,70.0,70.0,43.0,58.0,1280,57.06,52219829448852
726.0,1,0.00,59.0,72.0,72.0,45.0,60.0,1375,57.57,26092107751464
726.0,2,0.00,56.0,60.0,60.0,43.0,58.0,1249,49.60,24707911789733
726.0,3,0.00,56.0,64.0,64.0,43.0,58.0,1258,48.75,24965821514526
732.0,0,0.00,57.0,70.0,70.0,43.0,59.0,1270,56.91,52220152717895
732.0,1,0.00,58.0,72.0,72.0,44.0,59.0,1355,57.43,26092433963134
732.0,2,0.00,56.0,60.0,60.0,43.0,58.0,1249,49.96,24708195041687
732.0,3,0.00,56.0,64.0,64.0,43.0,58.0,1239,48.84,24966098445556
737.0,0,0.00,56.0,70.0,70.0,43.0,59.0,1283,57.41,52220477681579
737.0,1,0.00,58.0,72.0,72.0,44.0,59.0,1347,57.60,26092759979858
738.0,2,0.00,56.0,60.0,60.0,43.0,58.0,1284,49.41,24708474210510
738.0,3,0.00,56.0,64.0,64.0,43.0,58.0,1253,49.08,24966375740112
743.0,0,0.00,57.0,70.0,70.0,43.0,58.0,1284,56.97,52220800118225
743.0,1,0.00,58.0,72.0,72.0,44.0,59.0,1357,57.51,26093085470031
743.0,2,0.00,56.0,60.0,60.0,43.0,59.0,1261,49.50,24708754878417
743.0,3,0.00,56.0,64.0,64.0,42.0,57.0,1249,48.76,24966652181030
749.0,0,0.00,56.0,70.0,70.0,43.0,59.0,1271,56.91,52221122782226
749.0,1,0.00,58.0,72.0,72.0,44.0,59.0,1334,57.39,26093410846618
749.0,2,0.00,56.0,60.0,60.0,43.0,58.0,1271,48.79,24709031533630
749.0,3,0.00,56.0,64.0,64.0,42.0,58.0,1230,48.85,24966928660888
754.0,0,0.00,57.0,70.0,70.0,43.0,59.0,1283,57.30,52221447087951
754.0,1,0.00,58.0,72.0,72.0,44.0,59.0,1260,57.51,26093736903991
755.0,2,17.79,57.0,60.0,60.0,43.0,59.0,1281,55.55,24709346520568
755.0,3,0.00,56.0,64.0,64.0,42.0,57.0,1237,48.94,24967206653808
760.0,0,0.00,56.0,70.0,70.0,43.0,58.0,1286,57.16,52221772335693
760.0,1,0.00,57.0,72.0,72.0,43.0,58.0,1304,57.31,26094063557189
760.0,2,35.76,58.0,60.0,60.0,44.0,59.0,1270,72.52,24709761323181
760.0,3,0.00,56.0,64.0,64.0,42.0,58.0,1256,49.02,24967487547546
766.0,0,0.00,57.0,70.0,70.0,43.0,58.0,1268,56.71,52222097285339
766.0,1,0.00,58.0,72.0,72.0,44.0,58.0,1304,57.25,26094390447875
766.0,2,33.07,58.0,60.0,60.0,44.0,60.0,1235,74.44,24710184860046
766.0,3,0.00,56.0,64.0,64.0,43.0,58.0,1240,48.91,24967764878173
771.0,0,0.00,56.0,70.0,70.0,43.0,59.0,1285,57.14,52222420148010
772.0,1,0.00,57.0,72.0,72.0,43.0,58.0,1297,57.43,26094714947937
772.0,2,4.49,59.0,60.0,60.0,45.0,60.0,1285,67.72,24710566805480
772.0,3,0.00,56.0,64.0,64.0,42.0,58.0,1252,49.00,24968041702148
777.0,0,0.00,57.0,70.0,70.0,43.0,58.0,1283,57.04,52222742990234
777.0,1,0.00,57.0,72.0,72.0,43.0,58.0,1314,57.59,26095040916137
777.0,2,0.00,58.0,60.0,60.0,44.0,60.0,1355,55.22,24710879924011
777.0,3,0.00,56.0,64.0,64.0,42.0,57.0,1249,49.04,24968319742309
783.0,0,0.00,56.0,70.0,70.0,43.0,58.0,1259,56.84,52223065274353
783.0,1,0.00,57.0,72.0,72.0,43.0,58.0,1302,57.25,26095365531555
783.0,2,0.00,58.0,60.0,60.0,44.0,59.0,1344,55.07,24711192155212
783.0,3,0.00,56.0,64.0,64.0,42.0,58.0,1238,48.80,24968596427062
788.0,0,0.00,56.0,70.0,70.0,43.0,58.0,1280,57.01,52223389119323
789.0,1,0.00,57.0,72.0,72.0,43.0,58.0,1290,57.25,26095690736389
789.0,2,20.04,59.0,64.0,64.0,45.0,61.0,1354,57.09,24711516411682
789.0,3,0.00,56.0,64.0,64.0,42.0,58.0,1247,48.78,24968873504760
794.0,0,0.00,56.0,70.0,70.0,43.0,59.0,1279,57.20,52223713450317
794.0,1,0.00,57.0,72.0,72.0,43.0,58.0,1269,57.48,26096017194885
794.0,2,0.00,61.0,64.0,64.0,45.0,62.0,1332,69.17,24711909304809
795.0,3,0.00,56.0,64.0,64.0,42.0,57.0,1248,49.15,24969152678161
800.0,0,0.00,57.0,70.0,70.0,43.0,58.0,1268,57.16,52224038098937
800.0,1,0.00,57.0,72.0,72.0,43.0,57.0,1278,57.19,26096342021667
800.0,2,0.51,58.0,60.0,62.0,44.0,60.0,1330,86.90,24712403753784
800.0,3,0.00,56.0,64.0,64.0,43.0,57.0,1225,49.23,24969432292724
805.0,0,0.00,56.0,70.0,70.0,43.0,58.0,1289,56.72,52224360833923
806.0,1,0.00,57.0,72.0,72.0,43.0,57.0,1269,57.08,26096666245727
806.0,2,26.07,61.0,64.0,64.0,46.0,62.0,1353,72.06,24712812347717
806.0,3,0.00,55.0,64.0,64.0,42.0,58.0,1257,48.69,24969709341796
811.0,0,0.00,57.0,70.0,70.0,43.0,59.0,1290,57.15,52224684856750
811.0,1,0.00,57.0,72.0,72.0,43.0,57.0,1279,57.51,26096992311828
811.0,2,30.12,59.0,62.0,62.0,45.0,61.0,1365,74.99,24713238306945
812.0,3,0.00,56.0,64.0,64.0,42.0,57.0,1249,48.89,24969986573547
817.0,0,0.00,56.0,70.0,70.0,43.0,58.0,1269,56.95,52225008333618
817.0,1,0.00,57.0,70.0,70.0,43.0,57.0,1291,57.40,26097318363098
817.0,2,0.00,59.0,64.0,64.0,45.0,61.0,1343,62.86,24713594715148
817.0,3,0.00,55.0,64.0,64.0,42.0,58.0,1237,49.11,24970265019653
822.0,0,0.00,57.0,70.0,70.0,43.0,58.0,1280,57.20,52225332635620
823.0,1,0.00,56.0,70.0,70.0,43.0,58.0,1270,57.06,26097641895690
823.0,2,0.00,59.0,64.0,64.0,45.0,61.0,1376,54.79,24713905363525
823.0,3,0.00,56.0,64.0,64.0,42.0,58.0,1249,48.75,24970541445617
828.0,0,0.00,56.0,70.0,70.0,43.0,59.0,1281,57.04,52225656043823
828.0,1,0.00,56.0,70.0,70.0,42.0,57.0,1279,57.25,26097967065795
828.0,2,57.75,61.0,64.0,66.0,46.0,62.0,1386,76.07,24714337437683
829.0,3,0.00,56.0,64.0,64.0,42.0,58.0,1248,48.66,24970817812927
834.0,0,0.00,56.0,70.0,70.0,43.0,58.0,1278,57.03,52225979991088
834.0,1,0.00,56.0,70.0,70.0,42.0,57.0,1290,57.52,26098293192016
834.0,2,10.31,61.0,64.0,62.0,46.0,62.0,1353,81.83,24714802219604
834.0,3,0.00,56.0,64.0,64.0,42.0,58.0,1248,49.09,24971096622375
839.0,0,0.00,57.0,70.0,70.0,43.0,58.0,1280,57.26,52226305201232
840.0,1,0.00,56.0,70.0,70.0,42.0,57.0,1269,57.36,26098618971557
840.0,2,73.49,62.0,66.0,66.0,47.0,64.0,1396,99.89,24715368614868
840.0,3,0.00,56.0,64.0,64.0,42.0,57.0,1258,49.12,24971375138916
845.0,0,0.00,56.0,70.0,70.0,43.0,58.0,1279,57.00,52226628384948
845.0,1,0.00,56.0,70.0,70.0,42.0,57.0,1279,57.16,26098943651977
845.0,2,71.83,62.0,68.0,68.0,47.0,64.0,1417,91.79,24715889997924
846.0,3,0.00,56.0,64.0,64.0,42.0,58.0,1249,48.69,24971651694763
851.0,0,0.00,56.0,70.0,70.0,43.0,58.0,1269,56.78,52226950908752
851.0,1,0.00,56.0,70.0,70.0,42.0,57.0,1291,57.24,26099268229248
851.0,2,61.37,61.0,68.0,68.0,47.0,63.0,1450,91.14,24716406741577
851.0,3,0.00,56.0,64.0,64.0,42.0,58.0,1248,49.29,24971931166870
856.0,0,0.00,56.0,70.0,70.0,43.0,58.0,1280,57.17,52227275072998
857.0,1,0.00,56.0,70.0,70.0,42.0,57.0,1269,57.26,26099593487731
857.0,2,47.08,61.0,68.0,68.0,47.0,63.0,1448,93.40,24716937264709
857.0,3,0.00,56.0,64.0,64.0,42.0,58.0,1248,49.17,24972210456726
862.0,0,0.00,56.0,70.0,70.0,43.0,59.0,1280,57.04,52227599072021
862.0,1,0.00,56.0,70.0,70.0,42.0,57.0,1281,57.04,26099916877075
862.0,2,34.89,62.0,68.0,68.0,47.0,63.0,1451,94.88,24717475208251
863.0,3,0.00,56.0,64.0,64.0,42.0,58.0,1251,49.22,24972489027526
868.0,0,0.00,56.0,70.0,70.0,43.0,58.0,1262,56.88,52227921007568
868.0,1,0.00,56.0,70.0,70.0,42.0,57.0,1281,57.27,26100241028259
868.0,2,46.14,62.0,68.0,68.0,47.0,64.0,1471,93.40,24718004777587
868.0,3,0.00,56.0,64.0,64.0,42.0,57.0,1248,48.86,24972766550537
874.0,0,0.00,56.0,70.0,70.0,43.0,58.0,1290,57.00,52228244768066
874.0,1,0.00,56.0,70.0,70.0,42.0,57.0,1247,57.28,26100566398803
874.0,2,32.11,63.0,68.0,68.0,48.0,64.0,1480,95.66,24718548137023
874.0,3,0.00,56.0,64.0,64.0,42.0,58.0,1247,49.00,24973044870849
879.0,0,0.00,56.0,70.0,70.0,43.0,58.0,1279,57.19,52228569631408
879.0,1,0.00,56.0,70.0,70.0,42.0,57.0,1259,57.40,26100892441650
879.0,2,18.17,63.0,68.0,68.0,47.0,64.0,1471,97.36,24719100156494
880.0,3,0.00,56.0,64.0,64.0,43.0,58.0,1258,49.22,24973324450073
885.0,0,0.00,56.0,70.0,70.0,43.0,58.0,1269,56.70,52228891713562
885.0,1,0.00,56.0,70.0,70.0,42.0,57.0,1258,57.12,26101216874755
885.0,2,2.59,66.0,68.0,68.0,49.0,67.0,1439,105.80,24719700018859
885.0,3,0.00,56.0,64.0,64.0,43.0,58.0,1250,49.15,24973602633789
891.0,0,0.00,56.0,70.0,70.0,43.0,58.0,1282,56.97,52229214166198
891.0,1,0.00,56.0,70.0,70.0,42.0,57.0,1239,57.23,26101540788818
891.0,2,20.13,67.0,70.0,70.0,50.0,68.0,1450,105.91,24720300524475
891.0,3,0.00,56.0,64.0,64.0,42.0,58.0,1249,49.02,24973880568908
896.0,0,0.00,56.0,70.0,70.0,43.0,58.0,1291,57.22,52229538596862
896.0,1,0.00,56.0,68.0,68.0,42.0,57.0,1260,57.46,26101866593261
896.0,2,11.98,66.0,70.0,70.0,49.0,66.0,1503,93.52,24720830769226
897.0,3,0.00,56.0,64.0,64.0,43.0,58.0,1249,49.12,24974159552978
902.0,0,0.00,56.0,70.0,70.0,43.0,58.0,1271,57.11,52229862413085
902.0,1,0.00,56.0,68.0,68.0,42.0,57.0,1259,57.41,26102192704650
902.0,2,30.41,66.0,72.0,72.0,49.0,67.0,1481,104.85,24721426337524
902.0,3,0.00,56.0,64.0,64.0,43.0,58.0,1249,49.24,24974438727661
908.0,0,0.00,57.0,70.0,70.0,43.0,58.0,1291,57.02,52230185716552
908.0,1,0.00,56.0,68.0,68.0,42.0,57.0,1249,57.02,26102516030578
908.0,2,53.97,66.0,70.0,70.0,49.0,67.0,1503,99.51,24721990571655
908.0,3,0.00,56.0,64.0,64.0,43.0,58.0,1249,48.89,24974715915222
913.0,0,0.00,56.0,70.0,70.0,43.0,58.0,1280,57.15,52230510315551
913.0,1,0.00,56.0,68.0,68.0,42.0,57.0,1260,57.31,26102840985107
914.0,2,74.46,66.0,70.0,70.0,49.0,67.0,1704,96.04,24722535117736
914.0,3,0.00,56.0,64.0,64.0,42.0,58.0,1260,48.91,24974993232116
919.0,0,0.00,56.0,70.0,70.0,43.0,58.0,1280,57.16,52230834419372
919.0,1,0.00,56.0,68.0,68.0,42.0,56.0,1258,57.51,26103167651550
919.0,2,0.00,64.0,72.0,72.0,48.0,66.0,1680,79.44,24722986357421
919.0,3,0.00,56.0,64.0,64.0,43.0,58.0,1247,49.14,24975272353698
925.0,0,0.00,56.0,70.0,70.0,43.0,58.0,1280,56.93,52231157790283
925.0,1,0.00,56.0,68.0,68.0,42.0,57.0,1249,57.09,26103491373474
925.0,2,0.00,63.0,72.0,72.0,48.0,65.0,1534,55.57,24723301425231
925.0,3,0.00,56.0,64.0,64.0,43.0,58.0,1249,49.09,24975550671569
930.0,0,0.00,56.0,70.0,70.0,43.0,58.0,1270,56.95,52231480712646
930.0,1,0.00,56.0,68.0,68.0,42.0,57.0,1258,57.21,26103816309631
931.0,2,0.00,62.0,66.0,72.0,47.0,64.0,1511,56.24,24723620884460
931.0,3,0.00,56.0,64.0,64.0,43.0,58.0,1258,48.73,24975827442138
936.0,0,0.00,57.0,70.0,70.0,43.0,58.0,1258,56.89,52231803841613
936.0,1,0.00,55.0,68.0,68.0,42.0,56.0,1259,57.32,26104141292663
936.0,2,71.19,66.0,72.0,72.0,50.0,67.0,1482,125.29,24724331289672
936.0,3,0.00,56.0,64.0,64.0,43.0,58.0,1249,48.99,24976105215942
942.0,0,0.00,56.0,70.0,70.0,43.0,58.0,1280,57.13,52232127742553
942.0,1,0.00,55.0,68.0,68.0,42.0,57.0,1248,57.30,26104466776306
942.0,2,79.55,65.0,72.0,72.0,50.0,67.0,1711,174.58,24725322897216
942.0,3,0.00,56.0,64.0,64.0,43.0,58.0,1246,49.18,24976384556213
947.0,0,0.00,56.0,70.0,70.0,43.0,58.0,1278,56.80,52232450915710
947.0,1,0.00,56.0,68.0,68.0,42.0,57.0,1258,57.04,26104790766296
948.0,2,34.25,64.0,68.0,68.0,48.0,66.0,1947,67.27,24725704309570
948.0,3,0.00,56.0,64.0,64.0,43.0,58.0,1260,48.82,24976661836181
953.0,0,0.00,56.0,70.0,70.0,43.0,58.0,1291,57.00,52232774087219
953.0,1,0.00,56.0,68.0,68.0,42.0,56.0,1259,57.30,26105115677062
953.0,2,62.69,66.0,70.0,70.0,49.0,67.0,1501,96.14,24726250384826
953.0,3,0.00,56.0,64.0,64.0,43.0,58.0,1247,49.12,24976940370666
959.0,0,0.00,56.0,70.0,70.0,43.0,58.0,1258,57.04,52233098076721
959.0,1,0.00,56.0,68.0,68.0,42.0,56.0,1247,57.45,26105441971313
959.0,2,0.00,64.0,68.0,68.0,48.0,65.0,1532,71.68,24726657501770
959.0,3,0.00,56.0,64.0,64.0,43.0,58.0,1258,49.05,24977218995239
964.0,0,0.00,56.0,70.0,70.0,43.0,58.0,1259,57.31,52233423012145
964.0,1,0.00,56.0,68.0,68.0,42.0,56.0,1238,57.24,26105766510559
965.0,2,0.00,63.0,68.0,68.0,48.0,65.0,1544,56.06,24726975920288
965.0,3,0.00,56.0,64.0,64.0,43.0,58.0,1248,49.01,24977497359802
970.0,0,0.00,56.0,70.0,70.0,43.0,58.0,1280,56.86,52233745382629
970.0,1,0.00,56.0,68.0,68.0,42.0,57.0,1260,57.32,26106091510559
970.0,2,0.00,63.0,68.0,68.0,48.0,64.0,1515,55.92,24727292401245
970.0,3,0.00,56.0,64.0,64.0,43.0,58.0,1259,48.77,24977773866210
976.0,0,0.00,56.0,70.0,70.0,43.0,58.0,1258,56.88,52234068457214
976.0,1,0.00,56.0,68.0,68.0,42.0,57.0,1257,57.10,26106416412597
976.0,2,49.09,66.0,70.0,70.0,49.0,67.0,1478,88.26,24727794599243
976.0,3,0.00,56.0,58.0,58.0,43.0,58.0,1236,48.95,24978051907653
981.0,0,0.00,56.0,70.0,70.0,43.0,58.0,1289,57.20,52234393369689
981.0,1,0.00,56.0,68.0,68.0,42.0,57.0,1247,57.20,26106741281372
982.0,2,58.15,63.0,68.0,68.0,48.0,65.0,1448,106.05,24728396962463
982.0,3,0.00,56.0,58.0,58.0,43.0,58.0,1248,49.20,24978331344909
987.0,0,0.00,56.0,70.0,70.0,43.0,58.0,1279,56.78,52234715907653
987.0,1,0.00,56.0,68.0,68.0,42.0,56.0,1258,57.21,26107065688476
987.0,2,0.00,63.0,68.0,68.0,48.0,64.0,1543,55.24,24728710704956
987.0,3,0.00,56.0,58.0,58.0,43.0,58.0,1247,48.84,24978608777282
993.0,0,0.00,56.0,70.0,70.0,43.0,58.0,1278,56.56,52235037141357
993.0,1,0.00,55.0,68.0,68.0,42.0,56.0,1258,57.09,26107389975952
993.0,2,0.00,62.0,68.0,68.0,47.0,64.0,1480,54.93,24729022712158
993.0,3,0.00,56.0,58.0,58.0,43.0,58.0,1247,48.79,24978885881225
998.0,0,0.00,56.0,70.0,70.0,43.0,58.0,1280,57.05,52235361189636
999.0,1,0.00,55.0,68.0,68.0,42.0,56.0,1248,57.38,26107715895507
999.0,2,0.51,61.0,66.0,66.0,47.0,63.0,1481,50.26,24729307712158
999.0,3,0.00,56.0,58.0,58.0,43.0,58.0,1249,48.96,24979163473266
1004.0,0,0.00,56.0,70.0,70.0,43.0,58.0,1282,57.22,52235685625000
1004.0,1,0.00,56.0,68.0,68.0,42.0,57.0,1262,57.64,26108042123718
1004.0,2,0.51,60.0,64.0,64.0,46.0,62.0,1432,47.60,24729577109313
1004.0,3,0.00,56.0,58.0,58.0,43.0,58.0,1263,49.09,24979441348693
1010.0,0,0.00,56.0,70.0,70.0,43.0,58.0,1273,56.79,52236006514526
1010.0,1,0.00,56.0,68.0,68.0,42.0,57.0,1261,57.06,26108365648193
1010.0,2,1.02,61.0,66.0,66.0,46.0,62.0,1419,52.31,24729873716186
1010.0,3,0.00,56.0,58.0,58.0,43.0,58.0,1249,48.75,24979717755493
1015.0,0,0.00,56.0,70.0,70.0,43.0,58.0,1281,56.94,52236329363586
1016.0,1,0.00,55.0,68.0,68.0,42.0,56.0,1240,57.29,26108689917846
1016.0,2,0.00,60.0,66.0,66.0,46.0,62.0,1430,48.17,24730146365539
1016.0,3,0.00,56.0,58.0,58.0,43.0,58.0,1250,48.87,24979994369140
1021.0,0,0.00,56.0,70.0,70.0,43.0,58.0,1290,56.86,52236652350463
1021.0,1,0.00,55.0,68.0,68.0,42.0,57.0,1268,57.38,26109015844726
1021.0,2,0.50,59.0,66.0,66.0,45.0,62.0,1373,47.31,24730415101318
1021.0,3,0.00,56.0,58.0,58.0,43.0,58.0,1258,48.97,24980272524475
1027.0,0,0.00,56.0,70.0,70.0,43.0,58.0,1216,57.13,52236976279602
1027.0,1,0.00,56.0,68.0,68.0,42.0,56.0,1259,57.15,26109339912475
1027.0,2,5.76,59.0,66.0,66.0,46.0,61.0,1366,51.10,24730704858886
1027.0,3,0.00,56.0,58.0,58.0,43.0,57.0,1239,49.14,24980551157836
1032.0,0,0.00,56.0,70.0,70.0,43.0,58.0,1280,56.92,52237299580505
1033.0,1,0.00,55.0,68.0,68.0,42.0,56.0,1247,57.04,26109664484252
1033.0,2,0.00,61.0,66.0,66.0,46.0,62.0,1371,88.26,24731207035705
1033.0,3,0.00,56.0,58.0,58.0,43.0,58.0,1254,48.93,24980830036193
1038.0,0,0.00,56.0,70.0,70.0,43.0,58.0,1287,56.94,52237623595703
1038.0,1,0.00,55.0,68.0,68.0,42.0,56.0,1256,57.35,26109990237548
1038.0,2,9.40,60.0,64.0,66.0,46.0,62.0,1457,57.95,24731536770690
1039.0,3,0.00,56.0,58.0,58.0,43.0,58.0,1257,49.11,24981108976440
1044.0,0,0.00,56.0,70.0,70.0,43.0,58.0,1258,57.11,52237947979614
1044.0,1,0.00,56.0,68.0,68.0,42.0,56.0,1258,57.44,26110316518615
1044.0,2,0.51,60.0,66.0,66.0,46.0,62.0,1386,55.85,24731853430603
1044.0,3,0.00,56.0,58.0,58.0,43.0,58.0,1239,49.10,24981387382080
1049.0,0,0.00,56.0,70.0,70.0,43.0,58.0,1281,56.90,52238270624755
1050.0,1,0.00,55.0,68.0,68.0,42.0,56.0,1250,56.97,26110639553710
1050.0,2,66.82,66.0,68.0,68.0,48.0,65.0,1419,92.90,24732380185729
1050.0,3,0.00,56.0,58.0,58.0,43.0,58.0,1249,48.71,24981663580993
1055.0,0,0.00,56.0,70.0,70.0,43.0,58.0,1281,56.98,52238593706787
1055.0,1,0.00,55.0,68.0,68.0,42.0,56.0,1259,57.08,26110963221252
1055.0,2,100.00,66.0,74.0,74.0,50.0,67.0,1407,187.36,24733442517456
1056.0,3,0.00,56.0,58.0,58.0,43.0,58.0,1259,49.05,24981941705505
1061.0,0,0.00,56.0,70.0,70.0,43.0,58.0,1280,57.03,52238917084411
1061.0,1,0.00,55.0,68.0,68.0,42.0,56.0,1258,57.40,26111289258300
1061.0,2,0.00,63.0,74.0,74.0,48.0,65.0,1702,79.09,24733891753601
1061.0,3,0.00,56.0,58.0,58.0,43.0,58.0,1248,47.67,24982212460693
1066.0,0,0.00,56.0,70.0,70.0,43.0,58.0,1280,57.20,52239241954711
1067.0,1,0.00,55.0,68.0,68.0,42.0,56.0,1238,57.30,26111614145385
1067.0,2,0.00,62.0,74.0,74.0,47.0,64.0,1534,55.89,24734208670776
1067.0,3,0.00,56.0,58.0,58.0,42.0,58.0,1248,47.45,24982481956359
1072.0,0,0.00,56.0,70.0,70.0,43.0,58.0,1293,56.66,52239565461364
1072.0,1,0.00,55.0,68.0,68.0,42.0,56.0,1262,57.06,26111939949462
1072.0,2,0.00,62.0,74.0,74.0,47.0,63.0,1483,55.42,24734525145019
1073.0,3,0.00,56.0,58.0,58.0,43.0,58.0,1251,47.21,24982751061035
1078.0,0,0.00,56.0,70.0,70.0,43.0,58.0,1217,56.74,52239887167968
1078.0,1,0.00,55.0,68.0,68.0,42.0,56.0,1260,57.28,26112264701782
1078.0,2,0.00,62.0,74.0,74.0,47.0,63.0,1461,55.31,24734838744445
1078.0,3,0.00,56.0,58.0,58.0,43.0,58.0,1239,48.18,24983024223999
1083.0,0,0.00,56.0,70.0,70.0,43.0,58.0,1282,57.15,52240211222534
1084.0,1,0.00,55.0,68.0,68.0,42.0,56.0,1239,57.42,26112590286499
1084.0,2,0.00,61.0,74.0,74.0,46.0,63.0,1452,55.35,24735152559387
1084.0,3,0.00,56.0,58.0,58.0,43.0,58.0,1261,50.78,24983312144531
1089.0,0,0.00,56.0,70.0,70.0,43.0,58.0,1282,57.09,52240534905822
1089.0,1,0.00,55.0,68.0,68.0,42.0,56.0,1260,57.22,26112914702453
1089.0,2,0.00,61.0,74.0,74.0,46.0,62.0,1461,55.22,24735465649536
1090.0,3,0.00,56.0,58.0,58.0,43.0,58.0,1270,50.40,24983597902343
1095.0,0,0.00,56.0,70.0,70.0,43.0,58.0,1250,56.86,52240856734191
1095.0,1,0.00,55.0,68.0,68.0,42.0,56.0,1262,57.30,26113239027343
1095.0,2,0.00,61.0,74.0,74.0,46.0,62.0,1431,55.16,24735777869506
1095.0,3,0.00,56.0,58.0,58.0,43.0,58.0,1231,50.45,24983883438354
1101.0,0,0.00,56.0,70.0,70.0,43.0,58.0,1278,56.92,52241180036010
1101.0,1,0.00,55.0,68.0,68.0,42.0,56.0,1246,57.16,26113564288269
1101.0,2,0.00,60.0,74.0,74.0,46.0,62.0,1425,55.18,24736091868041
1101.0,3,0.00,56.0,58.0,58.0,43.0,58.0,1276,49.05,24984162521850
1106.0,0,0.00,56.0,70.0,70.0,43.0,58.0,1282,57.08,52241503696655
1106.0,1,0.00,55.0,68.0,68.0,42.0,56.0,1261,57.47,26113889541320
1106.0,2,0.00,60.0,74.0,74.0,46.0,62.0,1432,55.50,24736405972412
1107.0,3,1.03,56.0,58.0,58.0,43.0,58.0,1273,50.26,24984446987426
1112.0,0,0.00,56.0,70.0,70.0,43.0,58.0,1278,56.76,52241826093994
1112.0,1,0.00,55.0,68.0,68.0,42.0,56.0,1261,57.06,26114214792846
1112.0,2,0.00,60.0,74.0,74.0,46.0,62.0,1425,55.11,24736721178833
1112.0,3,29.63,57.0,58.0,58.0,43.0,59.0,1253,71.17,24984855498168
1118.0,0,0.00,56.0,70.0,70.0,43.0,58.0,1275,56.70,52242152116394
1118.0,1,0.00,55.0,68.0,68.0,42.0,56.0,1245,57.00,26114541965576
1118.0,2,0.00,60.0,74.0,74.0,45.0,61.0,1428,55.20,24737036942016
1118.0,3,36.50,58.0,60.0,60.0,44.0,59.0,1254,74.83,24985282054687
1123.0,0,0.00,56.0,70.0,70.0,43.0,58.0,1249,57.11,52242478805114
1123.0,1,0.00,55.0,68.0,68.0,42.0,56.0,1263,57.34,26114869384948
1124.0,2,0.00,60.0,74.0,74.0,46.0,62.0,1398,55.42,24737353399230
1124.0,3,2.88,58.0,60.0,60.0,44.0,60.0,1282,72.07,24985693555725
1129.0,0,0.00,56.0,70.0,70.0,43.0,58.0,1270,56.83,52242801058654
1129.0,1,0.00,55.0,68.0,68.0,42.0,56.0,1260,57.15,26115193435119
1129.0,2,0.00,60.0,74.0,74.0,46.0,61.0,1354,55.22,24737666521728
1129.0,3,0.00,58.0,60.0,60.0,44.0,60.0,1332,56.95,24986016481567
1135.0,0,0.00,56.0,70.0,70.0,43.0,58.0,1271,56.93,52243123854736
1135.0,1,0.00,55.0,68.0,68.0,42.0,56.0,1260,57.21,26115517823547
1135.0,2,0.00,59.0,74.0,74.0,45.0,61.0,1366,55.06,24737978721862
1135.0,3,0.00,58.0,60.0,60.0,44.0,60.0,1334,55.59,24986331701782
1140.0,0,0.00,56.0,70.0,70.0,43.0,58.0,1280,57.13,52243447809265
1140.0,1,0.00,55.0,68.0,68.0,42.0,56.0,1248,57.56,26115844164428
1141.0,2,0.00,60.0,74.0,74.0,45.0,61.0,1386,55.38,24738292739196
1141.0,3,0.00,57.0,60.0,60.0,44.0,59.0,1354,55.88,24986649103332
1146.0,0,0.00,56.0,70.0,70.0,43.0,58.0,1290,57.03,52243771756225
1146.0,1,0.00,55.0,68.0,68.0,42.0,56.0,1258,57.47,26116170569641
1146.0,2,0.00,59.0,74.0,74.0,45.0,61.0,1374,55.38,24738607307250
1146.0,3,13.89,58.0,60.0,60.0,44.0,60.0,1310,65.37,24987020408081
1152.0,0,0.00,56.0,70.0,70.0,43.0,58.0,1258,56.82,52244094470092
1152.0,1,0.00,55.0,68.0,68.0,42.0,56.0,1258,56.90,26116493743469
1152.0,2,0.00,59.0,74.0,74.0,45.0,61.0,1364,55.05,24738919988342
1152.0,3,48.07,59.0,62.0,62.0,44.0,60.0,1343,90.17,24987531669250
1157.0,0,0.00,56.0,70.0,70.0,43.0,58.0,1270,57.01,52244417739990
1158.0,1,0.00,55.0,68.0,68.0,42.0,56.0,1247,57.32,26116818722106
1158.0,2,0.00,60.0,74.0,74.0,45.0,61.0,1385,55.26,24739233884399
1158.0,3,38.81,60.0,64.0,64.0,45.0,61.0,1342,68.86,24987922780029
1163.0,0,0.00,56.0,70.0,70.0,43.0,58.0,1280,56.90,52244740907104
1163.0,1,0.00,55.0,68.0,68.0,42.0,56.0,1238,57.27,26117144006408
1163.0,2,0.00,59.0,74.0,74.0,45.0,61.0,1375,55.47,24739548375488
1163.0,3,28.12,60.0,62.0,62.0,45.0,61.0,1334,75.14,24988348823486
1169.0,0,0.00,56.0,70.0,70.0,43.0,58.0,1258,56.99,52245064049133
1169.0,1,0.00,55.0,68.0,68.0,42.0,56.0,1205,57.00,26117467752868
1169.0,2,0.00,59.0,74.0,74.0,45.0,60.0,1374,55.09,24739861307800
1169.0,3,0.00,59.0,62.0,62.0,45.0,61.0,1363,68.71,24988739097900
1174.0,0,0.00,56.0,70.0,70.0,43.0,58.0,1268,56.97,52245387639099
1175.0,1,0.00,55.0,68.0,68.0,42.0,56.0,1236,57.21,26117792714477
1175.0,2,0.00,59.0,74.0,74.0,45.0,61.0,1372,55.13,24740174473388
1175.0,3,0.00,59.0,62.0,62.0,45.0,60.0,1372,55.72,24989056152648
1180.0,0,0.00,56.0,70.0,70.0,43.0,58.0,1278,56.88,52245711268615
1180.0,1,0.00,55.0,68.0,68.0,42.0,56.0,1257,57.44,26118118978332
1180.0,2,0.00,59.0,74.0,74.0,45.0,61.0,1353,55.35,24740488885498
1181.0,3,6.16,62.0,64.0,64.0,46.0,63.0,1375,66.70,24989434335266
1186.0,0,0.00,56.0,70.0,70.0,43.0,58.0,1280,57.08,52246034936706
1186.0,1,0.00,55.0,68.0,68.0,42.0,56.0,1259,57.34,26118444068298
1186.0,2,0.00,59.0,74.0,74.0,45.0,60.0,1322,55.35,24740803260009
1186.0,3,31.49,60.0,62.0,62.0,45.0,61.0,1374,93.88,24989967600280
1191.0,0,0.00,56.0,70.0,70.0,43.0,58.0,1279,56.80,52246357535766
1192.0,1,0.00,55.0,68.0,68.0,42.0,56.0,1247,56.91,26118767319396
1192.0,2,0.00,59.0,74.0,74.0,45.0,61.0,1353,55.02,24741115773681
1192.0,3,64.13,61.0,64.0,64.0,46.0,62.0,1406,94.29,24990503150756
1197.0,0,0.00,56.0,70.0,70.0,43.0,58.0,1290,56.98,52246681207397
1197.0,1,0.00,55.0,68.0,68.0,42.0,56.0,1258,57.18,26119092105163
1197.0,2,0.00,59.0,74.0,74.0,45.0,61.0,1354,55.41,24741429931640
1198.0,3,73.08,63.0,66.0,66.0,47.0,64.0,1428,96.98,24991053054199
1203.0,0,0.00,57.0,70.0,70.0,43.0,58.0,1270,57.08,52247004861633
1203.0,1,0.00,55.0,68.0,68.0,42.0,56.0,1227,57.13,26119416587219
1203.0,2,0.00,59.0,74.0,74.0,45.0,61.0,1343,55.33,24741744179199
1203.0,3,72.62,62.0,66.0,66.0,47.0,64.0,1428,93.49,24991584099914
1208.0,0,0.00,57.0,70.0,70.0,43.0,58.0,1279,57.27,52247330134582
1209.0,1,0.00,55.0,68.0,68.0,42.0,56.0,1194,56.91,26119739832153
1209.0,2,0.00,59.0,74.0,74.0,45.0,61.0,1353,55.02,24742056694213
1209.0,3,64.57,62.0,66.0,66.0,47.0,63.0,1459,91.29,24992102615417
1214.0,0,0.00,56.0,70.0,70.0,43.0,58.0,1280,56.93,52247653476074
1214.0,1,0.00,55.0,68.0,68.0,42.0,56.0,1247,57.19,26120064089355
1214.0,2,0.00,59.0,74.0,74.0,45.0,61.0,1352,55.42,24742371453430
1215.0,3,51.21,62.0,66.0,66.0,47.0,63.0,1469,93.38,24992633010192
1220.0,0,0.00,56.0,70.0,70.0,43.0,58.0,1278,57.00,52247977210388
1220.0,1,0.00,55.0,68.0,68.0,42.0,56.0,1259,57.13,26120388587463
1220.0,2,0.00,59.0,74.0,74.0,45.0,60.0,1344,55.43,24742685748962
1220.0,3,59.96,62.0,68.0,68.0,47.0,63.0,1471,91.90,24993154065856
1225.0,0,0.00,56.0,70.0,70.0,43.0,58.0,1281,57.18,52248301435852
1226.0,1,0.00,55.0,68.0,68.0,42.0,56.0,1249,57.15,26120712608581
1226.0,2,0.00,59.0,74.0,74.0,45.0,61.0,1354,55.48,24743000345642
1226.0,3,45.69,62.0,68.0,68.0,47.0,63.0,1460,94.23,24993688368103
1231.0,0,0.00,56.0,70.0,70.0,43.0,58.0,1290,56.79,52248623995727
1231.0,1,0.00,55.0,68.0,68.0,42.0,56.0,1237,56.98,26121036272583
1231.0,2,0.00,59.0,74.0,74.0,45.0,60.0,1353,55.31,24743314502868
1232.0,3,31.98,62.0,68.0,68.0,47.0,64.0,1458,96.01,24994233686645
1237.0,0,0.00,56.0,70.0,70.0,43.0,58.0,1268,56.78,52248946480407
1237.0,1,0.00,55.0,68.0,68.0,42.0,56.0,1183,57.03,26121360212951
1237.0,2,0.00,58.0,74.0,74.0,45.0,60.0,1341,55.30,24743628632751
1237.0,3,17.61,64.0,66.0,66.0,48.0,65.0,1479,101.06,24994808701416
1243.0,0,0.00,56.0,70.0,70.0,43.0,58.0,1289,57.01,52249270307434
1243.0,1,0.00,55.0,68.0,68.0,42.0,56.0,1205,57.27,26121685483703
1243.0,2,0.00,59.0,74.0,74.0,45.0,60.0,1352,55.34,24743942939270
1243.0,3,5.02,66.0,68.0,68.0,49.0,66.0,1469,108.58,24995425411254
1248.0,0,0.00,56.0,70.0,70.0,43.0,58.0,1280,57.17,52249594434020
1248.0,1,0.00,55.0,68.0,68.0,42.0,56.0,1227,56.98,26122009127014
1249.0,2,0.00,59.0,74.0,74.0,45.0,60.0,1355,55.08,24744255803039
1249.0,3,26.28,65.0,70.0,70.0,49.0,66.0,1481,107.53,24996035115966
1254.0,0,0.00,56.0,70.0,70.0,43.0,59.0,1280,56.86,52249917420349
1254.0,1,0.00,55.0,68.0,68.0,42.0,56.0,1248,57.17,26122333267089
1254.0,2,0.00,58.0,74.0,74.0,44.0,60.0,1344,55.34,24744569555541
1254.0,3,17.44,67.0,70.0,70.0,49.0,67.0,1503,94.61,24996571572631
1260.0,0,0.00,56.0,70.0,70.0,43.0,58.0,1281,57.11,52250241231140
1260.0,1,0.00,55.0,68.0,68.0,42.0,56.0,1250,57.18,26122657483337
1260.0,2,0.00,58.0,74.0,74.0,44.0,61.0,1355,55.28,24744883001159
1260.0,3,38.93,65.0,70.0,70.0,49.0,67.0,1514,103.24,24997156971679
1265.0,0,0.00,56.0,70.0,70.0,43.0,58.0,1280,57.15,52250565281921
1265.0,1,0.00,55.0,68.0,68.0,42.0,56.0,1259,57.25,26122982083068
1266.0,2,0.00,58.0,74.0,74.0,45.0,60.0,1353,55.31,24745197178710
1266.0,3,60.60,65.0,68.0,68.0,49.0,66.0,1566,98.87,24997717561218
1271.0,0,0.00,57.0,70.0,70.0,43.0,58.0,1280,56.92,52250888027526
1271.0,1,0.00,55.0,68.0,68.0,42.0,56.0,1238,57.04,26123305501953
1271.0,2,0.00,58.0,74.0,74.0,44.0,60.0,1345,55.32,24745510286560
1271.0,3,0.00,64.0,70.0,70.0,48.0,64.0,1735,83.36,24998191063781
1277.0,0,0.00,56.0,70.0,70.0,43.0,58.0,1280,56.74,52251210304382
1277.0,1,0.00,55.0,68.0,68.0,42.0,56.0,1238,56.96,26123629054931
1277.0,2,0.00,58.0,74.0,74.0,44.0,60.0,1354,54.98,24745822569946
1277.0,3,0.00,63.0,70.0,70.0,48.0,64.0,1514,56.98,24998514155578
1282.0,0,0.00,57.0,70.0,70.0,43.0,58.0,1281,57.07,52251533905456
1282.0,1,0.00,55.0,68.0,68.0,42.0,56.0,1260,57.40,26123954534545
1283.0,2,0.00,58.0,74.0,74.0,44.0,60.0,1355,55.18,24746135425292
1283.0,3,0.00,63.0,70.0,70.0,47.0,64.0,1524,57.11,24998837945983
1288.0,0,0.00,57.0,70.0,70.0,43.0,59.0,1280,57.12,52251857767761
1288.0,1,0.00,55.0,68.0,68.0,42.0,56.0,1238,57.27,26124279282226
1288.0,2,0.00,59.0,74.0,74.0,44.0,60.0,1343,55.49,24746450076904
1288.0,3,70.50,65.0,68.0,68.0,49.0,66.0,1470,119.41,24999515010009
1294.0,0,0.00,56.0,70.0,70.0,43.0,58.0,1280,57.04,52252181171386
1294.0,1,0.00,55.0,68.0,68.0,42.0,56.0,1174,56.92,26124602595886
1294.0,2,0.00,58.0,74.0,74.0,44.0,60.0,1354,54.99,24746762417480
1294.0,3,96.12,66.0,72.0,72.0,50.0,68.0,1745,180.50,25000540248107
1299.0,0,0.00,57.0,70.0,70.0,43.0,58.0,1281,57.05,52252505239501
1299.0,1,0.00,55.0,68.0,68.0,42.0,56.0,1207,57.24,26124927127136
1300.0,2,0.00,58.0,74.0,74.0,44.0,60.0,1355,55.22,24747075497619
1300.0,3,49.41,65.0,66.0,66.0,49.0,66.0,2106,66.02,25000914558471
1305.0,0,0.00,57.0,70.0,70.0,43.0,58.0,1258,57.17,52252829397033
1305.0,1,0.00,55.0,68.0,68.0,42.0,56.0,1215,57.26,26125252343383
1305.0,2,0.00,58.0,74.0,74.0,44.0,60.0,1341,55.50,24747390725830
1305.0,3,62.60,65.0,68.0,66.0,48.0,65.0,1669,93.19,25001443904785
1311.0,0,0.00,57.0,70.0,70.0,43.0,58.0,1267,57.13,52253154452331
1311.0,1,0.00,55.0,68.0,68.0,42.0,56.0,1215,56.88,26125575403137
1311.0,2,0.00,58.0,74.0,74.0,44.0,60.0,1353,55.07,24747703523986
1311.0,3,0.00,63.0,66.0,66.0,48.0,64.0,1501,76.42,25001877983947
1316.0,0,0.00,57.0,70.0,70.0,43.0,59.0,1278,56.97,52253478018066
1316.0,1,0.00,55.0,68.0,68.0,42.0,56.0,1226,57.15,26125900010559
1317.0,2,0.00,58.0,74.0,74.0,44.0,60.0,1362,55.03,24748016068115
1317.0,3,0.00,63.0,66.0,66.0,47.0,64.0,1520,56.71,25002200684814
1322.0,0,0.00,57.0,70.0,70.0,43.0,59.0,1278,56.76,52253800407897
1322.0,1,0.00,55.0,68.0,68.0,42.0,56.0,1235,57.24,26126225160278
1322.0,2,0.00,58.0,74.0,74.0,44.0,60.0,1342,55.21,24748330193481
1322.0,3,0.00,62.0,66.0,66.0,47.0,64.0,1500,57.23,25002525727722
1328.0,0,0.00,57.0,70.0,70.0,43.0,59.0,1259,57.08,52254124626342
1328.0,1,0.00,55.0,68.0,68.0,42.0,56.0,1228,57.17,26126549887878
1328.0,2,0.00,58.0,74.0,74.0,44.0,60.0,1355,55.38,24748644174743
1328.0,3,44.68,64.0,68.0,66.0,48.0,64.0,1483,84.50,25003004817504
1333.0,0,0.00,57.0,70.0,70.0,43.0,59.0,1292,57.15,52254448111145
1333.0,1,0.00,55.0,68.0,68.0,42.0,56.0,1259,57.05,26126873349365
1334.0,2,0.00,58.0,74.0,74.0,44.0,60.0,1354,55.14,24748956830200
1334.0,3,70.68,63.0,66.0,66.0,48.0,65.0,1491,110.78,25003632926757
1339.0,0,0.00,57.0,70.0,70.0,43.0,58.0,1280,56.96,52254771628662
1339.0,1,0.00,55.0,68.0,68.0,42.0,56.0,1238,57.30,26127198214660
1339.0,2,0.00,58.0,74.0,74.0,44.0,60.0,1343,55.28,24749270824462
1339.0,3,0.00,62.0,66.0,66.0,47.0,64.0,1502,51.87,25003927523193
1345.0,0,0.00,56.0,70.0,70.0,43.0,59.0,1278,57.09,52255095872558
1345.0,1,0.00,55.0,68.0,68.0,42.0,56.0,1183,57.42,26127524343322
1345.0,2,0.00,58.0,74.0,74.0,44.0,60.0,1353,55.33,24749584563781
1345.0,3,0.00,61.0,66.0,66.0,47.0,63.0,1469,51.96,25004222632995
1350.0,0,0.00,57.0,70.0,70.0,43.0,58.0,1280,57.09,52255420142639
1351.0,1,0.00,55.0,68.0,68.0,42.0,56.0,1195,57.33,26127849957275
1351.0,2,0.00,58.0,74.0,74.0,44.0,60.0,1343,55.18,24749897987854
1351.0,3,1.52,60.0,62.0,62.0,46.0,62.0,1448,51.49,25004514605590
1356.0,0,0.00,57.0,70.0,70.0,43.0,58.0,1279,56.88,52255743202087
1356.0,1,0.00,55.0,68.0,68.0,42.0,56.0,1206,57.24,26128174512023
1356.0,2,0.00,58.0,74.0,74.0,44.0,60.0,1355,55.12,24750210540466
1356.0,3,0.00,60.0,62.0,62.0,46.0,62.0,1420,48.60,25004790175476
1362.0,0,0.00,57.0,70.0,70.0,43.0,58.0,1272,56.89,52256065177734
1362.0,1,0.00,55.0,68.0,68.0,42.0,56.0,1250,57.13,26128498449279
1362.0,2,0.00,58.0,74.0,74.0,44.0,60.0,1345,55.22,24750523666198
1362.0,3,1.01,60.0,64.0,64.0,46.0,62.0,1418,54.85,25005101182250
1367.0,0,0.00,57.0,70.0,70.0,43.0,58.0,1281,57.20,52256389484558
1368.0,1,0.00,55.0,68.0,68.0,42.0,56.0,1238,57.48,26128824367004
1368.0,2,0.00,58.0,74.0,74.0,44.0,60.0,1354,55.11,24750836688354
1368.0,3,0.50,59.0,64.0,64.0,45.0,61.0,1407,48.97,25005378847412
1373.0,0,0.00,57.0,70.0,70.0,43.0,59.0,1280,57.06,52256713031616
1373.0,1,0.00,55.0,68.0,68.0,42.0,56.0,1238,57.19,26129148638061
1373.0,2,0.00,58.0,74.0,74.0,44.0,60.0,1334,54.94,24751148217956
1374.0,3,0.50,59.0,64.0,64.0,45.0,61.0,1363,47.62,25005649350524
1379.0,0,0.00,57.0,70.0,70.0,43.0,59.0,1280,56.88,52257036117675
1379.0,1,0.00,55.0,60.0,60.0,42.0,56.0,1218,57.08,26129472845581
1379.0,2,0.00,58.0,74.0,74.0,44.0,60.0,1335,55.28,24751461079345
1379.0,3,0.00,59.0,64.0,64.0,45.0,61.0,1348,47.68,25005919231628
1384.0,0,0.00,57.0,70.0,70.0,43.0,58.0,1284,57.13,52257359487304
1385.0,1,0.00,55.0,60.0,60.0,42.0,56.0,1186,57.40,26129797731567
1385.0,2,0.00,58.0,74.0,74.0,44.0,60.0,1333,55.31,24751774715026
1385.0,3,5.32,61.0,64.0,64.0,46.0,62.0,1352,92.46,25006444408935
1390.0,0,0.00,57.0,70.0,70.0,43.0,59.0,1290,57.15,52257683501770
1390.0,1,0.00,55.0,60.0,60.0,42.0,56.0,1248,57.21,26130122673767
1390.0,2,0.00,58.0,74.0,74.0,44.0,60.0,1312,55.30,24752088798706
1391.0,3,9.87,60.0,64.0,64.0,46.0,61.0,1429,56.95,25006767317565
1396.0,0,0.00,57.0,70.0,70.0,43.0,58.0,1269,56.90,52258006713439
1396.0,1,0.00,55.0,60.0,60.0,42.0,56.0,1237,56.96,26130445644470
1396.0,2,0.00,58.0,74.0,74.0,44.0,60.0,1290,55.27,24752402174011
1396.0,3,3.56,60.0,64.0,64.0,46.0,61.0,1417,55.15,25007080000732
1401.0,0,0.00,57.0,70.0,70.0,43.0,58.0,1281,57.06,52258330228454
1402.0,1,0.00,55.0,60.0,60.0,42.0,56.0,1165,57.17,26130769775390
1402.0,2,0.00,58.0,74.0,74.0,44.0,60.0,1323,55.14,24752714824523
1402.0,3,13.68,61.0,66.0,68.0,46.0,63.0,1397,68.19,25007467301391
1407.0,0,0.00,57.0,70.0,70.0,43.0,58.0,1290,56.92,52258653542541
1407.0,1,0.00,55.0,60.0,60.0,42.0,56.0,1206,57.05,26131093825683
1407.0,2,0.00,58.0,74.0,74.0,44.0,60.0,1322,55.27,24753028751037
1408.0,3,99.14,66.0,70.0,70.0,49.0,67.0,1396,191.32,25008552084472
1413.0,0,0.00,57.0,70.0,70.0,43.0,59.0,1268,57.19,52258977825256
1413.0,1,0.00,55.0,60.0,60.0,42.0,56.0,1246,56.85,26131416719665
1413.0,2,0.00,58.0,74.0,74.0,44.0,60.0,1329,55.47,24753344352600
1413.0,3,0.00,65.0,68.0,70.0,49.0,65.0,1682,102.55,25009134580932
1418.0,0,0.00,56.0,64.0,64.0,43.0,58.0,1283,68.37,52259365457580
1419.0,1,0.00,55.0,64.0,64.0,42.0,57.0,1243,72.24,26131824889770
1419.0,2,0.00,59.0,68.0,68.0,44.0,60.0,1362,70.36,24753741159729
1419.0,3,0.00,63.0,70.0,70.0,47.0,64.0,1538,71.48,25009538436096
1424.0,0,0.00,56.0,64.0,64.0,43.0,58.0,1292,52.18,52259661301025
1424.0,1,0.00,55.0,64.0,64.0,42.0,56.0,1259,57.37,26132150777587
1424.0,2,0.00,58.0,68.0,68.0,44.0,60.0,1353,55.08,24754054035217
1425.0,3,0.00,62.0,70.0,70.0,47.0,63.0,1502,57.00,25009862196350
1430.0,0,0.00,56.0,64.0,64.0,43.0,58.0,1217,52.28,52259957751770
1430.0,1,0.00,55.0,64.0,64.0,42.0,56.0,1259,57.45,26132476531494
1430.0,2,0.00,58.0,68.0,68.0,44.0,60.0,1344,55.38,24754368023864
1430.0,3,0.00,62.0,70.0,70.0,47.0,63.0,1449,57.15,25010186220581
1435.0,0,,62.0,66.0,66.0,46.0,63.0,1248,161.09,52260871128417
1436.0,1,0.00,55.0,64.0,64.0,42.0,56.0,1247,56.76,26132798919128
1436.0,2,0.00,58.0,68.0,68.0,44.0,60.0,1352,55.14,24754681238586
1436.0,3,0.00,61.0,70.0,70.0,47.0,63.0,1447,56.72,25010508379882
1441.0,0,,66.0,68.0,68.0,49.0,65.0,1331,179.47,52261890538818
1441.0,1,0.00,55.0,64.0,64.0,42.0,56.0,1257,56.98,26133122539123
1441.0,2,0.00,58.0,68.0,68.0,44.0,60.0,1363,55.21,24754994859741
1442.0,3,0.00,61.0,70.0,70.0,46.0,62.0,1447,56.42,25010828836547
1447.0,0,100.00,65.0,70.0,72.0,49.0,67.0,1405,184.22,52262936890258
1447.0,1,0.00,55.0,64.0,64.0,42.0,56.0,1237,56.97,26133446102966
1447.0,2,0.00,58.0,68.0,68.0,44.0,60.0,1342,55.45,24755309818664
1447.0,3,0.00,61.0,70.0,70.0,46.0,62.0,1426,56.34,25011149387023
1452.0,0,99.27,66.0,72.0,72.0,50.0,68.0,1500,184.13,52263984572448
1453.0,1,0.00,55.0,64.0,64.0,42.0,56.0,1204,57.18,26133770857666
1453.0,2,0.00,58.0,68.0,68.0,44.0,60.0,1352,55.49,24755625027893
1453.0,3,0.00,60.0,70.0,70.0,46.0,62.0,1426,56.56,25011470622314
1458.0,0,,67.0,74.0,74.0,51.0,69.0,1806,182.41,52265020637023
1458.0,1,0.00,55.0,64.0,64.0,42.0,56.0,1205,56.94,26134094261230
1458.0,2,0.00,58.0,68.0,68.0,44.0,60.0,1352,55.12,24755938658081
1459.0,3,0.00,61.0,70.0,70.0,46.0,61.0,1426,56.21,25011789890502
1464.0,0,99.99,68.0,76.0,76.0,51.0,70.0,1976,185.92,52266076671630
1464.0,1,0.00,55.0,64.0,64.0,42.0,56.0,1247,56.97,26134417877929
1464.0,2,0.00,58.0,68.0,68.0,44.0,59.0,1300,55.46,24756253101806
1464.0,3,0.00,60.0,70.0,70.0,46.0,62.0,1416,56.33,25012109820434
1470.0,0,100.00,69.0,78.0,78.0,51.0,70.0,2134,183.23,52267117427429
1470.0,1,0.00,55.0,64.0,64.0,42.0,56.0,1247,57.02,26134742310546
1470.0,2,0.00,58.0,68.0,68.0,44.0,60.0,1311,55.49,24756568283325
1470.0,3,0.00,60.0,70.0,70.0,46.0,62.0,1427,56.59,25012430659362
1475.0,0,,69.0,78.0,78.0,51.0,70.0,2285,186.13,52268172792785
1475.0,1,0.00,55.0,64.0,64.0,42.0,56.0,1258,56.85,26135064646606
1476.0,2,0.00,58.0,66.0,66.0,44.0,60.0,1352,55.18,24756881678710
1476.0,3,0.00,60.0,70.0,70.0,46.0,61.0,1427,56.32,25012751144470
1481.0,0,99.54,70.0,76.0,76.0,52.0,71.0,2293,185.73,52269227727172
1481.0,1,0.00,55.0,64.0,64.0,42.0,56.0,1237,56.71,26135386736328
1481.0,2,0.00,58.0,66.0,66.0,44.0,60.0,1343,55.11,24757194719116
1481.0,3,0.00,60.0,70.0,70.0,46.0,61.0,1417,56.24,25013070041442
1487.0,0,,68.0,80.0,80.0,52.0,70.0,2292,181.96,52270263087280
1487.0,1,0.00,55.0,64.0,64.0,42.0,56.0,1215,57.00,26135710511413
1487.0,2,0.00,58.0,66.0,66.0,44.0,60.0,1353,55.36,24757509181518
1487.0,3,0.00,60.0,70.0,70.0,45.0,61.0,1427,56.34,25013390066284
1492.0,0,,69.0,80.0,80.0,52.0,70.0,2293,185.89,52271317079345
1492.0,1,0.00,55.0,64.0,64.0,42.0,56.0,1258,57.05,26136034567321
1493.0,2,0.00,58.0,66.0,66.0,44.0,60.0,1353,55.35,24757823558410
1493.0,3,0.00,60.0,70.0,70.0,45.0,61.0,1426,56.38,25013710299316
1498.0,0,100.00,69.0,80.0,80.0,52.0,70.0,2378,182.93,52272356098754
1498.0,1,0.00,55.0,64.0,64.0,42.0,56.0,1236,56.79,26136357157836
1498.0,2,0.00,58.0,66.0,66.0,44.0,60.0,1342,55.22,24758137199584
1498.0,3,0.00,60.0,70.0,70.0,46.0,61.0,1417,56.03,25014028525451
1504.0,0,,69.0,80.0,80.0,52.0,71.0,2326,185.82,52273411554870
1504.0,1,0.00,55.0,64.0,64.0,42.0,56.0,1195,56.98,26136680221923
1504.0,2,0.00,58.0,66.0,66.0,44.0,60.0,1354,55.47,24758451718322
1504.0,3,0.00,60.0,70.0,70.0,45.0,61.0,1416,56.31,25014348358642
1509.0,0,,69.0,82.0,82.0,52.0,70.0,2451,183.10,52274451547485
1509.0,1,0.00,55.0,64.0,64.0,42.0,56.0,1205,57.14,26137004760864
1510.0,2,0.00,58.0,66.0,66.0,44.0,59.0,1353,55.39,24758766340576
1510.0,3,0.00,60.0,70.0,70.0,45.0,61.0,1427,56.40,25014668735107
1515.0,0,,69.0,82.0,82.0,52.0,71.0,2484,186.17,52275508973205
1515.0,1,0.00,55.0,64.0,64.0,42.0,56.0,1205,56.78,26137327244323
1515.0,2,0.00,58.0,66.0,66.0,44.0,60.0,1343,55.10,24759079302185
1515.0,3,0.00,60.0,70.0,70.0,46.0,61.0,1417,56.44,25014988737548
1521.0,0,99.32,69.0,82.0,82.0,52.0,71.0,2483,186.29,52276565257141
1521.0,1,0.00,55.0,64.0,64.0,42.0,56.0,1184,56.69,26137649221008
1521.0,2,0.00,58.0,66.0,66.0,44.0,60.0,1354,55.19,24759392806518
1521.0,3,0.00,60.0,70.0,70.0,46.0,61.0,1418,56.13,25015306991210
1526.0,0,,69.0,82.0,82.0,52.0,71.0,2464,182.96,52277604449279
1526.0,1,0.00,55.0,64.0,64.0,42.0,56.0,1237,57.11,26137973047668
1527.0,2,0.00,58.0,66.0,66.0,44.0,60.0,1353,55.35,24759707200012
1527.0,3,0.00,60.0,70.0,70.0,46.0,61.0,1426,56.23,25015626950012
1532.0,0,100.00,69.0,82.0,82.0,52.0,71.0,2481,186.56,52278664106201
1532.0,1,0.00,55.0,64.0,64.0,42.0,56.0,1257,56.96,26138297153320
1532.0,2,0.00,58.0,66.0,66.0,44.0,60.0,1342,55.31,24760021334289
1532.0,3,0.00,60.0,70.0,70.0,45.0,61.0,1405,56.36,25015947052124
1538.0,0,,69.0,80.0,80.0,52.0,71.0,2496,186.54,52279723652832
1538.0,1,0.00,55.0,64.0,64.0,42.0,56.0,1237,56.85,26138619489074
1538.0,2,0.00,58.0,66.0,66.0,44.0,60.0,1331,55.19,24760334829162
1538.0,3,0.00,60.0,70.0,70.0,45.0,61.0,1427,56.11,25016265738159
1543.0,0,99.99,69.0,82.0,82.0,52.0,71.0,2485,182.77,52280761761291
1543.0,1,0.00,55.0,64.0,64.0,42.0,56.0,1206,56.91,26138942735961
1544.0,2,0.00,58.0,66.0,66.0,44.0,60.0,1354,55.33,24760648525024
1544.0,3,0.00,60.0,70.0,70.0,46.0,61.0,1428,56.30,25016584960205
1549.0,0,,69.0,82.0,82.0,52.0,71.0,2486,186.43,52281818793640
1549.0,1,0.00,55.0,64.0,64.0,42.0,56.0,1206,57.15,26139266757080
1549.0,2,0.00,58.0,66.0,66.0,44.0,59.0,1343,55.38,24760962533447
1549.0,3,0.00,60.0,70.0,70.0,45.0,61.0,1417,56.28,25016904658569
1555.0,0,,69.0,82.0,82.0,52.0,71.0,2495,183.14,52282859042114
1555.0,1,0.00,55.0,64.0,64.0,42.0,56.0,1217,57.09,26139591014648
1555.0,2,0.00,58.0,66.0,66.0,44.0,59.0,1343,55.47,24761277623657
1555.0,3,0.00,60.0,70.0,70.0,45.0,61.0,1418,56.46,25017224800659
1560.0,0,,69.0,82.0,82.0,52.0,70.0,2486,186.20,52283914823974
1561.0,1,0.00,55.0,64.0,64.0,42.0,56.0,1258,56.94,26139913866577
1561.0,2,0.00,58.0,66.0,66.0,44.0,60.0,1354,55.17,24761590991882
1561.0,3,0.00,60.0,70.0,70.0,46.0,61.0,1406,56.04,25017543091308
1566.0,0,99.99,69.0,82.0,82.0,52.0,70.0,2494,183.24,52284955619384
1566.0,1,0.00,55.0,64.0,64.0,42.0,56.0,1236,56.90,26140237033081
1566.0,2,0.00,58.0,66.0,66.0,44.0,60.0,1340,55.29,24761905019897
1567.0,3,0.00,60.0,70.0,70.0,46.0,61.0,1351,56.23,25017863059326
1572.0,0,,70.0,82.0,82.0,52.0,71.0,2489,186.09,52286014466125
1572.0,1,0.00,55.0,64.0,64.0,42.0,56.0,1192,56.99,26140561298583
1572.0,2,0.00,58.0,66.0,66.0,44.0,60.0,1299,55.34,24762219928466
1572.0,3,0.00,60.0,70.0,70.0,46.0,61.0,1416,56.47,25018183245666
1577.0,0,99.99,69.0,82.0,82.0,52.0,70.0,2486,183.22,52287053317016
1578.0,1,0.00,55.0,64.0,64.0,42.0,56.0,1196,56.67,26140883169555
1578.0,2,0.00,58.0,66.0,66.0,44.0,59.0,1323,55.19,24762532855712
1578.0,3,0.00,60.0,70.0,70.0,45.0,61.0,1427,56.36,25018503378417
1583.0,0,,69.0,82.0,82.0,52.0,71.0,2483,186.48,52288112529541
1583.0,1,0.00,55.0,64.0,64.0,42.0,56.0,1247,56.97,26141206745239
1583.0,2,0.00,58.0,66.0,66.0,44.0,59.0,1331,55.17,24762846208740
1584.0,3,0.00,60.0,70.0,70.0,46.0,61.0,1428,56.11,25018822070251
1589.0,0,,72.0,80.0,80.0,52.0,71.0,2484,185.35,52289165315795
1589.0,1,0.00,55.0,64.0,64.0,42.0,56.0,1216,57.10,26141530496520
1589.0,2,0.00,58.0,66.0,66.0,44.0,59.0,1332,55.46,24763160689758
1589.0,3,0.00,60.0,70.0,70.0,45.0,61.0,1416,56.30,25019141867614
1594.0,0,,69.0,82.0,82.0,52.0,71.0,2493,184.27,52290211969787
1595.0,1,0.00,55.0,64.0,64.0,42.0,56.0,1215,57.16,26141855170166
1595.0,2,0.00,58.0,66.0,66.0,44.0,59.0,1363,55.41,24763475953735
1595.0,3,0.00,60.0,70.0,70.0,45.0,61.0,1427,56.39,25019462145507
1600.0,0,44.61,66.0,84.0,84.0,50.0,68.0,2486,159.77,52291117844604
1600.0,1,0.00,55.0,64.0,64.0,42.0,56.0,1207,56.92,26142178448486
1600.0,2,0.00,58.0,66.0,66.0,44.0,59.0,1355,55.24,24763789171875
1601.0,3,0.00,60.0,70.0,70.0,45.0,61.0,1428,56.09,25019780169860
1606.0,0,0.00,65.0,84.0,84.0,49.0,66.0,2135,59.58,52291456245910
1606.0,1,0.00,55.0,64.0,64.0,42.0,56.0,1205,57.18,26142502636718
1606.0,2,0.00,58.0,66.0,66.0,44.0,59.0,1342,55.17,24764102009338
1606.0,3,0.00,60.0,70.0,70.0,45.0,61.0,1408,56.10,25020098283447
1611.0,0,0.00,69.0,70.0,70.0,50.0,68.0,1696,61.77,52291806500488
1612.0,1,0.00,55.0,64.0,64.0,42.0,56.0,1198,57.41,26142828133544
1612.0,2,0.00,58.0,66.0,66.0,44.0,59.0,1324,55.36,24764415876831
1612.0,3,0.00,60.0,70.0,70.0,45.0,61.0,1376,56.32,25020417646118
1617.0,0,,68.0,78.0,78.0,51.0,69.0,1627,185.61,52292858905151
1617.0,1,0.00,55.0,64.0,64.0,42.0,56.0,1247,56.86,26143151110046
1617.0,2,0.00,58.0,66.0,66.0,44.0,59.0,1310,55.11,24764728900390
1618.0,3,0.00,60.0,70.0,70.0,45.0,61.0,1373,56.22,25020737561462
1623.0,0,98.19,69.0,78.0,78.0,52.0,70.0,2007,185.46,52293914160766
1623.0,1,0.00,55.0,64.0,64.0,42.0,56.0,1256,56.89,26143474254699
1623.0,2,0.00,58.0,66.0,66.0,44.0,59.0,1278,55.23,24765042609191
1623.0,3,0.00,60.0,70.0,70.0,45.0,61.0,1363,56.04,25021055852600
1629.0,0,,69.0,80.0,80.0,52.0,71.0,2250,182.88,52294952916320
1629.0,1,0.00,55.0,64.0,64.0,42.0,56.0,1195,57.04,26143798266723
1629.0,2,0.00,58.0,66.0,66.0,44.0,60.0,1311,55.42,24765357389831
1629.0,3,0.00,60.0,70.0,70.0,45.0,61.0,1373,56.30,25021375646606
1634.0,0,99.79,69.0,80.0,80.0,52.0,70.0,2389,185.98,52296009307312
1634.0,1,0.00,55.0,64.0,64.0,42.0,56.0,1195,57.17,26144122989257
1634.0,2,0.00,58.0,66.0,66.0,44.0,60.0,1354,55.45,24765672363525
1635.0,3,0.00,60.0,70.0,70.0,45.0,61.0,1375,56.45,25021695694580
1640.0,0,,69.0,82.0,82.0,52.0,71.0,2463,183.42,52297049275390
1640.0,1,0.00,55.0,64.0,64.0,42.0,56.0,1205,56.76,26144445395935
1640.0,2,0.00,58.0,66.0,66.0,44.0,60.0,1300,55.14,24765985558288
1640.0,3,0.00,60.0,70.0,70.0,45.0,61.0,1363,56.09,25022014280395
1646.0,0,,69.0,82.0,82.0,52.0,71.0,2492,186.22,52298108838745
1646.0,1,0.00,55.0,64.0,64.0,42.0,56.0,1194,56.95,26144768862609
1646.0,2,0.00,58.0,66.0,66.0,44.0,59.0,1341,55.33,24766299811462
1646.0,3,0.00,60.0,70.0,70.0,45.0,61.0,1373,56.10,25022333463989
1651.0,0,,69.0,82.0,82.0,52.0,70.0,2493,183.24,52299149634887
1651.0,1,0.00,55.0,64.0,64.0,42.0,56.0,1246,57.08,26145093086669
1652.0,2,0.00,58.0,66.0,66.0,44.0,60.0,1362,55.29,24766614423217
1652.0,3,0.00,60.0,70.0,70.0,45.0,61.0,1373,56.39,25022653750915
1657.0,0,,69.0,82.0,82.0,52.0,71.0,2483,186.37,52300208220153
1657.0,1,0.00,55.0,64.0,64.0,42.0,56.0,1257,56.69,26145415671325
1657.0,2,0.00,58.0,66.0,66.0,44.0,59.0,1342,55.16,24766927718872
1657.0,3,0.00,60.0,70.0,70.0,45.0,61.0,1373,56.32,25022973621093
1663.0,0,99.43,69.0,82.0,82.0,52.0,71.0,2493,186.25,52301266126770
1663.0,1,0.00,55.0,64.0,64.0,42.0,56.0,1205,56.85,26145738032897
1663.0,2,0.00,58.0,66.0,66.0,44.0,59.0,1321,55.18,24767241130432
1663.0,3,0.00,60.0,70.0,70.0,46.0,61.0,1416,56.11,25023292347961
1668.0,0,,69.0,82.0,82.0,52.0,70.0,2483,183.28,52302307179992
1668.0,1,0.00,55.0,64.0,64.0,42.0,56.0,1204,57.09,26146062308776
1669.0,2,0.00,58.0,66.0,66.0,44.0,60.0,1311,55.41,24767555875488
1669.0,3,0.00,60.0,70.0,70.0,45.0,61.0,1428,56.27,25023611988647
1674.0,0,,70.0,82.0,82.0,52.0,71.0,2484,186.30,52303365377746
1674.0,1,0.00,55.0,64.0,64.0,42.0,56.0,1206,57.06,26146386387695
1674.0,2,0.00,58.0,66.0,66.0,44.0,59.0,1312,55.37,24767869825195
1674.0,3,0.00,60.0,70.0,70.0,46.0,61.0,1365,56.41,25023931819885
1680.0,0,100.00,69.0,82.0,82.0,52.0,71.0,2486,183.58,52304406265197
1680.0,1,0.00,55.0,64.0,64.0,42.0,56.0,1196,56.85,26146708710693
1680.0,2,0.00,58.0,66.0,66.0,44.0,59.0,1301,55.22,24768182916381
1680.0,3,0.00,60.0,70.0,70.0,45.0,61.0,1407,56.08,25024250343139
1685.0,0,99.98,69.0,82.0,84.0,52.0,71.0,2485,186.46,52305465330322
1685.0,1,0.00,55.0,64.0,64.0,42.0,56.0,1247,56.97,26147032304138
1686.0,2,0.00,58.0,66.0,66.0,44.0,59.0,1321,55.38,24768497463073
1686.0,3,0.00,60.0,70.0,70.0,45.0,61.0,1374,56.28,25024569452758
1691.0,0,99.30,69.0,82.0,82.0,52.0,71.0,2485,186.40,52306522224670
1691.0,1,0.00,55.0,64.0,64.0,42.0,56.0,1216,57.04,26147355707153
1691.0,2,0.00,58.0,66.0,66.0,44.0,59.0,1344,55.23,24768811178283
1691.0,3,0.00,60.0,70.0,70.0,46.0,61.0,1406,56.20,25024888661254
1697.0,0,,70.0,84.0,82.0,52.0,71.0,2484,183.28,52307563265930
1697.0,1,0.00,55.0,62.0,62.0,42.0,56.0,1195,57.08,26147679930725
1697.0,2,0.00,58.0,66.0,66.0,44.0,59.0,1353,55.44,24769126090087
1697.0,3,0.00,60.0,70.0,70.0,45.0,61.0,1427,56.35,25025208717895
1702.0,0,,69.0,82.0,82.0,52.0,71.0,2484,186.31,52308621510986
1702.0,1,0.00,55.0,62.0,62.0,42.0,56.0,1206,56.82,26148002648620
1703.0,2,0.00,58.0,66.0,66.0,44.0,60.0,1354,55.36,24769439989379
1703.0,3,0.00,60.0,70.0,70.0,45.0,61.0,1428,56.14,25025527011840
1708.0,0,99.98,69.0,82.0,82.0,52.0,71.0,2495,183.50,52309661935974
1708.0,1,0.00,55.0,62.0,62.0,42.0,56.0,1249,57.04,26148326084716
1708.0,2,0.00,58.0,64.0,64.0,44.0,60.0,1344,55.35,24769753800292
1708.0,3,0.00,60.0,70.0,70.0,45.0,61.0,1418,56.27,25025846073974
1714.0,0,,69.0,84.0,84.0,52.0,71.0,2486,186.72,52310720652343
1714.0,1,0.00,55.0,62.0,62.0,42.0,56.0,1206,57.00,26148649845397
1714.0,2,0.00,58.0,64.0,64.0,44.0,60.0,1321,55.33,24770068062316
1714.0,3,0.00,60.0,70.0,70.0,45.0,61.0,1384,56.33,25026166038635
1719.0,0,,69.0,84.0,82.0,52.0,71.0,2484,186.41,52311779446105
1720.0,1,0.00,55.0,62.0,62.0,42.0,56.0,1204,56.87,26148972849426
1720.0,2,0.00,58.0,64.0,64.0,44.0,60.0,1321,55.19,24770381537292
1720.0,3,0.00,60.0,70.0,70.0,45.0,61.0,1364,56.45,25026486691284
1725.0,0,99.99,69.0,82.0,84.0,52.0,71.0,2482,183.50,52312821728454
1725.0,1,0.00,55.0,62.0,62.0,42.0,56.0,1248,56.98,26149295902343
1725.0,2,0.00,58.0,64.0,64.0,44.0,60.0,1342,55.20,24770695088073
1725.0,3,0.00,60.0,70.0,70.0,45.0,61.0,1416,56.13,25026805521606
1731.0,0,,69.0,84.0,84.0,52.0,71.0,2493,186.47,52313880855957
1731.0,1,0.00,55.0,62.0,62.0,42.0,56.0,1246,56.91,26149619736999
1731.0,2,0.00,58.0,64.0,64.0,44.0,60.0,1352,55.26,24771008955871
1731.0,3,0.00,60.0,70.0,70.0,45.0,61.0,1384,56.24,25027124983337
1736.0,0,,69.0,84.0,84.0,52.0,71.0,2494,183.31,52314922066345
1737.0,1,0.00,55.0,62.0,62.0,42.0,56.0,1205,57.15,26149943786315
1737.0,2,0.00,58.0,64.0,64.0,44.0,60.0,1353,55.40,24771323623352
1737.0,3,0.00,60.0,70.0,70.0,46.0,61.0,1406,56.32,25027444906433
1742.0,0,,70.0,84.0,84.0,52.0,71.0,2485,186.40,52315980795349
1742.0,1,0.00,55.0,62.0,62.0,42.0,56.0,1206,56.77,26150266256835
1742.0,2,0.00,58.0,64.0,64.0,44.0,60.0,1343,55.23,24771636780090
1743.0,3,0.00,60.0,70.0,70.0,45.0,61.0,1418,56.09,25027762918395
1748.0,0,99.99,69.0,84.0,84.0,52.0,71.0,2494,183.56,52317021599853
1748.0,1,0.00,55.0,62.0,62.0,42.0,56.0,1205,56.84,26150589124084
1748.0,2,0.00,58.0,64.0,64.0,44.0,60.0,1353,55.17,24771950130859
1748.0,3,0.00,60.0,70.0,70.0,45.0,61.0,1427,56.07,25028081406311
1753.0,0,99.99,69.0,84.0,84.0,52.0,71.0,2484,186.71,52318082087707
1754.0,1,0.00,55.0,62.0,62.0,42.0,56.0,1184,57.15,26150913717529
1754.0,2,0.00,58.0,64.0,64.0,44.0,60.0,1353,55.50,24772265373779
1754.0,3,0.00,60.0,70.0,70.0,45.0,61.0,1427,56.40,25028401777282
1759.0,0,,72.0,80.0,80.0,53.0,71.0,2485,185.96,52319138365356
1759.0,1,0.00,55.0,62.0,62.0,42.0,56.0,1206,56.92,26151236429931
1759.0,2,0.00,58.0,64.0,64.0,44.0,60.0,1333,55.21,24772578410949
1760.0,3,0.00,60.0,70.0,70.0,45.0,61.0,1397,56.42,25028721687683
1765.0,0,,69.0,84.0,84.0,52.0,71.0,2485,184.14,52320182449340
1765.0,1,0.00,55.0,62.0,62.0,42.0,56.0,1206,56.80,26151559077819
1765.0,2,0.00,58.0,64.0,64.0,44.0,60.0,1333,55.19,24772891351745
1765.0,3,0.00,60.0,70.0,70.0,45.0,61.0,1333,56.06,25029040124023
1770.0,0,,69.0,82.0,82.0,52.0,71.0,2485,186.38,52321241072631
1771.0,1,0.00,55.0,62.0,62.0,42.0,56.0,1195,57.12,26151882976501
1771.0,2,0.00,58.0,64.0,64.0,44.0,60.0,1332,55.25,24773205193481
1771.0,3,0.00,60.0,70.0,70.0,46.0,61.0,1374,56.31,25029359977783
1776.0,0,100.00,69.0,84.0,84.0,52.0,71.0,2486,183.58,52322281962951
1776.0,1,0.00,55.0,62.0,62.0,42.0,56.0,1206,57.13,26152206913452
1776.0,2,0.00,58.0,64.0,64.0,44.0,59.0,1323,55.38,24773519777587
1777.0,3,0.00,60.0,70.0,70.0,45.0,61.0,1376,56.37,25029679597045
1782.0,0,0.00,66.0,84.0,84.0,50.0,68.0,2476,125.95,52322996120422
1782.0,1,0.00,55.0,62.0,62.0,42.0,56.0,1239,56.98,26152530008056
1782.0,2,0.00,58.0,64.0,64.0,44.0,60.0,1334,55.21,24773832288391
1782.0,3,0.00,60.0,70.0,70.0,46.0,61.0,1409,56.25,25029997990783
1787.0,0,0.00,64.0,84.0,84.0,49.0,66.0,2138,59.85,52323335478149
1788.0,1,0.00,55.0,62.0,62.0,42.0,56.0,1250,57.19,26152854278503
1788.0,2,0.00,58.0,64.0,64.0,44.0,60.0,1355,55.16,24774145062805
1788.0,3,0.00,60.0,70.0,70.0,45.0,61.0,1408,56.14,25030316331970
1793.0,0,76.69,67.0,76.0,76.0,50.0,68.0,1578,92.80,52323861653320
1793.0,1,0.00,55.0,62.0,62.0,42.0,56.0,1228,57.31,26153179218505
1793.0,2,0.00,58.0,64.0,64.0,44.0,60.0,1313,55.31,24774458680541
1794.0,3,0.00,60.0,70.0,70.0,45.0,61.0,1408,56.37,25030635947021
1799.0,0,99.99,68.0,78.0,78.0,51.0,69.0,1758,182.84,52324898375976
1799.0,1,0.00,55.0,62.0,62.0,42.0,56.0,1218,57.13,26153503129882
1799.0,2,0.00,58.0,64.0,64.0,44.0,59.0,1303,55.37,24774772627624
1799.0,3,0.00,60.0,70.0,70.0,45.0,61.0,1366,56.31,25030955205444
1804.0,0,,69.0,80.0,80.0,52.0,70.0,2095,185.76,52325951638854
1805.0,1,0.00,55.0,62.0,62.0,42.0,56.0,1217,56.93,26153825928710
1805.0,2,0.00,58.0,64.0,64.0,44.0,59.0,1333,55.15,24775085321594
1805.0,3,0.00,60.0,70.0,70.0,45.0,61.0,1375,56.06,25031273601074
1810.0,0,,69.0,80.0,80.0,52.0,71.0,2274,182.71,52326989444580
1810.0,1,0.00,55.0,62.0,62.0,42.0,56.0,1248,56.97,26154149504394
1810.0,2,0.00,58.0,64.0,64.0,44.0,60.0,1332,55.27,24775399276916
1811.0,3,0.00,60.0,70.0,70.0,45.0,61.0,1376,56.32,25031592912780
1816.0,0,,69.0,80.0,82.0,52.0,71.0,2382,186.21,52328045230102
1816.0,1,0.00,55.0,62.0,62.0,42.0,56.0,1238,57.07,26154473072570
1816.0,2,0.00,58.0,64.0,64.0,44.0,60.0,1334,55.33,24775713004516
1816.0,3,0.00,60.0,70.0,70.0,45.0,61.0,1364,56.36,25031912457031
1821.0,0,,70.0,82.0,82.0,52.0,71.0,2473,183.52,52329085804626
1822.0,1,0.00,55.0,62.0,62.0,42.0,56.0,1163,56.72,26154795225585
1822.0,2,0.00,58.0,64.0,64.0,44.0,59.0,1332,55.02,24776025506713
1822.0,3,0.00,60.0,70.0,70.0,45.0,61.0,1374,56.30,25032232248718
1827.0,0,,69.0,82.0,82.0,52.0,71.0,2485,186.46,52330144894653
1827.0,1,0.00,55.0,62.0,62.0,42.0,56.0,1216,57.02,26155118512817
1827.0,2,0.00,58.0,64.0,64.0,44.0,60.0,1321,55.22,24776339136108
1828.0,3,0.00,60.0,70.0,70.0,45.0,61.0,1384,56.17,25032551317626
1833.0,0,99.99,69.0,80.0,80.0,52.0,71.0,2484,186.69,52331205269714
1833.0,1,0.00,55.0,62.0,62.0,42.0,56.0,1206,56.87,26155441539001
1833.0,2,0.00,58.0,64.0,64.0,44.0,60.0,1291,55.40,24776653241455
1833.0,3,0.00,60.0,70.0,70.0,45.0,61.0,1365,56.16,25032869766540
1839.0,0,99.99,69.0,82.0,82.0,52.0,71.0,2485,183.30,52332244600830
1839.0,1,0.00,55.0,62.0,62.0,42.0,56.0,1195,57.20,26155765857604
1839.0,2,0.00,58.0,64.0,64.0,44.0,60.0,1354,55.35,24776967060668
1839.0,3,0.00,60.0,70.0,70.0,45.0,61.0,1376,56.36,25033189870849
1844.0,0,,69.0,82.0,82.0,52.0,71.0,2487,186.36,52333301285278
1844.0,1,0.00,55.0,62.0,62.0,42.0,56.0,1249,56.82,26156088622863
1844.0,2,0.00,58.0,64.0,64.0,44.0,60.0,1354,55.17,24777280400207
1845.0,3,0.00,60.0,70.0,70.0,46.0,61.0,1376,56.17,25033508361389
1850.0,0,,69.0,82.0,82.0,52.0,71.0,2485,183.15,52334341583679
1850.0,1,0.00,55.0,62.0,62.0,42.0,56.0,1238,56.96,26156411612182
1850.0,2,0.00,58.0,64.0,64.0,44.0,60.0,1343,55.41,24777594582092
1850.0,3,0.00,60.0,70.0,70.0,45.0,61.0,1363,56.14,25033827256469
1856.0,0,,69.0,82.0,82.0,52.0,71.0,2484,186.40,52335400341552
1856.0,1,0.00,55.0,62.0,62.0,42.0,56.0,1205,57.03,26156735529602
1856.0,2,0.00,58.0,64.0,64.0,44.0,60.0,1354,55.29,24777908614196
1856.0,3,0.00,60.0,70.0,70.0,46.0,61.0,1376,56.31,25034146559082
1861.0,0,,70.0,82.0,84.0,52.0,71.0,2485,183.54,52336440986999
1861.0,1,0.00,55.0,62.0,62.0,42.0,56.0,1237,57.20,26157059855407
1862.0,2,0.00,58.0,64.0,64.0,44.0,60.0,1332,55.34,24778222967956
1862.0,3,0.00,60.0,70.0,70.0,45.0,61.0,1416,56.37,25034466721801
1867.0,0,,69.0,84.0,82.0,52.0,71.0,2495,186.55,52337500617736
1867.0,1,0.00,55.0,62.0,62.0,42.0,56.0,1206,56.81,26157382512268
1867.0,2,0.00,58.0,64.0,64.0,44.0,60.0,1290,55.37,24778536943847
1867.0,3,0.00,60.0,70.0,70.0,45.0,61.0,1417,56.01,25034784881347
1873.0,0,100.00,70.0,82.0,82.0,52.0,71.0,2484,186.28,52338558661499
1873.0,1,0.00,55.0,62.0,62.0,42.0,56.0,1195,56.91,26157705758361
1873.0,2,0.00,58.0,64.0,64.0,44.0,59.0,1332,55.16,24778850268859
1873.0,3,0.00,60.0,70.0,70.0,45.0,61.0,1396,56.18,25035103448913
1878.0,0,99.99,69.0,84.0,84.0,52.0,71.0,2486,183.62,52339599760009
1878.0,1,0.00,55.0,62.0,62.0,42.0,56.0,1248,57.22,26158030177612
1879.0,2,0.00,58.0,64.0,64.0,44.0,60.0,1311,55.48,24779164821411
1879.0,3,0.00,60.0,70.0,70.0,45.0,61.0,1416,56.44,25035424038269
1884.0,0,,69.0,82.0,82.0,52.0,71.0,2484,186.64,52340658034057
1884.0,1,0.00,55.0,62.0,62.0,42.0,56.0,1185,56.71,26158352312133
1884.0,2,0.00,58.0,64.0,64.0,44.0,60.0,1344,55.14,24779478029479
1884.0,3,0.00,60.0,70.0,70.0,46.0,61.0,1418,56.43,25035744014831
1890.0,0,99.99,69.0,82.0,82.0,53.0,71.0,2488,186.21,52341715734375
1890.0,1,0.00,55.0,62.0,62.0,42.0,56.0,1186,56.89,26158674895446
1890.0,2,0.00,58.0,64.0,64.0,44.0,59.0,1355,55.26,24779791367004
1890.0,3,0.00,60.0,70.0,70.0,45.0,61.0,1397,56.14,25036062335815
1895.0,0,100.00,69.0,84.0,84.0,52.0,71.0,2487,183.73,52342755632873
1895.0,1,0.00,55.0,62.0,62.0,42.0,56.0,1207,57.06,26158998441894
1896.0,2,0.00,58.0,64.0,64.0,44.0,59.0,1334,55.26,24780104705139
1896.0,3,0.00,60.0,70.0,70.0,46.0,61.0,1418,56.42,25036382218322
1901.0,0,,69.0,84.0,84.0,52.0,71.0,2484,186.32,52343813902954
1901.0,1,0.00,55.0,62.0,62.0,42.0,56.0,1247,57.16,26159322557495
1901.0,2,0.00,58.0,64.0,64.0,44.0,59.0,1332,55.56,24780419742431
1901.0,3,0.00,60.0,70.0,70.0,46.0,61.0,1385,56.30,25036702026367
1907.0,0,,69.0,84.0,84.0,52.0,71.0,2497,183.30,52344855032226
1907.0,1,0.00,55.0,62.0,62.0,42.0,56.0,1238,56.64,26159644268127
1907.0,2,0.00,58.0,64.0,64.0,44.0,60.0,1312,55.09,24780732638244
1907.0,3,0.00,60.0,70.0,70.0,46.0,61.0,1417,55.97,25037019368225
1912.0,0,,69.0,82.0,84.0,53.0,71.0,2483,186.86,52345914517089
1912.0,1,0.00,55.0,62.0,62.0,42.0,56.0,1247,56.97,26159967867980
1913.0,2,0.00,58.0,64.0,64.0,44.0,60.0,1300,55.19,24781046098205
1913.0,3,0.00,60.0,70.0,70.0,45.0,61.0,1427,56.24,25037338809448
1918.0,0,,70.0,84.0,84.0,52.0,71.0,2486,183.07,52346954368652
1918.0,1,0.00,55.0,62.0,62.0,42.0,56.0,1217,57.06,26160291410278
1918.0,2,0.00,58.0,64.0,64.0,45.0,60.0,1301,55.43,24781360385131
1918.0,3,0.00,60.0,70.0,70.0,45.0,61.0,1417,56.36,25037658380737
1924.0,0,,69.0,84.0,84.0,52.0,71.0,2493,186.71,52348014853820
1924.0,1,0.00,55.0,62.0,62.0,42.0,56.0,1194,56.79,26160613974487
1924.0,2,0.00,58.0,64.0,64.0,44.0,60.0,1352,55.17,24781673767150
1924.0,3,0.00,60.0,70.0,70.0,45.0,61.0,1384,56.20,25037978166687
1929.0,0,99.33,69.0,82.0,82.0,52.0,71.0,2484,186.36,52349073364685
1929.0,1,0.00,55.0,62.0,62.0,42.0,56.0,1206,56.91,26160937230285
1930.0,2,0.00,58.0,64.0,64.0,44.0,60.0,1333,55.08,24781986648315
1930.0,3,0.00,60.0,70.0,70.0,45.0,61.0,1365,56.22,25038296918457
1935.0,0,,69.0,84.0,84.0,52.0,71.0,2486,183.57,52350114228637
1935.0,1,0.00,55.0,62.0,62.0,42.0,56.0,1249,57.05,26161260696411
1935.0,2,0.00,58.0,64.0,64.0,44.0,60.0,1343,55.52,24782301454101
1935.0,3,0.00,60.0,70.0,70.0,45.0,61.0,1406,56.39,25038616657470
1941.0,0,99.41,69.0,82.0,82.0,53.0,71.0,2485,186.44,52351171327880
1941.0,1,0.00,55.0,62.0,62.0,42.0,56.0,1196,57.09,26161584417419
1941.0,2,0.00,58.0,64.0,64.0,44.0,60.0,1355,55.47,24782615973266
1941.0,3,0.00,60.0,70.0,70.0,45.0,61.0,1397,56.26,25038936218627
1946.0,0,,69.0,84.0,84.0,52.0,71.0,2487,183.56,52352212101379
1946.0,1,0.00,55.0,62.0,62.0,42.0,56.0,1206,56.73,26161906628784
1947.0,2,0.00,58.0,64.0,64.0,44.0,60.0,1354,55.05,24782928658691
1947.0,3,0.00,60.0,70.0,70.0,45.0,61.0,1375,56.06,25039254105712
1952.0,0,99.99,69.0,84.0,84.0,52.0,71.0,2485,186.33,52353270470092
1952.0,1,0.00,55.0,62.0,62.0,42.0,56.0,1248,57.01,26162229855041
1952.0,2,0.00,58.0,64.0,64.0,44.0,59.0,1343,55.31,24783242287597
1952.0,3,0.00,60.0,70.0,70.0,46.0,61.0,1365,56.30,25039573331542
1958.0,0,100.00,69.0,84.0,84.0,52.0,71.0,2495,183.23,52354311213256
1958.0,1,0.00,55.0,62.0,62.0,42.0,56.0,1248,56.94,26162553294128
1958.0,2,0.00,58.0,64.0,64.0,44.0,60.0,1353,55.37,24783556766784
1958.0,3,0.00,60.0,70.0,70.0,45.0,61.0,1426,56.11,25039892625671
1963.0,0,0.00,65.0,84.0,84.0,50.0,67.0,2451,95.36,52354852830078
1964.0,1,0.00,55.0,62.0,62.0,42.0,56.0,1258,57.31,26162878836547
1964.0,2,0.00,58.0,64.0,64.0,44.0,59.0,1332,55.32,24783870986694
1964.0,3,0.00,60.0,70.0,70.0,45.0,61.0,1427,56.45,25040212699401
1969.0,0,0.00,64.0,84.0,84.0,49.0,66.0,2008,59.55,52355191099304
1969.0,1,0.00,55.0,62.0,62.0,42.0,56.0,1205,57.21,26163203814575
1969.0,2,0.00,58.0,64.0,64.0,44.0,60.0,1342,55.08,24784183869079
1970.0,3,0.00,60.0,70.0,70.0,46.0,61.0,1417,56.17,25040531722595
1975.0,0,100.00,67.0,76.0,78.0,51.0,69.0,1588,124.99,52355898539428
1975.0,1,0.00,55.0,62.0,62.0,42.0,56.0,1196,56.99,26163526938049
1975.0,2,0.00,58.0,64.0,64.0,44.0,59.0,1355,55.32,24784497532592
1975.0,3,0.00,60.0,70.0,70.0,45.0,61.0,1428,56.22,25040850491821
1980.0,0,,68.0,80.0,78.0,51.0,69.0,1883,182.98,52356937876586
1981.0,1,0.00,55.0,62.0,62.0,42.0,56.0,1206,57.07,26163850537414
1981.0,2,0.00,58.0,64.0,64.0,44.0,59.0,1355,55.26,24784810869812
1981.0,3,0.00,60.0,70.0,70.0,45.0,61.0,1365,56.36,25041170066955
1986.0,0,0.00,65.0,80.0,80.0,49.0,67.0,2139,96.16,52357483128906
1986.0,1,0.00,55.0,62.0,62.0,42.0,56.0,1207,56.77,26164172423339
1986.0,2,0.00,58.0,64.0,64.0,44.0,60.0,1344,55.11,24785123361450
1987.0,3,,65.0,70.0,70.0,48.0,65.0,1376,153.74,25042041773803
1992.0,0,0.00,64.0,80.0,80.0,48.0,65.0,1808,58.80,52357816524658
1992.0,1,0.00,55.0,62.0,62.0,42.0,56.0,1195,56.71,26164494537841
1992.0,2,0.00,58.0,64.0,64.0,44.0,60.0,1312,55.24,24785436578247
1992.0,3,99.99,66.0,72.0,72.0,50.0,67.0,1439,176.56,25043044609436
1997.0,0,100.00,68.0,76.0,76.0,51.0,69.0,1630,170.80,52358784964965
1998.0,1,0.00,55.0,62.0,62.0,42.0,56.0,1239,57.16,26164818089172
1998.0,2,0.00,58.0,64.0,64.0,44.0,60.0,1313,55.18,24785749984741
1998.0,3,0.00,63.0,72.0,72.0,47.0,64.0,1736,60.78,25043389233032
2003.0,0,76.02,66.0,78.0,78.0,50.0,68.0,1956,169.41,52359747225341
2003.0,1,0.00,55.0,62.0,62.0,42.0,56.0,1205,57.08,26165142312377
2003.0,2,24.37,61.0,66.0,66.0,46.0,62.0,1289,77.98,24786192914062
2004.0,3,0.00,62.0,72.0,72.0,47.0,64.0,1511,56.87,25043712270507
2009.0,0,0.00,64.0,78.0,78.0,49.0,66.0,2042,59.28,52360083369506
2009.0,1,0.00,55.0,62.0,62.0,42.0,56.0,1250,56.76,26165464139038
2009.0,2,,64.0,72.0,72.0,48.0,65.0,1313,175.41,24787185724426
2009.0,3,0.00,62.0,72.0,72.0,47.0,63.0,1493,56.64,25044032838195
2014.0,0,0.00,63.0,78.0,78.0,48.0,65.0,1565,58.63,52360416363281
2015.0,1,98.48,59.0,66.0,66.0,44.0,59.0,1237,102.15,26166044346435
2015.0,2,0.34,62.0,72.0,72.0,47.0,63.0,1406,129.83,24787923168212
2015.0,3,0.00,62.0,72.0,72.0,47.0,63.0,1448,56.65,25044354602172
2020.0,0,0.00,63.0,78.0,78.0,48.0,65.0,1522,58.54,52360748301208
2020.0,1,,61.0,68.0,68.0,46.0,61.0,1247,177.74,26167053902282
2020.0,2,0.00,61.0,72.0,72.0,46.0,63.0,1480,55.90,24788240671447
2021.0,3,0.00,61.0,72.0,72.0,46.0,63.0,1439,56.61,25044676150817
2026.0,0,0.00,63.0,78.0,78.0,48.0,64.0,1513,58.41,52361080091125
2026.0,1,0.00,58.0,70.0,70.0,44.0,59.0,1386,78.13,26167496901367
2026.0,2,0.00,61.0,72.0,72.0,46.0,62.0,1449,55.95,24788557931152
2026.0,3,,66.0,72.0,72.0,49.0,66.0,1438,166.54,25045620421875
2031.0,0,0.00,62.0,78.0,78.0,47.0,64.0,1491,58.14,52361409764831
2032.0,1,0.00,57.0,70.0,70.0,43.0,58.0,1343,57.29,26167822316589
2032.0,2,0.00,60.0,72.0,72.0,46.0,62.0,1428,55.39,24788872522155
2032.0,3,,68.0,74.0,74.0,51.0,68.0,1660,177.44,25046628278442
2037.0,0,,66.0,74.0,74.0,50.0,68.0,1480,170.93,52362380621887
2037.0,1,0.00,57.0,70.0,70.0,43.0,58.0,1311,57.55,26168148610534
2037.0,2,0.00,60.0,72.0,72.0,46.0,62.0,1427,55.68,24789188208251
2038.0,3,0.00,64.0,74.0,74.0,48.0,65.0,1913,60.67,25046972882995
2043.0,0,66.36,65.0,76.0,76.0,49.0,67.0,1722,166.68,52363327361206
2043.0,1,0.00,57.0,70.0,70.0,43.0,58.0,1311,57.29,26168474017578
2043.0,2,34.90,63.0,70.0,68.0,48.0,65.0,1417,82.05,24789654276367
2043.0,3,0.00,63.0,74.0,74.0,48.0,64.0,1534,57.11,25047296688781
2048.0,0,0.00,64.0,76.0,76.0,49.0,65.0,1821,58.78,52363660645141
2049.0,1,0.00,57.0,70.0,70.0,43.0,57.0,1270,57.16,26168798088317
2049.0,2,100.00,65.0,74.0,74.0,49.0,66.0,1407,176.21,24790653362548
2049.0,3,0.00,63.0,74.0,74.0,47.0,64.0,1512,57.12,25047621123779
2054.0,0,0.00,63.0,76.0,76.0,48.0,65.0,1523,58.40,52363991758728
2054.0,1,,61.0,68.0,68.0,46.0,61.0,1279,133.66,26169557294921
2054.0,2,0.00,63.0,74.0,74.0,48.0,64.0,1502,99.92,24791220917236
2055.0,3,0.00,62.0,74.0,74.0,47.0,64.0,1502,56.80,25047943189392
2060.0,0,0.00,63.0,76.0,76.0,48.0,64.0,1512,58.33,52364323070190
2060.0,1,,62.0,70.0,70.0,46.0,63.0,1321,175.02,26170551385437
2060.0,2,0.00,62.0,74.0,74.0,47.0,64.0,1500,56.17,24791539982360
2060.0,3,0.00,68.0,66.0,66.0,49.0,66.0,1479,69.67,25048338897277
2066.0,0,0.00,62.0,76.0,76.0,47.0,64.0,1499,58.30,52364654186340
2066.0,1,0.00,59.0,70.0,70.0,45.0,60.0,1437,57.77,26170879542541
2066.0,2,0.00,62.0,74.0,74.0,47.0,63.0,1490,55.88,24791857390380
2066.0,3,,67.0,74.0,74.0,50.0,67.0,1511,178.43,25049352360839
2071.0,0,,65.0,72.0,72.0,49.0,67.0,1492,106.74,52365260478576
2071.0,1,0.00,59.0,70.0,70.0,44.0,59.0,1407,57.54,26171205785888
2071.0,2,0.00,61.0,74.0,74.0,47.0,63.0,1449,55.71,24792173253234
2072.0,3,0.00,65.0,74.0,74.0,49.0,66.0,1841,123.13,25050050507263
2077.0,0,,67.0,74.0,74.0,51.0,69.0,1513,181.69,52366290687438
2077.0,1,0.00,58.0,70.0,70.0,44.0,59.0,1354,57.48,26171531693664
2077.0,2,0.00,61.0,74.0,74.0,46.0,62.0,1439,55.77,24792489473815
2077.0,3,0.00,63.0,74.0,74.0,48.0,64.0,1745,57.11,25050374915466
2083.0,0,0.00,64.0,74.0,74.0,48.0,65.0,1861,81.02,52366750870971
2083.0,1,0.00,58.0,70.0,70.0,44.0,59.0,1311,57.60,26171858842285
2083.0,2,99.99,66.0,74.0,74.0,49.0,67.0,1438,166.11,24793433003662
2083.0,3,0.00,63.0,74.0,74.0,48.0,64.0,1512,57.12,25050698772949
2088.0,0,0.00,63.0,74.0,74.0,48.0,64.0,1577,58.52,52367082697448
2088.0,1,0.00,62.0,62.0,70.0,45.0,60.0,1324,57.88,26172186996582
2089.0,2,100.00,66.0,76.0,76.0,50.0,67.0,1557,171.76,24794406874389
2089.0,3,0.00,63.0,74.0,74.0,47.0,64.0,1526,56.98,25051021823486
2094.0,0,0.00,62.0,74.0,74.0,47.0,64.0,1504,58.16,52367412485839
2094.0,1,,63.0,70.0,70.0,47.0,63.0,1290,182.69,26173222844360
2094.0,2,0.00,63.0,76.0,76.0,48.0,65.0,1892,56.65,24794728659484
2094.0,3,0.00,62.0,74.0,74.0,47.0,64.0,1489,56.80,25051344453369
2100.0,0,0.00,62.0,74.0,74.0,47.0,64.0,1488,58.21,52367743095703
2100.0,1,41.60,61.0,72.0,72.0,46.0,62.0,1383,151.21,26174083203063
2100.0,2,0.00,63.0,76.0,76.0,48.0,64.0,1510,56.22,24795047979064
2100.0,3,57.55,66.0,70.0,70.0,49.0,66.0,1500,94.66,25051882097351
2105.0,0,0.00,61.0,74.0,74.0,47.0,63.0,1459,58.08,52368072986022
2105.0,1,0.00,60.0,72.0,72.0,45.0,61.0,1480,58.03,26174412240844
2106.0,2,0.00,62.0,76.0,76.0,47.0,64.0,1522,56.15,24795366920471
2106.0,3,,68.0,74.0,74.0,51.0,68.0,1543,177.56,25052890637512
2111.0,0,,65.0,70.0,70.0,49.0,66.0,1447,107.09,52368681273925
2111.0,1,0.00,60.0,72.0,72.0,45.0,60.0,1426,57.57,26174739841430
2111.0,2,0.00,62.0,76.0,76.0,47.0,63.0,1458,55.81,24795683930053
2111.0,3,0.00,65.0,76.0,76.0,49.0,66.0,1902,121.88,25053582912475
2117.0,0,,66.0,74.0,72.0,50.0,68.0,1459,181.30,52369711048889
2117.0,1,0.00,59.0,72.0,72.0,45.0,60.0,1375,57.66,26175066751708
2117.0,2,0.00,62.0,76.0,76.0,47.0,63.0,1479,55.73,24796000483947
2117.0,3,0.00,64.0,76.0,76.0,48.0,65.0,1786,57.21,25053907866088
2122.0,0,0.00,64.0,74.0,74.0,49.0,66.0,1763,123.37,52370411793762
2122.0,1,0.00,59.0,72.0,72.0,45.0,60.0,1373,57.70,26175394480651
2123.0,2,99.99,65.0,74.0,74.0,49.0,67.0,1459,125.58,24796713758544
2123.0,3,0.00,63.0,76.0,76.0,48.0,64.0,1521,57.18,25054232672668
2128.0,0,0.00,63.0,74.0,74.0,48.0,65.0,1608,58.50,52370744046020
2128.0,1,0.00,58.0,72.0,72.0,44.0,60.0,1353,57.36,26175720276245
2128.0,2,99.99,67.0,76.0,76.0,51.0,69.0,1522,176.33,24797713536071
2128.0,3,0.00,63.0,76.0,76.0,48.0,64.0,1481,57.23,25054557157958
2134.0,0,0.00,63.0,74.0,74.0,47.0,64.0,1524,58.19,52371073973571
2134.0,1,100.00,63.0,72.0,72.0,47.0,64.0,1344,159.46,26176624439392
2134.0,2,0.00,64.0,78.0,78.0,49.0,66.0,1874,76.19,24798145533081
2134.0,3,0.00,63.0,76.0,76.0,47.0,64.0,1513,56.70,25054879197570
2139.0,0,0.00,62.0,74.0,74.0,47.0,64.0,1499,58.28,52371404990234
2139.0,1,,65.0,74.0,74.0,48.0,65.0,1404,179.61,26177646410827
2140.0,2,0.00,63.0,78.0,78.0,48.0,65.0,1541,56.36,24798466200927
2140.0,3,0.00,62.0,76.0,76.0,47.0,64.0,1500,56.91,25055202430786
2145.0,0,0.00,61.0,74.0,74.0,47.0,64.0,1480,58.21,52371735639038
2145.0,1,0.00,61.0,74.0,74.0,46.0,62.0,1534,60.50,26177989453674
2145.0,2,0.00,63.0,78.0,78.0,48.0,64.0,1481,56.25,24798785113952
2145.0,3,0.00,62.0,76.0,76.0,47.0,64.0,1481,57.29,25055527289428
2151.0,0,0.00,61.0,74.0,74.0,47.0,63.0,1461,57.95,52372064237060
2151.0,1,0.00,60.0,74.0,74.0,46.0,61.0,1471,57.70,26178316601806
2151.0,2,0.00,62.0,78.0,78.0,47.0,64.0,1503,55.52,24799099921264
2151.0,3,0.00,62.0,76.0,76.0,47.0,63.0,1492,56.98,25055850945007
2156.0,0,0.00,61.0,74.0,74.0,46.0,63.0,1449,57.88,52372392969787
2156.0,1,100.00,64.0,74.0,74.0,48.0,65.0,1416,152.49,26179182770996
2157.0,2,0.00,62.0,78.0,78.0,47.0,64.0,1490,55.89,24799417357910
2157.0,3,0.00,62.0,76.0,76.0,47.0,63.0,1458,56.57,25056172290832
2162.0,0,0.00,60.0,74.0,74.0,46.0,63.0,1426,57.79,52372721205322
2162.0,1,100.00,66.0,76.0,76.0,50.0,66.0,1437,180.21,26180206360473
2162.0,2,0.00,62.0,78.0,78.0,47.0,63.0,1490,55.91,24799734931091
2162.0,3,0.00,62.0,76.0,76.0,46.0,63.0,1437,56.66,25056494135375
2168.0,0,0.00,60.0,74.0,74.0,46.0,62.0,1427,57.95,52373050355102
2168.0,1,0.00,62.0,76.0,76.0,47.0,63.0,1660,65.25,26180576995849
2168.0,2,99.94,66.0,76.0,76.0,50.0,68.0,1449,175.86,24800733813171
2168.0,3,0.00,61.0,76.0,76.0,46.0,63.0,1449,56.76,25056815945922
2173.0,0,0.00,60.0,74.0,74.0,46.0,62.0,1427,57.75,52373378399414
2174.0,1,17.40,66.0,68.0,68.0,49.0,65.0,1502,74.61,26181000051452
2174.0,2,82.04,65.0,78.0,78.0,50.0,66.0,1702,159.16,24801637861328
2174.0,3,0.00,61.0,76.0,76.0,46.0,62.0,1449,56.35,25057136032104
2179.0,0,0.00,60.0,74.0,74.0,46.0,61.0,1417,57.73,52373705755493
2179.0,1,,66.0,76.0,76.0,49.0,67.0,1448,180.39,26182024694946
2179.0,2,0.00,64.0,78.0,78.0,48.0,65.0,1838,56.81,24801960532470
2180.0,3,0.00,61.0,76.0,76.0,46.0,62.0,1447,56.63,25057457682067
2185.0,0,0.00,60.0,74.0,74.0,45.0,61.0,1375,57.69,52374033419067
2185.0,1,18.30,64.0,78.0,78.0,48.0,65.0,1650,143.98,26182842505798
2185.0,2,0.00,63.0,78.0,78.0,48.0,65.0,1545,56.53,24802281036865
2185.0,3,83.02,65.0,70.0,70.0,48.0,65.0,1430,103.06,25058042007751
2190.0,0,0.00,59.0,74.0,74.0,45.0,61.0,1377,57.94,52374361358337
2191.0,1,0.00,63.0,78.0,78.0,48.0,64.0,1567,58.43,26183173793640
2191.0,2,0.00,63.0,78.0,78.0,48.0,64.0,1514,56.09,24802599043762
2191.0,3,,67.0,72.0,72.0,50.0,67.0,1450,177.08,25059046078674
2196.0,0,,63.0,70.0,68.0,48.0,65.0,1362,127.57,52375087211730
2196.0,1,0.00,62.0,78.0,78.0,47.0,63.0,1520,58.31,26183505012939
2196.0,2,0.00,63.0,78.0,78.0,47.0,64.0,1488,56.02,24802917247558
2197.0,3,0.00,64.0,74.0,74.0,48.0,65.0,1784,101.27,25059622300048
2202.0,0,98.40,63.0,72.0,72.0,48.0,65.0,1406,176.97,52376090652587
2202.0,1,0.00,61.0,78.0,78.0,46.0,62.0,1460,58.16,26183835386901
2202.0,2,0.92,67.0,68.0,68.0,50.0,67.0,1492,69.29,24803310817321
2202.0,3,0.00,63.0,74.0,74.0,48.0,64.0,1524,57.01,25059945552917
2207.0,0,0.00,62.0,72.0,72.0,47.0,64.0,1524,58.37,52376422190002
2208.0,1,0.00,61.0,78.0,78.0,46.0,62.0,1450,58.15,26184165083740
2208.0,2,100.00,67.0,76.0,76.0,51.0,68.0,1502,176.80,24804313290649
2208.0,3,0.00,63.0,74.0,74.0,47.0,64.0,1513,57.16,25060269625488
2213.0,0,0.00,61.0,72.0,72.0,47.0,63.0,1481,57.92,52376750611206
2213.0,1,24.73,63.0,68.0,68.0,48.0,64.0,1428,77.01,26184601752380
2213.0,2,76.07,65.0,78.0,78.0,50.0,67.0,1809,157.69,24805207393981
2214.0,3,0.00,62.0,74.0,74.0,47.0,64.0,1481,56.77,25060591486816
2219.0,0,0.00,61.0,72.0,72.0,46.0,63.0,1460,57.95,52377079192993
2219.0,1,,65.0,74.0,74.0,49.0,66.0,1417,179.70,26185622429992
2219.0,2,0.00,64.0,78.0,78.0,49.0,66.0,1998,57.00,24805531153869
2219.0,3,0.00,62.0,74.0,74.0,47.0,63.0,1501,56.72,25060913645446
2224.0,0,0.00,61.0,72.0,72.0,46.0,62.0,1437,57.93,52377408253295
2225.0,1,9.15,63.0,76.0,76.0,48.0,65.0,1512,141.12,26186422572021
2225.0,2,0.00,64.0,78.0,78.0,48.0,65.0,1543,56.51,24805852139953
2225.0,3,92.03,65.0,70.0,70.0,49.0,66.0,1501,106.93,25061521014038
2230.0,0,0.00,60.0,72.0,72.0,46.0,62.0,1427,57.87,52377736955444
2230.0,1,0.00,62.0,76.0,76.0,47.0,63.0,1543,58.38,26186754147949
2230.0,2,0.00,63.0,78.0,78.0,48.0,65.0,1491,56.48,24806172377075
2231.0,3,99.99,67.0,74.0,74.0,50.0,68.0,1575,177.44,25062528874511
2236.0,0,,64.0,70.0,70.0,48.0,66.0,1406,158.33,52378636265625
2236.0,1,0.00,62.0,76.0,76.0,47.0,63.0,1480,58.17,26187084550720
2236.0,2,0.00,63.0,78.0,78.0,48.0,64.0,1512,56.03,24806490617431
2236.0,3,0.00,64.0,74.0,74.0,48.0,65.0,1924,71.26,25062932921630
2241.0,0,49.48,63.0,72.0,72.0,48.0,65.0,1437,159.35,52379541390869
2242.0,1,0.00,61.0,76.0,76.0,46.0,62.0,1447,58.06,26187414312011
2242.0,2,49.65,66.0,74.0,74.0,50.0,67.0,1499,87.62,24806989172302
2242.0,3,0.00,63.0,74.0,74.0,48.0,64.0,1604,57.02,25063257371154
2247.0,0,0.00,62.0,72.0,72.0,47.0,64.0,1542,58.32,52379872661987
2247.0,1,0.00,60.0,76.0,76.0,46.0,62.0,1448,57.98,26187743616210
2247.0,2,100.00,67.0,78.0,78.0,51.0,69.0,1575,176.21,24807988276428
2248.0,3,0.00,63.0,74.0,74.0,47.0,64.0,1523,57.02,25063581257141
2253.0,0,0.00,62.0,72.0,72.0,47.0,64.0,1480,58.02,52380202190734
2253.0,1,,64.0,74.0,74.0,48.0,65.0,1417,136.51,26188518988159
2253.0,2,0.00,65.0,78.0,78.0,49.0,66.0,1904,99.25,24808552044616
2253.0,3,0.00,62.0,74.0,74.0,47.0,64.0,1490,56.67,25063902600769
2259.0,0,0.00,61.0,72.0,72.0,46.0,63.0,1480,58.09,52380531583312
2259.0,1,96.58,64.0,76.0,76.0,48.0,65.0,1426,172.31,26189497703735
2259.0,2,0.00,64.0,78.0,78.0,48.0,66.0,1796,56.56,24808873309509
2259.0,3,4.45,68.0,66.0,66.0,49.0,66.0,1490,75.80,25064333146911
2264.0,0,0.00,61.0,72.0,72.0,46.0,63.0,1437,57.85,52380860722961
2264.0,1,0.00,62.0,76.0,76.0,47.0,63.0,1575,58.75,26189831387023
2265.0,2,0.00,63.0,78.0,78.0,48.0,65.0,1522,56.42,24809193793640
2265.0,3,,67.0,74.0,74.0,50.0,68.0,1532,177.34,25065340425292
2270.0,0,44.50,63.0,68.0,68.0,48.0,65.0,1427,80.73,52381318462524
2270.0,1,0.00,61.0,76.0,76.0,47.0,62.0,1522,58.42,26190163217163
2270.0,2,0.00,63.0,78.0,78.0,48.0,65.0,1479,56.41,24809514177124
2270.0,3,56.86,65.0,76.0,76.0,49.0,67.0,1870,148.66,25066184793273
2276.0,0,99.99,65.0,72.0,72.0,50.0,67.0,1405,181.08,52382346971313
2276.0,1,0.00,61.0,76.0,76.0,46.0,62.0,1416,57.89,26190492037170
2276.0,2,0.00,63.0,78.0,78.0,48.0,64.0,1511,55.87,24809831544006
2276.0,3,0.00,64.0,76.0,76.0,48.0,65.0,1881,57.33,25066510414855
2281.0,0,0.00,64.0,72.0,72.0,48.0,65.0,1596,137.56,52383128308776
2281.0,1,0.00,60.0,76.0,76.0,46.0,61.0,1448,57.98,26190821368286
2282.0,2,100.00,66.0,74.0,74.0,50.0,67.0,1469,109.73,24810454823486
2282.0,3,0.00,63.0,76.0,76.0,48.0,65.0,1565,57.10,25066834723571
2287.0,0,0.00,63.0,72.0,72.0,48.0,64.0,1565,58.41,52383460063903
2287.0,1,0.00,60.0,76.0,76.0,45.0,61.0,1428,58.04,26191150476928
2287.0,2,100.00,68.0,78.0,78.0,51.0,69.0,1619,176.08,24811453219604
2287.0,3,0.00,63.0,76.0,76.0,48.0,64.0,1492,57.03,25067158627441
2293.0,0,0.00,62.0,72.0,72.0,47.0,64.0,1511,58.09,52383790011108
2293.0,1,,64.0,72.0,72.0,48.0,65.0,1405,133.94,26191911282409
2293.0,2,0.00,65.0,78.0,78.0,49.0,66.0,1987,100.76,24812025513549
2293.0,3,0.00,63.0,76.0,76.0,48.0,64.0,1522,57.18,25067482857543
2298.0,0,0.00,62.0,72.0,72.0,47.0,63.0,1470,58.04,52384119666259
2298.0,1,,66.0,76.0,76.0,49.0,67.0,1428,180.03,26192933879089
2299.0,2,0.00,64.0,78.0,78.0,48.0,65.0,1798,56.62,24812347126770
2299.0,3,0.00,62.0,76.0,76.0,47.0,64.0,1500,56.77,25067805329772
2304.0,0,0.00,61.0,72.0,72.0,47.0,63.0,1449,58.13,52384449247314
2304.0,1,0.00,63.0,76.0,76.0,48.0,64.0,1619,95.31,26193474291992
2304.0,2,0.00,64.0,78.0,78.0,48.0,65.0,1502,56.53,24812667667053
2304.0,3,,67.0,72.0,72.0,50.0,67.0,1471,152.40,25068669439270
2310.0,0,0.00,61.0,72.0,72.0,46.0,63.0,1461,58.02,52384778243408
2310.0,1,0.00,62.0,76.0,76.0,47.0,63.0,1503,58.49,26193805920166
2310.0,2,0.00,63.0,78.0,78.0,48.0,65.0,1525,56.31,24812986958862
2310.0,3,,68.0,76.0,76.0,51.0,68.0,1778,177.71,25069677035522
2315.0,0,,65.0,72.0,72.0,49.0,67.0,1427,173.49,52385763645507
2315.0,1,0.00,61.0,76.0,76.0,46.0,62.0,1479,58.10,26194135915283
2316.0,2,0.00,62.0,78.0,78.0,48.0,64.0,1522,55.99,24813304986083
2316.0,3,0.00,64.0,76.0,76.0,49.0,65.0,2114,57.65,25070004480834
2321.0,0,84.56,65.0,74.0,74.0,49.0,66.0,1533,172.70,52386742831909
2321.0,1,0.00,61.0,76.0,76.0,46.0,62.0,1448,57.88,26194464667541
2321.0,2,0.00,63.0,78.0,78.0,47.0,64.0,1489,56.02,24813623754394
2321.0,3,0.00,63.0,76.0,76.0,48.0,65.0,1645,57.11,25070329461608
2327.0,0,0.00,63.0,74.0,74.0,48.0,65.0,1666,58.50,52387075716308
2327.0,1,0.00,60.0,76.0,76.0,45.0,61.0,1426,57.79,26194793477844
2327.0,2,0.00,62.0,78.0,78.0,47.0,64.0,1489,55.89,24813941211364
2327.0,3,0.00,63.0,76.0,76.0,48.0,64.0,1522,57.29,25070654841430
2332.0,0,0.00,63.0,74.0,74.0,48.0,64.0,1524,58.35,52387407149353
2332.0,1,0.00,60.0,76.0,76.0,45.0,61.0,1429,57.67,26195120490844
2333.0,2,0.00,62.0,78.0,78.0,47.0,63.0,1503,55.43,24814255498474
2333.0,3,0.00,63.0,76.0,76.0,47.0,64.0,1526,57.18,25070978460021
2338.0,0,,67.0,72.0,74.0,50.0,68.0,1504,169.91,52388368827148
2338.0,1,0.00,60.0,76.0,76.0,45.0,61.0,1408,57.66,26195447435852
2338.0,2,0.00,62.0,78.0,78.0,47.0,63.0,1450,55.86,24814572200439
2338.0,3,0.00,62.0,76.0,76.0,47.0,64.0,1491,56.77,25071300923339
2344.0,0,88.08,65.0,74.0,74.0,50.0,67.0,1745,174.36,52389359209777
2344.0,1,0.00,59.0,76.0,76.0,45.0,60.0,1344,57.75,26195774873168
2344.0,2,0.00,62.0,78.0,78.0,47.0,63.0,1450,55.85,24814888897949
2344.0,3,10.50,65.0,68.0,68.0,49.0,66.0,1492,78.07,25071743573913
2349.0,0,0.00,64.0,74.0,74.0,48.0,66.0,1913,59.08,52389694211791
2350.0,1,0.00,59.0,76.0,76.0,45.0,60.0,1374,57.78,26196103060729
2350.0,2,0.00,61.0,78.0,78.0,47.0,63.0,1458,55.94,24815206659301
2350.0,3,99.99,68.0,74.0,74.0,50.0,68.0,1554,177.38,25072751094299
2355.0,0,61.03,66.0,72.0,72.0,49.0,68.0,1513,86.87,52390187657470
2355.0,1,0.00,59.0,76.0,76.0,45.0,60.0,1375,57.48,26196428979003
2355.0,2,0.00,61.0,78.0,78.0,47.0,63.0,1450,55.70,24815522462585
2355.0,3,37.94,65.0,76.0,76.0,49.0,67.0,1926,142.38,25073558378784
2361.0,0,,68.0,74.0,74.0,51.0,69.0,1652,182.15,52391220440734
2361.0,1,0.00,59.0,76.0,76.0,44.0,60.0,1345,57.55,26196755291076
2361.0,2,0.00,61.0,78.0,78.0,47.0,63.0,1450,55.60,24815837727722
2361.0,3,0.00,64.0,76.0,76.0,48.0,65.0,1874,57.36,25073883628845
2366.0,0,0.00,65.0,76.0,76.0,49.0,67.0,2000,131.55,52391966340637
2367.0,1,0.00,58.0,76.0,76.0,44.0,59.0,1354,57.73,26197082627258
2367.0,2,100.00,65.0,72.0,74.0,49.0,66.0,1449,116.82,24816500122924
2367.0,3,0.00,64.0,76.0,76.0,48.0,65.0,1565,57.15,25074208232727
2372.0,0,0.00,63.0,76.0,76.0,48.0,65.0,1860,58.90,52392300887207
2372.0,1,0.00,58.0,76.0,76.0,44.0,59.0,1354,57.59,26197409718017
2372.0,2,99.99,67.0,76.0,76.0,50.0,68.0,1471,176.08,24817500283264
2373.0,3,0.00,63.0,76.0,76.0,48.0,65.0,1492,57.22,25074532691894
2378.0,0,0.00,63.0,76.0,76.0,48.0,65.0,1534,58.31,52392631494934
2378.0,1,,63.0,70.0,72.0,47.0,63.0,1332,149.75,26198258796264
2378.0,2,0.00,64.0,76.0,76.0,48.0,66.0,1713,84.61,24817980041320
2378.0,3,0.00,63.0,76.0,76.0,48.0,64.0,1522,56.78,25074855184082
2383.0,0,0.00,62.0,76.0,76.0,47.0,64.0,1512,58.14,52392961757141
2384.0,1,58.56,61.0,74.0,74.0,46.0,62.0,1396,157.55,26199153674194
2384.0,2,0.00,63.0,76.0,76.0,48.0,65.0,1565,56.32,24818299958374
2384.0,3,40.86,66.0,70.0,70.0,49.0,67.0,1502,88.96,25075359573425
2389.0,0,0.00,62.0,76.0,76.0,47.0,64.0,1481,58.31,52393292384094
2389.0,1,0.00,61.0,74.0,74.0,46.0,62.0,1481,58.11,26199483173461
2389.0,2,0.00,63.0,76.0,76.0,48.0,64.0,1491,56.31,24818619785400
2390.0,3,,68.0,74.0,74.0,51.0,69.0,1617,177.91,25076370073974
2395.0,0,65.77,64.0,70.0,70.0,49.0,66.0,1456,88.53,52393796107666
2395.0,1,0.00,60.0,74.0,74.0,45.0,61.0,1425,57.67,26199811311706
2395.0,2,0.00,62.0,76.0,76.0,47.0,64.0,1500,55.89,24818937242431
2395.0,3,35.41,66.0,76.0,76.0,50.0,67.0,1986,141.41,25077173306823
2400.0,0,99.99,67.0,74.0,72.0,50.0,68.0,1449,181.55,52394825483459
2401.0,1,0.00,60.0,74.0,74.0,45.0,60.0,1428,57.75,26200138747009
2401.0,2,0.00,62.0,76.0,76.0,47.0,64.0,1502,55.95,24819254484252
2401.0,3,0.00,64.0,76.0,76.0,48.0,65.0,1988,57.49,25077499872375
2406.0,0,0.00,64.0,74.0,74.0,49.0,66.0,1733,126.95,52395546552856
2406.0,1,0.00,59.0,74.0,74.0,45.0,60.0,1373,57.63,26200466103271
2406.0,2,,65.0,74.0,74.0,49.0,67.0,1489,121.30,24819943479736
2407.0,3,0.00,64.0,76.0,76.0,48.0,65.0,1521,57.16,25077824553527
2412.0,0,0.00,63.0,74.0,74.0,48.0,65.0,1628,58.59,52395879322998
2412.0,1,0.00,59.0,74.0,74.0,45.0,60.0,1364,57.75,26200794128906
2412.0,2,,66.0,78.0,78.0,50.0,68.0,1607,173.43,24820928572875
2412.0,3,0.00,63.0,76.0,76.0,48.0,64.0,1533,57.10,25078148861083
2417.0,0,0.00,63.0,74.0,74.0,48.0,64.0,1521,58.15,52396209622009
2418.0,1,99.99,64.0,72.0,72.0,48.0,64.0,1363,181.11,26201822811035
2418.0,2,0.00,64.0,78.0,78.0,48.0,65.0,1954,56.72,24821250745239
2418.0,3,0.00,63.0,76.0,76.0,48.0,64.0,1522,56.87,25078471330871
2423.0,0,0.00,62.0,74.0,74.0,47.0,64.0,1501,58.16,52396539942749
2423.0,1,6.95,62.0,74.0,74.0,47.0,63.0,1427,139.35,26202614305114
2423.0,2,0.00,63.0,78.0,78.0,48.0,65.0,1522,56.30,24821570503417
2424.0,3,92.09,67.0,72.0,72.0,50.0,67.0,1511,107.33,25079082056274
2429.0,0,0.00,62.0,74.0,74.0,47.0,64.0,1490,58.23,52396870085571
2429.0,1,0.00,61.0,74.0,74.0,46.0,62.0,1491,58.23,26202945072387
2429.0,2,0.00,63.0,78.0,78.0,48.0,64.0,1512,56.18,24821889626464
2429.0,3,99.99,68.0,76.0,76.0,51.0,69.0,1713,178.37,25080093411132
2435.0,0,,66.0,72.0,72.0,50.0,67.0,1449,153.93,52397744388610
2435.0,1,0.00,60.0,74.0,74.0,46.0,61.0,1428,57.92,26203273485473
2435.0,2,0.00,62.0,78.0,78.0,48.0,64.0,1502,55.94,24822206783569
2435.0,3,0.00,64.0,76.0,76.0,49.0,66.0,2074,77.51,25080533678283
2440.0,0,53.60,65.0,74.0,74.0,49.0,67.0,1607,161.52,52398661842163
2440.0,1,0.00,60.0,74.0,74.0,45.0,61.0,1427,57.68,26203601109313
2440.0,2,47.44,65.0,72.0,72.0,49.0,67.0,1501,86.87,24822700216674
2441.0,3,0.00,63.0,76.0,76.0,48.0,65.0,1712,57.17,25080857838195
2446.0,0,0.00,63.0,74.0,74.0,48.0,65.0,1638,58.49,52398994058654
2446.0,1,0.00,60.0,74.0,74.0,45.0,61.0,1426,57.80,26203929417602
2446.0,2,100.00,67.0,76.0,76.0,51.0,69.0,1522,175.63,24823697801635
2446.0,3,0.00,63.0,76.0,76.0,48.0,65.0,1479,57.07,25081182004760
2452.0,0,0.00,63.0,74.0,74.0,48.0,64.0,1533,58.48,52399326233642
2452.0,1,87.97,63.0,70.0,70.0,47.0,63.0,1374,99.44,26204494214965
2452.0,2,13.38,65.0,78.0,78.0,50.0,67.0,1797,135.09,24824465112548
2452.0,3,0.00,63.0,76.0,76.0,48.0,64.0,1523,57.15,25081506595275
2457.0,0,0.00,62.0,74.0,74.0,47.0,64.0,1501,58.04,52399655320678
2457.0,1,,65.0,74.0,74.0,49.0,65.0,1396,180.12,26205515514465
2458.0,2,0.00,64.0,78.0,78.0,49.0,66.0,1830,56.64,24824786236328
2458.0,3,0.00,63.0,76.0,76.0,47.0,64.0,1512,56.68,25081828514404
2463.0,0,0.00,62.0,74.0,74.0,47.0,64.0,1491,57.97,52399984563659
2463.0,1,0.00,62.0,74.0,74.0,47.0,63.0,1492,110.66,26206144066772
2463.0,2,0.00,63.0,78.0,78.0,48.0,65.0,1503,56.00,24825104322082
2463.0,3,,67.0,72.0,72.0,50.0,67.0,1481,136.85,25082604482177
2469.0,0,0.00,61.0,74.0,74.0,47.0,63.0,1461,58.11,52400314071472
2469.0,1,0.00,61.0,74.0,74.0,46.0,62.0,1492,58.27,26206474433959
2469.0,2,0.00,63.0,78.0,78.0,48.0,65.0,1523,56.46,24825424424621
2469.0,3,,68.0,76.0,76.0,51.0,69.0,1776,177.89,25083614882202
2474.0,0,100.00,65.0,70.0,72.0,49.0,67.0,1437,154.76,52401193124633
2474.0,1,0.00,61.0,74.0,74.0,46.0,62.0,1444,58.20,26206805572998
2475.0,2,0.00,63.0,78.0,78.0,48.0,64.0,1529,56.19,24825744728454
2475.0,3,0.00,65.0,76.0,76.0,49.0,66.0,2109,76.21,25084048523376
2480.0,0,,67.0,74.0,74.0,50.0,69.0,1529,181.67,52402226813964
2480.0,1,0.00,60.0,74.0,74.0,45.0,61.0,1449,57.83,26207134069519
2480.0,2,0.00,63.0,78.0,78.0,48.0,64.0,1460,55.94,24826061892456
2480.0,3,0.00,64.0,76.0,76.0,48.0,65.0,1755,57.29,25084373348327
2486.0,0,0.00,64.0,74.0,74.0,48.0,66.0,1914,75.35,52402654040893
2486.0,1,0.00,60.0,74.0,74.0,45.0,61.0,1406,57.86,26207462109252
2486.0,2,100.00,67.0,76.0,76.0,51.0,68.0,1491,171.57,24827034684143
2486.0,3,0.00,63.0,76.0,76.0,48.0,65.0,1524,57.04,25084697356750
2491.0,0,0.00,63.0,74.0,74.0,48.0,64.0,1544,58.25,52402984924987
2491.0,1,21.82,65.0,66.0,66.0,47.0,64.0,1386,75.95,26207893504333
2492.0,2,77.36,66.0,78.0,78.0,50.0,67.0,1819,157.79,24827930941528
2492.0,3,0.00,63.0,76.0,76.0,48.0,64.0,1523,57.08,25085020976806
2497.0,0,0.00,62.0,74.0,74.0,47.0,64.0,1501,58.12,52403315043029
2497.0,1,99.99,65.0,74.0,74.0,48.0,65.0,1374,179.38,26208912370605
2497.0,2,0.00,64.0,78.0,78.0,49.0,66.0,1934,56.80,24828253544433
2497.0,3,0.00,63.0,76.0,76.0,47.0,64.0,1512,57.10,25085345286132
2503.0,0,0.00,62.0,74.0,74.0,47.0,64.0,1481,58.07,52403644318054
2503.0,1,33.84,63.0,76.0,76.0,48.0,64.0,1450,149.59,26209760537048
2503.0,2,0.00,64.0,78.0,78.0,48.0,65.0,1576,56.56,24828574231872
2503.0,3,0.00,63.0,76.0,76.0,47.0,64.0,1492,56.84,25085669816406
2508.0,0,0.00,61.0,74.0,74.0,47.0,63.0,1460,58.14,52403976295715
2508.0,1,0.00,62.0,76.0,76.0,47.0,63.0,1534,58.62,26210095279174
2509.0,2,0.00,63.0,78.0,78.0,48.0,65.0,1534,56.37,24828896125000
2509.0,3,0.00,62.0,76.0,76.0,47.0,64.0,1503,57.23,25085994323181
2514.0,0,0.00,61.0,74.0,74.0,46.0,63.0,1448,58.33,52404307595092
2514.0,1,14.88,66.0,68.0,68.0,49.0,65.0,1469,73.56,26210513076171
2514.0,2,0.00,63.0,78.0,78.0,48.0,65.0,1492,56.31,24829215945983
2514.0,3,0.00,62.0,76.0,76.0,47.0,63.0,1470,57.23,25086319414123
2520.0,0,0.00,61.0,74.0,74.0,46.0,63.0,1429,57.79,52404635270629
2520.0,1,,66.0,76.0,76.0,49.0,67.0,1439,180.65,26211537378967
2520.0,2,0.00,63.0,78.0,78.0,48.0,64.0,1492,56.11,24829534089111
2520.0,3,0.00,62.0,76.0,76.0,47.0,63.0,1492,56.64,25086640581726
2525.0,0,0.00,60.0,74.0,74.0,46.0,62.0,1438,57.73,52404963151000
2526.0,1,34.39,64.0,78.0,78.0,48.0,65.0,1628,150.09,26212389898254
2526.0,2,64.02,65.0,74.0,74.0,49.0,66.0,1500,92.85,24830061450134
2526.0,3,0.00,62.0,76.0,76.0,47.0,63.0,1447,56.70,25086962618164
2531.0,0,0.00,60.0,74.0,74.0,46.0,62.0,1417,57.94,52405291646118
2531.0,1,0.00,63.0,78.0,78.0,48.0,64.0,1586,58.71,26212723388244
2531.0,2,,67.0,78.0,78.0,51.0,68.0,1534,175.69,24831059374938
2532.0,3,0.00,62.0,76.0,76.0,46.0,63.0,1438,56.73,25087284828186
2537.0,0,0.00,60.0,74.0,74.0,46.0,62.0,1406,57.66,52405619135437
2537.0,1,,66.0,74.0,74.0,49.0,67.0,1512,110.93,26213352381591
2537.0,2,0.00,65.0,78.0,78.0,49.0,67.0,1861,124.30,24831764177001
2537.0,3,0.00,61.0,76.0,76.0,46.0,63.0,1448,56.83,25087607606018
2542.0,0,0.00,60.0,74.0,74.0,45.0,62.0,1375,57.55,52405946039855
2543.0,1,,67.0,78.0,78.0,50.0,68.0,1597,180.94,26214380135192
2543.0,2,0.00,64.0,78.0,78.0,49.0,66.0,1819,56.62,24832085756896
2543.0,3,0.00,61.0,76.0,76.0,46.0,62.0,1449,56.46,25087927744628
2548.0,0,0.00,60.0,74.0,74.0,45.0,61.0,1364,57.63,52406272828430
2548.0,1,0.00,64.0,78.0,78.0,48.0,65.0,1924,102.20,26214960635314
2548.0,2,0.00,64.0,78.0,78.0,48.0,65.0,1521,56.47,24832406515502
2549.0,3,,66.0,70.0,70.0,49.0,66.0,1447,144.61,25088749114562
2554.0,0,0.00,60.0,74.0,74.0,45.0,61.0,1384,57.84,52406601358581
2554.0,1,0.00,63.0,78.0,78.0,48.0,64.0,1575,58.83,26215294186950
2554.0,2,0.00,63.0,78.0,78.0,48.0,65.0,1522,56.36,24832726661071
2554.0,3,100.00,67.0,74.0,74.0,50.0,68.0,1565,177.33,25089756347106
2559.0,0,,64.0,70.0,70.0,48.0,65.0,1385,171.63,52407576242370
2560.0,1,0.00,62.0,78.0,78.0,47.0,63.0,1521,58.14,26215625024047
2560.0,2,0.00,63.0,78.0,78.0,48.0,64.0,1522,56.12,24833044842895
2560.0,3,0.00,63.0,74.0,74.0,48.0,65.0,1914,58.03,25090085384948
2565.0,0,5.98,63.0,72.0,72.0,48.0,64.0,1418,143.35,52408389045898
2565.0,1,0.00,61.0,78.0,78.0,47.0,63.0,1493,58.33,26215955150024
2565.0,2,93.38,66.0,74.0,74.0,50.0,68.0,1504,103.56,24833632054077
2566.0,3,0.00,63.0,74.0,74.0,48.0,64.0,1515,56.99,25090408499877
2571.0,0,0.00,62.0,72.0,72.0,47.0,64.0,1525,58.18,52408718906738
2571.0,1,0.00,61.0,78.0,78.0,46.0,62.0,1439,58.21,26216285198913
2571.0,2,99.99,68.0,78.0,78.0,51.0,69.0,1628,175.98,24834631645141
2571.0,3,0.00,63.0,74.0,74.0,47.0,64.0,1522,56.97,25090732084045
2576.0,0,0.00,61.0,70.0,70.0,47.0,63.0,1480,58.08,52409048777343
2577.0,1,,64.0,74.0,74.0,48.0,65.0,1459,112.77,26216925753601
2577.0,2,0.00,65.0,78.0,78.0,50.0,67.0,2050,122.94,24835329950195
2577.0,3,0.00,62.0,74.0,74.0,47.0,64.0,1490,56.80,25091054700012
2582.0,0,0.00,61.0,70.0,70.0,46.0,63.0,1438,57.83,52409377234558
2582.0,1,99.99,66.0,76.0,76.0,50.0,67.0,1428,180.25,26217949601074
2582.0,2,0.00,64.0,78.0,78.0,49.0,66.0,1872,56.82,24835652093933
2583.0,3,0.00,62.0,74.0,74.0,47.0,63.0,1491,56.77,25091376600952
2588.0,0,0.00,60.0,70.0,70.0,46.0,62.0,1427,57.70,52409704964782
2588.0,1,0.00,63.0,76.0,76.0,48.0,64.0,1670,97.06,26218500920959
2588.0,2,0.00,64.0,78.0,78.0,49.0,65.0,1564,56.40,24835972454101
2588.0,3,,66.0,72.0,72.0,50.0,67.0,1480,150.61,25092232079711
2593.0,0,36.08,63.0,66.0,66.0,48.0,64.0,1428,77.72,52410145664062
2594.0,1,0.00,62.0,76.0,76.0,47.0,63.0,1534,58.67,26218833594848
2594.0,2,0.00,63.0,78.0,78.0,48.0,65.0,1524,56.50,24836292798095
2594.0,3,63.38,65.0,74.0,74.0,49.0,66.0,1682,150.85,25093087393859
2599.0,0,,65.0,72.0,70.0,49.0,67.0,1406,180.37,52411170140136
2599.0,1,0.00,62.0,76.0,76.0,47.0,62.0,1480,58.15,26219163910949
2599.0,2,0.00,63.0,78.0,78.0,48.0,65.0,1512,56.08,24836611305603
2600.0,3,0.00,64.0,74.0,74.0,48.0,65.0,1766,57.24,25093412501220
2605.0,0,0.00,63.0,72.0,72.0,48.0,65.0,1482,119.59,52411848242370
2605.0,1,0.00,61.0,76.0,76.0,46.0,62.0,1449,58.07,26219493169311
2605.0,2,,67.0,76.0,76.0,50.0,68.0,1522,126.69,24837330926696
2605.0,3,0.00,63.0,74.0,74.0,48.0,65.0,1522,57.02,25093736350891
2611.0,0,0.00,62.0,72.0,72.0,47.0,64.0,1532,58.38,52412179827209
2611.0,1,0.00,60.0,76.0,76.0,46.0,62.0,1437,58.10,26219823150512
2611.0,2,,67.0,78.0,78.0,51.0,69.0,1713,175.03,24838323327087
2611.0,3,0.00,63.0,74.0,74.0,47.0,64.0,1522,56.99,25094060036987
2616.0,0,0.00,62.0,72.0,72.0,47.0,64.0,1512,58.24,52412510641662
2616.0,1,99.99,65.0,74.0,74.0,49.0,66.0,1416,181.88,26220856236389
2617.0,2,0.00,64.0,78.0,78.0,49.0,66.0,2144,57.13,24838648409118
2617.0,3,0.00,63.0,74.0,74.0,47.0,64.0,1490,56.99,25094383712341
2622.0,0,0.00,61.0,72.0,72.0,47.0,63.0,1448,57.93,52412839098510
2622.0,1,0.40,63.0,76.0,76.0,48.0,65.0,1513,137.49,26221637153137
2622.0,2,0.00,63.0,78.0,78.0,48.0,65.0,1609,56.24,24838967266479
2622.0,3,,66.0,72.0,72.0,49.0,67.0,1502,110.29,25095009066406
2628.0,0,0.00,61.0,72.0,72.0,46.0,63.0,1460,57.85,52413167681457
2628.0,1,0.00,62.0,76.0,76.0,47.0,63.0,1522,58.60,26221969393676
2628.0,2,0.00,63.0,78.0,78.0,48.0,65.0,1522,56.27,24839286899597
2628.0,3,,68.0,74.0,74.0,51.0,68.0,1670,177.81,25096019009521
2633.0,0,,64.0,70.0,70.0,48.0,66.0,1427,121.76,52413859296752
2633.0,1,0.00,62.0,76.0,76.0,47.0,63.0,1502,58.28,26222300446105
2634.0,2,0.00,63.0,78.0,78.0,48.0,64.0,1512,56.32,24839606227478
2634.0,3,0.00,65.0,76.0,76.0,49.0,66.0,1998,108.71,25096635382324
2639.0,0,,66.0,72.0,72.0,50.0,68.0,1440,181.21,52414886769287
2639.0,1,0.00,61.0,76.0,76.0,46.0,62.0,1493,57.92,26222628841064
2639.0,2,0.00,63.0,78.0,78.0,48.0,64.0,1482,55.87,24839923021118
2639.0,3,0.00,64.0,76.0,76.0,48.0,65.0,1758,57.45,25096961136169
2645.0,0,0.00,63.0,72.0,72.0,48.0,65.0,1704,88.36,52415387743713
2645.0,1,0.00,61.0,76.0,76.0,46.0,62.0,1429,58.00,26222957693603
2645.0,2,,67.0,76.0,76.0,50.0,68.0,1503,158.38,24840821010925
2645.0,3,0.00,63.0,76.0,76.0,48.0,64.0,1523,57.03,25097285078674
2650.0,0,0.00,62.0,72.0,72.0,47.0,64.0,1565,58.21,52415718372985
2650.0,1,0.00,64.0,66.0,76.0,47.0,63.0,1427,58.35,26223289103393
2651.0,2,99.99,67.0,78.0,78.0,51.0,69.0,1807,171.64,24841795944641
2651.0,3,0.00,63.0,76.0,76.0,48.0,64.0,1522,57.17,25097609254272
2656.0,0,0.00,62.0,72.0,72.0,47.0,64.0,1459,58.18,52416048832702
2656.0,1,,65.0,74.0,74.0,49.0,66.0,1395,183.56,26224331729736
2656.0,2,0.00,64.0,78.0,78.0,49.0,66.0,2114,57.19,24842120808959
2656.0,3,0.00,63.0,76.0,76.0,47.0,64.0,1501,56.96,25097932806762
2662.0,0,0.00,61.0,72.0,72.0,47.0,64.0,1459,57.92,52416377259399
2662.0,1,86.04,64.0,76.0,76.0,48.0,65.0,1492,168.53,26225288987976
2662.0,2,0.00,64.0,78.0,78.0,48.0,65.0,1703,56.28,24842440485656
2662.0,3,14.91,66.0,70.0,70.0,49.0,66.0,1491,79.18,25098382559082
2667.0,0,0.00,61.0,72.0,72.0,47.0,62.0,1459,57.85,52416705837829
2667.0,1,0.00,63.0,76.0,76.0,48.0,64.0,1585,58.69,26225621756164
2668.0,2,0.00,63.0,78.0,78.0,48.0,65.0,1521,56.29,24842759650756
2668.0,3,,67.0,74.0,74.0,51.0,68.0,1574,177.73,25099392089843
2673.0,0,92.72,64.0,70.0,70.0,48.0,65.0,1427,98.14,52417263287719
2673.0,1,0.00,62.0,76.0,76.0,47.0,63.0,1522,58.42,26225953608276
2673.0,2,0.00,63.0,78.0,78.0,48.0,64.0,1512,56.14,24843078534606
2673.0,3,8.69,65.0,76.0,76.0,49.0,66.0,1936,131.87,25100139767578
2679.0,0,100.00,66.0,72.0,72.0,50.0,67.0,1418,181.25,52418290949401
2679.0,1,0.00,61.0,76.0,76.0,46.0,62.0,1438,58.00,26226283062622
2679.0,2,0.00,63.0,78.0,78.0,47.0,64.0,1501,55.96,24843396390808
2679.0,3,0.00,64.0,76.0,76.0,48.0,66.0,1828,57.57,25100466774047
2684.0,0,0.00,64.0,74.0,74.0,48.0,66.0,1629,124.05,52418995560852
2684.0,1,0.00,61.0,76.0,76.0,46.0,62.0,1449,57.99,26226611849487
2685.0,2,0.00,62.0,78.0,78.0,47.0,64.0,1493,55.90,24843713340270
2685.0,3,0.00,64.0,76.0,76.0,48.0,65.0,1525,57.06,25100790322204
2690.0,0,0.00,63.0,74.0,74.0,48.0,65.0,1569,58.36,52419325896118
2690.0,1,0.00,60.0,76.0,76.0,46.0,61.0,1432,57.86,26226939363403
2690.0,2,0.00,62.0,78.0,78.0,47.0,63.0,1484,55.80,24844029196289
2690.0,3,0.00,63.0,76.0,76.0,48.0,64.0,1515,57.29,25101114591430
2696.0,0,86.25,65.0,72.0,70.0,49.0,67.0,1513,95.95,52419869959533
2696.0,1,0.00,60.0,76.0,76.0,45.0,61.0,1417,57.88,26227267566711
2696.0,2,0.00,62.0,78.0,78.0,47.0,63.0,1480,55.84,24844346343505
2696.0,3,0.00,63.0,76.0,76.0,47.0,64.0,1512,57.27,25101439888183
2701.0,0,100.00,67.0,74.0,74.0,50.0,69.0,1554,181.78,52420902462158
2701.0,1,0.00,60.0,76.0,76.0,45.0,61.0,1407,57.50,26227594193359
2702.0,2,0.00,62.0,78.0,78.0,47.0,63.0,1428,55.74,24844662399780
2702.0,3,0.00,63.0,76.0,76.0,47.0,64.0,1512,57.08,25101763517395
2707.0,0,0.00,65.0,74.0,74.0,49.0,67.0,1839,124.97,52421612268981
2707.0,1,0.00,60.0,76.0,76.0,45.0,60.0,1373,57.64,26227921568969
2707.0,2,0.00,62.0,78.0,78.0,47.0,63.0,1437,55.73,24844978936645
2707.0,3,99.99,67.0,72.0,72.0,50.0,67.0,1500,126.45,25102483024719
2713.0,0,0.00,63.0,74.0,74.0,48.0,65.0,1701,58.57,52421944931457
2713.0,1,0.00,59.0,76.0,76.0,45.0,60.0,1363,57.74,26228249541259
2713.0,2,0.00,61.0,78.0,78.0,47.0,63.0,1459,55.85,24845296138854
2713.0,3,,68.0,74.0,74.0,51.0,69.0,1702,177.98,25103493969543
2718.0,0,,67.0,74.0,74.0,51.0,68.0,1512,143.33,52422757635192
2719.0,1,0.00,59.0,76.0,76.0,45.0,60.0,1374,57.66,26228577036376
2719.0,2,0.00,61.0,78.0,78.0,47.0,63.0,1459,55.90,24845613640258
2719.0,3,0.00,65.0,76.0,76.0,49.0,66.0,2072,88.16,25103993833251
2724.0,0,100.00,68.0,76.0,76.0,51.0,69.0,1817,182.76,52423795737060
2724.0,1,0.00,59.0,76.0,76.0,44.0,60.0,1364,57.65,26228903918029
2724.0,2,0.00,61.0,78.0,78.0,46.0,63.0,1448,55.55,24845929167419
2724.0,3,0.00,64.0,76.0,76.0,48.0,65.0,1755,57.18,25104318643005
2730.0,0,0.00,64.0,76.0,76.0,48.0,66.0,2123,71.53,52424202055114
2730.0,1,0.00,58.0,76.0,76.0,44.0,60.0,1342,57.53,26229231275634
2730.0,2,100.00,66.0,74.0,74.0,50.0,67.0,1436,175.88,24846928168273
2730.0,3,0.00,63.0,76.0,76.0,48.0,65.0,1520,57.20,25104643560424
2735.0,0,0.00,63.0,76.0,76.0,48.0,65.0,1709,58.54,52424535124206
2736.0,1,46.52,62.0,68.0,68.0,46.0,62.0,1361,84.48,26229711977233
2736.0,2,54.89,64.0,76.0,76.0,49.0,66.0,1626,148.94,24847775643127
2736.0,3,0.00,63.0,76.0,76.0,48.0,64.0,1521,57.02,25104968005371
2741.0,0,0.00,63.0,76.0,76.0,47.0,64.0,1502,58.10,52424865131958
2741.0,1,100.00,64.0,72.0,72.0,48.0,64.0,1343,179.39,26230729126342
2741.0,2,0.00,64.0,76.0,76.0,48.0,65.0,1629,56.34,24848095107116
2742.0,3,0.00,63.0,76.0,76.0,47.0,64.0,1512,57.14,25105292548706
2747.0,0,0.00,62.0,76.0,76.0,47.0,64.0,1492,58.15,52425194868774
2747.0,1,0.00,61.0,74.0,74.0,46.0,62.0,1460,102.98,26231313025329
2747.0,2,0.00,63.0,76.0,76.0,48.0,65.0,1534,56.21,24848413835205
2747.0,3,,67.0,74.0,74.0,50.0,67.0,1524,143.36,25106105412353
2752.0,0,0.00,62.0,76.0,76.0,47.0,63.0,1500,58.15,52425525133911
2753.0,1,0.00,60.0,74.0,74.0,46.0,61.0,1468,57.88,26231642389038
2753.0,2,0.00,63.0,76.0,76.0,48.0,64.0,1521,56.07,24848732847167
2753.0,3,100.00,68.0,76.0,76.0,51.0,69.0,1827,178.29,25107118117675
2758.0,0,,65.0,72.0,72.0,49.0,67.0,1416,147.47,52426362776367
2758.0,1,0.00,60.0,74.0,74.0,45.0,61.0,1406,58.03,26231971416931
2758.0,2,0.00,62.0,76.0,76.0,47.0,64.0,1469,56.06,24849051257202
2759.0,3,0.00,65.0,76.0,76.0,49.0,66.0,2124,83.89,25107594585327
2764.0,0,,67.0,74.0,74.0,51.0,69.0,1565,182.05,52427394984863
2764.0,1,0.00,59.0,74.0,74.0,45.0,61.0,1385,57.56,26232298376342
2764.0,2,0.00,67.0,68.0,68.0,49.0,66.0,1490,61.10,24849397666992
2764.0,3,0.00,64.0,76.0,76.0,48.0,65.0,1807,57.16,25107919231201
2769.0,0,0.00,63.0,74.0,74.0,48.0,65.0,1954,62.91,52427752939514
2770.0,1,0.00,59.0,74.0,74.0,45.0,60.0,1363,57.67,26232625966308
2770.0,2,100.00,67.0,76.0,76.0,50.0,68.0,1459,178.31,24850410453979
2770.0,3,0.00,63.0,76.0,76.0,48.0,65.0,1523,57.22,25108243651916
2775.0,0,0.00,63.0,74.0,74.0,47.0,64.0,1544,58.45,52428084379272
2775.0,1,,63.0,70.0,70.0,47.0,63.0,1375,112.09,26233262620910
2775.0,2,0.00,65.0,78.0,78.0,49.0,66.0,1743,122.41,24851105737365
2776.0,3,0.00,63.0,76.0,76.0,48.0,64.0,1512,57.18,25108568436889
2781.0,0,0.00,62.0,74.0,74.0,47.0,64.0,1512,58.39,52428416060974
2781.0,1,99.99,64.0,74.0,74.0,48.0,65.0,1386,179.82,26234282183105
2781.0,2,0.00,64.0,78.0,78.0,49.0,65.0,1650,56.47,24851425914367
2781.0,3,0.00,63.0,76.0,76.0,47.0,64.0,1512,57.04,25108892417419
2786.0,0,0.00,62.0,74.0,74.0,47.0,64.0,1490,57.97,52428745357116
2787.0,1,0.00,62.0,74.0,74.0,46.0,62.0,1499,77.09,26234720829528
2787.0,2,0.00,63.0,78.0,78.0,48.0,65.0,1552,56.14,24851745360412
2787.0,3,,67.0,74.0,74.0,51.0,68.0,1531,169.30,25109854063232
2792.0,0,64.42,64.0,70.0,70.0,49.0,66.0,1445,87.70,52429244372558
2792.0,1,0.00,61.0,74.0,74.0,46.0,62.0,1498,58.10,26235050824157
2792.0,2,0.00,63.0,78.0,78.0,48.0,65.0,1509,56.10,24852064542602
2793.0,3,37.06,65.0,76.0,76.0,49.0,67.0,1879,141.49,25110659167053
2798.0,0,100.00,66.0,72.0,72.0,50.0,68.0,1437,181.46,52430275081542
2798.0,1,0.00,60.0,74.0,74.0,45.0,61.0,1416,57.94,26235379910766
2798.0,2,0.00,62.0,78.0,78.0,48.0,64.0,1511,56.20,24852383780883
2798.0,3,0.00,64.0,76.0,76.0,48.0,65.0,1869,57.55,25110986029846
2804.0,0,0.00,64.0,74.0,74.0,48.0,65.0,1679,102.90,52430860564880
2804.0,1,0.00,60.0,74.0,74.0,45.0,61.0,1394,57.61,26235707730102
2804.0,2,,67.0,76.0,76.0,50.0,67.0,1490,144.20,24853202832946
2804.0,3,0.00,63.0,76.0,76.0,48.0,65.0,1564,57.05,25111310070556
2809.0,0,0.00,63.0,74.0,74.0,48.0,65.0,1543,58.40,52431192298034
2809.0,1,0.00,60.0,74.0,74.0,45.0,60.0,1385,57.72,26236035606018
2810.0,2,,68.0,78.0,78.0,52.0,69.0,1723,176.07,24854202924133
2810.0,3,0.00,63.0,76.0,76.0,48.0,64.0,1501,57.11,25111634483459
2815.0,0,0.00,62.0,74.0,74.0,47.0,64.0,1512,58.45,52431523714477
2815.0,1,99.99,64.0,72.0,72.0,48.0,65.0,1374,164.35,26236967490722
2815.0,2,0.00,65.0,78.0,78.0,49.0,66.0,2125,72.85,24854616697753
2815.0,3,0.00,63.0,76.0,76.0,47.0,64.0,1501,57.05,25111958550354
2821.0,0,0.00,62.0,74.0,74.0,47.0,64.0,1501,58.15,52431853995788
2821.0,1,86.05,63.0,76.0,76.0,48.0,64.0,1428,168.08,26237922181945
2821.0,2,0.00,64.0,78.0,78.0,48.0,65.0,1755,56.34,24854936130310
2821.0,3,15.12,66.0,70.0,70.0,49.0,66.0,1512,79.81,25112411090087
2826.0,0,0.00,61.0,74.0,74.0,47.0,63.0,1459,57.97,52432183283020
2826.0,1,0.00,62.0,76.0,76.0,47.0,63.0,1543,58.32,26238253418090
2827.0,2,0.00,63.0,78.0,78.0,48.0,65.0,1522,56.19,24855255268005
2827.0,3,,68.0,74.0,74.0,51.0,68.0,1607,177.79,25113420949523
2832.0,0,70.81,64.0,70.0,70.0,48.0,66.0,1450,90.28,52432695172912
2832.0,1,0.00,61.0,76.0,76.0,46.0,62.0,1471,58.10,26238582845703
2832.0,2,0.00,63.0,78.0,78.0,48.0,64.0,1481,56.16,24855574268493
2832.0,3,28.48,66.0,76.0,76.0,49.0,67.0,1967,138.78,25114209205993
2838.0,0,100.00,66.0,72.0,72.0,50.0,68.0,1448,181.28,52433724864868
2838.0,1,0.00,60.0,76.0,76.0,46.0,62.0,1427,58.07,26238912666748
2838.0,2,0.00,63.0,78.0,78.0,48.0,64.0,1502,56.18,24855892820617
2838.0,3,0.00,64.0,76.0,76.0,48.0,65.0,1977,57.75,25114536664184
2843.0,0,0.00,64.0,74.0,74.0,49.0,66.0,1712,136.81,52434501959106
2843.0,1,0.00,60.0,76.0,76.0,45.0,61.0,1427,57.75,26239240695251
2844.0,2,100.00,66.0,74.0,74.0,50.0,67.0,1490,110.75,24856521887573
2844.0,3,0.00,64.0,76.0,76.0,48.0,65.0,1554,57.01,25114860468444
2849.0,0,0.00,63.0,74.0,74.0,48.0,65.0,1670,58.39,52434833634765
2849.0,1,0.00,60.0,76.0,76.0,45.0,61.0,1427,57.71,26239568497314
2849.0,2,,68.0,78.0,78.0,51.0,69.0,1606,175.94,24857521229003
2849.0,3,0.00,63.0,76.0,76.0,48.0,65.0,1500,57.07,25115184600708
2855.0,0,0.00,63.0,74.0,74.0,47.0,64.0,1524,58.42,52435164867797
2855.0,1,,64.0,72.0,72.0,48.0,65.0,1344,139.74,26240360827514
2855.0,2,0.00,65.0,78.0,78.0,49.0,66.0,2011,96.00,24858065570129
2855.0,3,0.00,63.0,76.0,76.0,48.0,64.0,1525,57.13,25115508532348
2860.0,0,0.00,62.0,74.0,74.0,47.0,64.0,1513,58.34,52435495672241
2860.0,1,,66.0,74.0,74.0,49.0,66.0,1417,179.83,26241382261474
2861.0,2,0.00,64.0,78.0,78.0,48.0,65.0,1798,56.73,24858387797790
2861.0,3,0.00,63.0,76.0,76.0,47.0,64.0,1512,56.97,25115832117736
2866.0,0,0.00,61.0,74.0,74.0,47.0,64.0,1471,57.93,52435824734924
2866.0,1,0.00,62.0,76.0,76.0,47.0,63.0,1524,81.35,26241843492248
2866.0,2,0.00,63.0,78.0,78.0,48.0,65.0,1491,56.19,24858706414794
2866.0,3,0.00,63.0,76.0,76.0,47.0,64.0,1491,56.95,25116155031738
2872.0,0,0.00,61.0,74.0,74.0,46.0,63.0,1448,58.13,52436154923583
2872.0,1,0.00,62.0,76.0,76.0,47.0,62.0,1491,58.32,26242174765258
2872.0,2,0.00,63.0,78.0,78.0,48.0,64.0,1512,56.14,24859025271179
2872.0,3,0.00,62.0,76.0,76.0,47.0,64.0,1492,57.02,25116478900695
2877.0,0,0.00,61.0,74.0,74.0,46.0,63.0,1450,58.02,52436483914428
2877.0,1,100.00,65.0,74.0,74.0,49.0,66.0,1460,134.49,26242937347167
2878.0,2,0.00,62.0,78.0,78.0,48.0,64.0,1524,56.21,24859343996093
2878.0,3,0.00,62.0,76.0,76.0,47.0,63.0,1502,57.02,25116802177795
2883.0,0,0.00,61.0,74.0,74.0,46.0,63.0,1428,57.74,52436811317260
2883.0,1,99.99,66.0,76.0,76.0,50.0,67.0,1523,180.74,26243962131286
2883.0,2,0.00,62.0,78.0,78.0,47.0,64.0,1460,55.98,24859661382446
2883.0,3,0.00,62.0,76.0,76.0,47.0,63.0,1480,56.82,25117124906982
2889.0,0,0.00,60.0,74.0,74.0,46.0,62.0,1428,57.74,52437139307922
2889.0,1,100.00,67.0,78.0,78.0,51.0,68.0,1799,182.96,26245001323608
2889.0,2,100.00,67.0,76.0,76.0,50.0,68.0,1482,156.88,24860552437438
2889.0,3,0.00,62.0,76.0,76.0,47.0,63.0,1451,56.73,25117446023864
2894.0,0,0.00,60.0,74.0,74.0,46.0,62.0,1442,57.92,52437467157470
2895.0,1,100.00,68.0,80.0,80.0,51.0,69.0,2046,180.64,26246023772216
2895.0,2,,68.0,78.0,78.0,52.0,69.0,1739,176.12,24861549250305
2895.0,3,0.00,67.0,66.0,66.0,49.0,65.0,1453,61.30,25117793609313
2900.0,0,100.00,64.0,70.0,70.0,49.0,66.0,1377,174.43,52438454423095
2900.0,1,0.00,64.0,80.0,80.0,48.0,65.0,2170,62.41,26246377611694
2900.0,2,0.00,64.0,78.0,78.0,49.0,66.0,2105,59.16,24861884660156
2900.0,3,,67.0,72.0,72.0,50.0,67.0,1439,180.01,25118814286437
2906.0,0,1.56,63.0,72.0,72.0,48.0,65.0,1440,141.97,52439259379272
2906.0,1,97.97,66.0,76.0,76.0,49.0,66.0,1674,104.07,26246966644470
2906.0,2,53.98,67.0,76.0,76.0,50.0,68.0,1696,89.43,24862390816345
2906.0,3,45.44,65.0,74.0,74.0,49.0,66.0,1717,144.55,25119632419128
2911.0,0,0.00,62.0,72.0,72.0,47.0,64.0,1516,58.24,52439589014221
2912.0,1,,67.0,80.0,78.0,50.0,68.0,1696,180.91,26247992381713
2912.0,2,100.00,68.0,78.0,80.0,51.0,69.0,1748,176.50,24863389808776
2912.0,3,0.00,64.0,74.0,74.0,48.0,65.0,1813,57.30,25119956757202
2917.0,0,,65.0,70.0,70.0,49.0,67.0,1495,111.14,52440218077575
2917.0,1,0.00,65.0,80.0,80.0,49.0,65.0,1962,130.52,26248729823364
2917.0,2,0.00,66.0,80.0,80.0,50.0,67.0,2036,121.85,24864079467956
2917.0,3,100.00,67.0,74.0,74.0,50.0,68.0,1538,117.42,25120621379394
2923.0,0,100.00,67.0,74.0,74.0,50.0,68.0,1538,181.72,52441246610351
2923.0,1,0.00,63.0,80.0,80.0,48.0,64.0,1804,59.10,26249064302734
2923.0,2,0.00,64.0,80.0,80.0,49.0,66.0,1995,56.95,24864401812194
2923.0,3,,68.0,76.0,76.0,51.0,69.0,1857,177.87,25121628143981
2928.0,0,0.00,63.0,74.0,74.0,48.0,65.0,1898,70.63,52441646402221
2928.0,1,,67.0,78.0,78.0,50.0,67.0,1527,164.37,26249994621032
2929.0,2,99.99,68.0,80.0,80.0,52.0,70.0,1866,175.77,24865396685119
2929.0,3,0.00,65.0,76.0,76.0,49.0,66.0,2152,70.54,25122027424072
2934.0,0,86.07,66.0,72.0,72.0,49.0,67.0,1548,95.91,52442189266723
2934.0,1,41.07,65.0,80.0,80.0,49.0,66.0,1812,152.96,26250860353149
2934.0,2,15.15,66.0,80.0,80.0,50.0,67.0,2109,136.74,24866170623901
2934.0,3,60.43,67.0,74.0,74.0,50.0,68.0,1781,96.12,25122571461853
2940.0,0,100.00,67.0,74.0,74.0,51.0,69.0,1611,181.94,52443220870971
2940.0,1,0.00,63.0,80.0,80.0,48.0,64.0,1771,59.10,26251195471496
2940.0,2,0.00,65.0,80.0,80.0,49.0,66.0,2057,57.28,24866494839660
2940.0,3,99.99,68.0,76.0,76.0,52.0,69.0,1940,178.41,25123581240600
2945.0,0,0.00,65.0,76.0,76.0,49.0,67.0,1888,130.59,52443960011108
2945.0,1,,66.0,76.0,76.0,50.0,67.0,1517,115.97,26251851856384
2946.0,2,,68.0,78.0,78.0,51.0,69.0,1771,118.59,24867166039855
2946.0,3,0.00,66.0,78.0,78.0,50.0,67.0,2195,118.08,25124249593322
2951.0,0,0.00,64.0,76.0,76.0,48.0,65.0,1791,58.68,52444292149414
2951.0,1,,68.0,78.0,80.0,51.0,68.0,1739,180.83,26252875374145
2951.0,2,99.99,69.0,80.0,80.0,52.0,70.0,1983,176.40,24868166223266
2951.0,3,0.00,64.0,78.0,78.0,49.0,65.0,2004,57.62,25124575737548
2957.0,0,,67.0,74.0,74.0,51.0,68.0,1537,140.30,52445086262084
2957.0,1,0.00,64.0,80.0,80.0,49.0,65.0,2034,115.47,26253528960876
2957.0,2,0.00,66.0,80.0,80.0,50.0,67.0,2266,94.08,24868698696960
2957.0,3,,68.0,76.0,76.0,51.0,69.0,1673,133.53,25125332832092
2962.0,0,100.00,68.0,76.0,76.0,51.0,69.0,1801,182.69,52446120259643
2962.0,1,0.00,63.0,80.0,80.0,48.0,64.0,1705,58.88,26253862807067
2963.0,2,0.00,64.0,80.0,80.0,49.0,66.0,1970,56.92,24869021418640
2963.0,3,,69.0,78.0,78.0,52.0,70.0,2012,178.73,25126346226318
2968.0,0,0.00,64.0,76.0,76.0,49.0,66.0,2020,68.92,52446511752075
2968.0,1,0.00,62.0,80.0,80.0,47.0,63.0,1502,58.68,26254195501953
2968.0,2,0.00,64.0,80.0,80.0,49.0,66.0,1525,56.58,24869342242797
2968.0,3,0.00,65.0,78.0,78.0,50.0,67.0,2308,85.77,25126832528015
2974.0,0,0.00,63.0,76.0,76.0,48.0,65.0,1558,58.29,52446841682861
2974.0,1,0.00,62.0,80.0,80.0,47.0,63.0,1485,58.45,26254526302795
2974.0,2,0.00,64.0,80.0,80.0,48.0,65.0,1536,56.56,24869662375854
2974.0,3,0.00,64.0,78.0,78.0,48.0,66.0,2044,57.50,25127158000671
2979.0,0,100.00,67.0,72.0,72.0,50.0,68.0,1493,124.29,52447546426025
2979.0,1,0.00,61.0,80.0,80.0,46.0,62.0,1460,58.26,26254856650085
2980.0,2,0.00,63.0,80.0,80.0,48.0,65.0,1523,56.44,24869982396423
2980.0,3,0.00,63.0,78.0,78.0,48.0,65.0,1544,57.31,25127483502868
2985.0,0,100.00,68.0,76.0,76.0,51.0,69.0,1723,182.27,52448581691528
2985.0,1,0.00,61.0,80.0,80.0,46.0,62.0,1458,58.21,26255187275512
2985.0,2,0.00,63.0,80.0,80.0,48.0,65.0,1511,56.30,24870302728576
2985.0,3,0.00,64.0,78.0,78.0,48.0,65.0,1501,57.25,25127808689758
2991.0,0,,69.0,78.0,78.0,51.0,70.0,2107,185.97,52449636139648
2991.0,1,0.00,61.0,80.0,80.0,46.0,61.0,1420,57.72,26255514547973
2991.0,2,0.00,63.0,80.0,80.0,48.0,64.0,1517,56.13,24870619834899
2991.0,3,,68.0,74.0,74.0,51.0,69.0,1602,155.86,25128689294799
2996.0,0,,69.0,78.0,78.0,52.0,71.0,2271,183.11,52450670726196
2996.0,1,0.00,60.0,80.0,80.0,45.0,61.0,1433,58.01,26255842290893
2997.0,2,0.00,67.0,68.0,80.0,49.0,66.0,1486,56.89,24870941837341
2997.0,3,,68.0,78.0,78.0,51.0,69.0,1974,173.82,25129673101135
3002.0,0,0.00,65.0,78.0,78.0,49.0,67.0,2316,74.17,52451089793090
3002.0,1,,65.0,74.0,74.0,48.0,65.0,1403,172.22,26256815356506
3002.0,2,,67.0,78.0,78.0,51.0,68.0,1520,179.81,24871957789428
3002.0,3,0.00,65.0,78.0,78.0,49.0,66.0,2337,58.37,25130002332641
3008.0,0,85.95,67.0,74.0,74.0,50.0,68.0,1890,96.57,52451635423278
3008.0,1,13.70,63.0,76.0,76.0,48.0,64.0,1443,142.39,26257619831909
3008.0,2,45.77,66.0,80.0,80.0,50.0,67.0,1857,147.22,24872789610595
3008.0,3,53.84,67.0,74.0,74.0,51.0,68.0,1887,93.78,25130533120666
3013.0,0,,68.0,76.0,78.0,51.0,69.0,1800,182.66,52452671077880
3013.0,1,0.00,62.0,76.0,76.0,47.0,63.0,1525,58.39,26257950883056
3014.0,2,0.00,64.0,80.0,80.0,49.0,66.0,1948,56.73,24873111284057
3014.0,3,,68.0,78.0,78.0,52.0,69.0,1896,178.62,25131545868225
3019.0,0,0.00,65.0,78.0,78.0,50.0,67.0,2033,139.93,52453464457214
3019.0,1,,65.0,74.0,74.0,49.0,66.0,1493,114.68,26258601132263
3019.0,2,99.99,67.0,76.0,76.0,51.0,69.0,1588,110.19,24873736068298
3019.0,3,0.00,66.0,78.0,78.0,50.0,67.0,2180,120.07,25132226676208
3025.0,0,0.00,64.0,78.0,78.0,48.0,66.0,1918,59.16,52453799324279
3025.0,1,100.00,67.0,78.0,76.0,50.0,67.0,1537,180.99,26259625545715
3025.0,2,,69.0,80.0,80.0,52.0,70.0,1876,176.53,24874735254638
3025.0,3,0.00,65.0,78.0,78.0,49.0,66.0,2014,57.84,25132554035644
3030.0,0,100.00,68.0,76.0,76.0,51.0,69.0,1622,158.47,52454696236877
3030.0,1,0.00,63.0,78.0,78.0,48.0,64.0,1739,67.22,26260006035278
3031.0,2,0.00,65.0,80.0,80.0,49.0,67.0,2122,76.58,24875168691955
3031.0,3,100.00,69.0,78.0,78.0,52.0,69.0,1868,180.86,25133577720397
3036.0,0,47.59,66.0,78.0,78.0,50.0,68.0,1942,160.50,52455604654602
3036.0,1,86.27,66.0,74.0,74.0,49.0,66.0,1571,99.32,26260568185424
3036.0,2,53.52,67.0,76.0,76.0,51.0,68.0,1836,89.49,24875674287292
3036.0,3,15.16,66.0,78.0,78.0,50.0,67.0,2197,135.05,25134340775146
3042.0,0,0.00,64.0,78.0,78.0,49.0,66.0,2047,59.18,52455939625976
3042.0,1,,67.0,78.0,78.0,50.0,68.0,1590,181.21,26261593832885
3042.0,2,,69.0,80.0,80.0,52.0,70.0,1918,176.43,24876674641174
3042.0,3,0.00,65.0,78.0,78.0,49.0,66.0,2088,57.79,25134668468566
3047.0,0,,67.0,74.0,74.0,50.0,68.0,1590,112.37,52456575663696
3047.0,1,0.00,64.0,78.0,78.0,49.0,65.0,1889,128.43,26262319436889
3048.0,2,0.00,66.0,82.0,82.0,50.0,67.0,2154,121.63,24877361864562
3048.0,3,,68.0,76.0,76.0,51.0,68.0,1761,121.38,25135354277954
3053.0,0,99.99,68.0,78.0,76.0,51.0,70.0,1813,182.84,52457610543518
3053.0,1,0.00,63.0,78.0,78.0,48.0,64.0,1727,58.86,26262653147338
3053.0,2,0.00,65.0,82.0,82.0,49.0,66.0,1992,57.12,24877685718200
3053.0,3,99.99,69.0,78.0,78.0,52.0,70.0,2055,178.77,25136367885803
3059.0,0,0.00,65.0,78.0,78.0,49.0,67.0,2098,114.47,52458258439758
3059.0,1,,67.0,76.0,76.0,50.0,67.0,1494,141.83,26263455908691
3059.0,2,99.99,68.0,78.0,80.0,51.0,69.0,1779,133.88,24878443467590
3059.0,3,0.00,66.0,78.0,78.0,50.0,67.0,2308,93.28,25136896806884
3064.0,0,0.00,64.0,78.0,78.0,48.0,66.0,1916,58.93,52458592577941
3064.0,1,,68.0,78.0,80.0,51.0,69.0,1758,180.27,26264478067138
3065.0,2,,69.0,80.0,82.0,52.0,70.0,1991,176.69,24879445306457
3065.0,3,0.00,64.0,78.0,78.0,49.0,66.0,2022,57.87,25137224330383
3070.0,0,0.00,63.0,78.0,78.0,48.0,65.0,1525,58.34,52458923369018
3070.0,1,0.00,64.0,80.0,80.0,48.0,65.0,2023,67.11,26264858607299
3070.0,2,0.00,65.0,82.0,82.0,50.0,67.0,2265,83.86,24879920813659
3070.0,3,0.00,64.0,78.0,78.0,48.0,65.0,1599,57.50,25137550356262
3076.0,0,0.00,62.0,78.0,78.0,47.0,64.0,1520,58.38,52459255560913
3076.0,1,0.00,62.0,80.0,80.0,47.0,63.0,1540,58.58,26265191904907
3076.0,2,0.00,64.0,82.0,82.0,49.0,66.0,1931,56.98,24880245029296
3076.0,3,0.00,64.0,78.0,78.0,48.0,65.0,1540,57.33,25137876550476
3081.0,0,0.00,62.0,78.0,78.0,47.0,64.0,1460,58.17,52459585375244
3081.0,1,0.00,62.0,80.0,80.0,47.0,63.0,1502,58.37,26265522848754
3082.0,2,100.00,68.0,78.0,80.0,51.0,69.0,1586,131.91,24880994294006
3082.0,3,0.00,63.0,78.0,78.0,48.0,65.0,1523,57.06,25138200678710
3087.0,0,0.00,62.0,78.0,78.0,47.0,64.0,1481,58.01,52459914899047
3087.0,1,0.00,61.0,80.0,80.0,46.0,62.0,1460,58.26,26265853756225
3087.0,2,,69.0,82.0,82.0,52.0,70.0,1947,176.92,24881997448303
3087.0,3,0.00,63.0,78.0,78.0,48.0,64.0,1513,57.14,25138524675842
3093.0,0,0.00,61.0,78.0,78.0,47.0,64.0,1462,58.32,52460244963684
3093.0,1,,66.0,76.0,76.0,49.0,66.0,1420,154.25,26266726814514
3093.0,2,100.00,70.0,82.0,82.0,53.0,71.0,2300,179.98,24883016120483
3093.0,3,0.00,63.0,78.0,78.0,48.0,64.0,1516,57.12,25138847981262
3098.0,0,0.00,61.0,78.0,78.0,46.0,63.0,1464,57.84,52460572361938
3098.0,1,99.99,67.0,78.0,78.0,50.0,68.0,1570,180.93,26267750887390
3099.0,2,,69.0,84.0,84.0,52.0,71.0,2460,177.95,24884023314941
3099.0,3,0.00,69.0,66.0,66.0,50.0,66.0,1516,61.63,25139196785034
3104.0,0,,66.0,72.0,72.0,49.0,67.0,1409,173.89,52461558295410
3104.0,1,0.00,63.0,78.0,78.0,48.0,64.0,1960,65.60,26268122188537
3104.0,2,0.00,66.0,84.0,84.0,50.0,67.0,2490,58.08,24884352043151
3104.0,3,,68.0,74.0,74.0,51.0,68.0,1559,180.41,25140217888854
3110.0,0,57.11,67.0,72.0,72.0,51.0,68.0,1548,169.08,52462515273132
3110.0,1,0.00,62.0,78.0,78.0,47.0,63.0,1547,58.53,26268454029174
3110.0,2,96.00,68.0,80.0,80.0,51.0,69.0,2086,105.27,24884948923645
3110.0,3,45.84,66.0,76.0,76.0,50.0,67.0,1948,145.25,25141041443176
3115.0,0,,68.0,76.0,76.0,51.0,69.0,1864,182.75,52463551484802
3115.0,1,0.00,62.0,78.0,78.0,47.0,62.0,1494,58.52,26268785260742
3116.0,2,,69.0,82.0,82.0,52.0,70.0,2014,177.03,24885950913696
3116.0,3,0.00,64.0,76.0,76.0,49.0,66.0,1972,57.83,25141368751159
3121.0,0,0.00,65.0,76.0,76.0,49.0,67.0,2065,134.17,52464310862915
3121.0,1,,65.0,74.0,74.0,49.0,66.0,1460,114.34,26269434725463
3121.0,2,0.00,66.0,82.0,82.0,50.0,68.0,2220,122.89,24886648930908
3121.0,3,,68.0,74.0,74.0,51.0,68.0,1671,119.44,25142047198364
3127.0,0,0.00,64.0,76.0,76.0,48.0,65.0,1927,58.85,52464644545471
3127.0,1,100.00,66.0,78.0,78.0,50.0,67.0,1495,180.69,26270457439086
3127.0,2,0.00,65.0,82.0,82.0,49.0,66.0,2036,57.14,24886972322753
3127.0,3,,69.0,78.0,76.0,52.0,70.0,1993,178.65,25143058343200
3132.0,0,,67.0,76.0,74.0,51.0,69.0,1613,163.39,52465569329956
3132.0,1,0.00,63.0,78.0,78.0,47.0,64.0,1751,67.27,26270838205871
3133.0,2,,69.0,82.0,82.0,52.0,70.0,1888,175.83,24887967547912
3133.0,3,0.00,65.0,78.0,78.0,49.0,67.0,2301,69.00,25143448904235
3138.0,0,36.68,65.0,76.0,76.0,50.0,67.0,1920,156.42,52466454685119
3138.0,1,85.52,65.0,74.0,74.0,49.0,66.0,1559,99.66,26271402255981
3138.0,2,15.81,66.0,82.0,82.0,50.0,68.0,2163,137.12,24888743644714
3138.0,3,64.54,68.0,74.0,74.0,51.0,68.0,1876,97.83,25144002626220
3144.0,0,0.00,64.0,76.0,76.0,48.0,66.0,1927,58.89,52466788599670
3144.0,1,,67.0,78.0,78.0,50.0,68.0,1536,181.21,26272427896118
3144.0,2,0.00,65.0,82.0,82.0,49.0,66.0,2108,57.23,24889067557800
3144.0,3,,69.0,78.0,78.0,52.0,70.0,1982,178.82,25145014754150
3149.0,0,,67.0,74.0,74.0,50.0,68.0,1560,115.00,52467438358459
3149.0,1,0.00,64.0,78.0,78.0,49.0,65.0,1877,126.10,26273141633605
3150.0,2,100.00,68.0,80.0,80.0,51.0,69.0,1761,122.16,24889759005920
3150.0,3,0.00,66.0,78.0,78.0,50.0,67.0,2238,114.45,25145662529663
3155.0,0,100.00,68.0,76.0,76.0,51.0,70.0,1802,182.82,52468473117065
3155.0,1,0.00,63.0,78.0,78.0,48.0,64.0,1653,58.79,26273474988586
3155.0,2,100.00,69.0,82.0,82.0,52.0,70.0,1992,176.88,24890761919250
3155.0,3,0.00,65.0,78.0,78.0,49.0,66.0,2055,57.85,25145990541137
3161.0,0,0.00,65.0,78.0,78.0,49.0,67.0,2098,117.78,52469140939025
3161.0,1,100.00,67.0,76.0,76.0,50.0,67.0,1506,130.95,26274216147949
3161.0,2,0.00,66.0,82.0,82.0,50.0,67.0,2278,80.20,24891215878417
3161.0,3,,69.0,78.0,76.0,51.0,69.0,1865,162.64,25146911057312
3166.0,0,0.00,64.0,78.0,78.0,48.0,66.0,1873,58.82,52469474451721
3166.0,1,,67.0,78.0,78.0,51.0,68.0,1713,181.42,26275244792419
3167.0,2,0.00,64.0,82.0,82.0,49.0,66.0,1989,56.98,24891538958068
3167.0,3,96.41,67.0,78.0,78.0,51.0,68.0,2178,163.30,25147838607238
3172.0,0,0.00,63.0,78.0,78.0,48.0,65.0,1511,58.25,52469805319396
3172.0,1,0.00,64.0,80.0,80.0,48.0,65.0,1914,91.75,26275765936523
3172.0,2,0.00,64.0,82.0,82.0,49.0,66.0,1545,56.48,24891859210632
3172.0,3,0.00,65.0,78.0,78.0,49.0,66.0,2255,58.18,25148168490966
3178.0,0,0.00,62.0,78.0,78.0,48.0,64.0,1494,58.47,52470136241149
3178.0,1,0.00,63.0,80.0,80.0,47.0,64.0,1610,59.28,26276101455932
3178.0,2,0.00,64.0,82.0,82.0,48.0,66.0,1537,56.83,24892181426696
3178.0,3,0.00,64.0,78.0,78.0,48.0,66.0,1801,57.63,25148494695617
3183.0,0,0.00,62.0,78.0,78.0,47.0,64.0,1503,58.12,52470465772705
3183.0,1,,66.0,76.0,76.0,50.0,67.0,1513,125.99,26276815828186
3184.0,2,0.00,63.0,82.0,82.0,48.0,65.0,1511,56.30,24892501190368
3184.0,3,0.00,64.0,78.0,78.0,48.0,65.0,1512,57.07,25148818862731
3189.0,0,0.00,62.0,78.0,78.0,47.0,64.0,1470,57.99,52470795143981
3189.0,1,99.99,68.0,78.0,78.0,51.0,68.0,1693,180.42,26277840613769
3189.0,2,0.00,63.0,82.0,82.0,48.0,65.0,1525,56.27,24892820214050
3189.0,3,0.00,63.0,78.0,78.0,48.0,64.0,1514,57.12,25149142708862
3195.0,0,0.00,61.0,78.0,78.0,47.0,64.0,1452,58.17,52471124386779
3195.0,1,,68.0,80.0,80.0,51.0,69.0,1960,182.75,26278874950927
3195.0,2,0.00,63.0,82.0,82.0,48.0,65.0,1515,56.43,24893139596740
3195.0,3,,68.0,74.0,74.0,51.0,69.0,1590,154.02,25150014445678
3200.0,0,0.00,61.0,78.0,78.0,47.0,63.0,1463,58.07,52471453622192
3200.0,1,,68.0,80.0,82.0,51.0,69.0,2165,181.06,26279899742553
3201.0,2,0.00,63.0,82.0,82.0,48.0,64.0,1486,56.33,24893458416137
3201.0,3,,69.0,76.0,78.0,52.0,70.0,1942,178.38,25151024054138
3206.0,0,100.00,66.0,72.0,72.0,49.0,67.0,1412,165.99,52472391488647
3206.0,1,0.00,64.0,82.0,82.0,48.0,65.0,2237,67.21,26280280163330
3206.0,2,99.99,67.0,78.0,78.0,51.0,69.0,1537,176.53,24894457590942
3206.0,3,0.00,65.0,78.0,78.0,49.0,66.0,2289,65.46,25151394530883
3212.0,0,20.76,64.0,72.0,72.0,49.0,66.0,1547,149.73,52473238940307
3212.0,1,78.70,66.0,76.0,76.0,49.0,67.0,1676,97.17,26280830162231
3212.0,2,54.33,66.0,80.0,80.0,50.0,67.0,1888,150.20,24895307712341
3212.0,3,45.16,67.0,74.0,74.0,50.0,68.0,1932,90.60,25151906402648
3217.0,0,0.00,63.0,72.0,72.0,48.0,65.0,1550,58.42,52473569595458
3217.0,1,100.00,67.0,80.0,80.0,51.0,68.0,1719,181.16,26281853702819
3218.0,2,0.00,65.0,80.0,80.0,49.0,66.0,1964,57.20,24895630864257
3218.0,3,100.00,69.0,78.0,78.0,51.0,69.0,1890,178.35,25152915868774
3223.0,0,99.98,66.0,72.0,72.0,50.0,68.0,1518,107.86,52474178983398
3223.0,1,1.35,65.0,80.0,80.0,49.0,66.0,1942,138.13,26282635502197
3223.0,2,,67.0,78.0,78.0,51.0,68.0,1697,106.33,24896232706298
3223.0,3,0.00,66.0,78.0,78.0,50.0,67.0,2174,123.18,25153613058166
3229.0,0,,68.0,74.0,74.0,51.0,69.0,1675,182.34,52475211053100
3229.0,1,0.00,63.0,80.0,80.0,48.0,64.0,1813,59.09,26282969976867
3229.0,2,100.00,69.0,80.0,80.0,52.0,70.0,1919,176.70,24897232855773
3229.0,3,0.00,64.0,78.0,78.0,49.0,66.0,2024,57.67,25153939462524
3234.0,0,0.00,64.0,74.0,74.0,49.0,66.0,1920,74.47,52475632540039
3234.0,1,,68.0,78.0,80.0,51.0,68.0,1634,172.40,26283945762756
3234.0,2,0.00,65.0,80.0,80.0,50.0,67.0,2293,80.74,24897689035339
3235.0,3,,69.0,76.0,76.0,51.0,69.0,1838,161.86,25154853990112
3240.0,0,76.81,66.0,72.0,72.0,50.0,68.0,1625,92.77,52476156666687
3240.0,1,24.71,65.0,80.0,80.0,49.0,66.0,1964,147.61,26284779753845
3240.0,2,45.16,67.0,76.0,76.0,51.0,69.0,1877,86.80,24898180298828
3240.0,3,56.16,66.0,78.0,78.0,50.0,68.0,2152,149.67,25155701098083
3246.0,0,,67.0,74.0,76.0,51.0,69.0,1706,182.31,52477190383789
3246.0,1,0.00,63.0,80.0,80.0,48.0,65.0,1886,58.99,26285114252685
3246.0,2,,69.0,80.0,80.0,52.0,70.0,1908,176.86,24899181347656
3246.0,3,0.00,65.0,78.0,78.0,49.0,66.0,2182,58.02,25156030068847
3251.0,0,0.00,65.0,76.0,76.0,50.0,67.0,1970,136.26,52477961635864
3251.0,1,,67.0,78.0,78.0,50.0,67.0,1504,112.17,26285749160522
3251.0,2,0.00,66.0,82.0,82.0,50.0,68.0,2148,127.12,24899902104980
3252.0,3,,68.0,76.0,76.0,51.0,68.0,1789,114.97,25156680806274
3257.0,0,0.00,64.0,76.0,76.0,48.0,65.0,1864,58.86,52478295352172
3257.0,1,99.99,68.0,80.0,80.0,51.0,68.0,1736,180.64,26286773364135
3257.0,2,0.00,65.0,82.0,82.0,49.0,66.0,2045,57.07,24900225689453
3257.0,3,,69.0,78.0,78.0,52.0,70.0,2025,178.88,25157693247924
3263.0,0,,67.0,74.0,74.0,51.0,69.0,1558,135.29,52479061086364
3263.0,1,0.00,64.0,80.0,80.0,49.0,66.0,2025,104.77,26287366337097
3263.0,2,,68.0,78.0,78.0,51.0,69.0,1779,124.07,24900927935913
3263.0,3,0.00,66.0,80.0,80.0,50.0,67.0,2287,112.67,25158332114318
3268.0,0,,68.0,76.0,76.0,51.0,70.0,1854,182.79,52480097509094
3268.0,1,0.00,63.0,80.0,80.0,48.0,64.0,1717,58.76,26287698917358
3268.0,2,100.00,69.0,82.0,82.0,52.0,70.0,2005,176.75,24901928350280
3269.0,3,0.00,65.0,80.0,80.0,49.0,66.0,2046,58.01,25158660470825
3274.0,0,0.00,65.0,76.0,76.0,49.0,67.0,2117,82.61,52480565057678
3274.0,1,0.00,62.0,80.0,80.0,48.0,63.0,1481,58.63,26288031931274
3274.0,2,0.00,66.0,82.0,82.0,50.0,67.0,2305,93.95,24902461984863
3274.0,3,0.00,64.0,80.0,80.0,48.0,65.0,1746,57.15,25158985102172
3280.0,0,0.00,63.0,76.0,76.0,48.0,65.0,1787,58.35,52480896495788
3280.0,1,0.00,62.0,80.0,80.0,47.0,63.0,1498,58.57,26288365210205
3280.0,2,0.00,64.0,82.0,82.0,49.0,66.0,2016,57.34,24902787683105
3280.0,3,0.00,64.0,80.0,80.0,48.0,65.0,1530,57.48,25159311567077
3285.0,0,0.00,63.0,76.0,76.0,48.0,64.0,1489,58.47,52481228578552
3285.0,1,0.00,61.0,80.0,80.0,46.0,62.0,1493,58.42,26288695850402
3286.0,2,,68.0,78.0,78.0,51.0,69.0,1618,122.28,24903482245727
3286.0,3,0.00,64.0,80.0,80.0,48.0,64.0,1512,57.47,25159638011108
3291.0,0,0.00,62.0,76.0,76.0,47.0,64.0,1502,58.00,52481558044250
3291.0,1,0.00,61.0,80.0,80.0,46.0,62.0,1438,57.94,26289024976257
3291.0,2,,69.0,82.0,82.0,52.0,70.0,1924,176.98,24904485714172
3291.0,3,0.00,63.0,80.0,80.0,48.0,65.0,1512,56.92,25159960746887
3297.0,0,,66.0,72.0,72.0,50.0,67.0,1492,141.22,52482358737915
3297.0,1,0.00,61.0,80.0,80.0,46.0,62.0,1450,57.97,26289353650085
3297.0,2,99.99,69.0,82.0,82.0,53.0,71.0,2266,179.80,24905505192321
3297.0,3,0.00,63.0,80.0,80.0,48.0,64.0,1525,56.98,25160283826782
3302.0,0,,67.0,74.0,74.0,51.0,69.0,1600,182.11,52483391281677
3302.0,1,0.00,60.0,80.0,80.0,46.0,61.0,1419,57.99,26289682434814
3303.0,2,100.00,70.0,84.0,84.0,53.0,71.0,2456,177.97,24906514303039
3303.0,3,0.00,63.0,80.0,80.0,47.0,64.0,1515,56.99,25160606932067
3308.0,0,0.00,64.0,76.0,76.0,48.0,66.0,1960,79.74,52483842596862
3308.0,1,100.00,65.0,74.0,74.0,49.0,66.0,1410,166.08,26290622437561
3308.0,2,0.00,66.0,84.0,84.0,50.0,67.0,2471,72.39,24906924042175
3308.0,3,100.00,67.0,74.0,74.0,51.0,69.0,1527,170.58,25161572433410
3314.0,0,24.37,68.0,68.0,68.0,50.0,68.0,1655,73.64,52484259423950
3314.0,1,77.00,64.0,76.0,76.0,48.0,65.0,1495,165.66,26291560051879
3314.0,2,72.99,67.0,80.0,80.0,51.0,69.0,2088,96.95,24907472803588
3314.0,3,26.40,66.0,76.0,76.0,50.0,67.0,1917,138.17,25162354469360
3319.0,0,100.00,67.0,74.0,76.0,51.0,69.0,1620,182.10,52485291947692
3319.0,1,0.00,63.0,76.0,76.0,47.0,64.0,1589,58.69,26291892835144
3320.0,2,99.99,69.0,82.0,82.0,52.0,70.0,2002,176.92,24908475914367
3320.0,3,0.00,64.0,76.0,76.0,48.0,66.0,1939,57.60,25162681087524
3325.0,0,7.52,65.0,76.0,76.0,50.0,67.0,1928,145.92,52486117881408
3325.0,1,93.77,65.0,74.0,74.0,49.0,66.0,1494,102.52,26292473109436
3325.0,2,4.49,66.0,82.0,82.0,50.0,68.0,2193,133.37,24909230795410
3325.0,3,97.08,68.0,74.0,74.0,51.0,68.0,1601,109.26,25163299504089
3331.0,0,0.00,64.0,76.0,76.0,48.0,65.0,1876,59.15,52486452652038
3331.0,1,100.00,67.0,78.0,78.0,50.0,67.0,1526,181.00,26293497575439
3331.0,2,0.00,65.0,82.0,82.0,49.0,66.0,2076,56.93,24909553609436
3331.0,3,,69.0,76.0,76.0,52.0,70.0,1949,178.49,25164311526184
3336.0,0,100.00,67.0,74.0,74.0,51.0,69.0,1578,150.49,52487305911437
3336.0,1,0.00,63.0,78.0,78.0,48.0,65.0,1875,89.62,26294005729431
3336.0,2,,69.0,82.0,82.0,52.0,70.0,1886,165.41,24910489822631
3337.0,3,0.00,65.0,78.0,78.0,49.0,66.0,2300,70.38,25164709900573
3342.0,0,63.13,66.0,76.0,76.0,50.0,67.0,1909,165.31,52488241553527
3342.0,1,38.44,66.0,74.0,74.0,49.0,66.0,1527,82.24,26294471235107
3342.0,2,38.83,67.0,82.0,82.0,51.0,68.0,2165,145.29,24911312179748
3342.0,3,62.54,68.0,74.0,74.0,51.0,68.0,1900,96.80,25165256807312
3348.0,0,0.00,64.0,76.0,76.0,48.0,66.0,1964,59.35,52488576880432
3348.0,1,,67.0,78.0,78.0,50.0,68.0,1603,181.26,26295495329772
3348.0,2,0.00,65.0,82.0,82.0,49.0,67.0,2194,57.58,24911638094360
3348.0,3,,69.0,78.0,78.0,52.0,70.0,1961,178.54,25166269134521
3353.0,0,99.99,67.0,74.0,74.0,50.0,68.0,1621,101.67,52489153369750
3353.0,1,0.00,65.0,78.0,78.0,49.0,66.0,1843,134.80,26296259643249
3353.0,2,100.00,68.0,80.0,78.0,51.0,69.0,1792,109.85,24912259828002
3354.0,3,0.62,66.0,78.0,78.0,50.0,67.0,2237,129.46,25167001870544
3359.0,0,,68.0,76.0,76.0,51.0,69.0,1771,182.66,52490187246643
3359.0,1,0.00,63.0,78.0,78.0,48.0,64.0,1687,58.86,26296592800109
3359.0,2,100.00,69.0,82.0,82.0,52.0,70.0,1983,177.01,24913261712829
3359.0,3,0.00,65.0,78.0,78.0,49.0,66.0,2068,57.92,25167329137329
3364.0,0,0.00,65.0,76.0,76.0,50.0,67.0,2089,130.96,52490928496643
3365.0,1,99.99,67.0,76.0,76.0,50.0,67.0,1537,134.20,26297352362609
3365.0,2,0.00,66.0,82.0,82.0,50.0,67.0,2270,102.98,24913844551391
3365.0,3,100.00,68.0,76.0,76.0,51.0,69.0,1771,123.73,25168029476318
3370.0,0,0.00,64.0,76.0,76.0,48.0,65.0,1886,59.14,52491263237121
3370.0,1,,68.0,80.0,80.0,51.0,68.0,1760,181.52,26298379748657
3370.0,2,0.00,65.0,82.0,82.0,49.0,66.0,2003,57.22,24914168406433
3371.0,3,,69.0,78.0,78.0,52.0,70.0,2077,178.33,25169040597961
3376.0,0,0.00,63.0,76.0,76.0,48.0,65.0,1525,58.31,52491593850830
3376.0,1,0.00,64.0,80.0,80.0,48.0,65.0,2001,74.50,26298802153686
3376.0,2,0.00,64.0,82.0,82.0,49.0,66.0,1598,56.56,24914489107360
3376.0,3,0.00,66.0,78.0,78.0,50.0,67.0,2296,96.19,25169585972778
3381.0,0,0.00,63.0,76.0,76.0,48.0,64.0,1501,58.10,52491923832153
3382.0,1,0.00,63.0,80.0,80.0,47.0,64.0,1552,58.90,26299136687622
3382.0,2,0.00,64.0,82.0,82.0,49.0,65.0,1549,56.33,24914809619689
3382.0,3,0.00,64.0,78.0,78.0,49.0,66.0,2066,57.59,25169913633666
3387.0,0,0.00,62.0,76.0,76.0,47.0,64.0,1488,58.31,52492255011047
3387.0,1,,66.0,76.0,76.0,49.0,67.0,1510,112.63,26299776400634
3387.0,2,0.00,63.0,82.0,82.0,48.0,65.0,1513,56.36,24915129725402
3388.0,3,0.00,64.0,78.0,78.0,48.0,65.0,1598,57.37,25170239504699
3393.0,0,0.00,62.0,76.0,76.0,47.0,64.0,1501,58.25,52492585858398
3393.0,1,99.99,67.0,78.0,78.0,50.0,68.0,1607,181.22,26300805742431
3393.0,2,0.00,63.0,82.0,82.0,48.0,65.0,1523,56.60,24915450637817
3393.0,3,0.00,63.0,78.0,78.0,48.0,64.0,1533,57.42,25170565086853
3399.0,0,,66.0,72.0,72.0,49.0,67.0,1439,131.21,52493329813598
3399.0,1,,68.0,80.0,80.0,51.0,69.0,1914,182.45,26301842081787
3399.0,2,,67.0,78.0,78.0,51.0,69.0,1521,135.35,24916219448242
3399.0,3,100.00,68.0,74.0,74.0,51.0,68.0,1573,141.23,25171368670410
3404.0,0,,67.0,74.0,74.0,50.0,69.0,1541,181.76,52494364021606
3404.0,1,,69.0,80.0,82.0,51.0,69.0,2121,181.22,26302871391662
3405.0,2,99.58,71.0,76.0,76.0,52.0,71.0,1805,180.09,24917244173217
3405.0,3,,69.0,78.0,78.0,52.0,70.0,1932,177.88,25172379037231
3410.0,0,,68.0,76.0,76.0,51.0,70.0,1921,185.33,52495416710632
3410.0,1,,68.0,82.0,82.0,51.0,69.0,2268,184.94,26303923681030
3410.0,2,,70.0,82.0,82.0,53.0,71.0,2194,177.74,24918255541564
3410.0,3,,70.0,78.0,78.0,52.0,70.0,2319,180.88,25173410047119
3416.0,0,99.66,70.0,74.0,74.0,52.0,71.0,2151,186.38,52496479095214
3416.0,1,99.48,69.0,82.0,82.0,52.0,70.0,2310,184.76,26304974955627
3416.0,2,97.47,70.0,82.0,80.0,53.0,72.0,2426,180.83,24919284473937
3416.0,3,99.79,70.0,80.0,80.0,53.0,71.0,2479,182.39,25174446024963
3421.0,0,,69.0,78.0,78.0,52.0,71.0,2276,182.58,52497517983337
3421.0,1,,69.0,82.0,84.0,52.0,69.0,2339,181.95,26306010257568
3422.0,2,,70.0,84.0,84.0,53.0,72.0,2718,178.84,24920302086059
3422.0,3,,70.0,80.0,80.0,52.0,71.0,2760,179.21,25175467537170
3427.0,0,97.78,69.0,78.0,80.0,52.0,71.0,2309,185.08,52498571072265
3427.0,1,100.00,69.0,84.0,84.0,52.0,69.0,2362,184.94,26307064388366
3427.0,2,99.46,70.0,84.0,84.0,53.0,72.0,2804,182.06,24921339847595
3427.0,3,,70.0,82.0,82.0,53.0,71.0,2805,182.94,25176508479064
3433.0,0,,69.0,80.0,80.0,52.0,71.0,2447,183.02,52499612462463
3433.0,1,,69.0,84.0,84.0,52.0,69.0,2352,181.73,26308098405090
3433.0,2,99.98,70.0,84.0,84.0,53.0,71.0,2797,178.99,24922356535705
3433.0,3,100.00,70.0,82.0,82.0,53.0,71.0,2797,179.19,25177528085510
3438.0,0,,69.0,80.0,80.0,52.0,71.0,2480,185.85,52500669958984
3439.0,1,,69.0,84.0,84.0,52.0,70.0,2407,184.52,26309146481384
3439.0,2,100.00,70.0,86.0,86.0,53.0,71.0,2764,181.45,24923389014099
3439.0,3,100.00,70.0,82.0,82.0,53.0,72.0,2805,183.18,25178570406005
3444.0,0,100.00,69.0,82.0,82.0,52.0,71.0,2489,183.09,52501711716796
3444.0,1,99.47,71.0,80.0,80.0,52.0,70.0,2341,185.40,26310201419006
3444.0,2,,70.0,86.0,86.0,53.0,72.0,2784,178.87,24924406765075
3445.0,3,,70.0,84.0,82.0,53.0,71.0,2796,179.40,25179591172363
3450.0,0,100.00,69.0,82.0,82.0,52.0,71.0,2487,186.46,52502772692321
3450.0,1,,69.0,84.0,84.0,51.0,70.0,2444,181.76,26311237435729
3450.0,2,100.00,70.0,86.0,86.0,53.0,71.0,2802,182.54,24925447225341
3450.0,3,,70.0,84.0,84.0,53.0,71.0,2800,183.31,25180636032043
3455.0,0,99.98,69.0,82.0,82.0,52.0,71.0,2489,183.13,52503814685424
3456.0,1,97.51,69.0,84.0,84.0,52.0,70.0,2341,184.30,26312286099426
3456.0,2,99.48,70.0,86.0,86.0,53.0,72.0,2798,182.75,24926485240478
3456.0,3,,70.0,82.0,82.0,53.0,72.0,2799,183.01,25181675535705
3461.0,0,,69.0,82.0,82.0,52.0,70.0,2491,186.23,52504874324890
3461.0,1,100.00,69.0,84.0,86.0,52.0,70.0,2438,182.28,26313323244689
3461.0,2,,70.0,86.0,86.0,53.0,71.0,2803,179.05,24927504041076
3462.0,3,100.00,70.0,84.0,84.0,53.0,71.0,2856,180.06,25182700090087
3467.0,0,99.99,72.0,80.0,80.0,52.0,71.0,2488,186.06,52505933033081
3467.0,1,,69.0,84.0,86.0,52.0,70.0,2373,184.48,26314372946960
3467.0,2,100.00,70.0,86.0,86.0,53.0,72.0,2806,181.94,24928539279663
3467.0,3,99.99,71.0,84.0,84.0,53.0,71.0,2914,182.33,25183737566406
3472.0,0,99.99,69.0,82.0,82.0,52.0,71.0,2483,183.74,52506976654296
3473.0,1,,69.0,86.0,86.0,52.0,70.0,2420,182.30,26315406603576
3473.0,2,,70.0,88.0,88.0,53.0,71.0,2801,179.06,24929556335449
3473.0,3,,70.0,84.0,84.0,53.0,71.0,2842,179.72,25184758397277
3478.0,0,0.00,66.0,82.0,82.0,50.0,68.0,2480,117.14,52507643195312
3478.0,1,0.00,65.0,86.0,86.0,49.0,66.0,2335,77.77,26315849138061
3478.0,2,0.00,67.0,88.0,88.0,51.0,68.0,2717,118.71,24930230586242
3479.0,3,0.00,66.0,84.0,84.0,50.0,67.0,2753,78.31,25185202440795
3484.0,0,0.00,64.0,82.0,82.0,49.0,66.0,2077,59.67,52507980901916
3484.0,1,0.00,63.0,86.0,86.0,48.0,64.0,1875,59.61,26316186538574
3484.0,2,0.00,65.0,88.0,88.0,50.0,66.0,2269,57.59,24930556534667
3484.0,3,0.00,65.0,84.0,84.0,49.0,66.0,2118,58.16,25185531604980
3490.0,0,0.00,64.0,82.0,82.0,48.0,65.0,1568,58.73,52508313884704
3490.0,1,0.00,63.0,86.0,86.0,47.0,64.0,1525,59.03,26316521213623
3490.0,2,0.00,64.0,88.0,88.0,49.0,66.0,1820,57.30,24930881408142
3490.0,3,69.57,68.0,78.0,78.0,51.0,69.0,1789,99.68,25186096811462
3495.0,0,0.00,63.0,82.0,82.0,48.0,65.0,1512,58.41,52508645066345
3495.0,1,0.00,62.0,86.0,86.0,47.0,63.0,1491,58.43,26316853070556
3495.0,2,0.00,64.0,88.0,88.0,49.0,66.0,1512,56.51,24931202404479
3496.0,3,,69.0,80.0,80.0,52.0,70.0,1998,178.99,25187113451293
3501.0,0,,66.0,74.0,74.0,50.0,67.0,1534,109.17,52509265152404
3501.0,1,100.00,65.0,76.0,76.0,49.0,66.0,1490,112.77,26317492495666
3501.0,2,,68.0,80.0,80.0,51.0,69.0,1604,115.57,24931858852416
3501.0,3,,70.0,82.0,82.0,53.0,71.0,2319,180.88,25188142670654
3507.0,0,,68.0,76.0,76.0,51.0,69.0,1665,182.68,52510304604003
3507.0,1,100.00,67.0,80.0,80.0,50.0,68.0,1539,180.88,26318523490478
3507.0,2,100.00,69.0,82.0,82.0,52.0,70.0,1888,176.81,24932864900634
3507.0,3,,70.0,82.0,82.0,52.0,71.0,2627,179.32,25189163018066
3512.0,0,100.00,69.0,78.0,78.0,52.0,70.0,2037,185.37,52511359352783
3512.0,1,,68.0,80.0,80.0,51.0,69.0,1909,184.40,26319572731140
3513.0,2,,70.0,84.0,84.0,53.0,71.0,2247,180.66,24933892836791
3513.0,3,,71.0,82.0,82.0,53.0,71.0,2796,183.10,25190204884460
3518.0,0,,69.0,78.0,78.0,52.0,71.0,2271,185.70,52512414144226
3518.0,1,,68.0,82.0,82.0,51.0,69.0,2069,181.07,26320601204956
3518.0,2,,73.0,82.0,82.0,54.0,72.0,2447,179.83,24934912484924
3518.0,3,99.67,71.0,82.0,82.0,52.0,71.0,2796,183.08,25191239286071
3524.0,0,,69.0,80.0,80.0,52.0,71.0,2445,182.95,52513447785156
3524.0,1,,68.0,82.0,82.0,51.0,69.0,2245,184.95,26321644327941
3524.0,2,100.00,70.0,86.0,84.0,53.0,72.0,2735,180.00,24935931286621
3524.0,3,100.00,71.0,84.0,84.0,53.0,71.0,2842,179.87,25192259147888
3529.0,0,,69.0,80.0,80.0,52.0,71.0,2479,186.43,52514506710876
3529.0,1,99.41,69.0,82.0,82.0,52.0,70.0,2290,184.64,26322694936462
3530.0,2,99.66,70.0,84.0,84.0,53.0,72.0,2795,182.35,24936968883056
3530.0,3,,71.0,84.0,84.0,53.0,72.0,2879,183.29,25193302041137
3535.0,0,,69.0,82.0,82.0,52.0,71.0,2489,182.80,52515548676452
3535.0,1,,69.0,84.0,84.0,52.0,70.0,2299,181.96,26323730282836
3535.0,2,,70.0,86.0,86.0,53.0,72.0,2804,179.20,24937988503601
3535.0,3,,71.0,84.0,84.0,53.0,71.0,2835,179.41,25194324673400
3541.0,0,100.00,69.0,82.0,82.0,52.0,71.0,2489,185.49,52516604121765
3541.0,1,100.00,69.0,84.0,84.0,52.0,70.0,2329,185.21,26324784119628
3541.0,2,99.58,70.0,86.0,86.0,53.0,72.0,2805,182.64,24939027732238
3541.0,3,,70.0,84.0,84.0,53.0,71.0,2879,183.52,25195368905029
3546.0,0,100.00,72.0,80.0,80.0,53.0,71.0,2491,184.64,52517652852844
3546.0,1,99.99,69.0,84.0,84.0,52.0,70.0,2408,181.85,26325818827636
3547.0,2,,70.0,86.0,86.0,53.0,71.0,2799,179.14,24940045251831
3547.0,3,99.42,71.0,84.0,84.0,53.0,71.0,2842,183.09,25196408846435
3552.0,0,,69.0,82.0,82.0,52.0,71.0,2492,185.27,52518705191528
3552.0,1,,69.0,84.0,84.0,52.0,70.0,2376,184.52,26326866874084
3552.0,2,100.00,70.0,88.0,86.0,53.0,72.0,2807,182.63,24941084429870
3552.0,3,,70.0,84.0,84.0,53.0,71.0,2934,180.39,25197433453186
3558.0,0,99.47,69.0,82.0,82.0,53.0,71.0,2490,186.17,52519764473144
3558.0,1,100.00,71.0,82.0,82.0,52.0,70.0,2404,185.20,26327920665405
3558.0,2,,70.0,86.0,86.0,53.0,72.0,2795,179.00,24942102946350
3558.0,3,97.55,71.0,84.0,84.0,53.0,71.0,2830,182.25,25198470450317
3563.0,0,,69.0,82.0,82.0,52.0,71.0,2482,183.19,52520806821960
3564.0,1,,69.0,84.0,84.0,52.0,69.0,2441,182.46,26328957060302
3564.0,2,,70.0,88.0,88.0,53.0,72.0,2799,182.99,24943142319641
3564.0,3,,71.0,84.0,84.0,53.0,71.0,2923,180.26,25199494308532
3569.0,0,,70.0,82.0,82.0,52.0,71.0,2491,185.64,52521861233093
3569.0,1,,69.0,84.0,84.0,52.0,70.0,2428,184.30,26330005708557
3569.0,2,,72.0,86.0,88.0,53.0,72.0,2808,179.07,24944159448547
3570.0,3,,71.0,84.0,84.0,53.0,71.0,2924,183.34,25200537523864
3575.0,0,,69.0,84.0,82.0,52.0,71.0,2492,183.20,52522903656555
3575.0,1,,69.0,86.0,86.0,52.0,69.0,2409,182.27,26331040990051
3575.0,2,,70.0,88.0,88.0,53.0,72.0,2809,182.79,24945199495605
3575.0,3,,71.0,84.0,84.0,53.0,71.0,2829,179.89,25201559317077
3580.0,0,0.00,65.0,84.0,84.0,50.0,67.0,2513,86.11,52523392754211
3581.0,1,0.00,65.0,86.0,86.0,49.0,66.0,2314,91.49,26331560650817
3581.0,2,0.00,67.0,88.0,88.0,51.0,69.0,2773,124.42,24945904931884
3581.0,3,0.00,66.0,84.0,84.0,50.0,67.0,2806,62.49,25201913619262
3586.0,0,0.00,64.0,84.0,84.0,49.0,66.0,1947,59.15,52523728138122
3586.0,1,0.00,63.0,86.0,86.0,48.0,65.0,1903,59.43,26331898218078
3586.0,2,0.00,65.0,88.0,88.0,50.0,67.0,2293,57.61,24946232150817
3587.0,3,0.00,65.0,84.0,84.0,49.0,66.0,2094,57.97,25202242336608
3592.0,0,0.00,63.0,84.0,84.0,48.0,65.0,1535,58.65,52524060674438
3592.0,1,0.00,63.0,86.0,86.0,47.0,64.0,1504,58.94,26332231843078
3592.0,2,61.26,68.0,82.0,80.0,51.0,69.0,1907,93.49,24946761290283
3592.0,3,0.00,64.0,84.0,84.0,49.0,66.0,1651,57.64,25202569140808
3597.0,0,0.00,63.0,84.0,84.0,48.0,65.0,1523,58.36,52524392162292
3598.0,1,0.00,62.0,86.0,86.0,47.0,63.0,1522,58.41,26332563588745
3598.0,2,,69.0,84.0,84.0,52.0,70.0,1954,177.07,24947767071716
3598.0,3,0.00,64.0,84.0,84.0,48.0,65.0,1542,57.18,25202894522094
3603.0,0,,66.0,74.0,74.0,49.0,67.0,1502,105.49,52524990271301
3603.0,1,,65.0,78.0,76.0,49.0,66.0,1469,109.08,26333183177368
3603.0,2,,70.0,84.0,84.0,53.0,71.0,2281,179.54,24948788656372
3604.0,3,99.99,68.0,76.0,76.0,51.0,69.0,1572,116.03,25203553588134
3609.0,0,,68.0,76.0,76.0,51.0,69.0,1613,182.45,52526028416442
3609.0,1,100.00,67.0,80.0,80.0,50.0,68.0,1550,180.64,26334211002685
3609.0,2,,70.0,86.0,86.0,53.0,71.0,2457,178.35,24949803456237
3609.0,3,,69.0,78.0,80.0,52.0,70.0,1962,178.21,25204567612426
3615.0,0,,69.0,78.0,78.0,52.0,71.0,1984,186.37,52527088857177
3615.0,1,,68.0,80.0,80.0,51.0,69.0,1900,183.92,26335257518859
3615.0,2,,70.0,86.0,86.0,53.0,72.0,2627,181.79,24950836006042
3615.0,3,,70.0,80.0,80.0,53.0,71.0,2320,182.05,25205603480041
3620.0,0,,69.0,78.0,80.0,52.0,71.0,2245,184.12,52528136476745
3620.0,1,,69.0,82.0,82.0,51.0,69.0,2096,181.28,26336289027709
3621.0,2,100.00,73.0,84.0,86.0,54.0,72.0,2796,179.81,24951859118591
3621.0,3,99.45,71.0,80.0,80.0,53.0,72.0,2652,182.64,25206640867797
3626.0,0,,69.0,80.0,80.0,52.0,71.0,2401,185.13,52529188041931
3626.0,1,,69.0,82.0,82.0,52.0,69.0,2264,184.70,26337338150817
3626.0,2,100.00,70.0,86.0,86.0,53.0,72.0,2800,182.00,24952892884460
3626.0,3,,71.0,82.0,82.0,53.0,72.0,2796,179.58,25207662671569
3632.0,0,99.47,72.0,78.0,78.0,53.0,71.0,2478,185.43,52530243145874
3632.0,1,97.77,69.0,82.0,82.0,52.0,70.0,2289,184.43,26338385705139
3632.0,2,100.00,70.0,86.0,86.0,53.0,72.0,2805,182.28,24953930083984
3632.0,3,,71.0,82.0,82.0,53.0,71.0,2859,183.05,25208704250793
3637.0,0,,69.0,82.0,82.0,52.0,71.0,2488,183.93,52531289680847
3637.0,1,,69.0,84.0,84.0,52.0,69.0,2351,181.78,26339421844360
3638.0,2,,70.0,88.0,88.0,53.0,71.0,2792,177.62,24954942511291
3638.0,3,,71.0,84.0,84.0,53.0,71.0,2843,179.60,25209727968261
3643.0,0,97.52,69.0,80.0,82.0,52.0,71.0,2488,185.51,52532345224853
3643.0,1,,69.0,84.0,84.0,52.0,70.0,2340,185.25,26340475888549
3643.0,2,99.99,70.0,88.0,88.0,53.0,72.0,2805,182.32,24955979903564
3643.0,3,100.00,71.0,84.0,84.0,53.0,71.0,2881,182.66,25210765457641
3649.0,0,,69.0,82.0,82.0,52.0,71.0,2489,183.40,52533388795898
3649.0,1,99.99,69.0,84.0,84.0,52.0,69.0,2448,182.12,26341512162048
3649.0,2,,70.0,88.0,88.0,53.0,71.0,2805,179.08,24956998873413
3649.0,3,,70.0,84.0,84.0,53.0,71.0,2826,179.63,25211787576110
3654.0,0,,69.0,82.0,82.0,52.0,71.0,2490,186.21,52534448334533
3654.0,1,100.00,69.0,84.0,84.0,52.0,70.0,2384,185.26,26342566303771
3655.0,2,,70.0,88.0,88.0,53.0,72.0,2806,182.95,24958039846130
3655.0,3,,71.0,84.0,84.0,53.0,71.0,2870,183.32,25212830665161
3660.0,0,100.00,73.0,82.0,82.0,53.0,72.0,2490,183.35,52535491581237
3660.0,1,,68.0,84.0,84.0,52.0,70.0,2397,182.21,26343601244140
3660.0,2,,70.0,88.0,88.0,53.0,72.0,2799,179.14,24959057369445
3660.0,3,,71.0,84.0,84.0,53.0,71.0,2821,179.55,25213850484619
3666.0,0,,70.0,82.0,82.0,52.0,71.0,2483,186.27,52536549603820
3666.0,1,100.00,69.0,86.0,84.0,52.0,70.0,2387,185.19,26344654949829
3666.0,2,,70.0,88.0,88.0,53.0,72.0,2807,182.03,24960091294799
3666.0,3,100.00,70.0,84.0,84.0,53.0,71.0,2965,183.55,25214894907043
3671.0,0,97.56,70.0,82.0,82.0,53.0,71.0,2490,185.55,52537605392883
3672.0,1,,69.0,86.0,86.0,52.0,70.0,2395,182.33,26345690599060
3672.0,2,97.60,70.0,88.0,88.0,53.0,72.0,2805,181.14,24961121998962
3672.0,3,99.44,70.0,84.0,84.0,53.0,71.0,2879,183.32,25215937976806
3677.0,0,,70.0,84.0,84.0,53.0,71.0,2488,183.56,52538649877380
3677.0,1,,69.0,86.0,86.0,52.0,70.0,2393,185.27,26346746645996
3677.0,2,,70.0,88.0,88.0,53.0,72.0,2804,178.02,24962134923828
3678.0,3,,70.0,84.0,84.0,53.0,71.0,2899,180.06,25216962504455
3683.0,0,0.00,66.0,84.0,84.0,50.0,68.0,2478,116.63,52539313507080
3683.0,1,0.00,66.0,86.0,86.0,50.0,67.0,2439,139.01,26347536237487
3683.0,2,5.38,67.0,88.0,88.0,51.0,69.0,2802,134.29,24962897682678
3683.0,3,0.00,67.0,84.0,84.0,50.0,68.0,2775,97.75,25217516722290
3688.0,0,0.00,64.0,84.0,84.0,48.0,66.0,2128,59.78,52539652470092
3689.0,1,0.00,64.0,86.0,86.0,48.0,65.0,2082,59.62,26347874871032
3689.0,2,0.00,66.0,88.0,88.0,50.0,67.0,2344,57.51,24963224921203
3689.0,3,0.00,65.0,84.0,84.0,49.0,67.0,2269,58.52,25217849679260
3694.0,0,0.00,64.0,84.0,84.0,48.0,65.0,1541,58.41,52539984843078
3694.0,1,0.00,63.0,86.0,86.0,48.0,64.0,1554,59.09,26348210520690
3694.0,2,0.00,65.0,88.0,88.0,49.0,66.0,1956,57.26,24963549603942
3695.0,3,31.19,68.0,76.0,76.0,51.0,68.0,1776,86.02,25218337417785
3700.0,0,0.00,63.0,84.0,84.0,48.0,65.0,1513,58.64,52540317307495
3700.0,1,0.00,62.0,86.0,86.0,47.0,64.0,1471,58.65,26348543060668
3700.0,2,0.00,64.0,88.0,88.0,49.0,66.0,1610,56.69,24963871032958
3700.0,3,,69.0,80.0,80.0,52.0,70.0,1980,179.15,25219353192138
3705.0,0,79.08,66.0,74.0,74.0,49.0,67.0,1524,93.41,52540846962158
3706.0,1,79.18,66.0,76.0,76.0,49.0,66.0,1501,97.23,26349095303100
3706.0,2,81.15,67.0,80.0,80.0,51.0,69.0,1562,99.40,24964436644287
3706.0,3,96.50,70.0,82.0,82.0,53.0,71.0,2341,181.37,25220385198120
3711.0,0,,68.0,76.0,76.0,51.0,69.0,1636,182.42,52541884951782
3711.0,1,,67.0,80.0,80.0,50.0,68.0,1529,181.22,26350126431213
3711.0,2,,69.0,82.0,82.0,52.0,70.0,1825,177.18,24965442999938
3712.0,3,,70.0,82.0,82.0,53.0,71.0,2743,179.44,25221406231018
3717.0,0,,69.0,78.0,78.0,52.0,70.0,2004,184.98,52542937488586
3717.0,1,,68.0,82.0,80.0,51.0,69.0,1919,184.49,26351176160644
3717.0,2,,70.0,84.0,84.0,53.0,71.0,2214,180.39,24966471216918
3717.0,3,,71.0,82.0,82.0,53.0,71.0,2794,183.22,25222448737670
3723.0,0,,69.0,80.0,80.0,52.0,70.0,2257,182.49,52543975851806
3723.0,1,,68.0,82.0,82.0,51.0,69.0,2099,181.12,26352206716552
3723.0,2,,70.0,84.0,84.0,53.0,72.0,2459,178.52,24967485182983
3723.0,3,99.99,74.0,80.0,80.0,53.0,71.0,2808,182.09,25223484819885
3728.0,0,,69.0,80.0,80.0,52.0,71.0,2386,186.28,52545033939636
3728.0,1,,69.0,82.0,82.0,51.0,69.0,2271,184.89,26353256899353
3729.0,2,,70.0,86.0,86.0,53.0,72.0,2745,181.40,24968517344177
3729.0,3,,71.0,84.0,84.0,53.0,71.0,2850,180.80,25224511786743
3734.0,0,97.48,72.0,78.0,78.0,53.0,71.0,2470,183.81,52546079831848
3734.0,1,,72.0,82.0,84.0,52.0,70.0,2291,182.29,26354292314819
3734.0,2,99.59,71.0,86.0,86.0,53.0,72.0,2799,181.78,24969549849243
3734.0,3,,71.0,84.0,84.0,53.0,71.0,2864,183.32,25225553036743
3740.0,0,,69.0,82.0,82.0,52.0,71.0,2484,184.83,52547129670715
3740.0,1,,69.0,84.0,84.0,52.0,69.0,2387,184.58,26355342588867
3740.0,2,,70.0,86.0,86.0,53.0,71.0,2798,179.15,24970567415039
3740.0,3,100.00,71.0,84.0,84.0,53.0,72.0,2831,179.69,25226573677978
3745.0,0,99.58,69.0,82.0,82.0,52.0,71.0,2492,186.22,52548187425048
3745.0,1,99.69,69.0,82.0,82.0,52.0,70.0,2302,184.93,26356392973937
3746.0,2,100.00,70.0,86.0,86.0,53.0,72.0,2799,182.31,24971602910705
3746.0,3,100.00,71.0,84.0,84.0,53.0,71.0,2923,182.35,25227611234313
3751.0,0,100.00,69.0,82.0,82.0,52.0,71.0,2491,183.29,52549230358215
3751.0,1,,69.0,84.0,84.0,52.0,70.0,2427,182.45,26357429286621
3751.0,2,100.00,70.0,88.0,86.0,53.0,72.0,2806,177.72,24972614119567
3751.0,3,99.99,71.0,84.0,84.0,53.0,71.0,2828,179.76,25228634068054
3757.0,0,99.99,69.0,82.0,82.0,52.0,71.0,2489,186.40,52550290971069
3757.0,1,,69.0,84.0,84.0,52.0,70.0,2352,184.99,26358483725158
3757.0,2,,70.0,86.0,88.0,53.0,72.0,2805,182.53,24973652716735
3757.0,3,,71.0,84.0,84.0,53.0,72.0,2921,183.57,25229678565368
3762.0,0,,69.0,82.0,84.0,52.0,71.0,2487,183.68,52551336110412
3762.0,1,,69.0,86.0,84.0,52.0,70.0,2445,182.19,26359520391296
3763.0,2,100.00,70.0,88.0,88.0,53.0,72.0,2803,178.90,24974672429138
3763.0,3,,71.0,84.0,84.0,53.0,71.0,2824,179.86,25230701950805
3768.0,0,,69.0,82.0,82.0,52.0,71.0,2487,186.24,52552397690368
3768.0,1,,69.0,84.0,86.0,52.0,70.0,2434,185.54,26360576133544
3768.0,2,,70.0,88.0,88.0,53.0,72.0,2804,181.96,24975707757934
3768.0,3,,71.0,84.0,84.0,53.0,72.0,2975,183.79,25231747739685
3774.0,0,100.00,70.0,84.0,84.0,53.0,72.0,2493,183.55,52553440260375
3774.0,1,97.68,69.0,84.0,84.0,52.0,70.0,2400,184.40,26361623542297
3774.0,2,99.61,71.0,88.0,88.0,53.0,72.0,2801,181.56,24976739014099
3774.0,3,98.45,71.0,84.0,84.0,53.0,72.0,2886,182.43,25232783939514
3779.0,0,,70.0,84.0,84.0,53.0,71.0,2484,186.64,52554500377197
3780.0,1,,69.0,86.0,86.0,52.0,70.0,2461,182.41,26362659641479
3780.0,2,,70.0,88.0,88.0,53.0,72.0,2800,177.96,24977749816162
3780.0,3,,70.0,84.0,84.0,53.0,72.0,2892,180.02,25233806457580
3785.0,0,16.94,66.0,84.0,84.0,51.0,68.0,2475,150.02,52555354019409
3785.0,1,0.00,65.0,86.0,86.0,50.0,66.0,2361,130.17,26363400289489
3785.0,2,0.00,67.0,88.0,88.0,51.0,69.0,2765,108.98,24978369911132
3786.0,3,0.00,67.0,84.0,84.0,51.0,68.0,2831,105.79,25234408390563
3791.0,0,0.00,65.0,84.0,84.0,49.0,67.0,2243,60.17,52555695807983
3791.0,1,0.00,64.0,86.0,86.0,48.0,65.0,1924,59.42,26363737768371
3791.0,2,0.00,66.0,88.0,88.0,50.0,67.0,2284,57.38,24978696954589
3791.0,3,0.00,65.0,84.0,84.0,49.0,67.0,2283,58.63,25234742599548
3796.0,0,0.00,64.0,84.0,84.0,49.0,66.0,1820,58.97,52556031908996
3797.0,1,0.00,63.0,86.0,86.0,48.0,64.0,1537,59.14,26364075463317
3797.0,2,29.30,67.0,80.0,80.0,51.0,69.0,1881,81.47,24979159697814
3797.0,3,0.00,65.0,84.0,84.0,49.0,66.0,1871,57.53,25235069364685
3802.0,0,0.00,63.0,84.0,84.0,48.0,65.0,1502,58.52,52556364330505
3802.0,1,0.00,63.0,86.0,86.0,47.0,64.0,1523,58.73,26364408475585
3802.0,2,,69.0,84.0,84.0,52.0,70.0,1904,177.17,24980164263916
3803.0,3,0.00,64.0,84.0,84.0,48.0,65.0,1587,57.58,25235395827880
3808.0,0,77.21,66.0,74.0,74.0,50.0,67.0,1512,92.85,52556890783691
3808.0,1,77.24,66.0,76.0,76.0,49.0,66.0,1490,96.68,26364957636291
3808.0,2,95.99,70.0,84.0,84.0,53.0,72.0,2206,179.92,24981188008422
3808.0,3,79.38,68.0,76.0,76.0,51.0,68.0,1571,103.17,25235982853942
3814.0,0,,68.0,76.0,76.0,51.0,69.0,1636,182.41,52557928709106
3814.0,1,100.00,67.0,80.0,80.0,50.0,68.0,1551,181.13,26365988282836
3814.0,2,100.00,70.0,86.0,86.0,53.0,72.0,2438,178.50,24982201892333
3814.0,3,99.99,70.0,78.0,78.0,52.0,70.0,1932,178.78,25237000111877
3819.0,0,,69.0,78.0,78.0,52.0,70.0,1995,185.07,52558979918701
3819.0,1,100.00,68.0,80.0,80.0,51.0,69.0,1932,184.62,26367036900573
3820.0,2,99.99,70.0,86.0,86.0,53.0,72.0,2618,182.36,24983239536132
3820.0,3,,70.0,80.0,80.0,53.0,71.0,2300,181.91,25238033351013
3825.0,0,100.00,69.0,80.0,80.0,52.0,70.0,2247,182.40,52560017779174
3825.0,1,,69.0,82.0,82.0,52.0,69.0,2143,180.94,26368066457519
3825.0,2,,73.0,84.0,84.0,54.0,72.0,2786,181.12,24984268289672
3825.0,3,99.99,71.0,82.0,82.0,53.0,71.0,2682,179.04,25239052112854
3831.0,0,99.99,69.0,80.0,80.0,52.0,71.0,2354,185.91,52561075597595
3831.0,1,100.00,69.0,82.0,82.0,52.0,70.0,2281,184.15,26369112434204
3831.0,2,,70.0,86.0,86.0,53.0,71.0,2797,180.66,24985296264770
3831.0,3,,70.0,82.0,82.0,53.0,71.0,2799,183.26,25240093002197
3836.0,0,99.70,72.0,78.0,78.0,53.0,71.0,2473,182.77,52562113728149
3836.0,1,100.00,69.0,84.0,84.0,52.0,70.0,2293,181.68,26370144367431
3837.0,2,,70.0,86.0,86.0,53.0,72.0,2802,182.93,24986333480529
3837.0,3,99.56,71.0,82.0,82.0,53.0,72.0,2854,183.09,25241132932556
3842.0,0,,69.0,82.0,82.0,52.0,71.0,2482,185.82,52563169197631
3842.0,1,100.00,69.0,84.0,84.0,52.0,69.0,2387,185.29,26371196824523
3842.0,2,,70.0,88.0,88.0,53.0,72.0,2808,178.84,24987351053405
3842.0,3,,71.0,84.0,84.0,53.0,71.0,2902,179.65,25242155159240
3848.0,0,99.60,70.0,82.0,82.0,53.0,71.0,2491,186.36,52564227712829
3848.0,1,97.65,71.0,80.0,82.0,52.0,70.0,2323,184.28,26372245358276
3848.0,2,100.00,70.0,88.0,88.0,53.0,72.0,2798,181.96,24988384613708
3848.0,3,,70.0,84.0,84.0,53.0,71.0,2862,183.43,25243197020751
3853.0,0,,70.0,82.0,82.0,52.0,71.0,2491,183.23,52565270307617
3853.0,1,,69.0,84.0,84.0,52.0,69.0,2428,182.25,26373280538513
3854.0,2,100.00,70.0,88.0,88.0,53.0,72.0,2807,179.04,24989403375427
3854.0,3,,71.0,84.0,84.0,53.0,71.0,2839,180.01,25244219504821
3859.0,0,,70.0,82.0,82.0,53.0,71.0,2490,186.74,52566330994140
3859.0,1,99.99,69.0,84.0,84.0,52.0,70.0,2425,185.28,26374334805175
3859.0,2,,70.0,88.0,88.0,53.0,72.0,2804,182.96,24990444434631
3859.0,3,99.99,71.0,84.0,84.0,53.0,72.0,2909,183.41,25245264944946
3865.0,0,,69.0,82.0,82.0,52.0,71.0,2489,183.12,52567374782470
3865.0,1,,69.0,84.0,84.0,52.0,70.0,2457,182.07,26375370790466
3865.0,2,100.00,70.0,88.0,88.0,53.0,72.0,2807,179.03,24991463105529
3865.0,3,,70.0,84.0,84.0,53.0,71.0,2841,179.79,25246286161621
3870.0,0,100.00,69.0,84.0,82.0,53.0,71.0,2482,186.61,52568434719909
3871.0,1,100.00,69.0,86.0,86.0,52.0,70.0,2428,185.45,26376424158691
3871.0,2,,70.0,88.0,88.0,53.0,72.0,2797,181.14,24992491969055
3871.0,3,,71.0,84.0,84.0,53.0,72.0,2922,183.78,25247331880920
3876.0,0,100.00,69.0,84.0,82.0,52.0,71.0,2490,183.43,52569478451538
3876.0,1,97.76,69.0,84.0,84.0,52.0,70.0,2387,184.20,26377472228576
3876.0,2,97.61,71.0,88.0,88.0,53.0,72.0,2799,181.01,24993520091369
3877.0,3,97.46,71.0,84.0,84.0,53.0,72.0,2853,182.74,25248369845397
3882.0,0,,70.0,84.0,82.0,53.0,71.0,2535,186.61,52570538408203
3882.0,1,,69.0,86.0,86.0,52.0,70.0,2449,182.23,26378509115661
3882.0,2,,71.0,88.0,88.0,53.0,72.0,2805,177.92,24994532449584
3882.0,3,100.00,71.0,84.0,84.0,53.0,72.0,2910,180.02,25249394140930
3887.0,0,38.96,67.0,84.0,84.0,51.0,69.0,2496,157.76,52571437612060
3888.0,1,67.54,66.0,86.0,86.0,50.0,67.0,2326,163.05,26379438491027
3888.0,2,0.00,67.0,88.0,88.0,51.0,69.0,2789,112.77,24995176345336
3888.0,3,0.00,67.0,84.0,84.0,51.0,68.0,2779,111.30,25250028545837
3893.0,0,0.00,65.0,84.0,84.0,49.0,67.0,2297,60.02,52571779124755
3893.0,1,0.00,64.0,86.0,86.0,48.0,65.0,2164,59.93,26379778901550
3893.0,2,0.00,65.0,88.0,88.0,50.0,67.0,2293,57.48,24995502843017
3894.0,3,0.00,66.0,84.0,84.0,49.0,67.0,2273,58.57,25250361195190
3899.0,0,0.00,64.0,84.0,84.0,48.0,65.0,1810,58.98,52572113515991
3899.0,1,0.00,63.0,86.0,86.0,48.0,64.0,1587,59.37,26380116139892
3899.0,2,0.00,64.0,88.0,88.0,49.0,66.0,1852,57.23,24995827321289
3899.0,3,0.00,65.0,82.0,84.0,49.0,66.0,1874,57.76,25250688100097
3904.0,0,0.00,63.0,84.0,84.0,48.0,65.0,1524,58.75,52572446629821
3905.0,1,0.00,63.0,86.0,86.0,47.0,64.0,1525,59.00,26380450077453
3905.0,2,0.00,64.0,88.0,88.0,49.0,66.0,1588,56.89,24996149904663
3905.0,3,100.00,69.0,80.0,80.0,52.0,70.0,1915,181.63,25251719771850
3910.0,0,18.87,68.0,68.0,68.0,50.0,67.0,1489,71.69,52572854538696
3910.0,1,18.93,67.0,72.0,72.0,49.0,66.0,1508,75.70,26380880831665
3910.0,2,19.04,69.0,74.0,74.0,51.0,68.0,1510,78.29,24996595363281
3911.0,3,97.50,73.0,78.0,78.0,53.0,71.0,2255,183.14,25252758175659
3916.0,0,1.52,62.0,66.0,66.0,48.0,64.0,1569,80.74,52573311518676
3916.0,1,1.52,62.0,70.0,70.0,47.0,63.0,1506,76.41,26381313289978
3916.0,2,1.26,64.0,72.0,72.0,49.0,66.0,1776,74.34,24997016109741
3916.0,3,1.52,65.0,72.0,72.0,49.0,66.0,2601,68.41,25253147445922
3922.0,0,,67.0,74.0,74.0,50.0,69.0,1495,145.27,52574139568542
3922.0,1,,67.0,78.0,78.0,50.0,67.0,1475,142.90,26382127826110
3922.0,2,,69.0,80.0,80.0,52.0,70.0,1656,145.94,24997847942199
3922.0,3,100.00,70.0,80.0,80.0,52.0,70.0,2047,151.71,25254010690307
3927.0,0,92.53,66.0,76.0,76.0,50.0,68.0,1827,181.52,52575170590515
3927.0,1,83.42,67.0,78.0,76.0,51.0,68.0,1659,180.43,26383152664855
3927.0,2,83.35,69.0,80.0,78.0,52.0,71.0,2062,178.79,24998861679687
3928.0,3,100.00,69.0,82.0,82.0,52.0,70.0,2285,177.21,25255017271057
3933.0,0,99.99,68.0,78.0,78.0,52.0,70.0,2263,190.84,52576252673339
3933.0,1,,68.0,80.0,80.0,51.0,69.0,2009,186.33,26384211002990
3933.0,2,,70.0,84.0,84.0,53.0,71.0,2398,185.07,24999912890686
3933.0,3,,71.0,82.0,82.0,53.0,71.0,2628,183.79,25256061198974
3939.0,0,100.00,69.0,80.0,80.0,52.0,71.0,2311,187.13,52577317452331
3939.0,1,,69.0,82.0,82.0,52.0,70.0,2247,187.13,26385273877807
3939.0,2,,71.0,84.0,84.0,53.0,72.0,2575,185.75,25000969814086
3939.0,3,,71.0,82.0,82.0,53.0,71.0,2788,182.13,25257095716247
3944.0,0,99.99,69.0,80.0,80.0,52.0,71.0,2503,192.90,52578413149841
3944.0,1,99.99,69.0,82.0,82.0,52.0,69.0,2365,187.50,26386340725219
3945.0,2,,71.0,84.0,84.0,53.0,71.0,2785,185.33,25002024345703
3945.0,3,,71.0,82.0,82.0,53.0,71.0,2963,188.98,25258170996276
3950.0,0,,71.0,78.0,78.0,53.0,71.0,2497,189.84,52579495258789
3950.0,1,,69.0,82.0,82.0,51.0,70.0,2329,187.07,26387407007507
3950.0,2,,70.0,86.0,86.0,53.0,72.0,2804,185.22,25003078259887
3950.0,3,99.99,70.0,84.0,84.0,53.0,71.0,2931,181.94,25259208065551
3956.0,0,99.99,69.0,82.0,82.0,52.0,71.0,2575,190.71,52580580394348
3956.0,1,99.99,69.0,84.0,84.0,52.0,70.0,2439,187.93,26388474431579
3956.0,2,100.00,70.0,86.0,86.0,53.0,72.0,2893,186.62,25004138285339
3956.0,3,,70.0,84.0,84.0,53.0,71.0,2988,189.27,25260283147094
3961.0,0,,70.0,82.0,82.0,52.0,71.0,2544,190.61,52581663068115
3961.0,1,100.00,69.0,84.0,84.0,52.0,70.0,2438,187.63,26389540195678
3962.0,2,,74.0,84.0,86.0,54.0,73.0,2839,186.56,25005199808410
3962.0,3,,73.0,80.0,82.0,53.0,71.0,2957,184.74,25261332478454
3967.0,0,,70.0,82.0,82.0,52.0,71.0,2599,190.57,52582745522033
3967.0,1,,69.0,84.0,84.0,52.0,70.0,2458,187.68,26390608106018
3967.0,2,,71.0,86.0,86.0,53.0,72.0,2902,184.78,25006251210632
3967.0,3,100.00,71.0,84.0,84.0,53.0,71.0,3016,186.87,25262395756591
3973.0,0,,70.0,82.0,82.0,52.0,71.0,2563,190.52,52583829599487
3973.0,1,,69.0,82.0,82.0,52.0,70.0,2489,187.54,26391675206176
3973.0,2,,71.0,86.0,84.0,54.0,72.0,2824,189.14,25007327395751
3973.0,3,,74.0,80.0,82.0,54.0,71.0,2919,186.74,25263460161804
3978.0,0,99.99,70.0,82.0,82.0,52.0,71.0,2633,190.67,52584916419982
3979.0,1,,69.0,84.0,84.0,52.0,70.0,2487,187.84,26392745907897
3979.0,2,,71.0,88.0,88.0,53.0,72.0,2923,182.24,25008364347351
3979.0,3,,71.0,84.0,84.0,53.0,71.0,3051,185.00,25264510935058
3984.0,0,,70.0,82.0,82.0,53.0,71.0,2588,190.63,52585999178039
3984.0,1,,69.0,84.0,84.0,52.0,70.0,2482,187.74,26393812258422
3984.0,2,,70.0,86.0,84.0,53.0,72.0,2851,188.97,25009437675964
3985.0,3,100.00,71.0,84.0,84.0,53.0,72.0,2882,185.07,25265563984130
3990.0,0,,70.0,84.0,82.0,53.0,71.0,2660,190.60,52587083685607
3990.0,1,99.99,68.0,84.0,84.0,52.0,70.0,2493,187.92,26394879661743
3990.0,2,,73.0,86.0,86.0,54.0,73.0,2945,183.29,25010480588500
3990.0,3,99.98,71.0,84.0,84.0,53.0,72.0,3040,186.32,25266622289062
3995.0,0,,70.0,82.0,82.0,53.0,71.0,2608,190.67,52588166714904
3996.0,1,,69.0,84.0,84.0,52.0,70.0,2483,187.64,26395945445251
3996.0,2,100.00,71.0,88.0,86.0,53.0,72.0,2896,187.96,25011546337219
3996.0,3,,73.0,80.0,82.0,54.0,72.0,2949,188.17,25267691122924
4001.0,0,100.00,70.0,82.0,82.0,52.0,71.0,2609,190.57,52589249140808
4001.0,1,,68.0,84.0,84.0,52.0,70.0,2492,188.14,26397014102539
4001.0,2,,71.0,88.0,88.0,53.0,72.0,2863,182.14,25012580890075
4002.0,3,,70.0,84.0,84.0,53.0,71.0,3062,183.61,25268734037353
4007.0,0,,70.0,84.0,82.0,53.0,71.0,2514,185.83,52590304665161
4007.0,1,91.31,66.0,86.0,86.0,50.0,67.0,2419,173.93,26398002004455
4007.0,2,0.00,67.0,88.0,88.0,50.0,68.0,2781,89.34,25013088336120
4007.0,3,70.55,68.0,84.0,84.0,51.0,69.0,2847,156.16,25269619484130
4012.0,0,0.00,65.0,84.0,84.0,49.0,67.0,2495,63.57,52590665770324
4013.0,1,0.00,64.0,86.0,86.0,48.0,65.0,2233,59.66,26398340899047
4013.0,2,0.00,65.0,88.0,88.0,49.0,66.0,2294,57.33,25013413998046
4013.0,3,0.00,66.0,84.0,84.0,50.0,67.0,2485,58.79,25269953428771
4018.0,0,0.00,64.0,84.0,84.0,49.0,65.0,1884,58.88,52590999606872
4018.0,1,0.00,63.0,86.0,86.0,48.0,64.0,1618,59.15,26398676252136
4018.0,2,0.00,64.0,88.0,88.0,49.0,66.0,1735,57.02,25013737311279
4019.0,3,0.00,65.0,84.0,84.0,49.0,66.0,1969,57.78,25270281028015
4024.0,0,0.00,63.0,84.0,84.0,48.0,65.0,1534,58.81,52591333085205
4024.0,1,100.00,67.0,80.0,80.0,50.0,68.0,1555,150.32,26399530047424
4024.0,2,0.00,64.0,88.0,88.0,49.0,65.0,1534,56.86,25014060302490
4024.0,3,0.00,64.0,84.0,84.0,49.0,65.0,1692,57.70,25270608759948
4029.0,0,0.00,63.0,84.0,84.0,48.0,65.0,1523,58.58,52591665806945
4030.0,1,,68.0,82.0,82.0,51.0,68.0,1828,181.25,26400557729309
4030.0,2,0.00,64.0,88.0,88.0,49.0,65.0,1544,56.47,25014380460815
4030.0,3,0.00,64.0,84.0,84.0,48.0,65.0,1544,57.62,25270935461608
4035.0,0,,67.0,76.0,76.0,51.0,69.0,1534,175.54,52592661105590
4035.0,1,99.99,69.0,82.0,82.0,52.0,70.0,2158,188.14,26401626388244
4035.0,2,100.00,69.0,80.0,80.0,52.0,70.0,1681,178.91,25015396642028
4036.0,3,,69.0,78.0,78.0,52.0,69.0,1743,182.57,25271972443603
4041.0,0,,71.0,74.0,74.0,52.0,70.0,1880,189.69,52593738565979
4041.0,1,,69.0,84.0,84.0,52.0,70.0,2281,184.59,26402674866943
4041.0,2,,72.0,78.0,80.0,53.0,72.0,2121,184.84,25016448404663
4041.0,3,,70.0,78.0,78.0,52.0,71.0,2185,184.84,25273024202636
4047.0,0,,69.0,78.0,78.0,52.0,71.0,2269,189.19,52594815068359
4047.0,1,100.00,69.0,84.0,84.0,52.0,70.0,2406,190.59,26403759339721
4047.0,2,,70.0,84.0,84.0,53.0,72.0,2554,186.05,25017505165405
4047.0,3,,70.0,80.0,80.0,53.0,71.0,2690,185.06,25274077212890
4052.0,0,,69.0,80.0,80.0,52.0,71.0,2457,189.89,52595895527770
4052.0,1,,69.0,84.0,84.0,52.0,70.0,2475,185.03,26404810311645
4052.0,2,100.00,73.0,82.0,82.0,54.0,72.0,2782,185.18,25018553284729
4053.0,3,,71.0,82.0,82.0,53.0,71.0,2827,185.26,25275120231872
4058.0,0,,70.0,80.0,80.0,53.0,71.0,2474,190.14,52596966032531
4058.0,1,,69.0,84.0,84.0,52.0,70.0,2488,190.69,26405883915344
4058.0,2,,71.0,86.0,84.0,53.0,72.0,2868,186.48,25019608749938
4058.0,3,,71.0,82.0,82.0,53.0,71.0,3003,185.66,25276176660217
4064.0,0,,69.0,80.0,80.0,52.0,71.0,2488,190.56,52598050314941
4064.0,1,,69.0,84.0,84.0,52.0,70.0,2488,184.75,26406936974060
4064.0,2,,73.0,82.0,84.0,54.0,72.0,2827,184.08,25020656163330
4064.0,3,100.00,71.0,82.0,82.0,53.0,71.0,2870,185.17,25277230267700
4069.0,0,100.00,70.0,82.0,82.0,53.0,71.0,2607,190.28,52599133034301
4069.0,1,100.00,69.0,84.0,84.0,52.0,70.0,2481,190.94,26408021534851
4070.0,2,,71.0,86.0,86.0,53.0,72.0,2924,186.73,25021718642272
4070.0,3,,71.0,82.0,84.0,53.0,71.0,2997,185.94,25278286391906
4075.0,0,,69.0,82.0,82.0,53.0,71.0,2555,190.44,52600214709533
4075.0,1,,69.0,84.0,86.0,52.0,70.0,2493,185.06,26409072700195
4075.0,2,,71.0,86.0,86.0,53.0,72.0,2863,185.46,25022772033630
4075.0,3,100.00,71.0,82.0,82.0,53.0,71.0,2948,185.61,25279340684387
4081.0,0,,70.0,82.0,82.0,52.0,71.0,2713,190.66,52601299571044
4081.0,1,,69.0,84.0,84.0,52.0,70.0,2489,190.88,26410158791442
4081.0,2,,70.0,86.0,86.0,53.0,72.0,2899,185.99,25023830306213
4081.0,3,,71.0,84.0,84.0,53.0,71.0,2975,185.66,25280397065063
4086.0,0,99.53,72.0,78.0,78.0,53.0,71.0,2523,191.52,52602387425964
4086.0,1,,70.0,82.0,82.0,52.0,71.0,2492,187.86,26411227719299
4087.0,2,100.00,71.0,86.0,86.0,53.0,72.0,2861,185.52,25024884034606
4087.0,3,,71.0,84.0,84.0,53.0,71.0,2912,185.41,25281452047973
4092.0,0,,70.0,82.0,82.0,52.0,71.0,2681,188.91,52603462340270
4092.0,1,,69.0,86.0,84.0,52.0,70.0,2481,187.81,26412294502868
4092.0,2,99.99,71.0,88.0,86.0,53.0,72.0,2893,185.36,25025938707214
4092.0,3,,71.0,84.0,84.0,53.0,72.0,3009,185.99,25282508459167
4098.0,0,,72.0,80.0,80.0,53.0,71.0,2554,192.15,52604553737548
4098.0,1,100.00,71.0,82.0,82.0,52.0,70.0,2491,187.03,26413358688720
4098.0,2,,71.0,88.0,88.0,53.0,72.0,2904,186.67,25026999001464
4098.0,3,,71.0,84.0,84.0,53.0,72.0,2958,185.70,25283563212463
4103.0,0,,69.0,82.0,82.0,52.0,71.0,2653,189.27,52605628772644
4103.0,1,,69.0,86.0,86.0,52.0,70.0,2485,188.89,26414429712646
4104.0,2,,73.0,84.0,84.0,54.0,72.0,2938,189.97,25028078020812
4104.0,3,,71.0,84.0,84.0,53.0,71.0,3021,185.81,25284618590332
4109.0,0,,70.0,82.0,82.0,53.0,71.0,2565,192.35,52606721298278
4109.0,1,,69.0,84.0,84.0,51.0,69.0,2490,187.56,26415496936706
4109.0,2,,71.0,88.0,88.0,53.0,72.0,2974,182.48,25029116326904
4109.0,3,,71.0,84.0,84.0,53.0,71.0,2953,185.64,25285674857177
4115.0,0,,69.0,84.0,84.0,53.0,71.0,2702,188.44,52607793504760
4115.0,1,100.00,69.0,86.0,86.0,52.0,70.0,2480,188.19,26416567747253
4115.0,2,,70.0,88.0,88.0,53.0,72.0,2817,184.84,25030168061218
4115.0,3,100.00,71.0,84.0,84.0,53.0,72.0,3059,186.05,25286733503173
4120.0,0,0.00,66.0,84.0,84.0,50.0,68.0,2497,115.41,52608451317077
4121.0,1,84.62,66.0,86.0,86.0,50.0,67.0,2488,171.93,26417546023376
4121.0,2,,70.0,88.0,88.0,53.0,72.0,2797,178.02,25031179236206
4121.0,3,95.10,68.0,84.0,84.0,51.0,69.0,2873,165.26,25287673858764
4126.0,0,0.00,64.0,84.0,84.0,49.0,66.0,2125,59.72,52608789910095
4126.0,1,0.00,64.0,86.0,86.0,48.0,65.0,2231,60.03,26417887019470
4126.0,2,0.00,67.0,88.0,88.0,50.0,68.0,2665,79.89,25031633019592
4127.0,3,0.00,66.0,84.0,84.0,50.0,67.0,2549,59.20,25288009524108
4132.0,0,0.00,64.0,84.0,84.0,48.0,65.0,1562,58.45,52609122513244
4132.0,1,0.00,63.0,86.0,86.0,48.0,64.0,1604,59.13,26418222901428
4132.0,2,0.00,65.0,88.0,88.0,49.0,67.0,2216,57.25,25031958175964
4132.0,3,0.00,65.0,84.0,84.0,49.0,66.0,2016,57.86,25288338190185
4137.0,0,0.00,63.0,84.0,84.0,48.0,65.0,1502,58.52,52609454346435
4138.0,1,0.00,62.0,86.0,86.0,47.0,64.0,1534,58.66,26418556114746
4138.0,2,0.00,64.0,88.0,88.0,49.0,66.0,1777,57.01,25032281974365
4138.0,3,,68.0,78.0,78.0,51.0,69.0,1787,129.52,25289073843688
4143.0,0,0.00,63.0,84.0,84.0,48.0,64.0,1510,58.30,52609786075134
4143.0,1,0.00,62.0,86.0,86.0,47.0,63.0,1479,58.67,26418889341735
4143.0,2,0.00,64.0,88.0,88.0,49.0,66.0,1520,56.79,25032604558288
4144.0,3,,70.0,80.0,80.0,52.0,70.0,2089,179.05,25290092661499
4149.0,0,,67.0,74.0,74.0,50.0,68.0,1501,148.94,52610630588745
4149.0,1,,67.0,78.0,78.0,50.0,67.0,1478,151.65,26419750722473
4149.0,2,,68.0,80.0,80.0,52.0,69.0,1646,153.48,25033477874633
4149.0,3,99.99,71.0,82.0,82.0,53.0,71.0,2510,186.54,25291154050109
4154.0,0,,68.0,76.0,76.0,52.0,69.0,1793,187.32,52611698330261
4155.0,1,,68.0,80.0,80.0,51.0,68.0,1708,184.65,26420801409179
4155.0,2,,73.0,82.0,82.0,53.0,71.0,2055,181.90,25034514690795
4155.0,3,,70.0,82.0,82.0,53.0,71.0,2773,181.93,25292189208740
4160.0,0,,69.0,78.0,78.0,52.0,71.0,2204,192.13,52612791567687
4160.0,1,,68.0,80.0,80.0,51.0,69.0,2057,190.12,26421883214843
4160.0,2,,70.0,84.0,84.0,53.0,72.0,2470,188.73,25035586702941
4161.0,3,,71.0,82.0,82.0,53.0,71.0,2965,188.86,25293263810729
4166.0,0,,69.0,78.0,78.0,52.0,71.0,2437,190.43,52613873197998
4166.0,1,,69.0,82.0,82.0,51.0,69.0,2268,184.29,26422931816772
4166.0,2,,71.0,84.0,84.0,53.0,72.0,2761,186.17,25036646021362
4166.0,3,,70.0,82.0,84.0,53.0,71.0,2886,182.35,25294301390625
4172.0,0,100.00,70.0,80.0,80.0,52.0,71.0,2487,189.87,52614955452941
4172.0,1,,69.0,82.0,82.0,52.0,70.0,2350,190.15,26424015697570
4172.0,2,,70.0,86.0,84.0,53.0,72.0,2806,185.69,25037702581909
4172.0,3,,71.0,82.0,84.0,53.0,72.0,2933,188.82,25295375767272
4177.0,0,,72.0,78.0,78.0,53.0,71.0,2481,190.84,52616039398986
4177.0,1,,69.0,82.0,84.0,52.0,69.0,2461,184.98,26425066370605
4178.0,2,,70.0,84.0,84.0,53.0,72.0,2808,186.29,25038762584167
4178.0,3,,71.0,84.0,84.0,53.0,71.0,2956,182.52,25296412469360
4183.0,0,99.99,70.0,82.0,82.0,53.0,71.0,2627,189.99,52617120432128
4183.0,1,,69.0,84.0,84.0,52.0,70.0,2425,190.57,26426150706298
4183.0,2,100.00,71.0,86.0,86.0,53.0,72.0,2836,185.82,25039819915527
4183.0,3,,71.0,84.0,84.0,53.0,72.0,2965,188.87,25297487166809
4189.0,0,,70.0,82.0,82.0,53.0,71.0,2520,190.31,52618203315307
4189.0,1,,71.0,80.0,82.0,52.0,70.0,2477,187.33,26427216623352
4189.0,2,,71.0,86.0,86.0,53.0,72.0,2836,186.51,25040881181091
4189.0,3,,71.0,84.0,84.0,53.0,71.0,2982,182.18,25298525576538
4194.0,0,,70.0,82.0,82.0,53.0,71.0,2655,190.48,52619289052001
4194.0,1,,69.0,84.0,84.0,52.0,70.0,2488,188.23,26428289514038
4195.0,2,,70.0,86.0,86.0,53.0,72.0,2909,185.64,25041937463745
4195.0,3,,71.0,84.0,84.0,53.0,71.0,2984,189.05,25299601259338
4200.0,0,,70.0,82.0,82.0,53.0,71.0,2544,190.27,52620371706787
4200.0,1,,69.0,84.0,84.0,52.0,69.0,2481,185.07,26429340718627
4200.0,2,,71.0,88.0,86.0,54.0,72.0,2892,185.34,25042992036560
4200.0,3,,73.0,80.0,82.0,53.0,71.0,2966,185.69,25300655977233
4206.0,0,,70.0,82.0,82.0,53.0,71.0,2669,191.00,52621456591918
4206.0,1,,69.0,84.0,84.0,52.0,70.0,2457,190.69,26430425754455
4206.0,2,,71.0,86.0,88.0,54.0,72.0,2880,185.43,25044047139648
4206.0,3,,71.0,84.0,84.0,53.0,71.0,3047,186.16,25301715241333
4211.0,0,,70.0,82.0,82.0,53.0,71.0,2553,190.51,52622540593750
4212.0,1,,69.0,84.0,84.0,52.0,70.0,2481,187.61,26431493268493
4212.0,2,99.99,71.0,88.0,88.0,53.0,72.0,2914,185.70,25045101902465
4212.0,3,,73.0,82.0,82.0,53.0,72.0,2957,185.10,25302768442077
4217.0,0,,69.0,82.0,82.0,53.0,71.0,2714,190.75,52623624038635
4217.0,1,,69.0,84.0,84.0,52.0,70.0,2491,188.09,26432561596618
4217.0,2,,71.0,88.0,88.0,53.0,72.0,2869,185.35,25046156563354
4218.0,3,,71.0,84.0,84.0,53.0,72.0,3005,186.29,25303828407714
4223.0,0,,70.0,82.0,82.0,53.0,71.0,2511,190.35,52624707115356
4223.0,1,,69.0,84.0,84.0,52.0,70.0,2489,187.74,26433629852355
4223.0,2,,70.0,88.0,88.0,53.0,72.0,2892,185.60,25047212607360
4223.0,3,99.99,71.0,84.0,84.0,53.0,72.0,3008,185.90,25304884338378
4228.0,0,,69.0,82.0,82.0,52.0,71.0,2722,190.87,52625793189758
4229.0,1,100.00,69.0,86.0,84.0,52.0,70.0,2491,187.91,26434699076049
4229.0,2,,70.0,88.0,88.0,53.0,72.0,2857,185.81,25048269882019
4229.0,3,,71.0,84.0,84.0,53.0,71.0,3059,186.18,25305943681823
4234.0,0,16.20,66.0,84.0,84.0,51.0,68.0,2512,151.93,52626654615783
4234.0,1,,69.0,86.0,86.0,52.0,70.0,2491,184.15,26435737706176
4234.0,2,100.00,71.0,88.0,88.0,53.0,72.0,2855,179.88,25049280793212
4234.0,3,100.00,71.0,84.0,84.0,53.0,71.0,2929,181.87,25306962131835
4240.0,0,0.00,64.0,84.0,84.0,49.0,66.0,2296,60.09,52626992293945
4240.0,1,0.00,64.0,86.0,86.0,49.0,65.0,2321,70.52,26436135422790
4240.0,2,0.00,67.0,88.0,88.0,51.0,68.0,2791,99.03,25049840323425
4240.0,3,0.00,66.0,84.0,84.0,50.0,67.0,2804,67.43,25307344434509
4245.0,0,0.00,64.0,84.0,84.0,48.0,66.0,1617,58.89,52627326187805
4246.0,1,0.00,63.0,86.0,86.0,48.0,64.0,1797,59.55,26436473097900
4246.0,2,0.00,65.0,88.0,88.0,49.0,66.0,2258,57.58,25050167352661
4246.0,3,0.00,65.0,84.0,84.0,49.0,66.0,2064,57.95,25307674761535
4251.0,0,0.00,63.0,84.0,84.0,48.0,65.0,1539,58.26,52627658282287
4251.0,1,100.00,66.0,78.0,78.0,49.0,67.0,1487,105.93,26437076875244
4251.0,2,0.00,64.0,88.0,88.0,49.0,66.0,1848,56.88,25050491016784
4252.0,3,0.00,64.0,84.0,84.0,48.0,65.0,1736,57.40,25308000228210
4257.0,0,0.00,63.0,84.0,84.0,48.0,65.0,1514,58.36,52627989180175
4257.0,1,100.00,67.0,82.0,82.0,51.0,68.0,1673,181.62,26438106634521
4257.0,2,0.00,64.0,88.0,88.0,49.0,65.0,1577,56.61,25050811976257
4257.0,3,0.00,64.0,84.0,84.0,48.0,65.0,1525,57.40,25308325712158
4262.0,0,,66.0,74.0,74.0,50.0,68.0,1504,129.08,52628719799743
4263.0,1,,68.0,82.0,82.0,51.0,69.0,2020,187.72,26439171000549
4263.0,2,,68.0,80.0,80.0,51.0,69.0,1627,134.53,25051576092651
4263.0,3,,68.0,76.0,76.0,51.0,69.0,1626,138.24,25309110940612
4268.0,0,,68.0,76.0,76.0,51.0,69.0,1762,187.36,52629785905029
4268.0,1,100.00,69.0,82.0,82.0,52.0,69.0,2248,184.39,26440220171142
4268.0,2,,69.0,82.0,82.0,53.0,71.0,1983,181.72,25052608250915
4269.0,3,,70.0,80.0,80.0,52.0,70.0,2035,181.05,25310141132324
4274.0,0,,69.0,78.0,78.0,52.0,71.0,2119,191.76,52630877025390
4274.0,1,,69.0,82.0,84.0,52.0,70.0,2360,190.39,26441303492370
4274.0,2,,70.0,84.0,84.0,53.0,71.0,2394,188.55,25053682999633
4274.0,3,,70.0,80.0,80.0,53.0,71.0,2490,187.85,25311209980102
4279.0,0,,72.0,76.0,78.0,53.0,71.0,2309,188.45,52631949327270
4280.0,1,100.00,69.0,84.0,84.0,52.0,70.0,2460,184.90,26442355583068
4280.0,2,,73.0,82.0,82.0,54.0,73.0,2756,185.88,25054738790405
4280.0,3,,71.0,82.0,82.0,53.0,71.0,2777,181.62,25312243420288
4285.0,0,,70.0,80.0,80.0,53.0,71.0,2460,191.05,52633036373962
4285.0,1,,69.0,84.0,84.0,52.0,70.0,2479,190.54,26443437867797
4285.0,2,,71.0,84.0,86.0,53.0,72.0,2866,186.53,25055800167053
4286.0,3,,71.0,82.0,82.0,53.0,71.0,2918,188.85,25313317996459
4291.0,0,100.00,72.0,78.0,80.0,53.0,72.0,2478,188.80,52634110645935
4291.0,1,,69.0,84.0,84.0,52.0,70.0,2489,184.80,26444491243103
4291.0,2,,71.0,86.0,86.0,53.0,72.0,2849,186.42,25056860919921
4291.0,3,,71.0,82.0,82.0,53.0,71.0,2988,182.08,25314354047119
4297.0,0,,70.0,80.0,80.0,53.0,71.0,2534,192.00,52635201199645
4297.0,1,,69.0,84.0,84.0,52.0,70.0,2483,190.75,26445574723266
4297.0,2,,71.0,86.0,86.0,53.0,72.0,2863,186.42,25057919807312
4297.0,3,,71.0,82.0,82.0,53.0,71.0,2945,188.02,25315422001708
4302.0,0,100.00,70.0,80.0,80.0,52.0,71.0,2606,190.56,52636285491027
4302.0,1,,72.0,82.0,84.0,52.0,70.0,2490,185.99,26446631159606
4303.0,2,,71.0,86.0,86.0,54.0,73.0,2849,186.53,25058981191406
4303.0,3,,71.0,82.0,82.0,53.0,71.0,2913,182.20,25316458743652
4308.0,0,100.00,70.0,82.0,82.0,53.0,71.0,2692,190.48,52637369293945
4308.0,1,,69.0,84.0,84.0,52.0,70.0,2490,190.02,26447712349975
4308.0,2,100.00,71.0,86.0,86.0,54.0,72.0,2847,186.37,25060041642333
4308.0,3,100.00,71.0,82.0,82.0,53.0,71.0,2910,188.72,25317532552368
4314.0,0,,69.0,82.0,82.0,53.0,71.0,2605,190.40,52638452671020
4314.0,1,99.99,69.0,84.0,84.0,52.0,69.0,2490,184.96,26448764783386
4314.0,2,100.00,70.0,86.0,86.0,53.0,72.0,2869,185.54,25061097350219
4314.0,3,,71.0,84.0,84.0,53.0,71.0,2986,182.38,25318570266235
4319.0,0,100.00,69.0,82.0,82.0,52.0,71.0,2585,190.87,52639536816223
4319.0,1,,69.0,84.0,84.0,52.0,70.0,2490,190.58,26449849203002
4320.0,2,100.00,71.0,86.0,86.0,54.0,72.0,2849,185.37,25062152090881
4320.0,3,,71.0,84.0,84.0,53.0,72.0,2976,189.30,25319645502868
4325.0,0,99.99,70.0,82.0,82.0,52.0,71.0,2573,190.19,52640620920288
4325.0,1,,69.0,86.0,86.0,52.0,70.0,2489,185.07,26450902230224
4325.0,2,,71.0,88.0,88.0,54.0,72.0,3017,185.80,25063209270202
4325.0,3,,71.0,82.0,82.0,53.0,71.0,2973,185.59,25320701524658
4331.0,0,,70.0,82.0,82.0,52.0,71.0,2670,191.02,52641705902160
4331.0,1,,69.0,84.0,84.0,52.0,70.0,2490,190.59,26451986692932
4331.0,2,100.00,73.0,86.0,86.0,54.0,73.0,2837,186.31,25064269361755
4331.0,3,99.98,71.0,84.0,84.0,53.0,72.0,3050,186.04,25321760112731
4336.0,0,100.00,70.0,82.0,82.0,52.0,70.0,2595,190.37,52642789081359
4337.0,1,100.00,71.0,82.0,82.0,52.0,70.0,2490,187.37,26453052814575
4337.0,2,100.00,71.0,88.0,88.0,53.0,72.0,2934,185.27,25065321698486
4337.0,3,100.00,71.0,84.0,82.0,53.0,72.0,2924,185.21,25322813980102
4342.0,0,99.99,70.0,82.0,82.0,52.0,71.0,2661,190.88,52643873307312
4342.0,1,99.99,69.0,84.0,84.0,52.0,70.0,2492,188.58,26454123967712
4342.0,2,,71.0,88.0,88.0,53.0,72.0,2860,186.04,25066380258239
4343.0,3,,71.0,84.0,84.0,53.0,71.0,3047,186.15,25323873169616
4348.0,0,6.78,66.0,84.0,84.0,50.0,68.0,2510,147.80,52644712796630
4348.0,1,,68.0,86.0,86.0,52.0,70.0,2489,184.47,26455166220336
4348.0,2,99.99,70.0,88.0,88.0,53.0,72.0,2800,179.50,25067389073120
4348.0,3,,71.0,84.0,84.0,53.0,71.0,2942,182.42,25324892875122
4353.0,0,0.00,65.0,84.0,84.0,49.0,66.0,2214,59.92,52645048337524
4353.0,1,0.00,65.0,86.0,86.0,49.0,67.0,2430,131.11,26455903082397
4354.0,2,0.00,67.0,88.0,88.0,50.0,68.0,2762,72.43,25067798301757
4354.0,3,0.00,66.0,84.0,84.0,50.0,67.0,2754,77.64,25325332298767
4359.0,0,0.00,64.0,84.0,84.0,48.0,66.0,1790,58.90,52645382298889
4359.0,1,0.00,64.0,86.0,86.0,48.0,65.0,1980,59.54,26456240672546
4359.0,2,0.00,65.0,88.0,88.0,49.0,67.0,2222,57.46,25068123524108
4359.0,3,0.00,65.0,84.0,84.0,49.0,66.0,2117,58.12,25325661845275
4365.0,0,0.00,63.0,84.0,84.0,48.0,65.0,1522,58.42,52645714128540
4365.0,1,0.00,63.0,86.0,86.0,48.0,64.0,1543,59.21,26456577010986
4365.0,2,0.00,64.0,88.0,88.0,49.0,66.0,1766,57.29,25068448917541
4365.0,3,47.54,68.0,78.0,78.0,51.0,68.0,1764,91.88,25326184653320
4370.0,0,0.00,63.0,84.0,84.0,48.0,64.0,1482,58.64,52646046632507
4370.0,1,0.00,63.0,86.0,86.0,47.0,64.0,1514,58.67,26456909686035
4371.0,2,0.00,64.0,88.0,88.0,49.0,65.0,1514,56.51,25068769303527
4371.0,3,99.99,69.0,80.0,80.0,52.0,70.0,1927,179.24,25327199138000
4376.0,0,97.96,66.0,72.0,72.0,50.0,68.0,1502,103.64,52646634275695
4376.0,1,97.97,66.0,76.0,76.0,49.0,66.0,1489,107.12,26457518127380
4376.0,2,98.14,67.0,78.0,78.0,51.0,69.0,1574,109.76,25069392731689
4376.0,3,98.42,71.0,80.0,80.0,53.0,71.0,2343,184.92,25328251307861
4382.0,0,100.00,68.0,76.0,76.0,51.0,69.0,1668,187.14,52647699110717
4382.0,1,100.00,67.0,80.0,80.0,50.0,68.0,1626,183.66,26458563158386
4382.0,2,100.00,69.0,82.0,82.0,52.0,70.0,1930,181.34,25070424577758
4382.0,3,,71.0,82.0,82.0,53.0,71.0,2741,182.20,25329288034973
4387.0,0,,69.0,76.0,76.0,52.0,71.0,2066,192.21,52648792810974
4388.0,1,,68.0,78.0,78.0,51.0,69.0,1951,189.37,26459640684448
4388.0,2,,70.0,82.0,82.0,53.0,72.0,2289,188.47,25071496962158
4388.0,3,,71.0,82.0,82.0,53.0,71.0,2880,188.59,25330361087829
4393.0,0,,69.0,78.0,78.0,52.0,71.0,2279,187.14,52649857646728
4393.0,1,100.00,69.0,82.0,82.0,51.0,70.0,2237,184.32,26460689450744
4393.0,2,100.00,70.0,84.0,84.0,53.0,72.0,2722,183.04,25072538482421
4394.0,3,,71.0,84.0,82.0,53.0,71.0,2954,182.55,25331399775634
4399.0,0,100.00,70.0,80.0,80.0,53.0,71.0,2448,192.30,52650951810241
4399.0,1,,71.0,80.0,80.0,52.0,70.0,2311,189.70,26461766966430
4399.0,2,,70.0,84.0,84.0,53.0,72.0,2817,189.37,25073615978088
4399.0,3,,71.0,82.0,82.0,53.0,71.0,2955,188.73,25332473672668
4404.0,0,,70.0,80.0,80.0,53.0,71.0,2479,187.87,52652020788208
4405.0,1,,69.0,84.0,84.0,52.0,70.0,2446,185.73,26462823783752
4405.0,2,100.00,71.0,86.0,86.0,53.0,72.0,2826,183.39,25074659477722
4405.0,3,100.00,70.0,84.0,84.0,53.0,71.0,3005,182.62,25333512767150
4410.0,0,,69.0,80.0,80.0,52.0,71.0,2532,193.04,52653117261840
4410.0,1,,69.0,82.0,82.0,52.0,70.0,2459,190.09,26463905412475
4410.0,2,100.00,71.0,86.0,86.0,53.0,72.0,2870,188.66,25075732973266
4411.0,3,,71.0,82.0,82.0,53.0,71.0,2933,188.96,25334586042053
4416.0,0,100.00,70.0,82.0,82.0,52.0,71.0,2592,187.92,52654188424499
4416.0,1,100.00,69.0,84.0,84.0,52.0,69.0,2475,185.12,26464960620361
4416.0,2,,71.0,86.0,86.0,53.0,72.0,2876,182.09,25076770902893
4416.0,3,,71.0,84.0,84.0,53.0,71.0,3002,182.57,25335626666809
4422.0,0,,70.0,80.0,80.0,53.0,72.0,2553,192.97,52655286405273
4422.0,1,,69.0,84.0,84.0,52.0,70.0,2458,190.28,26466043285583
4422.0,2,,70.0,86.0,86.0,53.0,72.0,2849,189.20,25077845572875
4422.0,3,,70.0,84.0,84.0,53.0,71.0,2996,188.99,25336702044494
4427.0,0,,70.0,82.0,82.0,52.0,71.0,2648,187.93,52656355730712
4427.0,1,,69.0,84.0,84.0,52.0,70.0,2481,185.30,26467095800354
4428.0,2,100.00,70.0,88.0,88.0,53.0,72.0,2841,181.98,25078881030517
4428.0,3,,71.0,82.0,82.0,53.0,72.0,2959,185.81,25337757432678
4433.0,0,,69.0,82.0,82.0,53.0,71.0,2600,192.80,52657450808776
4433.0,1,,69.0,84.0,84.0,52.0,70.0,2482,190.68,26468178850280
4433.0,2,,70.0,86.0,86.0,54.0,71.0,2904,188.13,25079949631652
4433.0,3,,71.0,84.0,84.0,53.0,72.0,3051,185.91,25338813373413
4439.0,0,,72.0,80.0,80.0,53.0,72.0,2598,189.97,52658529852233
4439.0,1,,69.0,86.0,84.0,51.0,70.0,2493,185.20,26469230788879
4439.0,2,,70.0,88.0,88.0,53.0,72.0,2884,182.22,25080984646240
4439.0,3,,71.0,84.0,84.0,53.0,72.0,3000,185.80,25339868708007
4444.0,0,100.00,70.0,82.0,82.0,53.0,71.0,2629,191.40,52659617001647
4444.0,1,100.00,69.0,84.0,84.0,52.0,70.0,2458,190.37,26470313986572
4445.0,2,,71.0,88.0,88.0,53.0,72.0,2878,189.09,25082060541687
4445.0,3,100.00,70.0,84.0,84.0,53.0,71.0,2963,185.32,25340925050537
4450.0,0,,72.0,80.0,80.0,53.0,71.0,2584,189.63,52660695986877
4450.0,1,,69.0,84.0,84.0,52.0,70.0,2478,185.23,26471367951110
4450.0,2,99.99,73.0,86.0,86.0,54.0,73.0,2870,183.50,25083104636535
4450.0,3,,71.0,84.0,84.0,53.0,72.0,3050,186.22,25341982777709
4456.0,0,,70.0,82.0,82.0,53.0,71.0,2597,191.31,52661784548095
4456.0,1,,69.0,84.0,84.0,52.0,70.0,2492,190.52,26472452035461
4456.0,2,100.00,71.0,88.0,88.0,53.0,72.0,2964,187.20,25084169786254
4456.0,3,,71.0,84.0,84.0,53.0,71.0,3004,185.95,25343040852050
4461.0,0,,69.0,84.0,84.0,53.0,72.0,2646,188.35,52662856255126
4461.0,1,,69.0,86.0,84.0,52.0,70.0,2487,185.08,26473505137817
4462.0,2,100.00,70.0,88.0,88.0,53.0,72.0,2836,181.44,25085202207275
4462.0,3,,71.0,84.0,84.0,53.0,72.0,2908,180.64,25344070505371
4467.0,0,0.00,66.0,84.0,84.0,50.0,68.0,2511,136.62,52663633642395
4467.0,1,0.00,65.0,86.0,86.0,49.0,66.0,2398,107.25,26474114344665
4467.0,2,0.00,66.0,88.0,88.0,50.0,68.0,2804,69.48,25085596162414
4467.0,3,0.00,67.0,84.0,84.0,50.0,68.0,2778,91.13,25344586291992
4473.0,0,0.00,64.0,84.0,84.0,49.0,66.0,2160,59.64,52663971804443
4473.0,1,0.00,64.0,86.0,86.0,48.0,65.0,1906,59.29,26474450493469
4473.0,2,0.00,65.0,88.0,88.0,49.0,66.0,2118,57.14,25085920155761
4473.0,3,0.00,65.0,84.0,84.0,49.0,66.0,2256,58.14,25344915969238
4478.0,0,0.00,64.0,84.0,84.0,48.0,65.0,1600,58.81,52664305246459
4479.0,1,28.84,66.0,76.0,76.0,50.0,67.0,1547,79.64,26474901281005
4479.0,2,0.00,64.0,88.0,88.0,49.0,66.0,1674,57.20,25086244455200
4479.0,3,0.00,64.0,84.0,84.0,49.0,66.0,1746,57.66,25345242910217
4484.0,0,0.00,63.0,84.0,84.0,48.0,65.0,1544,58.70,52664638096679
4484.0,1,,68.0,80.0,80.0,50.0,68.0,1606,181.12,26475930024108
4484.0,2,0.00,64.0,88.0,88.0,49.0,66.0,1543,57.00,25086567663452
4484.0,3,0.00,64.0,84.0,84.0,48.0,65.0,1553,57.60,25345570084594
4490.0,0,75.71,68.0,70.0,70.0,50.0,68.0,1503,96.94,52665187752746
4490.0,1,96.04,70.0,78.0,78.0,52.0,70.0,1968,187.66,26476994070617
4490.0,2,75.29,69.0,76.0,74.0,51.0,69.0,1566,103.48,25087154384826
4490.0,3,75.43,71.0,72.0,72.0,51.0,68.0,1567,107.95,25346182187072
4495.0,0,100.00,68.0,76.0,74.0,51.0,70.0,1789,190.81,52666269673706
4496.0,1,,69.0,82.0,82.0,52.0,70.0,2346,188.80,26478066473876
4496.0,2,,69.0,80.0,80.0,52.0,70.0,1953,185.00,25088207053405
4496.0,3,,70.0,78.0,78.0,52.0,70.0,2077,185.72,25347238943847
4501.0,0,,69.0,76.0,78.0,52.0,70.0,2139,190.07,52667353096130
4501.0,1,,69.0,82.0,82.0,52.0,70.0,2457,187.00,26479130496765
4501.0,2,,70.0,82.0,82.0,53.0,72.0,2310,183.33,25089250212402
4502.0,3,,70.0,78.0,78.0,53.0,71.0,2447,183.88,25348285206420
4507.0,0,,72.0,74.0,74.0,53.0,72.0,2384,198.43,52668480169433
4507.0,1,,69.0,80.0,80.0,52.0,70.0,2512,196.57,26480248957397
4507.0,2,,71.0,82.0,82.0,53.0,72.0,2661,194.30,25090353841125
4507.0,3,,73.0,76.0,76.0,53.0,71.0,2820,194.97,25349392643737
4512.0,0,,70.0,78.0,78.0,52.0,71.0,2704,189.41,52669555997985
4513.0,1,100.00,69.0,82.0,82.0,51.0,70.0,2617,187.33,26481314872924
4513.0,2,,71.0,84.0,84.0,53.0,72.0,2995,183.57,25091398339721
4513.0,3,,71.0,80.0,80.0,53.0,71.0,3100,184.77,25350444001770
4518.0,0,,71.0,76.0,76.0,52.0,72.0,2516,192.26,52670651855407
4518.0,1,100.00,71.0,80.0,82.0,52.0,70.0,2499,190.29,26482397601013
4518.0,2,,70.0,84.0,84.0,53.0,71.0,2827,186.25,25092458106872
4519.0,3,100.00,73.0,78.0,78.0,53.0,71.0,2986,187.54,25351511110778
4524.0,0,100.00,70.0,78.0,78.0,52.0,71.0,2736,195.71,52671763506164
4524.0,1,99.99,69.0,82.0,82.0,52.0,70.0,2576,193.72,26483497916687
4524.0,2,99.99,71.0,84.0,84.0,53.0,72.0,3039,192.93,25093555861206
4524.0,3,,71.0,80.0,80.0,53.0,71.0,3132,191.74,25352602133300
4530.0,0,,70.0,80.0,80.0,52.0,71.0,2797,189.98,52672844484069
4530.0,1,,69.0,84.0,84.0,52.0,70.0,2511,187.15,26484562805297
4530.0,2,,70.0,84.0,84.0,53.0,71.0,3006,183.40,25094599387573
4530.0,3,,71.0,82.0,82.0,52.0,71.0,3081,184.73,25353651373107
4535.0,0,,70.0,78.0,78.0,52.0,71.0,2584,194.31,52673950116760
4535.0,1,,69.0,82.0,82.0,52.0,70.0,2501,194.27,26485668203857
4536.0,2,,71.0,84.0,84.0,54.0,72.0,2891,189.51,25095677677429
4536.0,3,,71.0,80.0,80.0,53.0,71.0,2923,192.42,25354746254394
4541.0,0,,70.0,80.0,80.0,52.0,71.0,2766,193.94,52675053620788
4541.0,1,,69.0,84.0,84.0,52.0,70.0,2630,190.00,26486747389587
4541.0,2,,71.0,84.0,84.0,53.0,72.0,3064,190.31,25096758643005
4541.0,3,99.99,71.0,82.0,82.0,53.0,71.0,3127,187.75,25355812648864
4547.0,0,,70.0,80.0,80.0,52.0,70.0,2684,189.89,52676132202209
4547.0,1,,69.0,82.0,82.0,52.0,70.0,2504,189.68,26487824789855
4547.0,2,,71.0,84.0,84.0,53.0,72.0,2957,187.27,25097822359558
4547.0,3,,73.0,80.0,80.0,53.0,71.0,3074,189.47,25356888841918
4552.0,0,,72.0,78.0,78.0,52.0,71.0,2610,196.38,52677247647521
4552.0,1,99.99,70.0,82.0,82.0,52.0,70.0,2589,194.46,26488929330261
4553.0,2,,73.0,82.0,82.0,53.0,73.0,2927,190.86,25098906419311
4553.0,3,,73.0,80.0,80.0,53.0,71.0,3053,190.79,25357972520874
4558.0,0,,70.0,80.0,80.0,52.0,71.0,2778,191.65,52678336240661
4558.0,1,,69.0,84.0,84.0,52.0,70.0,2553,187.23,26489994642944
4558.0,2,,71.0,86.0,86.0,53.0,72.0,3061,186.63,25099966480590
4558.0,3,,71.0,82.0,82.0,53.0,71.0,3081,184.74,25359023687500
4564.0,0,,69.0,80.0,80.0,52.0,71.0,2659,192.05,52679429021301
4564.0,1,,70.0,84.0,82.0,52.0,70.0,2490,191.77,26491085809753
4564.0,2,,71.0,86.0,86.0,53.0,72.0,2945,187.08,25101030946899
4564.0,3,100.00,71.0,82.0,82.0,53.0,71.0,2966,189.51,25360100093139
4569.0,0,,73.0,78.0,80.0,53.0,71.0,2681,195.04,52680536858642
4569.0,1,,70.0,84.0,84.0,52.0,70.0,2578,192.16,26492177275207
4570.0,2,100.00,70.0,84.0,84.0,53.0,72.0,2893,192.33,25102123364501
4570.0,3,,73.0,80.0,80.0,53.0,71.0,3052,189.91,25361180709167
4575.0,0,99.99,70.0,80.0,80.0,52.0,71.0,2790,191.48,52681624458129
4575.0,1,,71.0,82.0,82.0,52.0,70.0,2505,189.15,26493251639953
4575.0,2,100.00,71.0,86.0,86.0,53.0,72.0,3063,185.36,25103176232055
4575.0,3,,74.0,80.0,80.0,53.0,72.0,3087,187.20,25362242157592
4581.0,0,,69.0,80.0,80.0,52.0,71.0,2653,194.00,52682726364929
4581.0,1,,69.0,82.0,80.0,52.0,70.0,2493,192.95,26494347569946
4581.0,2,,71.0,86.0,86.0,53.0,72.0,2992,187.86,25104243253601
4581.0,3,,71.0,82.0,82.0,53.0,72.0,3084,190.85,25363326206542
4586.0,0,,70.0,80.0,80.0,52.0,71.0,2796,194.15,52683831052246
4586.0,1,,70.0,84.0,84.0,52.0,70.0,2588,189.32,26495422893432
4587.0,2,,71.0,86.0,84.0,53.0,72.0,2945,193.19,25105340545654
4587.0,3,,71.0,82.0,82.0,53.0,71.0,3093,187.57,25364393465148
4592.0,0,,70.0,80.0,80.0,52.0,71.0,2769,192.34,52684923559204
4592.0,1,,69.0,84.0,84.0,52.0,70.0,2502,189.61,26496499851562
4592.0,2,,71.0,86.0,86.0,53.0,72.0,2998,186.44,25106401406799
4592.0,3,,71.0,80.0,80.0,53.0,72.0,3081,190.33,25365476465881
4598.0,0,100.00,69.0,80.0,80.0,52.0,71.0,2645,194.68,52686031310668
4598.0,1,,70.0,82.0,82.0,52.0,70.0,2518,193.73,26497604114868
4598.0,2,,72.0,84.0,84.0,53.0,72.0,2930,186.31,25107461500610
4598.0,3,,71.0,82.0,82.0,53.0,71.0,3091,187.24,25366541861267
4603.0,0,,70.0,80.0,80.0,52.0,71.0,2778,191.94,52687121501525
4604.0,1,,69.0,84.0,84.0,52.0,70.0,2567,187.46,26498668895996
4604.0,2,,71.0,86.0,86.0,53.0,72.0,3021,190.62,25108546149291
4604.0,3,,71.0,82.0,82.0,53.0,71.0,3094,187.42,25367606432250
4609.0,0,,69.0,82.0,82.0,52.0,71.0,2608,191.10,52688205043518
4609.0,1,100.00,68.0,84.0,84.0,51.0,69.0,2491,179.67,26499682238708
4609.0,2,,71.0,86.0,86.0,53.0,72.0,2982,187.24,25109598451782
4609.0,3,100.00,69.0,84.0,84.0,52.0,70.0,2979,182.43,25368628017150
4615.0,0,0.00,65.0,82.0,82.0,50.0,67.0,2496,101.94,52688777971679
4615.0,1,0.00,64.0,84.0,84.0,49.0,65.0,2371,60.13,26500021393127
4615.0,2,43.84,68.0,86.0,86.0,51.0,69.0,2809,152.41,25110459566406
4615.0,3,0.00,66.0,84.0,84.0,50.0,67.0,2657,59.12,25368963220581
4620.0,0,0.00,64.0,82.0,82.0,49.0,66.0,2032,59.43,52689114955200
4621.0,1,0.00,63.0,84.0,84.0,48.0,64.0,1735,59.38,26500358060974
4621.0,2,0.00,65.0,86.0,86.0,50.0,67.0,2442,57.66,25110787065979
4621.0,3,0.00,65.0,84.0,84.0,49.0,65.0,2011,57.84,25369291183410
4626.0,0,0.00,63.0,82.0,82.0,48.0,65.0,1535,58.55,52689446942504
4626.0,1,0.00,62.0,84.0,84.0,47.0,63.0,1482,59.23,26500693871826
4626.0,2,0.00,65.0,86.0,86.0,49.0,66.0,1896,57.42,25111112051147
4626.0,3,0.00,64.0,84.0,84.0,49.0,66.0,1673,57.59,25369617740173
4632.0,0,0.00,63.0,82.0,82.0,48.0,65.0,1493,58.32,52689777620727
4632.0,1,0.00,62.0,84.0,84.0,47.0,63.0,1494,58.31,26501024490051
4632.0,2,0.00,64.0,86.0,86.0,49.0,66.0,1578,56.38,25111431724365
4632.0,3,99.99,69.0,78.0,78.0,52.0,70.0,1788,179.03,25370632819580
4637.0,0,13.28,67.0,68.0,68.0,49.0,67.0,1492,68.88,52690168151977
4638.0,1,13.26,66.0,72.0,70.0,49.0,66.0,1492,72.97,26501438208679
4638.0,2,13.43,69.0,74.0,74.0,51.0,68.0,1513,75.35,25111858932495
4638.0,3,98.17,73.0,76.0,78.0,53.0,71.0,2157,182.19,25371667643005
4643.0,0,,68.0,74.0,74.0,51.0,69.0,1608,193.58,52691265723571
4643.0,1,,67.0,78.0,76.0,50.0,67.0,1554,191.75,26502527349914
4643.0,2,,69.0,80.0,80.0,52.0,70.0,1827,189.47,25112935136596
4644.0,3,,71.0,80.0,80.0,53.0,71.0,2809,190.06,25372747168701
4649.0,0,,69.0,76.0,76.0,52.0,70.0,2027,188.91,52692340621093
4649.0,1,,68.0,78.0,78.0,51.0,69.0,1869,187.21,26503590690124
4649.0,2,100.00,70.0,82.0,82.0,53.0,71.0,2281,183.29,25113978049499
4649.0,3,,71.0,80.0,82.0,53.0,71.0,2882,184.25,25373793701782
4654.0,0,,70.0,76.0,76.0,52.0,71.0,2312,193.46,52693439464843
4655.0,1,,68.0,78.0,78.0,51.0,69.0,2111,193.37,26504690986328
4655.0,2,,73.0,80.0,80.0,54.0,72.0,2599,193.13,25115074999633
4655.0,3,,73.0,78.0,78.0,53.0,72.0,2927,192.76,25374888564941
4660.0,0,100.00,69.0,78.0,78.0,52.0,71.0,2641,193.43,52694538138977
4660.0,1,100.00,69.0,80.0,80.0,52.0,69.0,2397,189.29,26505766166931
4660.0,2,,71.0,84.0,84.0,53.0,72.0,3018,186.18,25116132513549
4661.0,3,,71.0,82.0,82.0,53.0,71.0,3166,187.08,25375953060974
4666.0,0,,70.0,80.0,80.0,52.0,71.0,2514,189.39,52695613874572
4666.0,1,,69.0,82.0,82.0,52.0,69.0,2324,186.29,26506824285156
4666.0,2,,70.0,82.0,82.0,53.0,71.0,2844,186.09,25117189483520
4666.0,3,,73.0,80.0,82.0,53.0,71.0,3043,184.30,25376999882934
4671.0,0,,71.0,76.0,76.0,52.0,71.0,2661,198.27,52696742010559
4672.0,1,,69.0,80.0,80.0,52.0,70.0,2397,196.94,26507942895385
4672.0,2,,71.0,84.0,84.0,53.0,72.0,2977,192.73,25118286093444
4672.0,3,,73.0,80.0,80.0,53.0,71.0,3040,195.20,25378108614685
4677.0,0,,70.0,80.0,80.0,52.0,70.0,2789,190.10,52697821806884
4677.0,1,,69.0,82.0,82.0,52.0,69.0,2482,187.27,26509006616455
4677.0,2,,70.0,84.0,84.0,53.0,71.0,2967,185.13,25119337624572
4678.0,3,,71.0,82.0,82.0,53.0,71.0,3135,185.53,25379164289916
4683.0,0,,71.0,76.0,76.0,53.0,71.0,2512,194.43,52698926145324
4683.0,1,,71.0,80.0,80.0,52.0,70.0,2481,193.91,26510109990234
4683.0,2,,71.0,84.0,84.0,53.0,72.0,2862,190.08,25120417251708
4683.0,3,100.00,74.0,80.0,82.0,53.0,71.0,3021,187.39,25380228665100
4689.0,0,,69.0,80.0,78.0,52.0,71.0,2712,193.79,52700028821716
4689.0,1,,70.0,82.0,82.0,52.0,70.0,2492,190.09,26511189709594
4689.0,2,,70.0,84.0,84.0,53.0,71.0,3060,190.19,25121499413574
4689.0,3,,71.0,82.0,82.0,53.0,72.0,3092,193.28,25381326507446
4694.0,0,,70.0,80.0,80.0,52.0,71.0,2702,190.03,52701108207397
4694.0,1,,71.0,80.0,80.0,52.0,70.0,2490,189.16,26512266033752
4694.0,2,,73.0,84.0,84.0,54.0,72.0,2924,184.47,25122547187988
4695.0,3,,71.0,82.0,82.0,53.0,71.0,3103,184.59,25382376809265
4700.0,0,99.99,69.0,80.0,80.0,52.0,71.0,2649,195.27,52702219298828
4700.0,1,99.99,69.0,82.0,82.0,52.0,70.0,2542,192.06,26513358852600
4700.0,2,,71.0,84.0,84.0,53.0,72.0,2952,192.16,25123640569335
4700.0,3,100.00,74.0,80.0,82.0,54.0,71.0,3047,190.43,25383460334472
4706.0,0,,70.0,80.0,80.0,52.0,71.0,2795,192.17,52703312736267
4706.0,1,,69.0,82.0,84.0,52.0,70.0,2489,189.56,26514437459228
4706.0,2,,70.0,86.0,84.0,53.0,72.0,3060,186.86,25124703790100
4706.0,3,,71.0,82.0,82.0,53.0,71.0,3081,190.19,25384542539428
4711.0,0,,70.0,80.0,80.0,52.0,71.0,2626,191.87,52704404481384
4711.0,1,,71.0,80.0,80.0,52.0,70.0,2490,191.50,26515527099731
4712.0,2,100.00,71.0,86.0,84.0,54.0,72.0,2849,186.33,25125764010437
4712.0,3,,73.0,80.0,80.0,53.0,71.0,3084,187.42,25385607104919
4717.0,0,,70.0,80.0,80.0,52.0,71.0,2754,194.41,52705506809143
4717.0,1,,69.0,82.0,82.0,52.0,70.0,2543,192.95,26516615313720
4717.0,2,,73.0,82.0,82.0,54.0,72.0,2990,193.16,25126851501342
4717.0,3,,74.0,80.0,80.0,53.0,71.0,3085,188.91,25386666900756
4723.0,0,,70.0,80.0,80.0,52.0,71.0,2800,192.27,52706585469360
4723.0,1,,69.0,84.0,84.0,52.0,70.0,2489,186.86,26517669219482
4723.0,2,100.00,70.0,86.0,86.0,53.0,72.0,3062,185.44,25127899247314
4723.0,3,,71.0,82.0,82.0,53.0,72.0,3094,188.85,25387739541015
4728.0,0,,70.0,80.0,80.0,52.0,71.0,2608,193.88,52707688642761
4728.0,1,,72.0,80.0,82.0,53.0,71.0,2493,193.61,26518768908447
4729.0,2,,71.0,84.0,86.0,53.0,72.0,2999,190.62,25128983883178
4729.0,3,,71.0,82.0,82.0,53.0,71.0,3093,187.44,25388804195373
4734.0,0,,72.0,78.0,78.0,53.0,71.0,2777,194.51,52708793481811
4734.0,1,,70.0,84.0,84.0,52.0,70.0,2534,190.97,26519853634948
4734.0,2,100.00,71.0,84.0,84.0,53.0,72.0,3072,191.14,25130069562133
4734.0,3,,71.0,82.0,82.0,53.0,71.0,3083,192.39,25389896980712
4740.0,0,,70.0,82.0,82.0,52.0,71.0,2691,190.11,52709873308959
4740.0,1,,72.0,82.0,84.0,52.0,71.0,2492,187.22,26520918931457
4740.0,2,,72.0,82.0,84.0,54.0,72.0,2958,187.37,25131133810852
4740.0,3,,71.0,82.0,82.0,53.0,71.0,3084,187.20,25390962130004
4745.0,0,,71.0,78.0,78.0,53.0,71.0,2611,196.55,52710989711059
4745.0,1,,70.0,84.0,84.0,52.0,70.0,2580,194.54,26522021992370
4746.0,2,99.99,73.0,84.0,82.0,54.0,72.0,2969,190.29,25132214678527
4746.0,3,,70.0,82.0,82.0,53.0,71.0,3086,184.72,25392009466979
4751.0,0,,70.0,80.0,80.0,52.0,71.0,2786,191.71,52712080518676
4751.0,1,,70.0,84.0,84.0,52.0,70.0,2510,189.64,26523101036804
4751.0,2,,70.0,86.0,86.0,53.0,71.0,3071,188.59,25133287743652
4751.0,3,,71.0,82.0,82.0,53.0,71.0,3113,193.18,25393108651245
4757.0,0,,70.0,82.0,82.0,52.0,71.0,2618,190.40,52713162002929
4757.0,1,100.00,69.0,84.0,84.0,52.0,70.0,2492,186.09,26524159890319
4757.0,2,,70.0,86.0,86.0,53.0,72.0,2922,185.08,25134338991271
4757.0,3,,71.0,82.0,82.0,53.0,72.0,3121,186.37,25394169118713
4762.0,0,0.00,65.0,82.0,82.0,50.0,67.0,2509,113.13,52713805731811
4762.0,1,0.00,65.0,86.0,86.0,50.0,66.0,2438,127.30,26524884235534
4763.0,2,0.00,67.0,86.0,86.0,51.0,68.0,2755,103.84,25134929840454
4763.0,3,99.99,69.0,84.0,84.0,52.0,70.0,3023,178.76,25395184456665
4768.0,0,0.00,64.0,82.0,82.0,49.0,66.0,2083,59.52,52714143797302
4768.0,1,0.00,63.0,86.0,86.0,48.0,65.0,1998,59.65,26525222444030
4768.0,2,0.00,65.0,86.0,86.0,49.0,66.0,2231,57.40,25135255864440
4768.0,3,0.00,66.0,84.0,84.0,50.0,67.0,2631,59.25,25395521003417
4774.0,0,0.00,63.0,82.0,82.0,48.0,66.0,1553,58.47,52714475932800
4774.0,1,0.00,63.0,86.0,86.0,48.0,64.0,1522,59.01,26525557610534
4774.0,2,0.00,64.0,86.0,86.0,49.0,66.0,1767,57.04,25135579258300
4774.0,3,0.00,64.0,84.0,84.0,49.0,66.0,2064,57.79,25395848656250
4779.0,0,0.00,63.0,82.0,82.0,48.0,65.0,1481,58.43,52714807206298
4780.0,1,,67.0,80.0,80.0,50.0,67.0,1513,145.00,26526379780639
4780.0,2,0.00,64.0,86.0,86.0,49.0,65.0,1522,56.63,25135900908203
4780.0,3,0.00,64.0,84.0,84.0,48.0,65.0,1564,57.40,25396174676696
4785.0,0,0.00,62.0,82.0,82.0,47.0,64.0,1523,58.44,52715139136230
4785.0,1,100.00,68.0,82.0,82.0,51.0,69.0,1787,180.47,26527404860351
4785.0,2,0.00,64.0,86.0,86.0,48.0,65.0,1534,56.75,25136222683715
4785.0,3,0.00,64.0,84.0,84.0,48.0,65.0,1534,57.53,25396500853088
4791.0,0,,68.0,72.0,74.0,50.0,68.0,1544,173.29,52716121693664
4791.0,1,,69.0,80.0,80.0,52.0,70.0,2168,192.72,26528497598266
4791.0,2,,69.0,78.0,78.0,52.0,70.0,1702,178.29,25137235386413
4791.0,3,,68.0,76.0,76.0,51.0,69.0,1774,182.90,25397539723266
4796.0,0,,68.0,76.0,76.0,51.0,70.0,1933,189.89,52717200262207
4797.0,1,,69.0,82.0,82.0,51.0,70.0,2439,186.79,26529560410583
4797.0,2,,70.0,80.0,80.0,53.0,71.0,2142,183.32,25138276646850
4797.0,3,,71.0,78.0,78.0,52.0,70.0,2260,182.42,25398577707458
4802.0,0,100.00,69.0,76.0,76.0,52.0,70.0,2261,191.98,52718290732238
4802.0,1,,69.0,82.0,82.0,52.0,70.0,2473,191.78,26530649742431
4802.0,2,100.00,71.0,82.0,82.0,53.0,72.0,2452,186.37,25139335223815
4803.0,3,,71.0,78.0,78.0,53.0,71.0,2601,189.28,25399650948059
4808.0,0,99.99,70.0,78.0,78.0,52.0,71.0,2579,195.06,52719398653381
4808.0,1,,69.0,82.0,82.0,52.0,70.0,2537,191.58,26531735981384
4808.0,2,,71.0,82.0,82.0,53.0,72.0,2887,193.44,25140432042236
4808.0,3,,71.0,80.0,80.0,53.0,71.0,3023,190.20,25400731312255
4813.0,0,,70.0,78.0,78.0,52.0,71.0,2515,189.41,52720474526550
4814.0,1,,69.0,82.0,84.0,52.0,70.0,2503,186.63,26532797884277
4814.0,2,,71.0,84.0,84.0,53.0,72.0,2943,184.64,25141482644836
4814.0,3,,71.0,80.0,80.0,53.0,71.0,3079,184.32,25401780091918
4819.0,0,,69.0,78.0,78.0,52.0,71.0,2594,195.46,52721586717285
4819.0,1,,71.0,80.0,80.0,52.0,70.0,2532,197.01,26533918849182
4819.0,2,,71.0,84.0,84.0,53.0,72.0,2925,193.14,25142581609924
4820.0,3,,73.0,78.0,78.0,53.0,72.0,2918,193.04,25402876580444
4825.0,0,,70.0,80.0,80.0,52.0,71.0,2781,192.17,52722678240661
4825.0,1,,69.0,82.0,84.0,52.0,69.0,2603,186.88,26534978480590
4825.0,2,,71.0,84.0,84.0,53.0,72.0,3065,188.69,25143651469909
4825.0,3,,71.0,82.0,82.0,53.0,71.0,3116,187.26,25403940204223
4830.0,0,,72.0,78.0,78.0,53.0,71.0,2588,191.41,52723765430541
4831.0,1,,72.0,80.0,82.0,52.0,70.0,2502,190.70,26536061651489
4831.0,2,,71.0,84.0,84.0,53.0,72.0,2873,187.27,25144717052001
4831.0,3,,73.0,78.0,78.0,53.0,71.0,3031,187.92,25405007615905
4836.0,0,,71.0,78.0,76.0,53.0,71.0,2691,197.14,52724887131469
4836.0,1,,69.0,82.0,82.0,52.0,70.0,2576,193.29,26537161476074
4836.0,2,,72.0,82.0,82.0,54.0,73.0,2965,193.92,25145818542480
4837.0,3,,71.0,80.0,80.0,53.0,71.0,3038,191.84,25406099176208
4842.0,0,,70.0,80.0,80.0,52.0,71.0,2789,189.56,52725963825500
4842.0,1,,69.0,84.0,84.0,52.0,70.0,2511,187.41,26538225985717
4842.0,2,100.00,71.0,84.0,86.0,53.0,72.0,3018,185.19,25146872262268
4842.0,3,,71.0,82.0,82.0,53.0,72.0,3082,184.62,25407149676086
4848.0,0,100.00,71.0,78.0,78.0,52.0,71.0,2628,194.68,52727069595092
4848.0,1,100.00,71.0,80.0,82.0,52.0,70.0,2492,193.50,26539327026428
4848.0,2,,71.0,84.0,84.0,53.0,72.0,2915,190.76,25147955760314
4848.0,3,,71.0,82.0,82.0,53.0,71.0,3043,190.13,25408229591674
4853.0,0,100.00,70.0,80.0,80.0,52.0,70.0,2776,193.56,52728170934020
4853.0,1,,69.0,84.0,84.0,52.0,70.0,2480,190.79,26540410719909
4854.0,2,,71.0,84.0,84.0,53.0,72.0,3059,190.98,25149042420410
4854.0,3,,71.0,82.0,82.0,53.0,71.0,3081,190.66,25409312538635
4859.0,0,,70.0,80.0,80.0,52.0,71.0,2660,190.01,52729250184204
4859.0,1,,70.0,82.0,82.0,52.0,70.0,2491,189.32,26541487954101
4859.0,2,,70.0,86.0,86.0,53.0,72.0,2958,185.01,25150093302612
4859.0,3,,74.0,80.0,82.0,53.0,71.0,3082,184.96,25410364977172
4865.0,0,99.99,72.0,78.0,78.0,53.0,71.0,2546,196.84,52730368216613
4865.0,1,,71.0,82.0,82.0,52.0,71.0,2538,191.25,26542574256530
4865.0,2,,70.0,84.0,84.0,53.0,72.0,2928,193.81,25151194127136
4865.0,3,,73.0,80.0,80.0,53.0,71.0,3090,192.51,25411456505737
4870.0,0,,70.0,80.0,82.0,52.0,71.0,2760,191.45,52731455648376
4870.0,1,,69.0,84.0,84.0,52.0,70.0,2597,190.61,26543656905944
4871.0,2,,71.0,86.0,86.0,53.0,72.0,3081,188.21,25152263184814
4871.0,3,100.00,71.0,82.0,82.0,53.0,71.0,3088,187.71,25412524596374
4876.0,0,,72.0,78.0,78.0,53.0,71.0,2698,192.08,52732548591247
4876.0,1,,70.0,84.0,84.0,52.0,70.0,2543,191.43,26544746167541
4876.0,2,,72.0,82.0,82.0,54.0,72.0,2935,190.92,25153349513000
4876.0,3,,71.0,82.0,82.0,53.0,72.0,3064,187.29,25413588406188
4882.0,0,,70.0,80.0,80.0,52.0,71.0,2747,194.29,52733652131835
4882.0,1,,69.0,84.0,84.0,52.0,70.0,2504,189.74,26545822007934
4882.0,2,,72.0,82.0,84.0,54.0,72.0,3043,189.63,25154426601806
4882.0,3,,71.0,82.0,82.0,53.0,71.0,3053,190.27,25414669128112
4887.0,0,,69.0,82.0,80.0,52.0,71.0,2800,192.31,52734744435729
4887.0,1,,69.0,84.0,84.0,52.0,70.0,2491,189.40,26546899708312
4888.0,2,,70.0,86.0,86.0,53.0,72.0,3017,185.68,25155483120971
4888.0,3,,71.0,82.0,82.0,53.0,71.0,3081,187.38,25415735345336
4893.0,0,99.99,72.0,80.0,80.0,53.0,71.0,2658,193.11,52735843252990
4893.0,1,,69.0,84.0,84.0,52.0,70.0,2535,191.76,26547988915954
4893.0,2,,71.0,86.0,86.0,53.0,72.0,2863,190.71,25156566336730
4893.0,3,,71.0,82.0,82.0,53.0,71.0,3084,190.28,25416816132141
4899.0,0,,70.0,80.0,80.0,52.0,71.0,2790,195.30,52736952570556
4899.0,1,99.99,69.0,84.0,84.0,52.0,70.0,2522,192.02,26549081537780
4899.0,2,,70.0,86.0,84.0,53.0,72.0,3061,191.19,25157652312866
4899.0,3,,70.0,82.0,82.0,53.0,71.0,3091,190.17,25417898220275
4904.0,0,,70.0,82.0,82.0,52.0,71.0,2754,191.32,52738041198181
4905.0,1,,69.0,84.0,84.0,52.0,70.0,2524,187.55,26550146825439
4905.0,2,,70.0,86.0,86.0,53.0,72.0,2966,185.40,25158707248168
4905.0,3,,71.0,82.0,82.0,53.0,71.0,3093,185.21,25418952066589
4910.0,0,18.54,66.0,82.0,82.0,50.0,68.0,2481,154.45,52738918470764
4910.0,1,100.00,69.0,86.0,86.0,52.0,70.0,2493,184.22,26551193191955
4910.0,2,3.13,67.0,88.0,88.0,51.0,69.0,2783,135.04,25159472906250
4910.0,3,69.03,67.0,84.0,84.0,51.0,68.0,2946,157.64,25419844313964
4916.0,0,0.00,65.0,82.0,82.0,49.0,67.0,2169,59.78,52739257406494
4916.0,1,0.00,64.0,86.0,86.0,49.0,66.0,2369,71.55,26551599614685
4916.0,2,0.00,65.0,88.0,88.0,50.0,67.0,2336,57.17,25159797631103
4916.0,3,0.00,66.0,84.0,84.0,49.0,67.0,2440,58.62,25420177276733
4921.0,0,0.00,64.0,82.0,82.0,48.0,65.0,1609,58.57,52739590064208
4922.0,1,0.00,63.0,86.0,86.0,48.0,64.0,1831,59.38,26551936284057
4922.0,2,0.00,64.0,88.0,88.0,49.0,66.0,1842,57.08,25160121255371
4922.0,3,0.00,64.0,84.0,84.0,49.0,66.0,1948,57.72,25420504541870
4927.0,0,0.00,63.0,82.0,82.0,48.0,65.0,1544,58.56,52739922111755
4927.0,1,0.00,63.0,86.0,86.0,47.0,64.0,1491,58.98,26552270700256
4927.0,2,100.00,68.0,82.0,82.0,52.0,69.0,1650,132.10,25160871558898
4928.0,3,0.00,64.0,84.0,84.0,48.0,65.0,1607,57.52,25420831256835
4933.0,0,0.00,63.0,82.0,82.0,48.0,64.0,1511,58.56,52740254715515
4933.0,1,0.00,62.0,86.0,86.0,47.0,63.0,1501,58.36,26552602188659
4933.0,2,99.99,69.0,82.0,84.0,52.0,71.0,2008,177.34,25161877096374
4933.0,3,0.00,64.0,84.0,84.0,48.0,65.0,1543,57.39,25421157238525
4938.0,0,100.00,68.0,72.0,72.0,51.0,69.0,1555,159.60,52741159661376
4939.0,1,,67.0,76.0,76.0,50.0,67.0,1522,162.77,26553526696655
4939.0,2,,71.0,82.0,82.0,53.0,72.0,2419,191.12,25162962678344
4939.0,3,,69.0,76.0,76.0,51.0,69.0,1710,169.17,25422118119018
4944.0,0,,69.0,76.0,76.0,52.0,70.0,1931,189.56,52742238269958
4944.0,1,100.00,68.0,78.0,80.0,51.0,68.0,1834,186.05,26554585293762
4944.0,2,,71.0,84.0,84.0,53.0,72.0,2762,182.78,25164004547241
4945.0,3,,70.0,78.0,78.0,52.0,70.0,2235,182.91,25423158869201
4950.0,0,,70.0,76.0,76.0,52.0,71.0,2236,192.13,52743331470520
4950.0,1,100.00,68.0,80.0,80.0,51.0,69.0,2089,188.24,26555656356323
4950.0,2,,71.0,84.0,84.0,53.0,72.0,2827,188.89,25165079326049
4950.0,3,100.00,73.0,76.0,78.0,53.0,71.0,2563,188.02,25424228716003
4955.0,0,,70.0,78.0,78.0,52.0,71.0,2574,195.69,52744444951354
4956.0,1,,69.0,80.0,80.0,52.0,69.0,2374,193.77,26556758882568
4956.0,2,99.99,71.0,84.0,84.0,53.0,72.0,3039,191.00,25166164194030
4956.0,3,,71.0,80.0,80.0,53.0,71.0,2995,191.35,25425317477661
4961.0,0,,70.0,78.0,78.0,52.0,71.0,2573,189.44,52745522879333
4961.0,1,,69.0,82.0,82.0,52.0,70.0,2468,186.90,26557822321350
4961.0,2,99.99,71.0,86.0,86.0,53.0,72.0,2941,184.67,25167216809570
4962.0,3,99.99,71.0,80.0,80.0,53.0,71.0,3082,184.30,25426366126220
4967.0,0,,71.0,76.0,76.0,53.0,71.0,2587,195.98,52746637985046
4967.0,1,,69.0,80.0,80.0,52.0,70.0,2482,194.16,26558925142578
4967.0,2,,71.0,84.0,84.0,53.0,72.0,2897,193.91,25168316270324
4967.0,3,,71.0,80.0,80.0,53.0,71.0,3000,192.61,25427460166381
4973.0,0,100.00,70.0,80.0,80.0,52.0,71.0,2787,191.51,52747725742492
4973.0,1,,69.0,82.0,82.0,52.0,70.0,2482,189.88,26560003637634
4973.0,2,100.00,71.0,86.0,86.0,53.0,72.0,3058,187.15,25169381156494
4973.0,3,,71.0,82.0,82.0,53.0,71.0,3176,187.77,25428528571533
4978.0,0,100.00,70.0,80.0,80.0,52.0,71.0,2619,191.89,52748815681579
4978.0,1,,71.0,80.0,80.0,52.0,70.0,2493,188.74,26561077551086
4979.0,2,,73.0,82.0,84.0,54.0,72.0,2886,187.38,25170445470153
4979.0,3,,73.0,80.0,80.0,53.0,71.0,3025,186.76,25429587508728
4984.0,0,,70.0,78.0,78.0,52.0,71.0,2769,196.37,52749931053405
4984.0,1,,69.0,82.0,82.0,52.0,70.0,2481,192.69,26562172029846
4984.0,2,99.99,72.0,82.0,82.0,53.0,72.0,3038,192.81,25171542574218
4984.0,3,,71.0,82.0,82.0,53.0,71.0,3014,190.60,25430672006103
4990.0,0,,70.0,80.0,80.0,52.0,71.0,2710,189.97,52751011992126
4990.0,1,100.00,69.0,82.0,82.0,52.0,70.0,2489,189.74,26563251623107
4990.0,2,,71.0,86.0,86.0,53.0,72.0,3037,185.34,25172597143737
4990.0,3,,71.0,82.0,82.0,53.0,71.0,3081,187.49,25431738814514
4995.0,0,,70.0,80.0,80.0,52.0,71.0,2628,193.79,52752114681518
4995.0,1,,69.0,82.0,82.0,52.0,70.0,2491,191.73,26564342573547
4996.0,2,,71.0,86.0,86.0,53.0,72.0,2943,190.80,25173682820190
4996.0,3,,71.0,82.0,82.0,53.0,71.0,3083,189.95,25432819625000
5001.0,0,,70.0,80.0,80.0,52.0,71.0,2778,194.41,52753218927978
5001.0,1,,69.0,82.0,82.0,52.0,71.0,2516,192.50,26565434072509
5001.0,2,100.00,71.0,86.0,86.0,53.0,72.0,3077,191.13,25174766509704
5001.0,3,,71.0,82.0,80.0,53.0,71.0,3096,190.43,25433901256347
5007.0,0,,72.0,78.0,78.0,52.0,71.0,2619,192.54,52754312544433
5007.0,1,100.00,69.0,84.0,84.0,52.0,70.0,2511,187.04,26566498352233
5007.0,2,,70.0,86.0,86.0,53.0,72.0,2965,184.44,25175815990966
5007.0,3,,71.0,82.0,82.0,53.0,71.0,3081,184.76,25434950685729
5012.0,0,,70.0,80.0,82.0,52.0,70.0,2711,191.53,52755402348449
5012.0,1,100.00,70.0,84.0,84.0,52.0,70.0,2490,191.42,26567587527893
5013.0,2,,71.0,84.0,82.0,53.0,72.0,2934,193.51,25176917054504
5013.0,3,100.00,71.0,80.0,80.0,53.0,71.0,3091,192.96,25436048646057
5018.0,0,,69.0,80.0,80.0,52.0,71.0,2744,194.27,52756507724060
5018.0,1,,70.0,82.0,82.0,52.0,70.0,2522,191.96,26568679752197
5018.0,2,,70.0,86.0,86.0,53.0,72.0,3060,188.39,25177987120666
5018.0,3,100.00,71.0,82.0,82.0,53.0,71.0,3081,187.34,25437114619567
5024.0,0,,72.0,78.0,78.0,53.0,71.0,2658,194.39,52757613785095
5024.0,1,,69.0,84.0,84.0,52.0,70.0,2500,189.70,26569759145629
5024.0,2,,71.0,86.0,86.0,53.0,72.0,2923,187.80,25179055719421
5024.0,3,100.00,71.0,82.0,82.0,53.0,71.0,3090,187.42,25438181057006
5029.0,0,,70.0,80.0,80.0,52.0,71.0,2785,191.77,52758704973266
5030.0,1,,69.0,84.0,84.0,51.0,69.0,2543,190.02,26570838432495
5030.0,2,,71.0,84.0,82.0,53.0,72.0,3005,194.31,25180161319641
5030.0,3,,71.0,82.0,82.0,53.0,71.0,3083,190.31,25439262034484
5035.0,0,,69.0,82.0,80.0,52.0,71.0,2702,192.30,52759797264099
5035.0,1,,70.0,84.0,84.0,52.0,70.0,2542,192.14,26571931710632
5035.0,2,,71.0,86.0,86.0,53.0,72.0,3079,185.27,25181215512268
5036.0,3,,71.0,82.0,82.0,53.0,71.0,3085,187.32,25440329745056
5041.0,0,,70.0,80.0,80.0,52.0,71.0,2643,194.06,52760903395935
5041.0,1,,70.0,84.0,84.0,52.0,70.0,2540,192.04,26573026313903
5041.0,2,,73.0,84.0,84.0,54.0,73.0,2986,189.26,25182292424133
5041.0,3,,74.0,80.0,82.0,53.0,71.0,3084,188.81,25441402182556
5046.0,0,100.00,71.0,78.0,78.0,52.0,71.0,2789,194.91,52762010498718
5047.0,1,,69.0,82.0,80.0,52.0,70.0,2505,190.36,26574105635009
5047.0,2,,71.0,86.0,86.0,53.0,72.0,3034,192.19,25183384062500
5047.0,3,,71.0,82.0,82.0,53.0,71.0,3089,187.92,25442469571838
5052.0,0,100.00,69.0,82.0,82.0,52.0,71.0,2706,189.95,52763089435119
5052.0,1,99.99,70.0,84.0,84.0,52.0,70.0,2491,189.52,26575184010986
5052.0,2,,70.0,86.0,86.0,53.0,72.0,2995,185.04,25184436953857
5053.0,3,100.00,71.0,82.0,82.0,53.0,71.0,3086,187.91,25443538755798
5058.0,0,100.00,69.0,82.0,82.0,52.0,70.0,2501,185.62,52764145634094
5058.0,1,79.75,66.0,86.0,86.0,50.0,68.0,2484,171.49,26576158093139
5058.0,2,70.39,68.0,88.0,88.0,52.0,69.0,2804,162.81,25185360086547
5058.0,3,,69.0,84.0,84.0,52.0,70.0,2944,169.58,25444500260986
5064.0,0,0.00,65.0,82.0,82.0,49.0,67.0,2455,78.91,52764593029174
5064.0,1,0.00,64.0,86.0,86.0,48.0,65.0,2307,59.99,26576498230041
5064.0,2,0.00,66.0,88.0,88.0,50.0,68.0,2454,57.82,25185687933349
5064.0,3,0.00,66.0,84.0,84.0,50.0,67.0,2593,59.24,25444836150512
5069.0,0,0.00,64.0,82.0,82.0,48.0,66.0,1819,59.03,52764927703491
5069.0,1,0.00,63.0,86.0,86.0,48.0,64.0,1618,59.62,26576836261657
5069.0,2,0.00,65.0,88.0,88.0,49.0,66.0,1999,57.33,25186013556945
5070.0,3,0.00,64.0,84.0,84.0,49.0,66.0,2072,57.75,25445164176818
5075.0,0,0.00,63.0,82.0,82.0,48.0,65.0,1522,58.49,52765259906127
5075.0,1,,66.0,80.0,80.0,50.0,67.0,1501,124.93,26577545867858
5075.0,2,0.00,64.0,88.0,88.0,49.0,66.0,1607,56.92,25186336287414
5075.0,3,0.00,64.0,84.0,84.0,48.0,65.0,1597,57.44,25445489865661
5081.0,0,0.00,63.0,82.0,82.0,48.0,65.0,1523,58.38,52765591510559
5081.0,1,99.99,68.0,82.0,82.0,51.0,68.0,1734,180.92,26578573507385
5081.0,2,0.00,64.0,88.0,88.0,49.0,65.0,1554,56.60,25186657798645
5081.0,3,0.00,64.0,84.0,84.0,48.0,65.0,1533,57.33,25445815526489
5086.0,0,,67.0,72.0,72.0,51.0,69.0,1543,152.49,52766456125305
5086.0,1,,69.0,80.0,80.0,52.0,70.0,2112,191.93,26579663692138
5087.0,2,,68.0,78.0,78.0,51.0,70.0,1658,158.62,25187558788574
5087.0,3,,69.0,76.0,76.0,51.0,69.0,1677,162.30,25446738990966
5092.0,0,,69.0,76.0,76.0,51.0,70.0,1921,189.11,52767532150878
5092.0,1,99.99,69.0,82.0,82.0,52.0,70.0,2417,186.99,26580727639343
5092.0,2,,70.0,82.0,82.0,53.0,71.0,2111,182.95,25188599758361
5092.0,3,,70.0,78.0,78.0,52.0,70.0,2219,182.92,25447777956604
5098.0,0,,69.0,76.0,76.0,52.0,71.0,2230,192.87,52768627671630
5098.0,1,99.99,71.0,78.0,80.0,52.0,70.0,2473,191.88,26581815619445
5098.0,2,,72.0,80.0,80.0,53.0,72.0,2409,186.74,25189660446960
5098.0,3,,71.0,78.0,78.0,53.0,71.0,2537,185.93,25448834040710
5103.0,0,,70.0,78.0,78.0,53.0,71.0,2502,193.63,52769727495483
5103.0,1,100.00,69.0,82.0,82.0,52.0,70.0,2574,191.66,26582906169494
5104.0,2,100.00,71.0,82.0,82.0,53.0,72.0,2900,192.98,25190758524291
5104.0,3,,71.0,80.0,80.0,53.0,71.0,2961,193.17,25449933166137
5109.0,0,100.00,70.0,78.0,78.0,52.0,71.0,2522,189.26,52770804371093
5109.0,1,,69.0,82.0,82.0,52.0,70.0,2512,186.93,26583969808471
5109.0,2,,71.0,84.0,84.0,53.0,71.0,2986,183.07,25191800218383
5109.0,3,,71.0,80.0,80.0,53.0,71.0,3091,184.34,25450982068786
5115.0,0,99.99,70.0,78.0,78.0,52.0,71.0,2626,195.86,52771918830505
5115.0,1,,71.0,80.0,80.0,52.0,70.0,2490,193.59,26585071340393
5115.0,2,,71.0,82.0,82.0,53.0,72.0,2894,192.45,25192893354675
5115.0,3,,73.0,78.0,78.0,53.0,71.0,2958,192.72,25452076706665
5120.0,0,100.00,70.0,80.0,80.0,52.0,71.0,2788,192.09,52773011794433
5120.0,1,,69.0,84.0,84.0,52.0,70.0,2628,190.67,26586154360290
5121.0,2,99.99,71.0,84.0,84.0,53.0,72.0,3070,188.09,25193963609191
5121.0,3,,71.0,82.0,82.0,53.0,71.0,3111,187.61,25453144202087
5126.0,0,,71.0,78.0,76.0,53.0,71.0,2598,192.38,52774104531188
5126.0,1,,71.0,80.0,82.0,52.0,70.0,2504,188.71,26587226230590
5126.0,2,,70.0,84.0,84.0,53.0,72.0,2895,184.68,25195012574462
5126.0,3,100.00,71.0,80.0,80.0,53.0,71.0,3033,187.13,25454207112731
5132.0,0,100.00,69.0,80.0,80.0,52.0,71.0,2722,193.09,52775203216308
5132.0,1,100.00,69.0,82.0,82.0,51.0,69.0,2491,192.48,26588321445739
5132.0,2,,73.0,82.0,82.0,54.0,72.0,2932,195.95,25196127515808
5132.0,3,100.00,71.0,80.0,80.0,53.0,71.0,3047,192.76,25455303923339
5137.0,0,,70.0,80.0,80.0,52.0,71.0,2767,192.18,52776294817077
5138.0,1,100.00,69.0,84.0,84.0,52.0,70.0,2533,190.06,26589400973327
5138.0,2,100.00,71.0,84.0,84.0,53.0,72.0,3073,185.59,25197181639282
5138.0,3,,71.0,82.0,82.0,53.0,71.0,3083,184.36,25456351076904
5143.0,0,,69.0,80.0,80.0,52.0,71.0,2679,195.42,52777406739257
5143.0,1,,71.0,80.0,80.0,52.0,70.0,2500,191.51,26590490659545
5143.0,2,100.00,71.0,84.0,86.0,53.0,72.0,2910,187.82,25198250308532
5144.0,3,,71.0,82.0,82.0,53.0,71.0,2954,189.78,25457430947570
5149.0,0,,70.0,80.0,80.0,52.0,71.0,2659,192.23,52778498609313
5149.0,1,100.00,69.0,84.0,82.0,52.0,70.0,2607,192.83,26591587861511
5149.0,2,,71.0,84.0,84.0,53.0,72.0,3008,193.69,25199352376953
5149.0,3,,71.0,82.0,82.0,53.0,71.0,3114,190.51,25458514969177
5154.0,0,,70.0,82.0,80.0,52.0,71.0,2609,189.39,52779576241271
5155.0,1,,69.0,84.0,84.0,52.0,70.0,2536,187.18,26592651069702
5155.0,2,100.00,71.0,86.0,86.0,53.0,72.0,3012,185.53,25200404326965
5155.0,3,,74.0,80.0,80.0,53.0,71.0,3096,185.96,25459571218872
5160.0,0,,70.0,80.0,80.0,52.0,71.0,2693,195.87,52780688792663
5160.0,1,,71.0,80.0,80.0,52.0,70.0,2493,193.90,26593752418518
5160.0,2,,72.0,82.0,82.0,54.0,72.0,2862,190.67,25201489266174
5161.0,3,99.99,71.0,80.0,80.0,53.0,71.0,3051,191.99,25460661722351
5166.0,0,,70.0,80.0,80.0,52.0,71.0,2799,192.26,52781780825866
5166.0,1,,69.0,84.0,84.0,52.0,70.0,2586,189.23,26594829160888
5166.0,2,,71.0,86.0,86.0,54.0,72.0,3028,189.32,25202564600952
5166.0,3,,71.0,82.0,82.0,53.0,71.0,3080,187.12,25461726445495
5171.0,0,100.00,71.0,78.0,78.0,52.0,71.0,2627,194.44,52782887211547
5172.0,1,,69.0,84.0,84.0,52.0,70.0,2500,187.04,26595893413024
5172.0,2,100.00,71.0,86.0,86.0,53.0,72.0,3005,187.05,25203628911987
5172.0,3,,73.0,82.0,82.0,53.0,71.0,3082,187.32,25462792299194
5177.0,0,,69.0,82.0,80.0,52.0,71.0,2756,192.03,52783977917846
5177.0,1,,70.0,84.0,84.0,52.0,70.0,2524,193.83,26596994358032
5177.0,2,100.00,73.0,82.0,82.0,54.0,73.0,2895,190.24,25204709472290
5178.0,3,,74.0,80.0,80.0,54.0,71.0,3095,191.29,25463878848083
5183.0,0,,69.0,82.0,82.0,52.0,71.0,2746,191.94,52785070038574
5183.0,1,100.00,69.0,84.0,84.0,52.0,70.0,2545,190.05,26598073853149
5183.0,2,,71.0,86.0,86.0,53.0,72.0,3051,187.20,25205774633972
5183.0,3,,71.0,82.0,82.0,53.0,71.0,3082,186.40,25464937588562
5189.0,0,,70.0,80.0,80.0,52.0,71.0,2701,195.74,52786181851501
5189.0,1,,71.0,82.0,82.0,52.0,70.0,2501,188.70,26599147549560
5189.0,2,,71.0,86.0,86.0,53.0,72.0,3038,186.77,25206837331970
5189.0,3,,71.0,82.0,82.0,53.0,71.0,3081,190.07,25466019105285
5194.0,0,99.99,69.0,80.0,80.0,52.0,71.0,2702,192.47,52787277009643
5194.0,1,,69.0,82.0,80.0,52.0,70.0,2577,195.88,26600260149353
5195.0,2,,71.0,82.0,82.0,53.0,72.0,2949,194.09,25207937796691
5195.0,3,,71.0,80.0,80.0,53.0,72.0,3086,190.78,25467102743652
5200.0,0,100.00,70.0,82.0,82.0,52.0,71.0,2599,190.67,52788360013610
5200.0,1,100.00,69.0,84.0,84.0,52.0,70.0,2609,187.12,26601322990905
5200.0,2,100.00,71.0,86.0,86.0,53.0,72.0,3050,183.21,25208980274780
5200.0,3,,71.0,82.0,82.0,53.0,71.0,3090,183.96,25468149494873
5206.0,0,18.73,66.0,82.0,82.0,50.0,68.0,2502,151.30,52789219386840
5206.0,1,,69.0,84.0,84.0,52.0,69.0,2493,185.07,26602374201354
5206.0,2,,69.0,86.0,86.0,52.0,71.0,2846,185.37,25210031301086
5206.0,3,60.40,67.0,84.0,84.0,51.0,68.0,2912,152.20,25469012479370
5211.0,0,0.00,65.0,82.0,82.0,49.0,66.0,2135,59.65,52789559989074
5211.0,1,0.00,65.0,86.0,86.0,49.0,66.0,2429,96.91,26602927541381
5212.0,2,0.00,66.0,86.0,86.0,50.0,67.0,2681,58.22,25210363734741
5212.0,3,0.00,66.0,84.0,84.0,49.0,67.0,2408,59.01,25469348841369
5217.0,0,0.00,64.0,82.0,82.0,48.0,65.0,1697,58.65,52789893680541
5217.0,1,0.00,64.0,86.0,86.0,48.0,65.0,1825,59.19,26603264307922
5217.0,2,0.00,65.0,86.0,86.0,49.0,66.0,2101,57.19,25210689164245
5217.0,3,0.00,64.0,84.0,84.0,49.0,66.0,1986,57.60,25469676575561
5223.0,0,0.00,63.0,82.0,82.0,48.0,65.0,1525,58.57,52790225785583
5223.0,1,0.00,63.0,86.0,86.0,48.0,64.0,1524,59.04,26603599065185
5223.0,2,73.68,67.0,80.0,80.0,51.0,69.0,1743,97.24,25211241494140
5223.0,3,0.00,64.0,84.0,84.0,48.0,65.0,1606,57.50,25470003165954
5228.0,0,0.00,63.0,82.0,82.0,48.0,65.0,1479,58.56,52790558418212
5228.0,1,0.00,62.0,86.0,86.0,47.0,63.0,1511,58.78,26603932922973
5229.0,2,100.00,69.0,82.0,84.0,52.0,70.0,1924,176.95,25212246563476
5229.0,3,0.00,64.0,84.0,84.0,48.0,65.0,1543,57.45,25470329455871
5234.0,0,98.58,68.0,70.0,70.0,50.0,68.0,1524,118.87,52791232398925
5234.0,1,98.67,68.0,74.0,74.0,50.0,67.0,1503,123.21,26604631526245
5234.0,2,98.50,72.0,80.0,80.0,53.0,72.0,2318,189.76,25213320624389
5234.0,3,98.61,71.0,72.0,72.0,52.0,69.0,1588,130.76,25471069575988
5240.0,0,,69.0,74.0,74.0,52.0,70.0,1860,197.76,52792355687316
5240.0,1,,68.0,78.0,78.0,51.0,69.0,1816,197.59,26605753859680
5240.0,2,,71.0,84.0,84.0,53.0,72.0,2880,196.62,25214439387695
5240.0,3,,71.0,78.0,78.0,52.0,71.0,2203,196.43,25472189249816
5245.0,0,,70.0,76.0,76.0,52.0,71.0,2235,198.93,52793487601074
5246.0,1,100.00,69.0,80.0,80.0,52.0,69.0,2140,197.39,26606878975891
5246.0,2,99.99,71.0,84.0,84.0,53.0,72.0,2960,195.56,25215554103271
5246.0,3,,72.0,80.0,80.0,53.0,71.0,2728,196.34,25473306436462
5251.0,0,,71.0,74.0,74.0,53.0,71.0,2445,201.07,52794631660949
5251.0,1,,69.0,80.0,80.0,52.0,70.0,2320,199.24,26608012677185
5251.0,2,100.00,71.0,82.0,82.0,53.0,72.0,2870,198.52,25216683675231
5252.0,3,100.00,73.0,76.0,76.0,53.0,71.0,2997,198.60,25474436462280
5257.0,0,,72.0,74.0,74.0,53.0,71.0,2757,199.70,52795767955566
5257.0,1,,71.0,78.0,78.0,52.0,70.0,2620,200.78,26609153085510
5257.0,2,,71.0,82.0,82.0,54.0,72.0,3107,200.07,25217818047973
5257.0,3,,74.0,76.0,76.0,53.0,71.0,3257,199.98,25475572325073
5262.0,0,,70.0,80.0,78.0,52.0,71.0,2843,198.86,52796895512390
5263.0,1,,69.0,82.0,82.0,52.0,70.0,2692,197.99,26610277693664
5263.0,2,,71.0,86.0,84.0,53.0,72.0,3177,195.32,25218929442199
5263.0,3,99.99,72.0,80.0,80.0,53.0,72.0,3302,196.24,25476688929199
5268.0,0,,71.0,76.0,76.0,52.0,71.0,2805,201.05,52798041490722
5268.0,1,,70.0,82.0,82.0,52.0,70.0,2500,198.63,26611407901611
5268.0,2,,71.0,84.0,84.0,53.0,72.0,3100,197.70,25220054335327
5269.0,3,,73.0,78.0,78.0,53.0,71.0,3122,198.20,25477816678833
5274.0,0,,70.0,78.0,78.0,52.0,71.0,2806,199.02,52799171930236
5274.0,1,,71.0,78.0,78.0,52.0,70.0,2651,200.74,26612550121459
5274.0,2,,73.0,82.0,82.0,53.0,73.0,3128,199.89,25221189687438
5274.0,3,100.00,73.0,78.0,78.0,53.0,71.0,3215,199.75,25478949239074
5279.0,0,,69.0,80.0,78.0,52.0,71.0,2803,199.60,52800305651794
5280.0,1,,70.0,82.0,82.0,52.0,70.0,2780,198.53,26613675775329
5280.0,2,,70.0,86.0,84.0,53.0,72.0,3200,197.38,25222310820007
5280.0,3,,71.0,82.0,82.0,53.0,71.0,3356,197.68,25480074036132
5285.0,0,,70.0,78.0,78.0,52.0,71.0,2796,201.18,52801448354614
5285.0,1,,70.0,84.0,84.0,52.0,70.0,2521,198.39,26614804591430
5285.0,2,,72.0,86.0,86.0,54.0,72.0,3116,196.46,25223426707214
5286.0,3,,71.0,82.0,82.0,53.0,71.0,3157,196.91,25481192457397
5291.0,0,99.99,70.0,80.0,80.0,52.0,71.0,2811,199.05,52802578967346
5291.0,1,,70.0,80.0,80.0,52.0,70.0,2516,201.17,26615947248901
5291.0,2,,73.0,82.0,82.0,54.0,73.0,3085,200.59,25224566064758
5291.0,3,,71.0,82.0,82.0,53.0,71.0,3108,198.71,25482321149963
5297.0,0,,69.0,78.0,78.0,52.0,71.0,2799,199.93,52803716545837
5297.0,1,100.00,69.0,82.0,82.0,52.0,70.0,2768,198.34,26617073844604
5297.0,2,100.00,71.0,84.0,84.0,53.0,73.0,3129,198.60,25225694094970
5297.0,3,99.99,73.0,78.0,78.0,53.0,71.0,3331,201.14,25483459611938
5302.0,0,,70.0,80.0,80.0,53.0,71.0,2800,199.83,52804845594787
5302.0,1,,69.0,84.0,84.0,52.0,70.0,2661,198.89,26618199573730
5303.0,2,,71.0,86.0,86.0,53.0,72.0,3156,195.73,25226803896179
5303.0,3,,72.0,82.0,82.0,53.0,71.0,3269,196.34,25484574826538
5308.0,0,100.00,70.0,78.0,78.0,53.0,71.0,2806,201.06,52805989638244
5308.0,1,,71.0,80.0,80.0,52.0,71.0,2491,200.11,26619338213684
5308.0,2,,71.0,84.0,84.0,53.0,72.0,3095,198.82,25227933207824
5308.0,3,,73.0,80.0,80.0,53.0,71.0,3118,198.66,25485703194274
5314.0,0,,70.0,80.0,80.0,53.0,71.0,2802,198.68,52807118113525
5314.0,1,,69.0,82.0,80.0,52.0,70.0,2739,199.55,26620469682312
5314.0,2,,72.0,82.0,82.0,54.0,73.0,3089,200.52,25229070148864
5314.0,3,,71.0,80.0,80.0,53.0,71.0,3301,199.67,25486835337646
5319.0,0,,69.0,80.0,80.0,53.0,71.0,2799,200.00,52808254109375
5319.0,1,,70.0,84.0,84.0,52.0,70.0,2785,198.83,26621601022888
5320.0,2,,72.0,86.0,86.0,53.0,72.0,3183,196.10,25230185947265
5320.0,3,,71.0,82.0,82.0,53.0,71.0,3339,197.37,25487960338562
5325.0,0,,71.0,78.0,78.0,53.0,71.0,2806,201.28,52809399382019
5325.0,1,,71.0,80.0,80.0,52.0,70.0,2491,200.23,26622738313781
5325.0,2,,71.0,86.0,86.0,53.0,72.0,3095,197.44,25231309404907
5325.0,3,,73.0,80.0,80.0,53.0,71.0,3149,198.09,25489085483276
5331.0,0,,72.0,78.0,78.0,53.0,71.0,2800,199.68,52810533550109
5331.0,1,,71.0,80.0,80.0,52.0,71.0,2686,199.74,26623872862670
5331.0,2,,73.0,82.0,82.0,54.0,73.0,3130,200.32,25232445193725
5331.0,3,,71.0,80.0,80.0,53.0,72.0,3215,199.22,25490215062377
5336.0,0,100.00,70.0,80.0,80.0,53.0,71.0,2802,199.48,52811664590087
5336.0,1,,70.0,84.0,84.0,52.0,70.0,2798,198.65,26625001207580
5337.0,2,,71.0,86.0,84.0,54.0,72.0,3156,197.09,25233564651123
5337.0,3,,71.0,82.0,82.0,53.0,71.0,3365,198.57,25491344935546
5342.0,0,,73.0,80.0,80.0,53.0,71.0,2805,199.97,52812802415527
5342.0,1,,71.0,82.0,84.0,52.0,70.0,2575,199.34,26626133460937
5342.0,2,,73.0,84.0,84.0,54.0,73.0,3092,197.78,25234690032836
5342.0,3,,74.0,82.0,82.0,54.0,71.0,3199,197.26,25492467330505
5348.0,0,,72.0,76.0,76.0,53.0,71.0,2808,200.98,52813943989624
5348.0,1,,71.0,80.0,80.0,52.0,71.0,2597,200.56,26627274638488
5348.0,2,,71.0,84.0,84.0,54.0,72.0,3094,198.61,25235818121826
5348.0,3,,74.0,80.0,80.0,53.0,71.0,3103,198.89,25493597019470
5353.0,0,,70.0,80.0,80.0,52.0,71.0,2883,198.30,52815072336303
5353.0,1,,72.0,82.0,82.0,52.0,70.0,2786,198.61,26628404747619
5354.0,2,,71.0,86.0,86.0,54.0,72.0,3137,197.25,25236940450988
5354.0,3,,71.0,82.0,80.0,53.0,71.0,3296,199.28,25494728901489
5359.0,0,,70.0,80.0,80.0,53.0,72.0,2808,200.04,52816208576843
5359.0,1,,69.0,84.0,84.0,52.0,70.0,2692,199.27,26629536617065
5359.0,2,100.00,72.0,86.0,86.0,54.0,72.0,3133,198.15,25238065948913
5359.0,3,,71.0,82.0,82.0,53.0,71.0,3323,197.06,25495850151611
5365.0,0,,70.0,80.0,80.0,52.0,71.0,2815,200.17,52817347558410
5365.0,1,,71.0,80.0,82.0,52.0,70.0,2498,200.69,26630678558166
5365.0,2,,71.0,84.0,84.0,54.0,72.0,3111,198.26,25239196024291
5365.0,3,,74.0,80.0,80.0,53.0,71.0,3123,198.54,25496979851440
5370.0,0,,70.0,78.0,80.0,52.0,71.0,2799,200.70,52818487514709
5371.0,1,,71.0,80.0,80.0,52.0,70.0,2727,199.85,26631813699584
5371.0,2,,71.0,86.0,86.0,54.0,72.0,3128,198.03,25240318876098
5371.0,3,100.00,71.0,80.0,80.0,53.0,71.0,3244,199.53,25498113182006
5376.0,0,,70.0,80.0,80.0,52.0,71.0,2810,199.26,52819619325256
5376.0,1,,69.0,84.0,84.0,52.0,70.0,2766,198.37,26632940413024
5376.0,2,100.00,71.0,86.0,86.0,53.0,72.0,3092,197.41,25241442116699
5377.0,3,100.00,71.0,82.0,82.0,53.0,71.0,3344,197.76,25499236483886
5382.0,0,,70.0,82.0,82.0,53.0,71.0,2805,197.13,52820740999938
5382.0,1,,69.0,84.0,84.0,52.0,70.0,2520,196.19,26634056762268
5382.0,2,,71.0,86.0,86.0,53.0,72.0,3089,188.61,25242515302673
5382.0,3,,72.0,84.0,82.0,53.0,71.0,3141,195.86,25500352888793
5387.0,0,0.00,66.0,82.0,82.0,50.0,68.0,2627,139.01,52821533376953
5388.0,1,0.14,65.0,84.0,84.0,50.0,67.0,2461,143.97,26634875973815
5388.0,2,24.23,67.0,88.0,88.0,51.0,69.0,2926,143.85,25243332372192
5388.0,3,34.36,67.0,84.0,84.0,51.0,68.0,3071,146.94,25501188959777
5393.0,0,0.00,64.0,82.0,82.0,49.0,67.0,2120,59.56,52821872274353
5393.0,1,0.00,64.0,84.0,84.0,48.0,65.0,2070,59.65,26635214767456
5393.0,2,0.00,65.0,88.0,88.0,50.0,67.0,2326,57.57,25243659394470
5394.0,3,0.00,65.0,84.0,84.0,49.0,67.0,2404,58.77,25501521600463
5399.0,0,0.00,64.0,82.0,82.0,48.0,65.0,1567,58.76,52822204835327
5399.0,1,0.00,63.0,84.0,84.0,48.0,64.0,1555,59.26,26635550793518
5399.0,2,0.00,65.0,88.0,88.0,49.0,66.0,1830,57.19,25243983655334
5399.0,3,0.00,64.0,84.0,84.0,49.0,66.0,1905,57.64,25501848392639
5404.0,0,0.00,63.0,82.0,82.0,48.0,65.0,1503,58.68,52822537546081
5405.0,1,100.00,67.0,80.0,80.0,50.0,68.0,1555,164.73,26636486472045
5405.0,2,0.00,64.0,88.0,88.0,49.0,66.0,1596,56.82,25244306373046
5405.0,3,0.00,64.0,84.0,84.0,48.0,66.0,1523,57.55,25502175284545
5410.0,0,0.00,62.0,82.0,82.0,48.0,65.0,1523,58.50,52822869810729
5410.0,1,,71.0,80.0,80.0,52.0,70.0,1865,181.07,26637513121826
5410.0,2,0.00,69.0,74.0,74.0,51.0,68.0,1553,64.53,25244670946105
5411.0,3,0.00,69.0,70.0,70.0,51.0,68.0,1547,69.45,25502566268554
5416.0,0,,70.0,70.0,72.0,51.0,69.0,1645,201.08,52823999860290
5416.0,1,,71.0,78.0,78.0,52.0,70.0,2239,201.09,26638643250000
5416.0,2,,70.0,76.0,76.0,52.0,71.0,1805,200.53,25245803931030
5416.0,3,,70.0,74.0,74.0,52.0,70.0,1872,199.29,25503696219726
5421.0,0,99.99,69.0,76.0,76.0,52.0,71.0,2157,197.19,52825119903137
5422.0,1,,70.0,82.0,82.0,52.0,70.0,2598,197.39,26639764399047
5422.0,2,100.00,71.0,82.0,82.0,53.0,72.0,2386,194.64,25246909487060
5422.0,3,,71.0,78.0,78.0,53.0,71.0,2586,195.68,25504809625854
5427.0,0,100.00,69.0,78.0,78.0,52.0,71.0,2385,199.42,52826252607727
5427.0,1,,69.0,82.0,82.0,52.0,70.0,2502,198.17,26640891958557
5427.0,2,,71.0,82.0,84.0,54.0,72.0,2756,196.02,25248022903381
5428.0,3,,73.0,76.0,76.0,53.0,71.0,2852,197.80,25505933152770
5433.0,0,,72.0,74.0,74.0,53.0,71.0,2611,201.04,52827394511718
5433.0,1,,70.0,82.0,82.0,52.0,70.0,2706,200.41,26642028271179
5433.0,2,,73.0,80.0,80.0,54.0,73.0,3035,200.72,25249162977355
5433.0,3,,74.0,78.0,78.0,53.0,71.0,3192,199.32,25507063325134
5438.0,0,,70.0,78.0,78.0,52.0,71.0,2947,198.56,52828522304321
5439.0,1,,69.0,82.0,82.0,52.0,70.0,2800,199.52,26643161549438
5439.0,2,99.99,71.0,84.0,84.0,53.0,72.0,3316,197.63,25250285537170
5439.0,3,,71.0,80.0,80.0,53.0,71.0,3360,198.77,25508192337341
5444.0,0,,70.0,80.0,80.0,52.0,71.0,2829,199.71,52829658653686
5444.0,1,,69.0,84.0,84.0,52.0,70.0,2616,198.58,26644291457824
5444.0,2,,71.0,84.0,84.0,53.0,72.0,3144,195.55,25251398220092
5445.0,3,,71.0,82.0,82.0,53.0,71.0,3186,196.80,25509312149291
5450.0,0,,72.0,78.0,78.0,53.0,71.0,2652,200.39,52830796884277
5450.0,1,,69.0,82.0,80.0,52.0,70.0,2568,200.22,26645428695251
5450.0,2,100.00,71.0,82.0,80.0,53.0,72.0,3098,200.26,25252533711364
5450.0,3,,73.0,78.0,78.0,53.0,71.0,3119,200.08,25510448611328
5456.0,0,,70.0,78.0,78.0,53.0,71.0,2779,199.43,52831929631042
5456.0,1,,69.0,82.0,82.0,52.0,70.0,2779,199.76,26646563350158
5456.0,2,,71.0,82.0,80.0,53.0,72.0,3087,199.13,25253664763061
5456.0,3,,73.0,78.0,78.0,53.0,71.0,3340,199.23,25511580214782
5461.0,0,,70.0,80.0,80.0,52.0,71.0,2800,199.80,52833064480468
5461.0,1,100.00,69.0,84.0,84.0,52.0,70.0,2673,198.48,26647690718078
5462.0,2,,71.0,84.0,84.0,53.0,72.0,3093,194.83,25254773367675
5462.0,3,,72.0,82.0,82.0,53.0,71.0,3273,196.39,25512695703430
5467.0,0,,70.0,80.0,80.0,52.0,71.0,2806,200.39,52834202710937
5467.0,1,,69.0,82.0,82.0,52.0,70.0,2493,199.76,26648825350402
5467.0,2,,72.0,82.0,82.0,53.0,72.0,3082,198.86,25255902869995
5467.0,3,,74.0,80.0,80.0,53.0,71.0,3133,198.57,25513825549377
5473.0,0,,70.0,78.0,78.0,53.0,71.0,2800,199.96,52835338493164
5473.0,1,,70.0,80.0,80.0,52.0,70.0,2744,200.37,26649965429321
5473.0,2,,71.0,84.0,84.0,54.0,72.0,3092,197.63,25257027372314
5473.0,3,,73.0,80.0,80.0,53.0,71.0,3324,199.10,25514956414306
5478.0,0,,70.0,80.0,80.0,52.0,71.0,2891,199.68,52836474697326
5478.0,1,100.00,70.0,84.0,84.0,52.0,70.0,2808,198.44,26651092578125
5479.0,2,,71.0,86.0,84.0,54.0,72.0,3178,197.71,25258150368225
5479.0,3,100.00,71.0,82.0,82.0,53.0,71.0,3347,198.22,25516084280578
5484.0,0,,70.0,82.0,80.0,52.0,71.0,2808,200.17,52837611648986
5484.0,1,100.00,72.0,82.0,84.0,52.0,71.0,2533,199.03,26652225064270
5484.0,2,,73.0,82.0,82.0,54.0,72.0,3104,197.92,25259276535888
5484.0,3,,72.0,82.0,82.0,53.0,71.0,3137,197.60,25517206639038
5490.0,0,,70.0,78.0,78.0,52.0,71.0,2798,200.74,52838753868225
5490.0,1,,69.0,82.0,82.0,52.0,70.0,2639,199.64,26653361028320
5490.0,2,,74.0,84.0,86.0,54.0,72.0,3092,197.45,25260398078430
5490.0,3,,71.0,82.0,82.0,53.0,72.0,3177,199.59,25518340313842
5495.0,0,,70.0,80.0,80.0,53.0,71.0,2850,199.09,52839884673217
5495.0,1,100.00,70.0,82.0,82.0,52.0,70.0,2788,199.47,26654493989624
5496.0,2,,73.0,84.0,82.0,54.0,73.0,3124,199.58,25261533667358
5496.0,3,,72.0,82.0,82.0,53.0,72.0,3354,199.11,25519473234191
5501.0,0,,70.0,80.0,80.0,53.0,71.0,2806,199.91,52841022161499
5501.0,1,,70.0,84.0,84.0,52.0,70.0,2576,198.87,26655623544433
5501.0,2,,72.0,86.0,86.0,53.0,72.0,3097,196.75,25262649265258
5501.0,3,,71.0,82.0,82.0,53.0,71.0,3193,197.34,25520594132446
5507.0,0,100.00,71.0,76.0,78.0,52.0,71.0,2803,201.14,52842164634155
5507.0,1,,71.0,80.0,80.0,52.0,71.0,2559,200.69,26656763460144
5507.0,2,100.00,73.0,82.0,82.0,54.0,73.0,3086,200.06,25263785594970
5507.0,3,,72.0,80.0,78.0,53.0,72.0,3192,199.95,25521729861633
5512.0,0,,70.0,80.0,80.0,52.0,71.0,2802,199.14,52843293772216
5513.0,1,,69.0,82.0,82.0,52.0,70.0,2779,198.56,26657891305297
5513.0,2,,72.0,84.0,84.0,54.0,72.0,3117,197.99,25264910206115
5513.0,3,,72.0,82.0,82.0,53.0,72.0,3307,198.59,25522855894348
5518.0,0,,70.0,80.0,80.0,53.0,71.0,2799,199.69,52844428022155
5518.0,1,,69.0,84.0,84.0,52.0,70.0,2683,199.03,26659021797607
5518.0,2,100.00,71.0,86.0,86.0,54.0,72.0,3168,196.99,25266029104675
5519.0,3,,71.0,82.0,82.0,53.0,71.0,3272,198.21,25523983710754
5524.0,0,,70.0,80.0,80.0,52.0,71.0,2797,200.39,52845568247131
5524.0,1,,70.0,84.0,84.0,52.0,70.0,2565,198.98,26660153985656
5524.0,2,100.00,73.0,82.0,82.0,54.0,72.0,3093,198.13,25267156472473
5524.0,3,,72.0,82.0,82.0,53.0,72.0,3221,198.41,25525110680297
5529.0,0,,71.0,80.0,80.0,53.0,71.0,2831,199.59,52846701931640
5530.0,1,,71.0,80.0,80.0,52.0,71.0,2727,201.03,26661293845825
5530.0,2,,73.0,84.0,84.0,54.0,73.0,3086,198.30,25268282838256
5530.0,3,100.00,74.0,80.0,78.0,53.0,71.0,3226,199.89,25526246032043
5535.0,0,,71.0,80.0,80.0,53.0,71.0,2823,199.61,52847835694580
5535.0,1,,69.0,84.0,84.0,52.0,70.0,2790,198.36,26662420532409
5535.0,2,,71.0,86.0,84.0,54.0,72.0,3181,198.19,25269408578735
5536.0,3,,71.0,80.0,80.0,53.0,71.0,3316,198.42,25527373033142
5541.0,0,,72.0,78.0,78.0,53.0,71.0,2800,201.39,52848979564392
5541.0,1,100.00,70.0,84.0,84.0,52.0,70.0,2493,198.93,26663550440979
5541.0,2,,71.0,86.0,86.0,54.0,72.0,3104,197.01,25270527606933
5541.0,3,,72.0,82.0,82.0,53.0,72.0,3295,198.10,25528498263793
5546.0,0,,69.0,80.0,80.0,52.0,71.0,2797,199.27,52850111445739
5547.0,1,,71.0,80.0,80.0,52.0,71.0,2639,200.80,26664692966552
5547.0,2,,71.0,84.0,84.0,54.0,72.0,3092,198.80,25271656769653
5547.0,3,,74.0,80.0,82.0,54.0,72.0,3209,198.08,25529625335388
5552.0,0,,70.0,80.0,80.0,53.0,71.0,2816,199.62,52851247272888
5552.0,1,,69.0,84.0,84.0,52.0,70.0,2786,198.82,26665822288146
5552.0,2,,73.0,82.0,82.0,54.0,73.0,3114,200.05,25272795069946
5553.0,3,,72.0,82.0,82.0,53.0,72.0,3292,199.41,25530757959472
5558.0,0,,70.0,82.0,80.0,53.0,71.0,2839,199.91,52852382755126
5558.0,1,,69.0,84.0,84.0,52.0,70.0,2587,198.40,26666951191955
5558.0,2,,71.0,86.0,86.0,53.0,72.0,3208,196.44,25273910841247
5558.0,3,,71.0,82.0,82.0,53.0,71.0,3240,193.38,25531858290954
5563.0,0,100.00,69.0,82.0,82.0,52.0,71.0,2799,193.16,52853477975036
5564.0,1,56.23,66.0,84.0,84.0,50.0,67.0,2501,168.62,26667902189758
5564.0,2,,71.0,86.0,86.0,53.0,72.0,3100,189.53,25274975991882
5564.0,3,,70.0,84.0,84.0,53.0,71.0,3082,185.66,25532898009216
5569.0,0,0.00,65.0,82.0,82.0,49.0,67.0,2460,74.11,52853893753417
5569.0,1,0.00,64.0,84.0,84.0,48.0,65.0,2261,59.97,26668239838562
5569.0,2,0.00,67.0,86.0,86.0,50.0,68.0,2817,104.97,25275568027160
5570.0,3,0.00,66.0,84.0,84.0,50.0,67.0,2807,62.93,25533254217895
5575.0,0,0.00,63.0,82.0,82.0,48.0,65.0,1959,59.42,52854230075561
5575.0,1,0.00,63.0,84.0,84.0,48.0,64.0,1682,59.18,26668575387573
5575.0,2,0.00,65.0,86.0,86.0,49.0,66.0,2282,57.26,25275893284729
5575.0,3,0.00,64.0,84.0,84.0,49.0,66.0,2119,57.82,25533583196960
5580.0,0,0.00,63.0,82.0,82.0,48.0,65.0,1509,58.30,52854561822082
5581.0,1,0.00,62.0,84.0,84.0,47.0,64.0,1499,58.90,26668910528381
5581.0,2,44.68,67.0,80.0,80.0,51.0,69.0,1732,86.72,25276386710510
5581.0,3,0.00,64.0,84.0,84.0,48.0,65.0,1546,57.40,25533908676513
5586.0,0,0.00,63.0,82.0,82.0,48.0,64.0,1513,58.34,52854893216430
5586.0,1,0.00,62.0,84.0,84.0,47.0,63.0,1493,58.60,26669242796203
5586.0,2,100.00,69.0,84.0,84.0,52.0,70.0,1863,176.87,25277389575134
5587.0,3,0.00,64.0,84.0,84.0,48.0,65.0,1545,57.44,25534234335937
5592.0,0,93.63,67.0,70.0,70.0,50.0,68.0,1515,103.69,52855481132446
5592.0,1,93.16,67.0,72.0,72.0,49.0,66.0,1492,107.70,26669853468444
5592.0,2,96.92,72.0,80.0,80.0,53.0,72.0,2211,187.48,25278452584472
5592.0,3,93.13,70.0,72.0,72.0,51.0,69.0,1556,115.17,25534887357360
5597.0,0,,68.0,74.0,74.0,51.0,69.0,1777,198.02,52856603878417
5598.0,1,,68.0,78.0,76.0,51.0,68.0,1712,197.58,26670975744140
5598.0,2,,71.0,84.0,84.0,53.0,72.0,2798,197.15,25279572392150
5598.0,3,,70.0,76.0,76.0,52.0,70.0,2141,197.02,25536008415710
5603.0,0,100.00,70.0,76.0,76.0,52.0,71.0,2163,199.08,52857736633789
5603.0,1,,69.0,80.0,80.0,51.0,69.0,2090,197.90,26672099805603
5603.0,2,,70.0,84.0,84.0,53.0,72.0,3060,195.75,25280686227844
5604.0,3,,71.0,78.0,78.0,53.0,71.0,2660,196.20,25537122815002
5609.0,0,,72.0,74.0,76.0,53.0,71.0,2418,200.24,52858874024291
5609.0,1,,71.0,78.0,78.0,52.0,70.0,2270,199.51,26673235037414
5609.0,2,100.00,70.0,82.0,80.0,53.0,72.0,2875,197.68,25281809078125
5609.0,3,,74.0,78.0,78.0,54.0,71.0,2929,198.24,25538248838317
5615.0,0,,72.0,74.0,74.0,53.0,72.0,2747,200.69,52860013919006
5615.0,1,,71.0,78.0,78.0,52.0,70.0,2546,200.10,26674371616821
5615.0,2,,71.0,82.0,82.0,54.0,72.0,3082,199.28,25282941006896
5615.0,3,,73.0,76.0,76.0,53.0,72.0,3228,200.17,25539387799194
5620.0,0,,70.0,78.0,78.0,52.0,71.0,2796,198.36,52861142566467
5620.0,1,,69.0,82.0,82.0,52.0,70.0,2744,198.17,26675497225585
5621.0,2,,71.0,86.0,84.0,53.0,72.0,3230,196.65,25284059924194
5621.0,3,99.99,71.0,80.0,80.0,53.0,71.0,3335,196.69,25540504998229
5626.0,0,100.00,70.0,78.0,78.0,52.0,71.0,2798,200.63,52862282155273
5626.0,1,,69.0,82.0,80.0,52.0,70.0,2524,199.10,26676630109497
5626.0,2,,71.0,84.0,84.0,53.0,72.0,3107,196.84,25285177973205
5626.0,3,,72.0,80.0,80.0,53.0,71.0,3139,197.38,25541626091979
5632.0,0,,70.0,78.0,78.0,52.0,71.0,2799,200.20,52863419270812
5632.0,1,,69.0,80.0,80.0,52.0,70.0,2588,199.92,26677765637634
5632.0,2,,71.0,82.0,82.0,53.0,72.0,3083,200.50,25286316832824
5632.0,3,,74.0,78.0,78.0,54.0,72.0,3169,200.53,25542765080627
5637.0,0,,70.0,78.0,78.0,52.0,71.0,2800,199.25,52864550988464
5637.0,1,,70.0,82.0,82.0,52.0,70.0,2789,199.30,26678897674499
5638.0,2,,71.0,84.0,84.0,54.0,72.0,3093,197.10,25287436385070
5638.0,3,100.00,71.0,82.0,82.0,53.0,71.0,3356,197.64,25543889632202
5643.0,0,,70.0,80.0,80.0,53.0,71.0,2807,199.80,52865687839599
5643.0,1,,70.0,84.0,82.0,52.0,70.0,2637,198.56,26680027507629
5643.0,2,99.99,71.0,86.0,86.0,54.0,72.0,3090,195.83,25288550655578
5643.0,3,,71.0,82.0,82.0,53.0,71.0,3154,196.81,25545009491088
5649.0,0,100.00,72.0,78.0,78.0,53.0,71.0,2797,200.78,52866830268005
5649.0,1,,70.0,80.0,80.0,52.0,71.0,2483,200.64,26681167130859
5649.0,2,,73.0,82.0,82.0,54.0,72.0,3088,200.14,25289687475158
5649.0,3,,73.0,78.0,78.0,53.0,71.0,3142,200.44,25546145964782
5654.0,0,100.00,70.0,80.0,80.0,52.0,71.0,2803,199.14,52867959368103
5654.0,1,,71.0,80.0,80.0,52.0,70.0,2674,199.46,26682298094543
5655.0,2,,71.0,84.0,84.0,53.0,72.0,3158,198.50,25290814935119
5655.0,3,99.99,73.0,78.0,78.0,53.0,71.0,3338,199.30,25547278000244
5660.0,0,,70.0,80.0,80.0,52.0,71.0,2809,200.08,52869095836853
5660.0,1,,70.0,82.0,82.0,52.0,70.0,2724,198.44,26683427211547
5660.0,2,,71.0,86.0,86.0,53.0,72.0,3166,195.65,25291928171081
5660.0,3,,71.0,82.0,82.0,53.0,71.0,3288,196.04,25548395453857
5666.0,0,,72.0,78.0,78.0,53.0,71.0,2804,201.33,52870241385864
5666.0,1,,70.0,84.0,84.0,52.0,70.0,2511,198.89,26684558882568
5666.0,2,100.00,72.0,82.0,82.0,54.0,72.0,3103,198.74,25293057031372
5666.0,3,100.00,74.0,82.0,82.0,53.0,71.0,3148,198.34,25549522050354
5671.0,0,,70.0,80.0,78.0,53.0,71.0,2799,198.56,52871371215026
5672.0,1,,70.0,82.0,82.0,52.0,70.0,2672,200.25,26685696316223
5672.0,2,,71.0,84.0,84.0,53.0,73.0,3125,199.25,25294190775085
5672.0,3,,73.0,78.0,78.0,53.0,72.0,3263,201.06,25550664044616
5677.0,0,,70.0,80.0,80.0,52.0,71.0,2808,199.85,52872506343383
5677.0,1,100.00,70.0,84.0,84.0,52.0,70.0,2797,199.18,26686829653808
5677.0,2,,71.0,86.0,86.0,53.0,72.0,3197,197.02,25295309858276
5678.0,3,,72.0,82.0,82.0,53.0,72.0,3291,197.16,25551785898071
5683.0,0,100.00,70.0,80.0,80.0,52.0,71.0,2795,200.60,52873647749694
5683.0,1,,70.0,84.0,84.0,52.0,70.0,2533,198.69,26687958221069
5683.0,2,,71.0,86.0,86.0,54.0,72.0,3104,196.57,25296428366943
5683.0,3,,72.0,82.0,82.0,53.0,72.0,3146,197.60,25552908287719
5688.0,0,,69.0,80.0,80.0,52.0,70.0,2799,199.38,52874780247131
5689.0,1,,70.0,80.0,80.0,52.0,71.0,2629,200.50,26689099063293
5689.0,2,,73.0,82.0,82.0,54.0,72.0,3085,200.01,25297564399963
5689.0,3,,73.0,78.0,78.0,53.0,71.0,3256,200.66,25554048056335
5694.0,0,100.00,70.0,80.0,80.0,53.0,71.0,2842,199.93,52875915869995
5694.0,1,,70.0,82.0,82.0,52.0,70.0,2789,198.99,26690229315795
5694.0,2,100.00,71.0,86.0,86.0,53.0,72.0,3219,197.62,25298686876586
5695.0,3,100.00,73.0,80.0,80.0,53.0,71.0,3337,198.65,25555176406494
5700.0,0,100.00,70.0,82.0,80.0,52.0,71.0,2821,200.06,52877052221984
5700.0,1,,69.0,84.0,84.0,52.0,70.0,2703,199.23,26691360969238
5700.0,2,100.00,71.0,86.0,86.0,53.0,72.0,3115,195.48,25299799143127
5700.0,3,99.99,71.0,82.0,82.0,53.0,71.0,3227,196.86,25556296550598
5705.0,0,,70.0,80.0,78.0,52.0,71.0,2806,200.78,52878194635864
5706.0,1,,71.0,80.0,80.0,52.0,70.0,2501,200.41,26692501277038
5706.0,2,,71.0,84.0,84.0,53.0,72.0,3093,199.04,25300929710205
5706.0,3,,72.0,82.0,82.0,53.0,72.0,3116,198.00,25557423193908
5711.0,0,,70.0,80.0,78.0,52.0,71.0,2799,199.70,52879328930236
5711.0,1,,69.0,84.0,84.0,52.0,70.0,2757,198.76,26693630243347
5711.0,2,,72.0,84.0,84.0,54.0,72.0,3116,199.26,25302061534973
5712.0,3,,71.0,80.0,80.0,53.0,71.0,3285,199.89,25558558562377
5717.0,0,,71.0,80.0,80.0,52.0,71.0,2798,199.24,52880462631896
5717.0,1,,69.0,84.0,84.0,52.0,70.0,2776,199.67,26694764383422
5717.0,2,,72.0,86.0,86.0,54.0,72.0,3113,196.74,25303180985473
5717.0,3,99.99,72.0,82.0,82.0,53.0,71.0,3365,198.04,25559685393249
5723.0,0,,70.0,80.0,80.0,52.0,71.0,2796,200.00,52881600652404
5723.0,1,,70.0,84.0,84.0,52.0,70.0,2522,198.91,26695896188476
5723.0,2,,73.0,82.0,82.0,54.0,72.0,3092,200.03,25304319158935
5723.0,3,,71.0,82.0,82.0,53.0,71.0,3178,197.58,25560807666015
5728.0,0,,72.0,76.0,78.0,53.0,71.0,2810,201.09,52882742862060
5728.0,1,100.00,69.0,82.0,82.0,52.0,70.0,2675,199.85,26697031359619
5729.0,2,,73.0,82.0,82.0,54.0,72.0,3086,198.80,25305446344604
5729.0,3,,73.0,80.0,80.0,53.0,72.0,3171,200.26,25561945136047
5734.0,0,,70.0,80.0,80.0,53.0,71.0,2894,198.71,52883871515563
5734.0,1,100.00,70.0,84.0,84.0,52.0,70.0,2799,199.31,26698163413269
5734.0,2,,71.0,86.0,86.0,54.0,72.0,3190,195.36,25306557916259
5734.0,3,,72.0,82.0,82.0,53.0,72.0,3350,198.25,25563071190673
5740.0,0,,70.0,80.0,80.0,52.0,71.0,2810,199.72,52885003904724
5740.0,1,,69.0,84.0,84.0,52.0,70.0,2503,195.55,26699274115539
5740.0,2,100.00,71.0,86.0,86.0,53.0,72.0,3096,190.93,25307642415466
5740.0,3,,72.0,82.0,82.0,53.0,72.0,3271,196.99,25564190103576
5745.0,0,44.19,66.0,82.0,82.0,50.0,68.0,2693,165.20,52885943910583
5745.0,1,34.61,66.0,84.0,84.0,50.0,67.0,2462,155.27,26700156051757
5746.0,2,0.00,67.0,86.0,86.0,51.0,68.0,2853,116.00,25308300140991
5746.0,3,,71.0,84.0,84.0,53.0,71.0,3110,187.81,25565256871582
5751.0,0,0.00,64.0,82.0,82.0,49.0,66.0,2292,60.13,52886285431274
5751.0,1,0.00,64.0,84.0,84.0,48.0,65.0,2113,59.59,26700494530822
5751.0,2,0.00,65.0,86.0,86.0,50.0,67.0,2261,57.46,25308626534179
5751.0,3,0.00,66.0,84.0,84.0,50.0,67.0,2821,75.58,25565686144897
5757.0,0,0.00,64.0,82.0,82.0,48.0,66.0,1630,58.54,52886617380676
5757.0,1,0.00,63.0,84.0,84.0,48.0,64.0,1556,59.17,26700830018005
5757.0,2,0.00,65.0,86.0,86.0,49.0,66.0,1757,56.87,25308948986755
5757.0,3,0.00,65.0,84.0,84.0,49.0,65.0,2054,57.56,25566012536621
5762.0,0,0.00,63.0,82.0,82.0,48.0,65.0,1513,58.39,52886948478393
5762.0,1,93.96,66.0,78.0,78.0,49.0,67.0,1524,102.54,26701412446899
5763.0,2,0.00,64.0,86.0,86.0,49.0,66.0,1566,56.66,25309270788146
5763.0,3,0.00,64.0,84.0,84.0,48.0,65.0,1639,57.55,25566338817749
5768.0,0,0.00,63.0,82.0,82.0,48.0,64.0,1523,58.47,52887280600463
5768.0,1,,68.0,80.0,80.0,51.0,68.0,1671,181.63,26702442302490
5768.0,2,0.00,64.0,86.0,86.0,48.0,66.0,1543,56.76,25309593172180
5768.0,3,0.00,64.0,84.0,84.0,48.0,65.0,1544,57.38,25566664714294
5774.0,0,,68.0,70.0,70.0,50.0,68.0,1500,128.69,52888011584594
5774.0,1,,71.0,78.0,78.0,52.0,70.0,1976,191.28,26703528779968
5774.0,2,,70.0,74.0,76.0,52.0,70.0,1554,137.24,25310371335144
5774.0,3,,71.0,72.0,72.0,51.0,69.0,1628,140.64,25567463557189
5779.0,0,100.00,69.0,74.0,74.0,52.0,70.0,1882,197.86,52889133456665
5779.0,1,,69.0,82.0,82.0,52.0,70.0,2368,197.78,26704652172851
5780.0,2,,70.0,80.0,80.0,53.0,71.0,2112,195.89,25311485960266
5780.0,3,,71.0,78.0,78.0,52.0,71.0,2238,196.48,25568579574157
5785.0,0,,70.0,76.0,76.0,52.0,70.0,2239,198.75,52890264358825
5785.0,1,,70.0,82.0,82.0,52.0,70.0,2471,198.59,26705780141052
5785.0,2,,71.0,82.0,82.0,53.0,72.0,2534,195.97,25312599097656
5785.0,3,,71.0,80.0,80.0,53.0,71.0,2714,196.18,25569693898742
5791.0,0,,72.0,74.0,74.0,53.0,71.0,2439,200.80,52891404910644
5791.0,1,,70.0,80.0,80.0,52.0,71.0,2589,200.08,26706916610412
5791.0,2,,72.0,82.0,82.0,54.0,72.0,2854,198.31,25313725475646
5791.0,3,100.00,71.0,78.0,78.0,53.0,71.0,2939,198.67,25570822372070
5796.0,0,,72.0,74.0,74.0,53.0,71.0,2759,199.75,52892539474853
5796.0,1,,71.0,78.0,80.0,52.0,71.0,2780,200.34,26708054555603
5797.0,2,,71.0,82.0,82.0,54.0,72.0,3128,199.74,25314860000854
5797.0,3,,71.0,78.0,78.0,53.0,72.0,3307,200.27,25571959891174
5802.0,0,,70.0,78.0,78.0,52.0,71.0,2917,198.70,52893668102905
5802.0,1,100.00,69.0,82.0,82.0,52.0,70.0,2799,198.07,26709179611267
5802.0,2,99.99,71.0,84.0,84.0,53.0,72.0,3167,195.98,25315973149475
5802.0,3,99.99,71.0,80.0,80.0,53.0,71.0,3283,196.72,25573077257812
5808.0,0,,71.0,76.0,76.0,52.0,71.0,2765,201.47,52894812468688
5808.0,1,,69.0,82.0,82.0,52.0,70.0,2512,198.93,26710311540466
5808.0,2,,73.0,82.0,82.0,54.0,72.0,3102,198.24,25317101160278
5808.0,3,,74.0,80.0,80.0,53.0,72.0,3116,198.32,25574205678833
5813.0,0,,70.0,76.0,76.0,52.0,70.0,2787,199.63,52895948347961
5814.0,1,,71.0,80.0,80.0,52.0,70.0,2755,201.10,26711453767150
5814.0,2,,72.0,82.0,82.0,53.0,72.0,3086,199.54,25318234547241
5814.0,3,,73.0,78.0,78.0,53.0,71.0,3242,199.41,25575338324401
5819.0,0,,70.0,80.0,80.0,52.0,71.0,2800,198.84,52897077749511
5819.0,1,,69.0,82.0,82.0,52.0,70.0,2802,198.25,26712579799804
5819.0,2,100.00,71.0,84.0,84.0,53.0,72.0,3136,196.65,25319351543090
5820.0,3,,71.0,82.0,82.0,53.0,71.0,3346,197.47,25576459938781
5825.0,0,,72.0,78.0,78.0,53.0,71.0,2809,200.73,52898217873413
5825.0,1,,69.0,84.0,84.0,52.0,70.0,2533,198.46,26713709024291
5825.0,2,,71.0,86.0,86.0,54.0,72.0,3094,195.84,25320463915588
5825.0,3,,72.0,82.0,82.0,53.0,71.0,3148,196.72,25577577329040
5830.0,0,,71.0,76.0,76.0,53.0,71.0,2800,200.58,52899357178466
5831.0,1,,70.0,82.0,82.0,52.0,70.0,2590,200.35,26714845028015
5831.0,2,,71.0,84.0,82.0,53.0,72.0,3087,199.99,25321599833190
5831.0,3,99.99,71.0,80.0,80.0,53.0,72.0,3215,200.34,25578715283020
5836.0,0,,70.0,78.0,80.0,53.0,71.0,2798,198.78,52900486272155
5836.0,1,,69.0,82.0,82.0,52.0,70.0,2785,199.60,26715980743774
5836.0,2,,71.0,84.0,84.0,54.0,72.0,3143,198.30,25322728179321
5837.0,3,100.00,71.0,80.0,80.0,53.0,71.0,3362,198.56,25579845110656
5842.0,0,,70.0,80.0,80.0,53.0,71.0,2806,199.77,52901622947265
5842.0,1,,69.0,84.0,84.0,52.0,70.0,2640,198.63,26717108958312
5842.0,2,,71.0,86.0,86.0,53.0,72.0,3137,195.94,25323841121887
5842.0,3,100.00,71.0,82.0,82.0,53.0,71.0,3211,197.03,25580964261413
5847.0,0,,71.0,78.0,76.0,52.0,71.0,2809,201.51,52902767517089
5848.0,1,,71.0,80.0,80.0,52.0,71.0,2544,200.56,26718250126403
5848.0,2,,70.0,86.0,86.0,54.0,72.0,3093,198.07,25324966138610
5848.0,3,,73.0,80.0,80.0,53.0,71.0,3106,199.24,25582097922912
5853.0,0,,70.0,80.0,80.0,52.0,71.0,2874,198.51,52903895073059
5853.0,1,,69.0,80.0,80.0,51.0,70.0,2770,199.43,26719382863525
5853.0,2,100.00,72.0,82.0,82.0,54.0,73.0,3087,200.52,25326105114624
5854.0,3,,71.0,80.0,80.0,53.0,71.0,3286,199.59,25583229600646
5859.0,0,99.99,70.0,80.0,80.0,52.0,71.0,2830,200.02,52905031180358
5859.0,1,,69.0,84.0,84.0,52.0,70.0,2765,198.45,26720510070678
5859.0,2,,71.0,86.0,86.0,54.0,72.0,3142,196.75,25327224623291
5859.0,3,100.00,72.0,82.0,82.0,53.0,72.0,3291,196.91,25584350024414
5865.0,0,100.00,71.0,78.0,78.0,53.0,71.0,2797,200.88,52906174183654
5865.0,1,,70.0,82.0,80.0,52.0,71.0,2493,199.98,26721645985412
5865.0,2,100.00,71.0,86.0,86.0,54.0,72.0,3087,197.53,25328346614318
5865.0,3,,72.0,82.0,82.0,53.0,72.0,3117,198.24,25585476021789
5870.0,0,,70.0,78.0,78.0,52.0,71.0,2798,199.56,52907307705932
5870.0,1,,70.0,82.0,82.0,52.0,70.0,2714,199.19,26722777390197
5871.0,2,,72.0,84.0,84.0,54.0,72.0,3116,199.52,25329479873718
5871.0,3,,71.0,82.0,82.0,53.0,71.0,3284,199.40,25586610628967
5876.0,0,99.99,70.0,80.0,80.0,52.0,71.0,2799,199.63,52908441601379
5876.0,1,,69.0,84.0,84.0,52.0,70.0,2799,199.02,26723909803955
5876.0,2,,71.0,86.0,84.0,54.0,72.0,3210,198.79,25330609016662
5876.0,3,,71.0,82.0,82.0,53.0,72.0,3368,198.92,25587740467285
5882.0,0,,71.0,78.0,78.0,53.0,71.0,2809,200.92,52909584834655
5882.0,1,,71.0,82.0,82.0,52.0,70.0,2544,199.73,26725044245361
5882.0,2,,71.0,86.0,86.0,54.0,72.0,3103,196.55,25331727405639
5882.0,3,,71.0,82.0,82.0,53.0,72.0,3219,197.30,25588863129089
5887.0,0,,70.0,80.0,80.0,52.0,71.0,2797,199.18,52910716199951
5887.0,1,,70.0,82.0,80.0,52.0,71.0,2576,199.50,26726179423034
5888.0,2,100.00,73.0,82.0,82.0,54.0,73.0,3096,200.80,25332867977722
5888.0,3,,74.0,80.0,82.0,54.0,71.0,3171,199.21,25589992656433
5893.0,0,100.00,70.0,80.0,80.0,52.0,71.0,2800,199.61,52911849962524
5893.0,1,,70.0,82.0,84.0,52.0,70.0,2780,199.03,26727307909973
5893.0,2,,72.0,84.0,84.0,54.0,72.0,3127,197.73,25333991069030
5893.0,3,,74.0,80.0,80.0,53.0,72.0,3350,200.07,25591129033203
5899.0,0,100.00,70.0,82.0,80.0,52.0,71.0,2802,199.69,52912984212036
5899.0,1,,70.0,84.0,84.0,52.0,70.0,2652,198.74,26728436761596
5899.0,2,,71.0,86.0,86.0,54.0,72.0,3096,196.93,25335109616699
5899.0,3,,71.0,82.0,82.0,53.0,71.0,3370,197.26,25592249470458
5904.0,0,,71.0,78.0,78.0,53.0,71.0,2806,201.45,52914128462280
5904.0,1,,70.0,82.0,82.0,52.0,70.0,2544,199.82,26729573744079
5905.0,2,100.00,73.0,84.0,84.0,54.0,72.0,3082,198.87,25336239171508
5905.0,3,,74.0,80.0,80.0,53.0,71.0,3145,199.01,25593381837890
5910.0,0,,72.0,76.0,76.0,53.0,71.0,2800,200.18,52915265469787
5910.0,1,,71.0,80.0,82.0,52.0,71.0,2778,200.07,26730710158386
5910.0,2,,72.0,84.0,84.0,54.0,72.0,3107,198.83,25337368530700
5910.0,3,,74.0,80.0,80.0,54.0,71.0,3255,199.62,25594515681335
5916.0,0,100.00,70.0,82.0,80.0,53.0,71.0,2800,198.58,52916393394287
5916.0,1,,69.0,84.0,84.0,52.0,70.0,2779,198.70,26731838762695
5916.0,2,,71.0,86.0,86.0,54.0,72.0,3158,197.93,25338494736938
5916.0,3,,71.0,82.0,82.0,53.0,72.0,3345,197.02,25595634765014
5921.0,0,,70.0,82.0,82.0,52.0,71.0,2806,195.76,52917507253845
5922.0,1,,70.0,84.0,84.0,52.0,70.0,2479,196.48,26732956726135
5922.0,2,100.00,71.0,86.0,86.0,53.0,72.0,3111,193.99,25339598514099
5922.0,3,,71.0,82.0,82.0,53.0,71.0,3113,192.52,25596730216552
5927.0,0,0.00,66.0,82.0,82.0,50.0,68.0,2670,140.57,52918307079833
5927.0,1,0.00,65.0,84.0,84.0,49.0,66.0,2436,126.44,26733676168762
5927.0,2,58.35,68.0,86.0,86.0,51.0,69.0,2950,157.80,25340496422546
5928.0,3,0.00,67.0,84.0,84.0,51.0,68.0,2877,125.67,25597445276855
5933.0,0,0.00,64.0,82.0,82.0,49.0,66.0,2139,59.76,52918647687377
5933.0,1,0.00,64.0,84.0,84.0,48.0,65.0,2037,59.50,26734014747680
5933.0,2,0.00,65.0,86.0,86.0,50.0,67.0,2473,57.63,25340823744873
5933.0,3,0.00,65.0,84.0,84.0,49.0,66.0,2274,58.41,25597777023559
5938.0,0,0.00,63.0,82.0,82.0,48.0,65.0,1554,58.54,52918979603088
5939.0,1,0.00,63.0,84.0,84.0,48.0,64.0,1521,59.04,26734350089965
5939.0,2,0.00,64.0,86.0,86.0,49.0,66.0,1870,57.13,25341148248413
5939.0,3,0.00,64.0,84.0,84.0,49.0,65.0,1773,57.54,25598104426330
5944.0,0,0.00,63.0,82.0,82.0,48.0,65.0,1521,58.50,52919312445373
5944.0,1,0.00,62.0,84.0,84.0,47.0,63.0,1500,58.83,26734684259338
5944.0,2,0.00,64.0,86.0,86.0,49.0,66.0,1574,56.92,25341471528747
5945.0,3,,68.0,78.0,78.0,52.0,69.0,1733,153.69,25598977375671
5950.0,0,0.00,62.0,82.0,82.0,48.0,64.0,1523,58.55,52919644445739
5950.0,1,0.00,62.0,84.0,84.0,47.0,63.0,1491,58.75,26735017348632
5950.0,2,0.00,64.0,86.0,86.0,49.0,66.0,1544,56.66,25341793334106
5950.0,3,,70.0,80.0,80.0,52.0,71.0,2126,179.30,25599994017456
5955.0,0,,69.0,70.0,70.0,51.0,69.0,1575,181.69,52920676424255
5956.0,1,,68.0,74.0,74.0,50.0,68.0,1522,185.73,26736072284912
5956.0,2,100.00,71.0,76.0,76.0,52.0,71.0,1777,190.14,25342871411560
5956.0,3,,73.0,76.0,76.0,54.0,72.0,2666,199.60,25601125756103
5961.0,0,,69.0,76.0,76.0,52.0,70.0,2075,197.43,52921795829528
5961.0,1,,69.0,78.0,78.0,51.0,69.0,1968,196.52,26737186524963
5961.0,2,100.00,70.0,82.0,82.0,53.0,72.0,2316,194.63,25343976916687
5962.0,3,,72.0,80.0,80.0,53.0,71.0,3169,196.01,25602239085632
5967.0,0,99.99,70.0,78.0,78.0,52.0,71.0,2365,199.23,52922927474487
5967.0,1,,69.0,80.0,80.0,52.0,70.0,2196,197.48,26738310159362
5967.0,2,100.00,71.0,82.0,82.0,53.0,72.0,2721,194.96,25345086257019
5967.0,3,,72.0,82.0,82.0,53.0,72.0,3101,196.78,25603358788085
5972.0,0,,70.0,76.0,76.0,53.0,71.0,2637,200.20,52924066594177
5973.0,1,,71.0,78.0,78.0,52.0,71.0,2406,200.98,26739453725036
5973.0,2,,73.0,80.0,80.0,54.0,72.0,2966,200.01,25346222300842
5973.0,3,100.00,74.0,78.0,78.0,53.0,72.0,3166,200.09,25604497315734
5978.0,0,,70.0,78.0,78.0,52.0,71.0,2828,199.63,52925202494567
5978.0,1,,69.0,80.0,80.0,52.0,70.0,2744,198.55,26740583468444
5978.0,2,100.00,71.0,84.0,84.0,53.0,72.0,3229,198.08,25347349392028
5979.0,3,,72.0,82.0,82.0,53.0,72.0,3354,198.38,25605626077880
5984.0,0,,70.0,80.0,80.0,52.0,71.0,2806,199.70,52926338815612
5984.0,1,100.00,69.0,82.0,82.0,52.0,70.0,2586,198.66,26741711830688
5984.0,2,100.00,70.0,84.0,84.0,53.0,72.0,3134,196.63,25348468228332
5984.0,3,,71.0,82.0,82.0,53.0,72.0,3252,197.27,25606746555541
5990.0,0,,72.0,76.0,76.0,52.0,71.0,2800,201.25,52927481910522
5990.0,1,,69.0,80.0,80.0,52.0,70.0,2513,200.09,26742848353149
5990.0,2,100.00,71.0,82.0,82.0,53.0,71.0,3096,199.44,25349601062011
5990.0,3,100.00,73.0,78.0,78.0,53.0,72.0,3148,199.90,25607881996276
5995.0,0,,72.0,76.0,76.0,52.0,71.0,2810,200.15,52928618751892
5995.0,1,,71.0,78.0,78.0,52.0,70.0,2757,200.63,26743987912292
5996.0,2,,73.0,82.0,82.0,54.0,73.0,3105,199.50,25350734239685
5996.0,3,,72.0,80.0,80.0,53.0,72.0,3338,198.85,25609011474060
6001.0,0,,70.0,80.0,80.0,52.0,71.0,2799,198.51,52929746296813
6001.0,1,100.00,69.0,82.0,82.0,52.0,70.0,2695,197.65,26745110592590
6001.0,2,,71.0,84.0,84.0,54.0,72.0,3127,196.79,25351852008911
6001.0,3,,72.0,82.0,82.0,53.0,72.0,3295,196.96,25610132203979
6007.0,0,,72.0,78.0,80.0,53.0,71.0,2808,200.45,52930884831359
6007.0,1,100.00,69.0,82.0,82.0,52.0,70.0,2502,198.91,26746242405944
6007.0,2,,73.0,82.0,82.0,54.0,72.0,3084,198.40,25352978945373
6007.0,3,,71.0,80.0,80.0,53.0,71.0,3118,198.92,25611260060546
6012.0,0,,70.0,80.0,80.0,53.0,72.0,2801,199.73,52932019306579
6012.0,1,,69.0,82.0,82.0,52.0,70.0,2620,199.92,26747377960144
6013.0,2,,73.0,82.0,82.0,54.0,73.0,3083,200.26,25354116448425
6013.0,3,,72.0,82.0,80.0,53.0,71.0,3325,198.72,25612390757812
6018.0,0,,70.0,80.0,80.0,52.0,71.0,2806,199.65,52933155339721
6018.0,1,,70.0,82.0,82.0,52.0,70.0,2786,199.55,26748511391540
6018.0,2,,71.0,86.0,84.0,54.0,72.0,3145,196.97,25355237226745
6018.0,3,,71.0,82.0,82.0,53.0,71.0,3365,198.42,25613519739501
6024.0,0,,71.0,78.0,78.0,52.0,71.0,2809,201.51,52934299889404
6024.0,1,100.00,70.0,84.0,84.0,52.0,70.0,2555,198.30,26749639732849
6024.0,2,,71.0,84.0,84.0,53.0,72.0,3095,197.78,25356360629821
6024.0,3,,72.0,82.0,82.0,53.0,72.0,3147,196.86,25614637888122
6029.0,0,,71.0,76.0,76.0,52.0,71.0,2807,199.99,52935437810119
6029.0,1,,71.0,80.0,80.0,52.0,70.0,2533,200.93,26750781028137
6030.0,2,,73.0,82.0,82.0,54.0,72.0,3082,199.55,25357496046203
6030.0,3,,71.0,80.0,80.0,53.0,72.0,3200,200.56,25615777073181
6035.0,0,,70.0,80.0,80.0,53.0,71.0,2832,198.52,52936565384033
6035.0,1,,69.0,82.0,82.0,52.0,70.0,2768,199.04,26751911551269
6035.0,2,,71.0,86.0,84.0,54.0,72.0,3189,197.81,25358619583740
6035.0,3,,72.0,82.0,82.0,53.0,72.0,3357,198.51,25616906615478
6041.0,0,,70.0,80.0,80.0,52.0,71.0,2819,200.06,52937701708007
6041.0,1,,70.0,84.0,84.0,52.0,70.0,2714,198.37,26753040254272
6041.0,2,,72.0,82.0,82.0,53.0,72.0,3094,198.38,25359746382995
6041.0,3,100.00,71.0,82.0,82.0,53.0,71.0,3222,197.05,25618025834289
6046.0,0,,72.0,78.0,78.0,53.0,71.0,2800,200.96,52938843144470
6047.0,1,,69.0,82.0,80.0,52.0,70.0,2494,200.22,26754175495666
6047.0,2,,71.0,84.0,82.0,53.0,72.0,3096,198.68,25360874885437
6047.0,3,,74.0,80.0,80.0,53.0,71.0,3171,200.63,25619163395812
6052.0,0,,71.0,78.0,78.0,53.0,71.0,2800,200.27,52939980650268
6052.0,1,99.99,71.0,80.0,80.0,52.0,71.0,2758,199.90,26755312928161
6052.0,2,,71.0,84.0,84.0,53.0,72.0,3086,198.50,25362002346679
6053.0,3,,74.0,80.0,80.0,54.0,71.0,3349,199.12,25620294425170
6058.0,0,,70.0,80.0,80.0,52.0,71.0,2798,198.77,52941109662658
6058.0,1,,70.0,84.0,84.0,52.0,70.0,2797,198.54,26756440613342
6058.0,2,,73.0,84.0,84.0,54.0,73.0,3133,198.46,25363131585083
6058.0,3,,72.0,82.0,82.0,53.0,71.0,3303,196.73,25621413821655
6063.0,0,,70.0,80.0,80.0,53.0,71.0,2797,200.19,52942248737731
6064.0,1,,70.0,84.0,84.0,52.0,70.0,2513,199.00,26757570931884
6064.0,2,,71.0,86.0,86.0,53.0,73.0,3092,197.07,25364250941101
6064.0,3,,72.0,82.0,82.0,53.0,71.0,3113,197.33,25622536622619
6069.0,0,,70.0,80.0,80.0,52.0,71.0,2816,199.88,52943386080810
6069.0,1,,70.0,82.0,82.0,52.0,71.0,2606,199.89,26758708289611
6069.0,2,,73.0,82.0,82.0,54.0,73.0,3084,199.78,25365387679992
6070.0,3,,73.0,78.0,78.0,53.0,71.0,3233,200.97,25623678152221
6075.0,0,100.00,69.0,80.0,78.0,52.0,71.0,2842,200.47,52944524746398
6075.0,1,,69.0,82.0,82.0,52.0,70.0,2788,199.82,26759843285400
6075.0,2,,73.0,82.0,84.0,54.0,73.0,3178,198.15,25366513189392
6075.0,3,,71.0,82.0,82.0,53.0,72.0,3355,197.56,25624800287780
6080.0,0,,72.0,78.0,78.0,53.0,71.0,2799,200.66,52945664515930
6081.0,1,,69.0,84.0,84.0,52.0,70.0,2619,198.82,26760974581542
6081.0,2,,73.0,82.0,82.0,54.0,72.0,3117,197.70,25367636104125
6081.0,3,100.00,71.0,82.0,82.0,53.0,71.0,3151,197.44,25625921734680
6086.0,0,,72.0,78.0,78.0,53.0,71.0,2802,199.77,52946799233764
6086.0,1,,70.0,80.0,80.0,52.0,70.0,2518,200.70,26762112575256
6086.0,2,,71.0,86.0,86.0,54.0,73.0,3089,197.11,25368753708068
6087.0,3,,74.0,80.0,80.0,54.0,72.0,3154,200.14,25627056544250
6092.0,0,,71.0,78.0,78.0,53.0,72.0,2847,200.16,52947934139343
6092.0,1,,70.0,84.0,82.0,52.0,70.0,2761,198.56,26763238416870
6092.0,2,,73.0,82.0,82.0,54.0,73.0,3089,200.36,25369889747497
6092.0,3,,71.0,80.0,80.0,53.0,72.0,3352,199.04,25628187106140
6097.0,0,,70.0,80.0,82.0,52.0,71.0,2813,198.52,52949059772827
6098.0,1,,69.0,84.0,84.0,52.0,70.0,2705,199.17,26764369695800
6098.0,2,100.00,71.0,86.0,86.0,53.0,72.0,3136,194.16,25370994514587
6098.0,3,100.00,71.0,82.0,82.0,53.0,72.0,3271,196.53,25629303412658
6103.0,0,,69.0,82.0,82.0,52.0,71.0,2794,193.60,52950161339172
6103.0,1,,69.0,84.0,84.0,52.0,70.0,2511,192.47,26765464870727
6103.0,2,,71.0,86.0,86.0,53.0,72.0,3092,189.26,25372069520568
6104.0,3,99.99,71.0,84.0,84.0,53.0,71.0,3102,188.55,25630376276489
