t_s,card,power_w,gpu_clock_mhz,throttle_reason,vram_used_mib
0.0,0,50.67,850,None,226.5078125
0.0,1,50.91,800,None,226.5
0.0,2,50.52,1300,None,226.5
0.0,3,50.14,850,None,226.4375
5.0,0,50.41,850,None,226.5078125
5.0,1,50.49,800,None,226.5
5.0,2,50.49,1300,None,226.5
5.0,3,49.57,850,None,226.4375
10.0,0,49.74,450,None,235.3046875
10.0,1,50.59,800,None,226.5
10.0,2,50.45,1300,None,226.5
10.0,3,49.69,850,None,226.4375
15.0,0,49.69,450,None,235.3046875
15.0,1,50.69,800,None,226.5
15.0,2,50.42,1300,None,226.5
15.0,3,49.61,850,None,226.4375
20.0,0,49.19,400,None,244.10546875
20.0,1,50.84,800,None,226.5
20.0,2,50.39,1300,None,226.5
20.0,3,49.68,850,None,226.4375
25.0,0,48.72,400,None,244.10546875
25.0,1,49.73,800,None,226.5
25.0,2,48.78,1300,None,226.5
25.0,3,48.73,850,None,226.4375
30.0,0,51.47,2050,None,426.26953125
30.0,1,49.36,800,None,226.5
30.0,2,48.45,1300,None,226.5
30.0,3,48.35,850,None,226.4375
35.0,0,52.36,1650,None,244.08203125
35.0,1,49.47,800,None,226.5
35.0,2,48.68,1300,None,226.5
35.0,3,48.30,850,None,226.4375
40.0,0,52.87,1450,None,426.25
40.0,1,50.52,800,None,226.5
40.0,2,49.79,1300,None,226.5
40.0,3,49.25,850,None,226.4375
45.0,0,52.22,1350,None,417.46875
45.0,1,50.31,800,None,226.5
45.0,2,50.30,1300,None,226.5
45.0,3,49.21,850,None,226.4375
50.0,0,50.51,1000,None,426.265625
50.0,1,50.42,800,None,226.5
50.0,2,50.39,1300,None,226.5
50.0,3,49.32,850,None,226.4375
55.0,0,52.56,2400,None,3792.05078125
55.0,1,50.52,800,None,226.5
55.0,2,50.25,1300,None,226.5
55.0,3,49.21,850,None,226.4375
60.0,0,72.83,2400,None,10238.0078125
60.0,1,50.44,800,None,226.5
60.0,2,50.27,1300,None,226.5
60.0,3,49.39,850,None,226.4375
65.0,0,76.59,2400,None,14694.0234375
65.0,1,50.00,800,None,226.5
65.0,2,49.82,1300,None,226.5
65.0,3,48.81,850,None,226.4375
70.0,0,76.62,2400,None,19232.0390625
70.0,1,49.13,800,None,226.5
70.0,2,48.52,1300,None,226.5
70.0,3,48.03,850,None,226.4375
75.0,0,60.90,1800,None,19873.6953125
75.0,1,49.23,800,None,226.5
75.0,2,48.42,1300,None,226.5
75.0,3,48.00,850,None,226.4375
80.0,0,138.99,2283,PowerBurst,20994.1484375
80.0,1,49.79,800,None,226.5
80.0,2,49.26,1300,None,226.5
80.0,3,48.61,850,None,226.4375
85.0,0,109.59,2400,None,20994.1484375
85.0,1,50.11,800,None,226.5
85.0,2,50.18,1300,None,226.5
85.0,3,49.04,850,None,226.4375
90.0,0,59.26,2400,None,20994.1484375
90.0,1,50.03,800,None,226.5
90.0,2,50.12,1300,None,226.5
90.0,3,48.75,850,None,226.4375
95.0,0,56.94,1700,None,21060.02734375
95.0,1,50.22,800,None,226.5
95.0,2,50.22,1300,None,226.5
95.0,3,48.93,850,None,226.4375
100.0,0,50.22,850,None,21060.15234375
100.0,1,50.08,800,None,226.5
100.0,2,50.15,1300,None,226.5
100.0,3,48.94,850,None,226.4375
105.0,0,58.00,2400,None,30139.1953125
105.0,1,50.14,800,None,226.5
105.0,2,50.25,1300,None,226.5
105.0,3,49.08,850,None,226.4375
110.0,0,50.08,1100,None,30139.1953125
110.0,1,49.08,800,None,226.5
110.0,2,48.53,1300,None,226.5
110.0,3,47.79,850,None,226.4375
115.0,0,48.68,400,None,29947.1953125
115.0,1,49.06,800,None,226.5
115.0,2,48.46,1300,None,226.5
115.0,3,47.80,850,None,226.4375
120.0,0,48.01,400,None,29947.1953125
120.0,1,49.26,800,None,226.5
120.0,2,48.44,1300,None,226.5
120.0,3,47.89,850,None,226.4375
125.0,0,48.65,2400,None,29992.77734375
125.0,1,49.88,800,None,226.5
125.0,2,50.01,1300,None,226.5
125.0,3,48.68,850,None,226.4375
130.0,0,63.12,2400,None,30230.890625
130.0,1,49.74,800,None,226.5
130.0,2,50.10,1300,None,226.5
130.0,3,48.65,850,None,226.4375
135.0,0,58.63,2400,None,30230.890625
135.0,1,49.82,800,None,226.5
135.0,2,50.23,1300,None,226.5
135.0,3,48.85,850,None,226.4375
140.0,0,62.73,1900,None,30333.17578125
140.0,1,49.99,800,None,226.5
140.0,2,50.19,1300,None,226.5
140.0,3,48.85,850,None,226.4375
145.0,0,59.47,1850,None,30424.30859375
145.0,1,49.72,800,None,226.5
145.0,2,50.23,1300,None,226.5
145.0,3,48.90,850,None,226.4375
150.0,0,51.14,1350,None,30424.30859375
150.0,1,49.49,800,None,226.5
150.0,2,49.23,1300,None,226.5
150.0,3,48.09,850,None,226.4375
155.0,0,165.57,2400,None,30463.94140625
155.0,1,48.73,800,None,226.5
155.0,2,48.57,1300,None,226.5
155.0,3,47.82,850,None,226.4375
160.0,0,173.71,2400,None,30464.25390625
160.0,1,48.99,800,None,226.5
160.0,2,48.52,1300,None,226.5
160.0,3,48.09,850,None,226.4375
165.0,0,57.72,2400,None,30464.25390625
165.0,1,49.34,400,None,235.30078125
165.0,2,49.33,1300,None,226.5
165.0,3,48.28,850,None,226.4375
170.0,0,59.24,2400,None,30464.25390625
170.0,1,48.56,400,None,235.30078125
170.0,2,50.40,1300,None,226.5
170.0,3,48.53,850,None,226.4375
175.0,0,59.25,2400,None,30464.25390625
175.0,1,48.57,400,None,244.109375
175.0,2,50.17,1300,None,226.5
175.0,3,48.59,850,None,226.4375
180.0,0,59.23,2400,None,30464.25390625
180.0,1,48.94,400,None,244.109375
180.0,2,50.12,1300,None,226.5
180.0,3,48.74,850,None,226.4375
185.0,0,58.87,2400,None,30464.25390625
185.0,1,52.67,1550,None,426.2734375
185.0,2,50.18,1300,None,226.5
185.0,3,48.70,850,None,226.4375
190.0,0,58.83,2400,None,30464.25390625
190.0,1,51.92,1400,None,244.09375
190.0,2,50.02,1300,None,226.5
190.0,3,48.47,850,None,226.4375
195.0,0,55.13,2400,None,30464.25390625
195.0,1,50.68,1550,None,253.69140625
195.0,2,48.46,1300,None,226.5
195.0,3,47.41,850,None,226.4375
200.0,0,55.09,2400,None,30464.25390625
200.0,1,50.20,1400,None,417.46875
200.0,2,48.29,1300,None,226.5
200.0,3,47.55,850,None,226.4375
205.0,0,55.03,2400,None,30464.25390625
205.0,1,50.34,1350,None,426.26171875
205.0,2,48.42,1300,None,226.5
205.0,3,47.68,850,None,226.4375
210.0,0,58.55,2400,None,30464.25390625
210.0,1,52.13,2300,None,4211.46484375
210.0,2,50.22,1300,None,226.5
210.0,3,48.65,850,None,226.4375
215.0,0,58.65,2400,None,30464.25390625
215.0,1,74.51,2400,None,10664.0078125
215.0,2,50.04,1300,None,226.5
215.0,3,48.64,850,None,226.4375
220.0,0,58.63,2400,None,30464.25390625
220.0,1,77.09,2400,None,15884.02734375
220.0,2,50.04,1300,None,226.5
220.0,3,48.78,850,None,226.4375
225.0,0,58.65,2400,None,30464.25390625
225.0,1,74.11,2400,None,24084.05859375
225.0,2,50.13,1300,None,226.5
225.0,3,48.89,850,None,226.4375
230.0,0,58.44,2400,None,30464.25390625
230.0,1,61.48,2050,None,19873.6953125
230.0,2,50.34,1300,None,226.5
230.0,3,48.81,850,None,226.4375
235.0,0,56.64,2400,None,30464.25390625
235.0,1,176.48,2300,PowerBurst,20994.1484375
235.0,2,49.95,1300,None,226.5
235.0,3,48.07,850,None,226.4375
240.0,0,54.64,2400,None,30464.25390625
240.0,1,70.19,2400,None,20994.1484375
240.0,2,48.52,1300,None,226.5
240.0,3,47.68,850,None,226.4375
245.0,0,54.86,2400,None,30464.25390625
245.0,1,55.05,2400,None,20994.1484375
245.0,2,48.33,1300,None,226.5
245.0,3,47.58,850,None,226.4375
250.0,0,56.62,2400,None,30464.25390625
250.0,1,56.64,1550,None,21060.15234375
250.0,2,49.42,1300,None,226.5
250.0,3,48.14,850,None,226.4375
255.0,0,58.48,2400,None,30464.25390625
255.0,1,51.05,650,None,21060.15234375
255.0,2,50.34,1300,None,226.5
255.0,3,48.34,850,None,226.4375
260.0,0,58.39,2400,None,30464.25390625
260.0,1,55.83,2300,None,30139.1953125
260.0,2,49.99,1300,None,226.5
260.0,3,48.45,850,None,226.4375
265.0,0,58.68,2400,None,30464.25390625
265.0,1,51.68,800,None,30139.1953125
265.0,2,49.98,1300,None,226.5
265.0,3,48.62,850,None,226.4375
270.0,0,58.16,2400,None,30464.25390625
270.0,1,48.36,400,None,29947.1953125
270.0,2,50.19,1300,None,226.5
270.0,3,48.74,850,None,226.4375
275.0,0,58.48,2400,None,30464.25390625
275.0,1,48.83,400,None,29947.1953125
275.0,2,49.98,1300,None,226.5
275.0,3,48.34,850,None,226.4375
280.0,0,54.36,2400,None,30464.25390625
280.0,1,58.18,2400,None,30230.82421875
280.0,2,48.18,1300,None,226.5
280.0,3,47.29,850,None,226.4375
285.0,0,54.62,2400,None,30464.25390625
285.0,1,55.22,2400,None,30230.88671875
285.0,2,48.33,1300,None,226.5
285.0,3,47.68,850,None,226.4375
290.0,0,54.56,2400,None,30464.25390625
290.0,1,54.84,2400,None,30230.88671875
290.0,2,48.58,1300,None,226.5
290.0,3,47.77,850,None,226.4375
295.0,0,58.31,2400,None,30464.25390625
295.0,1,59.39,1900,None,30333.109375
295.0,2,50.23,1300,None,226.5
295.0,3,48.90,850,None,226.4375
300.0,0,58.33,2400,None,30464.25390625
300.0,1,54.44,1700,None,30424.2421875
300.0,2,49.88,1300,None,226.5
300.0,3,48.46,850,None,226.4375
305.0,0,58.35,2400,None,30464.25390625
305.0,1,51.27,1150,None,30424.2421875
305.0,2,49.97,1300,None,226.5
305.0,3,48.58,850,None,226.4375
310.0,0,58.48,2400,None,30464.25390625
310.0,1,173.51,2400,None,30463.9375
310.0,2,50.05,1300,None,226.5
310.0,3,48.96,850,None,226.4375
315.0,0,58.19,2400,None,30464.25390625
315.0,1,165.22,2400,None,30464.25
315.0,2,50.26,1300,None,226.5
315.0,3,48.61,850,None,226.4375
320.0,0,55.80,2400,None,30464.25390625
320.0,1,56.39,2400,None,30464.25
320.0,2,46.80,400,None,235.30078125
320.0,3,47.65,850,None,226.4375
325.0,0,54.55,2400,None,30464.25390625
325.0,1,55.06,2400,None,30464.25
325.0,2,46.34,400,None,235.30078125
325.0,3,47.42,850,None,226.4375
330.0,0,54.20,2400,None,30464.25390625
330.0,1,55.00,2400,None,30464.25
330.0,2,46.64,400,None,244.08984375
330.0,3,47.46,850,None,226.4375
335.0,0,56.60,2400,None,30464.25390625
335.0,1,57.32,2400,None,30464.25
335.0,2,47.52,1400,None,426.2578125
335.0,3,48.20,850,None,226.4375
340.0,0,58.25,2400,None,30464.25390625
340.0,1,58.69,2400,None,30464.25
340.0,2,50.52,1400,None,235.30078125
340.0,3,48.37,850,None,226.4375
345.0,0,58.19,2400,None,30464.25390625
345.0,1,58.75,2400,None,30464.25
345.0,2,49.12,1050,None,244.1015625
345.0,3,48.48,850,None,226.4375
350.0,0,58.27,2400,None,30464.25390625
350.0,1,58.78,2400,None,30464.25
350.0,2,50.66,1200,None,417.46875
350.0,3,48.62,850,None,226.4375
355.0,0,57.90,2400,None,30464.25390625
355.0,1,58.43,2400,None,30464.25
355.0,2,49.55,1200,None,417.46875
355.0,3,48.64,850,None,226.4375
360.0,0,57.79,2400,None,30464.25390625
360.0,1,58.14,2400,None,30464.25
360.0,2,49.04,1050,None,426.26953125
360.0,3,48.17,850,None,226.4375
365.0,0,54.28,2400,None,30464.25390625
365.0,1,54.92,2400,None,30464.25
365.0,2,50.64,2250,None,6987.4296875
365.0,3,47.35,850,None,226.4375
370.0,0,54.49,2400,None,30464.25390625
370.0,1,54.93,2400,None,30464.25
370.0,2,70.45,2400,None,11004.01171875
370.0,3,47.75,850,None,226.4375
375.0,0,54.87,2400,None,30464.25390625
375.0,1,55.30,2400,None,30464.25
375.1,2,74.37,2400,None,15884.03125
375.1,3,47.85,850,None,226.4375
380.0,0,58.12,2400,None,30464.25390625
380.1,1,58.50,2400,None,30464.25
380.1,2,70.50,1750,None,24088.8125
380.1,3,48.41,850,None,226.4375
385.1,0,58.21,2400,None,30464.25390625
385.1,1,58.65,2400,None,30464.25
385.1,2,58.91,2100,None,19873.69921875
385.1,3,48.44,850,None,226.4375
390.1,0,58.07,2400,None,30464.25390625
390.1,1,58.56,2400,None,30464.25
390.1,2,182.88,2317,PowerBurst,20994.15234375
390.1,3,48.70,850,None,226.4375
395.1,0,57.99,2400,None,30464.25390625
395.1,1,58.41,2400,None,30464.25
395.1,2,66.63,2400,None,20994.15234375
395.1,3,48.71,850,None,226.4375
400.1,0,58.01,2400,None,30464.25390625
400.1,1,58.56,2400,None,30464.25
400.1,2,56.36,2400,None,20994.15234375
400.1,3,48.31,850,None,226.4375
405.1,0,55.25,2400,None,30464.25390625
405.1,1,55.81,2400,None,30464.25
405.1,2,48.82,1300,None,21060.15625
405.1,3,47.55,850,None,226.4375
410.1,0,54.34,2400,None,30464.25390625
410.1,1,54.87,2400,None,30464.25
410.1,2,47.49,600,None,21060.15625
410.1,3,47.42,850,None,226.4375
415.1,0,54.19,2400,None,30464.25390625
415.1,1,54.83,2400,None,30464.25
415.1,2,48.39,1650,None,30139.19921875
415.1,3,47.45,850,None,226.4375
420.1,0,57.01,2400,None,30464.25390625
420.1,1,57.44,2400,None,30464.25
420.1,2,50.41,850,None,30139.19921875
420.1,3,48.33,850,None,226.4375
425.1,0,58.20,2400,None,30464.25390625
425.1,1,58.58,2400,None,30464.25
425.1,2,48.00,400,None,29947.19921875
425.1,3,48.43,850,None,226.4375
430.1,0,58.26,2400,None,30464.25390625
430.1,1,58.64,2400,None,30464.25
430.1,2,47.19,400,None,29947.19921875
430.1,3,48.55,850,None,226.4375
435.1,0,58.37,2400,None,30464.25390625
435.1,1,58.78,2400,None,30464.25
435.1,2,60.89,2200,None,30230.890625
435.1,3,48.68,850,None,226.4375
440.1,0,57.95,2400,None,30464.25390625
440.1,1,58.13,2400,None,30464.25
440.1,2,56.91,2400,None,30230.890625
440.1,3,48.41,850,None,226.4375
445.1,0,56.91,2400,None,30464.25390625
445.1,1,57.19,2400,None,30464.25
445.1,2,55.26,2400,None,30230.890625
445.1,3,48.31,850,None,226.4375
450.1,0,54.34,2400,None,30464.25390625
450.1,1,54.84,2400,None,30464.25
450.1,2,54.86,1900,None,30333.1171875
450.1,3,47.39,850,None,226.4375
455.1,0,53.89,2400,None,30464.25390625
455.1,1,54.51,2400,None,30464.25
455.1,2,50.82,1700,None,30424.25
455.1,3,47.58,850,None,226.4375
460.1,0,55.45,2400,None,30464.25390625
460.1,1,55.93,2400,None,30464.25
460.1,2,49.68,1200,None,30424.25
460.1,3,48.11,850,None,226.4375
465.1,0,58.22,2400,None,30464.25390625
465.1,1,58.25,2400,None,30464.25
465.1,2,177.07,2400,None,30463.9453125
465.1,3,48.75,850,None,226.4375
470.1,0,58.33,2400,None,30464.25390625
470.1,1,58.40,2400,None,30464.25
470.1,2,156.85,2400,None,30464.2578125
470.1,3,48.81,850,None,226.4375
475.1,0,58.01,2400,None,30464.25390625
475.1,1,58.31,2400,None,30464.25
475.1,2,56.70,2400,None,30464.2578125
475.1,3,47.64,400,None,235.234375
480.1,0,57.96,2400,None,30464.25390625
480.1,1,58.34,2400,None,30464.25
480.1,2,56.69,2400,None,30464.2578125
480.1,3,47.23,400,None,235.234375
485.1,0,58.07,2400,None,30464.25390625
485.1,1,58.40,2400,None,30464.25
485.1,2,56.58,2400,None,30464.2578125
485.1,3,47.37,400,None,244.03125
490.1,0,54.68,2400,None,30464.25390625
490.1,1,55.29,2400,None,30464.25
490.1,2,53.15,2400,None,30464.2578125
490.1,3,47.26,1500,None,426.1953125
495.1,0,54.00,2400,None,30464.25390625
495.1,1,54.88,2400,None,30464.25
495.1,2,52.65,2400,None,30464.2578125
495.1,3,48.73,1500,None,235.234375
500.1,0,54.28,2400,None,30464.25390625
500.1,1,54.95,2400,None,30464.25
500.1,2,52.91,2400,None,30464.2578125
500.1,3,48.54,850,None,244.02734375
505.1,0,57.56,2400,None,30464.25390625
505.1,1,58.07,2400,None,30464.25
505.1,2,56.06,2400,None,30464.2578125
505.1,3,49.30,1150,None,417.3984375
510.1,0,58.19,2400,None,30464.25390625
510.1,1,58.60,2400,None,30464.25
510.1,2,56.43,2400,None,30464.2578125
510.1,3,49.36,1150,None,417.3984375
515.1,0,57.97,2400,None,30464.25390625
515.1,1,58.51,2400,None,30464.25
515.1,2,56.55,2400,None,30464.2578125
515.1,3,49.04,1000,None,426.1875
520.1,0,57.90,2400,None,30464.25390625
520.1,1,58.34,2400,None,30464.25
520.1,2,56.73,2400,None,30464.2578125
520.1,3,53.09,2400,None,6989.91796875
525.1,0,57.94,2400,None,30464.25390625
525.1,1,58.31,2400,None,30464.25
525.1,2,56.41,2400,None,30464.2578125
525.1,3,72.68,2400,None,11019.93359375
530.1,0,56.34,2400,None,30464.25390625
530.1,1,56.84,2400,None,30464.25
530.1,2,54.79,2400,None,30464.2578125
530.1,3,75.83,2400,None,16223.953125
535.1,0,53.47,2400,None,30464.25390625
535.1,1,54.36,2400,None,30464.25
535.1,2,52.20,2400,None,30464.2578125
535.1,3,72.37,2400,None,24083.984375
540.1,0,54.02,2400,None,30464.25390625
540.1,1,54.71,2400,None,30464.25
540.1,2,52.73,2400,None,30464.2578125
540.1,3,54.64,2400,None,19873.62109375
545.1,0,56.38,2400,None,30464.25390625
545.1,1,56.69,2400,None,30464.25
545.1,2,54.81,2400,None,30464.2578125
545.1,3,192.62,2400,None,20994.07421875
550.1,0,58.10,2400,None,30464.25390625
550.1,1,58.59,2400,None,30464.25
550.1,2,56.38,2400,None,30464.2578125
550.1,3,58.00,2400,None,20994.07421875
555.1,0,58.09,2400,None,30464.25390625
555.1,1,58.47,2400,None,30464.25
555.1,2,56.56,2400,None,30464.2578125
555.1,3,57.22,2400,None,20994.07421875
560.1,0,57.69,2400,None,30464.25390625
560.1,1,58.10,2400,None,30464.25
560.1,2,56.81,2400,None,30464.2578125
560.1,3,51.03,1300,None,21060.078125
565.1,0,57.90,2400,None,30464.25390625
565.1,1,58.40,2400,None,30464.25
565.1,2,56.36,2400,None,30464.2578125
565.1,3,47.86,550,None,21060.078125
570.1,0,57.60,2400,None,30464.25390625
570.1,1,58.02,2400,None,30464.25
570.1,2,55.93,2400,None,30464.2578125
570.1,3,55.28,1650,None,30139.12109375
575.1,0,54.32,2400,None,30464.25390625
575.1,1,54.94,2400,None,30464.25
575.1,2,52.77,2400,None,30464.2578125
575.1,3,47.83,800,None,30139.12109375
580.1,0,53.76,2400,None,30464.25390625
580.1,1,54.34,2400,None,30464.25
580.1,2,52.87,2400,None,30464.2578125
580.1,3,46.99,400,None,29947.12109375
585.1,0,54.58,2400,None,30464.25390625
585.1,1,55.24,2400,None,30464.25
585.1,2,53.16,2400,None,30464.2578125
585.1,3,46.99,400,None,29947.12109375
590.1,0,58.13,2400,None,30464.25390625
590.1,1,58.56,2400,None,30464.25
590.1,2,56.54,2400,None,30464.2578125
590.1,3,56.13,2400,None,30230.80859375
595.1,0,58.30,2400,None,30464.25390625
595.1,1,58.44,2400,None,30464.25
595.1,2,56.64,2400,None,30464.2578125
595.1,3,57.01,2400,None,30230.80859375
600.1,0,57.81,2400,None,30464.25390625
600.1,1,57.76,2400,None,30464.25
600.1,2,56.62,2400,None,30464.2578125
600.1,3,57.25,2400,None,30230.80859375
605.1,0,58.03,2400,None,30464.25390625
605.1,1,58.45,2400,None,30464.25
605.1,2,56.26,2400,None,30464.2578125
605.1,3,59.46,1850,None,30333.03125
610.1,0,58.17,2400,None,30464.25390625
610.1,1,58.55,2400,None,30464.25
610.1,2,56.49,2400,None,30464.2578125
610.1,3,55.31,1650,None,30424.16796875
615.1,0,54.99,2400,None,30464.25390625
615.1,1,55.54,2400,None,30464.25
615.1,2,53.76,2400,None,30464.2578125
615.1,3,49.80,2400,None,30424.16796875
620.1,0,53.92,2400,None,30464.25390625
620.1,1,54.01,2400,None,30464.25
620.1,2,52.79,2400,None,30464.2578125
620.1,3,182.59,2167,PowerBurst,30464.17578125
625.1,0,54.21,2400,None,30464.25390625
625.1,1,54.53,2400,None,30464.25
625.1,2,52.73,2400,None,30464.2578125
625.1,3,148.51,2400,None,30464.17578125
630.1,0,66.17,2400,None,30464.25390625
630.1,1,66.00,2400,None,30464.25
630.1,2,63.44,2400,None,30464.2578125
630.1,3,65.60,2400,None,30464.17578125
635.1,0,65.48,1750,None,30473.0390625
635.1,1,67.37,2400,None,30464.25
635.1,2,66.90,2400,None,30464.2578125
635.1,3,67.14,2400,None,30464.17578125
640.1,0,52.35,1750,None,30464.25390625
640.1,1,58.26,2400,None,30464.25
640.1,2,56.58,2400,None,30464.2578125
640.1,3,57.73,2400,None,30464.17578125
645.1,0,52.43,1750,None,30464.25390625
645.1,1,58.25,2400,None,30464.25
645.1,2,56.31,2400,None,30464.2578125
645.1,3,57.06,2400,None,30464.17578125
650.1,0,115.31,2067,PowerBurst,31766.2578125
650.1,1,58.44,2400,None,30464.25
650.1,2,56.51,2400,None,30464.2578125
650.1,3,57.45,2400,None,30464.17578125
655.1,0,199.89,2083,PowerBurst,31767.32421875
655.1,1,56.90,2400,None,30464.25
655.1,2,54.95,2400,None,30464.2578125
655.1,3,55.93,2400,None,30464.17578125
660.1,0,200.24,2050,PowerBurst,31767.32421875
660.1,1,54.27,2400,None,30464.25
660.1,2,52.70,2400,None,30464.2578125
660.1,3,53.79,2400,None,30464.17578125
665.1,0,199.70,2100,PowerBurst,31767.38671875
665.1,1,54.29,2400,None,30464.25
665.1,2,52.72,2400,None,30464.2578125
665.1,3,53.29,2400,None,30464.17578125
670.1,0,200.16,2067,PowerBurst,31783.38671875
670.1,1,56.10,2400,None,30464.25
670.1,2,54.19,2400,None,30464.2578125
670.1,3,55.09,2400,None,30464.17578125
675.1,0,199.44,2167,PowerBurst,31783.38671875
675.1,1,58.47,2400,None,30464.25
675.1,2,56.40,2400,None,30464.2578125
675.1,3,57.24,2400,None,30464.17578125
680.1,0,179.03,2400,None,31783.38671875
680.1,1,58.23,2400,None,30464.25
680.1,2,56.69,2400,None,30464.2578125
680.1,3,57.35,2400,None,30464.17578125
685.1,0,178.28,2400,None,31783.38671875
685.1,1,57.94,2400,None,30464.25
685.1,2,56.43,2400,None,30464.2578125
685.1,3,57.06,2400,None,30464.17578125
690.1,0,196.80,2050,PowerBurst,31783.38671875
690.1,1,58.38,2400,None,30464.25
690.1,2,56.40,2400,None,30464.2578125
690.1,3,57.43,2400,None,30464.17578125
695.1,0,200.04,2033,PowerBurst,31783.38671875
695.1,1,58.43,2400,None,30464.25
695.1,2,56.45,2400,None,30464.2578125
695.1,3,57.26,2400,None,30464.17578125
700.1,0,199.53,2117,PowerBurst,31783.38671875
700.1,1,54.31,2400,None,30464.25
700.1,2,52.99,2400,None,30464.2578125
700.1,3,53.62,2400,None,30464.17578125
705.1,0,199.64,2183,PowerBurst,31783.38671875
705.1,1,54.16,2400,None,30464.25
705.1,2,52.49,2400,None,30464.2578125
705.1,3,53.03,2400,None,30464.17578125
710.1,0,200.75,2050,PowerBurst,31783.38671875
710.1,1,54.71,2400,None,30464.25
710.1,2,52.72,2400,None,30464.2578125
710.1,3,53.57,2400,None,30464.17578125
715.1,0,190.11,2400,None,31783.38671875
715.1,1,58.23,2400,None,30464.25
715.1,2,56.51,2400,None,30464.2578125
715.1,3,57.35,2400,None,30464.17578125
720.1,0,179.43,2400,None,31783.38671875
720.1,1,58.06,2400,None,30464.25
720.1,2,56.74,2400,None,30464.2578125
720.1,3,57.55,2400,None,30464.17578125
725.1,0,189.11,2033,PowerBurst,31783.38671875
725.1,1,57.99,2400,None,30464.25
725.1,2,56.62,2400,None,30464.2578125
725.1,3,57.17,2400,None,30464.17578125
730.1,0,199.95,2033,PowerBurst,31783.38671875
730.1,1,58.19,2400,None,30464.25
730.1,2,56.31,2400,None,30464.2578125
730.1,3,57.05,2400,None,30464.17578125
735.1,0,199.94,2033,PowerBurst,31783.38671875
735.1,1,58.41,2400,None,30464.25
735.1,2,56.50,2400,None,30464.2578125
735.1,3,57.30,2400,None,30464.17578125
740.1,0,199.79,2067,PowerBurst,31783.38671875
740.1,1,56.38,2400,None,30464.25
740.1,2,54.70,2400,None,30464.2578125
740.1,3,55.29,2400,None,30464.17578125
745.1,0,200.08,2067,PowerBurst,31783.38671875
745.1,1,54.18,2400,None,30464.25
745.1,2,52.37,2400,None,30464.2578125
745.1,3,53.23,2400,None,30464.17578125
750.1,0,199.78,2100,PowerBurst,31783.38671875
750.1,1,54.45,2400,None,30464.25
750.1,2,52.60,2400,None,30464.2578125
750.1,3,53.47,2400,None,30464.17578125
755.1,0,179.99,2400,None,31783.38671875
755.1,1,56.48,2400,None,30464.25
755.1,2,54.95,2400,None,30464.2578125
755.1,3,55.65,2400,None,30464.17578125
760.1,0,179.46,2400,None,31783.38671875
760.1,1,58.15,2400,None,30464.25
760.1,2,56.61,2400,None,30464.2578125
760.1,3,57.49,2400,None,30464.17578125
765.1,0,112.00,2400,None,31783.38671875
765.1,1,58.16,2400,None,30464.25
765.1,2,56.58,2400,None,30464.2578125
765.1,3,57.52,2400,None,30464.17578125
770.1,0,60.14,2400,None,31783.38671875
770.1,1,58.33,2400,None,30464.25
770.1,2,56.32,2400,None,30464.2578125
770.1,3,56.94,2400,None,30464.17578125
775.1,0,59.75,2400,None,31783.38671875
775.1,1,58.59,2400,None,30464.25
775.1,2,56.60,2400,None,30464.2578125
775.1,3,57.38,2400,None,30464.17578125
780.1,0,197.40,2033,PowerBurst,31783.38671875
780.1,1,58.08,2400,None,30464.25
780.1,2,56.18,2400,None,30464.2578125
780.1,3,57.24,2400,None,30464.17578125
785.1,0,200.04,2033,PowerBurst,31783.38671875
785.1,1,54.22,2400,None,30464.25
785.1,2,52.67,2400,None,30464.2578125
785.1,3,53.26,2400,None,30464.17578125
790.1,0,199.85,2067,PowerBurst,31783.38671875
790.1,1,54.26,2400,None,30464.25
790.1,2,52.66,2400,None,30464.2578125
790.1,3,53.18,2400,None,30464.17578125
795.1,0,199.80,2100,PowerBurst,31783.38671875
795.1,1,55.08,2400,None,30464.25
795.1,2,53.26,2400,None,30464.2578125
795.1,3,53.84,2400,None,30464.17578125
800.1,0,200.18,2067,PowerBurst,31783.38671875
800.1,1,58.49,2400,None,30464.25
800.1,2,56.49,2400,None,30464.2578125
800.1,3,57.62,2400,None,30464.17578125
805.1,0,189.99,2400,None,31783.38671875
805.1,1,57.90,2400,None,30464.25
805.1,2,56.66,2400,None,30464.2578125
805.1,3,57.59,2400,None,30464.17578125
810.1,0,179.51,2400,None,31783.38671875
810.1,1,57.96,2400,None,30464.25
810.1,2,56.45,2400,None,30464.2578125
810.1,3,57.22,2400,None,30464.17578125
815.1,0,187.84,2033,PowerBurst,31783.38671875
815.1,1,58.18,2400,None,30464.25
815.1,2,56.52,2400,None,30464.2578125
815.1,3,57.32,2400,None,30464.17578125
820.1,0,199.89,2050,PowerBurst,31783.38671875
820.1,1,58.49,2400,None,30464.25
820.1,2,56.48,2400,None,30464.2578125
820.1,3,57.33,2400,None,30464.17578125
825.1,0,200.15,2017,PowerBurst,31783.38671875
825.1,1,55.42,2400,None,30464.25
825.1,2,54.04,2400,None,30464.2578125
825.1,3,54.67,2400,None,30464.17578125
830.1,0,199.94,2033,PowerBurst,31783.38671875
830.1,1,54.28,2400,None,30464.25
830.1,2,52.64,2400,None,30464.2578125
830.1,3,53.25,2400,None,30464.17578125
835.1,0,199.62,2100,PowerBurst,31783.38671875
835.1,1,54.51,2400,None,30464.25
835.1,2,52.61,2400,None,30464.2578125
835.1,3,53.48,2400,None,30464.17578125
840.1,0,200.45,2033,PowerBurst,31783.38671875
840.1,1,57.19,2400,None,30464.25
840.1,2,55.25,2400,None,30464.2578125
840.1,3,56.07,2400,None,30464.17578125
845.1,0,180.09,2400,None,31783.38671875
845.1,1,58.09,2400,None,30464.25
845.1,2,56.70,2400,None,30464.2578125
845.1,3,57.47,2400,None,30464.17578125
850.1,0,179.36,2400,None,31783.38671875
850.1,1,58.01,2400,None,30464.25
850.1,2,56.73,2400,None,30464.2578125
850.1,3,57.22,2400,None,30464.17578125
855.1,0,196.34,2033,PowerBurst,31783.38671875
855.1,1,58.20,2400,None,30464.25
855.1,2,56.34,2400,None,30464.2578125
855.1,3,57.57,2400,None,30464.17578125
860.1,0,199.75,2083,PowerBurst,31783.38671875
860.1,1,58.22,2400,None,30464.25
860.1,2,56.49,2400,None,30464.2578125
860.1,3,57.29,2400,None,30464.17578125
865.1,0,200.26,2017,PowerBurst,31783.38671875
865.1,1,57.15,2400,None,30464.25
865.1,2,55.85,2400,None,30464.2578125
865.1,3,56.49,2400,None,30464.17578125
870.1,0,199.37,2133,PowerBurst,31783.38671875
870.1,1,54.29,2400,None,30464.25
870.1,2,52.45,2400,None,30464.2578125
870.1,3,53.24,2400,None,30464.17578125
875.1,0,200.16,2117,PowerBurst,31783.38671875
875.1,1,54.31,2400,None,30464.25
875.1,2,52.52,2400,None,30464.2578125
875.1,3,53.47,2400,None,30464.17578125
880.1,0,191.52,2400,None,31783.38671875
880.1,1,55.51,2400,None,30464.25
880.1,2,53.84,2400,None,30464.2578125
880.1,3,54.92,2400,None,30464.17578125
885.1,0,179.62,2400,None,31783.38671875
885.1,1,58.17,2400,None,30464.25
885.1,2,56.74,2400,None,30464.2578125
885.1,3,57.69,2400,None,30464.17578125
890.1,0,178.27,2400,None,31783.38671875
890.1,1,57.88,2400,None,30464.25
890.1,2,56.64,2400,None,30464.2578125
890.1,3,57.53,2400,None,30464.17578125
895.1,0,61.02,2400,None,31783.38671875
895.1,1,58.33,2400,None,30464.25
895.1,2,56.35,2400,None,30464.2578125
895.1,3,57.55,2400,None,30464.17578125
900.1,0,59.88,2400,None,31783.38671875
900.1,1,58.39,2400,None,30464.25
900.1,2,56.58,2400,None,30464.2578125
900.1,3,56.99,2400,None,30464.17578125
905.1,0,111.09,2033,PowerBurst,31783.38671875
905.1,1,58.60,2400,None,30464.25
905.1,2,56.62,2400,None,30464.2578125
905.1,3,57.33,2400,None,30464.17578125
910.1,0,199.98,2033,PowerBurst,31783.38671875
910.1,1,54.87,2400,None,30464.25
910.1,2,53.00,2400,None,30464.2578125
910.1,3,53.87,2400,None,30464.17578125
915.1,0,199.76,2083,PowerBurst,31783.38671875
915.1,1,54.24,2400,None,30464.25
915.1,2,52.51,2400,None,30464.2578125
915.1,3,53.26,2400,None,30464.17578125
920.1,0,200.01,2083,PowerBurst,31783.38671875
920.1,1,54.65,2400,None,30464.25
920.1,2,52.87,2400,None,30464.2578125
920.1,3,53.50,2400,None,30464.17578125
925.1,0,200.10,2050,PowerBurst,31783.38671875
925.1,1,57.79,2400,None,30464.25
925.1,2,55.97,2400,None,30464.2578125
925.1,3,57.08,2400,None,30464.17578125
930.1,0,199.93,2083,PowerBurst,31783.38671875
930.1,1,57.88,2400,None,30464.25
930.1,2,56.51,2400,None,30464.2578125
930.1,3,57.27,2400,None,30464.17578125
935.1,0,181.18,2400,None,31783.38671875
935.1,1,58.09,2400,None,30464.25
935.1,2,56.45,2400,None,30464.2578125
935.1,3,57.30,2400,None,30464.17578125
940.1,0,179.48,2400,None,31783.38671875
940.1,1,58.16,2400,None,30464.25
940.1,2,56.54,2400,None,30464.2578125
940.1,3,57.38,2400,None,30464.17578125
945.1,0,198.48,2033,PowerBurst,31783.38671875
945.1,1,58.30,2400,None,30464.25
945.1,2,56.53,2400,None,30464.2578125
945.1,3,57.53,2400,None,30464.17578125
950.1,0,199.74,2100,PowerBurst,31783.38671875
950.1,1,56.47,2400,None,30464.25
950.1,2,54.94,2400,None,30464.2578125
950.1,3,55.46,2400,None,30464.17578125
955.1,0,200.31,2033,PowerBurst,31783.38671875
955.1,1,54.30,2400,None,30464.25
955.1,2,52.57,2400,None,30464.2578125
955.1,3,53.15,2400,None,30464.17578125
960.1,0,199.47,2117,PowerBurst,31783.38671875
960.1,1,54.49,2400,None,30464.25
960.1,2,52.99,2400,None,30464.2578125
960.1,3,53.51,2400,None,30464.17578125
965.1,0,199.95,2150,PowerBurst,31783.38671875
965.1,1,56.35,2400,None,30464.25
965.1,2,54.91,2400,None,30464.2578125
965.1,3,55.32,2400,None,30464.17578125
970.1,0,191.83,2400,None,31783.38671875
970.1,1,58.29,2400,None,30464.25
970.1,2,56.65,2400,None,30464.2578125
970.1,3,57.60,2400,None,30464.17578125
975.1,0,179.52,2400,None,31783.38671875
975.1,1,57.95,2400,None,30464.25
975.1,2,56.43,2400,None,30464.2578125
975.1,3,57.38,2400,None,30464.17578125
980.1,0,177.23,2183,PowerBurst,31783.38671875
980.1,1,58.15,2400,None,30464.25
980.1,2,56.48,2400,None,30464.2578125
980.1,3,57.65,2400,None,30464.17578125
985.1,0,200.66,2033,PowerBurst,31783.38671875
985.1,1,58.15,2400,None,30464.25
985.1,2,56.49,2400,None,30464.2578125
985.1,3,57.67,2400,None,30464.17578125
990.1,0,200.06,2033,PowerBurst,31783.38671875
990.1,1,58.17,2400,None,30464.25
990.1,2,56.69,2400,None,30464.2578125
990.1,3,57.37,2400,None,30464.17578125
995.1,0,199.52,2100,PowerBurst,31783.38671875
995.1,1,54.32,2400,None,30464.25
995.1,2,52.62,2400,None,30464.2578125
995.1,3,53.32,2400,None,30464.17578125
1000.1,0,200.19,2067,PowerBurst,31783.38671875
1000.1,1,54.33,2400,None,30464.25
1000.1,2,52.47,2400,None,30464.2578125
1000.1,3,53.55,2400,None,30464.17578125
1005.1,0,200.05,2067,PowerBurst,31783.38671875
1005.1,1,54.69,2400,None,30464.25
1005.1,2,52.88,2400,None,30464.2578125
1005.1,3,53.70,2400,None,30464.17578125
1010.1,0,189.01,2400,None,31783.38671875
1010.1,1,58.36,2400,None,30464.25
1010.1,2,56.79,2400,None,30464.2578125
1010.1,3,57.79,2400,None,30464.17578125
1015.1,0,179.60,2400,None,31783.38671875
1015.1,1,57.89,2400,None,30464.25
1015.1,2,56.32,2400,None,30464.2578125
1015.1,3,57.42,2400,None,30464.17578125
1020.1,0,163.92,2400,None,31783.38671875
1020.1,1,58.11,2400,None,30464.25
1020.1,2,56.46,2400,None,30464.2578125
1020.1,3,57.40,2400,None,30464.17578125
1025.1,0,61.06,2400,None,31783.38671875
1025.1,1,58.57,2400,None,30464.25
1025.1,2,56.53,2400,None,30464.2578125
1025.1,3,57.03,2400,None,30464.17578125
1030.1,0,59.57,2400,None,31783.38671875
1030.1,1,58.12,2400,None,30464.25
1030.1,2,56.73,2400,None,30464.2578125
1030.1,3,57.29,2400,None,30464.17578125
1035.1,0,133.19,2033,PowerBurst,31783.38671875
1035.1,1,55.93,2400,None,30464.25
1035.1,2,54.04,2400,None,30464.2578125
1035.1,3,54.98,2400,None,30464.17578125
1040.1,0,200.02,2033,PowerBurst,31783.38671875
1040.1,1,54.30,2400,None,30464.25
1040.1,2,52.50,2400,None,30464.2578125
1040.1,3,53.36,2400,None,30464.17578125
1045.1,0,199.90,2050,PowerBurst,31783.38671875
1045.1,1,54.64,2400,None,30464.25
1045.1,2,52.79,2400,None,30464.2578125
1045.1,3,53.44,2400,None,30464.17578125
1050.1,0,199.57,2117,PowerBurst,31783.38671875
1050.1,1,56.71,2400,None,30464.25
1050.1,2,55.07,2400,None,30464.2578125
1050.1,3,55.99,2400,None,30464.17578125
1055.1,0,200.34,2067,PowerBurst,31783.38671875
1055.1,1,58.01,2400,None,30464.25
1055.1,2,56.53,2400,None,30464.2578125
1055.1,3,57.30,2400,None,30464.17578125
1060.1,0,198.37,2350,PowerBurst,31783.38671875
1060.1,1,58.12,2400,None,30464.25
1060.1,2,56.36,2400,None,30464.2578125
1060.1,3,57.12,2400,None,30464.17578125
1065.1,0,179.74,2400,None,31783.38671875
1065.1,1,58.22,2400,None,30464.25
1065.1,2,56.63,2400,None,30464.2578125
1065.1,3,57.41,2400,None,30464.17578125
1070.1,0,168.89,2400,None,31783.38671875
1070.1,1,58.11,2400,None,30464.25
1070.1,2,56.62,2400,None,30464.2578125
1070.1,3,68.79,2150,PowerBurst,31766.1796875
1075.1,0,60.24,2400,None,31783.38671875
1075.1,1,57.61,2400,None,30464.25
1075.1,2,55.72,2400,None,30464.2578125
1075.1,3,200.29,2100,PowerBurst,31766.99609375
1080.1,0,55.46,2400,None,31783.38671875
1080.1,1,54.34,2400,None,30464.25
1080.1,2,52.51,2400,None,30464.2578125
1080.1,3,199.97,2100,PowerBurst,31767.24609375
1085.1,0,55.64,2400,None,31783.38671875
1085.1,1,54.43,2400,None,30464.25
1085.1,2,52.71,2400,None,30464.2578125
1085.1,3,199.76,2150,PowerBurst,31767.30859375
1090.1,0,56.27,2400,None,31783.38671875
1090.1,1,55.10,2400,None,30464.25
1090.1,2,53.37,2400,None,30464.2578125
1090.1,3,199.89,2150,PowerBurst,31783.30859375
1095.1,0,59.39,2400,None,31783.38671875
1095.1,1,58.10,2400,None,30464.25
1095.1,2,56.59,2400,None,30464.2578125
1095.1,3,199.86,2183,PowerBurst,31783.30859375
1100.1,0,59.42,2400,None,31783.38671875
1100.1,1,58.06,2400,None,30464.25
1100.1,2,56.42,2400,None,30464.2578125
1100.1,3,183.22,2400,None,31783.30859375
1105.1,0,59.36,2400,None,31783.38671875
1105.1,1,58.05,2400,None,30464.25
1105.1,2,56.50,2400,None,30464.2578125
1105.1,3,174.99,2400,None,31783.30859375
1110.1,0,152.05,2050,PowerBurst,31783.38671875
1110.1,1,58.23,2400,None,30464.25
1110.1,2,56.57,2400,None,30464.2578125
1110.1,3,97.72,2400,None,31783.30859375
1115.1,0,199.78,2083,PowerBurst,31783.38671875
1115.1,1,58.03,2400,None,30464.25
1115.1,2,56.53,2400,None,30464.2578125
1115.1,3,58.44,2400,None,31783.30859375
1120.1,0,199.78,2133,PowerBurst,31783.38671875
1120.1,1,55.38,2400,None,30464.25
1120.1,2,53.61,2400,None,30464.2578125
1120.1,3,55.47,2400,None,31783.30859375
1125.1,0,200.40,2050,PowerBurst,31783.38671875
1125.1,1,54.34,2400,None,30464.25
1125.1,2,52.50,2400,None,30464.2578125
1125.1,3,54.45,2400,None,31783.30859375
1130.1,0,199.93,2050,PowerBurst,31783.38671875
1130.1,1,54.61,2400,None,30464.25
1130.1,2,52.65,2400,None,30464.2578125
1130.1,3,54.50,2400,None,31783.30859375
1135.1,0,195.66,2400,None,31783.38671875
1135.1,1,57.21,2400,None,30464.25
1135.1,2,55.87,2400,None,30464.2578125
1135.1,3,57.51,2400,None,31783.30859375
1140.1,0,179.53,2400,None,31783.38671875
1140.1,1,57.96,2400,None,30464.25
1140.1,2,56.38,2400,None,30464.2578125
1140.1,3,57.94,2400,None,31783.30859375
1145.1,0,179.42,2400,None,31783.38671875
1145.1,1,58.03,2400,None,30464.25
1145.1,2,56.40,2400,None,30464.2578125
1145.1,3,57.90,2400,None,31783.30859375
1150.1,0,89.34,2400,None,31783.38671875
1150.1,1,58.44,2400,None,30464.25
1150.1,2,56.64,2400,None,30464.2578125
1150.1,3,58.37,2400,None,31783.30859375
1155.1,0,59.67,2400,None,31783.38671875
1155.1,1,58.17,2400,None,30464.25
1155.1,2,56.73,2400,None,30464.2578125
1155.1,3,58.25,2400,None,31783.30859375
1160.1,0,69.80,2083,PowerBurst,31783.38671875
1160.1,1,57.16,2400,None,30464.25
1160.1,2,55.20,2400,None,30464.2578125
1160.1,3,56.80,2400,None,31783.30859375
1165.1,0,200.05,2067,PowerBurst,31783.38671875
1165.1,1,54.40,2400,None,30464.25
1165.1,2,52.50,2400,None,30464.2578125
1165.1,3,53.90,2400,None,31783.30859375
1170.1,0,199.89,2083,PowerBurst,31783.38671875
1170.1,1,54.61,2400,None,30464.25
1170.1,2,52.77,2400,None,30464.2578125
1170.1,3,54.11,2400,None,31783.30859375
1175.1,0,200.28,2033,PowerBurst,31783.38671875
1175.1,1,55.67,2400,None,30464.25
1175.1,2,54.17,2400,None,30464.2578125
1175.1,3,55.35,2400,None,31783.30859375
1180.1,0,199.97,2050,PowerBurst,31783.38671875
1180.1,1,58.11,2400,None,30464.25
1180.1,2,56.29,2400,None,30464.2578125
1180.1,3,57.50,2400,None,31783.30859375
1185.1,0,199.49,2133,PowerBurst,31783.38671875
1185.1,1,58.22,2400,None,30464.25
1185.1,2,56.40,2400,None,30464.2578125
1185.1,3,57.63,2400,None,31783.30859375
1190.1,0,187.96,2400,None,31783.38671875
1190.1,1,58.10,2400,None,30464.25
1190.1,2,56.60,2400,None,30464.2578125
1190.1,3,57.85,2400,None,31783.30859375
1195.1,0,179.61,2400,None,31783.38671875
1195.1,1,57.78,2400,None,30464.25
1195.1,2,56.64,2400,None,30464.2578125
1195.1,3,57.75,2400,None,31783.30859375
1200.1,0,188.14,2017,PowerBurst,31783.38671875
1200.1,1,57.96,2400,None,30464.25
1200.1,2,56.42,2400,None,30464.2578125
1200.1,3,134.95,2100,PowerBurst,31783.30859375
1205.1,0,200.02,2017,PowerBurst,31783.38671875
1205.1,1,54.85,2400,None,30464.25
1205.1,2,53.10,2400,None,30464.2578125
1205.1,3,199.73,2133,PowerBurst,31783.30859375
1210.1,0,199.81,2050,PowerBurst,31783.38671875
1210.1,1,54.44,2400,None,30464.25
1210.1,2,52.80,2400,None,30464.2578125
1210.1,3,200.12,2117,PowerBurst,31783.30859375
1215.1,0,199.73,2100,PowerBurst,31783.38671875
1215.1,1,54.33,2400,None,30464.25
1215.1,2,52.76,2400,None,30464.2578125
1215.1,3,199.63,2183,PowerBurst,31783.30859375
1220.1,0,200.23,2067,PowerBurst,31783.38671875
1220.1,1,57.45,2400,None,30464.25
1220.1,2,55.97,2400,None,30464.2578125
1220.1,3,200.48,2100,PowerBurst,31783.30859375
1225.1,0,198.60,2317,PowerBurst,31783.38671875
1225.1,1,58.12,2400,None,30464.25
1225.1,2,56.48,2400,None,30464.2578125
1225.1,3,195.17,2400,None,31783.30859375
1230.1,0,178.33,2400,None,31783.38671875
1230.1,1,58.03,2400,None,30464.25
1230.1,2,56.60,2400,None,30464.2578125
1230.1,3,175.51,2400,None,31783.30859375
1235.1,0,178.14,2400,None,31783.38671875
1235.1,1,58.10,2400,None,30464.25
1235.1,2,85.76,2033,PowerBurst,31766.26171875
1235.2,3,150.29,2400,None,31783.30859375
1240.1,0,107.32,2400,None,31783.38671875
1240.1,1,141.55,2067,PowerBurst,31766.75390625
1240.2,2,199.54,2117,PowerBurst,31767.078125
1240.2,3,59.10,2400,None,31783.30859375
1245.2,0,59.08,2400,None,31783.38671875
1245.2,1,199.95,2083,PowerBurst,31767.3203125
1245.2,2,200.31,2050,PowerBurst,31767.328125
1245.2,3,57.36,2400,None,31783.30859375
1250.2,0,55.70,2400,None,31783.38671875
1250.2,1,199.98,2083,PowerBurst,31767.3828125
1250.2,2,199.72,2117,PowerBurst,31767.390625
1250.2,3,54.43,2400,None,31783.30859375
1255.2,0,55.76,2400,None,31783.38671875
1255.2,1,199.86,2117,PowerBurst,31767.3828125
1255.2,2,200.29,2050,PowerBurst,31783.390625
1255.2,3,54.53,2400,None,31783.30859375
1260.2,0,56.71,2400,None,31783.38671875
1260.2,1,199.89,2117,PowerBurst,31783.3828125
1260.2,2,199.83,2083,PowerBurst,31783.390625
1260.2,3,55.56,2400,None,31783.30859375
1265.2,0,59.37,2400,None,31783.38671875
1265.2,1,194.94,2400,None,31783.3828125
1265.2,2,180.26,2400,None,31783.390625
1265.2,3,57.87,2400,None,31783.30859375
1270.2,0,59.32,2400,None,31783.38671875
1270.2,1,177.12,2400,None,31783.3828125
1270.2,2,172.95,2400,None,31783.390625
1270.2,3,57.83,2400,None,31783.30859375
1275.2,0,59.35,2400,None,31783.38671875
1275.2,1,177.35,2400,None,31783.3828125
1275.2,2,128.26,2400,None,31783.390625
1275.2,3,58.01,2400,None,31783.30859375
1280.2,0,59.77,2400,None,31783.38671875
1280.2,1,69.35,2400,None,31783.3828125
1280.2,2,58.58,2400,None,31783.390625
1280.2,3,58.15,2400,None,31783.30859375
1285.2,0,59.30,2400,None,31783.38671875
1285.2,1,59.55,2400,None,31783.3828125
1285.2,2,57.74,2400,None,31783.390625
1285.2,3,58.02,2400,None,31783.30859375
1290.2,0,56.12,2400,None,31783.38671875
1290.2,1,66.30,2117,PowerBurst,31783.3828125
1290.2,2,54.47,2400,None,31783.390625
1290.2,3,54.83,2400,None,31783.30859375
1295.2,0,55.26,2400,None,31783.38671875
1295.2,1,200.21,2083,PowerBurst,31783.3828125
1295.2,2,53.41,2400,None,31783.390625
1295.2,3,54.05,2400,None,31783.30859375
1300.2,0,54.94,2400,None,31783.38671875
1300.2,1,199.98,2083,PowerBurst,31783.3828125
1300.2,2,53.40,2400,None,31783.390625
1300.2,3,54.15,2400,None,31783.30859375
1305.2,0,58.19,2400,None,31783.38671875
1305.2,1,199.67,2133,PowerBurst,31783.3828125
1305.2,2,56.34,2400,None,31783.390625
1305.2,3,57.02,2400,None,31783.30859375
1310.2,0,59.04,2400,None,31783.38671875
1310.2,1,200.04,2133,PowerBurst,31783.3828125
1310.2,2,56.90,2400,None,31783.390625
1310.2,3,57.56,2400,None,31783.30859375
1315.2,0,58.88,2400,None,31783.38671875
1315.2,1,200.25,2083,PowerBurst,31783.3828125
1315.2,2,56.91,2400,None,31783.390625
1315.2,3,57.67,2400,None,31783.30859375
1320.2,0,59.00,2400,None,31783.38671875
1320.2,1,184.94,2400,None,31783.3828125
1320.2,2,57.05,2400,None,31783.390625
1320.2,3,57.86,2400,None,31783.30859375
1325.2,0,58.67,2400,None,31783.38671875
1325.2,1,177.04,2400,None,31783.3828125
1325.2,2,57.16,2400,None,31783.390625
1325.2,3,57.54,2400,None,31783.30859375
1330.2,0,144.07,2033,PowerBurst,31783.38671875
1330.2,1,189.77,2050,PowerBurst,31783.3828125
1330.2,2,144.53,2033,PowerBurst,31783.390625
1330.2,3,141.14,2083,PowerBurst,31783.30859375
1335.2,0,199.92,2050,PowerBurst,31783.38671875
1335.2,1,199.98,2050,PowerBurst,31783.3828125
1335.2,2,199.97,2050,PowerBurst,31783.390625
1335.2,3,200.08,2083,PowerBurst,31783.30859375
1340.2,0,200.04,2050,PowerBurst,31783.38671875
1340.2,1,199.88,2067,PowerBurst,31783.3828125
1340.2,2,199.90,2050,PowerBurst,31783.390625
1340.2,3,199.65,2133,PowerBurst,31783.30859375
1345.2,0,199.57,2117,PowerBurst,31783.38671875
1345.2,1,199.67,2133,PowerBurst,31783.3828125
1345.2,2,199.49,2150,PowerBurst,31783.390625
1345.2,3,200.21,2100,PowerBurst,31783.30859375
1350.2,0,200.24,2083,PowerBurst,31783.38671875
1350.2,1,200.22,2083,PowerBurst,31783.3828125
1350.2,2,200.40,2083,PowerBurst,31783.390625
1350.2,3,199.32,2217,PowerBurst,31783.30859375
1355.2,0,196.46,2400,None,31783.38671875
1355.2,1,195.62,2400,None,31783.3828125
1355.2,2,195.61,2400,None,31783.390625
1355.2,3,194.59,2400,None,31783.30859375
1360.2,0,179.18,2400,None,31783.38671875
1360.2,1,177.64,2400,None,31783.3828125
1360.2,2,173.98,2400,None,31783.390625
1360.2,3,174.17,2400,None,31783.30859375
1365.2,0,179.05,2400,None,31783.38671875
1365.2,1,177.40,2400,None,31783.3828125
1365.2,2,176.60,2050,PowerBurst,31783.390625
1365.2,3,174.03,2400,None,31783.30859375
1370.2,0,188.97,2033,PowerBurst,31783.38671875
1370.2,1,193.44,2067,PowerBurst,31783.3828125
1370.2,2,200.16,2033,PowerBurst,31783.390625
1370.2,3,193.61,2100,PowerBurst,31783.30859375
1375.2,0,199.90,2050,PowerBurst,31783.38671875
1375.2,1,200.13,2050,PowerBurst,31783.3828125
1375.2,2,199.71,2050,PowerBurst,31783.390625
1375.2,3,200.23,2067,PowerBurst,31783.30859375
1380.2,0,199.80,2083,PowerBurst,31783.38671875
1380.2,1,199.91,2067,PowerBurst,31783.3828125
1380.2,2,199.89,2083,PowerBurst,31783.390625
1380.2,3,199.97,2067,PowerBurst,31783.30859375
1385.2,0,200.28,2033,PowerBurst,31783.38671875
1385.2,1,199.44,2167,PowerBurst,31783.3828125
1385.2,2,199.49,2167,PowerBurst,31783.390625
1385.2,3,199.63,2133,PowerBurst,31783.30859375
1390.2,0,199.48,2117,PowerBurst,31783.38671875
1390.2,1,200.33,2100,PowerBurst,31783.3828125
1390.2,2,200.65,2050,PowerBurst,31783.390625
1390.2,3,200.21,2083,PowerBurst,31783.30859375
1395.2,0,199.84,2167,PowerBurst,31783.38671875
1395.2,1,192.15,2400,None,31783.3828125
1395.2,2,183.07,2400,None,31783.390625
1395.2,3,190.70,2400,None,31783.30859375
1400.2,0,179.12,2400,None,31783.38671875
1400.2,1,177.71,2400,None,31783.3828125
1400.2,2,173.78,2400,None,31783.390625
1400.2,3,174.87,2400,None,31783.30859375
1405.2,0,179.44,2400,None,31783.38671875
1405.2,1,177.51,2400,None,31783.3828125
1405.2,2,97.51,2400,None,31783.390625
1405.2,3,174.53,2400,None,31783.30859375
1410.2,0,91.90,2400,None,31783.38671875
1410.2,1,66.24,2400,None,31783.3828125
1410.2,2,58.51,2400,None,31783.390625
1410.2,3,70.44,2400,None,31783.30859375
1415.2,0,58.71,2400,None,31783.38671875
1415.2,1,59.62,2400,None,31783.3828125
1415.2,2,57.26,2400,None,31783.390625
1415.2,3,57.86,2400,None,31783.30859375
1420.2,0,55.56,2400,None,31783.38671875
1420.2,1,56.07,2400,None,31783.3828125
1420.2,2,53.99,2400,None,31783.390625
1420.2,3,54.65,2400,None,31783.30859375
1425.2,0,55.59,2400,None,31783.38671875
1425.2,1,55.81,2400,None,31783.3828125
1425.2,2,130.73,2050,PowerBurst,31783.390625
1425.2,3,54.88,2400,None,31783.30859375
1430.2,0,56.60,2400,None,31783.38671875
1430.2,1,56.82,2400,None,31783.3828125
1430.2,2,199.63,2117,PowerBurst,31783.390625
1430.2,3,55.70,2400,None,31783.30859375
1435.2,0,59.50,2400,None,31783.38671875
1435.2,1,59.42,2400,None,31783.3828125
1435.2,2,199.92,2133,PowerBurst,31783.390625
1435.2,3,58.22,2400,None,31783.30859375
1440.2,0,59.54,2400,None,31783.38671875
1440.2,1,59.34,2400,None,31783.3828125
1440.2,2,200.43,2050,PowerBurst,31783.390625
1440.2,3,58.28,2400,None,31783.30859375
1445.2,0,59.34,2400,None,31783.38671875
1445.2,1,59.32,2400,None,31783.3828125
1445.2,2,199.42,2150,PowerBurst,31783.390625
1445.2,3,58.53,2400,None,31783.30859375
1450.2,0,59.21,2400,None,31783.38671875
1450.2,1,59.11,2400,None,31783.3828125
1450.2,2,199.60,2217,PowerBurst,31783.390625
1450.2,3,58.33,2400,None,31783.30859375
1455.2,0,59.08,2400,None,31783.38671875
1455.2,1,59.12,2400,None,31783.3828125
1455.2,2,174.15,2400,None,31783.390625
1455.2,3,57.86,2400,None,31783.30859375
1460.2,0,58.65,2283,PowerBurst,31783.38671875
1460.2,1,58.74,2283,PowerBurst,31783.3828125
1460.2,2,173.04,2217,PowerBurst,31783.390625
1460.2,3,59.24,2233,PowerBurst,31783.30859375
1465.2,0,201.11,2067,PowerBurst,31783.38671875
1465.2,1,201.05,2067,PowerBurst,31783.3828125
1465.2,2,200.94,2033,PowerBurst,31783.390625
1465.2,3,200.78,2083,PowerBurst,31783.30859375
1470.2,0,200.14,2050,PowerBurst,31783.38671875
1470.2,1,200.08,2067,PowerBurst,31783.3828125
1470.2,2,199.96,2050,PowerBurst,31783.390625
1470.2,3,199.74,2133,PowerBurst,31783.30859375
1475.2,0,199.38,2133,PowerBurst,31783.38671875
1475.2,1,199.77,2100,PowerBurst,31783.3828125
1475.2,2,199.61,2100,PowerBurst,31783.390625
1475.2,3,200.31,2067,PowerBurst,31783.30859375
1480.2,0,200.12,2117,PowerBurst,31783.38671875
1480.2,1,200.05,2100,PowerBurst,31783.3828125
1480.2,2,200.13,2083,PowerBurst,31783.390625
1480.2,3,199.92,2083,PowerBurst,31783.30859375
1485.2,0,200.34,2067,PowerBurst,31783.38671875
1485.2,1,199.52,2183,PowerBurst,31783.3828125
1485.2,2,200.19,2067,PowerBurst,31783.390625
1485.2,3,199.88,2100,PowerBurst,31783.30859375
1490.2,0,200.21,2017,PowerBurst,31791.2734375
1490.2,1,200.68,2050,PowerBurst,31791.26953125
1490.2,2,200.20,2033,PowerBurst,31791.27734375
1490.2,3,200.13,2083,PowerBurst,31791.1953125
1495.2,0,200.02,2033,PowerBurst,31829.77734375
1495.2,1,199.89,2067,PowerBurst,31829.7734375
1495.2,2,199.93,2033,PowerBurst,31829.78125
1495.2,3,199.74,2117,PowerBurst,31829.69921875
1500.2,0,199.74,2067,PowerBurst,31829.77734375
1500.2,1,199.86,2100,PowerBurst,31829.7734375
1500.2,2,200.05,2033,PowerBurst,31829.78125
1500.2,3,199.91,2150,PowerBurst,31829.69921875
1505.2,0,200.20,2017,PowerBurst,31829.77734375
1505.2,1,199.75,2133,PowerBurst,31829.7734375
1505.2,2,199.95,2033,PowerBurst,31829.78125
1505.2,3,200.31,2083,PowerBurst,31829.69921875
1510.2,0,199.50,2117,PowerBurst,31829.77734375
1510.2,1,200.14,2117,PowerBurst,31829.7734375
1510.2,2,199.47,2133,PowerBurst,31829.78125
1510.2,3,199.35,2200,PowerBurst,31829.69921875
1515.2,0,200.36,2050,PowerBurst,31829.77734375
1515.2,1,198.22,2400,None,31830.0234375
1515.2,2,200.42,2067,PowerBurst,31829.78125
1515.2,3,195.43,2400,None,31829.94921875
1520.2,0,182.26,2400,None,31830.02734375
1520.2,1,179.72,2400,None,31830.0234375
1520.2,2,177.55,2400,None,31830.03125
1520.2,3,179.07,2400,None,31829.94921875
1525.2,0,183.84,2400,None,31830.02734375
1525.2,1,180.74,2400,None,31830.0234375
1525.2,2,178.07,2400,None,31830.03125
1525.2,3,178.30,2400,None,31829.94921875
1530.2,0,177.16,2033,PowerBurst,31830.02734375
1530.2,1,173.41,2133,PowerBurst,31830.0234375
1530.2,2,160.27,2150,PowerBurst,31830.03125
1530.2,3,174.28,2067,PowerBurst,31829.94921875
1535.2,0,199.79,2067,PowerBurst,31830.02734375
1535.2,1,200.54,2050,PowerBurst,31830.0234375
1535.2,2,200.47,2050,PowerBurst,31830.03125
1535.2,3,199.85,2083,PowerBurst,31829.94921875
1540.2,0,200.15,2033,PowerBurst,31830.02734375
1540.2,1,199.64,2117,PowerBurst,31830.0234375
1540.2,2,199.94,2067,PowerBurst,31830.03125
1540.2,3,199.96,2100,PowerBurst,31829.94921875
1545.2,0,199.91,2050,PowerBurst,31830.02734375
1545.2,1,200.26,2067,PowerBurst,31830.0234375
1545.2,2,200.13,2033,PowerBurst,31830.03125
1545.2,3,199.61,2167,PowerBurst,31829.94921875
1550.2,0,199.82,2083,PowerBurst,31830.02734375
1550.2,1,199.99,2067,PowerBurst,31830.0234375
1550.2,2,199.70,2100,PowerBurst,31830.03125
1550.2,3,200.24,2117,PowerBurst,31829.94921875
1555.2,0,199.81,2117,PowerBurst,31830.02734375
1555.2,1,199.53,2150,PowerBurst,31830.0234375
1555.2,2,199.86,2117,PowerBurst,31830.03125
1555.2,3,197.22,2400,None,31830.32421875
1560.2,0,192.03,2017,PowerBurst,31830.40234375
1560.2,1,200.44,2067,PowerBurst,31830.0234375
1560.2,2,198.75,2017,PowerBurst,31830.03125
1560.2,3,193.17,2083,PowerBurst,31830.32421875
1565.2,0,199.80,2033,PowerBurst,31830.40234375
1565.2,1,199.97,2067,PowerBurst,31830.0234375
1565.2,2,199.75,2050,PowerBurst,31830.03125
1565.2,3,199.85,2100,PowerBurst,31830.32421875
1570.2,0,199.76,2067,PowerBurst,31830.40234375
1570.2,1,199.95,2083,PowerBurst,31830.0234375
1570.2,2,200.10,2050,PowerBurst,31830.03125
1570.2,3,200.19,2067,PowerBurst,31830.32421875
1575.2,0,200.00,2067,PowerBurst,31830.40234375
1575.2,1,199.55,2150,PowerBurst,31830.0234375
1575.2,2,200.00,2033,PowerBurst,31830.03125
1575.2,3,199.64,2133,PowerBurst,31830.32421875
1580.2,0,200.09,2083,PowerBurst,31830.40234375
1580.2,1,200.40,2100,PowerBurst,31830.0234375
1580.2,2,199.54,2133,PowerBurst,31830.03125
1580.2,3,200.32,2083,PowerBurst,31830.32421875
1585.2,0,200.22,2033,PowerBurst,31830.40234375
1585.2,1,198.25,2400,None,31830.0234375
1585.2,2,200.35,2050,PowerBurst,31830.03125
1585.2,3,194.63,2400,None,31830.32421875
1590.2,0,184.79,2400,None,31830.40234375
1590.2,1,180.26,2400,None,31830.0234375
1590.2,2,179.48,2400,None,31830.40625
1590.2,3,179.10,2400,None,31830.32421875
1595.2,0,184.25,2400,None,31830.40234375
1595.2,1,181.05,2400,None,31830.0234375
1595.2,2,178.09,2400,None,31830.40625
1595.2,3,177.95,2400,None,31830.32421875
1600.2,0,171.58,2400,None,31830.40234375
1600.2,1,161.97,2400,None,31830.0234375
1600.2,2,152.93,2400,None,31830.40625
1600.2,3,113.35,2400,None,31830.32421875
1605.2,0,61.15,2400,None,31830.40234375
1605.2,1,61.01,2400,None,31830.0234375
1605.2,2,58.73,2400,None,31830.40625
1605.2,3,59.48,2400,None,31830.32421875
1610.2,0,59.86,2400,None,31830.40234375
1610.2,1,60.49,2400,None,31830.0234375
1610.2,2,58.36,2400,None,31830.40625
1610.2,3,58.88,2400,None,31830.32421875
1615.2,0,59.48,2400,None,31830.40234375
1615.2,1,130.14,2067,PowerBurst,31830.0234375
1615.2,2,58.10,2400,None,31830.40625
1615.2,3,58.76,2400,None,31830.32421875
1620.2,0,59.63,2400,None,31830.40234375
1620.2,1,199.76,2117,PowerBurst,31830.0234375
1620.2,2,57.73,2400,None,31830.40625
1620.2,3,58.44,2400,None,31830.32421875
1625.2,0,59.30,2400,None,31830.40234375
1625.2,1,199.92,2133,PowerBurst,31830.0234375
1625.2,2,57.43,2400,None,31830.40625
1625.2,3,58.17,2400,None,31830.32421875
1630.2,0,55.44,2400,None,31830.40234375
1630.2,1,200.34,2067,PowerBurst,31830.0234375
1630.2,2,53.54,2400,None,31830.40625
1630.2,3,54.58,2400,None,31830.32421875
1635.2,0,55.21,2400,None,31830.40234375
1635.2,1,199.80,2100,PowerBurst,31830.0234375
1635.2,2,53.76,2400,None,31830.40625
1635.2,3,54.75,2400,None,31830.32421875
1640.2,0,55.87,2400,None,31830.40234375
1640.2,1,198.48,2383,PowerBurst,31830.0234375
1640.2,2,54.04,2400,None,31830.40625
1640.2,3,55.04,2400,None,31830.32421875
1645.2,0,59.16,2400,None,31830.40234375
1645.2,1,177.70,2400,None,31830.0234375
1645.2,2,57.39,2400,None,31830.40625
1645.2,3,58.14,2400,None,31830.32421875
1650.2,0,61.02,2367,PowerBurst,31830.40234375
1650.2,1,172.72,2400,None,31830.0234375
1650.2,2,57.45,2400,None,31830.40625
1650.2,3,58.22,2400,None,31830.32421875
1655.2,0,201.56,2067,PowerBurst,31830.40234375
1655.2,1,60.91,2400,None,31830.0234375
1655.2,2,57.37,2400,None,31830.40625
1655.2,3,58.18,2400,None,31830.32421875
1660.2,0,200.02,2067,PowerBurst,31830.40234375
1660.2,1,60.14,2400,None,31830.0234375
1660.2,2,56.99,2400,None,31830.40625
1660.2,3,58.01,2400,None,31830.32421875
1665.2,0,199.77,2100,PowerBurst,31830.40234375
1665.2,1,60.04,2400,None,31830.0234375
1665.2,2,56.98,2400,None,31830.40625
1665.2,3,57.93,2400,None,31830.32421875
1670.2,0,200.12,2083,PowerBurst,31830.40234375
1670.2,1,57.29,2400,None,31830.0234375
1670.2,2,54.51,2400,None,31830.40625
1670.2,3,55.65,2400,None,31830.32421875
1675.2,0,200.10,2083,PowerBurst,31830.40234375
1675.2,1,55.51,2400,None,31830.0234375
1675.2,2,53.27,2400,None,31830.40625
1675.2,3,54.40,2400,None,31830.32421875
1680.2,0,188.83,2400,None,31830.40234375
1680.2,1,55.46,2400,None,31830.0234375
1680.2,2,53.23,2400,None,31830.40625
1680.2,3,54.07,2400,None,31830.32421875
1685.2,0,179.40,2400,None,31830.40234375
1685.2,1,58.25,2400,None,31830.0234375
1685.2,2,55.91,2400,None,31830.40625
1685.2,3,56.79,2400,None,31830.32421875
1690.2,0,108.02,2400,None,31830.40234375
1690.2,1,141.84,2067,PowerBurst,31830.0234375
1690.2,2,57.01,2400,None,31830.40625
1690.2,3,58.07,2400,None,31830.32421875
1695.2,0,60.05,2400,None,31830.40234375
1695.2,1,199.88,2083,PowerBurst,31830.0234375
1695.2,2,56.98,2400,None,31830.40625
1695.2,3,58.15,2400,None,31830.32421875
1700.2,0,59.54,2400,None,31830.40234375
1700.2,1,200.01,2083,PowerBurst,31830.0234375
1700.2,2,56.98,2400,None,31830.40625
1700.2,3,57.52,2400,None,31830.32421875
1705.2,0,59.70,2400,None,31830.40234375
1705.2,1,199.95,2100,PowerBurst,31830.0234375
1705.2,2,56.65,2400,None,31830.40625
1705.2,3,57.76,2400,None,31830.32421875
1710.2,0,58.64,2400,None,31830.40234375
1710.2,1,199.72,2133,PowerBurst,31830.0234375
1710.2,2,55.93,2400,None,31830.40625
1710.2,3,56.87,2400,None,31830.32421875
1715.2,0,55.12,2400,None,31830.40234375
1715.2,1,197.36,2400,None,31830.0234375
1715.2,2,52.97,2400,None,31830.40625
1715.2,3,53.97,2400,None,31830.32421875
1720.2,0,55.13,2400,None,31830.40234375
1720.2,1,177.57,2400,None,31830.0234375
1720.2,2,53.10,2400,None,31830.40625
1720.2,3,53.78,2400,None,31830.32421875
1725.2,0,56.45,2400,None,31830.40234375
1725.2,1,177.26,2400,None,31830.0234375
1725.2,2,54.28,2400,None,31830.40625
1725.2,3,55.03,2400,None,31830.32421875
1730.2,0,59.33,2400,None,31830.40234375
1730.2,1,93.99,2400,None,31830.0234375
1730.2,2,56.75,2400,None,31830.40625
1730.2,3,57.67,2400,None,31830.32421875
1735.2,0,59.51,2400,None,31830.40234375
1735.2,1,60.46,2400,None,31830.0234375
1735.2,2,56.56,2400,None,31830.40625
1735.2,3,57.77,2400,None,31830.32421875
1740.2,0,59.13,2400,None,31830.40234375
1740.2,1,79.53,2050,PowerBurst,31830.0234375
1740.2,2,56.76,2400,None,31830.40625
1740.2,3,57.68,2400,None,31830.32421875
1745.2,0,59.08,2400,None,31830.40234375
1745.2,1,199.99,2067,PowerBurst,31830.0234375
1745.2,2,56.66,2400,None,31830.40625
1745.2,3,57.76,2400,None,31830.32421875
1750.2,0,59.02,2400,None,31830.40234375
1750.2,1,199.70,2100,PowerBurst,31830.0234375
1750.2,2,56.73,2400,None,31830.40625
1750.2,3,57.87,2400,None,31830.32421875
1755.2,0,55.42,2400,None,31830.40234375
1755.2,1,199.99,2100,PowerBurst,31830.0234375
1755.2,2,53.35,2400,None,31830.40625
1755.2,3,54.25,2400,None,31830.32421875
1760.2,0,54.81,2400,None,31830.40234375
1760.2,1,199.98,2117,PowerBurst,31830.0234375
1760.2,2,52.77,2400,None,31830.40625
1760.2,3,53.65,2400,None,31830.32421875
1765.2,0,54.89,2400,None,31830.40234375
1765.2,1,199.85,2133,PowerBurst,31830.0234375
1765.2,2,52.98,2400,None,31830.40625
1765.2,3,53.93,2400,None,31830.32421875
1770.2,0,58.47,2400,None,31830.40234375
1770.2,1,184.80,2400,None,31830.0234375
1770.2,2,56.38,2400,None,31830.40625
1770.2,3,57.03,2400,None,31830.32421875
1775.2,0,58.78,2400,None,31830.40234375
1775.2,1,177.48,2400,None,31830.0234375
1775.2,2,56.94,2400,None,31830.40625
1775.2,3,57.90,2400,None,31830.32421875
1780.2,0,151.81,2050,PowerBurst,31830.40234375
1780.2,1,99.99,2400,None,31830.0234375
1780.2,2,56.90,2400,None,31830.40625
1780.2,3,57.58,2400,None,31830.32421875
1785.2,0,199.65,2117,PowerBurst,31830.40234375
1785.2,1,60.25,2400,None,31830.0234375
1785.2,2,56.59,2400,None,31830.40625
1785.2,3,57.45,2400,None,31830.32421875
1790.2,0,200.00,2117,PowerBurst,31830.40234375
1790.2,1,60.17,2400,None,31830.0234375
1790.2,2,56.58,2400,None,31830.40625
1790.2,3,57.61,2400,None,31830.32421875
1795.2,0,200.25,2083,PowerBurst,31830.40234375
1795.2,1,58.11,2400,None,31830.0234375
1795.2,2,54.95,2400,None,31830.40625
1795.2,3,55.64,2400,None,31830.32421875
1800.2,0,200.22,2033,PowerBurst,31830.40234375
1800.2,1,55.52,2400,None,31830.0234375
1800.2,2,53.04,2400,None,31830.40625
1800.2,3,53.51,2400,None,31830.32421875
1805.2,0,195.35,2400,None,31830.40234375
1805.2,1,55.51,2400,None,31830.0234375
1805.2,2,52.79,2400,None,31830.40625
1805.2,3,53.59,2400,None,31830.32421875
1810.2,0,179.24,2400,None,31830.40234375
1810.2,1,57.40,2400,None,31830.0234375
1810.2,2,54.80,2400,None,31830.40625
1810.2,3,55.58,2400,None,31830.32421875
1815.2,0,151.04,2400,None,31830.40234375
1815.2,1,91.17,2067,PowerBurst,31830.0234375
1815.2,2,56.85,2400,None,31830.40625
1815.2,3,57.63,2400,None,31830.32421875
1820.2,0,60.38,2400,None,31830.40234375
1820.2,1,199.88,2083,PowerBurst,31830.0234375
1820.2,2,56.90,2400,None,31830.40625
1820.2,3,57.50,2400,None,31830.32421875
1825.2,0,59.62,2400,None,31830.40234375
1825.2,1,199.61,2133,PowerBurst,31830.0234375
1825.2,2,56.46,2400,None,31830.40625
1825.2,3,57.31,2400,None,31830.32421875
1830.2,0,59.66,2400,None,31830.40234375
1830.2,1,200.30,2100,PowerBurst,31830.0234375
1830.2,2,56.57,2400,None,31830.40625
1830.2,3,57.48,2400,None,31830.32421875
1835.2,0,59.58,2400,None,31830.40234375
1835.2,1,199.81,2133,PowerBurst,31830.0234375
1835.2,2,56.70,2400,None,31830.40625
1835.2,3,57.78,2400,None,31830.32421875
1840.2,0,55.12,2400,None,31830.40234375
1840.2,1,199.94,2133,PowerBurst,31830.0234375
1840.2,2,52.96,2400,None,31830.40625
1840.2,3,53.58,2400,None,31830.32421875
1845.2,0,55.15,2400,None,31830.40234375
1845.2,1,182.56,2400,None,31830.0234375
1845.2,2,52.80,2400,None,31830.40625
1845.2,3,53.49,2400,None,31830.32421875
1850.2,0,55.30,2400,None,31830.40234375
1850.2,1,177.26,2400,None,31830.0234375
1850.2,2,53.24,2400,None,31830.40625
1850.2,3,54.06,2400,None,31830.32421875
1855.2,0,59.25,2400,None,31830.40234375
1855.2,1,134.36,2400,None,31830.0234375
1855.2,2,56.84,2400,None,31830.40625
1855.2,3,57.37,2400,None,31830.32421875
1860.2,0,59.16,2400,None,31830.40234375
1860.2,1,60.58,2400,None,31830.0234375
1860.2,2,56.56,2400,None,31830.40625
1860.2,3,57.40,2400,None,31830.32421875
1865.2,0,58.96,2400,None,31830.40234375
1865.2,1,60.01,2400,None,31830.0234375
1865.2,2,56.81,2400,None,31830.40625
1865.2,3,57.27,2400,None,31830.32421875
1870.2,0,58.88,2400,None,31830.40234375
1870.2,1,158.68,2067,PowerBurst,31830.0234375
1870.2,2,56.62,2400,None,31830.40625
1870.2,3,57.01,2400,None,31830.32421875
1875.2,0,58.98,2400,None,31830.40234375
1875.2,1,199.91,2083,PowerBurst,31830.0234375
1875.2,2,56.76,2400,None,31830.40625
1875.2,3,57.13,2400,None,31830.32421875
1880.2,0,56.53,2400,None,31830.40234375
1880.2,1,200.05,2067,PowerBurst,31830.0234375
1880.2,2,54.40,2400,None,31830.40625
1880.2,3,54.91,2400,None,31830.32421875
1885.2,0,54.74,2400,None,31830.40234375
1885.2,1,199.90,2100,PowerBurst,31830.0234375
1885.2,2,52.62,2400,None,31830.40625
1885.2,3,53.17,2400,None,31830.32421875
1890.2,0,54.87,2400,None,31830.40234375
1890.2,1,200.23,2067,PowerBurst,31830.0234375
1890.2,2,52.95,2400,None,31830.40625
1890.2,3,53.37,2400,None,31830.32421875
1895.2,0,57.38,2400,None,31830.40234375
1895.2,1,193.27,2400,None,31830.0234375
1895.2,2,55.23,2400,None,31830.40625
1895.2,3,55.75,2400,None,31830.32421875
1900.2,0,58.73,2400,None,31830.40234375
1900.2,1,177.61,2400,None,31830.0234375
1900.2,2,56.86,2400,None,31830.40625
1900.2,3,57.50,2400,None,31830.32421875
1905.2,0,101.49,2033,PowerBurst,31830.40234375
1905.2,1,141.31,2400,None,31830.0234375
1905.2,2,56.92,2400,None,31830.40625
1905.2,3,57.47,2400,None,31830.32421875
1910.2,0,199.66,2100,PowerBurst,31830.40234375
1910.2,1,60.61,2400,None,31830.0234375
1910.2,2,56.57,2400,None,31830.40625
1910.2,3,56.90,2400,None,31830.32421875
1915.2,0,200.26,2050,PowerBurst,31830.40234375
1915.2,1,60.29,2400,None,31830.0234375
1915.2,2,56.63,2400,None,31830.40625
1915.2,3,57.27,2400,None,31830.32421875
1920.2,0,199.68,2100,PowerBurst,31830.40234375
1920.2,1,59.31,2400,None,31830.0234375
1920.2,2,56.05,2400,None,31830.40625
1920.2,3,56.81,2400,None,31830.32421875
1925.2,0,200.25,2050,PowerBurst,31830.40234375
1925.2,1,55.40,2400,None,31830.0234375
1925.2,2,53.05,2400,None,31830.40625
1925.2,3,53.27,2400,None,31830.32421875
1930.2,0,199.65,2133,PowerBurst,31830.40234375
1930.2,1,55.54,2400,None,31830.0234375
1930.2,2,52.66,2400,None,31830.40625
1930.2,3,53.13,2400,None,31830.32421875
1935.2,0,183.15,2400,None,31830.40234375
1935.2,1,56.25,2400,None,31830.0234375
1935.2,2,53.80,2400,None,31830.40625
1935.2,3,54.35,2400,None,31830.32421875
1940.2,0,179.01,2400,None,31830.40234375
1940.2,1,59.42,2400,None,31830.0234375
1940.2,2,56.90,2400,None,31830.40625
1940.2,3,57.43,2400,None,31830.32421875
1945.2,0,85.15,2400,None,31830.40234375
1945.2,1,168.67,2050,PowerBurst,31830.0234375
1945.2,2,56.90,2400,None,31830.40625
1945.2,3,57.29,2400,None,31830.32421875
1950.2,0,59.74,2400,None,31830.40234375
1950.2,1,199.80,2083,PowerBurst,31830.0234375
1950.2,2,56.50,2400,None,31830.40625
1950.2,3,56.99,2400,None,31830.32421875
1955.2,0,59.63,2400,None,31830.40234375
1955.2,1,200.12,2083,PowerBurst,31830.0234375
1955.2,2,56.58,2400,None,31830.40625
1955.2,3,57.12,2400,None,31830.32421875
1960.2,0,59.81,2400,None,31830.40234375
1960.2,1,199.59,2150,PowerBurst,31830.0234375
1960.2,2,56.76,2400,None,31830.40625
1960.2,3,57.33,2400,None,31830.32421875
1965.2,0,56.27,2400,None,31830.40234375
1965.2,1,200.21,2100,PowerBurst,31830.0234375
1965.2,2,53.93,2400,None,31830.40625
1965.2,3,54.33,2400,None,31830.32421875
1970.2,0,55.13,2400,None,31830.40234375
1970.2,1,191.86,2400,None,31830.0234375
1970.2,2,52.60,2400,None,31830.40625
1970.2,3,53.12,2400,None,31830.32421875
1975.2,0,55.13,2400,None,31830.40234375
1975.2,1,177.40,2400,None,31830.0234375
1975.2,2,53.03,2400,None,31830.40625
1975.2,3,53.52,2400,None,31830.32421875
1980.2,0,58.51,2400,None,31830.40234375
1980.2,1,177.24,2400,None,31830.0234375
1980.2,2,56.14,2400,None,31830.40625
1980.2,3,56.68,2400,None,31830.32421875
1985.2,0,59.17,2400,None,31830.40234375
1985.2,1,71.94,2400,None,31830.0234375
1985.2,2,56.79,2400,None,31830.40625
1985.2,3,57.06,2400,None,31830.32421875
1990.2,0,59.05,2400,None,31830.40234375
1990.2,1,60.28,2400,None,31830.0234375
1990.2,2,56.46,2400,None,31830.40625
1990.2,3,57.17,2400,None,31830.32421875
1995.2,0,59.12,2400,None,31830.40234375
1995.2,1,99.21,2050,PowerBurst,31830.0234375
1995.2,2,56.51,2400,None,31830.40625
1995.2,3,56.92,2400,None,31830.32421875
2000.2,0,58.80,2400,None,31830.40234375
2000.2,1,199.50,2133,PowerBurst,31830.0234375
2000.2,2,56.77,2400,None,31830.40625
2000.2,3,57.08,2400,None,31830.32421875
2005.2,0,57.43,2400,None,31830.40234375
2005.2,1,200.31,2067,PowerBurst,31830.0234375
2005.2,2,55.42,2400,None,31830.40625
2005.2,3,56.09,2400,None,31830.32421875
2010.2,0,54.81,2400,None,31830.40234375
2010.2,1,199.67,2117,PowerBurst,31830.0234375
2010.2,2,52.48,2400,None,31830.40625
2010.2,3,53.18,2400,None,31830.32421875
2015.2,0,54.90,2400,None,31830.40234375
2015.2,1,200.41,2050,PowerBurst,31830.0234375
2015.2,2,52.81,2400,None,31830.40625
2015.2,3,53.26,2400,None,31830.32421875
2020.2,0,56.27,2400,None,31830.40234375
2020.2,1,199.75,2100,PowerBurst,31830.0234375
2020.2,2,54.24,2400,None,31830.40625
2020.2,3,54.63,2400,None,31830.32421875
2025.2,0,58.75,2400,None,31830.40234375
2025.2,1,181.53,2400,None,31830.0234375
2025.2,2,56.86,2400,None,31830.40625
2025.2,3,57.60,2400,None,31830.32421875
2030.2,0,58.58,2400,None,31830.40234375
2030.2,1,177.31,2400,None,31830.0234375
2030.2,2,56.92,2400,None,31830.40625
2030.2,3,57.03,2400,None,31830.32421875
2035.2,0,168.30,2033,PowerBurst,31830.40234375
2035.2,1,195.36,2067,PowerBurst,31830.0234375
2035.2,2,56.72,2400,None,31830.40625
2035.2,3,57.05,2400,None,31830.32421875
2040.2,0,199.90,2050,PowerBurst,31830.40234375
2040.2,1,200.10,2050,PowerBurst,31830.0234375
2040.2,2,56.66,2400,None,31830.40625
2040.2,3,57.13,2400,None,31830.32421875
2045.2,0,199.90,2083,PowerBurst,31830.40234375
2045.2,1,199.88,2067,PowerBurst,31830.0234375
2045.2,2,56.76,2400,None,31830.40625
2045.2,3,57.36,2400,None,31830.32421875
2050.2,0,200.08,2050,PowerBurst,31830.40234375
2050.2,1,199.58,2150,PowerBurst,31830.0234375
2050.2,2,53.29,2400,None,31830.40625
2050.2,3,53.81,2400,None,31830.32421875
2055.2,0,199.29,2167,PowerBurst,31830.40234375
2055.2,1,200.20,2100,PowerBurst,31830.0234375
2055.2,2,52.87,2400,None,31830.40625
2055.2,3,53.25,2400,None,31830.32421875
2060.2,0,193.55,2400,None,31830.40234375
2060.2,1,191.99,2400,None,31830.0234375
2060.2,2,53.10,2400,None,31830.40625
2060.2,3,53.62,2400,None,31830.32421875
2065.2,0,178.86,2400,None,31830.40234375
2065.2,1,177.75,2400,None,31830.0234375
2065.2,2,56.32,2400,None,31830.40625
2065.2,3,56.85,2400,None,31830.32421875
2070.2,0,178.89,2400,None,31830.40234375
2070.2,1,132.89,2400,None,31830.0234375
2070.2,2,56.81,2400,None,31830.40625
2070.2,3,109.95,2083,PowerBurst,31830.32421875
2075.2,0,73.03,2400,None,31830.40234375
2075.2,1,60.77,2400,None,31830.0234375
2075.2,2,183.02,2067,PowerBurst,31830.40625
2075.2,3,199.72,2133,PowerBurst,31830.32421875
2080.2,0,59.78,2400,None,31830.40234375
2080.2,1,60.08,2400,None,31830.0234375
2080.2,2,199.99,2050,PowerBurst,31830.40625
2080.2,3,199.88,2150,PowerBurst,31830.32421875
2085.2,0,59.51,2400,None,31830.40234375
2085.2,1,60.03,2400,None,31830.0234375
2085.2,2,199.94,2067,PowerBurst,31830.40625
2085.2,3,200.17,2117,PowerBurst,31830.32421875
2090.2,0,58.21,2400,None,31830.40234375
2090.2,1,58.51,2400,None,31830.0234375
2090.2,2,199.58,2133,PowerBurst,31830.40625
2090.2,3,199.71,2183,PowerBurst,31830.32421875
2095.2,0,55.31,2400,None,31830.40234375
2095.2,1,55.63,2400,None,31830.0234375
2095.2,2,200.01,2133,PowerBurst,31830.40625
2095.2,3,200.06,2150,PowerBurst,31830.32421875
2100.2,0,55.17,2400,None,31830.40234375
2100.2,1,55.48,2400,None,31830.0234375
2100.2,2,188.92,2400,None,31830.40625
2100.2,3,176.25,2400,None,31830.32421875
2105.2,0,56.20,2400,None,31830.40234375
2105.2,1,56.62,2400,None,31830.0234375
2105.2,2,173.33,2400,None,31830.40625
2105.2,3,175.10,2400,None,31830.32421875
2110.2,0,59.27,2400,None,31830.40234375
2110.2,1,59.34,2400,None,31830.0234375
2110.2,2,151.49,2400,None,31830.40625
2110.2,3,99.26,2400,None,31830.32421875
2115.2,0,59.07,2400,None,31830.40234375
2115.2,1,58.96,2400,None,31830.0234375
2115.2,2,58.61,2400,None,31830.40625
2115.2,3,58.71,2400,None,31830.32421875
2120.2,0,59.11,2400,None,31830.40234375
2120.2,1,58.93,2400,None,31830.0234375
2120.2,2,57.96,2400,None,31830.40625
2120.2,3,58.34,2400,None,31830.32421875
2125.2,0,127.49,2050,PowerBurst,31830.40234375
2125.2,1,59.05,2400,None,31830.0234375
2125.2,2,57.57,2400,None,31830.40625
2125.3,3,58.31,2400,None,31830.32421875
2130.2,0,199.72,2100,PowerBurst,31830.40234375
2130.2,1,59.12,2400,None,31830.0234375
2130.2,2,57.46,2400,None,31830.40625
2130.2,3,58.49,2400,None,31830.32421875
2135.2,0,199.80,2133,PowerBurst,31830.40234375
2135.2,1,55.62,2400,None,31830.0234375
2135.2,2,53.90,2400,None,31830.40625
2135.2,3,54.89,2400,None,31830.32421875
2140.2,0,200.50,2050,PowerBurst,31830.40234375
2140.2,1,54.87,2400,None,31830.0234375
2140.2,2,53.14,2400,None,31830.40625
2140.2,3,54.01,2400,None,31830.32421875
2145.2,0,199.34,2167,PowerBurst,31830.40234375
2145.2,1,55.13,2400,None,31830.0234375
2145.2,2,53.29,2400,None,31830.40625
2145.2,3,54.41,2400,None,31830.32421875
2150.2,0,199.96,2167,PowerBurst,31830.40234375
2150.2,1,58.28,2400,None,31830.0234375
2150.2,2,56.51,2400,None,31830.40625
2150.3,3,57.65,2400,None,31830.32421875
2155.3,0,178.81,2400,None,31830.40234375
2155.3,1,58.55,2400,None,31830.0234375
2155.3,2,57.32,2400,None,31830.40625
2155.3,3,58.00,2400,None,31830.32421875
2160.3,0,179.72,2133,PowerBurst,31830.40234375
2160.3,1,58.74,2400,None,31830.0234375
2160.3,2,57.01,2400,None,31830.40625
2160.3,3,63.94,2217,PowerBurst,31830.32421875
2165.3,0,200.42,2033,PowerBurst,31830.40234375
2165.3,1,58.84,2400,None,31830.0234375
2165.3,2,56.90,2400,None,31830.40625
2165.3,3,200.66,2083,PowerBurst,31830.32421875
2170.3,0,200.09,2033,PowerBurst,31830.40234375
2170.3,1,58.74,2400,None,31830.0234375
2170.3,2,57.04,2400,None,31830.40625
2170.3,3,199.78,2133,PowerBurst,31830.32421875
2175.3,0,199.49,2117,PowerBurst,31830.40234375
2175.3,1,57.15,2400,None,31830.0234375
2175.3,2,55.72,2400,None,31830.40625
2175.3,3,200.07,2100,PowerBurst,31830.32421875
2180.3,0,199.93,2117,PowerBurst,31830.40234375
2180.3,1,54.85,2400,None,31830.0234375
2180.3,2,52.90,2400,None,31830.40625
2180.3,3,199.84,2133,PowerBurst,31830.32421875
2185.3,0,200.32,2067,PowerBurst,31830.40234375
2185.3,1,54.93,2400,None,31830.0234375
2185.3,2,53.08,2400,None,31830.40625
2185.3,3,200.28,2083,PowerBurst,31830.32421875
2190.3,0,188.66,2400,None,31830.40234375
2190.3,1,56.22,2400,None,31830.0234375
2190.3,2,54.72,2400,None,31830.40625
2190.3,3,183.41,2400,None,31830.32421875
2195.3,0,179.65,2400,None,31830.40234375
2195.3,1,58.79,2400,None,31830.0234375
2195.3,2,57.16,2400,None,31830.40625
2195.3,3,174.11,2400,None,31830.32421875
2200.3,0,142.26,2033,PowerBurst,31830.40234375
2200.3,1,139.42,2083,PowerBurst,31830.0234375
2200.3,2,57.08,2400,None,31830.40625
2200.3,3,146.26,2400,None,31830.32421875
2205.3,0,199.75,2083,PowerBurst,31830.40234375
2205.3,1,200.13,2067,PowerBurst,31830.0234375
2205.3,2,56.73,2400,None,31830.40625
2205.3,3,59.12,2400,None,31830.32421875
2210.3,0,200.26,2033,PowerBurst,31830.40234375
2210.3,1,199.40,2167,PowerBurst,31830.0234375
2210.3,2,56.89,2400,None,31830.40625
2210.3,3,58.59,2400,None,31830.32421875
2215.3,0,199.83,2050,PowerBurst,31830.40234375
2215.3,1,200.44,2083,PowerBurst,31830.0234375
2215.3,2,56.86,2400,None,31830.40625
2215.3,3,58.67,2400,None,31830.32421875
2220.3,0,200.14,2033,PowerBurst,31830.40234375
2220.3,1,199.46,2183,PowerBurst,31830.0234375
2220.3,2,53.44,2400,None,31830.40625
2220.3,3,55.05,2400,None,31830.32421875
2225.3,0,199.42,2150,PowerBurst,31830.40234375
2225.3,1,197.02,2400,None,31830.0234375
2225.3,2,52.92,2400,None,31830.40625
2225.3,3,54.32,2400,None,31830.32421875
2230.3,0,186.14,2400,None,31830.40234375
2230.3,1,177.94,2400,None,31830.0234375
2230.3,2,53.33,2400,None,31830.40625
2230.3,3,54.60,2400,None,31830.32421875
2235.3,0,179.68,2400,None,31830.40234375
2235.3,1,177.84,2400,None,31830.0234375
2235.3,2,56.15,2400,None,31830.40625
2235.3,3,57.48,2400,None,31830.32421875
2240.3,0,121.13,2400,None,31830.40234375
2240.3,1,88.39,2400,None,31830.0234375
2240.3,2,56.86,2400,None,31830.40625
2240.3,3,58.27,2400,None,31830.32421875
2245.3,0,60.15,2400,None,31830.40234375
2245.3,1,60.30,2400,None,31830.0234375
2245.3,2,56.50,2400,None,31830.40625
2245.3,3,58.20,2400,None,31830.32421875
2250.3,0,59.72,2400,None,31830.40234375
2250.3,1,59.89,2400,None,31830.0234375
2250.3,2,56.52,2400,None,31830.40625
2250.3,3,58.30,2400,None,31830.32421875
2255.3,0,59.72,2400,None,31830.40234375
2255.3,1,166.32,2050,PowerBurst,31830.0234375
2255.3,2,56.65,2400,None,31830.40625
2255.3,3,58.32,2400,None,31830.32421875
2260.3,0,58.26,2400,None,31830.40234375
2260.3,1,199.83,2067,PowerBurst,31830.0234375
2260.3,2,55.71,2400,None,31830.40625
2260.3,3,57.03,2400,None,31830.32421875
2265.3,0,55.23,2400,None,31830.40234375
2265.3,1,199.89,2083,PowerBurst,31830.0234375
2265.3,2,52.75,2400,None,31830.40625
2265.3,3,53.97,2400,None,31830.32421875
2270.3,0,55.30,2400,None,31830.40234375
2270.3,1,199.72,2133,PowerBurst,31830.0234375
2270.3,2,52.71,2400,None,31830.40625
2270.3,3,54.07,2400,None,31830.32421875
2275.3,0,56.92,2400,None,31830.40234375
2275.3,1,200.04,2133,PowerBurst,31830.0234375
2275.3,2,54.21,2400,None,31830.40625
2275.3,3,55.53,2400,None,31830.32421875
2280.3,0,59.52,2400,None,31830.40234375
2280.3,1,192.37,2400,None,31830.0234375
2280.3,2,57.00,2400,None,31830.40625
2280.3,3,58.11,2400,None,31830.32421875
2285.3,0,58.95,2400,None,31830.40234375
2285.3,1,177.43,2400,None,31830.0234375
2285.3,2,56.96,2400,None,31830.40625
2285.3,3,57.56,2400,None,31830.32421875
2290.3,0,109.31,2033,PowerBurst,31830.40234375
2290.3,1,184.03,2050,PowerBurst,31830.0234375
2290.3,2,56.69,2400,None,31830.40625
2290.3,3,57.66,2400,None,31830.32421875
2295.3,0,199.97,2033,PowerBurst,31830.40234375
2295.3,1,199.97,2050,PowerBurst,31830.0234375
2295.3,2,56.77,2400,None,31830.40625
2295.3,3,57.69,2400,None,31830.32421875
2300.3,0,199.77,2067,PowerBurst,31830.40234375
2300.3,1,199.84,2067,PowerBurst,31830.0234375
2300.3,2,56.99,2400,None,31830.40625
2300.3,3,57.85,2400,None,31830.32421875
2305.3,0,200.09,2050,PowerBurst,31830.40234375
2305.3,1,199.96,2067,PowerBurst,31830.0234375
2305.3,2,53.37,2400,None,31830.40625
2305.3,3,54.48,2400,None,31830.32421875
2310.3,0,199.59,2133,PowerBurst,31830.40234375
2310.3,1,199.78,2117,PowerBurst,31830.0234375
2310.3,2,52.77,2400,None,31830.40625
2310.3,3,53.69,2400,None,31830.32421875
2315.3,0,200.55,2033,PowerBurst,31830.40234375
2315.3,1,199.81,2150,PowerBurst,31830.0234375
2315.3,2,53.09,2400,None,31830.40625
2315.3,3,54.01,2400,None,31830.32421875
2320.3,0,181.97,2400,None,31830.40234375
2320.3,1,180.50,2400,None,31830.0234375
2320.3,2,56.26,2400,None,31830.40625
2320.3,3,57.10,2400,None,31830.32421875
2325.3,0,179.30,2400,None,31830.40234375
2325.3,1,177.57,2400,None,31830.0234375
2325.3,2,56.92,2400,None,31830.40625
2325.3,3,57.72,2400,None,31830.32421875
2330.3,0,77.53,2400,None,31830.40234375
2330.3,1,124.05,2400,None,31830.0234375
2330.3,2,178.94,2033,PowerBurst,31830.40625
2330.3,3,120.35,2067,PowerBurst,31830.32421875
2335.3,0,59.83,2400,None,31830.40234375
2335.3,1,60.57,2400,None,31830.0234375
2335.3,2,199.75,2067,PowerBurst,31830.40625
2335.3,3,199.75,2133,PowerBurst,31830.32421875
2340.3,0,59.70,2400,None,31830.40234375
2340.3,1,60.16,2400,None,31830.0234375
2340.3,2,199.76,2117,PowerBurst,31830.40625
2340.3,3,199.99,2117,PowerBurst,31830.32421875
2345.3,0,58.53,2400,None,31830.40234375
2345.3,1,58.94,2400,None,31830.0234375
2345.3,2,200.37,2067,PowerBurst,31830.40625
2345.3,3,199.93,2150,PowerBurst,31830.32421875
2350.3,0,55.27,2400,None,31830.40234375
2350.3,1,55.68,2400,None,31830.0234375
2350.3,2,199.73,2100,PowerBurst,31830.40625
2350.3,3,199.90,2150,PowerBurst,31830.32421875
2355.3,0,55.31,2400,None,31830.40234375
2355.3,1,55.68,2400,None,31830.0234375
2355.3,2,189.68,2400,None,31830.40625
2355.3,3,199.79,2200,PowerBurst,31830.32421875
2360.3,0,56.22,2400,None,31830.40234375
2360.3,1,56.63,2400,None,31830.0234375
2360.3,2,173.40,2400,None,31830.40625
2360.3,3,175.08,2400,None,31830.32421875
2365.3,0,59.30,2400,None,31830.40234375
2365.3,1,59.45,2400,None,31830.0234375
2365.3,2,167.52,2400,None,31830.40625
2365.3,3,175.38,2400,None,31830.32421875
2370.3,0,58.98,2400,None,31830.40234375
2370.3,1,59.12,2400,None,31830.0234375
2370.3,2,58.69,2400,None,31830.40625
2370.3,3,122.45,2400,None,31830.32421875
2375.3,0,59.48,2400,None,31830.40234375
2375.3,1,59.08,2400,None,31830.0234375
2375.3,2,57.85,2400,None,31830.40625
2375.3,3,59.00,2400,None,31830.32421875
2380.3,0,59.22,2400,None,31830.40234375
2380.3,1,59.06,2400,None,31830.0234375
2380.3,2,57.78,2400,None,31830.40625
2380.3,3,58.64,2400,None,31830.32421875
2385.3,0,59.22,2400,None,31830.40234375
2385.3,1,59.08,2400,None,31830.0234375
2385.3,2,57.71,2400,None,31830.40625
2385.3,3,136.37,2100,PowerBurst,31830.32421875
2390.3,0,55.83,2400,None,31830.40234375
2390.3,1,55.93,2400,None,31830.0234375
2390.3,2,54.07,2400,None,31830.40625
2390.3,3,199.97,2117,PowerBurst,31830.32421875
2395.3,0,54.95,2400,None,31830.40234375
2395.3,1,55.03,2400,None,31830.0234375
2395.3,2,53.10,2400,None,31830.40625
2395.3,3,200.08,2100,PowerBurst,31830.32421875
2400.3,0,54.91,2400,None,31830.40234375
2400.3,1,55.04,2400,None,31830.0234375
2400.3,2,53.45,2400,None,31830.40625
2400.3,3,199.51,2183,PowerBurst,31830.32421875
2405.3,0,57.95,2400,None,31830.40234375
2405.3,1,58.21,2400,None,31830.0234375
2405.3,2,56.37,2400,None,31830.40625
2405.3,3,200.55,2083,PowerBurst,31830.32421875
2410.3,0,58.78,2400,None,31830.40234375
2410.3,1,58.72,2400,None,31830.0234375
2410.3,2,57.21,2400,None,31830.40625
2410.3,3,195.25,2400,None,31830.32421875
2415.3,0,58.68,2400,None,31830.40234375
2415.3,1,58.82,2400,None,31830.0234375
2415.3,2,57.17,2400,None,31830.40625
2415.3,3,174.79,2400,None,31830.32421875
2420.3,0,86.84,2033,PowerBurst,31830.40234375
2420.3,1,85.70,2083,PowerBurst,31830.0234375
2420.3,2,86.13,2033,PowerBurst,31830.40625
2420.3,3,178.09,2067,PowerBurst,31830.32421875
2425.3,0,199.83,2067,PowerBurst,31830.40234375
2425.3,1,199.67,2117,PowerBurst,31830.0234375
2425.3,2,199.60,2100,PowerBurst,31830.40625
2425.3,3,199.76,2117,PowerBurst,31830.32421875
2430.3,0,199.99,2067,PowerBurst,31830.40234375
2430.3,1,200.32,2083,PowerBurst,31830.0234375
2430.3,2,200.23,2067,PowerBurst,31830.40625
2430.3,3,200.19,2067,PowerBurst,31830.32421875
2435.3,0,200.16,2033,PowerBurst,31830.40234375
2435.3,1,199.60,2150,PowerBurst,31830.0234375
2435.3,2,200.02,2050,PowerBurst,31830.40625
2435.3,3,199.65,2133,PowerBurst,31830.32421875
2440.3,0,199.94,2050,PowerBurst,31830.40234375
2440.3,1,199.80,2183,PowerBurst,31830.0234375
2440.3,2,200.17,2050,PowerBurst,31830.40625
2440.3,3,199.59,2200,PowerBurst,31830.32421875
2445.3,0,199.35,2150,PowerBurst,31830.40234375
2445.3,1,200.59,2067,PowerBurst,31830.0234375
2445.3,2,199.57,2117,PowerBurst,31830.40625
2445.3,3,200.75,2067,PowerBurst,31830.32421875
2450.3,0,185.60,2400,None,31830.40234375
2450.3,1,182.15,2400,None,31830.0234375
2450.3,2,181.79,2400,None,31830.40625
2450.3,3,180.91,2400,None,31830.32421875
2455.3,0,179.18,2400,None,31830.40234375
2455.3,1,176.95,2400,None,31830.0234375
2455.3,2,173.61,2400,None,31830.40625
2455.3,3,174.62,2400,None,31830.32421875
2460.3,0,186.90,2017,PowerBurst,31830.40234375
2460.3,1,183.07,2067,PowerBurst,31830.0234375
2460.3,2,193.43,2050,PowerBurst,31830.40625
2460.3,3,183.37,2067,PowerBurst,31830.32421875
2465.3,0,199.76,2050,PowerBurst,31830.40234375
2465.3,1,199.97,2067,PowerBurst,31830.0234375
2465.3,2,200.04,2033,PowerBurst,31830.40625
2465.3,3,200.03,2067,PowerBurst,31830.32421875
2470.3,0,200.07,2050,PowerBurst,31830.40234375
2470.3,1,199.65,2117,PowerBurst,31830.0234375
2470.3,2,200.04,2050,PowerBurst,31830.40625
2470.3,3,199.80,2100,PowerBurst,31830.32421875
2475.3,0,199.97,2067,PowerBurst,31830.40234375
2475.3,1,200.24,2083,PowerBurst,31830.0234375
2475.3,2,199.73,2083,PowerBurst,31830.40625
2475.3,3,200.13,2083,PowerBurst,31830.32421875
2480.3,0,199.65,2100,PowerBurst,31830.40234375
2480.3,1,199.49,2183,PowerBurst,31830.0234375
2480.3,2,199.84,2117,PowerBurst,31830.40625
2480.3,3,199.58,2150,PowerBurst,31830.32421875
2485.3,0,200.25,2067,PowerBurst,31830.40234375
2485.3,1,200.67,2067,PowerBurst,31830.0234375
2485.3,2,194.00,2400,None,31830.40625
2485.3,3,200.12,2133,PowerBurst,31830.32421875
2490.3,0,180.92,2400,None,31830.40234375
2490.3,1,180.48,2400,None,31830.0234375
2490.3,2,174.25,2400,None,31830.40625
2490.3,3,176.38,2400,None,31830.32421875
2495.3,0,179.46,2400,None,31830.40234375
2495.3,1,177.34,2400,None,31830.0234375
2495.3,2,138.82,2400,None,31830.40625
2495.3,3,174.71,2400,None,31830.32421875
2500.3,0,111.69,2400,None,31830.40234375
2500.3,1,113.01,2400,None,31830.0234375
2500.3,2,58.73,2400,None,31830.40625
2500.3,3,103.71,2400,None,31830.32421875
2505.3,0,60.22,2400,None,31830.40234375
2505.3,1,60.68,2400,None,31830.0234375
2505.3,2,58.35,2400,None,31830.40625
2505.3,3,59.11,2400,None,31830.32421875
2510.3,0,59.91,2400,None,31830.40234375
2510.3,1,60.26,2400,None,31830.0234375
2510.3,2,58.38,2400,None,31830.40625
2510.3,3,58.92,2400,None,31830.32421875
2515.3,0,57.73,2400,None,31830.40234375
2515.3,1,57.99,2400,None,31830.0234375
2515.3,2,151.58,2033,PowerBurst,31830.40625
2515.3,3,56.93,2400,None,31830.32421875
2520.3,0,55.53,2400,None,31830.40234375
2520.3,1,55.70,2400,None,31830.0234375
2520.3,2,199.78,2083,PowerBurst,31830.40625
2520.3,3,54.53,2400,None,31830.32421875
2525.3,0,55.57,2400,None,31830.40234375
2525.3,1,55.62,2400,None,31830.0234375
2525.3,2,199.69,2133,PowerBurst,31830.40625
2525.3,3,54.70,2400,None,31830.32421875
2530.3,0,57.22,2400,None,31830.40234375
2530.3,1,57.28,2400,None,31830.0234375
2530.3,2,200.40,2067,PowerBurst,31830.40625
2530.3,3,56.55,2400,None,31830.32421875
2535.3,0,59.34,2400,None,31830.40234375
2535.3,1,59.26,2400,None,31830.0234375
2535.3,2,200.23,2033,PowerBurst,31830.40625
2535.3,3,58.46,2400,None,31830.32421875
2540.3,0,59.41,2400,None,31830.40234375
2540.3,1,59.21,2400,None,31830.0234375
2540.3,2,194.72,2400,None,31830.40625
2540.3,3,58.08,2400,None,31830.32421875
2545.3,0,59.37,2400,None,31830.40234375
2545.3,1,59.31,2400,None,31830.0234375
2545.3,2,174.22,2400,None,31830.40625
2545.3,3,58.22,2400,None,31830.32421875
2550.3,0,87.11,2033,PowerBurst,31830.40234375
2550.3,1,87.22,2067,PowerBurst,31830.0234375
2550.3,2,177.71,2033,PowerBurst,31830.40625
2550.3,3,87.46,2083,PowerBurst,31830.32421875
2555.3,0,199.59,2100,PowerBurst,31830.40234375
2555.3,1,199.70,2117,PowerBurst,31830.0234375
2555.3,2,199.66,2083,PowerBurst,31830.40625
2555.3,3,199.74,2117,PowerBurst,31830.32421875
2560.3,0,200.32,2050,PowerBurst,31830.40234375
2560.3,1,200.30,2067,PowerBurst,31830.0234375
2560.3,2,200.11,2050,PowerBurst,31830.40625
2560.3,3,199.95,2133,PowerBurst,31830.32421875
2565.3,0,199.74,2083,PowerBurst,31830.40234375
2565.3,1,199.83,2117,PowerBurst,31830.0234375
2565.3,2,200.09,2033,PowerBurst,31830.40625
2565.3,3,200.18,2083,PowerBurst,31830.32421875
2570.3,0,200.35,2033,PowerBurst,31830.40234375
2570.3,1,199.69,2167,PowerBurst,31830.0234375
2570.3,2,199.87,2050,PowerBurst,31830.40625
2570.3,3,200.04,2100,PowerBurst,31830.32421875
2575.3,0,199.50,2117,PowerBurst,31830.40234375
2575.3,1,200.51,2067,PowerBurst,31830.0234375
2575.3,2,199.37,2167,PowerBurst,31830.40625
2575.3,3,199.59,2150,PowerBurst,31830.32421875
2580.3,0,185.48,2400,None,31830.40234375
2580.3,1,182.28,2400,None,31830.0234375
2580.3,2,182.69,2400,None,31830.40625
2580.3,3,180.00,2400,None,31830.32421875
2585.3,0,179.34,2400,None,31830.40234375
2585.3,1,177.11,2400,None,31830.0234375
2585.3,2,174.06,2400,None,31830.40625
2585.3,3,174.47,2400,None,31830.32421875
2590.3,0,186.03,2017,PowerBurst,31830.40234375
2590.3,1,178.58,2050,PowerBurst,31830.0234375
2590.3,2,181.00,2017,PowerBurst,31830.40625
2590.3,3,193.23,2067,PowerBurst,31830.32421875
2595.3,0,199.45,2100,PowerBurst,31830.40234375
2595.3,1,199.98,2050,PowerBurst,31830.0234375
2595.3,2,199.56,2067,PowerBurst,31830.40625
2595.3,3,199.88,2067,PowerBurst,31830.32421875
2600.3,0,200.32,2050,PowerBurst,31830.40234375
2600.3,1,200.01,2050,PowerBurst,31830.0234375
2600.3,2,200.18,2050,PowerBurst,31830.40625
2600.3,3,200.04,2083,PowerBurst,31830.32421875
2605.3,0,200.02,2033,PowerBurst,31830.40234375
2605.3,1,199.72,2100,PowerBurst,31830.0234375
2605.3,2,200.05,2033,PowerBurst,31830.40625
2605.3,3,199.45,2150,PowerBurst,31830.32421875
2610.3,0,199.52,2133,PowerBurst,31830.40234375
2610.3,1,199.71,2150,PowerBurst,31830.0234375
2610.3,2,199.66,2100,PowerBurst,31830.40625
2610.3,3,200.30,2117,PowerBurst,31830.32421875
2615.3,0,200.52,2033,PowerBurst,31830.40234375
2615.3,1,200.27,2083,PowerBurst,31830.0234375
2615.3,2,200.23,2050,PowerBurst,31830.40625
2615.3,3,191.31,2400,None,31830.32421875
2620.3,0,182.57,2400,None,31830.40234375
2620.3,1,184.75,2400,None,31830.0234375
2620.3,2,180.55,2400,None,31830.40625
2620.3,3,175.03,2400,None,31830.32421875
2625.3,0,179.48,2400,None,31830.40234375
2625.3,1,177.65,2400,None,31830.0234375
2625.3,2,174.25,2400,None,31830.40625
2625.3,3,126.64,2400,None,31830.32421875
2630.3,0,107.96,2400,None,31830.40234375
2630.3,1,133.93,2400,None,31830.0234375
2630.3,2,133.91,2400,None,31830.40625
2630.3,3,59.52,2400,None,31830.32421875
2635.3,0,59.99,2400,None,31830.40234375
2635.3,1,60.88,2400,None,31830.0234375
2635.3,2,58.99,2400,None,31830.40625
2635.3,3,58.72,2400,None,31830.32421875
2640.3,0,59.42,2400,None,31830.40234375
2640.3,1,60.20,2400,None,31830.0234375
2640.3,2,58.21,2400,None,31830.40625
2640.3,3,58.36,2400,None,31830.32421875
2645.3,0,55.44,2400,None,31830.40234375
2645.3,1,56.07,2400,None,31830.0234375
2645.3,2,54.03,2400,None,31830.40625
2645.3,3,118.19,2083,PowerBurst,31830.32421875
2650.3,0,55.57,2400,None,31830.40234375
2650.3,1,55.86,2400,None,31830.0234375
2650.3,2,53.85,2400,None,31830.40625
2650.3,3,199.99,2067,PowerBurst,31830.32421875
2655.3,0,55.73,2400,None,31830.40234375
2655.3,1,56.07,2400,None,31830.0234375
2655.3,2,54.13,2400,None,31830.40625
2655.3,3,199.31,2200,PowerBurst,31830.32421875
2660.3,0,59.33,2400,None,31830.40234375
2660.3,1,59.44,2400,None,31830.0234375
2660.3,2,57.74,2400,None,31830.40625
2660.3,3,200.61,2083,PowerBurst,31830.32421875
2665.3,0,59.50,2400,None,31830.40234375
2665.3,1,59.34,2400,None,31830.0234375
2665.3,2,57.41,2400,None,31830.40625
2665.3,3,199.65,2150,PowerBurst,31830.32421875
2670.3,0,59.41,2400,None,31830.40234375
2670.3,1,59.25,2400,None,31830.0234375
2670.3,2,57.55,2400,None,31830.40625
2670.3,3,198.65,2383,PowerBurst,31830.32421875
2675.3,0,59.36,2400,None,31830.40234375
2675.3,1,59.18,2400,None,31830.0234375
2675.3,2,57.57,2400,None,31830.40625
2675.3,3,175.14,2400,None,31830.32421875
2680.3,0,65.17,2200,PowerBurst,31830.40234375
2680.3,1,65.35,2200,PowerBurst,31830.0234375
2680.3,2,65.54,2167,PowerBurst,31830.40625
2680.3,3,173.33,2200,PowerBurst,31830.32421875
2685.3,0,200.77,2050,PowerBurst,31830.40234375
2685.3,1,200.57,2067,PowerBurst,31830.0234375
2685.3,2,200.56,2033,PowerBurst,31830.40625
2685.3,3,200.71,2067,PowerBurst,31830.32421875
2690.3,0,200.00,2050,PowerBurst,31830.40234375
2690.3,1,199.71,2117,PowerBurst,31830.0234375
2690.3,2,200.11,2033,PowerBurst,31830.40625
2690.3,3,199.61,2133,PowerBurst,31830.32421875
2695.3,0,199.66,2100,PowerBurst,31830.40234375
2695.3,1,200.26,2067,PowerBurst,31830.0234375
2695.3,2,199.71,2083,PowerBurst,31830.40625
2695.3,3,200.39,2067,PowerBurst,31830.32421875
2700.3,0,199.55,2167,PowerBurst,31830.40234375
2700.3,1,200.03,2067,PowerBurst,31830.0234375
2700.3,2,199.74,2133,PowerBurst,31830.40625
2700.3,3,199.97,2083,PowerBurst,31830.32421875
2705.3,0,200.77,2050,PowerBurst,31830.40234375
2705.3,1,199.63,2150,PowerBurst,31830.0234375
2705.3,2,200.44,2033,PowerBurst,31830.40625
2705.3,3,199.63,2133,PowerBurst,31830.32421875
2710.3,0,188.23,2400,None,31830.40234375
2710.3,1,185.96,2400,None,31830.0234375
2710.3,2,185.12,2400,None,31830.40625
2710.3,3,184.63,2400,None,31830.32421875
2715.3,0,179.38,2400,None,31830.40234375
2715.3,1,177.24,2400,None,31830.0234375
2715.3,2,173.92,2400,None,31830.40625
2715.3,3,174.91,2400,None,31830.32421875
2720.3,0,184.31,2033,PowerBurst,31830.40234375
2720.3,1,180.41,2067,PowerBurst,31830.0234375
2720.3,2,189.51,2050,PowerBurst,31830.40625
2720.3,3,179.88,2083,PowerBurst,31830.32421875
2725.3,0,199.72,2083,PowerBurst,31830.40234375
2725.3,1,199.90,2067,PowerBurst,31830.0234375
2725.3,2,199.91,2050,PowerBurst,31830.40625
2725.3,3,200.00,2067,PowerBurst,31830.32421875
2730.3,0,200.26,2033,PowerBurst,31830.40234375
2730.3,1,199.95,2100,PowerBurst,31830.0234375
2730.3,2,199.96,2067,PowerBurst,31830.40625
2730.3,3,199.88,2100,PowerBurst,31830.32421875
2735.3,0,200.03,2033,PowerBurst,31830.40234375
2735.3,1,200.11,2050,PowerBurst,31830.0234375
2735.3,2,199.88,2100,PowerBurst,31830.40625
2735.3,3,200.14,2067,PowerBurst,31830.32421875
2740.3,0,199.84,2067,PowerBurst,31830.40234375
2740.3,1,199.98,2067,PowerBurst,31830.0234375
2740.3,2,200.27,2050,PowerBurst,31830.40625
2740.3,3,199.91,2083,PowerBurst,31830.32421875
2745.3,0,199.79,2083,PowerBurst,31830.40234375
2745.3,1,199.68,2133,PowerBurst,31830.0234375
2745.3,2,197.49,2400,None,31830.40625
2745.3,3,199.50,2167,PowerBurst,31830.32421875
2750.3,0,184.29,2400,None,31830.40234375
2750.3,1,184.14,2400,None,31830.0234375
2750.3,2,174.67,2400,None,31830.40625
2750.3,3,180.85,2400,None,31830.32421875
2755.3,0,179.78,2400,None,31830.40234375
2755.3,1,177.39,2400,None,31830.0234375
2755.3,2,157.59,2400,None,31830.40625
2755.3,3,174.66,2400,None,31830.32421875
2760.3,0,131.96,2400,None,31830.40234375
2760.3,1,133.20,2400,None,31830.0234375
2760.3,2,59.03,2400,None,31830.40625
2760.3,3,138.28,2400,None,31830.32421875
2765.3,0,60.24,2400,None,31830.40234375
2765.3,1,60.70,2400,None,31830.0234375
2765.3,2,58.50,2400,None,31830.40625
2765.3,3,59.39,2400,None,31830.32421875
2770.3,0,56.54,2400,None,31830.40234375
2770.3,1,57.19,2400,None,31830.0234375
2770.3,2,55.19,2400,None,31830.40625
2770.3,3,55.79,2400,None,31830.32421875
2775.3,0,55.69,2400,None,31830.40234375
2775.3,1,56.17,2400,None,31830.0234375
2775.3,2,64.31,2100,PowerBurst,31830.40625
2775.3,3,54.81,2400,None,31830.32421875
2780.3,0,55.46,2400,None,31830.40234375
2780.3,1,55.68,2400,None,31830.0234375
2780.3,2,200.41,2017,PowerBurst,31830.40625
2780.3,3,54.97,2400,None,31830.32421875
2785.3,0,58.60,2400,None,31830.40234375
2785.3,1,58.66,2400,None,31830.0234375
2785.3,2,199.61,2100,PowerBurst,31830.40625
2785.3,3,57.85,2400,None,31830.32421875
2790.3,0,59.56,2400,None,31830.40234375
2790.3,1,59.45,2400,None,31830.0234375
2790.3,2,200.29,2033,PowerBurst,31830.40625
2790.3,3,58.35,2400,None,31830.32421875
2795.3,0,59.59,2400,None,31830.40234375
2795.3,1,59.36,2400,None,31830.0234375
2795.3,2,199.83,2067,PowerBurst,31830.40625
2795.3,3,58.38,2400,None,31830.32421875
2800.3,0,59.54,2400,None,31830.40234375
2800.3,1,59.30,2400,None,31830.0234375
2800.3,2,199.61,2133,PowerBurst,31830.40625
2800.3,3,58.43,2400,None,31830.32421875
2805.3,0,59.08,2400,None,31830.40234375
2805.3,1,59.08,2400,None,31830.0234375
2805.3,2,185.12,2400,None,31830.40625
2805.3,3,57.97,2400,None,31830.32421875
2810.3,0,57.76,2400,None,31830.40234375
2810.3,1,57.90,2400,None,31830.0234375
2810.3,2,173.89,2400,None,31830.40625
2810.3,3,56.73,2400,None,31830.32421875
2815.3,0,137.78,2067,PowerBurst,31830.40234375
2815.3,1,138.93,2083,PowerBurst,31830.0234375
2815.3,2,188.18,2050,PowerBurst,31830.40625
2815.3,3,138.56,2083,PowerBurst,31830.32421875
2820.3,0,199.92,2083,PowerBurst,31830.40234375
2820.3,1,199.87,2117,PowerBurst,31830.0234375
2820.3,2,199.66,2100,PowerBurst,31830.40625
2820.3,3,199.90,2100,PowerBurst,31830.32421875
2825.3,0,199.78,2117,PowerBurst,31830.40234375
2825.3,1,200.11,2100,PowerBurst,31830.0234375
2825.3,2,199.93,2117,PowerBurst,31830.40625
2825.3,3,200.15,2083,PowerBurst,31830.32421875
2830.3,0,200.26,2067,PowerBurst,31830.40234375
2830.3,1,199.80,2117,PowerBurst,31830.0234375
2830.3,2,200.29,2067,PowerBurst,31830.40625
2830.3,3,199.57,2150,PowerBurst,31830.32421875
2835.3,0,200.21,2033,PowerBurst,31830.40234375
2835.3,1,200.15,2100,PowerBurst,31830.0234375
2835.3,2,200.15,2033,PowerBurst,31830.71875
2835.3,3,200.39,2083,PowerBurst,31830.38671875
2840.3,0,199.81,2050,PowerBurst,31830.40234375
2840.3,1,200.31,2050,PowerBurst,31830.0234375
2840.3,2,199.85,2050,PowerBurst,31830.71875
2840.3,3,199.99,2067,PowerBurst,31830.38671875
2845.3,0,200.19,2033,PowerBurst,31830.40234375
2845.3,1,199.89,2067,PowerBurst,31830.0234375
2845.3,2,200.16,2033,PowerBurst,31830.71875
2845.3,3,199.92,2083,PowerBurst,31830.38671875
2850.3,0,199.87,2050,PowerBurst,31830.40234375
2850.3,1,199.92,2067,PowerBurst,31830.0234375
2850.3,2,199.86,2067,PowerBurst,31830.71875
2850.3,3,199.72,2150,PowerBurst,31830.38671875
2855.3,0,200.09,2033,PowerBurst,31830.40234375
2855.3,1,199.70,2133,PowerBurst,31830.0234375
2855.3,2,200.11,2033,PowerBurst,31830.71875
2855.3,3,200.30,2100,PowerBurst,31830.38671875
2860.3,0,199.73,2083,PowerBurst,31830.40234375
2860.3,1,200.41,2050,PowerBurst,31830.0234375
2860.3,2,199.78,2083,PowerBurst,31830.71875
2860.3,3,199.71,2133,PowerBurst,31830.38671875
2865.3,0,199.82,2117,PowerBurst,31830.40234375
2865.3,1,199.58,2133,PowerBurst,31830.0234375
2865.3,2,199.68,2133,PowerBurst,31830.71875
2865.3,3,200.12,2117,PowerBurst,31830.38671875
2870.3,0,190.41,2400,None,31830.40234375
2870.3,1,186.90,2400,None,31830.0234375
2870.3,2,187.97,2400,None,31830.71875
2870.3,3,184.37,2400,None,31830.38671875
2875.3,0,184.09,2400,None,31830.40234375
2875.3,1,181.18,2400,None,31830.0234375
2875.3,2,178.19,2400,None,31830.71875
2875.3,3,178.41,2400,None,31830.38671875
2880.3,0,187.91,2067,PowerBurst,31830.40234375
2880.3,1,180.80,2400,None,31830.0234375
2880.3,2,178.07,2400,None,31830.71875
2880.3,3,184.31,2100,PowerBurst,31830.38671875
2885.3,0,200.06,2033,PowerBurst,31830.40234375
2885.3,1,184.28,2050,PowerBurst,31830.0859375
2885.3,2,196.56,2033,PowerBurst,31830.71875
2885.3,3,199.89,2133,PowerBurst,31830.38671875
2890.3,0,199.96,2050,PowerBurst,31830.40234375
2890.3,1,200.07,2050,PowerBurst,31830.0859375
2890.3,2,200.04,2033,PowerBurst,31830.71875
2890.3,3,200.32,2067,PowerBurst,31830.38671875
2895.3,0,200.08,2033,PowerBurst,31830.40234375
2895.3,1,199.98,2067,PowerBurst,31830.0859375
2895.3,2,199.97,2050,PowerBurst,31830.71875
2895.3,3,199.42,2167,PowerBurst,31830.38671875
2900.3,0,199.83,2067,PowerBurst,31830.40234375
2900.3,1,199.52,2150,PowerBurst,31830.0859375
2900.3,2,200.05,2033,PowerBurst,31830.71875
2900.3,3,200.46,2067,PowerBurst,31830.38671875
2905.3,0,200.15,2033,PowerBurst,31830.40234375
2905.3,1,200.23,2100,PowerBurst,31830.0859375
2905.3,2,199.50,2117,PowerBurst,31830.71875
2905.3,3,199.75,2117,PowerBurst,31830.38671875
2910.3,0,190.07,2250,PowerBurst,31830.40234375
2910.3,1,200.12,2083,PowerBurst,31830.0859375
2910.3,2,194.27,2400,None,31830.71875
2910.3,3,190.90,2050,PowerBurst,31830.38671875
2915.3,0,201.18,2017,PowerBurst,31830.40234375
2915.3,1,199.74,2133,PowerBurst,31830.0859375
2915.3,2,201.48,2033,PowerBurst,31830.71875
2915.3,3,199.53,2150,PowerBurst,31830.38671875
2920.3,0,199.45,2100,PowerBurst,31830.40234375
2920.3,1,200.31,2067,PowerBurst,31830.0859375
2920.3,2,199.96,2050,PowerBurst,31830.71875
2920.3,3,200.37,2083,PowerBurst,31830.38671875
2925.3,0,200.20,2067,PowerBurst,31830.40234375
2925.3,1,199.68,2133,PowerBurst,31830.0859375
2925.3,2,199.62,2100,PowerBurst,31830.71875
2925.3,3,200.06,2067,PowerBurst,31830.38671875
2930.3,0,199.59,2150,PowerBurst,31830.40234375
2930.3,1,200.37,2067,PowerBurst,31830.0859375
2930.3,2,199.94,2133,PowerBurst,31830.71875
2930.3,3,199.86,2100,PowerBurst,31830.38671875
2935.3,0,200.53,2050,PowerBurst,31830.40234375
2935.3,1,199.51,2150,PowerBurst,31830.0859375
2935.3,2,200.00,2117,PowerBurst,31830.71875
2935.3,3,199.45,2183,PowerBurst,31830.38671875
2940.3,0,190.65,2400,None,31830.40234375
2940.3,1,185.64,2400,None,31830.0859375
2940.3,2,189.79,2400,None,31830.71875
2940.3,3,182.70,2400,None,31830.38671875
2945.3,0,182.69,2400,None,31830.40234375
2945.3,1,181.29,2400,None,31830.0859375
2945.3,2,178.37,2400,None,31830.71875
2945.3,3,178.60,2400,None,31830.38671875
2950.3,0,182.30,2400,None,31830.40234375
2950.3,1,180.65,2400,None,31830.0859375
2950.3,2,178.20,2400,None,31830.71875
2950.3,3,153.30,2400,None,31830.38671875
2955.3,0,90.99,2400,None,31830.40234375
2955.3,1,65.71,2400,None,31830.0859375
2955.3,2,97.91,2400,None,31830.71875
2955.3,3,59.62,2400,None,31830.38671875
2960.3,0,60.32,2400,None,31830.40234375
2960.3,1,60.62,2400,None,31830.0859375
2960.3,2,58.76,2400,None,31830.71875
2960.3,3,58.99,2400,None,31830.38671875
2965.3,0,59.92,2400,None,31830.40234375
2965.3,1,60.34,2400,None,31830.0859375
2965.3,2,58.47,2400,None,31830.71875
2965.3,3,58.72,2400,None,31830.38671875
2970.3,0,59.51,2400,None,31830.40234375
2970.3,1,115.11,2050,PowerBurst,31830.0859375
2970.3,2,57.97,2400,None,31830.71875
2970.3,3,58.55,2400,None,31830.38671875
2975.3,0,59.71,2400,None,31830.40234375
2975.3,1,199.96,2050,PowerBurst,31830.0859375
2975.3,2,57.76,2400,None,31830.71875
2975.3,3,58.57,2400,None,31830.38671875
2980.3,0,56.88,2400,None,31830.40234375
2980.3,1,199.86,2083,PowerBurst,31830.0859375
2980.3,2,54.97,2400,None,31830.71875
2980.3,3,55.87,2400,None,31830.38671875
2985.3,0,55.10,2400,None,31830.40234375
2985.3,1,200.00,2067,PowerBurst,31830.0859375
2985.3,2,53.82,2400,None,31830.71875
2985.3,3,54.72,2400,None,31830.38671875
2990.3,0,55.34,2400,None,31830.40234375
2990.3,1,199.77,2133,PowerBurst,31830.0859375
2990.3,2,53.67,2400,None,31830.71875
2990.3,3,54.60,2400,None,31830.38671875
2995.3,0,58.34,2400,None,31830.40234375
2995.3,1,200.01,2117,PowerBurst,31830.0859375
2995.3,2,56.25,2400,None,31830.71875
2995.3,3,57.21,2400,None,31830.38671875
3000.3,0,59.33,2400,None,31830.40234375
3000.3,1,178.53,2400,None,31830.0859375
3000.3,2,57.48,2400,None,31830.71875
3000.3,3,58.25,2400,None,31830.38671875
3005.3,0,59.17,2400,None,31830.40234375
3005.3,1,177.49,2400,None,31830.0859375
3005.3,2,57.58,2400,None,31830.71875
3005.3,3,58.31,2400,None,31830.38671875
3010.3,0,191.87,2067,PowerBurst,31830.40234375
3010.3,1,197.70,2067,PowerBurst,31830.0859375
3010.3,2,190.99,2050,PowerBurst,31830.71875
3010.3,3,191.16,2100,PowerBurst,31830.38671875
3015.3,0,200.06,2067,PowerBurst,31830.40234375
3015.3,1,200.09,2050,PowerBurst,31830.0859375
3015.3,2,199.89,2067,PowerBurst,31830.71875
3015.3,3,200.00,2100,PowerBurst,31830.38671875
3020.3,0,199.63,2133,PowerBurst,31830.40234375
3020.3,1,199.67,2117,PowerBurst,31830.0859375
3020.3,2,199.69,2133,PowerBurst,31830.71875
3020.3,3,200.08,2083,PowerBurst,31830.38671875
3025.3,0,199.68,2183,PowerBurst,31830.40234375
3025.3,1,199.70,2150,PowerBurst,31830.0859375
3025.3,2,199.71,2183,PowerBurst,31830.71875
3025.3,3,200.03,2067,PowerBurst,31830.38671875
3030.3,0,200.77,2050,PowerBurst,31830.46484375
3030.3,1,200.31,2100,PowerBurst,31830.0859375
3030.4,2,200.71,2050,PowerBurst,31830.71875
3030.4,3,199.82,2100,PowerBurst,31830.38671875
3035.4,0,200.16,2017,PowerBurst,31830.46484375
3035.4,1,200.23,2067,PowerBurst,31830.0859375
3035.4,2,200.16,2033,PowerBurst,31830.71875
3035.4,3,200.10,2083,PowerBurst,31830.38671875
3040.4,0,199.92,2033,PowerBurst,31830.46484375
3040.4,1,199.79,2117,PowerBurst,31830.0859375
3040.4,2,199.96,2033,PowerBurst,31830.71875
3040.4,3,199.61,2150,PowerBurst,31830.38671875
3045.4,0,199.98,2033,PowerBurst,31830.46484375
3045.4,1,200.18,2067,PowerBurst,31830.0859375
3045.4,2,200.01,2033,PowerBurst,31830.71875
3045.4,3,199.94,2167,PowerBurst,31830.38671875
3050.4,0,200.01,2017,PowerBurst,31830.46484375
3050.4,1,199.97,2067,PowerBurst,31830.0859375
3050.4,2,199.93,2033,PowerBurst,31830.71875
3050.4,3,200.37,2083,PowerBurst,31830.38671875
3055.4,0,199.58,2100,PowerBurst,31830.46484375
3055.4,1,199.44,2183,PowerBurst,31830.0859375
3055.4,2,199.63,2100,PowerBurst,31830.71875
3055.4,3,199.44,2183,PowerBurst,31830.38671875
3060.4,0,200.33,2050,PowerBurst,31830.46484375
3060.4,1,200.55,2083,PowerBurst,31830.0859375
3060.4,2,200.36,2033,PowerBurst,31830.71875
3060.4,3,199.80,2233,PowerBurst,31830.38671875
3065.4,0,184.47,2400,None,31830.46484375
3065.4,1,180.89,2400,None,31830.0859375
3065.4,2,179.60,2400,None,31830.71875
3065.4,3,177.56,2400,None,31830.38671875
3070.4,0,184.08,2400,None,31830.46484375
3070.4,1,180.96,2400,None,31830.0859375
3070.4,2,178.15,2400,None,31830.71875
3070.4,3,178.44,2400,None,31830.38671875
3075.4,0,194.06,2050,PowerBurst,31830.46484375
3075.4,1,184.08,2083,PowerBurst,31830.0859375
3075.4,2,191.91,2033,PowerBurst,31830.71875
3075.4,3,186.46,2083,PowerBurst,31830.38671875
3080.4,0,199.94,2050,PowerBurst,31830.46484375
3080.4,1,200.11,2067,PowerBurst,31830.0859375
3080.4,2,199.66,2083,PowerBurst,31830.71875
3080.4,3,200.01,2083,PowerBurst,31830.38671875
3085.4,0,199.82,2100,PowerBurst,31830.46484375
3085.4,1,199.89,2067,PowerBurst,31830.0859375
3085.4,2,199.55,2150,PowerBurst,31830.71875
3085.4,3,199.89,2100,PowerBurst,31830.38671875
3090.4,0,199.82,2117,PowerBurst,31830.46484375
3090.4,1,199.83,2100,PowerBurst,31830.0859375
3090.4,2,200.44,2083,PowerBurst,31830.71875
3090.4,3,199.73,2167,PowerBurst,31830.38671875
3095.4,0,200.29,2067,PowerBurst,31830.46484375
3095.4,1,200.16,2067,PowerBurst,31830.0859375
3095.4,2,200.14,2033,PowerBurst,31830.71875
3095.4,3,200.48,2067,PowerBurst,31830.38671875
3100.4,0,200.18,2033,PowerBurst,31830.46484375
3100.4,1,199.88,2100,PowerBurst,31830.0859375
3100.4,2,199.25,2167,PowerBurst,31830.71875
3100.4,3,199.64,2133,PowerBurst,31830.38671875
3105.4,0,192.56,2033,PowerBurst,31830.46484375
3105.4,1,200.11,2067,PowerBurst,31830.0859375
3105.4,2,189.05,2050,PowerBurst,31830.71875
3105.4,3,194.66,2067,PowerBurst,31830.38671875
3110.4,0,200.09,2033,PowerBurst,31830.46484375
3110.4,1,199.73,2117,PowerBurst,31830.0859375
3110.4,2,200.12,2033,PowerBurst,31830.71875
3110.4,3,199.83,2083,PowerBurst,31830.38671875
3115.4,0,199.85,2050,PowerBurst,31830.46484375
3115.4,1,200.02,2117,PowerBurst,31830.0859375
3115.4,2,199.40,2117,PowerBurst,31830.71875
3115.4,3,199.78,2133,PowerBurst,31830.38671875
3120.4,0,200.22,2033,PowerBurst,31830.46484375
3120.4,1,200.00,2117,PowerBurst,31830.0859375
3120.4,2,199.99,2133,PowerBurst,31830.71875
3120.4,3,199.98,2117,PowerBurst,31830.38671875
3125.4,0,199.46,2133,PowerBurst,31830.46484375
3125.4,1,200.32,2067,PowerBurst,31830.0859375
3125.4,2,200.30,2083,PowerBurst,31830.71875
3125.4,3,200.04,2117,PowerBurst,31830.38671875
3130.4,0,200.44,2050,PowerBurst,31830.46484375
3130.4,1,197.00,2400,None,31830.0859375
3130.4,2,199.82,2100,PowerBurst,31830.71875
3130.4,3,198.35,2400,None,31830.38671875
3135.4,0,182.78,2400,None,31830.46484375
3135.4,1,181.00,2400,None,31830.0859375
3135.4,2,180.13,2400,None,31830.71875
3135.4,3,178.03,2400,None,31830.38671875
3140.4,0,184.11,2400,None,31830.46484375
3140.4,1,180.99,2400,None,31830.0859375
3140.4,2,178.12,2400,None,31830.71875
3140.4,3,178.53,2400,None,31830.38671875
3145.4,0,158.56,2400,None,31830.46484375
3145.4,1,162.50,2400,None,31830.0859375
3145.4,2,153.55,2400,None,31830.71875
3145.4,3,138.81,2400,None,31830.38671875
3150.4,0,56.34,2400,None,31830.46484375
3150.4,1,57.15,2400,None,31830.0859375
3150.4,2,55.11,2400,None,31830.71875
3150.4,3,55.55,2400,None,31830.38671875
3155.4,0,55.46,2400,None,31830.46484375
3155.4,1,56.28,2400,None,31830.0859375
3155.4,2,54.31,2400,None,31830.71875
3155.4,3,54.74,2400,None,31830.38671875
3160.4,0,55.71,2400,None,31830.46484375
3160.4,1,56.32,2400,None,31830.0859375
3160.4,2,54.46,2400,None,31830.71875
3160.4,3,55.06,2400,None,31830.38671875
3165.4,0,59.80,2400,None,31830.46484375
3165.4,1,60.02,2400,None,31830.0859375
3165.4,2,192.61,2033,PowerBurst,31830.71875
3165.4,3,58.70,2400,None,31830.38671875
3170.4,0,59.63,2400,None,31830.46484375
3170.4,1,59.72,2400,None,31830.0859375
3170.4,2,199.69,2067,PowerBurst,31830.71875
3170.4,3,58.78,2400,None,31830.38671875
3175.4,0,59.40,2400,None,31830.46484375
3175.4,1,59.46,2400,None,31830.0859375
3175.4,2,199.95,2083,PowerBurst,31830.71875
3175.4,3,58.63,2400,None,31830.38671875
3180.4,0,59.49,2400,None,31830.46484375
3180.4,1,59.40,2400,None,31830.0859375
3180.4,2,199.70,2133,PowerBurst,31830.71875
3180.4,3,58.24,2400,None,31830.38671875
3185.4,0,59.62,2400,None,31830.46484375
3185.4,1,59.47,2400,None,31830.0859375
3185.4,2,200.30,2083,PowerBurst,31830.71875
3185.4,3,58.53,2400,None,31830.38671875
3190.4,0,57.20,2400,None,31830.46484375
3190.4,1,57.21,2400,None,31830.0859375
3190.4,2,188.69,2400,None,31830.71875
3190.4,3,56.18,2400,None,31830.38671875
3195.4,0,54.97,2400,None,31830.46484375
3195.4,1,55.15,2400,None,31830.0859375
3195.4,2,174.14,2400,None,31830.71875
3195.4,3,54.07,2400,None,31830.38671875
3200.4,0,121.40,2050,PowerBurst,31830.46484375
3200.4,1,122.03,2083,PowerBurst,31830.0859375
3200.4,2,184.81,2033,PowerBurst,31830.71875
3200.4,3,122.77,2083,PowerBurst,31830.38671875
3205.4,0,199.71,2083,PowerBurst,31830.46484375
3205.4,1,200.02,2083,PowerBurst,31830.0859375
3205.4,2,199.80,2083,PowerBurst,31830.71875
3205.4,3,200.01,2083,PowerBurst,31830.38671875
3210.4,0,200.23,2050,PowerBurst,31830.46484375
3210.4,1,199.64,2133,PowerBurst,31830.0859375
3210.4,2,200.27,2033,PowerBurst,31830.71875
3210.4,3,199.35,2183,PowerBurst,31830.38671875
3215.4,0,200.11,2033,PowerBurst,31830.46484375
3215.4,1,200.12,2133,PowerBurst,31830.0859375
3215.4,2,199.96,2033,PowerBurst,31830.71875
3215.4,3,200.61,2083,PowerBurst,31830.38671875
3220.4,0,199.68,2083,PowerBurst,31830.46484375
3220.4,1,200.10,2100,PowerBurst,31830.0859375
3220.4,2,199.54,2117,PowerBurst,31830.78125
3220.4,3,199.56,2150,PowerBurst,31830.38671875
3225.4,0,200.07,2067,PowerBurst,31830.46484375
3225.4,1,199.42,2217,PowerBurst,31830.0859375
3225.4,2,200.39,2033,PowerBurst,31830.78125
3225.4,3,200.19,2133,PowerBurst,31830.38671875
3230.4,0,200.10,2033,PowerBurst,31830.46484375
3230.4,1,200.78,2067,PowerBurst,31830.0859375
3230.4,2,200.03,2033,PowerBurst,31830.78125
3230.4,3,200.19,2100,PowerBurst,31830.38671875
3235.4,0,200.10,2033,PowerBurst,31830.46484375
3235.4,1,200.00,2067,PowerBurst,31830.0859375
3235.4,2,200.03,2033,PowerBurst,31830.78125
3235.4,3,199.95,2100,PowerBurst,31830.38671875
3240.4,0,199.61,2100,PowerBurst,31830.46484375
3240.4,1,199.73,2117,PowerBurst,31830.0859375
3240.4,2,199.44,2133,PowerBurst,31830.78125
3240.4,3,199.76,2133,PowerBurst,31830.38671875
3245.4,0,200.25,2067,PowerBurst,31830.46484375
3245.4,1,199.73,2167,PowerBurst,31830.0859375
3245.4,2,200.34,2083,PowerBurst,31830.78125
3245.4,3,200.07,2117,PowerBurst,31830.38671875
3250.4,0,200.02,2067,PowerBurst,31830.46484375
3250.4,1,200.59,2067,PowerBurst,31830.0859375
3250.4,2,199.92,2083,PowerBurst,31830.78125
3250.4,3,200.12,2117,PowerBurst,31830.38671875
3255.4,0,192.46,2400,None,31830.46484375
3255.4,1,189.42,2400,None,31830.0859375
3255.4,2,190.91,2400,None,31830.78125
3255.4,3,187.31,2400,None,31830.38671875
3260.4,0,183.91,2400,None,31830.46484375
3260.4,1,181.36,2400,None,31830.0859375
3260.4,2,178.32,2400,None,31830.78125
3260.4,3,178.60,2400,None,31830.38671875
3265.4,0,183.45,2400,None,31830.46484375
3265.4,1,181.09,2400,None,31830.0859375
3265.4,2,178.21,2400,None,31830.78125
3265.4,3,183.64,2083,PowerBurst,31830.38671875
3270.4,0,201.64,2033,PowerBurst,31830.46484375
3270.4,1,194.95,2067,PowerBurst,31830.0859375
3270.4,2,191.31,2033,PowerBurst,31830.78125
3270.4,3,199.89,2083,PowerBurst,31830.38671875
3275.4,0,200.00,2033,PowerBurst,31830.46484375
3275.4,1,199.79,2100,PowerBurst,31830.0859375
3275.4,2,199.81,2067,PowerBurst,31830.78125
3275.4,3,199.87,2117,PowerBurst,31830.38671875
3280.4,0,199.50,2117,PowerBurst,31830.46484375
3280.4,1,199.98,2100,PowerBurst,31830.0859375
3280.4,2,199.75,2117,PowerBurst,31830.78125
3280.4,3,200.23,2083,PowerBurst,31830.38671875
3285.4,0,200.10,2117,PowerBurst,31830.46484375
3285.4,1,200.13,2083,PowerBurst,31830.0859375
3285.4,2,200.34,2050,PowerBurst,31830.78125
3285.4,3,199.81,2117,PowerBurst,31830.38671875
3290.4,0,199.97,2117,PowerBurst,31830.46484375
3290.4,1,199.96,2083,PowerBurst,31830.0859375
3290.4,2,199.67,2100,PowerBurst,31830.78125
3290.4,3,199.91,2117,PowerBurst,31830.38671875
3295.4,0,191.46,2400,None,31830.46484375
3295.4,1,200.18,2067,PowerBurst,31830.0859375
3295.4,2,200.22,2067,PowerBurst,31830.78125
3295.4,3,192.13,2083,PowerBurst,31830.38671875
3300.4,0,199.25,2033,PowerBurst,31830.46484375
3300.4,1,199.87,2067,PowerBurst,31830.0859375
3300.4,2,200.14,2033,PowerBurst,31830.78125
3300.4,3,199.93,2100,PowerBurst,31830.38671875
3305.4,0,199.97,2033,PowerBurst,31830.46484375
3305.4,1,199.71,2133,PowerBurst,31830.0859375
3305.4,2,199.99,2033,PowerBurst,31830.78125
3305.4,3,200.15,2067,PowerBurst,31830.38671875
3310.4,0,199.86,2050,PowerBurst,31830.46484375
3310.4,1,200.14,2100,PowerBurst,31830.0859375
3310.4,2,199.63,2100,PowerBurst,31830.78125
3310.4,3,199.42,2167,PowerBurst,31830.38671875
3315.4,0,200.05,2050,PowerBurst,31830.46484375
3315.4,1,199.54,2200,PowerBurst,31830.0859375
3315.4,2,200.34,2050,PowerBurst,31830.78125
3315.4,3,200.52,2067,PowerBurst,31830.38671875
3320.4,0,200.03,2033,PowerBurst,31830.46484375
3320.4,1,200.70,2067,PowerBurst,31830.0859375
3320.4,2,199.36,2167,PowerBurst,31830.78125
3320.4,3,199.57,2150,PowerBurst,31830.38671875
3325.4,0,193.73,2400,None,31830.46484375
3325.4,1,186.10,2400,None,31830.0859375
3325.4,2,187.98,2400,None,31830.78125
3325.4,3,182.15,2400,None,31830.38671875
3330.4,0,182.84,2400,None,31830.46484375
3330.4,1,181.25,2400,None,31830.0859375
3330.4,2,178.47,2400,None,31830.78125
3330.4,3,178.57,2400,None,31830.38671875
3335.4,0,182.11,2400,None,31830.46484375
3335.4,1,180.78,2400,None,31830.0859375
3335.4,2,178.38,2400,None,31830.78125
3335.4,3,161.91,2400,None,31830.38671875
