t_s,card,gpu_busy_pct,package_temp_c,vram_temp_c,vram_hottest_channel_c,memory_controller_temp_c,pcie_temp_c,fan_rpm,power_w,energy_counter_uj
0.0,0,0.00,61.0,64.0,64.0,47.0,64.0,1508,,60087981457641
0.0,1,0.00,52.0,56.0,56.0,40.0,54.0,1113,,31443107963623
0.0,2,0.00,55.0,58.0,58.0,42.0,57.0,1214,,28901407141906
0.0,3,0.00,58.0,60.0,60.0,44.0,60.0,1280,,29191121298828
5.0,0,0.00,61.0,64.0,64.0,47.0,64.0,1450,50.88,60088269962829
5.0,1,0.00,52.0,56.0,56.0,40.0,54.0,1131,48.50,31443382934020
6.0,2,0.00,55.0,58.0,58.0,42.0,57.0,1216,47.04,28901673877746
6.0,3,0.00,57.0,60.0,60.0,44.0,60.0,1299,47.55,29191391378662
11.0,0,0.00,61.0,64.0,64.0,46.0,63.0,1448,50.94,60088559314575
11.0,1,0.00,52.0,56.0,56.0,40.0,54.0,1131,48.64,31443659182495
11.0,2,0.00,55.0,58.0,58.0,42.0,57.0,1193,47.17,28901942251831
11.0,3,0.00,57.0,60.0,60.0,44.0,59.0,1299,47.78,29191662782897
17.0,0,0.00,60.0,64.0,64.0,46.0,62.0,1415,49.58,60088840912231
17.0,1,0.00,52.0,56.0,56.0,40.0,54.0,1131,48.23,31443933112060
17.0,2,0.00,55.0,58.0,58.0,42.0,57.0,1217,47.35,28902210717102
17.0,3,0.00,57.0,60.0,60.0,44.0,59.0,1302,47.81,29191933886657
22.0,0,0.00,59.0,64.0,64.0,46.0,62.0,1409,49.34,60089120188415
22.0,1,0.00,52.0,56.0,56.0,40.0,54.0,1113,48.22,31444206064208
23.0,2,0.00,55.0,58.0,58.0,42.0,57.0,1239,47.33,28902478584838
23.0,3,0.00,57.0,60.0,60.0,44.0,59.0,1292,47.92,29192205122680
28.0,0,0.00,59.0,64.0,64.0,45.0,62.0,1334,49.20,60089399140075
28.0,1,0.00,52.0,56.0,56.0,40.0,54.0,1123,48.21,31444479438110
28.0,2,0.00,55.0,58.0,58.0,42.0,57.0,1208,47.03,28902745240173
28.0,3,0.00,57.0,60.0,60.0,43.0,59.0,1294,47.47,29192474259155
34.0,0,0.00,59.0,62.0,62.0,45.0,62.0,1380,50.52,60089685071166
34.0,1,0.00,52.0,56.0,56.0,40.0,54.0,1125,48.40,31444753385253
34.0,2,0.00,55.0,58.0,58.0,42.0,57.0,1199,47.25,28903012669433
34.0,3,0.00,57.0,60.0,60.0,43.0,59.0,1272,47.74,29192744466552
39.0,0,0.00,59.0,60.0,60.0,45.0,61.0,1344,53.45,60089988135864
39.0,1,0.00,52.0,56.0,56.0,40.0,54.0,1143,48.52,31445028467224
40.0,2,0.00,55.0,58.0,58.0,42.0,58.0,1248,47.29,28903280824340
40.0,3,0.00,57.0,60.0,60.0,43.0,59.0,1269,47.92,29193016179443
45.0,0,0.00,59.0,60.0,60.0,45.0,61.0,1343,51.84,60090282059448
45.0,1,0.00,52.0,56.0,56.0,40.0,54.0,1123,47.97,31445300433959
45.0,2,0.00,55.0,58.0,58.0,42.0,57.0,1249,47.29,28903548977233
45.0,3,0.00,57.0,60.0,60.0,43.0,59.0,1271,47.51,29193285572143
51.0,0,0.00,58.0,60.0,60.0,45.0,61.0,1357,51.41,60090573545471
51.0,1,0.00,52.0,56.0,56.0,40.0,54.0,1123,48.08,31445573030578
51.0,2,0.00,55.0,58.0,58.0,42.0,57.0,1219,47.11,28903816076904
51.0,3,0.00,56.0,60.0,60.0,43.0,59.0,1278,47.52,29193555488586
56.0,0,0.00,58.0,60.0,60.0,44.0,60.0,1344,50.32,60090858863098
56.0,1,0.00,52.0,56.0,56.0,40.0,54.0,1112,48.43,31445847647583
57.0,2,0.00,55.0,58.0,58.0,42.0,57.0,1208,47.34,28904084003356
57.0,3,0.00,56.0,60.0,60.0,43.0,59.0,1265,47.71,29193825057250
62.0,0,2.43,58.0,60.0,60.0,44.0,60.0,1297,56.09,60091175771606
62.0,1,2.44,52.0,56.0,56.0,40.0,54.0,1116,52.83,31446145604064
62.0,2,0.00,55.0,58.0,58.0,42.0,58.0,1202,47.19,28904350613891
62.0,3,0.00,56.0,60.0,60.0,43.0,59.0,1277,47.66,29194093844726
68.0,0,4.53,59.0,60.0,60.0,45.0,61.0,1340,63.65,60091534777770
68.0,1,4.43,53.0,56.0,56.0,40.0,54.0,1106,62.30,31446496952148
68.0,2,0.00,55.0,58.0,58.0,42.0,57.0,1234,47.02,28904615818603
68.0,3,0.00,56.0,60.0,60.0,43.0,58.0,1275,47.54,29194361961059
73.0,0,16.33,58.0,60.0,60.0,45.0,61.0,1351,64.52,60091898675109
73.0,1,15.45,53.0,56.0,56.0,41.0,55.0,1171,62.84,31446852022460
73.0,2,0.00,55.0,58.0,58.0,42.0,57.0,1223,47.21,28904882083129
74.0,3,0.00,56.0,60.0,60.0,43.0,58.0,1276,47.52,29194630472045
79.0,0,16.44,58.0,60.0,60.0,44.0,61.0,1340,64.24,60092260996704
79.0,1,16.67,54.0,56.0,56.0,41.0,55.0,1159,62.81,31447206245971
79.0,2,0.00,55.0,58.0,58.0,42.0,57.0,1191,47.89,28905152654663
79.0,3,0.00,56.0,60.0,60.0,43.0,58.0,1276,47.78,29194899959289
84.0,0,13.06,59.0,60.0,60.0,45.0,61.0,1307,64.53,60092625607543
85.0,1,15.39,54.0,56.0,56.0,41.0,55.0,1147,62.81,31447561136535
85.0,2,0.00,55.0,58.0,58.0,42.0,57.0,1233,47.30,28905419430664
85.0,3,0.00,56.0,60.0,60.0,43.0,58.0,1276,47.75,29195169733459
90.0,0,5.02,59.0,60.0,60.0,45.0,61.0,1349,59.82,60092963601318
90.0,1,6.06,54.0,56.0,56.0,41.0,55.0,1168,57.46,31447885782409
90.0,2,0.00,55.0,58.0,58.0,42.0,57.0,1252,47.28,28905687038024
91.0,3,0.00,56.0,60.0,60.0,43.0,58.0,1271,47.37,29195437832458
96.0,0,100.00,65.0,66.0,66.0,48.0,64.0,1358,119.11,60093637775451
96.0,1,,58.0,62.0,62.0,43.0,59.0,1167,120.82,31448569604125
96.0,2,0.00,55.0,58.0,58.0,42.0,57.0,1211,47.22,28905953806762
96.0,3,0.00,56.0,60.0,60.0,43.0,58.0,1265,47.58,29195706633361
101.0,0,1.02,58.0,62.0,62.0,45.0,61.0,1401,54.23,60093944739746
102.0,1,1.02,54.0,58.0,58.0,42.0,56.0,1263,51.94,31448863080627
102.0,2,0.00,55.0,58.0,58.0,42.0,57.0,1177,47.25,28906221218261
102.0,3,0.00,56.0,60.0,60.0,43.0,58.0,1240,47.68,29195976993530
107.0,0,0.50,58.0,60.0,60.0,44.0,60.0,1357,48.94,60094221724060
107.0,1,0.51,54.0,58.0,58.0,41.0,56.0,1197,48.54,31449138321655
107.0,2,0.00,55.0,58.0,58.0,42.0,57.0,1208,47.19,28906488778259
108.0,3,0.00,56.0,60.0,60.0,43.0,58.0,1251,47.69,29196246464721
113.0,0,0.50,57.0,60.0,60.0,44.0,60.0,1326,48.43,60094495863891
113.0,1,0.50,54.0,58.0,58.0,41.0,55.0,1188,48.24,31449411350585
113.0,2,0.00,55.0,58.0,58.0,42.0,57.0,1199,47.01,28906754879333
113.0,3,0.00,56.0,60.0,60.0,43.0,58.0,1262,47.29,29196514110839
118.0,0,0.00,57.0,60.0,60.0,44.0,60.0,1283,48.63,60094771098571
119.0,1,0.00,53.0,58.0,58.0,41.0,55.0,1187,48.28,31449684623046
119.0,2,0.00,55.0,58.0,58.0,42.0,57.0,1208,47.22,28907022144897
119.0,3,0.00,56.0,60.0,60.0,43.0,58.0,1241,47.39,29196782836975
124.0,0,0.00,58.0,60.0,60.0,44.0,60.0,1291,53.34,60095073525146
124.0,1,0.00,55.0,58.0,58.0,41.0,56.0,1174,57.79,31450012302246
124.0,2,0.00,55.0,58.0,58.0,42.0,57.0,1205,47.18,28907290102966
125.0,3,0.00,56.0,60.0,60.0,43.0,57.0,1257,47.66,29197053543029
130.0,0,0.00,57.0,60.0,60.0,44.0,60.0,1310,52.40,60095371157470
130.0,1,0.00,55.0,58.0,58.0,41.0,56.0,1204,57.09,31450337155029
130.0,2,0.00,55.0,58.0,58.0,42.0,57.0,1193,47.35,28907559043701
130.0,3,0.00,56.0,60.0,60.0,43.0,58.0,1244,47.76,29197325320983
135.0,0,53.70,59.0,60.0,60.0,45.0,61.0,1303,62.61,60095726143249
136.0,1,55.72,56.0,60.0,60.0,42.0,57.0,1210,64.00,31450698741271
136.0,2,0.00,55.0,58.0,58.0,42.0,58.0,1205,47.17,28907825094787
136.0,3,0.00,56.0,60.0,60.0,43.0,58.0,1254,47.56,29197592124694
141.0,0,,60.0,62.0,62.0,46.0,62.0,1275,124.01,60096421835144
141.0,1,,57.0,60.0,60.0,43.0,58.0,1169,122.52,31451384839477
141.0,2,0.00,55.0,58.0,58.0,42.0,57.0,1212,47.68,28908091608703
141.0,3,0.00,56.0,60.0,60.0,43.0,58.0,1244,48.49,29197863170349
147.0,0,100.00,65.0,66.0,66.0,48.0,65.0,1326,122.30,60097107953674
147.0,1,,62.0,64.0,64.0,45.0,61.0,1193,122.85,31452076465515
147.0,2,0.00,55.0,58.0,58.0,42.0,57.0,1190,47.71,28908361193725
147.0,3,0.00,56.0,60.0,60.0,42.0,57.0,1253,48.60,29198137749572
152.0,0,,62.0,64.0,64.0,47.0,64.0,1354,115.21,60097756562744
152.0,1,,59.0,62.0,62.0,44.0,60.0,1252,110.92,31452698716369
153.0,2,0.00,55.0,58.0,58.0,42.0,57.0,1189,47.91,28908629484619
153.0,3,0.00,56.0,58.0,58.0,43.0,58.0,1243,48.71,29198410503601
158.0,0,0.00,61.0,64.0,64.0,46.0,63.0,1429,77.86,60098194158752
158.0,1,0.00,58.0,62.0,62.0,44.0,59.0,1297,74.98,31453121610351
158.0,2,0.00,55.0,58.0,58.0,42.0,58.0,1231,47.76,28908899303833
158.0,3,0.00,56.0,58.0,58.0,43.0,58.0,1250,47.68,29198680852966
164.0,0,0.00,60.0,64.0,64.0,46.0,62.0,1454,57.94,60098522075012
164.0,1,0.00,57.0,62.0,62.0,43.0,58.0,1338,57.41,31453446569885
164.0,2,0.00,55.0,58.0,58.0,42.0,57.0,1253,47.20,28909165983520
164.0,3,0.00,56.0,58.0,58.0,43.0,58.0,1242,47.44,29198948906860
169.0,0,50.20,65.0,66.0,66.0,48.0,65.0,1390,84.18,60098997698486
169.0,1,50.21,62.0,64.0,64.0,46.0,61.0,1307,87.21,31453939334045
170.0,2,0.00,55.0,58.0,58.0,42.0,57.0,1253,47.12,28909432220275
170.0,3,0.00,56.0,58.0,58.0,42.0,58.0,1242,47.58,29199218213745
175.0,0,100.00,67.0,68.0,68.0,49.0,67.0,1432,199.92,60100129256835
175.0,1,,64.0,66.0,66.0,47.0,64.0,1333,199.86,31455072565185
175.0,2,0.00,55.0,58.0,58.0,42.0,57.0,1206,47.25,28909700589294
175.0,3,0.00,56.0,58.0,58.0,42.0,58.0,1249,47.89,29199489757446
181.0,0,,68.0,70.0,70.0,51.0,69.0,1818,199.66,60101263308471
181.0,1,,66.0,68.0,68.0,49.0,66.0,1448,200.05,31456206872253
181.0,2,0.00,55.0,58.0,58.0,42.0,58.0,1205,47.45,28909970103210
181.0,3,0.00,56.0,58.0,58.0,43.0,58.0,1247,47.67,29199760523254
186.0,0,99.08,70.0,72.0,72.0,51.0,69.0,2188,184.32,60102310258544
186.0,1,99.10,68.0,70.0,70.0,50.0,67.0,1671,183.65,31457250013977
187.0,2,0.00,55.0,58.0,58.0,42.0,58.0,1206,47.39,28910238778076
187.0,3,0.00,56.0,58.0,58.0,43.0,57.0,1248,47.96,29200032475769
192.0,0,,70.0,72.0,72.0,52.0,70.0,2336,199.95,60103443948486
192.0,1,,69.0,72.0,70.0,50.0,68.0,1934,199.82,31458384994934
192.0,2,0.00,55.0,58.0,58.0,42.0,58.0,1237,47.25,28910507145874
192.0,3,0.00,56.0,58.0,58.0,43.0,58.0,1247,47.86,29200304296508
198.0,0,,71.0,72.0,72.0,52.0,70.0,2462,199.90,60104579353088
198.0,1,,69.0,72.0,72.0,51.0,68.0,2187,199.89,31459520364868
198.0,2,0.00,55.0,58.0,58.0,42.0,58.0,1238,47.31,28910775879028
198.0,3,0.00,56.0,58.0,58.0,43.0,58.0,1248,47.79,29200575735595
203.0,0,100.00,70.0,74.0,72.0,51.0,70.0,2581,196.31,60105694383972
203.0,1,,69.0,74.0,74.0,51.0,69.0,2285,196.16,31460632599670
204.0,2,0.00,55.0,58.0,58.0,42.0,58.0,1249,47.32,28911044159851
204.0,3,0.00,56.0,58.0,58.0,43.0,58.0,1240,47.85,29200847043701
209.0,0,,69.0,74.0,72.0,52.0,70.0,2606,199.83,60106825414428
209.0,1,,69.0,74.0,74.0,51.0,69.0,2415,200.09,31461765111328
209.0,2,0.00,55.0,58.0,58.0,43.0,58.0,1239,47.23,28911311942260
209.0,3,0.00,56.0,58.0,58.0,43.0,58.0,1258,47.94,29201118880371
215.0,0,100.00,70.0,74.0,74.0,52.0,70.0,2781,199.74,60107959929199
215.0,1,,70.0,74.0,74.0,52.0,69.0,2474,199.69,31462899371643
215.0,2,0.00,55.0,58.0,58.0,43.0,58.0,1259,47.36,28911580469848
215.0,3,0.00,56.0,58.0,58.0,43.0,58.0,1280,47.93,29201390663085
220.0,0,,70.0,74.0,74.0,52.0,70.0,2643,197.45,60109079450256
220.0,1,,70.0,74.0,74.0,51.0,69.0,2509,197.10,31464016915283
221.0,2,0.00,56.0,58.0,58.0,43.0,58.0,1260,47.46,28911849575500
221.0,3,0.00,56.0,58.0,58.0,43.0,58.0,1261,47.92,29201662381591
226.0,0,,70.0,74.0,74.0,52.0,70.0,2652,199.92,60110210998840
226.0,1,,69.0,74.0,76.0,52.0,69.0,2499,199.47,31465147919189
226.0,2,0.00,56.0,58.0,58.0,43.0,58.0,1239,47.24,28912117415832
226.0,3,0.00,56.0,58.0,58.0,43.0,58.0,1281,47.82,29201933549316
232.0,0,,67.0,74.0,74.0,51.0,69.0,2791,197.71,60111330021423
232.0,1,,66.0,74.0,74.0,50.0,68.0,2488,195.88,31466252658325
232.0,2,0.00,56.0,58.0,58.0,43.0,58.0,1259,47.30,28912383741455
232.0,3,0.00,56.0,58.0,58.0,43.0,58.0,1284,48.04,29202203063903
237.0,0,,70.0,74.0,76.0,52.0,70.0,2578,198.74,60112448910339
237.0,1,,70.0,76.0,76.0,52.0,69.0,2489,200.78,31467385063232
238.0,2,0.00,56.0,58.0,58.0,43.0,58.0,1251,47.41,28912651625366
238.0,3,0.00,57.0,58.0,58.0,43.0,59.0,1269,47.89,29202474597900
243.0,0,,70.0,74.0,74.0,52.0,71.0,2751,199.85,60113582087524
243.0,1,,71.0,76.0,76.0,52.0,70.0,2562,199.86,31468518253112
243.0,2,0.00,56.0,58.0,58.0,43.0,58.0,1239,47.47,28912920808044
243.0,3,0.00,56.0,58.0,58.0,43.0,59.0,1270,47.73,29202745250854
249.0,0,,66.0,72.0,72.0,50.0,68.0,2792,180.02,60114601010131
249.0,1,,66.0,74.0,74.0,50.0,67.0,2769,177.86,31469521356018
249.0,2,0.00,56.0,58.0,58.0,43.0,58.0,1251,47.36,28913186972106
249.0,3,0.00,57.0,58.0,58.0,43.0,59.0,1266,47.99,29203014448059
254.0,0,,69.0,76.0,74.0,51.0,70.0,2332,167.26,60115537648559
254.0,1,,70.0,76.0,76.0,51.0,69.0,2324,168.41,31470469529663
254.0,2,0.00,56.0,58.0,58.0,43.0,59.0,1243,47.63,28913456074340
255.0,3,0.00,57.0,58.0,58.0,43.0,59.0,1271,48.36,29203288152770
260.0,0,,70.0,76.0,76.0,52.0,70.0,2368,199.69,60116671911743
260.0,1,,70.0,76.0,76.0,51.0,70.0,2346,200.33,31471605385437
260.0,2,0.00,56.0,58.0,58.0,43.0,58.0,1237,47.39,28913725251831
260.0,3,0.00,57.0,58.0,58.0,43.0,59.0,1279,47.91,29203560292846
266.0,0,,70.0,74.0,74.0,52.0,71.0,2654,199.64,60117805854614
266.0,1,,70.0,76.0,76.0,52.0,70.0,2571,199.73,31472739870605
266.0,2,0.00,56.0,58.0,58.0,43.0,58.0,1238,47.55,28913994884521
266.0,3,0.00,57.0,58.0,58.0,43.0,59.0,1269,47.89,29203831809204
271.0,0,,70.0,76.0,76.0,51.0,70.0,2791,198.06,60118928845703
271.0,1,,71.0,76.0,78.0,52.0,70.0,2780,197.27,31473860354614
272.0,2,0.00,56.0,58.0,58.0,43.0,59.0,1269,47.26,28914263320556
272.0,3,0.00,57.0,58.0,58.0,43.0,59.0,1279,47.89,29204103830871
277.0,0,,71.0,76.0,76.0,52.0,70.0,2801,199.87,60120064107727
277.0,1,,70.0,78.0,76.0,52.0,70.0,2643,200.29,31474996009765
277.0,2,0.00,56.0,58.0,58.0,43.0,59.0,1268,47.33,28914532148620
277.0,3,0.00,57.0,58.0,58.0,43.0,59.0,1278,47.96,29204376234924
283.0,0,,66.0,72.0,74.0,50.0,68.0,2800,187.30,60121124247436
283.0,1,,66.0,74.0,74.0,50.0,68.0,2726,185.10,31476039987243
283.0,2,0.00,56.0,58.0,58.0,43.0,59.0,1272,47.54,28914799296752
283.0,3,0.00,57.0,58.0,58.0,44.0,59.0,1267,48.08,29204645478210
288.0,0,,70.0,76.0,76.0,51.0,70.0,2544,197.55,60122232497924
288.0,1,,70.0,78.0,78.0,52.0,70.0,2524,199.13,31477161111755
288.0,2,0.00,57.0,58.0,58.0,43.0,58.0,1284,47.54,28915067908081
289.0,3,0.00,57.0,58.0,58.0,44.0,59.0,1269,47.86,29204916863037
294.0,0,,70.0,76.0,76.0,52.0,70.0,2506,199.81,60123367424316
294.0,1,,70.0,78.0,76.0,52.0,70.0,2517,199.68,31478295271179
294.0,2,0.00,56.0,60.0,60.0,43.0,59.0,1269,47.30,28915336083007
294.0,3,0.00,57.0,58.0,58.0,44.0,59.0,1279,47.98,29205188917297
300.0,0,,67.0,72.0,72.0,50.0,68.0,2756,180.87,60124391148132
300.0,1,,66.0,74.0,74.0,50.0,68.0,2755,178.78,31479305400207
300.0,2,0.00,56.0,60.0,60.0,44.0,59.0,1281,47.44,28915603158996
300.0,3,0.00,57.0,58.0,58.0,44.0,59.0,1286,48.17,29205459133544
305.0,0,90.54,69.0,74.0,74.0,51.0,69.0,2284,128.00,60125110500366
305.0,1,90.52,69.0,76.0,76.0,51.0,68.0,2255,129.65,31480035310302
305.0,2,0.00,57.0,60.0,60.0,43.0,59.0,1286,48.06,28915874194580
306.0,3,0.00,57.0,58.0,58.0,44.0,59.0,1303,48.65,29205734490356
311.0,0,,70.0,74.0,74.0,51.0,70.0,2172,200.16,60126243433166
311.0,1,,71.0,76.0,76.0,52.0,70.0,2120,200.01,31481167387451
311.0,2,0.00,56.0,60.0,60.0,44.0,59.0,1270,47.59,28916144042907
311.0,3,0.00,57.0,58.0,58.0,44.0,59.0,1302,47.79,29206005924926
316.0,0,,71.0,74.0,74.0,52.0,70.0,2470,199.68,60127373637756
317.0,1,,70.0,76.0,78.0,52.0,70.0,2425,199.84,31482300502441
317.0,2,0.00,56.0,60.0,60.0,44.0,59.0,1281,47.22,28916411796813
317.0,3,0.00,57.0,58.0,58.0,44.0,59.0,1270,47.86,29206277289184
322.0,0,,70.0,74.0,76.0,52.0,70.0,2758,200.23,60128510921875
322.0,1,,71.0,78.0,76.0,52.0,70.0,2750,199.93,31483434133422
322.0,2,0.00,57.0,60.0,60.0,44.0,59.0,1280,47.34,28916680676940
323.0,3,0.00,57.0,58.0,58.0,44.0,59.0,1280,47.97,29206549294067
328.0,0,,70.0,74.0,76.0,52.0,70.0,2800,199.92,60129646464538
328.0,1,100.00,71.0,78.0,76.0,52.0,70.0,2799,199.64,31484570061096
328.0,2,0.00,57.0,60.0,60.0,44.0,59.0,1268,47.50,28916950462768
328.0,3,0.00,57.0,58.0,58.0,44.0,59.0,1300,47.98,29206821828063
333.0,0,,70.0,76.0,74.0,52.0,70.0,2800,199.83,60130781487731
334.0,1,,70.0,76.0,76.0,51.0,69.0,2801,200.27,31485705564697
334.0,2,0.00,57.0,60.0,60.0,44.0,59.0,1269,47.32,28917219261413
334.0,3,0.00,57.0,58.0,58.0,44.0,59.0,1290,47.91,29207093978820
339.0,0,,70.0,74.0,74.0,52.0,70.0,2801,199.65,60131915499572
339.0,1,,70.0,78.0,78.0,52.0,69.0,2801,200.17,31486842526000
339.0,2,0.00,57.0,60.0,60.0,44.0,59.0,1279,47.38,28917487917663
340.0,3,0.00,57.0,58.0,58.0,44.0,59.0,1299,47.97,29207366431884
345.0,0,,70.0,74.0,74.0,52.0,70.0,2809,200.08,60133051953369
345.0,1,,70.0,78.0,76.0,52.0,70.0,2810,200.00,31487978513061
345.0,2,0.00,57.0,60.0,60.0,44.0,59.0,1258,47.43,28917757324523
345.0,3,0.00,57.0,58.0,58.0,44.0,59.0,1300,47.99,29207638988769
351.0,0,,70.0,74.0,74.0,52.0,71.0,2800,199.90,60134187406372
351.0,1,,71.0,78.0,76.0,51.0,69.0,2798,200.25,31489115948486
351.0,2,0.00,57.0,60.0,60.0,44.0,59.0,1266,47.55,28918027890625
351.0,3,0.00,57.0,58.0,58.0,44.0,59.0,1298,47.86,29207911306457
356.0,0,,70.0,74.0,74.0,52.0,70.0,2807,200.46,60135328021484
356.0,1,,70.0,76.0,76.0,51.0,70.0,2798,199.36,31490250281311
357.0,2,0.00,57.0,60.0,60.0,44.0,59.0,1300,47.32,28918296683776
357.0,3,0.00,58.0,58.0,58.0,44.0,59.0,1300,47.93,29208183041931
362.0,0,,70.0,74.0,74.0,52.0,71.0,2802,199.99,60136461948913
362.0,1,,70.0,76.0,76.0,51.0,69.0,2802,200.35,31491386247009
362.0,2,0.00,57.0,60.0,60.0,44.0,59.0,1290,47.32,28918565473327
362.0,3,0.00,57.0,58.0,58.0,44.0,60.0,1301,47.90,29208455128540
368.0,0,,70.0,74.0,74.0,52.0,70.0,2813,199.57,60137595519104
368.0,1,,70.0,76.0,76.0,52.0,70.0,2808,199.63,31492522145080
368.0,2,0.00,57.0,60.0,60.0,44.0,59.0,1310,47.55,28918835566345
368.0,3,0.00,57.0,60.0,60.0,44.0,59.0,1289,47.94,29208727416992
373.0,0,,70.0,72.0,72.0,52.0,70.0,2798,200.24,60138732906127
373.0,1,,70.0,76.0,76.0,52.0,70.0,2802,200.08,31493656591796
374.0,2,0.00,57.0,60.0,60.0,44.0,60.0,1301,47.31,28919104263732
374.0,3,0.00,57.0,60.0,60.0,44.0,59.0,1301,47.82,29208999010742
379.0,0,,71.0,74.0,74.0,52.0,70.0,2808,199.92,60139866439331
379.0,1,,70.0,76.0,76.0,51.0,69.0,2797,200.56,31494789768981
379.0,2,0.00,57.0,60.0,60.0,44.0,60.0,1302,47.40,28919370641540
379.0,3,0.00,58.0,60.0,60.0,44.0,59.0,1307,47.99,29209268257385
385.0,0,,71.0,74.0,74.0,52.0,70.0,2810,199.87,60140987697570
385.0,1,,70.0,76.0,76.0,51.0,70.0,2799,199.84,31495916846374
385.0,2,0.00,57.0,60.0,60.0,44.0,59.0,1304,47.33,28919638525024
385.0,3,0.00,58.0,60.0,60.0,44.0,59.0,1289,48.02,29209540555419
390.0,0,,70.0,74.0,74.0,52.0,70.0,2799,200.28,60142125307617
390.0,1,,70.0,76.0,76.0,52.0,69.0,2800,199.45,31497049718078
391.0,2,0.00,57.0,60.0,60.0,44.0,60.0,1311,47.50,28919908320129
391.0,3,0.00,58.0,60.0,60.0,44.0,60.0,1300,47.94,29209812859558
396.0,0,92.17,70.0,74.0,74.0,51.0,70.0,2750,194.25,60143228656555
396.0,1,92.17,70.0,78.0,78.0,52.0,70.0,2729,194.45,31498152229553
396.0,2,0.00,58.0,60.0,60.0,44.0,59.0,1291,47.45,28920177384277
396.0,3,0.00,58.0,60.0,60.0,44.0,60.0,1301,47.93,29210084638916
402.0,0,,70.0,74.0,74.0,52.0,70.0,2525,199.82,60144363651245
402.0,1,,70.0,76.0,78.0,51.0,70.0,2514,200.01,31499288273742
402.0,2,0.00,57.0,60.0,60.0,44.0,59.0,1310,47.40,28920446591064
402.0,3,0.00,58.0,60.0,60.0,44.0,60.0,1290,47.97,29210357091979
407.0,0,,71.0,74.0,74.0,52.0,70.0,2659,200.01,60145495692565
407.0,1,,70.0,76.0,78.0,52.0,70.0,2672,200.01,31500420308898
408.0,2,0.00,57.0,60.0,60.0,44.0,59.0,1305,47.49,28920715368774
408.0,3,0.00,58.0,60.0,60.0,44.0,60.0,1303,47.97,29210629056945
413.0,0,,70.0,76.0,74.0,52.0,70.0,2792,199.90,60146631115295
413.0,1,,69.0,76.0,78.0,52.0,70.0,2789,199.73,31501554802978
413.0,2,0.00,57.0,60.0,60.0,44.0,59.0,1278,47.60,28920985724426
413.0,3,0.00,58.0,60.0,60.0,44.0,60.0,1300,48.10,29210902282958
419.0,0,,71.0,74.0,74.0,52.0,70.0,2800,200.09,60147765600585
419.0,1,,70.0,76.0,78.0,51.0,70.0,2801,200.03,31502690970886
419.0,2,0.00,58.0,60.0,60.0,44.0,59.0,1313,47.36,28921254739379
419.0,3,0.00,58.0,60.0,60.0,44.0,59.0,1296,48.09,29211174006408
424.0,0,,70.0,74.0,74.0,52.0,70.0,2803,200.00,60148897598632
424.0,1,,71.0,76.0,76.0,52.0,70.0,2803,199.67,31503819123718
425.0,2,0.00,57.0,60.0,60.0,44.0,59.0,1304,47.46,28921522868225
425.0,3,0.00,58.0,60.0,60.0,44.0,60.0,1300,48.04,29211446391662
430.0,0,,71.0,74.0,74.0,52.0,70.0,2802,199.80,60150030473449
430.0,1,,70.0,76.0,78.0,51.0,70.0,2802,200.32,31504956937927
430.0,2,0.00,58.0,60.0,60.0,44.0,60.0,1301,47.51,28921792750183
430.0,3,0.00,58.0,60.0,60.0,44.0,60.0,1300,48.00,29211719019714
436.0,0,,70.0,74.0,74.0,51.0,70.0,2810,199.98,60151166382812
436.0,1,,70.0,78.0,76.0,52.0,70.0,2800,200.09,31506091447570
436.0,2,0.00,58.0,60.0,60.0,44.0,60.0,1300,47.41,28922062031677
436.0,3,0.00,58.0,60.0,60.0,44.0,59.0,1290,47.90,29211991113220
441.0,0,,70.0,74.0,74.0,51.0,70.0,2804,199.81,60152301289978
441.0,1,,71.0,76.0,76.0,52.0,70.0,2806,199.51,31507224652160
442.0,2,0.00,58.0,60.0,60.0,44.0,60.0,1307,47.40,28922329827819
442.0,3,0.00,58.0,60.0,60.0,44.0,60.0,1301,48.04,29212261564086
447.0,0,,70.0,74.0,74.0,51.0,70.0,2811,200.12,60153427948425
447.0,1,,70.0,78.0,76.0,52.0,70.0,2796,200.43,31508355059020
447.0,2,0.00,58.0,60.0,60.0,44.0,60.0,1293,47.44,28922598348937
447.0,3,0.00,58.0,60.0,60.0,44.0,60.0,1298,48.04,29212534424499
453.0,0,,70.0,74.0,74.0,51.0,69.0,2796,200.03,60154566100708
453.0,1,,71.0,76.0,76.0,52.0,70.0,2808,199.69,31509489303344
453.0,2,0.00,58.0,62.0,62.0,44.0,60.0,1288,47.56,28922868513244
453.0,3,0.00,58.0,60.0,60.0,44.0,60.0,1342,48.01,29212807586242
458.0,0,,70.0,74.0,74.0,51.0,70.0,2813,200.08,60155700543212
458.0,1,,69.0,78.0,76.0,52.0,70.0,2801,200.29,31510626926513
459.0,2,0.00,58.0,62.0,62.0,44.0,60.0,1290,47.40,28923137738281
459.0,3,0.00,58.0,60.0,60.0,44.0,60.0,1343,48.04,29213079976684
464.0,0,,70.0,74.0,74.0,52.0,70.0,2800,200.01,60156836595947
464.0,1,,71.0,76.0,76.0,52.0,70.0,2801,199.83,31511759970153
464.0,2,0.00,58.0,62.0,62.0,44.0,60.0,1300,47.34,28923406633117
464.0,3,0.00,58.0,60.0,60.0,44.0,59.0,1353,48.00,29213352610534
470.0,0,,71.0,74.0,74.0,52.0,71.0,2812,200.09,60157973114074
470.0,1,,70.0,76.0,76.0,51.0,70.0,2805,200.04,31512896209838
470.0,2,0.00,58.0,62.0,62.0,45.0,60.0,1303,47.40,28923675415161
470.0,3,0.00,58.0,60.0,60.0,44.0,60.0,1292,48.09,29213625292663
475.0,0,,70.0,74.0,74.0,52.0,70.0,2800,200.03,60159109273559
475.0,1,,70.0,76.0,76.0,51.0,69.0,2799,199.92,31514031781494
476.0,2,0.00,58.0,62.0,62.0,44.0,60.0,1310,47.57,28923945627746
476.0,3,0.00,58.0,60.0,60.0,44.0,60.0,1300,48.05,29213898189880
481.0,0,,70.0,74.0,74.0,52.0,70.0,2804,200.12,60160243977966
481.0,1,,70.0,76.0,76.0,51.0,69.0,2802,200.24,31515167129089
481.0,2,0.00,58.0,62.0,62.0,45.0,60.0,1300,47.35,28924214568054
481.0,3,0.00,58.0,60.0,60.0,44.0,60.0,1353,48.01,29214170872131
487.0,0,,69.0,76.0,76.0,51.0,70.0,2715,192.57,60161337775756
487.0,1,,70.0,78.0,78.0,51.0,70.0,2695,192.23,31516259019226
487.0,2,0.00,58.0,62.0,62.0,44.0,60.0,1300,47.45,28924484103027
487.0,3,0.00,58.0,60.0,60.0,44.0,60.0,1343,48.02,29214443607910
492.0,0,,70.0,74.0,76.0,52.0,70.0,2517,199.91,60162471266662
492.0,1,,70.0,78.0,78.0,52.0,70.0,2506,199.78,31517393779479
493.0,2,0.00,58.0,62.0,62.0,45.0,60.0,1312,47.60,28924753998718
493.0,3,0.00,58.0,60.0,60.0,44.0,60.0,1343,48.14,29214716568542
498.0,0,,70.0,76.0,76.0,52.0,70.0,2746,199.59,60163606926574
498.0,1,,71.0,78.0,78.0,52.0,70.0,2759,199.67,31518527910827
498.0,2,0.00,58.0,62.0,62.0,44.0,60.0,1290,47.44,28925023445495
498.0,3,0.00,58.0,60.0,60.0,44.0,60.0,1312,47.93,29214988788635
504.0,0,,71.0,76.0,76.0,52.0,71.0,2793,199.91,60164740399414
504.0,1,,70.0,76.0,78.0,52.0,70.0,2802,200.17,31519662889465
504.0,2,0.00,58.0,62.0,62.0,45.0,60.0,1300,47.53,28925292915710
504.0,3,0.00,58.0,60.0,60.0,44.0,60.0,1279,48.18,29215261977233
509.0,0,,70.0,74.0,74.0,51.0,70.0,2800,200.00,60165876427307
510.0,1,,71.0,78.0,76.0,52.0,70.0,2804,199.75,31520797454528
510.0,2,0.00,58.0,62.0,62.0,45.0,61.0,1302,47.49,28925562209411
510.0,3,0.00,58.0,60.0,60.0,44.0,60.0,1345,48.06,29215534961669
515.0,0,,70.0,74.0,74.0,52.0,70.0,2796,199.56,60167007908203
515.0,1,,71.0,78.0,78.0,52.0,70.0,2803,200.24,31521932823181
515.0,2,0.00,58.0,62.0,62.0,45.0,60.0,1301,47.57,28925832407531
515.0,3,0.00,58.0,60.0,60.0,44.0,60.0,1354,48.15,29215807957458
521.0,0,,70.0,74.0,74.0,52.0,70.0,2803,200.54,60168144941955
521.0,1,,70.0,76.0,78.0,52.0,70.0,2802,199.93,31523066438781
521.0,2,0.00,58.0,62.0,62.0,45.0,60.0,1300,47.48,28926101642883
521.0,3,0.00,58.0,60.0,60.0,44.0,60.0,1353,48.00,29216080618591
526.0,0,,70.0,74.0,74.0,52.0,70.0,2799,199.77,60169279621704
527.0,1,,71.0,78.0,76.0,52.0,70.0,2808,199.72,31524202834716
527.0,2,0.00,58.0,62.0,62.0,45.0,60.0,1320,47.37,28926371178833
527.0,3,0.00,58.0,60.0,60.0,44.0,60.0,1342,48.01,29216353331420
532.0,0,,70.0,74.0,74.0,51.0,70.0,2805,199.93,60170415200744
532.0,1,,71.0,76.0,76.0,52.0,70.0,2805,199.93,31525336411987
532.0,2,0.00,58.0,62.0,62.0,45.0,60.0,1291,47.53,28926640661193
533.0,3,0.00,58.0,60.0,60.0,44.0,60.0,1345,48.09,29216626001403
538.0,0,,68.0,72.0,74.0,52.0,70.0,2811,199.92,60171548722595
538.0,1,,70.0,78.0,76.0,52.0,70.0,2802,200.46,31526473015563
538.0,2,0.00,58.0,62.0,62.0,45.0,61.0,1301,47.65,28926910818176
538.0,3,0.00,58.0,60.0,60.0,44.0,60.0,1354,47.98,29216898071228
543.0,0,,70.0,74.0,74.0,51.0,70.0,2801,200.50,60172685570007
544.0,1,,70.0,76.0,76.0,52.0,70.0,2800,199.57,31527606559143
544.0,2,0.00,58.0,62.0,62.0,45.0,60.0,1353,47.50,28927180620422
544.0,3,0.00,58.0,60.0,60.0,44.0,60.0,1310,48.02,29217170820861
549.0,0,,70.0,74.0,74.0,52.0,70.0,2799,199.90,60173821019653
549.0,1,,71.0,76.0,76.0,52.0,70.0,2798,200.26,31528744036132
549.0,2,0.00,58.0,62.0,62.0,45.0,60.0,1331,47.48,28927450302856
550.0,3,0.00,58.0,60.0,60.0,44.0,60.0,1342,48.02,29217444070434
555.0,0,,70.0,74.0,74.0,51.0,70.0,2811,200.08,60174959473144
555.0,1,,70.0,76.0,76.0,52.0,70.0,2803,199.83,31529879098815
555.0,2,0.00,58.0,62.0,62.0,45.0,61.0,1311,47.49,28927720036743
555.0,3,0.00,58.0,60.0,60.0,44.0,60.0,1353,48.10,29217716774230
560.0,0,,70.0,74.0,72.0,52.0,70.0,2801,199.86,60176092663513
561.0,1,,71.0,76.0,76.0,52.0,70.0,2799,199.99,31531015060607
561.0,2,0.00,58.0,62.0,62.0,45.0,61.0,1353,47.41,28927989304504
561.0,3,0.00,58.0,60.0,60.0,44.0,60.0,1342,47.87,29217988650146
566.0,0,,70.0,74.0,72.0,51.0,70.0,2809,199.98,60177228557495
566.0,1,,71.0,78.0,76.0,52.0,70.0,2801,200.22,31532152308471
566.0,2,0.00,58.0,62.0,62.0,45.0,60.0,1332,47.43,28928258691467
567.0,3,0.00,58.0,60.0,60.0,44.0,60.0,1343,48.04,29218261509094
572.0,0,,71.0,74.0,74.0,52.0,70.0,2799,200.00,60178364540832
572.0,1,,70.0,76.0,78.0,52.0,70.0,2799,200.01,31533288343383
572.0,2,0.00,58.0,62.0,62.0,45.0,60.0,1268,47.43,28928528114074
572.0,3,0.00,58.0,60.0,60.0,44.0,60.0,1353,48.04,29218534357238
577.0,0,,70.0,74.0,74.0,52.0,70.0,2624,193.47,60179463477233
578.0,1,,71.0,78.0,78.0,52.0,70.0,2617,192.95,31534380422302
578.0,2,0.00,58.0,62.0,62.0,45.0,60.0,1324,47.75,28928798360290
578.0,3,0.00,58.0,60.0,60.0,44.0,60.0,1345,47.97,29218806332702
583.0,0,,70.0,74.0,76.0,52.0,70.0,2519,199.75,60180596082153
583.0,1,100.00,71.0,78.0,78.0,52.0,70.0,2664,200.03,31535516571533
583.0,2,0.00,58.0,62.0,62.0,45.0,60.0,1353,47.55,28929068421386
584.0,3,0.00,58.0,60.0,60.0,44.0,60.0,1343,48.08,29219079422851
589.0,0,,70.0,76.0,74.0,52.0,70.0,2768,199.79,60181730881713
589.0,1,,70.0,78.0,78.0,52.0,70.0,2788,200.06,31536652938415
589.0,2,0.00,58.0,62.0,62.0,45.0,61.0,1311,47.48,28929338116882
589.0,3,0.00,58.0,60.0,60.0,44.0,60.0,1352,48.14,29219352842224
595.0,0,,71.0,76.0,76.0,52.0,70.0,2799,200.31,60182868663269
595.0,1,,71.0,78.0,76.0,52.0,70.0,2809,199.75,31537787525207
595.0,2,0.00,58.0,62.0,62.0,45.0,61.0,1288,47.55,28929608679748
595.0,3,0.00,58.0,60.0,60.0,44.0,60.0,1320,48.11,29219626097045
600.0,0,,70.0,74.0,74.0,52.0,70.0,2797,199.89,60184004036682
600.0,1,,70.0,78.0,76.0,52.0,70.0,2800,200.01,31538923571716
600.0,2,0.00,58.0,62.0,62.0,45.0,60.0,1342,47.47,28929878326843
601.0,3,0.00,58.0,60.0,60.0,44.0,60.0,1331,47.92,29219898265014
606.0,0,,70.0,74.0,74.0,52.0,70.0,2801,199.80,60185138922424
606.0,1,,71.0,78.0,76.0,52.0,70.0,2800,200.09,31540060077270
606.0,2,0.00,58.0,62.0,62.0,45.0,61.0,1310,47.55,28930148427551
606.0,3,0.00,58.0,60.0,60.0,44.0,60.0,1320,48.14,29220171687316
612.0,0,,70.0,74.0,74.0,52.0,70.0,2798,199.96,60186274676147
612.0,1,,71.0,78.0,78.0,52.0,70.0,2798,199.82,31541197065612
612.0,2,0.00,58.0,62.0,62.0,45.0,61.0,1353,47.52,28930418359252
612.0,3,0.00,58.0,60.0,60.0,44.0,60.0,1343,48.08,29220444805603
617.0,0,,70.0,74.0,74.0,52.0,71.0,2814,200.05,60187410943908
617.0,1,,70.0,76.0,78.0,51.0,70.0,2805,199.96,31542330829833
618.0,2,0.00,58.0,62.0,62.0,45.0,61.0,1355,47.55,28930687961364
618.0,3,0.00,58.0,60.0,60.0,44.0,60.0,1344,48.14,29220717772888
623.0,0,,70.0,74.0,74.0,52.0,71.0,2801,199.84,60188544048217
623.0,1,,71.0,78.0,78.0,52.0,70.0,2800,200.12,31543467507568
623.0,2,0.00,58.0,62.0,62.0,45.0,61.0,1342,47.46,28930957546325
623.0,3,0.00,58.0,60.0,60.0,44.0,60.0,1352,48.02,29220990529296
629.0,0,,71.0,74.0,72.0,52.0,70.0,2810,200.26,60189681549194
629.0,1,,70.0,78.0,78.0,52.0,70.0,2800,200.03,31544603683349
629.0,2,0.00,58.0,62.0,62.0,45.0,61.0,1353,47.54,28931227601379
629.0,3,0.00,58.0,60.0,60.0,44.0,60.0,1342,48.14,29221263960998
634.0,0,,70.0,72.0,74.0,52.0,70.0,2800,200.09,60190818035400
634.0,1,,69.0,76.0,76.0,52.0,70.0,2801,199.82,31545736655578
635.0,2,0.00,58.0,62.0,62.0,45.0,61.0,1322,47.50,28931497393249
635.0,3,0.00,58.0,60.0,60.0,45.0,60.0,1346,48.04,29221536338928
640.0,0,,70.0,72.0,74.0,51.0,70.0,2811,200.02,60191950145935
640.0,1,,71.0,76.0,76.0,52.0,70.0,2809,199.75,31546867220520
640.0,2,0.00,58.0,62.0,62.0,45.0,60.0,1314,47.40,28931765661621
640.0,3,0.00,58.0,60.0,60.0,44.0,60.0,1353,47.92,29221808017089
646.0,0,,70.0,74.0,74.0,52.0,71.0,2798,200.24,60193087524353
646.0,1,,70.0,76.0,78.0,52.0,70.0,2801,200.47,31548005868041
646.0,2,0.00,58.0,62.0,62.0,45.0,60.0,1354,47.50,28932034993469
646.0,3,0.00,58.0,60.0,60.0,44.0,60.0,1343,47.93,29222080243957
651.0,0,,70.0,72.0,74.0,52.0,70.0,2802,199.78,60194222287170
651.0,1,,70.0,76.0,76.0,52.0,70.0,2801,199.64,31549139808227
652.0,2,0.00,58.0,62.0,62.0,45.0,60.0,1353,47.46,28932304571655
652.0,3,0.00,58.0,60.0,60.0,44.0,60.0,1353,48.10,29222352959655
657.0,0,,70.0,74.0,74.0,51.0,70.0,2800,199.83,60195357318237
657.0,1,,71.0,78.0,76.0,52.0,70.0,2800,200.30,31550277533508
657.0,2,0.00,58.0,62.0,62.0,45.0,60.0,1320,47.49,28932574333190
657.0,3,0.00,58.0,60.0,60.0,44.0,60.0,1352,47.91,29222625541809
663.0,0,99.67,66.0,74.0,74.0,50.0,68.0,2801,192.84,60196448801696
663.0,1,99.46,70.0,76.0,76.0,52.0,70.0,2798,190.94,31551354412902
663.0,2,0.00,58.0,62.0,62.0,45.0,60.0,1353,47.43,28932841845031
663.0,3,0.00,58.0,60.0,60.0,45.0,60.0,1342,48.06,29222896138000
668.0,0,,70.0,74.0,74.0,52.0,70.0,2578,199.51,60197576043823
668.0,1,,70.0,78.0,78.0,52.0,70.0,2571,200.84,31552493163635
669.0,2,0.00,58.0,62.0,62.0,45.0,61.0,1354,47.56,28933111979003
669.0,3,0.00,58.0,60.0,60.0,44.0,60.0,1344,48.09,29223169287414
674.0,0,,69.0,76.0,74.0,52.0,70.0,2597,200.09,60198712560424
674.0,1,,71.0,78.0,78.0,52.0,70.0,2703,199.63,31553629084167
674.0,2,0.00,58.0,62.0,62.0,45.0,60.0,1321,47.57,28933382156738
674.0,3,0.00,58.0,60.0,60.0,44.0,60.0,1352,48.15,29223442783264
680.0,0,,71.0,74.0,74.0,52.0,71.0,2784,199.78,60199845300903
680.0,1,,70.0,76.0,78.0,52.0,70.0,2804,200.13,31554763847778
680.0,2,0.00,58.0,62.0,62.0,45.0,60.0,1354,47.63,28933652240722
680.0,3,0.00,58.0,60.0,60.0,44.0,60.0,1343,48.20,29223716095092
685.0,0,,70.0,76.0,74.0,51.0,71.0,2800,200.17,60200982280883
685.0,1,,70.0,76.0,78.0,51.0,69.0,2800,199.74,31555898359375
686.0,2,0.00,58.0,62.0,62.0,45.0,60.0,1331,47.45,28933921772277
686.0,3,0.00,58.0,60.0,60.0,44.0,60.0,1342,48.01,29223988799560
691.0,0,100.00,71.0,76.0,74.0,52.0,70.0,2800,199.91,60202117766235
691.0,1,,70.0,76.0,78.0,52.0,70.0,2811,199.97,31557034181457
691.0,2,0.00,58.0,62.0,62.0,45.0,61.0,1321,47.61,28934192171386
691.0,3,0.00,58.0,60.0,60.0,44.0,60.0,1353,48.11,29224262054626
697.0,0,,70.0,74.0,74.0,52.0,70.0,2801,199.89,60203253157836
697.0,1,,70.0,76.0,78.0,51.0,70.0,2799,200.11,31558170822143
697.0,2,0.00,58.0,62.0,62.0,45.0,61.0,1352,47.53,28934462162109
697.0,3,0.00,58.0,60.0,60.0,44.0,60.0,1342,48.04,29224534921508
702.0,0,,70.0,74.0,74.0,52.0,70.0,2801,199.79,60204387980773
702.0,1,100.00,70.0,76.0,78.0,52.0,70.0,2804,200.07,31559305245239
703.0,2,0.00,58.0,62.0,62.0,45.0,60.0,1355,47.43,28934731074768
703.0,3,0.00,58.0,60.0,60.0,45.0,60.0,1344,47.95,29224806786682
708.0,0,,71.0,74.0,74.0,52.0,70.0,2803,200.31,60205523741638
708.0,1,,70.0,76.0,76.0,52.0,70.0,2800,199.85,31560440379699
708.0,2,0.00,58.0,62.0,62.0,45.0,60.0,1331,47.53,28935001028259
708.0,3,0.00,58.0,60.0,60.0,44.0,60.0,1353,48.12,29225080085388
714.0,0,,70.0,74.0,72.0,52.0,70.0,2797,199.24,60206657434875
714.0,1,,71.0,78.0,78.0,52.0,70.0,2799,200.36,31561578414611
714.0,2,0.00,58.0,62.0,62.0,45.0,61.0,1352,47.54,28935271068908
714.0,3,0.00,58.0,60.0,60.0,44.0,60.0,1352,48.09,29225353711547
719.0,0,,69.0,74.0,74.0,52.0,70.0,2811,200.17,60207794385559
720.0,1,,70.0,78.0,78.0,52.0,70.0,2809,200.07,31562714810729
720.0,2,0.00,58.0,62.0,62.0,45.0,60.0,1353,47.54,28935541108154
720.0,3,0.00,58.0,60.0,60.0,44.0,60.0,1343,48.08,29225626811584
725.0,0,,71.0,74.0,74.0,52.0,70.0,2800,200.36,60208932411621
725.0,1,,70.0,76.0,76.0,52.0,70.0,2801,199.61,31563848598449
725.0,2,0.00,58.0,62.0,62.0,45.0,61.0,1343,47.37,28935810194702
726.0,3,0.00,58.0,60.0,60.0,45.0,60.0,1353,48.09,29225899477844
731.0,0,,70.0,74.0,74.0,52.0,70.0,2810,200.18,60210069437316
731.0,1,,70.0,76.0,76.0,52.0,70.0,2800,200.06,31564984915649
731.0,2,0.00,58.0,62.0,62.0,45.0,61.0,1352,47.50,28936080015991
731.0,3,0.00,58.0,60.0,60.0,44.0,60.0,1355,48.00,29226172120544
736.0,0,,70.0,74.0,74.0,51.0,70.0,2795,199.50,60211200587036
737.0,1,,70.0,78.0,76.0,52.0,70.0,2805,200.12,31566119586791
737.0,2,0.00,58.0,62.0,62.0,45.0,60.0,1355,47.48,28936349218017
737.0,3,0.00,58.0,60.0,60.0,44.0,60.0,1342,48.14,29226445075012
742.0,0,,70.0,74.0,74.0,52.0,70.0,2810,200.00,60212336561035
742.0,1,,70.0,76.0,76.0,52.0,70.0,2799,200.30,31567257312805
742.0,2,0.00,58.0,62.0,62.0,45.0,60.0,1342,47.49,28936618937622
743.0,3,0.00,58.0,60.0,60.0,45.0,60.0,1352,47.71,29226716558227
748.0,0,,70.0,74.0,74.0,51.0,70.0,2802,200.42,60213472941467
748.0,1,,70.0,76.0,76.0,52.0,70.0,2803,199.60,31568389065673
748.0,2,0.00,58.0,62.0,62.0,45.0,61.0,1354,47.37,28936888005371
748.0,3,0.00,58.0,60.0,60.0,44.0,60.0,1354,48.13,29226989476745
753.0,0,,66.0,74.0,74.0,50.0,68.0,2801,181.22,60214498671508
754.0,1,,66.0,76.0,76.0,50.0,68.0,2800,178.97,31569400247985
754.0,2,0.00,58.0,62.0,62.0,45.0,60.0,1357,47.67,28937155894470
754.0,3,0.00,58.0,60.0,60.0,44.0,60.0,1342,48.28,29227259860534
759.0,0,,69.0,74.0,74.0,51.0,69.0,2384,169.45,60215449291320
759.0,1,,70.0,78.0,78.0,51.0,69.0,2365,170.92,31570360797180
759.0,2,0.00,58.0,62.0,62.0,45.0,60.0,1336,47.80,28937425943725
759.0,3,0.00,58.0,60.0,60.0,44.0,60.0,1352,48.36,29227534037719
765.0,0,,71.0,74.0,74.0,52.0,70.0,2365,199.53,60216584597717
765.0,1,,70.0,78.0,78.0,52.0,70.0,2398,199.94,31571498471252
765.0,2,0.00,58.0,62.0,62.0,45.0,61.0,1353,47.40,28937695189697
765.0,3,0.00,58.0,60.0,60.0,44.0,60.0,1353,47.97,29227806506530
770.0,0,,70.0,74.0,76.0,52.0,70.0,2645,200.25,60217720011535
771.0,1,,71.0,78.0,78.0,52.0,70.0,2718,200.02,31572632607421
771.0,2,0.00,58.0,62.0,62.0,44.0,60.0,1354,47.53,28937964661682
771.0,3,0.00,58.0,60.0,60.0,44.0,59.0,1312,48.11,29228079264648
776.0,0,,70.0,76.0,76.0,52.0,70.0,2800,199.95,60218855755676
776.0,1,,71.0,78.0,76.0,52.0,70.0,2800,199.57,31573766167541
776.0,2,0.00,58.0,62.0,62.0,45.0,60.0,1342,47.62,28938235171508
777.0,3,0.00,58.0,60.0,60.0,44.0,60.0,1342,48.07,29228352755493
782.0,0,,70.0,74.0,74.0,52.0,70.0,2802,199.87,60219989015991
782.0,1,,71.0,78.0,78.0,52.0,70.0,2801,200.11,31574902800354
782.0,2,0.00,58.0,62.0,62.0,45.0,61.0,1353,47.50,28938504943908
782.0,3,0.00,58.0,60.0,60.0,44.0,60.0,1353,48.15,29228625793151
787.0,0,,71.0,74.0,74.0,52.0,70.0,2800,199.79,60221123820678
788.0,1,,70.0,78.0,78.0,52.0,70.0,2800,200.18,31576039812805
788.0,2,0.00,58.0,62.0,62.0,45.0,60.0,1354,47.37,28938774013488
788.0,3,0.00,58.0,60.0,60.0,44.0,60.0,1333,47.88,29228897770080
793.0,0,,70.0,74.0,74.0,52.0,71.0,2803,200.14,60222260630126
793.0,1,,70.0,76.0,78.0,52.0,70.0,2803,199.78,31577172553161
793.0,2,0.00,58.0,62.0,62.0,45.0,61.0,1343,47.59,28939043849426
794.0,3,0.00,58.0,60.0,60.0,44.0,60.0,1354,48.19,29229171017517
799.0,0,,70.0,74.0,74.0,52.0,70.0,2811,199.77,60223395315002
799.0,1,,71.0,78.0,76.0,52.0,70.0,2800,199.98,31578308467102
799.0,2,0.00,58.0,62.0,62.0,45.0,60.0,1353,47.57,28939314062622
799.0,3,0.00,58.0,60.0,60.0,44.0,60.0,1353,48.15,29229444508117
804.0,0,,70.0,74.0,74.0,52.0,70.0,2810,200.20,60224532452392
805.0,1,,70.0,76.0,76.0,51.0,69.0,2799,199.94,31579444125183
805.0,2,0.00,58.0,62.0,62.0,45.0,60.0,1352,47.59,28939584369201
805.0,3,0.00,58.0,60.0,60.0,44.0,60.0,1342,47.96,29229716896240
810.0,0,,70.0,72.0,72.0,52.0,70.0,2802,199.99,60225666378173
810.0,1,,71.0,78.0,76.0,52.0,70.0,2802,200.16,31580579015258
810.0,2,0.00,58.0,62.0,62.0,45.0,60.0,1355,47.43,28939853794555
811.0,3,0.00,58.0,60.0,60.0,44.0,60.0,1346,48.06,29229988940246
816.0,0,,71.0,74.0,74.0,52.0,71.0,2808,200.12,60226801062988
816.0,1,,70.0,76.0,76.0,52.0,70.0,2797,199.99,31581712973205
816.0,2,0.00,58.0,62.0,62.0,45.0,61.0,1344,47.59,28940123169250
816.0,3,0.00,58.0,60.0,60.0,44.0,60.0,1354,48.07,29230261975097
821.0,0,,70.0,74.0,74.0,52.0,70.0,2801,200.38,60227937218566
822.0,1,,70.0,76.0,76.0,52.0,70.0,2801,199.79,31582847769836
822.0,2,0.00,58.0,62.0,62.0,45.0,61.0,1332,47.47,28940392784362
822.0,3,0.00,58.0,60.0,60.0,44.0,60.0,1343,48.06,29230534938049
827.0,0,,71.0,74.0,74.0,52.0,71.0,2800,199.30,60229069268127
827.0,1,,70.0,76.0,78.0,52.0,70.0,2801,200.70,31583985735717
827.0,2,0.00,58.0,62.0,62.0,45.0,61.0,1353,47.35,28940661268005
828.0,3,0.00,58.0,60.0,60.0,44.0,60.0,1343,47.81,29230806520874
833.0,0,,70.0,74.0,74.0,52.0,70.0,2802,200.47,60230207958129
833.0,1,,71.0,76.0,76.0,52.0,70.0,2802,199.44,31585118528137
833.0,2,0.00,58.0,62.0,62.0,45.0,60.0,1301,47.42,28940930611511
833.0,3,0.00,58.0,60.0,60.0,44.0,60.0,1353,48.22,29231079926940
839.0,0,,70.0,74.0,74.0,52.0,70.0,2811,199.78,60231342736755
839.0,1,,70.0,76.0,76.0,52.0,70.0,2800,200.01,31586254569091
839.0,2,0.00,58.0,62.0,62.0,45.0,60.0,1342,47.59,28941200899780
839.0,3,0.00,58.0,60.0,60.0,45.0,60.0,1343,48.11,29231353187744
844.0,0,,70.0,72.0,74.0,51.0,70.0,2805,200.10,60232477320068
844.0,1,,70.0,76.0,76.0,52.0,70.0,2804,200.06,31587388904907
844.0,2,0.00,58.0,62.0,62.0,44.0,61.0,1355,47.52,28941470355041
845.0,3,0.00,58.0,60.0,60.0,44.0,60.0,1354,48.15,29231626174438
850.0,0,,70.0,74.0,74.0,51.0,70.0,2703,193.21,60233570861572
850.0,1,,71.0,78.0,78.0,52.0,70.0,2767,193.21,31588482460998
850.0,2,0.00,58.0,62.0,62.0,45.0,60.0,1336,47.49,28941739123901
850.0,3,0.00,58.0,60.0,60.0,44.0,60.0,1346,48.03,29231898517883
856.0,0,,70.0,74.0,74.0,52.0,70.0,2633,199.97,60234704704223
856.0,1,,70.0,78.0,78.0,51.0,70.0,2738,199.81,31589617397521
856.0,2,0.00,58.0,62.0,62.0,45.0,60.0,1364,47.58,28942009362304
856.0,3,0.00,58.0,60.0,60.0,44.0,60.0,1343,48.19,29232171747924
861.0,0,,70.0,74.0,76.0,52.0,70.0,2790,199.94,60235840391601
861.0,1,,71.0,78.0,78.0,52.0,70.0,2801,199.85,31590750569274
861.0,2,0.00,58.0,62.0,62.0,45.0,61.0,1332,47.60,28942279706420
862.0,3,0.00,58.0,60.0,60.0,44.0,60.0,1353,48.08,29232444833068
867.0,0,,70.0,74.0,74.0,51.0,69.0,2801,199.53,60236973697448
867.0,1,,70.0,78.0,78.0,52.0,70.0,2801,200.16,31591887505615
867.0,2,0.00,58.0,62.0,62.0,45.0,61.0,1342,47.36,28942548718444
867.0,3,0.00,58.0,60.0,60.0,44.0,60.0,1353,47.88,29232716795654
873.0,0,,71.0,74.0,74.0,52.0,71.0,2799,199.94,60238109349426
873.0,1,,71.0,78.0,78.0,52.0,70.0,2809,200.23,31593024823120
873.0,2,0.00,58.0,62.0,62.0,45.0,60.0,1353,47.51,28942818560852
873.0,3,0.00,58.0,60.0,60.0,44.0,60.0,1343,47.99,29232989395629
878.0,0,,71.0,74.0,74.0,52.0,70.0,2804,199.99,60239243270690
878.0,1,,71.0,78.0,78.0,52.0,70.0,2803,199.75,31594159383239
879.0,2,0.00,58.0,62.0,62.0,45.0,60.0,1354,47.66,28943088813781
879.0,3,0.00,58.0,60.0,60.0,44.0,60.0,1353,48.16,29233262929870
884.0,0,,70.0,74.0,74.0,52.0,70.0,2810,200.33,60240381123352
884.0,1,,70.0,76.0,78.0,52.0,70.0,2802,200.15,31595294230834
884.0,2,0.00,58.0,62.0,62.0,45.0,60.0,1344,47.57,28943358549255
884.0,3,0.00,58.0,60.0,60.0,44.0,60.0,1355,48.20,29233535744018
890.0,0,,70.0,74.0,74.0,52.0,70.0,2805,200.27,60241516670104
890.0,1,,70.0,76.0,76.0,52.0,70.0,2805,199.67,31596426368408
890.0,2,0.00,58.0,62.0,62.0,45.0,60.0,1355,47.39,28943627258361
890.0,3,0.00,58.0,60.0,60.0,44.0,60.0,1334,47.93,29233807958251
895.0,0,,71.0,74.0,74.0,52.0,70.0,2803,199.32,60242648806823
895.0,1,,70.0,76.0,78.0,52.0,70.0,2802,200.17,31597563335510
896.0,2,0.00,58.0,62.0,62.0,45.0,60.0,1353,47.46,28943896827209
896.0,3,0.00,58.0,60.0,60.0,44.0,60.0,1354,48.16,29234081033264
901.0,0,,71.0,74.0,74.0,52.0,71.0,2803,200.38,60243784943481
901.0,1,,70.0,76.0,78.0,52.0,70.0,2802,200.10,31598697879272
901.0,2,0.00,58.0,62.0,62.0,45.0,61.0,1343,47.51,28944166698547
901.0,3,0.00,58.0,60.0,60.0,45.0,60.0,1353,48.06,29234354008361
907.0,0,,70.0,74.0,74.0,52.0,70.0,2804,199.95,60244922682495
907.0,1,,70.0,78.0,76.0,52.0,70.0,2804,199.58,31599835496215
907.0,2,0.00,58.0,62.0,62.0,45.0,61.0,1353,47.57,28944436893493
907.0,3,0.00,58.0,60.0,60.0,44.0,60.0,1342,47.95,29234626356994
912.0,0,,70.0,72.0,74.0,52.0,70.0,2795,199.87,60246055929077
912.0,1,,71.0,78.0,76.0,52.0,71.0,2805,200.09,31600969978637
913.0,2,0.00,58.0,62.0,62.0,45.0,61.0,1352,47.28,28944705440979
913.0,3,0.00,58.0,60.0,60.0,44.0,60.0,1352,47.96,29234898796997
918.0,0,,70.0,72.0,74.0,52.0,70.0,2810,200.42,60247194314575
918.0,1,,70.0,76.0,76.0,52.0,70.0,2801,200.07,31602104361206
918.0,2,0.00,58.0,62.0,62.0,45.0,60.0,1343,47.59,28944975271423
918.0,3,0.00,58.0,60.0,60.0,44.0,60.0,1354,48.07,29235171860290
924.0,0,,70.0,74.0,74.0,52.0,70.0,2801,199.69,60248328551391
924.0,1,,71.0,76.0,76.0,52.0,70.0,2801,199.54,31603237737854
924.0,2,0.00,58.0,62.0,62.0,45.0,60.0,1353,47.54,28945245297058
924.0,3,0.00,58.0,60.0,60.0,44.0,60.0,1342,48.07,29235444912719
929.0,0,,71.0,74.0,74.0,52.0,70.0,2813,199.70,60249462844604
929.0,1,,70.0,76.0,76.0,52.0,70.0,2801,200.59,31604377074523
930.0,2,0.00,58.0,62.0,62.0,45.0,60.0,1353,47.30,28945513981140
930.0,3,0.00,58.0,60.0,60.0,44.0,60.0,1344,47.95,29235716762878
935.0,0,95.92,70.0,72.0,74.0,51.0,69.0,2803,192.07,60250548063293
935.0,1,95.85,70.0,76.0,76.0,52.0,70.0,2803,191.99,31605461839538
935.0,2,0.00,58.0,62.0,62.0,45.0,61.0,1348,47.49,28945782295043
935.0,3,0.00,58.0,60.0,60.0,45.0,60.0,1359,48.16,29235988872497
941.0,0,100.00,70.0,74.0,76.0,52.0,70.0,2559,201.36,60251689785644
941.0,1,,70.0,78.0,78.0,52.0,70.0,2760,200.45,31606600389526
941.0,2,0.00,58.0,62.0,62.0,45.0,61.0,1354,47.58,28946052570251
941.0,3,0.00,58.0,60.0,60.0,44.0,60.0,1343,48.15,29236262342834
946.0,0,,70.0,74.0,74.0,52.0,70.0,2662,199.87,60252825030212
946.0,1,,70.0,78.0,78.0,52.0,70.0,2799,199.95,31607736120483
947.0,2,0.00,58.0,62.0,62.0,45.0,60.0,1363,47.65,28946323242431
947.0,3,0.00,58.0,60.0,60.0,44.0,60.0,1352,48.15,29236535839477
952.0,0,,70.0,74.0,76.0,52.0,70.0,2801,200.16,60253961941345
952.0,1,,70.0,78.0,76.0,52.0,70.0,2801,200.02,31608870255920
952.0,2,0.00,58.0,62.0,62.0,45.0,60.0,1343,47.33,28946592060302
952.0,3,0.00,58.0,60.0,60.0,44.0,60.0,1353,47.94,29236808150146
958.0,0,,70.0,74.0,74.0,52.0,69.0,2801,199.61,60255095712829
958.0,1,,70.0,78.0,76.0,52.0,70.0,2801,199.90,31610005707275
958.0,2,0.00,58.0,62.0,62.0,45.0,60.0,1321,47.55,28946862136718
958.0,3,0.00,58.0,60.0,60.0,45.0,60.0,1341,48.11,29237081418334
963.0,0,,70.0,74.0,76.0,52.0,70.0,2798,200.17,60256232661010
964.0,1,,71.0,78.0,76.0,52.0,70.0,2799,199.77,31611140418151
964.0,2,0.00,58.0,62.0,62.0,45.0,60.0,1342,47.67,28947132878479
964.0,3,0.00,58.0,60.0,60.0,44.0,60.0,1353,48.16,29237354968139
969.0,0,,70.0,74.0,74.0,51.0,70.0,2812,200.12,60257369362121
969.0,1,,71.0,76.0,76.0,52.0,70.0,2801,199.85,31612275588195
969.0,2,0.00,58.0,62.0,62.0,45.0,61.0,1343,47.38,28947401549804
969.0,3,0.00,58.0,60.0,60.0,44.0,60.0,1354,47.91,29237627073364
975.0,0,,70.0,74.0,74.0,52.0,70.0,2803,200.09,60258503870849
975.0,1,,70.0,76.0,76.0,51.0,70.0,2803,199.91,31613411084716
975.0,2,0.00,58.0,62.0,62.0,45.0,60.0,1355,47.35,28947670472595
975.0,3,0.00,58.0,60.0,60.0,45.0,60.0,1344,48.11,29237899857116
980.0,0,,70.0,74.0,74.0,52.0,70.0,2800,199.74,60259638379821
981.0,1,,70.0,76.0,76.0,52.0,70.0,2802,199.97,31614544912048
981.0,2,0.00,58.0,62.0,62.0,45.0,60.0,1354,47.58,28947940239929
981.0,3,0.00,58.0,60.0,60.0,45.0,60.0,1343,48.15,29238173365295
986.0,0,,71.0,74.0,74.0,52.0,70.0,2804,199.84,60260771444335
986.0,1,,70.0,76.0,78.0,52.0,70.0,2802,200.31,31615682688903
986.0,2,0.00,58.0,62.0,62.0,45.0,61.0,1343,47.61,28948210643066
987.0,3,0.00,58.0,60.0,60.0,44.0,60.0,1353,48.04,29238445748901
992.0,0,,71.0,74.0,72.0,52.0,70.0,2803,199.61,60261905255554
992.0,1,,70.0,78.0,78.0,52.0,70.0,2803,200.24,31616818039611
992.0,2,0.00,58.0,62.0,62.0,45.0,60.0,1355,47.34,28948479037170
992.0,3,0.00,58.0,60.0,60.0,44.0,60.0,1355,47.91,29238717413208
997.0,0,,70.0,72.0,74.0,52.0,70.0,2815,200.57,60263042479736
998.0,1,,70.0,76.0,76.0,52.0,70.0,2803,199.64,31617949998168
998.0,2,0.00,58.0,62.0,62.0,45.0,61.0,1354,47.46,28948748162902
998.0,3,0.00,58.0,60.0,60.0,44.0,60.0,1334,48.06,29238989916015
1003.0,0,,70.0,72.0,74.0,52.0,70.0,2802,200.18,60264177524169
1003.0,1,,70.0,76.0,76.0,52.0,70.0,2803,199.86,31619085208435
1003.0,2,0.00,58.0,62.0,62.0,45.0,60.0,1343,47.51,28949018021057
1004.0,3,0.00,58.0,60.0,60.0,44.0,60.0,1357,48.15,29239262949401
1009.0,0,,71.0,74.0,74.0,52.0,70.0,2810,199.53,60265306890747
1009.0,1,,71.0,78.0,76.0,52.0,70.0,2799,200.27,31620218718139
1009.0,2,0.00,58.0,62.0,62.0,45.0,60.0,1358,47.57,28949287243591
1009.0,3,0.00,58.0,60.0,60.0,44.0,60.0,1344,48.11,29239535721069
1014.0,0,,70.0,74.0,74.0,52.0,71.0,2803,199.95,60266442597473
1015.0,1,,70.0,76.0,78.0,52.0,70.0,2803,200.33,31621354567016
1015.0,2,0.00,58.0,62.0,62.0,45.0,60.0,1353,47.38,28949555873291
1015.0,3,0.00,58.0,60.0,60.0,45.0,60.0,1342,48.03,29239808515258
1020.0,0,,70.0,72.0,74.0,52.0,70.0,2801,200.07,60267578968139
1020.0,1,,70.0,76.0,76.0,51.0,70.0,2801,199.39,31622487107727
1020.0,2,0.00,58.0,62.0,62.0,45.0,60.0,1342,47.44,28949825796630
1021.0,3,0.00,58.0,60.0,60.0,44.0,60.0,1353,48.12,29240081838500
1026.0,0,76.05,69.0,74.0,74.0,52.0,70.0,2791,184.34,60268624200805
1026.0,1,75.93,69.0,76.0,76.0,51.0,69.0,2780,183.96,31623531989501
1026.0,2,0.00,58.0,62.0,62.0,45.0,60.0,1344,47.58,28950095591308
1026.0,3,0.00,58.0,60.0,60.0,44.0,60.0,1344,48.09,29240354501220
1031.0,0,,69.0,74.0,76.0,52.0,70.0,2537,199.84,60269759317810
1032.0,1,,69.0,78.0,78.0,52.0,70.0,2526,200.33,31624667883361
1032.0,2,0.00,58.0,62.0,62.0,45.0,61.0,1353,47.39,28950364765197
1032.0,3,0.00,58.0,60.0,60.0,44.0,60.0,1343,47.80,29240626009155
1037.0,0,,70.0,76.0,74.0,52.0,70.0,2558,199.91,60270894791015
1037.0,1,,71.0,78.0,76.0,52.0,70.0,2759,199.62,31625801719482
1037.0,2,0.00,58.0,62.0,62.0,45.0,60.0,1344,47.47,28950633916687
1038.0,3,0.00,58.0,60.0,60.0,44.0,60.0,1347,48.07,29240898113586
1043.0,0,,71.0,74.0,74.0,52.0,71.0,2776,199.90,60272026234313
1043.0,1,,70.0,78.0,78.0,52.0,70.0,2798,200.26,31626935188415
1043.0,2,0.00,58.0,62.0,62.0,45.0,60.0,1356,47.60,28950903308227
1043.0,3,0.00,58.0,60.0,60.0,44.0,60.0,1353,48.11,29241171406250
1048.0,0,,71.0,74.0,74.0,52.0,71.0,2794,200.08,60273160661987
1049.0,1,,70.0,76.0,78.0,52.0,70.0,2804,199.90,31628068620910
1049.0,2,0.00,58.0,62.0,62.0,45.0,61.0,1355,47.66,28951173541320
1049.0,3,0.00,58.0,60.0,60.0,45.0,60.0,1344,48.16,29241444474365
1054.0,0,,70.0,74.0,74.0,52.0,71.0,2803,199.59,60274294320861
1054.0,1,,71.0,78.0,78.0,52.0,70.0,2802,199.97,31629204450988
1054.0,2,0.00,58.0,62.0,62.0,45.0,60.0,1342,47.36,28951442526855
1055.0,3,0.00,58.0,60.0,60.0,45.0,60.0,1353,48.04,29241716842102
1060.0,0,,70.0,74.0,74.0,52.0,70.0,2800,200.00,60275430328430
1060.0,1,,71.0,78.0,78.0,52.0,71.0,2800,199.74,31630338962829
1060.0,2,0.00,58.0,62.0,62.0,45.0,60.0,1353,47.42,28951711883483
1060.0,3,0.00,58.0,60.0,60.0,45.0,60.0,1353,48.13,29241990225585
1065.0,0,,70.0,74.0,74.0,51.0,70.0,2802,200.30,60276566034057
1066.0,1,,71.0,78.0,76.0,52.0,70.0,2803,199.92,31631472481628
1066.0,2,0.00,58.0,62.0,62.0,45.0,60.0,1355,47.63,28951981970886
1066.0,3,0.00,58.0,60.0,60.0,45.0,60.0,1345,48.21,29242263604003
1071.0,0,,70.0,74.0,74.0,52.0,70.0,2806,199.85,60277699159790
1071.0,1,,71.0,78.0,76.0,52.0,70.0,2804,200.18,31632607524230
1071.0,2,0.00,58.0,62.0,62.0,45.0,60.0,1365,47.57,28952252141601
1072.0,3,0.00,58.0,60.0,60.0,44.0,60.0,1342,47.79,29242535070739
1077.0,0,,71.0,74.0,74.0,52.0,71.0,2810,200.18,60278836186950
1077.0,1,,70.0,76.0,78.0,52.0,70.0,2810,200.06,31633743882507
1077.0,2,0.00,58.0,62.0,62.0,45.0,60.0,1341,47.39,28952521306213
1077.0,3,0.00,58.0,60.0,60.0,44.0,60.0,1352,48.04,29242807959838
1083.0,0,,70.0,74.0,74.0,52.0,70.0,2797,199.86,60279973362365
1083.0,1,,70.0,76.0,78.0,52.0,70.0,2797,199.82,31634880885437
1083.0,2,0.00,58.0,62.0,62.0,45.0,60.0,1352,47.50,28952791091979
1083.0,3,0.00,58.0,60.0,60.0,44.0,60.0,1342,48.06,29243081427856
1088.0,0,,70.0,72.0,74.0,51.0,70.0,2801,200.10,60281107901062
1088.0,1,,69.0,76.0,76.0,51.0,70.0,2803,199.86,31636014111755
1089.0,2,0.00,58.0,62.0,62.0,45.0,61.0,1354,47.59,28953061423034
1089.0,3,0.00,58.0,60.0,60.0,44.0,60.0,1344,48.12,29243354252624
1094.0,0,,70.0,74.0,74.0,52.0,70.0,2799,200.16,60282240834655
1094.0,1,,71.0,76.0,76.0,52.0,70.0,2797,199.85,31637147247497
1094.0,2,0.00,58.0,62.0,62.0,45.0,61.0,1346,47.35,28953329396606
1094.0,3,0.00,58.0,60.0,60.0,44.0,60.0,1357,47.92,29243625479187
1100.0,0,,70.0,74.0,72.0,52.0,70.0,2810,199.70,60283375105834
1100.0,1,,71.0,78.0,78.0,52.0,70.0,2800,200.52,31638286208251
1100.0,2,0.00,58.0,62.0,62.0,45.0,60.0,1353,47.39,28953598588378
1100.0,3,0.00,58.0,60.0,60.0,44.0,60.0,1341,48.14,29243898927978
1105.0,0,,70.0,74.0,74.0,52.0,70.0,2798,199.73,60284511589965
1105.0,1,,70.0,76.0,78.0,52.0,70.0,2799,199.91,31639421690246
1106.0,2,0.00,58.0,62.0,62.0,45.0,61.0,1352,47.57,28953868809997
1106.0,3,0.00,58.0,60.0,60.0,45.0,60.0,1343,48.17,29244172543762
1111.0,0,,70.0,74.0,74.0,52.0,70.0,2801,200.34,60285647492736
1111.0,1,,71.0,78.0,76.0,52.0,71.0,2802,200.08,31640556158325
1111.0,2,0.00,58.0,62.0,62.0,45.0,60.0,1343,47.57,28954139006164
1111.0,3,0.00,58.0,60.0,60.0,44.0,60.0,1354,48.00,29244445186767
1117.0,0,,70.0,74.0,74.0,52.0,70.0,2805,200.51,60286784398498
1117.0,1,,70.0,76.0,76.0,52.0,70.0,2804,199.86,31641689351379
1117.0,2,0.00,58.0,62.0,62.0,45.0,61.0,1355,47.39,28954407251403
1117.0,3,0.00,58.0,60.0,60.0,44.0,60.0,1334,47.81,29244716275939
1122.0,0,,70.0,74.0,74.0,52.0,70.0,2806,199.70,60287916679809
1122.0,1,,70.0,76.0,76.0,52.0,70.0,2795,200.02,31642823451477
1123.0,2,0.00,58.0,62.0,62.0,45.0,60.0,1355,47.32,28954676022766
1123.0,3,0.00,58.0,60.0,60.0,45.0,60.0,1355,48.05,29244988715515
1128.0,0,,70.0,74.0,74.0,52.0,70.0,2803,200.35,60289052677124
1128.0,1,,70.0,76.0,76.0,52.0,70.0,2804,199.68,31643957652343
1128.0,2,0.00,58.0,62.0,62.0,45.0,60.0,1344,47.57,28954945727844
1128.0,3,0.00,58.0,60.0,60.0,45.0,60.0,1354,48.12,29245261567626
1134.0,0,,70.0,74.0,74.0,52.0,70.0,2802,199.20,60290184148803
1134.0,1,,71.0,78.0,76.0,52.0,70.0,2803,200.48,31645094377868
1134.0,2,0.00,58.0,62.0,62.0,45.0,61.0,1355,47.61,28955215661987
1134.0,3,0.00,58.0,60.0,60.0,44.0,60.0,1334,47.93,29245533352783
1139.0,0,,70.0,74.0,74.0,52.0,70.0,2804,200.63,60291321701782
1139.0,1,,71.0,76.0,76.0,52.0,70.0,2804,199.84,31646227494323
1140.0,2,0.00,58.0,62.0,62.0,45.0,60.0,1354,47.33,28955484027160
1140.0,3,0.00,58.0,60.0,60.0,44.0,60.0,1354,48.04,29245805736633
1145.0,0,,70.0,72.0,74.0,52.0,70.0,2802,199.63,60292455572509
1145.0,1,,70.0,76.0,76.0,52.0,70.0,2801,199.73,31647361949829
1145.0,2,0.00,58.0,62.0,62.0,45.0,60.0,1343,47.43,28955753442932
1145.0,3,0.00,58.0,60.0,60.0,44.0,60.0,1353,48.12,29246079080200
1151.0,0,,70.0,72.0,74.0,52.0,70.0,2801,200.36,60293591586547
1151.0,1,,70.0,76.0,76.0,52.0,70.0,2811,200.13,31648498698852
1151.0,2,0.00,58.0,62.0,62.0,45.0,61.0,1355,47.53,28956022950561
1151.0,3,0.00,58.0,60.0,60.0,45.0,60.0,1335,48.00,29246351268005
1156.0,0,,71.0,74.0,74.0,52.0,70.0,2808,199.54,60294722986511
1156.0,1,,70.0,76.0,78.0,52.0,70.0,2798,200.24,31649632053588
1157.0,2,0.00,58.0,62.0,62.0,45.0,61.0,1354,47.36,28956291454650
1157.0,3,0.00,58.0,60.0,60.0,44.0,60.0,1354,47.78,29246622160461
1162.0,0,,70.0,74.0,72.0,52.0,70.0,2801,200.18,60295858007446
1162.0,1,,68.0,74.0,76.0,52.0,69.0,2799,199.31,31650764149780
1162.0,2,0.00,58.0,62.0,62.0,45.0,61.0,1341,47.36,28956560486083
1162.0,3,0.00,58.0,60.0,60.0,44.0,60.0,1351,48.08,29246895707214
1168.0,0,,70.0,74.0,74.0,52.0,70.0,2808,199.99,60296995923034
1168.0,1,,70.0,76.0,78.0,52.0,70.0,2801,200.49,31651902906860
1168.0,2,0.00,58.0,62.0,62.0,45.0,61.0,1354,47.47,28956830104980
1168.0,3,0.00,58.0,60.0,60.0,45.0,60.0,1344,48.13,29247168588317
1173.0,0,,70.0,72.0,74.0,52.0,70.0,2804,199.99,60298129843872
1173.0,1,,71.0,76.0,76.0,52.0,70.0,2804,199.76,31653035565917
1174.0,2,0.00,58.0,62.0,62.0,45.0,61.0,1354,47.60,28957099989135
1174.0,3,0.00,58.0,60.0,60.0,45.0,60.0,1354,48.04,29247441445983
1179.0,0,,70.0,72.0,72.0,52.0,70.0,2801,199.84,60299264909240
1179.0,1,,71.0,76.0,76.0,52.0,70.0,2800,199.56,31654169065429
1179.0,2,0.00,58.0,62.0,62.0,45.0,60.0,1342,47.28,28957368554443
1179.0,3,0.00,58.0,60.0,60.0,44.0,60.0,1353,47.99,29247713568298
1185.0,0,,70.0,72.0,74.0,52.0,70.0,2812,200.45,60300401473632
1185.0,1,,71.0,76.0,76.0,52.0,70.0,2802,199.75,31655303648010
1185.0,2,0.00,58.0,62.0,62.0,45.0,60.0,1353,47.34,28957637435729
1185.0,3,0.00,59.0,60.0,60.0,45.0,60.0,1343,48.14,29247986978942
1190.0,0,,71.0,74.0,74.0,52.0,70.0,2800,199.83,60301536522644
1190.0,1,,70.0,76.0,78.0,52.0,70.0,2810,200.00,31656439676025
1191.0,2,0.00,58.0,62.0,62.0,45.0,60.0,1353,47.54,28957907480895
1191.0,3,0.00,58.0,60.0,60.0,45.0,60.0,1343,48.06,29248259963623
1196.0,0,,70.0,72.0,72.0,52.0,70.0,2812,199.71,60302670892456
1196.0,1,,71.0,76.0,76.0,52.0,70.0,2802,199.50,31657570849487
1196.0,2,0.00,58.0,62.0,62.0,45.0,60.0,1342,47.37,28958176535156
1196.0,3,0.00,58.0,60.0,60.0,44.0,60.0,1353,47.81,29248531533569
1202.0,0,,70.0,72.0,74.0,52.0,70.0,2799,200.25,60303808323547
1202.0,1,,71.0,76.0,76.0,52.0,70.0,2799,199.84,31658705960754
1202.0,2,0.00,58.0,62.0,62.0,45.0,61.0,1353,47.31,28958445246337
1202.0,3,0.00,58.0,60.0,60.0,45.0,60.0,1342,47.90,29248803584899
1207.0,0,,71.0,72.0,72.0,52.0,70.0,2804,199.67,60304940446166
1208.0,1,,70.0,76.0,76.0,52.0,69.0,2804,200.01,31659840034545
1208.0,2,0.00,58.0,62.0,62.0,45.0,60.0,1365,47.43,28958714194030
1208.0,3,0.00,58.0,60.0,60.0,45.0,60.0,1344,48.03,29249075933349
1213.0,0,,69.0,72.0,72.0,51.0,70.0,2803,199.54,60306073837951
1213.0,1,,71.0,78.0,76.0,52.0,70.0,2802,199.82,31660975008911
1213.0,2,0.00,58.0,62.0,62.0,44.0,60.0,1343,47.55,28958983820922
1213.0,3,0.00,58.0,60.0,60.0,45.0,60.0,1354,48.04,29249348292602
1219.0,0,,70.0,74.0,74.0,52.0,70.0,2803,200.10,60307208427185
1219.0,1,,70.0,76.0,78.0,52.0,70.0,2802,199.88,31662108317993
1219.0,2,0.00,58.0,62.0,62.0,45.0,61.0,1355,47.33,28959252667114
1219.0,3,0.00,58.0,60.0,60.0,45.0,60.0,1343,47.84,29249620051452
1224.0,0,,70.0,74.0,74.0,52.0,70.0,2804,200.05,60308342689697
1225.0,1,,71.0,76.0,76.0,52.0,70.0,2795,199.54,31663239696777
1225.0,2,0.00,58.0,62.0,62.0,45.0,61.0,1344,47.31,28959520894042
1225.0,3,0.00,58.0,60.0,60.0,45.0,60.0,1344,48.11,29249892846008
1230.0,0,,71.0,74.0,72.0,52.0,70.0,2803,199.02,60309473122436
1230.0,1,,70.0,76.0,76.0,52.0,70.0,2802,199.37,31664372143737
1230.0,2,0.00,58.0,62.0,62.0,45.0,61.0,1333,47.55,28959790527526
1231.0,3,0.00,58.0,60.0,60.0,45.0,60.0,1354,48.14,29250165805541
1236.0,0,,70.0,74.0,74.0,52.0,70.0,2804,200.07,60310607532165
1236.0,1,,72.0,76.0,76.0,52.0,70.0,2804,198.99,31665500440551
1236.0,2,0.00,58.0,62.0,62.0,45.0,60.0,1354,47.57,28960060241394
1236.0,3,0.00,58.0,60.0,60.0,45.0,60.0,1343,47.82,29250437427612
1241.0,0,,71.0,72.0,72.0,52.0,70.0,2812,199.72,60311739972412
1242.0,1,,71.0,76.0,76.0,52.0,70.0,2802,199.87,31666635730407
1242.0,2,0.00,58.0,62.0,62.0,45.0,61.0,1354,47.21,28960328415832
1242.0,3,0.00,58.0,60.0,60.0,45.0,60.0,1354,47.87,29250708842102
1247.0,0,,71.0,74.0,74.0,52.0,70.0,2803,199.93,60312875578369
1247.0,1,,70.0,76.0,76.0,52.0,70.0,2802,199.69,31667767964904
1247.0,2,0.00,58.0,62.0,62.0,45.0,60.0,1354,47.33,28960596805236
1248.0,3,0.00,58.0,60.0,60.0,44.0,60.0,1343,48.10,29250982053771
1253.0,0,,70.0,72.0,72.0,52.0,70.0,2810,199.05,60314006189453
1253.0,1,,69.0,76.0,76.0,51.0,69.0,2801,199.01,31668898355590
1253.0,2,0.00,58.0,62.0,62.0,45.0,60.0,1354,47.50,28960866598510
1253.0,3,0.00,58.0,60.0,60.0,44.0,60.0,1354,48.11,29251254815368
1258.0,0,,70.0,74.0,74.0,52.0,70.0,2795,200.37,60315142296813
1259.0,1,,70.0,76.0,76.0,52.0,70.0,2804,200.10,31670032943298
1259.0,2,0.00,58.0,62.0,62.0,45.0,60.0,1355,47.31,28961134855712
1259.0,3,0.00,58.0,60.0,60.0,45.0,60.0,1344,47.87,29251526211303
1264.0,0,,70.0,72.0,72.0,52.0,70.0,2803,199.51,60316273528564
1264.0,1,,71.0,76.0,76.0,52.0,70.0,2803,199.66,31671165015441
1264.0,2,0.00,58.0,62.0,62.0,45.0,61.0,1343,47.26,28961403311584
1265.0,3,0.00,58.0,60.0,60.0,45.0,60.0,1354,47.96,29251798634216
1270.0,0,,67.0,74.0,74.0,51.0,69.0,2805,192.30,60317363889892
1270.0,1,,67.0,76.0,76.0,51.0,68.0,2805,190.95,31672245767456
1270.0,2,0.00,58.0,62.0,62.0,45.0,61.0,1354,47.47,28961670586364
1270.0,3,0.00,58.0,60.0,60.0,45.0,60.0,1348,48.26,29252069374450
1275.0,0,,70.0,74.0,74.0,52.0,70.0,2499,175.71,60318351383666
1276.0,1,,70.0,78.0,78.0,52.0,70.0,2553,177.54,31673245293395
1276.0,2,0.00,58.0,62.0,62.0,45.0,60.0,1357,47.75,28961940832214
1276.0,3,0.00,58.0,60.0,60.0,45.0,60.0,1335,48.26,29252343009460
1281.0,0,,70.0,74.0,74.0,52.0,70.0,2437,200.22,60319484623168
1281.0,1,,70.0,78.0,78.0,52.0,70.0,2490,199.61,31674377100341
1281.0,2,0.00,58.0,62.0,62.0,45.0,60.0,1346,47.51,28962209713623
1282.0,3,0.00,58.0,60.0,60.0,44.0,60.0,1353,48.00,29252615154968
1287.0,0,,71.0,74.0,74.0,52.0,70.0,2672,199.45,60320619482116
1287.0,1,,71.0,78.0,78.0,52.0,70.0,2735,200.03,31675511270202
1287.0,2,0.00,58.0,62.0,62.0,45.0,60.0,1351,47.47,28962477901672
1287.0,3,0.00,58.0,60.0,60.0,44.0,60.0,1346,48.07,29252885765380
1292.0,0,,70.0,74.0,74.0,52.0,70.0,2799,200.29,60321743096801
1292.0,1,,70.0,76.0,78.0,52.0,70.0,2796,200.21,31676634433349
1293.0,2,0.00,58.0,62.0,62.0,45.0,60.0,1362,47.59,28962745843566
1293.0,3,0.00,58.0,60.0,60.0,45.0,60.0,1347,48.10,29253158034484
1298.0,0,,70.0,76.0,74.0,52.0,70.0,2800,200.04,60322875345153
1298.0,1,,70.0,76.0,78.0,52.0,70.0,2805,199.67,31677766538146
1298.0,2,0.00,58.0,62.0,62.0,45.0,60.0,1343,47.57,28963016051025
1298.0,3,0.00,58.0,60.0,60.0,44.0,60.0,1353,48.14,29253430975341
1304.0,0,,70.0,74.0,74.0,52.0,70.0,2800,200.04,60324011561889
1304.0,1,,71.0,78.0,76.0,52.0,70.0,2800,199.79,31678901335327
1304.0,2,0.00,58.0,62.0,62.0,45.0,60.0,1354,47.50,28963285348083
1304.0,3,0.00,58.0,60.0,60.0,44.0,60.0,1343,47.96,29253703363403
1309.0,0,,70.0,74.0,74.0,51.0,70.0,2803,199.51,60325144780639
1310.0,1,,70.0,78.0,76.0,52.0,70.0,2802,200.02,31680037452270
1310.0,2,0.00,58.0,62.0,62.0,45.0,60.0,1354,47.45,28963554838500
1310.0,3,0.00,58.0,60.0,60.0,45.0,60.0,1343,48.20,29253976669555
1315.0,0,,71.0,74.0,74.0,52.0,71.0,2802,200.11,60326279379516
1315.0,1,,70.0,76.0,78.0,52.0,70.0,2803,200.43,31681173885620
1315.0,2,0.00,58.0,62.0,62.0,45.0,60.0,1323,47.61,28963824773925
1315.0,3,0.00,58.0,60.0,60.0,45.0,60.0,1355,48.14,29254250127868
1321.0,0,,70.0,74.0,74.0,52.0,70.0,2802,199.87,60327414659423
1321.0,1,,71.0,78.0,76.0,52.0,71.0,2802,199.67,31682308037292
1321.0,2,0.00,58.0,62.0,62.0,45.0,60.0,1353,47.62,28964095277893
1321.0,3,0.00,58.0,60.0,60.0,44.0,60.0,1343,47.99,29254522216247
1326.0,0,,68.0,72.0,74.0,52.0,70.0,2801,200.00,60328548661682
1327.0,1,,70.0,78.0,76.0,52.0,70.0,2802,200.31,31683443786193
1327.0,2,0.00,58.0,62.0,62.0,45.0,60.0,1354,47.38,28964363930541
1327.0,3,0.00,58.0,60.0,60.0,45.0,60.0,1343,48.02,29254794479003
1332.0,0,,70.0,74.0,74.0,52.0,70.0,2805,200.45,60329685202026
1332.0,1,,70.0,76.0,76.0,52.0,70.0,2803,199.72,31684576186645
1332.0,2,0.00,58.0,62.0,62.0,45.0,60.0,1301,47.41,28964633217773
1333.0,3,0.00,58.0,60.0,60.0,44.0,60.0,1354,48.14,29255067939086
1338.0,0,,70.0,72.0,74.0,51.0,70.0,2800,200.00,60330821178222
1338.0,1,,70.0,76.0,76.0,52.0,70.0,2799,199.70,31685712457153
1338.0,2,0.00,58.0,62.0,62.0,45.0,60.0,1353,47.57,28964903426879
1338.0,3,0.00,58.0,60.0,60.0,44.0,60.0,1342,48.04,29255340825744
1343.0,0,,70.0,74.0,74.0,52.0,70.0,2810,200.19,60331958250183
1344.0,1,,70.0,76.0,78.0,52.0,70.0,2801,200.56,31686849606201
1344.0,2,0.00,58.0,62.0,62.0,45.0,60.0,1342,47.42,28965172745544
1344.0,3,0.00,58.0,60.0,60.0,44.0,60.0,1342,47.92,29255612994323
1349.0,0,,70.0,72.0,74.0,52.0,70.0,2801,199.71,60333092589599
1349.0,1,,71.0,76.0,76.0,52.0,70.0,2799,199.45,31687984504638
1349.0,2,0.00,58.0,62.0,62.0,45.0,61.0,1289,47.38,28965441868347
1350.0,3,0.00,58.0,60.0,60.0,44.0,60.0,1353,48.13,29255886377868
1355.0,0,,70.0,72.0,74.0,52.0,70.0,2814,200.15,60334227463378
1355.0,1,,71.0,76.0,76.0,52.0,70.0,2803,200.05,31689118795227
1355.0,2,0.00,58.0,62.0,62.0,45.0,61.0,1354,47.52,28965711297546
1355.0,3,0.00,58.0,60.0,60.0,44.0,60.0,1354,48.22,29256159793884
1360.0,0,,71.0,74.0,74.0,52.0,70.0,2799,199.39,60335362005859
1361.0,1,,70.0,76.0,78.0,52.0,70.0,2800,200.60,31690258182250
1361.0,2,0.00,58.0,62.0,62.0,45.0,61.0,1353,47.63,28965981830383
1361.0,3,0.00,58.0,60.0,60.0,44.0,60.0,1343,47.95,29256432142456
1366.0,0,,70.0,74.0,74.0,52.0,70.0,2813,200.72,60336500077636
1366.0,1,,70.0,76.0,76.0,52.0,70.0,2801,199.91,31691391649597
1366.0,2,0.00,58.0,62.0,62.0,45.0,61.0,1343,47.39,28966250994079
1367.0,3,0.00,58.0,60.0,60.0,45.0,60.0,1353,47.84,29256703871459
1372.0,0,,71.0,74.0,74.0,52.0,70.0,2803,199.84,60337635167846
1372.0,1,,70.0,76.0,76.0,52.0,70.0,2803,199.72,31692526057006
1372.0,2,0.00,58.0,62.0,62.0,45.0,61.0,1354,47.40,28966519765258
1372.0,3,0.00,58.0,60.0,60.0,45.0,60.0,1354,48.09,29256976539794
1377.0,0,,70.0,74.0,72.0,52.0,70.0,2809,199.56,60338768662414
1378.0,1,,70.0,78.0,78.0,52.0,70.0,2800,200.50,31693664887634
1378.0,2,0.00,58.0,62.0,62.0,45.0,60.0,1352,47.53,28966789710937
1378.0,3,0.00,58.0,60.0,60.0,44.0,60.0,1341,48.04,29257249868835
1383.0,0,,70.0,72.0,74.0,51.0,70.0,2801,200.53,60339905652709
1383.0,1,,71.0,76.0,76.0,52.0,70.0,2801,199.43,31694797668640
1383.0,2,0.00,58.0,62.0,62.0,44.0,60.0,1344,47.33,28967058555480
1384.0,3,0.00,58.0,60.0,60.0,45.0,60.0,1355,47.93,29257521628540
1389.0,0,,70.0,74.0,74.0,52.0,70.0,2814,199.60,60341039388244
1389.0,1,,72.0,76.0,76.0,52.0,70.0,2804,199.55,31695929115234
1389.0,2,0.00,58.0,62.0,62.0,45.0,61.0,1333,47.39,28967327276306
1389.0,3,0.00,58.0,60.0,60.0,45.0,60.0,1343,48.10,29257794375610
1395.0,0,,71.0,74.0,72.0,52.0,70.0,2800,200.19,60342174493164
1395.0,1,,70.0,78.0,76.0,52.0,70.0,2800,200.70,31697069109313
1395.0,2,0.00,58.0,62.0,62.0,45.0,60.0,1342,47.44,28967596748596
1395.0,3,0.00,58.0,60.0,60.0,45.0,60.0,1343,48.17,29258067966735
1400.0,0,,70.0,74.0,72.0,52.0,70.0,2810,199.77,60343311161682
1400.0,1,,71.0,76.0,76.0,52.0,70.0,2801,199.84,31698204177551
1401.0,2,0.00,58.0,62.0,62.0,45.0,61.0,1353,47.51,28967866600036
1401.0,3,0.00,58.0,60.0,60.0,45.0,60.0,1342,47.99,29258340569885
1406.0,0,,70.0,74.0,74.0,52.0,70.0,2803,200.49,60344447941101
1406.0,1,,71.0,76.0,76.0,52.0,70.0,2800,200.33,31699340023498
1406.0,2,0.00,58.0,62.0,62.0,45.0,61.0,1344,47.44,28968135584167
1406.0,3,0.00,59.0,60.0,60.0,45.0,60.0,1355,47.90,29258612174621
1412.0,0,,70.0,72.0,74.0,51.0,70.0,2805,199.65,60345579968872
1412.0,1,,70.0,76.0,76.0,51.0,69.0,2805,199.71,31700472390686
1412.0,2,0.00,58.0,62.0,62.0,45.0,60.0,1353,47.37,28968404631591
1412.0,3,0.00,58.0,60.0,60.0,44.0,60.0,1343,48.06,29258885132446
1417.0,0,100.00,70.0,74.0,74.0,52.0,70.0,2802,199.79,60346712778991
1417.0,1,,72.0,78.0,78.0,52.0,70.0,2802,200.21,31701609592590
1418.0,2,0.00,58.0,62.0,62.0,45.0,60.0,1354,47.49,28968673884582
1418.0,3,0.00,58.0,60.0,60.0,44.0,60.0,1354,48.21,29259158506469
1423.0,0,,71.0,74.0,74.0,52.0,70.0,2811,200.38,60347850962707
1423.0,1,,70.0,76.0,78.0,52.0,70.0,2801,200.14,31702744373107
1423.0,2,0.00,58.0,62.0,62.0,45.0,60.0,1343,47.51,28968943715759
1423.0,3,0.00,58.0,60.0,60.0,45.0,60.0,1354,47.82,29259430108154
1429.0,0,,71.0,74.0,72.0,52.0,70.0,2803,199.21,60348982451965
1429.0,1,,70.0,78.0,76.0,52.0,70.0,2803,199.73,31703878837158
1429.0,2,0.00,58.0,62.0,62.0,45.0,60.0,1354,47.50,28969213043823
1429.0,3,0.00,58.0,60.0,60.0,45.0,60.0,1343,48.07,29259702643005
1434.0,0,,71.0,72.0,72.0,52.0,70.0,2800,200.01,60350118504333
1434.0,1,,72.0,78.0,76.0,52.0,71.0,2799,199.45,31705011729858
1435.0,2,0.00,58.0,62.0,62.0,45.0,60.0,1353,47.42,28969482366149
1435.0,3,0.00,58.0,60.0,60.0,45.0,60.0,1342,48.13,29259976031799
1440.0,0,,70.0,72.0,72.0,52.0,70.0,2801,200.22,60351253738281
1440.0,1,,70.0,76.0,76.0,52.0,70.0,2803,199.88,31706145022155
1440.0,2,0.00,58.0,62.0,62.0,45.0,60.0,1343,47.44,28969751834289
1440.0,3,0.00,58.0,60.0,60.0,45.0,60.0,1352,48.11,29260249303344
1446.0,0,,71.0,74.0,74.0,52.0,71.0,2809,199.21,60352387222961
1446.0,1,,70.0,76.0,78.0,52.0,70.0,2808,199.93,31707282613159
1446.0,2,0.00,58.0,62.0,62.0,45.0,61.0,1352,47.42,28970021170227
1446.0,3,0.00,58.0,60.0,60.0,45.0,60.0,1343,47.70,29260520254089
1451.0,0,,70.0,72.0,72.0,51.0,70.0,2800,200.49,60353523978698
1451.0,1,,71.0,76.0,76.0,52.0,70.0,2802,199.56,31708416120971
1452.0,2,0.00,58.0,62.0,62.0,45.0,61.0,1354,47.41,28970289984191
1452.0,3,0.00,58.0,60.0,60.0,45.0,60.0,1344,48.00,29260792418334
1457.0,0,,70.0,72.0,72.0,52.0,70.0,2805,199.71,60354656335327
1457.0,1,,71.0,76.0,76.0,52.0,70.0,2803,199.74,31709548626098
1457.0,2,0.00,58.0,62.0,62.0,45.0,60.0,1342,47.37,28970559066528
1457.0,3,0.00,58.0,60.0,60.0,45.0,60.0,1353,48.00,29261065515380
1463.0,0,,69.0,72.0,74.0,51.0,70.0,2802,199.62,60355790196411
1463.0,1,,70.0,78.0,78.0,52.0,70.0,2804,200.39,31710684840393
1463.0,2,0.00,58.0,62.0,62.0,45.0,60.0,1354,47.57,28970828789123
1463.0,3,0.00,58.0,60.0,60.0,45.0,60.0,1344,48.14,29261338013061
1468.0,0,,70.0,74.0,74.0,52.0,70.0,2812,200.49,60356926997802
1468.0,1,,70.0,76.0,78.0,52.0,70.0,2802,199.69,31711819092956
1469.0,2,0.00,58.0,62.0,62.0,45.0,60.0,1356,47.36,28971097779174
1469.0,3,0.00,58.0,60.0,60.0,45.0,60.0,1345,47.92,29261609719909
1474.0,0,,70.0,74.0,72.0,52.0,70.0,2806,199.07,60358055715881
1474.0,1,,71.0,78.0,76.0,52.0,70.0,2805,199.27,31712948974975
1474.0,2,0.00,58.0,62.0,62.0,45.0,61.0,1343,47.35,28971366249511
1474.0,3,0.00,58.0,60.0,60.0,45.0,60.0,1354,48.13,29261883070251
1480.0,0,,71.0,72.0,72.0,52.0,70.0,2803,200.12,60359190372375
1480.0,1,,71.0,78.0,76.0,52.0,70.0,2805,198.94,31714076974548
1480.0,2,0.00,58.0,62.0,62.0,45.0,61.0,1355,47.42,28971635102783
1480.0,3,0.00,58.0,60.0,60.0,45.0,60.0,1336,48.16,29262155679016
1485.0,0,,71.0,74.0,72.0,52.0,70.0,2798,199.68,60360322549011
1485.0,1,,71.0,76.0,76.0,52.0,70.0,2808,199.84,31715208080200
1486.0,2,0.00,58.0,62.0,62.0,45.0,60.0,1356,47.58,28971904386047
1486.0,3,0.00,58.0,60.0,60.0,45.0,60.0,1354,47.74,29262426389709
1491.0,0,,70.0,72.0,74.0,52.0,70.0,2803,200.17,60361457486877
1491.0,1,,71.0,76.0,76.0,52.0,70.0,2792,199.69,31716340345520
1491.0,2,0.00,58.0,62.0,62.0,45.0,61.0,1343,47.39,28972173546936
1491.0,3,0.00,58.0,60.0,60.0,45.0,60.0,1353,47.91,29262698516906
1497.0,0,,70.0,72.0,72.0,52.0,70.0,2801,199.05,60362588065795
1497.0,1,,70.0,76.0,76.0,52.0,70.0,2802,198.30,31717466708435
1497.0,2,0.00,58.0,62.0,62.0,45.0,61.0,1354,47.44,28972442534606
1497.0,3,0.00,58.0,60.0,60.0,44.0,60.0,1343,48.13,29262971411682
1502.0,0,,70.0,72.0,72.0,51.0,70.0,2803,199.54,60363719473205
1502.0,1,,70.0,76.0,76.0,52.0,70.0,2803,199.62,31718598542114
1503.0,2,0.00,58.0,62.0,62.0,45.0,60.0,1354,47.38,28972711674621
1503.0,3,0.00,58.0,60.0,60.0,45.0,60.0,1344,48.09,29263244054382
1508.0,0,,70.0,74.0,74.0,51.0,70.0,2803,199.44,60364852268615
1508.0,1,,70.0,76.0,76.0,52.0,70.0,2802,199.26,31719730316589
1508.0,2,0.00,58.0,62.0,62.0,45.0,60.0,1322,47.40,28972980431762
1508.0,3,0.00,58.0,60.0,60.0,45.0,60.0,1353,47.91,29263516168395
1514.0,0,,70.0,74.0,72.0,52.0,70.0,2810,199.37,60365984689819
1514.0,1,,70.0,76.0,76.0,52.0,70.0,2809,199.78,31720865058471
1514.0,2,0.00,58.0,62.0,62.0,45.0,60.0,1353,47.45,28973249950927
1514.0,3,0.00,58.0,60.0,60.0,45.0,60.0,1342,48.07,29263789205749
1519.0,0,,66.0,74.0,74.0,50.0,68.0,2654,157.00,60366871755310
1519.0,1,,67.0,78.0,78.0,50.0,68.0,2717,154.13,31721734354614
1520.0,2,0.00,58.0,62.0,62.0,45.0,61.0,1356,47.69,28973518420166
1520.0,3,0.00,58.0,60.0,60.0,44.0,60.0,1350,48.43,29264060873107
1525.0,0,,65.0,74.0,74.0,50.0,68.0,2100,136.08,60367635164062
1525.0,1,,66.0,78.0,78.0,50.0,67.0,2197,136.65,31722499617187
1525.0,2,0.00,58.0,62.0,62.0,45.0,61.0,1341,47.99,28973786667785
1525.0,3,0.00,58.0,60.0,60.0,44.0,60.0,1351,48.46,29264332260253
1531.0,0,,69.0,74.0,74.0,51.0,69.0,1867,162.77,60368549955932
1531.0,1,,69.0,78.0,78.0,51.0,69.0,1977,164.39,31723426762451
1531.0,2,0.00,58.0,62.0,62.0,45.0,60.0,1356,47.67,28974056478820
1531.0,3,0.00,58.0,60.0,60.0,44.0,60.0,1341,48.04,29264605150024
1536.0,0,,71.0,74.0,74.0,52.0,71.0,2227,199.69,60369684166748
1536.0,1,,71.0,78.0,78.0,52.0,70.0,2269,200.06,31724563084045
1537.0,2,0.00,58.0,62.0,62.0,45.0,60.0,1341,47.39,28974326145935
1537.0,3,0.00,58.0,60.0,60.0,44.0,60.0,1352,48.14,29264878561340
1542.0,0,,70.0,74.0,76.0,52.0,70.0,2641,200.26,60370821667907
1542.0,1,,71.0,78.0,78.0,52.0,70.0,2621,199.96,31725698840270
1542.0,2,0.00,58.0,62.0,62.0,45.0,60.0,1300,47.56,28974595820800
1542.0,3,0.00,58.0,60.0,60.0,44.0,60.0,1354,48.06,29265151568176
1548.0,0,,70.0,74.0,76.0,52.0,71.0,2792,199.74,60371956196289
1548.0,1,,70.0,78.0,76.0,52.0,71.0,2792,199.52,31726832113952
1548.0,2,0.00,58.0,62.0,62.0,45.0,61.0,1354,47.62,28974866296936
1548.0,3,0.00,58.0,60.0,60.0,44.0,60.0,1300,48.18,29265424731811
1553.0,0,,71.0,74.0,74.0,52.0,71.0,2800,200.04,60373090428222
1553.0,1,,70.0,76.0,78.0,52.0,70.0,2800,200.24,31727969469970
1554.0,2,0.00,58.0,62.0,62.0,45.0,60.0,1353,47.46,28975135859619
1554.0,3,0.00,58.0,60.0,60.0,44.0,60.0,1293,47.94,29265696576232
1559.0,0,,70.0,76.0,76.0,52.0,70.0,2805,200.18,60374221463378
1559.0,1,,70.0,76.0,78.0,52.0,70.0,2803,199.72,31729097909545
1559.0,2,0.00,58.0,62.0,62.0,45.0,60.0,1348,47.48,28975404124572
1559.0,3,0.00,58.0,60.0,60.0,44.0,60.0,1356,48.26,29265969705688
1565.0,0,,70.0,74.0,74.0,52.0,70.0,2800,199.75,60375356030578
1565.0,1,,71.0,78.0,76.0,52.0,70.0,2801,199.76,31730232557800
1565.0,2,0.00,58.0,62.0,62.0,45.0,61.0,1353,47.49,28975673884155
1565.0,3,0.00,58.0,60.0,60.0,45.0,60.0,1343,48.27,29266243897888
1570.0,0,,71.0,74.0,74.0,52.0,71.0,2802,199.80,60376490895996
1570.0,1,,70.0,76.0,78.0,52.0,70.0,2802,200.40,31731368823791
1571.0,2,0.00,58.0,62.0,62.0,45.0,61.0,1343,47.68,28975944236755
1571.0,3,0.00,58.0,60.0,60.0,44.0,60.0,1354,47.92,29266515624694
1576.0,0,,71.0,74.0,74.0,52.0,71.0,2802,200.14,60377625688110
1576.0,1,,70.0,76.0,78.0,52.0,70.0,2803,200.11,31732505439270
1576.0,2,0.00,58.0,62.0,62.0,45.0,61.0,1335,47.43,28976213146789
1576.0,3,0.00,58.0,60.0,60.0,45.0,60.0,1346,48.02,29266787925292
1582.0,0,,70.0,74.0,74.0,52.0,70.0,2809,200.12,60378756349182
1582.0,1,,70.0,76.0,78.0,52.0,70.0,2807,200.06,31733629752197
1582.0,2,0.00,58.0,62.0,62.0,45.0,60.0,1357,47.47,28976479912170
1582.0,3,0.00,58.0,60.0,60.0,44.0,60.0,1340,48.18,29267057759094
1587.0,0,,71.0,74.0,72.0,52.0,70.0,2797,199.91,60379877841003
1587.0,1,,71.0,78.0,76.0,52.0,71.0,2798,199.67,31734755909606
1588.0,2,0.00,58.0,62.0,62.0,45.0,60.0,1358,47.59,28976748780334
1588.0,3,0.00,58.0,60.0,60.0,44.0,60.0,1343,48.16,29267330811767
1593.0,0,,70.0,72.0,74.0,52.0,70.0,2801,199.86,60381013042053
1593.0,1,,70.0,78.0,78.0,52.0,71.0,2800,200.25,31735893344665
1593.0,2,0.00,58.0,62.0,62.0,45.0,60.0,1343,47.60,28977019126770
1593.0,3,0.00,58.0,60.0,60.0,44.0,60.0,1353,47.86,29267602683532
1599.0,0,,71.0,74.0,74.0,52.0,70.0,2800,200.13,60382149807495
1599.0,1,,71.0,76.0,76.0,52.0,70.0,2801,199.75,31737025955017
1599.0,2,0.00,58.0,62.0,62.0,45.0,61.0,1343,47.48,28977288362365
1599.0,3,0.00,58.0,60.0,60.0,45.0,60.0,1332,48.09,29267875823425
1604.0,0,,71.0,74.0,74.0,52.0,70.0,2803,199.64,60383283787658
1604.0,1,,71.0,78.0,78.0,52.0,70.0,2803,200.34,31738163904541
1605.0,2,0.00,58.0,62.0,62.0,45.0,61.0,1354,47.39,28977557540649
1605.0,3,0.00,58.0,60.0,60.0,45.0,60.0,1354,48.23,29268149263488
1610.0,0,,70.0,74.0,74.0,52.0,70.0,2803,199.95,60384419531738
1610.0,1,,70.0,78.0,76.0,52.0,70.0,2801,200.07,31739296278320
1610.0,2,0.00,58.0,62.0,62.0,45.0,61.0,1341,47.63,28977826155822
1610.0,3,0.00,58.0,60.0,60.0,44.0,60.0,1357,48.06,29268419821228
1616.0,0,,70.0,74.0,74.0,52.0,70.0,2798,200.54,60385544586059
1616.0,1,,71.0,76.0,76.0,52.0,70.0,2799,199.75,31740420852050
1616.0,2,0.00,58.0,62.0,62.0,45.0,60.0,1348,47.43,28978094161376
1616.0,3,0.00,58.0,60.0,60.0,45.0,60.0,1343,47.80,29268690849182
1621.0,0,,70.0,72.0,72.0,52.0,70.0,2813,199.99,60386678514404
1621.0,1,,71.0,78.0,76.0,52.0,70.0,2803,200.04,31741557065429
1622.0,2,0.00,58.0,62.0,62.0,45.0,61.0,1354,47.30,28978362823120
1622.0,3,0.00,58.0,60.0,60.0,45.0,60.0,1343,48.08,29268963476806
1627.0,0,,70.0,74.0,74.0,51.0,70.0,2794,199.96,60387814262573
1627.0,1,,71.0,78.0,76.0,52.0,71.0,2798,200.02,31742689181152
1627.0,2,0.00,58.0,62.0,62.0,45.0,61.0,1346,47.47,28978631526611
1627.0,3,0.00,58.0,60.0,60.0,45.0,60.0,1356,48.03,29269235782043
1633.0,0,,71.0,72.0,72.0,51.0,70.0,2813,199.96,60388948027465
1633.0,1,,70.0,76.0,76.0,52.0,70.0,2798,199.84,31743824244689
1633.0,2,0.00,58.0,62.0,62.0,45.0,61.0,1352,47.60,28978901917602
1633.0,3,0.00,58.0,60.0,60.0,45.0,60.0,1342,48.15,29269508794067
1638.0,0,,71.0,74.0,74.0,52.0,70.0,2803,200.30,60390083723327
1638.0,1,,70.0,76.0,78.0,52.0,70.0,2802,200.36,31744960294128
1639.0,2,0.00,58.0,62.0,62.0,45.0,60.0,1354,47.40,28979171121826
1639.0,3,0.00,58.0,60.0,60.0,45.0,60.0,1354,47.90,29269780849609
1644.0,0,,70.0,74.0,74.0,52.0,70.0,2801,199.84,60391218827697
1644.0,1,,71.0,76.0,76.0,52.0,70.0,2795,199.85,31746095441894
1644.0,2,0.00,58.0,62.0,62.0,45.0,61.0,1346,47.42,28979439538635
1644.0,3,0.00,58.0,60.0,60.0,45.0,60.0,1346,48.17,29270053468139
1650.0,0,,71.0,74.0,74.0,52.0,71.0,2807,199.84,60392351930969
1650.0,1,,70.0,76.0,76.0,52.0,70.0,2804,199.90,31747228881774
1650.0,2,0.00,58.0,62.0,62.0,45.0,60.0,1354,47.42,28979708901916
1650.0,3,0.00,58.0,60.0,60.0,45.0,60.0,1343,48.15,29270326973693
1655.0,0,,70.0,72.0,74.0,52.0,70.0,2802,200.29,60393487563537
1655.0,1,,70.0,76.0,76.0,52.0,70.0,2799,200.07,31748365258850
1656.0,2,0.00,58.0,62.0,62.0,45.0,61.0,1352,47.58,28979979146179
1656.0,3,0.00,58.0,60.0,60.0,44.0,60.0,1352,47.82,29270598566345
1661.0,0,,71.0,74.0,74.0,52.0,70.0,2799,200.01,60394623646179
1661.0,1,,70.0,76.0,78.0,52.0,70.0,2802,200.32,31749501093688
1661.0,2,0.00,58.0,62.0,62.0,45.0,60.0,1343,47.39,28980247819885
1661.0,3,0.00,58.0,60.0,60.0,45.0,60.0,1354,47.98,29270871119201
1667.0,0,,70.0,74.0,74.0,52.0,70.0,2803,199.84,60395758728454
1667.0,1,,71.0,76.0,76.0,52.0,70.0,2803,199.65,31750635106872
1667.0,2,0.00,58.0,62.0,62.0,45.0,60.0,1354,47.32,28980516596252
1667.0,3,0.00,59.0,60.0,60.0,45.0,60.0,1343,48.16,29271144168212
1672.0,0,,70.0,74.0,74.0,52.0,71.0,2802,199.87,60396891963012
1672.0,1,,71.0,78.0,78.0,52.0,71.0,2801,200.57,31751772360168
1673.0,2,0.00,58.0,62.0,62.0,45.0,61.0,1354,47.47,28980786231811
1673.0,3,0.00,59.0,60.0,60.0,44.0,60.0,1354,48.00,29271416789489
1678.0,0,,72.0,74.0,72.0,52.0,71.0,2802,199.52,60398025224365
1678.0,1,,70.0,76.0,78.0,52.0,70.0,2802,199.58,31752905982177
1678.0,2,0.00,58.0,62.0,62.0,45.0,60.0,1343,47.37,28981054831359
1678.0,3,0.00,58.0,60.0,60.0,45.0,60.0,1353,47.92,29271688973937
1684.0,0,,71.0,74.0,74.0,52.0,71.0,2812,200.67,60399163033935
1684.0,1,,70.0,76.0,78.0,52.0,70.0,2803,200.19,31754041052734
1684.0,2,0.00,58.0,62.0,62.0,45.0,60.0,1354,47.33,28981323677429
1684.0,3,0.00,58.0,60.0,60.0,45.0,60.0,1344,48.14,29271961917541
1689.0,0,,68.0,72.0,74.0,51.0,69.0,2803,199.34,60400295296447
1689.0,1,,70.0,78.0,76.0,52.0,71.0,2801,199.47,31755174030334
1690.0,2,0.00,58.0,62.0,62.0,45.0,61.0,1354,47.49,28981592921508
1690.0,3,0.00,58.0,60.0,60.0,45.0,60.0,1343,48.24,29272235424987
1695.0,0,,71.0,72.0,72.0,52.0,70.0,2804,200.21,60401430467407
1695.0,1,,70.0,76.0,76.0,52.0,70.0,2804,199.53,31756305388122
1695.0,2,0.00,58.0,62.0,62.0,45.0,61.0,1343,47.51,28981862787597
1695.0,3,0.00,58.0,60.0,60.0,45.0,60.0,1353,48.01,29272508119018
1701.0,0,,71.0,74.0,74.0,52.0,71.0,2803,199.96,60402564264404
1701.0,1,,70.0,76.0,76.0,52.0,70.0,2803,199.58,31757439028991
1701.0,2,0.00,58.0,62.0,62.0,45.0,60.0,1355,47.42,28982131645080
1701.0,3,0.00,58.0,60.0,60.0,45.0,60.0,1344,47.84,29272779358581
1706.0,0,,71.0,74.0,72.0,52.0,70.0,2813,199.45,60403697154724
1706.0,1,,70.0,76.0,76.0,52.0,70.0,2803,199.51,31758570237670
1707.0,2,0.00,58.0,62.0,62.0,45.0,60.0,1354,47.41,28982400470703
1707.0,3,0.00,58.0,60.0,60.0,45.0,60.0,1343,48.10,29273052083679
1712.0,0,,71.0,74.0,72.0,52.0,71.0,2802,199.93,60404830751892
1712.0,1,,70.0,78.0,76.0,52.0,70.0,2802,200.19,31759707293701
1712.0,2,0.00,58.0,62.0,62.0,45.0,61.0,1343,47.39,28982669640686
1712.0,3,0.00,58.0,60.0,60.0,45.0,60.0,1354,47.87,29273323999023
1718.0,0,,71.0,74.0,74.0,52.0,70.0,2803,200.28,60405968314941
1718.0,1,,70.0,76.0,76.0,52.0,70.0,2805,199.43,31760838036010
1718.0,2,0.00,58.0,62.0,62.0,45.0,61.0,1355,47.37,28982938252319
1718.0,3,0.00,59.0,60.0,60.0,45.0,60.0,1345,47.86,29273595354003
1723.0,0,,70.0,74.0,74.0,52.0,70.0,2805,199.80,60407101165771
1724.0,1,,70.0,76.0,76.0,52.0,70.0,2803,199.88,31761971357971
1724.0,2,0.00,58.0,62.0,62.0,45.0,60.0,1354,48.17,28983211390808
1724.0,3,0.00,58.0,60.0,60.0,44.0,60.0,1342,48.05,29273868252075
1729.0,0,,70.0,72.0,74.0,52.0,70.0,2810,199.87,60408236417297
1729.0,1,,70.0,76.0,76.0,52.0,70.0,2799,199.24,31763103060913
1729.0,2,0.00,58.0,62.0,62.0,45.0,60.0,1342,47.34,28983480302368
1730.0,3,0.00,59.0,60.0,60.0,45.0,60.0,1353,48.17,29274141838928
1735.0,0,,70.0,74.0,74.0,51.0,70.0,2801,199.83,60409369428710
1735.0,1,,70.0,76.0,76.0,52.0,70.0,2802,199.57,31764236600402
1735.0,2,0.00,58.0,62.0,62.0,45.0,61.0,1354,47.45,28983749811096
1735.0,3,0.00,58.0,60.0,60.0,44.0,60.0,1343,48.09,29274414503601
1740.0,0,,71.0,72.0,72.0,52.0,70.0,2803,198.73,60410498195312
1741.0,1,,72.0,78.0,78.0,52.0,70.0,2802,200.05,31765370909484
1741.0,2,0.00,58.0,62.0,62.0,45.0,61.0,1353,47.43,28984018725646
1741.0,3,0.00,58.0,60.0,60.0,44.0,60.0,1343,47.79,29274685957031
1746.0,0,,70.0,74.0,74.0,52.0,70.0,2801,200.27,60411635749572
1746.0,1,,70.0,76.0,76.0,51.0,70.0,2801,199.35,31766503196289
1746.0,2,0.00,58.0,62.0,62.0,45.0,61.0,1343,47.31,28984287465393
1747.0,3,0.00,58.0,60.0,60.0,45.0,60.0,1354,48.14,29274958913879
1752.0,0,,70.0,72.0,74.0,52.0,70.0,2801,200.43,60412772206054
1752.0,1,,71.0,76.0,76.0,52.0,70.0,2801,199.96,31767638980041
1752.0,2,0.00,58.0,62.0,62.0,45.0,61.0,1353,47.37,28984556505493
1752.0,3,0.00,58.0,60.0,60.0,45.0,60.0,1342,48.15,29275232413330
1757.0,0,,71.0,74.0,72.0,52.0,70.0,2801,199.67,60413906345214
1758.0,1,,72.0,78.0,76.0,52.0,70.0,2802,199.52,31768770260253
1758.0,2,0.00,58.0,62.0,62.0,45.0,61.0,1355,47.53,28984826020202
1758.0,3,0.00,58.0,60.0,60.0,44.0,60.0,1345,47.91,29275504040649
1763.0,0,,71.0,74.0,74.0,52.0,70.0,2805,199.59,60415038001892
1763.0,1,,70.0,76.0,76.0,52.0,70.0,2805,199.75,31769902869812
1763.0,2,0.00,58.0,62.0,62.0,45.0,60.0,1344,47.38,28985094654846
1764.0,3,0.00,58.0,60.0,60.0,45.0,60.0,1354,47.91,29275776192321
1769.0,0,,71.0,72.0,72.0,52.0,70.0,2802,199.14,60416169142333
1769.0,1,,70.0,76.0,76.0,52.0,70.0,2800,199.62,31771036691772
1769.0,2,0.00,58.0,62.0,62.0,45.0,60.0,1353,47.34,28985363533813
1769.0,3,0.00,58.0,60.0,60.0,45.0,60.0,1342,48.22,29276049602294
1774.0,0,78.88,70.0,74.0,74.0,52.0,70.0,2725,182.01,60417202953125
1775.0,1,78.88,70.0,78.0,78.0,52.0,70.0,2789,181.82,31772069445251
1775.0,2,0.00,58.0,62.0,62.0,45.0,61.0,1352,47.56,28985633648559
1775.0,3,0.00,58.0,60.0,60.0,45.0,60.0,1352,48.11,29276323320922
1780.0,0,,70.0,74.0,74.0,52.0,70.0,2515,199.80,60418333841796
1780.0,1,,71.0,78.0,78.0,52.0,70.0,2524,200.02,31773197540344
1780.0,2,0.00,58.0,62.0,62.0,45.0,60.0,1346,47.41,28985900587097
1781.0,3,0.00,58.0,60.0,60.0,45.0,60.0,1351,47.99,29276592091308
1786.0,0,,70.0,74.0,74.0,52.0,70.0,2617,199.98,60419455736389
1786.0,1,,70.0,78.0,78.0,52.0,70.0,2693,200.08,31774323967407
1786.0,2,0.00,58.0,62.0,62.0,45.0,60.0,1358,47.50,28986168938842
1786.0,3,0.00,58.0,60.0,60.0,45.0,61.0,1343,48.05,29276864541625
1791.0,0,,70.0,76.0,74.0,52.0,70.0,2792,199.84,60420590850341
1792.0,1,,70.0,78.0,78.0,52.0,70.0,2802,199.72,31775458383178
1792.0,2,0.00,58.0,62.0,62.0,45.0,60.0,1353,47.54,28986438507873
1792.0,3,0.00,58.0,60.0,60.0,45.0,60.0,1353,48.14,29277137997436
1797.0,0,,70.0,74.0,74.0,52.0,71.0,2802,200.04,60421725081237
1797.0,1,,70.0,78.0,78.0,52.0,70.0,2802,199.97,31776594236877
1797.0,2,0.00,58.0,62.0,62.0,45.0,61.0,1322,47.46,28986708077758
1798.0,3,0.00,58.0,60.0,60.0,45.0,60.0,1343,48.07,29277410544799
1803.0,0,,70.0,74.0,76.0,52.0,70.0,2800,200.25,60422862473693
1803.0,1,,70.0,78.0,76.0,52.0,70.0,2800,199.48,31777727268920
1803.0,2,0.00,58.0,62.0,62.0,45.0,60.0,1352,47.44,28986977562377
1803.0,3,0.00,58.0,60.0,60.0,45.0,60.0,1342,47.97,29277683028625
1808.0,0,,70.0,74.0,74.0,52.0,71.0,2802,199.66,60423996528015
1809.0,1,,70.0,76.0,78.0,52.0,70.0,2801,200.48,31778863995056
1809.0,2,0.00,58.0,62.0,62.0,45.0,60.0,1353,47.52,28987247490783
1809.0,3,0.00,58.0,60.0,60.0,45.0,60.0,1352,48.15,29277956528686
1814.0,0,,70.0,74.0,74.0,51.0,70.0,2799,199.85,60425131688781
1814.0,1,,71.0,78.0,78.0,52.0,70.0,2798,199.92,31779997539978
1814.0,2,0.00,58.0,62.0,62.0,45.0,60.0,1341,47.59,28987515890808
1815.0,3,0.00,58.0,60.0,60.0,45.0,60.0,1346,48.24,29278228139465
1820.0,0,,70.0,74.0,74.0,52.0,70.0,2809,200.13,60426256428283
1820.0,1,,71.0,78.0,76.0,52.0,71.0,2811,199.81,31781122464904
1820.0,2,0.00,58.0,62.0,62.0,45.0,61.0,1358,47.58,28987784731262
1820.0,3,0.00,58.0,60.0,60.0,44.0,60.0,1343,48.15,29278501161254
1825.0,0,,71.0,74.0,74.0,52.0,71.0,2801,199.68,60427390624450
1826.0,1,,71.0,78.0,78.0,52.0,70.0,2801,200.41,31782260790222
1826.0,2,0.00,58.0,62.0,62.0,45.0,60.0,1353,47.38,28988053874145
1826.0,3,0.00,58.0,60.0,60.0,45.0,60.0,1353,47.97,29278773138000
1831.0,0,,70.0,74.0,74.0,52.0,70.0,2802,200.23,60428525944519
1831.0,1,,70.0,78.0,76.0,52.0,70.0,2803,199.80,31783393645263
1831.0,2,0.00,58.0,62.0,62.0,45.0,60.0,1343,47.41,28988323171997
1832.0,3,0.00,58.0,60.0,60.0,45.0,60.0,1353,48.14,29279046583496
1837.0,0,,72.0,74.0,74.0,52.0,71.0,2800,200.02,60429662038146
1837.0,1,,70.0,76.0,78.0,52.0,70.0,2799,200.36,31784531675781
1837.0,2,0.00,58.0,62.0,62.0,45.0,60.0,1353,47.46,28988592733520
1837.0,3,0.00,58.0,60.0,60.0,45.0,60.0,1343,48.13,29279319959899
1842.0,0,,69.0,72.0,72.0,51.0,70.0,2814,199.65,60430796048156
1843.0,1,,70.0,78.0,78.0,52.0,70.0,2802,199.69,31785665914733
1843.0,2,0.00,58.0,62.0,62.0,45.0,61.0,1354,47.71,28988863252441
1843.0,3,0.00,59.0,60.0,60.0,44.0,60.0,1344,47.92,29279591647338
1848.0,0,,70.0,74.0,74.0,52.0,70.0,2800,200.92,60431935252197
1848.0,1,,70.0,76.0,76.0,52.0,70.0,2801,199.70,31786800226135
1848.0,2,0.00,58.0,62.0,62.0,45.0,61.0,1343,47.41,28989132562011
1849.0,3,0.00,58.0,60.0,60.0,45.0,60.0,1355,48.11,29279864438110
1854.0,0,,70.0,72.0,74.0,52.0,70.0,2806,199.82,60433068222473
1854.0,1,,70.0,76.0,76.0,52.0,70.0,2806,200.32,31787934033691
1854.0,2,0.00,58.0,62.0,62.0,45.0,60.0,1355,47.38,28989401217895
1854.0,3,0.00,58.0,60.0,60.0,44.0,60.0,1343,48.16,29280137970520
1859.0,0,,71.0,74.0,74.0,52.0,70.0,2801,199.65,60434202251647
1860.0,1,,70.0,76.0,78.0,52.0,70.0,2801,200.17,31789070990173
1860.0,2,0.00,58.0,62.0,62.0,45.0,60.0,1354,47.55,28989670844909
1860.0,3,0.00,58.0,60.0,60.0,45.0,60.0,1343,48.05,29280410869506
1865.0,0,,70.0,72.0,74.0,52.0,70.0,2812,200.26,60435337737060
1865.0,1,,71.0,76.0,76.0,52.0,70.0,2802,199.54,31790204355285
1865.0,2,0.00,58.0,62.0,62.0,45.0,60.0,1343,47.31,28989939589721
1866.0,3,0.00,58.0,60.0,60.0,45.0,60.0,1353,47.96,29280682788085
1871.0,0,,71.0,72.0,72.0,52.0,70.0,2798,199.64,60436473706848
1871.0,1,,70.0,76.0,76.0,52.0,70.0,2807,200.05,31791340622558
1871.0,2,0.00,58.0,62.0,62.0,45.0,60.0,1351,47.50,28990209377319
1871.0,3,0.00,58.0,60.0,60.0,45.0,60.0,1341,47.96,29280955701232
1876.0,0,,70.0,72.0,74.0,51.0,69.0,2813,200.45,60437610243957
1877.0,1,,71.0,76.0,76.0,52.0,70.0,2803,199.82,31792475624633
1877.0,2,0.00,58.0,62.0,62.0,45.0,61.0,1354,47.40,28990478627746
1877.0,3,0.00,59.0,60.0,60.0,45.0,60.0,1354,48.23,29281229166931
1882.0,0,,71.0,74.0,74.0,52.0,71.0,2803,199.47,60438743250610
1882.0,1,100.00,70.0,78.0,78.0,52.0,70.0,2803,200.60,31793613043945
1882.0,2,0.00,58.0,62.0,62.0,45.0,60.0,1344,47.55,28990748217590
1883.0,3,0.00,58.0,60.0,60.0,45.0,60.0,1354,48.00,29281501313476
1888.0,0,,70.0,72.0,74.0,51.0,70.0,2799,200.55,60439882401977
1888.0,1,,70.0,76.0,76.0,52.0,70.0,2798,199.66,31794747131042
1888.0,2,0.00,58.0,62.0,62.0,45.0,60.0,1352,47.45,28991017718688
1888.0,3,0.00,58.0,60.0,60.0,45.0,60.0,1352,47.97,29281774275695
1894.0,0,,70.0,74.0,74.0,52.0,69.0,2811,199.78,60441017159240
1894.0,1,,71.0,76.0,76.0,52.0,70.0,2809,200.04,31795883358276
1894.0,2,0.00,58.0,62.0,62.0,45.0,61.0,1351,47.42,28991287543884
1894.0,3,0.00,59.0,60.0,60.0,45.0,60.0,1341,48.22,29282048172546
1899.0,0,,70.0,74.0,74.0,52.0,70.0,2797,200.33,60442155056335
1899.0,1,,71.0,76.0,76.0,52.0,70.0,2809,199.65,31797019354797
1900.0,2,0.00,58.0,62.0,62.0,45.0,61.0,1342,47.44,28991557018615
1900.0,3,0.00,58.0,60.0,60.0,45.0,60.0,1353,48.09,29282321297180
1905.0,0,,71.0,74.0,74.0,52.0,71.0,2812,199.79,60443289873840
1905.0,1,,70.0,76.0,78.0,52.0,70.0,2802,200.35,31798155315124
1905.0,2,0.00,58.0,62.0,62.0,45.0,61.0,1354,47.44,28991826004516
1905.0,3,0.00,58.0,60.0,60.0,45.0,60.0,1354,47.83,29282592974121
1911.0,0,,70.0,74.0,74.0,52.0,70.0,2801,199.68,60444424059936
1911.0,1,,71.0,76.0,76.0,51.0,69.0,2801,199.47,31799288286560
1911.0,2,0.00,58.0,62.0,62.0,45.0,60.0,1354,47.39,28992095155090
1911.0,3,0.00,58.0,60.0,60.0,45.0,60.0,1343,48.08,29282865603942
1916.0,0,,71.0,74.0,74.0,52.0,70.0,2807,199.93,60445557641479
1916.0,1,,70.0,78.0,78.0,52.0,70.0,2805,200.53,31800421294921
1917.0,2,0.00,58.0,62.0,62.0,45.0,61.0,1343,47.37,28992362331604
1917.0,3,0.00,58.0,60.0,60.0,45.0,60.0,1348,48.14,29283136167663
1922.0,0,,72.0,74.0,74.0,52.0,71.0,2798,199.88,60446678956726
1922.0,1,,70.0,76.0,78.0,52.0,70.0,2800,199.82,31801546272155
1922.0,2,0.00,58.0,62.0,62.0,45.0,61.0,1359,47.43,28992630307128
1922.0,3,0.00,58.0,60.0,60.0,45.0,60.0,1354,47.99,29283408257751
1928.0,0,,71.0,74.0,74.0,52.0,71.0,2802,200.24,60447816312011
1928.0,1,,70.0,76.0,78.0,52.0,70.0,2802,199.75,31802680859008
1928.0,2,0.00,58.0,62.0,62.0,45.0,60.0,1354,47.43,28992899246154
1928.0,3,0.00,58.0,60.0,60.0,45.0,60.0,1343,47.97,29283680246765
1933.0,0,,68.0,72.0,74.0,52.0,70.0,2802,199.74,60448948815185
1933.0,1,,71.0,78.0,76.0,52.0,71.0,2803,199.78,31803813611206
1934.0,2,0.00,58.0,62.0,62.0,45.0,61.0,1344,47.49,28993168535705
1934.0,3,0.00,58.0,60.0,60.0,45.0,60.0,1344,48.07,29283953311035
1939.0,0,,70.0,74.0,74.0,52.0,70.0,2813,200.04,60450085056091
1939.0,1,100.00,71.0,76.0,76.0,52.0,70.0,2802,199.27,31804945473876
1939.0,2,0.00,58.0,62.0,62.0,45.0,60.0,1354,47.36,28993437559692
1939.0,3,0.00,58.0,60.0,60.0,44.0,60.0,1354,48.25,29284226873474
1945.0,0,,70.0,72.0,74.0,52.0,70.0,2803,200.05,60451219315124
1945.0,1,,70.0,76.0,76.0,52.0,70.0,2801,200.24,31806080836547
1945.0,2,0.00,58.0,62.0,62.0,45.0,61.0,1353,47.45,28993707069763
1945.0,3,0.00,58.0,60.0,60.0,45.0,60.0,1341,48.09,29284500051879
1950.0,0,,70.0,74.0,74.0,52.0,71.0,2805,199.52,60452354570495
1950.0,1,,71.0,76.0,78.0,52.0,70.0,2806,199.18,31807214184082
1951.0,2,0.00,58.0,62.0,62.0,45.0,60.0,1340,47.35,28993976466491
1951.0,3,0.00,59.0,60.0,60.0,45.0,60.0,1351,47.95,29284772868591
1956.0,0,,71.0,74.0,74.0,52.0,70.0,2800,199.55,60453488021118
1956.0,1,,70.0,76.0,78.0,52.0,70.0,2801,200.20,31808351341247
1956.0,2,0.00,58.0,62.0,62.0,45.0,61.0,1353,47.43,28994245404968
1956.0,3,0.00,58.0,60.0,60.0,45.0,60.0,1343,48.03,29285045661132
1962.0,0,,70.0,72.0,74.0,52.0,70.0,2813,199.66,60454622090698
1962.0,1,,71.0,76.0,76.0,52.0,70.0,2801,199.52,31809484620178
1962.0,2,0.00,58.0,62.0,62.0,45.0,61.0,1353,47.40,28994514649475
1962.0,3,0.00,58.0,60.0,60.0,45.0,60.0,1343,48.15,29285318651489
1967.0,0,,70.0,74.0,74.0,52.0,70.0,2799,199.63,60455755979370
1967.0,1,,70.0,76.0,76.0,52.0,70.0,2799,199.74,31810619152832
1968.0,2,0.00,58.0,62.0,62.0,45.0,61.0,1352,47.32,28994783455139
1968.0,3,0.00,58.0,60.0,60.0,45.0,60.0,1352,47.69,29285590003173
1973.0,0,100.00,70.0,74.0,74.0,51.0,70.0,2799,199.99,60456891926940
1973.0,1,,70.0,76.0,76.0,52.0,70.0,2801,199.83,31811754182922
1973.0,2,0.00,58.0,62.0,62.0,45.0,61.0,1343,47.38,28995052583679
1973.0,3,0.00,58.0,60.0,60.0,45.0,60.0,1354,48.14,29285862949401
1979.0,0,,70.0,72.0,72.0,52.0,70.0,2815,199.87,60458025175109
1979.0,1,,71.0,76.0,76.0,52.0,70.0,2804,199.83,31812887213134
1979.0,2,0.00,58.0,62.0,62.0,45.0,61.0,1355,47.43,28995321519348
1979.0,3,0.00,58.0,60.0,60.0,45.0,60.0,1343,48.22,29286136383300
1984.0,0,,70.0,74.0,74.0,52.0,70.0,2803,200.28,60459160741516
1984.0,1,,71.0,76.0,76.0,52.0,70.0,2800,199.47,31814020183593
1985.0,2,0.00,58.0,62.0,62.0,45.0,61.0,1352,47.44,28995590953063
1985.0,3,0.00,58.0,60.0,60.0,45.0,60.0,1353,48.02,29286409145629
1990.0,0,,71.0,72.0,74.0,52.0,70.0,2807,198.77,60460291726684
1990.0,1,,71.0,78.0,78.0,52.0,71.0,2799,200.15,31815157029296
1990.0,2,0.00,58.0,62.0,62.0,45.0,61.0,1341,47.38,28995860044311
1990.0,3,0.00,58.0,60.0,60.0,45.0,60.0,1351,47.90,29286681670959
1996.0,0,,71.0,72.0,72.0,52.0,70.0,2798,200.09,60461428223876
1996.0,1,100.00,71.0,76.0,76.0,52.0,70.0,2808,199.36,31816289384399
1996.0,2,0.00,58.0,62.0,62.0,45.0,60.0,1352,47.37,28996129566406
1996.0,3,0.00,59.0,60.0,60.0,45.0,60.0,1341,48.06,29286954624145
2001.0,0,,70.0,74.0,74.0,52.0,70.0,2810,200.31,60462565987426
2002.0,1,,70.0,76.0,76.0,52.0,70.0,2799,199.77,31817426068847
2002.0,2,0.00,58.0,62.0,62.0,45.0,60.0,1353,47.42,28996398896240
2002.0,3,0.00,58.0,60.0,60.0,45.0,60.0,1343,48.11,29287227879760
2007.0,0,,70.0,74.0,74.0,52.0,70.0,2802,199.39,60463698539062
2007.0,1,,71.0,76.0,76.0,52.0,70.0,2802,199.47,31818557091918
2007.0,2,0.00,58.0,62.0,62.0,45.0,61.0,1343,47.22,28996666619201
2007.0,3,0.00,58.0,60.0,60.0,45.0,60.0,1354,47.89,29287499417297
2013.0,0,,71.0,74.0,74.0,52.0,70.0,2803,199.47,60464829555297
2013.0,1,,70.0,78.0,76.0,52.0,71.0,2804,199.58,31819688685058
2013.0,2,0.00,58.0,62.0,62.0,45.0,60.0,1355,47.42,28996935462768
2013.0,3,0.00,58.0,60.0,60.0,45.0,60.0,1344,47.99,29287771981262
2018.0,0,98.94,66.0,74.0,74.0,50.0,68.0,2804,189.03,60465899460632
2018.0,1,98.85,67.0,76.0,76.0,50.0,68.0,2803,185.63,31820735629882
2019.0,2,0.00,58.0,62.0,62.0,45.0,61.0,1358,47.49,28997202359313
2019.0,3,0.00,59.0,60.0,60.0,45.0,60.0,1350,48.28,29288042323242
2024.0,0,,69.0,74.0,74.0,52.0,70.0,2519,191.31,60466974635314
2024.0,1,,70.0,78.0,78.0,52.0,70.0,2637,194.83,31821834442932
2024.0,2,0.00,58.0,62.0,62.0,45.0,61.0,1346,47.62,28997471877319
2024.0,3,0.00,58.0,60.0,60.0,45.0,60.0,1354,48.20,29288315643188
2030.0,0,,70.0,74.0,74.0,52.0,71.0,2518,200.06,60468108952270
2030.0,1,,70.0,78.0,78.0,52.0,70.0,2634,200.05,31822968720458
2030.0,2,0.00,58.0,62.0,62.0,45.0,61.0,1355,47.47,28997741026977
2030.0,3,0.00,58.0,60.0,60.0,45.0,60.0,1333,47.94,29288587927368
2035.0,0,,71.0,74.0,74.0,52.0,70.0,2765,199.70,60469239257629
2035.0,1,,71.0,78.0,78.0,52.0,70.0,2787,200.07,31824101093200
2036.0,2,0.00,58.0,62.0,62.0,45.0,60.0,1356,47.54,28998010606506
2036.0,3,0.00,58.0,60.0,60.0,45.0,60.0,1346,48.16,29288860535400
2041.0,0,,70.0,76.0,74.0,52.0,70.0,2802,200.10,60470375819641
2041.0,1,,70.0,76.0,78.0,52.0,70.0,2802,199.78,31825235820983
2041.0,2,0.00,58.0,62.0,62.0,45.0,60.0,1344,47.54,28998280153381
2041.0,3,0.00,58.0,60.0,60.0,44.0,60.0,1355,48.21,29289133858093
2047.0,0,,70.0,74.0,74.0,52.0,70.0,2804,200.10,60471510371093
2047.0,1,,70.0,76.0,78.0,52.0,70.0,2804,200.06,31826370163818
2047.0,2,0.00,58.0,62.0,62.0,45.0,61.0,1355,47.58,28998549923645
2047.0,3,0.00,58.0,60.0,60.0,44.0,60.0,1344,48.15,29289406858032
2052.0,0,,70.0,74.0,74.0,52.0,71.0,2803,200.09,60472644889892
2052.0,1,,70.0,76.0,78.0,52.0,70.0,2803,199.82,31827505140319
2053.0,2,0.00,58.0,62.0,62.0,45.0,61.0,1354,47.41,28998819225646
2053.0,3,0.00,58.0,60.0,60.0,45.0,60.0,1354,47.82,29289678486572
2058.0,0,,71.0,74.0,74.0,52.0,70.0,2803,199.71,60473779269042
2058.0,1,,70.0,76.0,78.0,52.0,70.0,2801,200.11,31828639756103
2058.0,2,0.00,58.0,62.0,62.0,45.0,61.0,1343,47.59,28999089071411
2058.0,3,0.00,58.0,60.0,60.0,45.0,60.0,1353,48.25,29289952066589
2064.0,0,100.00,70.0,74.0,74.0,52.0,70.0,2811,200.29,60474916938049
2064.0,1,,70.0,76.0,76.0,52.0,70.0,2801,199.75,31829774314453
2064.0,2,0.00,58.0,62.0,62.0,45.0,61.0,1353,47.51,28999358900329
2064.0,3,0.00,58.0,60.0,60.0,45.0,60.0,1343,48.28,29290226303039
2069.0,0,,71.0,74.0,74.0,52.0,71.0,2802,199.42,60476047652648
2070.0,1,,70.0,78.0,78.0,52.0,70.0,2802,200.45,31830910840087
2070.0,2,0.00,58.0,62.0,62.0,45.0,60.0,1354,47.51,28999628757690
2070.0,3,0.00,58.0,60.0,60.0,45.0,60.0,1354,47.89,29290498294067
2075.0,0,,70.0,74.0,74.0,52.0,70.0,2813,200.02,60477183778808
2075.0,1,,71.0,78.0,78.0,52.0,70.0,2802,199.83,31832045895812
2075.0,2,0.00,58.0,62.0,62.0,45.0,61.0,1343,47.53,28999898259582
2075.0,3,0.00,58.0,60.0,60.0,45.0,60.0,1353,48.10,29290771036560
2081.0,0,,70.0,74.0,74.0,52.0,70.0,2801,200.72,60478321851928
2081.0,1,,71.0,76.0,76.0,52.0,70.0,2802,199.50,31833179071899
2081.0,2,0.00,58.0,62.0,62.0,45.0,60.0,1354,47.49,29000168028198
2081.0,3,0.00,58.0,60.0,60.0,45.0,60.0,1343,48.10,29291044261535
2086.0,0,,70.0,72.0,74.0,52.0,70.0,2802,199.71,60479456180419
2087.0,1,,70.0,76.0,76.0,52.0,70.0,2801,200.40,31834315332153
2087.0,2,0.00,58.0,62.0,62.0,45.0,60.0,1353,47.59,29000437863098
2087.0,3,0.00,59.0,60.0,60.0,45.0,60.0,1343,48.09,29291317402404
2092.0,0,,72.0,74.0,74.0,52.0,71.0,2802,199.97,60480589982055
2092.0,1,,70.0,76.0,78.0,52.0,70.0,2803,200.18,31835452330139
2092.0,2,0.00,58.0,62.0,62.0,45.0,61.0,1343,47.29,29000706464172
2093.0,3,0.00,58.0,60.0,60.0,45.0,60.0,1354,47.91,29291589051025
2098.0,0,,71.0,74.0,74.0,52.0,71.0,2801,200.13,60481726745788
2098.0,1,,70.0,76.0,78.0,52.0,70.0,2797,199.88,31836587625671
2098.0,2,0.00,58.0,62.0,62.0,45.0,60.0,1362,47.46,29000976487365
2098.0,3,0.00,58.0,60.0,60.0,45.0,60.0,1341,48.12,29291862851806
2103.0,0,,70.0,74.0,74.0,52.0,70.0,2807,199.71,60482863068176
2104.0,1,,71.0,78.0,78.0,52.0,70.0,2801,200.35,31837725618408
2104.0,2,0.00,58.0,62.0,62.0,45.0,61.0,1353,47.58,29001246258117
2104.0,3,0.00,58.0,60.0,60.0,45.0,60.0,1343,48.27,29292136530578
2109.0,0,,70.0,74.0,74.0,52.0,70.0,2794,200.17,60483998032958
2109.0,1,,70.0,76.0,76.0,51.0,70.0,2805,199.51,31838856818359
2109.0,2,0.00,58.0,62.0,62.0,45.0,60.0,1345,47.52,29001515707397
2110.0,3,0.00,59.0,60.0,60.0,45.0,60.0,1356,48.10,29292409260009
2115.0,0,,70.0,72.0,74.0,52.0,70.0,2806,199.89,60485131397216
2115.0,1,,71.0,78.0,76.0,52.0,70.0,2805,199.94,31839990453796
2115.0,2,0.00,58.0,62.0,62.0,45.0,61.0,1355,47.43,29001784615966
2115.0,3,0.00,59.0,60.0,60.0,45.0,60.0,1344,47.98,29292681296997
2120.0,0,,70.0,74.0,74.0,52.0,70.0,2800,199.97,60486267239440
2121.0,1,,70.0,76.0,76.0,51.0,69.0,2809,200.11,31841127051940
2121.0,2,0.00,58.0,62.0,62.0,45.0,60.0,1352,47.53,29002054609313
2121.0,3,0.00,58.0,60.0,60.0,45.0,60.0,1352,48.04,29292954649658
2126.0,0,,70.0,74.0,74.0,51.0,70.0,2810,200.44,60487405724914
2126.0,1,,70.0,76.0,76.0,52.0,70.0,2800,200.13,31842263765991
2126.0,2,0.00,58.0,62.0,62.0,45.0,61.0,1344,47.50,29002324407104
2127.0,3,0.00,58.0,60.0,60.0,45.0,60.0,1345,48.15,29293227165710
2132.0,0,,71.0,74.0,74.0,52.0,70.0,2797,199.79,60488536533691
2132.0,1,,72.0,76.0,76.0,52.0,71.0,2797,199.62,31843395592895
2132.0,2,0.00,58.0,62.0,62.0,45.0,61.0,1355,47.44,29002593370056
2132.0,3,0.00,58.0,60.0,60.0,45.0,60.0,1343,47.85,29293498927673
2137.0,0,,70.0,74.0,74.0,52.0,70.0,2811,199.81,60489671470458
2138.0,1,,72.0,78.0,76.0,52.0,70.0,2800,200.25,31844533002624
2138.0,2,0.00,58.0,62.0,62.0,45.0,61.0,1353,47.38,29002862472351
2138.0,3,0.00,58.0,60.0,60.0,45.0,60.0,1352,47.95,29293771259521
2143.0,0,,68.0,72.0,74.0,52.0,70.0,2800,200.04,60490807677490
2143.0,1,,70.0,78.0,78.0,52.0,70.0,2800,200.49,31845669788391
2143.0,2,0.00,58.0,62.0,62.0,45.0,60.0,1342,47.51,29003132322326
2144.0,3,0.00,58.0,60.0,60.0,45.0,60.0,1353,48.16,29294044801818
2149.0,0,,71.0,72.0,72.0,52.0,70.0,2814,200.22,60491942903137
2149.0,1,,70.0,76.0,76.0,51.0,70.0,2804,199.39,31846802311889
2149.0,2,0.00,58.0,62.0,62.0,45.0,60.0,1355,47.46,29003401413391
2149.0,3,0.00,58.0,60.0,60.0,45.0,60.0,1344,48.16,29294317878479
2155.0,0,,70.0,74.0,74.0,52.0,70.0,2800,200.53,60493081939697
2155.0,1,,70.0,76.0,76.0,52.0,70.0,2809,200.06,31847938669555
2155.0,2,0.00,58.0,62.0,62.0,45.0,61.0,1362,47.36,29003670445617
2155.0,3,0.00,58.0,60.0,60.0,44.0,60.0,1352,47.92,29294590051391
2160.0,0,,71.0,72.0,72.0,52.0,70.0,2810,199.43,60494214706115
2160.0,1,,71.0,76.0,76.0,52.0,70.0,2801,199.59,31849072355285
2160.0,2,0.00,58.0,62.0,62.0,44.0,61.0,1343,47.44,29003939889587
2161.0,3,0.00,58.0,60.0,60.0,45.0,60.0,1354,48.07,29294863072448
2166.0,0,,70.0,74.0,74.0,52.0,71.0,2800,199.70,60495348983520
2166.0,1,,71.0,78.0,78.0,52.0,70.0,2800,200.70,31850212351623
2166.0,2,0.00,58.0,62.0,62.0,45.0,60.0,1352,47.52,29004209809448
2166.0,3,0.00,58.0,60.0,60.0,45.0,60.0,1342,48.19,29295136786682
2172.0,0,,70.0,74.0,74.0,52.0,71.0,2801,200.32,60496486817504
2172.0,1,,70.0,76.0,78.0,52.0,70.0,2802,199.90,31851345787231
2172.0,2,0.00,58.0,62.0,62.0,45.0,61.0,1354,47.50,29004479139831
2172.0,3,0.00,59.0,60.0,60.0,45.0,60.0,1343,47.84,29295408546203
2177.0,0,,68.0,72.0,74.0,52.0,69.0,2801,199.57,60497620354797
2177.0,1,,70.0,78.0,78.0,52.0,71.0,2800,199.58,31852479422851
2178.0,2,0.00,58.0,62.0,62.0,45.0,61.0,1342,47.32,29004747906677
2178.0,3,0.00,58.0,60.0,60.0,45.0,60.0,1353,47.89,29295680580810
2183.0,0,,71.0,72.0,72.0,52.0,71.0,2802,200.01,60498756398681
2183.0,1,,71.0,76.0,76.0,52.0,70.0,2802,199.42,31853612115112
2183.0,2,0.00,58.0,62.0,62.0,45.0,61.0,1354,47.45,29005017448669
2183.0,3,0.00,58.0,60.0,60.0,45.0,60.0,1353,48.13,29295953489196
2189.0,0,,70.0,72.0,74.0,51.0,70.0,2801,200.11,60499891035705
2189.0,1,,71.0,76.0,76.0,52.0,70.0,2811,199.40,31854744681701
2189.0,2,0.00,58.0,62.0,62.0,45.0,61.0,1353,47.48,29005287147644
2189.0,3,0.00,58.0,60.0,60.0,45.0,60.0,1343,48.14,29296226923522
2194.0,0,,69.0,74.0,72.0,51.0,70.0,2802,199.39,60501023565551
2194.0,1,,71.0,78.0,78.0,52.0,70.0,2801,200.62,31855882170654
2195.0,2,0.00,58.0,62.0,62.0,45.0,61.0,1342,47.35,29005555607788
2195.0,3,0.00,58.0,60.0,60.0,45.0,60.0,1353,47.85,29296498720886
2200.0,0,,70.0,72.0,74.0,52.0,70.0,2800,200.21,60502160777954
2200.0,1,,71.0,76.0,76.0,52.0,70.0,2802,199.26,31857013940612
2200.0,2,0.00,58.0,62.0,62.0,45.0,61.0,1353,47.34,29005824517395
2200.0,3,0.00,58.0,60.0,60.0,45.0,60.0,1353,48.16,29296771782409
2206.0,0,,70.0,74.0,74.0,52.0,70.0,2812,199.95,60503294470031
2206.0,1,,71.0,76.0,76.0,52.0,70.0,2801,199.62,31858147768981
2206.0,2,0.00,58.0,62.0,62.0,45.0,61.0,1353,47.48,29006094191162
2206.0,3,0.00,59.0,60.0,60.0,45.0,60.0,1342,48.17,29297045390869
2211.0,0,,70.0,74.0,74.0,52.0,70.0,2800,199.69,60504428700988
2211.0,1,,71.0,76.0,76.0,52.0,70.0,2798,199.09,31859278573364
2212.0,2,0.00,58.0,62.0,62.0,45.0,61.0,1341,47.45,29006363718994
2212.0,3,0.00,58.0,60.0,60.0,45.0,60.0,1352,48.01,29297318110168
2217.0,0,,71.0,74.0,72.0,52.0,70.0,2809,199.49,60505561792175
2217.0,1,,71.0,76.0,76.0,52.0,71.0,2812,199.74,31860413087951
2217.0,2,0.00,58.0,62.0,62.0,45.0,61.0,1353,47.23,29006631986572
2217.0,3,0.00,58.0,60.0,60.0,45.0,60.0,1353,47.89,29297590141113
2223.0,0,,70.0,74.0,74.0,52.0,70.0,2802,199.86,60506696998840
2223.0,1,,72.0,76.0,76.0,52.0,71.0,2802,199.83,31861546151977
2223.0,2,0.00,58.0,62.0,62.0,45.0,61.0,1354,47.45,29006901013854
2223.0,3,0.00,58.0,60.0,60.0,45.0,60.0,1344,48.04,29297862533813
2228.0,0,,71.0,72.0,72.0,52.0,70.0,2801,199.90,60507832444702
2228.0,1,,71.0,76.0,76.0,52.0,70.0,2801,200.15,31862682987365
2229.0,2,0.00,58.0,62.0,62.0,45.0,61.0,1353,47.53,29007170963500
2229.0,3,0.00,59.0,60.0,60.0,45.0,60.0,1353,48.11,29298135814697
2234.0,0,,70.0,74.0,72.0,52.0,70.0,2804,199.97,60508966282409
2234.0,1,,71.0,76.0,76.0,52.0,71.0,2803,199.50,31863814148620
2234.0,2,0.00,58.0,62.0,62.0,45.0,61.0,1344,47.25,29007438897827
2234.0,3,0.00,58.0,60.0,60.0,45.0,60.0,1344,47.77,29298407142944
2240.0,0,,71.0,74.0,74.0,52.0,71.0,2798,199.75,60510100873229
2240.0,1,,70.0,76.0,78.0,52.0,70.0,2798,199.74,31864950696472
2240.0,2,0.00,58.0,62.0,62.0,45.0,61.0,1352,47.25,29007707742248
2240.0,3,0.00,59.0,60.0,60.0,45.0,60.0,1342,48.06,29298680102966
2245.0,0,,70.0,74.0,74.0,52.0,70.0,2802,199.80,60511235760925
2246.0,1,,71.0,76.0,76.0,52.0,70.0,2803,199.67,31866082806640
2246.0,2,0.00,58.0,62.0,62.0,45.0,61.0,1353,47.52,29007977174072
2246.0,3,0.00,59.0,60.0,60.0,45.0,61.0,1343,48.20,29298953424072
2251.0,0,,71.0,74.0,74.0,52.0,70.0,2801,199.93,60512371335937
2251.0,1,,71.0,76.0,78.0,52.0,70.0,2804,199.54,31867216221618
2251.0,2,0.00,58.0,62.0,62.0,45.0,60.0,1347,47.48,29008246357666
2251.0,3,0.00,58.0,60.0,60.0,45.0,60.0,1357,48.03,29299225778808
2257.0,0,,70.0,72.0,72.0,52.0,70.0,2810,199.24,60513499047729
2257.0,1,,71.0,76.0,76.0,52.0,70.0,2805,198.87,31868341809997
2257.0,2,0.00,58.0,62.0,62.0,45.0,60.0,1353,47.24,29008514688476
2257.0,3,0.00,58.0,60.0,60.0,45.0,60.0,1342,47.92,29299497958190
2262.0,0,,71.0,72.0,72.0,52.0,71.0,2797,199.83,60514634062072
2263.0,1,,71.0,76.0,78.0,52.0,70.0,2809,199.36,31869474199829
2263.0,2,0.00,58.0,62.0,62.0,45.0,60.0,1352,47.39,29008783883544
2263.0,3,0.00,58.0,60.0,60.0,45.0,60.0,1353,47.96,29299770396484
2268.0,0,,70.0,74.0,74.0,52.0,70.0,2633,179.55,60515653903686
2268.0,1,,69.0,78.0,78.0,51.0,69.0,2729,180.49,31870499375061
2268.0,2,0.00,58.0,62.0,62.0,45.0,61.0,1343,47.75,29009054603759
2269.0,3,0.00,58.0,60.0,60.0,45.0,60.0,1344,48.34,29300044464477
2274.0,0,,69.0,74.0,74.0,52.0,70.0,2477,199.81,60516786851623
2274.0,1,,70.0,78.0,78.0,52.0,70.0,2602,200.09,31871633898803
2274.0,2,0.00,58.0,62.0,62.0,45.0,61.0,1355,47.66,29009324833740
2274.0,3,0.00,58.0,60.0,60.0,45.0,60.0,1343,48.03,29300317255432
2279.0,0,,71.0,74.0,76.0,52.0,70.0,2749,200.27,60517922377441
2280.0,1,,70.0,78.0,78.0,52.0,70.0,2781,199.69,31872768147277
2280.0,2,0.00,58.0,62.0,62.0,45.0,60.0,1353,47.46,29009594395751
2280.0,3,0.00,58.0,60.0,60.0,45.0,60.0,1342,48.10,29300590009155
2285.0,0,,71.0,74.0,74.0,52.0,71.0,2798,199.89,60519057734436
2285.0,1,,70.0,76.0,78.0,52.0,70.0,2811,199.84,31873903223205
2285.0,2,0.00,58.0,62.0,62.0,45.0,60.0,1342,47.62,29009864880737
2286.0,3,0.00,59.0,60.0,60.0,45.0,60.0,1354,48.18,29300863690734
2291.0,0,,70.0,74.0,74.0,52.0,70.0,2798,199.91,60520191241333
2291.0,1,,70.0,78.0,76.0,52.0,70.0,2797,199.85,31875034382568
2291.0,2,0.00,58.0,62.0,62.0,45.0,61.0,1357,47.66,29010134649780
2291.0,3,0.00,58.0,60.0,60.0,45.0,60.0,1335,48.23,29301136684814
2296.0,0,,70.0,74.0,74.0,52.0,70.0,2804,199.74,60521323760681
2297.0,1,,70.0,78.0,76.0,52.0,70.0,2802,200.43,31876170808715
2297.0,2,0.00,58.0,62.0,62.0,45.0,60.0,1353,47.26,29010403092773
2297.0,3,0.00,58.0,60.0,60.0,45.0,60.0,1353,47.90,29301408743530
2302.0,0,100.00,71.0,74.0,74.0,52.0,70.0,2809,200.02,60522459897521
2302.0,1,,70.0,76.0,78.0,52.0,70.0,2810,200.18,31877307818664
2302.0,2,0.00,58.0,62.0,62.0,45.0,61.0,1342,47.41,29010672400451
2303.0,3,0.00,58.0,60.0,60.0,45.0,60.0,1352,48.07,29301681791381
2308.0,0,,70.0,74.0,74.0,52.0,70.0,2801,200.05,60523596174255
2308.0,1,,71.0,78.0,76.0,52.0,71.0,2802,199.35,31878440100158
2308.0,2,0.00,58.0,62.0,62.0,45.0,60.0,1354,47.60,29010942280090
2308.0,3,0.00,59.0,60.0,60.0,45.0,60.0,1344,48.14,29301955224853
2313.0,0,,71.0,74.0,74.0,52.0,70.0,2801,200.04,60524732409484
2314.0,1,,70.0,76.0,76.0,52.0,70.0,2801,200.00,31879576105346
2314.0,2,0.00,58.0,62.0,62.0,45.0,60.0,1353,47.66,29011212984130
2314.0,3,0.00,58.0,60.0,60.0,45.0,60.0,1352,48.26,29302229322570
2319.0,0,,70.0,74.0,74.0,51.0,70.0,2801,200.13,60525867167846
2319.0,1,,70.0,76.0,76.0,52.0,70.0,2802,199.83,31880711147277
2319.0,2,0.00,58.0,62.0,62.0,45.0,61.0,1343,47.33,29011481796630
2320.0,3,0.00,58.0,60.0,60.0,45.0,60.0,1355,48.06,29302501355224
2325.0,0,,71.0,74.0,74.0,52.0,70.0,2804,199.87,60527002413208
2325.0,1,,70.0,76.0,78.0,52.0,70.0,2805,200.29,31881846768371
2325.0,2,0.00,58.0,62.0,62.0,45.0,60.0,1355,47.48,29011751024719
2325.0,3,0.00,58.0,60.0,60.0,45.0,60.0,1343,48.09,29302774499145
2330.0,0,,71.0,74.0,74.0,52.0,71.0,2802,200.18,60528137437988
2331.0,1,,70.0,76.0,76.0,52.0,70.0,2811,200.15,31882981609619
2331.0,2,0.00,58.0,62.0,62.0,45.0,60.0,1353,47.59,29012021332946
2331.0,3,0.00,58.0,60.0,60.0,45.0,60.0,1342,48.19,29303048230041
2336.0,0,,71.0,74.0,74.0,52.0,71.0,2809,199.59,60529271081115
2336.0,1,,71.0,78.0,78.0,52.0,70.0,2799,200.23,31884120934143
2336.0,2,0.00,58.0,62.0,62.0,45.0,61.0,1341,47.38,29012290479370
2337.0,3,0.00,59.0,60.0,60.0,45.0,60.0,1352,47.95,29303320588989
2342.0,0,,70.0,74.0,74.0,52.0,70.0,2801,200.60,60530410496887
2342.0,1,,71.0,76.0,76.0,52.0,70.0,2810,199.60,31885254654541
2342.0,2,0.00,58.0,62.0,62.0,45.0,61.0,1353,47.33,29012559314636
2342.0,3,0.00,58.0,60.0,60.0,45.0,60.0,1343,48.05,29303593528442
2348.0,0,,71.0,74.0,74.0,52.0,70.0,2802,199.82,60531545457519
2348.0,1,,71.0,76.0,76.0,52.0,70.0,2802,200.25,31886390086914
2348.0,2,0.00,58.0,62.0,62.0,44.0,61.0,1354,47.56,29012828964294
2348.0,3,0.00,58.0,60.0,60.0,45.0,60.0,1343,48.12,29303866395812
2353.0,0,,70.0,74.0,72.0,52.0,70.0,2800,199.55,60532678921264
2353.0,1,,71.0,78.0,78.0,52.0,71.0,2800,200.11,31887526684875
2354.0,2,0.00,58.0,62.0,62.0,45.0,60.0,1341,47.54,29013099467163
2354.0,3,0.00,58.0,60.0,60.0,45.0,60.0,1350,48.11,29304140114685
2359.0,0,,71.0,74.0,74.0,52.0,70.0,2798,200.28,60533816493896
2359.0,1,,70.0,76.0,78.0,52.0,70.0,2809,200.14,31888663505920
2359.0,2,0.00,58.0,62.0,62.0,45.0,60.0,1354,47.35,29013367965332
2359.0,3,0.00,58.0,60.0,60.0,45.0,60.0,1343,47.96,29304412551147
2365.0,0,,70.0,74.0,74.0,52.0,70.0,2800,199.80,60534951376098
2365.0,1,,70.0,76.0,78.0,52.0,70.0,2798,199.69,31889799750671
2365.0,2,0.00,58.0,62.0,62.0,45.0,61.0,1351,47.36,29013637430847
2365.0,3,0.00,59.0,60.0,60.0,45.0,60.0,1353,48.10,29304685745605
2370.0,0,,70.0,72.0,74.0,51.0,69.0,2810,200.08,60536087808776
2370.0,1,,71.0,78.0,76.0,52.0,71.0,2811,200.24,31890935123657
2371.0,2,0.00,58.0,62.0,62.0,45.0,61.0,1342,47.53,29013907386474
2371.0,3,0.00,58.0,60.0,60.0,45.0,60.0,1353,48.18,29304959428710
2376.0,0,,70.0,74.0,74.0,52.0,70.0,2801,200.32,60537225609985
2376.0,1,,71.0,76.0,76.0,52.0,70.0,2802,199.82,31892070107421
2376.0,2,0.00,58.0,62.0,62.0,45.0,61.0,1354,47.68,29014177742004
2376.0,3,0.00,59.0,60.0,60.0,45.0,60.0,1354,47.97,29305231909362
2382.0,0,,71.0,72.0,72.0,52.0,70.0,2811,199.62,60538359472045
2382.0,1,,70.0,76.0,76.0,52.0,70.0,2801,199.83,31893205134338
2382.0,2,0.00,58.0,62.0,62.0,45.0,61.0,1353,47.28,29014446301025
2382.0,3,0.00,59.0,60.0,60.0,45.0,60.0,1342,47.94,29305504193481
2387.0,0,,70.0,72.0,74.0,52.0,70.0,2801,200.25,60539494909545
2387.0,1,,72.0,78.0,76.0,52.0,71.0,2801,199.90,31894338562316
2388.0,2,0.00,58.0,62.0,62.0,45.0,61.0,1344,47.39,29014715496826
2388.0,3,0.00,58.0,60.0,60.0,45.0,60.0,1354,48.07,29305776744567
2393.0,0,,70.0,74.0,72.0,52.0,70.0,2803,199.84,60540630004699
2393.0,1,,71.0,76.0,76.0,52.0,70.0,2803,199.91,31895474058898
2393.0,2,0.00,58.0,62.0,62.0,45.0,60.0,1353,47.63,29014985571105
2393.0,3,0.00,59.0,60.0,60.0,45.0,60.0,1353,48.07,29306049802185
2399.0,0,,70.0,74.0,74.0,52.0,70.0,2801,200.54,60541767046997
2399.0,1,,71.0,76.0,76.0,52.0,70.0,2801,199.96,31896609837219
2399.0,2,0.00,58.0,62.0,62.0,45.0,60.0,1354,47.33,29015254430725
2399.0,3,0.00,58.0,60.0,60.0,45.0,60.0,1333,48.02,29306322070373
2404.0,0,,71.0,72.0,72.0,52.0,70.0,2802,199.46,60542899995178
2404.0,1,,70.0,76.0,76.0,52.0,69.0,2803,199.87,31897743098083
2405.0,2,0.00,58.0,62.0,62.0,45.0,60.0,1344,47.34,29015522828979
2405.0,3,0.00,59.0,60.0,60.0,45.0,60.0,1355,48.10,29306594802856
2410.0,0,,70.0,74.0,72.0,52.0,71.0,2801,199.62,60544033828491
2410.0,1,,70.0,76.0,78.0,52.0,70.0,2801,200.41,31898881403625
2410.0,2,0.00,58.0,62.0,62.0,45.0,61.0,1353,47.50,29015792655700
2410.0,3,0.00,59.0,60.0,60.0,45.0,60.0,1352,48.21,29306868619262
2416.0,0,,70.0,74.0,74.0,52.0,71.0,2800,200.72,60545171936218
2416.0,1,,71.0,76.0,78.0,52.0,70.0,2800,199.61,31900015210388
2416.0,2,0.00,58.0,62.0,62.0,45.0,61.0,1353,47.54,29016062696472
2416.0,3,0.00,58.0,60.0,60.0,45.0,60.0,1342,48.09,29307142269897
2421.0,0,,71.0,74.0,74.0,52.0,71.0,2809,199.90,60546309391357
2421.0,1,,71.0,76.0,76.0,52.0,70.0,2798,200.02,31901151324462
2422.0,2,0.00,58.0,62.0,62.0,45.0,61.0,1352,47.33,29016331535156
2422.0,3,0.00,58.0,60.0,60.0,45.0,60.0,1353,47.99,29307414389587
2427.0,0,,71.0,74.0,74.0,52.0,71.0,2802,199.82,60547442382202
2427.0,1,,70.0,76.0,78.0,52.0,70.0,2802,200.18,31902288353088
2427.0,2,0.00,58.0,62.0,62.0,45.0,61.0,1343,47.34,29016600399963
2427.0,3,0.00,58.0,60.0,60.0,45.0,60.0,1354,47.87,29307686311462
2433.0,0,,70.0,74.0,72.0,52.0,70.0,2813,199.86,60548577571411
2433.0,1,,70.0,76.0,76.0,52.0,70.0,2802,199.07,31903417060119
2433.0,2,0.00,58.0,62.0,62.0,45.0,61.0,1353,47.59,29016870240173
2433.0,3,0.00,58.0,60.0,60.0,45.0,60.0,1343,48.10,29307959534057
2438.0,0,,70.0,74.0,74.0,52.0,70.0,2801,200.05,60549713855285
2439.0,1,,71.0,76.0,76.0,52.0,70.0,2801,200.37,31904555133972
2439.0,2,0.00,58.0,62.0,62.0,45.0,61.0,1353,47.35,29017139196899
2439.0,3,0.00,58.0,60.0,60.0,45.0,60.0,1353,48.00,29308232178283
2444.0,0,,71.0,72.0,72.0,52.0,70.0,2812,199.78,60550846597473
2444.0,1,,69.0,76.0,76.0,52.0,70.0,2800,199.43,31905687908691
2444.0,2,0.00,58.0,62.0,62.0,45.0,61.0,1342,47.31,29017407938171
2445.0,3,0.00,59.0,60.0,60.0,45.0,60.0,1352,48.05,29308505093872
2450.0,0,,71.0,74.0,74.0,52.0,70.0,2797,199.46,60551981547729
2450.0,1,,71.0,76.0,78.0,52.0,70.0,2797,200.15,31906824784790
2450.0,2,0.00,58.0,62.0,62.0,45.0,61.0,1351,47.33,29017677240295
2450.0,3,0.00,58.0,60.0,60.0,45.0,60.0,1341,48.19,29308778821166
2455.0,0,,71.0,74.0,74.0,52.0,70.0,2800,200.45,60553120085021
2456.0,1,,71.0,76.0,76.0,52.0,70.0,2812,199.45,31907957643981
2456.0,2,0.00,58.0,62.0,62.0,45.0,61.0,1354,47.59,29017947092773
2456.0,3,0.00,59.0,60.0,60.0,45.0,60.0,1354,48.10,29309051564392
2461.0,0,,71.0,74.0,74.0,52.0,70.0,2800,199.64,60554254068176
2461.0,1,,71.0,76.0,76.0,52.0,70.0,2800,199.94,31909093298706
2461.0,2,0.00,58.0,62.0,62.0,45.0,61.0,1343,47.33,29018215900329
2462.0,3,0.00,58.0,60.0,60.0,45.0,61.0,1353,47.94,29309323848205
2467.0,0,,70.0,72.0,74.0,52.0,70.0,2813,199.98,60555387939086
2467.0,1,,71.0,76.0,76.0,52.0,70.0,2793,199.74,31910225830322
2467.0,2,0.00,58.0,62.0,62.0,45.0,61.0,1354,47.37,29018484474853
2467.0,3,0.00,59.0,60.0,60.0,45.0,60.0,1343,47.99,29309596456481
2472.0,0,,70.0,72.0,74.0,52.0,70.0,2802,200.00,60556523950927
2473.0,1,,71.0,76.0,76.0,52.0,70.0,2800,200.01,31911361870605
2473.0,2,0.00,58.0,62.0,62.0,45.0,60.0,1353,47.48,29018754142333
2473.0,3,0.00,59.0,60.0,60.0,45.0,60.0,1343,48.09,29309869597595
2478.0,0,,71.0,74.0,74.0,52.0,70.0,2801,199.37,60557654388916
2478.0,1,,70.0,76.0,78.0,52.0,70.0,2802,199.98,31912497780517
2478.0,2,0.00,58.0,62.0,62.0,45.0,60.0,1343,47.30,29019022826538
2479.0,3,0.00,58.0,60.0,60.0,45.0,60.0,1353,48.04,29310141997802
2484.0,0,,71.0,74.0,74.0,52.0,70.0,2801,199.89,60558789784423
2484.0,1,,69.0,76.0,76.0,51.0,69.0,2801,199.09,31913626638244
2484.0,2,0.00,58.0,62.0,62.0,45.0,61.0,1352,47.40,29019292032226
2484.0,3,0.00,58.0,60.0,60.0,45.0,60.0,1343,47.98,29310414538330
2489.0,0,100.00,70.0,72.0,74.0,52.0,70.0,2812,199.71,60559924164306
2490.0,1,,71.0,76.0,76.0,52.0,70.0,2802,199.70,31914760956726
2490.0,2,0.00,59.0,62.0,62.0,45.0,61.0,1354,47.40,29019560775207
2490.0,3,0.00,59.0,60.0,60.0,45.0,60.0,1344,48.09,29310687667236
2495.0,0,,71.0,74.0,72.0,52.0,70.0,2801,198.65,60561052487670
2495.0,1,,72.0,76.0,76.0,52.0,70.0,2799,198.34,31915887514831
2495.0,2,0.00,58.0,62.0,62.0,45.0,61.0,1342,47.55,29019830867187
2496.0,3,0.00,58.0,60.0,60.0,45.0,60.0,1353,48.09,29310960840026
2501.0,0,,69.0,74.0,74.0,52.0,70.0,2812,199.67,60562184600891
2501.0,1,,70.0,76.0,78.0,52.0,70.0,2804,200.33,31917023387939
2501.0,2,0.00,58.0,62.0,62.0,45.0,61.0,1354,47.31,29020099575012
2501.0,3,0.00,58.0,60.0,60.0,45.0,60.0,1343,48.08,29311233438110
2506.0,0,,70.0,72.0,72.0,52.0,70.0,2794,199.13,60563313660644
2507.0,1,,71.0,76.0,76.0,52.0,70.0,2804,198.83,31918152727355
2507.0,2,0.00,58.0,62.0,62.0,45.0,60.0,1355,47.34,29020367973449
2507.0,3,0.00,59.0,60.0,60.0,45.0,60.0,1345,47.96,29311505363098
2512.0,0,77.21,70.0,74.0,74.0,52.0,70.0,2752,183.43,60564353694763
2512.0,1,77.23,70.0,78.0,78.0,52.0,70.0,2762,183.15,31919191214965
2512.0,2,0.00,58.0,62.0,62.0,45.0,60.0,1345,47.59,29020637801391
2513.0,3,0.00,58.0,60.0,60.0,45.0,61.0,1355,48.20,29311778629211
2518.0,0,,71.0,74.0,74.0,52.0,70.0,2519,199.73,60565486146728
2518.0,1,,71.0,78.0,78.0,52.0,70.0,2540,199.99,31920325161865
2518.0,2,0.00,58.0,62.0,62.0,45.0,61.0,1355,47.71,29020908321228
2518.0,3,0.00,59.0,60.0,60.0,45.0,60.0,1343,48.10,29312051333435
2524.0,0,,71.0,74.0,74.0,52.0,70.0,2611,199.82,60566621125488
2524.0,1,,70.0,78.0,78.0,52.0,70.0,2768,200.04,31921461379394
2524.0,2,0.00,58.0,62.0,62.0,45.0,61.0,1353,47.51,29021178202758
2524.0,3,0.00,58.0,60.0,60.0,45.0,60.0,1343,48.05,29312324268493
2529.0,0,,71.0,76.0,74.0,52.0,71.0,2782,199.85,60567756277282
2529.0,1,,70.0,76.0,78.0,52.0,70.0,2803,199.75,31922593946716
2529.0,2,0.00,58.0,62.0,62.0,45.0,60.0,1344,47.57,29021447942077
2530.0,3,0.00,58.0,60.0,60.0,45.0,60.0,1354,48.18,29312597462463
2535.0,0,,71.0,74.0,74.0,52.0,71.0,2802,200.15,60568891105102
2535.0,1,,70.0,76.0,78.0,52.0,70.0,2801,200.13,31923730701049
2535.0,2,0.00,58.0,62.0,62.0,45.0,60.0,1353,47.56,29021718066711
2535.0,3,0.00,58.0,60.0,60.0,45.0,60.0,1343,48.21,29312871287902
2541.0,0,,70.0,74.0,74.0,52.0,70.0,2800,199.96,60570026887573
2541.0,1,,70.0,78.0,78.0,52.0,71.0,2801,200.04,31924864956176
2541.0,2,0.00,58.0,62.0,62.0,45.0,60.0,1353,47.46,29021987617187
2541.0,3,0.00,58.0,60.0,60.0,45.0,60.0,1342,47.93,29313143528869
2546.0,0,,70.0,74.0,74.0,52.0,70.0,2812,199.92,60571162414733
2546.0,1,,70.0,76.0,78.0,52.0,70.0,2802,199.77,31925999672180
2547.0,2,0.00,58.0,62.0,62.0,45.0,61.0,1343,47.57,29022257335754
2547.0,3,0.00,59.0,60.0,60.0,45.0,60.0,1354,48.10,29313416249023
2552.0,0,,70.0,74.0,74.0,52.0,70.0,2802,199.70,60572294739196
2552.0,1,,71.0,78.0,78.0,52.0,70.0,2802,200.31,31927135436706
2552.0,2,0.00,59.0,62.0,62.0,45.0,60.0,1353,47.47,29022526969848
2552.0,3,0.00,58.0,60.0,60.0,45.0,60.0,1343,48.08,29313689359191
2558.0,0,,71.0,74.0,74.0,52.0,70.0,2812,200.18,60573431751953
2558.0,1,,71.0,78.0,78.0,52.0,70.0,2801,200.06,31928271787231
2558.0,2,0.00,58.0,62.0,62.0,45.0,60.0,1353,47.58,29022797251586
2558.0,3,0.00,58.0,60.0,60.0,45.0,60.0,1343,48.22,29313963230834
2563.0,0,,71.0,74.0,74.0,52.0,71.0,2803,200.41,60574568082336
2563.0,1,,70.0,76.0,76.0,52.0,70.0,2803,199.50,31929404963928
2564.0,2,0.00,59.0,62.0,62.0,45.0,60.0,1345,48.12,29023070077026
2564.0,3,0.00,59.0,60.0,60.0,45.0,61.0,1355,48.09,29314235909484
2569.0,0,,72.0,74.0,74.0,52.0,71.0,2805,199.51,60575699310546
2569.0,1,,70.0,76.0,78.0,52.0,70.0,2804,200.30,31930540648376
2569.0,2,0.00,58.0,62.0,62.0,45.0,60.0,1354,47.46,29023339198120
2569.0,3,0.00,59.0,60.0,60.0,45.0,60.0,1343,48.19,29314509122558
2575.0,0,,71.0,74.0,74.0,52.0,70.0,2799,200.62,60576838830627
2575.0,1,,71.0,76.0,76.0,52.0,70.0,2811,199.72,31931675085998
2575.0,2,0.00,58.0,62.0,62.0,45.0,60.0,1363,47.51,29023609046875
2575.0,3,0.00,58.0,60.0,60.0,45.0,60.0,1343,48.23,29314783074157
2580.0,0,,71.0,74.0,74.0,52.0,70.0,2812,199.57,60577972382995
2580.0,1,,70.0,76.0,78.0,52.0,70.0,2802,200.33,31932810955078
2581.0,2,0.00,59.0,62.0,62.0,45.0,60.0,1344,47.68,29023879365478
2581.0,3,0.00,58.0,60.0,60.0,45.0,60.0,1354,48.01,29315055753051
2586.0,0,,70.0,72.0,72.0,52.0,70.0,2799,199.97,60579108189941
2586.0,1,,71.0,76.0,76.0,52.0,71.0,2799,199.56,31933944452392
2586.0,2,0.00,58.0,62.0,62.0,45.0,61.0,1354,47.41,29024148667175
2586.0,3,0.00,59.0,60.0,60.0,45.0,60.0,1355,48.12,29315328598449
2592.0,0,,70.0,74.0,74.0,52.0,70.0,2805,199.99,60580242113525
2592.0,1,,72.0,76.0,76.0,52.0,70.0,2795,200.14,31935079247924
2592.0,2,0.00,58.0,62.0,62.0,45.0,61.0,1353,47.37,29024417722290
2592.0,3,0.00,58.0,60.0,60.0,45.0,60.0,1342,48.11,29315601889648
2597.0,0,,70.0,74.0,74.0,52.0,70.0,2798,200.50,60581380939086
2597.0,1,100.00,71.0,76.0,76.0,52.0,70.0,2808,200.01,31936217301696
2598.0,2,0.00,58.0,62.0,62.0,45.0,61.0,1341,47.51,29024687596679
2598.0,3,0.00,58.0,60.0,60.0,45.0,60.0,1353,48.07,29315874947692
2603.0,0,,70.0,74.0,74.0,52.0,70.0,2813,199.42,60582513642456
2603.0,1,,72.0,76.0,76.0,53.0,71.0,2802,200.04,31937351542785
2603.0,2,0.00,59.0,62.0,62.0,45.0,61.0,1354,47.38,29024956701293
2603.0,3,0.00,59.0,60.0,60.0,45.0,60.0,1352,48.06,29316147944946
2609.0,0,,69.0,72.0,72.0,52.0,70.0,2798,200.02,60583649761962
2609.0,1,,70.0,78.0,78.0,52.0,71.0,2797,200.47,31938488204711
2609.0,2,0.00,58.0,62.0,62.0,45.0,60.0,1361,47.60,29025225151123
2609.0,3,0.00,59.0,60.0,60.0,45.0,60.0,1335,48.05,29316418486572
2614.0,0,,71.0,72.0,72.0,52.0,70.0,2806,199.93,60584775385803
2614.0,1,,71.0,76.0,76.0,52.0,70.0,2808,199.55,31939613682983
2615.0,2,0.00,58.0,62.0,62.0,45.0,61.0,1347,47.39,29025493386230
2615.0,3,0.00,58.0,60.0,60.0,45.0,60.0,1352,48.19,29316691733093
2620.0,0,,71.0,74.0,74.0,52.0,71.0,2803,200.33,60585911271484
2620.0,1,,70.0,76.0,78.0,52.0,71.0,2802,200.46,31940750284179
2620.0,2,0.00,58.0,62.0,62.0,45.0,61.0,1354,47.55,29025763015808
2620.0,3,0.00,59.0,60.0,60.0,45.0,60.0,1355,48.13,29316965085571
2626.0,0,,70.0,74.0,72.0,52.0,70.0,2813,199.83,60587046322021
2626.0,1,,71.0,76.0,76.0,52.0,70.0,2793,199.54,31941883680053
2626.0,2,0.00,58.0,62.0,62.0,45.0,60.0,1353,47.37,29026032057861
2626.0,3,0.00,58.0,60.0,60.0,45.0,60.0,1342,48.01,29317237805480
2631.0,0,,70.0,74.0,72.0,52.0,70.0,2800,200.24,60588181657531
2631.0,1,,71.0,76.0,76.0,52.0,70.0,2810,200.01,31943019737182
2632.0,2,0.00,58.0,62.0,62.0,45.0,61.0,1342,47.41,29026301335876
2632.0,3,0.00,58.0,60.0,60.0,45.0,61.0,1353,48.10,29317510557312
2637.0,0,,71.0,72.0,74.0,52.0,70.0,2810,199.66,60589317707519
2637.0,1,,71.0,76.0,76.0,52.0,70.0,2798,200.09,31944156224487
2637.0,2,0.00,58.0,62.0,62.0,45.0,61.0,1352,47.44,29026570796325
2637.0,3,0.00,59.0,60.0,60.0,45.0,60.0,1352,47.95,29317783404602
2643.0,0,,71.0,74.0,74.0,52.0,70.0,2800,200.53,60590454728210
2643.0,1,,71.0,76.0,76.0,52.0,70.0,2803,200.00,31945292235595
2643.0,2,0.00,58.0,62.0,62.0,45.0,61.0,1354,47.40,29026840050964
2643.0,3,0.00,59.0,60.0,60.0,45.0,60.0,1343,48.07,29318055972351
2648.0,0,,70.0,74.0,74.0,52.0,70.0,2803,199.47,60591587729919
2648.0,1,100.00,71.0,76.0,76.0,52.0,71.0,2801,199.82,31946425224670
2649.0,2,0.00,58.0,62.0,62.0,45.0,60.0,1343,47.53,29027109521240
2649.0,3,0.00,58.0,60.0,60.0,45.0,60.0,1353,48.10,29318329157104
2654.0,0,,71.0,74.0,74.0,52.0,70.0,2799,200.25,60592721136230
2654.0,1,,70.0,76.0,78.0,52.0,70.0,2798,200.25,31947556618469
2654.0,2,0.00,58.0,62.0,62.0,45.0,61.0,1356,47.37,29027376223449
2654.0,3,0.00,58.0,60.0,60.0,45.0,61.0,1350,48.20,29318599100646
2660.0,0,,71.0,74.0,74.0,52.0,71.0,2807,200.02,60593845260925
2660.0,1,,70.0,76.0,78.0,52.0,70.0,2807,199.63,31948682517883
2660.0,2,0.00,58.0,62.0,62.0,45.0,61.0,1357,47.47,29027644880187
2660.0,3,0.00,59.0,60.0,60.0,45.0,60.0,1342,48.17,29318872708007
2665.0,0,,70.0,74.0,74.0,52.0,70.0,2801,200.12,60594981952575
2665.0,1,,71.0,76.0,76.0,52.0,70.0,2811,200.08,31949816988403
2666.0,2,0.00,58.0,62.0,62.0,45.0,60.0,1342,47.36,29027913898620
2666.0,3,0.00,58.0,60.0,60.0,45.0,60.0,1352,47.93,29319144953552
2671.0,0,,70.0,74.0,74.0,52.0,71.0,2809,200.13,60596118711425
2671.0,1,,70.0,76.0,76.0,52.0,70.0,2799,199.94,31950954621276
2671.0,2,0.00,58.0,62.0,62.0,45.0,60.0,1353,47.44,29028183330322
2671.0,3,0.00,59.0,60.0,60.0,45.0,61.0,1353,48.02,29319417717224
2677.0,0,,71.0,74.0,72.0,51.0,70.0,2802,199.40,60597251319152
2677.0,1,,71.0,78.0,76.0,52.0,71.0,2804,199.64,31952086561157
2677.0,2,0.00,59.0,62.0,62.0,45.0,61.0,1354,47.47,29028452511657
2677.0,3,0.00,59.0,60.0,60.0,45.0,60.0,1333,48.12,29319690582092
2682.0,0,,71.0,74.0,72.0,52.0,70.0,2812,200.16,60598386228820
2682.0,1,,71.0,76.0,76.0,52.0,70.0,2800,199.49,31953219649963
2683.0,2,0.00,58.0,62.0,62.0,45.0,61.0,1342,47.45,29028722045166
2683.0,3,0.00,58.0,60.0,60.0,45.0,60.0,1353,48.01,29319963281250
2688.0,0,,71.0,74.0,72.0,52.0,71.0,2802,199.22,60599517819335
2688.0,1,,71.0,78.0,78.0,52.0,70.0,2802,200.23,31954354948974
2688.0,2,0.00,58.0,62.0,62.0,45.0,61.0,1353,47.35,29028990976989
2688.0,3,0.00,58.0,60.0,60.0,45.0,60.0,1353,48.06,29320236255493
2694.0,0,,70.0,74.0,74.0,52.0,70.0,2809,200.31,60600655586120
2694.0,1,,71.0,76.0,76.0,52.0,70.0,2799,198.91,31955486766235
2694.0,2,0.00,58.0,62.0,62.0,45.0,61.0,1352,47.45,29029260469604
2694.0,3,0.00,58.0,60.0,60.0,45.0,61.0,1342,48.12,29320509548828
2699.0,0,,71.0,72.0,74.0,52.0,70.0,2800,199.40,60601788197875
2700.0,1,,71.0,76.0,76.0,52.0,70.0,2802,199.37,31956617199707
2700.0,2,0.00,58.0,62.0,62.0,45.0,61.0,1354,47.47,29029529634155
2700.0,3,0.00,59.0,60.0,60.0,45.0,60.0,1344,48.25,29320783098815
2705.0,0,,71.0,72.0,72.0,52.0,70.0,2795,199.50,60602919369079
2705.0,1,,71.0,76.0,76.0,52.0,71.0,2804,199.60,31957748912353
2705.0,2,0.00,58.0,62.0,62.0,45.0,61.0,1343,47.51,29029799517272
2706.0,3,0.00,58.0,60.0,60.0,45.0,60.0,1352,48.06,29321056064941
2711.0,0,,70.0,74.0,74.0,52.0,70.0,2807,199.71,60604055723327
2711.0,1,,71.0,76.0,76.0,52.0,71.0,2806,199.21,31958882435668
2711.0,2,0.00,59.0,62.0,62.0,45.0,61.0,1362,47.42,29030068864685
2711.0,3,0.00,58.0,60.0,60.0,45.0,60.0,1331,47.92,29321328254577
2716.0,0,,70.0,72.0,74.0,52.0,70.0,2801,199.51,60605186944213
2717.0,1,,71.0,76.0,76.0,52.0,70.0,2801,199.54,31960015795593
2717.0,2,0.00,58.0,62.0,62.0,45.0,61.0,1353,47.38,29030337992431
2717.0,3,0.00,58.0,60.0,60.0,45.0,60.0,1353,48.09,29321601380615
2722.0,0,,70.0,72.0,72.0,52.0,70.0,2808,199.93,60606324552490
2722.0,1,,71.0,76.0,76.0,52.0,70.0,2809,200.16,31961152681762
2722.0,2,0.00,59.0,62.0,62.0,45.0,61.0,1341,47.38,29030607600219
2723.0,3,0.00,58.0,60.0,60.0,45.0,60.0,1351,48.04,29321874713806
2728.0,0,,71.0,74.0,74.0,52.0,71.0,2799,199.39,60607457091430
2728.0,1,,70.0,76.0,78.0,52.0,70.0,2799,199.84,31962287764160
2728.0,2,0.00,58.0,62.0,62.0,45.0,61.0,1354,47.39,29030876312133
2728.0,3,0.00,59.0,60.0,60.0,45.0,60.0,1343,48.01,29322147393615
2733.0,0,,71.0,74.0,74.0,52.0,71.0,2802,199.63,60608589003112
2734.0,1,,71.0,76.0,76.0,52.0,70.0,2802,199.22,31963419331970
2734.0,2,0.00,58.0,62.0,62.0,45.0,60.0,1364,47.42,29031145684082
2734.0,3,0.00,59.0,60.0,60.0,45.0,60.0,1353,48.10,29322420124084
2739.0,0,,70.0,74.0,74.0,52.0,70.0,2802,200.04,60609725248962
2739.0,1,,71.0,76.0,76.0,52.0,70.0,2811,199.02,31964549766052
2739.0,2,0.00,58.0,62.0,62.0,45.0,60.0,1342,47.42,29031415036926
2740.0,3,0.00,58.0,60.0,60.0,45.0,60.0,1352,48.17,29322693720581
2745.0,0,,70.0,74.0,74.0,52.0,70.0,2811,199.46,60610858169677
2745.0,1,,71.0,78.0,78.0,52.0,71.0,2801,199.78,31965682530456
2745.0,2,0.00,58.0,62.0,62.0,45.0,61.0,1353,47.46,29031684616699
2745.0,3,0.00,58.0,60.0,60.0,45.0,60.0,1343,48.01,29322966401367
2750.0,0,,70.0,74.0,74.0,52.0,70.0,2797,199.77,60611992856811
2751.0,1,,71.0,78.0,76.0,52.0,70.0,2796,198.80,31966813706848
2751.0,2,0.00,59.0,62.0,62.0,45.0,61.0,1351,47.39,29031953767211
2751.0,3,0.00,59.0,60.0,60.0,45.0,60.0,1352,48.05,29323239319396
2756.0,0,75.15,69.0,74.0,74.0,51.0,70.0,2802,187.56,60613058200256
2756.0,1,75.03,70.0,78.0,78.0,52.0,70.0,2803,187.44,31967876500427
2756.0,2,0.00,58.0,62.0,62.0,45.0,61.0,1347,47.44,29032222748535
2757.0,3,0.00,58.0,60.0,60.0,45.0,60.0,1347,47.91,29323510987060
2762.0,0,,70.0,74.0,74.0,52.0,70.0,2524,199.87,60614189437988
2762.0,1,,71.0,78.0,78.0,52.0,70.0,2598,200.00,31969008479614
2762.0,2,0.00,58.0,62.0,62.0,45.0,61.0,1355,47.63,29032492311157
2762.0,3,0.00,58.0,60.0,60.0,45.0,60.0,1344,48.21,29323784319396
2767.0,0,,71.0,74.0,74.0,52.0,71.0,2607,199.62,60615321255432
2768.0,1,,71.0,78.0,78.0,52.0,70.0,2787,199.77,31970141148986
2768.0,2,0.00,58.0,62.0,62.0,45.0,60.0,1355,47.34,29032760716003
2768.0,3,0.00,58.0,60.0,60.0,45.0,60.0,1344,47.98,29324056382812
2773.0,0,,70.0,76.0,74.0,52.0,71.0,2789,200.38,60616457381774
2773.0,1,,71.0,78.0,78.0,52.0,70.0,2798,199.66,31971275238830
2773.0,2,0.00,58.0,62.0,62.0,45.0,61.0,1342,47.55,29033030823425
2774.0,3,0.00,59.0,60.0,60.0,45.0,60.0,1353,48.25,29324329957153
2779.0,0,,70.0,76.0,74.0,52.0,70.0,2802,199.76,60617592001403
2779.0,1,,69.0,76.0,78.0,52.0,70.0,2804,200.09,31972409757568
2779.0,2,0.00,58.0,62.0,62.0,45.0,61.0,1354,47.53,29033300776306
2779.0,3,0.00,58.0,60.0,60.0,45.0,60.0,1343,48.18,29324603594543
2785.0,0,,70.0,74.0,74.0,52.0,71.0,2800,199.77,60618726707458
2785.0,1,,70.0,76.0,78.0,52.0,70.0,2800,200.24,31973547100524
2785.0,2,0.00,59.0,62.0,62.0,45.0,60.0,1353,47.63,29033570853210
2785.0,3,0.00,58.0,60.0,60.0,45.0,60.0,1353,48.26,29324877717590
2790.0,0,,70.0,74.0,74.0,51.0,70.0,2809,199.98,60619862594604
2790.0,1,,71.0,78.0,78.0,52.0,70.0,2799,200.05,31974683378173
2791.0,2,0.00,58.0,62.0,62.0,45.0,60.0,1341,47.39,29033840474243
2791.0,3,0.00,58.0,60.0,60.0,45.0,60.0,1352,48.09,29325150893188
2796.0,0,,70.0,74.0,74.0,52.0,70.0,2797,199.92,60621000149353
2796.0,1,,71.0,78.0,76.0,52.0,70.0,2807,199.78,31975820137329
2796.0,2,0.00,58.0,62.0,62.0,45.0,61.0,1351,47.59,29034110773132
2796.0,3,0.00,58.0,60.0,60.0,45.0,61.0,1341,48.03,29325424189086
2802.0,0,,71.0,74.0,74.0,52.0,70.0,2811,199.92,60622135711486
2802.0,1,,71.0,78.0,76.0,52.0,70.0,2801,199.82,31976955138061
2802.0,2,0.00,58.0,62.0,62.0,45.0,61.0,1353,47.52,29034380698608
2802.0,3,0.00,58.0,60.0,60.0,45.0,60.0,1354,48.15,29325697181762
2807.0,0,100.00,71.0,74.0,74.0,52.0,70.0,2800,200.39,60623271911437
2807.0,1,,70.0,76.0,78.0,52.0,70.0,2800,199.99,31978091104125
2808.0,2,0.00,59.0,62.0,62.0,45.0,61.0,1342,47.31,29034649401428
2808.0,3,0.00,58.0,60.0,60.0,45.0,61.0,1352,47.97,29325969654174
2813.0,0,,72.0,74.0,74.0,52.0,71.0,2810,199.60,60624407633789
2813.0,1,,70.0,76.0,78.0,52.0,70.0,2799,200.32,31979228943298
2813.0,2,0.00,58.0,62.0,62.0,45.0,60.0,1353,47.50,29034919222534
2813.0,3,0.00,58.0,60.0,60.0,45.0,60.0,1343,48.13,29326243029663
2819.0,0,,70.0,74.0,74.0,52.0,70.0,2793,200.46,60625544257934
2819.0,1,,71.0,76.0,76.0,52.0,70.0,2805,199.56,31980360428405
2819.0,2,0.00,58.0,62.0,62.0,45.0,61.0,1354,47.64,29035189346130
2819.0,3,0.00,58.0,60.0,60.0,45.0,60.0,1343,48.13,29326516382080
2824.0,0,,71.0,74.0,74.0,52.0,70.0,2812,200.29,60626679928894
2824.0,1,,71.0,76.0,76.0,52.0,70.0,2800,199.98,31981496293945
2825.0,2,0.00,58.0,62.0,62.0,45.0,60.0,1343,47.47,29035458949890
2825.0,3,0.00,59.0,60.0,60.0,45.0,60.0,1354,48.22,29326789793090
2830.0,0,,70.0,74.0,74.0,51.0,70.0,2802,199.44,60627812747802
2830.0,1,,71.0,78.0,78.0,52.0,70.0,2801,200.56,31982633473449
2830.0,2,0.00,59.0,62.0,62.0,45.0,61.0,1353,47.39,29035728117004
2830.0,3,0.00,59.0,60.0,60.0,45.0,60.0,1342,48.10,29327063012634
2836.0,0,,70.0,72.0,74.0,52.0,70.0,2806,199.64,60628948698425
2836.0,1,,72.0,78.0,78.0,52.0,71.0,2806,199.86,31983770661743
2836.0,2,0.00,59.0,62.0,62.0,45.0,61.0,1351,47.51,29035998424560
2836.0,3,0.00,59.0,60.0,60.0,45.0,60.0,1351,48.02,29327336267150
2841.0,0,,71.0,74.0,74.0,52.0,70.0,2797,200.50,60630087535034
2841.0,1,,71.0,76.0,76.0,52.0,71.0,2808,199.41,31984905298156
2842.0,2,0.00,59.0,62.0,62.0,45.0,61.0,1342,47.56,29036268554992
2842.0,3,0.00,58.0,60.0,60.0,45.0,60.0,1352,48.04,29327609145812
2847.0,0,,70.0,74.0,74.0,52.0,71.0,2800,200.19,60631224612426
2847.0,1,,70.0,76.0,78.0,52.0,70.0,2800,200.72,31986043354248
2847.0,2,0.00,58.0,62.0,62.0,45.0,60.0,1353,47.52,29036538454223
2847.0,3,0.00,58.0,60.0,60.0,45.0,60.0,1353,47.99,29327881722534
2853.0,0,,70.0,74.0,74.0,52.0,70.0,2801,200.15,60632361485107
2853.0,1,,71.0,76.0,76.0,52.0,70.0,2802,199.80,31987178198059
2853.0,2,0.00,58.0,62.0,62.0,45.0,60.0,1353,47.41,29036807738708
2853.0,3,0.00,58.0,60.0,60.0,45.0,60.0,1342,47.99,29328154310180
2858.0,0,,70.0,74.0,74.0,52.0,70.0,2811,199.76,60633496130676
2859.0,1,,71.0,76.0,78.0,52.0,70.0,2800,200.19,31988315272705
2859.0,2,0.00,59.0,62.0,62.0,45.0,61.0,1342,47.61,29037077675903
2859.0,3,0.00,59.0,60.0,60.0,45.0,60.0,1343,48.11,29328427580932
2864.0,0,100.00,71.0,72.0,72.0,52.0,70.0,2800,199.87,60634631382812
2864.0,1,,71.0,76.0,76.0,52.0,70.0,2800,199.52,31989448547180
2864.0,2,0.00,59.0,62.0,62.0,45.0,61.0,1353,47.48,29037347377380
2865.0,3,0.00,58.0,60.0,60.0,45.0,60.0,1353,48.14,29328700997375
2870.0,0,,71.0,74.0,74.0,52.0,71.0,2801,200.07,60635767792419
2870.0,1,,70.0,76.0,78.0,52.0,70.0,2801,200.43,31990586975463
2870.0,2,0.00,58.0,62.0,62.0,45.0,61.0,1353,47.33,29037616233398
2870.0,3,0.00,59.0,60.0,60.0,45.0,60.0,1342,48.03,29328973829467
2875.0,0,100.00,71.0,74.0,74.0,52.0,71.0,2809,200.19,60636904856933
2876.0,1,,71.0,76.0,76.0,52.0,70.0,2798,199.95,31991722705749
2876.0,2,0.00,58.0,62.0,62.0,45.0,61.0,1363,47.44,29037886168029
2876.0,3,0.00,58.0,60.0,60.0,45.0,60.0,1353,48.18,29329246999755
2881.0,0,,71.0,74.0,74.0,52.0,70.0,2793,200.16,60638039762939
2881.0,1,,70.0,76.0,78.0,52.0,70.0,2804,199.68,31992856901916
2881.0,2,0.00,58.0,62.0,62.0,45.0,61.0,1344,47.55,29038155802673
2882.0,3,0.00,58.0,60.0,60.0,45.0,60.0,1354,48.08,29329520089904
2887.0,0,,70.0,72.0,72.0,51.0,70.0,2809,199.63,60639173649291
2887.0,1,,70.0,78.0,76.0,52.0,71.0,2806,200.35,31993994902282
2887.0,2,0.00,58.0,62.0,62.0,45.0,61.0,1350,47.47,29038425926025
2887.0,3,0.00,59.0,60.0,60.0,45.0,60.0,1340,47.97,29329793057556
2892.0,0,,70.0,72.0,74.0,52.0,70.0,2798,199.85,60640310808227
2893.0,1,,71.0,76.0,76.0,52.0,70.0,2801,199.57,31995128439392
2893.0,2,0.00,58.0,62.0,62.0,45.0,61.0,1354,47.37,29038694538574
2893.0,3,0.00,58.0,60.0,60.0,45.0,60.0,1343,48.05,29330065501770
2898.0,0,,71.0,72.0,72.0,52.0,70.0,2792,200.03,60641444952636
2898.0,1,,70.0,78.0,76.0,52.0,71.0,2804,199.85,31996261603820
2898.0,2,0.00,58.0,62.0,62.0,45.0,61.0,1343,47.47,29038964153625
2899.0,3,0.00,58.0,60.0,60.0,45.0,60.0,1353,48.11,29330338770019
2904.0,0,,70.0,72.0,74.0,52.0,70.0,2810,199.65,60642578936767
2904.0,1,,72.0,78.0,76.0,52.0,71.0,2799,200.27,31997399121337
2904.0,2,0.00,58.0,62.0,62.0,45.0,60.0,1354,47.60,29039234051635
2904.0,3,0.00,58.0,60.0,60.0,45.0,60.0,1344,48.06,29330611768127
2909.0,0,,71.0,74.0,74.0,52.0,70.0,2801,200.32,60643716745605
2910.0,1,,71.0,76.0,78.0,52.0,70.0,2811,200.03,31998535298950
2910.0,2,0.00,58.0,62.0,62.0,45.0,60.0,1354,47.24,29039502401367
2910.0,3,0.00,59.0,60.0,60.0,45.0,60.0,1346,48.04,29330883650512
2915.0,0,,70.0,72.0,74.0,51.0,70.0,2808,200.06,60644849085571
2915.0,1,,72.0,78.0,76.0,52.0,70.0,2798,199.67,31999665439147
2915.0,2,0.00,58.0,62.0,62.0,45.0,61.0,1345,47.35,29039770888366
2916.0,3,0.00,58.0,60.0,60.0,45.0,60.0,1353,48.08,29331156759460
2921.0,0,,70.0,74.0,74.0,52.0,70.0,2802,199.97,60645984922058
2921.0,1,,70.0,76.0,76.0,52.0,70.0,2802,199.22,32000797021972
2921.0,2,0.00,58.0,62.0,62.0,45.0,60.0,1354,47.53,29040040400268
2921.0,3,0.00,58.0,60.0,60.0,45.0,60.0,1342,48.09,29331429901916
2926.0,0,,70.0,72.0,74.0,52.0,70.0,2809,200.16,60647121825378
2927.0,1,,71.0,76.0,76.0,52.0,70.0,2809,200.21,32001934203674
2927.0,2,0.00,58.0,62.0,62.0,45.0,61.0,1352,47.52,29040310322631
2927.0,3,0.00,58.0,60.0,60.0,45.0,60.0,1353,47.94,29331702220397
2932.0,0,,71.0,74.0,74.0,52.0,70.0,2800,199.62,60648255664184
2932.0,1,,72.0,78.0,76.0,52.0,71.0,2801,199.55,32003067660888
2932.0,2,0.00,58.0,62.0,62.0,45.0,61.0,1343,47.25,29040578680786
2933.0,3,0.00,59.0,60.0,60.0,45.0,60.0,1353,48.05,29331975157165
2938.0,0,,71.0,74.0,74.0,52.0,70.0,2801,199.67,60649389809020
2938.0,1,,71.0,76.0,76.0,52.0,70.0,2801,199.64,32004201624938
2938.0,2,0.00,58.0,62.0,62.0,45.0,60.0,1354,47.41,29040847982727
2938.0,3,0.00,58.0,60.0,60.0,45.0,60.0,1343,48.12,29332247970520
2944.0,0,,70.0,74.0,74.0,52.0,70.0,2803,199.82,60650522807434
2944.0,1,,71.0,76.0,76.0,52.0,70.0,2801,199.97,32005335472045
2944.0,2,0.00,59.0,62.0,62.0,45.0,60.0,1354,47.57,29041117709838
2944.0,3,0.00,58.0,60.0,60.0,45.0,60.0,1343,48.00,29332520606689
2949.0,0,,71.0,72.0,72.0,52.0,70.0,2799,199.77,60651657501586
2949.0,1,,71.0,76.0,76.0,52.0,70.0,2800,199.46,32006468381530
2950.0,2,0.00,58.0,62.0,62.0,45.0,60.0,1341,47.18,29041386140441
2950.0,3,0.00,58.0,60.0,60.0,45.0,60.0,1351,48.03,29332793433349
2955.0,0,,70.0,74.0,74.0,51.0,70.0,2811,200.03,60652793692504
2955.0,1,,71.0,76.0,76.0,52.0,70.0,2801,199.79,32007603199707
2955.0,2,0.00,58.0,62.0,62.0,45.0,61.0,1354,47.28,29041654668762
2955.0,3,0.00,58.0,60.0,60.0,45.0,60.0,1343,48.04,29333066313842
2961.0,0,,70.0,74.0,72.0,52.0,70.0,2800,199.29,60653925683044
2961.0,1,,71.0,76.0,76.0,52.0,70.0,2799,199.76,32008737826965
2961.0,2,0.00,58.0,62.0,62.0,45.0,61.0,1353,47.57,29041924385009
2961.0,3,0.00,58.0,60.0,60.0,45.0,60.0,1352,48.13,29333339703247
2966.0,0,,70.0,72.0,74.0,51.0,70.0,2812,199.87,60655060937622
2966.0,1,,71.0,76.0,76.0,52.0,71.0,2801,199.19,32009869245178
2967.0,2,0.00,58.0,62.0,62.0,45.0,61.0,1343,47.53,29042194365966
2967.0,3,0.00,58.0,60.0,60.0,45.0,60.0,1343,47.99,29333612291320
2972.0,0,,68.0,72.0,72.0,52.0,70.0,2799,198.70,60656189581665
2972.0,1,,72.0,78.0,78.0,52.0,71.0,2809,199.61,32011003035705
2972.0,2,0.00,58.0,62.0,62.0,45.0,61.0,1353,47.23,29042462616088
2972.0,3,0.00,59.0,60.0,60.0,45.0,61.0,1342,48.06,29333885251220
2978.0,0,,70.0,74.0,72.0,52.0,70.0,2811,199.80,60657324445739
2978.0,1,,71.0,76.0,76.0,52.0,70.0,2802,199.00,32012133338378
2978.0,2,0.00,58.0,62.0,62.0,45.0,61.0,1353,47.32,29042731393432
2978.0,3,0.00,58.0,60.0,60.0,45.0,60.0,1343,48.06,29334157761169
2983.0,0,,71.0,74.0,74.0,52.0,70.0,2801,200.08,60658458926086
2983.0,1,100.00,71.0,76.0,78.0,52.0,70.0,2802,200.18,32013268369873
2984.0,2,0.00,58.0,62.0,62.0,45.0,60.0,1343,47.48,29043001065246
2984.0,3,0.00,59.0,60.0,60.0,45.0,60.0,1354,48.12,29334431070312
2989.0,0,,71.0,72.0,72.0,52.0,70.0,2804,199.43,60659589678466
2989.0,1,,71.0,76.0,76.0,52.0,70.0,2805,199.63,32014400289916
2989.0,2,0.00,58.0,62.0,62.0,45.0,60.0,1355,47.54,29043270601501
2989.0,3,0.00,58.0,60.0,60.0,45.0,60.0,1345,47.95,29334702936096
2995.0,0,,68.0,74.0,74.0,52.0,70.0,2805,199.52,60660720977783
2995.0,1,,71.0,78.0,78.0,52.0,71.0,2804,199.70,32015534593750
2995.0,2,0.00,58.0,62.0,62.0,45.0,61.0,1355,47.30,29043538797790
2995.0,3,0.00,58.0,60.0,60.0,45.0,60.0,1354,48.10,29334975652465
3000.0,0,,70.0,72.0,72.0,51.0,70.0,2804,197.52,60661842876464
3000.0,1,,71.0,76.0,74.0,52.0,70.0,2804,196.37,32016648027648
3001.0,2,0.00,58.0,62.0,62.0,45.0,61.0,1345,47.55,29043808392822
3001.0,3,0.00,59.0,60.0,60.0,45.0,60.0,1349,48.17,29335248302612
3006.0,0,0.00,64.0,74.0,74.0,48.0,65.0,2501,71.05,60662244326782
3006.0,1,0.00,64.0,74.0,74.0,48.0,65.0,2511,67.70,32017031219848
3006.0,2,0.00,58.0,62.0,62.0,45.0,61.0,1355,47.56,29044078036315
3006.0,3,0.00,58.0,60.0,60.0,45.0,60.0,1339,48.07,29335521341857
3012.0,0,0.00,63.0,74.0,74.0,48.0,65.0,1571,58.10,60662575508789
3012.0,1,0.00,63.0,74.0,74.0,47.0,64.0,1761,58.97,32017366754150
3012.0,2,0.00,58.0,62.0,62.0,45.0,60.0,1350,47.16,29044346360046
3012.0,3,0.00,58.0,60.0,60.0,44.0,60.0,1350,47.75,29335793028808
