t_s,card,gpu_busy_pct,package_temp_c,vram_temp_c,vram_hottest_channel_c,memory_controller_temp_c,pcie_temp_c,fan_rpm,power_w,energy_counter_uj
0.0,0,0.00,62.0,70.0,70.0,48.0,65.0,2059,,72058975219482
0.0,1,0.00,62.0,72.0,72.0,47.0,64.0,2032,,41873042665954
0.0,2,0.00,64.0,84.0,84.0,49.0,66.0,2301,,37780846695861
0.0,3,0.00,64.0,70.0,70.0,48.0,65.0,2245,,38192406780761
6.0,0,0.00,62.0,70.0,70.0,47.0,64.0,1526,51.34,72059265780456
6.0,1,0.00,61.0,72.0,72.0,47.0,63.0,1472,52.01,41873337044067
6.0,2,0.00,63.0,84.0,84.0,48.0,65.0,1535,51.53,37781138879150
6.0,3,0.00,63.0,70.0,70.0,48.0,64.0,1523,50.42,38192692674011
11.0,0,0.00,61.0,70.0,70.0,47.0,63.0,1451,50.29,72059550438232
11.0,1,0.00,61.0,72.0,72.0,46.0,62.0,1452,51.82,41873630361938
12.0,2,0.00,63.0,84.0,84.0,48.0,65.0,1516,51.34,37781429435913
12.0,3,0.00,62.0,70.0,70.0,47.0,64.0,1495,50.23,38192976971313
17.0,0,0.00,60.0,70.0,70.0,46.0,63.0,1460,49.79,72059833220581
17.0,1,0.00,60.0,72.0,72.0,46.0,62.0,1448,51.27,41873921562255
17.0,2,0.00,62.0,84.0,84.0,48.0,64.0,1522,50.97,37781718936096
17.0,3,0.00,62.0,70.0,70.0,47.0,64.0,1501,50.11,38193261601989
23.0,0,0.00,60.0,70.0,70.0,46.0,62.0,1431,49.48,72060113262939
23.0,1,0.00,59.0,72.0,72.0,45.0,61.0,1401,51.12,41874210909729
23.0,2,0.00,62.0,84.0,84.0,47.0,64.0,1464,50.77,37782006288024
23.0,3,0.00,61.0,70.0,70.0,47.0,63.0,1472,49.83,38193544130310
28.0,0,0.00,60.0,62.0,62.0,46.0,62.0,1363,49.74,72060395795715
28.0,1,0.00,59.0,72.0,72.0,45.0,61.0,1383,51.27,41874502128356
29.0,2,0.00,62.0,84.0,84.0,47.0,63.0,1468,51.01,37782295997009
29.0,3,0.00,61.0,70.0,70.0,47.0,63.0,1438,50.23,38193828959045
34.0,0,0.00,60.0,62.0,62.0,45.0,62.0,1376,53.48,72060699039062
34.0,1,0.00,59.0,72.0,72.0,45.0,60.0,1377,51.02,41874791412048
34.0,2,0.00,61.0,74.0,74.0,47.0,63.0,1440,50.87,37782584440856
34.0,3,0.00,61.0,70.0,70.0,46.0,62.0,1440,50.13,38194113201110
40.0,0,0.00,59.0,62.0,62.0,45.0,61.0,1379,52.54,72060996430786
40.0,1,0.00,58.0,72.0,72.0,44.0,60.0,1338,50.89,41875079464965
40.0,2,0.00,61.0,74.0,74.0,46.0,63.0,1444,50.58,37782870201477
40.0,3,0.00,60.0,70.0,70.0,46.0,62.0,1431,49.87,38194395441955
45.0,0,0.00,59.0,62.0,62.0,45.0,61.0,1367,52.62,72061294263977
45.0,1,0.00,58.0,72.0,72.0,44.0,59.0,1355,51.12,41875368778076
46.0,2,0.00,61.0,74.0,74.0,46.0,62.0,1460,50.67,37783157499145
46.0,3,0.00,60.0,70.0,70.0,46.0,62.0,1420,49.92,38194677984863
51.0,0,26.97,60.0,60.0,60.0,45.0,61.0,1335,60.62,72061637965820
51.0,1,0.00,58.0,72.0,72.0,44.0,59.0,1347,51.13,41875658711120
51.0,2,0.00,60.0,74.0,74.0,46.0,62.0,1432,50.71,37783444540710
51.0,3,0.00,60.0,70.0,70.0,46.0,62.0,1422,49.81,38194959905456
57.0,0,31.47,60.0,60.0,60.0,45.0,62.0,1337,76.44,72062070606933
57.0,1,0.00,57.0,72.0,72.0,44.0,59.0,1284,50.91,41875946338195
57.0,2,0.00,60.0,74.0,74.0,46.0,62.0,1423,50.75,37783731772277
57.0,3,0.00,60.0,70.0,70.0,46.0,61.0,1402,49.78,38195241188110
62.0,0,33.51,60.0,60.0,60.0,46.0,62.0,1292,77.50,72062509273620
62.0,1,0.00,57.0,72.0,72.0,43.0,58.0,1313,50.83,41876234530578
63.0,2,0.00,60.0,74.0,74.0,46.0,62.0,1428,50.54,37784018345947
63.0,3,0.00,59.0,70.0,70.0,45.0,61.0,1354,49.52,38195522480285
68.0,0,0.00,63.0,62.0,62.0,46.0,62.0,1369,65.25,72062878603149
68.0,1,0.00,57.0,72.0,72.0,43.0,58.0,1284,51.07,41876523563415
68.0,2,0.00,60.0,74.0,74.0,46.0,61.0,1402,50.54,37784303905456
68.0,3,0.00,59.0,70.0,70.0,45.0,61.0,1379,49.58,38195802601074
74.0,0,63.33,62.0,66.0,66.0,47.0,64.0,1422,176.63,72063878323730
74.0,1,0.00,57.0,72.0,72.0,43.0,58.0,1273,51.18,41876812716247
74.0,2,0.00,60.0,74.0,74.0,46.0,61.0,1336,50.64,37784590530212
74.0,3,0.00,59.0,70.0,70.0,45.0,61.0,1367,49.84,38196085191162
79.0,0,0.00,61.0,66.0,66.0,47.0,63.0,1495,58.12,72064207279296
79.0,1,0.00,56.0,72.0,72.0,43.0,57.0,1282,50.73,41877100346679
80.0,2,0.00,59.0,74.0,74.0,45.0,61.0,1378,50.52,37784876964172
80.0,3,0.00,59.0,70.0,70.0,45.0,60.0,1367,49.50,38196365384521
85.0,0,7.21,60.0,62.0,62.0,46.0,62.0,1440,57.89,72064535530822
85.0,1,0.00,56.0,72.0,72.0,43.0,58.0,1281,50.88,41877388831359
85.0,2,0.00,59.0,74.0,74.0,45.0,61.0,1377,50.49,37785162716979
85.0,3,0.00,59.0,70.0,70.0,45.0,61.0,1367,49.43,38196645177124
91.0,0,0.50,59.0,62.0,62.0,45.0,61.0,1419,50.68,72064822391113
91.0,1,0.00,56.0,72.0,72.0,43.0,57.0,1270,51.10,41877678571838
91.0,2,0.00,59.0,74.0,74.0,45.0,61.0,1366,50.48,37785448925598
91.0,3,0.00,59.0,70.0,70.0,45.0,60.0,1355,49.41,38196925802185
96.0,0,1.01,58.0,62.0,62.0,44.0,61.0,1345,48.99,72065100166809
96.0,1,0.00,56.0,72.0,72.0,42.0,57.0,1261,51.06,41877967584899
97.0,2,0.00,59.0,74.0,74.0,45.0,61.0,1345,50.45,37785734957641
97.0,3,0.00,59.0,70.0,70.0,45.0,60.0,1335,49.55,38197206239196
102.0,0,0.50,58.0,62.0,62.0,45.0,60.0,1356,48.89,72065377395629
102.0,1,0.00,56.0,72.0,72.0,42.0,57.0,1260,50.71,41878255134704
102.0,2,0.00,59.0,74.0,74.0,45.0,60.0,1355,50.27,37786019974975
102.0,3,0.00,58.0,70.0,70.0,45.0,60.0,1355,49.21,38197485247375
108.0,0,4.07,59.0,62.0,62.0,44.0,61.0,1334,53.58,72065681211608
108.0,1,0.00,55.0,72.0,72.0,42.0,57.0,1250,50.96,41878543551940
108.0,2,0.00,59.0,74.0,74.0,45.0,60.0,1347,50.41,37786305309387
108.0,3,0.00,58.0,70.0,70.0,44.0,60.0,1346,49.25,38197764008605
113.0,0,93.94,65.0,64.0,64.0,47.0,64.0,1304,117.22,72066344678405
113.0,1,0.00,55.0,72.0,72.0,42.0,57.0,1261,50.85,41878831847900
114.0,2,0.00,58.0,74.0,74.0,45.0,60.0,1356,50.57,37786592049499
114.0,3,0.00,58.0,70.0,70.0,44.0,60.0,1335,49.60,38198045234680
119.0,0,,63.0,66.0,66.0,48.0,64.0,1387,154.90,72067222983703
119.0,1,0.00,55.0,72.0,72.0,42.0,57.0,1258,50.59,41879119221923
119.0,2,0.00,58.0,74.0,74.0,45.0,60.0,1352,50.82,37786880714660
119.0,3,0.00,58.0,70.0,70.0,44.0,60.0,1331,49.74,38198327740905
125.0,0,,64.0,68.0,68.0,48.0,66.0,1425,162.05,72068143414794
125.0,1,0.00,55.0,72.0,72.0,42.0,56.0,1247,50.67,41879406509155
125.0,2,0.00,58.0,74.0,74.0,44.0,60.0,1343,50.63,37787167781372
125.0,3,0.00,58.0,70.0,70.0,44.0,60.0,1301,49.40,38198607859436
130.0,0,35.19,63.0,68.0,68.0,48.0,65.0,1463,124.70,72068850448059
130.0,1,0.00,55.0,72.0,72.0,42.0,56.0,1219,50.71,41879694043273
131.0,2,0.00,58.0,74.0,74.0,44.0,60.0,1356,50.80,37787455810791
131.0,3,0.00,58.0,70.0,70.0,44.0,60.0,1283,49.58,38198888962646
136.0,0,0.00,62.0,68.0,68.0,47.0,64.0,1538,57.89,72069178115478
136.0,1,0.00,55.0,72.0,72.0,42.0,56.0,1188,50.78,41879981465942
136.0,2,0.00,58.0,74.0,74.0,44.0,59.0,1336,50.39,37787741037475
136.0,3,0.00,57.0,70.0,70.0,44.0,59.0,1304,49.29,38199167950988
142.0,0,0.00,62.0,68.0,68.0,47.0,64.0,1484,57.46,72069503336853
142.0,1,0.00,55.0,72.0,72.0,42.0,56.0,1198,50.43,41880266900451
142.0,2,0.00,58.0,74.0,74.0,44.0,60.0,1292,50.63,37788027582275
142.0,3,0.00,58.0,70.0,70.0,44.0,60.0,1303,49.36,38199447796630
147.0,0,8.16,66.0,64.0,64.0,48.0,65.0,1449,65.19,72069872940429
147.0,1,0.00,54.0,72.0,72.0,42.0,56.0,1205,50.70,41880554378295
148.0,2,0.00,58.0,74.0,74.0,44.0,60.0,1302,50.37,37788313192199
148.0,3,0.00,57.0,70.0,70.0,44.0,59.0,1291,49.07,38199726021545
153.0,0,,69.0,68.0,68.0,50.0,68.0,1483,200.48,72071009667053
153.0,1,0.00,54.0,72.0,72.0,41.0,56.0,1208,50.61,41880841310607
153.0,2,0.00,58.0,74.0,74.0,44.0,59.0,1302,50.34,37788598597167
153.0,3,0.00,57.0,70.0,70.0,44.0,59.0,1302,49.30,38200005051879
159.0,0,,69.0,70.0,70.0,51.0,69.0,1979,200.00,72072143675231
159.0,1,0.00,54.0,72.0,72.0,41.0,56.0,1196,50.67,41881128624023
159.0,2,0.00,58.0,74.0,74.0,44.0,60.0,1301,50.41,37788884944458
159.0,3,0.00,57.0,70.0,70.0,44.0,59.0,1301,49.39,38200285603698
164.0,0,,70.0,70.0,70.0,51.0,70.0,2340,200.01,72073277749328
164.0,1,0.00,54.0,72.0,72.0,41.0,56.0,1207,50.46,41881414720275
165.0,2,0.00,58.0,74.0,74.0,44.0,59.0,1302,50.68,37789172289672
165.0,3,0.00,57.0,70.0,70.0,44.0,59.0,1291,49.09,38200563956359
170.0,0,,70.0,70.0,70.0,51.0,70.0,2528,199.58,72074409368225
170.0,1,0.00,54.0,72.0,72.0,41.0,56.0,1207,50.50,41881701556945
170.0,2,0.00,58.0,74.0,74.0,44.0,60.0,1302,50.42,37789458144165
170.0,3,0.00,58.0,70.0,70.0,44.0,59.0,1302,49.22,38200843025146
176.0,0,,71.0,70.0,70.0,51.0,70.0,2772,200.21,72075546546936
176.0,1,0.00,54.0,72.0,72.0,41.0,56.0,1174,50.66,41881988784118
176.0,2,0.00,58.0,74.0,74.0,44.0,60.0,1301,50.45,37789744170227
176.0,3,0.00,58.0,70.0,70.0,44.0,59.0,1302,49.40,38201123119079
181.0,0,,69.0,70.0,70.0,51.0,69.0,2804,200.09,72076681032287
181.0,1,0.00,54.0,72.0,72.0,41.0,56.0,1186,50.32,41882274116027
182.0,2,0.00,57.0,74.0,74.0,44.0,60.0,1302,50.54,37790030710510
182.0,3,0.00,58.0,70.0,70.0,44.0,59.0,1291,49.41,38201403254760
187.0,0,,70.0,70.0,70.0,51.0,70.0,2699,199.32,72077811202392
187.0,1,0.00,54.0,72.0,72.0,41.0,56.0,1175,50.45,41882560142456
187.0,2,0.00,57.0,74.0,74.0,44.0,59.0,1302,50.35,37790316180541
187.0,3,0.00,57.0,70.0,70.0,44.0,60.0,1302,49.08,38201681518249
193.0,0,,70.0,72.0,70.0,51.0,70.0,2741,200.33,72078947050537
193.0,1,0.00,54.0,72.0,72.0,41.0,56.0,1175,50.51,41882846542541
193.0,2,0.00,57.0,74.0,74.0,44.0,59.0,1302,50.32,37790601520751
193.0,3,0.00,58.0,70.0,70.0,44.0,60.0,1302,49.18,38201960358520
198.0,0,,69.0,70.0,70.0,51.0,69.0,2803,199.67,72080079202026
198.0,1,0.00,54.0,72.0,72.0,41.0,56.0,1184,50.46,41883133181396
199.0,2,0.00,57.0,74.0,74.0,44.0,59.0,1301,50.37,37790887623291
199.0,3,0.00,58.0,70.0,70.0,44.0,59.0,1290,49.43,38202241106933
204.0,0,,71.0,72.0,72.0,51.0,70.0,2612,200.32,72081217044189
204.0,1,0.00,54.0,72.0,72.0,41.0,55.0,1185,50.34,41883418623474
204.0,2,0.00,57.0,74.0,74.0,44.0,59.0,1312,50.66,37791174848754
204.0,3,0.00,58.0,70.0,70.0,44.0,60.0,1301,49.45,38202521468017
210.0,0,,70.0,72.0,72.0,52.0,70.0,2771,200.41,72082353384155
210.0,1,0.00,54.0,72.0,72.0,41.0,55.0,1174,50.53,41883705118896
210.0,2,0.00,57.0,74.0,74.0,44.0,59.0,1291,50.32,37791460175415
210.0,3,0.00,58.0,70.0,70.0,44.0,60.0,1301,49.09,38202800311096
215.0,0,,67.0,74.0,74.0,50.0,68.0,2507,164.75,72083289172973
215.0,1,0.00,54.0,72.0,72.0,41.0,55.0,1186,50.42,41883991022155
216.0,2,0.00,57.0,74.0,74.0,44.0,59.0,1281,50.55,37791746797729
216.0,3,0.00,58.0,70.0,70.0,44.0,60.0,1292,49.69,38203081536926
221.0,0,,67.0,76.0,76.0,50.0,68.0,2160,162.24,72084207435974
221.0,1,0.00,53.0,72.0,72.0,41.0,55.0,1185,50.40,41884276815429
221.0,2,0.00,57.0,74.0,74.0,44.0,59.0,1281,50.52,37792033779602
221.0,3,0.00,58.0,70.0,70.0,44.0,59.0,1301,49.47,38203362506774
227.0,0,,67.0,76.0,76.0,50.0,68.0,1915,156.05,72085093820251
227.0,1,0.00,53.0,72.0,72.0,41.0,55.0,1174,50.11,41884561435180
227.0,2,0.00,57.0,74.0,74.0,43.0,58.0,1259,50.51,37792320152160
227.0,3,0.00,58.0,70.0,70.0,44.0,60.0,1302,49.26,38203641835876
232.0,0,,67.0,76.0,76.0,50.0,69.0,1966,160.14,72086001802673
233.0,1,0.00,53.0,72.0,72.0,41.0,55.0,1184,50.31,41884847181518
233.0,2,0.00,57.0,74.0,74.0,44.0,59.0,1279,50.37,37792606266052
233.0,3,0.00,57.0,70.0,70.0,44.0,59.0,1289,49.36,38203922207275
238.0,0,88.52,71.0,74.0,74.0,52.0,70.0,2072,170.06,72086967721923
238.0,1,0.00,53.0,72.0,72.0,41.0,55.0,1185,50.35,41885132650451
238.0,2,0.00,57.0,74.0,74.0,43.0,58.0,1280,50.53,37792892798400
238.0,3,0.00,57.0,70.0,70.0,44.0,59.0,1302,49.56,38204203211791
244.0,0,,71.0,74.0,74.0,52.0,71.0,2391,200.18,72088102764770
244.0,1,0.00,53.0,72.0,72.0,41.0,55.0,1175,50.32,41885417960571
244.0,2,0.00,57.0,74.0,74.0,43.0,59.0,1269,50.56,37793179467651
244.0,3,0.00,57.0,70.0,70.0,44.0,59.0,1301,49.34,38204483483825
249.0,0,,71.0,74.0,74.0,52.0,71.0,2749,199.77,72089237436706
250.0,1,0.00,53.0,72.0,72.0,40.0,54.0,1174,50.27,41885703483215
250.0,2,0.00,57.0,74.0,74.0,43.0,58.0,1269,50.21,37793464648315
250.0,3,0.00,57.0,70.0,70.0,44.0,59.0,1291,49.15,38204762155456
255.0,0,,71.0,72.0,72.0,52.0,70.0,2796,200.15,72090370305053
255.0,1,0.00,53.0,72.0,72.0,40.0,54.0,1186,50.28,41885988542968
255.0,2,0.00,57.0,74.0,74.0,43.0,58.0,1282,50.21,37793749360839
256.0,3,0.00,57.0,70.0,70.0,44.0,59.0,1303,49.26,38205041452819
261.0,0,,71.0,72.0,72.0,52.0,70.0,2805,199.97,72091504121826
261.0,1,0.00,53.0,72.0,72.0,41.0,54.0,1165,50.34,41886273974792
261.0,2,0.00,57.0,74.0,74.0,43.0,58.0,1260,50.45,37794035418762
261.0,3,0.00,58.0,70.0,70.0,44.0,59.0,1302,49.42,38205321675476
266.0,0,,70.0,72.0,72.0,51.0,70.0,2794,199.57,72092635671630
267.0,1,0.00,53.0,72.0,72.0,41.0,54.0,1186,50.17,41886557956237
267.0,2,0.00,57.0,74.0,74.0,43.0,59.0,1280,50.55,37794322036743
267.0,3,0.00,58.0,70.0,70.0,44.0,60.0,1291,49.33,38205601404541
272.0,0,,70.0,72.0,72.0,51.0,70.0,2801,199.89,72093771068847
272.0,1,0.00,53.0,72.0,72.0,40.0,54.0,1173,50.25,41886843386962
272.0,2,0.00,56.0,74.0,74.0,43.0,58.0,1280,50.22,37794606779357
273.0,3,0.00,58.0,70.0,70.0,44.0,60.0,1291,49.18,38205880276062
278.0,0,,71.0,72.0,72.0,52.0,71.0,2804,200.16,72094905995971
278.0,1,0.00,53.0,72.0,72.0,40.0,54.0,1122,50.19,41887127966491
278.0,2,0.00,57.0,74.0,74.0,43.0,58.0,1270,50.21,37794891989746
278.0,3,0.00,57.0,70.0,70.0,44.0,59.0,1301,49.25,38206160015869
283.0,0,,70.0,72.0,72.0,52.0,70.0,2800,200.09,72096042492065
284.0,1,0.00,53.0,72.0,72.0,40.0,54.0,1141,50.11,41887413074890
284.0,2,0.00,57.0,74.0,74.0,43.0,58.0,1278,50.51,37795178882751
284.0,3,0.00,58.0,70.0,70.0,44.0,60.0,1289,49.43,38206440790161
289.0,0,,70.0,72.0,72.0,51.0,70.0,2802,199.42,72097175194396
289.0,1,0.00,53.0,72.0,72.0,40.0,54.0,1132,50.23,41887697867309
289.0,2,0.00,56.0,74.0,74.0,43.0,58.0,1280,50.24,37795463744262
290.0,3,0.00,58.0,70.0,70.0,44.0,60.0,1301,49.10,38206719178222
295.0,0,,71.0,72.0,72.0,52.0,70.0,2804,200.38,72098311338867
295.0,1,0.00,53.0,72.0,72.0,40.0,54.0,1122,50.22,41887982642822
295.0,2,0.00,56.0,74.0,74.0,43.0,59.0,1270,50.22,37795748517272
295.0,3,0.00,58.0,70.0,70.0,44.0,60.0,1301,49.26,38206998505859
300.0,0,,67.0,74.0,74.0,51.0,69.0,2801,195.17,72099419889831
301.0,1,0.00,53.0,72.0,72.0,40.0,54.0,1131,50.20,41888267760192
301.0,2,0.00,56.0,74.0,74.0,43.0,58.0,1269,50.37,37796034641418
301.0,3,0.00,58.0,70.0,70.0,44.0,60.0,1290,49.38,38207279008361
306.0,0,,67.0,76.0,76.0,50.0,68.0,2422,162.14,72100339245483
306.0,1,0.00,53.0,72.0,72.0,40.0,54.0,1142,50.22,41888552480957
306.0,2,0.00,56.0,74.0,74.0,43.0,58.0,1280,50.59,37796321505981
307.0,3,0.00,58.0,70.0,70.0,44.0,60.0,1301,49.57,38207560045776
312.0,0,,67.0,76.0,76.0,50.0,68.0,2104,160.31,72101249782836
312.0,1,0.00,53.0,72.0,72.0,40.0,54.0,1121,50.11,41888837115539
312.0,2,0.00,56.0,74.0,74.0,43.0,58.0,1279,50.19,37796606581420
312.0,3,0.00,57.0,70.0,70.0,44.0,59.0,1301,49.21,38207839565124
317.0,0,,67.0,76.0,76.0,50.0,69.0,1904,161.33,72102164498901
318.0,1,0.00,53.0,72.0,72.0,40.0,54.0,1133,50.23,41889121894348
318.0,2,0.00,56.0,74.0,74.0,43.0,58.0,1270,50.37,37796892164672
318.0,3,0.00,58.0,70.0,70.0,44.0,59.0,1291,49.49,38208120159240
323.0,0,,67.0,76.0,76.0,51.0,69.0,2051,161.68,72103082855957
323.0,1,0.00,53.0,72.0,72.0,40.0,54.0,1142,50.21,41889407078979
323.0,2,0.00,56.0,74.0,74.0,43.0,58.0,1280,50.45,37797178728271
324.0,3,0.00,57.0,70.0,70.0,44.0,59.0,1301,49.48,38208401195556
329.0,0,,70.0,74.0,74.0,52.0,70.0,2117,178.86,72104096964965
329.0,1,0.00,53.0,72.0,72.0,40.0,54.0,1122,50.14,41889691358337
329.0,2,0.00,56.0,74.0,74.0,43.0,58.0,1281,50.56,37797465396362
329.0,3,0.00,57.0,70.0,70.0,44.0,59.0,1302,49.20,38208680180419
334.0,0,,70.0,74.0,74.0,52.0,70.0,2476,199.89,72105230340759
335.0,1,0.00,52.0,72.0,72.0,40.0,54.0,1133,50.14,41889975668273
335.0,2,0.00,56.0,74.0,74.0,43.0,58.0,1249,50.15,37797749724914
335.0,3,0.00,57.0,70.0,70.0,44.0,59.0,1291,49.15,38208958882324
340.0,0,,70.0,72.0,74.0,51.0,70.0,2769,200.38,72106366502441
340.0,1,0.00,53.0,72.0,72.0,40.0,54.0,1142,50.15,41890260506774
340.0,2,0.00,56.0,74.0,74.0,43.0,58.0,1237,50.27,37798035281982
341.0,3,0.00,57.0,70.0,70.0,44.0,59.0,1301,49.27,38209238746154
346.0,0,,71.0,74.0,74.0,52.0,70.0,2805,200.06,72107500833251
346.0,1,0.00,53.0,72.0,72.0,40.0,54.0,1122,50.32,41890545829223
346.0,2,0.00,56.0,74.0,74.0,43.0,58.0,1259,50.47,37798321435852
346.0,3,0.00,57.0,70.0,70.0,44.0,59.0,1301,49.37,38209518675476
352.0,0,,71.0,74.0,72.0,52.0,70.0,2801,199.86,72108636047241
352.0,1,0.00,52.0,72.0,72.0,40.0,54.0,1132,50.08,41890829796447
352.0,2,0.00,56.0,74.0,74.0,43.0,58.0,1237,50.09,37798605965209
352.0,3,0.00,57.0,70.0,70.0,44.0,59.0,1291,48.95,38209796727111
357.0,0,,70.0,72.0,72.0,51.0,70.0,2805,199.94,72109769726501
357.0,1,0.00,52.0,72.0,72.0,40.0,54.0,1142,50.13,41891114511413
357.0,2,0.00,56.0,74.0,74.0,43.0,58.0,1247,50.24,37798890837036
358.0,3,0.00,57.0,70.0,70.0,44.0,59.0,1300,49.30,38210076270141
363.0,0,,71.0,72.0,72.0,52.0,70.0,2811,200.05,72110906004211
363.0,1,0.00,53.0,72.0,72.0,40.0,54.0,1133,50.15,41891398884826
363.0,2,0.00,56.0,74.0,74.0,43.0,57.0,1259,50.39,37799176541442
363.0,3,0.00,57.0,70.0,70.0,44.0,59.0,1301,49.27,38210356134887
369.0,0,,70.0,72.0,72.0,51.0,69.0,2803,199.25,72112037750610
369.0,1,0.00,52.0,72.0,72.0,40.0,54.0,1121,50.02,41891683002746
369.0,2,0.00,56.0,74.0,74.0,43.0,58.0,1238,50.36,37799462562866
369.0,3,0.00,58.0,70.0,70.0,44.0,59.0,1290,49.37,38210636057617
374.0,0,,69.0,72.0,72.0,51.0,69.0,2803,200.24,72113173112792
374.0,1,0.00,53.0,72.0,72.0,40.0,54.0,1143,50.08,41891966976257
375.0,2,0.00,56.0,74.0,74.0,43.0,58.0,1260,50.10,37799746622497
375.0,3,0.00,58.0,70.0,70.0,44.0,59.0,1292,49.08,38210914352294
380.0,0,,70.0,72.0,72.0,51.0,70.0,2804,200.41,72114309424072
380.0,1,0.00,52.0,72.0,72.0,40.0,54.0,1133,50.18,41892251498352
380.0,2,0.00,56.0,74.0,74.0,43.0,58.0,1249,50.30,37800031831298
380.0,3,0.00,57.0,70.0,70.0,44.0,59.0,1302,49.32,38211194010131
386.0,0,,70.0,72.0,72.0,51.0,69.0,2803,200.25,72115444865783
386.0,1,0.00,52.0,72.0,72.0,40.0,54.0,1122,50.16,41892535889099
386.0,2,0.00,56.0,74.0,74.0,43.0,58.0,1238,50.43,37800317782470
386.0,3,0.00,57.0,70.0,70.0,44.0,59.0,1291,49.31,38211474090026
391.0,0,,67.0,74.0,74.0,50.0,68.0,2772,185.12,72116494502258
391.0,1,0.00,52.0,72.0,72.0,40.0,54.0,1142,50.02,41892820008605
392.0,2,0.00,56.0,74.0,74.0,43.0,58.0,1248,50.20,37800602923156
392.0,3,0.00,58.0,70.0,70.0,44.0,59.0,1290,49.06,38211752237792
397.0,0,,67.0,76.0,76.0,50.0,68.0,2273,161.52,72117411961486
397.0,1,0.00,52.0,72.0,72.0,40.0,54.0,1132,50.11,41893104153686
397.0,2,0.00,56.0,74.0,74.0,43.0,58.0,1248,50.32,37800888248046
397.0,3,0.00,58.0,70.0,70.0,44.0,59.0,1301,49.35,38212032542480
403.0,0,,67.0,76.0,76.0,50.0,68.0,2000,160.17,72118320122680
403.0,1,0.00,52.0,72.0,72.0,40.0,54.0,1121,50.15,41893389017211
403.0,2,0.00,56.0,74.0,74.0,43.0,58.0,1238,50.37,37801174365112
403.0,3,0.00,57.0,70.0,70.0,44.0,59.0,1290,49.53,38212313372314
408.0,0,,67.0,76.0,76.0,51.0,69.0,1946,161.40,72119236846862
408.0,1,0.00,52.0,72.0,72.0,40.0,54.0,1142,50.10,41893673095153
409.0,2,0.00,56.0,74.0,74.0,43.0,58.0,1258,50.39,37801460601928
409.0,3,0.00,57.0,70.0,70.0,44.0,59.0,1300,49.40,38212593980407
414.0,0,,68.0,78.0,76.0,51.0,69.0,2060,162.22,72120158253051
414.0,1,0.00,52.0,72.0,72.0,40.0,54.0,1141,50.08,41893957538940
414.0,2,0.00,56.0,74.0,74.0,43.0,58.0,1257,50.21,37801745805847
414.0,3,0.00,57.0,70.0,70.0,44.0,59.0,1300,49.25,38212873726867
420.0,0,0.00,64.0,76.0,76.0,48.0,66.0,2106,78.28,72120602092224
420.0,1,0.00,52.0,72.0,72.0,40.0,54.0,1122,50.02,41894241676147
420.0,2,0.00,56.0,74.0,74.0,43.0,58.0,1239,50.37,37802031390625
420.0,3,0.00,57.0,70.0,70.0,44.0,59.0,1291,49.19,38213152618713
425.0,0,0.00,63.0,76.0,76.0,48.0,65.0,1588,58.45,72120933502197
425.0,1,0.00,52.0,72.0,72.0,40.0,53.0,1133,50.23,41894525979553
426.0,2,0.00,56.0,74.0,74.0,43.0,58.0,1250,50.54,37802317443054
426.0,3,0.00,57.0,70.0,70.0,43.0,59.0,1292,49.24,38213431837341
431.0,0,55.64,68.0,68.0,68.0,49.0,67.0,1534,87.00,72121427677917
431.0,1,0.00,52.0,72.0,72.0,40.0,54.0,1143,50.04,41894810224975
431.0,2,0.00,56.0,74.0,74.0,43.0,58.0,1258,50.30,37802603141845
431.0,3,0.00,57.0,70.0,70.0,43.0,59.0,1290,49.17,38213710655639
437.0,0,,69.0,70.0,70.0,51.0,69.0,1724,200.17,72122562654602
437.0,1,0.00,52.0,72.0,72.0,40.0,53.0,1122,49.92,41895093253356
437.0,2,0.00,56.0,74.0,74.0,43.0,58.0,1249,50.13,37802887380126
437.0,3,0.00,57.0,70.0,70.0,43.0,59.0,1260,49.03,38213988633605
442.0,0,,70.0,70.0,72.0,51.0,70.0,2266,199.60,72123694369018
442.0,1,0.00,52.0,72.0,72.0,40.0,54.0,1133,49.93,41895376358398
443.0,2,0.00,56.0,74.0,74.0,43.0,58.0,1249,50.28,37803172492431
443.0,3,0.00,57.0,70.0,70.0,43.0,58.0,1259,49.23,38214267765563
448.0,0,,70.0,70.0,72.0,51.0,70.0,2656,200.37,72124830465881
448.0,1,0.00,52.0,72.0,72.0,40.0,54.0,1143,50.17,41895660837768
448.0,2,0.00,56.0,74.0,74.0,43.0,58.0,1249,50.40,37803458251647
448.0,3,0.00,57.0,70.0,70.0,43.0,59.0,1281,49.19,38214546644775
454.0,0,,69.0,70.0,72.0,51.0,70.0,2792,199.72,72125962876037
454.0,1,0.00,52.0,72.0,72.0,40.0,54.0,1121,49.92,41895944400085
454.0,2,0.00,55.0,74.0,74.0,43.0,57.0,1237,50.32,37803744083984
454.0,3,0.00,57.0,70.0,70.0,43.0,59.0,1280,48.99,38214824892211
459.0,0,,70.0,72.0,72.0,51.0,70.0,2793,200.21,72127098068725
459.0,1,0.00,52.0,72.0,72.0,40.0,54.0,1132,50.04,41896228105712
460.0,2,0.00,56.0,74.0,74.0,43.0,58.0,1249,51.17,37804034220031
460.0,3,0.00,57.0,70.0,70.0,43.0,59.0,1271,49.16,38215103608581
465.0,0,,70.0,72.0,72.0,51.0,70.0,2806,199.97,72128231903808
465.0,1,0.00,52.0,72.0,72.0,40.0,54.0,1144,50.28,41896512670837
465.0,2,0.00,56.0,68.0,68.0,43.0,58.0,1260,50.47,37804319867553
465.0,3,0.00,57.0,70.0,70.0,43.0,59.0,1281,49.32,38215383238159
471.0,0,,69.0,72.0,72.0,51.0,69.0,2803,199.85,72129365041259
471.0,1,0.00,52.0,72.0,72.0,40.0,54.0,1122,49.84,41896795759521
471.0,2,0.00,56.0,68.0,68.0,43.0,58.0,1238,50.28,37804605480468
471.0,3,0.00,57.0,70.0,70.0,43.0,59.0,1269,49.24,38215662412475
476.0,0,,70.0,72.0,70.0,51.0,69.0,2709,199.48,72130498084472
476.0,1,0.00,52.0,72.0,72.0,40.0,54.0,1133,49.97,41897078613586
477.0,2,0.00,56.0,68.0,68.0,43.0,57.0,1250,50.07,37804889384094
477.0,3,0.00,57.0,70.0,70.0,44.0,59.0,1292,48.97,38215940056701
482.0,0,,70.0,72.0,72.0,51.0,70.0,2751,200.97,72131635564086
482.0,1,0.00,52.0,72.0,72.0,40.0,54.0,1132,49.79,41897361435668
482.0,2,0.00,55.0,68.0,68.0,43.0,57.0,1259,50.33,37805174760681
482.0,3,0.00,57.0,70.0,70.0,44.0,59.0,1302,49.17,38216218861206
488.0,0,,70.0,72.0,72.0,51.0,69.0,2763,199.01,72132765954467
488.0,1,0.00,52.0,72.0,72.0,40.0,53.0,1132,50.18,41897645984313
488.0,2,0.00,55.0,68.0,68.0,42.0,58.0,1238,50.36,37805460298400
488.0,3,0.00,57.0,70.0,70.0,44.0,59.0,1300,49.23,38216498504272
493.0,0,,68.0,74.0,74.0,51.0,69.0,2681,197.16,72133885809143
493.0,1,0.00,52.0,72.0,72.0,40.0,53.0,1120,49.99,41897929924560
494.0,2,0.00,55.0,68.0,68.0,43.0,57.0,1257,50.33,37805746167297
494.0,3,0.00,57.0,70.0,70.0,43.0,59.0,1289,49.32,38216778627502
499.0,0,,67.0,74.0,74.0,50.0,68.0,2422,156.84,72134775090087
499.0,1,0.00,52.0,72.0,72.0,40.0,53.0,1132,50.12,41898214120849
499.0,2,0.00,55.0,68.0,68.0,43.0,57.0,1260,50.38,37806031844238
499.0,3,0.00,57.0,70.0,70.0,44.0,59.0,1291,49.38,38217058635681
505.0,0,,67.0,74.0,74.0,50.0,68.0,2063,155.80,72135660050048
505.0,1,0.00,52.0,72.0,72.0,40.0,54.0,1121,50.16,41898499029479
505.0,2,0.00,55.0,68.0,68.0,42.0,57.0,1236,50.38,37806318492431
505.0,3,0.00,57.0,70.0,70.0,43.0,59.0,1299,49.44,38217339452453
510.0,0,,67.0,74.0,76.0,50.0,68.0,1902,155.88,72136545462585
511.0,1,0.00,52.0,72.0,72.0,40.0,53.0,1142,50.21,41898784236511
511.0,2,0.00,55.0,68.0,68.0,42.0,57.0,1259,50.50,37806604846191
511.0,3,0.00,57.0,70.0,70.0,44.0,59.0,1269,49.36,38217619792846
516.0,0,,67.0,76.0,76.0,51.0,69.0,1955,159.37,72137450708557
516.0,1,0.00,52.0,72.0,72.0,39.0,53.0,1142,49.94,41899067916442
516.0,2,0.00,55.0,68.0,68.0,42.0,58.0,1247,50.20,37806889981628
517.0,3,0.00,57.0,70.0,70.0,43.0,59.0,1268,49.25,38217899050964
522.0,0,88.03,71.0,74.0,74.0,52.0,70.0,2082,171.60,72138423656250
522.0,1,0.00,52.0,72.0,72.0,39.0,53.0,1110,49.93,41899351539733
522.0,2,0.00,55.0,68.0,68.0,42.0,58.0,1237,50.33,37807175853759
522.0,3,0.00,57.0,70.0,70.0,43.0,59.0,1280,49.29,38218179013488
527.0,0,,70.0,74.0,74.0,52.0,70.0,2379,199.90,72139559067443
528.0,1,0.00,52.0,72.0,72.0,40.0,54.0,1121,50.08,41899635472412
528.0,2,0.00,55.0,68.0,68.0,42.0,58.0,1248,50.29,37807461511352
528.0,3,0.00,57.0,70.0,70.0,43.0,59.0,1269,49.26,38218458837097
533.0,0,100.00,71.0,74.0,74.0,52.0,70.0,2751,200.09,72140693591857
533.0,1,0.00,52.0,72.0,72.0,40.0,54.0,1122,49.87,41899918747436
533.0,2,0.00,55.0,68.0,68.0,42.0,57.0,1259,50.30,37807746729370
534.0,3,0.00,57.0,70.0,70.0,43.0,59.0,1280,49.21,38218737856750
539.0,0,,71.0,74.0,74.0,52.0,70.0,2805,199.88,72141826935058
539.0,1,0.00,52.0,72.0,72.0,39.0,54.0,1112,49.91,41900201744323
539.0,2,0.00,55.0,68.0,68.0,42.0,57.0,1238,50.20,37808031381164
539.0,3,0.00,57.0,70.0,70.0,43.0,59.0,1280,49.08,38219016125122
544.0,0,,70.0,72.0,74.0,52.0,70.0,2802,199.80,72142961826171
545.0,1,0.00,52.0,72.0,72.0,39.0,53.0,1132,50.16,41900486157226
545.0,2,0.00,55.0,68.0,68.0,42.0,57.0,1259,50.36,37808316950500
545.0,3,0.00,57.0,70.0,70.0,43.0,59.0,1259,49.30,38219295655395
550.0,0,,71.0,72.0,72.0,52.0,70.0,2805,199.43,72144092595825
550.0,1,0.00,52.0,72.0,72.0,40.0,53.0,1112,50.09,41900770150024
550.0,2,0.00,55.0,68.0,68.0,43.0,57.0,1249,50.28,37808602063476
551.0,3,0.00,57.0,70.0,70.0,44.0,59.0,1290,49.28,38219575077026
556.0,0,,71.0,72.0,72.0,52.0,70.0,2803,200.06,72145226961364
556.0,1,0.00,52.0,72.0,72.0,40.0,53.0,1111,49.73,41901052107971
556.0,2,0.00,55.0,68.0,68.0,42.0,57.0,1238,50.32,37808887390319
556.0,3,0.00,57.0,70.0,70.0,43.0,59.0,1303,48.93,38219852489562
561.0,0,,70.0,72.0,72.0,52.0,69.0,2808,200.37,72146363078125
562.0,1,0.00,52.0,72.0,72.0,39.0,53.0,1112,49.86,41901334788818
562.0,2,0.00,55.0,68.0,68.0,42.0,57.0,1240,50.21,37809172077514
562.0,3,0.00,57.0,70.0,70.0,44.0,59.0,1272,49.12,38220130986267
567.0,0,,70.0,72.0,72.0,51.0,70.0,2802,200.12,72147497769287
567.0,1,0.00,52.0,72.0,72.0,39.0,53.0,1131,50.01,41901618856750
567.0,2,0.00,55.0,68.0,68.0,42.0,57.0,1248,50.25,37809457486389
568.0,3,0.00,57.0,70.0,70.0,44.0,59.0,1301,49.28,38220410423400
573.0,0,,71.0,72.0,72.0,51.0,70.0,2803,199.68,72148629972595
573.0,1,0.00,52.0,72.0,72.0,40.0,53.0,1122,50.13,41901903067504
573.0,2,0.00,55.0,68.0,68.0,42.0,58.0,1238,50.28,37809742552917
573.0,3,0.00,57.0,70.0,70.0,44.0,59.0,1291,49.14,38220689526977
578.0,0,,71.0,72.0,72.0,51.0,69.0,2762,200.24,72149765323791
579.0,1,0.00,52.0,72.0,72.0,39.0,53.0,1122,49.86,41902185767395
579.0,2,0.00,55.0,68.0,68.0,42.0,57.0,1249,50.16,37810026946472
579.0,3,0.00,57.0,70.0,70.0,44.0,59.0,1249,49.04,38220967600891
584.0,0,,69.0,72.0,72.0,51.0,70.0,2644,200.15,72150902181213
584.0,1,0.00,52.0,72.0,72.0,40.0,53.0,1122,50.06,41902469625122
584.0,2,0.00,55.0,68.0,68.0,42.0,57.0,1248,50.30,37810312170104
585.0,3,0.00,57.0,70.0,70.0,43.0,59.0,1301,49.22,38221246660705
590.0,0,,70.0,72.0,72.0,51.0,70.0,2731,199.90,72152035623901
590.0,1,0.00,52.0,72.0,72.0,39.0,53.0,1111,50.13,41902753867919
590.0,2,0.00,55.0,68.0,68.0,42.0,57.0,1238,50.25,37810597109191
590.0,3,0.00,57.0,70.0,70.0,43.0,59.0,1301,49.31,38221526257019
595.0,0,,71.0,72.0,72.0,52.0,70.0,2645,199.67,72153167771606
596.0,1,0.00,52.0,72.0,72.0,39.0,53.0,1111,49.66,41903035958496
596.0,2,0.00,55.0,68.0,68.0,42.0,57.0,1259,50.21,37810882325378
596.0,3,0.00,57.0,70.0,70.0,44.0,59.0,1291,49.24,38221805428466
601.0,0,,70.0,72.0,72.0,51.0,69.0,2785,200.49,72154304536560
601.0,1,0.00,52.0,72.0,72.0,40.0,53.0,1123,49.93,41903318540344
601.0,2,0.00,55.0,68.0,68.0,42.0,57.0,1260,50.29,37811166945800
602.0,3,0.00,57.0,70.0,70.0,43.0,59.0,1302,49.04,38222083960388
607.0,0,,69.0,72.0,72.0,51.0,69.0,2802,199.78,72155439298950
607.0,1,0.00,52.0,72.0,72.0,40.0,53.0,1110,50.00,41903602537292
607.0,2,0.00,55.0,68.0,68.0,42.0,57.0,1237,50.22,37811452217468
607.0,3,0.00,57.0,70.0,70.0,44.0,59.0,1301,49.26,38222363243530
612.0,0,,71.0,72.0,72.0,51.0,70.0,2634,199.70,72156571582336
613.0,1,0.00,52.0,72.0,72.0,39.0,53.0,1121,49.98,41903885924987
613.0,2,0.00,55.0,68.0,68.0,42.0,57.0,1259,50.20,37811737328674
613.0,3,0.00,57.0,70.0,70.0,44.0,59.0,1290,49.25,38222642973876
618.0,0,,71.0,72.0,72.0,51.0,70.0,2708,200.00,72157705595458
618.0,1,0.00,52.0,72.0,72.0,39.0,53.0,1122,49.77,41904168643859
618.0,2,0.00,55.0,68.0,68.0,43.0,57.0,1259,50.42,37812023213562
619.0,3,0.00,57.0,70.0,70.0,44.0,59.0,1292,48.95,38222920523254
624.0,0,,70.0,72.0,72.0,51.0,70.0,2792,200.18,72158842644714
624.0,1,0.00,52.0,72.0,72.0,39.0,53.0,1111,50.01,41904452183776
624.0,2,0.00,55.0,68.0,68.0,42.0,57.0,1248,50.26,37812308184875
624.0,3,0.00,57.0,70.0,70.0,43.0,59.0,1301,49.22,38223199585571
630.0,0,,70.0,72.0,72.0,51.0,70.0,2803,200.20,72159977790100
630.0,1,0.00,52.0,72.0,72.0,39.0,53.0,1121,50.18,41904736716491
630.0,2,0.00,55.0,68.0,68.0,42.0,57.0,1238,50.13,37812592940979
630.0,3,0.00,57.0,70.0,70.0,44.0,59.0,1269,49.63,38223481459777
635.0,0,,70.0,72.0,72.0,51.0,69.0,2603,199.56,72161109314331
635.0,1,0.00,52.0,72.0,72.0,39.0,53.0,1122,49.93,41905020325744
635.0,2,0.00,55.0,68.0,68.0,42.0,57.0,1249,50.26,37812877942016
636.0,3,0.00,57.0,70.0,70.0,44.0,59.0,1292,49.22,38223760534057
641.0,0,,71.0,72.0,72.0,52.0,70.0,2773,200.13,72162244062744
641.0,1,0.00,52.0,72.0,72.0,39.0,53.0,1111,49.71,41905302159729
641.0,2,0.00,55.0,68.0,68.0,42.0,57.0,1260,50.17,37813162432128
641.0,3,0.00,57.0,70.0,70.0,44.0,59.0,1302,48.99,38224038315673
647.0,0,100.00,71.0,72.0,72.0,51.0,70.0,2806,200.00,72163378049438
647.0,1,0.00,52.0,72.0,72.0,39.0,53.0,1123,50.05,41905585449401
647.0,2,0.00,55.0,68.0,68.0,42.0,57.0,1239,50.29,37813447084716
647.0,3,0.00,57.0,70.0,70.0,44.0,59.0,1292,49.29,38224317299865
652.0,0,,67.0,78.0,76.0,51.0,69.0,2506,181.81,72164410757873
652.0,1,0.00,52.0,72.0,72.0,39.0,53.0,1110,50.01,41905869478210
652.0,2,0.00,55.0,68.0,68.0,42.0,57.0,1258,50.15,37813731924804
653.0,3,0.00,57.0,70.0,70.0,44.0,59.0,1300,49.24,38224596999511
658.0,0,,68.0,78.0,78.0,51.0,69.0,2209,181.14,72165437837036
658.0,1,0.00,52.0,72.0,72.0,39.0,53.0,1110,49.80,41906152315124
658.0,2,0.00,55.0,68.0,68.0,42.0,57.0,1258,50.37,37814018050537
658.0,3,0.00,57.0,70.0,70.0,44.0,59.0,1301,49.33,38224877199462
664.0,0,,68.0,80.0,80.0,51.0,69.0,2106,180.73,72166464392028
664.0,1,0.00,52.0,72.0,72.0,39.0,53.0,1122,49.92,41906435358459
664.0,2,0.00,55.0,68.0,68.0,42.0,57.0,1238,50.25,37814302941894
664.0,3,0.00,57.0,70.0,70.0,43.0,59.0,1291,49.25,38225156475158
669.0,0,,68.0,80.0,80.0,51.0,70.0,2170,181.13,72167491400451
669.0,1,0.00,52.0,72.0,72.0,39.0,53.0,1112,50.09,41906719368469
670.0,2,0.00,55.0,68.0,68.0,42.0,57.0,1238,50.21,37814587631896
670.0,3,0.00,57.0,70.0,70.0,43.0,59.0,1280,49.40,38225436544860
675.0,0,,71.0,76.0,76.0,52.0,70.0,2283,186.73,72168550159667
675.0,1,0.00,52.0,72.0,72.0,40.0,53.0,1110,49.97,41907003180297
675.0,2,0.00,55.0,68.0,68.0,42.0,57.0,1248,50.29,37814873305847
675.0,3,0.00,57.0,70.0,70.0,43.0,59.0,1258,49.38,38225717005004
681.0,0,,71.0,74.0,74.0,52.0,71.0,2552,199.49,72169681265441
681.0,1,0.00,52.0,72.0,72.0,40.0,53.0,1112,49.81,41907285113830
681.0,2,0.00,55.0,68.0,68.0,42.0,57.0,1239,50.45,37815158832885
681.0,3,0.00,57.0,70.0,70.0,43.0,59.0,1271,49.01,38225994383483
686.0,0,,71.0,74.0,74.0,52.0,70.0,2785,200.42,72170817625549
686.0,1,0.00,52.0,72.0,72.0,39.0,53.0,1112,49.78,41907567378967
687.0,2,0.00,55.0,68.0,68.0,42.0,57.0,1229,50.13,37815443055297
687.0,3,0.00,57.0,70.0,70.0,43.0,59.0,1282,49.13,38226272954589
692.0,0,,71.0,74.0,74.0,52.0,70.0,2805,199.85,72171950751037
692.0,1,0.00,52.0,72.0,72.0,39.0,53.0,1111,50.08,41907851349365
692.0,2,0.00,55.0,68.0,68.0,42.0,57.0,1216,50.10,37815727615905
692.0,3,0.00,57.0,70.0,70.0,43.0,59.0,1279,49.16,38226552198974
698.0,0,,70.0,74.0,74.0,51.0,70.0,2801,199.96,72173086524719
698.0,1,0.00,52.0,72.0,72.0,40.0,53.0,1111,49.82,41908134332702
698.0,2,0.00,55.0,68.0,68.0,42.0,57.0,1196,50.33,37816013012756
698.0,3,0.00,57.0,70.0,70.0,44.0,58.0,1291,49.31,38226831785278
703.0,0,,71.0,72.0,72.0,52.0,71.0,2802,199.81,72174219450134
703.0,1,0.00,52.0,72.0,72.0,39.0,53.0,1121,49.86,41908417552001
704.0,2,0.00,55.0,68.0,68.0,42.0,57.0,1216,50.15,37816297844726
704.0,3,0.00,57.0,70.0,70.0,43.0,59.0,1300,49.06,38227110457702
709.0,0,,71.0,72.0,72.0,52.0,70.0,2801,199.92,72175355013732
709.0,1,0.00,52.0,72.0,72.0,39.0,53.0,1121,50.11,41908701667541
709.0,2,0.00,55.0,68.0,68.0,42.0,57.0,1226,50.18,37816582355346
709.0,3,0.00,57.0,70.0,70.0,43.0,59.0,1291,49.63,38227391866882
715.0,0,,69.0,72.0,72.0,51.0,69.0,2803,200.30,72176490699157
715.0,1,0.00,52.0,72.0,72.0,39.0,53.0,1111,50.03,41908985348632
715.0,2,0.00,55.0,68.0,68.0,42.0,57.0,1249,50.13,37816867090270
715.0,3,0.00,57.0,70.0,70.0,44.0,59.0,1280,49.29,38227671832031
720.0,0,,69.0,72.0,72.0,51.0,69.0,2804,199.83,72177623726501
720.0,1,0.00,52.0,72.0,72.0,39.0,53.0,1122,49.65,41909267377685
721.0,2,0.00,55.0,68.0,68.0,42.0,57.0,1249,50.42,37817152975097
721.0,3,0.00,57.0,70.0,70.0,44.0,59.0,1303,49.25,38227951092041
726.0,0,,71.0,72.0,72.0,51.0,69.0,2806,200.02,72178757812927
726.0,1,0.00,52.0,72.0,72.0,39.0,53.0,1122,49.84,41909549984130
726.0,2,0.00,55.0,68.0,68.0,42.0,57.0,1260,50.14,37817437247253
726.0,3,0.00,57.0,70.0,70.0,44.0,59.0,1301,49.08,38228229350097
732.0,0,,69.0,72.0,72.0,51.0,69.0,2771,199.55,72179891256042
732.0,1,0.00,52.0,72.0,72.0,39.0,53.0,1111,50.03,41909833672180
732.0,2,0.00,55.0,68.0,68.0,42.0,57.0,1239,50.15,37817721582946
732.0,3,0.00,57.0,70.0,70.0,44.0,59.0,1292,49.23,38228508468261
737.0,0,,70.0,72.0,72.0,52.0,70.0,2636,200.67,72181027059387
737.0,1,0.00,52.0,72.0,72.0,40.0,53.0,1112,49.96,41910116467041
738.0,2,0.00,55.0,68.0,68.0,42.0,57.0,1218,50.35,37818006580383
738.0,3,0.00,57.0,70.0,70.0,44.0,59.0,1282,49.27,38228787342285
743.0,0,,70.0,72.0,72.0,51.0,70.0,2732,199.80,72182159912963
743.0,1,0.00,52.0,72.0,72.0,39.0,53.0,1123,49.85,41910399134277
743.0,2,0.00,55.0,68.0,68.0,42.0,57.0,1196,50.41,37818292427490
743.0,3,0.00,57.0,70.0,70.0,43.0,59.0,1291,48.97,38229065485656
749.0,0,100.00,71.0,72.0,72.0,51.0,70.0,2654,199.57,72183293481445
749.0,1,0.00,52.0,72.0,72.0,39.0,53.0,1110,49.94,41910682795532
749.0,2,0.00,55.0,68.0,68.0,42.0,57.0,1217,50.02,37818576529296
749.0,3,0.00,57.0,70.0,70.0,44.0,59.0,1249,49.23,38229344622192
754.0,0,,69.0,72.0,72.0,51.0,69.0,2784,200.25,72184428911071
754.0,1,0.00,52.0,72.0,72.0,39.0,53.0,1112,50.05,41910966571655
755.0,2,0.00,55.0,68.0,68.0,42.0,57.0,1228,50.16,37818860930297
755.0,3,0.00,57.0,70.0,70.0,43.0,59.0,1302,49.26,38229623921630
760.0,0,,69.0,72.0,72.0,51.0,69.0,2785,200.02,72185561020874
760.0,1,0.00,52.0,72.0,72.0,39.0,53.0,1123,50.04,41911250291381
760.0,2,0.00,55.0,68.0,68.0,42.0,57.0,1251,50.43,37819146347229
760.0,3,0.00,57.0,70.0,70.0,44.0,59.0,1303,49.31,38229903003784
766.0,0,,70.0,72.0,72.0,51.0,69.0,2617,199.98,72186694887207
766.0,1,0.00,52.0,72.0,72.0,39.0,53.0,1102,49.88,41911532634338
766.0,2,0.00,55.0,68.0,68.0,42.0,57.0,1239,50.14,37819430659362
766.0,3,0.00,57.0,70.0,70.0,44.0,59.0,1291,49.05,38230181141662
771.0,0,,71.0,72.0,72.0,51.0,70.0,2793,199.96,72187828669494
771.0,1,0.00,52.0,72.0,72.0,39.0,53.0,1122,49.85,41911815255676
772.0,2,0.00,55.0,68.0,68.0,42.0,57.0,1228,50.07,37819714555725
772.0,3,0.00,57.0,70.0,70.0,44.0,59.0,1302,49.23,38230460299255
777.0,0,,70.0,72.0,72.0,51.0,70.0,2711,200.19,72188963744262
777.0,1,0.00,52.0,72.0,72.0,39.0,53.0,1123,49.91,41912098240539
777.0,2,0.00,55.0,68.0,68.0,42.0,57.0,1218,50.25,37819999460693
777.0,3,0.00,57.0,70.0,70.0,44.0,59.0,1302,49.14,38230739397216
783.0,0,,69.0,72.0,72.0,51.0,69.0,2738,200.00,72190097749694
783.0,1,0.00,52.0,72.0,72.0,39.0,53.0,1111,49.53,41912379553100
783.0,2,0.00,55.0,68.0,68.0,42.0,57.0,1238,50.42,37820285362365
783.0,3,0.00,57.0,70.0,70.0,43.0,59.0,1292,49.33,38231019111572
788.0,0,,71.0,72.0,72.0,51.0,70.0,2721,199.68,72191229926147
788.0,1,0.00,52.0,72.0,72.0,39.0,53.0,1121,49.99,41912662990966
789.0,2,0.00,55.0,68.0,68.0,42.0,57.0,1248,50.02,37820569482299
789.0,3,0.00,57.0,70.0,70.0,44.0,59.0,1301,49.19,38231298021118
794.0,0,,71.0,72.0,72.0,51.0,70.0,2728,200.36,72192367957641
794.0,1,0.00,52.0,72.0,72.0,39.0,53.0,1122,50.01,41912946532958
794.0,2,0.00,55.0,68.0,68.0,42.0,57.0,1249,50.13,37820853704162
794.0,3,0.00,57.0,70.0,70.0,43.0,59.0,1302,49.16,38231576734558
800.0,0,,71.0,72.0,72.0,51.0,70.0,2803,200.07,72193502379211
800.0,1,0.00,52.0,72.0,72.0,39.0,53.0,1111,49.97,41913230356689
800.0,2,0.00,55.0,68.0,68.0,42.0,57.0,1237,50.32,37821139530090
800.0,3,0.00,57.0,70.0,70.0,44.0,59.0,1301,49.28,38231856626403
805.0,0,,68.0,78.0,76.0,51.0,69.0,2537,183.10,72194542393188
805.0,1,0.00,52.0,72.0,72.0,39.0,53.0,1121,49.94,41913513519348
806.0,2,0.00,55.0,68.0,68.0,42.0,57.0,1237,50.44,37821425511901
806.0,3,0.00,57.0,70.0,70.0,44.0,59.0,1300,49.10,38232135539245
811.0,0,,68.0,78.0,78.0,51.0,69.0,2252,181.10,72195569203369
811.0,1,0.00,52.0,72.0,72.0,39.0,53.0,1121,49.89,41913796873474
811.0,2,0.00,55.0,68.0,68.0,42.0,57.0,1216,50.04,37821709750122
811.0,3,0.00,57.0,70.0,70.0,44.0,59.0,1301,49.30,38232415048461
817.0,0,,68.0,80.0,80.0,51.0,70.0,2104,180.86,72196596482971
817.0,1,0.00,52.0,72.0,72.0,39.0,53.0,1111,50.03,41914080537658
817.0,2,0.00,55.0,68.0,68.0,42.0,57.0,1175,50.30,37821994934631
817.0,3,0.00,57.0,70.0,70.0,43.0,59.0,1302,49.32,38232694705993
822.0,0,,68.0,80.0,80.0,51.0,70.0,2116,181.39,72197624942871
823.0,1,0.00,51.0,72.0,72.0,39.0,53.0,1122,49.92,41914364090637
823.0,2,0.00,55.0,68.0,68.0,42.0,57.0,1227,50.29,37822280573547
823.0,3,0.00,57.0,70.0,70.0,43.0,59.0,1269,49.24,38232974408569
828.0,0,54.13,66.0,80.0,80.0,50.0,67.0,2264,160.77,72198536485351
828.0,1,0.00,52.0,72.0,72.0,39.0,53.0,1121,49.90,41914647000488
828.0,2,0.00,55.0,68.0,68.0,42.0,57.0,1205,50.13,37822565311096
828.0,3,0.00,57.0,70.0,70.0,43.0,59.0,1269,49.19,38233253834594
834.0,0,0.00,64.0,80.0,80.0,48.0,65.0,2103,59.59,72198874948852
834.0,1,0.00,51.0,72.0,72.0,39.0,53.0,1111,50.04,41914930743591
834.0,2,0.00,55.0,68.0,68.0,42.0,57.0,1207,50.21,37822849522766
834.0,3,0.00,57.0,70.0,70.0,43.0,59.0,1281,49.02,38233531782531
839.0,0,0.00,63.0,80.0,80.0,48.0,64.0,1536,58.48,72199206513000
840.0,1,0.00,52.0,72.0,72.0,39.0,53.0,1113,49.97,41915214061401
840.0,2,0.00,55.0,68.0,68.0,42.0,57.0,1250,50.32,37823134845092
840.0,3,0.00,57.0,70.0,70.0,43.0,59.0,1261,49.15,38233809992980
845.0,0,62.90,68.0,68.0,68.0,49.0,67.0,1503,90.08,72199717287231
845.0,1,0.00,52.0,72.0,72.0,39.0,53.0,1122,49.88,41915496898132
845.0,2,0.00,55.0,68.0,68.0,42.0,57.0,1228,50.37,37823420438537
845.0,3,0.00,57.0,70.0,70.0,43.0,58.0,1280,49.18,38234088861389
851.0,0,,70.0,70.0,70.0,51.0,70.0,1725,199.94,72200850940551
851.0,1,0.00,52.0,72.0,72.0,39.0,53.0,1111,49.86,41915779631286
851.0,2,0.00,55.0,68.0,68.0,42.0,57.0,1238,50.06,37823704266235
851.0,3,0.00,57.0,70.0,70.0,43.0,58.0,1280,49.05,38234366966064
856.0,0,,71.0,70.0,72.0,52.0,70.0,2253,200.17,72201985909912
857.0,1,0.00,52.0,72.0,72.0,39.0,53.0,1122,49.83,41916062174682
857.0,2,0.00,55.0,68.0,68.0,42.0,57.0,1238,50.20,37823988910156
857.0,3,0.00,56.0,70.0,70.0,43.0,58.0,1269,49.05,38234645545471
862.0,0,,71.0,72.0,70.0,52.0,70.0,2601,199.76,72203120567382
862.0,1,0.00,52.0,72.0,72.0,39.0,53.0,1121,49.89,41916345532958
862.0,2,0.00,55.0,68.0,68.0,42.0,57.0,1205,50.34,37824274813842
863.0,3,0.00,57.0,70.0,70.0,43.0,58.0,1280,49.20,38234924491760
868.0,0,,70.0,72.0,72.0,52.0,70.0,2784,199.97,72204254370117
868.0,1,0.00,52.0,72.0,72.0,39.0,53.0,1111,49.73,41916627499023
868.0,2,0.00,55.0,68.0,68.0,42.0,57.0,1196,50.30,37824559997314
868.0,3,0.00,56.0,70.0,70.0,43.0,59.0,1270,49.06,38235202682678
873.0,0,,69.0,72.0,72.0,51.0,69.0,2802,200.49,72205391151916
874.0,1,0.00,51.0,72.0,72.0,39.0,53.0,1122,49.95,41916910726867
874.0,2,0.00,55.0,68.0,68.0,42.0,57.0,1238,50.09,37824843989562
874.0,3,0.00,57.0,70.0,70.0,43.0,59.0,1270,49.06,38235481329589
879.0,0,,69.0,72.0,72.0,51.0,69.0,2803,199.61,72206524925354
879.0,1,0.00,52.0,72.0,72.0,39.0,53.0,1121,49.97,41917194540466
879.0,2,0.00,55.0,68.0,68.0,42.0,57.0,1226,50.27,37825129505554
880.0,3,0.00,57.0,70.0,70.0,43.0,58.0,1280,49.23,38235760450439
885.0,0,,71.0,72.0,72.0,51.0,70.0,2794,199.50,72207656087463
885.0,1,0.00,52.0,72.0,72.0,39.0,53.0,1112,49.89,41917477428283
885.0,2,0.00,55.0,68.0,68.0,42.0,57.0,1207,50.32,37825414827087
885.0,3,0.00,57.0,70.0,70.0,43.0,59.0,1281,49.25,38236039684020
890.0,0,,71.0,72.0,72.0,52.0,70.0,2569,200.17,72208791035522
891.0,1,0.00,51.0,72.0,72.0,39.0,53.0,1121,49.88,41917760254150
891.0,2,0.00,55.0,68.0,68.0,42.0,57.0,1248,50.01,37825698863281
891.0,3,0.00,57.0,70.0,70.0,43.0,59.0,1269,48.98,38236317881164
896.0,0,,70.0,72.0,72.0,51.0,69.0,2761,199.92,72209926596130
896.0,1,0.00,52.0,72.0,72.0,39.0,53.0,1121,49.75,41918042852600
896.0,2,0.00,55.0,68.0,68.0,42.0,57.0,1238,50.16,37825983281066
897.0,3,0.00,57.0,70.0,70.0,43.0,59.0,1280,49.07,38236596130493
902.0,0,,70.0,72.0,72.0,51.0,69.0,2804,199.72,72211059023803
902.0,1,0.00,52.0,72.0,72.0,39.0,53.0,1111,49.95,41918326093200
902.0,2,0.00,55.0,68.0,68.0,42.0,57.0,1195,50.40,37826269043762
902.0,3,0.00,57.0,70.0,70.0,43.0,59.0,1280,49.14,38236875253479
907.0,0,,68.0,74.0,74.0,50.0,69.0,2746,196.36,72212174327575
908.0,1,0.00,52.0,72.0,72.0,39.0,53.0,1120,49.77,41918608810058
908.0,2,0.00,55.0,68.0,68.0,42.0,57.0,1204,50.24,37826554416015
908.0,3,0.00,57.0,70.0,70.0,43.0,58.0,1268,49.30,38237155279846
913.0,0,,66.0,74.0,74.0,50.0,68.0,2379,158.48,72213074476257
913.0,1,0.00,52.0,72.0,72.0,39.0,53.0,1121,50.02,41918892923156
913.0,2,0.00,55.0,68.0,68.0,42.0,57.0,1216,50.20,37826839563720
914.0,3,0.00,57.0,70.0,70.0,43.0,59.0,1279,49.42,38237435515686
919.0,0,,67.0,76.0,76.0,50.0,68.0,2040,161.56,72213990502197
919.0,1,0.00,52.0,72.0,72.0,39.0,53.0,1110,50.01,41919177008239
919.0,2,0.00,55.0,68.0,68.0,42.0,57.0,1237,50.34,37827125515991
919.0,3,0.00,57.0,70.0,70.0,43.0,59.0,1280,49.33,38237715717468
924.0,0,,67.0,76.0,76.0,50.0,68.0,1894,160.91,72214904445434
925.0,1,0.00,52.0,72.0,72.0,39.0,53.0,1122,50.16,41919461398864
925.0,2,0.00,55.0,68.0,68.0,42.0,57.0,1249,50.47,37827411658752
925.0,3,0.00,57.0,70.0,70.0,43.0,59.0,1259,49.44,38237996024108
930.0,0,,67.0,76.0,76.0,51.0,69.0,2021,157.42,72215797032531
930.0,1,0.00,52.0,72.0,72.0,39.0,53.0,1122,49.95,41919744626403
930.0,2,0.00,55.0,68.0,68.0,42.0,57.0,1226,50.18,37827696661987
931.0,3,0.00,57.0,70.0,70.0,43.0,59.0,1279,49.22,38238275576232
936.0,0,,70.0,74.0,74.0,52.0,70.0,2125,170.60,72216766044860
936.0,1,0.00,52.0,72.0,72.0,39.0,53.0,1110,49.86,41920027805908
936.0,2,0.00,55.0,68.0,68.0,42.0,57.0,1185,50.31,37827981894470
936.0,3,0.00,57.0,70.0,70.0,43.0,58.0,1280,49.30,38238555108276
942.0,0,,71.0,74.0,72.0,52.0,70.0,2411,200.09,72217900534240
942.0,1,0.00,51.0,72.0,72.0,39.0,53.0,1121,49.88,41920310600402
942.0,2,0.00,55.0,68.0,68.0,42.0,57.0,1185,50.36,37828267448974
942.0,3,0.00,57.0,70.0,70.0,43.0,58.0,1270,49.17,38238833904418
947.0,0,,71.0,74.0,72.0,52.0,71.0,2754,199.61,72219032313903
947.0,1,0.00,52.0,72.0,72.0,39.0,53.0,1123,49.85,41920593273315
947.0,2,0.00,55.0,68.0,68.0,42.0,57.0,1249,50.25,37828552363342
948.0,3,0.00,57.0,70.0,70.0,43.0,59.0,1280,49.25,38239113171875
953.0,0,,71.0,72.0,72.0,52.0,70.0,2802,199.93,72220165898193
953.0,1,0.00,52.0,64.0,64.0,39.0,53.0,1111,49.79,41920875573913
953.0,2,0.00,55.0,68.0,68.0,42.0,57.0,1249,50.08,37828836344238
953.0,3,0.00,57.0,70.0,70.0,43.0,59.0,1280,48.93,38239391110290
959.0,0,,70.0,72.0,72.0,51.0,69.0,2802,199.90,72221301335144
959.0,1,0.00,51.0,64.0,64.0,39.0,53.0,1121,49.88,41921158899414
959.0,2,0.00,55.0,68.0,68.0,42.0,57.0,1237,50.22,37829121565979
959.0,3,0.00,57.0,70.0,70.0,43.0,59.0,1269,49.20,38239670081542
964.0,0,,70.0,72.0,72.0,51.0,70.0,2804,200.36,72222437360107
964.0,1,0.00,51.0,64.0,64.0,39.0,53.0,1122,50.02,41921442527038
964.0,2,0.00,55.0,68.0,68.0,42.0,57.0,1249,50.37,37829407152221
965.0,3,0.00,57.0,70.0,70.0,43.0,59.0,1282,49.20,38239949054443
970.0,0,,71.0,72.0,72.0,51.0,70.0,2795,199.68,72223569562072
970.0,1,0.00,51.0,64.0,64.0,39.0,53.0,1111,49.79,41921725343444
970.0,2,0.00,55.0,68.0,68.0,42.0,57.0,1247,50.23,37829692484741
970.0,3,0.00,57.0,70.0,70.0,43.0,59.0,1278,49.50,38240230239379
976.0,0,,70.0,72.0,72.0,51.0,70.0,2799,200.54,72224708606384
976.0,1,0.00,51.0,64.0,64.0,39.0,53.0,1121,49.85,41922007987304
976.0,2,0.00,55.0,68.0,68.0,42.0,57.0,1217,50.15,37829976828369
976.0,3,0.00,57.0,70.0,70.0,43.0,59.0,1270,49.12,38240508721984
981.0,0,,71.0,72.0,72.0,51.0,70.0,2784,199.90,72225842024414
981.0,1,0.00,52.0,64.0,64.0,39.0,53.0,1112,49.84,41922290579650
982.0,2,0.00,55.0,68.0,68.0,42.0,57.0,1207,50.29,37830261986450
982.0,3,0.00,57.0,70.0,70.0,43.0,59.0,1270,49.10,38240787116271
987.0,0,,70.0,72.0,72.0,52.0,70.0,2719,199.74,72226974534973
987.0,1,0.00,51.0,64.0,64.0,39.0,53.0,1111,50.05,41922574386779
987.0,2,0.00,55.0,68.0,68.0,42.0,57.0,1226,50.19,37830547055969
987.0,3,0.00,57.0,70.0,70.0,43.0,59.0,1279,49.23,38241066729064
993.0,0,,70.0,72.0,72.0,51.0,70.0,2748,200.22,72228111788452
993.0,1,0.00,52.0,64.0,64.0,39.0,53.0,1121,49.74,41922856926269
993.0,2,0.00,55.0,68.0,68.0,42.0,57.0,1216,50.10,37830831102600
993.0,3,0.00,57.0,70.0,70.0,43.0,59.0,1270,49.02,38241344677246
998.0,0,,69.0,72.0,72.0,51.0,70.0,2698,200.11,72229246425048
998.0,1,0.00,52.0,64.0,64.0,39.0,53.0,1111,49.90,41923139836914
999.0,2,0.00,55.0,68.0,68.0,42.0,57.0,1206,50.23,37831115916259
999.0,3,0.00,57.0,70.0,70.0,43.0,59.0,1280,49.02,38241623118225
1004.0,0,,69.0,72.0,72.0,51.0,69.0,2550,199.92,72230379979614
1004.0,1,0.00,51.0,64.0,64.0,39.0,53.0,1111,49.92,41923423382934
1004.0,2,0.00,55.0,68.0,68.0,42.0,57.0,1249,50.26,37831401381225
1004.0,3,0.00,57.0,70.0,70.0,43.0,59.0,1280,49.23,38241902240112
1010.0,0,,70.0,72.0,72.0,51.0,70.0,2771,199.98,72231515865539
1010.0,1,0.00,52.0,64.0,64.0,39.0,53.0,1111,49.81,41923705817504
1010.0,2,0.00,55.0,68.0,68.0,42.0,57.0,1207,50.25,37831686293334
1010.0,3,0.00,57.0,70.0,70.0,43.0,59.0,1271,49.35,38242182069335
1015.0,0,,70.0,72.0,72.0,51.0,70.0,2806,199.98,72232647745239
1015.0,1,0.00,52.0,64.0,64.0,39.0,53.0,1122,49.80,41923988161621
1016.0,2,0.00,55.0,68.0,68.0,42.0,57.0,1185,50.12,37831970458679
1016.0,3,0.00,57.0,70.0,70.0,43.0,59.0,1280,49.12,38242460595031
1021.0,0,,70.0,72.0,72.0,51.0,70.0,2727,199.76,72233782367004
1021.0,1,0.00,51.0,64.0,64.0,39.0,53.0,1110,49.82,41924271167358
1021.0,2,0.00,55.0,68.0,68.0,42.0,57.0,1206,50.24,37832255831787
1021.0,3,0.00,57.0,70.0,70.0,43.0,59.0,1279,49.09,38242739421691
1027.0,0,,70.0,72.0,72.0,52.0,70.0,2530,200.37,72234918469116
1027.0,1,0.00,51.0,64.0,64.0,39.0,53.0,1112,49.96,41924553935791
1027.0,2,0.00,55.0,68.0,68.0,42.0,57.0,1196,50.26,37832540809020
1027.0,3,0.00,57.0,70.0,70.0,43.0,59.0,1269,49.37,38243019360290
1032.0,0,,71.0,72.0,72.0,52.0,70.0,2767,199.85,72236053636352
1032.0,1,0.00,51.0,64.0,64.0,39.0,53.0,1120,49.71,41924836768127
1033.0,2,0.00,55.0,68.0,68.0,42.0,57.0,1215,50.27,37832826347045
1033.0,3,0.00,57.0,70.0,70.0,43.0,59.0,1268,49.02,38243297803955
1038.0,0,,70.0,72.0,72.0,51.0,69.0,2803,200.13,72237190372680
1038.0,1,0.00,52.0,64.0,64.0,39.0,53.0,1121,49.71,41925118623962
1038.0,2,0.00,55.0,68.0,68.0,42.0,57.0,1249,50.25,37833111285827
1038.0,3,0.00,57.0,70.0,70.0,44.0,59.0,1301,49.03,38243575804199
1044.0,0,,70.0,72.0,72.0,51.0,70.0,2804,199.93,72238323994750
1044.0,1,0.00,51.0,64.0,64.0,39.0,53.0,1111,50.02,41925402239135
1044.0,2,0.00,55.0,68.0,68.0,42.0,57.0,1239,50.31,37833396543945
1044.0,3,0.00,57.0,70.0,70.0,43.0,59.0,1291,49.16,38243855052978
1049.0,0,,71.0,72.0,72.0,52.0,70.0,2571,199.27,72239453843688
1049.0,1,0.00,52.0,64.0,64.0,39.0,53.0,1122,50.06,41925686103698
1050.0,2,0.00,55.0,68.0,68.0,42.0,57.0,1206,50.19,37833681612548
1050.0,3,0.00,57.0,70.0,70.0,43.0,59.0,1302,49.35,38244134846984
1055.0,0,,71.0,72.0,72.0,51.0,70.0,2771,200.42,72240592218627
1055.0,1,0.00,51.0,64.0,64.0,39.0,53.0,1121,49.78,41925968838378
1055.0,2,0.00,55.0,68.0,68.0,42.0,57.0,1238,50.10,37833965661743
1055.0,3,0.00,57.0,70.0,70.0,43.0,59.0,1290,49.11,38244413317810
1061.0,0,,71.0,72.0,72.0,51.0,70.0,2794,199.93,72241725826049
1061.0,1,0.00,51.0,64.0,64.0,39.0,53.0,1112,49.83,41926251368164
1061.0,2,0.00,55.0,68.0,68.0,42.0,57.0,1228,50.29,37834250819946
1061.0,3,0.00,57.0,70.0,70.0,43.0,59.0,1249,49.14,38244691962158
1066.0,0,,67.0,78.0,78.0,51.0,69.0,2540,179.80,72242745278991
1066.0,1,0.00,51.0,64.0,64.0,39.0,53.0,1122,50.02,41926534963378
1067.0,2,0.00,55.0,68.0,68.0,42.0,57.0,1249,50.23,37834535620056
1067.0,3,0.00,57.0,70.0,70.0,43.0,59.0,1301,49.23,38244971582214
1072.0,0,,68.0,78.0,78.0,51.0,69.0,2167,180.72,72243771758056
1072.0,1,0.00,51.0,64.0,64.0,39.0,53.0,1118,49.76,41926818071655
1072.0,2,0.00,55.0,68.0,68.0,42.0,57.0,1203,50.27,37834821654357
1072.0,3,0.00,57.0,70.0,70.0,43.0,59.0,1288,49.50,38245252749511
1078.0,0,,68.0,80.0,80.0,51.0,69.0,2100,181.38,72244801971374
1078.0,1,0.00,51.0,58.0,58.0,39.0,53.0,1110,49.77,41927100774108
1078.0,2,0.00,55.0,68.0,68.0,42.0,57.0,1194,50.19,37835106726257
1078.0,3,0.00,57.0,70.0,70.0,43.0,59.0,1257,49.13,38245532320251
1083.0,0,,68.0,80.0,80.0,51.0,70.0,2165,181.04,72245832065490
1084.0,1,0.00,51.0,58.0,58.0,39.0,53.0,1120,49.96,41927384551574
1084.0,2,0.00,55.0,68.0,68.0,42.0,57.0,1247,50.31,37835392463134
1084.0,3,0.00,57.0,70.0,70.0,43.0,59.0,1280,49.37,38245812224914
1089.0,0,,71.0,76.0,76.0,52.0,71.0,2294,191.60,72246918423339
1089.0,1,0.00,51.0,58.0,58.0,39.0,53.0,1121,50.00,41927668544372
1089.0,2,0.00,55.0,68.0,68.0,42.0,57.0,1248,50.28,37835678068664
1089.0,3,0.00,57.0,70.0,70.0,43.0,59.0,1280,49.36,38246092606201
1095.0,0,,71.0,74.0,74.0,52.0,71.0,2633,199.54,72248051809936
1095.0,1,0.00,52.0,58.0,58.0,39.0,53.0,1110,49.86,41927951271972
1095.0,2,0.00,55.0,68.0,68.0,42.0,57.0,1195,50.18,37835962603759
1095.0,3,0.00,57.0,70.0,70.0,43.0,59.0,1279,49.08,38246370863464
1100.0,0,,71.0,74.0,74.0,51.0,70.0,2794,200.31,72249187569335
1101.0,1,0.00,52.0,58.0,58.0,39.0,53.0,1122,49.78,41928233530517
1101.0,2,0.00,55.0,68.0,68.0,42.0,57.0,1207,50.24,37836247461791
1101.0,3,0.00,57.0,70.0,70.0,43.0,59.0,1270,49.13,38246649411499
1106.0,0,,71.0,74.0,74.0,52.0,70.0,2803,199.86,72250320750427
1106.0,1,0.00,51.0,58.0,58.0,39.0,53.0,1122,49.99,41928516984985
1106.0,2,0.00,55.0,68.0,68.0,42.0,57.0,1206,50.13,37836532224792
1107.0,3,0.00,57.0,70.0,70.0,44.0,59.0,1280,49.09,38246928216918
1112.0,0,100.00,71.0,72.0,74.0,52.0,70.0,2803,199.39,72251453275878
1112.0,1,0.00,51.0,58.0,58.0,39.0,53.0,1111,49.72,41928799385375
1112.0,2,0.00,55.0,68.0,68.0,42.0,57.0,1196,50.28,37836817313598
1112.0,3,0.00,57.0,70.0,70.0,43.0,59.0,1280,49.31,38247207811584
1117.0,0,,71.0,74.0,72.0,52.0,70.0,2805,200.27,72252588822387
1118.0,1,0.00,51.0,58.0,58.0,39.0,53.0,1121,49.75,41929081467956
1118.0,2,0.00,55.0,68.0,68.0,42.0,57.0,1248,50.22,37837102088256
1118.0,3,0.00,57.0,70.0,70.0,43.0,59.0,1269,49.03,38247486306152
1123.0,0,,71.0,72.0,72.0,52.0,70.0,2801,199.76,72253721439331
1123.0,1,0.00,51.0,58.0,58.0,39.0,53.0,1121,49.72,41929363852233
1123.0,2,0.00,55.0,68.0,68.0,42.0,57.0,1258,50.22,37837387359863
1124.0,3,0.00,57.0,70.0,70.0,44.0,59.0,1280,49.11,38247764764343
1129.0,0,,71.0,72.0,72.0,51.0,70.0,2801,200.29,72254859068359
1129.0,1,0.00,52.0,58.0,58.0,39.0,53.0,1110,50.09,41929647850463
1129.0,2,0.00,55.0,68.0,68.0,42.0,57.0,1248,50.18,37837672375183
1129.0,3,0.00,57.0,70.0,70.0,43.0,59.0,1279,49.30,38248044775085
1134.0,0,,71.0,72.0,72.0,51.0,70.0,2803,199.47,72255992079223
1135.0,1,0.00,51.0,58.0,58.0,39.0,53.0,1121,49.76,41929930475036
1135.0,2,0.00,55.0,68.0,68.0,42.0,57.0,1206,50.37,37837957992431
1135.0,3,0.00,57.0,70.0,70.0,44.0,59.0,1269,49.14,38248323411682
1140.0,0,,69.0,72.0,72.0,51.0,69.0,2717,200.89,72257131109069
1140.0,1,0.00,51.0,58.0,58.0,39.0,53.0,1121,49.85,41930213105712
1140.0,2,0.00,55.0,68.0,68.0,42.0,57.0,1206,50.27,37838243042236
1141.0,3,0.00,57.0,70.0,70.0,44.0,59.0,1280,48.98,38248601608581
1146.0,0,,70.0,72.0,72.0,51.0,69.0,2741,199.47,72258262123840
1146.0,1,0.00,51.0,58.0,58.0,39.0,53.0,1111,49.93,41930496720520
1146.0,2,0.00,55.0,68.0,68.0,42.0,57.0,1196,50.13,37838527797058
1146.0,3,0.00,57.0,70.0,70.0,43.0,59.0,1280,49.18,38248880434875
1151.0,0,,70.0,72.0,72.0,51.0,69.0,2803,200.57,72259401341735
1152.0,1,0.00,51.0,58.0,58.0,39.0,53.0,1122,49.95,41930779962402
1152.0,2,0.00,55.0,68.0,68.0,42.0,57.0,1206,50.24,37838812667114
1152.0,3,0.00,57.0,70.0,70.0,43.0,59.0,1291,49.30,38249159938110
1157.0,0,,69.0,72.0,72.0,51.0,69.0,2602,200.07,72260535733642
1157.0,1,0.00,52.0,58.0,58.0,39.0,53.0,1121,49.83,41931062481018
1157.0,2,0.00,55.0,68.0,68.0,42.0,57.0,1227,50.19,37839097234375
1158.0,3,0.00,57.0,70.0,70.0,44.0,59.0,1291,49.11,38249438381225
1163.0,0,,70.0,72.0,72.0,51.0,70.0,2591,199.67,72261669855468
1163.0,1,0.00,51.0,58.0,58.0,39.0,53.0,1111,49.72,41931344883117
1163.0,2,0.00,55.0,68.0,68.0,42.0,57.0,1237,50.22,37839382468139
1163.0,3,0.00,57.0,70.0,70.0,43.0,59.0,1279,49.05,38249716983459
1168.0,0,,71.0,72.0,72.0,51.0,70.0,2783,199.67,72262801996398
1169.0,1,0.00,51.0,58.0,58.0,39.0,53.0,1122,50.06,41931628718200
1169.0,2,0.00,55.0,68.0,68.0,42.0,57.0,1228,50.17,37839666937683
1169.0,3,0.00,57.0,70.0,70.0,43.0,59.0,1280,49.33,38249996702514
1174.0,0,,70.0,72.0,72.0,51.0,70.0,2802,200.17,72263936974914
1174.0,1,0.00,51.0,58.0,58.0,39.0,53.0,1121,49.86,41931911408386
1174.0,2,0.00,55.0,68.0,68.0,42.0,57.0,1216,50.25,37839952346984
1175.0,3,0.00,57.0,70.0,70.0,43.0,59.0,1279,49.33,38250276912475
1180.0,0,,70.0,72.0,72.0,51.0,70.0,2790,200.46,72265075582153
1180.0,1,0.00,51.0,58.0,58.0,39.0,53.0,1110,49.79,41932194204833
1180.0,2,0.00,55.0,68.0,68.0,42.0,57.0,1194,50.23,37840237637207
1180.0,3,0.00,57.0,70.0,70.0,43.0,59.0,1290,49.09,38250555749084
1185.0,0,,69.0,72.0,72.0,51.0,70.0,2571,200.06,72266209913574
1186.0,1,0.00,51.0,54.0,54.0,39.0,53.0,1122,49.83,41932477223266
1186.0,2,0.00,55.0,68.0,68.0,42.0,57.0,1206,50.19,37840522212585
1186.0,3,0.00,57.0,70.0,70.0,44.0,59.0,1291,49.20,38250834722900
1191.0,0,100.00,70.0,72.0,72.0,51.0,69.0,2782,199.26,72267341722717
1191.0,1,0.00,52.0,54.0,54.0,39.0,53.0,1122,50.02,41932760816101
1191.0,2,0.00,55.0,68.0,68.0,42.0,57.0,1249,50.24,37840807085205
1192.0,3,0.00,57.0,70.0,70.0,43.0,59.0,1280,49.29,38251114209106
1197.0,0,,70.0,72.0,72.0,51.0,70.0,2791,200.13,72268476440795
1197.0,1,0.00,51.0,54.0,54.0,39.0,53.0,1110,49.54,41933042197998
1197.0,2,0.00,55.0,68.0,68.0,42.0,57.0,1237,50.38,37841093245056
1197.0,3,0.00,57.0,70.0,70.0,44.0,59.0,1257,49.04,38251392773742
1203.0,0,,69.0,72.0,72.0,52.0,70.0,2570,200.37,72269614568054
1203.0,1,0.00,51.0,54.0,54.0,39.0,53.0,1121,49.81,41933324622924
1203.0,2,0.00,55.0,68.0,68.0,42.0,57.0,1205,50.27,37841378293090
1203.0,3,0.00,57.0,70.0,70.0,44.0,59.0,1290,49.01,38251671151916
1208.0,0,,70.0,72.0,72.0,51.0,69.0,2772,199.71,72270746951416
1208.0,1,0.00,51.0,54.0,54.0,39.0,53.0,1122,49.92,41933607670104
1208.0,2,0.00,55.0,68.0,68.0,42.0,57.0,1249,50.16,37841662682250
1209.0,3,0.00,57.0,70.0,70.0,44.0,59.0,1303,49.15,38251949815002
1214.0,0,,69.0,72.0,72.0,51.0,69.0,2795,200.06,72271881284606
1214.0,1,0.00,51.0,54.0,54.0,39.0,53.0,1112,50.03,41933891331665
1214.0,2,0.00,55.0,68.0,68.0,42.0,57.0,1249,50.20,37841947842590
1214.0,3,0.00,57.0,70.0,70.0,43.0,59.0,1301,49.35,38252229638549
1220.0,0,,68.0,76.0,76.0,51.0,69.0,2495,183.29,72272922392944
1220.0,1,0.00,51.0,54.0,54.0,39.0,53.0,1121,49.76,41934173962585
1220.0,2,0.00,55.0,68.0,68.0,42.0,57.0,1206,50.21,37842232556396
1220.0,3,0.00,57.0,70.0,70.0,44.0,59.0,1269,49.27,38252509006347
1225.0,0,,68.0,78.0,78.0,51.0,69.0,2242,181.11,72273949275939
1225.0,1,0.00,51.0,54.0,54.0,39.0,53.0,1121,49.90,41934457371826
1226.0,2,0.00,55.0,68.0,68.0,42.0,57.0,1195,50.18,37842517570251
1226.0,3,0.00,57.0,70.0,70.0,43.0,59.0,1301,49.23,38252788646179
1231.0,0,,68.0,80.0,80.0,51.0,69.0,2115,180.92,72274976910705
1231.0,1,0.00,51.0,54.0,54.0,39.0,53.0,1111,50.10,41934741411499
1231.0,2,0.00,55.0,68.0,68.0,42.0,57.0,1206,50.33,37842802959228
1231.0,3,0.00,57.0,70.0,70.0,43.0,59.0,1290,49.34,38253068905212
1237.0,0,,68.0,80.0,80.0,51.0,70.0,2168,181.65,72276006873779
1237.0,1,0.00,51.0,54.0,54.0,39.0,53.0,1111,49.64,41935023341247
1237.0,2,0.00,55.0,68.0,68.0,42.0,57.0,1206,50.30,37843088685546
1237.0,3,0.00,57.0,70.0,70.0,43.0,59.0,1237,49.47,38253349384704
1242.0,0,,71.0,76.0,76.0,52.0,70.0,2283,188.29,72277076349914
1242.0,1,0.00,52.0,54.0,54.0,39.0,53.0,1122,49.82,41935305816528
1243.0,2,0.00,55.0,68.0,68.0,42.0,57.0,1239,50.27,37843373697814
1243.0,3,0.00,57.0,70.0,70.0,43.0,59.0,1270,49.18,38253628256225
1248.0,0,,71.0,74.0,74.0,52.0,70.0,2572,199.59,72278208030700
1248.0,1,0.00,51.0,54.0,54.0,39.0,53.0,1110,49.96,41935589101074
1248.0,2,0.00,55.0,68.0,68.0,42.0,57.0,1237,50.07,37843658072265
1248.0,3,0.00,57.0,70.0,70.0,43.0,59.0,1280,49.05,38253906833618
1254.0,0,,71.0,74.0,74.0,52.0,71.0,2786,200.34,72279347938354
1254.0,1,0.00,52.0,54.0,54.0,39.0,53.0,1120,49.86,41935872803039
1254.0,2,0.00,55.0,68.0,68.0,42.0,57.0,1173,50.27,37843943624877
1254.0,3,0.00,57.0,70.0,70.0,43.0,59.0,1267,49.35,38254187159667
1259.0,0,,71.0,74.0,74.0,52.0,71.0,2802,199.87,72280481179504
1259.0,1,0.00,51.0,54.0,54.0,39.0,53.0,1121,49.81,41936155201782
1260.0,2,0.00,55.0,68.0,68.0,42.0,57.0,1248,50.23,37844228420593
1260.0,3,0.00,57.0,70.0,70.0,43.0,59.0,1269,49.00,38254465481933
1265.0,0,,71.0,74.0,74.0,52.0,70.0,2795,199.71,72281613555175
1265.0,1,0.00,51.0,54.0,54.0,39.0,53.0,1112,49.90,41936438110229
1265.0,2,0.00,55.0,68.0,68.0,42.0,57.0,1260,50.15,37844512781555
1265.0,3,0.00,57.0,70.0,70.0,43.0,59.0,1292,49.20,38254743959167
1271.0,0,,70.0,74.0,74.0,52.0,70.0,2814,200.54,72282750616271
1271.0,1,0.00,51.0,54.0,54.0,39.0,53.0,1121,50.00,41936721586730
1271.0,2,0.00,55.0,68.0,68.0,42.0,57.0,1217,50.10,37844797321838
1271.0,3,0.00,57.0,70.0,70.0,43.0,59.0,1290,49.24,38255023627624
1276.0,0,,70.0,74.0,72.0,52.0,70.0,2801,199.70,72283884894042
1276.0,1,0.00,51.0,54.0,54.0,39.0,53.0,1111,49.80,41937004437805
1277.0,2,0.00,55.0,68.0,68.0,42.0,57.0,1205,50.44,37845083299133
1277.0,3,0.00,57.0,70.0,70.0,44.0,59.0,1269,49.30,38255303626464
1282.0,0,,71.0,72.0,72.0,51.0,70.0,2805,200.15,72285019729553
1282.0,1,0.00,52.0,54.0,54.0,39.0,53.0,1112,49.66,41937286020263
1282.0,2,0.00,55.0,68.0,68.0,42.0,57.0,1207,50.12,37845367494323
1282.0,3,0.00,57.0,70.0,70.0,43.0,59.0,1303,49.00,38255580940917
1288.0,0,,70.0,72.0,72.0,52.0,70.0,2804,200.02,72286153838378
1288.0,1,0.00,51.0,54.0,54.0,39.0,53.0,1111,49.98,41937569417663
1288.0,2,0.00,55.0,68.0,68.0,42.0,57.0,1227,50.09,37845652019775
1288.0,3,0.00,57.0,70.0,70.0,43.0,59.0,1269,49.09,38255859773620
1293.0,0,,70.0,72.0,72.0,52.0,69.0,2706,199.24,72287285540100
1293.0,1,0.00,51.0,54.0,54.0,39.0,53.0,1121,49.88,41937852758789
1294.0,2,0.00,55.0,68.0,68.0,42.0,57.0,1227,50.26,37845937002624
1294.0,3,0.00,57.0,70.0,70.0,43.0,59.0,1269,49.34,38256139529541
1299.0,0,,71.0,72.0,72.0,52.0,70.0,2642,200.44,72288424011779
1299.0,1,0.00,51.0,54.0,54.0,39.0,53.0,1121,49.73,41938135240478
1299.0,2,0.00,55.0,68.0,68.0,42.0,57.0,1205,50.39,37846223202026
1299.0,3,0.00,57.0,70.0,70.0,43.0,59.0,1300,49.08,38256418324401
1305.0,0,,70.0,72.0,72.0,51.0,70.0,2791,200.40,72289560284362
1305.0,1,0.00,51.0,54.0,54.0,39.0,53.0,1110,49.91,41938418257446
1305.0,2,0.00,55.0,68.0,68.0,42.0,57.0,1195,50.15,37846507564331
1305.0,3,0.00,57.0,70.0,70.0,43.0,59.0,1301,49.09,38256696665527
1310.0,0,,70.0,72.0,72.0,51.0,70.0,2802,199.86,72290695501647
1310.0,1,0.00,51.0,54.0,54.0,39.0,53.0,1121,49.95,41938701990234
1311.0,2,0.00,55.0,68.0,68.0,42.0,57.0,1247,50.16,37846792492065
1311.0,3,0.00,57.0,70.0,70.0,44.0,59.0,1299,49.13,38256976210083
1316.0,0,,71.0,72.0,72.0,52.0,70.0,2527,199.60,72291829203552
1316.0,1,0.00,51.0,54.0,54.0,39.0,53.0,1121,49.96,41938985746948
1316.0,2,0.00,55.0,68.0,68.0,42.0,57.0,1248,50.32,37847078283447
1316.0,3,0.00,57.0,70.0,70.0,43.0,59.0,1281,49.32,38257255873535
1322.0,0,,70.0,72.0,72.0,51.0,70.0,2752,200.18,72292962203430
1322.0,1,0.00,51.0,54.0,54.0,39.0,53.0,1112,49.67,41939267349426
1322.0,2,0.00,55.0,68.0,68.0,42.0,57.0,1196,50.17,37847362747192
1322.0,3,0.00,57.0,70.0,70.0,43.0,59.0,1270,48.98,38257533575805
1327.0,0,,70.0,72.0,72.0,51.0,69.0,2804,199.85,72294097354797
1328.0,1,0.00,51.0,54.0,54.0,39.0,53.0,1122,49.97,41939550695129
1328.0,2,0.00,55.0,68.0,68.0,42.0,57.0,1206,50.11,37847646849975
1328.0,3,0.00,57.0,70.0,70.0,43.0,59.0,1291,49.17,38257812396972
1333.0,0,,69.0,72.0,72.0,51.0,69.0,2781,200.06,72295231667175
1333.0,1,0.00,51.0,54.0,54.0,39.0,53.0,1120,50.01,41939834257934
1333.0,2,0.00,55.0,68.0,68.0,42.0,57.0,1216,50.19,37847931937561
1333.0,3,0.00,57.0,70.0,70.0,43.0,59.0,1300,49.21,38258091934631
1339.0,0,,69.0,72.0,72.0,51.0,69.0,2537,200.21,72296368837158
1339.0,1,0.00,51.0,54.0,54.0,39.0,53.0,1111,49.67,41940116356994
1339.0,2,0.00,55.0,68.0,68.0,42.0,57.0,1196,50.44,37848217914489
1339.0,3,0.00,57.0,70.0,70.0,43.0,59.0,1249,49.42,38258372131347
1344.0,0,,70.0,72.0,72.0,51.0,70.0,2760,199.73,72297501290344
1345.0,1,0.00,52.0,54.0,54.0,39.0,53.0,1121,49.85,41940399027526
1345.0,2,0.00,55.0,68.0,68.0,42.0,57.0,1206,50.04,37848502167358
1345.0,3,0.00,57.0,70.0,70.0,43.0,59.0,1280,48.98,38258650344238
1350.0,0,,70.0,72.0,72.0,51.0,70.0,2803,200.07,72298637666442
1350.0,1,0.00,51.0,54.0,54.0,39.0,53.0,1122,49.96,41940682815673
1350.0,2,0.00,55.0,68.0,68.0,42.0,57.0,1249,50.16,37848786582031
1351.0,3,0.00,57.0,70.0,70.0,43.0,59.0,1301,49.21,38258929389709
1356.0,0,,69.0,72.0,72.0,51.0,69.0,2741,199.56,72299769193969
1356.0,1,0.00,52.0,54.0,54.0,39.0,53.0,1111,49.89,41940965665466
1356.0,2,0.00,55.0,68.0,68.0,42.0,57.0,1228,50.35,37849072058898
1356.0,3,0.00,57.0,70.0,70.0,43.0,59.0,1271,49.34,38259209161682
1361.0,0,,71.0,72.0,72.0,51.0,70.0,2530,200.65,72300904891174
1362.0,1,0.00,51.0,54.0,54.0,39.0,53.0,1112,49.74,41941247194335
1362.0,2,0.00,55.0,68.0,68.0,42.0,57.0,1229,50.46,37849357681274
1362.0,3,0.00,57.0,70.0,70.0,44.0,59.0,1292,49.08,38259486981445
1367.0,0,,71.0,72.0,72.0,52.0,70.0,2761,199.65,72302038882507
1367.0,1,0.00,51.0,54.0,54.0,39.0,53.0,1122,49.74,41941529741638
1367.0,2,0.00,55.0,68.0,68.0,42.0,57.0,1205,50.01,37849641730041
1368.0,3,0.00,57.0,70.0,70.0,44.0,59.0,1300,49.00,38259765296264
1373.0,0,,67.0,76.0,76.0,51.0,69.0,2705,186.42,72303097766540
1373.0,1,0.00,51.0,54.0,54.0,39.0,53.0,1110,50.03,41941813932250
1373.0,2,0.00,55.0,68.0,68.0,42.0,57.0,1237,50.16,37849926616210
1373.0,3,0.00,57.0,70.0,70.0,43.0,59.0,1300,49.21,38260044828735
1378.0,0,,68.0,78.0,78.0,51.0,69.0,2294,181.17,72304124997863
1379.0,1,0.00,51.0,54.0,54.0,39.0,53.0,1120,49.90,41942097362976
1379.0,2,0.00,55.0,68.0,68.0,42.0,57.0,1227,50.29,37850212268981
1379.0,3,0.00,57.0,70.0,70.0,43.0,59.0,1269,49.33,38260325017150
1384.0,0,,68.0,80.0,78.0,51.0,69.0,2126,180.68,72305151277709
1384.0,1,0.00,51.0,54.0,54.0,39.0,53.0,1122,49.81,41942379782775
1384.0,2,0.00,55.0,68.0,68.0,42.0,57.0,1207,50.13,37850496509460
1385.0,3,0.00,57.0,70.0,70.0,43.0,59.0,1271,49.18,38260603873413
1390.0,0,,68.0,80.0,80.0,51.0,69.0,2105,181.24,72306178917846
1390.0,1,0.00,51.0,54.0,54.0,39.0,53.0,1111,50.01,41942663319152
1390.0,2,0.00,55.0,68.0,68.0,42.0,57.0,1184,50.22,37850781264404
1390.0,3,0.00,57.0,70.0,70.0,43.0,59.0,1290,49.20,38260883344421
1395.0,0,,71.0,78.0,78.0,52.0,71.0,2262,185.09,72307230226074
1396.0,1,0.00,51.0,54.0,54.0,39.0,53.0,1121,49.90,41942946768493
1396.0,2,0.00,55.0,68.0,68.0,42.0,57.0,1206,50.30,37851066959899
1396.0,3,0.00,57.0,70.0,70.0,43.0,59.0,1269,49.44,38261163649230
1401.0,0,,71.0,76.0,76.0,52.0,71.0,2467,200.02,72308364328857
1401.0,1,0.00,51.0,54.0,54.0,39.0,53.0,1122,49.71,41943228606018
1401.0,2,0.00,55.0,68.0,68.0,42.0,57.0,1207,50.38,37851352611938
1402.0,3,0.00,57.0,70.0,70.0,43.0,59.0,1271,49.30,38261443171203
1407.0,0,,70.0,74.0,74.0,52.0,70.0,2752,200.20,72309497447937
1407.0,1,0.00,51.0,54.0,54.0,39.0,53.0,1112,49.78,41943510839294
1407.0,2,0.00,55.0,68.0,68.0,42.0,57.0,1228,50.07,37851636523010
1407.0,3,0.00,57.0,70.0,70.0,43.0,59.0,1270,48.99,38261720972167
1412.0,0,,71.0,74.0,74.0,52.0,70.0,2805,199.67,72310629587341
1413.0,1,0.00,51.0,54.0,54.0,39.0,53.0,1122,50.02,41943794455078
1413.0,2,0.00,55.0,68.0,68.0,42.0,57.0,1207,50.15,37851920864624
1413.0,3,0.00,57.0,70.0,70.0,43.0,59.0,1271,49.18,38261999833312
1418.0,0,,71.0,74.0,74.0,52.0,70.0,2805,199.91,72311763050537
1418.0,1,0.00,51.0,54.0,54.0,39.0,53.0,1122,49.87,41944077223571
1418.0,2,0.00,55.0,68.0,68.0,42.0,57.0,1249,50.38,37852206512634
1419.0,3,0.00,57.0,70.0,70.0,44.0,59.0,1270,49.32,38262279481567
1424.0,0,,71.0,74.0,72.0,52.0,70.0,2803,200.26,72312900506286
1424.0,1,0.00,52.0,54.0,54.0,39.0,53.0,1110,49.76,41944359356140
1424.0,2,0.00,55.0,68.0,68.0,42.0,57.0,1248,50.40,37852492273071
1424.0,3,0.00,57.0,70.0,70.0,43.0,58.0,1280,49.07,38262557712829
1429.0,0,,71.0,72.0,72.0,51.0,70.0,2802,200.13,72314035247436
1430.0,1,0.00,51.0,54.0,54.0,39.0,53.0,1122,49.98,41944642721069
1430.0,2,0.00,55.0,68.0,68.0,42.0,57.0,1249,50.10,37852776321716
1430.0,3,0.00,57.0,70.0,70.0,43.0,59.0,1281,49.02,38262836167419
1435.0,0,,70.0,72.0,72.0,51.0,69.0,2804,199.64,72315167186523
1435.0,1,0.00,51.0,54.0,54.0,39.0,53.0,1122,49.97,41944926559082
1435.0,2,0.00,55.0,68.0,68.0,42.0,57.0,1259,50.26,37853061775939
1436.0,3,0.00,57.0,70.0,70.0,44.0,59.0,1269,49.32,38263115784240
1441.0,0,,70.0,72.0,72.0,51.0,70.0,2794,199.60,72316300895263
1441.0,1,0.00,51.0,54.0,54.0,39.0,53.0,1112,49.64,41945208026611
1441.0,2,0.00,55.0,68.0,68.0,42.0,57.0,1239,50.36,37853347303649
1441.0,3,0.00,57.0,70.0,70.0,44.0,59.0,1281,49.28,38263395200073
1446.0,0,,71.0,72.0,72.0,51.0,70.0,2804,200.48,72317437639038
1447.0,1,0.00,51.0,54.0,54.0,39.0,53.0,1122,49.81,41945490426818
1447.0,2,0.00,55.0,68.0,68.0,42.0,57.0,1249,50.07,37853631187072
1447.0,3,0.00,57.0,70.0,70.0,44.0,59.0,1291,49.42,38263675432922
1452.0,0,,70.0,72.0,72.0,51.0,70.0,2624,199.79,72318570450988
1452.0,1,0.00,51.0,54.0,54.0,39.0,53.0,1111,49.83,41945772938476
1452.0,2,0.00,55.0,68.0,68.0,42.0,57.0,1259,50.11,37853915338012
1453.0,3,0.00,57.0,70.0,70.0,43.0,59.0,1301,49.08,38263953708496
1458.0,0,,70.0,72.0,72.0,51.0,69.0,2772,199.87,72319703734497
1458.0,1,0.00,51.0,54.0,54.0,39.0,53.0,1111,49.93,41946056027099
1458.0,2,0.00,55.0,68.0,68.0,42.0,57.0,1206,50.25,37854200745117
1458.0,3,0.00,57.0,70.0,70.0,43.0,59.0,1301,49.20,38264233178649
1464.0,0,,70.0,72.0,72.0,51.0,70.0,2719,200.72,72320841823852
1464.0,1,0.00,51.0,54.0,54.0,39.0,53.0,1111,49.64,41946338001220
1464.0,2,0.00,55.0,68.0,68.0,42.0,57.0,1196,50.32,37854486037841
1464.0,3,0.00,57.0,70.0,70.0,43.0,59.0,1270,49.27,38264512541503
1469.0,0,,70.0,72.0,72.0,51.0,70.0,2580,199.85,72321976995483
1469.0,1,0.00,51.0,54.0,54.0,39.0,53.0,1121,49.94,41946621170715
1469.0,2,0.00,55.0,68.0,68.0,42.0,57.0,1248,50.00,37854770058410
1470.0,3,0.00,57.0,70.0,70.0,43.0,59.0,1258,49.03,38264791037963
1475.0,0,,70.0,72.0,72.0,51.0,69.0,2772,200.17,72323111982421
1475.0,1,0.00,51.0,54.0,54.0,39.0,53.0,1111,49.93,41946904767272
1475.0,2,0.00,55.0,68.0,68.0,42.0,57.0,1207,50.23,37855054837402
1475.0,3,0.00,57.0,70.0,70.0,43.0,59.0,1302,49.27,38265070424499
1481.0,0,,70.0,72.0,72.0,51.0,70.0,2805,199.51,72324243206054
1481.0,1,0.00,52.0,54.0,54.0,39.0,53.0,1123,49.95,41947187499389
1481.0,2,0.00,55.0,68.0,68.0,42.0,57.0,1196,50.35,37855340306152
1481.0,3,0.00,57.0,70.0,70.0,43.0,59.0,1271,49.28,38265349866027
1486.0,0,,69.0,72.0,72.0,51.0,69.0,2604,200.12,72325377869384
1486.0,1,0.00,51.0,54.0,54.0,39.0,53.0,1122,49.80,41947469850952
1486.0,2,0.00,55.0,68.0,68.0,42.0,57.0,1250,50.36,37855625337463
1487.0,3,0.00,57.0,70.0,70.0,43.0,59.0,1291,48.98,38265627558715
1492.0,0,,70.0,72.0,72.0,51.0,69.0,2677,199.70,72326512173950
1492.0,1,0.00,52.0,54.0,54.0,39.0,53.0,1111,49.78,41947752621459
1492.0,2,0.00,55.0,68.0,68.0,42.0,57.0,1249,50.03,37855909515808
1492.0,3,0.00,57.0,70.0,70.0,43.0,59.0,1303,49.05,38265905690307
1498.0,0,,70.0,72.0,72.0,51.0,70.0,2796,200.35,72327646165527
1498.0,1,0.00,51.0,54.0,54.0,39.0,53.0,1113,49.81,41948034533996
1498.0,2,0.00,55.0,68.0,68.0,42.0,57.0,1229,50.35,37856194499633
1498.0,3,0.00,57.0,70.0,70.0,43.0,59.0,1292,49.35,38266185000915
1503.0,0,,70.0,72.0,72.0,51.0,69.0,2786,199.90,72328779591369
1503.0,1,0.00,51.0,54.0,54.0,39.0,53.0,1123,49.84,41948317123962
1504.0,2,0.00,55.0,68.0,68.0,42.0,57.0,1239,50.28,37856479587280
1504.0,3,0.00,57.0,70.0,70.0,44.0,59.0,1303,49.28,38266464415100
1509.0,0,,71.0,72.0,72.0,52.0,70.0,2571,199.52,72329910880798
1509.0,1,0.00,51.0,54.0,54.0,39.0,53.0,1111,49.85,41948599785644
1509.0,2,0.00,55.0,68.0,68.0,42.0,57.0,1238,50.04,37856763333923
1509.0,3,0.00,57.0,70.0,70.0,43.0,59.0,1301,49.03,38266742427490
1515.0,0,,68.0,72.0,72.0,51.0,69.0,2771,200.85,72331049728515
1515.0,1,0.00,51.0,54.0,54.0,39.0,53.0,1121,50.00,41948883270446
1515.0,2,0.00,55.0,68.0,68.0,42.0,57.0,1259,50.24,37857048213378
1515.0,3,0.00,57.0,70.0,70.0,43.0,59.0,1291,49.20,38267021415100
1520.0,0,,69.0,72.0,72.0,51.0,69.0,2804,200.01,72332183785827
1520.0,1,0.00,51.0,54.0,54.0,39.0,53.0,1122,49.91,41949166265625
1521.0,2,0.00,55.0,68.0,68.0,42.0,57.0,1227,50.26,37857333702819
1521.0,3,0.00,57.0,70.0,70.0,43.0,59.0,1302,49.24,38267301076782
1526.0,0,,68.0,76.0,76.0,51.0,69.0,2518,189.11,72333257950805
1526.0,1,0.00,51.0,54.0,54.0,39.0,53.0,1111,49.56,41949447782104
1526.0,2,0.00,55.0,68.0,68.0,42.0,57.0,1175,50.23,37857618482543
1526.0,3,0.00,57.0,70.0,70.0,43.0,59.0,1301,49.21,38267580104125
1532.0,0,,68.0,78.0,78.0,51.0,69.0,2358,181.46,72334286825500
1532.0,1,0.00,51.0,54.0,54.0,39.0,53.0,1121,49.92,41949730829406
1532.0,2,0.00,55.0,68.0,68.0,42.0,57.0,1248,50.13,37857902732910
1532.0,3,0.00,57.0,70.0,70.0,43.0,59.0,1291,49.13,38267859164733
1537.0,0,,68.0,78.0,80.0,51.0,69.0,2126,181.12,72335313768737
1537.0,1,0.00,51.0,54.0,54.0,39.0,53.0,1121,49.82,41950013784240
1538.0,2,0.00,55.0,68.0,68.0,42.0,56.0,1248,50.20,37858187858764
1538.0,3,0.00,57.0,70.0,70.0,43.0,59.0,1280,49.30,38268138679321
1543.0,0,,68.0,80.0,80.0,51.0,70.0,2126,181.13,72336342597290
1543.0,1,0.00,51.0,54.0,54.0,39.0,53.0,1111,49.97,41950297102600
1543.0,2,0.00,55.0,68.0,68.0,42.0,57.0,1195,50.35,37858473322998
1543.0,3,0.00,57.0,70.0,70.0,43.0,59.0,1258,49.38,38268419147949
1549.0,0,,68.0,80.0,80.0,51.0,70.0,2273,181.49,72337373439208
1549.0,1,0.00,51.0,54.0,54.0,39.0,53.0,1120,49.83,41950580127380
1549.0,2,0.00,55.0,68.0,68.0,42.0,57.0,1237,50.27,37858758851013
1549.0,3,0.00,57.0,70.0,70.0,43.0,59.0,1268,49.10,38268698044006
1554.0,0,0.00,64.0,80.0,80.0,49.0,66.0,2242,77.05,72337810323730
1554.0,1,0.00,51.0,54.0,54.0,39.0,53.0,1121,49.91,41950863638366
1555.0,2,0.00,55.0,68.0,68.0,42.0,57.0,1206,50.21,37859044053100
1555.0,3,0.00,57.0,70.0,70.0,43.0,58.0,1280,49.01,38268975958740
1560.0,0,0.00,63.0,80.0,80.0,48.0,65.0,1714,58.57,72338143006713
1560.0,1,0.00,51.0,54.0,54.0,39.0,53.0,1111,50.03,41951147305480
1560.0,2,0.00,55.0,68.0,68.0,42.0,57.0,1227,50.37,37859329632690
1560.0,3,0.00,57.0,70.0,70.0,43.0,58.0,1270,49.18,38269254791992
1566.0,0,0.00,62.0,80.0,80.0,47.0,64.0,1514,58.18,72338472906677
1566.0,1,0.00,51.0,54.0,54.0,39.0,53.0,1123,49.70,41951429115844
1566.0,2,0.00,55.0,68.0,68.0,42.0,57.0,1208,50.18,37859614145935
1566.0,3,0.00,56.0,70.0,70.0,43.0,58.0,1272,49.06,38269532945373
1571.0,0,62.30,67.0,68.0,68.0,49.0,67.0,1492,89.72,72338981606872
1571.0,1,0.00,51.0,54.0,54.0,39.0,52.0,1121,49.95,41951712353698
1572.0,2,0.00,55.0,68.0,68.0,42.0,57.0,1227,50.04,37859897856811
1572.0,3,0.00,56.0,70.0,70.0,43.0,58.0,1279,48.84,38269809845886
1577.0,0,,69.0,70.0,70.0,51.0,69.0,1662,199.98,72340115470458
1577.0,1,0.00,51.0,54.0,54.0,39.0,53.0,1111,49.75,41951994922241
1577.0,2,0.00,55.0,68.0,68.0,42.0,57.0,1206,50.20,37860183017456
1577.0,3,0.00,56.0,70.0,70.0,43.0,58.0,1280,49.04,38270088408081
1583.0,0,,71.0,70.0,70.0,51.0,70.0,2199,199.74,72341249991271
1583.0,1,0.00,51.0,54.0,54.0,39.0,53.0,1112,49.75,41952276987976
1583.0,2,0.00,55.0,68.0,68.0,42.0,57.0,1195,50.29,37860468166625
1583.0,3,0.00,56.0,70.0,70.0,43.0,58.0,1270,49.26,38270367724060
1588.0,0,,71.0,70.0,70.0,52.0,70.0,2508,200.18,72342385020324
1588.0,1,0.00,51.0,54.0,54.0,39.0,53.0,1121,49.83,41952559551940
1589.0,2,0.00,55.0,68.0,68.0,42.0,57.0,1228,50.23,37860752946044
1589.0,3,0.00,56.0,70.0,70.0,43.0,58.0,1280,49.16,38270646467285
1594.0,0,,70.0,72.0,70.0,52.0,70.0,2771,200.05,72343519309448
1594.0,1,0.00,51.0,54.0,54.0,39.0,53.0,1111,49.82,41952842503356
1594.0,2,0.00,55.0,68.0,68.0,42.0,57.0,1248,50.12,37861037629821
1594.0,3,0.00,56.0,70.0,70.0,43.0,58.0,1270,48.94,38270924428955
1600.0,0,,70.0,72.0,72.0,51.0,69.0,2805,200.33,72344655195251
1600.0,1,0.00,51.0,54.0,54.0,39.0,53.0,1112,50.01,41953125531921
1600.0,2,0.00,55.0,68.0,68.0,42.0,57.0,1239,50.29,37861322792175
1600.0,3,0.00,57.0,70.0,70.0,43.0,58.0,1271,49.23,38271203588623
1605.0,0,,69.0,70.0,72.0,51.0,69.0,2803,199.63,72345789096191
1605.0,1,0.00,51.0,54.0,54.0,39.0,53.0,1121,49.85,41953408657592
1606.0,2,0.00,55.0,68.0,68.0,42.0,57.0,1227,50.21,37861607462402
1606.0,3,0.00,56.0,70.0,70.0,43.0,58.0,1279,49.27,38271482931213
1611.0,0,,71.0,72.0,72.0,51.0,70.0,2558,199.69,72346921365234
1611.0,1,0.00,52.0,54.0,54.0,39.0,53.0,1110,49.69,41953690918090
1611.0,2,0.00,55.0,68.0,68.0,42.0,57.0,1205,50.01,37861891493774
1611.0,3,0.00,57.0,70.0,70.0,43.0,59.0,1280,48.80,38271760134399
1617.0,0,,71.0,72.0,72.0,52.0,70.0,2728,199.96,72348057113708
1617.0,1,0.00,51.0,54.0,54.0,39.0,52.0,1111,49.83,41953973430541
1617.0,2,0.00,55.0,68.0,68.0,42.0,56.0,1227,50.27,37862176520629
1617.0,3,0.00,57.0,70.0,70.0,43.0,59.0,1269,49.13,38272038707946
1622.0,0,,70.0,72.0,72.0,51.0,69.0,2794,200.08,72349191569519
1622.0,1,0.00,51.0,54.0,54.0,39.0,53.0,1121,49.87,41954256179504
1623.0,2,0.00,55.0,68.0,68.0,42.0,57.0,1217,50.16,37862461417663
1623.0,3,0.00,57.0,70.0,70.0,43.0,59.0,1280,49.12,38272317682861
1628.0,0,,71.0,72.0,72.0,51.0,69.0,2718,199.76,72350324232360
1628.0,1,0.00,51.0,54.0,54.0,39.0,53.0,1122,49.80,41954539024536
1628.0,2,0.00,55.0,68.0,68.0,42.0,57.0,1196,50.26,37862746419189
1628.0,3,0.00,57.0,70.0,70.0,43.0,59.0,1280,49.20,38272596668029
1634.0,0,100.00,67.0,74.0,74.0,51.0,69.0,2581,196.13,72351438229309
1634.0,1,0.00,51.0,54.0,54.0,39.0,53.0,1111,49.93,41954822121948
1634.0,2,0.00,55.0,68.0,68.0,42.0,57.0,1196,50.16,37863030834167
1634.0,3,0.00,57.0,70.0,70.0,43.0,59.0,1269,49.06,38272874825500
1639.0,0,,67.0,74.0,74.0,50.0,68.0,2391,157.88,72352333428771
1640.0,1,0.00,51.0,54.0,54.0,39.0,53.0,1121,50.07,41955106035644
1640.0,2,0.00,55.0,68.0,68.0,42.0,57.0,1206,50.33,37863316702392
1640.0,3,0.00,56.0,70.0,70.0,43.0,58.0,1270,49.32,38273154983337
1645.0,0,,67.0,76.0,76.0,50.0,68.0,2085,161.12,72353246969360
1645.0,1,0.00,51.0,54.0,54.0,39.0,53.0,1122,49.99,41955389993225
1645.0,2,0.00,55.0,68.0,68.0,42.0,57.0,1249,50.38,37863602344665
1645.0,3,0.00,57.0,70.0,70.0,43.0,59.0,1280,49.48,38273435542236
1651.0,0,,67.0,76.0,76.0,51.0,69.0,1933,161.99,72354167062744
1651.0,1,0.00,51.0,54.0,54.0,39.0,53.0,1109,49.84,41955673098449
1651.0,2,0.00,55.0,68.0,68.0,42.0,57.0,1236,50.33,37863888231140
1651.0,3,0.00,56.0,70.0,70.0,43.0,58.0,1268,49.15,38273714709899
1656.0,0,,67.0,76.0,78.0,51.0,69.0,2063,161.89,72355086609863
1657.0,1,0.00,51.0,54.0,54.0,39.0,53.0,1121,50.00,41955956608764
1657.0,2,0.00,55.0,68.0,68.0,42.0,57.0,1227,50.26,37864173211364
1657.0,3,0.00,56.0,70.0,70.0,43.0,58.0,1280,49.20,38273994158630
1662.0,0,100.00,70.0,74.0,74.0,52.0,70.0,2116,174.43,72356075604980
1662.0,1,0.00,51.0,54.0,54.0,39.0,53.0,1121,49.95,41956239846069
1662.0,2,0.00,55.0,68.0,68.0,42.0,57.0,1206,50.23,37864458528076
1663.0,3,0.00,56.0,70.0,70.0,43.0,58.0,1280,49.35,38274273965087
1668.0,0,100.00,71.0,74.0,74.0,52.0,70.0,2441,199.83,72357210618164
1668.0,1,0.00,52.0,54.0,54.0,39.0,53.0,1110,49.85,41956523007995
1668.0,2,0.00,55.0,68.0,68.0,42.0,57.0,1195,50.28,37864743628234
1668.0,3,0.00,56.0,70.0,70.0,43.0,58.0,1269,49.11,38274552890014
1673.0,0,,69.0,72.0,72.0,52.0,70.0,2760,199.52,72358343894042
1674.0,1,0.00,51.0,54.0,54.0,39.0,53.0,1121,49.79,41956805797302
1674.0,2,0.00,55.0,68.0,68.0,42.0,57.0,1206,50.09,37865028134155
1674.0,3,0.00,56.0,70.0,70.0,43.0,58.0,1269,48.96,38274830492919
1679.0,0,,70.0,72.0,72.0,51.0,70.0,2804,200.31,72359479631652
1679.0,1,0.00,51.0,54.0,54.0,39.0,53.0,1122,49.90,41957088706848
1679.0,2,0.00,55.0,68.0,68.0,42.0,57.0,1207,50.25,37865313066528
1680.0,3,0.00,56.0,70.0,70.0,43.0,59.0,1281,49.13,38275109039123
1685.0,0,,70.0,72.0,72.0,51.0,69.0,2801,200.39,72360615847473
1685.0,1,0.00,51.0,54.0,54.0,39.0,53.0,1110,49.88,41957372003479
1685.0,2,0.00,55.0,68.0,68.0,42.0,56.0,1237,50.19,37865598139648
1685.0,3,0.00,56.0,70.0,70.0,43.0,59.0,1268,49.31,38275389109313
1690.0,0,,71.0,72.0,72.0,51.0,70.0,2802,199.19,72361747269104
1691.0,1,0.00,51.0,54.0,54.0,39.0,53.0,1121,49.81,41957654444702
1691.0,2,0.00,55.0,68.0,68.0,42.0,57.0,1259,50.27,37865883163940
1691.0,3,0.00,56.0,70.0,70.0,43.0,59.0,1280,49.14,38275668213928
1696.0,0,,70.0,72.0,72.0,51.0,69.0,2804,200.16,72362882175659
1696.0,1,0.00,51.0,54.0,54.0,39.0,53.0,1122,49.69,41957936185180
1696.0,2,0.00,55.0,68.0,68.0,42.0,57.0,1249,50.16,37866167592224
1697.0,3,0.00,57.0,70.0,70.0,43.0,59.0,1281,48.93,38275945650756
1702.0,0,,70.0,72.0,72.0,52.0,70.0,2803,200.34,72364018107604
1702.0,1,0.00,51.0,54.0,54.0,39.0,53.0,1111,49.82,41958219161743
1702.0,2,0.00,55.0,68.0,68.0,42.0,57.0,1174,50.17,37866452532897
1702.0,3,0.00,57.0,70.0,70.0,43.0,59.0,1269,49.24,38276224830749
1707.0,0,,70.0,72.0,72.0,51.0,69.0,2687,199.49,72365151208557
1708.0,1,0.00,51.0,54.0,54.0,39.0,53.0,1122,49.88,41958501992553
1708.0,2,0.00,55.0,68.0,68.0,42.0,57.0,1249,50.20,37866737142272
1708.0,3,0.00,57.0,70.0,70.0,43.0,59.0,1271,49.24,38276503995178
1713.0,0,,70.0,72.0,72.0,51.0,69.0,2657,199.92,72366284742248
1713.0,1,0.00,51.0,54.0,54.0,39.0,52.0,1122,49.81,41958784401062
1713.0,2,0.00,55.0,68.0,68.0,42.0,57.0,1238,50.38,37867022802856
1714.0,3,0.00,57.0,70.0,70.0,43.0,59.0,1280,48.98,38276781728759
1719.0,0,,70.0,72.0,72.0,51.0,69.0,2792,200.00,72367418751464
1719.0,1,0.00,51.0,54.0,54.0,39.0,53.0,1111,49.84,41959067021728
1719.0,2,0.00,55.0,68.0,68.0,42.0,57.0,1174,50.17,37867307777709
1719.0,3,0.00,57.0,70.0,70.0,43.0,59.0,1280,49.07,38277060431335
1724.0,0,,70.0,72.0,72.0,51.0,69.0,2803,200.82,72368557413879
1725.0,1,0.00,52.0,54.0,54.0,39.0,53.0,1121,49.93,41959350623352
1725.0,2,0.00,55.0,68.0,68.0,42.0,57.0,1206,50.20,37867592429870
1725.0,3,0.00,57.0,70.0,70.0,43.0,59.0,1269,49.28,38277339868469
1730.0,0,,70.0,72.0,72.0,51.0,69.0,2548,200.10,72369693954406
1730.0,1,0.00,51.0,54.0,54.0,39.0,53.0,1121,49.94,41959633795532
1730.0,2,0.00,55.0,68.0,68.0,42.0,57.0,1206,50.19,37867877503784
1731.0,3,0.00,57.0,70.0,70.0,43.0,59.0,1280,49.15,38277619061706
1736.0,0,,70.0,72.0,72.0,51.0,70.0,2623,199.57,72370827515747
1736.0,1,0.00,51.0,54.0,54.0,39.0,52.0,1111,49.65,41959915813293
1736.0,2,0.00,55.0,68.0,68.0,42.0,57.0,1238,50.22,37868162234191
1736.0,3,0.00,57.0,70.0,70.0,43.0,59.0,1280,48.95,38277896627746
1742.0,0,,70.0,72.0,72.0,51.0,70.0,2780,199.81,72371960418884
1742.0,1,0.00,51.0,54.0,54.0,39.0,52.0,1121,49.74,41960197864440
1742.0,2,0.00,55.0,68.0,68.0,42.0,57.0,1227,50.22,37868447008361
1742.0,3,0.00,57.0,70.0,70.0,43.0,59.0,1260,49.21,38278175652099
1747.0,0,,69.0,72.0,72.0,51.0,69.0,2804,200.27,72373095964233
1747.0,1,0.00,51.0,54.0,54.0,39.0,52.0,1122,49.88,41960480711242
1747.0,2,0.00,55.0,68.0,68.0,42.0,57.0,1206,50.09,37868731533874
1748.0,3,0.00,57.0,70.0,70.0,43.0,59.0,1270,49.19,38278455072631
1753.0,0,,71.0,72.0,72.0,51.0,69.0,2624,199.92,72374229532592
1753.0,1,0.00,51.0,54.0,54.0,39.0,53.0,1112,49.54,41960762106750
1753.0,2,0.00,55.0,58.0,58.0,42.0,57.0,1239,50.36,37869017096374
1753.0,3,0.00,57.0,70.0,70.0,43.0,59.0,1281,49.25,38278734300415
1759.0,0,,70.0,72.0,72.0,51.0,69.0,2709,199.76,72375362180053
1759.0,1,0.00,51.0,54.0,54.0,39.0,53.0,1111,49.79,41961044394958
1759.0,2,0.00,55.0,58.0,58.0,42.0,57.0,1227,50.21,37869301765502
1759.0,3,0.00,57.0,70.0,70.0,43.0,59.0,1270,49.09,38279012623474
1764.0,0,,71.0,72.0,72.0,51.0,70.0,2794,199.90,72376497584533
1764.0,1,0.00,51.0,54.0,54.0,39.0,53.0,1122,49.91,41961327383422
1764.0,2,0.00,55.0,58.0,58.0,42.0,57.0,1207,50.15,37869586111022
1765.0,3,0.00,57.0,70.0,70.0,43.0,59.0,1280,49.24,38279291801208
1770.0,0,,70.0,72.0,72.0,52.0,70.0,2675,199.88,72377630884948
1770.0,1,0.00,51.0,54.0,54.0,39.0,52.0,1110,50.05,41961611151367
1770.0,2,0.00,55.0,58.0,58.0,42.0,57.0,1174,50.25,37869871045410
1770.0,3,0.00,57.0,70.0,70.0,43.0,59.0,1280,49.18,38279571160278
1776.0,0,,69.0,72.0,72.0,51.0,69.0,2666,200.70,72378768827758
1776.0,1,0.00,51.0,54.0,54.0,39.0,53.0,1122,49.70,41961893433959
1776.0,2,0.00,55.0,58.0,58.0,42.0,57.0,1249,50.36,37870157077087
1776.0,3,0.00,57.0,70.0,70.0,43.0,59.0,1259,48.96,38279848779724
1781.0,0,,70.0,72.0,72.0,51.0,69.0,2792,199.38,72379901310913
1781.0,1,0.00,51.0,54.0,54.0,39.0,53.0,1122,49.70,41962175226562
1782.0,2,0.00,55.0,58.0,58.0,42.0,56.0,1228,50.18,37870441573364
1782.0,3,0.00,57.0,70.0,70.0,43.0,59.0,1280,49.10,38280127196289
1787.0,0,100.00,70.0,72.0,72.0,51.0,69.0,2773,200.00,72381035307800
1787.0,1,0.00,51.0,54.0,54.0,39.0,53.0,1111,49.98,41962458622375
1787.0,2,0.00,55.0,58.0,58.0,42.0,57.0,1195,50.19,37870726132202
1787.0,3,0.00,57.0,70.0,70.0,43.0,59.0,1290,49.20,38280406639831
1793.0,0,,67.0,78.0,78.0,51.0,69.0,2442,178.75,72382050591674
1793.0,1,0.00,51.0,54.0,54.0,39.0,52.0,1121,49.77,41962741338989
1793.0,2,0.00,55.0,58.0,58.0,42.0,57.0,1248,50.24,37871011507507
1793.0,3,0.00,57.0,70.0,70.0,44.0,59.0,1269,49.36,38280686531921
1798.0,0,,68.0,78.0,78.0,51.0,69.0,2158,180.99,72383076820983
1798.0,1,0.00,51.0,54.0,54.0,39.0,53.0,1121,49.84,41963023929809
1799.0,2,0.00,55.0,58.0,58.0,42.0,57.0,1237,50.19,37871296583679
1799.0,3,0.00,57.0,70.0,70.0,43.0,59.0,1280,49.08,38280965323364
1804.0,0,,68.0,80.0,80.0,51.0,70.0,2106,181.07,72384103509033
1804.0,1,0.00,51.0,54.0,54.0,39.0,53.0,1111,49.90,41963306853576
1804.0,2,0.00,55.0,58.0,58.0,42.0,57.0,1228,50.19,37871581171813
1804.0,3,0.00,57.0,70.0,70.0,43.0,59.0,1271,49.33,38281245016235
1810.0,0,100.00,68.0,80.0,80.0,51.0,69.0,2201,181.57,72385133035766
1810.0,1,0.00,51.0,54.0,54.0,39.0,53.0,1122,49.95,41963590550720
1810.0,2,0.00,55.0,58.0,58.0,42.0,57.0,1249,50.28,37871866286865
1810.0,3,0.00,57.0,70.0,70.0,43.0,59.0,1270,49.37,38281524956542
1815.0,0,,71.0,76.0,76.0,52.0,70.0,2326,192.29,72386225250610
1815.0,1,0.00,51.0,54.0,54.0,39.0,52.0,1121,49.87,41963873297546
1816.0,2,0.00,55.0,58.0,58.0,42.0,57.0,1247,50.52,37872152748596
1816.0,3,0.00,57.0,70.0,70.0,43.0,59.0,1279,49.33,38281805165832
1821.0,0,100.00,71.0,74.0,74.0,52.0,71.0,2643,199.64,72387359197875
1821.0,1,0.00,51.0,54.0,54.0,39.0,53.0,1111,49.69,41964155520019
1821.0,2,0.00,55.0,58.0,58.0,42.0,57.0,1195,50.11,37872437378051
1821.0,3,0.00,57.0,70.0,70.0,43.0,59.0,1280,49.08,38282083425170
1827.0,0,,71.0,74.0,74.0,52.0,71.0,2795,200.58,72388494464294
1827.0,1,0.00,51.0,54.0,54.0,39.0,53.0,1122,49.78,41964437779418
1827.0,2,0.00,55.0,58.0,58.0,42.0,57.0,1206,50.16,37872721787414
1827.0,3,0.00,57.0,70.0,70.0,43.0,59.0,1270,49.26,38282362711547
1832.0,0,,71.0,74.0,74.0,51.0,70.0,2803,199.39,72389627018188
1832.0,1,0.00,51.0,54.0,54.0,39.0,53.0,1122,50.02,41964721366394
1833.0,2,0.00,55.0,58.0,58.0,42.0,57.0,1207,50.28,37873006892456
1833.0,3,0.00,57.0,70.0,70.0,43.0,59.0,1270,49.15,38282641373168
1838.0,0,,70.0,72.0,74.0,51.0,70.0,2803,200.32,72390762824096
1838.0,1,0.00,51.0,54.0,54.0,39.0,52.0,1111,49.61,41965002650573
1838.0,2,0.00,55.0,58.0,58.0,42.0,57.0,1227,50.22,37873291665893
1838.0,3,0.00,57.0,70.0,70.0,43.0,59.0,1280,48.91,38282919163024
1844.0,0,,70.0,72.0,72.0,51.0,70.0,2814,199.63,72391894713073
1844.0,1,0.00,51.0,54.0,54.0,39.0,53.0,1121,49.78,41965285390380
1844.0,2,0.00,55.0,58.0,58.0,42.0,57.0,1206,50.03,37873575827270
1844.0,3,0.00,57.0,70.0,70.0,43.0,59.0,1269,49.21,38283198200805
1849.0,0,,69.0,72.0,72.0,51.0,69.0,2803,200.17,72393031706787
1849.0,1,0.00,51.0,54.0,54.0,39.0,53.0,1121,50.08,41965569371337
1850.0,2,0.00,55.0,58.0,58.0,42.0,57.0,1185,50.21,37873860537048
1850.0,3,0.00,57.0,70.0,70.0,43.0,59.0,1280,49.33,38283477911560
1855.0,0,,70.0,72.0,72.0,51.0,69.0,2802,199.79,72394164497497
1855.0,1,0.00,51.0,54.0,54.0,39.0,53.0,1111,49.85,41965852503234
1855.0,2,0.00,55.0,58.0,58.0,42.0,57.0,1248,50.34,37874146452331
1855.0,3,0.00,57.0,70.0,70.0,44.0,59.0,1270,49.19,38283757303588
1861.0,0,,69.0,72.0,72.0,51.0,69.0,2815,200.46,72395301128906
1861.0,1,0.00,51.0,54.0,54.0,39.0,53.0,1122,49.75,41966134557617
1861.0,2,0.00,55.0,58.0,58.0,42.0,57.0,1249,50.16,37874430848510
1861.0,3,0.00,57.0,70.0,70.0,43.0,59.0,1280,49.10,38284035685607
1866.0,0,,71.0,72.0,72.0,51.0,70.0,2612,199.61,72396434892089
1866.0,1,0.00,51.0,54.0,54.0,39.0,53.0,1111,49.81,41966416953247
1867.0,2,0.00,55.0,58.0,58.0,42.0,56.0,1206,50.14,37874715163330
1867.0,3,0.00,57.0,70.0,70.0,43.0,59.0,1302,49.16,38284314442932
1872.0,0,,70.0,72.0,72.0,51.0,70.0,2781,200.20,72397572044555
1872.0,1,0.00,51.0,54.0,54.0,39.0,53.0,1110,49.98,41966700834838
1872.0,2,0.00,55.0,58.0,58.0,42.0,57.0,1226,50.23,37875000460937
1872.0,3,0.00,57.0,70.0,70.0,43.0,59.0,1279,49.20,38284593873413
1878.0,0,,70.0,72.0,72.0,51.0,70.0,2802,200.32,72398707852783
1878.0,1,0.00,51.0,54.0,54.0,39.0,53.0,1111,49.64,41966982287231
1878.0,2,0.00,55.0,58.0,58.0,42.0,57.0,1206,50.39,37875286159240
1878.0,3,0.00,57.0,70.0,70.0,43.0,59.0,1270,48.93,38284871309875
1883.0,0,,70.0,72.0,72.0,51.0,70.0,2603,199.92,72399841404785
1883.0,1,0.00,51.0,54.0,54.0,39.0,53.0,1122,49.82,41967264785461
1884.0,2,0.00,55.0,58.0,58.0,42.0,57.0,1196,50.07,37875570047485
1884.0,3,0.00,57.0,70.0,70.0,44.0,59.0,1270,49.07,38285150012817
1889.0,0,,71.0,72.0,72.0,51.0,70.0,2634,199.87,72400974691833
1889.0,1,0.00,51.0,54.0,54.0,39.0,53.0,1111,49.96,41967548544311
1889.0,2,0.00,55.0,58.0,58.0,42.0,57.0,1206,50.10,37875854615661
1889.0,3,0.00,57.0,70.0,70.0,43.0,59.0,1280,49.36,38285429859985
1895.0,0,100.00,69.0,72.0,72.0,51.0,69.0,2793,199.85,72402109847595
1895.0,1,0.00,51.0,54.0,54.0,39.0,53.0,1111,50.02,41967832148559
1895.0,2,0.00,55.0,58.0,58.0,42.0,57.0,1238,50.41,37876140453613
1895.0,3,0.00,57.0,70.0,70.0,43.0,59.0,1270,49.28,38285709295532
1900.0,0,,69.0,72.0,72.0,51.0,69.0,2802,200.05,72403244144531
1901.0,1,0.00,51.0,54.0,54.0,39.0,53.0,1122,49.74,41968114183532
1901.0,2,0.00,55.0,58.0,58.0,42.0,57.0,1258,50.13,37876425177917
1901.0,3,0.00,57.0,70.0,70.0,43.0,59.0,1269,48.97,38285987458007
1906.0,0,,71.0,72.0,72.0,52.0,70.0,2569,199.90,72404379555236
1906.0,1,0.00,51.0,54.0,54.0,39.0,53.0,1110,49.74,41968396731140
1906.0,2,0.00,55.0,58.0,58.0,42.0,57.0,1249,50.13,37876709388549
1906.0,3,0.00,57.0,70.0,70.0,43.0,59.0,1301,49.11,38286266405883
1912.0,0,,70.0,72.0,72.0,51.0,70.0,2770,199.68,72405513719482
1912.0,1,0.00,51.0,54.0,54.0,39.0,52.0,1110,49.80,41968679579345
1912.0,2,0.00,55.0,58.0,58.0,42.0,57.0,1216,50.22,37876994656127
1912.0,3,0.00,57.0,70.0,70.0,44.0,59.0,1291,49.35,38286546236206
1917.0,0,,70.0,72.0,72.0,51.0,70.0,2804,200.40,72406649978637
1918.0,1,0.00,51.0,54.0,54.0,39.0,53.0,1122,49.71,41968961420532
1918.0,2,0.00,55.0,58.0,58.0,42.0,57.0,1227,50.41,37877280500793
1918.0,3,0.00,57.0,70.0,70.0,43.0,59.0,1280,49.24,38286825402648
1923.0,0,,70.0,72.0,72.0,51.0,70.0,2665,200.17,72407784967346
1923.0,1,0.00,52.0,54.0,54.0,39.0,53.0,1111,49.63,41969242821655
1923.0,2,0.00,55.0,58.0,58.0,42.0,57.0,1238,50.05,37877564292236
1924.0,3,0.00,57.0,70.0,70.0,44.0,59.0,1270,48.97,38287103542724
1929.0,0,,70.0,72.0,72.0,51.0,70.0,2634,199.05,72408915543701
1929.0,1,0.00,51.0,54.0,54.0,39.0,53.0,1111,49.91,41969526285888
1929.0,2,0.00,55.0,58.0,58.0,42.0,57.0,1249,50.09,37877848816711
1929.0,3,0.00,57.0,70.0,70.0,43.0,59.0,1291,49.30,38287383080444
1934.0,0,,71.0,72.0,72.0,51.0,70.0,2790,200.79,72410054048706
1935.0,1,0.00,52.0,54.0,54.0,39.0,53.0,1120,50.09,41969810291381
1935.0,2,0.00,55.0,58.0,58.0,42.0,57.0,1205,50.30,37878134517272
1935.0,3,0.00,57.0,70.0,70.0,43.0,59.0,1300,49.26,38287662857421
1940.0,0,,70.0,72.0,72.0,51.0,70.0,2707,199.85,72411189186767
1940.0,1,0.00,51.0,54.0,54.0,39.0,53.0,1121,49.69,41970092542480
1940.0,2,0.00,55.0,58.0,58.0,42.0,57.0,1206,50.44,37878420520080
1941.0,3,0.00,57.0,70.0,70.0,44.0,59.0,1291,48.99,38287940654235
1946.0,0,,68.0,78.0,76.0,51.0,69.0,2508,181.90,72412220557250
1946.0,1,0.00,52.0,54.0,54.0,39.0,53.0,1110,49.80,41970375408874
1946.0,2,0.00,55.0,58.0,58.0,42.0,57.0,1195,50.06,37878704842163
1946.0,3,0.00,57.0,70.0,70.0,43.0,59.0,1269,49.25,38288220390747
1951.0,0,,68.0,78.0,78.0,51.0,69.0,2230,180.99,72413248552062
1952.0,1,0.00,51.0,54.0,54.0,39.0,53.0,1121,50.03,41970659097167
1952.0,2,0.00,55.0,58.0,58.0,42.0,57.0,1206,50.30,37878990030395
1952.0,3,0.00,57.0,70.0,70.0,43.0,59.0,1291,49.35,38288500178527
1957.0,0,,68.0,80.0,78.0,51.0,69.0,2114,181.25,72414276261169
1957.0,1,0.00,51.0,54.0,54.0,39.0,53.0,1121,49.83,41970942104370
1957.0,2,0.00,55.0,58.0,58.0,42.0,57.0,1248,50.37,37879276153747
1958.0,3,0.00,57.0,70.0,70.0,43.0,59.0,1279,49.29,38288780127075
1963.0,0,,69.0,80.0,80.0,51.0,70.0,2149,181.41,72415304874694
1963.0,1,0.00,51.0,54.0,54.0,39.0,53.0,1111,49.72,41971224000305
1963.0,2,0.00,55.0,58.0,58.0,42.0,57.0,1238,50.06,37879559995666
1963.0,3,0.00,57.0,70.0,70.0,43.0,59.0,1269,49.17,38289058938476
1968.0,0,,71.0,76.0,76.0,52.0,70.0,2272,189.35,72416380369750
1969.0,1,0.00,51.0,54.0,54.0,39.0,53.0,1121,49.90,41971507435607
1969.0,2,0.00,55.0,58.0,58.0,42.0,57.0,1227,50.14,37879844803405
1969.0,3,0.00,57.0,70.0,70.0,43.0,59.0,1281,49.24,38289338647399
1974.0,0,,70.0,74.0,76.0,52.0,70.0,2580,199.91,72417515837951
1974.0,1,0.00,51.0,54.0,54.0,39.0,52.0,1121,50.06,41971791281005
1974.0,2,0.00,55.0,58.0,58.0,42.0,57.0,1227,50.36,37880130346130
1975.0,3,0.00,57.0,70.0,70.0,43.0,59.0,1269,49.23,38289617804321
1980.0,0,,71.0,74.0,74.0,52.0,71.0,2784,199.93,72418649435363
1980.0,1,0.00,51.0,54.0,54.0,39.0,53.0,1111,49.71,41972073112548
1980.0,2,0.00,55.0,58.0,58.0,42.0,57.0,1196,50.37,37880415967529
1980.0,3,0.00,57.0,70.0,70.0,43.0,59.0,1271,49.29,38289897285400
1985.0,0,,71.0,74.0,74.0,52.0,70.0,2804,199.55,72419780893310
1986.0,1,0.00,51.0,54.0,54.0,39.0,53.0,1122,49.74,41972355121337
1986.0,2,0.00,55.0,58.0,58.0,42.0,57.0,1249,50.04,37880699718627
1986.0,3,0.00,57.0,70.0,70.0,43.0,59.0,1281,49.12,38290175770874
1991.0,0,,70.0,74.0,74.0,51.0,70.0,2805,200.27,72420916437500
1991.0,1,0.00,51.0,54.0,54.0,39.0,52.0,1122,49.95,41972638352478
1991.0,2,0.00,55.0,58.0,58.0,42.0,57.0,1206,50.24,37880984568664
1992.0,3,0.00,57.0,70.0,70.0,43.0,59.0,1280,49.16,38290455002563
1997.0,0,,71.0,74.0,72.0,52.0,70.0,2802,199.72,72422050859680
1997.0,1,0.00,51.0,54.0,54.0,39.0,53.0,1111,49.81,41972921300903
1997.0,2,0.00,55.0,58.0,58.0,42.0,57.0,1217,50.30,37881270300842
1997.0,3,0.00,57.0,70.0,70.0,43.0,59.0,1269,49.29,38290734454101
2002.0,0,,70.0,72.0,72.0,51.0,70.0,2814,199.83,72423183907836
2003.0,1,0.00,51.0,54.0,54.0,39.0,52.0,1121,49.65,41973202836791
2003.0,2,0.00,55.0,58.0,58.0,42.0,57.0,1259,50.04,37881554012268
2003.0,3,0.00,57.0,70.0,70.0,43.0,59.0,1269,48.98,38291012174560
2008.0,0,,70.0,72.0,72.0,51.0,70.0,2803,200.36,72424319925415
2008.0,1,0.00,52.0,54.0,54.0,39.0,53.0,1111,49.76,41973484976684
2008.0,2,0.00,55.0,58.0,58.0,42.0,57.0,1228,50.10,37881838063354
2009.0,3,0.00,57.0,70.0,70.0,43.0,59.0,1281,49.00,38291290521606
2014.0,0,,71.0,72.0,72.0,51.0,69.0,2804,199.64,72425451881347
2014.0,1,0.00,52.0,54.0,54.0,39.0,53.0,1112,50.05,41973768743835
2014.0,2,0.00,55.0,58.0,58.0,42.0,57.0,1174,50.23,37882123359313
2014.0,3,0.00,57.0,70.0,70.0,44.0,59.0,1280,49.25,38291569755249
2020.0,0,,69.0,72.0,72.0,51.0,69.0,2676,200.65,72426591580261
2020.0,1,0.00,52.0,54.0,54.0,39.0,53.0,1121,49.74,41974051256103
2020.0,2,0.00,55.0,58.0,58.0,42.0,57.0,1206,50.38,37882409019775
2020.0,3,0.00,57.0,70.0,70.0,43.0,59.0,1291,49.29,38291849221862
2025.0,0,,70.0,72.0,72.0,51.0,70.0,2709,199.50,72427722772338
2025.0,1,0.00,51.0,54.0,54.0,39.0,52.0,1112,49.73,41974333241271
2025.0,2,0.00,55.0,58.0,58.0,42.0,57.0,1196,50.00,37882692534362
2026.0,3,0.00,57.0,70.0,70.0,43.0,59.0,1281,49.05,38292127335937
2031.0,0,,70.0,72.0,72.0,51.0,69.0,2794,199.89,72428856120483
2031.0,1,0.00,51.0,54.0,54.0,39.0,53.0,1111,49.93,41974616350341
2031.0,2,0.00,55.0,58.0,58.0,42.0,57.0,1196,50.22,37882977270263
2031.0,3,0.00,57.0,70.0,70.0,43.0,59.0,1270,49.24,38292406504760
2037.0,0,,70.0,72.0,72.0,51.0,69.0,2636,200.52,72429993074035
2037.0,1,0.00,51.0,54.0,54.0,39.0,53.0,1123,49.88,41974899192626
2037.0,2,0.00,55.0,58.0,58.0,42.0,57.0,1249,50.32,37883262591064
2037.0,3,0.00,57.0,70.0,70.0,43.0,59.0,1260,49.19,38292685407592
2042.0,0,,70.0,72.0,72.0,51.0,69.0,2592,200.29,72431128712585
2042.0,1,0.00,51.0,54.0,54.0,39.0,53.0,1122,49.72,41975181131225
2042.0,2,0.00,55.0,58.0,58.0,42.0,57.0,1228,50.25,37883547490539
2043.0,3,0.00,57.0,70.0,70.0,43.0,59.0,1302,49.31,38292964975280
2048.0,0,,70.0,72.0,72.0,51.0,70.0,2793,200.02,72432262805236
2048.0,1,0.00,51.0,54.0,54.0,39.0,53.0,1112,49.70,41975462906677
2048.0,2,0.00,55.0,58.0,58.0,42.0,57.0,1195,50.02,37883831599853
2048.0,3,0.00,57.0,70.0,70.0,43.0,59.0,1300,49.06,38293243624877
2054.0,0,,69.0,72.0,72.0,51.0,69.0,2798,199.50,72433397967041
2054.0,1,0.00,51.0,54.0,54.0,39.0,52.0,1119,49.94,41975747041320
2054.0,2,0.00,55.0,58.0,58.0,42.0,57.0,1237,50.26,37884117065673
2054.0,3,0.00,57.0,70.0,70.0,43.0,59.0,1268,49.26,38293523400085
2059.0,0,,71.0,72.0,72.0,51.0,70.0,2602,200.18,72434532999145
2059.0,1,0.00,51.0,54.0,54.0,39.0,53.0,1122,49.95,41976030284057
2060.0,2,0.00,55.0,58.0,58.0,42.0,57.0,1248,50.40,37884402822692
2060.0,3,0.00,57.0,70.0,70.0,43.0,59.0,1270,49.25,38293802637390
2065.0,0,100.00,70.0,72.0,72.0,52.0,70.0,2678,199.93,72435666630004
2065.0,1,0.00,51.0,54.0,54.0,39.0,52.0,1111,49.75,41976312358520
2065.0,2,0.00,55.0,58.0,58.0,42.0,57.0,1175,50.06,37884686646484
2065.0,3,0.00,57.0,70.0,70.0,43.0,59.0,1302,49.08,38294080898010
2071.0,0,,69.0,72.0,72.0,51.0,69.0,2797,199.94,72436800266296
2071.0,1,0.00,51.0,54.0,54.0,39.0,53.0,1124,49.88,41976594677124
2071.0,2,0.00,55.0,58.0,58.0,42.0,57.0,1240,50.10,37884970739196
2071.0,3,0.00,57.0,70.0,70.0,43.0,59.0,1262,49.12,38294359426025
2076.0,0,,70.0,72.0,72.0,51.0,69.0,2804,199.60,72437931999023
2076.0,1,0.00,51.0,54.0,54.0,39.0,52.0,1111,49.93,41976878282714
2077.0,2,0.00,55.0,58.0,58.0,42.0,57.0,1238,50.32,37885256063598
2077.0,3,0.00,57.0,70.0,70.0,44.0,59.0,1291,49.19,38294638356445
2082.0,0,,71.0,72.0,72.0,51.0,70.0,2571,200.43,72439068421203
2082.0,1,0.00,51.0,54.0,54.0,39.0,53.0,1111,49.64,41977159751403
2082.0,2,0.00,55.0,58.0,58.0,42.0,57.0,1195,50.20,37885541178161
2082.0,3,0.00,57.0,70.0,70.0,43.0,59.0,1300,49.21,38294917879760
2088.0,0,,70.0,72.0,72.0,51.0,69.0,2715,199.90,72440203829650
2088.0,1,0.00,51.0,54.0,54.0,39.0,53.0,1119,49.72,41977442176269
2088.0,2,0.00,55.0,58.0,58.0,42.0,57.0,1236,50.05,37885825440551
2088.0,3,0.00,57.0,58.0,70.0,43.0,59.0,1267,49.11,38295196815368
2093.0,0,,70.0,72.0,72.0,51.0,69.0,2798,200.08,72441340304687
2093.0,1,0.00,51.0,54.0,54.0,39.0,52.0,1120,49.72,41977725086059
2094.0,2,0.00,55.0,58.0,58.0,42.0,57.0,1247,50.24,37886110793762
2094.0,3,0.00,57.0,58.0,58.0,44.0,59.0,1290,49.07,38295475558349
2099.0,0,,67.0,76.0,76.0,51.0,69.0,2668,185.38,72442391425720
2099.0,1,0.00,51.0,54.0,54.0,39.0,53.0,1112,50.05,41978008354187
2099.0,2,0.00,55.0,58.0,58.0,42.0,57.0,1207,50.29,37886395933349
2099.0,3,0.00,57.0,58.0,58.0,44.0,59.0,1260,49.31,38295755169799
2105.0,0,,68.0,78.0,78.0,51.0,69.0,2223,180.94,72443417351928
2105.0,1,0.00,51.0,54.0,54.0,39.0,53.0,1122,49.68,41978290539367
2105.0,2,0.00,55.0,58.0,58.0,42.0,57.0,1239,50.35,37886681411987
2105.0,3,0.00,57.0,58.0,58.0,43.0,59.0,1291,49.19,38296034060363
2110.0,0,,68.0,80.0,78.0,51.0,69.0,2115,180.78,72444444158813
2110.0,1,0.00,51.0,54.0,54.0,39.0,53.0,1111,49.91,41978573533020
2111.0,2,0.00,55.0,58.0,58.0,42.0,57.0,1237,50.22,37886966131042
2111.0,3,0.00,57.0,58.0,58.0,43.0,59.0,1280,49.28,38296313483764
2116.0,0,,68.0,80.0,80.0,51.0,70.0,2127,181.42,72445472829162
2116.0,1,0.00,51.0,54.0,54.0,39.0,53.0,1112,50.00,41978857027770
2116.0,2,0.00,55.0,58.0,58.0,42.0,57.0,1176,50.33,37887251519714
2116.0,3,0.00,57.0,58.0,58.0,44.0,59.0,1260,49.27,38296592816833
2122.0,0,,71.0,78.0,78.0,52.0,70.0,2264,186.28,72446529057678
2122.0,1,0.00,51.0,54.0,54.0,39.0,52.0,1111,49.89,41979139931640
2122.0,2,0.00,55.0,58.0,58.0,42.0,57.0,1227,50.32,37887536850524
2122.0,3,0.00,57.0,58.0,58.0,43.0,59.0,1269,49.29,38296872318847
2127.0,0,,71.0,74.0,76.0,52.0,71.0,2517,199.55,72447662519897
2127.0,1,0.00,51.0,54.0,54.0,39.0,52.0,1121,49.68,41979422137023
2128.0,2,0.00,55.0,58.0,58.0,42.0,57.0,1226,49.98,37887820758789
2128.0,3,0.00,57.0,58.0,58.0,43.0,59.0,1279,48.98,38297150548400
2133.0,0,,72.0,74.0,74.0,52.0,70.0,2771,200.04,72448796725036
2133.0,1,0.00,51.0,54.0,54.0,39.0,53.0,1110,49.78,41979704898742
2133.0,2,0.00,55.0,58.0,58.0,42.0,57.0,1174,50.18,37888105797668
2133.0,3,0.00,57.0,58.0,58.0,43.0,59.0,1269,49.13,38297429584838
2139.0,0,,70.0,74.0,74.0,52.0,70.0,2800,200.02,72449932829162
2139.0,1,0.00,51.0,54.0,54.0,39.0,52.0,1120,49.98,41979988257141
2139.0,2,0.00,55.0,58.0,58.0,42.0,57.0,1205,50.39,37888391512756
2139.0,3,0.00,57.0,58.0,58.0,43.0,59.0,1268,49.22,38297709129150
2144.0,0,,70.0,72.0,72.0,51.0,69.0,2802,199.78,72451067564697
2144.0,1,0.00,51.0,54.0,54.0,39.0,53.0,1111,49.64,41980270192321
2145.0,2,0.00,55.0,58.0,58.0,42.0,57.0,1258,50.23,37888676800598
2145.0,3,0.00,57.0,58.0,58.0,43.0,59.0,1269,49.28,38297989015075
2150.0,0,,71.0,74.0,74.0,52.0,70.0,2807,200.17,72452204551940
2150.0,1,0.00,51.0,54.0,54.0,39.0,53.0,1108,49.80,41980553529235
2150.0,2,0.00,55.0,58.0,58.0,42.0,57.0,1204,50.00,37888961295410
2150.0,3,0.00,57.0,58.0,58.0,43.0,59.0,1278,49.14,38298268151794
2156.0,0,,70.0,72.0,72.0,52.0,70.0,2804,199.62,72453338421752
2156.0,1,0.00,51.0,54.0,54.0,39.0,52.0,1122,49.92,41980836573669
2156.0,2,0.00,55.0,58.0,58.0,42.0,57.0,1207,50.32,37889246600830
2156.0,3,0.00,57.0,58.0,58.0,43.0,59.0,1270,49.21,38298547184326
2161.0,0,,69.0,72.0,72.0,52.0,69.0,2802,200.52,72454475389343
2162.0,1,0.00,51.0,54.0,54.0,39.0,53.0,1122,49.88,41981119400329
2162.0,2,0.00,55.0,58.0,58.0,42.0,57.0,1248,50.25,37889531515197
2162.0,3,0.00,57.0,58.0,58.0,44.0,59.0,1279,49.18,38298826545349
2167.0,0,,71.0,72.0,72.0,51.0,70.0,2810,199.97,72455611221191
2167.0,1,0.00,51.0,54.0,54.0,39.0,53.0,1109,49.54,41981400802429
2167.0,2,0.00,55.0,58.0,58.0,42.0,57.0,1258,50.29,37889817145446
2167.0,3,0.00,57.0,58.0,58.0,43.0,59.0,1301,49.05,38299104633361
2173.0,0,,70.0,72.0,72.0,51.0,69.0,2793,199.42,72456741911926
2173.0,1,0.00,51.0,54.0,54.0,39.0,52.0,1122,49.84,41981683391479
2173.0,2,0.00,55.0,58.0,58.0,42.0,57.0,1238,50.13,37890101896484
2173.0,3,0.00,57.0,58.0,58.0,43.0,59.0,1269,49.09,38299383487121
2178.0,0,,70.0,72.0,72.0,51.0,70.0,2570,200.57,72457881123657
2179.0,1,0.00,51.0,54.0,54.0,39.0,53.0,1121,49.80,41981966227233
2179.0,2,0.00,55.0,58.0,58.0,42.0,57.0,1227,50.32,37890387228942
2179.0,3,0.00,57.0,58.0,58.0,44.0,59.0,1290,49.16,38299662229797
2184.0,0,,70.0,72.0,72.0,51.0,69.0,2772,200.19,72459016193664
2184.0,1,0.00,51.0,54.0,54.0,39.0,52.0,1111,49.77,41982248433044
2184.0,2,0.00,55.0,58.0,58.0,42.0,57.0,1185,50.27,37890672262756
2185.0,3,0.00,57.0,58.0,58.0,43.0,59.0,1279,49.19,38299941604614
2190.0,0,,70.0,72.0,72.0,51.0,70.0,2801,199.92,72460151740844
2190.0,1,0.00,51.0,54.0,54.0,39.0,53.0,1121,49.81,41982531374145
2190.0,2,0.00,55.0,58.0,58.0,42.0,57.0,1195,50.06,37890956630004
2190.0,3,0.00,57.0,58.0,58.0,43.0,59.0,1269,49.15,38300220269287
2195.0,0,,70.0,72.0,72.0,51.0,70.0,2551,200.00,72461285763549
2196.0,1,0.00,51.0,54.0,54.0,39.0,53.0,1122,49.92,41982814400390
2196.0,2,0.00,55.0,58.0,58.0,42.0,56.0,1249,50.28,37891241700805
2196.0,3,0.00,57.0,58.0,58.0,44.0,59.0,1291,49.21,38300499267883
2201.0,0,,70.0,72.0,72.0,51.0,69.0,2729,200.09,72462420263061
2201.0,1,0.00,51.0,54.0,54.0,39.0,53.0,1111,49.93,41983097515930
2201.0,2,0.00,55.0,58.0,58.0,42.0,56.0,1238,50.16,37891526615295
2202.0,3,0.00,57.0,58.0,58.0,43.0,59.0,1280,49.19,38300778654602
2207.0,0,,70.0,72.0,72.0,51.0,69.0,2801,199.40,72463552828063
2207.0,1,0.00,51.0,54.0,54.0,39.0,53.0,1121,49.56,41983379001831
2207.0,2,0.00,55.0,58.0,58.0,42.0,57.0,1216,50.30,37891811824890
2207.0,3,0.00,57.0,58.0,58.0,44.0,59.0,1269,49.27,38301058534545
2212.0,0,,70.0,72.0,72.0,51.0,70.0,2739,200.68,72464690677490
2213.0,1,0.00,51.0,54.0,54.0,39.0,53.0,1121,49.87,41983661736389
2213.0,2,0.00,55.0,58.0,58.0,42.0,57.0,1259,50.15,37892096682189
2213.0,3,0.00,57.0,58.0,58.0,43.0,59.0,1268,49.19,38301337447021
2218.0,0,,71.0,72.0,72.0,51.0,70.0,2663,199.87,72465825948547
2218.0,1,0.00,51.0,54.0,54.0,39.0,53.0,1120,49.87,41983944981994
2218.0,2,0.00,55.0,58.0,58.0,42.0,57.0,1237,50.33,37892382059265
2219.0,3,0.00,57.0,58.0,58.0,44.0,59.0,1280,49.05,38301616065856
2224.0,0,,71.0,72.0,72.0,51.0,70.0,2794,199.51,72466957190368
2224.0,1,0.00,51.0,54.0,54.0,39.0,53.0,1112,49.91,41984227993652
2224.0,2,0.00,55.0,58.0,58.0,42.0,57.0,1176,50.20,37892666682312
2224.0,3,0.00,57.0,58.0,58.0,43.0,59.0,1271,49.31,38301895133728
2229.0,0,,70.0,72.0,72.0,51.0,70.0,2668,200.26,72468092686279
2230.0,1,0.00,52.0,54.0,54.0,39.0,53.0,1122,49.78,41984510254760
2230.0,2,0.00,55.0,58.0,58.0,42.0,57.0,1238,50.03,37892950840881
2230.0,3,0.00,57.0,58.0,58.0,44.0,59.0,1291,49.07,38302173381591
2235.0,0,,70.0,72.0,72.0,51.0,69.0,2772,199.77,72469225380981
2235.0,1,0.00,51.0,54.0,54.0,39.0,53.0,1112,49.85,41984793411254
2235.0,2,0.00,55.0,58.0,58.0,42.0,57.0,1260,50.31,37893235616577
2236.0,3,0.00,57.0,58.0,58.0,44.0,59.0,1302,49.22,38302452473388
2241.0,0,,71.0,72.0,72.0,51.0,70.0,2709,200.39,72470361619018
2241.0,1,0.00,51.0,54.0,54.0,39.0,52.0,1111,49.82,41985075917785
2241.0,2,0.00,55.0,58.0,58.0,42.0,57.0,1196,50.13,37893520364013
2241.0,3,0.00,57.0,58.0,58.0,44.0,59.0,1302,49.19,38302731849365
2246.0,0,,71.0,72.0,72.0,51.0,70.0,2634,199.91,72471495115112
2247.0,1,0.00,51.0,54.0,54.0,39.0,53.0,1112,49.73,41985357862426
2247.0,2,0.00,55.0,58.0,58.0,42.0,57.0,1206,50.25,37893805259948
2247.0,3,0.00,57.0,58.0,58.0,43.0,59.0,1281,49.23,38303011002502
2252.0,0,,68.0,76.0,76.0,51.0,69.0,2729,188.22,72472564212280
2252.0,1,0.00,51.0,54.0,54.0,39.0,52.0,1121,49.80,41985640229064
2252.0,2,0.00,55.0,58.0,58.0,42.0,57.0,1205,50.18,37894089765625
2253.0,3,0.00,57.0,58.0,58.0,44.0,59.0,1269,49.08,38303289287109
2258.0,0,,67.0,78.0,78.0,51.0,69.0,2325,180.88,72473591609436
2258.0,1,0.00,51.0,54.0,54.0,39.0,53.0,1110,49.93,41985923825683
2258.0,2,0.00,55.0,58.0,58.0,42.0,57.0,1226,50.23,37894375056457
2258.0,3,0.00,57.0,58.0,58.0,43.0,59.0,1289,49.25,38303569037597
2263.0,0,,68.0,78.0,78.0,51.0,69.0,2125,181.14,72474618663391
2264.0,1,0.00,51.0,54.0,54.0,39.0,52.0,1121,49.91,41986206797363
2264.0,2,0.00,55.0,58.0,58.0,42.0,57.0,1248,50.18,37894660069702
2264.0,3,0.00,57.0,58.0,58.0,44.0,59.0,1270,49.26,38303848822998
2269.0,0,,68.0,80.0,80.0,51.0,70.0,2095,181.01,72475646793090
2269.0,1,0.00,51.0,54.0,54.0,39.0,53.0,1111,49.73,41986489247680
2269.0,2,0.00,55.0,58.0,58.0,42.0,56.0,1259,50.37,37894945687072
2270.0,3,0.00,57.0,58.0,58.0,43.0,58.0,1269,49.22,38304127918518
2275.0,0,,69.0,80.0,80.0,52.0,69.0,2242,180.73,72476671504028
2275.0,1,0.00,51.0,54.0,54.0,39.0,52.0,1111,49.96,41986772505737
2275.0,2,0.00,55.0,58.0,58.0,42.0,56.0,1196,50.28,37895230779663
2275.0,3,0.00,57.0,58.0,58.0,43.0,59.0,1271,49.23,38304407055175
2281.0,0,,70.0,76.0,76.0,52.0,70.0,2446,201.38,72477813356384
2281.0,1,0.00,51.0,54.0,54.0,39.0,53.0,1112,49.84,41987055110046
2281.0,2,0.00,55.0,58.0,58.0,42.0,57.0,1187,50.15,37895515118652
2281.0,3,0.00,57.0,58.0,58.0,43.0,59.0,1269,49.08,38304685810058
2286.0,0,,70.0,74.0,74.0,52.0,70.0,2769,199.60,72478947096435
2286.0,1,0.00,51.0,54.0,54.0,39.0,53.0,1121,49.87,41987338376342
2286.0,2,0.00,55.0,58.0,58.0,42.0,57.0,1247,50.19,37895800214843
2287.0,3,0.00,57.0,58.0,58.0,43.0,59.0,1269,49.28,38304965217102
2292.0,0,,70.0,74.0,74.0,51.0,70.0,2802,200.52,72480084033996
2292.0,1,0.00,51.0,54.0,54.0,39.0,53.0,1110,49.76,41987620515502
2292.0,2,0.00,55.0,58.0,58.0,42.0,57.0,1195,50.11,37896084866638
2292.0,3,0.00,57.0,58.0,58.0,43.0,59.0,1279,49.01,38305243575134
2298.0,0,,70.0,74.0,72.0,51.0,70.0,2800,199.55,72481217487915
2298.0,1,0.00,51.0,54.0,54.0,39.0,53.0,1120,49.90,41987903933715
2298.0,2,0.00,55.0,58.0,58.0,42.0,57.0,1247,50.23,37896370185363
2298.0,3,0.00,57.0,58.0,58.0,43.0,59.0,1269,49.14,38305522689147
2303.0,0,,70.0,74.0,74.0,52.0,70.0,2801,200.36,72482355525207
2303.0,1,0.00,51.0,54.0,54.0,39.0,53.0,1110,49.78,41988186677917
2304.0,2,0.00,55.0,58.0,58.0,42.0,57.0,1206,50.19,37896654783264
2304.0,3,0.00,57.0,58.0,58.0,43.0,59.0,1269,49.21,38305801688110
2309.0,0,,71.0,72.0,72.0,51.0,70.0,2801,199.77,72483490216125
2309.0,1,0.00,51.0,54.0,54.0,39.0,53.0,1110,49.72,41988469069641
2309.0,2,0.00,55.0,58.0,58.0,42.0,57.0,1184,50.21,37896939988281
2309.0,3,0.00,57.0,58.0,58.0,43.0,59.0,1279,49.32,38306081847778
2315.0,0,,70.0,72.0,72.0,51.0,69.0,2805,199.78,72484622948669
2315.0,1,0.00,51.0,54.0,54.0,39.0,52.0,1112,49.84,41988751690002
2315.0,2,0.00,55.0,58.0,58.0,42.0,57.0,1229,50.19,37897224565673
2315.0,3,0.00,57.0,58.0,58.0,43.0,59.0,1271,49.08,38306360154113
2320.0,0,,69.0,72.0,72.0,51.0,70.0,2807,200.03,72485755130615
2320.0,1,0.00,52.0,54.0,54.0,39.0,53.0,1123,49.97,41989034519042
2321.0,2,0.00,55.0,58.0,58.0,42.0,57.0,1250,50.14,37897508870849
2321.0,3,0.00,57.0,58.0,58.0,43.0,59.0,1281,49.14,38306638785766
2326.0,0,,71.0,72.0,72.0,51.0,70.0,2760,200.28,72486892695007
2326.0,1,0.00,51.0,54.0,54.0,39.0,53.0,1111,49.74,41989317060180
2326.0,2,0.00,55.0,58.0,58.0,42.0,57.0,1206,50.22,37897793613403
2326.0,3,0.00,57.0,58.0,58.0,43.0,59.0,1280,49.32,38306918432922
2332.0,0,,70.0,72.0,72.0,51.0,70.0,2591,199.59,72488024381164
2332.0,1,0.00,51.0,54.0,54.0,39.0,53.0,1121,49.79,41989599351867
2332.0,2,0.00,55.0,58.0,58.0,42.0,57.0,1248,50.42,37898079489013
2332.0,3,0.00,57.0,58.0,58.0,43.0,59.0,1269,49.00,38307196729797
2337.0,0,,70.0,72.0,72.0,51.0,69.0,2782,200.01,72489158413940
2337.0,1,0.00,51.0,54.0,54.0,39.0,53.0,1122,49.79,41989881666748
2338.0,2,0.00,55.0,58.0,58.0,42.0,57.0,1206,50.14,37898364304687
2338.0,3,0.00,57.0,58.0,58.0,43.0,59.0,1270,49.09,38307475080383
2343.0,0,,70.0,72.0,72.0,51.0,70.0,2801,200.49,72490297214233
2343.0,1,0.00,51.0,54.0,54.0,39.0,53.0,1110,49.86,41990164872436
2343.0,2,0.00,55.0,58.0,58.0,42.0,57.0,1227,50.22,37898649043029
2343.0,3,0.00,57.0,58.0,58.0,43.0,59.0,1301,49.18,38307753932312
2349.0,0,,70.0,72.0,72.0,51.0,70.0,2529,200.17,72491432185791
2349.0,1,0.00,51.0,54.0,54.0,39.0,52.0,1121,49.81,41990447780578
2349.0,2,0.00,55.0,58.0,58.0,42.0,57.0,1206,50.18,37898934084777
2349.0,3,0.00,57.0,58.0,58.0,43.0,59.0,1290,49.21,38308033436706
2354.0,0,,70.0,72.0,72.0,52.0,70.0,2748,200.05,72492568472106
2354.0,1,0.00,51.0,54.0,54.0,39.0,53.0,1121,49.86,41990730466064
2355.0,2,0.00,55.0,58.0,58.0,42.0,57.0,1217,50.18,37899218583862
2355.0,3,0.00,57.0,58.0,58.0,43.0,59.0,1280,49.09,38308311802917
2360.0,0,,70.0,72.0,72.0,51.0,70.0,2795,199.33,72493698655578
2360.0,1,0.00,51.0,54.0,54.0,39.0,53.0,1112,49.86,41991013160034
2360.0,2,0.00,55.0,58.0,58.0,42.0,57.0,1196,50.15,37899502952697
2360.0,3,0.00,57.0,58.0,58.0,43.0,59.0,1259,49.19,38308590738403
2366.0,0,,70.0,72.0,72.0,51.0,70.0,2749,200.76,72494836946228
2366.0,1,0.00,51.0,54.0,54.0,39.0,52.0,1121,49.89,41991296060302
2366.0,2,0.00,55.0,58.0,58.0,42.0,57.0,1205,50.13,37899787664001
2366.0,3,0.00,57.0,58.0,58.0,43.0,59.0,1291,49.17,38308870042480
2371.0,0,,69.0,72.0,72.0,51.0,69.0,2593,199.84,72495970059814
2371.0,1,0.00,51.0,54.0,54.0,39.0,52.0,1122,49.70,41991578339233
2372.0,2,0.00,55.0,58.0,58.0,42.0,57.0,1206,50.41,37900073467468
2372.0,3,0.00,57.0,58.0,58.0,43.0,59.0,1290,49.38,38309150003356
2377.0,0,,71.0,72.0,72.0,51.0,70.0,2781,199.82,72497105059265
2377.0,1,0.00,51.0,54.0,54.0,39.0,53.0,1111,49.79,41991860643249
2377.0,2,0.00,55.0,58.0,58.0,42.0,57.0,1228,50.23,37900358286987
2377.0,3,0.00,57.0,58.0,58.0,43.0,59.0,1259,49.14,38309428636413
2383.0,0,,71.0,72.0,72.0,51.0,70.0,2803,200.34,72498240978881
2383.0,1,0.00,51.0,54.0,54.0,39.0,53.0,1120,49.87,41992143928527
2383.0,2,0.00,55.0,58.0,58.0,42.0,57.0,1257,50.13,37900643014526
2383.0,3,0.00,57.0,58.0,58.0,44.0,59.0,1289,49.10,38309708016784
2388.0,0,,70.0,72.0,72.0,51.0,70.0,2600,199.55,72499374437866
2388.0,1,0.00,51.0,54.0,54.0,39.0,53.0,1122,49.89,41992426785766
2389.0,2,0.00,55.0,58.0,58.0,42.0,57.0,1260,50.27,37900928018188
2389.0,3,0.00,57.0,58.0,58.0,44.0,59.0,1281,49.18,38309986888366
2394.0,0,,70.0,72.0,72.0,51.0,70.0,2676,199.92,72500507991027
2394.0,1,0.00,51.0,54.0,54.0,39.0,53.0,1111,49.83,41992709309387
2394.0,2,0.00,55.0,58.0,58.0,42.0,57.0,1238,50.34,37901213973022
2394.0,3,0.00,57.0,58.0,58.0,43.0,59.0,1291,49.09,38310265246643
2400.0,0,,70.0,72.0,72.0,51.0,70.0,2792,199.81,72501642934997
2400.0,1,0.00,51.0,54.0,54.0,39.0,53.0,1121,49.77,41992991985839
2400.0,2,0.00,55.0,58.0,58.0,42.0,57.0,1227,50.15,37901498327148
2400.0,3,0.00,57.0,58.0,58.0,43.0,59.0,1269,49.16,38310543981445
2405.0,0,,67.0,76.0,76.0,51.0,69.0,2729,191.75,72502730172546
2405.0,1,0.00,51.0,54.0,54.0,39.0,52.0,1121,50.01,41993275541320
2406.0,2,0.00,55.0,58.0,58.0,42.0,57.0,1238,50.10,37901782889526
2406.0,3,0.00,57.0,58.0,58.0,44.0,59.0,1270,49.18,38310823300354
2411.0,0,,68.0,78.0,78.0,50.0,69.0,2378,180.92,72503757791931
2411.0,1,0.00,51.0,54.0,54.0,39.0,52.0,1110,49.75,41993558106506
2411.0,2,0.00,55.0,58.0,58.0,42.0,57.0,1204,50.40,37902069143432
2411.0,3,0.00,57.0,58.0,58.0,43.0,59.0,1277,49.43,38311104054504
2417.0,0,,68.0,80.0,80.0,51.0,69.0,2113,180.87,72504785150817
2417.0,1,0.00,51.0,54.0,54.0,39.0,53.0,1120,49.83,41993841126647
2417.0,2,0.00,55.0,58.0,58.0,42.0,57.0,1206,50.21,37902353860656
2417.0,3,0.00,57.0,58.0,58.0,43.0,59.0,1291,49.13,38311383112182
2422.0,0,,68.0,80.0,80.0,51.0,69.0,2104,181.26,72505812916015
2423.0,1,0.00,51.0,54.0,54.0,39.0,53.0,1121,49.76,41994123757568
2423.0,2,0.00,55.0,58.0,58.0,42.0,57.0,1237,50.07,37902638233276
2423.0,3,0.00,57.0,58.0,58.0,43.0,59.0,1280,49.22,38311662196044
2428.0,0,,68.0,80.0,80.0,51.0,70.0,2211,181.35,72506842974426
2428.0,1,0.00,51.0,54.0,54.0,39.0,53.0,1111,49.97,41994407093078
2428.0,2,0.00,55.0,58.0,58.0,42.0,57.0,1196,50.30,37902923459350
2429.0,3,0.00,57.0,58.0,58.0,43.0,59.0,1270,49.29,38311941660705
2434.0,0,,71.0,76.0,76.0,52.0,70.0,2390,198.82,72507970276977
2434.0,1,0.00,51.0,54.0,54.0,39.0,52.0,1121,49.74,41994689613220
2434.0,2,0.00,55.0,58.0,58.0,42.0,57.0,1185,50.31,37903209194519
2434.0,3,0.00,57.0,58.0,58.0,43.0,59.0,1269,49.00,38312219952514
2439.0,0,,71.0,74.0,74.0,52.0,70.0,2759,199.88,72509105593750
2440.0,1,0.00,51.0,54.0,54.0,39.0,52.0,1110,49.87,41994972401794
2440.0,2,0.00,55.0,58.0,58.0,42.0,57.0,1226,50.16,37903493595703
2440.0,3,0.00,57.0,58.0,58.0,43.0,59.0,1280,49.05,38312498566650
2445.0,0,,70.0,74.0,74.0,52.0,71.0,2793,200.10,72510240169250
2445.0,1,0.00,51.0,54.0,54.0,39.0,53.0,1111,49.84,41995255488403
2445.0,2,0.00,55.0,58.0,58.0,42.0,57.0,1227,50.08,37903778075866
2446.0,3,0.00,57.0,58.0,58.0,43.0,59.0,1280,49.20,38312777521789
2451.0,0,,70.0,74.0,74.0,51.0,70.0,2803,199.16,72511371421691
2451.0,1,0.00,51.0,54.0,54.0,39.0,53.0,1111,49.96,41995538754699
2451.0,2,0.00,55.0,58.0,58.0,42.0,57.0,1217,50.38,37904063741333
2451.0,3,0.00,57.0,58.0,58.0,43.0,59.0,1270,49.26,38313056839599
2456.0,0,,70.0,74.0,74.0,52.0,70.0,2795,200.52,72512508353820
2457.0,1,0.00,51.0,54.0,54.0,39.0,53.0,1123,49.77,41995820950134
2457.0,2,0.00,55.0,58.0,58.0,42.0,57.0,1239,50.15,37904348065734
2457.0,3,0.00,57.0,58.0,58.0,44.0,59.0,1271,48.99,38313334624145
2462.0,0,,71.0,72.0,72.0,52.0,70.0,2804,199.91,72513641851440
2462.0,1,0.00,51.0,54.0,54.0,39.0,53.0,1111,49.75,41996103043212
2462.0,2,0.00,55.0,58.0,58.0,42.0,57.0,1174,50.10,37904632154846
2463.0,3,0.00,57.0,58.0,58.0,43.0,59.0,1279,49.03,38313613093750
2468.0,0,,71.0,72.0,72.0,52.0,70.0,2801,199.61,72514773662109
2468.0,1,0.00,51.0,54.0,54.0,39.0,53.0,1121,49.85,41996386210815
2468.0,2,0.00,55.0,58.0,58.0,42.0,57.0,1238,50.15,37904917033020
2468.0,3,0.00,57.0,58.0,58.0,43.0,59.0,1270,49.22,38313892148986
2473.0,0,,70.0,72.0,72.0,51.0,70.0,2805,200.35,72515909630187
2474.0,1,0.00,51.0,54.0,54.0,39.0,53.0,1122,49.76,41996668349792
2474.0,2,0.00,55.0,58.0,58.0,42.0,57.0,1227,50.39,37905202743103
2474.0,3,0.00,57.0,58.0,58.0,43.0,59.0,1291,49.33,38314171843444
2479.0,0,,70.0,72.0,72.0,51.0,69.0,2790,199.64,72517043605895
2479.0,1,0.00,51.0,54.0,54.0,39.0,53.0,1111,49.82,41996950841735
2479.0,2,0.00,55.0,58.0,58.0,42.0,57.0,1195,50.07,37905487157165
2480.0,3,0.00,57.0,58.0,58.0,44.0,59.0,1280,49.48,38314452872985
2485.0,0,,70.0,72.0,72.0,51.0,70.0,2632,200.36,72518181636291
2485.0,1,0.00,51.0,54.0,54.0,39.0,53.0,1121,49.86,41997234026123
2485.0,2,0.00,55.0,58.0,58.0,42.0,57.0,1237,50.18,37905771688232
2485.0,3,0.00,57.0,58.0,58.0,43.0,59.0,1290,49.21,38314731867553
2490.0,0,,71.0,72.0,72.0,51.0,70.0,2782,200.20,72519316753540
2491.0,1,0.00,51.0,54.0,54.0,39.0,52.0,1121,49.97,41997517369628
2491.0,2,0.00,55.0,58.0,58.0,42.0,57.0,1258,50.31,37906057443664
2491.0,3,0.00,57.0,58.0,58.0,43.0,59.0,1300,49.25,38315011625793
2496.0,0,,70.0,72.0,72.0,51.0,69.0,2791,200.10,72520453333740
2496.0,1,0.00,51.0,54.0,54.0,39.0,52.0,1110,49.62,41997799226867
2496.0,2,0.00,55.0,58.0,58.0,42.0,57.0,1237,50.44,37906343449096
2497.0,3,0.00,57.0,58.0,58.0,43.0,59.0,1300,48.94,38315289623352
2502.0,0,,71.0,72.0,72.0,51.0,70.0,2527,199.64,72521585299560
2502.0,1,0.00,51.0,54.0,54.0,39.0,53.0,1110,49.72,41998081617248
2502.0,2,0.00,55.0,58.0,58.0,42.0,57.0,1195,50.04,37906627667663
2502.0,3,0.00,57.0,58.0,58.0,43.0,59.0,1269,49.12,38315568106628
2507.0,0,,71.0,72.0,72.0,51.0,70.0,2708,200.23,72522722598693
2508.0,1,0.00,51.0,54.0,54.0,39.0,52.0,1111,49.83,41998364137268
2508.0,2,0.00,55.0,58.0,58.0,42.0,57.0,1206,50.17,37906912131774
2508.0,3,0.00,57.0,58.0,58.0,43.0,59.0,1280,49.11,38315846586853
2513.0,0,,71.0,72.0,72.0,51.0,70.0,2794,199.58,72523854213500
2513.0,1,0.00,51.0,54.0,54.0,39.0,53.0,1122,49.99,41998647576660
2513.0,2,0.00,55.0,58.0,58.0,42.0,57.0,1249,50.37,37907197721069
2514.0,3,0.00,57.0,58.0,58.0,44.0,59.0,1292,49.29,38316126037780
2519.0,0,,69.0,72.0,72.0,51.0,69.0,2737,200.33,72524992086975
2519.0,1,0.00,51.0,54.0,54.0,39.0,53.0,1110,49.77,41998930246215
2519.0,2,0.00,55.0,58.0,58.0,42.0,57.0,1247,50.11,37907482329467
2519.0,3,0.00,57.0,58.0,58.0,43.0,58.0,1268,49.08,38316404830200
2525.0,0,,70.0,72.0,70.0,51.0,69.0,2613,199.54,72526123454772
2525.0,1,0.00,51.0,54.0,54.0,39.0,53.0,1122,49.82,41999212737182
2525.0,2,0.00,55.0,58.0,58.0,42.0,57.0,1217,50.10,37907766424438
2525.0,3,0.00,57.0,58.0,58.0,44.0,59.0,1291,49.05,38316683412841
2530.0,0,,69.0,72.0,72.0,51.0,69.0,2782,200.55,72527260601196
2530.0,1,0.00,51.0,54.0,54.0,39.0,53.0,1121,49.89,41999496117309
2530.0,2,0.00,55.0,58.0,58.0,42.0,57.0,1196,50.24,37908051808776
2531.0,3,0.00,57.0,58.0,58.0,44.0,59.0,1302,49.27,38316962775878
2536.0,0,,70.0,72.0,72.0,51.0,69.0,2802,199.43,72528393370239
2536.0,1,0.00,51.0,54.0,54.0,39.0,53.0,1111,49.67,41999777772399
2536.0,2,0.00,55.0,58.0,58.0,42.0,57.0,1195,50.44,37908337789001
2536.0,3,0.00,57.0,58.0,58.0,43.0,59.0,1269,49.35,38317242608764
2542.0,0,,69.0,72.0,72.0,51.0,69.0,2542,200.31,72529529103881
2542.0,1,0.00,51.0,54.0,54.0,39.0,53.0,1123,49.74,42000059810241
2542.0,2,0.00,55.0,58.0,58.0,42.0,57.0,1208,50.03,37908621443969
2542.0,3,0.00,57.0,58.0,58.0,44.0,59.0,1271,49.02,38317520545166
2547.0,0,,71.0,72.0,72.0,51.0,70.0,2742,199.82,72530662068847
2547.0,1,0.00,51.0,54.0,54.0,39.0,53.0,1122,49.77,42000342032043
2548.0,2,0.00,55.0,58.0,58.0,42.0,57.0,1207,50.14,37908905732666
2548.0,3,0.00,57.0,58.0,58.0,43.0,59.0,1271,49.10,38317798955932
2553.0,0,,70.0,72.0,72.0,51.0,70.0,2804,200.10,72531796635192
2553.0,1,0.00,51.0,54.0,54.0,39.0,53.0,1111,49.82,42000624527832
2553.0,2,0.00,55.0,58.0,58.0,42.0,57.0,1238,50.38,37909191407470
2553.0,3,0.00,57.0,58.0,58.0,43.0,59.0,1270,49.36,38318078830749
2559.0,0,,68.0,74.0,74.0,51.0,69.0,2730,194.64,72532900261901
2559.0,1,0.00,51.0,54.0,54.0,39.0,53.0,1122,49.86,42000907232910
2559.0,2,0.00,55.0,58.0,58.0,42.0,57.0,1258,50.31,37909477140502
2559.0,3,0.00,57.0,58.0,58.0,43.0,59.0,1280,49.02,38318357246704
2564.0,0,,67.0,78.0,78.0,51.0,69.0,2433,181.03,72533928502319
2564.0,1,0.00,52.0,54.0,54.0,39.0,52.0,1111,49.79,42001190055847
2565.0,2,0.00,55.0,58.0,58.0,42.0,57.0,1237,50.18,37909761636901
2565.0,3,0.00,57.0,58.0,58.0,43.0,59.0,1279,49.28,38318636661682
2570.0,0,,68.0,78.0,78.0,51.0,69.0,2134,181.12,72534955430480
2570.0,1,0.00,51.0,54.0,54.0,39.0,53.0,1109,50.00,42001474060119
2570.0,2,0.00,55.0,58.0,58.0,42.0,57.0,1173,50.30,37910047351013
2570.0,3,0.00,57.0,58.0,58.0,43.0,59.0,1268,49.30,38318916677307
2576.0,0,,68.0,80.0,80.0,51.0,69.0,2104,180.97,72535983353271
2576.0,1,0.00,51.0,54.0,54.0,39.0,53.0,1121,49.83,42001756624450
2576.0,2,0.00,55.0,58.0,58.0,42.0,57.0,1206,50.44,37910333340637
2576.0,3,0.00,57.0,58.0,58.0,43.0,59.0,1280,49.34,38319196945129
2581.0,0,,68.0,80.0,80.0,51.0,70.0,2188,181.39,72537013629760
2581.0,1,0.00,51.0,54.0,54.0,39.0,53.0,1121,49.65,42002038657043
2582.0,2,0.00,55.0,58.0,58.0,42.0,57.0,1195,49.98,37910617232604
2582.0,3,0.00,57.0,58.0,58.0,43.0,59.0,1269,49.17,38319475744750
2587.0,0,,70.0,76.0,76.0,52.0,71.0,2337,195.55,72538122383361
2587.0,1,0.00,51.0,54.0,54.0,39.0,53.0,1111,49.82,42002321138671
2587.0,2,0.00,55.0,58.0,58.0,42.0,57.0,1175,50.18,37910901734497
2587.0,3,0.00,57.0,58.0,58.0,43.0,59.0,1270,49.15,38319754448181
2593.0,0,,70.0,74.0,74.0,52.0,70.0,2678,200.03,72539256541381
2593.0,1,0.00,51.0,54.0,54.0,39.0,52.0,1112,49.84,42002603740661
2593.0,2,0.00,55.0,58.0,58.0,42.0,57.0,1249,50.31,37911186967590
2593.0,3,0.00,57.0,58.0,58.0,43.0,59.0,1270,49.21,38320033451354
2598.0,0,,71.0,74.0,74.0,52.0,70.0,2794,200.09,72540391052185
2598.0,1,0.00,51.0,54.0,54.0,39.0,52.0,1121,49.83,42002886294738
2599.0,2,0.00,55.0,58.0,58.0,42.0,57.0,1248,50.28,37911472562316
2599.0,3,0.00,57.0,58.0,58.0,43.0,59.0,1269,49.26,38320313250244
2604.0,0,,71.0,74.0,74.0,52.0,70.0,2802,199.18,72541522375122
2604.0,1,0.00,51.0,54.0,54.0,39.0,53.0,1111,49.73,42003168775634
2604.0,2,0.00,55.0,58.0,58.0,42.0,57.0,1206,50.06,37911756386596
2604.0,3,0.00,57.0,58.0,58.0,43.0,59.0,1280,49.10,38320591656982
2610.0,0,,69.0,74.0,74.0,51.0,70.0,2802,200.93,72542661632812
2610.0,1,0.00,51.0,54.0,54.0,39.0,53.0,1110,50.00,42003452299926
2610.0,2,0.00,55.0,58.0,58.0,42.0,57.0,1184,50.20,37912041514404
2610.0,3,0.00,57.0,58.0,58.0,43.0,59.0,1268,49.16,38320870880981
2615.0,0,,70.0,72.0,72.0,51.0,69.0,2811,199.52,72543794929687
2615.0,1,0.00,51.0,54.0,54.0,39.0,53.0,1121,49.99,42003736240844
2616.0,2,0.00,55.0,58.0,58.0,42.0,57.0,1247,50.43,37912327443359
2616.0,3,0.00,57.0,58.0,58.0,43.0,59.0,1269,49.28,38321150804260
2621.0,0,,70.0,72.0,72.0,51.0,70.0,2801,200.08,72544931391235
2621.0,1,0.00,51.0,54.0,54.0,39.0,53.0,1109,49.55,42004018194396
2621.0,2,0.00,55.0,58.0,58.0,42.0,56.0,1236,49.95,37912611662292
2621.0,3,0.00,57.0,58.0,58.0,44.0,59.0,1279,49.01,38321429163391
2627.0,0,,70.0,72.0,72.0,51.0,69.0,2811,200.10,72546067940185
2627.0,1,0.00,51.0,54.0,54.0,39.0,53.0,1121,49.88,42004300986511
2627.0,2,0.00,55.0,58.0,58.0,42.0,57.0,1248,50.16,37912896080200
2627.0,3,0.00,57.0,58.0,58.0,43.0,59.0,1269,49.15,38321707867736
2632.0,0,,70.0,72.0,72.0,51.0,69.0,2804,199.75,72547200522705
2632.0,1,0.00,51.0,54.0,54.0,39.0,52.0,1112,49.88,42004583803710
2633.0,2,0.00,55.0,58.0,58.0,42.0,57.0,1239,50.31,37913181326477
2633.0,3,0.00,57.0,58.0,58.0,44.0,59.0,1281,49.20,38321986823547
2638.0,0,,70.0,72.0,72.0,51.0,69.0,2666,199.82,72548333504089
2638.0,1,0.00,52.0,54.0,54.0,39.0,53.0,1110,49.56,42004865278808
2638.0,2,0.00,55.0,58.0,58.0,42.0,57.0,1174,50.28,37913466922790
2638.0,3,0.00,57.0,58.0,58.0,44.0,59.0,1280,49.32,38322266940185
2644.0,0,,70.0,72.0,72.0,51.0,69.0,2726,199.80,72549468392700
2644.0,1,0.00,51.0,54.0,54.0,39.0,53.0,1121,49.81,42005147693176
2644.0,2,0.00,55.0,58.0,58.0,42.0,56.0,1248,50.08,37913750897399
2644.0,3,0.00,57.0,58.0,58.0,43.0,59.0,1269,49.11,38322545403503
2649.0,0,,70.0,72.0,72.0,51.0,69.0,2801,200.52,72550607343688
2650.0,1,0.00,51.0,54.0,54.0,39.0,53.0,1121,49.90,42005431150878
2650.0,2,0.00,55.0,58.0,58.0,42.0,57.0,1236,50.20,37914036053161
2650.0,3,0.00,57.0,58.0,58.0,43.0,59.0,1299,49.06,38322824534240
2655.0,0,,70.0,72.0,72.0,51.0,69.0,2567,200.27,72551744874755
2655.0,1,0.00,51.0,54.0,54.0,39.0,53.0,1109,50.00,42005715140380
2655.0,2,0.00,55.0,58.0,58.0,42.0,57.0,1216,50.36,37914322115417
2655.0,3,0.00,57.0,58.0,58.0,43.0,59.0,1301,49.40,38323104653076
2661.0,0,,70.0,72.0,72.0,51.0,70.0,2718,199.90,72552878333435
2661.0,1,0.00,51.0,54.0,54.0,39.0,53.0,1122,49.72,42005997055786
2661.0,2,0.00,55.0,58.0,58.0,42.0,57.0,1217,50.24,37914606977233
2661.0,3,0.00,57.0,58.0,58.0,44.0,59.0,1271,49.04,38323382703430
2666.0,0,,70.0,72.0,72.0,51.0,69.0,2796,199.52,72554009598022
2667.0,1,0.00,51.0,54.0,54.0,39.0,53.0,1113,49.62,42006278406799
2667.0,2,0.00,55.0,58.0,58.0,42.0,57.0,1175,50.03,37914890670166
2667.0,3,0.00,57.0,58.0,58.0,43.0,59.0,1291,48.99,38323660486328
2672.0,0,,69.0,72.0,72.0,51.0,69.0,2761,200.23,72555144878234
2672.0,1,0.00,51.0,54.0,54.0,39.0,53.0,1111,49.99,42006561875427
2672.0,2,0.00,55.0,58.0,58.0,42.0,57.0,1174,50.31,37915175910766
2673.0,3,0.00,57.0,58.0,58.0,43.0,59.0,1301,49.13,38323939565979
2678.0,0,,71.0,72.0,72.0,51.0,70.0,2549,199.97,72556278717224
2678.0,1,0.00,51.0,54.0,54.0,39.0,53.0,1111,49.93,42006844953063
2678.0,2,0.00,55.0,58.0,58.0,42.0,57.0,1249,50.23,37915461241943
2678.0,3,0.00,57.0,58.0,58.0,43.0,59.0,1291,49.29,38324219060913
2683.0,0,,70.0,72.0,72.0,51.0,70.0,2771,199.56,72557412204833
2684.0,1,0.00,51.0,54.0,54.0,39.0,53.0,1121,49.68,42007127155212
2684.0,2,0.00,55.0,58.0,58.0,42.0,57.0,1238,50.04,37915744950866
2684.0,3,0.00,57.0,58.0,58.0,44.0,59.0,1280,49.07,38324497263488
2689.0,0,,70.0,72.0,72.0,51.0,70.0,2803,200.39,72558548421264
2689.0,1,0.00,51.0,54.0,54.0,39.0,53.0,1111,49.90,42007410063598
2689.0,2,0.00,55.0,58.0,58.0,42.0,57.0,1238,50.26,37916029942565
2690.0,3,0.00,57.0,58.0,58.0,43.0,59.0,1270,49.11,38324776225097
2695.0,0,,71.0,72.0,72.0,51.0,70.0,2740,199.64,72559680360473
2695.0,1,0.00,51.0,54.0,54.0,39.0,52.0,1122,50.01,42007693632629
2695.0,2,0.00,55.0,58.0,58.0,42.0,57.0,1249,50.33,37916315309265
2695.0,3,0.00,57.0,58.0,58.0,44.0,59.0,1270,49.35,38325056028442
2700.0,0,,69.0,72.0,72.0,51.0,69.0,2571,200.77,72560818738525
2701.0,1,0.00,51.0,54.0,54.0,39.0,53.0,1122,49.63,42007975512573
2701.0,2,0.00,55.0,58.0,58.0,42.0,57.0,1238,50.18,37916600339416
2701.0,3,0.00,57.0,58.0,58.0,43.0,59.0,1302,49.33,38325335755554
2706.0,0,,70.0,72.0,72.0,51.0,69.0,2772,199.31,72561950825256
2706.0,1,0.00,51.0,54.0,54.0,39.0,53.0,1111,49.67,42008257131164
2706.0,2,0.00,55.0,58.0,58.0,42.0,57.0,1175,50.06,37916884187683
2707.0,3,0.00,57.0,58.0,58.0,43.0,59.0,1302,48.98,38325613443969
2712.0,0,,69.0,72.0,72.0,51.0,69.0,2805,200.30,72563084502441
2712.0,1,0.00,51.0,54.0,54.0,39.0,53.0,1122,49.82,42008539595886
2712.0,2,0.00,55.0,58.0,58.0,42.0,57.0,1228,50.27,37917169236328
2712.0,3,0.00,57.0,58.0,58.0,43.0,59.0,1270,49.18,38325892309997
2717.0,0,,67.0,78.0,76.0,51.0,69.0,2538,178.87,72564100499755
2718.0,1,0.00,52.0,54.0,54.0,39.0,53.0,1111,50.06,42008823448059
2718.0,2,0.00,55.0,58.0,58.0,42.0,57.0,1248,50.36,37917454805297
2718.0,3,0.00,57.0,58.0,58.0,43.0,59.0,1269,49.47,38326172803222
2723.0,0,,67.0,78.0,78.0,51.0,69.0,2180,180.97,72565126591003
2723.0,1,0.00,51.0,54.0,54.0,39.0,53.0,1111,49.67,42009105053527
2723.0,2,0.00,55.0,58.0,58.0,42.0,57.0,1196,50.33,37917740172912
2724.0,3,0.00,57.0,58.0,58.0,43.0,59.0,1301,49.16,38326452029907
2729.0,0,,68.0,80.0,80.0,51.0,70.0,2104,181.24,72566154215515
2729.0,1,0.00,51.0,54.0,54.0,39.0,53.0,1111,49.79,42009387858276
2729.0,2,0.00,55.0,58.0,58.0,42.0,57.0,1206,50.15,37918025020446
2729.0,3,0.00,57.0,58.0,58.0,43.0,59.0,1270,49.24,38326731228332
2734.0,0,,68.0,80.0,80.0,51.0,70.0,2113,181.36,72567184322570
2735.0,1,0.00,51.0,54.0,54.0,39.0,53.0,1120,50.04,42009672109924
2735.0,2,0.00,55.0,58.0,58.0,42.0,57.0,1215,50.35,37918310989685
2735.0,3,0.00,57.0,58.0,58.0,43.0,59.0,1277,49.34,38327011490844
2740.0,0,,71.0,76.0,76.0,52.0,70.0,2293,192.49,72568277639587
2740.0,1,0.00,51.0,54.0,54.0,39.0,53.0,1110,49.79,42009954925354
2740.0,2,0.00,55.0,58.0,58.0,42.0,57.0,1248,50.29,37918596661254
2741.0,3,0.00,57.0,58.0,58.0,43.0,59.0,1270,49.37,38327291903381
2746.0,0,,71.0,74.0,74.0,52.0,71.0,2635,199.37,72569410086730
2746.0,1,0.00,51.0,54.0,54.0,39.0,53.0,1122,49.71,42010236754943
2746.0,2,0.00,55.0,58.0,58.0,42.0,57.0,1218,50.00,37918880186523
2746.0,3,0.00,57.0,58.0,58.0,43.0,59.0,1271,49.05,38327569537963
2751.0,0,,71.0,74.0,74.0,52.0,70.0,2787,200.47,72570544737670
2752.0,1,0.00,51.0,54.0,54.0,39.0,53.0,1113,49.84,42010518865234
2752.0,2,0.00,55.0,58.0,58.0,42.0,57.0,1208,50.26,37919164639221
2752.0,3,0.00,57.0,58.0,58.0,43.0,59.0,1282,49.02,38327847483154
2757.0,0,,71.0,74.0,74.0,52.0,71.0,2804,199.55,72571676203857
2757.0,1,0.00,51.0,54.0,54.0,39.0,53.0,1110,50.01,42010802446533
2757.0,2,0.00,55.0,58.0,58.0,42.0,57.0,1258,50.32,37919449980712
2758.0,3,0.00,57.0,58.0,58.0,43.0,59.0,1269,49.59,38328129159851
2763.0,0,,69.0,72.0,74.0,51.0,70.0,2803,200.54,72572813267028
2763.0,1,0.00,51.0,54.0,54.0,39.0,53.0,1122,49.51,42011083666015
2763.0,2,0.00,55.0,58.0,58.0,42.0,57.0,1206,50.14,37919734765380
2763.0,3,0.00,57.0,58.0,58.0,43.0,59.0,1280,49.35,38328408968078
2768.0,0,,70.0,72.0,72.0,51.0,69.0,2801,199.36,72573945604736
2769.0,1,0.00,51.0,54.0,54.0,39.0,53.0,1121,49.85,42011366289001
2769.0,2,0.00,55.0,58.0,58.0,42.0,57.0,1237,50.21,37920019438354
2769.0,3,0.00,57.0,58.0,58.0,44.0,59.0,1280,49.00,38328687301208
2774.0,0,,69.0,72.0,72.0,51.0,69.0,2815,200.50,72575082417785
2774.0,1,0.00,51.0,54.0,54.0,39.0,53.0,1112,50.00,42011649764221
2774.0,2,0.00,55.0,58.0,58.0,42.0,57.0,1239,50.27,37920304496704
2775.0,3,0.00,57.0,58.0,58.0,43.0,59.0,1281,49.27,38328966180603
2780.0,0,,70.0,72.0,72.0,51.0,70.0,2794,199.59,72576214093688
2780.0,1,0.00,51.0,54.0,54.0,39.0,53.0,1122,50.00,42011933278564
2780.0,2,0.00,55.0,58.0,58.0,42.0,57.0,1164,50.14,37920589266052
2780.0,3,0.00,57.0,58.0,58.0,43.0,59.0,1270,49.32,38329246312500
2786.0,0,,69.0,72.0,72.0,51.0,69.0,2813,200.22,72577351370361
2786.0,1,0.00,51.0,54.0,54.0,39.0,53.0,1121,49.68,42012215458312
2786.0,2,0.00,55.0,58.0,58.0,42.0,57.0,1248,50.34,37920874672851
2786.0,3,0.00,57.0,58.0,58.0,43.0,59.0,1290,49.07,38329524549743
2791.0,0,,71.0,72.0,72.0,51.0,70.0,2709,199.78,72578484116271
2791.0,1,0.00,51.0,54.0,54.0,39.0,53.0,1112,49.75,42012497516967
2791.0,2,0.00,55.0,58.0,58.0,42.0,57.0,1239,50.16,37921159056945
2792.0,3,0.00,57.0,58.0,58.0,43.0,59.0,1302,49.05,38329802643493
2797.0,0,,70.0,72.0,72.0,51.0,70.0,2731,200.27,72579619636047
2797.0,1,0.00,51.0,54.0,54.0,39.0,52.0,1112,49.82,42012780010375
2797.0,2,0.00,55.0,58.0,58.0,42.0,57.0,1196,50.28,37921444126708
2797.0,3,0.00,57.0,58.0,58.0,43.0,59.0,1270,49.27,38330082000488
2803.0,0,,70.0,72.0,72.0,51.0,69.0,2771,200.34,72580755548461
2803.0,1,0.00,51.0,54.0,54.0,39.0,53.0,1121,49.73,42013061991455
2803.0,2,0.00,55.0,58.0,58.0,42.0,57.0,1259,50.25,37921729027160
2803.0,3,0.00,57.0,58.0,58.0,43.0,59.0,1291,49.31,38330361606994
2808.0,0,,71.0,72.0,72.0,51.0,70.0,2540,199.91,72581889040954
2808.0,1,0.00,51.0,54.0,54.0,39.0,53.0,1122,49.56,42013343474426
2808.0,2,0.00,55.0,58.0,58.0,42.0,57.0,1249,50.05,37922013298156
2809.0,3,0.00,57.0,58.0,58.0,44.0,59.0,1280,48.96,38330639704772
2814.0,0,,70.0,72.0,72.0,51.0,70.0,2717,199.62,72583022897705
2814.0,1,0.00,51.0,54.0,54.0,39.0,53.0,1110,49.99,42013626915954
2814.0,2,0.00,55.0,58.0,58.0,42.0,57.0,1174,50.32,37922298635559
2814.0,3,0.00,57.0,58.0,58.0,43.0,59.0,1280,49.21,38330918702758
2820.0,0,,69.0,72.0,72.0,51.0,69.0,2803,200.52,72584159839355
2820.0,1,0.00,51.0,54.0,54.0,39.0,53.0,1121,49.95,42013910604492
2820.0,2,0.00,55.0,58.0,58.0,42.0,57.0,1248,50.13,37922583363098
2820.0,3,0.00,57.0,58.0,58.0,44.0,59.0,1269,49.29,38331198648315
2825.0,0,100.00,69.0,72.0,72.0,51.0,69.0,2803,199.57,72585293425109
2825.0,1,0.00,51.0,54.0,54.0,39.0,53.0,1122,49.72,42014192510620
2826.0,2,0.00,55.0,58.0,58.0,42.0,57.0,1259,50.26,37922868352050
2826.0,3,0.00,57.0,58.0,58.0,43.0,59.0,1281,49.40,38331478737365
2831.0,0,,71.0,72.0,72.0,52.0,70.0,2562,199.59,72586425112426
2831.0,1,0.00,51.0,54.0,54.0,39.0,53.0,1112,49.81,42014474907287
2831.0,2,0.00,55.0,58.0,58.0,42.0,57.0,1207,50.17,37923152809265
2831.0,3,0.00,57.0,58.0,58.0,44.0,59.0,1292,49.06,38331756918273
2837.0,0,,71.0,72.0,72.0,52.0,70.0,2773,199.88,72587558444641
2837.0,1,0.00,51.0,54.0,54.0,39.0,53.0,1122,49.85,42014757579101
2837.0,2,0.00,55.0,58.0,58.0,42.0,57.0,1196,50.23,37923437615234
2837.0,3,0.00,57.0,58.0,58.0,43.0,59.0,1281,49.13,38332035482604
2842.0,0,,71.0,72.0,72.0,51.0,70.0,2803,200.52,72588695371215
2842.0,1,0.00,52.0,54.0,54.0,39.0,53.0,1121,49.93,42015040674865
2843.0,2,0.00,55.0,58.0,58.0,42.0,57.0,1206,50.24,37923722455505
2843.0,3,0.00,57.0,58.0,58.0,43.0,59.0,1269,49.34,38332315242919
2848.0,0,,70.0,72.0,72.0,51.0,70.0,2728,200.22,72589830608520
2848.0,1,0.00,51.0,54.0,54.0,39.0,53.0,1111,49.53,42015322007751
2848.0,2,0.00,55.0,58.0,58.0,42.0,57.0,1248,50.08,37924006896911
2848.0,3,0.00,57.0,58.0,58.0,44.0,59.0,1269,48.89,38332592936645
2854.0,0,100.00,70.0,72.0,72.0,51.0,70.0,2582,199.41,72590961269226
2854.0,1,0.00,52.0,54.0,54.0,39.0,53.0,1111,49.92,42015605067077
2854.0,2,0.00,55.0,58.0,58.0,42.0,57.0,1228,50.21,37924291606384
2854.0,3,0.00,57.0,58.0,58.0,43.0,59.0,1270,49.09,38332871285095
2859.0,0,,71.0,72.0,72.0,52.0,70.0,2770,200.23,72592098575195
2859.0,1,0.00,51.0,54.0,54.0,39.0,53.0,1121,50.08,42015889026428
2860.0,2,0.00,55.0,58.0,58.0,42.0,57.0,1206,50.21,37924576298095
2860.0,3,0.00,57.0,58.0,58.0,43.0,59.0,1280,49.30,38333150844116
2865.0,0,,70.0,72.0,72.0,51.0,70.0,2794,200.09,72593233094543
2865.0,1,0.00,51.0,54.0,54.0,39.0,53.0,1111,49.79,42016171343322
2865.0,2,0.00,55.0,58.0,58.0,42.0,57.0,1196,50.16,37924861230346
2865.0,3,0.00,57.0,58.0,58.0,44.0,59.0,1291,49.31,38333430945678
2871.0,0,,68.0,78.0,78.0,51.0,69.0,2476,182.24,72594266408813
2871.0,1,0.00,52.0,54.0,54.0,39.0,53.0,1112,49.81,42016453772766
2871.0,2,0.00,55.0,58.0,58.0,42.0,57.0,1250,50.28,37925145822387
2871.0,3,0.00,57.0,58.0,58.0,43.0,59.0,1302,49.10,38333709321716
2876.0,0,,68.0,78.0,78.0,51.0,69.0,2201,180.67,72595292587951
2876.0,1,0.00,51.0,54.0,54.0,39.0,53.0,1121,49.86,42016736965148
2877.0,2,0.00,55.0,58.0,58.0,42.0,57.0,1248,50.18,37925430850341
2877.0,3,0.00,57.0,58.0,58.0,43.0,59.0,1301,49.27,38333988668395
2882.0,0,,68.0,80.0,80.0,51.0,70.0,2104,181.23,72596320140991
2882.0,1,0.00,51.0,54.0,54.0,39.0,53.0,1110,49.89,42017019832946
2882.0,2,0.00,55.0,58.0,58.0,42.0,57.0,1205,50.23,37925716157958
2882.0,3,0.00,57.0,58.0,58.0,43.0,59.0,1268,49.42,38334269345947
2888.0,0,,68.0,80.0,80.0,51.0,70.0,2165,181.42,72597350634399
2888.0,1,0.00,51.0,54.0,54.0,39.0,53.0,1120,49.67,42017301965148
2888.0,2,0.00,55.0,58.0,58.0,42.0,57.0,1194,50.31,37926001936279
2888.0,3,0.00,57.0,58.0,58.0,43.0,59.0,1268,49.38,38334549800598
2893.0,0,30.33,65.0,80.0,80.0,50.0,67.0,2274,152.71,72598218012939
2893.0,1,0.00,51.0,54.0,54.0,39.0,53.0,1121,49.63,42017583878784
2894.0,2,0.00,55.0,58.0,58.0,42.0,57.0,1248,50.37,37926287548767
2894.0,3,0.00,57.0,58.0,58.0,43.0,59.0,1279,49.25,38334829053833
2899.0,0,0.00,64.0,80.0,80.0,48.0,65.0,2115,59.66,72598556296875
2899.0,1,0.00,52.0,54.0,54.0,39.0,53.0,1110,49.99,42017867828186
2899.0,2,0.00,55.0,58.0,58.0,42.0,57.0,1206,50.15,37926571883666
2899.0,3,0.00,57.0,58.0,58.0,43.0,59.0,1282,49.09,38335107380432
2905.0,0,0.00,63.0,80.0,80.0,48.0,65.0,1527,58.41,72598886903076
2905.0,1,0.00,51.0,54.0,54.0,39.0,53.0,1114,49.91,42018150294189
2905.0,2,0.00,55.0,58.0,58.0,42.0,57.0,1230,50.24,37926856234130
2905.0,3,0.00,57.0,58.0,58.0,43.0,59.0,1261,49.23,38335386047851
2910.0,0,,69.0,70.0,70.0,51.0,69.0,1622,172.75,72599864690368
2910.0,1,0.00,51.0,54.0,54.0,39.0,53.0,1113,49.71,42018431658508
2911.0,2,0.00,55.0,58.0,58.0,42.0,56.0,1250,50.09,37927140232971
2911.0,3,0.00,57.0,58.0,58.0,43.0,58.0,1282,48.87,38335663134582
2916.0,0,,71.0,70.0,70.0,52.0,70.0,2085,199.73,72600997156372
2916.0,1,0.00,51.0,54.0,54.0,39.0,53.0,1111,49.86,42018714350463
2916.0,2,0.00,55.0,58.0,58.0,42.0,57.0,1196,50.20,37927424841186
2916.0,3,0.00,57.0,58.0,58.0,43.0,58.0,1281,48.98,38335940862243
2922.0,0,,71.0,72.0,72.0,52.0,70.0,2496,200.00,72602133142333
2922.0,1,0.00,51.0,54.0,54.0,39.0,53.0,1121,49.88,42018997146545
2922.0,2,0.00,55.0,58.0,58.0,42.0,57.0,1206,50.18,37927709367370
2922.0,3,0.00,57.0,58.0,58.0,43.0,59.0,1269,49.15,38336220006103
2927.0,0,,70.0,72.0,72.0,51.0,70.0,2759,199.36,72603265516967
2927.0,1,0.00,51.0,54.0,54.0,39.0,53.0,1121,49.74,42019279653442
2928.0,2,0.00,55.0,58.0,58.0,42.0,57.0,1237,50.28,37927994934570
2928.0,3,0.00,56.0,58.0,58.0,43.0,58.0,1279,49.30,38336499516845
2933.0,0,,70.0,72.0,72.0,51.0,70.0,2801,200.50,72604402331481
2933.0,1,0.00,51.0,54.0,54.0,39.0,53.0,1110,49.68,42019561814270
2933.0,2,0.00,55.0,58.0,58.0,42.0,57.0,1205,50.15,37928279797241
2933.0,3,0.00,57.0,58.0,58.0,43.0,58.0,1280,48.88,38336777151489
2939.0,0,,70.0,72.0,72.0,51.0,69.0,2804,199.58,72605535945129
2939.0,1,0.00,51.0,54.0,54.0,39.0,53.0,1111,49.95,42019845032226
2939.0,2,0.00,55.0,58.0,58.0,42.0,57.0,1249,50.11,37928563906250
2939.0,3,0.00,57.0,58.0,58.0,43.0,58.0,1270,49.19,38337056038146
2944.0,0,,70.0,72.0,72.0,51.0,70.0,2804,200.47,72606672613525
2944.0,1,0.00,51.0,54.0,54.0,39.0,53.0,1122,49.91,42020128038085
2945.0,2,0.00,55.0,58.0,58.0,42.0,57.0,1206,50.21,37928848573425
2945.0,3,0.00,57.0,58.0,58.0,43.0,59.0,1280,49.32,38337335688720
2950.0,0,,70.0,72.0,72.0,51.0,69.0,2665,199.58,72607804211059
2950.0,1,0.00,51.0,54.0,54.0,39.0,53.0,1111,49.72,42020409935119
2950.0,2,0.00,55.0,58.0,58.0,42.0,57.0,1237,50.36,37929134592407
2950.0,3,0.00,57.0,58.0,58.0,43.0,59.0,1280,49.19,38337615102539
2956.0,0,,70.0,72.0,72.0,51.0,69.0,2781,200.44,72608942736206
2956.0,1,0.00,51.0,54.0,54.0,39.0,52.0,1121,49.75,42020692528442
2956.0,2,0.00,55.0,58.0,58.0,42.0,57.0,1227,50.21,37929419276733
2956.0,3,0.00,57.0,58.0,58.0,43.0,59.0,1269,49.01,38337893451782
2961.0,0,,71.0,72.0,72.0,52.0,70.0,2603,199.26,72610072555358
2962.0,1,0.00,51.0,54.0,54.0,39.0,53.0,1122,49.87,42020975294799
2962.0,2,0.00,55.0,58.0,58.0,42.0,57.0,1196,50.17,37929703725036
2962.0,3,0.00,57.0,58.0,58.0,43.0,59.0,1270,49.17,38338172247070
2967.0,0,,70.0,72.0,72.0,51.0,69.0,2729,200.65,72611210267395
2967.0,1,0.00,51.0,54.0,54.0,39.0,53.0,1111,49.72,42021257696716
2967.0,2,0.00,55.0,58.0,58.0,42.0,57.0,1195,50.24,37929989094909
2967.0,3,0.00,57.0,58.0,58.0,43.0,59.0,1280,49.33,38338451920959
2973.0,0,,67.0,74.0,74.0,50.0,68.0,2654,174.30,72612200294799
2973.0,1,0.00,51.0,54.0,54.0,39.0,53.0,1121,49.91,42021540681335
2973.0,2,0.00,55.0,58.0,58.0,42.0,57.0,1206,50.28,37930274165710
2973.0,3,0.00,57.0,58.0,58.0,43.0,59.0,1269,49.07,38338730636108
2978.0,0,,67.0,76.0,76.0,50.0,68.0,2219,161.61,72613118225341
2979.0,1,0.00,51.0,54.0,54.0,39.0,53.0,1121,49.91,42021824183044
2979.0,2,0.00,55.0,58.0,58.0,42.0,57.0,1237,50.19,37930559223327
2979.0,3,0.00,57.0,58.0,58.0,43.0,59.0,1279,49.32,38339010263427
2984.0,0,,67.0,76.0,76.0,50.0,68.0,1924,158.64,72614017712951
2984.0,1,0.00,51.0,54.0,54.0,39.0,53.0,1110,50.02,42022108304931
2984.0,2,0.00,55.0,58.0,58.0,42.0,57.0,1248,50.33,37930845088439
2985.0,3,0.00,57.0,58.0,58.0,43.0,59.0,1279,49.41,38339290890686
2990.0,0,,67.0,76.0,76.0,51.0,69.0,1925,159.95,72614926226135
2990.0,1,0.00,51.0,54.0,54.0,39.0,53.0,1121,49.82,42022390788818
2990.0,2,0.00,55.0,58.0,58.0,42.0,57.0,1259,50.49,37931131376708
2990.0,3,0.00,56.0,58.0,58.0,43.0,58.0,1270,49.45,38339571248352
2995.0,0,89.53,71.0,74.0,74.0,51.0,70.0,2053,162.15,72615845643981
2996.0,1,0.00,51.0,54.0,54.0,39.0,53.0,1122,49.93,42022673917114
2996.0,2,0.00,55.0,58.0,58.0,42.0,57.0,1227,50.25,37931416301879
2996.0,3,0.00,56.0,58.0,58.0,43.0,58.0,1270,49.13,38339850332275
3001.0,0,,71.0,74.0,74.0,52.0,71.0,2275,200.46,72616982261474
3001.0,1,0.00,51.0,54.0,54.0,39.0,53.0,1112,49.89,42022956810668
3001.0,2,0.00,55.0,58.0,58.0,42.0,57.0,1176,50.12,37931700491394
3002.0,3,0.00,57.0,58.0,58.0,43.0,58.0,1271,49.19,38340128726135
3007.0,0,,71.0,74.0,74.0,52.0,70.0,2731,199.99,72618116212280
3007.0,1,0.00,51.0,54.0,54.0,39.0,53.0,1122,49.79,42023239142456
3007.0,2,0.00,55.0,58.0,58.0,42.0,57.0,1248,50.18,37931985512207
3007.0,3,0.00,56.0,58.0,58.0,43.0,58.0,1269,49.25,38340408479248
3012.0,0,,71.0,74.0,72.0,52.0,70.0,2801,199.92,72619251765991
3013.0,1,0.00,51.0,54.0,54.0,39.0,53.0,1122,49.69,42023521364990
3013.0,2,0.00,55.0,58.0,58.0,42.0,57.0,1227,50.47,37932271654724
3013.0,3,0.00,57.0,58.0,58.0,43.0,59.0,1280,48.99,38340686267517
3018.0,0,,70.0,72.0,74.0,51.0,70.0,2803,200.05,72620386039611
3018.0,1,0.00,51.0,54.0,54.0,39.0,53.0,1110,49.80,42023803729370
3018.0,2,0.00,55.0,58.0,58.0,42.0,57.0,1175,50.07,37932555535461
3019.0,3,0.00,57.0,58.0,58.0,43.0,58.0,1280,48.93,38340964199035
3024.0,0,,71.0,72.0,72.0,52.0,70.0,2802,199.69,72621520288696
3024.0,1,0.00,51.0,54.0,54.0,39.0,52.0,1121,49.89,42024087091308
3024.0,2,0.00,55.0,58.0,58.0,42.0,57.0,1206,50.10,37932840120849
3024.0,3,0.00,56.0,58.0,58.0,43.0,59.0,1270,49.25,38341243431945
3029.0,0,,71.0,72.0,72.0,51.0,70.0,2795,200.08,72622654744140
3030.0,1,0.00,51.0,54.0,54.0,39.0,53.0,1122,49.94,42024370260986
3030.0,2,0.00,55.0,58.0,58.0,42.0,57.0,1207,50.36,37933125668701
3030.0,3,0.00,57.0,58.0,58.0,43.0,59.0,1271,49.25,38341522687683
3035.0,0,,70.0,72.0,72.0,51.0,70.0,2806,199.71,72623785094604
3035.0,1,0.00,52.0,54.0,54.0,39.0,53.0,1113,49.82,42024652254333
3035.0,2,0.00,55.0,58.0,58.0,42.0,57.0,1197,50.23,37933409987365
3036.0,3,0.00,57.0,58.0,58.0,43.0,59.0,1281,48.94,38341800191650
3041.0,0,,71.0,72.0,72.0,52.0,70.0,2805,199.85,72624918270080
3041.0,1,0.00,51.0,54.0,54.0,39.0,53.0,1111,49.73,42024934740051
3041.0,2,0.00,55.0,58.0,58.0,42.0,57.0,1206,50.03,37933694172363
3041.0,3,0.00,57.0,58.0,58.0,43.0,59.0,1270,49.19,38342079074096
3046.0,0,,70.0,72.0,72.0,51.0,69.0,2664,200.02,72626054364257
3047.0,1,0.00,51.0,54.0,54.0,39.0,53.0,1121,49.88,42025217549255
3047.0,2,0.00,55.0,58.0,58.0,42.0,57.0,1205,50.29,37933979310485
3047.0,3,0.00,57.0,58.0,58.0,43.0,59.0,1279,49.19,38342358460205
3052.0,0,,70.0,72.0,72.0,51.0,70.0,2782,200.16,72627189292785
3052.0,1,0.00,51.0,54.0,54.0,39.0,53.0,1112,49.59,42025498748962
3052.0,2,0.00,55.0,58.0,58.0,42.0,57.0,1196,50.42,37934265166625
3053.0,3,0.00,57.0,58.0,58.0,43.0,59.0,1270,49.24,38342637678894
3058.0,0,,70.0,72.0,72.0,52.0,70.0,2805,200.35,72628325284606
3058.0,1,0.00,51.0,54.0,54.0,39.0,53.0,1122,49.71,42025781080139
3058.0,2,0.00,55.0,58.0,58.0,42.0,57.0,1206,50.01,37934549230041
3058.0,3,0.00,57.0,58.0,58.0,43.0,59.0,1269,49.03,38342915698974
3063.0,0,,67.0,74.0,76.0,50.0,68.0,2485,166.14,72629268954650
3064.0,1,0.00,51.0,54.0,54.0,39.0,52.0,1121,49.99,42026064506103
3064.0,2,0.00,55.0,58.0,58.0,42.0,57.0,1207,50.33,37934834579345
3064.0,3,0.00,57.0,58.0,58.0,43.0,59.0,1270,49.40,38343195783325
3069.0,0,,67.0,76.0,76.0,50.0,68.0,2095,160.57,72630179391174
3069.0,1,0.00,51.0,54.0,54.0,39.0,53.0,1111,50.06,42026348351989
3069.0,2,0.00,55.0,58.0,58.0,42.0,57.0,1227,50.50,37935120918518
3070.0,3,0.00,57.0,58.0,58.0,43.0,59.0,1281,49.51,38343476511657
3075.0,0,,67.0,76.0,76.0,50.0,69.0,1905,162.42,72631100292907
3075.0,1,0.00,52.0,54.0,54.0,39.0,53.0,1121,49.84,42026631440246
3075.0,2,0.00,55.0,58.0,58.0,42.0,57.0,1206,50.40,37935407187194
3075.0,3,0.00,57.0,58.0,58.0,43.0,59.0,1269,49.18,38343755852233
3080.0,0,,67.0,76.0,76.0,50.0,69.0,2019,157.35,72631994016662
3081.0,1,0.00,51.0,54.0,54.0,39.0,53.0,1122,50.04,42026915161376
3081.0,2,0.00,55.0,58.0,58.0,42.0,57.0,1206,50.29,37935692321838
3081.0,3,0.00,56.0,58.0,58.0,43.0,59.0,1269,49.27,38344035705749
3086.0,0,87.41,70.0,74.0,74.0,51.0,70.0,2094,169.87,72632957201049
3086.0,1,0.00,51.0,54.0,54.0,39.0,53.0,1111,50.00,42027198645874
3086.0,2,0.00,55.0,58.0,58.0,42.0,57.0,1249,51.27,37935983557739
3087.0,3,0.00,57.0,58.0,58.0,43.0,59.0,1281,49.43,38344315955261
3092.0,0,,71.0,74.0,74.0,52.0,70.0,2381,200.06,72634091565551
3092.0,1,0.00,52.0,54.0,54.0,39.0,53.0,1122,49.79,42027481451232
3092.0,2,0.00,55.0,58.0,58.0,42.0,57.0,1238,50.38,37936269208435
3092.0,3,0.00,57.0,58.0,58.0,43.0,58.0,1270,49.12,38344594477783
3098.0,0,,71.0,74.0,74.0,52.0,70.0,2750,199.68,72635225768310
3098.0,1,0.00,51.0,54.0,54.0,39.0,53.0,1122,49.85,42027764105957
3098.0,2,0.00,55.0,58.0,58.0,42.0,57.0,1206,50.04,37936552924316
3098.0,3,0.00,57.0,58.0,58.0,43.0,58.0,1279,48.95,38344872031616
3103.0,0,,71.0,72.0,72.0,52.0,70.0,2799,199.97,72636361585754
3103.0,1,0.00,51.0,54.0,54.0,39.0,53.0,1109,49.77,42028046814086
3103.0,2,0.00,55.0,58.0,58.0,42.0,57.0,1215,50.10,37936837468811
3104.0,3,0.00,57.0,58.0,58.0,43.0,58.0,1279,49.09,38345150873840
3109.0,0,,71.0,72.0,74.0,52.0,70.0,2795,199.96,72637495332153
3109.0,1,0.00,52.0,54.0,54.0,39.0,53.0,1123,49.88,42028329605895
3109.0,2,0.00,55.0,58.0,58.0,42.0,57.0,1197,50.31,37937122745056
3109.0,3,0.00,57.0,58.0,58.0,43.0,59.0,1260,49.29,38345430337585
3115.0,0,,70.0,72.0,72.0,51.0,70.0,2805,199.62,72638627186767
3115.0,1,0.00,52.0,54.0,54.0,39.0,53.0,1112,49.77,42028611804260
3115.0,2,0.00,55.0,58.0,58.0,42.0,57.0,1217,50.37,37937408316467
3115.0,3,0.00,57.0,58.0,58.0,43.0,59.0,1280,49.23,38345709464355
3120.0,0,,70.0,72.0,72.0,51.0,69.0,2802,199.95,72639760926818
3120.0,1,0.00,51.0,54.0,54.0,39.0,53.0,1110,49.88,42028894613830
3121.0,2,0.00,55.0,58.0,58.0,42.0,57.0,1227,50.08,37937692278869
3121.0,3,0.00,57.0,58.0,58.0,43.0,58.0,1280,49.06,38345987647216
3126.0,0,,70.0,72.0,72.0,51.0,69.0,2804,200.37,72640897031433
3126.0,1,0.00,51.0,54.0,54.0,39.0,53.0,1112,49.81,42029177032226
3126.0,2,0.00,55.0,58.0,58.0,42.0,57.0,1196,50.21,37937976975891
3126.0,3,0.00,57.0,58.0,58.0,43.0,59.0,1270,49.16,38346266902832
3132.0,0,,70.0,72.0,72.0,51.0,70.0,2761,200.06,72642031359619
3132.0,1,0.00,51.0,54.0,54.0,39.0,53.0,1121,49.84,42029460117919
3132.0,2,0.00,55.0,58.0,58.0,42.0,57.0,1206,50.32,37938262768859
3132.0,3,0.00,57.0,58.0,58.0,43.0,59.0,1270,49.24,38346546104125
3137.0,0,,69.0,72.0,72.0,51.0,69.0,2593,199.35,72643163682617
3137.0,1,0.00,51.0,54.0,54.0,39.0,53.0,1111,49.67,42029741744079
3138.0,2,0.00,55.0,58.0,58.0,42.0,57.0,1259,50.34,37938548203247
3138.0,3,0.00,57.0,58.0,58.0,43.0,59.0,1280,49.02,38346824068115
3143.0,0,100.00,70.0,72.0,72.0,51.0,70.0,2780,200.65,72644301366882
3143.0,1,0.00,51.0,54.0,54.0,39.0,53.0,1121,49.74,42030024274963
3143.0,2,0.00,55.0,58.0,58.0,42.0,57.0,1216,50.04,37938832434143
3143.0,3,0.00,57.0,58.0,58.0,43.0,59.0,1268,49.09,38347102906738
3149.0,0,,67.0,74.0,74.0,51.0,69.0,2802,194.96,72645408722839
3149.0,1,0.00,51.0,54.0,54.0,39.0,53.0,1111,49.89,42030307124816
3149.0,2,0.00,55.0,58.0,58.0,42.0,57.0,1206,50.31,37939117689697
3149.0,3,0.00,57.0,58.0,58.0,43.0,59.0,1281,49.23,38347382031127
3154.0,0,,67.0,76.0,76.0,50.0,68.0,2402,162.50,72646330077087
3154.0,1,0.00,51.0,54.0,54.0,39.0,53.0,1122,49.97,42030590471069
3155.0,2,0.00,55.0,58.0,58.0,42.0,57.0,1206,50.46,37939403793762
3155.0,3,0.00,57.0,58.0,58.0,43.0,59.0,1280,49.40,38347662597167
3160.0,0,,67.0,76.0,76.0,50.0,68.0,2050,161.90,72647249655395
3160.0,1,0.00,51.0,54.0,54.0,39.0,53.0,1109,49.95,42030874196838
3160.0,2,0.00,55.0,58.0,58.0,42.0,57.0,1194,50.09,37939688784912
3160.0,3,0.00,57.0,58.0,58.0,43.0,59.0,1268,49.22,38347942150451
3166.0,0,,67.0,76.0,76.0,50.0,69.0,1934,162.20,72648170973876
3166.0,1,0.00,51.0,54.0,54.0,39.0,53.0,1121,49.93,42031157814208
3166.0,2,0.00,55.0,58.0,58.0,42.0,57.0,1205,50.22,37939974010498
3166.0,3,0.00,57.0,58.0,58.0,43.0,59.0,1279,49.32,38348222280273
3171.0,0,,67.0,76.0,76.0,51.0,69.0,2050,162.58,72649094437377
3171.0,1,0.00,51.0,54.0,54.0,39.0,52.0,1120,50.04,42031442063537
3172.0,2,0.00,55.0,58.0,58.0,42.0,57.0,1205,50.49,37940260270568
3172.0,3,0.00,57.0,58.0,58.0,43.0,58.0,1279,49.45,38348502661926
3177.0,0,0.00,64.0,76.0,76.0,49.0,66.0,2116,101.83,72649671791748
3177.0,1,0.00,51.0,54.0,54.0,39.0,53.0,1113,49.68,42031723747558
3177.0,2,0.00,55.0,58.0,58.0,42.0,57.0,1198,50.41,37940546072082
3177.0,3,0.00,57.0,58.0,58.0,43.0,59.0,1272,49.26,38348781958251
3183.0,0,0.00,63.0,76.0,76.0,48.0,65.0,1695,58.38,72650002818115
3183.0,1,0.00,51.0,54.0,54.0,39.0,53.0,1111,49.79,42032006054870
3183.0,2,0.00,55.0,58.0,58.0,42.0,57.0,1205,50.11,37940830200012
3183.0,3,0.00,56.0,58.0,58.0,43.0,58.0,1276,48.90,38349060214599
3188.0,0,8.33,68.0,68.0,68.0,49.0,67.0,1508,66.53,72650381388671
3188.0,1,0.00,51.0,54.0,54.0,39.0,53.0,1119,49.78,42032289328735
3189.0,2,0.00,55.0,58.0,58.0,42.0,57.0,1205,50.33,37941116066650
3189.0,3,0.00,56.0,58.0,58.0,43.0,58.0,1282,49.00,38349338048278
3194.0,0,,70.0,70.0,70.0,51.0,69.0,1642,200.65,72651517075561
3194.0,1,0.00,51.0,54.0,54.0,39.0,53.0,1112,50.10,42032572881225
3194.0,2,0.00,55.0,58.0,58.0,42.0,57.0,1175,50.34,37941401511413
3194.0,3,0.00,56.0,58.0,58.0,43.0,58.0,1270,49.14,38349616685546
3200.0,0,100.00,71.0,70.0,70.0,51.0,70.0,2189,199.75,72652651680664
3200.0,1,0.00,51.0,54.0,54.0,39.0,53.0,1111,50.38,42032859058105
3200.0,2,0.00,55.0,58.0,58.0,42.0,57.0,1206,49.98,37941685415039
3200.0,3,0.00,56.0,58.0,58.0,43.0,58.0,1270,48.89,38349893885986
3205.0,0,,71.0,72.0,72.0,52.0,70.0,2591,200.06,72653785993713
3205.0,1,0.00,51.0,54.0,54.0,39.0,52.0,1122,49.85,42033141724243
3206.0,2,0.00,55.0,58.0,58.0,42.0,57.0,1207,50.14,37941969682250
3206.0,3,0.00,56.0,58.0,58.0,43.0,58.0,1271,49.04,38350171967651
3211.0,0,,70.0,72.0,70.0,51.0,69.0,2785,199.73,72654918479492
3211.0,1,0.00,51.0,54.0,54.0,39.0,53.0,1111,49.92,42033424766662
3211.0,2,0.00,55.0,58.0,58.0,42.0,57.0,1195,50.39,37942255381835
3211.0,3,0.00,56.0,58.0,58.0,43.0,58.0,1269,49.30,38350451513244
3217.0,0,,71.0,72.0,72.0,52.0,70.0,2802,200.39,72656054676513
3217.0,1,0.00,51.0,54.0,54.0,39.0,53.0,1122,49.82,42033707227294
3217.0,2,0.00,55.0,58.0,58.0,42.0,57.0,1217,50.26,37942540361633
3217.0,3,0.00,56.0,58.0,58.0,43.0,58.0,1270,49.16,38350730230102
3222.0,0,,70.0,72.0,72.0,51.0,70.0,2803,199.80,72657189527587
3222.0,1,0.00,51.0,54.0,54.0,39.0,52.0,1121,49.61,42033988999023
3223.0,2,0.00,55.0,58.0,58.0,42.0,57.0,1248,50.03,37942824516723
3223.0,3,0.00,57.0,58.0,58.0,43.0,58.0,1279,48.90,38351007971313
3228.0,0,,70.0,72.0,72.0,51.0,69.0,2792,199.51,72658320735595
3228.0,1,0.00,51.0,54.0,54.0,39.0,53.0,1111,49.89,42034271869445
3228.0,2,0.00,55.0,58.0,58.0,42.0,57.0,1237,50.23,37943109838134
3228.0,3,0.00,57.0,58.0,58.0,43.0,58.0,1280,49.07,38351286675781
3234.0,0,,71.0,72.0,72.0,52.0,70.0,2570,200.07,72659457118164
3234.0,1,0.00,51.0,54.0,54.0,39.0,53.0,1122,49.80,42034554752990
3234.0,2,0.00,55.0,58.0,58.0,42.0,57.0,1228,50.32,37943395133422
3234.0,3,0.00,57.0,58.0,58.0,43.0,58.0,1270,49.19,38351565598999
3239.0,0,,70.0,72.0,72.0,51.0,69.0,2770,200.01,72660591166503
3240.0,1,0.00,51.0,54.0,54.0,39.0,53.0,1121,49.88,42034837569030
3240.0,2,0.00,55.0,58.0,58.0,42.0,57.0,1206,50.33,37943680501770
3240.0,3,0.00,56.0,58.0,58.0,43.0,58.0,1280,48.96,38351843175170
3245.0,0,,70.0,72.0,72.0,51.0,70.0,2792,200.41,72661727466064
3245.0,1,0.00,51.0,54.0,54.0,39.0,53.0,1111,49.74,42035120067321
3245.0,2,0.00,55.0,58.0,58.0,42.0,57.0,1195,50.13,37943965233459
3245.0,3,0.00,57.0,58.0,58.0,43.0,59.0,1279,49.08,38352121947631
3251.0,0,,71.0,72.0,72.0,51.0,70.0,2518,200.09,72662863972717
3251.0,1,0.00,51.0,54.0,54.0,39.0,53.0,1121,49.92,42035403126892
3251.0,2,0.00,55.0,58.0,58.0,42.0,57.0,1216,50.27,37944250777526
3251.0,3,0.00,56.0,58.0,58.0,43.0,59.0,1269,49.17,38352401222900
3256.0,0,,67.0,76.0,76.0,50.0,68.0,2514,165.92,72663806384521
3257.0,1,0.00,51.0,54.0,54.0,39.0,53.0,1120,50.16,42035688022277
3257.0,2,0.00,55.0,58.0,58.0,42.0,57.0,1226,50.40,37944537049377
3257.0,3,0.00,57.0,58.0,58.0,43.0,59.0,1279,49.40,38352681795959
3262.0,0,,67.0,76.0,76.0,50.0,68.0,2146,159.45,72664712088012
3262.0,1,0.00,51.0,54.0,54.0,39.0,53.0,1111,49.80,42035970871032
3262.0,2,0.00,55.0,58.0,58.0,42.0,57.0,1185,50.10,37944821096557
3263.0,3,0.00,57.0,58.0,58.0,43.0,58.0,1281,49.10,38352960189636
3268.0,0,,67.0,76.0,76.0,51.0,69.0,1937,159.85,72665618416748
3268.0,1,0.00,51.0,54.0,54.0,39.0,53.0,1122,49.99,42036254319274
3268.0,2,0.00,55.0,58.0,58.0,42.0,57.0,1249,50.34,37945106551513
3268.0,3,0.00,57.0,58.0,58.0,43.0,58.0,1259,49.35,38353240000061
3273.0,0,,67.0,76.0,76.0,51.0,69.0,2022,162.19,72666538029968
3274.0,1,0.00,51.0,54.0,54.0,39.0,53.0,1122,50.05,42036538079040
3274.0,2,0.00,55.0,58.0,58.0,42.0,57.0,1228,50.34,37945391991455
3274.0,3,0.00,56.0,58.0,58.0,43.0,58.0,1271,49.33,38353519691406
3279.0,0,85.59,70.0,74.0,74.0,51.0,70.0,2095,169.78,72667500707336
3279.0,1,0.00,51.0,54.0,54.0,39.0,53.0,1111,49.82,42036820586608
3279.0,2,0.00,55.0,58.0,58.0,42.0,57.0,1195,50.50,37945678307800
3280.0,3,0.00,56.0,58.0,58.0,43.0,58.0,1280,49.50,38353800340820
3285.0,0,,70.0,74.0,74.0,52.0,70.0,2374,199.93,72668638330383
3285.0,1,0.00,52.0,54.0,54.0,39.0,53.0,1118,49.79,42037103907714
3285.0,2,0.00,55.0,58.0,58.0,42.0,57.0,1203,50.09,37945963297180
3285.0,3,0.00,56.0,58.0,58.0,43.0,58.0,1277,48.99,38354079083496
3290.0,0,,70.0,74.0,74.0,52.0,71.0,2751,200.14,72669773115173
3291.0,1,0.00,51.0,54.0,54.0,39.0,53.0,1121,49.83,42037386927978
3291.0,2,0.00,55.0,58.0,58.0,42.0,57.0,1206,50.25,37946248703125
3291.0,3,0.00,56.0,58.0,58.0,43.0,58.0,1269,49.10,38354357992980
3296.0,0,,71.0,72.0,72.0,52.0,70.0,2802,199.78,72670907873718
3296.0,1,0.00,51.0,54.0,54.0,39.0,53.0,1111,49.93,42037670043334
3296.0,2,0.00,55.0,58.0,58.0,42.0,57.0,1196,50.28,37946533795166
3297.0,3,0.00,56.0,58.0,58.0,43.0,58.0,1281,49.17,38354636782958
3302.0,0,,71.0,72.0,72.0,52.0,70.0,2806,199.94,72672041513732
3302.0,1,0.00,51.0,54.0,54.0,39.0,53.0,1112,49.73,42037951998291
3302.0,2,0.00,55.0,58.0,58.0,42.0,57.0,1249,50.32,37946819084716
3302.0,3,0.00,57.0,58.0,58.0,43.0,59.0,1269,48.92,38354914152709
3307.0,0,,71.0,72.0,72.0,51.0,70.0,2801,199.65,72673173501220
3308.0,1,0.00,51.0,54.0,54.0,39.0,53.0,1121,49.66,42038234050720
3308.0,2,0.00,55.0,58.0,58.0,42.0,57.0,1238,50.14,37947103857910
3308.0,3,0.00,57.0,58.0,58.0,43.0,59.0,1270,49.05,38355192283874
3313.0,0,,71.0,72.0,72.0,52.0,70.0,2795,199.85,72674306634460
3313.0,1,0.00,51.0,54.0,54.0,39.0,53.0,1112,50.03,42038517246826
3313.0,2,0.00,55.0,58.0,58.0,42.0,57.0,1196,50.30,37947389071533
3314.0,3,0.00,57.0,58.0,58.0,43.0,59.0,1280,49.12,38355471280273
3319.0,0,,70.0,72.0,72.0,51.0,69.0,2804,200.36,72675444688537
3319.0,1,0.00,51.0,54.0,54.0,39.0,53.0,1122,49.69,42038799490295
3319.0,2,0.00,55.0,58.0,58.0,42.0,57.0,1206,50.24,37947673952026
3319.0,3,0.00,57.0,58.0,58.0,43.0,58.0,1269,49.19,38355750166870
3324.0,0,100.00,70.0,72.0,72.0,52.0,70.0,2693,200.27,72676580217346
3325.0,1,0.00,51.0,54.0,54.0,39.0,53.0,1120,49.77,42039082204162
3325.0,2,0.00,55.0,58.0,58.0,42.0,57.0,1247,50.09,37947958436706
3325.0,3,0.00,57.0,58.0,58.0,43.0,59.0,1278,49.03,38356028667907
3330.0,0,,71.0,72.0,72.0,51.0,69.0,2761,199.49,72677713323669
3330.0,1,0.00,51.0,54.0,54.0,39.0,52.0,1111,49.86,42039364911315
3330.0,2,0.00,55.0,58.0,58.0,42.0,57.0,1217,50.31,37948243701477
3331.0,3,0.00,57.0,58.0,58.0,43.0,59.0,1281,49.16,38356307407104
3336.0,0,,70.0,72.0,72.0,51.0,70.0,2709,200.44,72678849839416
3336.0,1,0.00,51.0,54.0,54.0,39.0,53.0,1121,49.89,42039648295166
3336.0,2,0.00,55.0,58.0,58.0,42.0,57.0,1248,50.20,37948528819885
3336.0,3,0.00,57.0,58.0,58.0,43.0,59.0,1269,49.16,38356586649047
3342.0,0,,70.0,72.0,72.0,51.0,69.0,2769,200.13,72679986587280
3342.0,1,0.00,51.0,54.0,54.0,39.0,53.0,1121,49.79,42039930621948
3342.0,2,0.00,55.0,58.0,58.0,42.0,57.0,1235,50.26,37948814308105
3342.0,3,0.00,57.0,58.0,58.0,43.0,59.0,1278,49.21,38356866174438
3347.0,0,,71.0,72.0,72.0,51.0,70.0,2525,199.84,72681121682678
3347.0,1,0.00,51.0,54.0,54.0,39.0,53.0,1110,49.69,42040212848754
3347.0,2,0.00,55.0,58.0,58.0,42.0,57.0,1196,50.22,37949099051574
3348.0,3,0.00,57.0,58.0,58.0,43.0,59.0,1270,49.07,38357144387939
3353.0,0,,70.0,72.0,72.0,51.0,70.0,2720,199.91,72682255180297
3353.0,1,0.00,52.0,54.0,54.0,39.0,53.0,1112,49.97,42040496179565
3353.0,2,0.00,55.0,58.0,58.0,42.0,57.0,1207,50.28,37949384111328
3353.0,3,0.00,57.0,58.0,58.0,43.0,59.0,1271,49.22,38357423446716
3359.0,0,,69.0,72.0,72.0,51.0,69.0,2794,200.01,72683389262023
3359.0,1,0.00,51.0,54.0,54.0,39.0,53.0,1122,49.93,42040779304565
3359.0,2,0.00,55.0,58.0,58.0,42.0,57.0,1207,50.22,37949668861328
3359.0,3,0.00,57.0,58.0,58.0,43.0,59.0,1270,49.15,38357702125305
3364.0,0,100.00,69.0,72.0,72.0,51.0,69.0,2754,199.88,72684522570129
3364.0,1,0.00,51.0,54.0,54.0,39.0,53.0,1112,49.70,42041061099914
3365.0,2,0.00,55.0,58.0,58.0,42.0,57.0,1207,50.06,37949952727600
3365.0,3,0.00,57.0,58.0,58.0,43.0,59.0,1282,48.95,38357979674438
3370.0,0,,71.0,72.0,72.0,52.0,69.0,2563,199.81,72685655507202
3370.0,1,0.00,51.0,54.0,54.0,39.0,53.0,1112,49.80,42041343474304
3370.0,2,0.00,55.0,58.0,58.0,42.0,57.0,1228,50.27,37950237769653
3370.0,3,0.00,57.0,58.0,58.0,43.0,59.0,1271,49.17,38358258484619
3376.0,0,,71.0,72.0,72.0,51.0,70.0,2763,199.80,72686788392272
3376.0,1,0.00,51.0,54.0,54.0,39.0,53.0,1122,50.03,42041627128234
3376.0,2,0.00,55.0,58.0,58.0,42.0,57.0,1238,50.20,37950522428283
3376.0,3,0.00,57.0,58.0,58.0,43.0,59.0,1280,49.23,38358537646301
3381.0,0,,70.0,72.0,72.0,51.0,70.0,2804,200.44,72687924864807
3381.0,1,0.00,51.0,54.0,54.0,39.0,53.0,1111,49.73,42041909091979
3382.0,2,0.00,55.0,58.0,58.0,42.0,57.0,1217,50.24,37950807269042
3382.0,3,0.00,57.0,58.0,58.0,43.0,59.0,1281,49.24,38358816864624
3387.0,0,,70.0,72.0,72.0,51.0,70.0,2633,200.09,72689059392333
3387.0,1,0.00,51.0,54.0,54.0,39.0,53.0,1122,49.72,42042191031738
3387.0,2,0.00,55.0,58.0,58.0,42.0,57.0,1196,50.20,37951091882263
3387.0,3,0.00,57.0,58.0,58.0,43.0,59.0,1270,49.04,38359094916137
3393.0,0,,70.0,72.0,72.0,51.0,70.0,2646,199.47,72690190365966
3393.0,1,0.00,51.0,54.0,54.0,39.0,52.0,1122,49.81,42042473432250
3393.0,2,0.00,55.0,58.0,58.0,42.0,57.0,1206,50.29,37951377050781
3393.0,3,0.00,57.0,58.0,58.0,43.0,59.0,1280,49.13,38359373468322
3398.0,0,,71.0,72.0,72.0,51.0,70.0,2794,200.21,72691325566528
3398.0,1,0.00,51.0,54.0,54.0,39.0,53.0,1112,49.95,42042756626098
3399.0,2,0.00,55.0,58.0,58.0,42.0,57.0,1207,50.17,37951661510620
3399.0,3,0.00,57.0,58.0,58.0,43.0,59.0,1270,49.15,38359652121887
3404.0,0,,71.0,72.0,72.0,51.0,70.0,2804,199.98,72692459442138
3404.0,1,0.00,51.0,54.0,54.0,39.0,53.0,1111,49.70,42043038432800
3404.0,2,0.00,55.0,58.0,58.0,42.0,57.0,1196,50.30,37951946730407
3404.0,3,0.00,57.0,58.0,58.0,43.0,59.0,1271,49.22,38359931173950
3410.0,0,,67.0,76.0,78.0,51.0,69.0,2499,182.15,72693492247253
3410.0,1,0.00,52.0,54.0,54.0,39.0,52.0,1123,49.81,42043320866088
3410.0,2,0.00,55.0,58.0,58.0,42.0,57.0,1206,50.24,37952231610168
3410.0,3,0.00,57.0,58.0,58.0,43.0,59.0,1280,49.13,38360210221252
3415.0,0,,68.0,78.0,78.0,51.0,69.0,2230,180.96,72694520108825
3415.0,1,0.00,51.0,54.0,54.0,39.0,53.0,1110,49.98,42043604765747
3416.0,2,0.00,55.0,58.0,58.0,42.0,57.0,1237,50.23,37952516914794
3416.0,3,0.00,57.0,58.0,58.0,43.0,59.0,1278,49.34,38360490444213
3421.0,0,,68.0,80.0,80.0,51.0,69.0,2104,181.26,72695547838256
3421.0,1,0.00,51.0,54.0,54.0,39.0,53.0,1110,49.94,42043888412902
3421.0,2,0.00,55.0,58.0,58.0,42.0,56.0,1174,50.23,37952802215087
3421.0,3,0.00,57.0,58.0,58.0,43.0,59.0,1269,49.33,38360770143371
3427.0,0,,68.0,80.0,80.0,51.0,70.0,2135,181.29,72696577587341
3427.0,1,0.00,51.0,54.0,54.0,39.0,53.0,1121,49.79,42044170748413
3427.0,2,0.00,55.0,58.0,58.0,42.0,57.0,1206,50.25,37953087152709
3427.0,3,0.00,57.0,58.0,58.0,43.0,59.0,1269,49.17,38361048932006
3432.0,0,,71.0,76.0,76.0,52.0,70.0,2272,187.77,72697644104187
3432.0,1,0.00,51.0,54.0,54.0,39.0,53.0,1110,50.47,42044457443420
3433.0,2,0.00,55.0,58.0,58.0,42.0,57.0,1194,50.23,37953372476867
3433.0,3,0.00,57.0,58.0,58.0,43.0,59.0,1279,49.20,38361328386108
3438.0,0,,70.0,74.0,74.0,52.0,70.0,2558,200.05,72698778403991
3438.0,1,0.00,51.0,54.0,54.0,39.0,53.0,1121,49.97,42044741281250
3438.0,2,0.00,55.0,58.0,58.0,42.0,57.0,1238,50.16,37953657386108
3438.0,3,0.00,57.0,58.0,58.0,43.0,58.0,1259,49.13,38361607432067
3444.0,0,,70.0,74.0,74.0,51.0,70.0,2776,200.05,72699912659729
3444.0,1,0.00,51.0,54.0,54.0,39.0,53.0,1112,49.74,42045022812683
3444.0,2,0.00,55.0,58.0,58.0,42.0,57.0,1250,50.33,37953942263793
3444.0,3,0.00,57.0,58.0,58.0,43.0,59.0,1281,49.18,38361886263854
3449.0,0,,71.0,74.0,74.0,52.0,70.0,2803,200.16,72701047589599
3449.0,1,0.00,51.0,54.0,54.0,39.0,53.0,1122,49.77,42045304984008
3450.0,2,0.00,55.0,58.0,58.0,42.0,57.0,1206,50.20,37954226896118
3450.0,3,0.00,57.0,58.0,58.0,43.0,59.0,1281,49.49,38362166878662
3455.0,0,,70.0,72.0,74.0,51.0,69.0,2805,199.84,72702180695129
3455.0,1,0.00,51.0,54.0,54.0,39.0,52.0,1112,49.98,42045588373046
3455.0,2,0.00,55.0,58.0,58.0,42.0,57.0,1196,50.19,37954511496215
3455.0,3,0.00,57.0,58.0,58.0,43.0,59.0,1270,49.23,38362446024841
3461.0,0,100.00,70.0,74.0,74.0,52.0,70.0,2806,199.80,72703313541320
3461.0,1,0.00,51.0,54.0,54.0,39.0,53.0,1112,49.96,42045871667907
3461.0,2,0.00,55.0,58.0,58.0,42.0,57.0,1207,50.19,37954796092834
3461.0,3,0.00,57.0,58.0,58.0,43.0,59.0,1282,49.28,38362724941955
3466.0,0,,70.0,74.0,72.0,51.0,70.0,2795,199.94,72704447226562
3466.0,1,0.00,51.0,54.0,54.0,39.0,53.0,1123,49.52,42046152422363
3467.0,2,0.00,55.0,58.0,58.0,42.0,57.0,1208,50.39,37955081812255
3467.0,3,0.00,57.0,58.0,58.0,43.0,59.0,1282,48.87,38363002014038
3472.0,0,,69.0,72.0,72.0,51.0,69.0,2804,200.17,72705582212158
3472.0,1,0.00,51.0,54.0,54.0,39.0,53.0,1111,49.76,42046434546020
3472.0,2,0.00,55.0,58.0,58.0,42.0,57.0,1227,50.24,37955366656921
3472.0,3,0.00,57.0,58.0,58.0,43.0,59.0,1269,49.14,38363280640869
3478.0,0,,69.0,72.0,72.0,51.0,69.0,2813,199.86,72706715409057
3478.0,1,0.00,51.0,54.0,54.0,39.0,53.0,1121,49.84,42046717657104
3478.0,2,0.00,55.0,58.0,58.0,42.0,57.0,1248,50.09,37955651191833
3478.0,3,0.00,57.0,58.0,58.0,43.0,59.0,1280,49.05,38363559244506
3483.0,0,100.00,69.0,72.0,72.0,51.0,69.0,2740,199.95,72707851138183
3483.0,1,0.00,51.0,54.0,54.0,39.0,53.0,1122,49.93,42047000737548
3484.0,2,0.00,55.0,58.0,58.0,42.0,57.0,1228,50.28,37955936280212
3484.0,3,0.00,57.0,58.0,58.0,43.0,59.0,1280,49.19,38363838135437
3489.0,0,,70.0,72.0,72.0,51.0,69.0,2655,199.83,72708984189331
3489.0,1,0.00,51.0,54.0,54.0,39.0,53.0,1111,49.76,42047282869201
3489.0,2,0.00,55.0,58.0,58.0,42.0,57.0,1174,50.22,37956221028808
3489.0,3,0.00,57.0,58.0,58.0,43.0,59.0,1270,49.05,38364116251831
3495.0,0,,70.0,72.0,72.0,51.0,69.0,2789,200.43,72710122604858
3495.0,1,0.00,51.0,54.0,54.0,39.0,53.0,1120,49.95,42047566595825
3495.0,2,0.00,55.0,58.0,58.0,42.0,57.0,1226,51.02,37956511358764
3495.0,3,0.00,57.0,58.0,58.0,43.0,59.0,1267,49.10,38364395635925
3500.0,0,,70.0,72.0,72.0,51.0,69.0,2664,199.89,72711257954162
3500.0,1,0.00,51.0,54.0,54.0,39.0,53.0,1121,49.99,42047850513732
3501.0,2,0.00,55.0,58.0,58.0,42.0,57.0,1237,50.23,37956796151550
3501.0,3,0.00,57.0,58.0,58.0,43.0,59.0,1269,49.27,38364674970520
3506.0,0,,71.0,72.0,72.0,51.0,70.0,2581,199.89,72712391339904
3506.0,1,0.00,51.0,54.0,54.0,39.0,52.0,1111,49.64,42048131974670
3506.0,2,0.00,55.0,58.0,58.0,42.0,57.0,1196,50.36,37957081669616
3506.0,3,0.00,57.0,58.0,58.0,43.0,59.0,1292,49.20,38364953947998
3512.0,0,,70.0,72.0,72.0,51.0,69.0,2785,199.93,72713524923706
3512.0,1,0.00,51.0,54.0,54.0,39.0,53.0,1123,49.74,42048413994689
3512.0,2,0.00,55.0,58.0,58.0,42.0,57.0,1207,50.16,37957366088439
3512.0,3,0.00,57.0,58.0,58.0,43.0,59.0,1271,49.05,38365232046203
3517.0,0,,69.0,72.0,72.0,51.0,69.0,2805,199.82,72714657911315
3518.0,1,0.00,51.0,54.0,54.0,39.0,53.0,1121,49.90,42048696918090
3518.0,2,0.00,55.0,58.0,58.0,42.0,57.0,1206,50.08,37957650555969
3518.0,3,0.00,57.0,58.0,58.0,43.0,59.0,1279,49.14,38365511188903
3523.0,0,,70.0,72.0,72.0,51.0,70.0,2675,200.57,72715795137023
3523.0,1,0.00,51.0,54.0,54.0,39.0,53.0,1111,49.99,42048980379516
3523.0,2,0.00,55.0,58.0,58.0,42.0,57.0,1186,50.32,37957935353759
3523.0,3,0.00,57.0,58.0,58.0,44.0,59.0,1271,49.25,38365790437683
3529.0,0,,70.0,72.0,72.0,51.0,70.0,2616,199.74,72716927648559
3529.0,1,0.00,51.0,54.0,54.0,39.0,53.0,1112,49.69,42049262117919
3529.0,2,0.00,55.0,58.0,58.0,42.0,57.0,1207,50.38,37958221030456
3529.0,3,0.00,57.0,58.0,58.0,43.0,59.0,1270,49.01,38366068320007
3534.0,0,,69.0,72.0,72.0,51.0,69.0,2783,200.14,72718062455139
3535.0,1,0.00,51.0,54.0,54.0,39.0,53.0,1122,49.93,42049545199157
3535.0,2,0.00,55.0,58.0,58.0,42.0,57.0,1227,50.06,37958505346618
3535.0,3,0.00,57.0,58.0,58.0,44.0,59.0,1271,49.20,38366346803405
3540.0,0,,69.0,72.0,72.0,51.0,69.0,2804,199.81,72719195364807
3540.0,1,0.00,51.0,54.0,54.0,39.0,53.0,1111,49.95,42049828906738
3540.0,2,0.00,55.0,58.0,58.0,42.0,57.0,1196,50.19,37958789945312
3540.0,3,0.00,57.0,58.0,58.0,44.0,59.0,1280,49.18,38366626141357
3546.0,0,,71.0,72.0,72.0,52.0,70.0,2539,199.79,72720330164184
3546.0,1,0.00,51.0,54.0,54.0,39.0,52.0,1122,49.89,42050111804504
3546.0,2,0.00,55.0,58.0,58.0,42.0,57.0,1238,50.41,37959075747558
3546.0,3,0.00,57.0,58.0,58.0,43.0,59.0,1270,49.22,38366905225463
3551.0,0,,70.0,72.0,72.0,51.0,70.0,2740,200.42,72721466518737
3552.0,1,0.00,51.0,54.0,54.0,39.0,52.0,1121,49.63,42050393229187
3552.0,2,0.00,55.0,58.0,58.0,42.0,57.0,1238,50.11,37959360385314
3552.0,3,0.00,57.0,58.0,58.0,43.0,59.0,1290,48.93,38367183141113
3557.0,0,,71.0,72.0,72.0,51.0,69.0,2802,199.88,72722601835083
3557.0,1,0.00,51.0,54.0,54.0,39.0,52.0,1111,49.82,42050676195739
3557.0,2,0.00,55.0,58.0,58.0,42.0,57.0,1196,50.10,37959644479797
3558.0,3,0.00,57.0,58.0,58.0,44.0,59.0,1281,49.17,38367461919494
3563.0,0,,67.0,76.0,76.0,51.0,69.0,2665,183.28,72723641055664
3563.0,1,0.00,52.0,54.0,54.0,39.0,53.0,1121,49.95,42050959390197
3563.0,2,0.00,55.0,58.0,58.0,42.0,57.0,1205,50.21,37959929690063
3563.0,3,0.00,57.0,58.0,58.0,43.0,59.0,1278,49.22,38367741509704
3568.0,0,,68.0,78.0,78.0,51.0,69.0,2209,180.84,72724668215637
3569.0,1,0.00,52.0,54.0,54.0,39.0,53.0,1121,49.72,42051241776123
3569.0,2,0.00,55.0,58.0,58.0,42.0,57.0,1205,50.50,37960216022338
3569.0,3,0.00,57.0,58.0,58.0,43.0,59.0,1279,49.38,38368021974426
3574.0,0,,68.0,80.0,80.0,51.0,69.0,2115,181.23,72725695798889
3574.0,1,0.00,51.0,54.0,54.0,39.0,53.0,1111,49.84,42051524860534
3574.0,2,0.00,55.0,58.0,58.0,42.0,57.0,1216,50.09,37960500536560
3575.0,3,0.00,57.0,58.0,58.0,43.0,59.0,1280,49.29,38368301458923
3580.0,0,,68.0,80.0,80.0,51.0,69.0,2113,181.17,72726724872741
3580.0,1,0.00,51.0,54.0,54.0,39.0,52.0,1120,49.98,42051808764892
3580.0,2,0.00,55.0,58.0,58.0,42.0,57.0,1247,50.21,37960785719787
3580.0,3,0.00,57.0,58.0,58.0,43.0,59.0,1269,49.28,38368581341857
3585.0,0,52.03,65.0,80.0,80.0,50.0,67.0,2254,160.24,72727635016174
3586.0,1,0.00,51.0,54.0,54.0,39.0,53.0,1121,49.92,42052091818115
3586.0,2,0.00,55.0,58.0,58.0,42.0,57.0,1237,50.49,37961071992919
3586.0,3,0.00,57.0,58.0,58.0,43.0,59.0,1269,49.32,38368861474609
3591.0,0,0.00,64.0,80.0,80.0,48.0,65.0,2062,59.43,72727971997558
3591.0,1,0.00,51.0,54.0,54.0,39.0,53.0,1111,49.60,42052373046447
3591.0,2,0.00,55.0,58.0,58.0,42.0,57.0,1195,50.41,37961358307800
3592.0,3,0.00,57.0,58.0,58.0,43.0,59.0,1280,48.89,38369138708618
3597.0,0,0.00,63.0,80.0,80.0,48.0,65.0,1534,58.33,72728303294677
3597.0,1,0.00,51.0,54.0,54.0,39.0,53.0,1122,49.86,42052655771911
3597.0,2,0.00,55.0,58.0,58.0,42.0,57.0,1262,50.16,37961642221313
3597.0,3,0.00,57.0,58.0,58.0,43.0,58.0,1262,49.04,38369416296264
3602.0,0,62.83,68.0,68.0,70.0,49.0,67.0,1506,90.30,72728813506652
3603.0,1,0.00,51.0,54.0,54.0,39.0,53.0,1113,49.88,42052938564270
3603.0,2,0.00,55.0,58.0,58.0,42.0,57.0,1250,50.14,37961926517517
3603.0,3,0.00,56.0,58.0,58.0,43.0,58.0,1271,48.92,38369693647216
3608.0,0,,70.0,70.0,70.0,51.0,69.0,1746,199.67,72729947656433
3608.0,1,0.00,51.0,54.0,54.0,39.0,53.0,1111,49.74,42053220597229
3608.0,2,0.00,55.0,58.0,58.0,42.0,57.0,1238,50.35,37962212017089
3609.0,3,0.00,56.0,58.0,58.0,43.0,58.0,1280,49.21,38369972663085
3614.0,0,,71.0,70.0,70.0,51.0,70.0,2262,200.17,72731082615966
3614.0,1,0.00,51.0,54.0,54.0,39.0,53.0,1120,49.80,42053503448486
3614.0,2,0.00,55.0,58.0,58.0,42.0,57.0,1205,50.06,37962496369140
3614.0,3,0.00,56.0,58.0,58.0,43.0,59.0,1269,48.97,38370250838623
3619.0,0,,71.0,72.0,72.0,52.0,70.0,2602,199.65,72732216616027
3620.0,1,0.00,51.0,54.0,54.0,39.0,53.0,1111,49.95,42053786655029
3620.0,2,0.00,55.0,58.0,58.0,42.0,57.0,1217,50.12,37962780538574
3620.0,3,0.00,56.0,58.0,58.0,43.0,58.0,1280,49.13,38370529381591
3625.0,0,,70.0,72.0,72.0,51.0,70.0,2782,200.12,72733351297180
3625.0,1,0.00,51.0,54.0,54.0,39.0,53.0,1111,49.96,42054069932617
3625.0,2,0.00,55.0,58.0,58.0,42.0,57.0,1185,50.34,37963065985473
3626.0,3,0.00,56.0,58.0,58.0,43.0,58.0,1280,49.19,38370808296142
3631.0,0,,70.0,72.0,72.0,51.0,70.0,2806,200.38,72734487436706
3631.0,1,0.00,51.0,54.0,54.0,39.0,53.0,1112,49.57,42054351006530
3631.0,2,0.00,55.0,58.0,58.0,42.0,57.0,1197,50.34,37963351425903
3631.0,3,0.00,56.0,58.0,58.0,43.0,58.0,1260,49.25,38371087527160
3636.0,0,,69.0,70.0,72.0,51.0,69.0,2793,200.03,72735621593811
3637.0,1,0.00,51.0,54.0,54.0,39.0,53.0,1121,49.67,42054633128906
3637.0,2,0.00,55.0,58.0,58.0,42.0,57.0,1237,49.98,37963635315185
3637.0,3,0.00,57.0,58.0,58.0,43.0,59.0,1280,49.37,38371367949401
3642.0,0,,71.0,72.0,72.0,51.0,70.0,2759,198.97,72736751769531
3642.0,1,0.00,51.0,54.0,54.0,39.0,53.0,1111,49.97,42054916433349
3642.0,2,0.00,55.0,58.0,58.0,42.0,57.0,1249,50.18,37963919825073
3643.0,3,0.00,57.0,58.0,58.0,43.0,58.0,1280,49.09,38371646289306
3648.0,0,,71.0,72.0,72.0,52.0,70.0,2594,199.99,72737885716003
3648.0,1,0.00,51.0,54.0,54.0,39.0,53.0,1122,49.79,42055198731262
3648.0,2,0.00,55.0,58.0,58.0,42.0,57.0,1228,50.34,37964205268066
3648.0,3,0.00,56.0,58.0,58.0,43.0,58.0,1270,49.16,38371925009216
3654.0,0,,70.0,72.0,72.0,51.0,69.0,2784,200.40,72739021998718
3654.0,1,0.00,51.0,54.0,54.0,39.0,53.0,1122,49.78,42055480989807
3654.0,2,0.00,55.0,58.0,58.0,42.0,57.0,1175,50.32,37964490577941
3654.0,3,0.00,57.0,58.0,58.0,43.0,59.0,1280,49.00,38372202855590
3659.0,0,,69.0,72.0,72.0,51.0,69.0,2803,199.82,72740155000976
3659.0,1,0.00,51.0,54.0,54.0,39.0,53.0,1111,49.90,42055763924865
3659.0,2,0.00,55.0,58.0,58.0,42.0,57.0,1186,50.10,37964774660461
3660.0,3,0.00,56.0,58.0,58.0,43.0,58.0,1281,49.11,38372481331848
3665.0,0,,68.0,74.0,74.0,51.0,69.0,2583,196.29,72741267992065
3665.0,1,0.00,51.0,54.0,54.0,39.0,53.0,1122,49.99,42056047353759
3665.0,2,0.00,55.0,58.0,58.0,42.0,57.0,1259,50.30,37965059867065
3665.0,3,0.00,57.0,58.0,58.0,43.0,58.0,1260,49.22,38372760391113
3671.0,0,,67.0,76.0,74.0,50.0,68.0,2392,162.71,72742190583374
3671.0,1,0.00,51.0,54.0,54.0,39.0,52.0,1111,49.91,42056330339111
3671.0,2,0.00,55.0,58.0,58.0,42.0,57.0,1249,50.40,37965346135498
3671.0,3,0.00,57.0,58.0,58.0,43.0,58.0,1280,49.38,38373040893188
3676.0,0,,67.0,76.0,76.0,50.0,68.0,2082,157.45,72743084890625
3676.0,1,0.00,51.0,54.0,54.0,39.0,53.0,1110,49.87,42056613584106
3676.0,2,0.00,55.0,58.0,58.0,42.0,57.0,1216,50.16,37965630517822
3677.0,3,0.00,57.0,58.0,58.0,43.0,59.0,1279,49.28,38373320313842
3682.0,0,,67.0,76.0,76.0,50.0,68.0,1903,157.13,72743977378601
3682.0,1,0.00,51.0,54.0,54.0,39.0,52.0,1121,50.01,42056897631591
3682.0,2,0.00,55.0,58.0,58.0,42.0,57.0,1206,50.19,37965915573120
3682.0,3,0.00,57.0,58.0,58.0,43.0,58.0,1270,49.25,38373600066772
3688.0,0,,67.0,76.0,76.0,51.0,69.0,1990,159.03,72744879102905
3688.0,1,0.00,51.0,54.0,54.0,39.0,53.0,1111,49.98,42057181006408
3688.0,2,0.00,55.0,58.0,58.0,42.0,57.0,1238,50.42,37966201474548
3688.0,3,0.00,56.0,58.0,58.0,43.0,58.0,1269,49.37,38373879977844
3693.0,0,,70.0,74.0,74.0,51.0,69.0,2126,173.18,72745861027770
3693.0,1,0.00,51.0,54.0,54.0,39.0,53.0,1111,49.76,42057463146423
3694.0,2,0.00,55.0,58.0,58.0,42.0,57.0,1248,50.42,37966487857177
3694.0,3,0.00,56.0,58.0,58.0,43.0,58.0,1280,49.42,38374160682495
3699.0,0,,71.0,74.0,74.0,52.0,70.0,2402,199.92,72746994563354
3699.0,1,0.00,51.0,54.0,54.0,39.0,53.0,1111,49.87,42057745892822
3699.0,2,0.00,55.0,58.0,58.0,42.0,57.0,1239,50.03,37966771502258
3699.0,3,0.00,57.0,58.0,58.0,43.0,58.0,1271,49.10,38374439063720
3705.0,0,,71.0,72.0,72.0,52.0,70.0,2751,199.83,72748127574951
3705.0,1,0.00,51.0,54.0,54.0,39.0,53.0,1122,49.94,42058029060302
3705.0,2,0.00,55.0,58.0,58.0,42.0,57.0,1207,50.25,37967056414306
3705.0,3,0.00,57.0,58.0,58.0,43.0,58.0,1270,49.09,38374717382690
3710.0,0,,70.0,72.0,72.0,51.0,70.0,2795,199.88,72749260907592
3710.0,1,0.00,51.0,54.0,54.0,39.0,53.0,1112,49.91,42058312064086
3711.0,2,0.00,55.0,58.0,58.0,42.0,57.0,1196,50.36,37967341937072
3711.0,3,0.00,56.0,58.0,58.0,43.0,58.0,1280,49.21,38374996413696
3716.0,0,,70.0,72.0,72.0,51.0,70.0,2801,199.93,72750396507568
3716.0,1,0.00,51.0,54.0,54.0,39.0,53.0,1121,49.73,42058594548278
3716.0,2,0.00,55.0,58.0,58.0,42.0,57.0,1248,50.31,37967627214111
3716.0,3,0.00,57.0,58.0,58.0,43.0,58.0,1269,49.03,38375274413391
3722.0,0,,71.0,72.0,72.0,52.0,70.0,2802,200.13,72751531266052
3722.0,1,0.00,51.0,54.0,54.0,39.0,53.0,1121,49.72,42058876966125
3722.0,2,0.00,55.0,58.0,58.0,42.0,57.0,1227,50.03,37967911379211
3722.0,3,0.00,57.0,58.0,58.0,43.0,58.0,1280,48.94,38375552397521
3727.0,0,,71.0,72.0,72.0,51.0,70.0,2804,199.59,72752664947509
3727.0,1,0.00,51.0,54.0,54.0,39.0,53.0,1111,49.89,42059159821105
3728.0,2,0.00,55.0,58.0,58.0,42.0,57.0,1217,50.35,37968196839355
3728.0,3,0.00,56.0,58.0,58.0,43.0,59.0,1280,49.18,38375831264221
3733.0,0,,70.0,72.0,72.0,51.0,69.0,2803,200.48,72753801645385
3733.0,1,0.00,51.0,54.0,54.0,39.0,53.0,1122,49.68,42059441517272
3733.0,2,0.00,55.0,58.0,58.0,42.0,57.0,1250,50.28,37968481916137
3733.0,3,0.00,57.0,58.0,58.0,43.0,59.0,1260,49.21,38376110291381
3739.0,0,,71.0,72.0,72.0,51.0,70.0,2645,200.13,72754936388061
3739.0,1,0.00,51.0,54.0,54.0,39.0,53.0,1121,49.91,42059724498413
3739.0,2,0.00,55.0,58.0,58.0,42.0,57.0,1258,50.08,37968765888366
3739.0,3,0.00,57.0,58.0,58.0,43.0,59.0,1269,49.02,38376388746093
3744.0,0,,70.0,72.0,72.0,51.0,70.0,2748,199.40,72756068970947
3744.0,1,0.00,51.0,54.0,54.0,39.0,53.0,1110,49.84,42060007616271
3745.0,2,0.00,55.0,58.0,58.0,42.0,57.0,1248,50.18,37969050916503
3745.0,3,0.00,57.0,58.0,58.0,43.0,59.0,1280,49.16,38376667506164
3750.0,0,,70.0,72.0,72.0,51.0,69.0,2793,200.52,72757205900634
3750.0,1,0.00,52.0,54.0,54.0,39.0,53.0,1121,49.87,42060290855041
3750.0,2,0.00,55.0,58.0,58.0,42.0,57.0,1237,50.30,37969336597961
3750.0,3,0.00,57.0,58.0,58.0,43.0,59.0,1269,49.23,38376947119262
3756.0,0,,70.0,72.0,72.0,51.0,70.0,2675,199.88,72758341244079
3756.0,1,0.00,52.0,54.0,54.0,39.0,53.0,1122,49.78,42060573094177
3756.0,2,0.00,55.0,58.0,58.0,42.0,57.0,1207,50.23,37969621407043
3756.0,3,0.00,57.0,58.0,58.0,43.0,58.0,1281,49.30,38377226670776
3761.0,0,,71.0,72.0,72.0,51.0,69.0,2540,200.22,72759476496704
3761.0,1,0.00,52.0,54.0,54.0,39.0,53.0,1111,49.79,42060855393737
3762.0,2,0.00,55.0,58.0,58.0,42.0,57.0,1196,50.00,37969904928771
3762.0,3,0.00,57.0,58.0,58.0,43.0,59.0,1281,49.06,38377504857788
3767.0,0,,70.0,72.0,72.0,51.0,70.0,2751,199.88,72760609829101
3767.0,1,0.00,51.0,54.0,54.0,39.0,53.0,1122,49.76,42061137512939
3767.0,2,0.00,55.0,58.0,58.0,42.0,57.0,1196,50.30,37970190123046
3767.0,3,0.00,57.0,58.0,58.0,43.0,58.0,1269,49.20,38377783799560
3773.0,0,,70.0,72.0,72.0,51.0,69.0,2802,199.74,72761742330749
3773.0,1,0.00,51.0,54.0,54.0,39.0,53.0,1110,49.89,42061420373718
3773.0,2,0.00,55.0,58.0,58.0,42.0,57.0,1227,50.22,37970475365478
3773.0,3,0.00,57.0,58.0,58.0,43.0,59.0,1280,49.18,38378063152038
3778.0,0,,69.0,72.0,72.0,51.0,69.0,2716,199.77,72762877029968
3778.0,1,0.00,51.0,54.0,54.0,39.0,53.0,1110,49.56,42061702358520
3779.0,2,0.00,55.0,58.0,58.0,42.0,57.0,1206,50.07,37970759239257
3779.0,3,0.00,57.0,58.0,58.0,43.0,58.0,1280,49.07,38378341354858
3784.0,0,,71.0,72.0,72.0,52.0,70.0,2537,200.21,72764014213378
3784.0,1,0.00,52.0,54.0,54.0,39.0,53.0,1122,50.49,42061988647094
3784.0,2,0.00,55.0,58.0,58.0,42.0,57.0,1196,50.13,37971043966308
3784.0,3,0.00,57.0,58.0,58.0,43.0,59.0,1269,49.05,38378619966491
3790.0,0,,71.0,72.0,72.0,52.0,70.0,2761,199.97,72765148054565
3790.0,1,0.00,51.0,54.0,54.0,39.0,53.0,1121,49.97,42062271960083
3790.0,2,0.00,55.0,58.0,58.0,42.0,57.0,1205,50.34,37971329418334
3790.0,3,0.00,57.0,58.0,58.0,43.0,59.0,1279,49.16,38378899223144
3795.0,0,,70.0,72.0,72.0,52.0,70.0,2803,200.44,72766284549621
3795.0,1,0.00,51.0,54.0,54.0,39.0,53.0,1111,49.87,42062554710510
3796.0,2,0.00,55.0,58.0,58.0,42.0,57.0,1239,50.23,37971614247253
3796.0,3,0.00,57.0,58.0,58.0,43.0,59.0,1281,49.35,38379179010437
3801.0,0,,70.0,72.0,72.0,51.0,70.0,2763,199.91,72767418043823
3801.0,1,0.00,51.0,54.0,54.0,39.0,53.0,1112,49.76,42062836868103
3801.0,2,0.00,55.0,58.0,58.0,42.0,57.0,1239,50.05,37971898037048
3801.0,3,0.00,57.0,58.0,58.0,43.0,59.0,1271,49.16,38379457240173
3807.0,0,,70.0,72.0,72.0,51.0,70.0,2594,199.37,72768548452453
3807.0,1,0.00,51.0,54.0,54.0,39.0,52.0,1123,49.70,42063118645812
3807.0,2,0.00,55.0,58.0,58.0,42.0,57.0,1228,50.23,37972182840026
3807.0,3,0.00,57.0,58.0,58.0,43.0,59.0,1271,49.07,38379735453674
3812.0,0,,71.0,72.0,72.0,52.0,70.0,2773,199.93,72769682068298
3812.0,1,0.00,51.0,54.0,54.0,39.0,53.0,1122,49.85,42063401304199
3813.0,2,0.00,55.0,58.0,58.0,42.0,57.0,1196,50.28,37972467910217
3813.0,3,0.00,57.0,58.0,58.0,43.0,59.0,1280,49.26,38380014784606
3818.0,0,,71.0,72.0,72.0,51.0,70.0,2803,200.09,72770816570495
3818.0,1,0.00,51.0,54.0,54.0,39.0,53.0,1111,49.67,42063682927795
3818.0,2,0.00,55.0,58.0,58.0,42.0,57.0,1217,50.26,37972752894775
3818.0,3,0.00,57.0,58.0,58.0,44.0,59.0,1270,49.25,38380294513000
3824.0,0,,68.0,78.0,78.0,51.0,69.0,2433,180.12,72771839624572
3824.0,1,0.00,51.0,54.0,54.0,39.0,53.0,1121,49.79,42063965760070
3824.0,2,0.00,55.0,58.0,58.0,42.0,57.0,1206,50.14,37973037677551
3824.0,3,0.00,57.0,58.0,58.0,44.0,59.0,1269,49.23,38380573627197
3829.0,0,,68.0,78.0,78.0,51.0,69.0,2201,181.01,72772865976440
3830.0,1,0.00,51.0,54.0,54.0,39.0,53.0,1122,49.93,42064248845336
3830.0,2,0.00,55.0,58.0,58.0,42.0,57.0,1249,50.34,37973323095825
3830.0,3,0.00,57.0,58.0,58.0,43.0,58.0,1270,49.30,38380853156738
3835.0,0,,68.0,80.0,80.0,51.0,69.0,2107,181.04,72773892455566
3835.0,1,0.00,52.0,54.0,54.0,39.0,53.0,1111,50.05,42064532632812
3835.0,2,0.00,55.0,58.0,58.0,42.0,57.0,1195,50.32,37973608393432
3835.0,3,0.00,57.0,58.0,58.0,43.0,58.0,1269,49.44,38381133461364
3841.0,0,,68.0,80.0,80.0,51.0,69.0,2157,181.53,72774921745117
3841.0,1,0.00,51.0,54.0,54.0,39.0,53.0,1121,49.82,42064815612976
3841.0,2,0.00,55.0,58.0,58.0,42.0,57.0,1184,50.05,37973892697448
3841.0,3,0.00,57.0,58.0,58.0,43.0,59.0,1268,49.07,38381412677917
3846.0,0,,71.0,76.0,76.0,52.0,71.0,2292,191.15,72776007493103
3847.0,1,0.00,51.0,54.0,54.0,39.0,53.0,1121,49.81,42065098058288
3847.0,2,0.00,55.0,58.0,58.0,42.0,57.0,1207,51.28,37974183456726
3847.0,3,0.00,57.0,58.0,58.0,43.0,59.0,1281,49.16,38381691438232
3852.0,0,,72.0,74.0,74.0,52.0,71.0,2623,199.33,72777139673217
3852.0,1,0.00,51.0,54.0,54.0,39.0,52.0,1111,49.66,42065380103637
3852.0,2,0.00,55.0,58.0,58.0,42.0,57.0,1248,50.19,37974468555786
3853.0,3,0.00,57.0,58.0,58.0,43.0,59.0,1269,49.23,38381970584472
3858.0,0,,70.0,74.0,74.0,52.0,70.0,2792,200.55,72778276779785
3858.0,1,0.00,52.0,54.0,54.0,39.0,53.0,1121,49.73,42065662048828
3858.0,2,0.00,55.0,58.0,58.0,42.0,57.0,1227,50.27,37974753559448
3858.0,3,0.00,57.0,58.0,58.0,43.0,59.0,1280,49.31,38382250165405
3863.0,0,,71.0,74.0,74.0,52.0,70.0,2802,199.43,72779409533630
3864.0,1,0.00,51.0,54.0,54.0,39.0,52.0,1121,49.65,42065944051086
3864.0,2,0.00,55.0,58.0,58.0,42.0,56.0,1237,50.11,37975038166442
3864.0,3,0.00,57.0,58.0,58.0,43.0,59.0,1269,48.99,38382528446838
3869.0,0,,70.0,72.0,72.0,51.0,70.0,2803,200.05,72780543834716
3869.0,1,0.00,51.0,54.0,54.0,39.0,53.0,1111,49.87,42066226836242
3869.0,2,0.00,55.0,58.0,58.0,42.0,57.0,1239,50.27,37975323204467
3870.0,3,0.00,57.0,58.0,58.0,43.0,59.0,1270,49.16,38382807210449
3875.0,0,,71.0,72.0,72.0,52.0,70.0,2802,200.07,72781678217102
3875.0,1,0.00,51.0,54.0,54.0,39.0,53.0,1121,50.03,42066510534118
3875.0,2,0.00,55.0,58.0,58.0,42.0,57.0,1258,50.19,37975608274230
3875.0,3,0.00,57.0,58.0,58.0,43.0,59.0,1269,49.29,38383087163635
3880.0,0,,70.0,72.0,72.0,51.0,69.0,2803,199.61,72782812004028
3881.0,1,0.00,51.0,54.0,54.0,39.0,53.0,1121,49.75,42066793140502
3881.0,2,0.00,55.0,58.0,58.0,42.0,57.0,1216,50.30,37975893495483
3881.0,3,0.00,57.0,58.0,58.0,43.0,59.0,1280,49.09,38383365489929
3886.0,0,,70.0,72.0,72.0,51.0,70.0,2805,200.07,72783946382324
3886.0,1,0.00,51.0,54.0,54.0,39.0,53.0,1112,49.76,42067075273864
3886.0,2,0.00,55.0,58.0,58.0,42.0,57.0,1218,50.18,37976178010192
3887.0,3,0.00,57.0,58.0,58.0,43.0,59.0,1281,49.00,38383643296569
3892.0,0,,70.0,72.0,72.0,51.0,69.0,2729,200.07,72785080777954
3892.0,1,0.00,52.0,54.0,54.0,39.0,53.0,1121,50.52,42067361726013
3892.0,2,0.00,55.0,58.0,58.0,42.0,57.0,1248,50.24,37976462879882
3892.0,3,0.00,57.0,58.0,58.0,43.0,59.0,1269,49.10,38383922179382
3897.0,0,100.00,71.0,72.0,72.0,51.0,70.0,2624,200.71,72786218792297
3898.0,1,0.00,52.0,54.0,54.0,39.0,53.0,1111,49.99,42067645169067
3898.0,2,0.00,55.0,58.0,58.0,42.0,57.0,1207,50.23,37976747664306
3898.0,3,0.00,57.0,58.0,58.0,43.0,59.0,1282,49.32,38384201343994
3903.0,0,,70.0,72.0,72.0,51.0,69.0,2784,199.59,72787350448364
3903.0,1,0.00,51.0,54.0,54.0,39.0,53.0,1112,49.70,42067926972595
3903.0,2,0.00,55.0,58.0,58.0,42.0,57.0,1176,50.12,37977031863220
3904.0,3,0.00,57.0,58.0,58.0,43.0,59.0,1282,48.97,38384478983825
3909.0,0,,70.0,72.0,72.0,51.0,70.0,2796,200.36,72788486463623
3909.0,1,0.00,51.0,54.0,54.0,39.0,53.0,1123,49.81,42068209414489
3909.0,2,0.00,55.0,58.0,58.0,42.0,57.0,1207,50.23,37977316675598
3909.0,3,0.00,57.0,58.0,58.0,43.0,59.0,1270,49.12,38384757505432
3914.0,0,,71.0,72.0,72.0,52.0,70.0,2613,199.95,72789620164489
3915.0,1,0.00,51.0,54.0,54.0,39.0,53.0,1122,49.99,42068492871948
3915.0,2,0.00,55.0,58.0,58.0,42.0,57.0,1206,50.19,37977601249938
3915.0,3,0.00,57.0,58.0,58.0,43.0,59.0,1280,49.27,38385036867675
3920.0,0,,70.0,72.0,72.0,52.0,70.0,2581,199.79,72790752966003
3920.0,1,0.00,51.0,54.0,54.0,39.0,53.0,1110,49.73,42068775313659
3920.0,2,0.00,55.0,58.0,58.0,42.0,57.0,1196,50.21,37977886439880
3921.0,3,0.00,57.0,58.0,58.0,43.0,59.0,1280,49.26,38385316686584
3926.0,0,100.00,69.0,72.0,72.0,51.0,69.0,2782,199.83,72791888018249
3926.0,1,0.00,51.0,54.0,54.0,39.0,53.0,1122,49.76,42069057427612
3926.0,2,0.00,55.0,58.0,58.0,42.0,57.0,1239,50.18,37978170961364
3926.0,3,0.00,57.0,58.0,58.0,43.0,59.0,1270,49.06,38385594841064
3931.0,0,,69.0,72.0,72.0,51.0,69.0,2802,200.07,72793022430175
3932.0,1,0.00,51.0,54.0,54.0,39.0,52.0,1121,49.82,42069339884948
3932.0,2,0.00,55.0,58.0,58.0,42.0,57.0,1259,50.24,37978455817016
3932.0,3,0.00,57.0,58.0,58.0,43.0,59.0,1270,49.14,38385873480529
3937.0,0,,70.0,72.0,72.0,51.0,70.0,2613,200.45,72794159002502
3937.0,1,0.00,51.0,54.0,54.0,39.0,53.0,1110,49.79,42069622714843
3937.0,2,0.00,55.0,58.0,58.0,42.0,57.0,1248,50.17,37978740774780
3938.0,3,0.00,57.0,58.0,58.0,44.0,59.0,1280,49.32,38386153628662
3943.0,0,,71.0,72.0,72.0,51.0,70.0,2721,199.80,72795291890869
3943.0,1,0.00,51.0,54.0,54.0,39.0,53.0,1123,49.76,42069904359191
3943.0,2,0.00,55.0,58.0,58.0,42.0,57.0,1218,50.38,37979025925842
3943.0,3,0.00,57.0,58.0,58.0,43.0,59.0,1261,49.01,38386431510864
3948.0,0,,69.0,72.0,72.0,51.0,69.0,2804,200.13,72796426623962
3949.0,1,0.00,51.0,54.0,54.0,39.0,53.0,1111,49.61,42070185639831
3949.0,2,0.00,55.0,58.0,58.0,42.0,57.0,1217,50.11,37979310560852
3949.0,3,0.00,57.0,58.0,58.0,44.0,59.0,1280,49.07,38386709722167
3954.0,0,,69.0,72.0,72.0,51.0,69.0,2561,199.68,72797558823913
3954.0,1,0.00,51.0,54.0,54.0,39.0,53.0,1111,49.87,42070468928100
3954.0,2,0.00,55.0,58.0,58.0,42.0,57.0,1206,50.18,37979595102661
3955.0,3,0.00,57.0,58.0,58.0,43.0,59.0,1281,49.23,38386988874694
3960.0,0,,71.0,72.0,72.0,51.0,70.0,2720,199.87,72798694099792
3960.0,1,0.00,51.0,54.0,54.0,39.0,53.0,1111,50.00,42070752456115
3960.0,2,0.00,55.0,58.0,58.0,42.0,57.0,1217,50.23,37979879917724
3960.0,3,0.00,57.0,58.0,58.0,44.0,59.0,1269,49.36,38387268753784
3966.0,0,,70.0,72.0,72.0,51.0,70.0,2793,200.43,72799830525451
3966.0,1,0.00,51.0,54.0,54.0,39.0,53.0,1122,49.72,42071034395568
3966.0,2,0.00,55.0,58.0,58.0,42.0,57.0,1250,50.16,37980164330078
3966.0,3,0.00,57.0,58.0,58.0,43.0,59.0,1303,49.00,38387546605773
3971.0,0,,69.0,72.0,72.0,51.0,69.0,2677,200.01,72800964588806
3971.0,1,0.00,51.0,54.0,54.0,39.0,52.0,1111,49.80,42071316756103
3971.0,2,0.00,55.0,58.0,58.0,42.0,57.0,1248,50.22,37980449100708
3972.0,3,0.00,57.0,58.0,58.0,43.0,59.0,1302,49.12,38387825142578
3977.0,0,,68.0,76.0,78.0,51.0,69.0,2476,183.19,72802003268859
3977.0,1,0.00,51.0,54.0,54.0,39.0,53.0,1121,49.92,42071600275268
3977.0,2,0.00,55.0,58.0,58.0,42.0,57.0,1226,50.10,37980733659912
3977.0,3,0.00,57.0,58.0,58.0,43.0,59.0,1268,49.31,38388105206237
3983.0,0,,68.0,78.0,78.0,51.0,69.0,2272,180.97,72803031170166
3983.0,1,0.00,51.0,54.0,54.0,39.0,52.0,1121,49.84,42071882849182
3983.0,2,0.00,55.0,58.0,58.0,42.0,57.0,1206,50.36,37981019194641
3983.0,3,0.00,57.0,58.0,58.0,43.0,59.0,1280,49.42,38388385403076
3988.0,0,,68.0,78.0,80.0,51.0,69.0,2116,181.09,72804057937744
3988.0,1,0.00,51.0,54.0,54.0,39.0,53.0,1112,49.71,42072164703002
3988.0,2,0.00,55.0,58.0,58.0,42.0,57.0,1196,50.18,37981303711975
3989.0,3,0.00,57.0,58.0,58.0,43.0,59.0,1281,49.02,38388663864807
3994.0,0,,68.0,80.0,80.0,51.0,70.0,2148,180.88,72805083510009
3994.0,1,0.00,51.0,54.0,54.0,39.0,53.0,1122,49.89,42072448074218
3994.0,2,0.00,55.0,58.0,58.0,42.0,57.0,1206,50.11,37981588322631
3994.0,3,0.00,57.0,58.0,58.0,43.0,59.0,1269,49.31,38388943456604
4000.0,0,,70.0,76.0,76.0,52.0,70.0,2274,186.43,72806142415039
4000.0,1,0.00,51.0,54.0,54.0,39.0,53.0,1121,50.01,42072731655151
4000.0,2,0.00,55.0,58.0,58.0,42.0,57.0,1196,50.30,37981873515808
4000.0,3,0.00,57.0,58.0,58.0,43.0,59.0,1270,49.43,38389223734741
4005.0,0,,71.0,74.0,74.0,52.0,71.0,2562,200.22,72807277665710
4005.0,1,0.00,51.0,54.0,54.0,39.0,52.0,1112,49.70,42073013450744
4006.0,2,0.00,55.0,58.0,58.0,42.0,57.0,1196,50.42,37982159423278
4006.0,3,0.00,57.0,58.0,58.0,43.0,59.0,1280,49.02,38389501699645
4011.0,0,,71.0,74.0,74.0,52.0,70.0,2784,199.87,72808410902465
4011.0,1,0.00,51.0,54.0,54.0,39.0,53.0,1122,49.69,42073295185607
4011.0,2,0.00,55.0,58.0,58.0,42.0,57.0,1186,50.15,37982443751281
4011.0,3,0.00,57.0,58.0,58.0,43.0,59.0,1271,49.04,38389779732849
4017.0,0,,70.0,74.0,74.0,51.0,70.0,2805,199.61,72809542695373
4017.0,1,0.00,51.0,54.0,54.0,39.0,53.0,1112,49.90,42073578101989
4017.0,2,0.00,55.0,58.0,58.0,42.0,57.0,1260,50.12,37982727935913
4017.0,3,0.00,57.0,58.0,58.0,43.0,59.0,1270,49.17,38390058510925
4022.0,0,,70.0,72.0,72.0,51.0,69.0,2795,200.10,72810677249572
4022.0,1,0.00,51.0,54.0,54.0,39.0,53.0,1112,49.87,42073860888244
4023.0,2,0.00,55.0,58.0,58.0,42.0,57.0,1249,50.33,37983013279541
4023.0,3,0.00,57.0,58.0,58.0,43.0,59.0,1271,49.31,38390338084350
4028.0,0,,71.0,72.0,72.0,52.0,70.0,2796,200.17,72811810209899
4028.0,1,0.00,51.0,54.0,54.0,39.0,53.0,1123,49.75,42074142449035
4028.0,2,0.00,55.0,58.0,58.0,42.0,57.0,1229,50.12,37983297457214
4028.0,3,0.00,57.0,58.0,58.0,43.0,59.0,1271,48.94,38390615578857
4034.0,0,,71.0,72.0,72.0,52.0,70.0,2816,199.65,72812942222534
4034.0,1,0.00,51.0,54.0,54.0,39.0,53.0,1122,49.69,42074424168029
4034.0,2,0.00,55.0,58.0,58.0,42.0,57.0,1196,50.09,37983581484191
4034.0,3,0.00,57.0,58.0,58.0,43.0,59.0,1280,49.02,38390893540222
4039.0,0,,71.0,72.0,72.0,51.0,70.0,2802,200.30,72814079909912
4039.0,1,0.00,51.0,54.0,54.0,39.0,53.0,1110,49.95,42074707908325
4040.0,2,0.00,55.0,58.0,58.0,42.0,57.0,1196,50.20,37983866113281
4040.0,3,0.00,57.0,58.0,58.0,43.0,59.0,1280,49.31,38391173134094
4045.0,0,,70.0,72.0,72.0,51.0,70.0,2805,199.87,72815213189331
4045.0,1,0.00,51.0,54.0,54.0,39.0,53.0,1122,49.67,42074989511108
4045.0,2,0.00,55.0,58.0,58.0,42.0,57.0,1249,50.37,37984151724121
4045.0,3,0.00,57.0,58.0,58.0,43.0,59.0,1281,49.36,38391453005859
4051.0,0,,70.0,72.0,72.0,51.0,70.0,2602,199.93,72816346788024
4051.0,1,0.00,51.0,54.0,54.0,39.0,53.0,1121,49.77,42075271728027
4051.0,2,0.00,55.0,58.0,58.0,42.0,57.0,1248,50.10,37984436299621
4051.0,3,0.00,57.0,58.0,58.0,43.0,59.0,1269,48.99,38391731257934
4056.0,0,,71.0,72.0,72.0,52.0,70.0,2779,199.81,72817481710327
4056.0,1,0.00,52.0,54.0,54.0,39.0,53.0,1110,49.87,42075554982727
4057.0,2,0.00,55.0,58.0,58.0,42.0,57.0,1237,50.18,37984720847473
4057.0,3,0.00,57.0,58.0,58.0,43.0,59.0,1280,49.17,38392010073120
4062.0,0,,71.0,72.0,72.0,52.0,70.0,2805,200.41,72818618036621
4062.0,1,0.00,51.0,54.0,54.0,39.0,53.0,1122,49.89,42075837875854
4062.0,2,0.00,55.0,58.0,58.0,42.0,57.0,1206,50.27,37985005854858
4062.0,3,0.00,57.0,58.0,58.0,44.0,59.0,1270,49.31,38392289672180
4068.0,0,,70.0,72.0,72.0,51.0,69.0,2583,200.30,72819753746582
4068.0,1,0.00,51.0,54.0,54.0,39.0,53.0,1111,49.66,42076119431762
4068.0,2,0.00,55.0,58.0,58.0,42.0,57.0,1207,50.39,37985291568054
4068.0,3,0.00,57.0,58.0,58.0,43.0,59.0,1292,48.98,38392567391174
4073.0,0,,71.0,72.0,72.0,52.0,70.0,2594,199.99,72820887678955
4073.0,1,0.00,51.0,54.0,54.0,39.0,52.0,1112,49.65,42076400959289
4074.0,2,0.00,55.0,58.0,58.0,42.0,57.0,1176,50.02,37985575162536
4074.0,3,0.00,57.0,58.0,58.0,43.0,59.0,1282,48.98,38392845086242
4079.0,0,,70.0,72.0,72.0,52.0,70.0,2784,200.01,72822021728332
4079.0,1,0.00,51.0,54.0,54.0,39.0,53.0,1112,49.98,42076684347290
4079.0,2,0.00,55.0,58.0,58.0,42.0,57.0,1207,50.13,37985859399169
4079.0,3,0.00,57.0,58.0,58.0,43.0,59.0,1271,49.26,38393124396423
4085.0,0,,69.0,72.0,72.0,51.0,69.0,2796,199.81,72823152675109
4085.0,1,0.00,51.0,54.0,54.0,39.0,53.0,1123,49.94,42076967510925
4085.0,2,0.00,55.0,58.0,58.0,42.0,57.0,1250,50.32,37986144714721
4085.0,3,0.00,57.0,58.0,58.0,43.0,59.0,1271,49.30,38393403910461
4090.0,0,,70.0,72.0,72.0,51.0,70.0,2571,200.05,72824288970153
4090.0,1,0.00,51.0,54.0,54.0,39.0,53.0,1111,49.73,42077249500732
4091.0,2,0.00,55.0,58.0,58.0,42.0,57.0,1249,50.18,37986429255798
4091.0,3,0.00,57.0,58.0,58.0,43.0,59.0,1280,49.02,38393681830017
4096.0,0,,71.0,72.0,72.0,51.0,70.0,2709,199.91,72825422485412
4096.0,1,0.00,51.0,54.0,54.0,39.0,53.0,1122,49.82,42077531979431
4096.0,2,0.00,55.0,58.0,58.0,42.0,57.0,1207,50.10,37986713306640
4096.0,3,0.00,57.0,58.0,58.0,43.0,59.0,1260,49.12,38393960325866
4102.0,0,,70.0,72.0,72.0,51.0,70.0,2795,199.60,72826554216186
4102.0,1,0.00,51.0,54.0,54.0,39.0,52.0,1112,49.90,42077814889465
4102.0,2,0.00,55.0,58.0,58.0,42.0,57.0,1217,50.21,37986997992736
4102.0,3,0.00,57.0,58.0,58.0,43.0,59.0,1280,49.26,38394239634704
4107.0,0,,71.0,72.0,72.0,51.0,70.0,2687,199.72,72827686605285
4107.0,1,0.00,51.0,54.0,54.0,39.0,53.0,1111,49.51,42078095625610
4108.0,2,0.00,55.0,58.0,58.0,42.0,57.0,1228,50.41,37987283801635
4108.0,3,0.00,57.0,58.0,58.0,44.0,59.0,1281,49.31,38394519232421
4113.0,0,,69.0,72.0,72.0,51.0,69.0,2697,201.07,72828826654968
4113.0,1,0.00,51.0,54.0,54.0,39.0,52.0,1111,49.63,42078377499450
4113.0,2,0.00,55.0,58.0,58.0,42.0,57.0,1206,49.97,37987567606445
4113.0,3,0.00,57.0,58.0,58.0,43.0,59.0,1290,48.93,38394797143005
4119.0,0,,70.0,72.0,72.0,51.0,69.0,2761,198.89,72829956323242
4119.0,1,0.00,51.0,54.0,54.0,39.0,52.0,1122,49.82,42078659963073
4119.0,2,0.00,55.0,58.0,58.0,42.0,57.0,1207,50.11,37987851756958
4119.0,3,0.00,57.0,58.0,58.0,43.0,59.0,1271,49.11,38395075590759
4124.0,0,,70.0,72.0,72.0,51.0,69.0,2584,200.26,72831089779663
4124.0,1,0.00,51.0,54.0,54.0,39.0,52.0,1112,50.01,42078943013549
4125.0,2,0.00,55.0,58.0,58.0,42.0,57.0,1197,50.43,37988137196105
4125.0,3,0.00,57.0,58.0,58.0,43.0,59.0,1303,49.38,38395355084777
4130.0,0,,68.0,76.0,76.0,51.0,69.0,2697,187.16,72832152857727
4130.0,1,0.00,51.0,54.0,54.0,39.0,52.0,1121,49.69,42079225253784
4130.0,2,0.00,55.0,58.0,58.0,42.0,57.0,1206,50.29,37988422867187
4130.0,3,0.00,57.0,58.0,58.0,43.0,59.0,1290,48.97,38395633213134
4136.0,0,,67.0,78.0,78.0,51.0,69.0,2316,181.19,72833180190429
4136.0,1,0.00,51.0,54.0,54.0,39.0,52.0,1121,49.92,42079508321350
4136.0,2,0.00,55.0,58.0,58.0,42.0,57.0,1205,50.07,37988707283874
4136.0,3,0.00,57.0,58.0,58.0,43.0,59.0,1279,49.14,38395912335266
4141.0,0,,68.0,78.0,78.0,51.0,69.0,2115,180.79,72834207076721
4141.0,1,0.00,51.0,54.0,54.0,39.0,52.0,1111,49.94,42079791961791
4142.0,2,0.00,55.0,58.0,58.0,42.0,57.0,1196,50.27,37988992310791
4142.0,3,0.00,57.0,58.0,58.0,43.0,59.0,1280,49.34,38396192109863
4147.0,0,,68.0,80.0,80.0,51.0,70.0,2104,181.42,72835235749023
4147.0,1,0.00,51.0,54.0,54.0,39.0,53.0,1121,49.90,42080074903869
4147.0,2,0.00,55.0,58.0,58.0,42.0,57.0,1185,50.42,37989278184692
4147.0,3,0.00,57.0,58.0,58.0,43.0,59.0,1269,49.30,38396472120056
4153.0,0,,71.0,78.0,78.0,52.0,70.0,2253,183.86,72836280062683
4153.0,1,0.00,51.0,54.0,54.0,39.0,53.0,1121,49.70,42080357191711
4153.0,2,0.00,55.0,58.0,58.0,42.0,57.0,1237,50.08,37989562614074
4153.0,3,0.00,57.0,58.0,58.0,43.0,59.0,1280,49.13,38396750687561
4158.0,0,,71.0,76.0,74.0,52.0,71.0,2442,200.22,72837415304077
4158.0,1,0.00,51.0,54.0,54.0,39.0,53.0,1111,49.85,42080639831481
4159.0,2,0.00,55.0,58.0,58.0,42.0,57.0,1248,50.02,37989846750061
4159.0,3,0.00,57.0,58.0,58.0,43.0,59.0,1280,48.99,38397028965270
4164.0,0,,71.0,74.0,74.0,52.0,70.0,2760,199.79,72838548137268
4164.0,1,0.00,51.0,54.0,54.0,39.0,53.0,1111,49.89,42080923230651
4164.0,2,0.00,55.0,58.0,58.0,42.0,57.0,1206,50.32,37990132043945
4164.0,3,0.00,57.0,58.0,58.0,43.0,59.0,1270,49.31,38397308578491
4170.0,0,,70.0,74.0,74.0,51.0,70.0,2803,200.21,72839685356323
4170.0,1,0.00,51.0,54.0,54.0,39.0,53.0,1122,49.65,42081204761535
4170.0,2,0.00,55.0,58.0,58.0,42.0,57.0,1196,50.40,37990417797180
4170.0,3,0.00,57.0,58.0,58.0,43.0,59.0,1280,49.25,38397587841125
4175.0,0,,70.0,72.0,72.0,51.0,70.0,2805,199.65,72840817391662
4176.0,1,0.00,51.0,54.0,54.0,39.0,53.0,1111,49.81,42081487174438
4176.0,2,0.00,55.0,58.0,58.0,42.0,56.0,1207,50.01,37990701375549
4176.0,3,0.00,57.0,58.0,58.0,43.0,59.0,1270,49.03,38397865836853
4181.0,0,,71.0,72.0,72.0,52.0,71.0,2807,199.96,72841951156250
4181.0,1,0.00,51.0,54.0,54.0,39.0,53.0,1123,49.82,42081769681030
4181.0,2,0.00,55.0,58.0,58.0,42.0,57.0,1229,50.17,37990985827941
4181.0,3,0.00,57.0,58.0,58.0,43.0,59.0,1272,49.19,38398144736267
4187.0,0,,70.0,72.0,72.0,52.0,70.0,2807,199.89,72843082532470
4187.0,1,0.00,51.0,54.0,54.0,39.0,53.0,1112,49.91,42082052147216
4187.0,2,0.00,55.0,58.0,58.0,42.0,57.0,1228,50.33,37991271195617
4187.0,3,0.00,57.0,58.0,58.0,43.0,59.0,1281,49.29,38398424236633
4192.0,0,,70.0,72.0,74.0,52.0,70.0,2800,200.27,72844220057312
4193.0,1,0.00,52.0,54.0,54.0,39.0,53.0,1110,49.52,42082333415039
4193.0,2,0.00,55.0,58.0,58.0,42.0,57.0,1248,50.32,37991556501464
4193.0,3,0.00,57.0,58.0,58.0,43.0,59.0,1279,49.04,38398702296325
4198.0,0,,69.0,72.0,72.0,51.0,69.0,2803,200.36,72845356097717
4198.0,1,0.00,51.0,54.0,54.0,39.0,52.0,1111,49.82,42082615921936
4198.0,2,0.00,55.0,58.0,58.0,42.0,57.0,1239,50.09,37991840500061
4199.0,3,0.00,57.0,58.0,58.0,43.0,59.0,1270,48.97,38398980463623
4204.0,0,,71.0,72.0,72.0,51.0,70.0,2625,199.41,72846486755065
4204.0,1,0.00,51.0,54.0,54.0,39.0,52.0,1122,49.89,42082898805480
4204.0,2,0.00,55.0,58.0,58.0,42.0,57.0,1228,50.29,37992125672119
4204.0,3,0.00,57.0,58.0,58.0,44.0,59.0,1281,49.27,38399259344299
4209.0,0,,71.0,72.0,72.0,52.0,69.0,2718,200.28,72847624318176
4210.0,1,0.00,51.0,54.0,54.0,39.0,53.0,1121,49.88,42083182119018
4210.0,2,0.00,55.0,58.0,58.0,42.0,57.0,1194,50.33,37992411571655
4210.0,3,0.00,57.0,58.0,58.0,43.0,59.0,1279,49.23,38399538948913
4215.0,0,,69.0,72.0,72.0,51.0,69.0,2801,200.10,72848758863586
4215.0,1,0.00,51.0,54.0,54.0,39.0,52.0,1111,49.81,42083464517944
4215.0,2,0.00,55.0,58.0,58.0,42.0,57.0,1196,49.97,37992695403381
4216.0,3,0.00,57.0,58.0,58.0,44.0,59.0,1270,48.95,38399816960693
4221.0,0,,70.0,72.0,72.0,51.0,70.0,2741,200.12,72849893570861
4221.0,1,0.00,52.0,54.0,54.0,39.0,53.0,1122,49.90,42083747424133
4221.0,2,0.00,55.0,58.0,58.0,42.0,57.0,1239,50.22,37992979631835
4221.0,3,0.00,57.0,58.0,58.0,44.0,59.0,1271,49.15,38400095652648
4226.0,0,,71.0,72.0,72.0,52.0,70.0,2509,199.92,72851027104003
4227.0,1,0.00,51.0,54.0,54.0,39.0,52.0,1122,49.80,42084030277587
4227.0,2,0.00,55.0,58.0,58.0,42.0,57.0,1238,50.33,37993265006713
4227.0,3,0.00,57.0,58.0,58.0,43.0,59.0,1281,49.38,38400375132995
4232.0,0,,71.0,72.0,72.0,52.0,70.0,2720,199.74,72852161641479
4232.0,1,0.00,51.0,54.0,54.0,39.0,53.0,1112,49.58,42084311370666
4232.0,2,0.00,55.0,58.0,58.0,42.0,57.0,1174,50.18,37993550014953
4233.0,3,0.00,57.0,58.0,58.0,43.0,59.0,1269,49.18,38400654466064
4238.0,0,,69.0,72.0,72.0,51.0,70.0,2792,200.08,72853296073547
4238.0,1,0.00,51.0,54.0,54.0,39.0,53.0,1121,49.87,42084594115112
4238.0,2,0.00,55.0,58.0,58.0,42.0,57.0,1249,50.10,37993834088317
4238.0,3,0.00,57.0,58.0,58.0,43.0,59.0,1269,49.02,38400932429565
4243.0,0,,70.0,72.0,72.0,51.0,70.0,2666,200.18,72854431102050
4244.0,1,0.00,51.0,54.0,54.0,39.0,53.0,1111,49.89,42084877005126
4244.0,2,0.00,55.0,58.0,58.0,42.0,57.0,1249,50.23,37994118866455
4244.0,3,0.00,57.0,58.0,58.0,44.0,59.0,1271,49.18,38401211274963
4249.0,0,,70.0,72.0,72.0,51.0,69.0,2676,200.06,72855565450683
4249.0,1,0.00,51.0,54.0,54.0,39.0,52.0,1110,49.87,42085160293762
4249.0,2,0.00,55.0,58.0,58.0,42.0,57.0,1237,50.30,37994404582885
4250.0,3,0.00,57.0,58.0,58.0,43.0,59.0,1301,49.34,38401491539489
4255.0,0,,70.0,72.0,72.0,51.0,70.0,2790,199.46,72856698399658
4255.0,1,0.00,51.0,54.0,54.0,39.0,53.0,1121,49.77,42085442482116
4255.0,2,0.00,55.0,58.0,58.0,42.0,57.0,1216,50.26,37994690067626
4255.0,3,0.00,57.0,58.0,58.0,43.0,59.0,1300,48.96,38401769623840
4260.0,0,,70.0,72.0,72.0,52.0,70.0,2653,200.26,72857835871337
4261.0,1,0.00,51.0,54.0,54.0,39.0,52.0,1120,49.89,42085725879577
4261.0,2,0.00,55.0,58.0,58.0,42.0,57.0,1194,50.10,37994974656005
4261.0,3,0.00,57.0,58.0,58.0,43.0,59.0,1289,49.11,38402048552734
4266.0,0,,70.0,72.0,72.0,51.0,69.0,2737,199.44,72858968698852
4266.0,1,0.00,51.0,54.0,54.0,39.0,53.0,1111,49.77,42086008595581
4266.0,2,0.00,55.0,58.0,58.0,42.0,57.0,1196,50.35,37995260167785
4267.0,3,0.00,57.0,58.0,58.0,44.0,59.0,1270,49.33,38402328268737
4272.0,0,,70.0,72.0,72.0,51.0,70.0,2731,200.58,72860105984313
4272.0,1,0.00,51.0,54.0,54.0,39.0,52.0,1122,49.68,42086290304626
4272.0,2,0.00,55.0,58.0,58.0,42.0,57.0,1250,50.22,37995544900573
4272.0,3,0.00,57.0,58.0,58.0,44.0,59.0,1271,49.17,38402607083312
4277.0,0,,71.0,72.0,72.0,51.0,70.0,2666,200.07,72861240406555
4278.0,1,0.00,51.0,54.0,54.0,39.0,53.0,1121,49.65,42086571813842
4278.0,2,0.00,55.0,58.0,58.0,42.0,57.0,1237,49.97,37995828702087
4278.0,3,0.00,57.0,58.0,58.0,43.0,58.0,1268,48.93,38402885015563
4283.0,0,,68.0,76.0,76.0,51.0,69.0,2749,189.78,72862318338378
4283.0,1,0.00,51.0,54.0,54.0,39.0,52.0,1111,49.89,42086855175781
4283.0,2,0.00,55.0,58.0,58.0,42.0,57.0,1196,50.19,37996113277160
4284.0,3,0.00,57.0,58.0,58.0,44.0,59.0,1281,49.10,38403163403137
4289.0,0,,67.0,78.0,78.0,51.0,69.0,2361,181.32,72863344599548
4289.0,1,0.00,51.0,54.0,54.0,39.0,52.0,1122,49.86,42087137908264
4289.0,2,0.00,55.0,58.0,58.0,42.0,57.0,1206,50.33,37996398640930
4289.0,3,0.00,57.0,58.0,58.0,43.0,59.0,1269,49.43,38403443682312
4295.0,0,,68.0,78.0,78.0,51.0,69.0,2144,180.67,72864372604553
4295.0,1,0.00,51.0,54.0,54.0,39.0,53.0,1110,49.72,42087420344299
4295.0,2,0.00,55.0,58.0,58.0,42.0,57.0,1236,50.31,37996684421508
4295.0,3,0.00,57.0,58.0,58.0,43.0,59.0,1279,49.76,38403726315917
4300.0,0,,68.0,80.0,80.0,51.0,69.0,2094,181.18,72865399876464
4300.0,1,0.00,51.0,54.0,54.0,39.0,52.0,1111,49.92,42087703397399
4300.0,2,0.00,55.0,58.0,58.0,42.0,57.0,1195,50.12,37996969102172
4301.0,3,0.00,57.0,58.0,58.0,43.0,59.0,1280,49.15,38404005498962
4306.0,0,,68.0,80.0,80.0,51.0,69.0,2168,181.59,72866429515625
4306.0,1,0.00,51.0,54.0,54.0,39.0,53.0,1121,49.85,42087986520751
4306.0,2,0.00,55.0,58.0,58.0,42.0,57.0,1206,50.34,37997254534790
4306.0,3,0.00,57.0,58.0,58.0,43.0,59.0,1270,49.35,38404285327941
4312.0,0,0.00,64.0,80.0,80.0,49.0,66.0,2242,80.36,72866885986328
4312.0,1,0.00,51.0,54.0,54.0,39.0,53.0,1111,49.90,42088269462341
4312.0,2,0.00,55.0,58.0,58.0,42.0,57.0,1238,50.29,37997539690063
4312.0,3,0.00,57.0,58.0,58.0,43.0,59.0,1280,49.18,38404564199584
4317.0,0,0.00,63.0,80.0,80.0,48.0,64.0,1767,58.53,72867217839355
4317.0,1,0.00,51.0,54.0,54.0,39.0,53.0,1111,49.63,42088550881896
4317.0,2,0.00,55.0,58.0,58.0,42.0,57.0,1185,50.00,37997823684204
4318.0,3,0.00,57.0,58.0,58.0,43.0,58.0,1280,48.76,38404840695007
4323.0,0,0.00,62.0,80.0,80.0,47.0,64.0,1472,58.24,72867548042358
4323.0,1,0.00,51.0,54.0,54.0,39.0,52.0,1113,49.86,42088833590637
4323.0,2,0.00,55.0,58.0,58.0,42.0,57.0,1209,50.27,37998108187927
4323.0,3,0.00,57.0,58.0,58.0,43.0,58.0,1273,49.02,38405118125549
4329.0,0,51.62,67.0,68.0,68.0,49.0,66.0,1505,85.55,72868032231872
4329.0,1,0.00,51.0,54.0,54.0,39.0,52.0,1123,49.91,42089116093444
4329.0,2,0.00,55.0,58.0,58.0,42.0,57.0,1207,50.34,37998393088745
4329.0,3,0.00,56.0,58.0,58.0,43.0,58.0,1270,48.98,38405396309509
4334.0,0,,69.0,70.0,70.0,51.0,69.0,1640,200.01,72869166280578
4334.0,1,0.00,51.0,54.0,54.0,39.0,53.0,1111,49.69,42089398304687
4335.0,2,0.00,55.0,58.0,58.0,42.0,57.0,1217,50.14,37998677894775
4335.0,3,0.00,56.0,58.0,58.0,43.0,58.0,1280,49.15,38405674965698
4340.0,0,,70.0,70.0,70.0,52.0,70.0,2157,199.97,72870302109008
4340.0,1,0.00,51.0,54.0,54.0,39.0,53.0,1121,49.88,42089681113769
4340.0,2,0.00,55.0,58.0,58.0,42.0,57.0,1205,50.15,37998962234497
4340.0,3,0.00,56.0,58.0,58.0,43.0,58.0,1269,48.92,38405952822204
4346.0,0,100.00,71.0,70.0,72.0,52.0,70.0,2538,200.06,72871436469116
4346.0,1,0.00,51.0,54.0,54.0,39.0,53.0,1121,49.83,42089964148864
4346.0,2,0.00,55.0,58.0,58.0,42.0,57.0,1185,50.17,37999247188903
4346.0,3,0.00,56.0,58.0,58.0,43.0,58.0,1270,49.14,38406231471069
4351.0,0,,70.0,72.0,72.0,51.0,70.0,2775,199.92,72872569988037
4351.0,1,0.00,51.0,54.0,54.0,39.0,53.0,1102,49.80,42090246004760
4352.0,2,0.00,55.0,58.0,58.0,42.0,57.0,1197,50.27,37999531724609
4352.0,3,0.00,56.0,58.0,58.0,43.0,58.0,1281,49.22,38406510526062
4357.0,0,,71.0,72.0,72.0,51.0,70.0,2802,199.80,72873702836425
4357.0,1,0.00,51.0,54.0,54.0,39.0,52.0,1121,49.62,42090527873413
4357.0,2,0.00,55.0,58.0,58.0,42.0,57.0,1206,50.19,37999816784179
4357.0,3,0.00,56.0,58.0,58.0,43.0,58.0,1270,49.19,38406789409851
4363.0,0,,71.0,72.0,72.0,51.0,69.0,2795,199.98,72874836730407
4363.0,1,0.00,51.0,54.0,54.0,39.0,53.0,1122,49.72,42090809788269
4363.0,2,0.00,55.0,58.0,58.0,42.0,57.0,1207,50.18,38000101316833
4363.0,3,0.00,56.0,58.0,58.0,43.0,58.0,1282,49.06,38407067092224
4368.0,0,100.00,69.0,70.0,72.0,51.0,69.0,2521,200.12,72875971430297
4368.0,1,0.00,51.0,54.0,54.0,39.0,53.0,1113,49.89,42091092144348
4369.0,2,0.00,55.0,58.0,58.0,42.0,57.0,1197,50.31,38000386099670
4369.0,3,0.00,57.0,58.0,58.0,43.0,58.0,1281,49.10,38407345469299
4374.0,0,,70.0,70.0,70.0,51.0,69.0,2762,199.72,72877103832397
4374.0,1,0.00,51.0,54.0,54.0,39.0,53.0,1111,49.78,42091374412353
4374.0,2,0.00,55.0,58.0,58.0,42.0,57.0,1207,50.20,38000670719787
4374.0,3,0.00,57.0,58.0,58.0,43.0,58.0,1271,49.08,38407623769592
4380.0,0,,70.0,72.0,72.0,51.0,70.0,2806,200.10,72878238382873
4380.0,1,0.00,51.0,54.0,54.0,39.0,53.0,1122,49.79,42091656740417
4380.0,2,0.00,55.0,58.0,58.0,42.0,57.0,1207,50.34,38000956165039
4380.0,3,0.00,57.0,58.0,58.0,43.0,59.0,1270,48.91,38407901062316
4385.0,0,,69.0,72.0,70.0,51.0,69.0,2677,199.79,72879371194702
4385.0,1,0.00,51.0,54.0,54.0,39.0,52.0,1111,49.88,42091939564270
4386.0,2,0.00,55.0,58.0,58.0,42.0,57.0,1195,50.26,38001241123535
4386.0,3,0.00,57.0,58.0,58.0,43.0,58.0,1280,49.13,38408179629821
4391.0,0,,67.0,74.0,74.0,51.0,69.0,2568,197.15,72880491027832
4391.0,1,0.00,51.0,54.0,54.0,39.0,53.0,1121,49.86,42092222780822
4391.0,2,0.00,55.0,58.0,58.0,42.0,57.0,1205,50.20,38001526262084
4391.0,3,0.00,57.0,58.0,58.0,43.0,59.0,1268,49.25,38408459396057
4397.0,0,,67.0,74.0,76.0,51.0,68.0,2431,162.10,72881410160095
4397.0,1,0.00,51.0,54.0,54.0,39.0,52.0,1121,49.89,42092506156616
4397.0,2,0.00,55.0,58.0,58.0,42.0,57.0,1205,50.36,38001812283142
4397.0,3,0.00,57.0,58.0,58.0,43.0,59.0,1279,49.38,38408739870971
4402.0,0,,67.0,76.0,76.0,50.0,68.0,2126,162.19,72882331386474
4402.0,1,0.00,51.0,54.0,54.0,39.0,53.0,1111,49.89,42092789033996
4403.0,2,0.00,55.0,58.0,58.0,42.0,57.0,1196,50.17,38002096728027
4403.0,3,0.00,57.0,58.0,58.0,43.0,59.0,1281,49.14,38409018472167
4408.0,0,,67.0,76.0,76.0,51.0,68.0,2000,160.59,72883241908813
4408.0,1,0.00,51.0,54.0,54.0,39.0,52.0,1111,49.99,42093072468505
4408.0,2,0.00,55.0,58.0,58.0,42.0,57.0,1206,50.28,38002382292724
4408.0,3,0.00,57.0,58.0,58.0,43.0,58.0,1268,49.32,38409298596496
4414.0,0,100.00,67.0,76.0,76.0,51.0,69.0,2051,162.14,72884162875732
4414.0,1,0.00,51.0,54.0,54.0,39.0,53.0,1121,49.95,42093356164672
4414.0,2,0.00,55.0,58.0,58.0,42.0,57.0,1206,50.31,38002667570678
4414.0,3,0.00,57.0,58.0,58.0,43.0,58.0,1281,49.31,38409578198974
4419.0,0,,70.0,74.0,74.0,51.0,70.0,2119,177.67,72885168510009
4419.0,1,0.00,51.0,54.0,54.0,39.0,53.0,1113,49.88,42093638482666
4420.0,2,0.00,55.0,58.0,58.0,42.0,57.0,1197,50.46,38002953174987
4420.0,3,0.00,56.0,58.0,58.0,43.0,58.0,1282,49.40,38409857806884
4425.0,0,100.00,71.0,74.0,74.0,52.0,70.0,2468,199.77,72886301228088
4425.0,1,0.00,51.0,54.0,54.0,39.0,52.0,1123,49.81,42093920914184
4425.0,2,0.00,55.0,58.0,58.0,42.0,57.0,1186,50.19,38003237756896
4425.0,3,0.00,56.0,58.0,58.0,43.0,58.0,1260,49.03,38410135829772
4431.0,0,,71.0,74.0,74.0,52.0,70.0,2760,199.97,72887435078430
4431.0,1,0.00,51.0,54.0,54.0,39.0,52.0,1110,49.86,42094204125915
4431.0,2,0.00,55.0,58.0,58.0,42.0,57.0,1206,50.14,38003522575439
4431.0,3,0.00,56.0,58.0,58.0,43.0,58.0,1280,49.11,38410414749267
4436.0,0,,71.0,72.0,72.0,52.0,70.0,2803,199.57,72888568626281
4436.0,1,0.00,51.0,54.0,54.0,39.0,53.0,1112,49.84,42094486731201
4437.0,2,0.00,55.0,58.0,58.0,42.0,57.0,1185,50.24,38003807428894
4437.0,3,0.00,56.0,58.0,58.0,43.0,58.0,1280,49.18,38410693579162
4442.0,0,,71.0,72.0,72.0,51.0,70.0,2804,199.90,72889702033447
4442.0,1,0.00,51.0,54.0,54.0,39.0,53.0,1111,49.77,42094768935729
4442.0,2,0.00,55.0,58.0,58.0,42.0,57.0,1254,50.19,38004092989929
4442.0,3,0.00,57.0,58.0,58.0,43.0,58.0,1275,48.85,38410972004943
4448.0,0,,70.0,72.0,72.0,51.0,69.0,2802,200.26,72890843531311
4448.0,1,0.00,51.0,54.0,54.0,39.0,53.0,1117,49.65,42095051936035
4448.0,2,0.00,55.0,58.0,58.0,42.0,57.0,1259,50.18,38004377996215
4448.0,3,0.00,57.0,58.0,58.0,43.0,59.0,1270,49.08,38411250290527
4453.0,0,,71.0,72.0,72.0,51.0,70.0,2803,199.91,72891977030517
4453.0,1,0.00,51.0,54.0,54.0,39.0,52.0,1111,49.93,42095335064331
4454.0,2,0.00,55.0,58.0,58.0,42.0,57.0,1238,50.22,38004662739807
4454.0,3,0.00,56.0,58.0,58.0,43.0,58.0,1279,49.20,38411529233276
4459.0,0,,70.0,72.0,72.0,51.0,70.0,2803,200.55,72893114173767
4459.0,1,0.00,51.0,54.0,54.0,39.0,52.0,1122,49.78,42095617299133
4459.0,2,0.00,55.0,58.0,58.0,42.0,57.0,1227,50.19,38004947820129
4459.0,3,0.00,57.0,58.0,58.0,43.0,59.0,1270,49.11,38411808201538
4465.0,0,,70.0,72.0,72.0,51.0,70.0,2560,199.70,72894248463745
4465.0,1,0.00,51.0,54.0,54.0,39.0,53.0,1122,49.81,42095900212097
4465.0,2,0.00,55.0,58.0,58.0,42.0,57.0,1206,50.21,38005232522583
4465.0,3,0.00,57.0,58.0,58.0,43.0,58.0,1280,49.07,38412086415649
4470.0,0,,71.0,72.0,72.0,52.0,70.0,2770,199.60,72895380186645
4471.0,1,0.00,51.0,54.0,54.0,39.0,52.0,1079,49.82,42096183177062
4471.0,2,0.00,55.0,58.0,58.0,42.0,57.0,1206,50.16,38005517424194
4471.0,3,0.00,57.0,58.0,58.0,43.0,59.0,1280,49.16,38412365667053
4476.0,0,,71.0,72.0,72.0,51.0,69.0,2804,200.50,72896517045471
4476.0,1,0.00,52.0,54.0,54.0,39.0,53.0,1122,49.91,42096466167358
4476.0,2,0.00,55.0,58.0,58.0,42.0,57.0,1259,50.22,38005802183959
4476.0,3,0.00,57.0,58.0,58.0,43.0,59.0,1270,49.22,38412644721984
4482.0,0,,70.0,72.0,72.0,51.0,69.0,2644,200.08,72897653515319
4482.0,1,0.00,51.0,54.0,54.0,39.0,53.0,1122,49.81,42096748603393
4482.0,2,0.00,55.0,58.0,58.0,42.0,57.0,1227,50.37,38006087768432
4482.0,3,0.00,57.0,58.0,58.0,43.0,59.0,1269,48.95,38412922263488
4487.0,0,,70.0,72.0,72.0,51.0,70.0,2601,199.96,72898787291625
4488.0,1,0.00,51.0,54.0,54.0,39.0,53.0,1111,49.74,42097030650024
4488.0,2,0.00,55.0,58.0,58.0,42.0,57.0,1206,50.14,38006372557312
4488.0,3,0.00,57.0,58.0,58.0,43.0,59.0,1280,49.00,38413200563293
4493.0,0,,69.0,72.0,72.0,51.0,69.0,2782,200.07,72899923711303
4493.0,1,0.00,51.0,54.0,54.0,39.0,52.0,1121,49.88,42097313976440
4493.0,2,0.00,55.0,58.0,58.0,42.0,57.0,1238,50.19,38006657148559
4494.0,3,0.00,57.0,58.0,58.0,43.0,58.0,1270,49.28,38413479956359
4499.0,0,,70.0,72.0,72.0,51.0,70.0,2764,199.66,72901055789428
4499.0,1,0.00,51.0,54.0,54.0,39.0,52.0,1112,49.91,42097596952331
4499.0,2,0.00,55.0,58.0,58.0,42.0,57.0,1218,50.24,38006941987670
4499.0,3,0.00,57.0,58.0,58.0,43.0,59.0,1282,49.13,38413758550781
4504.0,0,,70.0,72.0,72.0,51.0,70.0,2541,200.07,72902188185791
4505.0,1,0.00,51.0,54.0,54.0,39.0,53.0,1112,49.93,42097879579589
4505.0,2,0.00,55.0,58.0,58.0,42.0,57.0,1186,50.18,38007226490478
4505.0,3,0.00,57.0,58.0,58.0,43.0,59.0,1281,49.00,38414036384582
4510.0,0,,70.0,72.0,72.0,52.0,70.0,2772,200.30,72903323895263
4510.0,1,0.00,51.0,54.0,54.0,39.0,52.0,1111,49.77,42098162248107
4510.0,2,0.00,55.0,58.0,58.0,42.0,57.0,1239,50.17,38007510929748
4511.0,3,0.00,57.0,58.0,58.0,43.0,59.0,1270,49.22,38414315455627
4516.0,0,,70.0,72.0,72.0,51.0,70.0,2801,199.84,72904458974609
4516.0,1,0.00,51.0,54.0,54.0,39.0,52.0,1121,49.97,42098445600952
4516.0,2,0.00,55.0,58.0,58.0,42.0,57.0,1247,50.22,38007795678405
4516.0,3,0.00,57.0,58.0,58.0,43.0,59.0,1269,49.17,38414594748474
4521.0,0,,70.0,72.0,72.0,51.0,70.0,2656,199.82,72905593961059
4522.0,1,0.00,51.0,54.0,54.0,39.0,52.0,1111,49.66,42098727156372
4522.0,2,0.00,55.0,58.0,58.0,42.0,57.0,1206,50.29,38008081329467
4522.0,3,0.00,57.0,58.0,58.0,43.0,59.0,1281,49.18,38414873598999
4527.0,0,100.00,70.0,72.0,72.0,51.0,70.0,2636,200.28,72906727553527
4527.0,1,0.00,51.0,54.0,54.0,39.0,53.0,1122,49.71,42099009039428
4527.0,2,0.00,55.0,58.0,58.0,42.0,57.0,1197,50.26,38008365799194
4528.0,3,0.00,57.0,58.0,58.0,43.0,59.0,1271,49.11,38415151579833
4533.0,0,,69.0,72.0,72.0,51.0,70.0,2782,199.08,72907858349060
4533.0,1,0.00,51.0,54.0,54.0,39.0,52.0,1122,49.65,42099291037597
4533.0,2,0.00,55.0,58.0,58.0,42.0,57.0,1206,50.03,38008649982727
4533.0,3,0.00,57.0,58.0,58.0,43.0,59.0,1280,49.09,38415430434814
4538.0,0,,70.0,72.0,72.0,51.0,69.0,2741,199.89,72908991703857
4539.0,1,0.00,51.0,54.0,54.0,39.0,52.0,1111,49.98,42099574446838
4539.0,2,0.00,55.0,58.0,58.0,42.0,57.0,1216,50.20,38008935104003
4539.0,3,0.00,57.0,58.0,58.0,43.0,59.0,1279,49.15,38415709631347
4544.0,0,,71.0,72.0,72.0,51.0,70.0,2610,200.20,72910128845886
4544.0,1,0.00,51.0,54.0,54.0,39.0,53.0,1110,49.75,42099857017517
4544.0,2,0.00,55.0,58.0,58.0,42.0,56.0,1176,50.43,38009221019531
4545.0,3,0.00,57.0,58.0,58.0,43.0,59.0,1271,48.95,38415987149902
4550.0,0,,68.0,76.0,78.0,51.0,69.0,2509,178.51,72911141004943
4550.0,1,0.00,51.0,54.0,54.0,39.0,53.0,1122,49.81,42100139413391
4550.0,2,0.00,55.0,58.0,58.0,42.0,57.0,1227,50.19,38009505592346
4550.0,3,0.00,57.0,58.0,58.0,43.0,59.0,1269,49.34,38416266916992
4555.0,0,,67.0,78.0,78.0,51.0,69.0,2168,181.09,72912167773376
4556.0,1,0.00,51.0,54.0,54.0,39.0,53.0,1121,50.00,42100422897338
4556.0,2,0.00,55.0,58.0,58.0,42.0,57.0,1206,50.26,38009790572570
4556.0,3,0.00,57.0,58.0,58.0,43.0,59.0,1280,49.27,38416546782958
4561.0,0,,68.0,80.0,80.0,51.0,70.0,2104,181.01,72913195887878
4561.0,1,0.00,51.0,54.0,54.0,39.0,53.0,1111,49.95,42100706639709
4561.0,2,0.00,55.0,58.0,58.0,42.0,57.0,1236,50.33,38010076470397
4562.0,3,0.00,57.0,58.0,58.0,43.0,59.0,1269,49.36,38416826669311
4567.0,0,,68.0,80.0,80.0,51.0,70.0,2189,181.65,72914225836242
4567.0,1,0.00,51.0,54.0,54.0,39.0,52.0,1121,49.78,42100989363586
4567.0,2,0.00,55.0,58.0,58.0,42.0,57.0,1258,50.16,38010361374145
4567.0,3,0.00,57.0,58.0,58.0,43.0,59.0,1269,49.14,38417105767395
4572.0,0,,71.0,76.0,76.0,52.0,71.0,2315,192.78,72915320852050
4573.0,1,0.00,51.0,54.0,54.0,39.0,52.0,1121,49.82,42101271851806
4573.0,2,0.00,55.0,58.0,58.0,42.0,57.0,1237,50.20,38010646007812
4573.0,3,0.00,57.0,58.0,58.0,43.0,58.0,1280,49.16,38417384993164
4578.0,0,,71.0,74.0,74.0,52.0,71.0,2634,200.23,72916456154296
4578.0,1,0.00,51.0,54.0,54.0,39.0,53.0,1111,49.94,42101555505432
4578.0,2,0.00,55.0,58.0,58.0,42.0,57.0,1174,50.14,38010930825500
4579.0,3,0.00,57.0,58.0,58.0,43.0,59.0,1267,49.21,38417664498901
4584.0,0,,70.0,74.0,74.0,51.0,70.0,2788,199.36,72917590494018
4584.0,1,0.00,51.0,54.0,54.0,39.0,52.0,1120,49.80,42101838365112
4584.0,2,0.00,55.0,58.0,58.0,42.0,57.0,1215,50.36,38011216874572
4584.0,3,0.00,57.0,58.0,58.0,43.0,58.0,1270,49.19,38417943432861
4590.0,0,,71.0,74.0,74.0,52.0,70.0,2804,200.34,72918726446044
4590.0,1,0.00,51.0,54.0,54.0,39.0,53.0,1122,49.78,42102120626159
4590.0,2,0.00,55.0,58.0,58.0,42.0,57.0,1206,50.11,38011500976379
4590.0,3,0.00,57.0,58.0,58.0,43.0,59.0,1281,49.12,38418221954650
4595.0,0,,71.0,72.0,74.0,52.0,70.0,2804,199.74,72919858983520
4595.0,1,0.00,51.0,54.0,54.0,39.0,52.0,1111,49.93,42102403707580
4595.0,2,0.00,55.0,58.0,58.0,42.0,57.0,1195,50.10,38011785562072
4596.0,3,0.00,57.0,58.0,58.0,43.0,59.0,1270,49.26,38418501264282
4601.0,0,,70.0,72.0,72.0,52.0,70.0,2804,200.22,72920994214721
4601.0,1,0.00,51.0,54.0,54.0,39.0,53.0,1122,49.97,42102687018676
4601.0,2,0.00,55.0,58.0,58.0,42.0,57.0,1207,50.43,38012070983215
4601.0,3,0.00,57.0,58.0,58.0,43.0,59.0,1270,49.09,38418780120361
4607.0,0,,71.0,72.0,72.0,52.0,70.0,2802,199.31,72922126306701
4607.0,1,0.00,51.0,54.0,54.0,39.0,53.0,1121,49.58,42102968618652
4607.0,2,0.00,55.0,58.0,58.0,42.0,57.0,1205,50.38,38012357116638
4607.0,3,0.00,57.0,58.0,58.0,43.0,58.0,1279,48.97,38419057789672
4612.0,0,,71.0,72.0,72.0,51.0,70.0,2804,200.41,72923262613647
4612.0,1,0.00,51.0,54.0,54.0,39.0,53.0,1112,49.71,42103250468566
4612.0,2,0.00,55.0,58.0,58.0,42.0,57.0,1228,50.06,38012640975585
4613.0,3,0.00,57.0,58.0,58.0,43.0,59.0,1282,49.13,38419336367736
4618.0,0,,70.0,72.0,72.0,51.0,69.0,2805,199.69,72924394840270
4618.0,1,0.00,51.0,54.0,54.0,39.0,53.0,1112,49.91,42103533453247
4618.0,2,0.00,55.0,58.0,58.0,42.0,57.0,1228,50.16,38012925385498
4618.0,3,0.00,57.0,58.0,58.0,43.0,59.0,1260,49.11,38419614802978
4624.0,0,,70.0,72.0,72.0,51.0,70.0,2562,200.62,72925532330505
4624.0,1,0.00,51.0,54.0,54.0,39.0,53.0,1122,49.82,42103815910095
4624.0,2,0.00,55.0,58.0,58.0,42.0,57.0,1206,50.38,38013211029174
4624.0,3,0.00,57.0,58.0,58.0,43.0,59.0,1281,49.21,38419893800048
4629.0,0,100.00,69.0,72.0,72.0,51.0,69.0,2774,199.69,72926664583312
4629.0,1,0.00,52.0,54.0,54.0,39.0,52.0,1113,49.68,42104097600341
4630.0,2,0.00,55.0,58.0,58.0,42.0,57.0,1240,50.06,38013494880493
4630.0,3,0.00,57.0,58.0,58.0,43.0,59.0,1281,49.08,38420172073303
4635.0,0,,70.0,72.0,72.0,51.0,70.0,2802,200.37,72927800682617
4635.0,1,0.00,51.0,54.0,54.0,39.0,53.0,1121,49.90,42104380519714
4635.0,2,0.00,55.0,58.0,58.0,42.0,57.0,1237,50.07,38013779264526
4635.0,3,0.00,57.0,58.0,58.0,43.0,59.0,1269,49.21,38420451603759
4641.0,0,,69.0,72.0,72.0,51.0,69.0,2612,199.92,72928936219604
4641.0,1,0.00,51.0,54.0,54.0,39.0,52.0,1122,49.93,42104664122436
4641.0,2,0.00,55.0,58.0,58.0,42.0,57.0,1206,50.30,38014064445678
4641.0,3,0.00,57.0,58.0,58.0,43.0,59.0,1281,49.21,38420730648925
4646.0,0,,69.0,72.0,72.0,52.0,70.0,2582,200.09,72930070740356
4646.0,1,0.00,51.0,54.0,54.0,39.0,52.0,1111,49.66,42104945670532
4647.0,2,0.00,55.0,58.0,58.0,42.0,57.0,1195,50.41,38014350273010
4647.0,3,0.00,57.0,58.0,58.0,43.0,59.0,1280,49.31,38421010220703
4652.0,0,100.00,71.0,72.0,72.0,51.0,70.0,2770,199.97,72931204563659
4652.0,1,0.00,51.0,54.0,54.0,39.0,52.0,1121,49.72,42105228056884
4652.0,2,0.00,55.0,58.0,58.0,42.0,57.0,1216,50.00,38014634265502
4652.0,3,0.00,57.0,58.0,58.0,43.0,59.0,1269,49.10,38421289119995
4658.0,0,,70.0,72.0,72.0,51.0,70.0,2804,199.65,72932338591247
4658.0,1,0.00,51.0,54.0,54.0,39.0,53.0,1122,49.86,42105510774719
4658.0,2,0.00,55.0,58.0,58.0,42.0,57.0,1207,50.13,38014918525451
4658.0,3,0.00,57.0,58.0,58.0,43.0,59.0,1271,49.13,38421567672241
4663.0,0,,70.0,72.0,72.0,51.0,70.0,2613,200.38,72933474743896
4663.0,1,0.00,51.0,54.0,54.0,39.0,52.0,1111,49.87,42105793545410
4664.0,2,0.00,55.0,58.0,58.0,42.0,57.0,1184,50.40,38015204290100
4664.0,3,0.00,57.0,58.0,58.0,43.0,59.0,1289,49.24,38421847372070
4669.0,0,,70.0,72.0,72.0,52.0,70.0,2716,199.95,72934610477966
4669.0,1,0.00,51.0,54.0,54.0,39.0,53.0,1121,49.70,42106075832214
4669.0,2,0.00,55.0,58.0,58.0,42.0,57.0,1238,50.03,38015488459960
4669.0,3,0.00,57.0,58.0,58.0,43.0,59.0,1269,49.10,38422125769104
4675.0,0,,70.0,72.0,72.0,51.0,69.0,2803,199.73,72935742955627
4675.0,1,0.00,51.0,54.0,54.0,39.0,53.0,1121,49.84,42106358449768
4675.0,2,0.00,55.0,58.0,58.0,42.0,57.0,1258,50.12,38015772645568
4675.0,3,0.00,57.0,58.0,58.0,43.0,59.0,1270,49.20,38422404734069
4680.0,0,,69.0,72.0,72.0,51.0,70.0,2564,199.79,72936875756347
4680.0,1,0.00,51.0,54.0,54.0,39.0,52.0,1113,49.98,42106641859191
4681.0,2,0.00,55.0,58.0,58.0,42.0,57.0,1218,50.26,38016057608764
4681.0,3,0.00,57.0,58.0,58.0,44.0,59.0,1281,49.25,38422683968139
4686.0,0,,70.0,72.0,72.0,51.0,70.0,2708,200.41,72938012091613
4686.0,1,0.00,51.0,54.0,54.0,39.0,53.0,1122,49.82,42106924357971
4686.0,2,0.00,55.0,58.0,58.0,42.0,57.0,1206,50.38,38016343280639
4686.0,3,0.00,57.0,58.0,58.0,43.0,59.0,1270,49.24,38422963185485
4692.0,0,,70.0,72.0,72.0,52.0,69.0,2801,200.13,72939148828796
4692.0,1,0.00,51.0,54.0,54.0,39.0,52.0,1109,49.59,42107206044128
4692.0,2,0.00,55.0,58.0,58.0,42.0,57.0,1227,49.96,38016627048400
4692.0,3,0.00,57.0,58.0,58.0,43.0,59.0,1280,48.97,38423241352661
4697.0,0,,70.0,72.0,72.0,51.0,69.0,2674,200.20,72940283944091
4697.0,1,0.00,51.0,54.0,54.0,39.0,52.0,1111,49.81,42107488969726
4698.0,2,0.00,55.0,58.0,58.0,42.0,57.0,1195,50.17,38016911490295
4698.0,3,0.00,57.0,58.0,58.0,44.0,59.0,1280,49.21,38423520352539
4703.0,0,,68.0,76.0,78.0,51.0,69.0,2468,181.00,72941310215454
4703.0,1,0.00,51.0,54.0,54.0,39.0,52.0,1112,49.99,42107771929687
4703.0,2,0.00,55.0,58.0,58.0,42.0,57.0,1207,50.26,38017196472351
4703.0,3,0.00,57.0,58.0,58.0,43.0,59.0,1271,49.28,38423799771850
4709.0,0,,68.0,78.0,78.0,51.0,69.0,2233,180.93,72942336076660
4709.0,1,0.00,52.0,54.0,54.0,39.0,53.0,1122,49.72,42108053822814
4709.0,2,0.00,55.0,58.0,58.0,42.0,57.0,1249,50.37,38017482066040
4709.0,3,0.00,57.0,58.0,58.0,43.0,59.0,1281,49.46,38424080216491
4714.0,0,,68.0,80.0,80.0,51.0,69.0,2105,181.14,72943363146606
4714.0,1,0.00,51.0,54.0,54.0,39.0,53.0,1111,49.74,42108336367431
4715.0,2,0.00,55.0,58.0,58.0,42.0,57.0,1238,50.08,38017766512023
4715.0,3,0.00,57.0,58.0,58.0,43.0,59.0,1269,49.20,38424359649963
4720.0,0,,68.0,80.0,80.0,51.0,70.0,2168,180.72,72944389656372
4720.0,1,0.00,51.0,54.0,54.0,39.0,53.0,1121,50.04,42108620067260
4720.0,2,0.00,55.0,58.0,58.0,42.0,57.0,1205,50.28,38018052100769
4720.0,3,0.00,57.0,58.0,58.0,43.0,59.0,1258,49.27,38424639504760
4726.0,0,,71.0,76.0,76.0,52.0,71.0,2294,188.98,72945463042175
4726.0,1,0.00,51.0,54.0,54.0,39.0,53.0,1121,49.96,42108903857666
4726.0,2,0.00,55.0,58.0,58.0,42.0,56.0,1205,50.52,38018338550842
4726.0,3,0.00,57.0,58.0,58.0,43.0,58.0,1279,49.33,38424919671569
4731.0,0,100.00,71.0,74.0,74.0,52.0,70.0,2586,199.87,72946598311218
4731.0,1,0.00,51.0,54.0,54.0,39.0,53.0,1108,49.62,42109186202453
4732.0,2,0.00,55.0,58.0,58.0,42.0,57.0,1192,49.99,38018622971313
4732.0,3,0.00,57.0,58.0,58.0,43.0,59.0,1277,49.02,38425198079711
4737.0,0,,70.0,74.0,74.0,52.0,70.0,2790,200.14,72947735113769
4737.0,1,0.00,51.0,54.0,54.0,39.0,53.0,1122,49.90,42109469112060
4737.0,2,0.00,55.0,58.0,58.0,42.0,57.0,1207,50.14,38018907257873
4737.0,3,0.00,57.0,58.0,58.0,43.0,59.0,1270,49.14,38425477185119
4743.0,0,,71.0,74.0,74.0,52.0,70.0,2803,200.05,72948869409973
4743.0,1,0.00,51.0,54.0,54.0,39.0,52.0,1122,49.85,42109752246398
4743.0,2,0.00,55.0,58.0,58.0,42.0,57.0,1205,50.25,38019192666564
4743.0,3,0.00,57.0,58.0,58.0,43.0,59.0,1280,49.21,38425756215270
4748.0,0,,70.0,74.0,74.0,52.0,70.0,2800,199.77,72950004076110
4749.0,1,0.00,51.0,54.0,54.0,39.0,53.0,1110,49.49,42110033336120
4749.0,2,0.00,55.0,58.0,58.0,42.0,57.0,1216,50.31,38019478399719
4749.0,3,0.00,57.0,58.0,58.0,43.0,59.0,1269,49.30,38426036213806
4754.0,0,,70.0,74.0,72.0,52.0,70.0,2803,200.09,72951140578369
4754.0,1,0.00,51.0,54.0,54.0,39.0,53.0,1121,49.77,42110315542114
4754.0,2,0.00,55.0,58.0,58.0,42.0,57.0,1206,50.06,38019762215209
4754.0,3,0.00,57.0,58.0,58.0,43.0,59.0,1269,49.19,38426315112731
4760.0,0,,71.0,72.0,72.0,51.0,70.0,2803,199.84,72952273698791
4760.0,1,0.00,51.0,54.0,54.0,39.0,52.0,1121,50.01,42110599119323
4760.0,2,0.00,55.0,58.0,58.0,42.0,57.0,1206,51.15,38020052770202
4760.0,3,0.00,57.0,58.0,58.0,43.0,59.0,1269,49.10,38426593982604
4765.0,0,,70.0,72.0,72.0,51.0,69.0,2803,200.40,72953409963806
4766.0,1,0.00,51.0,54.0,54.0,39.0,53.0,1111,49.95,42110882821899
4766.0,2,0.00,55.0,58.0,58.0,42.0,57.0,1228,50.36,38020338314331
4766.0,3,0.00,57.0,58.0,58.0,43.0,59.0,1281,49.27,38426873322265
4771.0,0,,71.0,72.0,72.0,51.0,70.0,2802,199.69,72954544213012
4771.0,1,0.00,51.0,54.0,54.0,39.0,53.0,1121,49.70,42111164609619
4771.0,2,0.00,55.0,58.0,58.0,42.0,57.0,1237,50.34,38020623744689
4772.0,3,0.00,57.0,58.0,58.0,43.0,59.0,1268,49.02,38427151749450
4777.0,0,,70.0,72.0,72.0,51.0,70.0,2654,199.37,72955676632385
4777.0,1,0.00,51.0,54.0,54.0,39.0,53.0,1121,49.64,42111446592773
4777.0,2,0.00,55.0,58.0,58.0,42.0,57.0,1248,50.03,38020907903869
4777.0,3,0.00,57.0,58.0,58.0,43.0,59.0,1291,49.14,38427430364440
4782.0,0,,71.0,72.0,72.0,51.0,70.0,2686,200.31,72956812404724
4783.0,1,0.00,51.0,54.0,54.0,39.0,52.0,1111,50.00,42111730111206
4783.0,2,0.00,55.0,58.0,58.0,42.0,57.0,1248,50.34,38021193359069
4783.0,3,0.00,57.0,58.0,58.0,43.0,59.0,1269,49.14,38427709503967
4788.0,0,,70.0,72.0,72.0,51.0,70.0,2802,200.14,72957949174743
4788.0,1,0.00,51.0,54.0,54.0,39.0,52.0,1122,49.62,42112011928955
4788.0,2,0.00,55.0,58.0,58.0,42.0,57.0,1185,50.20,38021478496948
4789.0,3,0.00,57.0,58.0,58.0,43.0,59.0,1270,49.22,38427988604125
4794.0,0,,70.0,72.0,72.0,51.0,70.0,2687,200.30,72959084873291
4794.0,1,0.00,51.0,54.0,54.0,39.0,52.0,1121,49.77,42112294105957
4794.0,2,0.00,55.0,58.0,58.0,42.0,57.0,1226,50.08,38021762427185
4794.0,3,0.00,57.0,58.0,58.0,44.0,59.0,1300,49.07,38428267319641
4799.0,0,,71.0,72.0,72.0,51.0,70.0,2558,200.05,72960219137268
4800.0,1,0.00,51.0,54.0,54.0,39.0,53.0,1111,49.89,42112577508789
4800.0,2,0.00,55.0,58.0,58.0,42.0,57.0,1196,50.14,38022047228454
4800.0,3,0.00,57.0,58.0,58.0,43.0,59.0,1292,49.14,38428545940124
4805.0,0,,70.0,72.0,72.0,51.0,70.0,2761,199.50,72961352278076
4805.0,1,0.00,51.0,54.0,54.0,39.0,53.0,1121,50.03,42112861155395
4805.0,2,0.00,55.0,58.0,58.0,42.0,57.0,1195,50.37,38022332810058
4806.0,3,0.00,57.0,58.0,58.0,43.0,59.0,1258,49.37,38428825895935
4811.0,0,,70.0,72.0,72.0,52.0,70.0,2802,200.33,72962488136596
4811.0,1,0.00,51.0,54.0,54.0,39.0,52.0,1121,49.64,42113143114440
4811.0,2,0.00,55.0,58.0,58.0,42.0,56.0,1195,50.17,38022617796386
4811.0,3,0.00,57.0,58.0,58.0,43.0,59.0,1269,49.29,38429105842895
4816.0,0,,69.0,72.0,72.0,51.0,69.0,2727,199.95,72963623830505
4817.0,1,0.00,51.0,54.0,54.0,39.0,52.0,1111,49.74,42113425141601
4817.0,2,0.00,55.0,58.0,58.0,42.0,57.0,1206,50.07,38022901670837
4817.0,3,0.00,57.0,58.0,58.0,43.0,58.0,1280,49.10,38429384257385
4822.0,0,,70.0,72.0,72.0,51.0,69.0,2625,200.30,72964759513793
4822.0,1,0.00,51.0,54.0,54.0,39.0,53.0,1111,49.84,42113707726318
4822.0,2,0.00,55.0,58.0,58.0,42.0,57.0,1217,50.31,38023186948547
4823.0,3,0.00,57.0,58.0,58.0,43.0,59.0,1270,49.22,38429663307067
4828.0,0,,70.0,72.0,72.0,51.0,70.0,2782,199.39,72965890065979
4828.0,1,0.00,51.0,54.0,54.0,39.0,53.0,1121,49.85,42113990874023
4828.0,2,0.00,55.0,58.0,58.0,42.0,57.0,1248,50.25,38023472344665
4828.0,3,0.00,57.0,58.0,58.0,44.0,59.0,1290,49.15,38429942464904
4833.0,0,,70.0,72.0,72.0,51.0,70.0,2778,200.13,72967026829711
4834.0,1,0.00,51.0,54.0,54.0,39.0,53.0,1120,49.57,42114272409118
4834.0,2,0.00,55.0,58.0,58.0,42.0,57.0,1226,50.00,38023756359069
4834.0,3,0.00,57.0,58.0,58.0,44.0,59.0,1279,49.04,38430221039001
4839.0,0,,70.0,72.0,72.0,51.0,70.0,2537,200.11,72968163480895
4839.0,1,0.00,51.0,54.0,54.0,39.0,53.0,1110,49.93,42114555522888
4839.0,2,0.00,55.0,58.0,58.0,42.0,57.0,1216,50.22,38024041132751
4840.0,3,0.00,57.0,58.0,58.0,43.0,59.0,1290,49.17,38430500301025
4845.0,0,,69.0,72.0,72.0,51.0,69.0,2769,199.52,72969296772460
4845.0,1,0.00,51.0,54.0,54.0,39.0,52.0,1121,49.92,42114839066711
4845.0,2,0.00,55.0,58.0,58.0,42.0,57.0,1206,50.28,38024326702392
4845.0,3,0.00,57.0,58.0,58.0,43.0,59.0,1271,49.19,38430779231384
4851.0,0,,70.0,72.0,72.0,51.0,69.0,2805,200.04,72970430998779
4851.0,1,0.00,51.0,54.0,54.0,39.0,52.0,1121,49.64,42115120541503
4851.0,2,0.00,55.0,58.0,58.0,42.0,57.0,1259,50.30,38024611905395
4851.0,3,0.00,57.0,58.0,58.0,43.0,59.0,1269,49.39,38431059278686
4856.0,0,,67.0,76.0,76.0,51.0,69.0,2623,185.11,72971480599853
4856.0,1,0.00,51.0,54.0,54.0,39.0,52.0,1111,49.83,42115403087829
4856.0,2,0.00,55.0,58.0,58.0,42.0,57.0,1206,49.91,38024895412353
4857.0,3,0.00,57.0,58.0,58.0,43.0,59.0,1291,49.06,38431337915649
4862.0,0,,68.0,78.0,78.0,51.0,69.0,2233,181.12,72972507532958
4862.0,1,0.00,51.0,54.0,54.0,39.0,52.0,1122,49.81,42115685983276
4862.0,2,0.00,55.0,58.0,58.0,42.0,57.0,1196,50.25,38025180324523
4862.0,3,0.00,57.0,58.0,58.0,43.0,59.0,1291,49.24,38431617122314
4868.0,0,,68.0,80.0,80.0,51.0,69.0,2103,180.86,72973534816589
4868.0,1,0.00,51.0,54.0,54.0,39.0,52.0,1121,50.02,42115969614074
4868.0,2,0.00,55.0,58.0,58.0,42.0,57.0,1247,50.32,38025466158203
4868.0,3,0.00,57.0,58.0,58.0,43.0,59.0,1289,49.33,38431897297912
4873.0,0,,68.0,80.0,80.0,51.0,70.0,2094,181.16,72974563827758
4873.0,1,0.00,51.0,54.0,54.0,39.0,53.0,1110,49.64,42116251566589
4874.0,2,0.00,55.0,58.0,58.0,42.0,57.0,1238,50.30,38025751368225
4874.0,3,0.00,57.0,58.0,58.0,43.0,59.0,1249,49.15,38432175991760
4879.0,0,,71.0,76.0,76.0,52.0,70.0,2263,186.80,72975622967163
4879.0,1,0.00,51.0,54.0,54.0,39.0,53.0,1121,49.90,42116534508544
4879.0,2,0.00,55.0,58.0,58.0,42.0,57.0,1227,50.16,38026036282897
4879.0,3,0.00,57.0,58.0,58.0,43.0,58.0,1269,49.26,38432455767822
4885.0,0,,70.0,74.0,74.0,52.0,70.0,2537,199.83,72976758023803
4885.0,1,0.00,51.0,54.0,54.0,39.0,53.0,1121,49.98,42116818392150
4885.0,2,0.00,55.0,58.0,58.0,42.0,57.0,1195,50.34,38026321721130
4885.0,3,0.00,57.0,58.0,58.0,43.0,59.0,1280,49.19,38432734691162
4890.0,0,,71.0,74.0,74.0,52.0,70.0,2770,200.43,72977894468505
4890.0,1,0.00,51.0,54.0,54.0,39.0,53.0,1111,49.95,42117101592102
4891.0,2,0.00,55.0,58.0,58.0,42.0,57.0,1217,50.17,38026606700012
4891.0,3,0.00,57.0,58.0,58.0,43.0,59.0,1280,49.18,38433014041931
4896.0,0,,71.0,74.0,74.0,52.0,70.0,2803,199.55,72979027939819
4896.0,1,0.00,51.0,54.0,54.0,39.0,53.0,1121,49.67,42117383718444
4896.0,2,0.00,55.0,58.0,58.0,42.0,57.0,1206,50.08,38026890638916
4896.0,3,0.00,57.0,58.0,58.0,43.0,59.0,1269,49.13,38433292597229
4902.0,0,,71.0,74.0,74.0,52.0,70.0,2802,200.07,72980162328979
4902.0,1,0.00,51.0,54.0,54.0,39.0,53.0,1121,49.81,42117666653137
4902.0,2,0.00,55.0,58.0,58.0,42.0,57.0,1205,50.18,38027175679565
4902.0,3,0.00,57.0,58.0,58.0,43.0,59.0,1279,49.05,38433571175109
4907.0,0,,71.0,74.0,72.0,51.0,70.0,2812,200.18,72981299350524
4907.0,1,0.00,51.0,54.0,54.0,39.0,53.0,1111,49.83,42117949184082
4908.0,2,0.00,55.0,58.0,58.0,42.0,57.0,1195,50.31,38027460921752
4908.0,3,0.00,57.0,58.0,58.0,43.0,59.0,1280,49.28,38433850580139
4913.0,0,,70.0,72.0,72.0,51.0,70.0,2803,200.06,72982433703796
4913.0,1,0.00,51.0,54.0,54.0,39.0,52.0,1121,49.52,42118230463989
4913.0,2,0.00,55.0,58.0,58.0,42.0,57.0,1248,50.20,38027746071838
4913.0,3,0.00,57.0,58.0,58.0,43.0,59.0,1269,49.26,38434130356872
4919.0,0,,70.0,72.0,72.0,51.0,69.0,2811,199.53,72983567037658
4919.0,1,0.00,51.0,54.0,54.0,39.0,53.0,1120,49.74,42118512474487
4919.0,2,0.00,55.0,58.0,58.0,42.0,57.0,1257,50.14,38028030888061
4919.0,3,0.00,57.0,58.0,58.0,43.0,59.0,1279,49.11,38434409313842
4924.0,0,,70.0,72.0,72.0,51.0,69.0,2801,199.96,72984702830993
4924.0,1,0.00,51.0,54.0,54.0,39.0,52.0,1110,49.98,42118796374633
4925.0,2,0.00,55.0,58.0,58.0,42.0,57.0,1227,50.34,38028316305664
4925.0,3,0.00,57.0,58.0,58.0,43.0,59.0,1279,49.22,38434688384765
4930.0,0,,70.0,72.0,72.0,51.0,70.0,2695,200.09,72985839358154
4930.0,1,0.00,51.0,54.0,54.0,39.0,53.0,1120,49.87,42119079656616
4930.0,2,0.00,55.0,58.0,58.0,42.0,57.0,1247,50.21,38028601478515
4930.0,3,0.00,57.0,58.0,58.0,44.0,59.0,1268,49.21,38434967898864
4936.0,0,,69.0,72.0,72.0,51.0,69.0,2654,200.08,72986975802490
4936.0,1,0.00,51.0,54.0,54.0,39.0,53.0,1121,49.67,42119361767395
4936.0,2,0.00,55.0,58.0,58.0,42.0,57.0,1248,49.95,38028885180603
4936.0,3,0.00,57.0,58.0,58.0,43.0,59.0,1281,48.96,38435246010070
4941.0,0,,70.0,72.0,72.0,51.0,69.0,2793,199.56,72988107322082
4941.0,1,0.00,51.0,54.0,54.0,39.0,52.0,1111,49.88,42119644609069
4942.0,2,0.00,55.0,58.0,58.0,42.0,57.0,1196,50.24,38029170049316
4942.0,3,0.00,57.0,58.0,58.0,43.0,59.0,1269,49.16,38435524743713
4947.0,0,,70.0,72.0,72.0,51.0,70.0,2802,200.68,72989245194152
4947.0,1,0.00,51.0,54.0,54.0,39.0,52.0,1121,49.93,42119927737243
4947.0,2,0.00,55.0,58.0,58.0,42.0,57.0,1206,50.28,38029455153686
4947.0,3,0.00,57.0,58.0,58.0,43.0,59.0,1270,49.07,38435803446228
4953.0,0,,71.0,72.0,72.0,51.0,70.0,2517,199.55,72990378662414
4953.0,1,0.00,51.0,54.0,54.0,39.0,53.0,1121,49.72,42120210119995
4953.0,2,0.00,55.0,58.0,58.0,42.0,57.0,1206,50.16,38029740090759
4953.0,3,0.00,57.0,58.0,58.0,43.0,59.0,1279,49.36,38436083308776
4958.0,0,,71.0,72.0,72.0,51.0,70.0,2761,199.98,72991512522766
4958.0,1,0.00,51.0,54.0,54.0,39.0,52.0,1111,49.70,42120491930541
4959.0,2,0.00,55.0,58.0,58.0,42.0,57.0,1217,50.13,38030024346191
4959.0,3,0.00,57.0,58.0,58.0,43.0,59.0,1280,49.03,38436361319946
4964.0,0,,71.0,72.0,72.0,51.0,70.0,2800,200.33,72992650423217
4964.0,1,0.00,51.0,54.0,54.0,39.0,52.0,1120,49.94,42120775569458
4964.0,2,0.00,55.0,58.0,58.0,42.0,57.0,1247,50.22,38030309609252
4964.0,3,0.00,57.0,58.0,58.0,43.0,59.0,1268,49.18,38436640661560
4970.0,0,,70.0,72.0,72.0,51.0,70.0,2676,199.68,72993782605957
4970.0,1,0.00,51.0,54.0,54.0,39.0,53.0,1122,49.92,42121058643371
4970.0,2,0.00,55.0,58.0,58.0,42.0,57.0,1207,50.19,38030594164489
4970.0,3,0.00,57.0,58.0,58.0,44.0,59.0,1281,49.24,38436919842407
4975.0,0,,70.0,72.0,72.0,51.0,69.0,2772,200.09,72994917109375
4976.0,1,0.00,51.0,54.0,54.0,39.0,52.0,1112,49.69,42121340374328
4976.0,2,0.00,55.0,58.0,58.0,42.0,57.0,1196,50.26,38030879133056
4976.0,3,0.00,57.0,58.0,58.0,44.0,59.0,1280,49.32,38437199952575
4981.0,0,,70.0,72.0,72.0,52.0,69.0,2718,200.16,72996054045532
4981.0,1,0.00,51.0,54.0,54.0,39.0,52.0,1121,49.84,42121623458496
4981.0,2,0.00,55.0,58.0,58.0,42.0,57.0,1206,50.16,38031164058105
4981.0,3,0.00,57.0,58.0,58.0,43.0,59.0,1269,49.22,38437479010559
4987.0,0,,70.0,72.0,72.0,52.0,70.0,2633,200.37,72997190127319
4987.0,1,0.00,51.0,54.0,54.0,39.0,53.0,1110,49.96,42121906726928
4987.0,2,0.00,55.0,58.0,58.0,42.0,57.0,1206,50.19,38031449146057
4987.0,3,0.00,57.0,58.0,58.0,43.0,59.0,1269,49.09,38437757831848
4992.0,0,,70.0,72.0,72.0,51.0,70.0,2781,199.33,72998322337951
4993.0,1,0.00,51.0,54.0,54.0,39.0,53.0,1111,49.68,42122188896850
4993.0,2,0.00,55.0,58.0,58.0,42.0,57.0,1195,50.26,38031734139526
4993.0,3,0.00,57.0,58.0,58.0,44.0,59.0,1301,49.33,38438037553405
4998.0,0,,69.0,72.0,72.0,51.0,69.0,2748,200.77,72999460696655
4998.0,1,0.00,51.0,54.0,54.0,39.0,53.0,1120,49.67,42122471012817
4998.0,2,0.00,55.0,58.0,58.0,42.0,57.0,1247,50.10,38032018686279
4999.0,3,0.00,57.0,58.0,58.0,44.0,59.0,1269,49.04,38438316073120
5004.0,0,,69.0,72.0,72.0,51.0,69.0,2611,199.79,73000595494445
5004.0,1,0.00,51.0,54.0,54.0,39.0,52.0,1121,49.83,42122753520629
5004.0,2,0.00,55.0,58.0,58.0,42.0,57.0,1248,50.23,38032304015686
5004.0,3,0.00,57.0,58.0,58.0,43.0,59.0,1269,49.06,38438594736450
5009.0,0,,67.0,76.0,76.0,51.0,69.0,2685,187.35,73001659669433
5010.0,1,0.00,51.0,54.0,54.0,39.0,53.0,1110,49.96,42123037314331
5010.0,2,0.00,55.0,58.0,58.0,42.0,57.0,1216,50.19,38032588600402
5010.0,3,0.00,57.0,58.0,58.0,43.0,59.0,1300,49.28,38438874161804
5015.0,0,,67.0,78.0,78.0,51.0,69.0,2317,181.15,73002686803222
5015.0,1,0.00,51.0,54.0,54.0,39.0,53.0,1122,49.63,42123319236877
5015.0,2,0.00,55.0,58.0,58.0,42.0,57.0,1195,50.26,38032874060302
5016.0,3,0.00,57.0,58.0,58.0,44.0,59.0,1290,49.42,38439154861694
5021.0,0,,68.0,78.0,78.0,51.0,69.0,2126,180.84,73003713981323
5021.0,1,0.00,51.0,54.0,54.0,39.0,53.0,1121,49.94,42123602403808
5021.0,2,0.00,55.0,58.0,58.0,42.0,57.0,1206,50.27,38033159083740
5021.0,3,0.00,57.0,58.0,58.0,43.0,59.0,1280,49.18,38439434218688
5026.0,0,,68.0,80.0,80.0,51.0,69.0,2104,181.39,73004742472106
5027.0,1,0.00,51.0,54.0,54.0,39.0,52.0,1111,49.91,42123885901672
5027.0,2,0.00,55.0,58.0,58.0,42.0,57.0,1206,50.20,38033444208374
5027.0,3,0.00,57.0,58.0,58.0,43.0,59.0,1259,49.30,38439713743347
5032.0,0,,71.0,78.0,78.0,52.0,70.0,2265,183.21,73005783114257
5032.0,1,0.00,51.0,54.0,54.0,39.0,52.0,1121,49.87,42124168664978
5032.0,2,0.00,55.0,58.0,58.0,42.0,57.0,1196,50.25,38033729107849
5033.0,3,0.00,57.0,58.0,58.0,43.0,59.0,1270,49.32,38439993408142
5038.0,0,,71.0,74.0,76.0,52.0,71.0,2475,200.56,73006920266296
5038.0,1,0.00,51.0,54.0,54.0,39.0,52.0,1122,49.75,42124450755004
5038.0,2,0.00,55.0,58.0,58.0,42.0,57.0,1206,50.36,38034014650207
5038.0,3,0.00,57.0,58.0,58.0,43.0,59.0,1280,48.95,38440271471923
5043.0,0,,71.0,74.0,74.0,52.0,71.0,2759,199.86,73008055471130
5044.0,1,0.00,51.0,54.0,54.0,39.0,52.0,1111,49.71,42124733122253
5044.0,2,0.00,55.0,58.0,58.0,42.0,57.0,1217,50.14,38034299420837
5044.0,3,0.00,57.0,58.0,58.0,43.0,59.0,1280,49.06,38440549640075
5049.0,0,,71.0,74.0,74.0,52.0,70.0,2801,200.10,73009190057312
5049.0,1,0.00,51.0,54.0,54.0,39.0,52.0,1120,50.01,42125016652587
5049.0,2,0.00,55.0,58.0,58.0,42.0,57.0,1237,50.14,38034584242126
5050.0,3,0.00,57.0,58.0,58.0,43.0,59.0,1268,49.22,38440829212768
5055.0,0,,70.0,74.0,74.0,52.0,70.0,2801,199.88,73010325390747
5055.0,1,0.00,51.0,54.0,54.0,39.0,53.0,1122,49.72,42125299069030
5055.0,2,0.00,55.0,58.0,58.0,42.0,57.0,1248,50.28,38034869303527
5055.0,3,0.00,57.0,58.0,58.0,43.0,59.0,1269,49.36,38441109084716
5060.0,0,,70.0,72.0,72.0,51.0,70.0,2804,199.75,73011457949523
5061.0,1,0.00,51.0,54.0,54.0,39.0,53.0,1111,49.85,42125581741943
5061.0,2,0.00,55.0,58.0,58.0,42.0,57.0,1238,50.15,38035153658752
5061.0,3,0.00,57.0,58.0,58.0,43.0,59.0,1281,49.09,38441387435058
5066.0,0,,70.0,72.0,74.0,51.0,69.0,2803,200.25,73012593378662
5066.0,1,0.00,51.0,54.0,54.0,39.0,53.0,1111,49.80,42125864603088
5066.0,2,0.00,55.0,58.0,58.0,42.0,57.0,1206,50.15,38035438523498
5067.0,3,0.00,57.0,58.0,58.0,43.0,59.0,1269,49.10,38441666348571
5072.0,0,,71.0,74.0,72.0,51.0,70.0,2799,199.57,73013728913330
5072.0,1,0.00,51.0,54.0,54.0,39.0,53.0,1120,49.81,42126147531433
5072.0,2,0.00,55.0,58.0,58.0,42.0,57.0,1204,50.20,38035723649658
5072.0,3,0.00,57.0,58.0,58.0,43.0,59.0,1278,49.21,38441945888793
5078.0,0,,70.0,72.0,72.0,51.0,70.0,2812,200.45,73014865437377
5078.0,1,0.00,51.0,54.0,54.0,39.0,53.0,1111,49.49,42126428643737
5078.0,2,0.00,55.0,58.0,58.0,42.0,57.0,1206,50.29,38036009306091
5078.0,3,0.00,57.0,58.0,58.0,44.0,59.0,1280,49.32,38442226035766
5083.0,0,,70.0,72.0,72.0,51.0,69.0,2794,199.82,73015998400817
5083.0,1,0.00,51.0,54.0,54.0,39.0,52.0,1111,49.79,42126710954650
5084.0,2,0.00,55.0,58.0,58.0,42.0,57.0,1196,50.23,38036294099365
5084.0,3,0.00,57.0,58.0,58.0,44.0,59.0,1270,49.11,38442504492065
5089.0,0,,71.0,72.0,72.0,51.0,69.0,2622,199.98,73017134299194
5089.0,1,0.00,51.0,54.0,54.0,39.0,52.0,1121,49.82,42126993433898
5089.0,2,0.00,55.0,58.0,58.0,42.0,57.0,1194,50.11,38036578704467
5089.0,3,0.00,57.0,58.0,58.0,43.0,59.0,1268,49.12,38442783472961
5095.0,0,,71.0,72.0,72.0,51.0,70.0,2779,200.34,73018272202453
5095.0,1,0.00,51.0,54.0,54.0,39.0,53.0,1120,49.84,42127277048034
5095.0,2,0.00,55.0,58.0,58.0,42.0,57.0,1206,50.20,38036863857666
5095.0,3,0.00,57.0,58.0,58.0,44.0,59.0,1280,49.20,38443062948547
5100.0,0,,70.0,72.0,72.0,51.0,69.0,2793,199.99,73019408139465
5100.0,1,0.00,51.0,54.0,54.0,39.0,52.0,1112,49.79,42127559362365
5101.0,2,0.00,55.0,58.0,58.0,42.0,57.0,1206,50.16,38037148237609
5101.0,3,0.00,57.0,58.0,58.0,44.0,59.0,1291,49.07,38443341171203
5106.0,0,,69.0,72.0,72.0,51.0,69.0,2548,200.14,73020542933593
5106.0,1,0.00,51.0,54.0,54.0,39.0,53.0,1121,49.95,42127842606262
5106.0,2,0.00,55.0,58.0,58.0,42.0,57.0,1237,50.27,38037433259033
5106.0,3,0.00,57.0,58.0,58.0,43.0,59.0,1279,49.09,38443619975769
5112.0,0,,71.0,72.0,72.0,51.0,70.0,2737,199.43,73021675695983
5112.0,1,0.00,51.0,54.0,54.0,39.0,52.0,1120,49.85,42128125735595
5112.0,2,0.00,55.0,58.0,58.0,42.0,57.0,1258,50.15,38037718135131
5112.0,3,0.00,57.0,58.0,58.0,44.0,59.0,1269,49.29,38443899431274
5117.0,0,,70.0,72.0,72.0,51.0,70.0,2796,200.33,73022811569702
5117.0,1,0.00,51.0,54.0,54.0,39.0,52.0,1112,49.50,42128406401184
5118.0,2,0.00,55.0,58.0,58.0,42.0,57.0,1218,50.25,38038003043762
5118.0,3,0.00,57.0,58.0,58.0,43.0,59.0,1271,49.31,38444179032165
5123.0,0,,70.0,72.0,72.0,51.0,70.0,2686,199.76,73023944208312
5123.0,1,0.00,51.0,54.0,54.0,39.0,52.0,1122,49.85,42128689041870
5123.0,2,0.00,55.0,58.0,58.0,42.0,57.0,1196,50.21,38038287754089
5123.0,3,0.00,57.0,58.0,58.0,43.0,59.0,1269,49.15,38444457690551
5129.0,0,,71.0,72.0,72.0,51.0,70.0,2654,199.74,73025078727111
5129.0,1,0.00,51.0,54.0,54.0,39.0,53.0,1121,49.76,42128971654113
5129.0,2,0.00,55.0,58.0,58.0,42.0,57.0,1205,50.07,38038572153503
5129.0,3,0.00,57.0,58.0,58.0,43.0,59.0,1279,49.05,38444736321166
5134.0,0,,70.0,72.0,72.0,51.0,69.0,2793,200.24,73026214107421
5134.0,1,0.00,51.0,54.0,54.0,39.0,53.0,1112,49.93,42129254781188
5135.0,2,0.00,55.0,58.0,58.0,42.0,57.0,1196,50.23,38038856932312
5135.0,3,0.00,57.0,58.0,58.0,43.0,59.0,1302,49.34,38445016083679
5140.0,0,,70.0,72.0,72.0,51.0,69.0,2794,199.80,73027346996765
5140.0,1,0.00,51.0,54.0,54.0,39.0,53.0,1111,49.76,42129536942932
5140.0,2,0.00,55.0,58.0,58.0,42.0,57.0,1207,50.40,38039142694641
5140.0,3,0.00,57.0,58.0,58.0,44.0,59.0,1291,49.11,38445294531677
5146.0,0,,69.0,72.0,72.0,51.0,69.0,2527,200.81,73028485575256
5146.0,1,0.00,51.0,54.0,54.0,39.0,52.0,1121,49.83,42129819986389
5146.0,2,0.00,55.0,58.0,58.0,42.0,57.0,1226,50.12,38039427404235
5146.0,3,0.00,57.0,58.0,58.0,43.0,58.0,1300,49.05,38445573124572
5151.0,0,,71.0,72.0,72.0,51.0,70.0,2759,198.95,73029615604492
5151.0,1,0.00,51.0,54.0,54.0,39.0,52.0,1111,49.84,42130102597473
5152.0,2,0.00,55.0,58.0,58.0,42.0,57.0,1195,50.21,38039712067626
5152.0,3,0.00,57.0,58.0,58.0,43.0,59.0,1280,49.15,38445852298889
5157.0,0,,71.0,72.0,72.0,51.0,70.0,2804,200.11,73030750241088
5157.0,1,0.00,51.0,54.0,54.0,39.0,53.0,1111,49.86,42130385303588
5157.0,2,0.00,55.0,58.0,58.0,42.0,57.0,1228,50.27,38039997081542
5157.0,3,0.00,57.0,58.0,58.0,44.0,59.0,1271,49.38,38446131775756
5163.0,0,,68.0,76.0,76.0,51.0,69.0,2782,191.48,73031835948974
5163.0,1,0.00,51.0,54.0,54.0,39.0,52.0,1122,49.64,42130667266540
5163.0,2,0.00,55.0,58.0,58.0,42.0,57.0,1248,50.10,38040281634155
5163.0,3,0.00,57.0,58.0,58.0,43.0,59.0,1280,49.01,38446410136413
5168.0,0,,67.0,78.0,78.0,51.0,69.0,2307,180.67,73032862132019
5168.0,1,0.00,51.0,54.0,54.0,39.0,53.0,1110,49.93,42130950356079
5169.0,2,0.00,55.0,58.0,58.0,42.0,57.0,1216,50.18,38040566145751
5169.0,3,0.00,57.0,58.0,58.0,43.0,59.0,1300,49.18,38446689503234
5174.0,0,,68.0,78.0,78.0,51.0,69.0,2123,180.89,73033889598205
5174.0,1,0.00,51.0,54.0,54.0,39.0,53.0,1120,49.80,42131233225097
5174.0,2,0.00,55.0,58.0,58.0,42.0,57.0,1205,50.25,38040851588134
5174.0,3,0.00,57.0,58.0,58.0,43.0,59.0,1268,49.29,38446969456115
5180.0,0,,68.0,80.0,80.0,51.0,70.0,2092,181.06,73034918041931
5180.0,1,0.00,51.0,54.0,54.0,39.0,53.0,1121,49.76,42131515850646
5180.0,2,0.00,55.0,58.0,58.0,42.0,57.0,1206,50.35,38041137583312
5180.0,3,0.00,57.0,58.0,58.0,43.0,59.0,1270,49.47,38447249944335
5185.0,0,,68.0,80.0,80.0,51.0,69.0,2212,181.51,73035947223327
5185.0,1,0.00,51.0,54.0,54.0,39.0,52.0,1110,49.92,42131798896057
5186.0,2,0.00,55.0,58.0,58.0,42.0,57.0,1226,50.29,38041422705505
5186.0,3,0.00,57.0,58.0,58.0,43.0,59.0,1280,49.24,38447529149780
5191.0,0,,71.0,76.0,76.0,52.0,71.0,2380,199.32,73037077395935
5191.0,1,0.00,51.0,54.0,54.0,39.0,53.0,1122,49.82,42132081368713
5191.0,2,0.00,55.0,58.0,58.0,42.0,57.0,1250,50.11,38041706825195
5191.0,3,0.00,57.0,58.0,58.0,43.0,59.0,1271,49.14,38447807778442
5197.0,0,,71.0,74.0,74.0,52.0,71.0,2745,199.90,73038208811218
5197.0,1,0.00,51.0,54.0,54.0,39.0,52.0,1113,49.82,42132363860412
5197.0,2,0.00,55.0,58.0,58.0,42.0,57.0,1229,50.23,38041991653015
5197.0,3,0.00,57.0,58.0,58.0,43.0,59.0,1282,49.26,38448087087890
5202.0,0,,71.0,74.0,74.0,52.0,70.0,2796,199.72,73039341220825
5202.0,1,0.00,51.0,54.0,54.0,39.0,53.0,1112,49.73,42132645337402
5203.0,2,0.00,55.0,58.0,58.0,42.0,56.0,1176,50.47,38042277300231
5203.0,3,0.00,57.0,58.0,58.0,43.0,58.0,1281,49.06,38448364776855
5208.0,0,,71.0,74.0,74.0,52.0,70.0,2810,200.27,73040478777893
5208.0,1,0.00,51.0,54.0,54.0,39.0,53.0,1120,49.78,42132928572448
5208.0,2,0.00,55.0,58.0,58.0,42.0,57.0,1204,49.99,38042561747863
5208.0,3,0.00,57.0,58.0,58.0,43.0,59.0,1267,49.02,38448643692138
5214.0,0,,71.0,72.0,72.0,52.0,70.0,2800,199.39,73041611323608
5214.0,1,0.00,51.0,54.0,54.0,39.0,53.0,1121,49.84,42133211170227
5214.0,2,0.00,55.0,58.0,58.0,42.0,57.0,1249,50.17,38042846208557
5214.0,3,0.00,57.0,58.0,58.0,43.0,59.0,1270,49.13,38448922287109
5219.0,0,,70.0,72.0,72.0,51.0,70.0,2806,200.04,73042745526062
5220.0,1,0.00,51.0,54.0,54.0,39.0,53.0,1112,49.78,42133493417663
5220.0,2,0.00,55.0,58.0,58.0,42.0,57.0,1217,50.34,38043131631774
5220.0,3,0.00,57.0,58.0,58.0,43.0,59.0,1280,49.37,38449202204467
5225.0,0,100.00,70.0,72.0,72.0,52.0,70.0,2805,200.46,73043882154174
5225.0,1,0.00,51.0,54.0,54.0,39.0,52.0,1112,49.78,42133775650634
5225.0,2,0.00,55.0,58.0,58.0,42.0,57.0,1207,50.14,38043415932861
5225.0,3,0.00,57.0,58.0,58.0,44.0,59.0,1260,49.09,38449480562133
5231.0,0,,70.0,72.0,72.0,51.0,69.0,2802,200.25,73045017587646
5231.0,1,0.00,51.0,54.0,54.0,39.0,52.0,1122,49.87,42134058425048
5231.0,2,0.00,55.0,58.0,58.0,42.0,57.0,1195,50.01,38043700010864
5231.0,3,0.00,57.0,58.0,58.0,44.0,59.0,1269,49.10,38449759426635
5236.0,0,,71.0,72.0,72.0,51.0,69.0,2801,199.47,73046150557006
5237.0,1,0.00,51.0,54.0,54.0,39.0,53.0,1110,49.71,42134340757995
5237.0,2,0.00,55.0,58.0,58.0,42.0,57.0,1227,50.32,38043985322631
5237.0,3,0.00,57.0,58.0,58.0,43.0,59.0,1279,49.33,38450039151367
5242.0,0,,70.0,72.0,72.0,51.0,69.0,2590,200.21,73047287734313
5242.0,1,0.00,51.0,54.0,54.0,39.0,53.0,1121,49.64,42134622696899
5242.0,2,0.00,55.0,58.0,58.0,42.0,57.0,1227,50.32,38044271160949
5243.0,3,0.00,57.0,58.0,58.0,43.0,59.0,1270,49.26,38450318966979
5248.0,0,,70.0,72.0,72.0,51.0,69.0,2741,199.57,73048419284912
5248.0,1,0.00,51.0,54.0,54.0,39.0,52.0,1112,49.69,42134904439819
5248.0,2,0.00,55.0,58.0,58.0,42.0,57.0,1196,50.07,38044555070983
5248.0,3,0.00,57.0,58.0,58.0,43.0,59.0,1301,49.08,38450597268188
5253.0,0,,70.0,72.0,72.0,51.0,70.0,2804,200.56,73049556486145
5254.0,1,0.00,52.0,54.0,54.0,39.0,52.0,1111,49.86,42135187133483
5254.0,2,0.00,55.0,58.0,58.0,42.0,57.0,1196,50.14,38044839370056
5254.0,3,0.00,57.0,58.0,58.0,44.0,59.0,1291,49.10,38450875669372
5259.0,0,,71.0,72.0,72.0,51.0,70.0,2635,200.00,73050690461547
5259.0,1,0.00,51.0,54.0,54.0,39.0,52.0,1112,49.81,42135469579101
5259.0,2,0.00,55.0,58.0,58.0,42.0,57.0,1207,50.32,38045124710571
5260.0,3,0.00,57.0,58.0,58.0,44.0,59.0,1271,49.28,38451155097839
5265.0,0,,69.0,72.0,72.0,51.0,69.0,2698,200.02,73051824569641
5265.0,1,0.00,51.0,54.0,54.0,39.0,53.0,1122,49.80,42135751950439
5265.0,2,0.00,55.0,58.0,58.0,42.0,57.0,1227,50.44,38045410678649
5265.0,3,0.00,57.0,58.0,58.0,43.0,58.0,1302,49.11,38451433568542
5270.0,0,,71.0,72.0,72.0,51.0,69.0,2793,200.15,73052959394836
5271.0,1,0.00,51.0,54.0,54.0,39.0,52.0,1111,49.77,42136034162841
5271.0,2,0.00,55.0,58.0,58.0,42.0,57.0,1217,50.04,38045694918457
5271.0,3,0.00,57.0,58.0,58.0,43.0,59.0,1290,49.05,38451712147705
5276.0,0,,70.0,72.0,72.0,51.0,69.0,2794,199.68,73054091561767
5276.0,1,0.00,51.0,54.0,54.0,39.0,52.0,1111,49.78,42136316909118
5276.0,2,0.00,55.0,58.0,58.0,42.0,57.0,1227,50.20,38045979569274
5277.0,3,0.00,57.0,58.0,58.0,43.0,59.0,1238,49.25,38451991392150
5282.0,0,,70.0,72.0,72.0,52.0,70.0,2571,199.88,73055226863952
5282.0,1,0.00,51.0,54.0,54.0,39.0,52.0,1111,49.85,42136599539123
5282.0,2,0.00,55.0,58.0,58.0,42.0,57.0,1259,50.39,38046265296020
5282.0,3,0.00,57.0,58.0,58.0,43.0,59.0,1280,49.35,38452271202880
5287.0,0,,70.0,72.0,72.0,51.0,69.0,2762,199.64,73056358820251
5288.0,1,0.00,51.0,54.0,54.0,39.0,52.0,1112,49.70,42136881314331
5288.0,2,0.00,55.0,58.0,58.0,42.0,57.0,1239,50.02,38046548908447
5288.0,3,0.00,57.0,58.0,58.0,43.0,59.0,1271,48.98,38452548934509
5293.0,0,,70.0,72.0,72.0,51.0,69.0,2802,200.45,73057495355773
5293.0,1,0.00,51.0,54.0,54.0,39.0,53.0,1090,49.82,42137163795043
5293.0,2,0.00,55.0,58.0,58.0,42.0,57.0,1206,50.11,38046833036315
5294.0,3,0.00,57.0,58.0,58.0,43.0,59.0,1291,49.11,38452827867980
5299.0,0,,70.0,72.0,72.0,51.0,70.0,2656,199.73,73058627833801
5299.0,1,0.00,51.0,54.0,54.0,39.0,52.0,1122,49.83,42137446345214
5299.0,2,0.00,55.0,58.0,58.0,42.0,57.0,1207,50.30,38047118224243
5299.0,3,0.00,57.0,58.0,58.0,43.0,59.0,1292,49.34,38453107141906
5304.0,0,,70.0,72.0,72.0,51.0,70.0,2636,200.50,73059764644897
5305.0,1,0.00,51.0,54.0,54.0,39.0,53.0,1112,49.72,42137728278320
5305.0,2,0.00,55.0,58.0,58.0,42.0,57.0,1196,50.39,38047403916442
5305.0,3,0.00,57.0,58.0,58.0,43.0,59.0,1291,49.35,38453386966125
5310.0,0,,70.0,72.0,72.0,51.0,70.0,2793,200.29,73060900273498
5310.0,1,0.00,51.0,54.0,54.0,39.0,53.0,1111,49.71,42138010650146
5310.0,2,0.00,55.0,58.0,58.0,42.0,57.0,1238,50.00,38047687901123
5311.0,3,0.00,57.0,58.0,58.0,44.0,59.0,1270,49.04,38453665484985
5316.0,0,,67.0,74.0,74.0,51.0,69.0,2783,193.44,73061999007446
5316.0,1,0.00,51.0,54.0,54.0,39.0,53.0,1122,49.87,42138293408813
5316.0,2,0.00,55.0,58.0,58.0,42.0,57.0,1227,50.18,38047972444030
5316.0,3,0.00,57.0,58.0,58.0,44.0,59.0,1280,49.20,38453944467407
5321.0,0,,67.0,78.0,78.0,51.0,69.0,2422,181.09,73063025800231
5322.0,1,0.00,51.0,54.0,54.0,39.0,53.0,1109,49.94,42138577053833
5322.0,2,0.00,55.0,58.0,58.0,42.0,57.0,1194,50.42,38048258819335
5322.0,3,0.00,57.0,58.0,58.0,43.0,59.0,1289,49.45,38454225346496
5327.0,0,100.00,68.0,78.0,78.0,51.0,69.0,2132,180.77,73064054402893
5327.0,1,0.00,51.0,54.0,54.0,39.0,53.0,1098,49.79,42138859882751
5327.0,2,0.00,55.0,58.0,58.0,42.0,57.0,1225,50.09,38048543334594
5328.0,3,0.00,57.0,58.0,58.0,43.0,59.0,1267,49.15,38454504540283
5333.0,0,,68.0,80.0,80.0,51.0,70.0,2103,181.06,73065082833312
5333.0,1,0.00,51.0,54.0,54.0,39.0,53.0,1121,49.74,42139142401428
5333.0,2,0.00,55.0,58.0,58.0,42.0,57.0,1205,50.10,38048827927551
5333.0,3,0.00,57.0,58.0,58.0,43.0,59.0,1268,49.14,38454783677490
5339.0,0,,68.0,80.0,80.0,51.0,70.0,2177,180.61,73066106907104
5339.0,1,0.00,51.0,54.0,54.0,39.0,52.0,1109,49.90,42139425828674
5339.0,2,0.00,55.0,58.0,58.0,42.0,57.0,1194,50.30,38049113632568
5339.0,3,0.00,57.0,58.0,58.0,43.0,59.0,1278,49.21,38455063663635
5344.0,0,,71.0,76.0,76.0,52.0,70.0,2324,195.44,73067218942871
5344.0,1,0.00,51.0,54.0,54.0,39.0,52.0,1120,49.79,42139708635253
5345.0,2,0.00,55.0,58.0,58.0,42.0,57.0,1237,50.38,38049399782470
5345.0,3,0.00,57.0,58.0,58.0,43.0,59.0,1270,49.38,38455343653808
5350.0,0,,70.0,74.0,74.0,51.0,70.0,2728,200.18,73068353940002
5350.0,1,0.00,51.0,54.0,54.0,39.0,52.0,1121,49.84,42139991219726
5350.0,2,0.00,55.0,58.0,58.0,42.0,57.0,1226,49.98,38049683673828
5350.0,3,0.00,57.0,58.0,58.0,43.0,59.0,1280,48.97,38455621809265
5356.0,0,,70.0,74.0,74.0,52.0,70.0,2794,199.50,73069485118286
5356.0,1,0.00,51.0,54.0,54.0,39.0,52.0,1122,49.76,42140273880432
5356.0,2,0.00,55.0,58.0,58.0,42.0,57.0,1207,50.17,38049968143310
5356.0,3,0.00,57.0,58.0,58.0,43.0,59.0,1281,49.14,38455900434997
5361.0,0,,71.0,74.0,74.0,52.0,70.0,2804,200.38,73070621288452
5361.0,1,0.00,51.0,54.0,54.0,39.0,52.0,1111,49.91,42140556878417
5362.0,2,0.00,55.0,58.0,58.0,42.0,57.0,1196,50.38,38050253772216
5362.0,3,0.00,57.0,58.0,58.0,43.0,59.0,1269,49.37,38456180337097
5367.0,0,,71.0,74.0,72.0,51.0,70.0,2811,199.57,73071754836853
5367.0,1,0.00,51.0,54.0,54.0,39.0,53.0,1120,49.72,42140839303710
5367.0,2,0.00,55.0,58.0,58.0,42.0,57.0,1205,50.25,38050539186218
5367.0,3,0.00,57.0,58.0,58.0,43.0,59.0,1279,49.05,38456458938110
5373.0,0,,71.0,72.0,72.0,52.0,70.0,2801,199.97,73072890661193
5373.0,1,0.00,51.0,54.0,54.0,39.0,53.0,1121,49.74,42141121336853
5373.0,2,0.00,55.0,58.0,58.0,42.0,57.0,1248,50.10,38050823234558
5373.0,3,0.00,57.0,58.0,58.0,43.0,58.0,1280,48.98,38456737119689
5378.0,0,,69.0,72.0,72.0,51.0,69.0,2804,200.31,73074026394104
5378.0,1,0.00,51.0,54.0,54.0,39.0,53.0,1110,49.85,42141404467590
5379.0,2,0.00,55.0,58.0,58.0,42.0,57.0,1216,50.24,38051108577697
5379.0,3,0.00,57.0,58.0,58.0,43.0,59.0,1269,49.29,38457016568847
5384.0,0,,70.0,72.0,72.0,51.0,69.0,2801,199.58,73075160018493
5384.0,1,0.00,51.0,54.0,54.0,39.0,53.0,1122,49.78,42141686745666
5384.0,2,0.00,55.0,58.0,58.0,42.0,57.0,1185,50.31,38051393833862
5384.0,3,0.00,57.0,58.0,58.0,43.0,59.0,1271,49.26,38457295866210
5390.0,0,,70.0,72.0,72.0,51.0,69.0,2719,200.69,73076297916076
5390.0,1,0.00,51.0,54.0,54.0,39.0,53.0,1122,49.78,42141968982299
5390.0,2,0.00,55.0,58.0,58.0,42.0,57.0,1206,49.98,38051677732116
5390.0,3,0.00,57.0,58.0,58.0,43.0,59.0,1279,48.96,38457573952148
5395.0,0,,71.0,72.0,72.0,52.0,70.0,2623,198.93,73077427864379
5395.0,1,0.00,51.0,54.0,54.0,39.0,53.0,1079,49.74,42142251517822
5396.0,2,0.00,55.0,58.0,58.0,42.0,57.0,1228,50.18,38051962257263
5396.0,3,0.00,57.0,58.0,58.0,43.0,59.0,1270,49.12,38457852446228
5401.0,0,,71.0,72.0,72.0,52.0,70.0,2794,200.48,73078564606506
5401.0,1,0.00,51.0,54.0,54.0,39.0,53.0,1100,49.97,42142534870971
5401.0,2,0.00,55.0,58.0,58.0,42.0,57.0,1259,50.37,38052247881652
5401.0,3,0.00,57.0,58.0,58.0,44.0,59.0,1281,49.29,38458131912109
5407.0,0,,71.0,72.0,72.0,51.0,70.0,2792,200.53,73079701617065
5407.0,1,0.00,51.0,54.0,54.0,39.0,52.0,1121,49.63,42142816266601
5407.0,2,0.00,55.0,58.0,58.0,42.0,57.0,1237,50.25,38052532798828
5407.0,3,0.00,57.0,58.0,58.0,43.0,59.0,1280,49.30,38458411923767
5412.0,0,,71.0,72.0,72.0,51.0,70.0,2528,199.87,73080834890686
5412.0,1,0.00,51.0,54.0,54.0,39.0,52.0,1111,50.27,42143101791442
5413.0,2,0.00,55.0,58.0,58.0,42.0,57.0,1164,49.98,38052816712463
5413.0,3,0.00,57.0,58.0,58.0,43.0,59.0,1270,49.02,38458689894836
5418.0,0,,70.0,72.0,72.0,51.0,70.0,2709,200.36,73081970905822
5418.0,1,0.00,51.0,54.0,54.0,39.0,53.0,1121,49.75,42143383867431
5418.0,2,0.00,55.0,58.0,58.0,42.0,57.0,1185,50.26,38053101707946
5418.0,3,0.00,57.0,58.0,58.0,43.0,59.0,1270,49.10,38458968277587
5424.0,0,,71.0,72.0,72.0,51.0,70.0,2803,199.48,73083103974426
5424.0,1,0.00,51.0,54.0,54.0,39.0,53.0,1122,49.98,42143667270080
5424.0,2,0.00,55.0,58.0,58.0,42.0,57.0,1207,50.34,38053387119873
5424.0,3,0.00,57.0,58.0,58.0,43.0,59.0,1281,49.27,38459247635314
5429.0,0,,71.0,72.0,72.0,51.0,70.0,2743,199.68,73084236186279
5429.0,1,0.00,51.0,54.0,54.0,39.0,52.0,1111,49.76,42143949386230
5430.0,2,0.00,55.0,58.0,58.0,42.0,57.0,1238,50.26,38053672098754
5430.0,3,0.00,57.0,58.0,58.0,43.0,59.0,1270,49.06,38459525782775
5435.0,0,,70.0,72.0,72.0,51.0,70.0,2610,200.69,73085374123962
5435.0,1,0.00,51.0,54.0,54.0,39.0,52.0,1121,49.77,42144232095886
5435.0,2,0.00,55.0,58.0,58.0,42.0,57.0,1259,50.16,38053956493408
5435.0,3,0.00,57.0,58.0,58.0,43.0,59.0,1291,49.05,38459804375366
5441.0,0,,70.0,72.0,72.0,51.0,70.0,2785,199.76,73086506770141
5441.0,1,0.00,51.0,54.0,54.0,39.0,52.0,1112,50.08,42144515570983
5441.0,2,0.00,55.0,58.0,58.0,42.0,57.0,1249,50.22,38054241768371
5441.0,3,0.00,57.0,58.0,58.0,43.0,59.0,1291,49.30,38460083928649
5446.0,0,,70.0,72.0,72.0,51.0,69.0,2791,200.02,73087642874816
5446.0,1,0.00,51.0,54.0,54.0,39.0,52.0,1110,49.70,42144797870300
5447.0,2,0.00,55.0,58.0,58.0,42.0,57.0,1205,50.27,38054526817077
5447.0,3,0.00,57.0,58.0,58.0,43.0,59.0,1259,49.37,38460363836486
5452.0,0,,70.0,72.0,72.0,51.0,70.0,2611,200.12,73088777529235
5452.0,1,0.00,51.0,54.0,54.0,39.0,53.0,1121,49.69,42145080114990
5452.0,2,0.00,55.0,58.0,58.0,42.0,57.0,1195,50.02,38054810913452
5452.0,3,0.00,57.0,58.0,58.0,43.0,59.0,1290,48.99,38460642107299
5458.0,0,,70.0,72.0,72.0,51.0,69.0,2784,199.18,73089908858276
5458.0,1,0.00,51.0,54.0,54.0,39.0,52.0,1112,49.72,42145362032958
5458.0,2,0.00,55.0,58.0,58.0,42.0,57.0,1250,50.19,38055095463806
5458.0,3,0.00,57.0,58.0,58.0,43.0,59.0,1303,49.05,38460920212219
5463.0,0,,71.0,72.0,72.0,51.0,70.0,2634,199.94,73091042498474
5463.0,1,0.00,51.0,54.0,54.0,39.0,52.0,1110,50.01,42145645566101
5464.0,2,0.00,55.0,58.0,58.0,42.0,57.0,1237,50.38,38055381141052
5464.0,3,0.00,57.0,58.0,58.0,43.0,59.0,1301,49.35,38461200038208
5469.0,0,,71.0,72.0,72.0,51.0,70.0,2655,200.14,73092177264831
5469.0,1,0.00,51.0,54.0,54.0,39.0,52.0,1122,49.78,42145927816162
5469.0,2,0.00,55.0,58.0,58.0,42.0,57.0,1260,50.23,38055665932312
5469.0,3,0.00,57.0,58.0,58.0,43.0,59.0,1270,49.26,38461479821105
5475.0,0,,67.0,78.0,78.0,51.0,69.0,2541,178.78,73093190926147
5475.0,1,0.00,51.0,54.0,54.0,39.0,53.0,1111,49.79,42146210128601
5475.0,2,0.00,55.0,58.0,58.0,42.0,57.0,1228,50.17,38055950370910
5475.0,3,0.00,57.0,58.0,58.0,43.0,59.0,1280,49.19,38461758710571
5480.0,0,,68.0,78.0,78.0,51.0,69.0,2188,180.81,73094217899108
5481.0,1,0.00,51.0,54.0,54.0,39.0,52.0,1110,49.95,42146493817199
5481.0,2,0.00,55.0,58.0,58.0,42.0,57.0,1174,50.29,38056236023254
5481.0,3,0.00,57.0,58.0,58.0,44.0,59.0,1280,49.36,38462038592529
5486.0,0,,68.0,80.0,80.0,51.0,69.0,2105,181.08,73095244617614
5486.0,1,0.00,51.0,54.0,54.0,39.0,52.0,1121,49.98,42146777731323
5486.0,2,0.00,55.0,58.0,58.0,42.0,57.0,1216,50.26,38056521510070
5486.0,3,0.00,57.0,58.0,58.0,43.0,59.0,1268,49.36,38462318946777
5492.0,0,,68.0,80.0,80.0,51.0,70.0,2156,181.07,73096273122680
5492.0,1,0.00,51.0,54.0,54.0,39.0,52.0,1121,49.72,42147059642944
5492.0,2,0.00,55.0,58.0,58.0,42.0,57.0,1206,50.14,38056805827636
5492.0,3,0.00,57.0,58.0,58.0,43.0,59.0,1280,49.07,38462597184875
5497.0,0,,70.0,76.0,76.0,52.0,71.0,2305,192.06,73097364044799
5498.0,1,0.00,51.0,54.0,54.0,39.0,53.0,1111,49.72,42147342062133
5498.0,2,0.00,55.0,58.0,58.0,42.0,57.0,1226,50.23,38057091110595
5498.0,3,0.00,57.0,58.0,58.0,43.0,59.0,1279,49.12,38462876170227
5503.0,0,,71.0,74.0,74.0,52.0,70.0,2677,200.20,73098499167175
5503.0,1,0.00,51.0,54.0,54.0,39.0,52.0,1122,49.92,42147625107910
5503.0,2,0.00,55.0,58.0,58.0,42.0,57.0,1206,50.31,38057376382812
5504.0,3,0.00,57.0,58.0,58.0,43.0,59.0,1270,49.15,38463155316772
5509.0,0,,70.0,74.0,74.0,51.0,70.0,2796,199.77,73099633856262
5509.0,1,0.00,51.0,54.0,54.0,39.0,53.0,1119,49.81,42147908520629
5509.0,2,0.00,55.0,58.0,58.0,42.0,57.0,1214,50.16,38057661787597
5509.0,3,0.00,57.0,58.0,58.0,43.0,59.0,1277,49.31,38463435409606
5514.0,0,,70.0,74.0,74.0,52.0,70.0,2802,200.25,73100771250366
5515.0,1,0.00,51.0,54.0,54.0,39.0,52.0,1111,49.79,42148190809814
5515.0,2,0.00,55.0,58.0,58.0,42.0,57.0,1196,50.12,38057945966796
5515.0,3,0.00,57.0,58.0,58.0,43.0,59.0,1280,48.98,38463713628784
5520.0,0,,70.0,74.0,72.0,52.0,70.0,2805,199.57,73101902799804
5520.0,1,0.00,51.0,54.0,54.0,39.0,53.0,1122,49.93,42148473894653
5520.0,2,0.00,55.0,58.0,58.0,42.0,57.0,1206,50.19,38058231069946
5521.0,3,0.00,57.0,58.0,58.0,43.0,59.0,1270,49.18,38463992497253
5526.0,0,,71.0,72.0,72.0,51.0,70.0,2802,199.99,73103038727355
5526.0,1,0.00,51.0,54.0,54.0,39.0,52.0,1122,49.98,42148757799316
5526.0,2,0.00,55.0,58.0,58.0,42.0,57.0,1248,50.29,38058516189025
5526.0,3,0.00,57.0,58.0,58.0,43.0,59.0,1280,49.40,38464272606506
5531.0,0,,71.0,72.0,72.0,52.0,69.0,2804,199.54,73104170129028
5532.0,1,0.00,51.0,54.0,54.0,39.0,53.0,1112,49.60,42149039010070
5532.0,2,0.00,55.0,58.0,58.0,42.0,57.0,1239,50.21,38058800892333
5532.0,3,0.00,57.0,58.0,58.0,43.0,59.0,1282,48.95,38464550174743
5537.0,0,,71.0,72.0,72.0,51.0,70.0,2806,200.33,73105306000000
5537.0,1,0.00,51.0,54.0,54.0,39.0,52.0,1122,49.77,42149321199768
5537.0,2,0.00,55.0,58.0,58.0,42.0,57.0,1227,50.19,38059085481079
5538.0,3,0.00,57.0,58.0,58.0,44.0,59.0,1270,49.12,38464828683044
5543.0,0,,70.0,72.0,72.0,51.0,69.0,2759,199.82,73106438998168
5543.0,1,0.00,51.0,54.0,54.0,39.0,53.0,1121,49.89,42149604586730
5543.0,2,0.00,55.0,58.0,58.0,42.0,57.0,1206,50.29,38059370651855
5543.0,3,0.00,57.0,58.0,58.0,43.0,59.0,1279,49.18,38465108019226
5548.0,0,,70.0,72.0,72.0,51.0,70.0,2727,200.61,73107578455261
5549.0,1,0.00,51.0,54.0,54.0,39.0,53.0,1110,50.08,42149888557861
5549.0,2,0.00,55.0,58.0,58.0,42.0,57.0,1237,50.20,38059655796997
5549.0,3,0.00,57.0,58.0,58.0,44.0,59.0,1290,49.27,38465387883605
5554.0,0,,70.0,72.0,72.0,51.0,69.0,2656,199.61,73108710254211
5554.0,1,0.00,51.0,54.0,54.0,39.0,53.0,1122,49.76,42150170671020
5554.0,2,0.00,55.0,58.0,58.0,42.0,57.0,1249,50.07,38059939673522
5555.0,3,0.00,57.0,58.0,58.0,43.0,59.0,1292,49.11,38465665819274
5560.0,0,,70.0,72.0,72.0,51.0,70.0,2791,200.30,73109847932556
5560.0,1,0.00,51.0,54.0,54.0,39.0,53.0,1121,49.84,42150453782165
5560.0,2,0.00,55.0,58.0,58.0,42.0,57.0,1226,50.20,38060224833312
5560.0,3,0.00,57.0,58.0,58.0,43.0,59.0,1279,49.07,38465944516723
5565.0,0,,69.0,72.0,72.0,51.0,69.0,2655,199.91,73110981394226
5566.0,1,0.00,51.0,54.0,54.0,39.0,53.0,1111,50.05,42150737591430
5566.0,2,0.00,55.0,58.0,58.0,42.0,57.0,1206,50.19,38060509922729
5566.0,3,0.00,57.0,58.0,58.0,43.0,59.0,1280,49.26,38466224323486
5571.0,0,,70.0,72.0,72.0,52.0,70.0,2675,200.51,73112118298034
5571.0,1,0.00,51.0,54.0,54.0,39.0,52.0,1121,49.59,42151019269653
5571.0,2,0.00,55.0,58.0,58.0,42.0,57.0,1206,50.26,38060794918884
5572.0,3,0.00,57.0,58.0,58.0,44.0,59.0,1269,49.37,38466504230773
5577.0,0,,70.0,72.0,72.0,51.0,70.0,2794,199.76,73113250909545
5577.0,1,0.00,51.0,54.0,54.0,39.0,53.0,1123,49.61,42151300533020
5577.0,2,0.00,55.0,58.0,58.0,42.0,57.0,1240,50.12,38061079118103
5577.0,3,0.00,57.0,58.0,58.0,44.0,59.0,1271,48.92,38466781596923
5583.0,0,,70.0,72.0,72.0,52.0,70.0,2624,199.58,73114384502075
5583.0,1,0.00,51.0,54.0,54.0,39.0,52.0,1111,49.89,42151583408142
5583.0,2,0.00,55.0,58.0,58.0,42.0,57.0,1239,50.34,38061364034912
5583.0,3,0.00,57.0,58.0,58.0,43.0,59.0,1292,49.18,38467060472290
5588.0,0,,69.0,72.0,72.0,51.0,69.0,2711,200.61,73115519946044
5588.0,1,0.00,51.0,54.0,54.0,39.0,53.0,1112,49.90,42151865839111
5588.0,2,0.00,55.0,58.0,58.0,42.0,57.0,1207,50.15,38061648395629
5589.0,3,0.00,57.0,58.0,58.0,43.0,59.0,1292,49.37,38467339927917
5594.0,0,,71.0,72.0,72.0,51.0,70.0,2795,199.82,73116652934204
5594.0,1,0.00,51.0,54.0,54.0,39.0,52.0,1122,49.70,42152147658508
5594.0,2,0.00,55.0,58.0,58.0,42.0,57.0,1185,50.24,38061933284484
5594.0,3,0.00,57.0,58.0,58.0,43.0,59.0,1281,48.92,38467617303771
5600.0,0,,70.0,72.0,72.0,51.0,69.0,2707,199.66,73117785000244
5600.0,1,0.00,51.0,54.0,54.0,39.0,52.0,1111,49.75,42152430223388
5600.0,2,0.00,55.0,58.0,58.0,42.0,57.0,1195,50.16,38062218180114
5600.0,3,0.00,57.0,58.0,58.0,43.0,59.0,1259,49.04,38467895851440
5605.0,0,,70.0,72.0,72.0,51.0,70.0,2634,199.71,73118919357360
5605.0,1,0.00,51.0,54.0,54.0,39.0,52.0,1122,50.00,42152713720642
5605.0,2,0.00,55.0,58.0,58.0,42.0,57.0,1185,50.22,38062502914978
5606.0,3,0.00,57.0,58.0,58.0,44.0,59.0,1269,49.32,38468175497253
5611.0,0,,70.0,72.0,72.0,51.0,70.0,2792,200.56,73120056556274
5611.0,1,0.00,51.0,54.0,54.0,39.0,53.0,1121,49.96,42152996997131
5611.0,2,0.00,55.0,58.0,58.0,42.0,57.0,1249,50.27,38062787933349
5611.0,3,0.00,57.0,58.0,58.0,43.0,59.0,1281,49.31,38468455098632
5617.0,0,,69.0,72.0,72.0,51.0,69.0,2668,200.10,73121191144531
5617.0,1,0.00,51.0,54.0,54.0,39.0,52.0,1112,49.59,42153278187438
5617.0,2,0.00,55.0,58.0,58.0,42.0,57.0,1218,50.14,38063072217224
5617.0,3,0.00,57.0,58.0,58.0,44.0,59.0,1281,48.94,38468732565063
5622.0,0,100.00,69.0,72.0,72.0,51.0,70.0,2623,199.90,73122324603027
5622.0,1,0.00,51.0,54.0,54.0,39.0,52.0,1121,49.86,42153561365966
5623.0,2,0.00,55.0,58.0,58.0,42.0,57.0,1195,50.20,38063357340881
5623.0,3,0.00,57.0,58.0,58.0,43.0,59.0,1291,49.07,38469011266845
5628.0,0,,68.0,76.0,76.0,51.0,69.0,2593,181.29,73123352510681
5628.0,1,0.00,51.0,54.0,54.0,39.0,52.0,1112,50.06,42153844726257
5628.0,2,0.00,55.0,58.0,58.0,42.0,57.0,1207,50.21,38063641542053
5628.0,3,0.00,57.0,58.0,58.0,44.0,59.0,1270,49.34,38469291028564
5634.0,0,,68.0,78.0,78.0,51.0,69.0,2223,180.87,73124378048583
5634.0,1,0.00,51.0,54.0,54.0,39.0,53.0,1112,49.58,42154125836364
5634.0,2,0.00,55.0,58.0,58.0,42.0,57.0,1207,50.30,38063926762512
5634.0,3,0.00,57.0,58.0,58.0,43.0,59.0,1303,49.44,38469570874328
5639.0,0,,68.0,78.0,78.0,51.0,69.0,2108,180.81,73125403264526
5639.0,1,0.00,51.0,54.0,54.0,39.0,52.0,1113,49.73,42154407781555
5640.0,2,0.00,55.0,58.0,58.0,42.0,57.0,1197,50.20,38064211373046
5640.0,3,0.00,57.0,58.0,58.0,43.0,59.0,1291,49.18,38469849731262
5645.0,0,,68.0,80.0,80.0,51.0,70.0,2137,181.35,73126431537719
5645.0,1,0.00,51.0,54.0,54.0,39.0,52.0,1121,50.01,42154691347961
5645.0,2,0.00,55.0,58.0,58.0,42.0,57.0,1216,50.20,38064496502746
5645.0,3,0.00,57.0,58.0,58.0,43.0,59.0,1280,49.28,38470129628845
5651.0,0,19.96,65.0,80.0,80.0,50.0,67.0,2265,149.15,73127277203308
5651.0,1,0.00,51.0,54.0,54.0,39.0,52.0,1111,49.80,42154974208251
5651.0,2,0.00,55.0,58.0,58.0,42.0,57.0,1184,50.28,38064782074584
5651.0,3,0.00,57.0,58.0,58.0,43.0,59.0,1279,49.45,38470410510498
5656.0,0,0.00,64.0,80.0,80.0,48.0,65.0,1987,59.14,73127613132995
5656.0,1,0.00,51.0,54.0,54.0,39.0,53.0,1121,49.62,42155255560974
5657.0,2,0.00,55.0,58.0,58.0,42.0,57.0,1176,50.48,38065067772094
5657.0,3,0.00,57.0,58.0,58.0,43.0,59.0,1271,48.85,38470687003784
5662.0,0,0.00,63.0,80.0,80.0,48.0,65.0,1506,58.36,73127943437683
5662.0,1,0.00,51.0,54.0,54.0,39.0,53.0,1113,49.71,42155536925903
5662.0,2,0.00,55.0,58.0,58.0,42.0,57.0,1209,50.22,38065352030151
5662.0,3,0.00,56.0,58.0,58.0,43.0,58.0,1273,48.85,38470963479370
5668.0,0,,69.0,70.0,70.0,51.0,69.0,1598,180.03,73128964235961
5668.0,1,0.00,51.0,54.0,54.0,39.0,52.0,1111,49.98,42155820309265
5668.0,2,0.00,55.0,58.0,58.0,42.0,57.0,1206,50.11,38065636652832
5668.0,3,0.00,56.0,58.0,58.0,43.0,58.0,1280,49.49,38471244591857
5673.0,0,,70.0,70.0,72.0,51.0,69.0,2159,200.05,73130098537475
5673.0,1,0.00,51.0,54.0,54.0,39.0,53.0,1111,49.74,42156102845031
5674.0,2,0.00,55.0,58.0,58.0,42.0,57.0,1196,50.22,38065921417236
5674.0,3,0.00,56.0,58.0,58.0,43.0,58.0,1270,49.13,38471523180297
5679.0,0,100.00,71.0,72.0,72.0,52.0,70.0,2592,199.29,73131230516662
5679.0,1,0.00,51.0,54.0,54.0,39.0,53.0,1123,49.74,42156384888061
5679.0,2,0.00,55.0,58.0,58.0,42.0,57.0,1186,50.13,38066205681396
5679.0,3,0.00,56.0,58.0,58.0,43.0,58.0,1271,48.90,38471800467773
5685.0,0,100.00,70.0,72.0,72.0,52.0,70.0,2793,200.42,73132366901184
5685.0,1,0.00,51.0,54.0,54.0,39.0,53.0,1090,49.95,42156668099243
5685.0,2,0.00,55.0,58.0,58.0,42.0,57.0,1206,50.18,38066490224121
5685.0,3,0.00,56.0,58.0,58.0,43.0,58.0,1280,49.15,38472079145385
5690.0,0,,70.0,72.0,72.0,51.0,70.0,2796,199.71,73133499265625
5690.0,1,0.00,51.0,54.0,54.0,39.0,52.0,1123,50.00,42156951609191
5691.0,2,0.00,55.0,58.0,58.0,42.0,57.0,1196,50.15,38066774551574
5691.0,3,0.00,56.0,58.0,58.0,43.0,58.0,1271,49.26,38472358470031
5696.0,0,100.00,71.0,72.0,72.0,51.0,70.0,2805,199.98,73134633131896
5696.0,1,0.00,51.0,54.0,54.0,39.0,52.0,1112,49.75,42157233667175
5696.0,2,0.00,55.0,58.0,58.0,42.0,57.0,1229,50.40,38067059841735
5696.0,3,0.00,56.0,58.0,58.0,43.0,59.0,1271,49.16,38472637182373
5702.0,0,,70.0,72.0,72.0,51.0,69.0,2796,199.79,73135763915527
5702.0,1,0.00,51.0,54.0,54.0,39.0,53.0,1112,49.78,42157515398742
5702.0,2,0.00,55.0,58.0,58.0,42.0,57.0,1206,50.09,38067344364135
5702.0,3,0.00,57.0,58.0,58.0,43.0,58.0,1280,48.94,38472914677856
5707.0,0,,71.0,72.0,72.0,51.0,70.0,2579,200.24,73136901252380
5707.0,1,0.00,51.0,54.0,54.0,39.0,53.0,1110,49.91,42157798898742
5708.0,2,0.00,55.0,58.0,58.0,42.0,57.0,1206,50.15,38067628742614
5708.0,3,0.00,57.0,58.0,58.0,43.0,59.0,1270,49.23,38473193799743
5713.0,0,,70.0,72.0,72.0,51.0,69.0,2709,199.55,73138032692932
5713.0,1,0.00,51.0,54.0,54.0,39.0,53.0,1122,49.82,42158081361389
5713.0,2,0.00,55.0,58.0,58.0,42.0,57.0,1206,50.23,38067913547668
5713.0,3,0.00,57.0,58.0,58.0,43.0,59.0,1270,49.25,38473473068115
5719.0,0,100.00,70.0,72.0,72.0,51.0,69.0,2804,200.77,73139171037719
5719.0,1,0.00,51.0,54.0,54.0,39.0,53.0,1122,49.52,42158362146545
5719.0,2,0.00,55.0,58.0,58.0,42.0,57.0,1250,50.42,38068199448303
5719.0,3,0.00,57.0,58.0,58.0,43.0,59.0,1281,49.24,38473752285888
5724.0,0,,69.0,72.0,72.0,51.0,69.0,2772,200.05,73140305308837
5724.0,1,0.00,51.0,54.0,54.0,39.0,52.0,1112,49.87,42158644911804
5725.0,2,0.00,55.0,58.0,58.0,42.0,57.0,1249,50.09,38068483949157
5725.0,3,0.00,57.0,58.0,58.0,43.0,59.0,1270,49.00,38474030613525
5730.0,0,,67.0,74.0,74.0,50.0,68.0,2475,171.79,73141281093200
5730.0,1,0.00,51.0,54.0,54.0,39.0,52.0,1090,50.02,42158929009887
5730.0,2,0.00,55.0,58.0,58.0,42.0,57.0,1260,50.25,38068768852050
5730.0,3,0.00,57.0,58.0,58.0,43.0,59.0,1280,49.36,38474310486022
5736.0,0,,67.0,76.0,76.0,50.0,68.0,2189,162.35,73142201602783
5736.0,1,0.00,51.0,54.0,54.0,39.0,52.0,1089,50.12,42159213214965
5736.0,2,0.00,55.0,58.0,58.0,42.0,57.0,1248,50.50,38069055178344
5736.0,3,0.00,57.0,58.0,58.0,43.0,59.0,1280,49.42,38474590694274
5741.0,0,,67.0,76.0,76.0,50.0,68.0,1968,157.51,73143094698120
5741.0,1,0.00,51.0,54.0,54.0,39.0,52.0,1112,49.86,42159495934753
5742.0,2,0.00,55.0,58.0,58.0,42.0,57.0,1217,50.23,38069339963562
5742.0,3,0.00,57.0,58.0,58.0,43.0,59.0,1271,49.16,38474869419250
5747.0,0,,68.0,76.0,76.0,51.0,69.0,1958,161.60,73144010962097
5747.0,1,0.00,51.0,54.0,54.0,39.0,53.0,1111,49.89,42159779308044
5747.0,2,0.00,55.0,58.0,58.0,42.0,57.0,1259,50.07,38069624340270
5747.0,3,0.00,57.0,58.0,58.0,43.0,58.0,1280,49.19,38475148815795
5753.0,0,88.89,70.0,74.0,74.0,51.0,69.0,2076,164.73,73144944987365
5753.0,1,0.00,51.0,54.0,54.0,39.0,52.0,1123,50.05,42160062591430
5753.0,2,0.00,55.0,58.0,58.0,42.0,57.0,1208,50.37,38069909444824
5753.0,3,0.00,56.0,58.0,58.0,43.0,58.0,1282,49.44,38475428654724
5758.0,0,100.00,71.0,74.0,74.0,52.0,70.0,2307,199.89,73146078372680
5758.0,1,0.00,51.0,54.0,54.0,39.0,52.0,1111,49.68,42160344251586
5759.0,2,0.00,55.0,58.0,58.0,42.0,57.0,1196,50.30,38070195154541
5759.0,3,0.00,56.0,58.0,58.0,43.0,58.0,1270,49.06,38475707334167
5764.0,0,,71.0,72.0,72.0,52.0,70.0,2729,200.03,73147212516967
5764.0,1,0.00,51.0,54.0,54.0,39.0,53.0,1122,49.78,42160627029907
5764.0,2,0.00,55.0,58.0,58.0,42.0,57.0,1207,50.11,38070479275207
5764.0,3,0.00,56.0,58.0,58.0,43.0,58.0,1279,49.05,38475985428894
5770.0,0,,71.0,74.0,72.0,52.0,70.0,2801,199.94,73148348156616
5770.0,1,0.00,52.0,54.0,54.0,39.0,53.0,1121,50.05,42160910809509
5770.0,2,0.00,55.0,58.0,58.0,42.0,57.0,1205,50.17,38070763765502
5770.0,3,0.00,56.0,58.0,58.0,43.0,58.0,1281,49.10,38476264308715
5775.0,0,,71.0,74.0,72.0,52.0,70.0,2793,199.77,73149482878295
5775.0,1,0.00,51.0,54.0,54.0,39.0,53.0,1111,49.84,42161193887451
5776.0,2,0.00,55.0,58.0,58.0,42.0,57.0,1175,50.22,38071049020568
5776.0,3,0.00,57.0,58.0,58.0,43.0,59.0,1270,49.29,38476543775451
5781.0,0,,70.0,72.0,72.0,51.0,69.0,2804,199.63,73150614779357
5781.0,1,0.00,51.0,54.0,54.0,39.0,52.0,1121,49.79,42161476210632
5781.0,2,0.00,55.0,58.0,58.0,42.0,57.0,1205,50.46,38071335153686
5781.0,3,0.00,57.0,58.0,58.0,43.0,59.0,1279,48.89,38476821494018
5787.0,0,,71.0,72.0,72.0,51.0,70.0,2800,199.97,73151750594116
5787.0,1,0.00,51.0,54.0,54.0,39.0,52.0,1121,49.73,42161758666931
5787.0,2,0.00,55.0,58.0,58.0,42.0,57.0,1206,49.98,38071619056640
5787.0,3,0.00,57.0,58.0,58.0,43.0,58.0,1280,49.09,38477099827697
5792.0,0,,70.0,72.0,72.0,51.0,70.0,2803,200.69,73152888488037
5792.0,1,0.00,51.0,54.0,54.0,39.0,53.0,1111,49.95,42162041876342
5793.0,2,0.00,55.0,58.0,58.0,42.0,57.0,1196,50.17,38071903543884
5793.0,3,0.00,57.0,58.0,58.0,43.0,58.0,1270,49.27,38477379189575
5798.0,0,,69.0,72.0,72.0,51.0,69.0,2805,200.00,73154022467773
5798.0,1,0.00,51.0,54.0,54.0,39.0,52.0,1122,49.87,42162324638000
5798.0,2,0.00,55.0,58.0,58.0,42.0,57.0,1259,50.42,38072189409851
5798.0,3,0.00,57.0,58.0,58.0,43.0,59.0,1280,49.16,38477657950744
5804.0,0,,71.0,72.0,72.0,51.0,70.0,2696,199.66,73155156523071
5804.0,1,0.00,51.0,54.0,54.0,39.0,53.0,1121,49.59,42162606324218
5804.0,2,0.00,55.0,58.0,58.0,42.0,57.0,1258,50.08,38072473852294
5804.0,3,0.00,57.0,58.0,58.0,43.0,59.0,1279,48.91,38477935742797
5809.0,0,,69.0,72.0,72.0,51.0,69.0,2700,200.31,73156290278686
5810.0,1,0.00,51.0,54.0,54.0,39.0,52.0,1112,49.92,42162889378479
5810.0,2,0.00,55.0,58.0,58.0,42.0,57.0,1217,50.08,38072757807128
5810.0,3,0.00,57.0,58.0,58.0,43.0,59.0,1281,49.15,38478214447448
5815.0,0,,70.0,72.0,72.0,51.0,69.0,2803,199.34,73157422509521
5815.0,1,0.00,51.0,54.0,54.0,39.0,52.0,1122,49.91,42163172367004
5815.0,2,0.00,55.0,58.0,58.0,42.0,56.0,1206,50.33,38073043165405
5815.0,3,0.00,57.0,58.0,58.0,43.0,59.0,1269,49.32,38478494078613
5821.0,0,,67.0,74.0,76.0,50.0,68.0,2516,164.35,73158354367553
5821.0,1,0.00,51.0,54.0,54.0,39.0,52.0,1121,49.83,42163455383239
5821.0,2,0.00,55.0,58.0,58.0,42.0,57.0,1237,50.47,38073329813171
5821.0,3,0.00,57.0,58.0,58.0,43.0,59.0,1279,49.46,38478775023864
5826.0,0,,67.0,76.0,76.0,50.0,68.0,2060,159.42,73159259865417
5827.0,1,0.00,51.0,54.0,54.0,39.0,53.0,1110,49.97,42163738706542
5827.0,2,0.00,55.0,58.0,58.0,42.0,57.0,1195,50.07,38073614231323
5827.0,3,0.00,57.0,58.0,58.0,43.0,59.0,1269,49.18,38479054384582
5832.0,0,,67.0,76.0,76.0,50.0,68.0,1904,160.70,73160172630249
5832.0,1,0.00,51.0,54.0,54.0,39.0,53.0,1121,49.91,42164022190429
5832.0,2,0.00,55.0,58.0,58.0,42.0,56.0,1206,50.20,38073898865905
5833.0,3,0.00,57.0,58.0,58.0,43.0,58.0,1269,49.34,38479334148864
5838.0,0,,67.0,76.0,76.0,51.0,69.0,2009,162.27,73161092710815
5838.0,1,0.00,51.0,54.0,54.0,39.0,53.0,1121,49.97,42164306002807
5838.0,2,0.00,55.0,58.0,58.0,42.0,57.0,1184,50.37,38074184982177
5838.0,3,0.00,56.0,58.0,58.0,43.0,58.0,1279,49.39,38479614696899
5843.0,0,93.97,71.0,74.0,74.0,52.0,70.0,2083,172.71,73162073676269
5844.0,1,0.00,51.0,54.0,54.0,39.0,53.0,1110,49.82,42164588496276
5844.0,2,0.00,55.0,58.0,58.0,42.0,57.0,1227,50.50,38074471306823
5844.0,3,0.00,56.0,58.0,58.0,43.0,59.0,1280,49.14,38479893336730
5849.0,0,,71.0,74.0,74.0,52.0,70.0,2401,200.14,73163208479370
5849.0,1,0.00,51.0,54.0,54.0,39.0,52.0,1111,49.84,42164871565551
5849.0,2,0.00,55.0,58.0,58.0,42.0,57.0,1227,49.99,38074755277526
5850.0,3,0.00,57.0,58.0,58.0,43.0,58.0,1269,49.05,38480171942687
5855.0,0,,71.0,74.0,74.0,52.0,70.0,2760,199.79,73164343271789
5855.0,1,0.00,51.0,54.0,54.0,39.0,53.0,1121,49.96,42165154848083
5855.0,2,0.00,55.0,58.0,58.0,42.0,57.0,1238,50.31,38075040533996
5855.0,3,0.00,56.0,58.0,58.0,43.0,58.0,1269,49.25,38480451198547
5860.0,0,,71.0,72.0,74.0,52.0,71.0,2794,199.89,73165476667114
5861.0,1,0.00,51.0,54.0,54.0,39.0,53.0,1111,49.80,42165437237182
5861.0,2,0.00,55.0,58.0,58.0,42.0,57.0,1195,50.30,38075326210571
5861.0,3,0.00,56.0,58.0,58.0,43.0,58.0,1280,49.16,38480730445251
5866.0,0,,70.0,72.0,72.0,52.0,70.0,2802,200.08,73166611116333
5866.0,1,0.00,51.0,54.0,54.0,39.0,52.0,1111,49.75,42165719789733
5866.0,2,0.00,55.0,58.0,58.0,42.0,57.0,1206,50.05,38075609999084
5867.0,3,0.00,57.0,58.0,58.0,43.0,58.0,1269,49.02,38481008360412
5872.0,0,,69.0,72.0,72.0,51.0,69.0,2804,199.63,73167745032775
5872.0,1,0.00,51.0,54.0,54.0,39.0,52.0,1122,49.76,42166001949401
5872.0,2,0.00,55.0,58.0,58.0,42.0,57.0,1249,50.10,38075894061462
5872.0,3,0.00,57.0,58.0,58.0,43.0,58.0,1281,49.14,38481287001770
5877.0,0,,69.0,72.0,72.0,51.0,70.0,2804,200.00,73168879015808
5878.0,1,0.00,51.0,54.0,54.0,39.0,53.0,1111,49.73,42166283938049
5878.0,2,0.00,55.0,58.0,58.0,42.0,57.0,1206,50.33,38076179405029
5878.0,3,0.00,57.0,58.0,58.0,43.0,59.0,1270,49.22,38481566105834
5883.0,0,,71.0,72.0,72.0,51.0,69.0,2793,199.79,73170011846008
5883.0,1,0.00,51.0,54.0,54.0,39.0,52.0,1122,49.66,42166565516174
5883.0,2,0.00,55.0,58.0,58.0,42.0,57.0,1196,50.36,38076464936035
5884.0,3,0.00,57.0,58.0,58.0,43.0,59.0,1270,49.21,38481845154113
5889.0,0,,71.0,72.0,72.0,52.0,70.0,2697,200.02,73171145984985
5889.0,1,0.00,51.0,54.0,54.0,39.0,52.0,1122,49.71,42166847376220
5889.0,2,0.00,55.0,58.0,58.0,42.0,57.0,1249,50.06,38076748784667
5889.0,3,0.00,57.0,58.0,58.0,43.0,59.0,1280,49.02,38482123593811
5894.0,0,,70.0,72.0,72.0,51.0,69.0,2750,199.85,73172281134826
5895.0,1,0.00,51.0,54.0,54.0,39.0,53.0,1111,49.84,42167130486328
5895.0,2,0.00,55.0,58.0,58.0,42.0,57.0,1195,50.19,38077033861755
5895.0,3,0.00,57.0,58.0,58.0,43.0,59.0,1280,49.25,38482402817321
5900.0,0,,69.0,72.0,72.0,51.0,69.0,2697,199.89,73173414517578
5900.0,1,0.00,51.0,54.0,54.0,39.0,52.0,1121,49.92,42167413537902
5900.0,2,0.00,55.0,58.0,58.0,42.0,57.0,1206,50.40,38077319614318
5901.0,3,0.00,57.0,58.0,58.0,43.0,59.0,1269,49.50,38482683997192
5906.0,0,,67.0,74.0,74.0,51.0,68.0,2727,192.11,73174505723999
5906.0,1,0.00,51.0,54.0,54.0,39.0,53.0,1121,49.86,42167696763183
5906.0,2,0.00,55.0,58.0,58.0,42.0,57.0,1247,50.23,38077604914733
5906.0,3,0.00,57.0,58.0,58.0,43.0,59.0,1279,49.00,38482961853698
5911.0,0,,67.0,76.0,76.0,50.0,68.0,2380,161.83,73175423272460
5912.0,1,0.00,51.0,54.0,54.0,39.0,52.0,1111,49.95,42167980004760
5912.0,2,0.00,55.0,58.0,58.0,42.0,57.0,1218,50.16,38077889339355
5912.0,3,0.00,57.0,58.0,58.0,43.0,59.0,1271,49.31,38483241459228
5917.0,0,100.00,67.0,76.0,76.0,50.0,68.0,2013,161.69,73176340080871
5917.0,1,0.00,51.0,54.0,54.0,39.0,53.0,1122,49.97,42168263354431
5917.0,2,0.00,55.0,58.0,58.0,42.0,56.0,1249,50.32,38078174648193
5918.0,3,0.00,57.0,58.0,58.0,43.0,59.0,1270,49.39,38483521481445
5923.0,0,,67.0,76.0,76.0,50.0,69.0,1912,162.21,73177259803222
5923.0,1,0.00,51.0,54.0,54.0,39.0,52.0,1120,49.90,42168546772155
5923.0,2,0.00,55.0,58.0,58.0,42.0,57.0,1258,50.37,38078460732177
5923.0,3,0.00,57.0,58.0,58.0,43.0,59.0,1278,49.36,38483801844238
5929.0,0,,67.0,76.0,76.0,51.0,69.0,2061,162.15,73178180818359
5929.0,1,0.00,51.0,54.0,54.0,39.0,53.0,1110,49.91,42168829779296
5929.0,2,0.00,55.0,58.0,58.0,42.0,57.0,1195,50.03,38078744897216
5929.0,3,0.00,56.0,58.0,58.0,43.0,58.0,1280,49.08,38484080618347
5934.0,0,0.00,64.0,76.0,76.0,49.0,66.0,2083,94.37,73178716831909
5934.0,1,0.00,51.0,54.0,54.0,39.0,53.0,1121,49.85,42169112908020
5934.0,2,0.00,55.0,58.0,58.0,42.0,57.0,1205,50.34,38079030320190
5935.0,3,0.00,56.0,58.0,58.0,43.0,58.0,1268,49.30,38484360130737
5940.0,0,0.00,63.0,76.0,76.0,48.0,65.0,1679,58.56,73179049430053
5940.0,1,0.00,51.0,54.0,54.0,39.0,53.0,1120,49.85,42169396539916
5940.0,2,0.00,55.0,58.0,58.0,42.0,57.0,1205,50.33,38079316197204
5940.0,3,0.00,56.0,58.0,58.0,43.0,58.0,1279,49.01,38484638484069
5946.0,0,24.80,67.0,68.0,68.0,49.0,67.0,1514,73.98,73179468916320
5946.0,1,0.00,51.0,54.0,54.0,39.0,52.0,1112,49.91,42169679031127
5946.0,2,0.00,55.0,58.0,58.0,42.0,57.0,1195,50.20,38079601313293
5946.0,3,0.00,56.0,58.0,58.0,43.0,58.0,1279,49.05,38484917112854
5951.0,0,,69.0,70.0,70.0,51.0,69.0,1693,200.03,73180603106445
5951.0,1,0.00,51.0,54.0,54.0,39.0,53.0,1111,49.75,42169961601196
5952.0,2,0.00,55.0,58.0,58.0,42.0,57.0,1207,50.07,38079885194335
5952.0,3,0.00,56.0,58.0,58.0,43.0,58.0,1271,49.03,38485195135925
5957.0,0,,70.0,70.0,70.0,52.0,70.0,2212,200.01,73181737157470
5957.0,1,0.00,51.0,54.0,54.0,39.0,52.0,1123,49.81,42170244001464
5957.0,2,0.00,55.0,58.0,58.0,42.0,57.0,1207,50.25,38080170128234
5957.0,3,0.00,56.0,58.0,58.0,43.0,58.0,1280,49.13,38485473687377
5963.0,0,,71.0,72.0,72.0,52.0,70.0,2579,199.85,73182872289672
5963.0,1,0.00,51.0,54.0,54.0,39.0,53.0,1110,49.89,42170526892028
5963.0,2,0.00,55.0,58.0,58.0,42.0,57.0,1205,50.32,38080455946166
5963.0,3,0.00,56.0,58.0,58.0,43.0,58.0,1279,49.12,38485752677673
5968.0,0,,71.0,72.0,72.0,52.0,70.0,2789,200.13,73184009050659
5968.0,1,0.00,51.0,54.0,54.0,39.0,52.0,1119,49.64,42170809330627
5969.0,2,0.00,55.0,58.0,58.0,42.0,57.0,1204,50.02,38080740052062
5969.0,3,0.00,56.0,58.0,58.0,43.0,58.0,1268,48.91,38486030466064
5974.0,0,,71.0,72.0,72.0,52.0,69.0,2801,199.45,73185141950500
5974.0,1,0.00,51.0,54.0,54.0,39.0,53.0,1111,49.71,42171091175109
5974.0,2,0.00,55.0,58.0,58.0,42.0,57.0,1249,50.19,38081024657287
5974.0,3,0.00,56.0,58.0,58.0,43.0,58.0,1270,49.13,38486309042602
5980.0,0,,70.0,72.0,72.0,51.0,70.0,2792,200.42,73186278329040
5980.0,1,0.00,51.0,54.0,54.0,39.0,53.0,1110,49.85,42171374301513
5980.0,2,0.00,55.0,58.0,58.0,42.0,57.0,1247,50.32,38081310497497
5980.0,3,0.00,56.0,58.0,58.0,43.0,58.0,1278,49.19,38486588418029
5985.0,0,,70.0,70.0,70.0,51.0,69.0,2535,199.65,73187414345703
5985.0,1,0.00,51.0,54.0,54.0,39.0,52.0,1120,49.72,42171656731689
5986.0,2,0.00,55.0,58.0,58.0,42.0,57.0,1173,50.24,38081595833068
5986.0,3,0.00,56.0,58.0,58.0,43.0,58.0,1269,49.16,38486867650573
5991.0,0,,70.0,72.0,72.0,51.0,70.0,2750,199.87,73188547635131
5991.0,1,0.00,51.0,54.0,54.0,39.0,52.0,1122,49.85,42171939356994
5991.0,2,0.00,55.0,58.0,58.0,42.0,57.0,1249,50.07,38081879754455
5991.0,3,0.00,56.0,58.0,58.0,43.0,58.0,1271,49.01,38487145532043
5997.0,0,,70.0,72.0,72.0,51.0,69.0,2801,200.42,73189686008117
5997.0,1,0.00,51.0,54.0,54.0,39.0,53.0,1110,49.79,42172222153503
5997.0,2,0.00,55.0,58.0,58.0,42.0,57.0,1205,50.22,38082165003723
5997.0,3,0.00,56.0,58.0,58.0,43.0,58.0,1278,49.17,38487424822570
6002.0,0,,70.0,72.0,72.0,51.0,70.0,2617,199.31,73190820061706
6002.0,1,0.00,51.0,54.0,54.0,39.0,53.0,1108,49.81,42172505591857
6003.0,2,0.00,55.0,58.0,58.0,42.0,57.0,1192,50.31,38082451270874
6003.0,3,0.00,56.0,58.0,58.0,43.0,58.0,1266,49.06,38487704490295
6008.0,0,,71.0,72.0,72.0,52.0,70.0,2759,200.12,73191954736877
6008.0,1,0.00,51.0,54.0,54.0,39.0,52.0,1121,49.84,42172788211425
6008.0,2,0.00,55.0,58.0,58.0,42.0,57.0,1248,49.94,38082734940368
6008.0,3,0.00,57.0,58.0,58.0,43.0,59.0,1280,48.99,38487982271362
6014.0,0,,67.0,74.0,74.0,50.0,68.0,2507,159.76,73192862199768
6014.0,1,0.00,51.0,54.0,54.0,39.0,53.0,1121,49.87,42173071446411
6014.0,2,0.00,55.0,58.0,58.0,42.0,57.0,1237,50.24,38083019812622
6014.0,3,0.00,57.0,58.0,58.0,43.0,58.0,1279,49.30,38488262275207
6019.0,0,,67.0,76.0,76.0,50.0,68.0,2062,159.02,73193763840209
6020.0,1,0.00,51.0,54.0,54.0,39.0,53.0,1110,50.03,42173355597290
6020.0,2,0.00,55.0,58.0,58.0,42.0,57.0,1195,50.38,38083305959655
6020.0,3,0.00,57.0,58.0,58.0,43.0,58.0,1269,49.43,38488542523010
6025.0,0,,67.0,76.0,76.0,50.0,69.0,1901,159.43,73194669381835
6025.0,1,0.00,51.0,54.0,54.0,39.0,53.0,1120,49.93,42173639183044
6025.0,2,0.00,55.0,58.0,58.0,42.0,57.0,1225,50.37,38083592047302
6025.0,3,0.00,56.0,58.0,58.0,43.0,59.0,1278,49.39,38488823080078
6031.0,0,,67.0,76.0,76.0,51.0,69.0,1955,162.08,73195589973510
6031.0,1,0.00,51.0,54.0,54.0,39.0,53.0,1120,49.92,42173922746643
6031.0,2,0.00,55.0,58.0,58.0,42.0,57.0,1205,51.12,38083882396179
6031.0,3,0.00,56.0,58.0,58.0,43.0,58.0,1279,49.20,38489102545532
6036.0,0,84.32,70.0,74.0,74.0,52.0,70.0,2071,170.93,73196560854431
6037.0,1,0.00,52.0,54.0,54.0,39.0,53.0,1110,49.88,42174206039550
6037.0,2,0.00,55.0,58.0,58.0,42.0,57.0,1237,50.36,38084168419799
6037.0,3,0.00,56.0,58.0,58.0,43.0,58.0,1269,49.34,38489382799560
6042.0,0,,70.0,74.0,74.0,52.0,70.0,2358,199.68,73197695050781
6042.0,1,0.00,51.0,54.0,54.0,39.0,52.0,1121,49.90,42174488958557
6042.0,2,0.00,55.0,58.0,58.0,42.0,57.0,1205,50.33,38084453788146
6043.0,3,0.00,56.0,58.0,58.0,43.0,58.0,1278,49.13,38489661835937
6048.0,0,,71.0,72.0,72.0,52.0,71.0,2757,199.71,73198829409423
6048.0,1,0.00,51.0,54.0,54.0,39.0,52.0,1120,49.62,42174770811645
6048.0,2,0.00,55.0,58.0,58.0,42.0,57.0,1205,50.27,38084739294982
6048.0,3,0.00,56.0,58.0,58.0,43.0,58.0,1280,48.92,38489939222351
6053.0,0,,70.0,72.0,72.0,51.0,70.0,2794,200.16,73199964333251
6054.0,1,0.00,51.0,54.0,54.0,39.0,52.0,1111,49.70,42175052620788
6054.0,2,0.00,55.0,58.0,58.0,42.0,57.0,1196,50.16,38085023709350
6054.0,3,0.00,56.0,58.0,58.0,43.0,58.0,1281,49.04,38490217277770
6059.0,0,,70.0,72.0,72.0,51.0,70.0,2807,199.84,73201097449584
6059.0,1,0.00,51.0,54.0,54.0,39.0,52.0,1112,49.74,42175334630371
6059.0,2,0.00,55.0,58.0,58.0,42.0,57.0,1239,50.26,38085308697998
6060.0,3,0.00,56.0,58.0,58.0,43.0,59.0,1271,49.21,38490496315246
6065.0,0,,70.0,72.0,72.0,52.0,70.0,2802,200.32,73202233286926
6065.0,1,0.00,51.0,54.0,54.0,39.0,53.0,1121,50.06,42175618449462
6065.0,2,0.00,55.0,58.0,58.0,42.0,57.0,1237,50.29,38085593856811
6065.0,3,0.00,56.0,58.0,58.0,43.0,58.0,1279,49.14,38490775450439
6070.0,0,,70.0,72.0,72.0,51.0,70.0,2803,200.12,73203367942321
6071.0,1,0.00,51.0,54.0,54.0,39.0,53.0,1111,49.75,42175901048522
6071.0,2,0.00,55.0,58.0,58.0,42.0,57.0,1217,49.98,38085877715393
6071.0,3,0.00,57.0,58.0,58.0,43.0,58.0,1280,49.02,38491053370544
6076.0,0,,69.0,72.0,72.0,51.0,69.0,2803,199.81,73204502849792
6076.0,1,0.00,51.0,54.0,54.0,39.0,53.0,1122,49.81,42176183443481
6076.0,2,0.00,55.0,58.0,58.0,42.0,56.0,1259,50.28,38086162800292
6077.0,3,0.00,56.0,58.0,58.0,43.0,59.0,1269,49.18,38491332238586
6082.0,0,,69.0,72.0,72.0,51.0,69.0,2673,199.82,73205637848266
6082.0,1,0.00,51.0,54.0,54.0,39.0,52.0,1120,49.88,42176466762573
6082.0,2,0.00,55.0,58.0,58.0,42.0,57.0,1236,50.25,38086448198242
6082.0,3,0.00,57.0,58.0,58.0,43.0,58.0,1279,49.12,38491611253295
6087.0,0,,70.0,72.0,72.0,52.0,70.0,2633,200.45,73206774418579
6088.0,1,0.00,51.0,54.0,54.0,39.0,53.0,1111,49.66,42176748352233
6088.0,2,0.00,55.0,58.0,58.0,42.0,57.0,1195,50.20,38086733348144
6088.0,3,0.00,57.0,58.0,58.0,43.0,58.0,1279,49.15,38491890442687
6093.0,0,,69.0,72.0,72.0,51.0,69.0,2792,199.62,73207908250915
6093.0,1,0.00,51.0,54.0,54.0,39.0,53.0,1121,49.71,42177030728088
6093.0,2,0.00,55.0,58.0,58.0,42.0,57.0,1217,50.14,38087017641540
6094.0,3,0.00,57.0,58.0,58.0,43.0,59.0,1270,49.06,38492168632873
6099.0,0,,69.0,72.0,72.0,51.0,69.0,2803,200.35,73209044256286
6099.0,1,0.00,51.0,54.0,54.0,39.0,52.0,1111,49.74,42177313226745
6099.0,2,0.00,55.0,58.0,58.0,42.0,57.0,1206,50.17,38087302594055
6099.0,3,0.00,57.0,58.0,58.0,43.0,59.0,1269,49.09,38492447438354
6104.0,0,,69.0,72.0,72.0,51.0,69.0,2568,200.05,73210180544616
6105.0,1,0.00,51.0,54.0,54.0,39.0,53.0,1110,50.05,42177597017089
6105.0,2,0.00,55.0,58.0,58.0,42.0,57.0,1195,50.28,38087587681030
6105.0,3,0.00,57.0,58.0,58.0,43.0,59.0,1280,49.30,38492726954528
6110.0,0,,70.0,72.0,72.0,51.0,70.0,2616,199.88,73211313875305
6110.0,1,0.00,51.0,54.0,54.0,39.0,53.0,1112,49.80,42177879358825
6110.0,2,0.00,55.0,58.0,58.0,42.0,57.0,1239,50.24,38087872528991
6111.0,3,0.00,57.0,58.0,58.0,43.0,59.0,1271,48.97,38493004587707
6116.0,0,,70.0,72.0,72.0,51.0,69.0,2792,199.79,73212446709167
6116.0,1,0.00,51.0,54.0,54.0,39.0,52.0,1121,49.84,42178161925048
6116.0,2,0.00,55.0,58.0,58.0,42.0,57.0,1226,50.17,38088157496582
6116.0,3,0.00,56.0,58.0,58.0,43.0,59.0,1279,49.12,38493283581298
6121.0,0,,69.0,72.0,72.0,51.0,70.0,2750,199.80,73213581565612
6122.0,1,0.00,51.0,54.0,54.0,39.0,52.0,1111,49.79,42178444737915
6122.0,2,0.00,55.0,58.0,58.0,42.0,57.0,1174,50.31,38088442763488
6122.0,3,0.00,57.0,58.0,58.0,43.0,59.0,1280,49.23,38493562735534
6127.0,0,,70.0,72.0,72.0,52.0,70.0,2602,200.49,73214718343627
6127.0,1,0.00,51.0,54.0,54.0,39.0,53.0,1111,49.79,42178727073913
6127.0,2,0.00,55.0,58.0,58.0,42.0,57.0,1206,50.24,38088727626464
6128.0,3,0.00,57.0,58.0,58.0,43.0,59.0,1270,49.22,38493841797546
6133.0,0,,71.0,72.0,72.0,51.0,69.0,2783,199.96,73215852089599
6133.0,1,0.00,51.0,54.0,54.0,39.0,52.0,1122,49.61,42179008364074
6133.0,2,0.00,55.0,58.0,58.0,42.0,57.0,1207,50.11,38089011778015
6133.0,3,0.00,57.0,58.0,58.0,43.0,59.0,1270,49.05,38494119882812
6139.0,0,,70.0,72.0,72.0,51.0,69.0,2793,199.85,73216985240173
6139.0,1,0.00,51.0,54.0,54.0,39.0,52.0,1111,49.71,42179290717834
6139.0,2,0.00,55.0,58.0,58.0,42.0,57.0,1195,50.23,38089297083129
6139.0,3,0.00,57.0,58.0,58.0,43.0,59.0,1279,49.12,38494398860839
6144.0,0,,69.0,72.0,72.0,51.0,69.0,2527,199.76,73218119892578
6144.0,1,0.00,51.0,54.0,54.0,39.0,52.0,1121,49.86,42179573405273
6144.0,2,0.00,55.0,58.0,58.0,42.0,57.0,1249,50.20,38089581709655
6145.0,3,0.00,57.0,58.0,58.0,43.0,59.0,1270,49.14,38494677464111
6150.0,0,,70.0,72.0,72.0,51.0,69.0,2750,200.32,73219255689575
6150.0,1,0.00,51.0,54.0,54.0,39.0,53.0,1121,49.72,42179855805664
6150.0,2,0.00,55.0,58.0,58.0,42.0,57.0,1248,50.23,38089866997802
6150.0,3,0.00,57.0,58.0,58.0,43.0,59.0,1270,49.22,38494957031555
6156.0,0,,71.0,72.0,72.0,51.0,69.0,2804,200.28,73220391295837
6156.0,1,0.00,51.0,54.0,54.0,39.0,52.0,1111,49.78,42180138065612
6156.0,2,0.00,55.0,58.0,58.0,42.0,57.0,1174,50.25,38090151900268
6156.0,3,0.00,57.0,58.0,58.0,43.0,59.0,1280,49.13,38495235621765
6161.0,0,,70.0,72.0,72.0,51.0,70.0,2622,199.86,73221526523498
6161.0,1,0.00,51.0,54.0,54.0,39.0,53.0,1121,49.88,42180420876159
6162.0,2,0.00,55.0,58.0,58.0,42.0,57.0,1227,50.26,38090436866149
6162.0,3,0.00,57.0,58.0,58.0,43.0,59.0,1269,49.19,38495514537841
6167.0,0,,68.0,78.0,76.0,51.0,69.0,2484,180.99,73222554533691
6167.0,1,0.00,51.0,54.0,54.0,39.0,52.0,1120,50.03,42180705058044
6167.0,2,0.00,55.0,58.0,58.0,42.0,57.0,1257,50.26,38090722330749
6167.0,3,0.00,57.0,58.0,58.0,43.0,59.0,1278,49.19,38495794410583
6173.0,0,,68.0,78.0,78.0,51.0,69.0,2209,180.89,73223581980895
6173.0,1,0.00,51.0,54.0,54.0,39.0,52.0,1110,49.68,42180987264160
6173.0,2,0.00,55.0,58.0,58.0,42.0,57.0,1195,50.07,38091006734191
6173.0,3,0.00,57.0,58.0,58.0,43.0,59.0,1280,49.13,38496072962280
6178.0,0,,68.0,80.0,80.0,51.0,70.0,2103,181.21,73224609446838
6178.0,1,0.00,51.0,54.0,54.0,39.0,52.0,1120,49.84,42181270366394
6179.0,2,0.00,55.0,58.0,58.0,42.0,57.0,1205,50.23,38091292038513
6179.0,3,0.00,57.0,58.0,58.0,43.0,59.0,1268,49.24,38496352630432
6184.0,0,,68.0,80.0,80.0,51.0,70.0,2198,181.22,73225638794189
6184.0,1,0.00,51.0,54.0,54.0,39.0,52.0,1121,49.90,42181553815979
6184.0,2,0.00,55.0,58.0,58.0,42.0,57.0,1215,50.18,38091577051635
6184.0,3,0.00,57.0,58.0,58.0,43.0,58.0,1279,49.24,38496632340576
6190.0,0,,70.0,76.0,76.0,51.0,70.0,2293,187.69,73226704874328
6190.0,1,0.00,51.0,54.0,54.0,39.0,52.0,1110,49.81,42181836231750
6190.0,2,0.00,55.0,58.0,58.0,42.0,57.0,1195,50.40,38091862806762
6190.0,3,0.00,56.0,58.0,58.0,43.0,58.0,1280,49.34,38496912088928
6195.0,0,,70.0,76.0,74.0,52.0,71.0,2571,200.03,73227839049682
6195.0,1,0.00,51.0,54.0,54.0,39.0,52.0,1121,49.70,42182118543212
6196.0,2,0.00,55.0,58.0,58.0,42.0,57.0,1206,50.14,38092147575073
6196.0,3,0.00,57.0,58.0,58.0,43.0,59.0,1269,49.00,38497190395568
6201.0,0,,71.0,74.0,74.0,52.0,70.0,2781,199.80,73228973890686
6201.0,1,0.00,51.0,54.0,54.0,39.0,53.0,1121,49.92,42182401583435
6201.0,2,0.00,55.0,58.0,58.0,42.0,57.0,1248,50.19,38092432661376
6201.0,3,0.00,56.0,58.0,58.0,43.0,59.0,1268,49.19,38497469779174
6207.0,0,,71.0,74.0,74.0,52.0,71.0,2798,199.98,73230109751098
6207.0,1,0.00,51.0,54.0,54.0,39.0,53.0,1110,49.86,42182684784729
6207.0,2,0.00,55.0,58.0,58.0,42.0,57.0,1237,50.28,38092717766174
6207.0,3,0.00,57.0,58.0,58.0,43.0,58.0,1279,49.21,38497749303955
6212.0,0,,71.0,74.0,74.0,52.0,70.0,2804,200.08,73231244197387
6212.0,1,0.00,51.0,54.0,54.0,39.0,52.0,1111,49.61,42182966559814
6213.0,2,0.00,55.0,58.0,58.0,42.0,57.0,1174,50.25,38093003164733
6213.0,3,0.00,57.0,58.0,58.0,43.0,59.0,1270,49.01,38498027170593
6218.0,0,100.00,70.0,74.0,72.0,51.0,70.0,2803,199.40,73232376777038
6218.0,1,0.00,51.0,54.0,54.0,39.0,52.0,1121,49.64,42183247993896
6218.0,2,0.00,55.0,58.0,58.0,42.0,57.0,1237,50.26,38093288125732
6218.0,3,0.00,57.0,58.0,58.0,43.0,59.0,1279,49.08,38498305953796
6224.0,0,,70.0,72.0,72.0,51.0,69.0,2801,200.04,73233511031738
6224.0,1,0.00,51.0,54.0,54.0,39.0,52.0,1119,49.95,42183531734191
6224.0,2,0.00,55.0,58.0,58.0,42.0,56.0,1257,50.09,38093573158203
6224.0,3,0.00,57.0,58.0,58.0,43.0,59.0,1278,49.11,38498584914611
6229.0,0,,71.0,72.0,72.0,51.0,70.0,2811,200.31,73234648797302
6229.0,1,0.00,51.0,54.0,54.0,39.0,53.0,1111,49.71,42183813593627
6230.0,2,0.00,55.0,58.0,58.0,42.0,56.0,1238,50.24,38093858013427
6230.0,3,0.00,57.0,58.0,58.0,43.0,59.0,1270,49.20,38498863875488
6235.0,0,,70.0,72.0,72.0,51.0,70.0,2802,199.83,73235783830505
6235.0,1,0.00,51.0,54.0,54.0,39.0,52.0,1121,49.69,42184095855163
6235.0,2,0.00,55.0,58.0,58.0,42.0,57.0,1216,50.19,38094142616577
6235.0,3,0.00,57.0,58.0,58.0,43.0,59.0,1279,49.04,38499142395080
6241.0,0,,70.0,72.0,72.0,51.0,69.0,2705,199.38,73236916334167
6241.0,1,0.00,51.0,54.0,54.0,39.0,53.0,1110,49.82,42184378816101
6241.0,2,0.00,55.0,58.0,58.0,42.0,57.0,1195,50.19,38094427684387
6241.0,3,0.00,57.0,58.0,58.0,43.0,59.0,1279,49.21,38499421890625
6246.0,0,,71.0,72.0,72.0,51.0,70.0,2747,200.52,73238055315673
6247.0,1,0.00,51.0,54.0,54.0,39.0,53.0,1109,49.91,42184662307250
6247.0,2,0.00,55.0,58.0,58.0,42.0,57.0,1204,50.16,38094712620239
6247.0,3,0.00,57.0,58.0,58.0,43.0,59.0,1269,49.27,38499701244506
6252.0,0,,70.0,72.0,72.0,51.0,69.0,2800,200.34,73239193255676
6252.0,1,0.00,51.0,54.0,54.0,39.0,52.0,1121,49.70,42184944611633
6252.0,2,0.00,55.0,58.0,58.0,42.0,57.0,1248,50.27,38094998174133
6253.0,3,0.00,57.0,58.0,58.0,43.0,59.0,1280,49.22,38499980838745
6258.0,0,,71.0,72.0,72.0,51.0,69.0,2611,199.98,73240327134582
6258.0,1,0.00,51.0,54.0,54.0,39.0,52.0,1121,49.75,42185226690795
6258.0,2,0.00,55.0,58.0,58.0,42.0,57.0,1248,50.24,38095283048278
6258.0,3,0.00,57.0,58.0,58.0,43.0,59.0,1280,49.03,38500259338439
6263.0,0,,69.0,72.0,72.0,51.0,70.0,2623,199.59,73241460826782
6264.0,1,0.00,51.0,54.0,54.0,39.0,53.0,1110,49.91,42185510190734
6264.0,2,0.00,55.0,58.0,58.0,42.0,56.0,1174,50.09,38095567563293
6264.0,3,0.00,57.0,58.0,58.0,43.0,59.0,1269,49.22,38500538416748
6269.0,0,,70.0,72.0,72.0,51.0,69.0,2793,200.51,73242597690612
6269.0,1,0.00,51.0,54.0,54.0,39.0,53.0,1122,49.94,42185793328430
6269.0,2,0.00,55.0,58.0,58.0,42.0,57.0,1207,50.20,38095852207336
6270.0,3,0.00,57.0,58.0,58.0,43.0,59.0,1270,49.17,38500817223937
6275.0,0,,70.0,72.0,72.0,51.0,70.0,2802,199.87,73243732940490
6275.0,1,0.00,51.0,54.0,54.0,39.0,52.0,1121,49.70,42186075620361
6275.0,2,0.00,55.0,58.0,58.0,42.0,57.0,1237,50.11,38096136813903
6275.0,3,0.00,57.0,58.0,58.0,43.0,59.0,1279,49.03,38501095697814
6280.0,0,,70.0,72.0,72.0,51.0,70.0,2675,199.62,73244864759643
6281.0,1,0.00,51.0,54.0,54.0,39.0,53.0,1111,49.84,42186358200378
6281.0,2,0.00,55.0,58.0,58.0,42.0,57.0,1195,50.26,38096421803833
6281.0,3,0.00,57.0,58.0,58.0,43.0,59.0,1269,49.14,38501374834228
6286.0,0,,70.0,72.0,72.0,51.0,70.0,2718,199.94,73245998392883
6286.0,1,0.00,51.0,54.0,54.0,39.0,52.0,1121,49.89,42186641552978
6286.0,2,0.00,55.0,58.0,58.0,42.0,57.0,1206,50.11,38096706410522
6287.0,3,0.00,57.0,58.0,58.0,43.0,59.0,1259,49.23,38501653991455
6292.0,0,,70.0,72.0,72.0,51.0,70.0,2793,200.34,73247136337829
6292.0,1,0.00,51.0,54.0,54.0,39.0,53.0,1122,49.62,42186922883056
6292.0,2,0.00,55.0,58.0,58.0,42.0,57.0,1238,50.32,38096991740844
6292.0,3,0.00,57.0,58.0,58.0,43.0,59.0,1280,49.28,38501933401123
6297.0,0,,71.0,72.0,72.0,51.0,70.0,2675,200.23,73248271621643
6298.0,1,0.00,51.0,54.0,54.0,39.0,53.0,1110,49.67,42187205031066
6298.0,2,0.00,55.0,58.0,58.0,42.0,57.0,1248,50.15,38097276598327
6298.0,3,0.00,57.0,58.0,58.0,43.0,59.0,1280,49.02,38502211810241
6303.0,0,,70.0,72.0,72.0,51.0,69.0,2579,199.33,73249403811828
6303.0,1,0.00,51.0,54.0,54.0,39.0,53.0,1121,49.84,42187487643859
6303.0,2,0.00,55.0,58.0,58.0,42.0,57.0,1258,50.11,38097561248107
6304.0,3,0.00,57.0,58.0,58.0,43.0,59.0,1268,49.23,38502491451904
6309.0,0,,70.0,72.0,72.0,51.0,69.0,2781,200.10,73250540402343
6309.0,1,0.00,51.0,54.0,54.0,39.0,52.0,1121,49.90,42187771073242
6309.0,2,0.00,55.0,58.0,58.0,42.0,57.0,1206,50.25,38097846159729
6309.0,3,0.00,57.0,58.0,58.0,43.0,59.0,1280,49.19,38502770347167
6314.0,0,,70.0,72.0,72.0,51.0,70.0,2804,199.98,73251674286315
6315.0,1,0.00,51.0,54.0,54.0,39.0,53.0,1111,49.72,42188052986083
6315.0,2,0.00,55.0,58.0,58.0,42.0,57.0,1216,50.31,38098131921936
6315.0,3,0.00,57.0,58.0,58.0,44.0,59.0,1278,48.97,38503048522949
6320.0,0,,67.0,78.0,78.0,51.0,69.0,2610,182.25,73252709470031
6320.0,1,0.00,51.0,54.0,54.0,39.0,53.0,1121,49.81,42188335893554
6320.0,2,0.00,55.0,58.0,58.0,42.0,57.0,1227,50.23,38098416723388
6321.0,3,0.00,57.0,58.0,58.0,43.0,59.0,1270,49.29,38503327997619
6326.0,0,,67.0,78.0,78.0,51.0,69.0,2208,180.76,73253736194824
6326.0,1,0.00,51.0,54.0,54.0,39.0,53.0,1120,50.04,42188620126464
6326.0,2,0.00,55.0,58.0,58.0,42.0,57.0,1205,50.19,38098701813842
6326.0,3,0.00,57.0,58.0,58.0,43.0,59.0,1279,49.31,38503608058288
6332.0,0,,68.0,80.0,78.0,51.0,69.0,2106,180.92,73254761997497
6332.0,1,0.00,52.0,54.0,54.0,39.0,53.0,1111,49.81,42188902534606
6332.0,2,0.00,55.0,58.0,58.0,42.0,57.0,1196,50.30,38098987000549
6332.0,3,0.00,57.0,58.0,58.0,43.0,58.0,1280,49.33,38503887744323
6337.0,0,,68.0,80.0,80.0,51.0,70.0,2104,181.42,73255790637145
6337.0,1,0.00,51.0,54.0,54.0,39.0,53.0,1121,49.73,42189184994934
6337.0,2,0.00,55.0,58.0,58.0,42.0,57.0,1205,50.14,38099271783447
6338.0,3,0.00,57.0,58.0,58.0,43.0,59.0,1268,49.15,38504166936279
6343.0,0,33.53,65.0,78.0,78.0,50.0,67.0,2240,153.67,73256663489501
6343.0,1,0.00,51.0,54.0,54.0,39.0,52.0,1120,49.83,42189467515991
6343.0,2,0.00,55.0,58.0,58.0,42.0,57.0,1226,50.12,38099556480957
6343.0,3,0.00,57.0,58.0,58.0,43.0,59.0,1278,49.24,38504449055480
6349.0,0,0.00,64.0,78.0,78.0,48.0,66.0,1980,59.39,73257003819030
6349.0,1,0.00,51.0,54.0,54.0,39.0,52.0,1112,49.96,42189753758850
6349.0,2,0.00,55.0,58.0,58.0,42.0,57.0,1196,50.18,38099843529785
6349.0,3,0.00,57.0,58.0,58.0,43.0,59.0,1281,49.02,38504727012756
6354.0,0,0.00,63.0,78.0,78.0,48.0,64.0,1526,58.24,73257334039367
6354.0,1,0.00,51.0,54.0,54.0,39.0,53.0,1112,49.63,42190035182922
6355.0,2,0.00,55.0,58.0,58.0,42.0,57.0,1209,50.46,38100129111938
6355.0,3,0.00,57.0,58.0,58.0,43.0,59.0,1272,48.84,38505003440368
6360.0,0,88.64,68.0,70.0,70.0,50.0,67.0,1526,101.36,73257907709228
6360.0,1,0.00,51.0,54.0,54.0,39.0,53.0,1123,49.90,42190317595458
6360.0,2,0.00,55.0,58.0,58.0,42.0,57.0,1207,50.14,38100413391418
6360.0,3,0.00,56.0,58.0,58.0,43.0,58.0,1271,48.91,38505280738525
6366.0,0,,70.0,70.0,70.0,51.0,69.0,1822,199.95,73259041428466
6366.0,1,0.00,51.0,54.0,54.0,39.0,52.0,1112,49.95,42190600830932
6366.0,2,0.00,55.0,58.0,58.0,42.0,57.0,1197,50.12,38100697561035
6366.0,3,0.00,56.0,58.0,58.0,43.0,58.0,1280,49.12,38505559244018
6371.0,0,,70.0,70.0,72.0,52.0,69.0,2298,200.10,73260174001525
6371.0,1,0.00,51.0,54.0,54.0,39.0,52.0,1122,49.96,42190884080871
6372.0,2,0.00,55.0,58.0,58.0,42.0,57.0,1207,50.27,38100982608337
6372.0,3,0.00,56.0,58.0,58.0,43.0,58.0,1270,49.11,38505837695190
6377.0,0,,71.0,72.0,72.0,52.0,70.0,2674,199.84,73261309069946
6377.0,1,0.00,52.0,54.0,54.0,39.0,53.0,1111,49.59,42191165280944
6377.0,2,0.00,55.0,58.0,58.0,42.0,57.0,1217,50.16,38101267042175
6377.0,3,0.00,56.0,58.0,58.0,43.0,58.0,1270,48.99,38506115489135
6383.0,0,100.00,71.0,72.0,70.0,52.0,70.0,2793,200.04,73262443302185
6383.0,1,0.00,51.0,54.0,54.0,39.0,53.0,1111,49.82,42191447731994
6383.0,2,0.00,55.0,58.0,58.0,42.0,57.0,1196,50.12,38101551241821
6383.0,3,0.00,56.0,58.0,58.0,43.0,58.0,1280,49.00,38506393836975
6388.0,0,,69.0,72.0,72.0,51.0,69.0,2804,200.37,73263579388854
6388.0,1,0.00,51.0,54.0,54.0,39.0,53.0,1112,49.86,42191730446594
6389.0,2,0.00,55.0,58.0,58.0,42.0,57.0,1207,50.16,38101835646362
6389.0,3,0.00,56.0,58.0,58.0,43.0,58.0,1271,49.17,38506672115539
6394.0,0,,70.0,72.0,72.0,51.0,69.0,2764,199.78,73264712160461
6394.0,1,0.00,51.0,54.0,54.0,39.0,53.0,1122,49.66,42192012028076
6394.0,2,0.00,55.0,58.0,58.0,42.0,57.0,1207,50.33,38102121033813
6394.0,3,0.00,57.0,58.0,58.0,43.0,59.0,1281,49.13,38506950676879
6400.0,0,,70.0,72.0,72.0,51.0,70.0,2583,199.33,73265842367492
6400.0,1,0.00,51.0,54.0,54.0,39.0,53.0,1112,49.72,42192293954711
6400.0,2,0.00,55.0,58.0,58.0,42.0,57.0,1196,50.17,38102405492126
6400.0,3,0.00,56.0,58.0,58.0,43.0,58.0,1280,48.95,38507228701660
6405.0,0,,70.0,72.0,72.0,51.0,69.0,2782,200.08,73266976825866
6405.0,1,0.00,51.0,54.0,54.0,39.0,53.0,1121,49.88,42192577291748
6406.0,2,0.00,55.0,58.0,58.0,42.0,57.0,1185,50.05,38102689787292
6406.0,3,0.00,57.0,58.0,58.0,43.0,59.0,1270,49.16,38507507421203
6411.0,0,,69.0,72.0,72.0,51.0,69.0,2698,200.41,73268113135131
6411.0,1,0.00,51.0,54.0,54.0,39.0,53.0,1121,50.02,42192860893798
6411.0,2,0.00,55.0,58.0,58.0,42.0,57.0,1185,50.27,38102974830078
6411.0,3,0.00,57.0,58.0,58.0,43.0,59.0,1279,49.21,38507786457092
6417.0,0,,70.0,72.0,72.0,51.0,69.0,2695,199.59,73269246799804
6417.0,1,0.00,51.0,54.0,54.0,39.0,52.0,1111,49.60,42193142102905
6417.0,2,0.00,55.0,58.0,58.0,42.0,57.0,1237,50.36,38103260893249
6417.0,3,0.00,57.0,58.0,58.0,43.0,59.0,1280,48.85,38508063916625
6422.0,0,,67.0,74.0,74.0,51.0,69.0,2799,192.89,73270342424621
6422.0,1,0.00,51.0,54.0,54.0,39.0,53.0,1120,49.78,42193425355468
6423.0,2,0.00,55.0,58.0,58.0,42.0,57.0,1258,50.14,38103545207580
6423.0,3,0.00,56.0,58.0,58.0,43.0,58.0,1269,49.12,38508342409240
6428.0,0,,66.0,74.0,74.0,50.0,68.0,2376,157.86,73271240657653
6428.0,1,0.00,51.0,54.0,54.0,39.0,53.0,1119,50.08,42193709830505
6428.0,2,0.00,55.0,58.0,58.0,42.0,57.0,1235,50.19,38103830795898
6428.0,3,0.00,57.0,58.0,58.0,43.0,58.0,1277,49.26,38508622689636
6434.0,0,,67.0,76.0,76.0,50.0,68.0,2011,157.85,73272135695495
6434.0,1,0.00,51.0,54.0,54.0,39.0,53.0,1111,50.12,42193994018127
6434.0,2,0.00,55.0,58.0,58.0,42.0,56.0,1206,50.47,38104116979614
6434.0,3,0.00,56.0,58.0,58.0,43.0,59.0,1281,49.34,38508902451721
6439.0,0,,67.0,76.0,76.0,50.0,68.0,1895,159.29,73273038876342
6439.0,1,0.00,51.0,54.0,54.0,39.0,53.0,1122,49.86,42194276709350
6440.0,2,0.00,55.0,58.0,58.0,42.0,57.0,1175,50.23,38104401801330
6440.0,3,0.00,56.0,58.0,58.0,43.0,58.0,1269,49.18,38509181770629
6445.0,0,,67.0,76.0,76.0,50.0,69.0,1985,160.63,73273951231628
6445.0,1,0.00,51.0,54.0,54.0,39.0,53.0,1120,49.96,42194560982666
6445.0,2,0.00,55.0,58.0,58.0,42.0,57.0,1214,50.14,38104687093933
6445.0,3,0.00,56.0,58.0,58.0,43.0,58.0,1278,49.35,38509462065246
6451.0,0,,70.0,74.0,74.0,51.0,70.0,2114,174.40,73274941829040
6451.0,1,0.00,51.0,54.0,54.0,39.0,52.0,1120,50.06,42194844841674
6451.0,2,0.00,55.0,58.0,58.0,42.0,57.0,1205,50.39,38104973298400
6451.0,3,0.00,56.0,58.0,58.0,43.0,58.0,1278,49.33,38509742250610
6456.0,0,,71.0,74.0,74.0,52.0,70.0,2473,199.80,73276076672912
6457.0,1,0.00,51.0,54.0,54.0,39.0,53.0,1110,49.58,42195126444824
6457.0,2,0.00,55.0,58.0,58.0,42.0,57.0,1237,50.44,38105259300476
6457.0,3,0.00,56.0,58.0,58.0,43.0,58.0,1269,49.24,38510021450256
6462.0,0,,71.0,74.0,72.0,52.0,70.0,2771,199.87,73277209911987
6462.0,1,0.00,51.0,54.0,54.0,39.0,53.0,1122,49.65,42195407951904
6462.0,2,0.00,55.0,58.0,58.0,42.0,57.0,1228,50.06,38105543132446
6463.0,3,0.00,56.0,58.0,58.0,43.0,58.0,1270,48.97,38510299612182
6468.0,0,,70.0,72.0,72.0,51.0,70.0,2793,199.73,73278344366821
6468.0,1,0.00,51.0,54.0,54.0,39.0,53.0,1121,49.88,42195691263732
6468.0,2,0.00,55.0,58.0,58.0,42.0,57.0,1195,50.07,38105827553161
6468.0,3,0.00,56.0,58.0,58.0,43.0,59.0,1280,49.10,38510577994262
6473.0,0,,70.0,72.0,72.0,51.0,69.0,2803,200.23,73279479677490
6474.0,1,0.00,51.0,54.0,54.0,39.0,53.0,1111,49.85,42195973929931
6474.0,2,0.00,55.0,58.0,58.0,42.0,57.0,1238,50.34,38106112997619
6474.0,3,0.00,56.0,58.0,58.0,43.0,59.0,1271,49.11,38510856423583
6479.0,0,,70.0,72.0,72.0,51.0,69.0,2806,199.74,73280612177062
6479.0,1,0.00,51.0,54.0,54.0,39.0,53.0,1123,49.67,42196255537536
6479.0,2,0.00,55.0,58.0,58.0,42.0,57.0,1217,50.38,38106398674987
6480.0,3,0.00,56.0,58.0,58.0,43.0,59.0,1270,48.98,38511134160034
6485.0,0,,70.0,72.0,72.0,51.0,69.0,2804,199.83,73281745217346
6485.0,1,0.00,51.0,54.0,54.0,39.0,53.0,1111,49.89,42196538418212
6485.0,2,0.00,55.0,58.0,58.0,42.0,57.0,1196,50.07,38106682584960
6485.0,3,0.00,57.0,58.0,58.0,43.0,58.0,1281,49.12,38511412665039
6490.0,0,,70.0,72.0,72.0,51.0,69.0,2794,200.37,73282881332641
6491.0,1,0.00,51.0,54.0,54.0,39.0,53.0,1112,50.06,42196822257873
6491.0,2,0.00,55.0,58.0,58.0,42.0,57.0,1196,50.24,38106967427307
6491.0,3,0.00,57.0,58.0,58.0,43.0,59.0,1270,49.17,38511691430603
6496.0,0,,71.0,72.0,72.0,52.0,70.0,2574,199.86,73284014545227
6496.0,1,0.00,51.0,54.0,54.0,39.0,53.0,1122,49.75,42197104328735
6496.0,2,0.00,55.0,58.0,58.0,42.0,57.0,1207,50.37,38107253002075
6497.0,3,0.00,57.0,58.0,58.0,43.0,58.0,1271,49.15,38511970139038
6502.0,0,,70.0,72.0,72.0,51.0,69.0,2772,199.59,73285146214477
6502.0,1,0.00,51.0,54.0,54.0,39.0,53.0,1122,49.61,42197385637207
6502.0,2,0.00,55.0,58.0,58.0,42.0,57.0,1239,50.02,38107536639831
6502.0,3,0.00,56.0,58.0,58.0,43.0,59.0,1281,48.97,38512247819091
6507.0,0,,71.0,72.0,72.0,51.0,70.0,2804,200.01,73286280262512
6508.0,1,0.00,51.0,54.0,54.0,39.0,53.0,1112,49.91,42197668620117
6508.0,2,0.00,55.0,58.0,58.0,42.0,57.0,1238,50.13,38107820872863
6508.0,3,0.00,57.0,58.0,58.0,43.0,59.0,1270,49.16,38512526528930
6513.0,0,,70.0,72.0,72.0,51.0,69.0,2690,200.91,73287417395141
6513.0,1,0.00,51.0,54.0,54.0,39.0,53.0,1112,49.85,42197951248046
6513.0,2,0.00,55.0,58.0,58.0,42.0,57.0,1250,50.24,38108105737243
6514.0,3,0.00,57.0,58.0,58.0,43.0,59.0,1281,49.12,38512805066650
6519.0,0,,70.0,72.0,72.0,51.0,69.0,2517,199.69,73288551656860
6519.0,1,0.00,51.0,54.0,54.0,39.0,53.0,1122,49.72,42198233176940
6519.0,2,0.00,55.0,58.0,58.0,42.0,57.0,1237,50.43,38108391651245
6519.0,3,0.00,56.0,58.0,58.0,43.0,59.0,1269,49.26,38513084839477
6524.0,0,,70.0,72.0,72.0,51.0,70.0,2759,200.03,73289687806396
6525.0,1,0.00,51.0,54.0,54.0,39.0,53.0,1110,49.79,42198515977783
6525.0,2,0.00,55.0,58.0,58.0,42.0,57.0,1174,50.02,38108675745666
6525.0,3,0.00,57.0,58.0,58.0,43.0,59.0,1270,49.14,38513363446105
6530.0,0,,70.0,72.0,72.0,51.0,70.0,2773,200.01,73290819846435
6530.0,1,0.00,51.0,54.0,54.0,39.0,53.0,1112,49.99,42198799431030
6530.0,2,0.00,55.0,58.0,58.0,42.0,57.0,1206,50.18,38108960265686
6531.0,3,0.00,56.0,58.0,58.0,43.0,59.0,1270,49.17,38513642233215
6536.0,0,100.00,70.0,72.0,72.0,51.0,69.0,2580,199.71,73291954196716
6536.0,1,0.00,51.0,54.0,54.0,39.0,53.0,1121,49.96,42199082723937
6536.0,2,0.00,55.0,58.0,58.0,42.0,57.0,1238,50.38,38109245916625
6536.0,3,0.00,57.0,58.0,58.0,43.0,59.0,1280,49.26,38513921557739
6541.0,0,100.00,71.0,72.0,72.0,52.0,70.0,2772,200.24,73293089555419
6542.0,1,0.00,51.0,54.0,54.0,39.0,53.0,1111,49.57,42199364309387
6542.0,2,0.00,55.0,58.0,58.0,42.0,57.0,1217,50.21,38109531127563
6542.0,3,0.00,57.0,58.0,58.0,43.0,59.0,1270,48.95,38514199604675
6547.0,0,,69.0,72.0,72.0,51.0,70.0,2793,199.47,73294222519775
6547.0,1,0.00,51.0,54.0,54.0,39.0,53.0,1122,49.75,42199646419128
6547.0,2,0.00,55.0,58.0,58.0,42.0,57.0,1249,50.10,38109815166931
6548.0,3,0.00,57.0,58.0,58.0,43.0,59.0,1270,49.19,38514478487915
6553.0,0,,70.0,72.0,72.0,52.0,70.0,2560,200.53,73295359514831
6553.0,1,0.00,51.0,54.0,54.0,39.0,52.0,1122,49.99,42199929886962
6553.0,2,0.00,55.0,58.0,58.0,42.0,56.0,1207,50.26,38110100127929
6553.0,3,0.00,57.0,58.0,58.0,43.0,59.0,1281,49.15,38514757143127
6558.0,0,,71.0,72.0,72.0,51.0,70.0,2772,199.72,73296491951171
6559.0,1,0.00,51.0,54.0,54.0,39.0,53.0,1111,49.65,42200211422912
6559.0,2,0.00,55.0,58.0,58.0,42.0,57.0,1174,50.38,38110385772338
6559.0,3,0.00,57.0,58.0,58.0,43.0,59.0,1280,49.17,38515036424194
6564.0,0,,70.0,72.0,72.0,51.0,69.0,2698,200.14,73297626772033
6564.0,1,0.00,51.0,54.0,54.0,39.0,52.0,1122,49.83,42200493944030
6564.0,2,0.00,55.0,58.0,58.0,42.0,57.0,1206,50.03,38110669426513
6565.0,3,0.00,57.0,58.0,58.0,43.0,59.0,1270,49.08,38515314718566
6570.0,0,,70.0,72.0,72.0,51.0,69.0,2645,199.83,73298759815002
6570.0,1,0.00,51.0,54.0,54.0,39.0,53.0,1122,49.86,42200777146301
6570.0,2,0.00,55.0,58.0,58.0,42.0,57.0,1207,50.09,38110953931701
6570.0,3,0.00,57.0,58.0,58.0,43.0,59.0,1280,49.13,38515593307128
6575.0,0,,70.0,72.0,72.0,51.0,69.0,2791,199.80,73299894681213
6576.0,1,0.00,51.0,54.0,54.0,39.0,53.0,1111,49.89,42201060043334
6576.0,2,0.00,55.0,58.0,58.0,42.0,57.0,1238,50.40,38111239699523
6576.0,3,0.00,57.0,58.0,58.0,43.0,59.0,1280,49.26,38515872635070
6581.0,0,100.00,67.0,76.0,78.0,51.0,69.0,2527,178.71,73300909755798
6581.0,1,0.00,51.0,54.0,54.0,39.0,53.0,1121,49.64,42201341986328
6581.0,2,0.00,55.0,58.0,58.0,42.0,57.0,1258,50.32,38111525513977
6582.0,3,0.00,57.0,58.0,58.0,43.0,59.0,1268,49.43,38516153404663
6587.0,0,,68.0,78.0,78.0,51.0,69.0,2177,181.12,73301936730712
6587.0,1,0.00,51.0,54.0,54.0,39.0,53.0,1121,49.78,42201624731018
6587.0,2,0.00,55.0,58.0,58.0,42.0,57.0,1205,50.02,38111809651123
6587.0,3,0.00,57.0,58.0,58.0,43.0,59.0,1269,49.14,38516432528991
6593.0,0,,68.0,80.0,80.0,51.0,69.0,2104,180.88,73302964147766
6593.0,1,0.00,51.0,54.0,54.0,39.0,52.0,1110,50.04,42201908458190
6593.0,2,0.00,55.0,58.0,58.0,42.0,57.0,1195,50.33,38112095033691
6593.0,3,0.00,57.0,58.0,58.0,43.0,58.0,1280,49.32,38516712165344
6598.0,0,,68.0,80.0,80.0,51.0,69.0,2146,181.60,73303993825744
6598.0,1,0.00,51.0,54.0,54.0,39.0,52.0,1121,49.87,42202191698303
6598.0,2,0.00,55.0,58.0,58.0,42.0,57.0,1194,50.36,38112381100769
6599.0,3,0.00,57.0,58.0,58.0,43.0,58.0,1267,49.20,38516992127319
6604.0,0,,70.0,76.0,76.0,51.0,70.0,2303,192.51,73305089184265
6604.0,1,0.00,51.0,54.0,54.0,39.0,52.0,1120,49.77,42202474392272
6604.0,2,0.00,55.0,58.0,58.0,42.0,57.0,1184,50.04,38112665303771
6604.0,3,0.00,57.0,58.0,58.0,43.0,59.0,1280,49.18,38517270966674
6610.0,0,,71.0,74.0,74.0,52.0,71.0,2635,199.95,73306222918518
6610.0,1,0.00,51.0,54.0,54.0,39.0,53.0,1112,49.90,42202757310607
6610.0,2,0.00,55.0,58.0,58.0,42.0,57.0,1196,50.15,38112949646240
6610.0,3,0.00,57.0,58.0,58.0,43.0,59.0,1280,49.11,38517549438781
6615.0,0,,70.0,74.0,74.0,52.0,71.0,2792,200.34,73307358849304
6615.0,1,0.00,51.0,54.0,54.0,39.0,53.0,1121,49.95,42203040544250
6616.0,2,0.00,55.0,58.0,58.0,42.0,57.0,1248,50.29,38113235286010
6616.0,3,0.00,57.0,58.0,58.0,43.0,58.0,1270,49.18,38517828790466
6621.0,0,,71.0,74.0,74.0,52.0,70.0,2803,199.38,73308491308837
6621.0,1,0.00,51.0,54.0,54.0,39.0,53.0,1122,49.59,42203322198181
6621.0,2,0.00,55.0,58.0,58.0,42.0,57.0,1238,50.29,38113520431274
6621.0,3,0.00,57.0,58.0,58.0,43.0,59.0,1280,49.34,38518108531433
6627.0,0,,70.0,72.0,72.0,51.0,70.0,2803,199.91,73309624794189
6627.0,1,0.00,51.0,54.0,54.0,39.0,53.0,1111,49.79,42203604532592
6627.0,2,0.00,55.0,58.0,58.0,42.0,57.0,1238,50.04,38113804154602
6627.0,3,0.00,57.0,58.0,58.0,43.0,59.0,1281,49.06,38518386701049
6632.0,0,,71.0,72.0,72.0,52.0,70.0,2804,199.81,73310757721679
6632.0,1,0.00,51.0,54.0,54.0,39.0,53.0,1121,49.84,42203887151855
6633.0,2,0.00,55.0,58.0,58.0,42.0,57.0,1227,50.17,38114089097717
6633.0,3,0.00,57.0,58.0,58.0,43.0,59.0,1269,49.05,38518665309936
6638.0,0,,70.0,72.0,72.0,51.0,70.0,2811,200.20,73311894833129
6638.0,1,0.00,51.0,54.0,54.0,39.0,52.0,1119,49.80,42204170531555
6638.0,2,0.00,55.0,58.0,58.0,42.0,57.0,1245,50.37,38114375201904
6638.0,3,0.00,57.0,58.0,58.0,43.0,59.0,1267,49.26,38518945110229
6644.0,0,,71.0,72.0,72.0,52.0,69.0,2796,199.56,73313030350646
6644.0,1,0.00,51.0,54.0,54.0,39.0,52.0,1109,49.58,42204452123596
6644.0,2,0.00,55.0,58.0,58.0,42.0,57.0,1237,50.23,38114660509887
6644.0,3,0.00,57.0,58.0,58.0,43.0,59.0,1278,48.98,38519223300720
6649.0,0,,70.0,72.0,72.0,51.0,69.0,2811,200.22,73314167599914
6649.0,1,0.00,51.0,54.0,54.0,39.0,53.0,1121,49.84,42204735224975
6650.0,2,0.00,55.0,58.0,58.0,42.0,57.0,1226,50.08,38114944970581
6650.0,3,0.00,57.0,58.0,58.0,43.0,59.0,1269,49.13,38519502361206
6655.0,0,,70.0,72.0,72.0,51.0,69.0,2654,200.65,73315305268554
6655.0,1,0.00,51.0,54.0,54.0,39.0,53.0,1121,49.92,42205018774353
6655.0,2,0.00,55.0,58.0,58.0,42.0,57.0,1185,50.23,38115230270141
6655.0,3,0.00,57.0,58.0,58.0,43.0,58.0,1270,49.13,38519781420043
6661.0,0,,69.0,72.0,72.0,51.0,70.0,2689,200.19,73316440344177
6661.0,1,0.00,51.0,54.0,54.0,39.0,53.0,1112,49.82,42205300782958
6661.0,2,0.00,55.0,58.0,58.0,42.0,57.0,1228,50.36,38115515292907
6661.0,3,0.00,57.0,58.0,58.0,43.0,59.0,1281,49.35,38520060762817
6666.0,0,,70.0,72.0,72.0,51.0,70.0,2793,199.87,73317575610534
6666.0,1,0.00,51.0,54.0,54.0,39.0,52.0,1122,49.74,42205583304016
6667.0,2,0.00,55.0,58.0,58.0,42.0,57.0,1206,49.92,38115798832092
6667.0,3,0.00,57.0,58.0,58.0,43.0,59.0,1258,49.00,38520339076965
6672.0,0,,70.0,72.0,72.0,51.0,70.0,2653,200.12,73318710284606
6672.0,1,0.00,51.0,54.0,54.0,39.0,53.0,1110,49.91,42205866275756
6672.0,2,0.00,55.0,58.0,58.0,42.0,57.0,1195,50.27,38116083836242
6672.0,3,0.00,57.0,58.0,58.0,43.0,59.0,1281,49.09,38520617421630
6678.0,0,,70.0,72.0,72.0,51.0,70.0,2635,199.88,73319843588806
6678.0,1,0.00,51.0,54.0,54.0,39.0,53.0,1111,49.81,42206149219970
6678.0,2,0.00,55.0,58.0,58.0,42.0,57.0,1184,50.28,38116369449279
6678.0,3,0.00,57.0,58.0,58.0,43.0,59.0,1279,49.18,38520896787780
6683.0,0,,71.0,72.0,72.0,52.0,70.0,2791,199.55,73320977025085
6683.0,1,0.00,51.0,54.0,54.0,39.0,53.0,1120,49.67,42206430860107
6684.0,2,0.00,55.0,58.0,58.0,42.0,57.0,1248,50.22,38116654712158
6684.0,3,0.00,57.0,58.0,58.0,43.0,59.0,1268,49.29,38521176747192
6689.0,0,,71.0,72.0,72.0,52.0,70.0,2802,199.74,73322111523254
6689.0,1,0.00,51.0,54.0,54.0,39.0,52.0,1121,49.65,42206712890930
6689.0,2,0.00,55.0,58.0,58.0,42.0,56.0,1248,50.14,38116939023193
6689.0,3,0.00,57.0,58.0,58.0,44.0,59.0,1280,49.19,38521455655578
6695.0,0,,70.0,72.0,72.0,52.0,70.0,2653,200.80,73323250036071
6695.0,1,0.00,51.0,54.0,54.0,39.0,53.0,1110,49.87,42206996127563
6695.0,2,0.00,55.0,58.0,58.0,42.0,57.0,1238,50.26,38117224473327
6695.0,3,0.00,57.0,58.0,58.0,43.0,59.0,1280,49.14,38521734751281
6700.0,0,,71.0,72.0,72.0,51.0,70.0,2794,199.53,73324383376647
6701.0,1,0.00,51.0,54.0,54.0,39.0,53.0,1121,49.94,42207279275512
6701.0,2,0.00,55.0,58.0,58.0,42.0,57.0,1216,50.30,38117509659851
6701.0,3,0.00,57.0,58.0,58.0,43.0,59.0,1269,49.24,38522014454772
6706.0,0,,69.0,72.0,72.0,51.0,69.0,2601,200.32,73325519164672
6706.0,1,0.00,51.0,54.0,54.0,39.0,53.0,1122,49.80,42207561623107
6706.0,2,0.00,55.0,58.0,58.0,42.0,57.0,1239,50.03,38117793312194
6706.0,3,0.00,57.0,58.0,58.0,43.0,59.0,1270,49.12,38522292489379
6712.0,0,,69.0,72.0,72.0,51.0,69.0,2782,200.00,73326653145446
6712.0,1,0.00,51.0,54.0,54.0,39.0,53.0,1089,49.75,42207844215576
6712.0,2,0.00,55.0,58.0,58.0,42.0,57.0,1206,50.13,38118078054748
6712.0,3,0.00,57.0,58.0,58.0,43.0,59.0,1279,49.01,38522570867858
6717.0,0,,71.0,72.0,72.0,52.0,70.0,2631,199.73,73327787622131
6718.0,1,0.00,51.0,54.0,54.0,39.0,53.0,1110,49.85,42208126853454
6718.0,2,0.00,55.0,58.0,58.0,42.0,57.0,1194,50.29,38118363694030
6718.0,3,0.00,57.0,58.0,58.0,43.0,59.0,1269,49.13,38522849934387
6723.0,0,,70.0,72.0,72.0,51.0,70.0,2704,200.34,73328925571105
6723.0,1,0.00,51.0,54.0,54.0,39.0,53.0,1120,49.70,42208409148071
6723.0,2,0.00,55.0,58.0,58.0,42.0,57.0,1205,50.23,38118648972656
6724.0,3,0.00,57.0,58.0,58.0,43.0,59.0,1289,49.30,38523129930419
6729.0,0,,70.0,72.0,72.0,51.0,70.0,2791,199.87,73330060830505
6729.0,1,0.00,51.0,54.0,54.0,39.0,53.0,1121,49.66,42208691213684
6729.0,2,0.00,55.0,58.0,58.0,42.0,57.0,1237,50.10,38118933020324
6729.0,3,0.00,57.0,58.0,58.0,43.0,59.0,1279,48.99,38523408194763
6734.0,0,,67.0,78.0,76.0,51.0,69.0,2590,181.54,73331090134277
6735.0,1,0.00,51.0,54.0,54.0,39.0,53.0,1110,49.93,42208974791870
6735.0,2,0.00,55.0,58.0,58.0,42.0,57.0,1195,50.26,38119218486633
6735.0,3,0.00,57.0,58.0,58.0,43.0,59.0,1268,49.34,38523687942077
6740.0,0,,68.0,78.0,78.0,51.0,69.0,2200,180.72,73332116623168
6740.0,1,0.00,51.0,54.0,54.0,39.0,53.0,1121,49.98,42209258170288
6740.0,2,0.00,55.0,58.0,58.0,42.0,57.0,1248,50.28,38119504088806
6741.0,3,0.00,57.0,58.0,58.0,43.0,59.0,1280,49.33,38523968122985
6746.0,0,,68.0,80.0,80.0,51.0,69.0,2103,180.99,73333144629943
6746.0,1,0.00,51.0,54.0,54.0,39.0,52.0,1110,49.78,42209540915161
6746.0,2,0.00,55.0,58.0,58.0,42.0,57.0,1237,50.39,38119789786865
6746.0,3,0.00,57.0,58.0,58.0,43.0,58.0,1269,49.20,38524247113281
6751.0,0,,68.0,80.0,80.0,51.0,70.0,2116,181.44,73334173399963
6752.0,1,0.00,51.0,54.0,54.0,39.0,53.0,1111,49.92,42209823961242
6752.0,2,0.00,55.0,58.0,58.0,42.0,57.0,1185,50.25,38120074678771
6752.0,3,0.00,57.0,58.0,58.0,43.0,59.0,1270,49.17,38524526427124
6757.0,0,,71.0,76.0,76.0,52.0,71.0,2264,189.84,73335249794128
6757.0,1,0.00,51.0,54.0,54.0,39.0,53.0,1112,49.83,42210106473327
6757.0,2,0.00,55.0,58.0,58.0,42.0,57.0,1239,50.29,38120359833862
6758.0,3,0.00,57.0,58.0,58.0,43.0,59.0,1271,49.31,38524805499145
6763.0,0,,71.0,74.0,74.0,52.0,71.0,2583,199.69,73336382012207
6763.0,1,0.00,51.0,54.0,54.0,39.0,53.0,1121,49.86,42210389679443
6763.0,2,0.00,55.0,58.0,58.0,42.0,57.0,1206,50.16,38120644753845
6763.0,3,0.00,57.0,58.0,58.0,43.0,59.0,1280,49.19,38525084888000
6768.0,0,,71.0,74.0,74.0,52.0,71.0,2784,200.35,73337517973815
6769.0,1,0.00,51.0,54.0,54.0,39.0,52.0,1112,49.79,42210671465148
6769.0,2,0.00,55.0,58.0,58.0,42.0,57.0,1197,50.13,38120928464050
6769.0,3,0.00,57.0,58.0,58.0,43.0,59.0,1271,48.99,38525362655517
6774.0,0,,71.0,74.0,74.0,52.0,70.0,2805,199.50,73338649138610
6774.0,1,0.00,51.0,54.0,54.0,39.0,53.0,1122,49.74,42210953473571
6774.0,2,0.00,55.0,58.0,58.0,42.0,57.0,1206,50.15,38121213302368
6775.0,3,0.00,57.0,58.0,58.0,43.0,59.0,1280,49.13,38525641240478
6780.0,0,,71.0,72.0,74.0,52.0,70.0,2802,199.60,73339782876647
6780.0,1,0.00,51.0,54.0,54.0,39.0,52.0,1121,49.85,42211236641357
6780.0,2,0.00,55.0,58.0,58.0,42.0,57.0,1248,50.30,38121498481689
6780.0,3,0.00,57.0,58.0,58.0,43.0,59.0,1270,49.23,38525920384826
6785.0,0,,71.0,72.0,74.0,52.0,70.0,2794,200.41,73340919189147
6786.0,1,0.00,52.0,54.0,54.0,39.0,53.0,1111,49.77,42211518810607
6786.0,2,0.00,55.0,58.0,58.0,42.0,57.0,1249,50.28,38121783562133
6786.0,3,0.00,57.0,58.0,58.0,43.0,59.0,1269,49.32,38526200518066
6791.0,0,,70.0,72.0,72.0,51.0,70.0,2811,199.69,73342053453979
6791.0,1,0.00,51.0,54.0,54.0,39.0,52.0,1120,49.80,42211801653625
6791.0,2,0.00,55.0,58.0,58.0,42.0,57.0,1247,50.14,38122068332641
6792.0,3,0.00,57.0,58.0,58.0,43.0,59.0,1280,49.15,38526479173156
6797.0,0,,70.0,72.0,72.0,51.0,70.0,2802,200.42,73343189833251
6797.0,1,0.00,51.0,54.0,54.0,39.0,53.0,1121,49.79,42212084442932
6797.0,2,0.00,55.0,58.0,58.0,42.0,57.0,1206,50.19,38122353387145
6797.0,3,0.00,57.0,58.0,58.0,43.0,59.0,1280,49.07,38526757867431
6802.0,0,,71.0,72.0,72.0,51.0,70.0,2804,199.86,73344323058227
6803.0,1,0.00,51.0,54.0,54.0,39.0,53.0,1112,49.84,42212366564880
6803.0,2,0.00,55.0,58.0,58.0,42.0,57.0,1175,50.21,38122638064941
6803.0,3,0.00,57.0,58.0,58.0,43.0,59.0,1270,49.26,38527037189819
6808.0,0,,70.0,72.0,72.0,51.0,69.0,2688,199.96,73345456813781
6808.0,1,0.00,51.0,54.0,54.0,39.0,53.0,1111,49.63,42212648490783
6808.0,2,0.00,55.0,58.0,58.0,42.0,57.0,1207,50.26,38122923035278
6809.0,3,0.00,57.0,58.0,58.0,43.0,59.0,1270,49.02,38527315158508
6814.0,0,,70.0,72.0,72.0,52.0,70.0,2709,199.67,73346588920227
6814.0,1,0.00,51.0,54.0,54.0,39.0,53.0,1122,49.82,42212930453491
6814.0,2,0.00,55.0,58.0,58.0,42.0,57.0,1207,50.22,38123207754882
6814.0,3,0.00,57.0,58.0,58.0,43.0,59.0,1281,49.01,38527593064086
6819.0,0,100.00,71.0,72.0,72.0,51.0,69.0,2795,200.46,73347725542541
6820.0,1,0.00,51.0,54.0,54.0,39.0,53.0,1112,49.83,42213213505737
6820.0,2,0.00,55.0,58.0,58.0,42.0,57.0,1217,50.24,38123492590881
6820.0,3,0.00,57.0,58.0,58.0,43.0,59.0,1280,49.22,38527872130371
6825.0,0,,70.0,72.0,72.0,51.0,69.0,2698,200.12,73348862222167
6825.0,1,0.00,51.0,54.0,54.0,39.0,52.0,1123,50.07,42213496910766
6825.0,2,0.00,55.0,58.0,58.0,42.0,57.0,1250,50.30,38123777286254
6826.0,3,0.00,57.0,58.0,58.0,43.0,59.0,1271,49.30,38528151687927
6831.0,0,,70.0,72.0,72.0,52.0,70.0,2510,199.98,73349994102539
6831.0,1,0.00,51.0,54.0,54.0,39.0,53.0,1122,49.79,42213779208679
6831.0,2,0.00,55.0,58.0,58.0,42.0,57.0,1238,50.08,38124061733154
6831.0,3,0.00,57.0,58.0,58.0,43.0,59.0,1291,49.10,38528430081848
6837.0,0,,70.0,72.0,72.0,51.0,69.0,2760,199.61,73351127871459
6837.0,1,0.00,51.0,54.0,54.0,39.0,53.0,1111,49.75,42214061775329
6837.0,2,0.00,55.0,58.0,58.0,42.0,57.0,1175,50.25,38124346647583
6837.0,3,0.00,57.0,58.0,58.0,44.0,59.0,1301,49.15,38528708742004
6842.0,0,,71.0,72.0,72.0,51.0,70.0,2804,200.02,73352261991638
6842.0,1,0.00,51.0,54.0,54.0,39.0,53.0,1122,49.80,42214344145019
6842.0,2,0.00,55.0,58.0,58.0,42.0,57.0,1207,50.16,38124631073364
6843.0,3,0.00,57.0,58.0,58.0,43.0,59.0,1260,49.20,38528987731201
6848.0,0,,70.0,72.0,72.0,51.0,69.0,2615,200.47,73353398671386
6848.0,1,0.00,51.0,54.0,54.0,39.0,53.0,1111,49.79,42214626461791
6848.0,2,0.00,55.0,58.0,58.0,42.0,57.0,1206,50.28,38124916162414
6848.0,3,0.00,57.0,58.0,58.0,43.0,59.0,1280,49.39,38529267794982
6854.0,0,,70.0,72.0,72.0,51.0,70.0,2770,200.12,73354533358276
6854.0,1,0.00,51.0,54.0,54.0,39.0,52.0,1110,49.71,42214908828796
6854.0,2,0.00,55.0,58.0,58.0,42.0,57.0,1185,50.15,38125201019042
6854.0,3,0.00,57.0,58.0,58.0,43.0,59.0,1280,48.96,38529545899169
6859.0,0,,70.0,72.0,72.0,51.0,69.0,2749,199.24,73355665035217
6859.0,1,0.00,52.0,54.0,54.0,39.0,52.0,1121,49.77,42215191005798
6860.0,2,0.00,55.0,58.0,58.0,42.0,57.0,1248,50.25,38125485926269
6860.0,3,0.00,57.0,58.0,58.0,43.0,59.0,1269,49.13,38529824944335
6865.0,0,,71.0,72.0,72.0,52.0,70.0,2551,199.70,73356797337707
6865.0,1,0.00,51.0,54.0,54.0,39.0,53.0,1112,49.93,42215474118957
6865.0,2,0.00,55.0,58.0,58.0,42.0,57.0,1250,50.19,38125770487182
6865.0,3,0.00,57.0,58.0,58.0,43.0,59.0,1272,49.39,38530104482604
6871.0,0,,69.0,72.0,72.0,51.0,69.0,2772,201.14,73357937806518
6871.0,1,0.00,51.0,54.0,54.0,39.0,53.0,1110,49.81,42215756550109
6871.0,2,0.00,55.0,58.0,58.0,42.0,57.0,1237,50.34,38126056430725
6871.0,3,0.00,57.0,58.0,58.0,43.0,59.0,1279,49.04,38530383036437
6876.0,0,,70.0,72.0,72.0,51.0,69.0,2676,198.86,73359067317077
6876.0,1,0.00,52.0,54.0,54.0,39.0,53.0,1111,49.69,42216038783935
6877.0,2,0.00,55.0,58.0,58.0,42.0,57.0,1260,50.21,38126341118591
6877.0,3,0.00,57.0,58.0,58.0,44.0,59.0,1270,49.07,38530661262695
6882.0,0,,70.0,72.0,72.0,51.0,70.0,2709,200.13,73360202040466
6882.0,1,0.00,51.0,54.0,54.0,39.0,53.0,1122,49.88,42216321605407
6882.0,2,0.00,55.0,58.0,58.0,42.0,57.0,1207,50.13,38126625367980
6882.0,3,0.00,57.0,58.0,58.0,43.0,59.0,1281,49.11,38530939736511
6888.0,0,,68.0,76.0,76.0,51.0,69.0,2656,185.25,73361252391174
6888.0,1,0.00,51.0,54.0,54.0,39.0,52.0,1111,49.99,42216605029418
6888.0,2,0.00,55.0,58.0,58.0,42.0,57.0,1195,50.26,38126910337646
6888.0,3,0.00,57.0,58.0,58.0,43.0,59.0,1279,49.28,38531219654174
6893.0,0,,68.0,78.0,78.0,51.0,69.0,2263,181.23,73362279949218
6893.0,1,0.00,51.0,54.0,54.0,39.0,52.0,1121,49.82,42216887991577
6894.0,2,0.00,55.0,58.0,58.0,42.0,57.0,1205,50.17,38127195302795
6894.0,3,0.00,57.0,58.0,58.0,43.0,59.0,1268,49.26,38531498972717
6899.0,0,,68.0,78.0,80.0,51.0,69.0,2123,180.86,73363309032226
6899.0,1,0.00,51.0,54.0,54.0,39.0,52.0,1120,49.80,42217170840393
6899.0,2,0.00,55.0,58.0,58.0,42.0,57.0,1206,50.13,38127480033996
6899.0,3,0.00,57.0,58.0,58.0,43.0,59.0,1280,49.11,38531777926696
6905.0,0,,68.0,80.0,80.0,51.0,70.0,2107,181.10,73364335891967
6905.0,1,0.00,51.0,54.0,54.0,39.0,53.0,1112,49.96,42217454089599
6905.0,2,0.00,55.0,58.0,58.0,42.0,57.0,1206,50.26,38127765027465
6905.0,3,0.00,57.0,58.0,58.0,43.0,59.0,1280,49.45,38532058301269
6910.0,0,,70.0,76.0,76.0,51.0,70.0,2263,185.63,73365388429565
6910.0,1,0.00,51.0,54.0,54.0,39.0,53.0,1100,49.81,42217736492370
6911.0,2,0.00,55.0,58.0,58.0,42.0,57.0,1205,50.40,38128051296081
6911.0,3,0.00,57.0,58.0,58.0,43.0,58.0,1268,49.41,38532338924316
6916.0,0,,71.0,76.0,74.0,52.0,70.0,2515,200.08,73366524881286
6916.0,1,0.00,51.0,54.0,54.0,39.0,53.0,1119,49.81,42218019438476
6916.0,2,0.00,55.0,58.0,58.0,42.0,57.0,1205,50.17,38128336252990
6916.0,3,0.00,57.0,58.0,58.0,43.0,58.0,1279,48.99,38532617180236
6922.0,0,,71.0,74.0,74.0,52.0,71.0,2769,199.81,73367659781921
6922.0,1,0.00,51.0,54.0,54.0,39.0,53.0,1111,49.87,42218302674011
6922.0,2,0.00,55.0,58.0,58.0,42.0,57.0,1196,50.15,38128620630981
6922.0,3,0.00,57.0,58.0,58.0,43.0,59.0,1280,49.19,38532896072631
6927.0,0,,71.0,74.0,74.0,52.0,70.0,2804,199.73,73368792263366
6927.0,1,0.00,51.0,54.0,54.0,39.0,52.0,1111,49.93,42218585753051
6928.0,2,0.00,55.0,58.0,58.0,42.0,57.0,1206,50.23,38128905457275
6928.0,3,0.00,57.0,58.0,58.0,43.0,59.0,1269,49.28,38533175481140
6933.0,0,,71.0,74.0,72.0,52.0,70.0,2805,199.76,73369924898620
6933.0,1,0.00,51.0,54.0,54.0,39.0,52.0,1121,49.57,42218867338195
6933.0,2,0.00,55.0,58.0,58.0,42.0,57.0,1249,50.37,38129191556945
6933.0,3,0.00,57.0,58.0,58.0,43.0,59.0,1280,49.02,38533453925964
6939.0,0,,71.0,74.0,72.0,51.0,70.0,2802,200.41,73371063244934
6939.0,1,0.00,51.0,54.0,54.0,39.0,53.0,1112,49.76,42219149450256
6939.0,2,0.00,55.0,58.0,58.0,42.0,57.0,1239,50.14,38129475825683
6939.0,3,0.00,57.0,58.0,58.0,43.0,59.0,1271,49.04,38533731997192
6944.0,0,,70.0,72.0,72.0,52.0,70.0,2794,199.85,73372196384582
6944.0,1,0.00,51.0,54.0,54.0,39.0,52.0,1122,49.82,42219431915527
6945.0,2,0.00,55.0,58.0,58.0,42.0,56.0,1250,50.12,38129760028869
6945.0,3,0.00,57.0,58.0,58.0,43.0,59.0,1271,49.33,38534011176879
6950.0,0,,70.0,72.0,72.0,51.0,70.0,2805,200.55,73373331522277
6950.0,1,0.00,51.0,54.0,54.0,39.0,53.0,1122,49.86,42219714623291
6950.0,2,0.00,55.0,58.0,58.0,42.0,57.0,1206,50.36,38130045543151
6950.0,3,0.00,57.0,58.0,58.0,43.0,59.0,1279,49.29,38534291168273
6956.0,0,,69.0,72.0,72.0,51.0,69.0,2812,199.88,73374466842224
6956.0,1,0.00,51.0,54.0,54.0,39.0,53.0,1110,49.78,42219997351867
6956.0,2,0.00,55.0,58.0,58.0,42.0,57.0,1216,50.16,38130330433837
6956.0,3,0.00,57.0,58.0,58.0,43.0,59.0,1280,48.98,38534569371704
6961.0,0,,71.0,72.0,72.0,51.0,70.0,2760,199.25,73375598573242
6961.0,1,0.00,51.0,54.0,54.0,39.0,53.0,1122,49.80,42220279739929
6962.0,2,0.00,55.0,58.0,58.0,42.0,57.0,1206,50.13,38130614656372
6962.0,3,0.00,57.0,58.0,58.0,43.0,59.0,1270,49.12,38534847903625
6967.0,0,,70.0,72.0,72.0,51.0,70.0,2647,200.78,73376735000427
6967.0,1,0.00,51.0,54.0,54.0,39.0,53.0,1122,49.94,42220562897705
6967.0,2,0.00,55.0,58.0,58.0,42.0,57.0,1185,50.16,38130899059875
6967.0,3,0.00,57.0,58.0,58.0,43.0,59.0,1280,49.31,38535127480041
6973.0,0,100.00,69.0,72.0,72.0,51.0,69.0,2782,199.81,73377869923522
6973.0,1,0.00,51.0,54.0,54.0,39.0,52.0,1112,49.65,42220844422973
6973.0,2,0.00,55.0,58.0,58.0,42.0,57.0,1196,50.37,38131184644226
6973.0,3,0.00,57.0,58.0,58.0,44.0,59.0,1281,49.29,38535406978576
6978.0,0,,69.0,72.0,72.0,51.0,69.0,2733,200.30,73379003606750
6978.0,1,0.00,51.0,54.0,54.0,39.0,53.0,1123,49.80,42221126283874
6979.0,2,0.00,55.0,58.0,58.0,42.0,57.0,1187,50.17,38131468629699
6979.0,3,0.00,57.0,58.0,58.0,43.0,59.0,1271,49.00,38535684794494
6984.0,0,,70.0,72.0,72.0,52.0,70.0,2571,199.67,73380137744018
6984.0,1,0.00,51.0,54.0,54.0,39.0,53.0,1111,49.72,42221408666870
6984.0,2,0.00,55.0,58.0,58.0,42.0,57.0,1217,50.01,38131752684020
6984.0,3,0.00,57.0,58.0,58.0,43.0,59.0,1281,49.11,38535963235595
6990.0,0,,70.0,72.0,72.0,51.0,70.0,2773,200.26,73381271237731
6990.0,1,0.00,51.0,54.0,54.0,39.0,52.0,1112,50.10,42221692206176
6990.0,2,0.00,55.0,58.0,58.0,42.0,57.0,1239,50.38,38132037847045
6990.0,3,0.00,57.0,58.0,58.0,43.0,59.0,1281,49.30,38536242744201
6995.0,0,,70.0,72.0,72.0,51.0,69.0,2805,199.07,73382401973815
6996.0,1,0.00,51.0,54.0,54.0,39.0,53.0,1121,49.73,42221974687133
6996.0,2,0.00,55.0,58.0,58.0,42.0,57.0,1247,51.41,38132329829406
6996.0,3,0.00,57.0,58.0,58.0,43.0,59.0,1289,49.03,38536521261108
7001.0,0,,70.0,72.0,72.0,51.0,69.0,2705,200.87,73383540929199
7001.0,1,0.00,51.0,54.0,54.0,39.0,53.0,1121,49.80,42222257526916
7001.0,2,0.00,55.0,58.0,58.0,42.0,57.0,1259,50.03,38132613983642
7001.0,3,0.00,57.0,58.0,58.0,43.0,59.0,1292,49.09,38536799579101
7007.0,0,,70.0,72.0,72.0,51.0,70.0,2592,199.65,73384674924804
7007.0,1,0.00,51.0,54.0,54.0,39.0,53.0,1111,50.02,42222541145690
7007.0,2,0.00,55.0,58.0,58.0,42.0,57.0,1248,50.23,38132898780151
7007.0,3,0.00,57.0,58.0,58.0,43.0,59.0,1279,49.31,38537079169006
7012.0,0,,71.0,72.0,72.0,51.0,70.0,2781,199.74,73385807465820
7013.0,1,0.00,51.0,54.0,54.0,39.0,53.0,1121,49.80,42222823489013
7013.0,2,0.00,55.0,58.0,58.0,42.0,57.0,1206,50.36,38133184343261
7013.0,3,0.00,57.0,58.0,58.0,43.0,59.0,1291,49.23,38537358786560
7018.0,0,,71.0,72.0,72.0,51.0,69.0,2803,200.39,73386943675354
7018.0,1,0.00,51.0,54.0,54.0,39.0,53.0,1121,49.52,42223104773742
7018.0,2,0.00,55.0,58.0,58.0,42.0,57.0,1196,50.04,38133468554382
7019.0,3,0.00,57.0,58.0,58.0,43.0,59.0,1280,48.99,38537636568420
7024.0,0,,70.0,72.0,72.0,51.0,69.0,2613,199.25,73388075438964
7024.0,1,0.00,51.0,54.0,54.0,39.0,53.0,1111,49.77,42223386986877
7024.0,2,0.00,55.0,58.0,58.0,42.0,57.0,1217,50.16,38133752950500
7024.0,3,0.00,57.0,58.0,58.0,43.0,59.0,1259,49.13,38537915117187
7029.0,0,,70.0,72.0,72.0,51.0,70.0,2721,200.60,73389212829223
7030.0,1,0.00,51.0,54.0,54.0,39.0,53.0,1122,49.84,42223669607849
7030.0,2,0.00,55.0,58.0,58.0,42.0,57.0,1217,50.26,38134037926635
7030.0,3,0.00,57.0,58.0,58.0,43.0,59.0,1271,49.33,38538194846252
7035.0,0,,70.0,72.0,72.0,52.0,70.0,2803,200.01,73390346871337
7035.0,1,0.00,51.0,54.0,54.0,39.0,53.0,1121,49.80,42223951948669
7035.0,2,0.00,55.0,58.0,58.0,42.0,57.0,1195,50.44,38134323948913
7036.0,3,0.00,57.0,58.0,58.0,44.0,59.0,1290,49.32,38538474988220
7041.0,0,,67.0,76.0,76.0,51.0,69.0,2717,188.10,73391415275085
7041.0,1,0.00,51.0,54.0,54.0,39.0,53.0,1110,49.81,42224234845764
7041.0,2,0.00,55.0,58.0,58.0,42.0,57.0,1206,49.97,38134607783081
7041.0,3,0.00,57.0,58.0,58.0,43.0,59.0,1290,49.07,38538753211547
7046.0,0,,67.0,78.0,78.0,51.0,69.0,2264,180.99,73392441475830
7047.0,1,0.00,51.0,54.0,54.0,39.0,53.0,1122,49.96,42224518119506
7047.0,2,0.00,55.0,58.0,58.0,42.0,57.0,1238,50.26,38134892754699
7047.0,3,0.00,57.0,58.0,58.0,43.0,59.0,1268,49.31,38539033318969
7052.0,0,,68.0,78.0,78.0,51.0,69.0,2122,181.07,73393469940490
7052.0,1,0.00,51.0,54.0,54.0,39.0,53.0,1120,49.96,42224802373901
7052.0,2,0.00,55.0,58.0,58.0,42.0,56.0,1225,50.31,38135179038146
7053.0,3,0.00,57.0,58.0,58.0,43.0,59.0,1300,49.38,38539313818237
7058.0,0,,68.0,80.0,80.0,51.0,70.0,2104,181.09,73394498542541
7058.0,1,0.00,51.0,54.0,54.0,39.0,53.0,1121,49.75,42225084448913
7058.0,2,0.00,55.0,58.0,58.0,42.0,57.0,1227,50.15,38135463393188
7058.0,3,0.00,57.0,58.0,58.0,43.0,59.0,1279,49.10,38539592213989
7063.0,0,,68.0,80.0,80.0,51.0,70.0,2231,181.71,73395528838684
7064.0,1,0.00,51.0,54.0,54.0,39.0,53.0,1110,49.80,42225367333984
7064.0,2,0.00,55.0,58.0,58.0,42.0,56.0,1194,50.09,38135747900268
7064.0,3,0.00,57.0,58.0,58.0,43.0,58.0,1269,49.17,38539871527526
7069.0,0,0.00,64.0,80.0,80.0,48.0,66.0,2094,66.61,73395907183898
7069.0,1,0.00,51.0,54.0,54.0,39.0,53.0,1121,49.90,42225650278198
7069.0,2,0.00,55.0,58.0,58.0,42.0,57.0,1238,50.21,38136033117248
7070.0,3,0.00,57.0,58.0,58.0,43.0,58.0,1278,49.07,38540150236755
7075.0,0,0.00,63.0,80.0,80.0,48.0,65.0,1586,58.31,73396238384338
7075.0,1,0.00,51.0,54.0,54.0,39.0,53.0,1122,49.71,42225932622131
7075.0,2,0.00,55.0,58.0,58.0,42.0,57.0,1206,50.43,38136319034240
7075.0,3,0.00,57.0,58.0,58.0,43.0,58.0,1280,49.25,38540429482177
7080.0,0,0.00,62.0,80.0,80.0,47.0,64.0,1523,58.22,73396568464721
7081.0,1,0.00,51.0,54.0,54.0,39.0,53.0,1111,49.79,42226214919982
7081.0,2,0.00,55.0,58.0,58.0,42.0,57.0,1176,50.08,38136602988952
7081.0,3,0.00,56.0,58.0,58.0,43.0,59.0,1271,48.83,38540706360778
7086.0,0,79.64,67.0,68.0,68.0,49.0,67.0,1494,97.80,73397122016418
7086.0,1,0.00,51.0,54.0,54.0,39.0,52.0,1123,49.95,42226498147766
7086.0,2,0.00,55.0,58.0,58.0,42.0,57.0,1228,50.06,38136886811706
7087.0,3,0.00,56.0,58.0,58.0,43.0,58.0,1271,48.97,38540983559265
7092.0,0,,70.0,70.0,70.0,51.0,69.0,1726,199.80,73398254910339
7092.0,1,0.00,51.0,54.0,54.0,39.0,52.0,1112,49.83,42226780671813
7092.0,2,0.00,55.0,58.0,58.0,42.0,57.0,1207,50.34,38137172234863
7092.0,3,0.00,56.0,58.0,58.0,43.0,58.0,1280,49.20,38541263029479
7097.0,0,,70.0,70.0,70.0,52.0,70.0,2211,199.59,73399388569091
7098.0,1,0.00,52.0,54.0,54.0,39.0,53.0,1100,49.63,42227062085388
7098.0,2,0.00,55.0,58.0,58.0,42.0,57.0,1185,50.38,38137457874877
7098.0,3,0.00,56.0,58.0,58.0,43.0,58.0,1270,48.93,38541540457397
7103.0,0,100.00,70.0,70.0,72.0,51.0,70.0,2562,200.10,73400523129028
7103.0,1,0.00,51.0,54.0,54.0,39.0,53.0,1123,49.67,42227343218872
7103.0,2,0.00,55.0,58.0,58.0,42.0,57.0,1240,50.01,38137741434692
7104.0,3,0.00,56.0,58.0,58.0,43.0,58.0,1271,49.02,38541817918945
7109.0,0,,70.0,70.0,70.0,51.0,70.0,2776,200.05,73401655433166
7109.0,1,0.00,51.0,54.0,54.0,39.0,53.0,1112,49.88,42227626063354
7109.0,2,0.00,55.0,58.0,58.0,42.0,57.0,1228,50.30,38138026134582
7109.0,3,0.00,56.0,58.0,58.0,43.0,58.0,1270,49.04,38542096492492
7114.0,0,,69.0,72.0,72.0,51.0,70.0,2803,200.30,73402791115539
7115.0,1,0.00,51.0,54.0,54.0,39.0,53.0,1111,49.90,42227908978210
7115.0,2,0.00,55.0,58.0,58.0,42.0,57.0,1153,50.31,38138311906127
7115.0,3,0.00,56.0,58.0,58.0,43.0,58.0,1270,49.28,38542375882934
7120.0,0,,69.0,72.0,72.0,51.0,69.0,2805,199.98,73403924980163
7120.0,1,0.00,51.0,54.0,54.0,39.0,53.0,1112,49.72,42228190913146
7120.0,2,0.00,55.0,58.0,58.0,42.0,57.0,1249,50.12,38138595559020
7121.0,3,0.00,56.0,58.0,58.0,43.0,58.0,1271,48.94,38542653353576
7126.0,0,,69.0,70.0,72.0,51.0,69.0,2561,200.06,73405059329589
7126.0,1,0.00,51.0,54.0,54.0,39.0,53.0,1122,49.87,42228473664001
7126.0,2,0.00,55.0,58.0,58.0,42.0,57.0,1239,50.10,38138879609985
7126.0,3,0.00,56.0,58.0,58.0,43.0,59.0,1281,49.13,38542931426147
7131.0,0,,69.0,70.0,72.0,51.0,69.0,2762,199.99,73406193282775
7132.0,1,0.00,51.0,54.0,54.0,39.0,53.0,1111,49.87,42228756951110
7132.0,2,0.00,55.0,58.0,58.0,42.0,57.0,1217,50.27,38139165132629
7132.0,3,0.00,57.0,58.0,58.0,43.0,59.0,1269,49.19,38543210808166
7137.0,0,,70.0,72.0,72.0,51.0,70.0,2760,199.76,73407327900024
7137.0,1,0.00,51.0,54.0,54.0,39.0,53.0,1121,49.77,42229039171875
7137.0,2,0.00,55.0,58.0,58.0,42.0,57.0,1227,50.37,38139450729003
7138.0,3,0.00,57.0,58.0,58.0,43.0,59.0,1280,49.29,38543490265747
7143.0,0,,69.0,72.0,72.0,51.0,69.0,2592,200.23,73408463176269
7143.0,1,0.00,51.0,54.0,54.0,39.0,53.0,1122,49.65,42229320686523
7143.0,2,0.00,55.0,58.0,58.0,42.0,57.0,1185,50.02,38139734357177
7143.0,3,0.00,56.0,58.0,58.0,43.0,59.0,1270,48.91,38543767581481
7149.0,0,,67.0,74.0,74.0,51.0,69.0,2784,193.31,73409559250915
7149.0,1,0.00,51.0,54.0,54.0,39.0,53.0,1112,49.96,42229603979858
7149.0,2,0.00,55.0,58.0,58.0,42.0,57.0,1175,50.15,38140018715637
7149.0,3,0.00,56.0,58.0,58.0,43.0,58.0,1270,49.13,38544046133666
7154.0,0,,67.0,76.0,74.0,50.0,68.0,2357,158.54,73410459770690
7154.0,1,0.00,51.0,54.0,54.0,39.0,53.0,1121,50.04,42229888182556
7154.0,2,0.00,55.0,58.0,58.0,42.0,57.0,1205,50.38,38140304845886
7155.0,3,0.00,56.0,58.0,58.0,43.0,58.0,1279,49.43,38544326873840
7160.0,0,,67.0,76.0,76.0,50.0,68.0,2041,162.35,73411380279296
7160.0,1,0.00,51.0,54.0,54.0,39.0,53.0,1121,49.79,42230170971191
7160.0,2,0.00,55.0,58.0,58.0,42.0,57.0,1206,50.33,38140590742797
7160.0,3,0.00,57.0,58.0,58.0,43.0,58.0,1280,49.13,38544605926330
7166.0,0,,67.0,76.0,76.0,50.0,69.0,1904,156.92,73412271593933
7166.0,1,0.00,51.0,54.0,54.0,39.0,53.0,1110,50.03,42230454659057
7166.0,2,0.00,55.0,58.0,58.0,42.0,57.0,1194,50.32,38140876068542
7166.0,3,0.00,57.0,58.0,58.0,43.0,58.0,1268,49.31,38544885984680
7171.0,0,,67.0,76.0,76.0,51.0,69.0,1955,158.58,73413172351257
7171.0,1,0.00,51.0,54.0,54.0,39.0,52.0,1121,50.05,42230738958374
7172.0,2,0.00,55.0,58.0,58.0,42.0,57.0,1259,50.36,38141162134399
7172.0,3,0.00,56.0,58.0,58.0,43.0,58.0,1269,49.41,38545166132812
7177.0,0,,71.0,74.0,74.0,52.0,70.0,2115,176.15,73414171129882
7177.0,1,0.00,51.0,54.0,54.0,39.0,53.0,1121,49.84,42231021565673
7177.0,2,0.00,55.0,58.0,58.0,42.0,57.0,1260,50.47,38141448309875
7177.0,3,0.00,56.0,58.0,58.0,43.0,58.0,1281,49.41,38545446272583
7183.0,0,,71.0,74.0,74.0,52.0,71.0,2478,199.76,73415303764404
7183.0,1,0.00,51.0,54.0,54.0,39.0,53.0,1112,49.61,42231302871887
7183.0,2,0.00,55.0,58.0,58.0,42.0,57.0,1206,49.96,38141731597717
7183.0,3,0.00,56.0,58.0,58.0,43.0,58.0,1270,48.86,38545723307312
7188.0,0,,71.0,72.0,72.0,52.0,70.0,2772,199.70,73416436076904
7188.0,1,0.00,51.0,54.0,54.0,39.0,53.0,1121,49.83,42231585390258
7189.0,2,0.00,55.0,58.0,58.0,42.0,57.0,1238,50.15,38142016461730
7189.0,3,0.00,56.0,58.0,58.0,43.0,58.0,1269,49.02,38546001737060
7194.0,0,,70.0,72.0,72.0,51.0,70.0,2801,200.18,73417573078063
7194.0,1,0.00,51.0,54.0,54.0,39.0,53.0,1121,49.90,42231868827331
7194.0,2,0.00,55.0,58.0,58.0,42.0,56.0,1205,50.38,38142302104797
7194.0,3,0.00,56.0,58.0,58.0,43.0,58.0,1278,49.16,38546280943847
7200.0,0,,70.0,72.0,72.0,51.0,70.0,2798,200.23,73418710364257
7200.0,1,0.00,51.0,54.0,54.0,39.0,53.0,1109,49.59,42232151012084
7200.0,2,0.00,55.0,58.0,58.0,42.0,57.0,1193,50.19,38142587667175
7200.0,3,0.00,56.0,58.0,58.0,43.0,58.0,1278,49.22,38546560515197
7205.0,0,,71.0,72.0,72.0,51.0,70.0,2803,199.31,73419842454040
7205.0,1,0.00,51.0,54.0,54.0,39.0,52.0,1122,49.79,42232433311584
7206.0,2,0.00,55.0,58.0,58.0,42.0,57.0,1206,50.06,38142871501708
7206.0,3,0.00,56.0,58.0,58.0,43.0,58.0,1270,49.02,38546838470214
7211.0,0,,70.0,72.0,72.0,51.0,70.0,2804,200.03,73420976648681
7211.0,1,0.00,51.0,54.0,54.0,39.0,53.0,1122,50.00,42232716818237
7211.0,2,0.00,55.0,58.0,58.0,42.0,57.0,1259,50.29,38143156640747
7211.0,3,0.00,57.0,58.0,58.0,43.0,58.0,1280,49.22,38547117541503
7217.0,0,,70.0,72.0,72.0,51.0,70.0,2802,200.61,73422114133483
7217.0,1,0.00,51.0,54.0,54.0,39.0,53.0,1110,49.80,42232999675292
7217.0,2,0.00,55.0,58.0,58.0,42.0,57.0,1238,50.28,38143442210021
7217.0,3,0.00,56.0,58.0,58.0,43.0,58.0,1279,49.26,38547397363098
7222.0,0,,70.0,72.0,72.0,51.0,70.0,2760,199.57,73423247664672
7222.0,1,0.00,51.0,54.0,54.0,39.0,53.0,1121,49.73,42233281636901
7223.0,2,0.00,55.0,58.0,58.0,42.0,57.0,1227,50.31,38143727449768
7223.0,3,0.00,57.0,58.0,58.0,43.0,58.0,1270,48.97,38547675040161
7228.0,0,,70.0,72.0,72.0,51.0,70.0,2632,199.61,73424381430114
7228.0,1,0.00,51.0,54.0,54.0,39.0,53.0,1121,49.73,42233564119079
7228.0,2,0.00,55.0,58.0,58.0,42.0,57.0,1194,50.12,38144012113342
7228.0,3,0.00,57.0,58.0,58.0,43.0,59.0,1279,48.92,38547952909179
7234.0,0,,71.0,72.0,72.0,51.0,69.0,2792,199.98,73425515318237
7234.0,1,0.00,51.0,54.0,54.0,39.0,53.0,1111,50.06,42233847951538
7234.0,2,0.00,55.0,58.0,58.0,42.0,57.0,1227,50.36,38144297629333
7234.0,3,0.00,57.0,58.0,58.0,43.0,59.0,1281,49.19,38548231819458
7239.0,0,,70.0,72.0,72.0,51.0,69.0,2804,200.88,73426654326477
7239.0,1,0.00,51.0,54.0,54.0,39.0,53.0,1112,49.67,42234129571472
7240.0,2,0.00,55.0,58.0,58.0,42.0,57.0,1217,50.18,38144582176025
7240.0,3,0.00,57.0,58.0,58.0,43.0,59.0,1269,49.18,38548511134338
7245.0,0,,69.0,72.0,72.0,51.0,69.0,2547,199.88,73427789644592
7245.0,1,0.00,51.0,54.0,54.0,39.0,52.0,1120,49.75,42234412172302
7245.0,2,0.00,55.0,58.0,58.0,42.0,57.0,1194,50.02,38144866282470
7245.0,3,0.00,56.0,58.0,58.0,43.0,59.0,1279,49.03,38548789106323
7251.0,0,,70.0,72.0,72.0,52.0,70.0,2677,200.21,73428924845764
7251.0,1,0.00,51.0,54.0,54.0,39.0,53.0,1112,49.95,42234695374267
7251.0,2,0.00,55.0,58.0,58.0,42.0,57.0,1196,50.26,38145151276306
7251.0,3,0.00,57.0,58.0,58.0,43.0,59.0,1280,49.08,38549067872619
7256.0,0,,70.0,72.0,72.0,51.0,70.0,2795,199.61,73430056643432
7256.0,1,0.00,51.0,54.0,54.0,39.0,53.0,1122,49.91,42234978340759
7257.0,2,0.00,55.0,58.0,58.0,42.0,57.0,1207,50.30,38145436484680
7257.0,3,0.00,57.0,58.0,58.0,43.0,59.0,1270,49.29,38549347354003
7262.0,0,,70.0,72.0,72.0,51.0,69.0,2749,199.72,73431191059509
7262.0,1,0.00,51.0,54.0,54.0,39.0,53.0,1122,49.54,42235259220886
7262.0,2,0.00,55.0,58.0,58.0,42.0,57.0,1207,50.26,38145721468444
7262.0,3,0.00,57.0,58.0,58.0,43.0,59.0,1281,49.21,38549626402282
7268.0,0,,71.0,72.0,72.0,51.0,69.0,2606,200.28,73432324643676
7268.0,1,0.00,51.0,54.0,54.0,39.0,53.0,1112,49.79,42235541553771
7268.0,2,0.00,55.0,58.0,58.0,42.0,57.0,1185,50.07,38146005868164
7268.0,3,0.00,57.0,58.0,58.0,43.0,59.0,1281,49.03,38549904387512
7273.0,0,,70.0,72.0,72.0,51.0,70.0,2783,199.91,73433458105529
7273.0,1,0.00,51.0,54.0,54.0,39.0,53.0,1122,49.81,42235823951049
7274.0,2,0.00,55.0,58.0,58.0,42.0,57.0,1206,50.30,38146291081970
7274.0,3,0.00,57.0,58.0,58.0,43.0,59.0,1270,49.25,38550183651794
7279.0,0,,71.0,72.0,72.0,51.0,70.0,2695,200.17,73434595097106
7279.0,1,0.00,52.0,54.0,54.0,39.0,53.0,1120,49.85,42236107113403
7279.0,2,0.00,55.0,58.0,58.0,42.0,57.0,1205,50.21,38146576275024
7279.0,3,0.00,57.0,58.0,58.0,43.0,59.0,1279,49.26,38550463467285
7285.0,0,,71.0,72.0,72.0,51.0,70.0,2697,199.85,73435728246948
7285.0,1,0.00,51.0,54.0,54.0,39.0,53.0,1111,49.64,42236389086425
7285.0,2,0.00,55.0,58.0,58.0,42.0,57.0,1196,50.04,38146859982788
7285.0,3,0.00,57.0,58.0,58.0,43.0,59.0,1282,48.91,38550740814697
7290.0,0,,70.0,72.0,72.0,51.0,69.0,2755,200.01,73436862331909
7291.0,1,0.00,51.0,54.0,54.0,39.0,53.0,1112,49.93,42236671715881
7291.0,2,0.00,55.0,58.0,58.0,42.0,57.0,1186,50.20,38147144623413
7291.0,3,0.00,57.0,58.0,58.0,43.0,59.0,1271,49.13,38551019367431
7296.0,0,,70.0,72.0,72.0,51.0,70.0,2655,199.75,73437994916992
7296.0,1,0.00,51.0,54.0,54.0,39.0,53.0,1122,50.00,42236955232360
7296.0,2,0.00,55.0,58.0,58.0,42.0,57.0,1207,50.33,38147430016540
7296.0,3,0.00,57.0,58.0,58.0,43.0,59.0,1271,49.25,38551298640441
7302.0,0,,70.0,72.0,72.0,51.0,69.0,2783,200.02,73439129042968
7302.0,1,0.00,51.0,54.0,54.0,39.0,53.0,1111,49.58,42237236849060
7302.0,2,0.00,55.0,58.0,58.0,42.0,57.0,1196,50.28,38147715102905
7302.0,3,0.00,57.0,58.0,58.0,43.0,59.0,1280,49.24,38551577817016
7307.0,0,,68.0,78.0,78.0,51.0,69.0,2505,178.77,73440144435546
7308.0,1,0.00,51.0,54.0,54.0,39.0,53.0,1121,49.80,42237519231811
7308.0,2,0.00,55.0,58.0,58.0,42.0,57.0,1216,50.12,38147999765380
7308.0,3,0.00,57.0,58.0,58.0,43.0,59.0,1269,49.12,38551856815002
7313.0,0,,68.0,78.0,78.0,51.0,69.0,2179,180.96,73441170501464
7313.0,1,0.00,51.0,54.0,54.0,39.0,52.0,1122,49.81,42237802158203
7313.0,2,0.00,55.0,58.0,58.0,42.0,57.0,1250,50.35,38148284772949
7314.0,3,0.00,57.0,58.0,58.0,43.0,59.0,1270,49.29,38552136280517
7319.0,0,,68.0,80.0,80.0,51.0,69.0,2105,180.88,73442197878479
7319.0,1,0.00,51.0,54.0,54.0,39.0,53.0,1110,49.98,42238085541748
7319.0,2,0.00,55.0,58.0,58.0,42.0,56.0,1214,50.17,38148570238281
7319.0,3,0.00,57.0,58.0,58.0,43.0,59.0,1279,49.40,38552416850341
7324.0,0,,68.0,80.0,80.0,51.0,70.0,2145,181.36,73443227999938
7325.0,1,0.00,51.0,54.0,54.0,39.0,53.0,1120,49.71,42238367873657
7325.0,2,0.00,55.0,58.0,58.0,42.0,57.0,1206,50.33,38148855602050
7325.0,3,0.00,57.0,58.0,58.0,43.0,58.0,1269,49.30,38552696852600
7330.0,0,,70.0,76.0,76.0,52.0,70.0,2294,192.67,73444322382507
7330.0,1,0.00,51.0,54.0,54.0,39.0,53.0,1121,49.83,42238650885620
7330.0,2,0.00,55.0,58.0,58.0,42.0,57.0,1195,50.23,38149140907592
7331.0,3,0.00,57.0,58.0,58.0,43.0,59.0,1279,49.22,38552975934936
7336.0,0,,71.0,74.0,74.0,52.0,71.0,2644,199.83,73445455417236
7336.0,1,0.00,51.0,54.0,54.0,39.0,53.0,1110,50.03,42238934547424
7336.0,2,0.00,55.0,58.0,58.0,42.0,57.0,1206,50.34,38149426307434
7336.0,3,0.00,56.0,58.0,58.0,43.0,58.0,1280,49.22,38553255035217
7341.0,0,,71.0,74.0,74.0,52.0,71.0,2795,200.23,73446590725769
7342.0,1,0.00,51.0,54.0,54.0,39.0,53.0,1112,49.84,42239217142333
7342.0,2,0.00,55.0,58.0,58.0,42.0,57.0,1207,50.24,38149711146118
7342.0,3,0.00,57.0,58.0,58.0,43.0,59.0,1270,49.17,38553534319824
7347.0,0,,71.0,74.0,74.0,52.0,70.0,2801,199.45,73447723587219
7347.0,1,0.00,51.0,54.0,54.0,39.0,53.0,1121,49.58,42239498776062
7347.0,2,0.00,55.0,58.0,58.0,42.0,57.0,1237,50.08,38149995613281
7348.0,3,0.00,56.0,58.0,58.0,43.0,59.0,1269,49.01,38553812197753
7353.0,0,,70.0,74.0,74.0,51.0,70.0,2801,200.18,73448858590942
7353.0,1,0.00,51.0,54.0,54.0,39.0,53.0,1110,49.78,42239781544738
7353.0,2,0.00,55.0,58.0,58.0,42.0,57.0,1237,50.19,38150280684387
7353.0,3,0.00,57.0,58.0,58.0,43.0,59.0,1279,49.10,38554091089111
7358.0,0,,71.0,72.0,72.0,52.0,70.0,2801,199.66,73449992638000
7359.0,1,0.00,51.0,54.0,54.0,39.0,53.0,1111,49.78,42240063813476
7359.0,2,0.00,55.0,58.0,58.0,42.0,57.0,1195,50.24,38150565567504
7359.0,3,0.00,57.0,58.0,58.0,43.0,59.0,1270,49.34,38554370851745
7364.0,0,,70.0,72.0,72.0,51.0,69.0,2808,200.14,73451127434814
7364.0,1,0.00,51.0,54.0,54.0,39.0,53.0,1123,49.65,42240345331054
7364.0,2,0.00,55.0,58.0,58.0,42.0,57.0,1207,50.24,38150850434570
7365.0,3,0.00,57.0,58.0,58.0,43.0,59.0,1280,49.13,38554649908569
7370.0,0,,70.0,72.0,72.0,51.0,69.0,2800,199.76,73452262047912
7370.0,1,0.00,51.0,54.0,54.0,39.0,53.0,1110,49.83,42240628374572
7370.0,2,0.00,55.0,58.0,58.0,42.0,57.0,1216,50.14,38151135236877
7370.0,3,0.00,57.0,58.0,58.0,43.0,59.0,1280,49.06,38554928073791
7375.0,0,,69.0,72.0,72.0,51.0,69.0,2801,200.47,73453398689758
7376.0,1,0.00,51.0,54.0,54.0,39.0,53.0,1121,50.05,42240912130371
7376.0,2,0.00,55.0,58.0,58.0,42.0,57.0,1206,50.30,38151420425720
7376.0,3,0.00,57.0,58.0,58.0,43.0,59.0,1270,49.26,38555207403442
7381.0,0,,71.0,72.0,72.0,51.0,70.0,2764,199.96,73454532488769
7381.0,1,0.00,51.0,54.0,54.0,39.0,53.0,1123,49.86,42241194855590
7381.0,2,0.00,55.0,58.0,58.0,42.0,57.0,1250,50.19,38151705009155
7382.0,3,0.00,57.0,58.0,58.0,43.0,59.0,1271,49.30,38555486945068
7387.0,0,,71.0,72.0,72.0,51.0,70.0,2636,200.21,73455667703613
7387.0,1,0.00,51.0,54.0,54.0,39.0,53.0,1111,49.63,42241476276428
7387.0,2,0.00,55.0,58.0,58.0,42.0,57.0,1238,50.32,38151990330993
7387.0,3,0.00,57.0,58.0,58.0,43.0,59.0,1280,48.93,38555764361389
7392.0,0,,70.0,72.0,72.0,51.0,69.0,2793,200.30,73456803429138
7393.0,1,0.00,51.0,54.0,54.0,39.0,53.0,1111,49.88,42241759108886
7393.0,2,0.00,55.0,58.0,58.0,42.0,57.0,1196,50.24,38152275190856
7393.0,3,0.00,57.0,58.0,58.0,43.0,59.0,1269,49.03,38556042846496
7398.0,0,,70.0,72.0,72.0,51.0,69.0,2695,199.87,73457938702392
7398.0,1,0.00,51.0,54.0,54.0,39.0,53.0,1121,49.77,42242041813049
7398.0,2,0.00,55.0,58.0,58.0,42.0,57.0,1184,50.09,38152559687133
7399.0,3,0.00,57.0,58.0,58.0,43.0,59.0,1280,49.25,38556322111083
7404.0,0,,71.0,72.0,72.0,51.0,70.0,2646,199.83,73459071742797
7404.0,1,0.00,51.0,54.0,54.0,39.0,52.0,1111,49.95,42242325018249
7404.0,2,0.00,55.0,58.0,58.0,42.0,57.0,1227,50.17,38152844630187
7404.0,3,0.00,57.0,58.0,58.0,43.0,59.0,1280,49.18,38556601439392
7410.0,0,,70.0,72.0,72.0,51.0,69.0,2790,199.69,73460206000488
7410.0,1,0.00,51.0,54.0,54.0,39.0,52.0,1110,49.79,42242607833190
7410.0,2,0.00,55.0,58.0,58.0,42.0,57.0,1195,50.24,38153129507202
7410.0,3,0.00,57.0,58.0,58.0,43.0,59.0,1280,49.00,38556879762878
7415.0,0,,70.0,72.0,72.0,51.0,69.0,2737,199.79,73461340826843
7415.0,1,0.00,51.0,54.0,54.0,39.0,53.0,1121,49.93,42242891431701
7416.0,2,0.00,55.0,58.0,58.0,42.0,57.0,1195,50.18,38153414535583
7416.0,3,0.00,57.0,58.0,58.0,43.0,59.0,1279,49.28,38557159167114
7421.0,0,,70.0,72.0,72.0,52.0,70.0,2614,200.40,73462477106445
7421.0,1,0.00,51.0,54.0,54.0,39.0,53.0,1112,49.92,42243174465515
7421.0,2,0.00,55.0,58.0,58.0,42.0,57.0,1239,50.16,38153698965576
7421.0,3,0.00,57.0,58.0,58.0,43.0,59.0,1282,49.31,38557438764404
7427.0,0,,71.0,72.0,72.0,51.0,70.0,2783,199.89,73463610478576
7427.0,1,0.00,51.0,54.0,54.0,39.0,53.0,1090,49.63,42243455879943
7427.0,2,0.00,55.0,58.0,58.0,42.0,57.0,1217,50.29,38153984086669
7427.0,3,0.00,57.0,58.0,58.0,43.0,59.0,1291,49.26,38557718087646
7432.0,0,,71.0,72.0,72.0,51.0,70.0,2802,200.43,73464746894042
7432.0,1,0.00,51.0,54.0,54.0,39.0,53.0,1121,49.65,42243737899414
7433.0,2,0.00,55.0,58.0,58.0,42.0,57.0,1258,50.22,38154269327758
7433.0,3,0.00,57.0,58.0,58.0,43.0,59.0,1269,49.05,38557996665588
7438.0,0,,70.0,72.0,72.0,51.0,70.0,2623,199.93,73465882501159
7438.0,1,0.00,51.0,54.0,54.0,39.0,53.0,1122,49.85,42244020546142
7438.0,2,0.00,55.0,58.0,58.0,42.0,57.0,1238,50.13,38154553573364
7438.0,3,0.00,57.0,58.0,58.0,43.0,59.0,1279,49.18,38558275987548
7444.0,0,,70.0,72.0,72.0,51.0,70.0,2769,199.14,73467013608093
7444.0,1,0.00,51.0,54.0,54.0,39.0,53.0,1110,49.76,42244303195922
7444.0,2,0.00,55.0,58.0,58.0,42.0,57.0,1174,50.19,38154838657958
7444.0,3,0.00,57.0,58.0,58.0,43.0,59.0,1280,49.26,38558555298645
7449.0,0,,71.0,72.0,72.0,51.0,70.0,2643,200.70,73468151574462
7449.0,1,0.00,51.0,54.0,54.0,39.0,53.0,1110,49.85,42244585833740
7450.0,2,0.00,55.0,58.0,58.0,42.0,57.0,1184,50.37,38155124759582
7450.0,3,0.00,57.0,58.0,58.0,44.0,59.0,1300,48.96,38558833383972
7455.0,0,,71.0,72.0,72.0,52.0,70.0,2749,199.92,73469287091918
7455.0,1,0.00,52.0,54.0,54.0,39.0,53.0,1121,49.89,42244869186157
7455.0,2,0.00,55.0,58.0,58.0,42.0,57.0,1205,50.28,38155409820129
7455.0,3,0.00,57.0,58.0,58.0,43.0,59.0,1301,49.13,38559112437011
7461.0,0,,67.0,76.0,78.0,51.0,69.0,2570,181.84,73470318101867
7461.0,1,0.00,51.0,54.0,54.0,39.0,52.0,1110,49.95,42245152891174
7461.0,2,0.00,55.0,58.0,58.0,42.0,57.0,1195,50.19,38155694922973
7461.0,3,0.00,57.0,58.0,58.0,43.0,59.0,1279,49.43,38559392689636
7466.0,0,,67.0,78.0,78.0,51.0,69.0,2209,180.78,73471344924987
7466.0,1,0.00,51.0,54.0,54.0,39.0,52.0,1121,49.83,42245435406921
7467.0,2,0.00,55.0,58.0,58.0,42.0,57.0,1206,50.39,38155980629699
7467.0,3,0.00,57.0,58.0,58.0,43.0,59.0,1280,49.30,38559672687316
7472.0,0,,68.0,78.0,80.0,51.0,70.0,2115,180.86,73472372233520
7472.0,1,0.00,51.0,54.0,54.0,39.0,53.0,1121,49.77,42245718073852
7472.0,2,0.00,55.0,58.0,58.0,42.0,57.0,1206,50.13,38156265353576
7472.0,3,0.00,57.0,58.0,58.0,43.0,59.0,1279,49.13,38559951249572
7478.0,0,,68.0,80.0,80.0,51.0,69.0,2124,181.47,73473401172363
7478.0,1,0.00,51.0,54.0,54.0,39.0,52.0,1110,49.93,42246001196350
7478.0,2,0.00,55.0,58.0,58.0,42.0,57.0,1205,50.17,38156550345092
7478.0,3,0.00,57.0,58.0,58.0,43.0,58.0,1280,49.27,38560231104797
7483.0,0,100.00,71.0,76.0,76.0,52.0,71.0,2274,189.36,73474476735656
7483.0,1,0.00,51.0,54.0,54.0,39.0,53.0,1122,49.76,42246283837036
7484.0,2,0.00,55.0,58.0,58.0,42.0,57.0,1206,50.26,38156835346862
7484.0,3,0.00,57.0,58.0,58.0,43.0,59.0,1270,49.37,38560511013977
7489.0,0,,70.0,74.0,74.0,52.0,70.0,2583,199.74,73475609259704
7489.0,1,0.00,51.0,54.0,54.0,39.0,52.0,1112,49.79,42246566126220
7489.0,2,0.00,55.0,58.0,58.0,42.0,57.0,1207,50.39,38157121079650
7489.0,3,0.00,57.0,58.0,58.0,43.0,59.0,1281,49.21,38560790025817
7495.0,0,,71.0,74.0,74.0,52.0,71.0,2786,200.48,73476743980957
7495.0,1,0.00,51.0,54.0,54.0,39.0,53.0,1112,49.91,42246848599121
7495.0,2,0.00,55.0,58.0,58.0,42.0,57.0,1176,50.27,38157405581909
7495.0,3,0.00,57.0,58.0,58.0,43.0,59.0,1282,49.06,38561068206359
7500.0,0,,71.0,74.0,74.0,52.0,71.0,2806,199.50,73477875149169
7500.0,1,0.00,51.0,54.0,54.0,39.0,52.0,1123,49.89,42247131486145
7501.0,2,0.00,55.0,58.0,58.0,42.0,57.0,1207,50.13,38157689828369
7501.0,3,0.00,57.0,58.0,58.0,43.0,59.0,1271,49.71,38561349542297
7506.0,0,,70.0,74.0,72.0,51.0,70.0,2803,200.09,73479009636596
7506.0,1,0.00,51.0,54.0,54.0,39.0,53.0,1122,49.94,42247414633605
7506.0,2,0.00,55.0,58.0,58.0,42.0,57.0,1259,50.26,38157975289123
7506.0,3,0.00,57.0,58.0,58.0,43.0,59.0,1280,49.17,38561628802551
7512.0,0,,71.0,72.0,72.0,52.0,70.0,2805,199.94,73480143288940
7512.0,1,0.00,51.0,54.0,54.0,39.0,53.0,1111,49.64,42247696563842
7512.0,2,0.00,55.0,58.0,58.0,42.0,57.0,1207,51.12,38158265124511
7512.0,3,0.00,57.0,58.0,58.0,43.0,58.0,1281,48.92,38561906187194
7517.0,0,,71.0,72.0,72.0,52.0,70.0,2803,199.42,73481275971679
7517.0,1,0.00,51.0,54.0,54.0,39.0,52.0,1122,49.69,42247978298950
7518.0,2,0.00,55.0,58.0,58.0,42.0,57.0,1249,50.14,38158549438354
7518.0,3,0.00,57.0,58.0,58.0,43.0,59.0,1270,49.22,38562185250183
7523.0,0,,71.0,72.0,72.0,51.0,70.0,2805,200.32,73482411767700
7523.0,1,0.00,51.0,54.0,54.0,39.0,52.0,1112,49.86,42248261022399
7523.0,2,0.00,55.0,58.0,58.0,42.0,57.0,1228,50.17,38158833890686
7523.0,3,0.00,57.0,58.0,58.0,43.0,59.0,1280,49.28,38562464673217
7529.0,0,,71.0,72.0,72.0,52.0,70.0,2803,199.91,73483545264770
7529.0,1,0.00,51.0,54.0,54.0,39.0,52.0,1111,49.70,42248542819580
7529.0,2,0.00,55.0,58.0,58.0,42.0,57.0,1196,50.40,38159119669067
7529.0,3,0.00,57.0,58.0,58.0,43.0,59.0,1280,49.19,38562743590942
7534.0,0,,69.0,72.0,72.0,51.0,69.0,2685,200.63,73484682834960
7534.0,1,0.00,51.0,54.0,54.0,39.0,53.0,1110,49.81,42248825720031
7535.0,2,0.00,55.0,58.0,58.0,42.0,57.0,1184,50.16,38159404552062
7535.0,3,0.00,57.0,58.0,58.0,43.0,59.0,1269,49.01,38563021986389
7540.0,0,,70.0,72.0,72.0,51.0,69.0,2706,199.47,73485815797058
7540.0,1,0.00,51.0,54.0,54.0,39.0,53.0,1121,49.90,42249108662658
7540.0,2,0.00,55.0,58.0,58.0,42.0,57.0,1206,50.09,38159689049011
7540.0,3,0.00,57.0,58.0,58.0,43.0,59.0,1279,49.18,38563301355407
7546.0,0,,71.0,72.0,72.0,52.0,70.0,2792,199.85,73486950923156
7546.0,1,0.00,51.0,54.0,54.0,39.0,53.0,1110,49.86,42249391880737
7546.0,2,0.00,55.0,58.0,58.0,42.0,57.0,1195,50.32,38159974339355
7546.0,3,0.00,57.0,58.0,58.0,43.0,59.0,1280,49.28,38563580767517
7551.0,0,,70.0,72.0,72.0,51.0,69.0,2642,200.49,73488089702392
7552.0,1,0.00,51.0,54.0,54.0,39.0,53.0,1120,49.70,42249674201599
7552.0,2,0.00,55.0,58.0,58.0,42.0,57.0,1236,50.41,38160260667602
7552.0,3,0.00,57.0,58.0,58.0,43.0,59.0,1268,49.26,38563860557617
7557.0,0,,69.0,70.0,72.0,51.0,69.0,2600,200.12,73489224398742
7557.0,1,0.00,51.0,54.0,54.0,39.0,53.0,1121,49.77,42249956416870
7557.0,2,0.00,55.0,58.0,58.0,42.0,57.0,1227,50.00,38160544669677
7558.0,3,0.00,57.0,58.0,58.0,43.0,59.0,1280,49.03,38564139042907
7563.0,0,,69.0,72.0,72.0,51.0,69.0,2782,200.05,73490360659057
7563.0,1,0.00,51.0,54.0,54.0,39.0,53.0,1100,49.82,42250239380249
7563.0,2,0.00,55.0,58.0,58.0,42.0,57.0,1206,50.18,38160829196044
7563.0,3,0.00,57.0,58.0,58.0,43.0,59.0,1280,49.31,38564418617614
7568.0,0,,70.0,72.0,72.0,51.0,69.0,2802,199.69,73491492928527
7569.0,1,0.00,51.0,54.0,54.0,39.0,53.0,1111,49.96,42250522674865
7569.0,2,0.00,55.0,58.0,58.0,42.0,57.0,1207,50.35,38161114698913
7569.0,3,0.00,57.0,58.0,58.0,43.0,59.0,1281,49.18,38564697442077
7574.0,0,,69.0,72.0,72.0,51.0,70.0,2658,200.30,73492628630493
7574.0,1,0.00,51.0,54.0,54.0,39.0,53.0,1123,49.76,42250804838439
7574.0,2,0.00,55.0,58.0,58.0,42.0,57.0,1207,50.13,38161398937316
7575.0,3,0.00,57.0,58.0,58.0,43.0,59.0,1302,49.00,38564975280395
7580.0,0,,71.0,72.0,72.0,51.0,70.0,2682,199.99,73493760587402
7580.0,1,0.00,51.0,54.0,54.0,39.0,52.0,1113,49.85,42251086964172
7580.0,2,0.00,55.0,58.0,58.0,42.0,57.0,1198,50.14,38161682712646
7580.0,3,0.00,57.0,58.0,58.0,43.0,59.0,1304,49.21,38565253780944
7585.0,0,,70.0,72.0,72.0,51.0,69.0,2794,199.82,73494893575622
7586.0,1,0.00,51.0,54.0,54.0,39.0,53.0,1112,49.93,42251370044738
7586.0,2,0.00,55.0,58.0,58.0,42.0,57.0,1260,50.26,38161967707153
7586.0,3,0.00,57.0,58.0,58.0,44.0,59.0,1270,49.30,38565533308288
7591.0,0,,70.0,72.0,72.0,51.0,69.0,2719,199.86,73496026765441
7591.0,1,0.00,51.0,54.0,54.0,39.0,52.0,1122,49.85,42251652709655
7591.0,2,0.00,55.0,58.0,58.0,42.0,57.0,1238,50.29,38162253343566
7592.0,3,0.00,57.0,58.0,58.0,43.0,59.0,1291,49.19,38565812700866
7597.0,0,,69.0,72.0,72.0,51.0,70.0,2645,200.24,73497164109924
7597.0,1,0.00,51.0,54.0,54.0,39.0,52.0,1110,49.72,42251935111755
7597.0,2,0.00,55.0,58.0,58.0,42.0,57.0,1204,50.11,38162537960205
7597.0,3,0.00,57.0,58.0,58.0,44.0,59.0,1277,49.07,38566091412719
7602.0,0,100.00,70.0,72.0,72.0,51.0,70.0,2784,199.55,73498299555480
7603.0,1,0.00,51.0,54.0,54.0,39.0,53.0,1118,49.66,42252217689392
7603.0,2,0.00,55.0,58.0,58.0,42.0,57.0,1215,50.13,38162822681091
7603.0,3,0.00,57.0,58.0,58.0,43.0,59.0,1269,49.22,38566371007324
7608.0,0,,70.0,72.0,72.0,51.0,69.0,2709,200.02,73499433668823
7608.0,1,0.00,51.0,54.0,54.0,39.0,53.0,1123,49.85,42252500347229
7608.0,2,0.00,55.0,58.0,58.0,42.0,57.0,1228,50.31,38163107952087
7609.0,3,0.00,57.0,58.0,58.0,43.0,59.0,1280,49.25,38566650280944
7614.0,0,,68.0,76.0,76.0,51.0,69.0,2464,185.25,73500485882873
7614.0,1,0.00,51.0,54.0,54.0,39.0,53.0,1110,49.62,42252782215698
7614.0,2,0.00,55.0,58.0,58.0,42.0,57.0,1195,50.34,38163393885131
7614.0,3,0.00,57.0,58.0,58.0,43.0,59.0,1280,48.88,38566927942626
7619.0,0,,68.0,78.0,78.0,51.0,69.0,2255,181.17,73501511321838
7620.0,1,0.00,51.0,54.0,54.0,39.0,53.0,1123,49.88,42253064534423
7620.0,2,0.00,55.0,58.0,58.0,42.0,57.0,1207,50.19,38163677975402
7620.0,3,0.00,57.0,58.0,58.0,43.0,59.0,1271,49.36,38567207301208
7625.0,0,,68.0,80.0,80.0,51.0,70.0,2117,180.99,73502537531127
7625.0,1,0.00,51.0,54.0,54.0,39.0,53.0,1111,49.88,42253347862792
7625.0,2,0.00,55.0,58.0,58.0,42.0,57.0,1206,50.24,38163963354309
7626.0,3,0.00,57.0,58.0,58.0,43.0,59.0,1269,49.35,38567487583374
7631.0,0,,68.0,80.0,80.0,51.0,70.0,2147,181.19,73503566671142
7631.0,1,0.00,51.0,54.0,54.0,39.0,52.0,1111,50.06,42253631710571
7631.0,2,0.00,55.0,58.0,58.0,42.0,57.0,1195,50.49,38164249660217
7631.0,3,0.00,57.0,58.0,58.0,43.0,59.0,1280,49.37,38567767496276
7636.0,0,,71.0,76.0,76.0,52.0,70.0,2282,186.35,73504625155761
7637.0,1,0.00,51.0,54.0,54.0,39.0,53.0,1120,49.78,42253914448242
7637.0,2,0.00,55.0,58.0,58.0,42.0,57.0,1205,50.12,38164534330505
7637.0,3,0.00,57.0,58.0,58.0,43.0,59.0,1269,49.08,38568046253295
7642.0,0,,71.0,76.0,74.0,52.0,70.0,2527,200.19,73505760235046
7642.0,1,0.00,51.0,54.0,54.0,39.0,53.0,1121,49.77,42254196622314
7642.0,2,0.00,55.0,58.0,58.0,42.0,57.0,1206,50.06,38164818684875
7643.0,3,0.00,57.0,58.0,58.0,43.0,58.0,1279,49.09,38568325088317
7648.0,0,,71.0,74.0,74.0,52.0,71.0,2772,199.59,73506893922180
7648.0,1,0.00,51.0,54.0,54.0,39.0,53.0,1111,49.86,42254479845764
7648.0,2,0.00,55.0,58.0,58.0,42.0,57.0,1217,50.31,38165103934448
7648.0,3,0.00,57.0,58.0,58.0,43.0,59.0,1281,49.23,38568604213867
7653.0,0,,70.0,74.0,74.0,52.0,70.0,2806,200.04,73508026151672
7654.0,1,0.00,51.0,54.0,54.0,39.0,53.0,1122,49.61,42254761106506
7654.0,2,0.00,55.0,58.0,58.0,42.0,57.0,1196,50.39,38165389646118
7654.0,3,0.00,57.0,58.0,58.0,43.0,59.0,1269,49.26,38568883539367
7659.0,0,,70.0,74.0,72.0,51.0,70.0,2802,199.77,73509160826171
7659.0,1,0.00,51.0,54.0,54.0,39.0,53.0,1111,49.81,42255043545898
7659.0,2,0.00,55.0,58.0,58.0,42.0,57.0,1228,50.04,38165673346801
7660.0,3,0.00,57.0,58.0,58.0,43.0,59.0,1271,49.10,38569161909729
7665.0,0,,70.0,74.0,72.0,52.0,70.0,2814,200.37,73510296952209
7665.0,1,0.00,51.0,54.0,54.0,39.0,52.0,1111,49.89,42255326400207
7665.0,2,0.00,55.0,58.0,58.0,42.0,57.0,1237,50.14,38165958136535
7665.0,3,0.00,57.0,58.0,58.0,43.0,59.0,1280,49.22,38569441466674
7671.0,0,,71.0,72.0,74.0,51.0,70.0,2803,199.49,73511430077880
7671.0,1,0.00,51.0,54.0,54.0,39.0,52.0,1121,49.96,42255610164062
7671.0,2,0.00,55.0,58.0,58.0,42.0,57.0,1185,50.38,38166243795532
7671.0,3,0.00,57.0,58.0,58.0,43.0,59.0,1270,49.32,38569721120117
7676.0,0,,70.0,72.0,72.0,51.0,70.0,2804,200.51,73512566943176
7676.0,1,0.00,51.0,54.0,54.0,39.0,53.0,1111,49.81,42255892605041
7676.0,2,0.00,55.0,58.0,58.0,42.0,57.0,1248,50.38,38166529450073
7677.0,3,0.00,57.0,58.0,58.0,43.0,59.0,1280,49.03,38569999094177
7682.0,0,,70.0,72.0,72.0,51.0,70.0,2804,200.08,73513701415161
7682.0,1,0.00,51.0,54.0,54.0,39.0,53.0,1111,49.71,42256174452697
7682.0,2,0.00,55.0,58.0,58.0,42.0,57.0,1238,50.04,38166813194946
7682.0,3,0.00,57.0,58.0,58.0,43.0,59.0,1281,49.16,38570277803283
7688.0,0,,70.0,72.0,72.0,51.0,70.0,2625,199.18,73514830750854
7688.0,1,0.00,51.0,54.0,54.0,39.0,53.0,1112,49.80,42256456805358
7688.0,2,0.00,55.0,58.0,58.0,42.0,57.0,1186,50.31,38167098441772
7688.0,3,0.00,57.0,58.0,58.0,44.0,59.0,1270,49.17,38570556610290
7693.0,0,,71.0,72.0,72.0,51.0,69.0,2707,200.77,73515969124572
7693.0,1,0.00,51.0,54.0,54.0,39.0,53.0,1121,49.75,42256739378417
7694.0,2,0.00,55.0,58.0,58.0,42.0,57.0,1195,50.31,38167384193115
7694.0,3,0.00,57.0,58.0,58.0,44.0,59.0,1279,49.16,38570835855712
7699.0,0,,70.0,72.0,72.0,51.0,70.0,2793,200.01,73517105197814
7699.0,1,0.00,51.0,54.0,54.0,39.0,53.0,1122,49.63,42257020807434
7699.0,2,0.00,55.0,58.0,58.0,42.0,57.0,1249,50.03,38167667877014
7699.0,3,0.00,57.0,58.0,58.0,43.0,59.0,1270,48.99,38571113655273
7705.0,0,,70.0,72.0,72.0,51.0,69.0,2793,200.14,73518240005554
7705.0,1,0.00,51.0,54.0,54.0,39.0,53.0,1111,49.89,42257303692626
7705.0,2,0.00,55.0,58.0,58.0,42.0,57.0,1216,50.09,38167952380798
7705.0,3,0.00,57.0,58.0,58.0,43.0,59.0,1290,49.21,38571393194335
7710.0,0,,70.0,72.0,72.0,51.0,69.0,2523,200.10,73519376575744
7710.0,1,0.00,51.0,54.0,54.0,39.0,53.0,1120,49.91,42257587707397
7711.0,2,0.00,55.0,58.0,58.0,42.0,57.0,1204,50.36,38168238433532
7711.0,3,0.00,57.0,58.0,58.0,43.0,59.0,1278,49.27,38571673052612
7716.0,0,,70.0,72.0,72.0,52.0,70.0,2760,199.83,73520511631469
7716.0,1,0.00,51.0,54.0,54.0,39.0,52.0,1121,49.73,42257870145507
7716.0,2,0.00,55.0,58.0,58.0,42.0,57.0,1205,50.27,38168523950805
7716.0,3,0.00,57.0,58.0,58.0,44.0,59.0,1280,49.23,38571952664489
7722.0,0,,70.0,72.0,72.0,51.0,69.0,2802,199.33,73521643814758
7722.0,1,0.00,51.0,54.0,54.0,39.0,53.0,1111,49.76,42258152264709
7722.0,2,0.00,55.0,58.0,58.0,42.0,57.0,1195,50.12,38168808152893
7722.0,3,0.00,57.0,58.0,58.0,43.0,59.0,1290,49.11,38572231634033
7727.0,0,,70.0,72.0,72.0,51.0,69.0,2686,200.69,73522781718444
7727.0,1,0.00,51.0,54.0,54.0,39.0,53.0,1121,49.87,42258435016845
7728.0,2,0.00,55.0,58.0,58.0,42.0,57.0,1206,50.19,38169093235595
7728.0,3,0.00,57.0,58.0,58.0,43.0,59.0,1270,49.21,38572510658447
7733.0,0,,71.0,72.0,72.0,51.0,70.0,2698,200.06,73523916042419
7733.0,1,0.00,51.0,54.0,54.0,39.0,53.0,1122,49.93,42258718635192
7733.0,2,0.00,55.0,58.0,58.0,42.0,57.0,1208,50.40,38169378522155
7733.0,3,0.00,57.0,58.0,58.0,44.0,59.0,1303,49.27,38572789537048
7739.0,0,,71.0,72.0,72.0,52.0,69.0,2795,199.27,73525045876220
7739.0,1,0.00,51.0,54.0,54.0,39.0,53.0,1112,49.74,42259000161010
7739.0,2,0.00,55.0,58.0,58.0,42.0,57.0,1217,50.03,38169662177795
7739.0,3,0.00,57.0,58.0,58.0,44.0,59.0,1270,48.98,38573067257934
7744.0,0,,70.0,72.0,72.0,51.0,70.0,2636,200.29,73526181505065
7744.0,1,0.00,51.0,54.0,54.0,39.0,53.0,1123,49.59,42259281362365
7745.0,2,0.00,55.0,58.0,58.0,42.0,57.0,1218,50.09,38169946213439
7745.0,3,0.00,57.0,58.0,58.0,43.0,59.0,1281,49.16,38573346017150
7750.0,0,,70.0,72.0,72.0,51.0,69.0,2652,199.64,73527315471069
7750.0,1,0.00,51.0,54.0,54.0,39.0,53.0,1120,49.99,42259565283325
7750.0,2,0.00,55.0,58.0,58.0,42.0,57.0,1203,50.26,38170232184936
7750.0,3,0.00,57.0,58.0,58.0,43.0,59.0,1298,49.20,38573625947753
7756.0,0,,71.0,72.0,72.0,51.0,69.0,2790,200.50,73528454336608
7756.0,1,0.00,51.0,54.0,54.0,39.0,52.0,1109,49.86,42259848475891
7756.0,2,0.00,55.0,58.0,58.0,42.0,57.0,1195,50.36,38170517727966
7756.0,3,0.00,57.0,58.0,58.0,43.0,59.0,1290,49.22,38573905528686
7761.0,0,,70.0,72.0,72.0,51.0,70.0,2720,199.86,73529587542846
7761.0,1,0.00,51.0,54.0,54.0,39.0,53.0,1122,49.72,42260130414184
7762.0,2,0.00,55.0,58.0,58.0,42.0,57.0,1228,49.96,38170801493530
7762.0,3,0.00,57.0,58.0,58.0,43.0,59.0,1270,49.11,38574183969909
7767.0,0,,67.0,76.0,76.0,51.0,69.0,2568,188.27,73530656922607
7767.0,1,0.00,51.0,54.0,54.0,39.0,53.0,1121,49.82,42260413402099
7767.0,2,0.00,55.0,58.0,58.0,42.0,57.0,1205,50.26,38171086443481
7767.0,3,0.00,57.0,58.0,58.0,43.0,59.0,1269,49.18,38574463337585
7773.0,0,,67.0,78.0,78.0,51.0,69.0,2335,181.16,73531685897827
7773.0,1,0.00,51.0,54.0,54.0,39.0,52.0,1110,49.91,42260696873779
7773.0,2,0.00,55.0,58.0,58.0,42.0,57.0,1195,50.35,38171372437927
7773.0,3,0.00,57.0,58.0,58.0,44.0,59.0,1280,49.34,38574743122802
7778.0,0,,68.0,78.0,80.0,51.0,69.0,2128,180.94,73532711819091
7778.0,1,0.00,51.0,54.0,54.0,39.0,53.0,1112,49.73,42260978826538
7779.0,2,0.00,55.0,58.0,58.0,42.0,57.0,1228,50.27,38171657474853
7779.0,3,0.00,57.0,58.0,58.0,43.0,59.0,1271,49.08,38575021395324
7784.0,0,,68.0,80.0,80.0,51.0,70.0,2107,181.21,73533739300964
7784.0,1,0.00,51.0,54.0,54.0,39.0,52.0,1122,49.73,42261260822998
7784.0,2,0.00,55.0,58.0,58.0,42.0,57.0,1207,50.11,38171941620178
7784.0,3,0.00,57.0,58.0,58.0,43.0,59.0,1271,49.19,38575300276916
7790.0,0,,70.0,80.0,80.0,52.0,69.0,2265,181.64,73534769202941
7790.0,1,0.00,51.0,54.0,54.0,39.0,52.0,1112,49.99,42261544258239
7790.0,2,0.00,55.0,58.0,58.0,42.0,57.0,1196,50.35,38172227095886
7790.0,3,0.00,57.0,58.0,58.0,43.0,59.0,1279,49.33,38575579994262
7795.0,0,,71.0,76.0,76.0,52.0,70.0,2452,201.85,73535913709594
7795.0,1,0.00,51.0,54.0,54.0,39.0,53.0,1121,50.06,42261828112548
7796.0,2,0.00,55.0,58.0,58.0,42.0,57.0,1206,50.26,38172512546569
7796.0,3,0.00,57.0,58.0,58.0,43.0,59.0,1270,49.16,38575859195495
7801.0,0,,71.0,74.0,74.0,52.0,70.0,2771,199.44,73537046507934
7801.0,1,0.00,51.0,54.0,54.0,39.0,53.0,1121,49.67,42262110216430
7801.0,2,0.00,55.0,58.0,58.0,42.0,57.0,1216,50.06,38172796372863
7801.0,3,0.00,57.0,58.0,58.0,43.0,59.0,1280,49.07,38576137405395
7807.0,0,,70.0,74.0,74.0,51.0,69.0,2803,200.36,73538182570739
7807.0,1,0.00,51.0,54.0,54.0,39.0,52.0,1111,49.80,42262392586669
7807.0,2,0.00,55.0,58.0,58.0,42.0,57.0,1195,50.27,38173081411010
7807.0,3,0.00,57.0,58.0,58.0,43.0,59.0,1280,49.20,38576416358215
7812.0,0,,70.0,74.0,74.0,51.0,70.0,2801,199.54,73539315938659
7813.0,1,0.00,51.0,54.0,54.0,39.0,53.0,1120,49.85,42262675762329
7813.0,2,0.00,55.0,58.0,58.0,42.0,57.0,1205,50.28,38173367004882
7813.0,3,0.00,57.0,58.0,58.0,43.0,59.0,1269,49.13,38576695429687
7818.0,0,,71.0,74.0,72.0,51.0,70.0,2805,200.43,73540452404418
7818.0,1,0.00,51.0,54.0,54.0,39.0,53.0,1123,49.70,42262957570373
7818.0,2,0.00,55.0,58.0,58.0,42.0,57.0,1239,50.21,38173651721008
7818.0,3,0.00,57.0,58.0,58.0,43.0,59.0,1271,49.23,38576974591064
7824.0,0,,70.0,72.0,72.0,51.0,70.0,2805,199.81,73541585320495
7824.0,1,0.00,51.0,54.0,54.0,39.0,53.0,1111,49.66,42263239145446
7824.0,2,0.00,55.0,58.0,58.0,42.0,57.0,1196,50.09,38173935735595
7824.0,3,0.00,57.0,58.0,58.0,43.0,59.0,1280,49.08,38577252848083
7829.0,0,,70.0,72.0,72.0,51.0,70.0,2799,199.89,73542720670959
7830.0,1,0.00,51.0,54.0,54.0,39.0,53.0,1120,49.74,42263521676208
7830.0,2,0.00,55.0,58.0,58.0,42.0,57.0,1204,50.29,38174221392395
7830.0,3,0.00,57.0,58.0,58.0,43.0,59.0,1268,49.10,38577532238464
7835.0,0,,70.0,72.0,72.0,51.0,69.0,2813,199.89,73543854074829
7835.0,1,0.00,52.0,54.0,54.0,39.0,53.0,1122,49.99,42263805124694
7835.0,2,0.00,55.0,58.0,58.0,42.0,57.0,1227,50.26,38174506376525
7836.0,3,0.00,57.0,58.0,58.0,43.0,59.0,1270,49.27,38577811582031
7841.0,0,,71.0,72.0,72.0,51.0,70.0,2624,200.61,73544991551025
7841.0,1,0.00,51.0,54.0,54.0,39.0,52.0,1111,49.72,42264087024291
7841.0,2,0.00,55.0,58.0,58.0,42.0,57.0,1207,50.20,38174791536804
7841.0,3,0.00,57.0,58.0,58.0,43.0,59.0,1280,49.07,38578089815063
7846.0,0,,70.0,72.0,72.0,51.0,70.0,2717,199.21,73546123046264
7847.0,1,0.00,51.0,54.0,54.0,39.0,53.0,1121,49.67,42264369172363
7847.0,2,0.00,55.0,58.0,58.0,42.0,57.0,1237,50.26,38175076490966
7847.0,3,0.00,57.0,58.0,58.0,43.0,59.0,1280,49.09,38578368619689
7852.0,0,,70.0,72.0,72.0,51.0,69.0,2791,200.15,73547257894836
7852.0,1,0.00,51.0,54.0,54.0,39.0,53.0,1111,49.90,42264652615966
7852.0,2,0.00,55.0,58.0,58.0,42.0,57.0,1238,50.21,38175361659790
7853.0,3,0.00,57.0,58.0,58.0,43.0,59.0,1280,49.15,38578647302062
7858.0,0,,70.0,72.0,72.0,51.0,70.0,2795,200.56,73548395089782
7858.0,1,0.00,51.0,54.0,54.0,39.0,53.0,1112,49.78,42264934385864
7858.0,2,0.00,55.0,58.0,58.0,42.0,57.0,1187,50.30,38175646372131
7858.0,3,0.00,57.0,58.0,58.0,43.0,59.0,1303,49.22,38578925878967
7863.0,0,,70.0,72.0,72.0,52.0,70.0,2486,199.67,73549529188720
7864.0,1,0.00,51.0,54.0,54.0,39.0,53.0,1111,49.63,42265216290771
7864.0,2,0.00,55.0,58.0,58.0,42.0,57.0,1248,50.03,38175930520568
7864.0,3,0.00,57.0,58.0,58.0,43.0,59.0,1258,49.04,38579204442199
7869.0,0,,71.0,72.0,72.0,51.0,69.0,2696,200.42,73550665596923
7869.0,1,0.00,52.0,54.0,54.0,39.0,52.0,1121,49.80,42265498628662
7869.0,2,0.00,55.0,58.0,58.0,42.0,57.0,1238,50.21,38176215207641
7870.0,3,0.00,57.0,58.0,58.0,43.0,59.0,1281,49.14,38579483081481
7875.0,0,,70.0,72.0,72.0,51.0,70.0,2796,199.39,73551796117126
7875.0,1,0.00,52.0,54.0,54.0,39.0,52.0,1111,49.97,42265781968627
7875.0,2,0.00,55.0,58.0,58.0,42.0,57.0,1174,50.19,38176500308532
7875.0,3,0.00,57.0,58.0,58.0,43.0,59.0,1291,49.17,38579762347595
7880.0,0,,70.0,72.0,72.0,51.0,70.0,2802,200.70,73552934083862
7881.0,1,0.00,52.0,54.0,54.0,39.0,52.0,1111,49.59,42266063629211
7881.0,2,0.00,55.0,58.0,58.0,42.0,57.0,1185,50.24,38176785181396
7881.0,3,0.00,57.0,58.0,58.0,43.0,59.0,1270,49.35,38580042180175
7886.0,0,,69.0,72.0,72.0,51.0,69.0,2559,199.70,73554068354248
7886.0,1,0.00,52.0,54.0,54.0,39.0,53.0,1121,50.45,42266349685363
7886.0,2,0.00,55.0,58.0,58.0,42.0,57.0,1227,50.14,38177069951782
7887.0,3,0.00,57.0,58.0,58.0,43.0,59.0,1279,49.09,38580321025024
7892.0,0,,71.0,72.0,72.0,51.0,69.0,2728,199.79,73555203173645
7892.0,1,0.00,52.0,54.0,54.0,39.0,53.0,1111,49.86,42266632914306
7892.0,2,0.00,55.0,58.0,58.0,42.0,57.0,1196,50.30,38177355177124
7892.0,3,0.00,57.0,58.0,58.0,43.0,59.0,1271,49.14,38580599667846
7897.0,0,,71.0,72.0,72.0,51.0,70.0,2795,200.38,73556337319274
7898.0,1,0.00,51.0,54.0,54.0,39.0,53.0,1122,49.90,42266915867553
7898.0,2,0.00,55.0,58.0,58.0,42.0,57.0,1228,50.26,38177639659851
7898.0,3,0.00,57.0,58.0,58.0,43.0,59.0,1260,49.26,38580878949035
7903.0,0,,71.0,72.0,72.0,51.0,69.0,2698,199.29,73557469283142
7903.0,1,0.00,51.0,54.0,54.0,39.0,52.0,1122,49.69,42267197611572
7903.0,2,0.00,55.0,58.0,58.0,42.0,57.0,1248,50.27,38177925185058
7904.0,3,0.00,57.0,58.0,58.0,43.0,59.0,1300,49.09,38581157300354
7909.0,0,,70.0,72.0,72.0,51.0,70.0,2602,200.25,73558604694274
7909.0,1,0.00,51.0,54.0,54.0,39.0,53.0,1111,49.77,42267479779907
7909.0,2,0.00,55.0,58.0,58.0,42.0,57.0,1248,50.26,38178210163757
7909.0,3,0.00,57.0,58.0,58.0,43.0,59.0,1301,49.04,38581435866638
7914.0,0,,70.0,72.0,72.0,51.0,69.0,2782,199.81,73559739592346
7915.0,1,0.00,51.0,54.0,54.0,39.0,52.0,1121,49.79,42267762592041
7915.0,2,0.00,55.0,58.0,58.0,42.0,57.0,1206,50.19,38178495224548
7915.0,3,0.00,57.0,58.0,58.0,43.0,59.0,1269,49.26,38581715176757
7920.0,0,,68.0,76.0,76.0,51.0,69.0,2736,191.66,73560828239807
7920.0,1,0.00,51.0,54.0,54.0,39.0,52.0,1120,49.82,42268045549865
7920.0,2,0.00,55.0,58.0,58.0,42.0,57.0,1205,50.18,38178780220825
7921.0,3,0.00,57.0,58.0,58.0,43.0,59.0,1300,49.24,38581994876159
7926.0,0,,68.0,78.0,78.0,51.0,69.0,2380,181.09,73561854998779
7926.0,1,0.00,51.0,54.0,54.0,39.0,53.0,1111,49.81,42268327990661
7926.0,2,0.00,55.0,58.0,58.0,42.0,57.0,1196,50.22,38179064989318
7926.0,3,0.00,57.0,58.0,58.0,43.0,59.0,1290,49.17,38582274150207
7932.0,0,,68.0,78.0,78.0,51.0,69.0,2124,180.83,73562882127746
7932.0,1,0.00,51.0,54.0,54.0,39.0,52.0,1110,49.88,42268611301879
7932.0,2,0.00,55.0,58.0,58.0,42.0,57.0,1205,50.26,38179350453369
7932.0,3,0.00,57.0,58.0,58.0,43.0,59.0,1248,49.32,38582553790710
7937.0,0,,68.0,80.0,80.0,51.0,69.0,2094,181.23,73563909703613
7937.0,1,0.00,51.0,54.0,54.0,39.0,53.0,1121,49.95,42268895045227
7937.0,2,0.00,55.0,58.0,58.0,42.0,57.0,1206,50.21,38179635627136
7938.0,3,0.00,57.0,58.0,58.0,43.0,59.0,1270,49.34,38582833561462
7943.0,0,,68.0,80.0,80.0,51.0,70.0,2210,181.28,73564939375366
7943.0,1,0.00,52.0,54.0,54.0,39.0,53.0,1111,49.65,42269176588562
7943.0,2,0.00,55.0,58.0,58.0,42.0,57.0,1206,50.32,38179920942749
7943.0,3,0.00,57.0,58.0,58.0,43.0,59.0,1279,49.35,38583113861633
7949.0,0,,71.0,76.0,76.0,52.0,71.0,2360,198.59,73566065360046
7949.0,1,0.00,51.0,54.0,54.0,39.0,53.0,1111,49.76,42269458724975
7949.0,2,0.00,55.0,58.0,58.0,42.0,57.0,1207,50.20,38180205599121
7949.0,3,0.00,57.0,58.0,58.0,43.0,59.0,1271,49.10,38583392280700
7954.0,0,,71.0,74.0,74.0,52.0,71.0,2732,199.85,73567198525024
7954.0,1,0.00,51.0,54.0,54.0,39.0,53.0,1122,49.90,42269741638305
7955.0,2,0.00,55.0,58.0,58.0,42.0,57.0,1206,50.22,38180490358764
7955.0,3,0.00,57.0,58.0,58.0,43.0,59.0,1280,49.12,38583670794128
7960.0,0,,71.0,74.0,74.0,52.0,70.0,2800,199.90,73568333969726
7960.0,1,0.00,51.0,54.0,54.0,39.0,53.0,1111,49.90,42270025057617
7960.0,2,0.00,55.0,58.0,58.0,42.0,57.0,1206,50.18,38180775371093
7960.0,3,0.00,57.0,58.0,58.0,43.0,59.0,1280,49.17,38583950099853
7966.0,0,,70.0,74.0,72.0,51.0,70.0,2802,199.82,73569466936950
7966.0,1,0.00,51.0,54.0,54.0,39.0,53.0,1111,49.73,42270307038635
7966.0,2,0.00,55.0,58.0,58.0,42.0,57.0,1205,50.15,38181060225646
7966.0,3,0.00,57.0,58.0,58.0,43.0,59.0,1269,49.05,38584228687744
7971.0,0,,70.0,74.0,74.0,52.0,70.0,2812,200.16,73570603856201
7971.0,1,0.00,51.0,54.0,54.0,39.0,52.0,1121,49.86,42270590225524
7972.0,2,0.00,55.0,58.0,58.0,42.0,57.0,1228,50.23,38181345002929
7972.0,3,0.00,57.0,58.0,58.0,43.0,59.0,1280,49.20,38584507652832
7977.0,0,,71.0,74.0,72.0,51.0,70.0,2801,200.27,73571739410827
7977.0,1,0.00,51.0,54.0,54.0,39.0,52.0,1121,49.96,42270873971313
7977.0,2,0.00,55.0,58.0,58.0,42.0,57.0,1205,50.16,38181629924560
7977.0,3,0.00,57.0,58.0,58.0,43.0,59.0,1279,49.20,38584787093811
7983.0,0,,70.0,72.0,72.0,51.0,69.0,2804,199.07,73572870156616
7983.0,1,0.00,51.0,54.0,54.0,39.0,52.0,1111,49.56,42271154994201
7983.0,2,0.00,55.0,58.0,58.0,42.0,57.0,1207,50.22,38181914650024
7983.0,3,0.00,57.0,58.0,58.0,43.0,59.0,1271,49.26,38585066420043
7988.0,0,,71.0,72.0,72.0,51.0,70.0,2801,200.49,73574006911376
7988.0,1,0.00,51.0,54.0,54.0,39.0,53.0,1120,49.58,42271436619628
7989.0,2,0.00,55.0,58.0,58.0,42.0,57.0,1205,50.16,38182199581359
7989.0,3,0.00,57.0,58.0,58.0,43.0,59.0,1279,49.06,38585345053283
7994.0,0,,70.0,72.0,72.0,51.0,69.0,2746,199.86,73575142109008
7994.0,1,0.00,51.0,54.0,54.0,39.0,53.0,1120,49.87,42271719879333
7994.0,2,0.00,55.0,58.0,58.0,42.0,57.0,1214,50.19,38182484687133
7994.0,3,0.00,57.0,58.0,58.0,43.0,59.0,1298,49.14,38585624187133
8000.0,0,,71.0,72.0,72.0,52.0,70.0,2600,200.41,73576280434570
8000.0,1,0.00,51.0,54.0,54.0,39.0,53.0,1110,49.84,42272002475280
8000.0,2,0.00,55.0,58.0,58.0,42.0,57.0,1227,50.18,38182769736999
8000.0,3,0.00,57.0,58.0,58.0,43.0,59.0,1269,49.23,38585903823913
8005.0,0,,70.0,72.0,72.0,52.0,70.0,2783,200.21,73577415616394
8005.0,1,0.00,51.0,54.0,54.0,39.0,53.0,1122,49.64,42272284452758
8006.0,2,0.00,55.0,58.0,58.0,42.0,57.0,1238,50.38,38183055414611
8006.0,3,0.00,57.0,58.0,58.0,43.0,59.0,1270,49.05,38586181965393
8011.0,0,,70.0,72.0,72.0,51.0,69.0,2792,199.81,73578550540466
8011.0,1,0.00,51.0,54.0,54.0,39.0,52.0,1111,49.90,42272567387145
8011.0,2,0.00,55.0,58.0,58.0,42.0,57.0,1206,50.25,38183340309692
8011.0,3,0.00,57.0,58.0,58.0,43.0,59.0,1280,49.20,38586460908691
8017.0,0,,70.0,72.0,72.0,51.0,69.0,2528,199.84,73579683658691
8017.0,1,0.00,51.0,54.0,54.0,39.0,53.0,1111,49.94,42272850565979
8017.0,2,0.00,55.0,58.0,58.0,42.0,57.0,1238,50.21,38183624973388
8017.0,3,0.00,57.0,58.0,58.0,43.0,59.0,1291,49.21,38586739907226
8022.0,0,,70.0,72.0,72.0,51.0,70.0,2696,200.08,73580820091369
8022.0,1,0.00,51.0,54.0,54.0,39.0,53.0,1121,49.68,42273132765136
8023.0,2,0.00,55.0,58.0,58.0,42.0,57.0,1227,50.17,38183909954101
8023.0,3,0.00,57.0,58.0,58.0,44.0,59.0,1300,49.21,38587019436157
8028.0,0,,70.0,72.0,72.0,51.0,69.0,2802,199.73,73581952542114
8028.0,1,0.00,51.0,54.0,54.0,39.0,53.0,1121,49.56,42273414290527
8028.0,2,0.00,55.0,58.0,58.0,42.0,57.0,1206,50.13,38184194679382
8028.0,3,0.00,57.0,58.0,58.0,43.0,59.0,1279,48.97,38587297570678
8034.0,0,,69.0,72.0,72.0,50.0,69.0,2736,200.57,73583091753234
8034.0,1,0.00,51.0,54.0,54.0,39.0,53.0,1110,49.97,42273697598022
8034.0,2,0.00,55.0,58.0,58.0,42.0,57.0,1173,50.24,38184479561401
8034.0,3,0.00,57.0,58.0,58.0,43.0,58.0,1269,49.18,38587576438964
8039.0,0,,70.0,72.0,72.0,51.0,69.0,2571,199.51,73584222979003
8039.0,1,0.00,51.0,54.0,54.0,39.0,52.0,1122,49.76,42273980253295
8040.0,2,0.00,55.0,58.0,58.0,42.0,57.0,1249,50.13,38184764271545
8040.0,3,0.00,57.0,58.0,58.0,43.0,59.0,1270,49.11,38587855376831
8045.0,0,,69.0,72.0,72.0,51.0,69.0,2771,200.33,73585360880798
8045.0,1,0.00,51.0,54.0,54.0,39.0,52.0,1121,49.70,42274262053710
8045.0,2,0.00,55.0,58.0,58.0,42.0,57.0,1248,50.39,38185049989196
8045.0,3,0.00,57.0,58.0,58.0,44.0,59.0,1300,49.71,38588137205871
8051.0,0,,70.0,72.0,72.0,51.0,69.0,2801,199.34,73586493127380
8051.0,1,0.00,51.0,54.0,54.0,39.0,52.0,1110,49.84,42274545144042
8051.0,2,0.00,55.0,58.0,58.0,42.0,57.0,1216,50.14,38185334806762
8051.0,3,0.00,57.0,58.0,58.0,44.0,59.0,1301,49.09,38588416039428
8056.0,0,,69.0,72.0,72.0,51.0,69.0,2646,200.46,73587629742248
8057.0,1,0.00,51.0,54.0,54.0,39.0,52.0,1122,49.92,42274828209533
8057.0,2,0.00,55.0,58.0,58.0,42.0,57.0,1208,50.12,38185619004638
8057.0,3,0.00,57.0,58.0,58.0,43.0,59.0,1271,49.11,38588694506103
8062.0,0,,70.0,72.0,72.0,51.0,70.0,2700,199.87,73588761002929
8062.0,1,0.00,51.0,54.0,54.0,39.0,53.0,1112,49.90,42275111125427
8062.0,2,0.00,55.0,58.0,58.0,42.0,57.0,1207,50.25,38185903898559
8062.0,3,0.00,57.0,58.0,58.0,43.0,59.0,1270,49.31,38588974118041
8068.0,0,,71.0,72.0,72.0,51.0,70.0,2792,199.91,73589896512390
8068.0,1,0.00,51.0,54.0,54.0,39.0,53.0,1110,49.65,42275392635742
8068.0,2,0.00,55.0,58.0,58.0,42.0,57.0,1194,50.39,38186190100769
8068.0,3,0.00,57.0,58.0,58.0,43.0,59.0,1279,49.01,38589252484130
8073.0,0,100.00,68.0,74.0,74.0,51.0,69.0,2651,194.66,73591002163024
8074.0,1,0.00,51.0,54.0,54.0,39.0,53.0,1121,49.71,42275674963806
8074.0,2,0.00,55.0,58.0,58.0,42.0,57.0,1247,50.23,38186474912780
8074.0,3,0.00,57.0,58.0,58.0,43.0,59.0,1290,49.24,38589531651062
8079.0,0,,68.0,78.0,78.0,51.0,69.0,2402,181.25,73592029832458
8079.0,1,0.00,51.0,54.0,54.0,39.0,53.0,1122,49.93,42275958077941
8079.0,2,0.00,55.0,58.0,58.0,42.0,57.0,1238,50.22,38186759639465
8080.0,3,0.00,57.0,58.0,58.0,43.0,59.0,1301,49.25,38589811379028
8085.0,0,,68.0,78.0,80.0,51.0,69.0,2146,180.75,73593056510192
8085.0,1,0.00,51.0,54.0,54.0,39.0,52.0,1111,49.66,42276240129882
8085.0,2,0.00,55.0,58.0,58.0,42.0,57.0,1174,50.33,38187045525817
8085.0,3,0.00,57.0,58.0,58.0,43.0,59.0,1279,49.51,38590092078796
8090.0,0,,68.0,80.0,80.0,51.0,70.0,2102,181.21,73594085778564
8091.0,1,0.00,51.0,54.0,54.0,39.0,53.0,1119,49.83,42276523189208
8091.0,2,0.00,55.0,58.0,58.0,42.0,57.0,1204,50.24,38187330873962
8091.0,3,0.00,57.0,58.0,58.0,43.0,59.0,1268,49.13,38590371609863
8096.0,0,,68.0,80.0,80.0,51.0,70.0,2218,181.45,73595116396240
8096.0,1,0.00,51.0,54.0,54.0,39.0,52.0,1120,49.95,42276806927551
8096.0,2,0.00,55.0,58.0,58.0,42.0,57.0,1205,50.17,38187615813537
8097.0,3,0.00,57.0,58.0,58.0,43.0,59.0,1279,49.31,38590651224975
8102.0,0,,70.0,76.0,76.0,52.0,71.0,2339,195.60,73596225420410
8102.0,1,0.00,51.0,54.0,54.0,39.0,53.0,1112,49.76,42277089084350
8102.0,2,0.00,55.0,58.0,58.0,42.0,57.0,1197,50.25,38187900717346
8102.0,3,0.00,57.0,58.0,58.0,43.0,59.0,1282,49.22,38590930310546
8107.0,0,,71.0,74.0,74.0,52.0,71.0,2689,199.89,73597358797790
8108.0,1,0.00,51.0,54.0,54.0,39.0,53.0,1122,49.63,42277370509155
8108.0,2,0.00,55.0,58.0,58.0,42.0,57.0,1207,50.40,38188186468017
8108.0,3,0.00,57.0,58.0,58.0,43.0,59.0,1269,49.34,38591210077087
8113.0,0,,71.0,74.0,74.0,52.0,70.0,2791,200.02,73598494901550
8113.0,1,0.00,51.0,54.0,54.0,39.0,52.0,1121,49.72,42277652913635
8113.0,2,0.00,55.0,58.0,58.0,42.0,57.0,1237,50.12,38188471164733
8114.0,3,0.00,57.0,58.0,58.0,43.0,59.0,1280,49.03,38591488579345
8119.0,0,,71.0,74.0,74.0,52.0,70.0,2801,199.54,73599626320129
8119.0,1,0.00,51.0,54.0,54.0,39.0,53.0,1110,49.93,42277936509399
8119.0,2,0.00,55.0,58.0,58.0,42.0,57.0,1237,50.16,38188756077209
8119.0,3,0.00,57.0,58.0,58.0,43.0,59.0,1279,49.10,38591767445068
8124.0,0,,70.0,74.0,72.0,51.0,69.0,2803,200.47,73600764972717
8125.0,1,0.00,51.0,54.0,54.0,39.0,53.0,1122,49.81,42278218932739
8125.0,2,0.00,55.0,58.0,58.0,42.0,57.0,1248,50.32,38189041393737
8125.0,3,0.00,57.0,58.0,58.0,43.0,59.0,1269,49.28,38592046845397
8130.0,0,,70.0,72.0,72.0,51.0,69.0,2802,200.02,73601899096252
8130.0,1,0.00,51.0,54.0,54.0,39.0,53.0,1121,49.82,42278501423156
8130.0,2,0.00,55.0,58.0,58.0,42.0,57.0,1259,50.15,38189326226928
8131.0,3,0.00,57.0,58.0,58.0,43.0,59.0,1280,49.00,38592325167907
8136.0,0,,71.0,72.0,72.0,52.0,70.0,2803,199.85,73603034218872
8136.0,1,0.00,51.0,54.0,54.0,39.0,53.0,1111,49.83,42278784452026
8136.0,2,0.00,55.0,58.0,58.0,42.0,57.0,1239,50.11,38189610322387
8136.0,3,0.00,57.0,58.0,58.0,43.0,59.0,1270,49.11,38592603644348
8141.0,0,,71.0,72.0,72.0,51.0,70.0,2805,200.40,73604168507934
8142.0,1,0.00,51.0,54.0,54.0,39.0,53.0,1122,49.82,42279066936767
8142.0,2,0.00,55.0,58.0,58.0,42.0,57.0,1227,50.19,38189894913574
8142.0,3,0.00,57.0,58.0,58.0,43.0,59.0,1269,49.26,38592882927062
8147.0,0,,70.0,72.0,72.0,51.0,70.0,2802,199.63,73605302387756
8147.0,1,0.00,51.0,54.0,54.0,39.0,52.0,1121,49.53,42279347787536
8147.0,2,0.00,55.0,58.0,58.0,42.0,57.0,1195,50.36,38190180949462
8148.0,3,0.00,57.0,58.0,58.0,43.0,59.0,1290,49.30,38593162976318
8153.0,0,,70.0,72.0,72.0,51.0,70.0,2674,199.60,73606436136596
8153.0,1,0.00,51.0,54.0,54.0,39.0,52.0,1111,49.69,42279630034301
8153.0,2,0.00,55.0,58.0,58.0,42.0,57.0,1238,50.16,38190465329284
8153.0,3,0.00,57.0,58.0,58.0,43.0,59.0,1302,49.07,38593441193481
8159.0,0,,70.0,72.0,72.0,51.0,69.0,2721,199.70,73607568415344
8159.0,1,0.00,51.0,54.0,54.0,39.0,53.0,1122,49.78,42279912294067
8159.0,2,0.00,55.0,58.0,58.0,42.0,57.0,1217,50.15,38190749661437
8159.0,3,0.00,57.0,58.0,58.0,43.0,59.0,1269,49.19,38593720107238
8164.0,0,,70.0,72.0,72.0,51.0,70.0,2800,200.87,73608707326843
8164.0,1,0.00,51.0,54.0,54.0,39.0,53.0,1121,49.80,42280195153564
8164.0,2,0.00,55.0,58.0,58.0,42.0,57.0,1237,50.23,38191034946960
8165.0,3,0.00,57.0,58.0,58.0,43.0,59.0,1300,49.21,38593999601928
8170.0,0,,71.0,72.0,72.0,51.0,70.0,2558,200.23,73609844640319
8170.0,1,0.00,51.0,54.0,54.0,39.0,53.0,1110,49.82,42280477604980
8170.0,2,0.00,55.0,58.0,58.0,42.0,57.0,1216,50.46,38191321042663
8170.0,3,0.00,57.0,58.0,58.0,43.0,59.0,1300,49.01,38594277992492
8176.0,0,,71.0,72.0,72.0,51.0,70.0,2664,199.71,73610979012634
8176.0,1,0.00,51.0,54.0,54.0,39.0,52.0,1121,49.86,42280760810180
8176.0,2,0.00,55.0,58.0,58.0,42.0,57.0,1206,49.98,38191604945007
8176.0,3,0.00,57.0,58.0,58.0,44.0,59.0,1270,49.14,38594556624633
8181.0,0,,70.0,72.0,72.0,51.0,69.0,2795,199.74,73612111548278
8181.0,1,0.00,51.0,54.0,54.0,39.0,53.0,1122,49.94,42281043945007
8182.0,2,0.00,55.0,58.0,58.0,42.0,57.0,1196,50.20,38191889559509
8182.0,3,0.00,57.0,58.0,58.0,43.0,59.0,1280,49.26,38594835933776
8187.0,0,,69.0,72.0,72.0,51.0,70.0,2800,200.10,73613248140930
8187.0,1,0.00,51.0,54.0,54.0,39.0,53.0,1109,49.61,42281325751220
8187.0,2,0.00,55.0,58.0,58.0,42.0,57.0,1194,50.34,38192175470153
8187.0,3,0.00,57.0,58.0,58.0,43.0,59.0,1279,49.26,38595115718994
8193.0,0,,71.0,72.0,72.0,52.0,70.0,2580,199.82,73614381100463
8193.0,1,0.00,51.0,54.0,54.0,39.0,52.0,1121,49.71,42281608111206
8193.0,2,0.00,55.0,58.0,58.0,42.0,57.0,1259,50.08,38192459906555
8193.0,3,0.00,57.0,58.0,58.0,43.0,59.0,1269,49.03,38595394230346
8198.0,0,,69.0,72.0,72.0,51.0,69.0,2758,199.92,73615516619750
8198.0,1,0.00,51.0,54.0,54.0,39.0,53.0,1120,49.82,42281891062377
8199.0,2,0.00,55.0,58.0,58.0,42.0,57.0,1226,50.08,38192744382263
8199.0,3,0.00,57.0,58.0,58.0,43.0,59.0,1280,49.05,38595672808532
8204.0,0,,70.0,72.0,72.0,51.0,70.0,2804,200.21,73616651835693
8204.0,1,0.00,51.0,54.0,54.0,39.0,53.0,1112,49.86,42282173788696
8204.0,2,0.00,55.0,58.0,58.0,42.0,57.0,1207,50.23,38193029158935
8204.0,3,0.00,57.0,58.0,58.0,44.0,59.0,1282,49.26,38595951621826
8210.0,0,,71.0,72.0,72.0,52.0,70.0,2697,199.49,73617784914367
8210.0,1,0.00,51.0,54.0,54.0,39.0,52.0,1122,49.73,42282455779296
8210.0,2,0.00,55.0,58.0,58.0,42.0,57.0,1227,50.39,38193314874938
8210.0,3,0.00,57.0,58.0,58.0,43.0,59.0,1289,49.36,38596231998107
8215.0,0,,69.0,72.0,72.0,51.0,69.0,2558,200.80,73618923468872
8215.0,1,0.00,51.0,54.0,54.0,39.0,53.0,1121,49.89,42282738638000
8216.0,2,0.00,55.0,58.0,58.0,42.0,57.0,1248,50.10,38193598917968
8216.0,3,0.00,57.0,58.0,58.0,43.0,59.0,1281,49.13,38596510558044
8221.0,0,,70.0,72.0,72.0,51.0,69.0,2774,199.62,73620055289367
8221.0,1,0.00,51.0,54.0,54.0,39.0,53.0,1112,49.91,42283021651123
8221.0,2,0.00,55.0,58.0,58.0,42.0,57.0,1249,50.14,38193883208129
8221.0,3,0.00,57.0,58.0,58.0,44.0,59.0,1270,49.14,38596789691711
8227.0,0,,69.0,72.0,72.0,51.0,69.0,2805,199.95,73621189033020
8227.0,1,0.00,51.0,54.0,54.0,39.0,52.0,1122,49.81,42283304087585
8227.0,2,0.00,55.0,58.0,58.0,42.0,57.0,1206,50.26,38194168686584
8227.0,3,0.00,57.0,58.0,58.0,44.0,59.0,1270,49.26,38597068985107
8232.0,0,,67.0,78.0,78.0,51.0,69.0,2548,179.05,73622206022827
8232.0,1,0.00,51.0,54.0,54.0,39.0,52.0,1120,49.68,42283586274719
8233.0,2,0.00,55.0,58.0,58.0,42.0,57.0,1194,50.43,38194455111389
8233.0,3,0.00,57.0,58.0,58.0,44.0,59.0,1268,49.22,38597348542541
8238.0,0,,68.0,78.0,78.0,51.0,69.0,2166,180.82,73623233102966
8238.0,1,0.00,51.0,54.0,54.0,39.0,53.0,1120,49.84,42283869365417
8238.0,2,0.00,55.0,58.0,58.0,42.0,57.0,1258,50.11,38194739716491
8238.0,3,0.00,57.0,58.0,58.0,43.0,59.0,1300,49.18,38597627904663
8244.0,0,,68.0,80.0,80.0,51.0,69.0,2102,181.01,73624261225585
8244.0,1,0.00,51.0,54.0,54.0,39.0,53.0,1110,49.84,42284152479248
8244.0,2,0.00,55.0,58.0,58.0,42.0,57.0,1237,50.29,38195025338012
8244.0,3,0.00,57.0,58.0,58.0,43.0,59.0,1268,49.31,38597907974853
8249.0,0,,68.0,80.0,80.0,51.0,69.0,2115,181.30,73625291030029
8249.0,1,0.00,51.0,54.0,54.0,39.0,52.0,1121,49.73,42284434938110
8250.0,2,0.00,55.0,58.0,58.0,42.0,57.0,1227,50.38,38195311007751
8250.0,3,0.00,57.0,58.0,58.0,43.0,59.0,1280,49.44,38598188298583
8255.0,0,,71.0,76.0,76.0,52.0,71.0,2295,192.62,73626383191772
8255.0,1,0.00,51.0,54.0,54.0,39.0,52.0,1121,49.86,42284717625000
8255.0,2,0.00,55.0,58.0,58.0,42.0,57.0,1206,50.07,38195595377380
8255.0,3,0.00,57.0,58.0,58.0,43.0,59.0,1280,49.21,38598467304016
8261.0,0,,71.0,74.0,74.0,52.0,71.0,2635,199.74,73627515706237
8261.0,1,0.00,51.0,54.0,54.0,39.0,53.0,1111,49.83,42285000638916
8261.0,2,0.00,55.0,58.0,58.0,42.0,57.0,1196,50.11,38195879527893
8261.0,3,0.00,57.0,58.0,58.0,43.0,59.0,1270,49.08,38598746053894
8266.0,0,,71.0,74.0,74.0,52.0,71.0,2784,200.28,73628651311157
8266.0,1,0.00,51.0,54.0,54.0,39.0,53.0,1122,49.88,42285283438781
8267.0,2,0.00,55.0,58.0,58.0,42.0,57.0,1206,50.34,38196164960144
8267.0,3,0.00,57.0,58.0,58.0,43.0,59.0,1270,49.28,38599025493896
8272.0,0,,71.0,74.0,74.0,52.0,70.0,2802,199.44,73629784158508
8272.0,1,0.00,51.0,54.0,54.0,39.0,53.0,1121,49.70,42285565243957
8272.0,2,0.00,55.0,58.0,58.0,42.0,57.0,1184,50.30,38196450660217
8272.0,3,0.00,57.0,58.0,58.0,43.0,59.0,1278,49.00,38599303815307
8278.0,0,,70.0,72.0,74.0,51.0,70.0,2801,200.06,73630920527221
8278.0,1,0.00,51.0,54.0,54.0,39.0,52.0,1111,49.80,42285848099365
8278.0,2,0.00,55.0,58.0,58.0,42.0,57.0,1217,50.09,38196734661499
8278.0,3,0.00,57.0,58.0,58.0,43.0,59.0,1271,49.08,38599582104431
8283.0,0,,70.0,74.0,72.0,51.0,70.0,2803,199.71,73632052861389
8284.0,1,0.00,51.0,54.0,54.0,39.0,53.0,1121,49.85,42286130765563
8284.0,2,0.00,55.0,58.0,58.0,42.0,57.0,1248,50.26,38197019623413
8284.0,3,0.00,57.0,58.0,58.0,43.0,59.0,1269,49.07,38599860842407
8289.0,0,,69.0,72.0,72.0,51.0,69.0,2801,200.55,73633189958923
8289.0,1,0.00,51.0,54.0,54.0,39.0,53.0,1121,49.91,42286414263427
8289.0,2,0.00,55.0,58.0,58.0,42.0,57.0,1258,50.34,38197305540161
8289.0,3,0.00,57.0,58.0,58.0,43.0,59.0,1279,49.37,38600140780395
8295.0,0,,69.0,72.0,72.0,51.0,69.0,2802,199.59,73634323612731
8295.0,1,0.00,51.0,54.0,54.0,39.0,53.0,1111,49.84,42286696878784
8295.0,2,0.00,55.0,58.0,58.0,42.0,57.0,1206,50.01,38197589073303
8295.0,3,0.00,57.0,58.0,58.0,43.0,59.0,1281,49.05,38600418898315
8300.0,0,,70.0,72.0,72.0,51.0,69.0,2771,200.04,73635459865783
8301.0,1,0.00,51.0,54.0,54.0,39.0,53.0,1121,49.86,42286980098510
8301.0,2,0.00,55.0,58.0,58.0,42.0,57.0,1205,50.06,38197873422241
8301.0,3,0.00,57.0,58.0,58.0,43.0,59.0,1268,49.11,38600697855163
8306.0,0,,71.0,72.0,72.0,52.0,70.0,2634,200.04,73636594097473
8306.0,1,0.00,51.0,54.0,54.0,39.0,53.0,1122,49.94,42287263252014
8306.0,2,0.00,55.0,58.0,58.0,42.0,56.0,1207,50.33,38198158803283
8307.0,3,0.00,57.0,58.0,58.0,43.0,59.0,1292,49.25,38600977100891
8312.0,0,,70.0,72.0,72.0,51.0,70.0,2783,200.36,73637730138061
8312.0,1,0.00,51.0,54.0,54.0,39.0,53.0,1111,49.60,42287544973327
8312.0,2,0.00,55.0,58.0,58.0,42.0,57.0,1228,50.28,38198444382141
8312.0,3,0.00,57.0,58.0,58.0,43.0,59.0,1301,49.23,38601256714660
8317.0,0,,70.0,72.0,72.0,51.0,70.0,2804,200.27,73638865674926
8318.0,1,0.00,51.0,54.0,54.0,39.0,53.0,1122,49.73,42287826921264
8318.0,2,0.00,55.0,58.0,58.0,42.0,57.0,1228,50.02,38198727996643
8318.0,3,0.00,57.0,58.0,58.0,43.0,59.0,1270,49.09,38601535058654
8323.0,0,,70.0,72.0,72.0,51.0,70.0,2561,199.86,73639998875488
8323.0,1,0.00,51.0,54.0,54.0,39.0,53.0,1122,49.81,42288109345764
8323.0,2,0.00,55.0,58.0,58.0,42.0,57.0,1196,50.18,38199012502563
8324.0,3,0.00,57.0,58.0,58.0,43.0,59.0,1292,49.13,38601813624084
8329.0,0,,71.0,72.0,72.0,51.0,70.0,2623,199.57,73641132418945
8329.0,1,0.00,51.0,54.0,54.0,39.0,53.0,1111,49.81,42288391785217
8329.0,2,0.00,55.0,58.0,58.0,42.0,57.0,1195,50.42,38199298372558
8329.0,3,0.00,57.0,58.0,58.0,43.0,59.0,1301,49.38,38602093622314
8334.0,0,100.00,69.0,72.0,72.0,51.0,69.0,2792,200.23,73642267700866
8335.0,1,0.00,51.0,54.0,54.0,39.0,53.0,1122,49.81,42288674202514
8335.0,2,0.00,55.0,58.0,58.0,42.0,57.0,1207,50.25,38199583310363
8335.0,3,0.00,57.0,58.0,58.0,43.0,59.0,1292,49.03,38602371624755
8340.0,0,,69.0,72.0,72.0,51.0,69.0,2805,199.92,73643401272216
8340.0,1,0.00,51.0,54.0,54.0,39.0,52.0,1122,49.89,42288957077148
8340.0,2,0.00,55.0,58.0,58.0,42.0,57.0,1196,50.06,38199867168701
8341.0,3,0.00,57.0,58.0,58.0,43.0,59.0,1280,49.04,38602650181762
8346.0,0,,70.0,72.0,72.0,51.0,70.0,2632,199.79,73644536107727
8346.0,1,0.00,51.0,54.0,54.0,39.0,53.0,1110,49.89,42289240469970
8346.0,2,0.00,55.0,58.0,58.0,42.0,57.0,1237,50.27,38200152717712
8346.0,3,0.00,57.0,58.0,58.0,43.0,59.0,1279,49.27,38602929548156
8351.0,0,,70.0,72.0,72.0,52.0,70.0,2653,199.88,73645671414611
8352.0,1,0.00,51.0,54.0,54.0,39.0,53.0,1120,49.78,42289523221008
8352.0,2,0.00,55.0,58.0,58.0,42.0,57.0,1258,50.33,38200438586608
8352.0,3,0.00,57.0,58.0,58.0,44.0,59.0,1268,49.33,38603209717041
8357.0,0,,70.0,72.0,72.0,51.0,70.0,2791,200.54,73646808455078
8357.0,1,0.00,51.0,54.0,54.0,39.0,53.0,1122,49.73,42289805209472
8357.0,2,0.00,55.0,58.0,58.0,42.0,57.0,1248,50.02,38200722191223
8358.0,3,0.00,57.0,58.0,58.0,43.0,59.0,1291,48.96,38603487804443
8363.0,0,,70.0,72.0,72.0,51.0,70.0,2759,199.83,73647943498901
8363.0,1,0.00,51.0,54.0,54.0,39.0,52.0,1109,49.80,42290088067260
8363.0,2,0.00,55.0,58.0,58.0,42.0,57.0,1195,50.14,38201006998657
8363.0,3,0.00,57.0,58.0,58.0,44.0,59.0,1299,49.14,38603766934020
8368.0,0,,71.0,72.0,72.0,52.0,70.0,2558,199.05,73649074100524
8369.0,1,0.00,51.0,54.0,54.0,39.0,53.0,1122,49.74,42290370600952
8369.0,2,0.00,55.0,58.0,58.0,42.0,57.0,1196,50.33,38201292347717
8369.0,3,0.00,57.0,58.0,58.0,43.0,59.0,1292,49.22,38604045997314
8374.0,0,,71.0,72.0,72.0,51.0,70.0,2765,200.79,73650210587280
8374.0,1,0.00,51.0,54.0,54.0,39.0,53.0,1123,49.81,42290652543640
8374.0,2,0.00,55.0,58.0,58.0,42.0,57.0,1207,50.24,38201577220947
8375.0,3,0.00,57.0,58.0,58.0,43.0,59.0,1271,49.40,38604325616149
8380.0,0,,71.0,72.0,72.0,51.0,70.0,2802,200.14,73651345397766
8380.0,1,0.00,51.0,54.0,54.0,39.0,53.0,1111,49.78,42290935290771
8380.0,2,0.00,55.0,58.0,58.0,42.0,57.0,1195,50.01,38201861284851
8380.0,3,0.00,57.0,58.0,58.0,43.0,59.0,1279,49.01,38604603997985
8385.0,0,,67.0,76.0,76.0,51.0,69.0,2549,181.88,73652378453796
8386.0,1,0.00,51.0,54.0,54.0,39.0,53.0,1121,49.99,42291218734619
8386.0,2,0.00,55.0,58.0,58.0,42.0,57.0,1238,50.35,38202146750061
8386.0,3,0.00,57.0,58.0,58.0,43.0,59.0,1269,49.34,38604883760803
8391.0,0,,68.0,78.0,78.0,51.0,69.0,2198,181.07,73653405107727
8391.0,1,0.00,52.0,54.0,54.0,39.0,52.0,1121,49.92,42291502299743
8391.0,2,0.00,55.0,58.0,58.0,42.0,57.0,1258,50.39,38202432974487
8392.0,3,0.00,57.0,58.0,58.0,43.0,59.0,1280,49.36,38605164141967
8397.0,0,,68.0,80.0,80.0,51.0,69.0,2115,180.95,73654432897033
8397.0,1,0.00,51.0,54.0,54.0,39.0,53.0,1110,49.82,42291784766906
8397.0,2,0.00,55.0,58.0,58.0,42.0,57.0,1216,50.29,38202718106140
8397.0,3,0.00,57.0,58.0,58.0,43.0,59.0,1280,49.11,38605443070190
8403.0,0,,68.0,80.0,80.0,51.0,70.0,2115,181.35,73655461168151
8403.0,1,0.00,51.0,54.0,54.0,39.0,53.0,1122,49.67,42292066865417
8403.0,2,0.00,55.0,58.0,58.0,42.0,57.0,1206,50.14,38203002891662
8403.0,3,0.00,57.0,58.0,58.0,43.0,59.0,1269,49.25,38605722330017
8408.0,0,29.45,65.0,80.0,80.0,50.0,67.0,2261,152.25,73656325936462
8408.0,1,0.00,51.0,54.0,54.0,39.0,53.0,1120,49.82,42292349856201
8408.0,2,0.00,55.0,58.0,58.0,42.0,57.0,1247,50.40,38203289182189
8409.0,3,0.00,57.0,58.0,58.0,43.0,59.0,1268,49.34,38606002572387
8414.0,0,0.00,64.0,80.0,80.0,48.0,65.0,2060,59.04,73656661306274
8414.0,1,0.00,51.0,54.0,54.0,39.0,52.0,1110,49.60,42292631567626
8414.0,2,0.00,55.0,58.0,58.0,42.0,57.0,1194,50.22,38203574445007
8414.0,3,0.00,57.0,58.0,58.0,43.0,59.0,1278,49.22,38606282642456
8420.0,0,0.00,63.0,80.0,80.0,48.0,65.0,1531,58.37,73656993410949
8420.0,1,0.00,51.0,54.0,54.0,39.0,53.0,1119,49.78,42292914320068
8420.0,2,0.00,55.0,58.0,58.0,42.0,57.0,1192,50.03,38203859132995
8420.0,3,0.00,56.0,58.0,58.0,43.0,58.0,1266,49.00,38606561465637
8425.0,0,0.00,62.0,80.0,80.0,47.0,64.0,1508,58.34,73657325387573
8425.0,1,0.00,51.0,54.0,54.0,39.0,53.0,1118,49.73,42293197753051
8426.0,2,0.00,55.0,58.0,58.0,42.0,57.0,1212,50.20,38204145276428
8426.0,3,0.00,56.0,58.0,58.0,43.0,58.0,1275,49.10,38606840831848
8431.0,0,0.00,62.0,80.0,80.0,47.0,64.0,1496,58.22,73657657239074
8431.0,1,0.00,51.0,54.0,54.0,39.0,52.0,1106,49.94,42293481923400
8431.0,2,0.00,55.0,58.0,58.0,42.0,57.0,1212,50.38,38204431942504
8431.0,3,0.00,56.0,58.0,58.0,43.0,58.0,1276,49.19,38607121188842
8437.0,0,0.00,61.0,80.0,80.0,46.0,63.0,1457,58.12,73657987335327
8437.0,1,0.00,51.0,54.0,54.0,39.0,53.0,1120,49.60,42293764136169
8437.0,2,0.00,55.0,58.0,58.0,42.0,57.0,1195,49.99,38204715883361
8437.0,3,0.00,56.0,58.0,58.0,43.0,58.0,1269,48.99,38607398977416
