t_s,card,power_w,gpu_clock_mhz,throttle_reason,vram_used_mib
0.0,0,54.25,1850,None,226.5078125
0.0,1,47.85,400,None,226.5
0.0,2,46.68,400,None,226.5
0.0,3,47.49,400,None,226.4375
5.0,0,54.29,1850,None,226.5078125
5.0,1,48.05,400,None,226.5
5.0,2,46.79,400,None,226.5
5.0,3,47.40,400,None,226.4375
10.0,0,52.04,1100,None,235.29296875
10.0,1,47.95,400,None,226.5
10.0,2,46.83,400,None,226.5
10.0,3,47.42,400,None,226.4375
15.0,0,51.13,1100,None,235.29296875
15.0,1,47.68,400,None,226.5
15.0,2,46.74,400,None,226.5
15.0,3,47.31,400,None,226.4375
20.0,0,49.47,650,None,244.08984375
20.0,1,47.74,400,None,226.5
20.0,2,46.69,400,None,226.5
20.0,3,47.46,400,None,226.4375
25.0,0,49.21,650,None,244.08984375
25.0,1,47.51,400,None,226.5
25.0,2,46.28,400,None,226.5
25.0,3,46.86,400,None,226.4375
30.0,0,51.10,1950,None,426.25390625
30.0,1,46.89,400,None,226.5
30.0,2,46.25,400,None,226.5
30.0,3,46.64,400,None,226.4375
35.0,0,51.51,1650,None,244.0859375
35.0,1,47.00,400,None,226.5
35.0,2,46.29,400,None,226.5
35.0,3,46.66,400,None,226.4375
40.0,0,52.60,1500,None,374.12890625
40.0,1,47.58,400,None,226.5
40.0,2,46.50,400,None,226.5
40.0,3,47.13,400,None,226.4375
45.0,0,52.95,1500,None,417.4609375
45.0,1,47.95,400,None,226.5
45.0,2,46.69,400,None,226.5
45.0,3,47.32,400,None,226.4375
50.0,0,51.05,1300,None,426.25390625
50.0,1,47.99,400,None,226.5
50.0,2,46.82,400,None,226.5
50.0,3,47.39,400,None,226.4375
55.0,0,52.12,2400,None,4468.33984375
55.0,1,47.56,400,None,226.5
55.0,2,46.93,400,None,226.5
55.0,3,47.18,400,None,226.4375
60.0,0,74.52,2400,None,11004.0078125
60.0,1,47.79,400,None,226.5
60.0,2,46.72,400,None,226.5
60.0,3,47.34,400,None,226.4375
65.0,0,78.42,2400,None,15884.02734375
65.0,1,47.77,400,None,226.5
65.0,2,46.52,400,None,226.5
65.0,3,47.26,400,None,226.4375
70.0,0,75.38,2400,None,24085.12109375
70.0,1,47.08,400,None,226.5
70.0,2,46.19,400,None,226.5
70.0,3,46.66,400,None,226.4375
75.0,0,56.59,1600,None,19873.6953125
75.0,1,46.95,400,None,226.5
75.0,2,46.21,400,None,226.5
75.0,3,46.46,400,None,226.4375
80.0,0,170.17,2283,PowerBurst,20994.08203125
80.0,1,47.44,400,None,226.5
80.0,2,46.33,400,None,226.5
80.0,3,46.97,400,None,226.4375
85.0,0,80.20,2400,None,20994.08203125
85.0,1,47.92,400,None,226.5
85.0,2,46.63,400,None,226.5
85.0,3,47.30,400,None,226.4375
90.0,0,59.28,2400,None,20994.08203125
90.0,1,47.96,400,None,226.5
90.0,2,46.75,400,None,226.5
90.0,3,47.29,400,None,226.4375
95.0,0,53.71,1300,None,21060.0859375
95.0,1,47.59,400,None,226.5
95.0,2,46.83,400,None,226.5
95.0,3,47.34,400,None,226.4375
100.0,0,49.89,600,None,21060.0859375
100.0,1,47.74,400,None,226.5
100.0,2,46.72,400,None,226.5
100.0,3,47.22,400,None,226.4375
105.0,0,59.48,2300,None,30139.12890625
105.0,1,47.84,400,None,226.5
105.0,2,46.68,400,None,226.5
105.0,3,47.32,400,None,226.4375
110.0,0,49.82,800,None,30139.12890625
110.0,1,47.38,400,None,226.5
110.0,2,46.22,400,None,226.5
110.0,3,46.72,400,None,226.4375
115.0,0,47.74,400,None,29947.12890625
115.0,1,46.86,400,None,226.5
115.0,2,46.24,400,None,226.5
115.0,3,46.27,400,None,226.4375
120.0,0,47.73,400,None,29947.12890625
120.0,1,47.08,400,None,226.5
120.0,2,46.26,400,None,226.5
120.0,3,46.54,400,None,226.4375
125.0,0,49.99,2400,None,29948.8203125
125.0,1,47.72,400,None,226.5
125.0,2,46.50,400,None,226.5
125.0,3,47.17,400,None,226.4375
130.0,0,59.02,1700,None,30040.75390625
130.0,1,47.97,400,None,226.5
130.0,2,46.68,400,None,226.5
130.0,3,47.19,400,None,226.4375
135.0,0,57.48,1200,None,30076.078125
135.0,1,47.99,400,None,226.5
135.0,2,46.76,400,None,226.5
135.0,3,47.27,400,None,226.4375
140.0,0,79.33,2400,None,30076.078125
140.0,1,47.72,400,None,226.5
140.0,2,46.72,400,None,226.5
140.0,3,47.19,400,None,226.4375
145.0,0,164.25,2400,None,30279.7734375
145.0,1,47.92,400,None,226.5
145.0,2,46.78,400,None,226.5
145.0,3,47.35,400,None,226.4375
150.0,0,165.79,2400,None,30279.8359375
150.0,1,47.82,400,None,226.5
150.0,2,46.59,400,None,226.5
150.0,3,47.25,400,None,226.4375
155.0,0,78.92,1700,None,30288.62109375
155.0,1,47.00,400,None,226.5
155.0,2,46.15,400,None,226.5
155.0,3,46.62,400,None,226.4375
160.0,0,51.01,1700,None,30279.8359375
160.0,1,46.98,400,None,226.5
160.0,2,46.22,400,None,226.5
160.0,3,46.41,400,None,226.4375
165.0,0,51.70,1700,None,30279.8359375
165.0,1,47.36,400,None,226.5
165.0,2,46.37,400,None,226.5
165.0,3,46.75,400,None,226.4375
170.0,0,99.50,2400,None,30280.3359375
170.0,1,48.20,400,None,226.5
170.0,2,46.79,400,None,226.5
170.0,3,47.63,400,None,226.4375
175.0,0,145.21,2400,None,30280.3359375
175.0,1,48.09,400,None,226.5
175.0,2,46.92,400,None,226.5
175.0,3,47.54,400,None,226.4375
180.0,0,145.16,2400,None,30280.3359375
180.0,1,47.80,400,None,226.5
180.0,2,46.92,400,None,226.5
180.0,3,47.50,400,None,226.4375
185.0,0,145.58,2400,None,30280.3359375
185.0,1,47.96,400,None,226.5
185.0,2,46.78,400,None,226.5
185.0,3,47.40,400,None,226.4375
190.0,0,155.53,2400,None,30280.6484375
190.0,1,48.11,400,None,226.5
190.0,2,46.89,400,None,226.5
190.0,3,47.59,400,None,226.4375
195.0,0,146.59,2400,None,30280.6484375
195.0,1,47.59,400,None,226.5
195.0,2,46.43,400,None,226.5
195.0,3,47.04,400,None,226.4375
200.0,0,146.95,2400,None,30280.6484375
200.0,1,47.23,400,None,226.5
200.0,2,46.20,400,None,226.5
200.0,3,46.64,400,None,226.4375
205.0,0,156.66,2400,None,30280.6484375
205.0,1,47.51,400,None,226.5
205.0,2,46.38,400,None,226.5
205.0,3,47.03,400,None,226.4375
210.0,0,148.28,2400,None,30280.6484375
210.0,1,47.94,400,None,226.5
210.0,2,46.69,400,None,226.5
210.0,3,47.37,400,None,226.4375
215.0,0,148.53,2400,None,30280.6484375
215.0,1,48.07,400,None,226.5
215.0,2,46.87,400,None,226.5
215.0,3,47.46,400,None,226.4375
220.0,0,147.75,2400,None,30280.6484375
220.0,1,47.83,400,None,226.5
220.0,2,46.87,400,None,226.5
220.0,3,47.48,400,None,226.4375
225.0,0,157.11,2400,None,30280.6484375
225.0,1,47.84,400,None,226.5
225.0,2,46.70,400,None,226.5
225.0,3,47.32,400,None,226.4375
230.0,0,148.68,2400,None,30280.6484375
230.0,1,47.99,400,None,226.5
230.0,2,46.85,400,None,226.5
230.0,3,47.48,400,None,226.4375
235.0,0,148.61,2400,None,30280.6484375
235.0,1,47.86,400,None,226.5
235.0,2,46.63,400,None,226.5
235.0,3,47.30,400,None,226.4375
240.0,0,157.78,2400,None,30280.6484375
240.0,1,47.31,400,None,226.5
240.0,2,46.39,400,None,226.5
240.0,3,47.06,400,None,226.4375
245.0,0,148.69,2400,None,30280.6484375
245.0,1,47.28,400,None,226.5
245.0,2,46.27,400,None,226.5
245.0,3,46.81,400,None,226.4375
250.0,0,148.36,2400,None,30280.6484375
250.0,1,47.66,400,None,226.5
250.0,2,46.54,400,None,226.5
250.0,3,47.20,400,None,226.4375
255.0,0,158.18,2400,None,30280.6484375
255.0,1,48.15,400,None,226.5
255.0,2,46.86,400,None,226.5
255.0,3,47.58,400,None,226.4375
260.0,0,148.85,2400,None,30280.6484375
260.0,1,48.17,400,None,226.5
260.0,2,46.99,400,None,226.5
260.0,3,47.56,400,None,226.4375
265.0,0,148.92,2400,None,30280.6484375
265.0,1,47.83,400,None,226.5
265.0,2,46.67,400,None,226.5
265.0,3,47.26,400,None,226.4375
270.0,0,147.63,2400,None,30280.6484375
270.0,1,47.98,400,None,226.5
270.0,2,46.84,400,None,226.5
270.0,3,47.48,400,None,226.4375
275.0,0,158.07,2400,None,30280.6484375
275.0,1,48.13,400,None,226.5
275.0,2,46.88,400,None,226.5
275.0,3,47.60,400,None,226.4375
280.0,0,148.63,2400,None,30280.6484375
280.0,1,47.24,400,None,226.5
280.0,2,46.41,400,None,226.5
280.0,3,47.03,400,None,226.4375
285.0,0,148.44,2400,None,30280.6484375
285.0,1,47.23,400,None,226.5
285.0,2,46.14,400,None,226.5
285.0,3,46.70,400,None,226.4375
290.0,0,157.49,2400,None,30280.6484375
290.0,1,47.46,400,None,226.5
290.0,2,46.39,400,None,226.5
290.0,3,47.05,400,None,226.4375
295.0,0,148.32,2400,None,30280.6484375
295.0,1,48.04,400,None,226.5
295.0,2,46.80,400,None,226.5
295.0,3,47.54,400,None,226.4375
300.0,0,148.46,2400,None,30280.6484375
300.0,1,48.00,400,None,226.5
300.0,2,46.90,400,None,226.5
300.0,3,47.54,400,None,226.4375
305.0,0,149.21,2400,None,30280.6484375
305.0,1,47.86,400,None,226.5
305.0,2,46.92,400,None,226.5
305.1,3,47.28,400,None,226.4375
310.0,0,158.17,2400,None,30280.6484375
310.0,1,47.93,400,None,226.5
310.0,2,46.81,400,None,226.5
310.1,3,47.42,400,None,226.4375
315.0,0,148.87,2400,None,30280.6484375
315.0,1,48.05,400,None,226.5
315.0,2,46.89,400,None,226.5
315.0,3,47.54,400,None,226.4375
320.0,0,148.60,2400,None,30280.6484375
320.0,1,47.82,400,None,226.5
320.1,2,46.58,400,None,226.5
320.1,3,47.30,400,None,226.4375
325.1,0,157.43,2400,None,30280.6484375
325.1,1,47.24,400,None,226.5
325.1,2,46.14,400,None,226.5
325.1,3,46.71,400,None,226.4375
330.1,0,148.59,2400,None,30280.6484375
330.1,1,47.34,400,None,226.5
330.1,2,46.30,400,None,226.5
330.1,3,46.89,400,None,226.4375
335.1,0,148.73,2400,None,30280.6484375
335.1,1,47.76,400,None,226.5
335.1,2,46.63,400,None,226.5
335.1,3,47.31,400,None,226.4375
340.1,0,149.17,2400,None,30280.6484375
340.1,1,48.10,400,None,226.5
340.1,2,46.86,400,None,226.5
340.1,3,47.57,400,None,226.4375
345.1,0,158.18,2400,None,30280.6484375
345.1,1,47.88,400,None,226.5
345.1,2,46.87,400,None,226.5
345.1,3,47.58,400,None,226.4375
350.1,0,149.15,2400,None,30280.6484375
350.1,1,47.85,400,None,226.5
350.1,2,46.73,400,None,226.5
350.1,3,47.35,400,None,226.4375
355.1,0,149.11,2400,None,30280.6484375
355.1,1,47.93,400,None,226.5
355.1,2,46.87,400,None,226.5
355.1,3,47.54,400,None,226.4375
360.1,0,158.31,2400,None,30280.6484375
360.1,1,48.18,400,None,226.5
360.1,2,46.95,400,None,226.5
360.1,3,47.67,400,None,226.4375
365.1,0,149.24,2400,None,30280.6484375
365.1,1,47.21,400,None,226.5
365.1,2,46.35,400,None,226.5
365.1,3,46.74,400,None,226.4375
370.1,0,149.10,2400,None,30280.6484375
370.1,1,47.25,400,None,226.5
370.1,2,46.15,400,None,226.5
370.1,3,46.77,400,None,226.4375
375.1,0,150.88,2283,PowerBurst,30280.6484375
375.1,1,47.44,400,None,226.5
375.1,2,46.42,400,None,226.5
375.1,3,47.06,400,None,226.4375
380.1,0,156.79,2400,None,30280.6484375
380.1,1,48.18,400,None,226.5
380.1,2,46.91,400,None,226.5
380.1,3,47.63,400,None,226.4375
385.1,0,149.16,2400,None,30280.6484375
385.1,1,48.01,400,None,226.5
385.1,2,46.91,400,None,226.5
385.1,3,47.53,400,None,226.4375
390.1,0,149.20,2400,None,30280.6484375
390.1,1,47.89,400,None,226.5
390.1,2,46.68,400,None,226.5
390.1,3,47.33,400,None,226.4375
395.1,0,158.44,2400,None,30280.6484375
395.1,1,47.91,400,None,226.5
395.1,2,46.81,400,None,226.5
395.1,3,47.41,400,None,226.4375
400.1,0,149.23,2400,None,30280.6484375
400.1,1,48.09,400,None,226.5
400.1,2,46.92,400,None,226.5
400.1,3,47.62,400,None,226.4375
405.1,0,149.20,2400,None,30280.6484375
405.1,1,47.49,400,None,226.5
405.1,2,46.94,400,None,226.5
405.1,3,47.26,400,None,226.4375
410.1,0,158.36,2400,None,30280.6484375
410.1,1,47.25,400,None,226.5
410.1,2,46.11,400,None,226.5
410.1,3,46.73,400,None,226.4375
415.1,0,149.38,2400,None,30280.6484375
415.1,1,47.37,400,None,226.5
415.1,2,46.31,400,None,226.5
415.1,3,46.94,400,None,226.4375
420.1,0,149.12,2400,None,30280.6484375
420.1,1,47.85,400,None,226.5
420.1,2,46.72,400,None,226.5
420.1,3,47.39,400,None,226.4375
425.1,0,149.24,2400,None,30280.6484375
425.1,1,48.05,400,None,226.5
425.1,2,46.90,400,None,226.5
425.1,3,47.61,400,None,226.4375
430.1,0,158.26,2400,None,30280.6484375
430.1,1,47.94,400,None,226.5
430.1,2,46.96,400,None,226.5
430.1,3,47.41,400,None,226.4375
435.1,0,149.21,2400,None,30280.6484375
435.1,1,47.91,400,None,226.5
435.1,2,46.71,400,None,226.5
435.1,3,47.43,400,None,226.4375
440.1,0,149.19,2400,None,30280.6484375
440.1,1,47.97,400,None,226.5
440.1,2,46.93,400,None,226.5
440.1,3,47.61,400,None,226.4375
445.1,0,155.42,2100,PowerBurst,30280.6484375
445.1,1,48.11,400,None,226.5
445.1,2,46.89,400,None,226.5
445.1,3,47.61,400,None,226.4375
450.1,0,151.69,2400,None,30280.6484375
450.1,1,47.42,400,None,226.5
450.1,2,46.25,400,None,226.5
450.1,3,46.89,400,None,226.4375
455.1,0,148.45,2400,None,30280.6484375
455.1,1,47.29,400,None,226.5
455.1,2,46.18,400,None,226.5
455.1,3,46.86,400,None,226.4375
460.1,0,148.77,2400,None,30280.6484375
460.1,1,47.56,400,None,226.5
460.1,2,46.52,400,None,226.5
460.1,3,47.18,400,None,226.4375
465.1,0,97.08,2400,None,30280.6484375
465.1,1,47.79,400,None,226.5
465.1,2,46.86,400,None,226.5
465.1,3,47.30,400,None,226.4375
470.1,0,60.07,2400,None,30280.6484375
470.1,1,47.58,400,None,226.5
470.1,2,46.71,400,None,226.5
470.1,3,47.48,400,None,226.4375
475.1,0,64.46,2267,PowerBurst,30280.6484375
475.1,1,47.71,400,None,226.5
475.1,2,46.58,400,None,226.5
475.1,3,47.22,400,None,226.4375
480.1,0,154.57,2400,None,30280.6484375
480.1,1,48.07,400,None,226.5
480.1,2,46.92,400,None,226.5
480.1,3,47.60,400,None,226.4375
485.1,0,147.58,2400,None,30280.6484375
485.1,1,48.14,400,None,226.5
485.1,2,46.97,400,None,226.5
485.1,3,47.69,400,None,226.4375
490.1,0,148.18,2400,None,30280.6484375
490.1,1,47.44,400,None,226.5
490.1,2,46.52,400,None,226.5
490.1,3,46.95,400,None,226.4375
495.1,0,179.63,2000,PowerBurst,31415.23046875
495.1,1,47.21,400,None,226.5
495.1,2,45.98,400,None,226.5
495.1,3,46.72,400,None,226.4375
500.1,0,194.74,2400,None,31415.60546875
500.1,1,47.38,400,None,226.5
500.1,2,46.33,400,None,226.5
500.1,3,46.93,400,None,226.4375
505.1,0,188.28,2400,None,31415.60546875
505.1,1,48.03,400,None,226.5
505.1,2,46.81,400,None,226.5
505.1,3,47.56,400,None,226.4375
510.1,0,190.76,2400,None,31415.60546875
510.1,1,48.13,400,None,226.5
510.1,2,46.84,400,None,226.5
510.1,3,47.60,400,None,226.4375
515.1,0,192.78,2400,None,31415.60546875
515.1,1,47.92,400,None,226.5
515.1,2,46.65,400,None,226.5
515.1,3,47.40,400,None,226.4375
520.1,0,201.66,2083,PowerBurst,31415.60546875
520.1,1,47.95,400,None,226.5
520.1,2,46.68,400,None,226.5
520.1,3,47.43,400,None,226.4375
525.1,0,189.97,2400,None,31415.60546875
525.1,1,47.96,400,None,226.5
525.1,2,46.92,400,None,226.5
525.1,3,47.66,400,None,226.4375
530.1,0,189.23,2400,None,31415.60546875
530.1,1,47.77,400,None,226.5
530.1,2,46.85,400,None,226.5
530.1,3,47.62,400,None,226.4375
535.1,0,189.22,2400,None,31415.60546875
535.1,1,47.31,400,None,226.5
535.1,2,46.06,400,None,226.5
535.1,3,46.83,400,None,226.4375
540.1,0,199.40,2067,PowerBurst,31415.66796875
540.1,1,47.32,400,None,226.5
540.1,2,46.12,400,None,226.5
540.1,3,46.85,400,None,226.4375
545.1,0,197.03,2400,None,31415.66796875
545.1,1,47.79,400,None,226.5
545.1,2,46.64,400,None,226.5
545.1,3,47.42,400,None,226.4375
550.1,0,189.00,2400,None,31415.66796875
550.1,1,48.12,400,None,226.5
550.1,2,46.98,400,None,226.5
550.1,3,47.69,400,None,226.4375
555.1,0,190.15,2400,None,31415.66796875
555.1,1,47.87,400,None,226.5
555.1,2,46.58,400,None,226.5
555.1,3,47.37,400,None,226.4375
560.1,0,194.71,2150,PowerBurst,31415.66796875
560.1,1,47.97,400,None,226.5
560.1,2,46.73,400,None,226.5
560.1,3,47.52,400,None,226.4375
565.1,0,199.93,2100,PowerBurst,31415.66796875
565.1,1,48.04,400,None,226.5
565.1,2,46.82,400,None,226.5
565.1,3,47.58,400,None,226.4375
570.1,0,192.86,2400,None,31415.66796875
570.1,1,47.95,400,None,226.5
570.1,2,46.97,400,None,226.5
570.1,3,47.81,400,None,226.4375
575.1,0,191.19,2400,None,31415.66796875
575.1,1,47.44,400,None,226.5
575.1,2,46.18,400,None,226.5
575.1,3,46.96,400,None,226.4375
580.1,0,191.30,2400,None,31415.66796875
580.1,1,47.36,400,None,226.5
580.1,2,46.16,400,None,226.5
580.1,3,46.97,400,None,226.4375
585.1,0,198.29,2250,PowerBurst,31415.66796875
585.1,1,47.43,400,None,226.5
585.1,2,46.31,400,None,226.5
585.1,3,47.08,400,None,226.4375
590.1,0,197.33,2400,None,31415.66796875
590.1,1,48.10,400,None,226.5
590.1,2,46.96,400,None,226.5
590.1,3,47.78,400,None,226.4375
595.1,0,188.23,2400,None,31415.66796875
595.1,1,47.90,400,None,226.5
595.1,2,46.92,400,None,226.5
595.1,3,47.42,400,None,226.4375
600.1,0,186.98,2400,None,31415.66796875
600.1,1,47.87,400,None,226.5
600.1,2,46.75,400,None,226.5
600.1,3,47.56,400,None,226.4375
605.1,0,194.43,2383,PowerBurst,31415.66796875
605.1,1,48.10,400,None,226.5
605.1,2,46.84,400,None,226.5
605.1,3,47.67,400,None,226.4375
610.1,0,200.04,2100,PowerBurst,31415.66796875
610.1,1,48.15,400,None,226.5
610.1,2,46.99,400,None,226.5
610.1,3,47.80,400,None,226.4375
615.1,0,191.77,2400,None,31415.66796875
615.1,1,47.69,400,None,226.5
615.1,2,46.47,400,None,226.5
615.1,3,47.26,400,None,226.4375
620.1,0,189.56,2400,None,31415.66796875
620.1,1,47.33,400,None,226.5
620.1,2,46.13,400,None,226.5
620.1,3,46.92,400,None,226.4375
625.1,0,191.54,2150,PowerBurst,31415.66796875
625.1,1,47.47,400,None,226.5
625.1,2,46.24,400,None,226.5
625.1,3,47.08,400,None,226.4375
630.1,0,198.79,2100,PowerBurst,31415.66796875
630.1,1,47.77,400,None,226.5
630.1,2,46.71,400,None,226.5
630.1,3,47.48,400,None,226.4375
635.1,0,196.60,2400,None,31415.66796875
635.1,1,47.89,400,None,226.5
635.1,2,46.95,400,None,226.5
635.1,3,47.78,400,None,226.4375
640.1,0,189.43,2400,None,31415.66796875
640.1,1,47.92,400,None,226.5
640.1,2,46.71,400,None,226.5
640.1,3,47.48,400,None,226.4375
645.1,0,189.39,2400,None,31415.66796875
645.1,1,48.05,400,None,226.5
645.1,2,46.81,400,None,226.5
645.1,3,47.67,400,None,226.4375
650.1,0,195.13,2317,PowerBurst,31415.66796875
650.1,1,48.10,400,None,226.5
650.1,2,46.97,400,None,226.5
650.1,3,47.73,400,None,226.4375
655.1,0,199.37,2117,PowerBurst,31415.66796875
655.1,1,47.89,400,None,226.5
655.1,2,46.70,400,None,226.5
655.1,3,47.47,400,None,226.4375
660.1,0,191.87,2400,None,31415.66796875
660.1,1,47.37,400,None,226.5
660.1,2,46.13,400,None,226.5
660.1,3,46.94,400,None,226.4375
665.1,0,189.16,2400,None,31415.66796875
665.1,1,47.43,400,None,226.5
665.1,2,46.26,400,None,226.5
665.1,3,47.07,400,None,226.4375
670.1,0,189.04,2400,None,31415.66796875
670.1,1,47.56,400,None,226.5
670.1,2,46.48,400,None,226.5
670.1,3,47.30,400,None,226.4375
675.1,0,140.88,2400,None,31415.66796875
675.1,1,47.79,400,None,226.5
675.1,2,47.01,400,None,226.5
675.1,3,47.69,400,None,226.4375
680.1,0,60.18,2400,None,31415.66796875
680.1,1,47.75,400,None,226.5
680.1,2,46.79,400,None,226.5
680.1,3,47.34,400,None,226.4375
685.1,0,59.78,2400,None,31415.66796875
685.1,1,47.76,400,None,226.5
685.1,2,46.69,400,None,226.5
685.1,3,47.40,400,None,226.4375
690.1,0,107.66,2400,None,31415.66796875
690.1,1,47.91,400,None,226.5
690.1,2,46.91,400,None,226.5
690.1,3,47.53,400,None,226.4375
695.1,0,147.86,2400,None,31415.66796875
695.1,1,47.84,400,None,226.5
695.1,2,47.07,400,None,226.5
695.1,3,47.54,400,None,226.4375
700.1,0,148.22,2400,None,31415.66796875
700.1,1,47.55,400,None,226.5
700.1,2,46.45,400,None,226.5
700.1,3,47.15,400,None,226.4375
705.1,0,152.29,2150,PowerBurst,31415.66796875
705.1,1,47.39,400,None,226.5
705.1,2,46.21,400,None,226.5
705.1,3,47.00,400,None,226.4375
710.1,0,200.65,2033,PowerBurst,31959.66796875
710.1,1,47.31,400,None,226.5
710.1,2,46.19,400,None,226.5
710.1,3,46.76,400,None,226.4375
715.1,0,200.14,2017,PowerBurst,31959.66796875
715.1,1,47.88,400,None,226.5
715.1,2,46.75,400,None,226.5
715.1,3,47.45,400,None,226.4375
720.1,0,199.54,2083,PowerBurst,31959.66796875
720.1,1,48.00,400,None,226.5
720.1,2,46.80,400,None,226.5
720.1,3,47.54,400,None,226.4375
725.1,0,199.95,2083,PowerBurst,31959.66796875
725.1,1,47.96,400,None,226.5
725.1,2,46.71,400,None,226.5
725.1,3,47.49,400,None,226.4375
730.1,0,200.06,2083,PowerBurst,31959.66796875
730.1,1,47.99,400,None,226.5
730.1,2,46.83,400,None,226.5
730.1,3,47.65,400,None,226.4375
735.1,0,199.71,2133,PowerBurst,31959.66796875
735.1,1,47.85,400,None,226.5
735.1,2,46.87,400,None,226.5
735.1,3,47.73,400,None,226.4375
740.1,0,200.07,2117,PowerBurst,31959.66796875
740.1,1,47.91,400,None,226.5
740.1,2,46.72,400,None,226.5
740.1,3,47.48,400,None,226.4375
745.1,0,200.35,2050,PowerBurst,31959.66796875
745.1,1,47.29,400,None,226.5
745.1,2,46.18,400,None,226.5
745.1,3,46.77,400,None,226.4375
750.1,0,199.84,2083,PowerBurst,31959.66796875
750.1,1,47.38,400,None,226.5
750.1,2,46.18,400,None,226.5
750.1,3,46.98,400,None,226.4375
755.1,0,199.89,2100,PowerBurst,31959.66796875
755.1,1,47.65,400,None,226.5
755.1,2,46.48,400,None,226.5
755.1,3,47.38,400,None,226.4375
760.1,0,199.97,2100,PowerBurst,31959.66796875
760.1,1,47.96,400,None,226.5
760.1,2,46.98,400,None,226.5
760.1,3,47.53,400,None,226.4375
765.1,0,200.10,2083,PowerBurst,31959.66796875
765.1,1,47.98,400,None,226.5
765.1,2,46.74,400,None,226.5
765.1,3,47.57,400,None,226.4375
770.1,0,199.86,2117,PowerBurst,31959.66796875
770.1,1,48.00,400,None,226.5
770.1,2,46.83,400,None,226.5
770.1,3,47.63,400,None,226.4375
775.1,0,200.39,2017,PowerBurst,31960.04296875
775.1,1,47.73,400,None,226.5
775.1,2,46.83,400,None,226.5
775.1,3,47.63,400,None,226.4375
780.1,0,199.53,2117,PowerBurst,31960.04296875
780.1,1,47.90,400,None,226.5
780.1,2,46.80,400,None,226.5
780.1,3,47.54,400,None,226.4375
785.1,0,200.17,2083,PowerBurst,31960.04296875
785.1,1,47.56,400,None,226.5
785.1,2,46.33,400,None,226.5
785.1,3,47.11,400,None,226.4375
790.1,0,199.94,2083,PowerBurst,31960.04296875
790.1,1,47.43,400,None,226.5
790.1,2,46.23,400,None,226.5
790.1,3,47.03,400,None,226.4375
795.1,0,199.98,2083,PowerBurst,31960.04296875
795.1,1,47.43,400,None,226.5
795.1,2,46.31,400,None,226.5
795.1,3,47.20,400,None,226.4375
800.1,0,200.13,2067,PowerBurst,31960.04296875
800.1,1,47.83,400,None,226.5
800.1,2,46.86,400,None,226.5
800.1,3,47.67,400,None,226.4375
805.1,0,200.09,2050,PowerBurst,31960.296875
805.1,1,47.95,400,None,226.5
805.1,2,46.83,400,None,226.5
805.1,3,47.48,400,None,226.4375
810.1,0,199.80,2100,PowerBurst,31960.296875
810.1,1,47.93,400,None,226.5
810.1,2,46.81,400,None,226.5
810.1,3,47.53,400,None,226.4375
815.1,0,200.01,2083,PowerBurst,31960.296875
815.1,1,48.05,400,None,226.5
815.1,2,46.83,400,None,226.5
815.1,3,47.65,400,None,226.4375
820.1,0,200.02,2083,PowerBurst,31960.296875
820.1,1,47.93,400,None,226.5
820.1,2,46.61,400,None,226.5
820.1,3,47.51,400,None,226.4375
825.1,0,200.00,2083,PowerBurst,31960.296875
825.1,1,47.88,400,None,226.5
825.1,2,46.63,400,None,226.5
825.1,3,47.47,400,None,226.4375
830.1,0,199.78,2117,PowerBurst,31960.296875
830.1,1,47.37,400,None,226.5
830.1,2,46.26,400,None,226.5
830.1,3,46.97,400,None,226.4375
835.1,0,200.13,2100,PowerBurst,31960.296875
835.1,1,47.31,400,None,226.5
835.1,2,46.25,400,None,226.5
835.1,3,47.04,400,None,226.4375
840.1,0,199.97,2117,PowerBurst,31960.296875
840.1,1,47.57,400,None,226.5
840.1,2,46.50,400,None,226.5
840.1,3,47.40,400,None,226.4375
845.1,0,200.07,2083,PowerBurst,31960.296875
845.1,1,48.00,400,None,226.5
845.1,2,46.83,400,None,226.5
845.1,3,47.66,400,None,226.4375
850.1,0,199.97,2083,PowerBurst,31960.296875
850.1,1,48.02,400,None,226.5
850.1,2,46.83,400,None,226.5
850.1,3,47.61,400,None,226.4375
855.1,0,200.05,2083,PowerBurst,31960.296875
855.1,1,47.96,400,None,226.5
855.1,2,46.89,400,None,226.5
855.1,3,47.78,400,None,226.4375
860.1,0,199.76,2117,PowerBurst,31960.296875
860.1,1,47.88,400,None,226.5
860.1,2,46.83,400,None,226.5
860.1,3,47.46,400,None,226.4375
865.1,0,200.07,2117,PowerBurst,31960.296875
865.1,1,47.95,400,None,226.5
865.1,2,46.85,400,None,226.5
865.1,3,47.57,400,None,226.4375
870.1,0,200.05,2100,PowerBurst,31960.296875
870.1,1,47.43,400,None,226.5
870.1,2,46.28,400,None,226.5
870.1,3,47.04,400,None,226.4375
875.1,0,199.91,2100,PowerBurst,31960.296875
875.1,1,47.40,400,None,226.5
875.1,2,46.22,400,None,226.5
875.1,3,47.03,400,None,226.4375
880.1,0,200.10,2083,PowerBurst,31960.296875
880.1,1,47.49,400,None,226.5
880.1,2,46.34,400,None,226.5
880.1,3,47.19,400,None,226.4375
885.1,0,199.97,2083,PowerBurst,31960.296875
885.1,1,47.97,400,None,226.5
885.1,2,46.68,400,None,226.5
885.1,3,47.60,400,None,226.4375
890.1,0,200.03,2083,PowerBurst,31960.296875
890.1,1,47.99,400,None,226.5
890.1,2,46.80,400,None,226.5
890.1,3,47.65,400,None,226.4375
895.1,0,199.79,2117,PowerBurst,31960.296875
895.1,1,48.06,400,None,226.5
895.1,2,46.82,400,None,226.5
895.1,3,47.60,400,None,226.4375
900.1,0,200.10,2100,PowerBurst,31960.296875
900.1,1,47.84,400,None,226.5
900.1,2,46.87,400,None,226.5
900.1,3,47.76,400,None,226.4375
905.1,0,199.94,2117,PowerBurst,31960.296875
905.1,1,47.91,400,None,226.5
905.1,2,46.67,400,None,226.5
905.1,3,47.53,400,None,226.4375
910.1,0,200.11,2083,PowerBurst,31960.296875
910.1,1,47.73,400,None,226.5
910.1,2,46.54,400,None,226.5
910.1,3,47.37,400,None,226.4375
915.1,0,200.00,2083,PowerBurst,31960.296875
915.1,1,47.41,400,None,226.5
915.1,2,46.31,400,None,226.5
915.1,3,47.03,400,None,226.4375
920.1,0,200.01,2083,PowerBurst,31960.296875
920.1,1,47.31,400,None,226.5
920.1,2,46.32,400,None,226.5
920.1,3,47.11,400,None,226.4375
925.1,0,199.71,2133,PowerBurst,31960.296875
925.1,1,47.64,400,None,226.5
925.1,2,46.55,400,None,226.5
925.1,3,47.23,400,None,226.4375
930.1,0,200.22,2100,PowerBurst,31960.296875
930.1,1,48.01,400,None,226.5
930.1,2,46.85,400,None,226.5
930.1,3,47.67,400,None,226.4375
935.1,0,200.20,2050,PowerBurst,31960.296875
935.1,1,48.03,400,None,226.5
935.1,2,46.94,400,None,226.5
935.1,3,47.63,400,None,226.4375
940.1,0,199.85,2083,PowerBurst,31960.296875
940.1,1,47.66,400,None,226.5
940.1,2,46.91,400,None,226.5
940.1,3,47.76,400,None,226.4375
945.1,0,199.85,2100,PowerBurst,31960.296875
945.1,1,47.94,400,None,226.5
945.1,2,46.62,400,None,226.5
945.1,3,47.57,400,None,226.4375
950.1,0,200.08,2083,PowerBurst,31960.296875
950.1,1,47.98,400,None,226.5
950.1,2,46.80,400,None,226.5
950.1,3,47.60,400,None,226.4375
955.1,0,197.92,2400,None,31960.296875
955.1,1,47.46,400,None,226.5
955.1,2,46.32,400,None,226.5
955.1,3,47.08,400,None,226.4375
960.1,0,126.02,2400,None,31960.296875
960.1,1,47.06,400,None,226.5
960.1,2,46.28,400,None,226.5
960.1,3,46.79,400,None,226.4375
965.1,0,56.88,2400,None,31960.296875
965.1,1,47.28,400,None,226.5
965.1,2,46.20,400,None,226.5
965.2,3,46.84,400,None,226.4375
970.1,0,59.72,2400,None,31960.296875
970.1,1,47.86,400,None,226.5
970.1,2,46.75,400,None,226.5
970.1,3,47.48,400,None,226.4375
975.1,0,129.58,2400,None,31960.296875
975.1,1,48.19,400,None,226.5
975.1,2,47.07,400,None,226.5
975.2,3,47.82,400,None,226.4375
980.1,0,148.37,2400,None,31960.296875
980.1,1,48.01,400,None,226.5
980.1,2,46.87,400,None,226.5
980.2,3,47.62,400,None,226.4375
985.1,0,148.87,2400,None,31960.296875
985.1,1,47.86,400,None,226.5
985.1,2,46.69,400,None,226.5
985.2,3,47.47,400,None,226.4375
990.1,0,164.49,2017,PowerBurst,31960.296875
990.1,1,48.08,400,None,226.5
990.1,2,46.83,400,None,226.5
990.2,3,47.66,400,None,226.4375
995.2,0,199.84,2017,PowerBurst,31960.296875
995.2,1,47.58,400,None,226.5
995.2,2,46.43,400,None,226.5
995.2,3,47.07,400,None,226.4375
1000.2,0,200.10,2000,PowerBurst,31960.296875
1000.2,1,46.86,400,None,226.5
1000.2,2,46.35,400,None,226.5
1000.2,3,46.86,400,None,226.4375
1005.2,0,199.97,2017,PowerBurst,31960.296875
1005.2,1,47.22,400,None,226.5
1005.2,2,46.15,400,None,226.5
1005.2,3,46.77,400,None,226.4375
1010.2,0,200.02,2017,PowerBurst,31960.296875
1010.2,1,47.86,400,None,226.5
1010.2,2,46.56,400,None,226.5
1010.2,3,47.41,400,None,226.4375
1015.2,0,199.51,2083,PowerBurst,31960.484375
1015.2,1,48.21,400,None,226.5
1015.2,2,46.96,400,None,226.5
1015.2,3,47.89,400,None,226.4375
1020.2,0,199.98,2100,PowerBurst,31960.484375
1020.2,1,48.10,400,None,226.5
1020.2,2,46.97,400,None,226.5
1020.2,3,47.78,400,None,226.4375
1025.2,0,199.98,2100,PowerBurst,31960.484375
1025.2,1,47.82,400,None,226.5
1025.2,2,47.01,400,None,226.5
1025.2,3,47.40,400,None,226.4375
1030.2,0,200.03,2100,PowerBurst,31960.484375
1030.2,1,48.06,400,None,226.5
1030.2,2,46.74,400,None,226.5
1030.2,3,47.60,400,None,226.4375
1035.2,0,200.03,2100,PowerBurst,31960.484375
1035.2,1,47.89,400,None,226.5
1035.2,2,46.67,400,None,226.5
1035.2,3,47.50,400,None,226.4375
1040.2,0,199.75,2150,PowerBurst,31960.484375
1040.2,1,47.50,400,None,226.5
1040.2,2,46.38,400,None,226.5
1040.2,3,47.06,400,None,226.4375
1045.2,0,199.98,2133,PowerBurst,31960.484375
1045.2,1,47.21,400,None,226.5
1045.2,2,46.19,400,None,226.5
1045.2,3,46.87,400,None,226.4375
1050.2,0,200.55,2033,PowerBurst,31960.484375
1050.2,1,47.59,400,None,226.5
1050.2,2,46.33,400,None,226.5
1050.2,3,47.14,400,None,226.4375
1055.2,0,199.31,2167,PowerBurst,31960.484375
1055.2,1,48.07,400,None,226.5
1055.2,2,46.78,400,None,226.5
1055.2,3,47.72,400,None,226.4375
1060.2,0,200.08,2133,PowerBurst,31960.484375
1060.2,1,48.06,400,None,226.5
1060.2,2,46.96,400,None,226.5
1060.2,3,47.76,400,None,226.4375
1065.2,0,199.90,2167,PowerBurst,31960.484375
1065.2,1,47.72,400,None,226.5
1065.2,2,46.92,400,None,226.5
1065.2,3,47.65,400,None,226.4375
1070.2,0,200.38,2100,PowerBurst,31960.484375
1070.2,1,48.01,400,None,226.5
1070.2,2,46.71,400,None,226.5
1070.2,3,47.56,400,None,226.4375
1075.2,0,199.92,2100,PowerBurst,31960.484375
1075.2,1,48.10,400,None,226.5
1075.2,2,46.82,400,None,226.5
1075.2,3,47.71,400,None,226.4375
1080.2,0,200.05,2100,PowerBurst,31960.484375
1080.2,1,47.68,400,None,226.5
1080.2,2,46.48,400,None,226.5
1080.2,3,47.29,400,None,226.4375
1085.2,0,200.00,2100,PowerBurst,31960.484375
1085.2,1,47.26,400,None,226.5
1085.2,2,46.48,400,None,226.5
1085.2,3,47.01,400,None,226.4375
1090.2,0,200.02,2100,PowerBurst,31960.484375
1090.2,1,47.51,400,None,226.5
1090.2,2,46.30,400,None,226.5
1090.2,3,47.14,400,None,226.4375
1095.2,0,199.67,2150,PowerBurst,31960.484375
1095.2,1,47.98,400,None,226.5
1095.2,2,46.68,400,None,226.5
1095.2,3,47.54,400,None,226.4375
1100.2,0,199.95,2150,PowerBurst,31960.484375
1100.2,1,48.03,400,None,226.5
1100.2,2,46.89,400,None,226.5
1100.2,3,47.73,400,None,226.4375
1105.2,0,200.48,2067,PowerBurst,31960.484375
1105.2,1,47.72,400,None,226.5
1105.2,2,46.95,400,None,226.5
1105.2,3,47.66,400,None,226.4375
1110.2,0,199.58,2150,PowerBurst,31960.484375
1110.2,1,47.80,400,None,226.5
1110.2,2,46.75,400,None,226.5
1110.2,3,47.41,400,None,226.4375
1115.2,0,199.98,2133,PowerBurst,31960.484375
1115.2,1,48.06,400,None,226.5
1115.2,2,46.70,400,None,226.5
1115.2,3,47.62,400,None,226.4375
1120.2,0,200.60,2033,PowerBurst,31960.484375
1120.2,1,47.86,400,None,226.5
1120.2,2,46.58,400,None,226.5
1120.2,3,47.49,400,None,226.4375
1125.2,0,199.70,2083,PowerBurst,31960.484375
1125.2,1,47.07,400,None,226.5
1125.2,2,46.40,400,None,226.5
1125.2,3,47.05,400,None,226.4375
1130.2,0,199.92,2100,PowerBurst,31960.484375
1130.2,1,47.45,400,None,226.5
1130.2,2,46.28,400,None,226.5
1130.2,3,47.09,400,None,226.4375
1135.2,0,200.02,2100,PowerBurst,31960.484375
1135.2,1,47.79,400,None,226.5
1135.2,2,46.53,400,None,226.5
1135.2,3,47.40,400,None,226.4375
1140.2,0,200.03,2100,PowerBurst,31960.484375
1140.2,1,48.11,400,None,226.5
1140.2,2,46.86,400,None,226.5
1140.2,3,47.72,400,None,226.4375
1145.2,0,199.98,2100,PowerBurst,31960.484375
1145.2,1,48.10,400,None,226.5
1145.2,2,47.00,400,None,226.5
1145.2,3,47.69,400,None,226.4375
1150.2,0,199.70,2150,PowerBurst,31960.484375
1150.2,1,47.84,400,None,226.5
1150.2,2,47.01,400,None,226.5
1150.2,3,47.44,400,None,226.4375
1155.2,0,200.38,2083,PowerBurst,31960.484375
1155.2,1,48.04,400,None,226.5
1155.2,2,46.72,400,None,226.5
1155.2,3,47.58,400,None,226.4375
1160.2,0,199.73,2133,PowerBurst,31960.484375
1160.2,1,48.10,400,None,226.5
1160.2,2,46.77,400,None,226.5
1160.2,3,47.73,400,None,226.4375
1165.2,0,199.84,2150,PowerBurst,31960.484375
1165.2,1,47.17,400,None,226.5
1165.2,2,46.34,400,None,226.5
1165.2,3,47.14,400,None,226.4375
1170.2,0,199.96,2167,PowerBurst,31960.484375
1170.2,1,47.13,400,None,226.5
1170.2,2,46.18,400,None,226.5
1170.2,3,46.79,400,None,226.4375
1175.2,0,200.14,2133,PowerBurst,31960.484375
1175.2,1,47.45,400,None,226.5
1175.2,2,46.24,400,None,226.5
1175.2,3,47.04,400,None,226.4375
1180.2,0,200.02,2133,PowerBurst,31960.484375
1180.2,1,48.01,400,None,226.5
1180.2,2,46.74,400,None,226.5
1180.2,3,47.67,400,None,226.4375
1185.2,0,200.23,2083,PowerBurst,31960.484375
1185.2,1,47.99,400,None,226.5
1185.2,2,46.97,400,None,226.5
1185.2,3,47.77,400,None,226.4375
1190.2,0,200.00,2100,PowerBurst,31960.484375
1190.2,1,47.88,400,None,226.5
1190.2,2,46.96,400,None,226.5
1190.2,3,47.75,400,None,226.4375
1195.2,0,199.95,2100,PowerBurst,31960.484375
1195.2,1,47.95,400,None,226.5
1195.2,2,46.80,400,None,226.5
1195.2,3,47.50,400,None,226.4375
1200.2,0,200.04,2100,PowerBurst,31960.484375
1200.2,1,48.14,400,None,226.5
1200.2,2,46.82,400,None,226.5
1200.2,3,47.71,400,None,226.4375
1205.2,0,199.63,2150,PowerBurst,31960.484375
1205.2,1,47.74,400,None,226.5
1205.2,2,46.49,400,None,226.5
1205.2,3,47.42,400,None,226.4375
1210.2,0,199.89,2167,PowerBurst,31960.484375
1210.2,1,47.11,400,None,226.5
1210.2,2,46.15,400,None,226.5
1210.2,3,46.73,400,None,226.4375
1215.2,0,200.17,2150,PowerBurst,31960.484375
1215.2,1,47.30,400,None,226.5
1215.2,2,46.31,400,None,226.5
1215.2,3,46.90,400,None,226.4375
1220.2,0,200.03,2133,PowerBurst,31960.484375
1220.2,1,47.81,400,None,226.5
1220.2,2,46.50,400,None,226.5
1220.2,3,47.44,400,None,226.4375
1225.2,0,200.03,2133,PowerBurst,31960.484375
1225.2,1,48.05,400,None,226.5
1225.2,2,46.82,400,None,226.5
1225.2,3,47.75,400,None,226.4375
1230.2,0,199.96,2133,PowerBurst,31960.484375
1230.2,1,47.77,400,None,226.5
1230.2,2,46.95,400,None,226.5
1230.2,3,47.78,400,None,226.4375
1235.2,0,199.97,2133,PowerBurst,31960.484375
1235.2,1,47.89,400,None,226.5
1235.2,2,46.76,400,None,226.5
1235.2,3,47.49,400,None,226.4375
1240.2,0,200.20,2100,PowerBurst,31960.484375
1240.2,1,48.03,400,None,226.5
1240.2,2,46.81,400,None,226.5
1240.2,3,47.58,400,None,226.4375
1245.2,0,200.04,2100,PowerBurst,31960.484375
1245.2,1,48.11,400,None,226.5
1245.2,2,46.82,400,None,226.5
1245.2,3,47.72,400,None,226.4375
1250.2,0,199.93,2100,PowerBurst,31960.484375
1250.2,1,47.24,400,None,226.5
1250.2,2,46.45,400,None,226.5
1250.2,3,46.99,400,None,226.4375
1255.2,0,200.00,2100,PowerBurst,31960.484375
1255.2,1,47.36,400,None,226.5
1255.2,2,46.22,400,None,226.5
1255.2,3,46.97,400,None,226.4375
1260.2,0,199.88,2133,PowerBurst,31960.484375
1260.2,1,47.66,400,None,226.5
1260.2,2,46.40,400,None,226.5
1260.2,3,47.30,400,None,226.4375
1265.2,0,199.91,2150,PowerBurst,31960.484375
1265.2,1,48.16,400,None,226.5
1265.2,2,46.86,400,None,226.5
1265.2,3,47.80,400,None,226.4375
1270.2,0,200.03,2133,PowerBurst,31960.484375
1270.2,1,47.99,400,None,226.5
1270.2,2,46.92,400,None,226.5
1270.2,3,47.69,400,None,226.4375
1275.2,0,199.93,2150,PowerBurst,31960.484375
1275.2,1,47.83,400,None,226.5
1275.2,2,46.74,400,None,226.5
1275.2,3,47.46,400,None,226.4375
1280.2,0,200.01,2133,PowerBurst,31960.484375
1280.2,1,47.98,400,None,226.5
1280.2,2,46.81,400,None,226.5
1280.2,3,47.55,400,None,226.4375
1285.2,0,199.98,2133,PowerBurst,31960.484375
1285.2,1,48.12,400,None,226.5
1285.2,2,46.85,400,None,226.5
1285.2,3,47.78,400,None,226.4375
1290.2,0,200.05,2133,PowerBurst,31960.484375
1290.2,1,47.35,400,None,226.5
1290.2,2,46.43,400,None,226.5
1290.2,3,47.40,400,None,226.4375
1295.2,0,200.16,2100,PowerBurst,31960.484375
1295.2,1,47.32,400,None,226.5
1295.2,2,46.16,400,None,226.5
1295.2,3,46.95,400,None,226.4375
1300.2,0,200.04,2083,PowerBurst,31960.484375
1300.2,1,47.49,400,None,226.5
1300.2,2,46.37,400,None,226.5
1300.2,3,47.16,400,None,226.4375
1305.2,0,199.97,2100,PowerBurst,31960.484375
1305.2,1,48.02,400,None,226.5
1305.2,2,46.75,400,None,226.5
1305.2,3,47.64,400,None,226.4375
1310.2,0,199.71,2150,PowerBurst,31960.484375
1310.2,1,48.02,400,None,226.5
1310.2,2,46.93,400,None,226.5
1310.2,3,47.79,400,None,226.4375
1315.2,0,199.93,2150,PowerBurst,31960.484375
1315.2,1,47.87,400,None,226.5
1315.2,2,46.97,400,None,226.5
1315.2,3,47.46,400,None,226.4375
1320.2,0,200.17,2133,PowerBurst,31960.484375
1320.2,1,47.90,400,None,226.5
1320.2,2,46.79,400,None,226.5
1320.2,3,47.47,400,None,226.4375
1325.2,0,200.14,2100,PowerBurst,31960.484375
1325.2,1,48.19,400,None,226.5
1325.2,2,46.92,400,None,226.5
1325.2,3,47.81,400,None,226.4375
1330.2,0,199.73,2150,PowerBurst,31960.484375
1330.2,1,48.01,400,None,226.5
1330.2,2,46.69,400,None,226.5
1330.2,3,47.68,400,None,226.4375
1335.2,0,200.03,2150,PowerBurst,31960.484375
1335.2,1,47.14,400,None,226.5
1335.2,2,46.03,400,None,226.5
1335.2,3,46.79,400,None,226.4375
1340.2,0,199.94,2150,PowerBurst,31960.484375
1340.2,1,47.22,400,None,226.5
1340.2,2,46.24,400,None,226.5
1340.2,3,46.81,400,None,226.4375
1345.2,0,200.04,2150,PowerBurst,31960.484375
1345.2,1,47.71,400,None,226.5
1345.2,2,46.49,400,None,226.5
1345.2,3,47.33,400,None,226.4375
1350.2,0,200.25,2100,PowerBurst,31960.484375
1350.2,1,48.06,400,None,226.5
1350.2,2,46.90,400,None,226.5
1350.2,3,47.84,400,None,226.4375
1355.2,0,200.02,2100,PowerBurst,31960.484375
1355.2,1,47.83,400,None,226.5
1355.2,2,46.97,400,None,226.5
1355.2,3,47.74,400,None,226.4375
1360.2,0,199.97,2100,PowerBurst,31960.484375
1360.2,1,47.98,400,None,226.5
1360.2,2,46.81,400,None,226.5
1360.2,3,47.58,400,None,226.4375
1365.2,0,199.96,2100,PowerBurst,31960.484375
1365.2,1,48.07,400,None,226.5
1365.2,2,46.83,400,None,226.5
1365.2,3,47.66,400,None,226.4375
1370.2,0,200.11,2083,PowerBurst,31960.484375
1370.2,1,48.25,400,None,226.5
1370.2,2,46.96,400,None,226.5
1370.2,3,47.87,400,None,226.4375
1375.2,0,199.99,2083,PowerBurst,31960.484375
1375.2,1,47.29,400,None,226.5
1375.2,2,46.40,400,None,226.5
1375.2,3,46.97,400,None,226.4375
1380.2,0,199.72,2133,PowerBurst,31960.484375
1380.2,1,47.20,400,None,226.5
1380.2,2,46.17,400,None,226.5
1380.2,3,46.85,400,None,226.4375
1385.2,0,199.99,2133,PowerBurst,31960.484375
1385.2,1,47.45,400,None,226.5
1385.2,2,46.35,400,None,226.5
1385.2,3,47.02,400,None,226.4375
1390.2,0,199.91,2150,PowerBurst,31960.484375
1390.2,1,48.03,400,None,226.5
1390.2,2,46.72,400,None,226.5
1390.2,3,47.64,400,None,226.4375
1395.2,0,200.37,2083,PowerBurst,31960.484375
1395.2,1,47.73,400,None,226.5
1395.2,2,46.83,400,None,226.5
1395.2,3,47.73,400,None,226.4375
1400.2,0,199.67,2133,PowerBurst,31960.484375
1400.2,1,47.92,400,None,226.5
1400.2,2,46.73,400,None,226.5
1400.2,3,47.50,400,None,226.4375
1405.2,0,200.12,2083,PowerBurst,31960.484375
1405.2,1,48.02,400,None,226.5
1405.2,2,46.84,400,None,226.5
1405.2,3,47.63,400,None,226.4375
1410.2,0,199.98,2100,PowerBurst,31960.484375
1410.2,1,48.16,400,None,226.5
1410.2,2,46.99,400,None,226.5
1410.2,3,47.82,400,None,226.4375
1415.2,0,200.04,2100,PowerBurst,31960.484375
1415.2,1,47.70,400,None,226.5
1415.2,2,46.73,400,None,226.5
1415.2,3,47.65,400,None,226.4375
1420.2,0,200.01,2083,PowerBurst,31960.484375
1420.2,1,47.32,400,None,226.5
1420.2,2,46.13,400,None,226.5
1420.2,3,46.92,400,None,226.4375
1425.2,0,199.31,2217,PowerBurst,31960.734375
1425.2,1,47.45,400,None,226.5
1425.2,2,46.31,400,None,226.5
1425.2,3,47.05,400,None,226.4375
1430.2,0,101.56,2400,None,31960.734375
1430.2,1,47.52,400,None,226.5
1430.2,2,46.56,400,None,226.5
1430.2,3,47.03,400,None,226.4375
1435.2,0,60.39,2400,None,31960.734375
1435.2,1,47.86,400,None,226.5
1435.2,2,46.72,400,None,226.5
1435.2,3,47.67,400,None,226.4375
1440.2,0,71.80,2133,PowerBurst,31960.734375
1440.2,1,47.56,400,None,226.5
1440.2,2,46.68,400,None,226.5
1440.2,3,47.33,400,None,226.4375
1445.2,0,152.04,2400,None,31960.734375
1445.2,1,47.98,400,None,226.5
1445.2,2,46.86,400,None,226.5
1445.2,3,47.61,400,None,226.4375
1450.2,0,147.49,2400,None,31960.734375
1450.2,1,48.04,400,None,226.5
1450.2,2,46.90,400,None,226.5
1450.2,3,47.64,400,None,226.4375
1455.2,0,147.89,2400,None,31960.734375
1455.2,1,47.86,400,None,226.5
1455.2,2,46.99,400,None,226.5
1455.2,3,47.80,400,None,226.4375
1460.2,0,156.88,2400,None,31960.734375
1460.2,1,47.36,400,None,226.5
1460.2,2,46.20,400,None,226.5
1460.2,3,47.06,400,None,226.4375
1465.2,0,148.04,2400,None,31960.734375
1465.2,1,47.29,400,None,226.5
1465.2,2,46.26,400,None,226.5
1465.2,3,46.95,400,None,226.4375
1470.2,0,148.04,2400,None,31960.734375
1470.2,1,47.50,400,None,226.5
1470.2,2,46.43,400,None,226.5
1470.2,3,47.10,400,None,226.4375
1475.2,0,157.56,2400,None,31960.734375
1475.2,1,47.98,400,None,226.5
1475.2,2,46.90,400,None,226.5
1475.2,3,47.72,400,None,226.4375
1480.2,0,149.28,2400,None,31960.734375
1480.2,1,47.82,400,None,226.5
1480.2,2,46.92,400,None,226.5
1480.2,3,47.77,400,None,226.4375
1485.2,0,148.94,2400,None,31960.734375
1485.2,1,47.91,400,None,226.5
1485.2,2,46.77,400,None,226.5
1485.2,3,47.52,400,None,226.4375
1490.2,0,149.11,2400,None,31960.734375
1490.2,1,48.02,400,None,226.5
1490.2,2,46.89,400,None,226.5
1490.2,3,47.58,400,None,226.4375
1495.2,0,158.18,2400,None,31960.734375
1495.2,1,48.05,400,None,226.5
1495.2,2,47.03,400,None,226.5
1495.2,3,47.80,400,None,226.4375
1500.2,0,149.09,2400,None,31960.734375
1500.2,1,47.53,400,None,226.5
1500.2,2,46.42,400,None,226.5
1500.2,3,47.21,400,None,226.4375
1505.2,0,148.96,2400,None,31960.734375
1505.2,1,47.24,400,None,226.5
1505.2,2,46.13,400,None,226.5
1505.2,3,46.84,400,None,226.4375
1510.2,0,157.88,2400,None,31960.734375
1510.2,1,47.40,400,None,226.5
1510.2,2,46.33,400,None,226.5
1510.2,3,46.95,400,None,226.4375
1515.2,0,148.88,2400,None,31960.734375
1515.2,1,47.84,400,None,226.5
1515.2,2,46.75,400,None,226.5
1515.2,3,47.48,400,None,226.4375
1520.2,0,149.16,2400,None,31960.734375
1520.2,1,47.74,400,None,226.5
1520.2,2,46.90,400,None,226.5
1520.2,3,47.70,400,None,226.4375
1525.2,0,151.45,2233,PowerBurst,31960.734375
1525.2,1,47.82,400,None,226.5
1525.2,2,46.65,400,None,226.5
1525.2,3,47.40,400,None,226.4375
1530.2,0,155.84,2400,None,31960.734375
1530.2,1,48.01,400,None,226.5
1530.2,2,46.86,400,None,226.5
1530.2,3,47.55,400,None,226.4375
1535.2,0,148.71,2400,None,31960.734375
1535.2,1,47.99,400,None,226.5
1535.2,2,46.94,400,None,226.5
1535.2,3,47.62,400,None,226.4375
1540.2,0,148.97,2400,None,31960.734375
1540.2,1,47.88,400,None,226.5
1540.2,2,46.99,400,None,226.5
1540.2,3,47.80,400,None,226.4375
1545.2,0,158.22,2400,None,31960.734375
1545.2,1,47.25,400,None,226.5
1545.2,2,46.11,400,None,226.5
1545.2,3,46.85,400,None,226.4375
1550.2,0,149.31,2400,None,31960.734375
1550.2,1,47.35,400,None,226.5
1550.2,2,46.24,400,None,226.5
1550.2,3,46.93,400,None,226.4375
1555.2,0,148.91,2400,None,31960.734375
1555.2,1,47.54,400,None,226.5
1555.2,2,46.47,400,None,226.5
1555.2,3,47.15,400,None,226.4375
1560.2,0,153.34,2150,PowerBurst,31960.734375
1560.2,1,48.05,400,None,226.5
1560.2,2,46.99,400,None,226.5
1560.2,3,47.69,400,None,226.4375
1565.2,0,153.90,2400,None,31960.734375
1565.2,1,47.83,400,None,226.5
1565.2,2,46.69,400,None,226.5
1565.2,3,47.42,400,None,226.4375
1570.2,0,149.15,2400,None,31960.734375
1570.2,1,48.01,400,None,226.5
1570.2,2,46.81,400,None,226.5
1570.2,3,47.54,400,None,226.4375
1575.2,0,148.95,2400,None,31960.734375
1575.2,1,48.07,400,None,226.5
1575.2,2,46.92,400,None,226.5
1575.2,3,47.57,400,None,226.4375
1580.2,0,158.20,2400,None,31960.734375
1580.2,1,47.82,400,None,226.5
1580.2,2,47.04,400,None,226.5
1580.2,3,47.79,400,None,226.4375
1585.2,0,149.20,2400,None,31960.734375
1585.2,1,47.54,400,None,226.5
1585.2,2,46.40,400,None,226.5
1585.2,3,47.15,400,None,226.4375
1590.2,0,149.16,2400,None,31960.734375
1590.2,1,47.32,400,None,226.5
1590.2,2,46.17,400,None,226.5
1590.2,3,46.90,400,None,226.4375
1595.2,0,158.09,2400,None,31960.734375
1595.2,1,47.47,400,None,226.5
1595.2,2,46.36,400,None,226.5
1595.2,3,46.98,400,None,226.4375
1600.2,0,148.62,2400,None,31960.734375
1600.2,1,47.83,400,None,226.5
1600.2,2,46.86,400,None,226.5
1600.2,3,47.56,400,None,226.4375
1605.2,0,148.14,2400,None,31960.734375
1605.2,1,47.80,400,None,226.5
1605.2,2,46.91,400,None,226.5
1605.2,3,47.71,400,None,226.4375
1610.2,0,148.64,2400,None,31960.734375
1610.2,1,47.87,400,None,226.5
1610.2,2,46.69,400,None,226.5
1610.2,3,47.43,400,None,226.4375
1615.2,0,158.21,2400,None,31960.734375
1615.2,1,48.09,400,None,226.5
1615.2,2,46.87,400,None,226.5
1615.2,3,47.56,400,None,226.4375
1620.2,0,148.90,2400,None,31960.734375
1620.2,1,48.04,400,None,226.5
1620.2,2,46.95,400,None,226.5
1620.2,3,47.61,400,None,226.4375
1625.2,0,148.86,2400,None,31960.734375
1625.2,1,47.85,400,None,226.5
1625.2,2,46.71,400,None,226.5
1625.2,3,47.44,400,None,226.4375
1630.2,0,158.17,2400,None,31960.734375
1630.2,1,47.30,400,None,226.5
1630.2,2,46.16,400,None,226.5
1630.2,3,46.87,400,None,226.4375
1635.2,0,148.85,2400,None,31960.734375
1635.2,1,47.43,400,None,226.5
1635.2,2,46.26,400,None,226.5
1635.2,3,46.93,400,None,226.4375
1640.2,0,148.83,2400,None,31960.734375
1640.2,1,47.61,400,None,226.5
1640.2,2,46.53,400,None,226.5
1640.2,3,47.18,400,None,226.4375
1645.2,0,148.83,2400,None,31960.734375
1645.2,1,47.80,400,None,226.5
1645.2,2,46.94,400,None,226.5
1645.2,3,47.73,400,None,226.4375
1650.2,0,158.35,2400,None,31960.734375
1650.2,1,47.89,400,None,226.5
1650.2,2,46.68,400,None,226.5
1650.2,3,47.45,400,None,226.4375
1655.2,0,149.03,2400,None,31960.734375
1655.2,1,48.03,400,None,226.5
1655.2,2,46.84,400,None,226.5
1655.2,3,47.56,400,None,226.4375
1660.2,0,148.80,2400,None,31960.734375
1660.2,1,48.00,400,None,226.5
1660.2,2,46.95,400,None,226.5
1660.2,3,47.60,400,None,226.4375
1665.2,0,158.14,2400,None,31960.734375
1665.2,1,47.87,400,None,226.5
1665.2,2,47.09,400,None,226.5
1665.2,3,47.78,400,None,226.4375
1670.2,0,148.90,2400,None,31960.734375
1670.2,1,47.47,400,None,226.5
1670.2,2,46.35,400,None,226.5
1670.2,3,47.10,400,None,226.4375
1675.2,0,148.68,2400,None,31960.734375
1675.2,1,47.36,400,None,226.5
1675.2,2,46.20,400,None,226.5
1675.2,3,46.90,400,None,226.4375
1680.2,0,153.26,2150,PowerBurst,31960.734375
1680.2,1,47.53,400,None,226.5
1680.2,2,46.41,400,None,226.5
1680.2,3,47.01,400,None,226.4375
1685.2,0,154.20,2400,None,31960.734375
1685.2,1,47.93,400,None,226.5
1685.2,2,46.92,400,None,226.5
1685.2,3,47.55,400,None,226.4375
1690.2,0,149.08,2400,None,31960.734375
1690.2,1,47.87,400,None,226.5
1690.2,2,46.70,400,None,226.5
1690.2,3,47.42,400,None,226.4375
1695.2,0,149.04,2400,None,31960.734375
1695.2,1,47.91,400,None,226.5
1695.2,2,46.71,400,None,226.5
1695.2,3,47.44,400,None,226.4375
1700.2,0,158.39,2400,None,31960.734375
1700.2,1,48.15,400,None,226.5
1700.2,2,46.93,400,None,226.5
1700.2,3,47.63,400,None,226.4375
1705.2,0,149.00,2400,None,31960.734375
1705.2,1,47.82,400,None,226.5
1705.2,2,46.94,400,None,226.5
1705.2,3,47.65,400,None,226.4375
1710.2,0,149.06,2400,None,31960.734375
1710.2,1,47.80,400,None,226.5
1710.2,2,46.69,400,None,226.5
1710.2,3,47.39,400,None,226.4375
1715.2,0,149.02,2400,None,31960.734375
1715.2,1,47.30,400,None,226.5
1715.2,2,46.19,400,None,226.5
1715.3,3,46.85,400,None,226.4375
1720.2,0,158.04,2400,None,31960.734375
1720.2,1,47.64,400,None,226.5
1720.3,2,46.41,400,None,226.5
1720.3,3,47.15,400,None,226.4375
1725.3,0,149.01,2400,None,31960.734375
1725.3,1,47.62,400,None,226.5
1725.3,2,46.59,400,None,226.5
1725.3,3,47.29,400,None,226.4375
1730.3,0,148.82,2400,None,31960.734375
1730.3,1,47.83,400,None,226.5
1730.3,2,46.99,400,None,226.5
1730.3,3,47.74,400,None,226.4375
1735.3,0,107.24,2400,None,31960.734375
1735.3,1,47.65,400,None,226.5
1735.3,2,46.62,400,None,226.5
1735.3,3,47.11,400,None,226.4375
1740.3,0,60.27,2400,None,31960.734375
1740.3,1,47.84,400,None,226.5
1740.3,2,46.73,400,None,226.5
1740.3,3,47.33,400,None,226.4375
1745.3,0,59.81,2400,None,31960.734375
1745.3,1,47.98,400,None,226.5
1745.3,2,46.83,400,None,226.5
1745.3,3,47.45,400,None,226.4375
1750.3,0,150.93,2400,None,31960.734375
1750.3,1,47.91,400,None,226.5
1750.3,2,46.90,400,None,226.5
1750.3,3,47.57,400,None,226.4375
1755.3,0,148.16,2400,None,31960.734375
1755.3,1,47.47,400,None,226.5
1755.3,2,46.33,400,None,226.5
1755.3,3,47.04,400,None,226.4375
1760.3,0,148.46,2400,None,31960.734375
1760.3,1,47.38,400,None,226.5
1760.3,2,46.23,400,None,226.5
1760.3,3,46.91,400,None,226.4375
1765.3,0,176.97,2000,PowerBurst,31960.734375
1765.3,1,47.39,400,None,226.5
1765.3,2,46.32,400,None,226.5
1765.3,3,46.86,400,None,226.4375
1770.3,0,195.31,2400,None,31960.734375
1770.3,1,47.72,400,None,226.5
1770.3,2,46.88,400,None,226.5
1770.3,3,47.65,400,None,226.4375
1775.3,0,189.53,2400,None,31960.734375
1775.3,1,47.88,400,None,226.5
1775.3,2,46.72,400,None,226.5
1775.3,3,47.46,400,None,226.4375
1780.3,0,190.02,2400,None,31960.734375
1780.3,1,48.00,400,None,226.5
1780.3,2,46.75,400,None,226.5
1780.3,3,47.47,400,None,226.4375
1785.3,0,192.61,2383,PowerBurst,31960.734375
1785.3,1,48.09,400,None,226.5
1785.3,2,46.91,400,None,226.5
1785.3,3,47.66,400,None,226.4375
1790.3,0,201.55,2083,PowerBurst,31960.734375
1790.3,1,47.87,400,None,226.5
1790.3,2,46.97,400,None,226.5
1790.3,3,47.62,400,None,226.4375
1795.3,0,192.14,2400,None,31960.734375
1795.3,1,47.74,400,None,226.5
1795.3,2,46.63,400,None,226.5
1795.3,3,47.40,400,None,226.4375
1800.3,0,190.16,2400,None,31960.734375
1800.3,1,47.37,400,None,226.5
1800.3,2,46.18,400,None,226.5
1800.3,3,46.93,400,None,226.4375
1805.3,0,189.48,2400,None,31960.734375
1805.3,1,47.56,400,None,226.5
1805.3,2,46.28,400,None,226.5
1805.3,3,47.06,400,None,226.4375
1810.3,0,198.94,2233,PowerBurst,31960.734375
1810.3,1,47.68,400,None,226.5
1810.3,2,46.64,400,None,226.5
1810.3,3,47.27,400,None,226.4375
1815.3,0,198.47,2200,PowerBurst,31960.734375
1815.3,1,47.93,400,None,226.5
1815.3,2,46.74,400,None,226.5
1815.3,3,47.52,400,None,226.4375
1820.3,0,189.82,2400,None,31960.734375
1820.3,1,47.92,400,None,226.5
1820.3,2,46.69,400,None,226.5
1820.3,3,47.53,400,None,226.4375
1825.3,0,188.92,2400,None,31960.734375
1825.3,1,48.09,400,None,226.5
1825.3,2,46.86,400,None,226.5
1825.3,3,47.66,400,None,226.4375
1830.3,0,193.82,2383,PowerBurst,31960.734375
1830.3,1,47.86,400,None,226.5
1830.3,2,46.93,400,None,226.5
1830.3,3,47.69,400,None,226.4375
1835.3,0,200.86,2100,PowerBurst,31960.734375
1835.3,1,47.91,400,None,226.5
1835.3,2,46.86,400,None,226.5
1835.3,3,47.61,400,None,226.4375
1840.3,0,192.06,2400,None,31960.734375
1840.3,1,47.41,400,None,226.5
1840.3,2,46.22,400,None,226.5
1840.3,3,47.04,400,None,226.4375
1845.3,0,190.06,2400,None,31960.734375
1845.3,1,47.49,400,None,226.5
1845.3,2,46.23,400,None,226.5
1845.3,3,47.06,400,None,226.4375
1850.3,0,191.25,2283,PowerBurst,31960.734375
1850.3,1,47.47,400,None,226.5
1850.3,2,46.40,400,None,226.5
1850.3,3,47.17,400,None,226.4375
1855.3,0,199.84,2100,PowerBurst,31960.734375
1855.3,1,47.78,400,None,226.5
1855.3,2,46.98,400,None,226.5
1855.3,3,47.43,400,None,226.4375
1860.3,0,196.07,2400,None,31960.734375
1860.3,1,47.98,400,None,226.5
1860.3,2,46.77,400,None,226.5
1860.3,3,47.56,400,None,226.4375
1865.3,0,190.50,2400,None,31960.734375
1865.3,1,48.05,400,None,226.5
1865.3,2,46.75,400,None,226.5
1865.3,3,47.60,400,None,226.4375
1870.3,0,190.06,2400,None,31960.734375
1870.3,1,48.12,400,None,226.5
1870.3,2,46.93,400,None,226.5
1870.3,3,47.61,400,None,226.4375
1875.3,0,196.65,2167,PowerBurst,31960.734375
1875.3,1,47.89,400,None,226.5
1875.3,2,46.73,400,None,226.5
1875.3,3,47.48,400,None,226.4375
1880.3,0,198.09,2400,None,31960.734375
1880.3,1,47.66,400,None,226.5
1880.3,2,46.57,400,None,226.5
1880.3,3,47.32,400,None,226.4375
1885.3,0,193.20,2400,None,31960.734375
1885.3,1,47.41,400,None,226.5
1885.3,2,46.20,400,None,226.5
1885.3,3,46.98,400,None,226.4375
1890.3,0,191.96,2400,None,31960.734375
1890.3,1,47.36,400,None,226.5
1890.3,2,46.32,400,None,226.5
1890.3,3,47.17,400,None,226.4375
1895.3,0,193.81,2400,None,31960.734375
1895.3,1,47.60,400,None,226.5
1895.3,2,46.66,400,None,226.5
1895.3,3,47.44,400,None,226.4375
1900.3,0,198.60,2400,None,31960.734375
1900.3,1,47.90,400,None,226.5
1900.3,2,46.83,400,None,226.5
1900.3,3,47.58,400,None,226.4375
1905.3,0,197.02,2400,None,31960.734375
1905.3,1,48.02,400,None,226.5
1905.3,2,46.76,400,None,226.5
1905.3,3,47.59,400,None,226.4375
1910.3,0,189.83,2400,None,31960.734375
1910.3,1,48.04,400,None,226.5
1910.3,2,46.92,400,None,226.5
1910.3,3,47.76,400,None,226.4375
1915.3,0,190.16,2400,None,31960.734375
1915.3,1,47.91,400,None,226.5
1915.3,2,46.93,400,None,226.5
1915.3,3,47.43,400,None,226.4375
1920.3,0,198.08,2117,PowerBurst,31960.734375
1920.3,1,47.99,400,None,226.5
1920.3,2,46.92,400,None,226.5
1920.3,3,47.76,400,None,226.4375
1925.3,0,197.11,2100,PowerBurst,31960.734375
1925.3,1,47.34,400,None,226.5
1925.3,2,46.19,400,None,226.5
1925.3,3,47.02,400,None,226.4375
1930.3,0,191.16,2400,None,31960.734375
1930.3,1,47.40,400,None,226.5
1930.3,2,46.32,400,None,226.5
1930.3,3,47.16,400,None,226.4375
1935.3,0,189.68,2400,None,31960.734375
1935.3,1,47.45,400,None,226.5
1935.3,2,46.33,400,None,226.5
1935.3,3,47.20,400,None,226.4375
1940.3,0,186.54,2400,None,31960.734375
1940.3,1,47.95,400,None,226.5
1940.3,2,46.79,400,None,226.5
1940.3,3,47.60,400,None,226.4375
1945.3,0,104.27,2400,None,31960.734375
1945.3,1,47.69,400,None,226.5
1945.3,2,46.74,400,None,226.5
1945.3,3,47.24,400,None,226.4375
1950.3,0,60.13,2400,None,31960.734375
1950.3,1,47.85,400,None,226.5
1950.3,2,46.72,400,None,226.5
1950.3,3,47.50,400,None,226.4375
1955.3,0,59.59,2400,None,31960.734375
1955.3,1,47.70,400,None,226.5
1955.3,2,46.77,400,None,226.5
1955.3,3,47.57,400,None,226.4375
1960.3,0,142.89,2400,None,31960.734375
1960.3,1,47.91,400,None,226.5
1960.3,2,46.89,400,None,226.5
1960.3,3,47.59,400,None,226.4375
1965.3,0,148.27,2400,None,31960.734375
1965.3,1,47.62,400,None,226.5
1965.3,2,46.57,400,None,226.5
1965.3,3,47.30,400,None,226.4375
1970.3,0,148.47,2400,None,31960.734375
1970.3,1,47.48,400,None,226.5
1970.3,2,46.28,400,None,226.5
1970.3,3,47.00,400,None,226.4375
1975.3,0,172.47,2017,PowerBurst,31960.734375
1975.3,1,47.31,400,None,226.5
1975.3,2,46.30,400,None,226.5
1975.3,3,46.89,400,None,226.4375
1980.3,0,199.94,2017,PowerBurst,31960.734375
1980.3,1,47.58,400,None,226.5
1980.3,2,46.70,400,None,226.5
1980.3,3,47.19,400,None,226.4375
1985.3,0,199.72,2067,PowerBurst,31960.734375
1985.3,1,47.89,400,None,226.5
1985.3,2,46.87,400,None,226.5
1985.3,3,47.58,400,None,226.4375
1990.3,0,199.94,2083,PowerBurst,31960.734375
1990.3,1,48.09,400,None,226.5
1990.3,2,46.79,400,None,226.5
1990.3,3,47.58,400,None,226.4375
1995.3,0,199.99,2083,PowerBurst,31960.734375
1995.3,1,47.77,400,None,226.5
1995.3,2,46.83,400,None,226.5
1995.3,3,47.67,400,None,226.4375
2000.3,0,199.95,2083,PowerBurst,31960.734375
2000.3,1,47.98,400,None,226.5
2000.3,2,46.65,400,None,226.5
2000.3,3,47.48,400,None,226.4375
2005.3,0,200.17,2067,PowerBurst,31960.734375
2005.3,1,47.92,400,None,226.5
2005.3,2,46.83,400,None,226.5
2005.3,3,47.53,400,None,226.4375
2010.3,0,199.68,2117,PowerBurst,31960.734375
2010.3,1,47.30,400,None,226.5
2010.3,2,46.23,400,None,226.5
2010.3,3,46.88,400,None,226.4375
2015.3,0,200.05,2100,PowerBurst,31960.734375
2015.3,1,47.24,400,None,226.5
2015.3,2,46.25,400,None,226.5
2015.3,3,47.01,400,None,226.4375
2020.3,0,200.04,2083,PowerBurst,31960.734375
2020.3,1,47.51,400,None,226.5
2020.3,2,46.38,400,None,226.5
2020.3,3,47.26,400,None,226.4375
2025.3,0,200.00,2083,PowerBurst,31960.734375
2025.3,1,47.94,400,None,226.5
2025.3,2,46.79,400,None,226.5
2025.3,3,47.62,400,None,226.4375
2030.3,0,199.97,2083,PowerBurst,31960.734375
2030.3,1,48.07,400,None,226.5
2030.3,2,46.82,400,None,226.5
2030.3,3,47.62,400,None,226.4375
2035.3,0,199.94,2117,PowerBurst,31960.734375
2035.3,1,48.03,400,None,226.5
2035.3,2,46.82,400,None,226.5
2035.3,3,47.65,400,None,226.4375
2040.3,0,200.31,2050,PowerBurst,31960.734375
2040.3,1,47.89,400,None,226.5
2040.3,2,46.86,400,None,226.5
2040.3,3,47.36,400,None,226.4375
2045.3,0,199.70,2100,PowerBurst,31960.734375
2045.3,1,47.88,400,None,226.5
2045.3,2,46.80,400,None,226.5
2045.3,3,47.55,400,None,226.4375
2050.3,0,200.03,2083,PowerBurst,31960.734375
2050.3,1,47.57,400,None,226.5
2050.3,2,46.51,400,None,226.5
2050.3,3,47.25,400,None,226.4375
2055.3,0,200.03,2083,PowerBurst,31960.734375
2055.3,1,47.55,400,None,226.5
2055.3,2,46.22,400,None,226.5
2055.3,3,47.12,400,None,226.4375
2060.3,0,200.02,2083,PowerBurst,31960.734375
2060.3,1,47.43,400,None,226.5
2060.3,2,46.16,400,None,226.5
2060.3,3,47.04,400,None,226.4375
2065.3,0,199.89,2117,PowerBurst,31960.734375
2065.3,1,47.71,400,None,226.5
2065.3,2,46.56,400,None,226.5
2065.3,3,47.44,400,None,226.4375
2070.3,0,200.01,2100,PowerBurst,31960.734375
2070.3,1,47.96,400,None,226.5
2070.3,2,46.88,400,None,226.5
2070.3,3,47.65,400,None,226.4375
2075.3,0,200.18,2067,PowerBurst,31960.734375
2075.3,1,47.98,400,None,226.5
2075.3,2,46.85,400,None,226.5
2075.3,3,47.59,400,None,226.4375
2080.3,0,199.81,2100,PowerBurst,31960.734375
2080.3,1,47.80,400,None,226.5
2080.3,2,46.85,400,None,226.5
2080.3,3,47.71,400,None,226.4375
2085.3,0,200.00,2083,PowerBurst,31960.734375
2085.3,1,47.92,400,None,226.5
2085.3,2,46.66,400,None,226.5
2085.3,3,47.55,400,None,226.4375
2090.3,0,200.01,2083,PowerBurst,31960.734375
2090.3,1,47.80,400,None,226.5
2090.3,2,46.79,400,None,226.5
2090.3,3,47.53,400,None,226.4375
2095.3,0,200.06,2083,PowerBurst,31960.734375
2095.3,1,47.48,400,None,226.5
2095.3,2,46.32,400,None,226.5
2095.3,3,47.08,400,None,226.4375
2100.3,0,200.10,2050,PowerBurst,31960.734375
2100.3,1,47.25,400,None,226.5
2100.3,2,46.28,400,None,226.5
2100.3,3,46.89,400,None,226.4375
2105.3,0,199.84,2100,PowerBurst,31960.734375
2105.3,1,47.52,400,None,226.5
2105.3,2,46.41,400,None,226.5
2105.3,3,47.21,400,None,226.4375
2110.3,0,199.96,2100,PowerBurst,31960.734375
2110.3,1,47.90,400,None,226.5
2110.3,2,46.79,400,None,226.5
2110.3,3,47.64,400,None,226.4375
2115.3,0,200.03,2083,PowerBurst,31960.734375
2115.3,1,48.13,400,None,226.5
2115.3,2,46.93,400,None,226.5
2115.3,3,47.72,400,None,226.4375
2120.3,0,200.01,2083,PowerBurst,31960.734375
2120.3,1,47.79,400,None,226.5
2120.3,2,46.76,400,None,226.5
2120.3,3,47.68,400,None,226.4375
2125.3,0,200.02,2083,PowerBurst,31960.734375
2125.3,1,47.93,400,None,226.5
2125.3,2,46.61,400,None,226.5
2125.3,3,47.52,400,None,226.4375
2130.3,0,199.79,2117,PowerBurst,31960.734375
2130.3,1,48.02,400,None,226.5
2130.3,2,46.83,400,None,226.5
2130.3,3,47.71,400,None,226.4375
2135.3,0,200.20,2083,PowerBurst,31960.734375
2135.3,1,47.49,400,None,226.5
2135.3,2,46.43,400,None,226.5
2135.3,3,47.18,400,None,226.4375
2140.3,0,199.92,2100,PowerBurst,31960.734375
2140.3,1,47.16,400,None,226.5
2140.3,2,46.26,400,None,226.5
2140.3,3,47.05,400,None,226.4375
2145.3,0,200.00,2083,PowerBurst,31960.734375
2145.3,1,47.42,400,None,226.5
2145.3,2,46.18,400,None,226.5
2145.3,3,47.05,400,None,226.4375
2150.3,0,200.01,2083,PowerBurst,31960.734375
2150.3,1,47.86,400,None,226.5
2150.3,2,46.68,400,None,226.5
2150.3,3,47.60,400,None,226.4375
2155.3,0,199.94,2083,PowerBurst,31960.734375
2155.3,1,47.99,400,None,226.5
2155.3,2,46.89,400,None,226.5
2155.3,3,47.73,400,None,226.4375
2160.3,0,199.80,2117,PowerBurst,31960.734375
2160.3,1,48.06,400,None,226.5
2160.3,2,46.88,400,None,226.5
2160.3,3,47.59,400,None,226.4375
2165.3,0,200.17,2100,PowerBurst,31960.734375
2165.3,1,47.85,400,None,226.5
2165.3,2,46.65,400,None,226.5
2165.3,3,47.45,400,None,226.4375
2170.3,0,199.99,2100,PowerBurst,31960.734375
2170.3,1,47.89,400,None,226.5
2170.3,2,46.68,400,None,226.5
2170.3,3,47.54,400,None,226.4375
2175.3,0,199.99,2100,PowerBurst,31960.734375
2175.3,1,47.71,400,None,226.5
2175.3,2,46.70,400,None,226.5
2175.3,3,47.43,400,None,226.4375
2180.3,0,200.08,2083,PowerBurst,31960.734375
2180.3,1,47.25,400,None,226.5
2180.3,2,46.33,400,None,226.5
2180.3,3,47.10,400,None,226.4375
2185.3,0,199.89,2100,PowerBurst,31960.734375
2185.3,1,47.35,400,None,226.5
2185.3,2,46.11,400,None,226.5
2185.3,3,46.97,400,None,226.4375
2190.3,0,200.02,2083,PowerBurst,31960.734375
2190.3,1,47.65,400,None,226.5
2190.3,2,46.39,400,None,226.5
2190.3,3,47.35,400,None,226.4375
2195.3,0,199.83,2117,PowerBurst,31960.734375
2195.3,1,47.99,400,None,226.5
2195.3,2,46.88,400,None,226.5
2195.3,3,47.70,400,None,226.4375
2200.3,0,200.14,2100,PowerBurst,31960.734375
2200.3,1,48.09,400,None,226.5
2200.3,2,46.98,400,None,226.5
2200.3,3,47.77,400,None,226.4375
2205.3,0,199.95,2100,PowerBurst,31960.734375
2205.3,1,47.85,400,None,226.5
2205.3,2,46.85,400,None,226.5
2205.3,3,47.69,400,None,226.4375
2210.3,0,200.12,2083,PowerBurst,31960.734375
2210.3,1,47.96,400,None,226.5
2210.3,2,46.63,400,None,226.5
2210.3,3,47.52,400,None,226.4375
2215.3,0,199.95,2083,PowerBurst,31960.734375
2215.3,1,47.99,400,None,226.5
2215.3,2,46.80,400,None,226.5
2215.3,3,47.72,400,None,226.4375
2220.3,0,199.99,2083,PowerBurst,31960.734375
2220.3,1,47.55,400,None,226.5
2220.3,2,46.38,400,None,226.5
2220.3,3,47.21,400,None,226.4375
2225.3,0,195.08,2400,None,31960.734375
2225.3,1,47.28,400,None,226.5
2225.3,2,46.15,400,None,226.5
2225.3,3,46.87,400,None,226.4375
2230.3,0,89.09,2400,None,31960.734375
2230.3,1,47.09,400,None,226.5
2230.3,2,46.10,400,None,226.5
2230.3,3,46.64,400,None,226.4375
2235.3,0,60.11,2400,None,31960.734375
2235.3,1,47.75,400,None,226.5
2235.3,2,46.70,400,None,226.5
2235.3,3,47.47,400,None,226.4375
2240.3,0,59.90,2400,None,31960.734375
2240.3,1,47.92,400,None,226.5
2240.3,2,46.87,400,None,226.5
2240.3,3,47.52,400,None,226.4375
2245.3,0,146.44,2400,None,31960.734375
2245.3,1,47.77,400,None,226.5
2245.3,2,46.92,400,None,226.5
2245.3,3,47.61,400,None,226.4375
2250.3,0,146.64,2400,None,31960.734375
2250.3,1,47.88,400,None,226.5
2250.3,2,46.74,400,None,226.5
2250.3,3,47.50,400,None,226.4375
2255.3,0,148.40,2400,None,31960.734375
2255.3,1,47.94,400,None,226.5
2255.3,2,46.80,400,None,226.5
2255.3,3,47.60,400,None,226.4375
2260.3,0,172.81,2017,PowerBurst,31960.734375
2260.3,1,47.85,400,None,226.5
2260.3,2,46.64,400,None,226.5
2260.3,3,47.51,400,None,226.4375
2265.3,0,199.96,2017,PowerBurst,31960.734375
2265.3,1,46.99,400,None,226.5
2265.3,2,46.37,400,None,226.5
2265.3,3,46.49,400,None,226.4375
2270.3,0,199.96,2033,PowerBurst,31960.734375
2270.3,1,47.24,400,None,226.5
2270.3,2,46.10,400,None,226.5
2270.3,3,46.66,400,None,226.4375
2275.3,0,200.09,2000,PowerBurst,31960.734375
2275.3,1,47.61,400,None,226.5
2275.3,2,46.43,400,None,226.5
2275.3,3,47.24,400,None,226.4375
2280.3,0,199.76,2033,PowerBurst,31960.734375
2280.3,1,48.00,400,None,226.5
2280.3,2,46.90,400,None,226.5
2280.3,3,47.65,400,None,226.4375
2285.3,0,199.76,2083,PowerBurst,31960.734375
2285.3,1,48.09,400,None,226.5
2285.3,2,47.04,400,None,226.5
2285.3,3,47.63,400,None,226.4375
2290.3,0,199.96,2100,PowerBurst,31960.734375
2290.3,1,47.95,400,None,226.5
2290.3,2,46.66,400,None,226.5
2290.3,3,47.45,400,None,226.4375
2295.3,0,199.94,2100,PowerBurst,31960.734375
2295.3,1,48.09,400,None,226.5
2295.3,2,46.80,400,None,226.5
2295.3,3,47.64,400,None,226.4375
2300.3,0,200.04,2100,PowerBurst,31960.734375
2300.3,1,48.07,400,None,226.5
2300.3,2,46.83,400,None,226.5
2300.3,3,47.69,400,None,226.4375
2305.3,0,199.97,2100,PowerBurst,31960.734375
2305.3,1,47.33,400,None,226.5
2305.3,2,46.43,400,None,226.5
2305.3,3,47.17,400,None,226.4375
2310.3,0,200.10,2083,PowerBurst,31960.734375
2310.3,1,47.19,400,None,226.5
2310.3,2,46.09,400,None,226.5
2310.3,3,46.67,400,None,226.4375
2315.3,0,200.00,2083,PowerBurst,31960.734375
2315.3,1,47.35,400,None,226.5
2315.3,2,46.19,400,None,226.5
2315.3,3,47.00,400,None,226.4375
2320.3,0,199.97,2083,PowerBurst,31960.734375
2320.3,1,48.00,400,None,226.5
2320.3,2,46.81,400,None,226.5
2320.3,3,47.67,400,None,226.4375
2325.3,0,200.12,2050,PowerBurst,31960.734375
2325.3,1,47.95,400,None,226.5
2325.3,2,47.02,400,None,226.5
2325.3,3,47.68,400,None,226.4375
2330.3,0,199.43,2150,PowerBurst,31960.734375
2330.3,1,47.89,400,None,226.5
2330.3,2,46.98,400,None,226.5
2330.3,3,47.37,400,None,226.4375
2335.3,0,200.14,2133,PowerBurst,31960.734375
2335.3,1,47.97,400,None,226.5
2335.3,2,46.70,400,None,226.5
2335.3,3,47.46,400,None,226.4375
2340.3,0,200.23,2100,PowerBurst,31960.734375
2340.3,1,47.95,400,None,226.5
2340.3,2,46.76,400,None,226.5
2340.3,3,47.66,400,None,226.4375
2345.3,0,199.99,2100,PowerBurst,31960.734375
2345.3,1,47.77,400,None,226.5
2345.3,2,46.59,400,None,226.5
2345.3,3,47.42,400,None,226.4375
2350.3,0,199.94,2100,PowerBurst,31960.734375
2350.3,1,47.32,400,None,226.5
2350.3,2,46.20,400,None,226.5
2350.3,3,46.88,400,None,226.4375
2355.3,0,199.98,2100,PowerBurst,31960.734375
2355.3,1,47.49,400,None,226.5
2355.3,2,46.28,400,None,226.5
2355.3,3,47.07,400,None,226.4375
2360.3,0,199.72,2150,PowerBurst,31960.734375
2360.3,1,47.88,400,None,226.5
2360.3,2,46.64,400,None,226.5
2360.3,3,47.53,400,None,226.4375
2365.3,0,200.00,2150,PowerBurst,31960.734375
2365.3,1,47.87,400,None,226.5
2365.3,2,46.88,400,None,226.5
2365.3,3,47.64,400,None,226.4375
2370.3,0,200.38,2083,PowerBurst,31960.734375
2370.3,1,47.85,400,None,226.5
2370.3,2,46.99,400,None,226.5
2370.3,3,47.69,400,None,226.4375
2375.3,0,199.66,2150,PowerBurst,31960.734375
2375.3,1,47.92,400,None,226.5
2375.3,2,46.69,400,None,226.5
2375.3,3,47.40,400,None,226.4375
2380.3,0,200.03,2133,PowerBurst,31960.734375
2380.3,1,48.02,400,None,226.5
2380.3,2,46.78,400,None,226.5
2380.3,3,47.68,400,None,226.4375
2385.3,0,199.93,2133,PowerBurst,31960.734375
2385.3,1,47.96,400,None,226.5
2385.3,2,46.72,400,None,226.5
2385.3,3,47.65,400,None,226.4375
2390.3,0,200.18,2117,PowerBurst,31960.734375
2390.3,1,47.12,400,None,226.5
2390.3,2,46.40,400,None,226.5
2390.3,3,46.75,400,None,226.4375
2395.3,0,199.98,2117,PowerBurst,31960.734375
2395.3,1,47.36,400,None,226.5
2395.3,2,46.23,400,None,226.5
2395.3,3,46.95,400,None,226.4375
2400.3,0,200.10,2100,PowerBurst,31960.734375
2400.3,1,47.64,400,None,226.5
2400.3,2,46.47,400,None,226.5
2400.3,3,47.30,400,None,226.4375
2405.3,0,199.94,2100,PowerBurst,31960.734375
2405.3,1,48.14,400,None,226.5
2405.3,2,46.90,400,None,226.5
2405.3,3,47.77,400,None,226.4375
2410.3,0,200.04,2100,PowerBurst,31960.734375
2410.3,1,48.06,400,None,226.5
2410.3,2,47.05,400,None,226.5
2410.3,3,47.77,400,None,226.4375
2415.3,0,199.77,2133,PowerBurst,31960.734375
2415.3,1,47.97,400,None,226.5
2415.3,2,46.71,400,None,226.5
2415.3,3,47.48,400,None,226.4375
2420.3,0,200.15,2100,PowerBurst,31960.734375
2420.3,1,48.03,400,None,226.5
2420.3,2,46.83,400,None,226.5
2420.3,3,47.56,400,None,226.4375
2425.3,0,200.08,2083,PowerBurst,31960.734375
2425.3,1,48.07,400,None,226.5
2425.3,2,46.80,400,None,226.5
2425.3,3,47.77,400,None,226.4375
2430.3,0,199.70,2133,PowerBurst,31960.734375
2430.3,1,47.33,400,None,226.5
2430.3,2,46.47,400,None,226.5
2430.3,3,47.32,400,None,226.4375
2435.3,0,200.04,2133,PowerBurst,31960.734375
2435.3,1,47.24,400,None,226.5
2435.3,2,46.13,400,None,226.5
2435.3,3,46.76,400,None,226.4375
2440.3,0,199.92,2150,PowerBurst,31960.734375
2440.3,1,47.34,400,None,226.5
2440.3,2,46.23,400,None,226.5
2440.3,3,46.97,400,None,226.4375
2445.3,0,200.01,2133,PowerBurst,31960.734375
2445.3,1,47.92,400,None,226.5
2445.3,2,46.66,400,None,226.5
2445.3,3,47.62,400,None,226.4375
2450.3,0,200.26,2100,PowerBurst,31960.734375
2450.3,1,48.11,400,None,226.5
2450.3,2,46.97,400,None,226.5
2450.3,3,47.86,400,None,226.4375
2455.3,0,199.99,2100,PowerBurst,31960.734375
2455.3,1,47.95,400,None,226.5
2455.3,2,47.00,400,None,226.5
2455.3,3,47.52,400,None,226.4375
2460.3,0,200.02,2083,PowerBurst,31960.734375
2460.3,1,47.99,400,None,226.5
2460.3,2,46.76,400,None,226.5
2460.3,3,47.60,400,None,226.4375
2465.3,0,199.95,2100,PowerBurst,31960.734375
2465.3,1,48.11,400,None,226.5
2465.3,2,46.85,400,None,226.5
2465.3,3,47.76,400,None,226.4375
2470.3,0,199.85,2117,PowerBurst,31960.734375
2470.3,1,47.99,400,None,226.5
2470.3,2,46.77,400,None,226.5
2470.3,3,47.65,400,None,226.4375
2475.3,0,200.33,2067,PowerBurst,31960.734375
2475.3,1,47.12,400,None,226.5
2475.3,2,46.18,400,None,226.5
2475.3,3,46.63,400,None,226.4375
2480.4,0,199.98,2067,PowerBurst,31960.734375
2480.4,1,47.33,400,None,226.5
2480.4,2,46.25,400,None,226.5
2480.4,3,46.86,400,None,226.4375
2485.4,0,199.64,2133,PowerBurst,31960.734375
2485.4,1,47.63,400,None,226.5
2485.4,2,46.43,400,None,226.5
2485.4,3,47.32,400,None,226.4375
2490.4,0,200.01,2133,PowerBurst,31960.734375
2490.4,1,47.98,400,None,226.5
2490.4,2,46.82,400,None,226.5
2490.4,3,47.78,400,None,226.4375
2495.4,0,200.30,2083,PowerBurst,31960.734375
2495.4,1,47.77,400,None,226.5
2495.4,2,47.01,400,None,226.5
2495.4,3,47.67,400,None,226.4375
2500.4,0,199.57,2150,PowerBurst,31960.734375
2500.4,1,47.92,400,None,226.5
2500.4,2,46.80,400,None,226.5
2500.4,3,47.45,400,None,226.4375
2505.4,0,200.12,2117,PowerBurst,31960.734375
2505.4,1,48.04,400,None,226.5
2505.4,2,46.77,400,None,226.5
2505.4,3,47.64,400,None,226.4375
2510.4,0,200.15,2083,PowerBurst,31960.734375
2510.4,1,48.14,400,None,226.5
2510.4,2,46.95,400,None,226.5
2510.4,3,47.81,400,None,226.4375
2515.4,0,199.98,2100,PowerBurst,31960.734375
2515.4,1,47.42,400,None,226.5
2515.4,2,46.47,400,None,226.5
2515.4,3,47.06,400,None,226.4375
2520.4,0,200.05,2100,PowerBurst,31960.734375
2520.4,1,47.43,400,None,226.5
2520.4,2,46.22,400,None,226.5
2520.4,3,46.96,400,None,226.4375
2525.4,0,199.90,2117,PowerBurst,31960.734375
2525.4,1,47.46,400,None,226.5
2525.4,2,46.29,400,None,226.5
2525.4,3,47.11,400,None,226.4375
2530.4,0,199.65,2167,PowerBurst,31960.734375
2530.4,1,47.95,400,None,226.5
2530.4,2,46.76,400,None,226.5
2530.4,3,47.69,400,None,226.4375
2535.4,0,200.16,2150,PowerBurst,31960.734375
2535.4,1,47.78,400,None,226.5
2535.4,2,46.88,400,None,226.5
2535.4,3,47.70,400,None,226.4375
2540.4,0,199.98,2150,PowerBurst,31960.734375
2540.4,1,47.96,400,None,226.5
2540.4,2,46.77,400,None,226.5
2540.4,3,47.48,400,None,226.4375
2545.4,0,200.05,2150,PowerBurst,31960.734375
2545.4,1,48.03,400,None,226.5
2545.4,2,46.79,400,None,226.5
2545.4,3,47.60,400,None,226.4375
2550.4,0,199.96,2150,PowerBurst,31960.734375
2550.4,1,48.10,400,None,226.5
2550.4,2,46.86,400,None,226.5
2550.4,3,47.83,400,None,226.4375
2555.4,0,200.04,2133,PowerBurst,31960.734375
2555.4,1,47.55,400,None,226.5
2555.4,2,46.61,400,None,226.5
2555.4,3,47.54,400,None,226.4375
2560.4,0,200.20,2100,PowerBurst,31960.734375
2560.4,1,47.25,400,None,226.5
2560.4,2,46.10,400,None,226.5
2560.4,3,46.81,400,None,226.4375
2565.4,0,199.96,2100,PowerBurst,31960.734375
2565.4,1,47.48,400,None,226.5
2565.4,2,46.37,400,None,226.5
2565.4,3,47.06,400,None,226.4375
2570.4,0,200.02,2100,PowerBurst,31960.734375
2570.4,1,47.83,400,None,226.5
2570.4,2,46.63,400,None,226.5
2570.4,3,47.51,400,None,226.4375
2575.4,0,200.00,2100,PowerBurst,31960.734375
2575.4,1,48.05,400,None,226.5
2575.4,2,46.96,400,None,226.5
2575.4,3,47.76,400,None,226.4375
2580.4,0,199.93,2100,PowerBurst,31960.734375
2580.4,1,47.84,400,None,226.5
2580.4,2,46.70,400,None,226.5
2580.4,3,47.36,400,None,226.4375
2585.4,0,199.63,2167,PowerBurst,31960.734375
2585.4,1,48.02,400,None,226.5
2585.4,2,46.84,400,None,226.5
2585.4,3,47.55,400,None,226.4375
2590.4,0,200.10,2150,PowerBurst,31960.734375
2590.4,1,48.00,400,None,226.5
2590.4,2,46.84,400,None,226.5
2590.4,3,47.67,400,None,226.4375
2595.4,0,200.04,2133,PowerBurst,31960.734375
2595.4,1,47.77,400,None,226.5
2595.4,2,46.88,400,None,226.5
2595.4,3,47.77,400,None,226.4375
2600.4,0,200.07,2133,PowerBurst,31960.734375
2600.4,1,47.29,400,None,226.5
2600.4,2,46.06,400,None,226.5
2600.4,3,46.83,400,None,226.4375
2605.4,0,200.23,2100,PowerBurst,31960.734375
2605.4,1,47.32,400,None,226.5
2605.4,2,46.22,400,None,226.5
2605.4,3,46.83,400,None,226.4375
2610.4,0,199.58,2150,PowerBurst,31960.734375
2610.4,1,47.32,400,None,226.5
2610.4,2,46.29,400,None,226.5
2610.4,3,47.08,400,None,226.4375
2615.4,0,200.21,2117,PowerBurst,31960.734375
2615.4,1,48.09,400,None,226.5
2615.4,2,46.94,400,None,226.5
2615.4,3,47.86,400,None,226.4375
2620.4,0,200.14,2100,PowerBurst,31960.734375
2620.4,1,47.94,400,None,226.5
2620.4,2,46.95,400,None,226.5
2620.4,3,47.83,400,None,226.4375
2625.4,0,200.00,2100,PowerBurst,31960.734375
2625.4,1,48.04,400,None,226.5
2625.4,2,46.83,400,None,226.5
2625.4,3,47.64,400,None,226.4375
2630.4,0,200.04,2100,PowerBurst,31960.734375
2630.4,1,48.10,400,None,226.5
2630.4,2,46.88,400,None,226.5
2630.4,3,47.68,400,None,226.4375
2635.4,0,199.62,2150,PowerBurst,31960.734375
2635.4,1,48.05,400,None,226.5
2635.4,2,46.96,400,None,226.5
2635.4,3,47.81,400,None,226.4375
2640.4,0,200.13,2133,PowerBurst,31960.734375
2640.4,1,47.59,400,None,226.5
2640.4,2,46.35,400,None,226.5
2640.4,3,47.26,400,None,226.4375
2645.4,0,199.98,2133,PowerBurst,31960.734375
2645.4,1,47.37,400,None,226.5
2645.4,2,46.19,400,None,226.5
2645.4,3,46.83,400,None,226.4375
2650.4,0,200.24,2083,PowerBurst,31960.734375
2650.4,1,47.37,400,None,226.5
2650.4,2,46.35,400,None,226.5
2650.4,3,47.00,400,None,226.4375
2655.4,0,199.62,2150,PowerBurst,31960.734375
2655.4,1,47.82,400,None,226.5
2655.4,2,46.64,400,None,226.5
2655.4,3,47.59,400,None,226.4375
2660.4,0,200.26,2117,PowerBurst,31960.734375
2660.4,1,47.84,400,None,226.5
2660.4,2,46.87,400,None,226.5
2660.4,3,47.85,400,None,226.4375
2665.4,0,199.81,2133,PowerBurst,31960.734375
2665.4,1,47.89,400,None,226.5
2665.4,2,46.72,400,None,226.5
2665.4,3,47.42,400,None,226.4375
2670.4,0,200.09,2133,PowerBurst,31960.734375
2670.4,1,47.98,400,None,226.5
2670.4,2,46.84,400,None,226.5
2670.4,3,47.56,400,None,226.4375
2675.4,0,200.16,2100,PowerBurst,31960.734375
2675.4,1,47.92,400,None,226.5
2675.4,2,46.89,400,None,226.5
2675.4,3,47.67,400,None,226.4375
2680.4,0,199.97,2100,PowerBurst,31960.734375
2680.4,1,47.89,400,None,226.5
2680.4,2,46.93,400,None,226.5
2680.4,3,47.56,400,None,226.4375
2685.4,0,199.98,2100,PowerBurst,31960.734375
2685.4,1,47.39,400,None,226.5
2685.4,2,46.14,400,None,226.5
2685.4,3,46.97,400,None,226.4375
2690.4,0,200.03,2100,PowerBurst,31960.734375
2690.4,1,47.54,400,None,226.5
2690.4,2,46.29,400,None,226.5
2690.4,3,47.06,400,None,226.4375
2695.4,0,198.73,2317,PowerBurst,31960.734375
2695.4,1,47.53,400,None,226.5
2695.4,2,46.44,400,None,226.5
2695.4,3,47.29,400,None,226.4375
2700.4,0,103.60,2400,None,31960.734375
2700.4,1,47.75,400,None,226.5
2700.4,2,46.84,400,None,226.5
2700.4,3,47.41,400,None,226.4375
2705.4,0,60.21,2400,None,31960.734375
2705.4,1,47.71,400,None,226.5
2705.4,2,46.66,400,None,226.5
2705.4,3,47.33,400,None,226.4375
2710.4,0,69.57,2167,PowerBurst,31960.734375
2710.4,1,47.94,400,None,226.5
2710.4,2,46.82,400,None,226.5
2710.4,3,47.43,400,None,226.4375
2715.4,0,152.74,2400,None,31960.734375
2715.4,1,48.19,400,None,226.5
2715.4,2,47.03,400,None,226.5
2715.4,3,47.79,400,None,226.4375
2720.4,0,148.29,2400,None,31960.734375
2720.4,1,47.74,400,None,226.5
2720.4,2,46.95,400,None,226.5
2720.4,3,47.80,400,None,226.4375
2725.4,0,148.46,2400,None,31960.734375
2725.4,1,47.55,400,None,226.5
2725.4,2,46.36,400,None,226.5
2725.4,3,47.16,400,None,226.4375
2730.4,0,157.57,2400,None,31960.734375
2730.4,1,47.49,400,None,226.5
2730.4,2,46.31,400,None,226.5
2730.4,3,47.06,400,None,226.4375
2735.4,0,148.23,2400,None,31960.734375
2735.4,1,47.41,400,None,226.5
2735.4,2,46.39,400,None,226.5
2735.4,3,47.02,400,None,226.4375
2740.4,0,149.18,2400,None,31960.734375
2740.4,1,47.78,400,None,226.5
2740.4,2,46.79,400,None,226.5
2740.4,3,47.61,400,None,226.4375
2745.4,0,158.11,2400,None,31960.734375
2745.4,1,47.84,400,None,226.5
2745.4,2,46.89,400,None,226.5
2745.4,3,47.43,400,None,226.4375
2750.4,0,147.18,2400,None,31960.734375
2750.4,1,47.98,400,None,226.5
2750.4,2,46.78,400,None,226.5
2750.4,3,47.55,400,None,226.4375
2755.4,0,148.69,2400,None,31960.734375
2755.4,1,48.09,400,None,226.5
2755.4,2,46.93,400,None,226.5
2755.4,3,47.61,400,None,226.4375
2760.4,0,148.07,2400,None,31960.734375
2760.4,1,47.98,400,None,226.5
2760.4,2,46.95,400,None,226.5
2760.4,3,47.66,400,None,226.4375
2765.4,0,157.37,2400,None,31960.734375
2765.4,1,47.88,400,None,226.5
2765.4,2,46.72,400,None,226.5
2765.4,3,47.54,400,None,226.4375
2770.4,0,148.67,2400,None,31960.734375
2770.4,1,47.34,400,None,226.5
2770.4,2,46.15,400,None,226.5
2770.4,3,46.87,400,None,226.4375
2775.4,0,148.83,2400,None,31960.734375
2775.4,1,47.41,400,None,226.5
2775.4,2,46.33,400,None,226.5
2775.4,3,46.96,400,None,226.4375
2780.4,0,158.05,2400,None,31960.734375
2780.4,1,47.57,400,None,226.5
2780.4,2,46.57,400,None,226.5
2780.4,3,47.23,400,None,226.4375
2785.4,0,148.85,2400,None,31960.734375
2785.4,1,47.85,400,None,226.5
2785.4,2,46.91,400,None,226.5
2785.4,3,47.74,400,None,226.4375
2790.4,0,149.17,2400,None,31960.734375
2790.4,1,47.88,400,None,226.5
2790.4,2,46.69,400,None,226.5
2790.4,3,47.43,400,None,226.4375
2795.4,0,149.29,2400,None,31960.734375
2795.4,1,48.06,400,None,226.5
2795.4,2,46.90,400,None,226.5
2795.4,3,47.56,400,None,226.4375
2800.4,0,158.43,2400,None,31960.734375
2800.4,1,48.06,400,None,226.5
2800.4,2,47.02,400,None,226.5
2800.4,3,47.75,400,None,226.4375
2805.4,0,149.11,2400,None,31960.734375
2805.4,1,47.80,400,None,226.5
2805.4,2,47.04,400,None,226.5
2805.4,3,47.53,400,None,226.4375
2810.4,0,149.28,2400,None,31960.734375
2810.4,1,47.53,400,None,226.5
2810.4,2,46.33,400,None,226.5
2810.4,3,47.06,400,None,226.4375
2815.4,0,158.35,2400,None,31960.734375
2815.4,1,47.41,400,None,226.5
2815.4,2,46.26,400,None,226.5
2815.4,3,46.94,400,None,226.4375
2820.4,0,149.46,2400,None,31960.734375
2820.4,1,47.44,400,None,226.5
2820.4,2,46.40,400,None,226.5
2820.4,3,47.02,400,None,226.4375
2825.4,0,149.38,2400,None,31960.734375
2825.4,1,47.86,400,None,226.5
2825.4,2,46.87,400,None,226.5
2825.4,3,47.52,400,None,226.4375
2830.4,0,153.04,2183,PowerBurst,31960.734375
2830.4,1,47.90,400,None,226.5
2830.4,2,46.67,400,None,226.5
2830.4,3,47.40,400,None,226.4375
2835.4,0,155.18,2400,None,31960.734375
2835.4,1,48.00,400,None,226.5
2835.4,2,46.80,400,None,226.5
2835.4,3,47.53,400,None,226.4375
2840.4,0,149.36,2400,None,31960.734375
2840.4,1,48.05,400,None,226.5
2840.4,2,46.95,400,None,226.5
2840.4,3,47.60,400,None,226.4375
2845.4,0,149.29,2400,None,31960.734375
2845.4,1,47.72,400,None,226.5
2845.4,2,46.94,400,None,226.5
2845.4,3,47.66,400,None,226.4375
2850.4,0,158.58,2400,None,31960.734375
2850.4,1,47.88,400,None,226.5
2850.4,2,46.65,400,None,226.5
2850.4,3,47.49,400,None,226.4375
2855.4,0,149.28,2400,None,31960.734375
2855.4,1,47.39,400,None,226.5
2855.4,2,46.14,400,None,226.5
2855.4,3,46.88,400,None,226.4375
2860.4,0,148.84,2400,None,31960.734375
2860.4,1,47.41,400,None,226.5
2860.4,2,46.38,400,None,226.5
2860.4,3,47.00,400,None,226.4375
2865.4,0,158.05,2400,None,31960.734375
2865.4,1,47.57,400,None,226.5
2865.4,2,46.65,400,None,226.5
2865.4,3,47.32,400,None,226.4375
2870.4,0,149.32,2400,None,31960.734375
2870.4,1,47.88,400,None,226.5
2870.4,2,46.96,400,None,226.5
2870.4,3,47.49,400,None,226.4375
2875.4,0,149.35,2400,None,31960.734375
2875.4,1,47.94,400,None,226.5
2875.4,2,46.70,400,None,226.5
2875.4,3,47.45,400,None,226.4375
2880.4,0,149.33,2400,None,31960.734375
2880.4,1,47.98,400,None,226.5
2880.4,2,46.93,400,None,226.5
2880.4,3,47.59,400,None,226.4375
2885.4,0,158.70,2400,None,31960.734375
2885.4,1,48.01,400,None,226.5
2885.4,2,46.99,400,None,226.5
2885.4,3,47.58,400,None,226.4375
2890.4,0,148.59,2400,None,31960.734375
2890.4,1,47.83,400,None,226.5
2890.4,2,46.83,400,None,226.5
2890.4,3,47.52,400,None,226.4375
2895.4,0,149.21,2400,None,31960.734375
2895.4,1,47.48,400,None,226.5
2895.4,2,46.27,400,None,226.5
2895.4,3,46.98,400,None,226.4375
2900.4,0,158.60,2400,None,31960.734375
2900.4,1,47.53,400,None,226.5
2900.4,2,46.35,400,None,226.5
2900.4,3,47.08,400,None,226.4375
2905.4,0,149.56,2400,None,31960.734375
2905.4,1,47.34,400,None,226.5
2905.4,2,46.44,400,None,226.5
2905.4,3,47.06,400,None,226.4375
2910.4,0,149.08,2400,None,31960.734375
2910.4,1,47.79,400,None,226.5
2910.4,2,46.92,400,None,226.5
2910.4,3,47.65,400,None,226.4375
2915.4,0,149.03,2400,None,31960.734375
2915.4,1,47.97,400,None,226.5
2915.4,2,46.71,400,None,226.5
2915.4,3,47.44,400,None,226.4375
2920.4,0,158.19,2400,None,31960.734375
2920.4,1,48.03,400,None,226.5
2920.4,2,46.80,400,None,226.5
2920.4,3,47.51,400,None,226.4375
2925.4,0,149.42,2400,None,31960.734375
2925.4,1,48.01,400,None,226.5
2925.4,2,46.99,400,None,226.5
2925.4,3,47.65,400,None,226.4375
2930.4,0,149.36,2400,None,31960.734375
2930.4,1,47.81,400,None,226.5
2930.4,2,46.97,400,None,226.5
2930.4,3,47.39,400,None,226.4375
2935.4,0,158.49,2400,None,31960.734375
2935.4,1,47.76,400,None,226.5
2935.4,2,46.54,400,None,226.5
2935.4,3,47.28,400,None,226.4375
2940.4,0,149.61,2400,None,31960.734375
2940.4,1,47.44,400,None,226.5
2940.4,2,46.20,400,None,226.5
2940.4,3,46.88,400,None,226.4375
2945.4,0,149.39,2400,None,31960.734375
2945.4,1,47.34,400,None,226.5
2945.4,2,46.42,400,None,226.5
2945.4,3,47.03,400,None,226.4375
2950.4,0,153.59,2150,PowerBurst,31960.734375
2950.4,1,47.54,400,None,226.5
2950.4,2,46.67,400,None,226.5
2950.4,3,47.34,400,None,226.4375
2955.4,0,152.53,2400,None,31960.734375
2955.4,1,47.95,400,None,226.5
2955.4,2,46.74,400,None,226.5
2955.4,3,47.48,400,None,226.4375
2960.4,0,148.67,2400,None,31960.734375
2960.4,1,48.02,400,None,226.5
2960.4,2,46.79,400,None,226.5
2960.4,3,47.48,400,None,226.4375
2965.4,0,149.37,2400,None,31960.734375
2965.4,1,47.94,400,None,226.5
2965.4,2,46.96,400,None,226.5
2965.4,3,47.62,400,None,226.4375
2970.4,0,158.35,2400,None,31960.734375
2970.4,1,47.90,400,None,226.5
2970.4,2,47.02,400,None,226.5
2970.4,3,47.39,400,None,226.4375
2975.4,0,149.62,2400,None,31960.734375
2975.4,1,47.89,400,None,226.5
2975.4,2,46.87,400,None,226.5
2975.4,3,47.54,400,None,226.4375
2980.4,0,149.46,2400,None,31960.734375
2980.4,1,47.41,400,None,226.5
2980.4,2,46.18,400,None,226.5
2980.4,3,46.92,400,None,226.4375
2985.4,0,149.32,2400,None,31960.734375
2985.4,1,47.49,400,None,226.5
2985.4,2,46.34,400,None,226.5
2985.4,3,47.01,400,None,226.4375
2990.4,0,158.50,2400,None,31960.734375
2990.4,1,47.59,400,None,226.5
2990.4,2,46.62,400,None,226.5
2990.4,3,47.23,400,None,226.4375
2995.4,0,149.53,2400,None,31960.734375
2995.4,1,47.90,400,None,226.5
2995.4,2,46.75,400,None,226.5
2995.4,3,47.48,400,None,226.4375
3000.4,0,149.48,2400,None,31960.734375
3000.4,1,48.03,400,None,226.5
3000.4,2,46.79,400,None,226.5
3000.4,3,47.50,400,None,226.4375
3005.4,0,115.79,2400,None,31960.734375
3005.4,1,47.74,400,None,226.5
3005.4,2,46.77,400,None,226.5
3005.4,3,47.30,400,None,226.4375
3010.4,0,60.13,2400,None,31960.734375
3010.4,1,47.57,400,None,226.5
3010.4,2,46.84,400,None,226.5
3010.4,3,47.46,400,None,226.4375
3015.4,0,59.68,2400,None,31960.734375
3015.4,1,47.70,400,None,226.5
3015.4,2,46.80,400,None,226.5
3015.4,3,47.32,400,None,226.4375
3020.4,0,139.06,2400,None,31960.734375
3020.4,1,47.69,400,None,226.5
3020.4,2,46.51,400,None,226.5
3020.4,3,47.24,400,None,226.4375
3025.4,0,147.10,2400,None,31960.734375
3025.4,1,47.50,400,None,226.5
3025.4,2,46.26,400,None,226.5
3025.4,3,46.99,400,None,226.4375
3030.4,0,148.21,2400,None,31960.734375
3030.4,1,47.32,400,None,226.5
3030.4,2,46.47,400,None,226.5
3030.4,3,46.96,400,None,226.4375
3035.4,0,170.79,2000,PowerBurst,31960.734375
3035.4,1,47.58,400,None,226.5
3035.4,2,46.74,400,None,226.5
3035.4,3,47.16,400,None,226.4375
3040.4,0,196.38,2400,None,31960.734375
3040.4,1,48.10,400,None,226.5
3040.4,2,46.78,400,None,226.5
3040.4,3,47.55,400,None,226.4375
3045.4,0,188.84,2400,None,31960.734375
3045.4,1,48.14,400,None,226.5
3045.4,2,46.80,400,None,226.5
3045.4,3,47.54,400,None,226.4375
3050.4,0,189.85,2400,None,31960.734375
3050.4,1,48.01,400,None,226.5
3050.4,2,46.87,400,None,226.5
3050.4,3,47.61,400,None,226.4375
3055.4,0,192.79,2167,PowerBurst,31960.734375
3055.4,1,47.88,400,None,226.5
3055.4,2,46.72,400,None,226.5
3055.4,3,47.40,400,None,226.4375
3060.4,0,199.76,2083,PowerBurst,31960.734375
3060.4,1,47.97,400,None,226.5
3060.4,2,46.82,400,None,226.5
3060.4,3,47.60,400,None,226.4375
3065.4,0,192.43,2400,None,31960.734375
3065.4,1,47.49,400,None,226.5
3065.4,2,46.19,400,None,226.5
3065.4,3,47.00,400,None,226.4375
3070.4,0,188.97,2400,None,31960.734375
3070.4,1,47.28,400,None,226.5
3070.4,2,46.33,400,None,226.5
3070.4,3,47.12,400,None,226.4375
3075.4,0,189.81,2400,None,31960.734375
3075.4,1,47.48,400,None,226.5
3075.4,2,46.48,400,None,226.5
3075.4,3,47.21,400,None,226.4375
3080.4,0,198.26,2100,PowerBurst,31960.734375
3080.4,1,47.99,400,None,226.5
3080.4,2,46.77,400,None,226.5
3080.4,3,47.54,400,None,226.4375
3085.4,0,198.91,2117,PowerBurst,31960.734375
3085.4,1,48.13,400,None,226.5
3085.4,2,46.81,400,None,226.5
3085.4,3,47.59,400,None,226.4375
3090.4,0,189.90,2400,None,31960.734375
3090.4,1,48.04,400,None,226.5
3090.4,2,46.82,400,None,226.5
3090.4,3,47.53,400,None,226.4375
3095.4,0,189.84,2400,None,31960.734375
3095.4,1,47.92,400,None,226.5
3095.4,2,46.72,400,None,226.5
3095.4,3,47.44,400,None,226.4375
3100.4,0,193.79,2050,PowerBurst,31960.734375
3100.4,1,48.02,400,None,226.5
3100.4,2,46.87,400,None,226.5
3100.4,3,47.63,400,None,226.4375
3105.4,0,197.24,2300,PowerBurst,31960.734375
3105.4,1,47.66,400,None,226.5
3105.4,2,46.35,400,None,226.5
3105.4,3,47.22,400,None,226.4375
3110.4,0,194.70,2400,None,31960.734375
3110.4,1,47.27,400,None,226.5
3110.4,2,46.26,400,None,226.5
3110.4,3,47.01,400,None,226.4375
3115.4,0,189.55,2400,None,31960.734375
3115.4,1,47.40,400,None,226.5
3115.4,2,46.32,400,None,226.5
3115.4,3,47.02,400,None,226.4375
3120.4,0,190.15,2400,None,31960.734375
3120.4,1,47.89,400,None,226.5
3120.4,2,46.72,400,None,226.5
3120.4,3,47.50,400,None,226.4375
3125.4,0,196.33,2383,PowerBurst,31960.734375
3125.4,1,48.09,400,None,226.5
3125.4,2,46.88,400,None,226.5
3125.4,3,47.69,400,None,226.4375
3130.4,0,199.64,2400,None,31960.734375
3130.4,1,48.08,400,None,226.5
3130.4,2,46.86,400,None,226.5
3130.4,3,47.66,400,None,226.4375
3135.4,0,190.06,2400,None,31960.734375
3135.4,1,47.79,400,None,226.5
3135.4,2,46.94,400,None,226.5
3135.4,3,47.46,400,None,226.4375
3140.4,0,190.18,2400,None,31960.734375
3140.4,1,47.96,400,None,226.5
3140.4,2,46.79,400,None,226.5
3140.4,3,47.55,400,None,226.4375
3145.4,0,194.86,2400,None,31960.734375
3145.4,1,47.84,400,None,226.5
3145.4,2,46.75,400,None,226.5
3145.4,3,47.53,400,None,226.4375
3150.4,0,198.95,2200,PowerBurst,31960.734375
3150.4,1,47.26,400,None,226.5
3150.4,2,46.20,400,None,226.5
3150.4,3,46.95,400,None,226.4375
3155.4,0,193.51,2400,None,31960.734375
3155.4,1,47.31,400,None,226.5
3155.4,2,46.18,400,None,226.5
3155.4,3,47.00,400,None,226.4375
3160.4,0,190.23,2400,None,31960.734375
3160.4,1,47.67,400,None,226.5
3160.4,2,46.53,400,None,226.5
3160.4,3,47.31,400,None,226.4375
3165.4,0,192.39,2383,PowerBurst,31960.734375
3165.4,1,48.06,400,None,226.5
3165.4,2,46.87,400,None,226.5
3165.4,3,47.64,400,None,226.4375
3170.4,0,197.91,2083,PowerBurst,31960.734375
3170.4,1,48.05,400,None,226.5
3170.4,2,46.84,400,None,226.5
3170.4,3,47.59,400,None,226.4375
3175.4,0,197.02,2367,PowerBurst,31960.734375
3175.4,1,47.83,400,None,226.5
3175.4,2,46.80,400,None,226.5
3175.4,3,47.66,400,None,226.4375
3180.4,0,190.12,2400,None,31960.734375
3180.4,1,47.95,400,None,226.5
3180.4,2,46.75,400,None,226.5
3180.4,3,47.54,400,None,226.4375
3185.4,0,189.81,2400,None,31960.734375
3185.4,1,48.05,400,None,226.5
3185.4,2,46.87,400,None,226.5
3185.4,3,47.66,400,None,226.4375
3190.4,0,195.97,2217,PowerBurst,31960.734375
3190.4,1,47.62,400,None,226.5
3190.4,2,46.35,400,None,226.5
3190.4,3,47.20,400,None,226.4375
3195.4,0,197.94,2217,PowerBurst,31960.734375
3195.4,1,47.17,400,None,226.5
3195.4,2,46.12,400,None,226.5
3195.4,3,46.77,400,None,226.4375
3200.4,0,192.12,2400,None,31960.734375
3200.4,1,47.47,400,None,226.5
3200.4,2,46.30,400,None,226.5
3200.4,3,47.11,400,None,226.4375
3205.4,0,187.68,2400,None,31960.734375
3205.4,1,48.03,400,None,226.5
3205.4,2,46.84,400,None,226.5
3205.5,3,47.65,400,None,226.4375
3210.4,0,189.45,2400,None,31960.734375
3210.4,1,48.14,400,None,226.5
3210.5,2,46.89,400,None,226.5
3210.5,3,47.77,400,None,226.4375
3215.4,0,153.74,2400,None,31960.734375
3215.5,1,47.78,400,None,226.5
3215.5,2,46.87,400,None,226.5
3215.5,3,47.63,400,None,226.4375
3220.5,0,60.76,2400,None,31960.734375
3220.5,1,47.63,400,None,226.5
3220.5,2,46.72,400,None,226.5
3220.5,3,47.30,400,None,226.4375
3225.5,0,59.76,2400,None,31960.734375
3225.5,1,47.86,400,None,226.5
3225.5,2,46.83,400,None,226.5
3225.5,3,47.51,400,None,226.4375
3230.5,0,97.32,2400,None,31960.734375
3230.5,1,47.41,400,None,226.5
3230.5,2,46.57,400,None,226.5
3230.5,3,46.95,400,None,226.4375
3235.5,0,148.15,2400,None,31960.734375
3235.5,1,47.17,400,None,226.5
3235.5,2,46.37,400,None,226.5
3235.5,3,47.11,400,None,226.4375
3240.5,0,147.14,2400,None,31960.734375
3240.5,1,47.32,400,None,226.5
3240.5,2,46.22,400,None,226.5
3240.5,3,46.97,400,None,226.4375
3245.5,0,148.92,2400,None,31960.734375
3245.5,1,47.75,400,None,226.5
3245.5,2,46.62,400,None,226.5
3245.5,3,47.37,400,None,226.4375
3250.5,0,200.56,2017,PowerBurst,31960.734375
3250.5,1,48.10,400,None,226.5
3250.5,2,46.88,400,None,226.5
3250.5,3,47.54,400,None,226.4375
3255.5,0,200.03,2000,PowerBurst,31960.734375
3255.5,1,48.06,400,None,226.5
3255.5,2,46.90,400,None,226.5
3255.5,3,47.55,400,None,226.4375
3260.5,0,199.55,2083,PowerBurst,31960.734375
3260.5,1,47.68,400,None,226.5
3260.5,2,46.58,400,None,226.5
3260.5,3,47.22,400,None,226.4375
3265.5,0,199.91,2100,PowerBurst,31960.734375
3265.5,1,47.98,400,None,226.5
3265.5,2,46.74,400,None,226.5
3265.5,3,47.56,400,None,226.4375
3270.5,0,200.01,2100,PowerBurst,31960.734375
3270.5,1,48.06,400,None,226.5
3270.5,2,46.84,400,None,226.5
3270.5,3,47.62,400,None,226.4375
3275.5,0,199.86,2117,PowerBurst,31960.734375
3275.5,1,47.33,400,None,226.5
3275.5,2,46.34,400,None,226.5
3275.5,3,47.16,400,None,226.4375
3280.5,0,200.00,2117,PowerBurst,31960.734375
3280.5,1,47.17,400,None,226.5
3280.5,2,46.03,400,None,226.5
3280.5,3,46.75,400,None,226.4375
3285.5,0,199.96,2117,PowerBurst,31960.734375
3285.5,1,47.42,400,None,226.5
3285.5,2,46.26,400,None,226.5
3285.5,3,47.00,400,None,226.4375
3290.5,0,200.23,2083,PowerBurst,31960.734375
3290.5,1,48.10,400,None,226.5
3290.5,2,46.90,400,None,226.5
3290.5,3,47.64,400,None,226.4375
3295.5,0,199.95,2083,PowerBurst,31960.734375
3295.5,1,48.01,400,None,226.5
3295.5,2,46.90,400,None,226.5
3295.5,3,47.74,400,None,226.4375
3300.5,0,199.97,2083,PowerBurst,31960.734375
3300.5,1,47.89,400,None,226.5
3300.5,2,46.82,400,None,226.5
3300.5,3,47.38,400,None,226.4375
3305.5,0,199.98,2100,PowerBurst,31960.734375
3305.5,1,47.87,400,None,226.5
3305.5,2,46.70,400,None,226.5
3305.5,3,47.54,400,None,226.4375
3310.5,0,199.99,2100,PowerBurst,31960.734375
3310.5,1,48.08,400,None,226.5
3310.5,2,46.86,400,None,226.5
3310.5,3,47.66,400,None,226.4375
3315.5,0,200.32,2033,PowerBurst,31960.734375
3315.5,1,47.70,400,None,226.5
3315.5,2,46.58,400,None,226.5
3315.5,3,47.28,400,None,226.4375
3320.5,0,199.69,2100,PowerBurst,31960.734375
3320.5,1,47.16,400,None,226.5
3320.5,2,45.99,400,None,226.5
3320.5,3,46.68,400,None,226.4375
3325.5,0,199.99,2083,PowerBurst,31960.734375
3325.5,1,47.42,400,None,226.5
3325.5,2,46.25,400,None,226.5
3325.5,3,47.01,400,None,226.4375
3330.5,0,199.97,2083,PowerBurst,31960.734375
3330.5,1,47.93,400,None,226.5
3330.5,2,46.66,400,None,226.5
3330.5,3,47.54,400,None,226.4375
3335.5,0,199.96,2083,PowerBurst,31960.734375
3335.5,1,48.06,400,None,226.5
3335.5,2,46.91,400,None,226.5
3335.5,3,47.75,400,None,226.4375
3340.5,0,199.80,2133,PowerBurst,31960.734375
3340.5,1,47.80,400,None,226.5
3340.5,2,46.86,400,None,226.5
3340.5,3,47.67,400,None,226.4375
3345.5,0,200.48,2050,PowerBurst,31960.734375
3345.5,1,47.84,400,None,226.5
3345.5,2,46.58,400,None,226.5
3345.5,3,47.36,400,None,226.4375
3350.5,0,199.61,2117,PowerBurst,31960.734375
3350.5,1,47.99,400,None,226.5
3350.5,2,46.77,400,None,226.5
3350.5,3,47.58,400,None,226.4375
3355.5,0,200.10,2083,PowerBurst,31960.734375
3355.5,1,47.95,400,None,226.5
3355.5,2,46.74,400,None,226.5
3355.5,3,47.55,400,None,226.4375
3360.5,0,200.02,2083,PowerBurst,31960.734375
3360.5,1,47.21,400,None,226.5
3360.5,2,46.38,400,None,226.5
3360.5,3,46.89,400,None,226.4375
3365.5,0,200.03,2083,PowerBurst,31960.734375
3365.5,1,47.24,400,None,226.5
3365.5,2,46.06,400,None,226.5
3365.5,3,46.89,400,None,226.4375
3370.5,0,200.18,2050,PowerBurst,31960.734375
3370.5,1,47.56,400,None,226.5
3370.5,2,46.35,400,None,226.5
3370.5,3,47.19,400,None,226.4375
3375.5,0,199.60,2117,PowerBurst,31960.734375
3375.5,1,48.12,400,None,226.5
3375.5,2,46.91,400,None,226.5
3375.5,3,47.74,400,None,226.4375
3380.5,0,200.28,2067,PowerBurst,31960.734375
3380.5,1,48.08,400,None,226.5
3380.5,2,47.04,400,None,226.5
3380.5,3,47.71,400,None,226.4375
3385.5,0,199.84,2100,PowerBurst,31960.734375
3385.5,1,47.81,400,None,226.5
3385.5,2,46.63,400,None,226.5
3385.5,3,47.41,400,None,226.4375
3390.5,0,200.02,2083,PowerBurst,31960.734375
3390.5,1,47.92,400,None,226.5
3390.5,2,46.73,400,None,226.5
3390.5,3,47.61,400,None,226.4375
3395.5,0,199.95,2100,PowerBurst,31960.734375
3395.5,1,48.11,400,None,226.5
3395.5,2,46.87,400,None,226.5
3395.5,3,47.74,400,None,226.4375
3400.5,0,199.93,2117,PowerBurst,31960.734375
3400.5,1,47.38,400,None,226.5
3400.5,2,46.57,400,None,226.5
3400.5,3,47.28,400,None,226.4375
3405.5,0,200.34,2050,PowerBurst,31960.734375
3405.5,1,47.13,400,None,226.5
3405.5,2,45.98,400,None,226.5
3405.5,3,46.71,400,None,226.4375
3410.5,0,199.77,2100,PowerBurst,31960.734375
3410.5,1,47.30,400,None,226.5
3410.5,2,46.17,400,None,226.5
3410.5,3,46.96,400,None,226.4375
3415.5,0,199.89,2100,PowerBurst,31960.734375
3415.5,1,48.00,400,None,226.5
3415.5,2,46.73,400,None,226.5
3415.5,3,47.62,400,None,226.4375
3420.5,0,200.10,2083,PowerBurst,31960.734375
3420.5,1,48.08,400,None,226.5
3420.5,2,46.97,400,None,226.5
3420.5,3,47.80,400,None,226.4375
3425.5,0,199.89,2083,PowerBurst,31960.734375
3425.5,1,47.86,400,None,226.5
3425.5,2,46.88,400,None,226.5
3425.5,3,47.47,400,None,226.4375
3430.5,0,199.99,2100,PowerBurst,31960.734375
3430.5,1,47.91,400,None,226.5
3430.5,2,46.67,400,None,226.5
3430.5,3,47.50,400,None,226.4375
3435.5,0,199.85,2117,PowerBurst,31960.734375
3435.5,1,48.03,400,None,226.5
3435.5,2,46.82,400,None,226.5
3435.5,3,47.69,400,None,226.4375
3440.5,0,200.13,2100,PowerBurst,31960.734375
3440.5,1,47.94,400,None,226.5
3440.5,2,46.75,400,None,226.5
3440.5,3,47.58,400,None,226.4375
3445.5,0,200.04,2100,PowerBurst,31960.734375
3445.5,1,47.17,400,None,226.5
3445.5,2,46.17,400,None,226.5
3445.5,3,46.73,400,None,226.4375
3450.5,0,200.04,2083,PowerBurst,31960.734375
3450.5,1,47.24,400,None,226.5
3450.5,2,46.13,400,None,226.5
3450.5,3,46.90,400,None,226.4375
3455.5,0,199.97,2083,PowerBurst,31960.734375
3455.5,1,47.74,400,None,226.5
3455.5,2,46.46,400,None,226.5
3455.5,3,47.38,400,None,226.4375
3460.5,0,200.01,2083,PowerBurst,31960.734375
3460.5,1,48.07,400,None,226.5
3460.5,2,46.93,400,None,226.5
3460.5,3,47.81,400,None,226.4375
3465.5,0,199.86,2117,PowerBurst,31960.734375
3465.5,1,47.75,400,None,226.5
3465.5,2,46.96,400,None,226.5
3465.5,3,47.71,400,None,226.4375
3470.5,0,200.03,2117,PowerBurst,31960.734375
3470.5,1,47.86,400,None,226.5
3470.5,2,46.68,400,None,226.5
3470.5,3,47.47,400,None,226.4375
3475.5,0,199.96,2100,PowerBurst,31960.734375
3475.5,1,47.98,400,None,226.5
3475.5,2,46.76,400,None,226.5
3475.5,3,47.58,400,None,226.4375
3480.5,0,200.09,2083,PowerBurst,31960.734375
3480.5,1,48.14,400,None,226.5
3480.5,2,46.91,400,None,226.5
3480.5,3,47.78,400,None,226.4375
3485.5,0,200.03,2083,PowerBurst,31960.734375
3485.5,1,47.36,400,None,226.5
3485.5,2,46.40,400,None,226.5
3485.5,3,46.95,400,None,226.4375
3490.5,0,199.91,2083,PowerBurst,31960.734375
3490.5,1,47.24,400,None,226.5
3490.5,2,46.11,400,None,226.5
3490.5,3,46.91,400,None,226.4375
3495.5,0,199.73,2150,PowerBurst,31960.734375
3495.5,1,47.44,400,None,226.5
3495.5,2,46.26,400,None,226.5
3495.5,3,47.12,400,None,226.4375
3500.5,0,140.70,2400,None,31960.734375
3500.5,1,47.95,400,None,226.5
3500.5,2,46.81,400,None,226.5
3500.5,3,47.53,400,None,226.4375
3505.5,0,60.62,2400,None,31960.734375
3505.5,1,47.99,400,None,226.5
3505.5,2,46.87,400,None,226.5
3505.5,3,47.64,400,None,226.4375
3510.5,0,59.64,2400,None,31960.734375
3510.5,1,47.72,400,None,226.5
3510.5,2,46.75,400,None,226.5
3510.5,3,47.27,400,None,226.4375
3515.5,0,113.78,2400,None,31960.734375
3515.5,1,47.75,400,None,226.5
3515.5,2,46.81,400,None,226.5
3515.5,3,47.35,400,None,226.4375
3520.5,0,148.07,2400,None,31960.734375
3520.5,1,48.05,400,None,226.5
3520.5,2,46.87,400,None,226.5
3520.5,3,47.73,400,None,226.4375
3525.5,0,148.66,2400,None,31960.734375
3525.5,1,47.59,400,None,226.5
3525.5,2,46.75,400,None,226.5
3525.5,3,47.49,400,None,226.4375
3530.5,0,157.60,2083,PowerBurst,31960.734375
3530.5,1,47.28,400,None,226.5
3530.5,2,46.17,400,None,226.5
3530.5,3,46.83,400,None,226.4375
3535.5,0,200.31,2017,PowerBurst,31960.734375
3535.5,1,47.16,400,None,226.5
3535.5,2,46.11,400,None,226.5
3535.5,3,46.67,400,None,226.4375
3540.5,0,200.00,2017,PowerBurst,31960.734375
3540.5,1,47.77,400,None,226.5
3540.5,2,46.46,400,None,226.5
3540.5,3,47.27,400,None,226.4375
3545.5,0,200.01,2000,PowerBurst,31960.734375
3545.5,1,48.08,400,None,226.5
3545.5,2,46.93,400,None,226.5
3545.5,3,47.71,400,None,226.4375
3550.5,0,199.99,2017,PowerBurst,31960.734375
3550.5,1,47.70,400,None,226.5
3550.5,2,47.02,400,None,226.5
3550.5,3,47.35,400,None,226.4375
3555.5,0,199.53,2100,PowerBurst,31960.734375
3555.5,1,47.93,400,None,226.5
3555.5,2,46.79,400,None,226.5
3555.5,3,47.49,400,None,226.4375
3560.5,0,200.02,2100,PowerBurst,31960.734375
3560.5,1,48.05,400,None,226.5
3560.5,2,46.90,400,None,226.5
3560.5,3,47.62,400,None,226.4375
3565.5,0,200.04,2100,PowerBurst,31960.734375
3565.5,1,48.20,400,None,226.5
3565.5,2,46.96,400,None,226.5
3565.5,3,47.79,400,None,226.4375
3570.5,0,199.93,2100,PowerBurst,31960.734375
3570.5,1,47.38,400,None,226.5
3570.5,2,46.15,400,None,226.5
3570.5,3,46.93,400,None,226.4375
3575.5,0,200.01,2100,PowerBurst,31960.734375
3575.5,1,47.41,400,None,226.5
3575.5,2,46.18,400,None,226.5
3575.5,3,46.96,400,None,226.4375
3580.5,0,199.70,2150,PowerBurst,31960.734375
3580.5,1,47.38,400,None,226.5
3580.5,2,46.21,400,None,226.5
3580.5,3,47.00,400,None,226.4375
3585.5,0,200.15,2133,PowerBurst,31960.734375
3585.5,1,48.14,400,None,226.5
3585.5,2,46.92,400,None,226.5
3585.5,3,47.83,400,None,226.4375
3590.5,0,200.19,2083,PowerBurst,31960.734375
3590.5,1,47.80,400,None,226.5
3590.5,2,46.94,400,None,226.5
3590.5,3,47.65,400,None,226.4375
3595.5,0,199.74,2133,PowerBurst,31960.734375
3595.5,1,47.90,400,None,226.5
3595.5,2,46.81,400,None,226.5
3595.5,3,47.47,400,None,226.4375
3600.5,0,199.99,2133,PowerBurst,31960.734375
3600.5,1,47.93,400,None,226.5
3600.5,2,46.72,400,None,226.5
3600.5,3,47.56,400,None,226.4375
3605.5,0,199.93,2133,PowerBurst,31960.734375
3605.5,1,48.15,400,None,226.5
3605.5,2,46.86,400,None,226.5
3605.5,3,47.77,400,None,226.4375
3610.5,0,200.11,2133,PowerBurst,31960.734375
3610.5,1,47.56,400,None,226.5
3610.5,2,46.68,400,None,226.5
3610.5,3,47.19,400,None,226.4375
3615.5,0,200.18,2083,PowerBurst,31960.734375
3615.5,1,47.41,400,None,226.5
3615.5,2,46.21,400,None,226.5
3615.5,3,46.98,400,None,226.4375
3620.5,0,199.99,2100,PowerBurst,31960.734375
3620.5,1,47.46,400,None,226.5
3620.5,2,46.27,400,None,226.5
3620.5,3,47.07,400,None,226.4375
3625.5,0,199.91,2100,PowerBurst,31960.734375
3625.5,1,47.95,400,None,226.5
3625.5,2,46.71,400,None,226.5
3625.5,3,47.59,400,None,226.4375
3630.5,0,200.06,2100,PowerBurst,31960.734375
3630.5,1,47.88,400,None,226.5
3630.5,2,46.93,400,None,226.5
3630.5,3,47.75,400,None,226.4375
3635.5,0,199.66,2150,PowerBurst,31960.734375
3635.5,1,47.88,400,None,226.5
3635.5,2,46.80,400,None,226.5
3635.5,3,47.53,400,None,226.4375
3640.5,0,199.96,2167,PowerBurst,31960.734375
3640.5,1,47.99,400,None,226.5
3640.5,2,46.77,400,None,226.5
3640.5,3,47.54,400,None,226.4375
3645.5,0,200.60,2050,PowerBurst,31960.734375
3645.5,1,47.90,400,None,226.5
3645.5,2,46.86,400,None,226.5
3645.5,3,47.62,400,None,226.4375
3650.5,0,199.48,2150,PowerBurst,31960.734375
3650.5,1,47.81,400,None,226.5
3650.5,2,46.85,400,None,226.5
3650.5,3,47.70,400,None,226.4375
3655.5,0,199.97,2150,PowerBurst,31960.734375
3655.5,1,47.21,400,None,226.5
3655.5,2,46.11,400,None,226.5
3655.5,3,46.79,400,None,226.4375
3660.5,0,200.37,2083,PowerBurst,31960.734375
3660.5,1,47.29,400,None,226.5
3660.5,2,46.22,400,None,226.5
3660.5,3,46.90,400,None,226.4375
3665.5,0,199.92,2100,PowerBurst,31960.734375
3665.5,1,47.66,400,None,226.5
3665.5,2,46.40,400,None,226.5
3665.5,3,47.29,400,None,226.4375
3670.5,0,199.99,2100,PowerBurst,31960.734375
3670.5,1,48.24,400,None,226.5
3670.5,2,47.01,400,None,226.5
3670.5,3,47.85,400,None,226.4375
3675.5,0,199.95,2100,PowerBurst,31960.734375
3675.5,1,47.90,400,None,226.5
3675.5,2,46.70,400,None,226.5
3675.5,3,47.48,400,None,226.4375
3680.5,0,200.06,2100,PowerBurst,31960.734375
3680.5,1,48.05,400,None,226.5
3680.5,2,46.83,400,None,226.5
3680.5,3,47.59,400,None,226.4375
3685.5,0,199.91,2100,PowerBurst,31960.734375
3685.5,1,48.08,400,None,226.5
3685.5,2,46.83,400,None,226.5
3685.5,3,47.67,400,None,226.4375
3690.5,0,199.54,2183,PowerBurst,31960.734375
3690.5,1,47.98,400,None,226.5
3690.5,2,46.96,400,None,226.5
3690.5,3,47.90,400,None,226.4375
3695.5,0,200.16,2150,PowerBurst,31960.734375
3695.5,1,47.52,400,None,226.5
3695.5,2,46.29,400,None,226.5
3695.5,3,47.10,400,None,226.4375
3700.5,0,200.05,2133,PowerBurst,31960.734375
3700.5,1,47.20,400,None,226.5
3700.5,2,46.19,400,None,226.5
3700.5,3,46.82,400,None,226.4375
3705.5,0,200.03,2133,PowerBurst,31960.734375
3705.5,1,47.39,400,None,226.5
3705.5,2,46.21,400,None,226.5
3705.5,3,46.98,400,None,226.4375
3710.5,0,199.97,2133,PowerBurst,31960.734375
3710.5,1,48.00,400,None,226.5
3710.5,2,46.75,400,None,226.5
3710.5,3,47.72,400,None,226.4375
3715.5,0,199.99,2133,PowerBurst,31960.734375
3715.5,1,47.91,400,None,226.5
3715.5,2,46.95,400,None,226.5
3715.5,3,47.84,400,None,226.4375
3720.5,0,199.91,2150,PowerBurst,31960.734375
3720.5,1,47.83,400,None,226.5
3720.5,2,46.84,400,None,226.5
3720.5,3,47.43,400,None,226.4375
3725.5,0,200.26,2100,PowerBurst,31960.734375
3725.5,1,47.99,400,None,226.5
3725.5,2,46.88,400,None,226.5
3725.5,3,47.60,400,None,226.4375
3730.5,0,200.09,2083,PowerBurst,31960.734375
3730.5,1,48.09,400,None,226.5
3730.5,2,46.90,400,None,226.5
3730.5,3,47.73,400,None,226.4375
3735.5,0,199.94,2100,PowerBurst,31960.734375
3735.5,1,47.88,400,None,226.5
3735.5,2,46.59,400,None,226.5
3735.5,3,47.43,400,None,226.4375
3740.5,0,200.00,2100,PowerBurst,31960.734375
3740.5,1,47.36,400,None,226.5
3740.5,2,46.21,400,None,226.5
3740.5,3,46.96,400,None,226.4375
3745.5,0,199.65,2150,PowerBurst,31960.734375
3745.5,1,47.34,400,None,226.5
3745.5,2,46.28,400,None,226.5
3745.5,3,46.91,400,None,226.4375
3750.5,0,200.03,2150,PowerBurst,31960.734375
3750.5,1,47.70,400,None,226.5
3750.5,2,46.49,400,None,226.5
3750.5,3,47.38,400,None,226.4375
3755.5,0,200.08,2133,PowerBurst,31960.734375
3755.5,1,47.86,400,None,226.5
3755.5,2,46.88,400,None,226.5
3755.5,3,47.79,400,None,226.4375
3760.5,0,200.01,2133,PowerBurst,31960.734375
3760.5,1,47.83,400,None,226.5
3760.5,2,46.74,400,None,226.5
3760.5,3,47.45,400,None,226.4375
3765.5,0,200.45,2067,PowerBurst,31960.734375
3765.5,1,48.05,400,None,226.5
3765.5,2,46.93,400,None,226.5
3765.5,3,47.61,400,None,226.4375
3770.5,0,199.72,2100,PowerBurst,31960.734375
3770.5,1,47.99,400,None,226.5
3770.5,2,46.91,400,None,226.5
3770.5,3,47.65,400,None,226.4375
3775.5,0,199.94,2117,PowerBurst,31960.734375
3775.5,1,47.98,400,None,226.5
3775.5,2,46.95,400,None,226.5
3775.5,3,47.59,400,None,226.4375
3780.5,0,200.09,2100,PowerBurst,31960.734375
3780.5,1,47.47,400,None,226.5
3780.5,2,46.26,400,None,226.5
3780.5,3,47.07,400,None,226.4375
3785.5,0,199.97,2100,PowerBurst,31960.734375
3785.5,1,47.48,400,None,226.5
3785.5,2,46.31,400,None,226.5
3785.5,3,47.06,400,None,226.4375
3790.5,0,200.06,2100,PowerBurst,31960.734375
3790.5,1,47.58,400,None,226.5
3790.5,2,46.39,400,None,226.5
3790.5,3,47.16,400,None,226.4375
3795.5,0,199.69,2150,PowerBurst,31960.734375
3795.5,1,47.86,400,None,226.5
3795.5,2,46.85,400,None,226.5
3795.5,3,47.70,400,None,226.4375
3800.5,0,200.07,2150,PowerBurst,31960.734375
3800.5,1,47.87,400,None,226.5
3800.5,2,46.70,400,None,226.5
3800.5,3,47.47,400,None,226.4375
3805.5,0,199.95,2150,PowerBurst,31960.734375
3805.5,1,47.91,400,None,226.5
3805.5,2,46.88,400,None,226.5
3805.5,3,47.47,400,None,226.4375
3810.5,0,200.02,2133,PowerBurst,31960.734375
3810.5,1,48.01,400,None,226.5
3810.5,2,46.92,400,None,226.5
3810.5,3,47.65,400,None,226.4375
3815.5,0,199.99,2133,PowerBurst,31960.734375
3815.5,1,47.88,400,None,226.5
3815.5,2,46.82,400,None,226.5
3815.5,3,47.80,400,None,226.4375
3820.5,0,199.97,2133,PowerBurst,31960.734375
3820.5,1,47.76,400,None,226.5
3820.5,2,46.44,400,None,226.5
3820.5,3,47.35,400,None,226.4375
3825.5,0,200.10,2133,PowerBurst,31960.734375
3825.5,1,47.33,400,None,226.5
3825.5,2,46.22,400,None,226.5
3825.5,3,46.96,400,None,226.4375
3830.5,0,199.87,2150,PowerBurst,31960.734375
3830.5,1,47.49,400,None,226.5
3830.5,2,46.38,400,None,226.5
3830.5,3,47.08,400,None,226.4375
3835.5,0,200.30,2083,PowerBurst,31960.734375
3835.5,1,47.81,400,None,226.5
3835.5,2,46.70,400,None,226.5
3835.5,3,47.46,400,None,226.4375
3840.5,0,200.01,2100,PowerBurst,31960.734375
3840.5,1,48.00,400,None,226.5
3840.5,2,46.72,400,None,226.5
3840.5,3,47.56,400,None,226.4375
3845.5,0,199.99,2083,PowerBurst,31960.734375
3845.5,1,48.02,400,None,226.5
3845.5,2,46.80,400,None,226.5
3845.5,3,47.60,400,None,226.4375
3850.5,0,199.86,2117,PowerBurst,31960.734375
3850.5,1,48.12,400,None,226.5
3850.5,2,46.93,400,None,226.5
3850.5,3,47.68,400,None,226.4375
3855.5,0,199.83,2150,PowerBurst,31960.734375
3855.5,1,47.89,400,None,226.5
3855.5,2,46.90,400,None,226.5
3855.5,3,47.75,400,None,226.4375
3860.5,0,199.98,2133,PowerBurst,31960.734375
3860.5,1,47.90,400,None,226.5
3860.5,2,46.70,400,None,226.5
3860.5,3,47.61,400,None,226.4375
3865.5,0,199.90,2167,PowerBurst,31960.734375
3865.5,1,47.32,400,None,226.5
3865.5,2,46.11,400,None,226.5
3865.5,3,46.96,400,None,226.4375
3870.5,0,200.05,2150,PowerBurst,31960.734375
3870.5,1,47.31,400,None,226.5
3870.5,2,46.31,400,None,226.5
3870.5,3,46.97,400,None,226.4375
3875.5,0,200.03,2133,PowerBurst,31960.734375
3875.5,1,47.50,400,None,226.5
3875.5,2,46.41,400,None,226.5
3875.5,3,47.19,400,None,226.4375
3880.5,0,199.99,2133,PowerBurst,31960.734375
3880.5,1,47.91,400,None,226.5
3880.5,2,46.90,400,None,226.5
3880.5,3,47.84,400,None,226.4375
3885.5,0,200.30,2083,PowerBurst,31960.734375
3885.5,1,47.91,400,None,226.5
3885.5,2,46.72,400,None,226.5
3885.5,3,47.50,400,None,226.4375
3890.5,0,199.95,2100,PowerBurst,31960.734375
3890.5,1,48.12,400,None,226.5
3890.5,2,47.00,400,None,226.5
3890.5,3,47.70,400,None,226.4375
3895.5,0,200.02,2100,PowerBurst,31960.734375
3895.5,1,48.09,400,None,226.5
3895.5,2,47.02,400,None,226.5
3895.5,3,47.71,400,None,226.4375
3900.5,0,199.93,2100,PowerBurst,31960.734375
3900.5,1,47.95,400,None,226.5
3900.5,2,46.68,400,None,226.5
3900.5,3,47.52,400,None,226.4375
3905.5,0,199.76,2150,PowerBurst,31960.734375
3905.5,1,47.77,400,None,226.5
3905.5,2,46.44,400,None,226.5
3905.5,3,47.38,400,None,226.4375
3910.5,0,199.89,2150,PowerBurst,31960.734375
3910.5,1,47.39,400,None,226.5
3910.5,2,46.29,400,None,226.5
3910.5,3,46.97,400,None,226.4375
3915.5,0,199.92,2167,PowerBurst,31960.734375
3915.5,1,47.35,400,None,226.5
3915.5,2,46.37,400,None,226.5
3915.5,3,47.04,400,None,226.4375
3920.5,0,200.11,2167,PowerBurst,31960.734375
3920.5,1,47.66,400,None,226.5
3920.5,2,46.61,400,None,226.5
3920.5,3,47.53,400,None,226.4375
3925.5,0,200.07,2150,PowerBurst,31960.734375
3925.5,1,48.00,400,None,226.5
3925.5,2,46.68,400,None,226.5
3925.5,3,47.61,400,None,226.4375
3930.5,0,200.03,2133,PowerBurst,31960.734375
3930.5,1,47.91,400,None,226.5
3930.5,2,46.79,400,None,226.5
3930.5,3,47.54,400,None,226.4375
3935.5,0,199.97,2133,PowerBurst,31960.734375
3935.5,1,48.02,400,None,226.5
3935.5,2,46.96,400,None,226.5
3935.5,3,47.71,400,None,226.4375
3940.5,0,199.93,2150,PowerBurst,31960.734375
3940.5,1,47.79,400,None,226.5
3940.5,2,46.91,400,None,226.5
3940.5,3,47.66,400,None,226.4375
3945.5,0,200.39,2083,PowerBurst,31960.734375
3945.5,1,47.92,400,None,226.5
3945.5,2,46.76,400,None,226.5
3945.5,3,47.57,400,None,226.4375
3950.5,0,199.90,2100,PowerBurst,31960.734375
3950.5,1,47.44,400,None,226.5
3950.5,2,46.22,400,None,226.5
3950.5,3,47.07,400,None,226.4375
3955.5,0,200.06,2100,PowerBurst,31960.734375
3955.5,1,47.53,400,None,226.5
3955.5,2,46.38,400,None,226.5
3955.5,3,47.11,400,None,226.4375
3960.5,0,199.99,2100,PowerBurst,31960.734375
3960.5,1,47.53,400,None,226.5
3960.5,2,46.49,400,None,226.5
3960.5,3,47.28,400,None,226.4375
3965.5,0,199.39,2183,PowerBurst,31960.734375
3965.5,1,47.97,400,None,226.5
3965.5,2,46.93,400,None,226.5
3965.5,3,47.55,400,None,226.4375
3970.5,0,116.33,2400,None,31960.734375
3970.5,1,47.69,400,None,226.5
3970.5,2,46.65,400,None,226.5
3970.5,3,47.21,400,None,226.4375
3975.5,0,60.23,2400,None,31960.734375
3975.5,1,47.87,400,None,226.5
3975.5,2,46.87,400,None,226.5
3975.5,3,47.44,400,None,226.4375
3980.5,0,59.83,2400,None,31960.734375
3980.5,1,48.04,400,None,226.5
3980.5,2,46.95,400,None,226.5
3980.5,3,47.62,400,None,226.4375
3985.5,0,59.63,2400,None,31960.734375
3985.5,1,47.77,400,None,226.5
3985.5,2,46.65,400,None,226.5
3985.5,3,47.37,400,None,226.4375
3990.5,0,57.25,2400,None,31960.734375
3990.5,1,47.49,400,None,226.5
3990.5,2,46.33,400,None,226.5
3990.5,3,47.00,400,None,226.4375
3995.5,0,55.38,2400,None,31960.734375
3995.5,1,47.12,400,None,226.5
3995.5,2,46.16,400,None,226.5
3995.5,3,46.57,400,None,226.4375
