t_s,card,gpu_busy_pct,package_temp_c,vram_temp_c,vram_hottest_channel_c,memory_controller_temp_c,pcie_temp_c,fan_rpm,power_w,energy_counter_uj
0.0,0,0.00,48.0,50.0,50.0,37.0,51.0,1091,,67663123897338
0.0,1,0.00,47.0,52.0,52.0,36.0,49.0,1094,,38667245116333
0.0,2,0.00,51.0,54.0,54.0,39.0,53.0,1096,,34727019548278
0.0,3,0.00,50.0,54.0,54.0,39.0,52.0,1090,,35073233194885
5.0,0,0.00,48.0,50.0,50.0,37.0,51.0,1080,47.10,67663390938171
5.0,1,0.00,47.0,52.0,52.0,36.0,49.0,1080,47.32,38667513396606
6.0,2,0.00,51.0,54.0,54.0,39.0,53.0,1078,46.97,34727285887268
6.0,3,0.00,51.0,54.0,54.0,39.0,53.0,1077,47.10,35073500741577
11.0,0,0.00,49.0,50.0,50.0,38.0,51.0,1088,49.16,67663670189147
11.0,1,0.00,49.0,52.0,52.0,37.0,50.0,1089,55.82,38667829920898
11.0,2,0.00,53.0,54.0,54.0,40.0,54.0,1101,54.95,34727597470458
11.0,3,0.00,52.0,52.0,52.0,39.0,53.0,1081,55.25,35073814021057
17.0,0,0.00,49.0,50.0,50.0,38.0,51.0,1082,51.72,67663962932373
17.0,1,0.00,49.0,54.0,54.0,37.0,50.0,1083,56.63,38668150474670
17.0,2,0.00,53.0,56.0,56.0,40.0,54.0,1114,55.76,34727913065368
17.0,3,0.00,53.0,54.0,54.0,39.0,54.0,1103,56.13,35074131728820
22.0,0,0.00,49.0,50.0,50.0,38.0,52.0,1082,51.36,67664253627136
22.0,1,0.00,49.0,54.0,54.0,37.0,50.0,1081,55.45,38668464300415
23.0,2,0.00,53.0,56.0,56.0,40.0,54.0,1124,54.53,34728221684082
23.0,3,0.00,53.0,54.0,54.0,40.0,54.0,1124,55.20,35074444132995
28.0,0,0.00,49.0,50.0,50.0,38.0,52.0,1081,50.23,67664538408752
28.0,1,0.00,49.0,54.0,54.0,38.0,50.0,1081,55.48,38668778895324
28.0,2,0.00,53.0,56.0,56.0,41.0,55.0,1134,54.52,34728530800964
28.0,3,0.00,53.0,54.0,54.0,40.0,54.0,1123,55.03,35074756141235
34.0,0,0.00,51.0,50.0,50.0,38.0,53.0,1081,56.60,67664858749938
34.0,1,0.00,49.0,52.0,52.0,38.0,50.0,1092,53.65,38669082547485
34.0,2,0.00,53.0,56.0,56.0,41.0,55.0,1124,54.62,34728839929748
34.0,3,0.00,53.0,54.0,54.0,40.0,55.0,1124,55.13,35075067619445
39.0,0,0.00,51.0,50.0,50.0,39.0,53.0,1092,55.80,67665174585998
39.0,1,0.00,49.0,52.0,52.0,37.0,51.0,1081,53.79,38669387023559
40.0,2,0.00,53.0,56.0,56.0,41.0,55.0,1187,54.54,34729148619140
40.0,3,0.00,53.0,54.0,54.0,40.0,55.0,1155,55.11,35075380065673
45.0,0,0.00,51.0,50.0,50.0,39.0,53.0,1082,55.58,67665489172668
45.0,1,0.00,49.0,52.0,52.0,37.0,50.0,1082,51.70,38669679663574
45.0,2,0.00,53.0,54.0,54.0,40.0,54.0,1187,49.77,34729430291259
45.0,3,0.00,53.0,54.0,54.0,40.0,54.0,1166,55.42,35075693714721
51.0,0,0.00,51.0,50.0,50.0,39.0,53.0,1081,55.66,67665804200744
51.0,1,0.00,49.0,52.0,52.0,38.0,51.0,1081,50.05,38669962947998
51.0,2,0.00,52.0,54.0,54.0,41.0,55.0,1124,50.45,34729715822937
51.0,3,0.00,53.0,54.0,54.0,40.0,55.0,1177,55.03,35076005167358
56.0,0,0.00,51.0,50.0,50.0,39.0,53.0,1103,55.85,67666120330932
56.0,1,0.00,49.0,52.0,52.0,38.0,51.0,1081,50.11,38670246563110
57.0,2,0.00,53.0,56.0,56.0,40.0,54.0,1113,51.49,34730007774047
57.0,3,0.00,54.0,54.0,54.0,40.0,55.0,1177,55.02,35076317132324
62.0,0,0.00,51.0,50.0,50.0,39.0,53.0,1112,55.80,67666436689758
62.0,1,0.00,50.0,52.0,52.0,38.0,51.0,1081,50.18,38670531076538
62.0,2,0.00,53.0,54.0,54.0,40.0,55.0,1132,49.68,34730289435241
62.0,3,0.00,52.0,54.0,54.0,40.0,54.0,1143,48.86,35076594184692
68.0,0,0.00,51.0,50.0,50.0,39.0,54.0,1121,55.84,67666753295959
68.0,1,0.00,50.0,52.0,52.0,38.0,51.0,1090,50.27,38670816117492
68.0,2,0.00,53.0,54.0,54.0,41.0,55.0,1123,49.14,34730567543518
68.0,3,0.00,53.0,54.0,54.0,40.0,54.0,1123,54.06,35076900170227
73.0,0,1.33,51.0,52.0,52.0,39.0,53.0,1123,53.65,67667057511901
73.0,1,1.50,49.0,52.0,52.0,38.0,51.0,1080,50.04,38671099867431
74.0,2,1.41,53.0,56.0,56.0,41.0,55.0,1133,49.20,34730846491088
74.0,3,1.28,53.0,54.0,54.0,40.0,55.0,1133,52.83,35077199738708
79.0,0,0.00,50.0,52.0,52.0,39.0,53.0,1090,48.13,67667330397277
79.0,1,0.00,50.0,52.0,52.0,38.0,51.0,1090,50.20,38671384480346
79.0,2,0.00,53.0,56.0,56.0,41.0,55.0,1132,49.45,34731127375549
79.0,3,0.00,53.0,54.0,54.0,40.0,55.0,1121,50.62,35077487258666
85.0,0,1.52,50.0,52.0,52.0,39.0,53.0,1089,47.30,67667599086181
85.0,1,0.00,49.0,52.0,52.0,38.0,51.0,1079,50.30,38671670179931
85.0,2,0.00,53.0,56.0,56.0,41.0,55.0,1123,49.71,34731409234558
85.0,3,0.00,53.0,54.0,54.0,40.0,55.0,1165,50.72,35077774839782
90.0,0,1.79,51.0,52.0,52.0,39.0,53.0,1081,49.15,67667877257446
90.0,1,0.00,49.0,52.0,52.0,38.0,51.0,1091,49.02,38671947632873
91.0,2,0.00,53.0,56.0,56.0,40.0,55.0,1133,48.09,34731681434082
91.0,3,0.00,53.0,54.0,54.0,40.0,54.0,1165,48.73,35078050672668
96.0,0,0.00,51.0,52.0,52.0,39.0,53.0,1079,47.24,67668145105895
96.0,1,0.00,50.0,52.0,52.0,38.0,51.0,1079,49.19,38672227028747
96.0,2,0.00,53.0,56.0,56.0,40.0,55.0,1132,47.93,34731953674499
96.0,3,0.00,52.0,54.0,54.0,40.0,55.0,1132,48.67,35078327109680
102.0,0,0.00,50.0,52.0,52.0,39.0,53.0,1079,47.35,67668414030578
102.0,1,0.00,49.0,52.0,52.0,38.0,51.0,1090,49.43,38672507312927
102.0,2,0.00,53.0,56.0,56.0,41.0,55.0,1122,48.07,34732226244445
102.0,3,0.00,53.0,54.0,54.0,40.0,54.0,1123,48.89,35078604339904
107.0,0,0.00,51.0,52.0,52.0,39.0,53.0,1091,47.58,67668683359191
107.0,1,0.00,50.0,52.0,52.0,38.0,51.0,1080,49.20,38672786258361
108.0,2,0.00,53.0,56.0,56.0,41.0,55.0,1131,48.14,34732499704589
108.0,3,0.00,53.0,54.0,54.0,40.0,54.0,1131,48.95,35078882386291
113.0,0,0.00,51.0,52.0,52.0,39.0,53.0,1079,47.12,67668951024475
113.0,1,0.00,50.0,52.0,52.0,38.0,51.0,1090,49.21,38673065264282
113.0,2,0.00,53.0,56.0,56.0,41.0,55.0,1133,48.16,34732772269653
113.0,3,0.00,53.0,54.0,54.0,40.0,55.0,1123,48.72,35079158148071
119.0,0,0.00,51.0,52.0,52.0,39.0,53.0,1081,47.18,67669218551574
119.0,1,0.00,50.0,52.0,52.0,38.0,51.0,1081,49.31,38673344832763
119.0,2,0.00,53.0,56.0,56.0,41.0,55.0,1123,47.98,34733044322631
119.0,3,0.00,53.0,54.0,54.0,40.0,55.0,1133,48.80,35079434865966
124.0,0,4.32,52.0,52.0,52.0,39.0,54.0,1079,49.39,67669498580871
124.0,1,0.00,49.0,52.0,52.0,38.0,51.0,1089,49.61,38673626097167
125.0,2,0.00,53.0,56.0,56.0,41.0,55.0,1131,48.05,34733317261108
125.0,3,0.00,53.0,54.0,54.0,40.0,55.0,1132,48.91,35079712684692
130.0,0,0.00,52.0,52.0,52.0,40.0,54.0,1111,55.99,67669816611267
130.0,1,0.00,50.0,52.0,52.0,38.0,51.0,1080,52.53,38673924479980
130.0,2,0.00,53.0,56.0,56.0,40.0,55.0,1134,48.26,34733590435791
130.0,3,0.00,53.0,54.0,54.0,40.0,55.0,1124,48.64,35079987984802
136.0,0,0.00,52.0,52.0,52.0,40.0,54.0,1103,55.86,67670132759460
136.0,1,0.00,51.0,54.0,54.0,38.0,52.0,1081,57.11,38674247737670
136.0,2,1.27,53.0,56.0,56.0,41.0,55.0,1123,52.39,34733887470153
136.0,3,0.00,53.0,54.0,54.0,40.0,55.0,1133,48.68,35080263987243
141.0,0,0.00,52.0,52.0,52.0,40.0,54.0,1134,56.18,67670450721252
141.0,1,0.00,51.0,54.0,54.0,38.0,52.0,1092,55.96,38674564479736
142.0,2,0.00,54.0,56.0,56.0,41.0,56.0,1177,55.44,34734201238403
142.0,3,2.35,54.0,54.0,54.0,41.0,55.0,1134,52.48,35080561011840
147.0,0,0.00,52.0,52.0,52.0,40.0,54.0,1142,54.38,67670759594482
147.0,1,0.00,50.0,54.0,54.0,38.0,52.0,1088,53.18,38674866525817
147.0,2,0.00,54.0,56.0,56.0,41.0,56.0,1182,55.14,34734515000854
147.0,3,0.00,54.0,56.0,56.0,41.0,55.0,1158,57.23,35080887241271
153.0,0,0.00,53.0,54.0,54.0,40.0,55.0,1108,59.21,67671096491088
153.0,1,8.67,51.0,54.0,54.0,39.0,52.0,1088,56.95,38675190564086
153.0,2,11.57,54.0,56.0,56.0,41.0,56.0,1194,55.70,34734831387023
153.0,3,10.20,54.0,56.0,56.0,41.0,56.0,1175,56.03,35081204928588
158.0,0,29.07,53.0,54.0,54.0,40.0,55.0,1123,72.35,67671506690002
158.0,1,25.62,51.0,54.0,54.0,39.0,52.0,1091,69.86,38675586681762
159.0,2,25.34,54.0,58.0,58.0,42.0,56.0,1187,69.28,34735223536682
159.0,3,24.48,55.0,56.0,56.0,41.0,56.0,1188,69.50,35081598281677
164.0,0,16.07,55.0,56.0,56.0,41.0,56.0,1197,70.76,67671907210998
164.0,1,22.69,52.0,56.0,56.0,39.0,53.0,1111,69.76,38675982206176
164.0,2,24.64,55.0,58.0,58.0,42.0,57.0,1206,68.80,34735614305908
164.0,3,16.23,55.0,58.0,58.0,42.0,57.0,1205,67.56,35081982018981
170.0,0,7.05,56.0,56.0,56.0,42.0,58.0,1164,74.22,67672328806030
170.0,1,17.93,52.0,56.0,56.0,39.0,53.0,1133,68.51,38676370661926
170.0,2,20.19,55.0,58.0,58.0,42.0,57.0,1229,67.29,34735995149475
170.0,3,16.75,55.0,58.0,58.0,42.0,56.0,1241,66.03,35082355726501
175.0,0,41.06,54.0,56.0,54.0,41.0,56.0,1187,72.25,67672737744934
175.0,1,39.67,52.0,54.0,54.0,40.0,53.0,1166,75.02,38676795247741
176.0,2,39.90,55.0,58.0,58.0,42.0,57.0,1229,74.88,34736419695007
176.0,3,38.56,55.0,58.0,58.0,42.0,57.0,1239,78.26,35082799446655
181.0,0,38.82,55.0,54.0,54.0,41.0,57.0,1197,76.06,67673168987121
181.0,1,38.25,53.0,54.0,56.0,40.0,54.0,1133,73.73,38677212552124
181.0,2,39.95,55.0,58.0,58.0,43.0,57.0,1240,73.25,34736834276672
181.0,3,40.52,56.0,58.0,58.0,42.0,57.0,1230,75.24,35083225282531
187.0,0,0.00,55.0,56.0,56.0,41.0,56.0,1188,68.63,67673556752380
187.0,1,0.00,53.0,56.0,56.0,40.0,54.0,1124,65.86,38677585326660
187.0,2,0.00,56.0,58.0,58.0,43.0,58.0,1220,63.87,34737195805419
187.0,3,0.00,56.0,58.0,58.0,42.0,57.0,1209,66.80,35083603364624
192.0,0,0.00,54.0,56.0,56.0,41.0,56.0,1195,56.40,67673877088073
192.0,1,0.00,53.0,56.0,56.0,40.0,54.0,1183,56.32,38677905814331
193.0,2,0.00,56.0,58.0,58.0,43.0,57.0,1245,55.01,34737508806823
193.0,3,0.00,56.0,58.0,58.0,42.0,57.0,1255,55.38,35083918459655
198.0,0,8.70,57.0,56.0,56.0,42.0,58.0,1216,60.18,67674218899719
198.0,1,0.00,53.0,56.0,56.0,40.0,54.0,1164,56.47,38678226002136
198.0,2,0.00,56.0,58.0,58.0,42.0,57.0,1260,54.88,34737819982299
198.0,3,0.00,56.0,58.0,58.0,42.0,57.0,1250,55.11,35084230934326
204.0,0,19.68,54.0,56.0,56.0,42.0,57.0,1187,70.27,67674616609008
204.0,1,26.89,53.0,56.0,56.0,40.0,54.0,1112,72.27,38678635798400
204.0,2,37.43,55.0,58.0,58.0,43.0,58.0,1228,69.55,34738214311584
204.0,3,34.91,56.0,58.0,58.0,42.0,57.0,1239,71.15,35084634333923
209.0,0,40.39,55.0,56.0,56.0,42.0,57.0,1175,76.23,67675049600585
209.0,1,39.54,53.0,56.0,56.0,40.0,54.0,1154,73.55,38679052799560
210.0,2,38.81,56.0,58.0,58.0,43.0,58.0,1228,72.34,34738624499816
210.0,3,37.57,56.0,58.0,60.0,43.0,58.0,1228,78.33,35085078472656
215.0,0,39.94,55.0,56.0,56.0,42.0,57.0,1165,76.52,67675483463073
215.0,1,38.10,54.0,56.0,56.0,41.0,54.0,1175,73.71,38679470727722
215.0,2,38.24,56.0,60.0,58.0,43.0,58.0,1196,72.35,34739034696655
215.0,3,37.82,57.0,60.0,60.0,43.0,58.0,1281,78.49,35085523498779
221.0,0,40.59,55.0,56.0,56.0,42.0,58.0,1249,76.81,67675918233337
221.0,1,38.73,54.0,56.0,56.0,41.0,55.0,1111,73.69,38679888555847
221.0,2,39.32,56.0,60.0,60.0,43.0,58.0,1270,72.45,34739445468139
221.0,3,37.04,57.0,60.0,60.0,43.0,58.0,1207,78.48,35085968474243
226.0,0,39.49,56.0,56.0,56.0,42.0,58.0,1239,76.50,67676351979614
227.0,1,36.66,54.0,56.0,56.0,41.0,55.0,1176,73.76,38680306793579
227.0,2,36.31,57.0,60.0,60.0,43.0,59.0,1260,72.48,34739856425415
227.0,3,35.94,57.0,60.0,60.0,43.0,59.0,1259,78.61,35086414175781
232.0,0,42.44,56.0,58.0,56.0,43.0,58.0,1237,78.01,67676795077270
232.0,1,40.80,54.0,56.0,56.0,41.0,55.0,1174,74.93,38680731668151
232.0,2,41.09,57.0,60.0,60.0,44.0,59.0,1248,73.64,34740273989624
232.0,3,39.83,57.0,60.0,60.0,43.0,59.0,1259,80.02,35086867914672
238.0,0,42.56,56.0,56.0,56.0,43.0,58.0,1227,78.20,67677238444824
238.0,1,41.46,55.0,58.0,58.0,41.0,56.0,1163,74.90,38681157101135
238.0,2,41.14,57.0,60.0,60.0,44.0,59.0,1258,73.35,34740690594116
238.0,3,39.91,57.0,60.0,60.0,44.0,59.0,1258,80.06,35087322645812
243.0,0,42.91,56.0,58.0,58.0,43.0,58.0,1268,78.69,67677685423461
244.0,1,41.34,55.0,58.0,56.0,41.0,56.0,1195,75.60,38681585751708
244.0,2,41.63,57.0,60.0,60.0,44.0,59.0,1270,73.58,34741107805419
244.0,3,39.59,58.0,62.0,60.0,44.0,60.0,1259,79.97,35087776056274
249.0,0,22.86,56.0,60.0,60.0,43.0,58.0,1282,73.60,67678102708129
249.0,1,17.81,55.0,60.0,60.0,42.0,56.0,1197,70.61,38681986120605
249.0,2,17.23,57.0,62.0,62.0,44.0,59.0,1271,68.58,34741496674926
249.0,3,3.25,58.0,62.0,62.0,44.0,60.0,1334,72.21,35088185480041
255.0,0,37.08,56.0,58.0,58.0,43.0,59.0,1269,68.57,67678491486938
255.0,1,34.56,55.0,58.0,58.0,41.0,56.0,1184,65.19,38682356422790
255.0,2,34.02,57.0,60.0,60.0,44.0,59.0,1289,66.14,34741872327026
255.0,3,35.74,58.0,60.0,60.0,44.0,60.0,1343,68.41,35088574040161
260.0,0,41.77,57.0,58.0,58.0,43.0,59.0,1270,77.08,67678929310302
261.0,1,39.16,55.0,58.0,58.0,42.0,56.0,1206,74.23,38682777305175
261.0,2,38.85,58.0,60.0,60.0,44.0,60.0,1280,72.90,34742285670043
261.0,3,37.43,58.0,60.0,62.0,44.0,60.0,1323,79.01,35089022005310
266.0,0,41.32,57.0,58.0,58.0,43.0,59.0,1248,77.19,67679366951660
266.0,1,39.86,55.0,58.0,58.0,42.0,56.0,1186,74.19,38683197969726
266.0,2,38.91,58.0,62.0,60.0,44.0,60.0,1271,72.94,34742699249450
267.0,3,37.66,58.0,62.0,62.0,44.0,60.0,1324,79.08,35089470412475
272.0,0,43.12,57.0,58.0,58.0,43.0,59.0,1239,78.38,67679811355712
272.0,1,41.97,55.0,58.0,58.0,42.0,56.0,1206,75.33,38683625076538
272.0,2,41.76,58.0,60.0,60.0,44.0,60.0,1280,73.84,34743117919860
272.0,3,38.55,59.0,62.0,62.0,44.0,60.0,1322,80.39,35089926235839
277.0,0,20.77,57.0,60.0,60.0,44.0,59.0,1249,73.80,67680229796386
278.0,1,17.29,55.0,60.0,60.0,42.0,57.0,1228,70.89,38684027003540
278.0,2,17.00,57.0,62.0,62.0,44.0,59.0,1324,68.53,34743506473510
278.0,3,3.90,59.0,62.0,62.0,44.0,60.0,1343,72.20,35090336316894
283.0,0,40.65,57.0,58.0,58.0,44.0,59.0,1301,72.00,67680638772827
283.0,1,39.63,55.0,58.0,58.0,42.0,56.0,1258,69.75,38684423159423
283.0,2,39.04,58.0,60.0,60.0,44.0,59.0,1311,68.76,34743897025085
284.0,3,37.51,59.0,62.0,62.0,44.0,60.0,1343,72.06,35090744912963
289.0,0,40.86,57.0,58.0,58.0,44.0,59.0,1270,77.58,67681078658203
289.0,1,39.67,55.0,58.0,58.0,42.0,56.0,1259,74.39,38684844950683
289.0,2,39.53,58.0,62.0,62.0,44.0,60.0,1334,72.97,34744310757019
289.0,3,39.17,59.0,62.0,62.0,44.0,60.0,1312,79.15,35091193678710
294.0,0,42.01,57.0,58.0,58.0,44.0,59.0,1270,77.66,67681519001220
295.0,1,40.04,56.0,58.0,58.0,42.0,57.0,1249,74.29,38685266167907
295.0,2,38.64,58.0,62.0,62.0,44.0,60.0,1344,72.90,34744724819641
295.0,3,37.86,59.0,62.0,62.0,45.0,60.0,1323,79.05,35091642656188
300.0,0,40.49,57.0,58.0,58.0,44.0,60.0,1301,77.56,67681959525878
300.0,1,39.51,56.0,58.0,58.0,42.0,57.0,1248,74.30,38685688195678
300.0,2,39.48,58.0,62.0,62.0,45.0,60.0,1301,72.87,34745137983581
301.0,3,37.90,59.0,62.0,62.0,45.0,61.0,1365,79.02,35092090707702
306.0,0,20.86,57.0,58.0,58.0,44.0,59.0,1291,73.25,67682374867248
306.0,1,22.87,55.0,58.0,58.0,42.0,57.0,1238,69.58,38686082690307
306.0,2,21.98,58.0,62.0,62.0,45.0,60.0,1343,67.65,34745522249267
306.0,3,20.25,59.0,62.0,62.0,45.0,60.0,1331,69.25,35092484064270
311.0,0,40.24,57.0,58.0,60.0,44.0,60.0,1290,74.45,67682797762695
312.0,1,39.33,56.0,58.0,58.0,42.0,57.0,1227,71.65,38686489674438
312.0,2,37.97,58.0,62.0,62.0,45.0,60.0,1333,71.10,34745925374511
312.0,3,37.13,59.0,62.0,62.0,45.0,61.0,1355,74.40,35092905889221
317.0,0,41.56,58.0,58.0,60.0,44.0,60.0,1280,77.44,67683236875366
317.0,1,39.60,56.0,58.0,58.0,42.0,57.0,1228,74.51,38686912151000
317.0,2,38.89,58.0,62.0,62.0,45.0,60.0,1312,72.68,34746337451721
318.0,3,38.02,59.0,62.0,62.0,45.0,61.0,1344,78.98,35093353677795
323.0,0,42.08,58.0,60.0,60.0,44.0,60.0,1270,78.29,67683680773193
323.0,1,39.99,56.0,58.0,58.0,42.0,57.0,1249,74.88,38687336706054
323.0,2,39.78,58.0,62.0,62.0,45.0,61.0,1313,73.31,34746753143432
323.0,3,40.51,59.0,62.0,62.0,45.0,61.0,1355,79.63,35093805171447
328.0,0,42.14,58.0,60.0,60.0,44.0,60.0,1280,78.77,67684127378417
329.0,1,40.49,56.0,60.0,58.0,42.0,57.0,1248,75.32,38687763787231
329.0,2,40.24,59.0,62.0,62.0,45.0,61.0,1334,73.68,34747170932128
329.0,3,40.37,59.0,62.0,62.0,45.0,61.0,1333,80.22,35094260033691
334.0,0,2.52,58.0,60.0,60.0,44.0,60.0,1322,70.60,67684528377929
334.0,1,2.22,55.0,58.0,58.0,42.0,57.0,1280,66.62,38688142176696
334.0,2,20.90,58.0,62.0,62.0,45.0,60.0,1332,63.39,34747531006225
335.0,3,19.22,59.0,62.0,62.0,45.0,61.0,1365,64.39,35094625756408
340.0,0,41.69,58.0,60.0,60.0,44.0,60.0,1302,77.94,67684970308532
340.0,1,39.47,55.0,58.0,58.0,42.0,57.0,1238,75.55,38688570532470
340.0,2,38.44,59.0,62.0,62.0,45.0,61.0,1313,74.25,34747952024841
340.0,3,37.68,59.0,62.0,62.0,45.0,61.0,1365,78.55,35095071148010
345.0,0,41.22,58.0,60.0,60.0,44.0,60.0,1333,77.54,67685409955871
346.0,1,39.84,56.0,60.0,60.0,42.0,57.0,1216,74.39,38688992317932
346.0,2,38.66,59.0,62.0,62.0,45.0,61.0,1342,72.96,34748366439270
346.0,3,37.60,60.0,62.0,62.0,46.0,61.0,1332,79.12,35095520530090
351.0,0,41.06,58.0,60.0,60.0,44.0,60.0,1343,77.79,67685851018371
351.0,1,39.54,56.0,60.0,60.0,43.0,57.0,1270,74.33,38689414493347
351.0,2,38.74,59.0,62.0,62.0,45.0,61.0,1323,72.90,34748779764709
352.0,3,37.54,60.0,64.0,64.0,45.0,61.0,1364,79.13,35095969172485
357.0,0,41.32,58.0,60.0,60.0,44.0,60.0,1310,77.59,67686292506408
357.0,1,39.28,56.0,60.0,60.0,43.0,57.0,1246,74.48,38689837519775
357.0,2,39.12,59.0,62.0,62.0,45.0,61.0,1330,72.90,34749193818969
357.0,3,36.81,60.0,64.0,64.0,45.0,61.0,1363,79.18,35096418905090
363.0,0,18.89,58.0,62.0,62.0,44.0,61.0,1343,74.32,67686713914611
363.0,1,0.00,59.0,62.0,60.0,44.0,58.0,1271,68.45,38690225626647
363.0,2,3.92,58.0,62.0,64.0,45.0,61.0,1366,62.97,34749550865722
363.0,3,16.20,60.0,64.0,64.0,45.0,61.0,1419,62.27,35096771985961
368.0,0,41.35,58.0,60.0,60.0,44.0,60.0,1355,72.70,67687126151000
368.0,1,39.66,56.0,60.0,60.0,43.0,57.0,1240,73.75,38690643800842
368.0,2,38.85,59.0,62.0,62.0,45.0,61.0,1345,76.17,34749982724609
369.0,3,37.44,60.0,64.0,62.0,45.0,61.0,1419,82.10,35097236694152
374.0,0,41.16,58.0,60.0,60.0,44.0,60.0,1314,77.58,67687565257629
374.0,1,39.25,56.0,60.0,60.0,42.0,57.0,1281,74.38,38691064781250
374.0,2,38.87,59.0,62.0,62.0,45.0,61.0,1355,72.98,34750396502990
374.0,3,37.52,60.0,64.0,64.0,46.0,61.0,1386,79.19,35097686480834
380.0,0,40.58,58.0,60.0,60.0,44.0,60.0,1333,77.75,67688006095825
380.0,1,40.24,56.0,60.0,60.0,43.0,57.0,1239,74.33,38691486998168
380.0,2,39.63,59.0,62.0,62.0,45.0,61.0,1345,73.09,34750810941589
380.0,3,36.72,60.0,64.0,64.0,46.0,62.0,1408,79.24,35098135790649
385.0,0,41.33,58.0,60.0,60.0,44.0,61.0,1355,77.97,67688448192382
385.0,1,39.62,56.0,60.0,60.0,43.0,58.0,1270,74.68,38691909709594
385.0,2,39.60,59.0,62.0,62.0,45.0,61.0,1355,72.97,34751224694030
386.0,3,37.38,60.0,64.0,64.0,46.0,62.0,1398,78.85,35098582057861
391.0,0,24.67,58.0,62.0,62.0,44.0,60.0,1335,72.50,67688859282592
391.0,1,19.92,56.0,62.0,62.0,43.0,57.0,1282,67.56,38692292758789
391.0,2,19.25,59.0,62.0,62.0,45.0,61.0,1368,65.80,34751597146301
391.0,3,7.66,60.0,64.0,64.0,46.0,62.0,1411,69.19,35098974344787
397.0,0,40.19,59.0,60.0,60.0,44.0,61.0,1325,76.66,67689293200500
397.0,1,39.09,56.0,60.0,60.0,43.0,58.0,1261,74.52,38692714517395
397.0,2,39.24,59.0,62.0,62.0,45.0,61.0,1355,73.14,34752011837219
397.0,3,37.74,60.0,64.0,64.0,46.0,62.0,1375,79.44,35099424758789
402.0,0,41.21,59.0,60.0,60.0,45.0,61.0,1333,77.76,67689734861877
402.0,1,39.30,57.0,60.0,60.0,43.0,58.0,1270,74.38,38693136977416
402.0,2,39.20,59.0,64.0,62.0,45.0,61.0,1355,73.06,34752426068054
403.0,3,37.30,60.0,64.0,64.0,46.0,62.0,1420,79.55,35099874990112
408.0,0,41.80,59.0,60.0,60.0,45.0,61.0,1324,77.68,67690174535522
408.0,1,39.83,56.0,60.0,60.0,43.0,58.0,1280,74.44,38693559035156
408.0,2,38.80,59.0,62.0,64.0,45.0,61.0,1343,72.97,34752839819702
408.0,3,37.66,60.0,64.0,64.0,46.0,62.0,1416,79.05,35100324020263
414.0,0,30.73,59.0,60.0,60.0,44.0,61.0,1342,76.31,67690607985107
414.0,1,30.25,57.0,60.0,60.0,43.0,57.0,1259,72.73,38693971390625
414.0,2,31.25,60.0,62.0,62.0,46.0,61.0,1354,70.52,34753240354492
414.0,3,29.12,61.0,64.0,64.0,46.0,62.0,1396,75.41,35100752320678
419.0,0,26.84,58.0,60.0,60.0,44.0,61.0,1365,71.12,67691011230407
419.0,1,22.05,56.0,60.0,60.0,43.0,57.0,1280,67.05,38694352237915
420.0,2,20.46,59.0,62.0,64.0,45.0,61.0,1365,66.26,34753616072265
420.0,3,18.82,60.0,64.0,64.0,46.0,62.0,1418,69.57,35101146802795
425.0,0,42.88,59.0,60.0,60.0,45.0,61.0,1280,78.13,67691454983459
425.0,1,41.70,57.0,60.0,60.0,43.0,58.0,1270,74.85,38694776659484
425.0,2,40.50,59.0,64.0,64.0,46.0,61.0,1354,73.67,34754033778686
425.0,3,37.10,60.0,64.0,64.0,46.0,62.0,1375,79.99,35101600323974
431.0,0,40.59,59.0,60.0,60.0,45.0,61.0,1333,78.29,67691898872497
431.0,1,38.94,56.0,60.0,60.0,43.0,58.0,1260,74.88,38695201215270
431.0,2,39.04,60.0,64.0,64.0,46.0,62.0,1335,73.15,34754448540527
431.0,3,38.79,61.0,64.0,64.0,46.0,62.0,1356,79.45,35102050790100
436.0,0,41.26,59.0,60.0,60.0,45.0,61.0,1335,77.98,67692340253173
436.0,1,40.08,57.0,60.0,60.0,43.0,58.0,1259,74.82,38695625426879
437.0,2,39.45,60.0,64.0,64.0,46.0,61.0,1364,73.35,34754864428222
437.0,3,38.12,61.0,64.0,64.0,46.0,62.0,1407,79.85,35102503563903
442.0,0,18.10,62.0,62.0,62.0,46.0,63.0,1301,77.68,67692781497314
442.0,1,14.94,57.0,60.0,60.0,43.0,57.0,1238,71.56,38696031165954
442.0,2,14.60,60.0,64.0,64.0,46.0,62.0,1355,69.35,34755257624877
442.0,3,14.48,61.0,64.0,64.0,46.0,62.0,1397,73.98,35102923038635
448.0,0,20.97,58.0,60.0,60.0,45.0,61.0,1343,74.60,67693204486999
448.0,1,29.65,57.0,60.0,60.0,43.0,58.0,1258,72.69,38696444045043
448.0,2,38.28,60.0,64.0,64.0,46.0,62.0,1364,70.19,34755656278381
448.0,3,36.05,60.0,64.0,64.0,46.0,62.0,1437,72.03,35103332150878
453.0,0,41.31,59.0,60.0,60.0,45.0,61.0,1363,78.43,67693649989318
453.0,1,40.04,57.0,60.0,60.0,43.0,58.0,1259,75.07,38696869719543
454.0,2,40.20,60.0,64.0,64.0,46.0,62.0,1376,73.44,34756072706359
454.0,3,37.79,61.0,64.0,64.0,46.0,62.0,1377,80.07,35103786124572
459.0,0,40.23,59.0,60.0,60.0,45.0,61.0,1315,77.93,67694091835205
459.0,1,39.07,57.0,60.0,60.0,43.0,58.0,1271,74.52,38697292226928
459.0,2,39.45,60.0,64.0,64.0,46.0,62.0,1367,72.94,34756486298645
459.0,3,39.26,61.0,64.0,64.0,46.0,62.0,1419,79.37,35104236175170
465.0,0,41.56,59.0,60.0,60.0,45.0,61.0,1366,77.83,67694533137634
465.0,1,40.05,57.0,60.0,60.0,43.0,58.0,1260,74.55,38697714908935
465.0,2,39.01,60.0,64.0,64.0,46.0,62.0,1365,73.24,34756901596740
465.0,3,37.31,61.0,64.0,64.0,46.0,62.0,1377,79.50,35104686965759
470.0,0,27.58,59.0,62.0,62.0,45.0,62.0,1366,79.74,67694984440612
470.0,1,16.25,57.0,62.0,62.0,43.0,58.0,1293,76.22,38698146287292
471.0,2,2.27,63.0,66.0,66.0,47.0,64.0,1335,73.98,34757320346130
471.0,3,2.40,63.0,64.0,64.0,47.0,63.0,1440,73.83,35105104868713
476.0,0,37.09,59.0,60.0,60.0,45.0,61.0,1355,70.50,67695384160156
476.0,1,34.52,57.0,60.0,60.0,43.0,58.0,1302,68.32,38698533653015
476.0,2,33.79,60.0,64.0,64.0,46.0,62.0,1418,68.05,34757706199707
476.0,3,41.70,61.0,64.0,64.0,46.0,62.0,1408,73.73,35105522889770
482.0,0,41.47,59.0,60.0,60.0,45.0,61.0,1354,78.52,67695829393493
482.0,1,38.78,57.0,60.0,60.0,43.0,58.0,1259,75.02,38698959014221
482.0,2,39.45,60.0,64.0,64.0,46.0,62.0,1375,73.52,34758123792846
482.0,3,38.87,61.0,64.0,64.0,46.0,62.0,1417,79.96,35105977048950
487.0,0,42.73,58.0,60.0,60.0,45.0,61.0,1322,78.15,67696273285278
487.0,1,40.17,57.0,60.0,60.0,43.0,58.0,1269,74.96,38699384784606
488.0,2,39.68,60.0,64.0,64.0,46.0,62.0,1375,73.82,34758542342407
488.0,3,39.24,61.0,64.0,64.0,46.0,62.0,1417,79.87,35106429888305
493.0,0,41.63,59.0,60.0,60.0,45.0,62.0,1334,78.32,67696717348144
493.0,1,39.49,57.0,60.0,60.0,43.0,58.0,1260,74.98,38699809895812
493.0,2,39.72,60.0,64.0,64.0,46.0,62.0,1387,73.60,34758959636169
493.0,3,39.58,61.0,64.0,64.0,46.0,63.0,1398,80.14,35106884265991
499.0,0,25.97,59.0,60.0,60.0,45.0,61.0,1365,75.73,67697146752319
499.0,1,20.28,56.0,60.0,60.0,43.0,58.0,1260,72.61,38700221597900
499.0,2,19.47,60.0,64.0,64.0,46.0,62.0,1396,70.15,34759357387756
499.0,3,18.83,61.0,64.0,64.0,46.0,62.0,1406,72.43,35107295674499
504.0,0,42.10,59.0,60.0,60.0,45.0,61.0,1342,73.31,67697563127380
504.0,1,40.68,57.0,60.0,60.0,43.0,58.0,1290,70.71,38700623239929
505.0,2,39.02,60.0,64.0,64.0,46.0,62.0,1407,70.00,34759754972900
505.0,3,37.61,61.0,64.0,64.0,46.0,62.0,1429,73.45,35107712133544
510.0,0,40.84,59.0,60.0,60.0,45.0,61.0,1345,77.96,67698005184936
510.0,1,39.33,57.0,60.0,60.0,43.0,58.0,1292,74.70,38701046816528
510.0,2,39.30,60.0,64.0,64.0,46.0,62.0,1387,72.99,34760168838134
510.0,3,36.94,61.0,64.0,64.0,46.0,62.0,1430,79.47,35108162728332
516.0,0,42.07,59.0,60.0,60.0,45.0,62.0,1377,78.07,67698447061645
516.0,1,40.84,57.0,60.0,60.0,43.0,58.0,1260,74.84,38701471175170
516.0,2,41.25,60.0,64.0,64.0,46.0,62.0,1397,73.54,34760585831481
516.0,3,37.59,61.0,64.0,64.0,46.0,63.0,1397,79.63,35108614257202
521.0,0,41.84,59.0,62.0,60.0,45.0,61.0,1364,79.07,67698896167602
521.0,1,39.03,58.0,60.0,60.0,43.0,58.0,1300,75.75,38701900694824
522.0,2,40.17,60.0,64.0,64.0,46.0,62.0,1416,74.21,34761006623840
522.0,3,41.78,61.0,64.0,64.0,46.0,63.0,1416,80.68,35109072534118
527.0,0,13.66,59.0,62.0,62.0,45.0,61.0,1354,70.92,67699298257080
527.0,1,17.35,56.0,62.0,62.0,43.0,58.0,1269,66.57,38702278795227
527.0,2,16.57,60.0,66.0,66.0,46.0,62.0,1417,64.76,34761374446960
527.0,3,16.74,62.0,64.0,64.0,46.0,62.0,1439,67.39,35109454661743
533.0,0,42.33,59.0,60.0,60.0,45.0,61.0,1374,77.54,67699738699096
533.0,1,39.73,57.0,60.0,60.0,44.0,58.0,1290,74.51,38702702034790
533.0,2,39.85,60.0,64.0,64.0,46.0,62.0,1417,73.55,34761792194091
533.0,3,40.11,61.0,64.0,64.0,46.0,62.0,1417,78.11,35109898315856
538.0,0,42.44,59.0,60.0,60.0,45.0,61.0,1333,78.10,67700182292419
538.0,1,39.65,57.0,60.0,60.0,43.0,58.0,1269,75.21,38703128471069
539.0,2,39.16,60.0,64.0,64.0,46.0,62.0,1417,73.26,34762207581604
539.0,3,37.10,61.0,64.0,64.0,46.0,63.0,1417,79.67,35110350064147
544.0,0,40.97,59.0,60.0,60.0,45.0,62.0,1332,78.12,67700625255798
544.0,1,39.52,58.0,60.0,60.0,44.0,58.0,1259,74.70,38703552024536
544.0,2,39.11,60.0,64.0,64.0,46.0,62.0,1417,73.25,34762623616699
544.0,3,38.00,61.0,64.0,64.0,47.0,63.0,1428,79.61,35110802254394
550.0,0,40.15,59.0,62.0,60.0,45.0,61.0,1343,78.16,67701069196960
550.0,1,38.75,57.0,60.0,60.0,43.0,58.0,1270,74.86,38703977242126
550.0,2,39.75,60.0,64.0,64.0,46.0,62.0,1344,73.42,34763039921813
550.0,3,38.44,61.0,64.0,64.0,46.0,62.0,1450,79.85,35111255023315
555.0,0,16.40,61.0,64.0,62.0,46.0,63.0,1365,73.23,67701484389099
555.0,1,0.00,59.0,62.0,62.0,44.0,60.0,1270,65.25,38704347196472
556.0,2,8.14,59.0,66.0,66.0,46.0,61.0,1418,60.07,34763380496398
556.0,3,15.85,61.0,64.0,64.0,46.0,63.0,1450,63.19,35111613309997
561.0,0,41.18,59.0,62.0,60.0,45.0,62.0,1355,71.97,67701892479003
561.0,1,40.26,57.0,60.0,60.0,43.0,58.0,1291,74.36,38704768821655
561.0,2,39.20,60.0,64.0,64.0,46.0,62.0,1376,75.47,34763809174011
561.0,3,38.02,61.0,64.0,64.0,46.0,62.0,1428,81.23,35112074690673
567.0,0,41.18,59.0,60.0,60.0,45.0,61.0,1343,78.20,67702336644348
567.0,1,40.12,57.0,60.0,60.0,43.0,58.0,1259,74.99,38705194740051
567.0,2,39.11,60.0,64.0,64.0,46.0,62.0,1353,73.46,34764225673706
567.0,3,37.77,61.0,64.0,64.0,46.0,63.0,1427,79.91,35112527788879
572.0,0,42.14,59.0,60.0,60.0,45.0,62.0,1374,78.80,67702783442504
573.0,1,39.64,58.0,60.0,60.0,44.0,58.0,1269,75.28,38705622357238
573.0,2,39.61,60.0,64.0,64.0,46.0,62.0,1386,73.53,34764643321044
573.0,3,40.12,61.0,64.0,64.0,47.0,63.0,1439,80.03,35112982380737
578.0,0,43.86,59.0,60.0,60.0,45.0,61.0,1356,78.80,67703230259216
578.0,1,41.63,58.0,62.0,62.0,44.0,59.0,1293,75.60,38706050265686
578.0,2,40.51,60.0,64.0,64.0,46.0,62.0,1420,73.35,34765058476806
578.0,3,39.78,62.0,64.0,64.0,47.0,63.0,1409,79.13,35113430256530
584.0,0,23.67,59.0,62.0,62.0,45.0,61.0,1354,69.27,67703623016418
584.0,1,18.82,57.0,62.0,62.0,43.0,58.0,1300,65.32,38706421286193
584.0,2,17.90,60.0,64.0,66.0,46.0,62.0,1396,63.19,34765416739624
584.0,3,1.82,61.0,64.0,64.0,46.0,63.0,1429,68.78,35113820215148
589.0,0,41.32,59.0,60.0,60.0,45.0,62.0,1357,76.75,67704057413330
590.0,1,40.04,57.0,62.0,62.0,44.0,59.0,1294,74.55,38706842504760
590.0,2,39.65,60.0,64.0,64.0,46.0,62.0,1432,73.34,34765831849914
590.0,3,37.41,61.0,64.0,64.0,46.0,63.0,1431,80.12,35114274510314
595.0,0,41.62,60.0,60.0,60.0,45.0,62.0,1333,78.14,67704501264831
595.0,1,40.00,57.0,60.0,60.0,44.0,58.0,1291,74.86,38707267719421
595.0,2,40.01,60.0,64.0,64.0,46.0,62.0,1395,73.40,34766248759216
595.0,3,37.60,62.0,64.0,66.0,46.0,63.0,1439,79.89,35114727470031
601.0,0,41.60,59.0,60.0,62.0,46.0,62.0,1334,78.71,67704947547058
601.0,1,40.32,57.0,60.0,60.0,44.0,58.0,1270,75.26,38707694422607
601.0,2,41.86,60.0,64.0,64.0,46.0,62.0,1408,73.76,34766666950134
601.0,3,39.22,62.0,64.0,66.0,46.0,63.0,1407,80.25,35115182505126
606.0,0,23.96,60.0,60.0,60.0,45.0,62.0,1354,76.65,67705382137329
607.0,1,24.14,57.0,62.0,62.0,43.0,59.0,1280,72.93,38708107935668
607.0,2,25.75,61.0,64.0,64.0,46.0,62.0,1407,70.43,34767066288879
607.0,3,22.75,62.0,66.0,66.0,46.0,63.0,1417,75.43,35115610932495
612.0,0,28.12,60.0,60.0,62.0,45.0,61.0,1376,73.19,67705797129028
612.0,1,27.53,57.0,60.0,60.0,43.0,59.0,1291,69.16,38708500768920
612.0,2,26.95,60.0,64.0,64.0,46.0,62.0,1429,67.09,34767446668640
613.0,3,25.94,61.0,64.0,64.0,47.0,63.0,1451,70.86,35116012009338
618.0,0,43.76,59.0,60.0,62.0,45.0,62.0,1324,78.92,67706244623352
618.0,1,40.99,57.0,60.0,62.0,44.0,58.0,1271,75.54,38708928300415
618.0,2,40.81,60.0,64.0,64.0,46.0,62.0,1419,73.98,34767866159240
618.0,3,38.97,62.0,64.0,66.0,47.0,63.0,1407,80.45,35116468963073
623.0,0,42.70,59.0,62.0,62.0,45.0,62.0,1366,78.30,67706688597839
624.0,1,40.86,57.0,62.0,60.0,44.0,58.0,1259,74.87,38709352834594
624.0,2,38.81,60.0,64.0,64.0,46.0,62.0,1397,73.13,34768280787231
624.0,3,37.73,61.0,64.0,64.0,47.0,63.0,1440,79.84,35116921661376
629.0,0,42.79,60.0,62.0,62.0,45.0,62.0,1333,78.16,67707131790893
629.0,1,40.90,58.0,60.0,62.0,44.0,59.0,1260,74.96,38709777884765
629.0,2,38.81,60.0,64.0,64.0,46.0,62.0,1418,73.28,34768697044799
630.0,3,37.93,62.0,64.0,64.0,47.0,63.0,1418,79.74,35117373788452
635.0,0,18.45,60.0,62.0,62.0,46.0,62.0,1302,76.13,67707563424682
635.0,1,10.35,58.0,60.0,60.0,43.0,58.0,1260,71.46,38710183043334
635.0,2,10.72,61.0,64.0,64.0,46.0,62.0,1408,69.03,34769087733215
635.0,3,10.22,62.0,66.0,66.0,47.0,63.0,1408,73.63,35117790554321
640.0,0,27.76,59.0,62.0,62.0,46.0,62.0,1377,74.46,67707985624206
641.0,1,26.28,58.0,60.0,62.0,43.0,59.0,1302,73.31,38710598732910
641.0,2,37.50,60.0,64.0,64.0,46.0,62.0,1407,70.53,34769488339660
641.0,3,42.94,61.0,64.0,64.0,47.0,63.0,1439,71.97,35118199329406
646.0,0,41.98,60.0,62.0,62.0,45.0,62.0,1354,78.46,67708430470092
646.0,1,39.81,58.0,62.0,62.0,44.0,59.0,1292,75.20,38711025104309
646.0,2,39.01,60.0,64.0,64.0,46.0,62.0,1408,73.37,34769903597473
647.0,3,38.62,61.0,66.0,66.0,47.0,63.0,1429,79.85,35118652105651
652.0,0,42.04,60.0,62.0,62.0,46.0,62.0,1333,78.49,67708876305969
652.0,1,40.88,57.0,60.0,62.0,44.0,58.0,1269,75.34,38711453050964
652.0,2,39.28,60.0,64.0,64.0,46.0,62.0,1375,73.76,34770322560791
652.0,3,37.76,62.0,66.0,66.0,47.0,63.0,1439,80.53,35119108737976
657.0,0,43.20,60.0,62.0,62.0,46.0,62.0,1376,78.87,67709323504516
658.0,1,40.91,58.0,62.0,62.0,44.0,59.0,1291,75.57,38711881533874
658.0,2,40.48,60.0,64.0,64.0,46.0,62.0,1365,74.13,34770742905883
658.0,3,39.32,62.0,66.0,66.0,47.0,63.0,1439,80.79,35119566845214
663.0,0,0.00,60.0,62.0,62.0,45.0,62.0,1355,71.66,67709729798889
663.0,1,0.00,58.0,60.0,60.0,44.0,58.0,1250,68.53,38712270120605
663.0,2,0.00,61.0,64.0,64.0,46.0,62.0,1408,66.10,34771117716552
664.0,3,0.00,62.0,66.0,66.0,47.0,63.0,1450,69.47,35119960716064
669.0,0,0.00,59.0,62.0,62.0,45.0,61.0,1368,58.20,67710059220458
669.0,1,0.00,57.0,60.0,60.0,43.0,58.0,1292,57.32,38712594543395
669.0,2,0.00,61.0,64.0,64.0,46.0,62.0,1420,55.41,34771431895202
669.0,3,0.00,61.0,66.0,66.0,46.0,62.0,1439,56.63,35120281821960
674.0,0,27.64,59.0,60.0,60.0,45.0,61.0,1383,60.04,67710400861206
675.0,1,25.88,57.0,60.0,60.0,43.0,58.0,1309,60.07,38712936325683
675.0,2,25.08,59.0,64.0,64.0,46.0,62.0,1425,58.93,34771766609069
675.0,3,24.76,61.0,64.0,64.0,46.0,62.0,1448,61.92,35120633544372
680.0,0,43.55,59.0,60.0,62.0,45.0,61.0,1344,79.02,67710848920532
680.0,1,41.88,57.0,60.0,60.0,43.0,58.0,1281,75.75,38713365843627
680.0,2,41.06,60.0,64.0,64.0,46.0,62.0,1377,74.07,34772186584167
681.0,3,39.00,61.0,64.0,64.0,46.0,63.0,1409,80.85,35121091950622
686.0,0,43.18,59.0,60.0,62.0,45.0,61.0,1335,79.16,67711296942626
686.0,1,41.70,57.0,60.0,60.0,44.0,58.0,1272,75.74,38713794528076
686.0,2,40.97,60.0,64.0,64.0,46.0,62.0,1355,74.15,34772606993957
686.0,3,39.21,61.0,64.0,64.0,46.0,63.0,1429,80.90,35121550669860
691.0,0,43.53,60.0,62.0,60.0,45.0,61.0,1364,79.32,67711747454345
692.0,1,41.15,58.0,62.0,60.0,44.0,58.0,1279,75.87,38714225481933
692.0,2,40.50,60.0,64.0,64.0,46.0,62.0,1406,74.25,34773028009826
692.0,3,39.48,61.0,64.0,64.0,47.0,63.0,1428,80.81,35122008872497
697.0,0,31.16,60.0,62.0,62.0,45.0,61.0,1344,73.24,67712162716918
697.0,1,27.12,58.0,62.0,62.0,44.0,59.0,1250,70.61,38714625840270
697.0,2,27.58,60.0,64.0,64.0,46.0,62.0,1420,70.00,34773424891845
698.0,3,25.69,62.0,64.0,64.0,46.0,63.0,1430,72.63,35122420667175
703.0,0,27.36,60.0,62.0,62.0,45.0,62.0,1325,72.22,67712571458312
703.0,1,26.00,58.0,62.0,62.0,43.0,58.0,1272,68.44,38715013189941
703.0,2,28.13,60.0,64.0,64.0,46.0,62.0,1408,67.33,34773806662719
703.0,3,25.68,62.0,64.0,64.0,46.0,63.0,1431,68.31,35122807281005
708.0,0,30.30,59.0,60.0,62.0,45.0,61.0,1346,71.44,67712976544616
709.0,1,26.47,58.0,62.0,60.0,43.0,59.0,1272,68.52,38715401025939
709.0,2,25.18,60.0,64.0,64.0,46.0,62.0,1411,67.06,34774185556213
709.0,3,23.67,61.0,64.0,64.0,46.0,63.0,1442,68.42,35123194530395
714.0,0,28.32,60.0,62.0,62.0,45.0,62.0,1346,72.61,67713387540649
714.0,1,25.11,58.0,62.0,62.0,44.0,59.0,1292,68.23,38715787865661
714.0,2,27.27,60.0,64.0,64.0,46.0,62.0,1418,67.13,34774566195922
715.0,3,25.15,61.0,64.0,64.0,46.0,63.0,1440,68.68,35123583937500
720.0,0,27.67,60.0,62.0,62.0,46.0,62.0,1355,71.91,67713795257629
720.0,1,24.11,57.0,60.0,62.0,43.0,58.0,1292,68.64,38716177032714
720.0,2,26.95,60.0,64.0,64.0,46.0,62.0,1397,67.39,34774948301696
720.0,3,27.35,61.0,64.0,64.0,46.0,62.0,1440,68.11,35123970107482
725.0,0,28.39,60.0,62.0,62.0,45.0,62.0,1345,72.44,67714205243652
726.0,1,25.71,57.0,62.0,62.0,44.0,58.0,1282,68.49,38716565395690
726.0,2,26.04,60.0,64.0,64.0,46.0,62.0,1409,67.07,34775328587768
726.0,3,24.93,61.0,64.0,64.0,46.0,62.0,1441,68.79,35124359445007
731.0,0,28.57,60.0,62.0,62.0,45.0,62.0,1292,71.94,67714613154785
731.0,1,25.73,58.0,62.0,62.0,44.0,59.0,1228,68.80,38716955500122
731.0,2,26.45,60.0,64.0,64.0,46.0,61.0,1397,66.99,34775708432800
732.0,3,24.24,61.0,64.0,64.0,46.0,62.0,1439,68.55,35124748794982
737.0,0,28.40,60.0,62.0,62.0,45.0,61.0,1291,71.67,67715020230102
737.0,1,26.06,57.0,62.0,60.0,44.0,58.0,1228,68.54,38717343437011
737.0,2,25.95,60.0,64.0,64.0,46.0,62.0,1345,67.43,34776090070678
737.0,3,24.38,60.0,62.0,64.0,46.0,62.0,1408,68.06,35125134025207
742.0,0,29.74,60.0,62.0,62.0,46.0,62.0,1313,71.97,67715428306518
743.0,1,25.64,58.0,62.0,62.0,44.0,59.0,1227,68.31,38717731418640
743.0,2,25.60,60.0,64.0,64.0,46.0,62.0,1332,67.37,34776472752258
743.0,3,24.29,59.0,62.0,64.0,46.0,61.0,1427,68.46,35125522865234
748.0,0,28.65,60.0,62.0,62.0,45.0,61.0,1384,72.35,67715839232543
748.0,1,26.28,58.0,62.0,62.0,43.0,58.0,1289,68.44,38718120183105
748.0,2,26.10,60.0,64.0,64.0,46.0,62.0,1395,67.13,34776854055541
749.0,3,23.61,61.0,64.0,64.0,46.0,62.0,1426,68.76,35125914107971
754.0,0,28.16,59.0,62.0,62.0,46.0,61.0,1302,71.49,67716244564880
754.0,1,25.89,57.0,62.0,62.0,44.0,58.0,1238,68.71,38718509753295
754.0,2,26.36,60.0,64.0,64.0,46.0,62.0,1355,67.32,34777235787902
754.0,3,24.76,61.0,64.0,64.0,46.0,62.0,1418,68.40,35126301934448
759.0,0,28.40,59.0,60.0,62.0,45.0,61.0,1355,71.73,67716651256408
760.0,1,26.75,58.0,62.0,60.0,43.0,59.0,1260,68.57,38718898541259
760.0,2,26.18,60.0,64.0,64.0,46.0,62.0,1345,67.57,34777618902770
760.0,3,24.51,60.0,62.0,64.0,46.0,62.0,1420,68.05,35126687100341
765.0,0,27.94,60.0,62.0,62.0,45.0,62.0,1376,72.04,67717059728210
765.0,1,25.97,57.0,62.0,62.0,44.0,59.0,1313,68.17,38719285084594
765.0,2,26.25,60.0,64.0,64.0,46.0,62.0,1430,67.65,34778002464233
766.0,3,24.71,61.0,64.0,64.0,46.0,62.0,1430,68.53,35127075682434
771.0,0,28.14,59.0,60.0,62.0,45.0,61.0,1344,71.28,67717463903747
771.0,1,25.52,57.0,62.0,60.0,44.0,58.0,1259,68.81,38719675259155
771.0,2,25.99,60.0,64.0,64.0,46.0,62.0,1355,66.99,34778382279907
771.0,3,24.38,60.0,64.0,64.0,46.0,61.0,1408,68.04,35127461443054
776.0,0,28.42,60.0,62.0,62.0,45.0,61.0,1303,72.01,67717871464172
777.0,1,26.02,57.0,62.0,62.0,43.0,58.0,1271,68.11,38720060775817
777.0,2,26.20,60.0,64.0,64.0,46.0,62.0,1388,67.72,34778765578857
777.0,3,24.19,61.0,64.0,64.0,46.0,62.0,1419,68.48,35127849052185
782.0,0,28.13,60.0,62.0,62.0,45.0,61.0,1354,71.16,67718275644287
782.0,1,25.26,57.0,62.0,62.0,43.0,58.0,1312,68.77,38720451417724
782.0,2,26.56,60.0,64.0,64.0,46.0,62.0,1417,67.05,34779146433410
783.0,3,24.33,61.0,62.0,64.0,45.0,61.0,1417,67.90,35128234740356
788.0,0,28.38,60.0,62.0,62.0,45.0,62.0,1355,72.08,67718683590209
788.0,1,25.97,57.0,62.0,62.0,43.0,58.0,1303,68.21,38720838154541
788.0,2,25.98,60.0,64.0,64.0,46.0,62.0,1377,67.50,34779529133361
788.0,3,24.54,61.0,64.0,64.0,46.0,62.0,1345,68.59,35128623672729
793.0,0,27.77,60.0,60.0,60.0,45.0,62.0,1376,71.35,67719088159973
794.0,1,25.87,58.0,62.0,62.0,43.0,58.0,1292,68.65,38721226739379
794.0,2,25.94,60.0,64.0,64.0,46.0,62.0,1356,67.69,34779912235046
794.0,3,24.59,61.0,64.0,64.0,46.0,62.0,1388,68.10,35129009109191
799.0,0,28.66,59.0,60.0,62.0,45.0,61.0,1302,71.57,67719493940856
799.0,1,26.04,57.0,60.0,60.0,43.0,58.0,1228,68.70,38721616261047
799.0,2,24.43,60.0,64.0,64.0,46.0,62.0,1355,67.54,34780295170898
800.0,3,24.53,60.0,64.0,62.0,46.0,62.0,1429,68.21,35129395886352
805.0,0,28.41,60.0,62.0,62.0,45.0,62.0,1355,72.07,67719902578674
805.0,1,26.22,57.0,62.0,62.0,44.0,58.0,1302,68.10,38722002382446
805.0,2,26.26,60.0,64.0,64.0,46.0,62.0,1397,67.72,34780679163146
805.0,3,24.06,61.0,64.0,64.0,46.0,62.0,1355,68.64,35129785076782
811.0,0,28.17,59.0,62.0,62.0,45.0,61.0,1377,71.24,67720306531005
811.0,1,26.22,57.0,60.0,60.0,43.0,58.0,1303,68.72,38722392045043
811.0,2,26.13,60.0,64.0,64.0,46.0,62.0,1408,67.41,34781061354736
811.0,3,23.96,60.0,64.0,64.0,46.0,62.0,1407,67.79,35130170144897
816.0,0,28.86,59.0,60.0,60.0,45.0,61.0,1375,72.22,67720716011169
816.0,1,25.92,57.0,62.0,62.0,43.0,58.0,1312,68.32,38722779409362
816.0,2,26.59,60.0,64.0,64.0,46.0,62.0,1376,67.58,34781444532958
817.0,3,23.77,61.0,64.0,64.0,46.0,62.0,1430,68.67,35130559486206
822.0,0,26.59,59.0,60.0,60.0,45.0,62.0,1313,71.92,67721123819641
822.0,1,25.57,56.0,60.0,62.0,43.0,58.0,1271,68.31,38723166744384
822.0,2,26.67,60.0,64.0,64.0,46.0,62.0,1344,67.76,34781829424987
822.0,3,25.21,61.0,64.0,64.0,46.0,61.0,1418,68.31,35130946778625
828.0,0,29.98,59.0,60.0,60.0,45.0,61.0,1323,69.62,67721518564697
828.0,1,25.64,57.0,60.0,60.0,43.0,58.0,1261,67.82,38723551300170
828.0,2,27.49,60.0,64.0,64.0,46.0,62.0,1367,66.72,34782207032287
828.0,3,26.70,60.0,64.0,64.0,45.0,61.0,1400,67.65,35131329699707
833.0,0,29.53,60.0,60.0,60.0,45.0,62.0,1325,71.63,67721923983398
833.0,1,26.14,56.0,60.0,62.0,43.0,58.0,1271,68.54,38723939220031
833.0,2,27.37,60.0,64.0,64.0,46.0,62.0,1367,67.18,34782587280395
834.0,3,25.75,60.0,64.0,64.0,46.0,62.0,1430,68.04,35131714785644
839.0,0,28.18,59.0,60.0,60.0,45.0,61.0,1345,72.35,67722334217407
839.0,1,26.19,57.0,60.0,60.0,43.0,58.0,1281,68.36,38724327531616
839.0,2,28.57,60.0,64.0,64.0,46.0,62.0,1376,66.81,34782966066040
839.0,3,24.67,60.0,64.0,64.0,46.0,62.0,1397,68.28,35132102638366
845.0,0,31.32,60.0,60.0,60.0,45.0,62.0,1376,71.61,67722740231689
845.0,1,25.13,57.0,60.0,60.0,43.0,57.0,1271,68.57,38724715632324
845.0,2,25.44,60.0,64.0,64.0,46.0,62.0,1378,67.06,34783346312866
845.0,3,23.89,60.0,62.0,64.0,45.0,61.0,1409,68.13,35132488256347
850.0,0,28.98,60.0,62.0,62.0,45.0,61.0,1389,72.04,67723147979553
850.0,1,25.51,57.0,60.0,62.0,43.0,58.0,1271,68.22,38725102435119
850.0,2,25.89,60.0,64.0,64.0,46.0,62.0,1355,67.30,34783727894897
851.0,3,23.75,59.0,62.0,64.0,45.0,61.0,1429,68.29,35132875475463
856.0,0,28.42,60.0,60.0,60.0,45.0,61.0,1366,72.12,67723556882324
856.0,1,25.73,57.0,60.0,60.0,43.0,58.0,1281,68.04,38725488241882
856.0,2,25.90,60.0,64.0,64.0,46.0,62.0,1418,67.36,34784109848022
856.0,3,24.55,61.0,64.0,64.0,46.0,62.0,1355,68.38,35133263204833
862.0,0,28.35,59.0,60.0,60.0,45.0,61.0,1366,72.22,67723966382080
862.0,1,25.18,57.0,60.0,60.0,43.0,58.0,1271,68.47,38725875794860
862.0,2,25.68,61.0,64.0,64.0,46.0,62.0,1399,67.03,34784489220214
862.0,3,25.90,61.0,64.0,64.0,46.0,62.0,1357,68.44,35133650591308
867.0,0,28.21,59.0,60.0,60.0,45.0,61.0,1345,72.13,67724375360839
867.0,1,25.18,57.0,60.0,60.0,43.0,58.0,1282,68.28,38726262926452
867.0,2,26.55,60.0,64.0,64.0,46.0,62.0,1410,67.40,34784871370605
868.0,3,26.23,61.0,64.0,64.0,46.0,62.0,1431,68.27,35134037000732
873.0,0,28.41,60.0,62.0,62.0,45.0,62.0,1335,72.39,67724785062194
873.0,1,25.11,57.0,60.0,60.0,43.0,58.0,1260,68.48,38726650530395
873.0,2,25.86,60.0,64.0,64.0,46.0,62.0,1335,67.20,34785251698120
873.0,3,26.08,60.0,64.0,64.0,46.0,61.0,1408,68.34,35134424469726
879.0,0,28.23,59.0,60.0,60.0,45.0,61.0,1377,72.13,67725194026489
879.0,1,25.26,57.0,62.0,62.0,43.0,58.0,1271,68.36,38727038154296
879.0,2,25.56,60.0,64.0,64.0,46.0,62.0,1408,67.39,34785633825256
879.0,3,26.86,60.0,62.0,62.0,46.0,62.0,1354,68.05,35134811007080
884.0,0,28.44,59.0,60.0,60.0,45.0,61.0,1364,72.17,67725603246826
884.0,1,25.30,57.0,62.0,62.0,43.0,58.0,1278,68.48,38727427105407
884.0,2,26.67,60.0,64.0,64.0,46.0,62.0,1406,67.07,34786014755187
885.0,3,25.67,60.0,64.0,64.0,45.0,61.0,1428,68.29,35135198192993
890.0,0,28.25,59.0,60.0,60.0,45.0,61.0,1302,71.91,67726010957946
890.0,1,25.37,57.0,62.0,62.0,43.0,58.0,1209,68.75,38727816212829
890.0,2,27.56,60.0,64.0,64.0,46.0,62.0,1293,67.09,34786394510742
890.0,3,25.14,61.0,62.0,62.0,46.0,62.0,1410,68.21,35135584252197
896.0,0,27.94,59.0,60.0,60.0,45.0,62.0,1357,71.55,67726415913818
896.0,1,25.68,57.0,60.0,60.0,43.0,58.0,1230,68.59,38728204454162
896.0,2,26.21,60.0,64.0,64.0,46.0,62.0,1346,67.82,34786778383361
896.0,3,24.75,61.0,64.0,64.0,46.0,61.0,1420,67.92,35135968700988
901.0,0,28.61,60.0,62.0,62.0,45.0,61.0,1304,71.80,67726823008789
901.0,1,25.46,57.0,60.0,60.0,43.0,58.0,1208,68.31,38728591745971
901.0,2,26.04,60.0,64.0,64.0,46.0,62.0,1356,67.52,34787161227905
902.0,3,24.46,60.0,64.0,64.0,45.0,61.0,1431,67.87,35136353533203
907.0,0,29.48,59.0,60.0,60.0,45.0,62.0,1345,71.64,67727228489379
907.0,1,25.47,57.0,60.0,62.0,43.0,58.0,1303,68.70,38728981264953
907.0,2,26.02,60.0,64.0,64.0,46.0,62.0,1398,67.60,34787544504455
907.0,3,25.35,60.0,62.0,62.0,45.0,61.0,1409,67.94,35136738085510
913.0,0,28.74,60.0,62.0,62.0,45.0,61.0,1347,71.77,67727635437011
913.0,1,25.31,57.0,60.0,62.0,43.0,58.0,1283,68.52,38729369075622
913.0,2,26.61,60.0,64.0,64.0,46.0,62.0,1421,67.57,34787926976379
913.0,3,23.96,60.0,62.0,62.0,45.0,61.0,1409,67.83,35137122708312
918.0,0,28.33,59.0,60.0,60.0,45.0,61.0,1313,72.12,67728043636047
918.0,1,25.33,57.0,60.0,60.0,43.0,58.0,1196,68.91,38729759794189
918.0,2,26.59,60.0,64.0,64.0,46.0,62.0,1377,67.32,34788308704956
919.0,3,24.24,60.0,64.0,64.0,45.0,61.0,1418,68.00,35137508276306
924.0,0,28.10,60.0,62.0,60.0,45.0,62.0,1291,71.66,67728450658569
924.0,1,25.42,57.0,60.0,60.0,43.0,58.0,1217,68.69,38730149289184
924.0,2,27.82,60.0,64.0,64.0,46.0,62.0,1354,67.70,34788692536743
924.0,3,25.70,60.0,64.0,64.0,45.0,61.0,1376,67.84,35137892920654
930.0,0,28.40,59.0,60.0,60.0,45.0,61.0,1377,72.02,67728858291076
930.0,1,25.41,57.0,62.0,62.0,43.0,58.0,1292,68.85,38730539677185
930.0,2,26.63,60.0,64.0,64.0,46.0,62.0,1409,67.37,34789073840515
930.0,3,24.19,60.0,64.0,64.0,45.0,61.0,1314,68.16,35138278718017
935.0,0,28.43,60.0,60.0,60.0,45.0,61.0,1377,71.55,67729263969055
935.0,1,25.68,57.0,60.0,60.0,43.0,58.0,1303,68.94,38730929893676
935.0,2,26.95,60.0,64.0,64.0,46.0,62.0,1419,67.59,34789457062072
936.0,3,23.91,60.0,64.0,62.0,45.0,61.0,1429,68.08,35138664714172
941.0,0,28.11,59.0,60.0,60.0,45.0,62.0,1313,72.24,67729673561584
941.0,1,25.51,57.0,60.0,60.0,43.0,58.0,1250,68.70,38731319403137
941.0,2,28.18,60.0,64.0,64.0,46.0,62.0,1377,67.46,34789839553344
941.0,3,24.49,60.0,64.0,64.0,45.0,61.0,1408,68.11,35139050877075
947.0,0,29.98,59.0,60.0,60.0,45.0,61.0,1366,70.96,67730075901794
947.0,1,25.43,57.0,60.0,60.0,43.0,58.0,1292,68.45,38731707487304
947.0,2,25.90,60.0,64.0,64.0,46.0,62.0,1398,67.81,34790224045776
947.0,3,24.01,60.0,62.0,62.0,45.0,61.0,1387,67.55,35139433886657
952.0,0,4.00,59.0,60.0,60.0,45.0,61.0,1334,71.67,67730482290466
952.0,1,22.54,57.0,60.0,60.0,43.0,57.0,1259,67.00,38732087386474
952.0,2,21.63,60.0,64.0,64.0,46.0,61.0,1354,64.94,34790592280944
953.0,3,20.63,60.0,62.0,62.0,45.0,61.0,1417,64.93,35139802048217
958.0,0,24.87,59.0,62.0,62.0,45.0,61.0,1354,77.76,67730923206848
958.0,1,20.87,57.0,62.0,62.0,43.0,58.0,1311,73.33,38732503881896
958.0,2,17.08,60.0,66.0,66.0,46.0,62.0,1407,71.13,34790996283569
958.0,3,0.00,62.0,64.0,64.0,46.0,63.0,1386,73.15,35140216821105
964.0,0,20.46,60.0,62.0,62.0,45.0,62.0,1377,72.23,67731332734008
964.0,1,12.32,58.0,62.0,62.0,43.0,59.0,1292,69.94,38732899766357
964.0,2,11.86,61.0,64.0,64.0,46.0,62.0,1419,67.44,34791378004638
964.0,3,11.78,61.0,64.0,64.0,46.0,62.0,1408,67.47,35140599351684
969.0,0,24.57,59.0,62.0,62.0,45.0,61.0,1377,67.59,67731715943664
969.0,1,21.14,57.0,62.0,62.0,43.0,58.0,1271,66.12,38733274682189
970.0,2,20.02,60.0,66.0,66.0,46.0,62.0,1408,64.80,34791745426574
970.0,3,16.70,63.0,64.0,64.0,46.0,62.0,1397,64.93,35140967495788
975.0,0,25.74,59.0,62.0,62.0,45.0,61.0,1354,73.17,67732130815185
975.0,1,21.67,57.0,62.0,62.0,43.0,58.0,1291,70.18,38733672618774
975.0,2,20.20,60.0,66.0,66.0,46.0,62.0,1407,67.85,34792130131103
975.0,3,8.21,62.0,64.0,64.0,46.0,62.0,1417,68.67,35141357539733
981.0,0,28.30,60.0,62.0,62.0,45.0,62.0,1386,75.16,67732556989013
981.0,1,7.27,59.0,62.0,62.0,44.0,59.0,1269,71.69,38734079813293
981.0,2,5.39,61.0,64.0,64.0,46.0,62.0,1427,65.41,34792501641845
981.0,3,5.00,60.0,64.0,64.0,45.0,61.0,1438,64.30,35141722133483
986.0,0,27.43,61.0,62.0,62.0,45.0,63.0,1364,73.33,67732973528015
986.0,1,0.44,59.0,62.0,62.0,44.0,60.0,1312,71.53,38734485368652
987.0,2,0.00,60.0,64.0,66.0,46.0,62.0,1418,69.53,34792895861816
987.0,3,18.73,60.0,64.0,64.0,45.0,61.0,1440,67.51,35142104911621
992.0,0,15.12,59.0,62.0,62.0,45.0,61.0,1355,67.44,67733355923889
992.0,1,13.03,57.0,62.0,62.0,43.0,58.0,1313,67.65,38734868931640
992.0,2,12.94,60.0,64.0,64.0,46.0,62.0,1420,70.29,34793294395019
992.0,3,22.57,60.0,64.0,64.0,45.0,61.0,1399,68.59,35142493813659
998.0,0,13.68,59.0,62.0,62.0,45.0,61.0,1366,74.66,67733779266357
998.0,1,20.76,57.0,62.0,62.0,43.0,58.0,1292,69.88,38735265157226
998.0,2,20.08,60.0,66.0,66.0,45.0,62.0,1418,67.61,34793677741821
998.0,3,19.36,60.0,64.0,64.0,45.0,61.0,1407,67.07,35142874094604
1003.0,0,29.80,59.0,60.0,60.0,45.0,61.0,1355,73.84,67734197942749
1003.0,1,27.23,57.0,60.0,60.0,43.0,58.0,1280,70.51,38735664968200
1004.0,2,26.12,60.0,62.0,64.0,45.0,61.0,1398,69.09,34794069509155
1004.0,3,24.81,60.0,62.0,62.0,45.0,61.0,1419,69.93,35143270601562
1009.0,0,28.40,59.0,60.0,60.0,45.0,61.0,1313,72.19,67734606562988
1009.0,1,24.98,57.0,60.0,60.0,43.0,58.0,1262,68.09,38736050381652
1009.0,2,26.39,60.0,64.0,62.0,46.0,62.0,1356,67.42,34794451128540
1009.0,3,26.97,60.0,62.0,62.0,45.0,61.0,1388,67.86,35143654680725
1015.0,0,28.29,59.0,60.0,60.0,45.0,61.0,1358,72.06,67735014421997
1015.0,1,25.35,57.0,60.0,60.0,43.0,58.0,1294,68.18,38736436285766
1015.0,2,25.83,59.0,64.0,64.0,46.0,61.0,1369,66.59,34794828013061
1015.0,3,24.82,60.0,62.0,62.0,45.0,61.0,1336,68.23,35144040879638
1020.0,0,28.21,59.0,60.0,60.0,45.0,61.0,1377,71.54,67735420060974
1020.0,1,26.90,57.0,60.0,60.0,43.0,58.0,1281,68.17,38736822801269
1021.0,2,25.54,60.0,64.0,64.0,46.0,62.0,1377,66.97,34795207739379
1021.0,3,24.38,60.0,62.0,62.0,45.0,61.0,1302,68.05,35144426742004
1026.0,0,28.35,59.0,60.0,60.0,44.0,61.0,1313,71.93,67735827161987
1026.0,1,25.72,57.0,60.0,60.0,43.0,58.0,1282,68.29,38737209335937
1026.0,2,25.44,60.0,64.0,64.0,45.0,62.0,1377,67.30,34795588681701
1026.0,3,24.45,59.0,62.0,62.0,45.0,61.0,1388,67.67,35144810443786
1032.0,0,28.20,59.0,60.0,60.0,45.0,61.0,1354,72.18,67736237144653
1032.0,1,25.82,57.0,60.0,60.0,43.0,58.0,1269,67.68,38737593761901
1032.0,2,25.82,60.0,64.0,64.0,46.0,62.0,1364,66.80,34795968081970
1032.0,3,23.59,60.0,62.0,62.0,45.0,61.0,1417,68.49,35145198797912
1037.0,0,27.28,59.0,62.0,62.0,45.0,61.0,1355,71.68,67736643584960
1037.0,1,24.58,57.0,60.0,60.0,43.0,58.0,1281,68.31,38737981070190
1038.0,2,25.84,60.0,64.0,64.0,46.0,62.0,1377,66.84,34796347071228
1038.0,3,24.19,60.0,64.0,64.0,45.0,61.0,1355,67.80,35145583228332
1043.0,0,28.54,60.0,60.0,60.0,45.0,61.0,1324,71.88,67737050410644
1043.0,1,25.31,57.0,60.0,60.0,43.0,58.0,1271,68.22,38738367176574
1043.0,2,25.28,60.0,64.0,64.0,46.0,61.0,1335,66.67,34796724403198
1043.0,3,24.16,60.0,62.0,62.0,45.0,61.0,1409,68.60,35145971483764
1049.0,0,26.39,59.0,60.0,60.0,45.0,61.0,1303,71.82,67737457634948
1049.0,1,25.59,57.0,60.0,60.0,43.0,58.0,1208,67.88,38738752043884
1049.0,2,26.13,60.0,64.0,64.0,46.0,62.0,1291,67.44,34797106780090
1049.0,3,24.03,60.0,62.0,62.0,45.0,61.0,1408,67.68,35146355209594
1054.0,0,28.35,59.0,60.0,60.0,45.0,61.0,1356,71.53,67737863228759
1054.0,1,25.66,57.0,60.0,60.0,43.0,58.0,1282,68.46,38739140214477
1055.0,2,25.50,60.0,64.0,64.0,46.0,62.0,1400,66.88,34797485989868
1055.0,3,24.77,60.0,62.0,62.0,45.0,61.0,1409,68.09,35146741275024
1060.0,0,28.61,59.0,60.0,60.0,45.0,61.0,1347,72.30,67738272442504
1060.0,1,26.18,57.0,60.0,60.0,43.0,58.0,1283,68.39,38739527310363
1060.0,2,25.93,60.0,62.0,64.0,45.0,61.0,1410,67.17,34797866146484
1060.0,3,22.38,60.0,64.0,62.0,45.0,61.0,1294,68.60,35147129578430
1066.0,0,28.30,59.0,60.0,60.0,45.0,62.0,1303,71.84,67738679032653
1066.0,1,25.93,57.0,60.0,60.0,43.0,58.0,1219,68.34,38739914108947
1066.0,2,26.45,60.0,64.0,64.0,46.0,62.0,1335,67.47,34798248006042
1066.0,3,23.18,60.0,62.0,62.0,45.0,61.0,1430,68.57,35147517677551
1071.0,0,28.90,59.0,60.0,60.0,45.0,61.0,1346,71.37,67739083688598
1071.0,1,25.70,57.0,60.0,60.0,43.0,58.0,1282,68.15,38740300531616
1072.0,2,26.31,60.0,64.0,64.0,46.0,62.0,1409,67.59,34798631239257
1072.0,3,24.45,60.0,62.0,62.0,45.0,61.0,1399,67.84,35147902340820
1077.0,0,28.61,59.0,60.0,60.0,45.0,61.0,1325,71.89,67739490579528
1077.0,1,26.34,57.0,62.0,62.0,43.0,58.0,1271,68.77,38740689785583
1077.0,2,24.85,60.0,64.0,64.0,46.0,62.0,1357,67.32,34799012264953
1077.0,3,24.78,60.0,62.0,62.0,45.0,61.0,1410,68.47,35148289854858
1083.0,0,28.10,60.0,60.0,60.0,45.0,61.0,1303,72.39,67739900327453
1083.0,1,26.16,57.0,60.0,60.0,43.0,58.0,1209,68.20,38741076499694
1083.0,2,26.35,60.0,64.0,64.0,46.0,62.0,1335,67.72,34799395558532
1083.0,3,24.26,60.0,62.0,62.0,45.0,61.0,1410,68.57,35148677944580
1088.0,0,28.68,59.0,60.0,60.0,45.0,61.0,1377,71.69,67740306822265
1088.0,1,26.02,57.0,60.0,60.0,43.0,58.0,1302,69.05,38741467317138
1089.0,2,26.37,60.0,64.0,64.0,46.0,62.0,1418,67.46,34799778732604
1089.0,3,24.31,60.0,62.0,62.0,46.0,61.0,1407,68.13,35149064926025
1094.0,0,28.64,59.0,60.0,60.0,45.0,61.0,1344,72.44,67740717534423
1094.0,1,26.42,57.0,60.0,60.0,43.0,58.0,1290,68.31,38741855290222
1094.0,2,26.19,59.0,64.0,64.0,46.0,62.0,1365,67.52,34800161580810
1094.0,3,23.01,60.0,64.0,64.0,45.0,61.0,1323,68.84,35149455271545
1100.0,0,27.74,60.0,60.0,60.0,45.0,62.0,1323,71.87,67741125042419
1100.0,1,25.59,57.0,60.0,62.0,43.0,58.0,1186,68.62,38742243695190
1100.0,2,26.59,60.0,64.0,64.0,46.0,61.0,1345,67.80,34800546020385
1100.0,3,24.93,60.0,62.0,62.0,45.0,61.0,1430,68.05,35149840416015
1105.0,0,28.35,59.0,62.0,60.0,45.0,61.0,1292,72.26,67741534740539
1105.0,1,26.23,57.0,60.0,60.0,43.0,58.0,1218,68.65,38742632964538
1106.0,2,26.09,59.0,64.0,64.0,46.0,62.0,1323,67.46,34800927816650
1106.0,3,23.73,60.0,62.0,62.0,45.0,61.0,1419,68.77,35150230319396
1111.0,0,27.93,60.0,60.0,60.0,45.0,61.0,1345,71.34,67741939250488
1111.0,1,25.58,58.0,62.0,60.0,43.0,58.0,1313,68.43,38743020938720
1111.0,2,26.37,60.0,64.0,64.0,46.0,62.0,1430,67.79,34801312202087
1111.0,3,24.30,60.0,62.0,62.0,45.0,62.0,1387,67.66,35150613948791
1117.0,0,28.38,59.0,60.0,60.0,45.0,62.0,1357,72.02,67742346911132
1117.0,1,25.34,58.0,60.0,60.0,43.0,58.0,1283,68.26,38743407310119
1117.0,2,26.48,60.0,64.0,64.0,46.0,62.0,1389,67.61,34801694898925
1117.0,3,25.12,60.0,62.0,62.0,45.0,61.0,1358,68.29,35151000490661
1122.0,0,29.35,59.0,60.0,60.0,45.0,61.0,1325,71.49,67742752281982
1122.0,1,25.09,57.0,60.0,60.0,43.0,58.0,1271,68.53,38743795855773
1123.0,2,25.88,60.0,64.0,64.0,46.0,62.0,1398,67.90,34802079911560
1123.0,3,24.58,60.0,62.0,62.0,45.0,61.0,1408,67.76,35151384664978
1128.0,0,30.08,59.0,60.0,60.0,45.0,61.0,1346,71.07,67743154564758
1128.0,1,25.23,57.0,60.0,60.0,43.0,58.0,1314,68.51,38744183603698
1128.0,2,26.27,60.0,64.0,64.0,46.0,61.0,1357,67.14,34802459925170
1128.0,3,24.11,60.0,62.0,62.0,45.0,61.0,1335,67.35,35151765845092
1134.0,0,24.69,59.0,62.0,62.0,45.0,61.0,1345,73.11,67743569105773
1134.0,1,20.02,57.0,62.0,62.0,43.0,58.0,1249,69.40,38744577113403
1134.0,2,18.51,60.0,66.0,66.0,46.0,61.0,1397,67.40,34802842110473
1134.0,3,16.84,63.0,64.0,64.0,46.0,62.0,1407,67.39,35152147961486
1139.0,0,12.24,58.0,60.0,60.0,44.0,60.0,1344,71.72,67743975772399
1139.0,1,12.28,56.0,60.0,60.0,43.0,58.0,1312,68.76,38744966966064
1140.0,2,12.14,60.0,64.0,64.0,46.0,61.0,1417,66.47,34803219646911
1140.0,3,10.56,60.0,62.0,62.0,45.0,61.0,1417,66.08,35152523311645
1145.0,0,25.92,59.0,62.0,62.0,45.0,61.0,1341,72.78,67744389141113
1145.0,1,21.27,57.0,62.0,62.0,43.0,57.0,1290,70.15,38745365437316
1145.0,2,20.38,60.0,66.0,66.0,46.0,61.0,1427,67.91,34803604703552
1145.0,3,20.06,61.0,64.0,64.0,46.0,61.0,1415,67.78,35152908280456
1151.0,0,30.47,59.0,62.0,62.0,45.0,61.0,1364,73.40,67744806064147
1151.0,1,24.03,57.0,60.0,62.0,43.0,57.0,1300,71.13,38745769435424
1151.0,2,19.97,59.0,64.0,64.0,45.0,61.0,1406,69.24,34803997965209
1151.0,3,19.74,59.0,62.0,62.0,45.0,61.0,1430,69.36,35153301572387
1156.0,0,21.59,61.0,62.0,62.0,46.0,63.0,1357,76.08,67745236659179
1156.0,1,0.00,59.0,62.0,62.0,44.0,59.0,1272,70.00,38746165632019
1157.0,2,4.46,60.0,66.0,66.0,46.0,61.0,1420,64.11,34804360850402
1157.0,3,20.82,60.0,64.0,64.0,45.0,61.0,1410,62.46,35153655089843
1162.0,0,17.83,62.0,62.0,62.0,46.0,63.0,1355,69.58,67745631184936
1162.0,1,18.32,57.0,60.0,62.0,43.0,58.0,1292,66.76,38746544179687
1162.0,2,17.02,60.0,66.0,66.0,45.0,61.0,1388,67.62,34804744256835
1162.0,3,16.09,60.0,64.0,64.0,45.0,61.0,1408,67.16,35154035875610
1168.0,0,18.99,61.0,62.0,62.0,46.0,62.0,1377,70.24,67746029434936
1168.0,1,22.37,58.0,62.0,60.0,44.0,59.0,1292,71.28,38746948310058
1168.0,2,21.30,61.0,64.0,64.0,46.0,62.0,1386,69.01,34805135562683
1168.0,3,20.07,61.0,64.0,62.0,46.0,62.0,1386,68.84,35154426212402
1173.0,0,29.07,59.0,62.0,62.0,45.0,61.0,1344,72.53,67746440682739
1173.0,1,17.85,58.0,62.0,62.0,43.0,59.0,1292,69.08,38747339988830
1174.0,2,4.30,63.0,66.0,64.0,47.0,63.0,1408,68.34,34805523029113
1174.0,3,12.08,61.0,62.0,62.0,46.0,62.0,1386,62.58,35154781036254
1179.0,0,29.52,59.0,60.0,60.0,45.0,61.0,1356,69.40,67746834198425
1179.0,1,27.67,56.0,60.0,60.0,43.0,58.0,1303,66.41,38747716544311
1179.0,2,29.50,59.0,64.0,64.0,45.0,61.0,1421,66.94,34805901917053
1179.0,3,27.66,60.0,62.0,62.0,45.0,61.0,1380,71.64,35155186535583
1185.0,0,30.38,59.0,60.0,60.0,45.0,61.0,1358,67.90,67747217841735
1185.0,1,27.15,56.0,60.0,60.0,43.0,57.0,1262,64.93,38748083422546
1185.0,2,27.42,59.0,64.0,64.0,45.0,61.0,1378,64.23,34806265452026
1185.0,3,26.74,60.0,62.0,62.0,45.0,61.0,1336,66.59,35155563440124
1190.0,0,31.37,59.0,60.0,60.0,45.0,61.0,1357,68.40,67747605646301
1190.0,1,27.51,56.0,60.0,60.0,43.0,58.0,1209,65.12,38748452643005
1191.0,2,28.15,59.0,64.0,64.0,45.0,61.0,1346,64.64,34806631972778
1191.0,3,25.91,60.0,64.0,62.0,45.0,61.0,1325,66.46,35155939585876
1196.0,0,30.25,59.0,60.0,60.0,44.0,60.0,1335,68.24,67747991905700
1196.0,1,24.93,56.0,60.0,60.0,43.0,57.0,1271,65.78,38748824982604
1196.0,2,26.20,60.0,64.0,64.0,45.0,61.0,1356,64.57,34806997423339
1196.0,3,26.77,60.0,62.0,62.0,45.0,60.0,1366,66.22,35156315038696
1202.0,0,32.01,58.0,60.0,60.0,44.0,60.0,1346,68.35,67748379447570
1202.0,1,26.51,56.0,60.0,60.0,43.0,58.0,1272,65.21,38749194722351
1202.0,2,25.15,60.0,64.0,64.0,46.0,61.0,1367,64.93,34807364944885
1202.0,3,26.01,60.0,62.0,62.0,45.0,61.0,1368,66.46,35156691202026
1207.0,0,30.90,59.0,60.0,60.0,45.0,61.0,1304,68.75,67748768581604
1207.0,1,25.99,57.0,60.0,60.0,43.0,58.0,1271,65.61,38749566057373
1208.0,2,27.12,59.0,64.0,64.0,45.0,61.0,1377,64.56,34807730985473
1208.0,3,27.01,59.0,62.0,62.0,45.0,61.0,1355,66.43,35157067873474
1213.0,0,28.95,59.0,60.0,60.0,45.0,61.0,1313,68.77,67749158523071
1213.0,1,26.31,56.0,60.0,60.0,43.0,58.0,1250,65.47,38749936615539
1213.0,2,28.34,59.0,64.0,64.0,45.0,61.0,1345,63.99,34808093833068
1213.0,3,27.13,60.0,64.0,64.0,45.0,61.0,1367,66.62,35157445591247
1219.0,0,32.04,58.0,60.0,60.0,44.0,61.0,1324,68.36,67749545431518
1219.0,1,25.60,56.0,60.0,60.0,43.0,57.0,1250,65.38,38750307317871
1219.0,2,26.36,60.0,64.0,64.0,46.0,61.0,1356,64.82,34808460732177
1219.0,3,26.36,59.0,62.0,62.0,45.0,61.0,1356,66.55,35157822288085
1224.0,0,32.75,58.0,60.0,60.0,44.0,60.0,1303,68.38,67749933141906
1224.0,1,26.43,56.0,60.0,60.0,43.0,57.0,1282,65.81,38750680441833
1225.0,2,26.15,59.0,64.0,62.0,45.0,61.0,1367,64.77,34808827953369
1225.0,3,25.20,60.0,62.0,62.0,45.0,61.0,1366,66.37,35158198608703
1230.0,0,31.85,58.0,60.0,60.0,44.0,60.0,1323,68.25,67750320092407
1230.0,1,26.18,56.0,60.0,60.0,42.0,57.0,1270,65.83,38751053708801
1230.0,2,25.63,59.0,64.0,64.0,46.0,62.0,1365,64.88,34809195825439
1230.0,3,26.13,59.0,62.0,62.0,45.0,61.0,1355,66.23,35158574152099
1236.0,0,31.70,58.0,60.0,60.0,44.0,60.0,1356,68.28,67750707243103
1236.0,1,27.71,56.0,60.0,60.0,42.0,57.0,1250,65.69,38751426165405
1236.0,2,25.59,59.0,64.0,64.0,45.0,61.0,1356,65.50,34809567218933
1236.0,3,24.69,59.0,62.0,62.0,45.0,61.0,1355,66.73,35158952532714
1241.0,0,32.24,58.0,60.0,60.0,44.0,60.0,1313,68.48,67751094855590
1241.0,1,26.21,56.0,60.0,60.0,43.0,57.0,1271,65.48,38751796802612
1242.0,2,25.40,60.0,64.0,64.0,46.0,61.0,1357,65.06,34809935434692
1242.0,3,25.43,59.0,62.0,62.0,45.0,61.0,1357,66.27,35159327628295
1247.0,0,31.81,58.0,60.0,60.0,44.0,60.0,1347,68.21,67751480923583
1247.0,1,27.14,55.0,60.0,60.0,43.0,57.0,1283,65.57,38752167937622
1247.0,2,25.26,60.0,64.0,64.0,45.0,61.0,1367,64.83,34810302395202
1247.0,3,24.68,59.0,62.0,62.0,45.0,61.0,1346,66.73,35159705295898
1253.0,0,29.58,58.0,60.0,60.0,44.0,60.0,1346,68.51,67751869374694
1253.0,1,26.07,57.0,60.0,60.0,43.0,57.0,1250,65.77,38752540846557
1253.0,2,28.01,59.0,64.0,64.0,45.0,61.0,1367,64.44,34810667768371
1253.0,3,26.39,59.0,62.0,62.0,45.0,61.0,1335,66.38,35160080995910
1258.0,0,30.19,58.0,60.0,60.0,44.0,61.0,1335,68.69,67752258176147
1258.0,1,26.10,56.0,60.0,60.0,43.0,57.0,1272,65.51,38752911618041
1259.0,2,26.86,59.0,64.0,64.0,45.0,61.0,1346,64.52,34811032931335
1259.0,3,26.76,60.0,62.0,62.0,45.0,61.0,1356,66.09,35160455709045
1264.0,0,30.06,59.0,60.0,60.0,44.0,61.0,1314,68.97,67752648538757
1264.0,1,28.41,56.0,60.0,60.0,42.0,57.0,1273,65.29,38753281169067
1264.0,2,28.65,59.0,64.0,64.0,45.0,61.0,1347,64.84,34811399906921
1264.0,3,24.99,60.0,62.0,62.0,45.0,61.0,1347,66.68,35160833142639
1270.0,0,28.40,59.0,60.0,60.0,44.0,61.0,1347,68.73,67753037576354
1270.0,1,28.10,56.0,60.0,60.0,42.0,57.0,1229,65.47,38753652404663
1270.0,2,28.14,59.0,64.0,64.0,45.0,61.0,1355,64.46,34811765411804
1270.0,3,25.21,60.0,62.0,62.0,45.0,61.0,1345,66.30,35161209083374
1275.0,0,31.01,57.0,60.0,60.0,44.0,60.0,1334,68.23,67753425122924
1275.0,1,24.88,56.0,60.0,60.0,43.0,57.0,1270,65.82,38754025596069
1276.0,2,27.21,59.0,64.0,64.0,46.0,62.0,1355,64.92,34812133498352
1276.0,3,26.19,59.0,62.0,62.0,45.0,61.0,1366,66.11,35161583913757
1281.0,0,29.27,58.0,60.0,60.0,44.0,60.0,1324,68.76,67753814318725
1281.0,1,27.22,56.0,60.0,60.0,43.0,57.0,1272,65.49,38754396262145
1281.0,2,28.84,59.0,64.0,64.0,45.0,61.0,1367,65.09,34812501925781
1281.0,3,25.00,59.0,62.0,62.0,45.0,61.0,1346,66.80,35161962009155
1287.0,0,31.37,59.0,60.0,60.0,44.0,60.0,1326,68.98,67754204733886
1287.0,1,26.98,56.0,60.0,60.0,43.0,57.0,1251,65.77,38754768502502
1287.0,2,27.15,59.0,64.0,64.0,45.0,61.0,1357,65.49,34812872595642
1287.0,3,25.51,59.0,62.0,62.0,45.0,61.0,1356,66.57,35162339482238
1292.0,0,30.84,59.0,60.0,60.0,44.0,61.0,1333,68.69,67754594205078
1292.0,1,27.13,56.0,60.0,60.0,43.0,57.0,1280,65.74,38755141922851
1293.0,2,26.58,59.0,64.0,62.0,45.0,61.0,1355,65.37,34813243263671
1293.0,3,25.58,59.0,62.0,62.0,45.0,61.0,1377,67.17,35162719677185
1298.0,0,31.17,58.0,60.0,60.0,45.0,60.0,1304,68.48,67754982471130
1298.0,1,26.70,56.0,60.0,60.0,43.0,57.0,1283,66.20,38755516608642
1298.0,2,26.50,59.0,64.0,64.0,45.0,61.0,1345,64.75,34813610420654
1298.0,3,25.59,60.0,62.0,62.0,45.0,61.0,1366,66.70,35163097845764
1304.0,0,28.50,59.0,60.0,60.0,45.0,61.0,1344,69.14,67755374478271
1304.0,1,28.37,56.0,60.0,60.0,42.0,57.0,1250,65.30,38755886862609
1304.0,2,29.36,59.0,64.0,64.0,45.0,61.0,1356,65.01,34813979046264
1304.0,3,26.44,60.0,62.0,62.0,45.0,61.0,1356,66.72,35163476155639
1309.0,0,31.29,58.0,60.0,60.0,44.0,60.0,1344,68.45,67755762607116
1309.0,1,27.75,56.0,60.0,60.0,42.0,57.0,1270,65.19,38756256463134
1310.0,2,25.41,59.0,64.0,64.0,45.0,61.0,1365,65.49,34814350396850
1310.0,3,25.71,60.0,62.0,62.0,45.0,61.0,1335,66.70,35163853660400
1315.0,0,31.05,59.0,60.0,60.0,45.0,61.0,1336,68.38,67756149616516
1315.0,1,26.44,56.0,60.0,60.0,43.0,57.0,1228,66.06,38756630337524
1315.0,2,27.84,59.0,62.0,64.0,45.0,61.0,1344,64.72,34814717368774
1315.0,3,27.49,60.0,62.0,62.0,45.0,61.0,1354,66.03,35164228706054
1321.0,0,28.66,58.0,60.0,60.0,44.0,61.0,1343,68.83,67756540564147
1321.0,1,27.99,56.0,60.0,60.0,42.0,57.0,1248,65.52,38757002500366
1321.0,2,28.76,59.0,64.0,64.0,45.0,61.0,1354,64.39,34815082485900
1321.0,3,25.36,60.0,62.0,62.0,45.0,61.0,1354,66.70,35164606913269
1326.0,0,28.94,59.0,60.0,60.0,44.0,61.0,1313,68.63,67756929019226
1326.0,1,26.08,56.0,60.0,60.0,42.0,57.0,1229,65.73,38757375167358
1327.0,2,29.33,59.0,62.0,62.0,45.0,60.0,1346,64.46,34815447301269
1327.0,3,27.20,60.0,64.0,62.0,45.0,61.0,1357,66.69,35164984397094
1332.0,0,30.01,59.0,60.0,60.0,44.0,61.0,1303,68.52,67757317547607
1332.0,1,26.42,56.0,60.0,60.0,43.0,57.0,1271,65.75,38757747289123
1332.0,2,29.14,59.0,64.0,64.0,46.0,61.0,1355,64.94,34815815539367
1332.0,3,27.12,60.0,62.0,62.0,45.0,61.0,1344,66.24,35165359958679
1338.0,0,29.24,59.0,60.0,60.0,44.0,61.0,1302,68.77,67757707496337
1338.0,1,25.62,56.0,60.0,60.0,42.0,57.0,1249,65.60,38758119924804
1338.0,2,29.21,59.0,64.0,64.0,45.0,61.0,1376,64.89,34816183460876
1338.0,3,27.10,60.0,64.0,64.0,45.0,61.0,1356,66.10,35165734729919
1343.0,0,32.22,58.0,60.0,60.0,44.0,60.0,1345,68.41,67758095355651
1343.0,1,26.68,56.0,60.0,60.0,42.0,57.0,1283,65.61,38758491280578
1344.0,2,26.19,59.0,64.0,62.0,46.0,61.0,1356,65.68,34816555855651
1344.0,3,25.85,59.0,62.0,62.0,45.0,61.0,1355,66.31,35166110707153
1349.0,0,31.66,58.0,60.0,60.0,44.0,60.0,1324,68.35,67758482215332
1349.0,1,27.12,56.0,60.0,60.0,42.0,57.0,1261,65.53,38758862167297
1349.0,2,26.07,60.0,64.0,64.0,45.0,61.0,1346,64.89,34816923132995
1349.0,3,25.63,59.0,62.0,64.0,45.0,61.0,1347,66.48,35166486992431
1355.0,0,30.81,58.0,60.0,60.0,44.0,60.0,1325,68.57,67758870989257
1355.0,1,26.52,56.0,60.0,60.0,42.0,57.0,1219,65.89,38759235739807
1355.0,2,26.99,59.0,62.0,64.0,45.0,61.0,1367,64.47,34817288015136
1355.0,3,27.14,59.0,62.0,62.0,45.0,61.0,1356,66.41,35166863525695
1360.0,0,25.41,58.0,60.0,60.0,44.0,60.0,1335,73.57,67759287384460
1360.0,1,19.91,55.0,60.0,60.0,42.0,57.0,1272,70.41,38759634278625
1361.0,2,19.08,59.0,62.0,62.0,45.0,60.0,1377,68.26,34817675023071
1361.0,3,15.18,59.0,62.0,62.0,45.0,61.0,1367,68.30,35167250130554
1366.0,0,26.92,58.0,62.0,62.0,45.0,61.0,1345,74.01,67759707024230
1366.0,1,22.03,57.0,62.0,62.0,43.0,57.0,1282,70.45,38760033750854
1366.0,2,20.77,60.0,64.0,64.0,46.0,61.0,1346,68.44,34818062418090
1366.0,3,6.89,62.0,64.0,64.0,46.0,62.0,1387,70.08,35167647492431
1372.0,0,23.05,59.0,62.0,62.0,44.0,61.0,1345,75.74,67760135692687
1372.0,1,19.66,57.0,62.0,62.0,43.0,58.0,1259,71.59,38760439686401
1372.0,2,23.69,59.0,64.0,66.0,45.0,61.0,1407,69.11,34818454968872
1372.0,3,18.04,60.0,62.0,62.0,45.0,61.0,1428,69.94,35168044025817
1377.0,0,24.64,58.0,62.0,62.0,44.0,61.0,1343,69.92,67760532832458
1377.0,1,20.03,56.0,62.0,62.0,43.0,57.0,1269,67.50,38760823086425
1378.0,2,19.19,60.0,66.0,66.0,45.0,61.0,1405,65.59,34818827538085
1378.0,3,18.79,60.0,64.0,64.0,45.0,61.0,1426,65.21,35168414414611
1383.0,0,12.11,59.0,62.0,62.0,45.0,61.0,1329,78.12,67760977348388
1383.0,1,19.15,57.0,62.0,62.0,43.0,58.0,1288,72.15,38761232878112
1383.0,2,27.77,60.0,66.0,66.0,45.0,61.0,1392,68.61,34819217919372
1383.0,3,26.73,60.0,64.0,64.0,45.0,61.0,1402,68.37,35168803413330
1389.0,0,25.45,59.0,62.0,62.0,45.0,61.0,1383,75.49,67761406905212
1389.0,1,23.18,57.0,62.0,62.0,43.0,58.0,1277,71.75,38761641130859
1389.0,2,8.62,62.0,66.0,66.0,46.0,63.0,1385,70.83,34819620209045
1389.0,3,4.62,63.0,64.0,64.0,47.0,63.0,1417,68.73,35169193808349
1394.0,0,22.23,58.0,60.0,60.0,44.0,61.0,1344,71.62,67761812983703
1394.0,1,13.97,57.0,62.0,62.0,43.0,58.0,1271,67.88,38762026031372
1395.0,2,13.05,60.0,66.0,66.0,45.0,61.0,1409,65.78,34819993203796
1395.0,3,13.03,60.0,64.0,64.0,45.0,61.0,1429,67.52,35169576638061
1400.0,0,14.63,59.0,60.0,60.0,44.0,60.0,1366,67.79,67762197355773
1400.0,1,6.55,57.0,60.0,60.0,43.0,58.0,1281,65.24,38762395918029
1400.0,2,7.07,60.0,64.0,64.0,45.0,61.0,1439,62.76,34820349056335
1400.0,3,6.58,60.0,62.0,62.0,45.0,61.0,1418,63.35,35169935805847
1406.0,0,19.03,59.0,60.0,60.0,45.0,61.0,1332,73.07,67762611646240
1406.0,1,16.50,57.0,60.0,60.0,43.0,58.0,1258,71.24,38762800554992
1406.0,2,33.46,59.0,64.0,64.0,45.0,61.0,1374,67.72,34820733689147
1406.0,3,31.62,60.0,62.0,62.0,45.0,61.0,1418,68.31,35170323822082
1411.0,0,31.29,59.0,60.0,60.0,45.0,61.0,1345,70.90,67763013674865
1411.0,1,27.31,57.0,60.0,60.0,43.0,58.0,1261,68.19,38763186517150
1412.0,2,24.66,60.0,64.0,64.0,46.0,60.0,1368,67.24,34821114277893
1412.0,3,23.57,60.0,62.0,62.0,45.0,61.0,1378,68.14,35170709471557
1417.0,0,29.35,59.0,60.0,60.0,45.0,61.0,1334,71.43,67763418662902
1417.0,1,24.95,57.0,60.0,60.0,43.0,58.0,1272,67.97,38763571228881
1417.0,2,25.64,60.0,64.0,64.0,46.0,61.0,1356,67.06,34821494528930
1417.0,3,23.91,60.0,62.0,62.0,45.0,61.0,1346,67.67,35171092485961
1423.0,0,28.42,59.0,60.0,60.0,45.0,61.0,1357,71.97,67763826002136
1423.0,1,25.11,57.0,60.0,60.0,43.0,58.0,1271,68.29,38763958436401
1423.0,2,25.53,60.0,64.0,64.0,46.0,61.0,1356,66.88,34821873074401
1423.0,3,25.00,60.0,62.0,62.0,45.0,61.0,1303,68.23,35171479373718
1428.0,0,28.11,59.0,60.0,60.0,45.0,61.0,1356,71.32,67764229667114
1428.0,1,24.61,57.0,60.0,60.0,43.0,58.0,1282,68.47,38764345957336
1429.0,2,26.30,60.0,64.0,64.0,46.0,62.0,1377,67.09,34822253453613
1429.0,3,24.43,60.0,62.0,62.0,45.0,61.0,1303,67.83,35171863306152
1434.0,0,28.18,59.0,60.0,60.0,45.0,61.0,1346,72.15,67764638744140
1434.0,1,25.06,57.0,60.0,60.0,43.0,58.0,1272,68.16,38764732413391
1434.0,2,26.07,60.0,64.0,64.0,46.0,61.0,1345,66.92,34822632202087
1434.0,3,25.44,60.0,64.0,64.0,45.0,61.0,1420,68.24,35172250200073
1440.0,0,28.41,59.0,60.0,60.0,44.0,60.0,1355,71.56,67765044491333
1440.0,1,25.67,57.0,60.0,60.0,43.0,58.0,1238,68.62,38765121507690
1440.0,2,25.77,60.0,64.0,64.0,46.0,62.0,1302,67.32,34823013891174
1440.0,3,24.93,59.0,62.0,64.0,45.0,61.0,1419,67.93,35172635379638
1445.0,0,28.74,59.0,60.0,60.0,45.0,61.0,1283,72.23,67765453295593
1445.0,1,26.26,57.0,60.0,60.0,43.0,58.0,1230,68.07,38765506786621
1446.0,2,25.16,59.0,64.0,64.0,46.0,62.0,1325,67.02,34823393221801
1446.0,3,23.40,60.0,64.0,64.0,45.0,61.0,1410,68.59,35173023576293
1451.0,0,28.22,59.0,60.0,60.0,45.0,61.0,1325,71.83,67765859848693
1451.0,1,25.36,57.0,60.0,60.0,43.0,58.0,1272,68.42,38765894049987
1451.0,2,27.68,60.0,64.0,64.0,46.0,61.0,1357,67.32,34823774233825
1451.0,3,25.37,60.0,62.0,62.0,45.0,61.0,1378,67.48,35173405499938
1457.0,0,30.29,59.0,60.0,60.0,45.0,61.0,1345,71.16,67766263329101
1457.0,1,25.48,57.0,60.0,60.0,43.0,58.0,1271,68.23,38766280933715
1457.0,2,25.44,60.0,64.0,64.0,46.0,62.0,1366,67.04,34824154339477
1457.0,3,25.06,60.0,62.0,62.0,45.0,61.0,1334,67.54,35173788428466
1462.0,0,28.11,60.0,60.0,60.0,45.0,61.0,1346,71.89,67766670927490
1462.0,1,27.66,57.0,60.0,60.0,43.0,58.0,1239,68.30,38766668202087
1463.0,2,26.86,59.0,62.0,64.0,46.0,62.0,1335,66.65,34824532258911
1463.0,3,23.96,60.0,64.0,64.0,45.0,61.0,1377,68.20,35174175111206
1468.0,0,28.20,59.0,60.0,60.0,45.0,61.0,1313,72.00,67767078433349
1468.0,1,25.31,57.0,60.0,60.0,43.0,58.0,1239,68.12,38767054423889
1468.0,2,27.28,60.0,64.0,64.0,46.0,61.0,1345,67.19,34824913200927
1468.0,3,24.97,60.0,62.0,62.0,45.0,61.0,1366,67.83,35174559715148
1474.0,0,30.85,59.0,60.0,60.0,45.0,61.0,1355,71.18,67767482050537
1474.0,1,25.28,57.0,60.0,60.0,43.0,57.0,1271,68.48,38767442039855
1474.0,2,25.43,60.0,64.0,64.0,46.0,62.0,1367,67.37,34825294541625
1474.0,3,24.29,60.0,62.0,62.0,45.0,61.0,1366,67.77,35174943282104
1479.0,0,27.53,59.0,60.0,60.0,45.0,61.0,1334,71.95,67767890020019
1479.0,1,25.95,56.0,60.0,60.0,43.0,58.0,1250,68.32,38767829438781
1480.0,2,28.91,60.0,64.0,64.0,46.0,62.0,1344,67.41,34825677455383
1480.0,3,26.35,60.0,64.0,64.0,45.0,61.0,1365,67.82,35175328514404
1485.0,0,27.05,59.0,60.0,60.0,45.0,61.0,1323,71.49,67768295347045
1485.0,1,25.63,56.0,60.0,60.0,43.0,58.0,1281,68.38,38768217152160
1485.0,2,28.95,60.0,64.0,64.0,46.0,62.0,1387,67.56,34826059842041
1485.0,3,25.80,60.0,62.0,62.0,45.0,61.0,1367,67.75,35175711987915
1491.0,0,27.77,59.0,60.0,60.0,45.0,61.0,1324,71.69,67768701810119
1491.0,1,25.23,57.0,60.0,60.0,43.0,58.0,1250,68.67,38768606484191
1491.0,2,28.66,60.0,64.0,64.0,46.0,62.0,1346,67.24,34826441088500
1491.0,3,25.72,60.0,62.0,62.0,45.0,61.0,1400,67.70,35176095818786
1496.0,0,27.02,59.0,60.0,60.0,45.0,61.0,1325,71.77,67769108000915
1496.0,1,27.46,57.0,60.0,60.0,43.0,58.0,1251,68.41,38768993702209
1497.0,2,28.80,60.0,64.0,64.0,46.0,62.0,1357,67.41,34826822620544
1497.0,3,24.64,60.0,62.0,62.0,45.0,61.0,1421,67.86,35176479930114
1502.0,0,28.96,59.0,60.0,60.0,45.0,61.0,1346,71.04,67769510106262
1502.0,1,24.83,58.0,62.0,60.0,43.0,58.0,1261,68.70,38769382547912
1502.0,2,28.24,60.0,64.0,64.0,46.0,62.0,1355,67.55,34827205643493
1502.0,3,26.24,59.0,62.0,64.0,45.0,61.0,1376,67.43,35176862277160
1508.0,0,30.37,58.0,60.0,60.0,45.0,61.0,1322,70.54,67769910790344
1508.0,1,26.70,57.0,60.0,60.0,43.0,58.0,1249,68.47,38769771434570
1508.0,2,25.78,60.0,64.0,64.0,46.0,62.0,1355,67.80,34827590051147
1508.0,3,25.10,60.0,62.0,62.0,45.0,61.0,1354,68.04,35177248090881
1513.0,0,28.46,59.0,60.0,60.0,45.0,61.0,1345,71.48,67770315367492
1513.0,1,27.92,57.0,60.0,60.0,43.0,58.0,1271,67.96,38770156762023
1514.0,2,27.97,60.0,64.0,64.0,46.0,62.0,1367,67.43,34827971721313
1514.0,3,23.40,60.0,62.0,62.0,45.0,61.0,1367,67.96,35177632723022
1519.0,0,26.87,59.0,60.0,60.0,45.0,61.0,1335,70.83,67770716995361
1519.0,1,27.55,57.0,60.0,60.0,43.0,58.0,1261,68.24,38770542978515
1519.0,2,29.51,60.0,64.0,64.0,46.0,62.0,1367,67.90,34828356693603
1519.0,3,25.21,60.0,62.0,62.0,45.0,61.0,1356,67.43,35178015053588
1525.0,0,28.21,59.0,60.0,60.0,45.0,62.0,1335,70.72,67771117251403
1525.0,1,23.68,57.0,60.0,60.0,43.0,58.0,1251,68.87,38770932772583
1525.0,2,28.20,60.0,64.0,64.0,46.0,62.0,1368,67.52,34828738845764
1525.0,3,26.06,60.0,62.0,62.0,45.0,60.0,1377,67.33,35178396130798
1530.0,0,25.51,59.0,60.0,60.0,45.0,61.0,1323,71.74,67771524014587
1530.0,1,19.40,56.0,60.0,60.0,43.0,57.0,1270,69.04,38771324237731
1531.0,2,18.86,60.0,64.0,64.0,46.0,61.0,1398,67.57,34829121986938
1531.0,3,17.63,59.0,62.0,62.0,45.0,61.0,1356,67.50,35178778873840
1536.0,0,25.48,59.0,62.0,62.0,45.0,61.0,1356,73.62,67771941430786
1536.0,1,20.46,57.0,62.0,62.0,43.0,58.0,1292,70.00,38771721157287
1536.0,2,19.02,60.0,66.0,66.0,46.0,62.0,1396,67.60,34829505279846
1536.0,3,17.57,63.0,64.0,64.0,46.0,63.0,1364,67.57,35179162659545
1542.0,0,23.98,59.0,62.0,62.0,45.0,61.0,1374,74.36,67772363024963
1542.0,1,19.99,57.0,62.0,62.0,43.0,58.0,1269,70.65,38772122444519
1542.0,2,3.85,60.0,64.0,64.0,46.0,62.0,1418,69.88,34829902203063
1542.0,3,1.73,63.0,64.0,64.0,46.0,63.0,1449,68.28,35179549785156
1547.0,0,12.39,61.0,62.0,62.0,46.0,62.0,1375,71.33,67772768162475
1547.0,1,9.27,57.0,62.0,62.0,43.0,57.0,1300,66.72,38772500735473
1548.0,2,8.63,60.0,64.0,64.0,46.0,61.0,1416,64.47,34830268401062
1548.0,3,11.19,60.0,64.0,64.0,45.0,61.0,1386,66.22,35179925270446
1553.0,0,23.22,61.0,62.0,62.0,46.0,63.0,1343,81.05,67773227692626
1553.0,1,7.14,59.0,62.0,62.0,44.0,59.0,1291,75.43,38772929150939
1553.0,2,18.07,60.0,66.0,66.0,45.0,62.0,1419,69.21,34830660797607
1553.0,3,24.39,60.0,64.0,64.0,45.0,61.0,1418,67.57,35180308367126
1559.0,0,17.42,62.0,62.0,62.0,46.0,63.0,1365,75.97,67773658430297
1559.0,1,3.83,59.0,62.0,62.0,44.0,59.0,1292,71.27,38773332541015
1559.0,2,20.16,60.0,66.0,66.0,46.0,61.0,1418,67.97,34831046215820
1559.0,3,20.08,60.0,64.0,64.0,45.0,61.0,1407,67.71,35180692946960
1564.0,0,19.68,59.0,62.0,62.0,45.0,62.0,1365,70.59,67774059390747
1564.0,1,9.20,58.0,62.0,62.0,43.0,59.0,1312,73.80,38773751726501
1565.0,2,6.51,61.0,64.0,64.0,46.0,63.0,1419,73.06,34831459726745
1565.0,3,19.00,61.0,64.0,64.0,46.0,62.0,1440,71.24,35181096898986
1570.0,0,26.28,59.0,62.0,62.0,45.0,61.0,1366,71.60,67774464660034
1570.0,1,22.38,57.0,62.0,62.0,43.0,58.0,1302,69.23,38774144236206
1570.0,2,14.58,62.0,66.0,66.0,47.0,63.0,1407,67.74,34831844464965
1570.0,3,0.00,62.0,64.0,64.0,46.0,63.0,1407,69.08,35181488598388
1576.0,0,28.23,59.0,62.0,62.0,45.0,61.0,1375,73.66,67774883020507
1576.0,1,22.44,57.0,62.0,62.0,43.0,57.0,1291,70.20,38774542258178
1576.0,2,16.15,62.0,66.0,66.0,46.0,63.0,1430,68.59,34832233363220
1576.0,3,0.00,60.0,64.0,64.0,45.0,61.0,1409,69.71,35181883151550
1581.0,0,31.58,59.0,60.0,60.0,45.0,61.0,1357,69.55,67775276677185
1581.0,1,26.43,57.0,60.0,60.0,43.0,58.0,1303,67.99,38774927097412
1582.0,2,25.46,60.0,64.0,64.0,46.0,61.0,1430,66.53,34832609910095
1582.0,3,23.76,60.0,62.0,62.0,45.0,61.0,1397,68.05,35182269662719
1587.0,0,27.86,59.0,62.0,62.0,45.0,61.0,1322,71.97,67775684753051
1587.0,1,24.93,56.0,60.0,60.0,43.0,58.0,1249,67.67,38775311454162
1587.0,2,25.92,60.0,64.0,64.0,46.0,62.0,1375,67.04,34832990702148
1587.0,3,26.74,60.0,64.0,64.0,45.0,61.0,1407,67.48,35182652298095
1593.0,0,28.14,59.0,60.0,60.0,45.0,61.0,1355,71.70,67776092016845
1593.0,1,25.96,57.0,60.0,60.0,43.0,58.0,1270,68.07,38775697395935
1593.0,2,25.64,60.0,64.0,64.0,46.0,61.0,1365,66.86,34833369774475
1593.0,3,24.71,60.0,62.0,62.0,45.0,61.0,1355,68.12,35183038542175
1598.0,0,28.05,59.0,60.0,60.0,45.0,62.0,1344,72.03,67776499721374
1598.0,1,25.22,57.0,60.0,60.0,43.0,58.0,1291,68.10,38776083507080
1599.0,2,25.26,60.0,64.0,64.0,46.0,61.0,1376,66.98,34833749546386
1599.0,3,26.35,60.0,64.0,64.0,45.0,61.0,1409,68.08,35183424543151
1604.0,0,28.51,59.0,60.0,60.0,45.0,61.0,1302,71.50,67776905842712
1604.0,1,26.23,57.0,62.0,62.0,43.0,58.0,1206,68.40,38776471330200
1604.0,2,24.83,60.0,64.0,64.0,46.0,61.0,1377,66.45,34834126316833
1604.0,3,24.86,60.0,64.0,62.0,45.0,61.0,1397,68.57,35183813360717
1610.0,0,28.85,59.0,60.0,60.0,45.0,61.0,1292,71.66,67777311464721
1610.0,1,26.26,57.0,60.0,60.0,43.0,58.0,1272,68.23,38776857521057
1610.0,2,25.98,60.0,64.0,64.0,46.0,62.0,1356,67.38,34834507676635
1610.0,3,24.73,60.0,62.0,62.0,45.0,61.0,1399,67.96,35184198034667
1615.0,0,30.59,59.0,60.0,60.0,45.0,61.0,1301,71.91,67777719171264
1615.0,1,25.39,57.0,60.0,60.0,43.0,58.0,1270,68.44,38777245562377
1616.0,2,25.43,60.0,64.0,64.0,46.0,61.0,1386,67.15,34834889067138
1616.0,3,24.74,59.0,62.0,62.0,45.0,61.0,1365,67.99,35184584200744
1621.0,0,29.57,59.0,60.0,60.0,45.0,62.0,1345,71.90,67778126849243
1621.0,1,25.07,57.0,60.0,62.0,43.0,58.0,1282,68.59,38777634456420
1621.0,2,26.55,60.0,64.0,64.0,46.0,62.0,1356,67.48,34835270996337
1621.0,3,25.91,60.0,62.0,62.0,45.0,61.0,1345,67.81,35184968010620
1627.0,0,28.76,59.0,60.0,60.0,45.0,61.0,1334,71.81,67778534006042
1627.0,1,28.61,57.0,60.0,60.0,43.0,58.0,1270,68.37,38778022137512
1627.0,2,25.96,60.0,64.0,64.0,45.0,62.0,1366,67.11,34835651490661
1627.0,3,23.54,60.0,62.0,62.0,45.0,61.0,1345,68.12,35185354273864
1632.0,0,30.37,59.0,60.0,60.0,45.0,61.0,1345,71.50,67778939408874
1633.0,1,27.93,57.0,60.0,60.0,43.0,58.0,1261,68.44,38778410219848
1633.0,2,26.52,60.0,62.0,64.0,45.0,61.0,1366,67.65,34836035056823
1633.0,3,23.16,60.0,62.0,62.0,45.0,61.0,1377,67.77,35185738539733
1638.0,0,30.80,58.0,60.0,60.0,45.0,61.0,1314,71.11,67779341894531
1638.0,1,27.54,57.0,60.0,60.0,43.0,58.0,1270,68.52,38778798725646
1638.0,2,26.22,60.0,64.0,64.0,46.0,62.0,1365,68.02,34836420757141
1638.0,3,23.32,60.0,62.0,62.0,45.0,61.0,1387,67.70,35186122399108
1644.0,0,30.23,59.0,60.0,60.0,45.0,61.0,1333,71.26,67779746631286
1644.0,1,24.81,57.0,60.0,60.0,43.0,58.0,1260,68.53,38779187266601
1644.0,2,26.27,60.0,64.0,64.0,46.0,62.0,1355,68.21,34836807524658
1644.0,3,25.75,59.0,62.0,62.0,45.0,61.0,1386,67.33,35186504140747
1649.0,0,27.45,59.0,60.0,60.0,45.0,61.0,1302,71.76,67780153526000
1650.0,1,25.75,57.0,60.0,60.0,43.0,58.0,1270,68.46,38779575457031
1650.0,2,28.95,60.0,64.0,64.0,46.0,62.0,1343,67.93,34837192712890
1650.0,3,25.34,60.0,64.0,64.0,45.0,61.0,1377,67.99,35186889624938
1655.0,0,29.60,59.0,60.0,60.0,45.0,61.0,1312,71.03,67780556258911
1655.0,1,27.70,57.0,60.0,60.0,43.0,58.0,1260,68.57,38779964243652
1655.0,2,25.90,60.0,64.0,64.0,46.0,62.0,1376,67.76,34837576903686
1655.0,3,23.52,60.0,62.0,62.0,45.0,61.0,1365,68.20,35187276341064
1661.0,0,28.36,59.0,60.0,60.0,45.0,61.0,1345,71.29,67780960494812
1661.0,1,25.44,57.0,60.0,62.0,43.0,58.0,1228,68.23,38780351117370
1661.0,2,26.21,60.0,64.0,64.0,46.0,61.0,1345,68.38,34837964629211
1661.0,3,26.56,60.0,64.0,64.0,45.0,61.0,1409,67.23,35187657562500
1666.0,0,27.36,59.0,60.0,60.0,45.0,62.0,1335,71.85,67781367154479
1667.0,1,27.65,57.0,62.0,62.0,43.0,58.0,1250,68.81,38780740606811
1667.0,2,28.64,60.0,64.0,64.0,46.0,62.0,1367,67.75,34838348089294
1667.0,3,23.70,60.0,62.0,62.0,45.0,61.0,1366,68.21,35188044330627
1672.0,0,31.11,59.0,60.0,60.0,45.0,60.0,1312,70.45,67781767338134
1672.0,1,26.30,57.0,60.0,60.0,43.0,58.0,1248,68.62,38781130359741
1672.0,2,26.40,60.0,64.0,64.0,46.0,62.0,1406,68.35,34838736327697
1672.0,3,23.67,60.0,62.0,62.0,45.0,61.0,1374,67.69,35188428119079
1678.0,0,30.29,60.0,60.0,60.0,45.0,61.0,1343,71.27,67782171417053
1678.0,1,25.64,57.0,60.0,62.0,43.0,58.0,1238,68.72,38781520016479
1678.0,2,26.40,60.0,64.0,64.0,46.0,62.0,1365,68.20,34839123038452
1678.0,3,25.78,60.0,62.0,64.0,45.0,61.0,1355,67.61,35188811456604
1683.0,0,30.30,58.0,60.0,60.0,44.0,61.0,1366,70.78,67782572754516
1684.0,1,26.28,57.0,60.0,60.0,43.0,58.0,1271,68.66,38781909311950
1684.0,2,25.95,60.0,64.0,64.0,46.0,62.0,1397,68.20,34839509736206
1684.0,3,24.75,60.0,62.0,62.0,45.0,61.0,1386,67.70,35189195309265
1689.0,0,30.38,60.0,60.0,60.0,45.0,61.0,1312,70.98,67782975216003
1689.0,1,28.32,57.0,60.0,60.0,43.0,58.0,1270,68.29,38782296540771
1689.0,2,26.72,59.0,64.0,64.0,46.0,61.0,1365,68.10,34839895883850
1690.0,3,23.06,60.0,62.0,62.0,45.0,61.0,1355,68.09,35189581357360
1695.0,0,26.61,59.0,60.0,60.0,45.0,61.0,1323,71.33,67783379666625
1695.0,1,27.37,57.0,62.0,62.0,43.0,58.0,1260,68.38,38782684258605
1695.0,2,29.35,60.0,64.0,64.0,46.0,62.0,1355,68.40,34840283733886
1695.0,3,23.92,60.0,64.0,64.0,45.0,61.0,1386,67.58,35189964520507
1700.0,0,22.50,62.0,62.0,62.0,46.0,63.0,1344,74.05,67783799553039
1701.0,1,12.21,57.0,60.0,60.0,43.0,58.0,1271,66.33,38783060371582
1701.0,2,14.14,60.0,64.0,64.0,46.0,61.0,1398,65.21,34840653486572
1701.0,3,12.74,60.0,62.0,62.0,45.0,61.0,1398,64.45,35190329971191
1706.0,0,26.23,59.0,62.0,62.0,45.0,61.0,1345,75.88,67784229794494
1706.0,1,20.25,58.0,62.0,62.0,43.0,58.0,1302,76.69,38783495231384
1706.0,2,3.45,60.0,66.0,66.0,46.0,62.0,1439,75.83,34841083436340
1707.0,3,12.00,63.0,64.0,64.0,46.0,63.0,1385,73.14,35190745398071
1712.0,0,11.09,58.0,62.0,62.0,44.0,60.0,1363,66.68,67784608529235
1712.0,1,7.83,57.0,60.0,60.0,43.0,58.0,1300,65.45,38783866984741
1712.0,2,7.59,60.0,66.0,66.0,46.0,61.0,1416,63.01,34841441354858
1712.0,3,7.03,60.0,62.0,62.0,45.0,61.0,1428,64.96,35191113722595
1717.0,0,10.01,61.0,62.0,62.0,46.0,63.0,1364,80.70,67785066916748
1718.0,1,14.84,57.0,62.0,62.0,43.0,57.0,1300,70.47,38784267239990
1718.0,2,19.90,60.0,66.0,66.0,45.0,61.0,1429,67.44,34841823767761
1718.0,3,19.04,60.0,64.0,64.0,45.0,61.0,1430,67.08,35191494077331
1723.0,0,22.25,63.0,64.0,62.0,46.0,63.0,1367,77.43,67785505142700
1723.0,1,4.81,59.0,62.0,62.0,44.0,59.0,1304,74.41,38784688410705
1723.0,2,4.93,60.0,64.0,64.0,46.0,62.0,1441,70.15,34842221535217
1724.0,3,10.97,60.0,64.0,64.0,45.0,61.0,1429,69.06,35191885646057
1729.0,0,26.42,59.0,62.0,62.0,45.0,61.0,1355,74.27,67785926231079
1729.0,1,21.60,59.0,62.0,62.0,44.0,59.0,1323,76.36,38785121394653
1729.0,2,0.51,62.0,66.0,66.0,47.0,63.0,1417,77.26,34842659598754
1729.0,3,13.34,63.0,64.0,64.0,46.0,62.0,1428,71.39,35192291132629
1734.0,0,19.57,59.0,62.0,62.0,45.0,61.0,1365,72.93,67786339716674
1735.0,1,15.34,57.0,62.0,62.0,43.0,58.0,1355,69.37,38785514733398
1735.0,2,14.49,60.0,66.0,66.0,46.0,62.0,1429,67.52,34843043102844
1735.0,3,22.39,61.0,64.0,64.0,45.0,62.0,1429,70.20,35192688459899
1740.0,0,23.11,60.0,62.0,62.0,45.0,62.0,1387,82.21,67786805874938
1740.0,1,14.25,58.0,62.0,62.0,44.0,59.0,1313,77.54,38785954408081
1740.0,2,20.66,63.0,66.0,64.0,47.0,63.0,1440,70.48,34843442033752
1741.0,3,18.61,60.0,64.0,64.0,45.0,61.0,1429,67.42,35193070759460
1746.0,0,20.46,58.0,60.0,60.0,45.0,61.0,1365,69.17,67787198067687
1746.0,1,15.55,57.0,60.0,60.0,43.0,58.0,1291,68.20,38786341081359
1746.0,2,34.50,59.0,64.0,64.0,46.0,61.0,1418,68.13,34843828328918
1746.0,3,32.71,60.0,64.0,64.0,45.0,62.0,1419,70.51,35193470534423
1751.0,0,30.71,60.0,60.0,62.0,45.0,61.0,1344,71.47,67787603296936
1752.0,1,27.53,57.0,60.0,60.0,43.0,58.0,1292,68.19,38786727700012
1752.0,2,25.85,60.0,64.0,64.0,46.0,61.0,1408,67.15,34844209067016
1752.0,3,24.23,60.0,62.0,62.0,45.0,61.0,1398,68.18,35193857128356
1757.0,0,31.44,59.0,60.0,62.0,45.0,61.0,1367,71.44,67788007632568
1757.0,1,26.40,57.0,62.0,60.0,43.0,58.0,1272,68.48,38787115307678
1757.0,2,25.12,60.0,64.0,64.0,46.0,61.0,1378,67.20,34844589425354
1758.0,3,23.68,60.0,64.0,62.0,45.0,61.0,1368,67.98,35194241868103
1763.0,0,28.30,60.0,60.0,60.0,45.0,61.0,1367,72.27,67788417376831
1763.0,1,25.15,57.0,62.0,62.0,43.0,58.0,1293,68.23,38787502175720
1763.0,2,27.55,60.0,64.0,64.0,46.0,62.0,1356,66.96,34844969101928
1763.0,3,25.22,60.0,62.0,62.0,45.0,61.0,1335,68.33,35194629277893
1768.0,0,28.42,60.0,60.0,60.0,45.0,61.0,1367,72.15,67788825732177
1769.0,1,26.07,57.0,62.0,62.0,43.0,58.0,1261,68.71,38787891051086
1769.0,2,26.45,60.0,64.0,64.0,46.0,62.0,1346,67.61,34845351791442
1769.0,3,24.80,60.0,64.0,62.0,45.0,61.0,1419,68.77,35195018499450
1774.0,0,28.44,59.0,62.0,62.0,45.0,61.0,1366,71.93,67789233572204
1774.0,1,25.51,57.0,62.0,62.0,43.0,58.0,1292,68.62,38788280108337
1774.0,2,25.95,60.0,64.0,64.0,46.0,62.0,1419,67.77,34845736033081
1775.0,3,24.76,60.0,62.0,62.0,45.0,61.0,1409,67.93,35195403678955
1780.0,0,28.67,60.0,62.0,60.0,45.0,61.0,1378,72.44,67789643580993
1780.0,1,25.83,57.0,62.0,62.0,43.0,58.0,1240,68.52,38788667935180
1780.0,2,24.99,60.0,64.0,64.0,46.0,61.0,1356,67.22,34846116501220
1780.0,3,24.36,60.0,64.0,62.0,45.0,61.0,1419,69.07,35195794624694
1785.0,0,27.88,58.0,60.0,62.0,45.0,61.0,1302,71.54,67790049208801
1786.0,1,25.71,57.0,62.0,60.0,43.0,58.0,1217,68.60,38789056875793
1786.0,2,25.55,60.0,64.0,64.0,46.0,62.0,1302,67.41,34846498708312
1786.0,3,24.47,60.0,62.0,62.0,45.0,61.0,1419,67.76,35196178813293
1791.0,0,30.13,59.0,62.0,62.0,45.0,61.0,1356,71.56,67790454974731
1791.0,1,25.96,57.0,62.0,60.0,43.0,58.0,1293,68.19,38789443486755
1791.0,2,25.64,60.0,64.0,64.0,46.0,62.0,1303,67.18,34846879621337
1792.0,3,24.25,59.0,62.0,62.0,45.0,61.0,1356,68.14,35196565185302
1797.0,0,27.72,59.0,60.0,60.0,45.0,61.0,1377,71.96,67790862252075
1797.0,1,25.85,56.0,60.0,62.0,43.0,57.0,1260,68.20,38789829518859
1797.0,2,26.08,60.0,64.0,64.0,46.0,62.0,1388,67.44,34847261343933
1797.0,3,24.78,60.0,64.0,64.0,45.0,61.0,1336,68.61,35196953512512
1802.0,0,28.13,60.0,60.0,60.0,45.0,61.0,1356,71.58,67791268134033
1803.0,1,25.40,57.0,60.0,60.0,43.0,58.0,1302,68.51,38790217942504
1803.0,2,25.48,60.0,64.0,64.0,46.0,62.0,1428,67.04,34847641487304
1803.0,3,24.91,60.0,62.0,62.0,45.0,61.0,1365,68.68,35197342950439
1808.0,0,28.59,60.0,62.0,62.0,45.0,62.0,1313,71.81,67791675309326
1808.0,1,26.10,57.0,60.0,62.0,43.0,58.0,1293,68.23,38790604780273
1808.0,2,25.88,60.0,64.0,64.0,46.0,62.0,1398,67.79,34848025870361
1809.0,3,24.38,60.0,62.0,62.0,45.0,61.0,1419,68.08,35197728939575
1814.0,0,28.67,59.0,60.0,60.0,45.0,62.0,1366,72.20,67792084674194
1814.0,1,26.06,57.0,62.0,62.0,43.0,58.0,1250,68.74,38790994523620
1814.0,2,26.14,61.0,64.0,64.0,46.0,62.0,1377,67.30,34848407458801
1814.0,3,24.71,61.0,64.0,64.0,46.0,61.0,1419,68.70,35198118484130
1819.0,0,28.30,59.0,60.0,60.0,45.0,61.0,1367,72.16,67792493088378
1820.0,1,25.57,57.0,62.0,62.0,43.0,58.0,1302,69.08,38791385507629
1820.0,2,27.45,59.0,64.0,64.0,46.0,62.0,1409,67.36,34848788704711
1820.0,3,24.84,60.0,64.0,64.0,45.0,61.0,1419,68.78,35198507802978
1825.0,0,28.03,59.0,60.0,60.0,45.0,61.0,1314,71.67,67792899431091
1825.0,1,26.77,57.0,60.0,60.0,43.0,58.0,1283,68.85,38791775891357
1825.0,2,26.30,60.0,64.0,64.0,46.0,62.0,1410,67.80,34849173154724
1826.0,3,24.18,60.0,62.0,62.0,46.0,61.0,1356,68.21,35198894563781
1831.0,0,27.95,60.0,60.0,60.0,45.0,62.0,1366,72.37,67793309783813
1831.0,1,26.29,57.0,62.0,62.0,43.0,58.0,1249,68.26,38792162940002
1831.0,2,26.28,60.0,64.0,64.0,46.0,62.0,1366,67.97,34849558568969
1831.0,3,24.49,60.0,62.0,62.0,46.0,61.0,1346,68.32,35199281951171
1836.0,0,29.12,59.0,62.0,62.0,45.0,61.0,1346,72.04,67793717553405
1837.0,1,25.54,57.0,62.0,62.0,43.0,58.0,1271,69.14,38792554283020
1837.0,2,26.71,60.0,64.0,64.0,46.0,62.0,1356,67.68,34849941634460
1837.0,3,24.43,59.0,62.0,64.0,45.0,61.0,1430,68.21,35199668033203
1842.0,0,29.24,60.0,60.0,60.0,45.0,61.0,1302,72.33,67794127668029
1842.0,1,25.86,57.0,60.0,60.0,43.0,58.0,1238,68.43,38792942277648
1842.0,2,26.20,60.0,64.0,64.0,46.0,62.0,1386,67.42,34850323889038
1843.0,3,25.12,60.0,64.0,64.0,45.0,61.0,1408,68.79,35200058058654
1848.0,0,28.41,59.0,60.0,60.0,45.0,61.0,1324,71.81,67794534849914
1848.0,1,26.44,57.0,62.0,62.0,43.0,58.0,1293,68.69,38793331747009
1848.0,2,26.41,60.0,64.0,64.0,46.0,62.0,1367,67.41,34850706120056
1848.0,3,24.03,60.0,62.0,62.0,45.0,61.0,1430,68.18,35200444612487
1853.0,0,28.46,60.0,60.0,60.0,45.0,61.0,1315,72.20,67794943488342
1854.0,1,25.73,57.0,60.0,60.0,43.0,58.0,1293,68.44,38793719132263
1854.0,2,26.32,60.0,64.0,64.0,46.0,62.0,1408,67.88,34851090980102
1854.0,3,24.36,60.0,62.0,62.0,45.0,61.0,1408,68.08,35200830600219
1859.0,0,28.74,60.0,62.0,62.0,45.0,62.0,1282,71.96,67795351499572
1859.0,1,25.75,57.0,60.0,62.0,43.0,58.0,1261,68.73,38794108841003
1859.0,2,26.35,60.0,64.0,64.0,46.0,62.0,1367,67.94,34851475521484
1860.0,3,24.83,60.0,64.0,64.0,45.0,61.0,1367,68.18,35201216522888
1865.0,0,28.17,59.0,62.0,62.0,45.0,62.0,1323,72.13,67795760482482
1865.0,1,26.05,57.0,62.0,62.0,43.0,58.0,1228,68.77,38794498739440
1865.0,2,26.33,60.0,64.0,64.0,46.0,62.0,1303,67.17,34851856398376
1865.0,3,25.54,60.0,62.0,62.0,45.0,61.0,1398,68.25,35201603487426
1870.0,0,28.24,59.0,60.0,60.0,45.0,61.0,1377,71.62,67796165872924
1871.0,1,25.46,57.0,60.0,60.0,43.0,58.0,1292,68.82,38794888273254
1871.0,2,28.88,60.0,64.0,64.0,45.0,62.0,1323,67.46,34852238212951
1871.0,3,24.13,60.0,62.0,62.0,45.0,61.0,1408,67.47,35201986063720
1876.0,0,25.19,59.0,62.0,62.0,45.0,61.0,1355,73.59,67796583154663
1876.0,1,19.90,57.0,62.0,62.0,43.0,58.0,1302,69.63,38795283752563
1876.0,2,18.76,60.0,64.0,64.0,46.0,62.0,1375,67.18,34852619816467
1877.0,3,11.76,63.0,64.0,64.0,46.0,63.0,1355,68.10,35202372193176
1882.0,0,25.69,58.0,60.0,60.0,44.0,61.0,1365,75.30,67797010884155
1882.0,1,20.57,56.0,60.0,60.0,43.0,57.0,1280,70.98,38795686230529
1882.0,2,17.79,60.0,64.0,64.0,46.0,61.0,1419,69.23,34853012372253
1882.0,3,16.75,59.0,62.0,62.0,45.0,61.0,1441,68.98,35202763299804
1887.0,0,26.19,59.0,62.0,62.0,45.0,61.0,1368,73.42,67797426426330
1888.0,1,20.56,57.0,62.0,62.0,43.0,58.0,1303,70.05,38796083405456
1888.0,2,19.31,60.0,66.0,66.0,46.0,62.0,1408,67.29,34853393909606
1888.0,3,11.17,62.0,64.0,64.0,46.0,62.0,1417,67.92,35203148401733
1893.0,0,28.55,58.0,60.0,60.0,45.0,61.0,1364,73.13,67797841811279
1893.0,1,22.65,56.0,60.0,60.0,43.0,57.0,1312,69.99,38796480225952
1893.0,2,21.41,60.0,64.0,64.0,46.0,62.0,1429,67.96,34853779249694
1894.0,3,19.92,60.0,62.0,62.0,45.0,61.0,1409,67.49,35203531097961
1899.0,0,9.37,59.0,60.0,60.0,45.0,61.0,1365,74.74,67798265565490
1899.0,1,21.57,57.0,60.0,60.0,43.0,57.0,1302,69.84,38796876210327
1899.0,2,20.90,60.0,64.0,64.0,46.0,62.0,1418,67.45,34854161672424
1899.0,3,20.61,60.0,62.0,62.0,45.0,61.0,1429,67.03,35203911167053
1904.0,0,11.79,59.0,60.0,60.0,45.0,61.0,1387,72.41,67798676122497
1905.0,1,21.09,57.0,60.0,60.0,43.0,57.0,1312,68.16,38797262671142
1905.0,2,19.95,60.0,64.0,64.0,46.0,61.0,1418,65.94,34854535531127
1905.0,3,18.59,60.0,64.0,64.0,45.0,61.0,1418,65.94,35204285059936
1910.0,0,19.15,58.0,60.0,60.0,45.0,61.0,1345,75.47,67799104036682
1910.0,1,15.12,57.0,60.0,60.0,43.0,57.0,1294,71.78,38797668950683
1910.0,2,33.14,60.0,64.0,64.0,46.0,61.0,1420,68.39,34854922639282
1911.0,3,31.72,60.0,62.0,62.0,45.0,61.0,1399,69.17,35204676580078
1916.0,0,30.67,59.0,60.0,60.0,45.0,61.0,1386,69.82,67799499898986
1916.0,1,28.74,57.0,60.0,60.0,43.0,57.0,1290,66.05,38798044110229
1916.0,2,28.59,59.0,64.0,64.0,45.0,61.0,1364,66.96,34855302987670
1916.0,3,26.67,60.0,62.0,62.0,45.0,61.0,1386,68.87,35205067787475
1921.0,0,32.34,59.0,62.0,62.0,44.0,61.0,1324,69.92,67799896355529
1922.0,1,28.76,57.0,60.0,60.0,43.0,58.0,1282,66.30,38798420014404
1922.0,2,28.61,59.0,64.0,64.0,45.0,61.0,1376,67.31,34855684608215
1922.0,3,27.22,60.0,62.0,62.0,45.0,61.0,1344,69.10,35205459591308
1927.0,0,31.38,59.0,60.0,60.0,45.0,61.0,1335,70.72,67800296656005
1927.0,1,29.02,56.0,60.0,60.0,43.0,58.0,1282,66.55,38798796691833
1927.0,2,28.76,60.0,64.0,64.0,46.0,62.0,1378,66.58,34856061471435
1928.0,3,26.78,60.0,64.0,64.0,45.0,61.0,1367,69.63,35205853690490
1933.0,0,31.23,59.0,60.0,60.0,45.0,61.0,1335,69.82,67800692522521
1933.0,1,28.89,56.0,60.0,60.0,43.0,57.0,1261,66.29,38799172569763
1933.0,2,28.38,60.0,64.0,64.0,46.0,62.0,1366,66.68,34856439521728
1933.0,3,26.15,60.0,64.0,64.0,45.0,61.0,1335,68.97,35206244771484
1938.0,0,30.51,59.0,60.0,60.0,45.0,61.0,1335,69.90,67801088141723
1939.0,1,29.26,56.0,60.0,60.0,43.0,57.0,1271,66.59,38799549487609
1939.0,2,27.95,60.0,64.0,64.0,46.0,62.0,1345,66.46,34856816336975
1939.0,3,26.86,60.0,64.0,64.0,45.0,61.0,1377,69.30,35206637719055
1944.0,0,32.50,58.0,60.0,60.0,44.0,61.0,1313,69.02,67801479495971
1944.0,1,28.38,57.0,60.0,60.0,43.0,58.0,1260,66.32,38799925535522
1944.0,2,26.96,59.0,64.0,64.0,46.0,61.0,1346,66.48,34857192606994
1945.0,3,25.81,60.0,64.0,64.0,45.0,61.0,1345,68.76,35207026891662
1950.0,0,31.77,59.0,60.0,60.0,45.0,61.0,1314,69.91,67801875898620
1950.0,1,28.20,57.0,60.0,60.0,43.0,57.0,1261,66.47,38800302434509
1950.0,2,27.99,59.0,64.0,64.0,45.0,61.0,1346,66.60,34857569535400
1950.0,3,25.69,60.0,62.0,64.0,45.0,61.0,1346,69.47,35207420080993
1955.0,0,29.54,59.0,60.0,60.0,45.0,61.0,1314,69.65,67802270091247
1956.0,1,28.50,56.0,60.0,60.0,43.0,57.0,1261,66.50,38800678821105
1956.0,2,29.77,60.0,64.0,64.0,46.0,61.0,1355,66.68,34857947618225
1956.0,3,27.31,60.0,64.0,64.0,45.0,61.0,1376,69.11,35207811957153
1961.0,0,31.78,58.0,60.0,60.0,45.0,61.0,1344,69.59,67802664641723
1961.0,1,29.08,57.0,62.0,60.0,43.0,58.0,1270,66.78,38801057443725
1961.0,2,26.93,59.0,64.0,64.0,46.0,61.0,1345,66.58,34858325134094
1962.0,3,24.89,60.0,62.0,64.0,45.0,62.0,1387,69.33,35208205050903
1967.0,0,29.48,59.0,60.0,60.0,45.0,61.0,1346,70.30,67803063240905
1967.0,1,29.33,56.0,60.0,60.0,43.0,58.0,1250,66.56,38801434817749
1967.0,2,29.38,60.0,64.0,64.0,46.0,61.0,1366,66.42,34858701758422
1967.0,3,27.63,60.0,64.0,64.0,46.0,61.0,1387,69.39,35208598473388
1972.0,0,31.48,59.0,60.0,60.0,45.0,61.0,1335,69.57,67803456980957
1973.0,1,28.92,56.0,60.0,60.0,43.0,57.0,1271,66.49,38801811789855
1973.0,2,27.64,60.0,64.0,64.0,46.0,62.0,1356,67.35,34859082970092
1973.0,3,26.32,60.0,62.0,64.0,46.0,61.0,1377,69.07,35208990094909
1978.0,0,31.45,59.0,60.0,60.0,44.0,60.0,1334,69.46,67803850844177
1978.0,1,26.56,56.0,60.0,60.0,43.0,57.0,1261,66.47,38802187986633
1978.0,2,27.96,60.0,64.0,64.0,46.0,61.0,1356,66.15,34859458049499
1979.0,3,27.48,60.0,64.0,64.0,45.0,61.0,1378,68.70,35209378958984
1984.0,0,29.80,59.0,60.0,60.0,45.0,61.0,1314,69.91,67804247214965
1984.0,1,29.04,56.0,60.0,60.0,43.0,57.0,1239,66.40,38802564454284
1984.0,2,29.15,60.0,64.0,64.0,46.0,62.0,1345,66.61,34859835749267
1984.0,3,26.66,60.0,62.0,62.0,45.0,62.0,1378,69.50,35209772313537
1989.0,0,30.46,59.0,60.0,60.0,45.0,61.0,1326,69.93,67804643011291
1990.0,1,28.16,56.0,60.0,60.0,43.0,58.0,1272,66.66,38802941732543
1990.0,2,28.59,60.0,64.0,64.0,46.0,61.0,1356,66.54,34860212348876
1990.0,3,27.13,60.0,64.0,64.0,46.0,61.0,1398,69.22,35210164770812
1995.0,0,32.54,58.0,60.0,60.0,45.0,61.0,1324,69.15,67805035091796
1995.0,1,29.41,57.0,60.0,60.0,43.0,58.0,1271,66.39,38803318191406
1995.0,2,26.59,59.0,64.0,64.0,46.0,61.0,1346,66.86,34860590801757
1996.0,3,26.21,60.0,62.0,64.0,45.0,62.0,1388,68.86,35210554503479
2001.0,0,31.39,59.0,60.0,60.0,45.0,61.0,1346,70.01,67805431347229
2001.0,1,28.47,56.0,60.0,60.0,43.0,57.0,1262,66.46,38803694350585
2001.0,2,28.09,60.0,64.0,64.0,46.0,62.0,1356,66.73,34860969176086
2001.0,3,27.08,60.0,64.0,64.0,45.0,61.0,1410,69.54,35210948787231
2006.0,0,32.32,58.0,60.0,60.0,44.0,60.0,1335,69.23,67805823865783
2007.0,1,28.48,57.0,60.0,60.0,43.0,58.0,1270,67.03,38804074426879
2007.0,2,26.38,60.0,64.0,64.0,46.0,61.0,1355,66.86,34861348275939
2007.0,3,27.37,59.0,62.0,62.0,45.0,61.0,1386,68.70,35211338309570
2012.0,0,30.11,59.0,60.0,60.0,45.0,61.0,1312,69.61,67806218542541
2012.0,1,28.89,56.0,60.0,60.0,43.0,58.0,1271,66.31,38804450425659
2012.0,2,28.88,60.0,64.0,64.0,46.0,61.0,1355,66.70,34861726488525
2013.0,3,26.95,60.0,64.0,64.0,45.0,61.0,1367,69.09,35211730046630
2018.0,0,28.68,59.0,60.0,60.0,45.0,61.0,1335,69.70,67806613066467
2018.0,1,28.97,56.0,60.0,60.0,43.0,57.0,1239,66.58,38804827241943
2018.0,2,29.61,60.0,64.0,64.0,46.0,62.0,1335,66.07,34862101125915
2018.0,3,27.04,60.0,64.0,64.0,45.0,61.0,1408,69.02,35212121365173
2023.0,0,29.92,59.0,60.0,60.0,45.0,61.0,1314,69.39,67807006495239
2024.0,1,29.32,56.0,60.0,60.0,43.0,57.0,1261,66.37,38805203558898
2024.0,2,28.86,60.0,64.0,64.0,46.0,62.0,1345,67.42,34862482700134
2024.0,3,27.10,60.0,64.0,64.0,45.0,61.0,1388,69.29,35212513557128
2029.0,0,30.87,59.0,60.0,60.0,45.0,60.0,1344,69.35,67807399709411
2029.0,1,29.09,56.0,60.0,60.0,43.0,58.0,1270,66.45,38805580355773
2029.0,2,28.60,60.0,64.0,64.0,46.0,61.0,1375,67.19,34862863654174
2030.0,3,27.01,60.0,64.0,64.0,46.0,61.0,1354,69.25,35212906176330
2035.0,0,29.60,59.0,60.0,60.0,45.0,61.0,1301,69.44,67807793441223
2035.0,1,27.54,56.0,60.0,60.0,43.0,57.0,1206,66.48,38805957317871
2035.0,2,29.19,60.0,64.0,64.0,46.0,62.0,1323,66.98,34863243425231
2035.0,3,27.55,60.0,64.0,64.0,45.0,61.0,1419,69.31,35213299181762
2040.0,0,30.76,59.0,60.0,60.0,45.0,61.0,1325,69.25,67808186101074
2041.0,1,28.56,57.0,60.0,60.0,43.0,57.0,1271,66.41,38806333859313
2041.0,2,29.16,60.0,64.0,64.0,46.0,61.0,1368,66.28,34863618584228
2041.0,3,25.54,60.0,62.0,64.0,46.0,61.0,1409,69.12,35213691065917
2046.0,0,0.00,58.0,60.0,60.0,44.0,60.0,1345,57.08,67808509198364
2046.0,1,0.00,56.0,60.0,60.0,42.0,57.0,1282,57.05,38806656738281
2046.0,2,0.00,60.0,64.0,64.0,46.0,62.0,1376,58.15,34863948903930
2047.0,3,0.00,60.0,62.0,62.0,45.0,61.0,1376,59.13,35214026327636
2052.0,0,0.00,57.0,60.0,60.0,44.0,60.0,1303,53.28,67808811288879
2052.0,1,0.00,56.0,60.0,60.0,42.0,57.0,1249,54.14,38806963712341
2052.0,2,0.00,59.0,64.0,64.0,46.0,61.0,1365,55.18,34864261779541
2052.0,3,0.00,60.0,62.0,62.0,45.0,61.0,1365,56.20,35214344998168
2057.0,0,32.25,59.0,62.0,62.0,44.0,61.0,1301,71.71,67809217877990
2058.0,1,24.90,59.0,62.0,62.0,44.0,59.0,1260,66.73,38807342098937
2058.0,2,20.84,62.0,64.0,64.0,46.0,63.0,1377,61.12,34864607701171
2058.0,3,19.75,60.0,62.0,62.0,45.0,61.0,1377,60.85,35214689402648
2063.0,0,41.75,59.0,60.0,60.0,44.0,60.0,1303,73.28,67809633365722
2063.0,1,39.78,56.0,60.0,60.0,43.0,57.0,1250,72.20,38807751478088
2063.0,2,40.35,59.0,64.0,64.0,46.0,61.0,1345,75.57,34865036167053
2064.0,3,39.21,60.0,64.0,64.0,45.0,61.0,1334,82.60,35215157729431
2069.0,0,40.98,59.0,60.0,60.0,45.0,61.0,1343,78.33,67810077518432
2069.0,1,40.13,56.0,60.0,60.0,43.0,58.0,1248,74.84,38808176581970
2069.0,2,40.01,60.0,64.0,64.0,46.0,61.0,1332,73.28,34865452372070
2069.0,3,38.28,60.0,62.0,64.0,46.0,61.0,1417,79.80,35215610984863
2074.0,0,41.00,59.0,60.0,60.0,45.0,61.0,1343,78.53,67810523543579
2075.0,1,39.44,56.0,60.0,60.0,43.0,58.0,1269,75.03,38808602029235
2075.0,2,39.98,60.0,64.0,64.0,46.0,62.0,1354,73.83,34865870994934
2075.0,3,38.90,60.0,64.0,64.0,46.0,62.0,1365,79.89,35216063982421
2080.0,0,41.27,59.0,60.0,60.0,45.0,61.0,1335,78.10,67810966391723
2080.0,1,40.32,57.0,60.0,60.0,43.0,58.0,1271,74.36,38809023655517
2080.0,2,39.31,60.0,64.0,64.0,46.0,61.0,1366,72.26,34866280688842
2081.0,3,37.74,60.0,64.0,64.0,45.0,62.0,1398,77.37,35216502682006
2086.0,0,26.89,59.0,62.0,62.0,45.0,61.0,1407,88.06,67811465682250
2086.0,1,36.92,59.0,62.0,62.0,43.0,59.0,1291,79.79,38809476057983
2086.0,2,18.97,62.0,66.0,66.0,47.0,64.0,1386,78.81,34866727559509
2086.0,3,18.53,64.0,66.0,64.0,47.0,63.0,1397,75.41,35216930230895
2091.0,0,25.18,59.0,62.0,62.0,45.0,61.0,1396,82.65,67811934284118
2092.0,1,27.42,57.0,62.0,62.0,43.0,58.0,1280,76.74,38809911182556
2092.0,2,29.40,60.0,66.0,66.0,46.0,62.0,1417,73.67,34867146001708
2092.0,3,18.59,63.0,66.0,66.0,47.0,63.0,1439,77.80,35217372127746
2097.0,0,35.10,60.0,62.0,62.0,45.0,62.0,1356,81.95,67812398944213
2097.0,1,15.43,59.0,62.0,62.0,44.0,60.0,1304,78.55,38810356538513
2097.0,2,9.14,63.0,66.0,66.0,47.0,64.0,1420,72.30,34867555198181
2098.0,3,26.47,61.0,64.0,64.0,46.0,62.0,1452,67.55,35217754476562
2103.0,0,25.16,60.0,64.0,64.0,45.0,62.0,1409,79.44,67812848551147
2103.0,1,34.62,59.0,64.0,64.0,44.0,60.0,1333,74.14,38810776903442
2103.0,2,20.55,63.0,66.0,66.0,47.0,64.0,1418,76.67,34867989917236
2103.0,3,20.43,63.0,64.0,64.0,47.0,63.0,1418,74.62,35218177586242
2109.0,0,32.26,62.0,62.0,62.0,46.0,62.0,1428,75.29,67813276197143
2109.0,1,24.07,57.0,62.0,62.0,43.0,58.0,1323,69.74,38811172314575
2109.0,2,23.24,61.0,66.0,66.0,46.0,62.0,1418,68.66,34868379224182
2109.0,3,22.32,61.0,66.0,66.0,46.0,62.0,1472,72.17,35218586776062
2114.0,0,10.33,61.0,62.0,62.0,46.0,62.0,1365,80.96,67813735240051
2114.0,1,25.37,58.0,62.0,62.0,44.0,59.0,1332,77.61,38811613161132
2114.0,2,26.13,61.0,66.0,66.0,46.0,63.0,1438,75.58,34868808537170
2115.0,3,24.56,61.0,64.0,64.0,46.0,62.0,1438,74.52,35219010071960
2120.0,0,29.60,60.0,64.0,64.0,45.0,62.0,1343,84.96,67814217817687
2120.0,1,24.36,58.0,62.0,62.0,43.0,58.0,1344,79.28,38812062701354
2120.0,2,25.64,60.0,66.0,66.0,46.0,63.0,1428,76.55,34869242551635
2120.0,3,22.84,63.0,66.0,66.0,47.0,63.0,1449,76.51,35219443888122
2126.0,0,29.69,62.0,64.0,64.0,46.0,64.0,1429,74.73,67814641509765
2126.0,1,14.97,59.0,62.0,62.0,44.0,59.0,1323,67.23,38812443876708
2126.0,2,15.10,61.0,64.0,64.0,46.0,62.0,1419,64.65,34869609125610
2126.0,3,14.22,61.0,64.0,64.0,45.0,62.0,1471,65.27,35219813952026
2131.0,0,29.56,59.0,64.0,64.0,45.0,62.0,1385,83.53,67815115152099
2131.0,1,31.17,59.0,64.0,64.0,44.0,60.0,1322,83.26,38812916792297
2132.0,2,20.28,63.0,66.0,66.0,47.0,64.0,1438,78.79,34870056643371
2132.0,3,19.90,61.0,64.0,64.0,45.0,61.0,1439,74.74,35220238476562
2137.0,0,37.26,61.0,62.0,62.0,46.0,63.0,1397,77.58,67815555031921
2137.0,1,18.82,58.0,62.0,62.0,44.0,59.0,1292,74.52,38813339336730
2137.0,2,19.20,62.0,66.0,66.0,47.0,63.0,1439,75.54,34870484966430
2137.0,3,26.21,63.0,64.0,64.0,47.0,63.0,1438,77.52,35220678026611
2143.0,0,43.15,62.0,64.0,64.0,45.0,62.0,1407,83.46,67816029111999
2143.0,1,19.58,60.0,62.0,62.0,44.0,60.0,1269,76.54,38813773314331
2143.0,2,18.38,61.0,66.0,66.0,46.0,62.0,1407,71.18,34870888538452
2143.0,3,19.34,61.0,66.0,66.0,46.0,62.0,1429,71.43,35221083022644
2148.0,0,28.69,60.0,62.0,62.0,46.0,62.0,1388,69.08,67816420818725
2148.0,1,28.79,58.0,62.0,62.0,44.0,59.0,1282,70.04,38814170413452
2149.0,2,28.99,60.0,64.0,64.0,46.0,62.0,1420,72.02,34871296891967
2149.0,3,29.22,61.0,64.0,64.0,46.0,62.0,1419,76.31,35221515725769
2154.0,0,32.35,60.0,62.0,62.0,46.0,62.0,1345,72.73,67816832478210
2154.0,1,26.30,57.0,60.0,62.0,43.0,58.0,1292,69.42,38814564052429
2154.0,2,26.85,60.0,64.0,64.0,46.0,62.0,1399,68.32,34871683604248
2154.0,3,29.98,61.0,64.0,64.0,46.0,62.0,1420,73.43,35221931366577
2160.0,0,32.94,60.0,62.0,62.0,45.0,62.0,1367,72.29,67817242363403
2160.0,1,27.46,57.0,60.0,60.0,43.0,58.0,1251,69.25,38814955995239
2160.0,2,26.54,60.0,64.0,64.0,46.0,62.0,1399,68.39,34872071367126
2160.0,3,27.99,61.0,64.0,64.0,46.0,62.0,1409,73.43,35222347692749
2165.0,0,31.37,60.0,62.0,62.0,45.0,61.0,1356,72.66,67817654322204
2165.0,1,28.48,57.0,62.0,60.0,43.0,58.0,1271,69.10,38815347767395
2166.0,2,26.11,60.0,64.0,64.0,46.0,62.0,1408,68.04,34872457178039
2166.0,3,27.30,61.0,64.0,64.0,46.0,62.0,1409,73.55,35222764717712
2171.0,0,29.93,61.0,62.0,62.0,46.0,62.0,1367,73.38,67818069626953
2171.0,1,27.80,58.0,62.0,62.0,44.0,59.0,1260,69.42,38815741374511
2171.0,2,26.60,60.0,64.0,66.0,46.0,62.0,1408,67.94,34872842408691
2171.0,3,29.22,60.0,64.0,64.0,46.0,62.0,1407,73.74,35223182800781
2177.0,0,27.54,60.0,62.0,62.0,45.0,62.0,1365,72.89,67818482906433
2177.0,1,28.54,57.0,62.0,62.0,44.0,58.0,1271,68.83,38816130969604
2177.0,2,29.42,61.0,66.0,64.0,46.0,62.0,1408,67.70,34873225579101
2177.0,3,30.20,61.0,64.0,66.0,46.0,62.0,1399,74.08,35223602841064
2182.0,0,30.86,59.0,60.0,62.0,45.0,61.0,1345,72.93,67818896432189
2182.0,1,27.52,57.0,62.0,62.0,44.0,58.0,1292,69.95,38816527603027
2183.0,2,25.70,60.0,64.0,64.0,46.0,62.0,1420,68.21,34873612301757
2183.0,3,27.52,61.0,64.0,64.0,46.0,62.0,1430,72.99,35224015978515
2188.0,0,29.28,60.0,62.0,62.0,45.0,62.0,1356,73.68,67819314188537
2188.0,1,27.26,58.0,62.0,62.0,44.0,59.0,1292,68.93,38816918457580
2188.0,2,28.27,60.0,64.0,64.0,46.0,62.0,1418,67.77,34873996562011
2188.0,3,28.90,61.0,64.0,64.0,46.0,62.0,1418,74.02,35224435685363
2194.0,0,27.02,60.0,60.0,62.0,45.0,62.0,1364,72.81,67819727018493
2194.0,1,27.59,57.0,62.0,62.0,43.0,58.0,1270,68.75,38817308243896
2194.0,2,27.85,60.0,64.0,64.0,46.0,62.0,1376,67.42,34874378844604
2194.0,3,28.43,62.0,66.0,64.0,46.0,63.0,1408,73.76,35224853904235
2199.0,0,30.73,60.0,62.0,62.0,46.0,62.0,1377,73.62,67820144466918
2199.0,1,26.45,56.0,62.0,62.0,43.0,58.0,1292,69.76,38817703782714
2200.0,2,27.46,60.0,64.0,64.0,46.0,62.0,1376,68.22,34874765659912
2200.0,3,27.39,61.0,64.0,64.0,46.0,62.0,1430,73.63,35225271404174
2205.0,0,28.07,60.0,62.0,62.0,45.0,62.0,1344,72.73,67820556849731
2205.0,1,25.51,57.0,62.0,62.0,44.0,58.0,1302,68.96,38818094785827
2205.0,2,29.31,60.0,66.0,64.0,46.0,62.0,1365,67.95,34875150935302
2205.0,3,30.95,61.0,64.0,64.0,46.0,63.0,1439,73.61,35225688777832
2211.0,0,31.31,60.0,62.0,62.0,45.0,62.0,1376,73.00,67820970776916
2211.0,1,25.85,56.0,62.0,62.0,43.0,58.0,1292,69.36,38818488043334
2211.0,2,26.07,60.0,66.0,64.0,46.0,62.0,1376,67.59,34875534169189
2211.0,3,28.23,61.0,64.0,64.0,46.0,62.0,1440,73.02,35226102816528
2216.0,0,29.82,60.0,62.0,62.0,45.0,61.0,1377,72.58,67821382325073
2216.0,1,24.68,58.0,62.0,62.0,44.0,59.0,1314,69.13,38818880011474
2217.0,2,27.08,60.0,66.0,66.0,46.0,62.0,1387,67.72,34875918165771
2217.0,3,31.07,61.0,64.0,64.0,46.0,63.0,1441,73.86,35226521575378
2222.0,0,31.16,60.0,62.0,62.0,45.0,62.0,1335,73.36,67821797526550
2222.0,1,24.41,56.0,60.0,62.0,43.0,58.0,1282,69.71,38819274585571
2222.0,2,27.16,60.0,66.0,64.0,46.0,62.0,1367,67.45,34876299954833
2222.0,3,27.62,61.0,64.0,64.0,46.0,62.0,1451,73.38,35226936911987
2228.0,0,26.85,60.0,62.0,62.0,45.0,61.0,1357,73.66,67822215177185
2228.0,1,27.23,57.0,62.0,62.0,43.0,58.0,1292,69.02,38819665910156
2228.0,2,29.23,59.0,64.0,64.0,46.0,62.0,1376,67.29,34876682153198
2228.0,3,28.65,62.0,66.0,64.0,46.0,63.0,1449,73.48,35227354298767
2233.0,0,29.31,60.0,62.0,62.0,45.0,62.0,1386,73.18,67822630119018
2233.0,1,27.31,58.0,62.0,62.0,43.0,59.0,1259,69.48,38820059860778
2234.0,2,28.21,59.0,64.0,66.0,46.0,61.0,1398,67.82,34877066013244
2234.0,3,26.50,60.0,64.0,66.0,46.0,62.0,1419,73.53,35227770505310
2239.0,0,31.18,59.0,62.0,62.0,45.0,61.0,1356,72.16,67823039283264
2239.0,1,27.58,57.0,62.0,62.0,43.0,58.0,1271,68.70,38820449365173
2239.0,2,24.51,60.0,66.0,66.0,46.0,62.0,1367,67.74,34877450112792
2239.0,3,27.88,61.0,64.0,64.0,46.0,62.0,1420,73.26,35228185891845
2245.0,0,29.52,59.0,62.0,62.0,45.0,61.0,1344,72.50,67823450375000
2245.0,1,24.55,58.0,62.0,62.0,44.0,59.0,1292,69.29,38820842229248
2245.0,2,27.11,61.0,66.0,64.0,46.0,62.0,1386,67.93,34877835293640
2245.0,3,30.60,61.0,64.0,64.0,46.0,63.0,1440,73.68,35228603640869
2250.0,0,31.66,60.0,62.0,62.0,45.0,62.0,1365,73.29,67823865902954
2250.0,1,25.35,56.0,60.0,62.0,43.0,58.0,1291,69.67,38821237272033
2251.0,2,27.50,60.0,64.0,64.0,46.0,62.0,1386,67.64,34878218836364
2251.0,3,27.63,61.0,64.0,64.0,46.0,62.0,1429,73.25,35229018952575
2256.0,0,29.02,60.0,60.0,60.0,45.0,62.0,1344,73.05,67824280114501
2256.0,1,24.50,57.0,62.0,62.0,44.0,59.0,1279,69.41,38821631503051
2256.0,2,27.90,61.0,66.0,66.0,46.0,62.0,1364,68.02,34878605205322
2256.0,3,31.19,61.0,64.0,64.0,46.0,63.0,1439,73.84,35229437605529
2262.0,0,29.83,60.0,62.0,62.0,45.0,62.0,1366,73.71,67824698033081
2262.0,1,26.44,56.0,60.0,62.0,43.0,57.0,1272,69.57,38822025249023
2262.0,2,27.25,59.0,64.0,64.0,46.0,62.0,1346,67.36,34878986457031
2262.0,3,27.98,61.0,64.0,64.0,46.0,62.0,1430,73.41,35229853857788
2267.0,0,26.30,60.0,62.0,62.0,45.0,62.0,1345,73.32,67825113744445
2267.0,1,28.01,57.0,62.0,62.0,43.0,58.0,1249,68.98,38822416353088
2268.0,2,28.70,60.0,64.0,64.0,46.0,62.0,1387,67.54,34879369421691
2268.0,3,27.85,61.0,64.0,64.0,47.0,63.0,1439,73.19,35230268860534
2273.0,0,29.33,60.0,62.0,62.0,46.0,62.0,1334,72.75,67825526211914
2273.0,1,27.58,58.0,62.0,62.0,43.0,58.0,1248,69.36,38822809614501
2273.0,2,27.08,60.0,64.0,66.0,46.0,61.0,1397,68.35,34879756942810
2273.0,3,26.12,61.0,66.0,66.0,46.0,62.0,1429,73.33,35230684650085
2279.0,0,31.71,59.0,62.0,62.0,45.0,61.0,1365,72.48,67825937195495
2279.0,1,27.53,56.0,62.0,60.0,43.0,58.0,1303,68.62,38823198665039
2279.0,2,24.55,60.0,64.0,64.0,46.0,62.0,1387,68.02,34880142612365
2279.0,3,26.32,61.0,64.0,64.0,46.0,62.0,1450,73.51,35231101473815
2284.0,0,27.94,60.0,62.0,62.0,45.0,61.0,1367,73.13,67826351847106
2284.0,1,25.57,57.0,62.0,62.0,43.0,58.0,1281,69.31,38823591662536
2285.0,2,29.48,60.0,64.0,64.0,46.0,62.0,1418,67.48,34880525204162
2285.0,3,30.16,61.0,64.0,66.0,46.0,62.0,1430,74.03,35231521214172
2290.0,0,28.93,60.0,62.0,62.0,45.0,61.0,1366,73.62,67826769263488
2290.0,1,27.47,57.0,62.0,62.0,44.0,58.0,1271,69.49,38823985666625
2290.0,2,27.70,60.0,64.0,64.0,46.0,62.0,1367,67.96,34880910546569
2290.0,3,28.03,61.0,64.0,64.0,46.0,62.0,1420,73.56,35231938279724
2296.0,0,28.80,59.0,60.0,62.0,45.0,62.0,1357,72.34,67827178709350
2296.0,1,28.29,57.0,62.0,62.0,43.0,58.0,1282,69.20,38824377355041
2296.0,2,28.47,60.0,64.0,64.0,46.0,62.0,1378,67.66,34881293521789
2296.0,3,25.20,60.0,62.0,64.0,46.0,62.0,1408,73.16,35232352352905
2301.0,0,30.52,59.0,62.0,60.0,45.0,61.0,1355,72.82,67827591612548
2301.0,1,26.95,58.0,62.0,62.0,43.0,58.0,1303,69.48,38824771290527
2302.0,2,24.93,61.0,66.0,66.0,46.0,62.0,1418,68.53,34881682092956
2302.0,3,29.68,61.0,64.0,64.0,46.0,62.0,1430,74.05,35232772195800
2307.0,0,31.19,60.0,62.0,62.0,45.0,62.0,1334,73.02,67828005625061
2307.0,1,23.91,56.0,62.0,62.0,43.0,57.0,1260,69.28,38825164095886
2307.0,2,26.99,60.0,66.0,64.0,46.0,62.0,1334,67.60,34882065399536
2307.0,3,28.10,61.0,64.0,64.0,46.0,62.0,1408,73.19,35233187155273
2313.0,0,26.32,59.0,62.0,62.0,45.0,61.0,1367,73.49,67828422295776
2313.0,1,26.41,57.0,62.0,62.0,43.0,58.0,1260,69.41,38825557623413
2313.0,2,29.15,59.0,64.0,64.0,46.0,62.0,1377,67.46,34882447236755
2313.0,3,28.85,62.0,64.0,64.0,47.0,63.0,1430,73.20,35233602214172
2318.0,0,29.64,60.0,62.0,62.0,45.0,62.0,1357,73.78,67828839910400
2318.0,1,27.05,58.0,62.0,62.0,44.0,58.0,1262,69.65,38825951824707
2319.0,2,27.66,59.0,64.0,64.0,46.0,62.0,1421,68.34,34882834703979
2319.0,3,26.81,61.0,64.0,64.0,46.0,62.0,1410,73.63,35234018986389
2324.0,0,29.72,59.0,62.0,62.0,45.0,61.0,1366,72.48,67829250123840
2324.0,1,28.63,57.0,62.0,62.0,43.0,58.0,1260,69.17,38826344023986
2324.0,2,28.26,60.0,66.0,66.0,46.0,62.0,1355,67.51,34883217510192
2324.0,3,25.40,60.0,64.0,64.0,46.0,62.0,1419,73.55,35234436039428
2330.0,0,30.63,60.0,62.0,62.0,45.0,62.0,1344,73.02,67829664144836
2330.0,1,27.08,58.0,62.0,62.0,43.0,58.0,1292,69.76,38826739557678
2330.0,2,25.57,60.0,64.0,66.0,46.0,62.0,1365,68.24,34883604422546
2330.0,3,29.41,61.0,64.0,64.0,46.0,63.0,1408,73.83,35234854634826
2335.0,0,31.28,58.0,60.0,62.0,45.0,61.0,1387,73.43,67830080473022
2335.0,1,28.16,57.0,62.0,60.0,43.0,58.0,1292,68.96,38827129882568
2336.0,2,25.11,60.0,64.0,64.0,46.0,62.0,1408,68.30,34883991681762
2336.0,3,26.84,61.0,64.0,64.0,46.0,62.0,1441,73.47,35235270474182
2341.0,0,29.30,60.0,62.0,62.0,45.0,62.0,1355,73.04,67830494621948
2341.0,1,25.26,57.0,62.0,62.0,43.0,58.0,1281,69.10,38827521663452
2341.0,2,26.69,61.0,66.0,64.0,46.0,62.0,1344,68.52,34884380192687
2341.0,3,30.95,61.0,64.0,64.0,47.0,63.0,1396,74.05,35235691070617
2347.0,0,29.48,60.0,62.0,62.0,45.0,62.0,1355,73.51,67830911404052
2347.0,1,27.11,56.0,62.0,62.0,43.0,58.0,1270,69.70,38827917537719
2347.0,2,27.36,60.0,64.0,64.0,46.0,62.0,1408,67.54,34884763118591
2347.0,3,27.49,61.0,64.0,64.0,46.0,63.0,1441,73.01,35236105030090
2352.0,0,26.85,60.0,62.0,60.0,45.0,61.0,1335,73.67,67831329103759
2352.0,1,27.71,57.0,62.0,62.0,43.0,58.0,1272,69.28,38828309686279
2353.0,2,29.52,60.0,66.0,66.0,46.0,62.0,1378,68.03,34885148191528
2353.0,3,30.46,62.0,66.0,64.0,46.0,63.0,1441,73.96,35236523667846
2358.0,0,29.20,60.0,62.0,62.0,46.0,62.0,1356,73.86,67831747177062
2358.0,1,26.99,58.0,62.0,62.0,44.0,59.0,1271,69.76,38828705248168
2358.0,2,27.79,60.0,64.0,64.0,46.0,62.0,1367,68.51,34885535939514
2358.0,3,28.32,61.0,64.0,64.0,46.0,63.0,1419,73.48,35236940290039
2364.0,0,29.59,59.0,60.0,62.0,45.0,61.0,1345,72.38,67832157548828
2364.0,1,28.70,57.0,62.0,62.0,43.0,58.0,1281,69.23,38829097802307
2364.0,2,28.53,60.0,64.0,64.0,46.0,62.0,1397,67.84,34885921290832
2364.0,3,25.10,60.0,64.0,64.0,46.0,62.0,1429,73.00,35237354211791
2369.0,0,30.35,60.0,62.0,62.0,45.0,62.0,1356,73.00,67832571443298
2369.0,1,28.10,57.0,62.0,62.0,43.0,58.0,1282,69.63,38829491910095
2370.0,2,25.43,61.0,64.0,66.0,46.0,62.0,1398,68.57,34886309402038
2370.0,3,29.20,61.0,66.0,66.0,46.0,63.0,1419,74.27,35237774581359
2375.0,0,30.93,59.0,62.0,62.0,45.0,61.0,1332,72.65,67832984077880
2375.0,1,27.67,57.0,60.0,62.0,43.0,58.0,1291,69.08,38829884310974
2375.0,2,24.51,60.0,64.0,64.0,46.0,62.0,1397,68.26,34886697127746
2375.0,3,27.09,62.0,64.0,64.0,46.0,63.0,1418,73.53,35238191484863
2381.0,0,27.39,60.0,62.0,62.0,45.0,62.0,1336,72.96,67833397053710
2381.0,1,25.30,56.0,60.0,62.0,43.0,58.0,1304,69.36,38830276894592
2381.0,2,28.15,61.0,66.0,64.0,46.0,62.0,1378,67.93,34887081613037
2381.0,3,30.55,61.0,66.0,64.0,46.0,62.0,1441,73.86,35238610255859
2386.0,0,31.33,60.0,62.0,62.0,45.0,62.0,1323,73.46,67833813546630
2386.0,1,26.05,56.0,62.0,62.0,43.0,57.0,1291,70.00,38830673777893
2387.0,2,27.62,60.0,64.0,64.0,46.0,62.0,1364,68.43,34887469595520
2387.0,3,28.16,61.0,64.0,64.0,46.0,62.0,1449,72.97,35239024012268
2392.0,0,28.42,60.0,62.0,62.0,45.0,62.0,1344,72.85,67834226595825
2392.0,1,24.95,57.0,62.0,62.0,43.0,58.0,1249,69.44,38831067480834
2392.0,2,29.42,60.0,66.0,64.0,46.0,62.0,1376,68.17,34887856140869
2392.0,3,30.37,61.0,66.0,66.0,46.0,63.0,1429,73.97,35239443412353
2398.0,0,30.01,60.0,62.0,62.0,46.0,62.0,1346,73.17,67834641461059
2398.0,1,25.43,56.0,60.0,62.0,43.0,58.0,1271,70.11,38831464986328
2398.0,2,27.87,60.0,64.0,64.0,46.0,62.0,1367,67.50,34888238844482
2398.0,3,27.83,61.0,64.0,64.0,46.0,62.0,1441,73.44,35239859819946
2403.0,0,26.50,60.0,62.0,62.0,45.0,62.0,1346,73.24,67835055988952
2403.0,1,27.52,57.0,62.0,62.0,43.0,58.0,1262,68.96,38831855313415
2404.0,2,28.68,60.0,64.0,64.0,46.0,61.0,1389,67.57,34888621308105
2404.0,3,28.31,62.0,64.0,64.0,47.0,63.0,1430,73.13,35240273729248
2409.0,0,29.18,60.0,62.0,62.0,45.0,62.0,1335,73.49,67835472689025
2409.0,1,27.17,58.0,62.0,62.0,43.0,58.0,1301,69.37,38832248634033
2409.0,2,28.61,60.0,64.0,64.0,46.0,61.0,1407,68.12,34889007535461
2409.0,3,27.07,61.0,64.0,64.0,46.0,62.0,1418,74.26,35240694795959
2415.0,0,30.40,59.0,60.0,62.0,45.0,61.0,1344,72.48,67835883634216
2415.0,1,28.02,57.0,62.0,60.0,43.0,58.0,1302,69.28,38832641434265
2415.0,2,26.80,60.0,64.0,64.0,46.0,62.0,1397,67.75,34889392345947
2415.0,3,24.78,61.0,64.0,64.0,46.0,62.0,1417,73.52,35241112384277
2420.0,0,30.62,60.0,62.0,62.0,45.0,62.0,1355,72.85,67836296697387
2420.0,1,27.56,57.0,62.0,62.0,43.0,58.0,1271,69.44,38833035167541
2421.0,2,25.06,60.0,64.0,66.0,46.0,61.0,1377,68.75,34889781467834
2421.0,3,29.45,61.0,64.0,64.0,46.0,63.0,1441,73.97,35241531059448
2426.0,0,30.96,59.0,60.0,62.0,45.0,61.0,1333,73.08,67836711062988
2426.0,1,28.22,57.0,62.0,62.0,43.0,58.0,1270,69.26,38833427885131
2426.0,2,26.04,60.0,66.0,66.0,46.0,62.0,1387,68.19,34890168121948
2426.0,3,26.59,61.0,64.0,64.0,46.0,62.0,1429,73.08,35241945396606
2432.0,0,30.08,61.0,62.0,62.0,45.0,62.0,1365,73.43,67837127429748
2432.0,1,28.26,57.0,62.0,62.0,43.0,59.0,1290,69.34,38833821746276
2432.0,2,27.40,59.0,64.0,66.0,46.0,61.0,1374,68.36,34890556386657
2432.0,3,28.46,60.0,64.0,64.0,46.0,62.0,1437,73.76,35242364370971
2437.0,0,30.48,59.0,60.0,62.0,45.0,61.0,1375,72.08,67837536822814
2437.0,1,28.13,57.0,62.0,62.0,43.0,58.0,1271,68.86,38834212165527
2438.0,2,28.27,60.0,64.0,64.0,46.0,62.0,1356,67.79,34890940759155
2438.0,3,25.00,61.0,64.0,64.0,46.0,62.0,1430,73.68,35242782112548
2443.0,0,30.33,60.0,62.0,62.0,45.0,62.0,1367,73.18,67837950995483
2443.0,1,27.92,58.0,62.0,62.0,44.0,58.0,1260,69.28,38834604959350
2443.0,2,27.87,60.0,64.0,66.0,46.0,62.0,1377,68.18,34891327356506
2443.0,3,26.59,61.0,64.0,66.0,46.0,62.0,1409,73.99,35243201662109
2449.0,0,28.37,61.0,62.0,62.0,46.0,62.0,1355,79.76,67838404053771
2449.0,1,9.46,60.0,62.0,62.0,44.0,59.0,1270,72.60,38835016622009
2449.0,2,9.66,60.0,66.0,66.0,46.0,62.0,1407,68.11,34891713540405
2449.0,3,19.00,61.0,66.0,66.0,46.0,62.0,1449,69.00,35243592873596
2454.0,0,26.18,59.0,64.0,64.0,45.0,62.0,1385,77.49,67838843416381
2454.0,1,21.46,57.0,62.0,62.0,43.0,58.0,1258,78.05,38835459182495
2455.0,2,31.60,62.0,66.0,66.0,47.0,64.0,1428,77.20,34892151264587
2455.0,3,21.33,63.0,66.0,66.0,47.0,64.0,1449,78.69,35244039068420
2460.0,0,36.83,62.0,64.0,64.0,46.0,64.0,1398,86.61,67839334515075
2460.0,1,22.10,60.0,62.0,62.0,44.0,60.0,1325,76.84,38835894881347
2460.0,2,21.13,61.0,66.0,66.0,46.0,62.0,1430,71.76,34892558144409
2460.0,3,20.55,61.0,66.0,66.0,46.0,62.0,1473,71.66,35244445354003
2466.0,0,8.95,60.0,62.0,62.0,46.0,62.0,1431,77.56,67839773490112
2466.0,1,28.21,58.0,62.0,62.0,44.0,59.0,1293,76.20,38836326195312
2466.0,2,26.87,60.0,64.0,64.0,46.0,62.0,1452,76.78,34892992733764
2466.0,3,24.30,62.0,64.0,64.0,47.0,63.0,1462,76.58,35244879587219
2471.0,0,19.73,62.0,62.0,62.0,46.0,64.0,1418,87.08,67840267242431
2471.0,1,19.88,59.0,62.0,62.0,44.0,59.0,1324,78.37,38836770539184
2472.0,2,31.84,60.0,64.0,66.0,46.0,62.0,1440,73.69,34893410577148
2472.0,3,30.62,62.0,66.0,66.0,46.0,63.0,1460,73.35,35245295456420
2477.0,0,36.63,63.0,64.0,64.0,47.0,64.0,1386,84.70,67840748314575
2477.0,1,22.46,60.0,62.0,62.0,44.0,60.0,1301,76.64,38837205100952
2477.0,2,20.67,61.0,66.0,66.0,46.0,62.0,1406,73.55,34893828352233
2477.0,3,20.77,61.0,66.0,66.0,46.0,62.0,1459,73.31,35245711834655
2483.0,0,32.58,60.0,64.0,64.0,46.0,62.0,1428,75.17,67841174519897
2483.0,1,27.42,58.0,64.0,64.0,44.0,59.0,1342,77.54,38837645543029
2483.0,2,23.24,63.0,66.0,66.0,47.0,64.0,1449,76.48,34894262763427
2483.0,3,6.16,63.0,66.0,66.0,47.0,64.0,1461,78.00,35246154115417
2488.0,0,16.91,60.0,62.0,62.0,46.0,62.0,1419,74.96,67841599525329
2488.0,1,19.48,58.0,62.0,62.0,44.0,59.0,1347,71.01,38838048197021
2489.0,2,18.54,61.0,64.0,64.0,46.0,62.0,1442,69.11,34894653922851
2489.0,3,16.25,61.0,64.0,64.0,46.0,62.0,1485,68.84,35246543738647
2494.0,0,24.91,60.0,64.0,64.0,45.0,62.0,1399,81.50,67842060796691
2494.0,1,21.35,58.0,64.0,64.0,43.0,59.0,1323,77.33,38838485878051
2494.0,2,34.88,61.0,66.0,66.0,46.0,63.0,1398,73.43,34895069536621
2494.0,3,19.29,63.0,66.0,66.0,47.0,64.0,1430,74.57,35246965783264
2500.0,0,34.80,60.0,64.0,64.0,46.0,62.0,1419,82.76,67842530020996
2500.0,1,12.95,60.0,62.0,62.0,44.0,60.0,1314,76.38,38838918950439
2500.0,2,13.16,61.0,66.0,66.0,46.0,62.0,1441,70.72,34895470529846
2500.0,3,21.83,61.0,64.0,64.0,46.0,62.0,1472,69.49,35247359793701
2505.0,0,25.62,62.0,62.0,62.0,46.0,63.0,1430,75.37,67842956623779
2505.0,1,21.14,58.0,64.0,64.0,44.0,59.0,1345,74.10,38839339097412
2506.0,2,20.33,61.0,66.0,66.0,46.0,63.0,1439,75.19,34895896847290
2506.0,3,34.63,61.0,66.0,66.0,46.0,62.0,1450,72.64,35247771641357
2511.0,0,23.89,60.0,64.0,64.0,46.0,62.0,1398,80.43,67843412670043
2511.0,1,34.52,58.0,64.0,64.0,44.0,59.0,1335,76.71,38839773281982
2511.0,2,24.02,63.0,66.0,66.0,47.0,64.0,1408,74.97,34896321917846
2511.0,3,18.27,64.0,66.0,66.0,47.0,64.0,1429,73.23,35248186833068
2517.0,0,33.98,59.0,64.0,64.0,45.0,62.0,1408,74.96,67843837678588
2517.0,1,31.20,57.0,62.0,62.0,44.0,59.0,1345,71.67,38840179664367
2517.0,2,13.65,63.0,66.0,66.0,47.0,64.0,1441,72.05,34896729709350
2517.0,3,11.84,64.0,64.0,64.0,47.0,64.0,1441,70.61,35248586513305
2522.0,0,34.18,60.0,62.0,62.0,45.0,62.0,1388,72.30,67844247615539
2522.0,1,28.53,57.0,62.0,60.0,43.0,58.0,1293,68.80,38840569760864
2523.0,2,24.93,60.0,64.0,64.0,46.0,62.0,1451,68.56,34897118429016
2523.0,3,28.15,61.0,64.0,64.0,46.0,63.0,1429,77.00,35249023115783
2528.0,0,31.93,60.0,62.0,62.0,45.0,62.0,1344,75.01,67844672918151
2528.0,1,29.53,57.0,62.0,62.0,43.0,58.0,1291,70.69,38840970577575
2528.0,2,25.59,60.0,64.0,64.0,46.0,62.0,1386,70.32,34897517141235
2528.0,3,28.23,62.0,64.0,64.0,46.0,63.0,1440,77.02,35249459835876
2534.0,0,31.44,60.0,62.0,62.0,45.0,62.0,1343,75.08,67845098615356
2534.0,1,30.02,57.0,62.0,62.0,43.0,58.0,1312,70.58,38841370770202
2534.0,2,25.27,60.0,64.0,64.0,46.0,62.0,1418,70.62,34897917582824
2534.0,3,28.55,61.0,64.0,64.0,46.0,62.0,1439,76.99,35249897122680
2539.0,0,31.84,61.0,62.0,62.0,46.0,62.0,1376,75.61,67845527296997
2540.0,1,26.55,58.0,62.0,62.0,44.0,59.0,1269,70.63,38841771926818
2540.0,2,27.23,60.0,64.0,64.0,46.0,62.0,1429,69.78,34898313907348
2540.0,3,29.27,61.0,64.0,64.0,46.0,63.0,1376,77.20,35250334851440
2545.0,0,30.78,61.0,62.0,62.0,46.0,63.0,1334,74.83,67845951596252
2545.0,1,26.90,58.0,62.0,62.0,44.0,59.0,1291,71.39,38842176713073
2545.0,2,26.66,61.0,66.0,66.0,46.0,62.0,1407,70.79,34898715304016
2545.0,3,32.12,62.0,64.0,64.0,46.0,63.0,1440,77.29,35250773092773
2551.0,0,30.31,60.0,62.0,62.0,45.0,62.0,1376,75.30,67846378566833
2551.0,1,29.07,57.0,60.0,62.0,43.0,58.0,1250,69.83,38842571975708
2551.0,2,25.99,60.0,64.0,64.0,46.0,62.0,1431,69.81,34899110450927
2551.0,3,28.81,61.0,64.0,64.0,46.0,63.0,1452,75.94,35251202889404
2556.0,0,30.28,59.0,62.0,60.0,46.0,62.0,1379,74.83,67846802113769
2557.0,1,27.21,58.0,62.0,62.0,44.0,59.0,1304,70.68,38842972022949
2557.0,2,26.65,61.0,66.0,66.0,46.0,63.0,1431,70.97,34899512165161
2557.0,3,31.59,62.0,64.0,64.0,47.0,63.0,1452,77.65,35251642403686
2562.0,0,31.57,60.0,62.0,62.0,46.0,63.0,1365,75.76,67847231649291
2562.0,1,26.80,57.0,62.0,62.0,43.0,58.0,1302,71.34,38843376501647
2562.0,2,26.46,60.0,64.0,64.0,46.0,62.0,1420,68.62,34899901255554
2562.0,3,28.84,61.0,66.0,66.0,47.0,63.0,1399,75.88,35252072620544
2568.0,0,29.94,60.0,62.0,62.0,46.0,62.0,1409,74.62,67847654718627
2568.0,1,26.93,59.0,62.0,62.0,44.0,59.0,1229,70.85,38843778194396
2568.0,2,25.83,61.0,66.0,66.0,46.0,63.0,1407,70.52,34900301080261
2568.0,3,31.11,62.0,66.0,66.0,46.0,63.0,1375,77.40,35252511490905
2573.0,0,30.13,61.0,62.0,62.0,46.0,63.0,1356,75.99,67848084817687
2574.0,1,27.19,58.0,62.0,62.0,44.0,59.0,1271,70.41,38844177437072
2574.0,2,26.74,61.0,66.0,66.0,46.0,62.0,1387,68.06,34900686971374
2574.0,3,29.53,62.0,66.0,66.0,47.0,63.0,1430,76.31,35252944174011
2579.0,0,29.93,61.0,62.0,62.0,46.0,62.0,1366,74.85,67848509206359
2579.0,1,26.61,59.0,60.0,62.0,43.0,59.0,1239,69.72,38844572737121
2579.0,2,27.11,60.0,66.0,66.0,46.0,62.0,1419,68.19,34901072932067
2579.0,3,28.99,62.0,66.0,66.0,47.0,63.0,1377,76.09,35253374866088
2585.0,0,30.07,60.0,62.0,62.0,45.0,61.0,1377,74.39,67848930995361
2585.0,1,26.38,57.0,62.0,62.0,43.0,58.0,1303,70.63,38844972493591
2585.0,2,28.55,60.0,64.0,64.0,46.0,62.0,1430,68.06,34901458852783
2585.0,3,29.05,61.0,64.0,66.0,47.0,63.0,1377,76.19,35253806888366
2590.0,0,30.92,59.0,60.0,62.0,45.0,61.0,1386,74.53,67849353587951
2591.0,1,27.37,57.0,62.0,62.0,43.0,58.0,1313,69.92,38845368947875
2591.0,2,25.44,60.0,64.0,64.0,46.0,61.0,1428,68.31,34901846194091
2591.0,3,29.61,62.0,64.0,64.0,47.0,63.0,1429,76.39,35254240012817
2596.0,0,31.00,59.0,60.0,62.0,45.0,61.0,1314,74.36,67849775214294
2596.0,1,27.03,57.0,62.0,62.0,43.0,58.0,1302,70.31,38845767620239
2596.0,2,26.75,60.0,66.0,64.0,46.0,62.0,1430,68.13,34902232500915
2596.0,3,29.16,63.0,66.0,66.0,47.0,64.0,1440,76.91,35254676117004
2602.0,0,30.42,61.0,62.0,62.0,46.0,63.0,1346,75.57,67850202936950
2602.0,1,26.95,58.0,62.0,62.0,44.0,59.0,1303,70.89,38846168855651
2602.0,2,27.07,61.0,66.0,66.0,46.0,62.0,1431,69.40,34902625283508
2602.0,3,29.56,62.0,66.0,66.0,47.0,63.0,1452,77.37,35255114003295
2607.0,0,29.93,60.0,64.0,62.0,46.0,63.0,1355,75.24,67850629530822
2608.0,1,27.08,58.0,62.0,62.0,44.0,59.0,1313,69.56,38846563261047
2608.0,2,26.89,60.0,64.0,66.0,46.0,61.0,1398,68.40,34903013107299
2608.0,3,28.53,62.0,66.0,66.0,47.0,63.0,1440,76.26,35255546398193
2613.0,0,29.70,61.0,62.0,62.0,46.0,62.0,1366,75.50,67851057630737
2613.0,1,26.49,57.0,62.0,62.0,43.0,58.0,1228,69.77,38846958848327
2613.0,2,27.18,60.0,64.0,64.0,46.0,62.0,1367,67.94,34903398304321
2613.0,3,29.00,62.0,66.0,66.0,47.0,63.0,1409,76.11,35255977956359
2619.0,0,31.09,60.0,62.0,62.0,45.0,62.0,1409,74.49,67851479973144
2619.0,1,26.59,57.0,62.0,62.0,43.0,58.0,1293,69.81,38847354697448
2619.0,2,26.30,60.0,64.0,64.0,46.0,62.0,1430,69.03,34903788990051
2619.0,3,30.01,62.0,66.0,66.0,47.0,63.0,1398,76.07,35256408502624
2624.0,0,30.95,59.0,62.0,62.0,45.0,61.0,1334,74.54,67851901892089
2625.0,1,26.55,57.0,62.0,62.0,43.0,58.0,1292,70.64,38847754503601
2625.0,2,27.15,60.0,64.0,64.0,46.0,62.0,1430,67.64,34904172488525
2625.0,3,29.06,61.0,64.0,66.0,47.0,63.0,1452,76.20,35256840569763
2630.0,0,30.75,59.0,60.0,62.0,45.0,62.0,1304,74.53,67852324462097
2630.0,1,27.15,57.0,62.0,62.0,43.0,58.0,1303,69.55,38848148864990
2630.0,2,26.30,60.0,64.0,64.0,46.0,62.0,1376,69.67,34904567498474
2630.0,3,29.32,63.0,66.0,66.0,47.0,64.0,1439,77.26,35257278631042
2636.0,0,30.55,59.0,62.0,62.0,45.0,62.0,1356,74.74,67852747479492
2636.0,1,27.29,57.0,60.0,62.0,43.0,58.0,1303,69.81,38848543964050
2636.0,2,27.03,61.0,66.0,64.0,46.0,62.0,1409,68.56,34904956244750
2636.0,3,27.41,63.0,66.0,66.0,47.0,64.0,1430,77.04,35257715434387
2641.0,0,30.53,59.0,62.0,62.0,45.0,62.0,1377,74.00,67853167069519
2642.0,1,27.62,57.0,62.0,62.0,43.0,58.0,1272,69.84,38848939984802
2642.0,2,27.39,61.0,66.0,64.0,46.0,62.0,1421,67.98,34905340996643
2642.0,3,26.93,63.0,66.0,66.0,47.0,64.0,1411,76.34,35258147511108
2647.0,0,31.48,59.0,60.0,62.0,45.0,61.0,1368,74.42,67853588270263
2647.0,1,27.28,57.0,62.0,62.0,43.0,58.0,1283,69.97,38849336020812
2647.0,2,27.57,61.0,66.0,64.0,46.0,62.0,1399,68.21,34905727037048
2647.0,3,26.40,63.0,66.0,66.0,47.0,64.0,1463,76.58,35258580939453
2653.0,0,30.16,59.0,60.0,62.0,45.0,62.0,1347,74.73,67854011267395
2653.0,1,27.17,57.0,62.0,62.0,43.0,58.0,1315,69.93,38849731839294
2653.0,2,26.70,60.0,64.0,64.0,46.0,62.0,1400,68.40,34906114185668
2653.0,3,27.49,63.0,66.0,66.0,47.0,64.0,1452,76.28,35259012679138
2658.0,0,31.01,59.0,62.0,60.0,45.0,62.0,1377,74.92,67854435318786
2658.0,1,27.52,57.0,62.0,60.0,43.0,59.0,1260,70.15,38850128878601
2659.0,2,27.24,61.0,66.0,64.0,46.0,63.0,1431,69.56,34906507867919
2659.0,3,27.56,63.0,66.0,66.0,47.0,63.0,1388,76.96,35259448260253
2664.0,0,31.09,59.0,60.0,62.0,45.0,62.0,1368,74.02,67854855006652
2664.0,1,27.49,57.0,60.0,60.0,43.0,58.0,1295,70.07,38850525453247
2664.0,2,26.27,60.0,64.0,64.0,46.0,62.0,1410,67.89,34906892127502
2664.0,3,26.32,63.0,66.0,64.0,47.0,64.0,1442,75.74,35259876968200
2670.0,0,31.00,59.0,60.0,62.0,45.0,61.0,1357,74.34,67855275773925
2670.0,1,27.58,57.0,62.0,62.0,43.0,58.0,1313,69.96,38850922116699
2670.0,2,26.35,60.0,64.0,64.0,46.0,62.0,1408,68.78,34907282105895
2670.0,3,28.25,63.0,66.0,66.0,47.0,64.0,1450,76.63,35260311476806
2675.0,0,30.84,59.0,62.0,62.0,45.0,62.0,1386,74.62,67855698877502
2675.0,1,27.12,58.0,62.0,62.0,44.0,59.0,1249,70.41,38851321350769
2676.0,2,27.25,61.0,66.0,64.0,46.0,62.0,1429,69.61,34907676788696
2676.0,3,28.04,62.0,66.0,66.0,47.0,64.0,1398,77.46,35260750659790
2681.0,0,30.28,61.0,62.0,62.0,46.0,62.0,1367,75.21,67856124586486
2681.0,1,27.43,58.0,62.0,62.0,43.0,58.0,1293,71.58,38851726513671
2681.0,2,26.72,61.0,66.0,66.0,46.0,62.0,1420,69.86,34908072914489
2681.0,3,28.86,62.0,66.0,66.0,47.0,63.0,1484,76.69,35261184701538
2687.0,0,30.11,61.0,62.0,62.0,46.0,63.0,1346,74.44,67856545909729
2687.0,1,26.38,58.0,62.0,62.0,44.0,59.0,1303,69.92,38852122932434
2687.0,2,26.51,61.0,66.0,66.0,46.0,62.0,1388,68.50,34908460642700
2687.0,3,28.35,62.0,66.0,66.0,46.0,63.0,1484,76.41,35261617919250
2692.0,0,30.08,61.0,62.0,62.0,46.0,62.0,1365,75.02,67856971283386
2692.0,1,27.28,58.0,62.0,62.0,44.0,59.0,1302,70.01,38852519870361
2693.0,2,27.39,60.0,64.0,66.0,46.0,62.0,1366,68.46,34908848821777
2693.0,3,28.63,62.0,66.0,66.0,47.0,64.0,1440,76.35,35262050839111
2698.0,0,29.98,61.0,62.0,62.0,46.0,63.0,1357,73.97,67857390669372
2698.0,1,26.83,58.0,62.0,62.0,44.0,59.0,1262,70.11,38852916672424
2698.0,2,26.40,61.0,66.0,66.0,46.0,62.0,1389,68.68,34909237560913
2698.0,3,27.84,62.0,66.0,66.0,47.0,63.0,1388,76.86,35262485850585
2704.0,0,29.28,60.0,62.0,62.0,46.0,63.0,1377,75.50,67857817999572
2704.0,1,28.11,58.0,62.0,62.0,44.0,59.0,1293,70.18,38853313899658
2704.0,2,27.53,60.0,64.0,66.0,46.0,62.0,1410,68.58,34909625743469
2704.0,3,29.85,62.0,66.0,66.0,47.0,63.0,1485,76.07,35262916410217
2709.0,0,27.70,60.0,62.0,62.0,46.0,62.0,1337,74.86,67858241701477
2709.0,1,27.84,58.0,62.0,62.0,44.0,58.0,1305,70.33,38853711960144
2710.0,2,27.71,59.0,64.0,66.0,46.0,62.0,1421,68.80,34910015151977
2710.0,3,29.49,62.0,66.0,66.0,47.0,63.0,1484,76.33,35263348413452
2715.0,0,29.72,61.0,62.0,62.0,46.0,62.0,1366,74.77,67858665650756
2715.0,1,27.43,58.0,62.0,62.0,44.0,59.0,1238,69.83,38854108608581
2715.0,2,27.28,60.0,64.0,64.0,46.0,62.0,1386,68.57,34910404621948
2715.0,3,30.07,62.0,66.0,66.0,47.0,64.0,1385,75.90,35263779506774
2721.0,0,30.09,60.0,62.0,62.0,46.0,62.0,1396,75.12,67859092355834
2721.0,1,27.01,57.0,60.0,62.0,43.0,58.0,1282,70.04,38854505738098
2721.0,2,27.60,59.0,64.0,64.0,46.0,62.0,1430,68.75,34910793724060
2721.0,3,28.83,62.0,66.0,66.0,47.0,63.0,1408,76.51,35264212526550
2726.0,0,30.14,60.0,62.0,62.0,45.0,62.0,1378,74.79,67859515650695
2726.0,1,25.95,57.0,60.0,62.0,43.0,58.0,1292,70.35,38854903931884
2727.0,2,27.91,60.0,64.0,64.0,46.0,61.0,1419,69.01,34911185000793
2727.0,3,29.74,62.0,66.0,66.0,47.0,64.0,1494,76.05,35264643713928
2732.0,0,29.98,60.0,62.0,62.0,45.0,62.0,1313,74.46,67859937855773
2732.0,1,27.26,57.0,60.0,60.0,43.0,58.0,1292,69.92,38855300387329
2732.0,2,26.51,60.0,64.0,64.0,46.0,61.0,1419,68.57,34911573786621
2732.0,3,29.72,62.0,64.0,64.0,47.0,63.0,1461,76.39,35265076830627
2738.0,0,30.21,59.0,62.0,62.0,45.0,62.0,1365,74.91,67860362576293
2738.0,1,27.68,57.0,60.0,62.0,43.0,58.0,1312,69.85,38855696412109
2738.0,2,27.39,60.0,64.0,64.0,46.0,62.0,1397,68.77,34911963735961
2738.0,3,28.27,63.0,66.0,66.0,47.0,64.0,1429,77.45,35265515945373
2743.0,0,31.25,59.0,60.0,62.0,45.0,62.0,1398,74.25,67860783595886
2743.0,1,27.27,57.0,60.0,60.0,43.0,58.0,1250,69.90,38856092728759
2744.0,2,27.43,60.0,64.0,64.0,46.0,62.0,1408,68.49,34912352098327
2744.0,3,26.35,63.0,66.0,66.0,47.0,64.0,1430,76.36,35265948932861
2749.0,0,29.27,60.0,62.0,62.0,46.0,62.0,1366,74.86,67861207294982
2749.0,1,27.06,58.0,62.0,60.0,44.0,59.0,1303,70.79,38856493374816
2749.0,2,27.47,61.0,66.0,66.0,46.0,62.0,1418,69.60,34912746724304
2749.0,3,28.45,62.0,66.0,66.0,47.0,63.0,1461,77.33,35266387367065
2755.0,0,29.90,61.0,62.0,62.0,46.0,63.0,1345,75.44,67861635028442
2755.0,1,27.02,58.0,62.0,62.0,43.0,59.0,1271,70.23,38856891588928
2755.0,2,26.76,60.0,64.0,66.0,46.0,62.0,1388,68.46,34913134198486
2755.0,3,29.56,62.0,66.0,66.0,47.0,63.0,1483,76.24,35266818906982
2760.0,0,28.19,61.0,64.0,64.0,46.0,63.0,1292,74.53,67862057622436
2761.0,1,26.43,58.0,62.0,62.0,43.0,59.0,1312,69.89,38857288538452
2761.0,2,27.37,60.0,64.0,64.0,46.0,61.0,1418,68.86,34913524654663
2761.0,3,29.79,62.0,66.0,66.0,47.0,63.0,1481,75.94,35267250233520
2766.0,0,29.75,59.0,60.0,62.0,45.0,62.0,1375,74.23,67862479250366
2766.0,1,26.34,57.0,62.0,62.0,43.0,58.0,1302,71.35,38857693072875
2766.0,2,28.47,60.0,64.0,64.0,46.0,62.0,1397,67.94,34913910578979
2766.0,3,28.63,62.0,64.0,64.0,47.0,64.0,1450,76.82,35267685820922
2772.0,0,28.68,60.0,62.0,62.0,46.0,62.0,1355,75.01,67862904530090
2772.0,1,25.64,57.0,62.0,62.0,44.0,59.0,1302,71.28,38858097248657
2772.0,2,26.70,60.0,66.0,66.0,46.0,62.0,1376,68.40,34914298420654
2772.0,3,30.92,62.0,66.0,66.0,47.0,63.0,1407,75.33,35268112941040
2777.0,0,18.53,62.0,62.0,64.0,47.0,63.0,1398,81.17,67863363940124
2778.0,1,17.42,57.0,62.0,62.0,43.0,58.0,1291,73.76,38858515472595
2778.0,2,30.75,60.0,64.0,64.0,46.0,62.0,1408,70.84,34914700106567
2778.0,3,34.24,62.0,64.0,64.0,47.0,63.0,1440,70.10,35268510388977
2783.0,0,28.27,59.0,64.0,64.0,45.0,62.0,1407,82.74,67863833906311
2783.0,1,27.53,56.0,64.0,64.0,43.0,58.0,1259,78.91,38858962887451
2783.0,2,25.74,60.0,64.0,66.0,46.0,62.0,1429,76.44,34915133522827
2783.0,3,20.87,62.0,66.0,66.0,47.0,63.0,1472,78.05,35268952916442
2789.0,0,26.92,60.0,64.0,64.0,46.0,62.0,1399,85.33,67864316868408
2789.0,1,21.67,58.0,64.0,64.0,43.0,58.0,1335,79.70,38859413985107
2789.0,2,32.11,62.0,66.0,66.0,47.0,64.0,1452,75.85,34915562856628
2789.0,3,19.64,64.0,66.0,66.0,47.0,64.0,1494,76.20,35269384207336
2794.0,0,34.01,60.0,64.0,64.0,46.0,62.0,1407,79.80,67864769359863
2795.0,1,29.83,58.0,62.0,62.0,44.0,59.0,1344,74.71,38859837607299
2795.0,2,20.01,60.0,66.0,66.0,46.0,62.0,1461,73.72,34915980835083
2795.0,3,17.99,63.0,66.0,66.0,47.0,64.0,1503,74.15,35269804627746
2800.0,0,24.65,60.0,64.0,64.0,46.0,63.0,1408,79.88,67865222254760
2800.0,1,26.81,58.0,64.0,64.0,44.0,59.0,1323,74.35,38860259150573
2800.0,2,30.67,60.0,66.0,66.0,46.0,62.0,1417,71.49,34916386898803
2800.0,3,18.59,64.0,66.0,66.0,47.0,64.0,1471,72.55,35270216727783
2806.0,0,39.86,60.0,64.0,64.0,46.0,63.0,1397,83.78,67865697267395
2806.0,1,21.33,60.0,64.0,64.0,44.0,60.0,1311,77.28,38860698103088
2806.0,2,20.23,62.0,66.0,66.0,47.0,63.0,1428,70.81,34916788394042
2806.0,3,20.25,62.0,66.0,66.0,46.0,63.0,1470,70.41,35270615924194
2811.0,0,25.19,61.0,64.0,64.0,46.0,63.0,1418,76.37,67866130271179
2812.0,1,14.30,59.0,62.0,62.0,44.0,59.0,1345,74.61,38861121120056
2812.0,2,13.53,60.0,66.0,66.0,46.0,62.0,1387,76.53,34917222334960
2812.0,3,16.86,61.0,64.0,64.0,46.0,62.0,1462,76.62,35271050335571
2817.0,0,25.74,60.0,64.0,64.0,46.0,62.0,1408,83.70,67866604845031
2817.0,1,20.84,58.0,64.0,64.0,44.0,58.0,1334,78.31,38861565118225
2817.0,2,34.50,63.0,66.0,66.0,47.0,64.0,1419,74.18,34917642932312
2818.0,3,19.59,63.0,66.0,66.0,47.0,64.0,1460,74.99,35271475533203
2823.0,0,32.94,63.0,64.0,64.0,47.0,64.0,1427,82.85,67867075427429
2823.0,1,20.61,58.0,64.0,64.0,44.0,59.0,1321,74.42,38861987073852
2823.0,2,22.54,61.0,66.0,66.0,46.0,62.0,1447,71.73,34918050362976
2823.0,3,24.64,62.0,66.0,66.0,47.0,63.0,1479,71.66,35271882554504
2828.0,0,19.53,60.0,64.0,64.0,46.0,62.0,1448,78.87,67867523384033
2829.0,1,16.64,57.0,62.0,64.0,44.0,58.0,1345,78.08,38862429769165
2829.0,2,20.20,60.0,64.0,64.0,46.0,62.0,1462,75.26,34918476315246
2829.0,3,13.00,61.0,64.0,64.0,46.0,62.0,1484,75.81,35272311639160
2834.0,0,26.67,60.0,64.0,64.0,46.0,63.0,1420,86.51,67868013053649
2834.0,1,34.39,59.0,64.0,64.0,44.0,60.0,1334,79.34,38862879623229
2834.0,2,20.54,64.0,66.0,66.0,47.0,64.0,1418,75.18,34918903352050
2835.0,3,19.13,61.0,64.0,66.0,47.0,63.0,1448,70.47,35272711921997
2840.0,0,19.17,60.0,62.0,62.0,46.0,62.0,1427,73.15,67868427829833
2840.0,1,13.80,58.0,62.0,62.0,44.0,59.0,1354,68.07,38863266268127
2840.0,2,14.24,61.0,66.0,66.0,46.0,62.0,1470,68.98,34919294479858
2840.0,3,12.54,61.0,64.0,64.0,46.0,63.0,1492,73.30,35273127520080
2845.0,0,20.26,61.0,62.0,62.0,46.0,63.0,1397,72.83,67868841479492
2846.0,1,27.16,58.0,62.0,62.0,44.0,59.0,1324,70.20,38863664297424
2846.0,2,27.36,61.0,66.0,64.0,46.0,62.0,1430,69.34,34919687624572
2846.0,3,25.48,62.0,66.0,66.0,46.0,63.0,1440,70.23,35273525712158
2851.0,0,29.10,60.0,62.0,62.0,46.0,62.0,1398,73.64,67869259023010
2851.0,1,26.51,58.0,62.0,62.0,44.0,59.0,1291,69.99,38864061154541
2851.0,2,28.97,60.0,64.0,64.0,46.0,62.0,1418,67.82,34920072177612
2852.0,3,30.63,61.0,64.0,64.0,46.0,63.0,1428,73.76,35273943925354
2857.0,0,29.82,60.0,62.0,62.0,46.0,63.0,1396,72.37,67869669372863
2857.0,1,25.89,58.0,62.0,62.0,44.0,59.0,1270,69.47,38864455038879
2857.0,2,27.48,61.0,66.0,66.0,46.0,62.0,1429,67.90,34920457182250
2857.0,3,30.75,62.0,64.0,64.0,46.0,63.0,1430,73.32,35274359653625
2862.0,0,28.89,60.0,62.0,62.0,46.0,62.0,1357,73.58,67870085836669
2863.0,1,27.55,58.0,62.0,62.0,44.0,59.0,1293,69.08,38864846030761
2863.0,2,27.98,60.0,64.0,66.0,46.0,62.0,1378,68.04,34920842297546
2863.0,3,29.53,61.0,64.0,66.0,47.0,63.0,1420,73.91,35274777971313
2868.0,0,31.19,60.0,62.0,62.0,45.0,62.0,1345,73.08,67870500224182
2868.0,1,27.22,57.0,62.0,60.0,44.0,58.0,1292,69.61,38865240726989
2868.0,2,26.80,60.0,66.0,64.0,46.0,62.0,1419,68.26,34921229346618
2869.0,3,27.42,62.0,64.0,64.0,46.0,63.0,1430,73.08,35275192313537
2874.0,0,29.81,60.0,62.0,62.0,46.0,62.0,1378,72.70,67870912451538
2874.0,1,26.96,58.0,62.0,62.0,44.0,59.0,1261,69.50,38865634794250
2874.0,2,25.31,60.0,64.0,66.0,46.0,62.0,1399,67.79,34921613689819
2874.0,3,30.25,62.0,66.0,66.0,47.0,63.0,1452,73.67,35275609301574
2879.0,0,31.12,59.0,62.0,62.0,45.0,62.0,1335,73.05,67871325916381
2880.0,1,28.04,57.0,62.0,62.0,43.0,58.0,1314,69.23,38866026633056
2880.0,2,25.42,60.0,64.0,64.0,46.0,62.0,1431,67.83,34921997596130
2880.0,3,27.33,61.0,64.0,64.0,46.0,62.0,1441,73.05,35276023498107
2885.0,0,29.78,60.0,62.0,62.0,46.0,62.0,1366,73.78,67871744271789
2885.0,1,27.71,58.0,62.0,62.0,44.0,59.0,1292,69.08,38866418318420
2885.0,2,28.05,60.0,64.0,64.0,46.0,62.0,1386,67.86,34922382385131
2886.0,3,28.32,61.0,64.0,66.0,46.0,63.0,1428,74.14,35276443890686
2891.0,0,30.01,59.0,60.0,62.0,45.0,62.0,1387,72.42,67872154903259
2891.0,1,28.52,57.0,62.0,62.0,43.0,58.0,1282,69.21,38866810761962
2891.0,2,27.65,60.0,64.0,64.0,46.0,62.0,1410,67.56,34922765438110
2891.0,3,25.74,61.0,64.0,64.0,46.0,62.0,1430,73.36,35276859832214
2896.0,0,30.94,60.0,62.0,62.0,46.0,62.0,1385,72.99,67872568770812
2897.0,1,27.61,58.0,62.0,62.0,44.0,59.0,1289,69.32,38867204496826
2897.0,2,25.31,60.0,64.0,66.0,46.0,62.0,1414,68.03,34923151822448
2897.0,3,29.53,62.0,64.0,64.0,46.0,63.0,1437,74.19,35277281222290
2902.0,0,31.62,60.0,62.0,62.0,46.0,62.0,1364,73.24,67872984747741
2902.0,1,24.86,57.0,60.0,62.0,43.0,58.0,1280,69.16,38867596646301
2902.0,2,26.47,60.0,64.0,64.0,46.0,62.0,1416,67.89,34923537452819
2903.0,3,28.49,61.0,64.0,64.0,46.0,63.0,1416,73.55,35277698993835
2908.0,0,26.73,60.0,62.0,62.0,45.0,62.0,1364,73.67,67873403217102
2908.0,1,26.45,58.0,62.0,62.0,44.0,58.0,1270,68.99,38867988487731
2908.0,2,28.83,59.0,64.0,64.0,46.0,62.0,1419,67.28,34923918949340
2908.0,3,29.76,62.0,64.0,64.0,47.0,64.0,1420,73.31,35278114637756
2913.0,0,29.84,60.0,62.0,62.0,46.0,62.0,1356,73.57,67873819595764
2914.0,1,26.81,58.0,62.0,62.0,44.0,59.0,1301,69.32,38868381550720
2914.0,2,26.97,60.0,64.0,64.0,46.0,61.0,1418,68.36,34924306552246
2914.0,3,28.47,61.0,64.0,64.0,46.0,63.0,1418,74.07,35278534635253
2919.0,0,29.15,59.0,62.0,62.0,45.0,62.0,1333,72.37,67874230660156
2919.0,1,27.88,57.0,62.0,62.0,43.0,58.0,1302,69.17,38868773757080
2919.0,2,27.64,60.0,64.0,64.0,46.0,61.0,1395,67.64,34924690098449
2920.0,3,25.35,60.0,64.0,64.0,46.0,63.0,1427,73.21,35278950440979
2925.0,0,30.48,61.0,62.0,62.0,46.0,62.0,1331,73.18,67874646344116
2925.0,1,27.62,58.0,62.0,62.0,44.0,59.0,1300,69.02,38869165795776
2925.0,2,26.81,60.0,64.0,66.0,46.0,62.0,1397,67.60,34925074088867
2925.0,3,27.11,61.0,66.0,66.0,46.0,63.0,1451,74.16,35279370920104
2930.0,0,31.74,60.0,62.0,62.0,45.0,61.0,1356,72.74,67875058066833
2931.0,1,26.45,57.0,62.0,62.0,43.0,58.0,1303,68.92,38869555881347
2931.0,2,24.49,60.0,64.0,64.0,46.0,62.0,1398,68.03,34925459112854
2931.0,3,27.94,61.0,64.0,64.0,46.0,63.0,1430,73.57,35279787326538
2936.0,0,30.36,59.0,62.0,62.0,46.0,62.0,1365,73.12,67875472679016
2936.0,1,26.03,58.0,62.0,62.0,43.0,58.0,1291,69.93,38869952359985
2936.0,2,27.04,61.0,66.0,66.0,46.0,62.0,1375,68.12,34925845379089
2937.0,3,29.97,62.0,66.0,66.0,46.0,63.0,1449,73.96,35280206675659
2942.0,0,31.25,59.0,60.0,62.0,45.0,61.0,1334,73.15,67875887434020
2942.0,1,28.08,57.0,62.0,60.0,43.0,58.0,1270,69.32,38870345422729
2942.0,2,25.84,60.0,64.0,64.0,46.0,62.0,1377,67.97,34926231466186
2942.0,3,25.97,61.0,64.0,64.0,47.0,63.0,1439,73.17,35280622296569
2947.0,0,29.29,60.0,62.0,62.0,46.0,62.0,1366,73.73,67876305481506
2948.0,1,27.81,58.0,62.0,62.0,43.0,59.0,1290,69.07,38870737746826
2948.0,2,27.76,60.0,64.0,64.0,46.0,61.0,1406,68.09,34926617520812
2948.0,3,27.39,62.0,64.0,64.0,46.0,63.0,1427,74.89,35281046946472
2953.0,0,27.99,60.0,62.0,62.0,46.0,62.0,1364,73.05,67876720381896
2953.0,1,26.58,57.0,62.0,62.0,43.0,58.0,1303,69.07,38871129372741
2953.0,2,29.03,60.0,66.0,64.0,46.0,62.0,1418,68.10,34927003654724
2954.0,3,30.12,62.0,66.0,66.0,46.0,63.0,1408,73.90,35281465937561
2959.0,0,30.78,60.0,62.0,62.0,45.0,62.0,1376,73.07,67877134679077
2959.0,1,26.33,56.0,60.0,60.0,43.0,58.0,1281,69.47,38871523272460
2959.0,2,26.41,60.0,64.0,64.0,46.0,62.0,1365,67.73,34927387677185
2959.0,3,27.28,61.0,64.0,64.0,47.0,63.0,1450,72.84,35281878913513
2964.0,0,30.13,60.0,62.0,62.0,46.0,62.0,1333,72.70,67877546889404
2965.0,1,26.28,58.0,62.0,62.0,43.0,58.0,1290,69.71,38871919234497
2965.0,2,25.00,60.0,64.0,66.0,46.0,62.0,1428,67.70,34927772205444
2965.0,3,30.23,62.0,66.0,66.0,46.0,63.0,1438,73.53,35282296586364
2970.0,0,29.16,60.0,62.0,62.0,45.0,62.0,1334,73.35,67877962780639
2970.0,1,27.45,57.0,62.0,62.0,43.0,58.0,1281,68.67,38872308568176
2970.0,2,28.03,60.0,64.0,64.0,46.0,62.0,1334,67.24,34928153432800
2971.0,3,26.69,62.0,64.0,64.0,46.0,63.0,1408,73.28,35282712094543
2976.0,0,29.38,60.0,62.0,62.0,46.0,62.0,1345,73.34,67878378606506
2976.0,1,26.67,58.0,62.0,62.0,43.0,58.0,1293,69.37,38872701212951
2976.0,2,27.35,60.0,64.0,64.0,46.0,61.0,1399,68.28,34928539892700
2976.0,3,27.31,61.0,64.0,64.0,46.0,63.0,1441,73.97,35283130778442
2982.0,0,26.97,60.0,62.0,62.0,46.0,62.0,1366,72.67,67878790652954
2982.0,1,27.78,57.0,62.0,62.0,43.0,58.0,1290,68.74,38873091674621
2982.0,2,28.74,61.0,66.0,64.0,46.0,62.0,1385,67.65,34928924168273
2982.0,3,28.86,62.0,66.0,66.0,47.0,63.0,1439,73.13,35283546144714
2987.0,0,30.67,60.0,62.0,62.0,45.0,62.0,1364,72.65,67879203323852
2987.0,1,26.73,57.0,62.0,62.0,43.0,58.0,1269,69.57,38873486153137
2987.0,2,26.99,60.0,64.0,64.0,46.0,62.0,1407,68.39,34929311959655
2988.0,3,27.44,61.0,64.0,64.0,47.0,63.0,1428,73.09,35283960592163
2993.0,0,29.66,59.0,62.0,62.0,45.0,62.0,1366,72.62,67879615104309
2993.0,1,25.15,58.0,62.0,62.0,44.0,59.0,1282,69.63,38873880967834
2993.0,2,26.51,61.0,66.0,66.0,46.0,62.0,1356,68.21,34929698685913
2993.0,3,30.34,62.0,66.0,66.0,46.0,63.0,1419,73.78,35284378947448
2999.0,0,30.87,59.0,62.0,62.0,45.0,61.0,1376,72.79,67880027838623
2999.0,1,27.23,57.0,62.0,62.0,43.0,58.0,1260,68.91,38874271668273
2999.0,2,25.22,60.0,64.0,64.0,46.0,62.0,1418,67.96,34930084018859
2999.0,3,27.33,61.0,64.0,64.0,46.0,63.0,1418,72.69,35284791121154
3004.0,0,29.74,60.0,62.0,62.0,45.0,62.0,1376,72.57,67880439333129
3004.0,1,26.81,58.0,62.0,62.0,43.0,59.0,1280,69.70,38874666867553
3004.0,2,25.29,60.0,64.0,66.0,46.0,61.0,1387,68.13,34930470325805
3005.0,3,30.21,62.0,66.0,66.0,47.0,63.0,1440,73.90,35285210107788
3010.0,0,28.92,60.0,62.0,60.0,45.0,61.0,1346,73.49,67880855283264
3010.0,1,27.36,57.0,62.0,62.0,43.0,58.0,1260,68.77,38875056804016
3010.0,2,28.46,60.0,64.0,64.0,46.0,62.0,1376,67.74,34930854406616
3010.0,3,27.80,62.0,66.0,64.0,46.0,63.0,1440,74.08,35285630116271
3016.0,0,31.13,60.0,62.0,62.0,45.0,62.0,1355,72.69,67881267416870
3016.0,1,26.37,56.0,60.0,62.0,43.0,58.0,1314,69.62,38875450871887
3016.0,2,27.07,60.0,64.0,64.0,46.0,62.0,1409,68.68,34931243132141
3016.0,3,27.37,61.0,64.0,64.0,46.0,62.0,1441,73.32,35286045082031
3021.0,0,27.99,60.0,62.0,62.0,45.0,62.0,1367,72.73,67881679096923
3021.0,1,24.89,57.0,62.0,62.0,43.0,58.0,1262,69.23,38875842729125
3021.0,2,28.32,61.0,66.0,64.0,46.0,62.0,1409,68.23,34931630019042
3022.0,3,30.35,62.0,66.0,66.0,46.0,63.0,1419,73.49,35286461755554
3027.0,0,30.56,59.0,62.0,62.0,45.0,61.0,1355,72.75,67882091565673
3027.0,1,27.41,57.0,62.0,60.0,43.0,58.0,1260,69.65,38876237627319
3027.0,2,25.83,60.0,64.0,64.0,46.0,62.0,1399,68.34,34932016820495
3027.0,3,27.08,62.0,64.0,64.0,46.0,63.0,1409,72.97,35286874784851
3033.0,0,30.05,60.0,62.0,62.0,46.0,62.0,1357,72.73,67882503943725
3033.0,1,27.87,58.0,62.0,62.0,43.0,59.0,1293,69.83,38876633563171
3033.0,2,25.89,60.0,64.0,66.0,46.0,61.0,1399,68.35,34932404390747
3033.0,3,29.78,61.0,66.0,66.0,47.0,63.0,1441,73.52,35287291616149
3038.0,0,30.76,59.0,60.0,62.0,45.0,61.0,1346,72.38,67882913597900
3038.0,1,28.68,57.0,62.0,60.0,43.0,58.0,1272,68.95,38877023825988
3038.0,2,25.88,60.0,64.0,64.0,46.0,62.0,1367,68.18,34932790289123
3039.0,3,25.21,61.0,64.0,64.0,46.0,63.0,1419,73.34,35287706693176
3044.0,0,29.90,60.0,62.0,62.0,46.0,62.0,1376,72.63,67883325407165
3044.0,1,27.67,58.0,62.0,62.0,43.0,58.0,1269,69.52,38877417983520
3044.0,2,25.67,60.0,64.0,66.0,46.0,62.0,1397,68.53,34933179550537
3044.0,3,29.60,61.0,66.0,66.0,47.0,63.0,1429,73.36,35288123382507
3050.0,0,30.62,59.0,60.0,62.0,45.0,61.0,1365,72.57,67883736895080
3050.0,1,27.86,57.0,62.0,62.0,43.0,58.0,1271,69.02,38877809335205
3050.0,2,27.43,60.0,64.0,64.0,46.0,62.0,1399,68.12,34933565102783
3050.0,3,25.03,61.0,64.0,64.0,46.0,62.0,1441,73.09,35288537076843
3055.0,0,29.83,60.0,62.0,62.0,45.0,62.0,1335,72.99,67884150739562
3055.0,1,27.78,58.0,62.0,62.0,44.0,59.0,1314,69.31,38878202330200
3055.0,2,27.81,60.0,64.0,66.0,46.0,62.0,1399,68.40,34933952927551
3056.0,3,27.80,60.0,64.0,66.0,46.0,62.0,1430,74.01,35288956721069
3061.0,0,29.72,59.0,60.0,62.0,45.0,61.0,1345,72.00,67884558999450
3061.0,1,28.37,57.0,62.0,62.0,43.0,58.0,1271,68.98,38878593457397
3061.0,2,28.38,60.0,64.0,64.0,46.0,62.0,1398,67.90,34934337261596
3061.0,3,24.78,60.0,64.0,64.0,46.0,62.0,1440,73.05,35289370926818
3067.0,0,29.71,60.0,62.0,62.0,46.0,62.0,1346,72.96,67884971928100
3067.0,1,28.05,58.0,62.0,62.0,44.0,58.0,1271,69.49,38878986786743
3067.0,2,26.43,60.0,64.0,66.0,46.0,62.0,1377,68.57,34934726061035
3067.0,3,27.87,62.0,66.0,66.0,47.0,63.0,1442,73.92,35289789301452
3072.0,0,30.49,59.0,60.0,62.0,45.0,61.0,1336,72.22,67885380681335
3072.0,1,28.76,57.0,62.0,60.0,43.0,58.0,1272,69.00,38879377324035
3072.0,2,27.93,60.0,64.0,64.0,46.0,62.0,1389,68.00,34935110966857
3073.0,3,24.62,61.0,64.0,64.0,46.0,62.0,1409,73.23,35290203768066
3078.0,0,29.91,60.0,62.0,62.0,46.0,62.0,1345,72.85,67885793727600
3078.0,1,28.34,58.0,62.0,62.0,44.0,59.0,1259,69.36,38879770616455
3078.0,2,25.74,60.0,64.0,66.0,46.0,61.0,1408,68.59,34935499888122
3078.0,3,28.46,61.0,66.0,66.0,47.0,63.0,1419,73.47,35290620335388
3084.0,0,30.98,59.0,62.0,62.0,45.0,61.0,1376,72.67,67886205751831
3084.0,1,28.02,57.0,62.0,60.0,44.0,58.0,1271,68.84,38880160963500
3084.0,2,24.88,60.0,64.0,64.0,46.0,62.0,1397,68.26,34935887588073
3084.0,3,27.07,62.0,64.0,64.0,46.0,63.0,1449,72.78,35291033738098
3089.0,0,29.99,59.0,62.0,62.0,45.0,62.0,1365,72.24,67886616066711
3089.0,1,26.95,58.0,62.0,62.0,43.0,58.0,1248,69.63,38880556447021
3090.0,2,25.69,60.0,64.0,66.0,46.0,61.0,1376,68.55,34936276262084
3090.0,3,30.14,61.0,66.0,66.0,46.0,63.0,1429,73.65,35291451344848
3095.0,0,31.09,59.0,62.0,62.0,45.0,61.0,1345,72.56,67887026783386
3095.0,1,27.99,57.0,62.0,60.0,43.0,58.0,1302,69.11,38880948276428
3095.0,2,26.18,60.0,64.0,64.0,46.0,62.0,1397,68.23,34936663123901
3095.0,3,26.72,61.0,64.0,64.0,46.0,62.0,1439,72.89,35291864622314
3101.0,0,29.90,60.0,62.0,62.0,45.0,62.0,1344,72.24,67887437125000
3101.0,1,27.19,57.0,62.0,62.0,43.0,59.0,1312,69.57,38881342722961
3101.0,2,25.75,60.0,64.0,66.0,46.0,61.0,1429,68.50,34937051530212
3101.0,3,29.70,62.0,66.0,66.0,47.0,63.0,1440,73.65,35292282223205
3106.0,0,30.54,59.0,60.0,62.0,45.0,61.0,1335,72.42,67887847042541
3106.0,1,28.41,57.0,62.0,60.0,43.0,58.0,1271,68.99,38881733234313
3107.0,2,27.38,60.0,64.0,64.0,46.0,62.0,1378,68.12,34937437113403
3107.0,3,25.06,61.0,64.0,64.0,46.0,63.0,1418,72.84,35292695253723
3112.0,0,30.01,60.0,62.0,62.0,45.0,62.0,1365,73.29,67888262619201
3112.0,1,27.83,58.0,62.0,62.0,43.0,58.0,1250,69.42,38882126822387
3112.0,2,28.85,60.0,64.0,66.0,46.0,62.0,1408,68.38,34937824840698
3112.0,3,27.29,61.0,64.0,64.0,46.0,62.0,1419,74.09,35293114587280
3118.0,0,27.67,59.0,62.0,62.0,45.0,61.0,1345,72.06,67888671183837
3118.0,1,28.78,57.0,62.0,62.0,43.0,58.0,1302,69.05,38882518342651
3118.0,2,29.57,60.0,64.0,64.0,46.0,62.0,1408,67.85,34938209538879
3118.0,3,25.78,61.0,64.0,64.0,47.0,63.0,1439,73.43,35293530937744
3123.0,0,29.71,60.0,62.0,62.0,46.0,62.0,1345,73.07,67889085508850
3123.0,1,28.25,58.0,62.0,62.0,43.0,58.0,1312,69.56,38882912759643
3124.0,2,28.32,60.0,64.0,66.0,46.0,62.0,1429,68.63,34938598645690
3124.0,3,26.68,60.0,64.0,66.0,46.0,62.0,1429,73.90,35293949960449
3129.0,0,30.59,58.0,60.0,62.0,45.0,61.0,1333,71.92,67889493309997
3129.0,1,28.08,57.0,62.0,60.0,43.0,58.0,1301,68.90,38883304131347
3129.0,2,27.43,60.0,64.0,64.0,46.0,62.0,1374,67.94,34938984518249
3129.0,3,24.67,61.0,64.0,64.0,46.0,62.0,1427,72.90,35294364054443
3135.0,0,29.69,61.0,62.0,62.0,45.0,62.0,1343,72.86,67889907178710
3135.0,1,28.37,58.0,62.0,62.0,43.0,59.0,1280,69.39,38883697587341
3135.0,2,27.03,60.0,64.0,66.0,46.0,61.0,1355,68.74,34939374248474
3135.0,3,27.71,61.0,66.0,66.0,46.0,62.0,1440,73.90,35294783066894
3140.0,0,29.93,59.0,60.0,62.0,45.0,61.0,1334,72.05,67890315696960
3140.0,1,29.11,57.0,62.0,60.0,43.0,58.0,1239,69.24,38884090175903
3141.0,2,27.85,60.0,64.0,64.0,46.0,62.0,1398,68.17,34939760789062
3141.0,3,24.98,61.0,64.0,64.0,47.0,62.0,1419,72.99,35295196934875
3146.0,0,15.20,59.0,62.0,62.0,45.0,61.0,1384,77.56,67890756241333
3146.0,1,17.79,57.0,62.0,62.0,43.0,58.0,1268,70.60,38884491198974
3146.0,2,22.83,60.0,66.0,66.0,46.0,62.0,1406,68.56,34940150206420
3146.0,3,23.53,61.0,66.0,66.0,46.0,62.0,1438,71.12,35295600161804
3152.0,0,24.95,60.0,64.0,64.0,45.0,62.0,1367,82.80,67891224867248
3152.0,1,26.26,57.0,64.0,64.0,43.0,58.0,1313,78.91,38884938601989
3152.0,2,29.91,60.0,66.0,66.0,46.0,62.0,1418,76.32,34940582939025
3152.0,3,19.84,64.0,66.0,66.0,47.0,64.0,1439,77.53,35296040555847
3157.0,0,41.23,60.0,64.0,64.0,45.0,62.0,1376,85.10,67891707365539
3157.0,1,20.69,60.0,62.0,62.0,44.0,60.0,1291,77.82,38885379855407
3158.0,2,19.49,60.0,64.0,66.0,47.0,63.0,1429,71.01,34940985554382
3158.0,3,18.99,61.0,66.0,66.0,46.0,62.0,1450,70.91,35296442597473
3163.0,0,31.07,59.0,64.0,64.0,45.0,62.0,1428,75.93,67892138674194
3163.0,1,26.10,58.0,64.0,64.0,43.0,58.0,1324,74.97,38885804172119
3163.0,2,25.47,61.0,66.0,66.0,46.0,62.0,1440,77.11,34941422762573
3163.0,3,19.32,63.0,66.0,66.0,47.0,64.0,1461,77.63,35296882774780
3169.0,0,38.06,60.0,64.0,64.0,45.0,62.0,1406,83.95,67892614692199
3169.0,1,32.62,58.0,64.0,64.0,44.0,59.0,1363,78.66,38886250977355
3169.0,2,12.62,63.0,66.0,66.0,47.0,64.0,1426,78.38,34941867970336
3169.0,3,10.58,65.0,66.0,66.0,47.0,64.0,1479,74.87,35297308019531
3174.0,0,35.09,60.0,64.0,64.0,46.0,63.0,1405,83.36,67893088204895
3174.0,1,9.06,60.0,64.0,64.0,44.0,60.0,1331,77.88,38886694096435
3175.0,2,20.17,61.0,64.0,64.0,47.0,63.0,1470,69.01,34942259941101
3175.0,3,26.30,61.0,64.0,64.0,46.0,62.0,1492,70.98,35297710466674
3180.0,0,22.80,59.0,62.0,62.0,45.0,62.0,1419,77.77,67893529139770
3180.0,1,20.23,57.0,62.0,62.0,44.0,58.0,1325,75.84,38887123344238
3180.0,2,32.94,60.0,64.0,64.0,46.0,62.0,1441,76.90,34942695192443
3180.0,3,28.67,61.0,64.0,64.0,46.0,62.0,1472,78.31,35298154456787
3186.0,0,27.18,60.0,64.0,64.0,45.0,62.0,1430,84.74,67894009617980
3186.0,1,22.42,58.0,64.0,64.0,44.0,59.0,1334,79.27,38887572828125
3186.0,2,31.50,63.0,66.0,66.0,47.0,64.0,1450,75.27,34943121963195
3186.0,3,19.43,61.0,64.0,66.0,46.0,63.0,1484,75.55,35298582843261
3191.0,0,21.18,61.0,62.0,64.0,46.0,63.0,1409,74.27,67894430009826
3191.0,1,17.11,58.0,62.0,62.0,44.0,59.0,1325,70.88,38887973988342
3192.0,2,16.04,61.0,66.0,66.0,46.0,62.0,1430,68.88,34943512485900
3192.0,3,12.79,63.0,66.0,66.0,47.0,64.0,1451,69.08,35298973813842
3197.0,0,30.54,60.0,62.0,64.0,46.0,62.0,1409,81.16,67894890178649
3197.0,1,25.11,58.0,64.0,64.0,44.0,58.0,1314,75.78,38888402906250
3197.0,2,23.95,61.0,66.0,66.0,46.0,62.0,1410,73.46,34943928268859
3197.0,3,17.65,61.0,66.0,66.0,46.0,63.0,1440,74.43,35299395809692
3203.0,0,22.99,60.0,62.0,62.0,45.0,62.0,1408,80.09,67895344293334
3203.0,1,20.47,57.0,62.0,62.0,44.0,59.0,1344,73.16,38888818438720
3203.0,2,21.68,61.0,66.0,66.0,46.0,62.0,1440,70.54,34944328244384
3203.0,3,20.45,61.0,66.0,66.0,46.0,62.0,1450,70.37,35299794800720
3208.0,0,25.20,60.0,64.0,64.0,45.0,62.0,1386,79.63,67895795780090
3208.0,1,5.30,59.0,64.0,62.0,44.0,60.0,1301,78.39,38889262882812
3209.0,2,18.33,63.0,66.0,64.0,47.0,64.0,1427,70.94,34944730471740
3209.0,3,19.77,61.0,64.0,64.0,46.0,62.0,1407,68.27,35300182585266
3214.0,0,11.48,62.0,62.0,62.0,46.0,63.0,1397,68.15,67896182176513
3214.0,1,12.41,58.0,60.0,60.0,44.0,58.0,1281,64.28,38889627346496
3214.0,2,12.55,60.0,64.0,64.0,46.0,62.0,1398,65.37,34945101140014
3214.0,3,11.55,61.0,62.0,62.0,46.0,62.0,1482,68.50,35300570954956
3220.0,0,34.68,61.0,62.0,62.0,46.0,62.0,1396,75.30,67896609908691
3220.0,1,27.43,57.0,62.0,62.0,43.0,58.0,1332,72.87,38890041235717
3220.0,2,26.84,60.0,64.0,64.0,46.0,62.0,1407,71.93,34945509726867
3220.0,3,29.52,61.0,64.0,64.0,46.0,63.0,1429,76.95,35301007250488
3225.0,0,35.29,60.0,62.0,62.0,46.0,63.0,1366,74.64,67897032399108
3225.0,1,26.51,57.0,60.0,62.0,43.0,59.0,1293,70.77,38890441799133
3226.0,2,26.06,60.0,64.0,64.0,46.0,62.0,1408,70.51,34945908820556
3226.0,3,28.38,61.0,64.0,64.0,46.0,63.0,1418,77.09,35301444329101
3231.0,0,34.19,60.0,62.0,62.0,46.0,62.0,1375,74.67,67897456542541
3231.0,1,28.12,57.0,62.0,62.0,43.0,58.0,1302,70.99,38890844998291
3231.0,2,25.29,60.0,64.0,64.0,46.0,62.0,1418,70.71,34946310469604
3231.0,3,27.80,60.0,64.0,66.0,46.0,62.0,1419,77.42,35301882515930
3237.0,0,30.74,60.0,62.0,62.0,46.0,63.0,1346,75.70,67897885000122
3237.0,1,27.33,58.0,62.0,62.0,44.0,59.0,1313,71.26,38891248339965
3237.0,2,27.21,60.0,64.0,66.0,46.0,62.0,1409,70.06,34946707006286
3237.0,3,29.85,61.0,66.0,66.0,47.0,63.0,1441,77.53,35302322126770
3242.0,0,30.49,61.0,62.0,62.0,46.0,62.0,1367,75.32,67898311301147
3242.0,1,27.20,58.0,62.0,62.0,44.0,59.0,1272,71.82,38891654837219
3243.0,2,26.54,61.0,66.0,66.0,46.0,63.0,1420,71.28,34947110441406
3243.0,3,32.88,60.0,66.0,66.0,46.0,62.0,1409,77.36,35302759975158
3248.0,0,30.01,60.0,64.0,64.0,45.0,62.0,1356,74.93,67898736155273
3248.0,1,27.93,57.0,62.0,60.0,43.0,58.0,1294,70.37,38892053814086
3248.0,2,27.46,60.0,64.0,64.0,46.0,62.0,1421,68.18,34947497024475
3248.0,3,29.20,61.0,64.0,64.0,47.0,63.0,1452,75.81,35303189792480
3254.0,0,30.28,61.0,62.0,62.0,46.0,62.0,1337,74.58,67899158303466
3254.0,1,26.73,59.0,62.0,62.0,44.0,59.0,1250,70.68,38892453856628
3254.0,2,27.13,61.0,66.0,66.0,46.0,63.0,1430,68.96,34947887366210
3254.0,3,30.25,61.0,66.0,66.0,46.0,63.0,1452,77.67,35303629425537
3259.0,0,32.20,61.0,62.0,62.0,46.0,62.0,1313,75.51,67899586425048
3259.0,1,26.37,58.0,62.0,62.0,44.0,59.0,1303,70.79,38892855257324
3260.0,2,26.25,60.0,64.0,66.0,46.0,62.0,1430,69.65,34948282275390
3260.0,3,29.41,61.0,66.0,66.0,47.0,63.0,1440,76.40,35304062639404
3265.0,0,30.38,60.0,62.0,62.0,46.0,62.0,1323,74.99,67900011605590
3265.0,1,26.05,57.0,60.0,62.0,43.0,58.0,1302,69.90,38893251580993
3265.0,2,27.25,60.0,64.0,64.0,46.0,62.0,1419,68.11,34948668473449
3265.0,3,29.71,61.0,66.0,66.0,47.0,63.0,1441,76.28,35304495131591
3271.0,0,30.57,59.0,60.0,62.0,45.0,62.0,1430,74.71,67900435200134
3271.0,1,26.77,57.0,62.0,62.0,43.0,58.0,1303,70.31,38893649556152
3271.0,2,27.35,60.0,64.0,64.0,46.0,61.0,1419,68.35,34949055332763
3271.0,3,29.73,62.0,66.0,64.0,47.0,63.0,1450,76.47,35304928726684
3276.0,0,30.23,59.0,60.0,62.0,45.0,62.0,1335,75.09,67900860227416
3276.0,1,26.93,57.0,62.0,62.0,44.0,59.0,1271,70.16,38894047374145
3277.0,2,27.03,61.0,66.0,64.0,46.0,63.0,1356,68.87,34949445830749
3277.0,3,29.22,63.0,66.0,66.0,47.0,64.0,1378,77.66,35305368283935
3282.0,0,29.88,60.0,62.0,62.0,46.0,62.0,1420,75.37,67901286794433
3282.0,1,27.01,59.0,62.0,62.0,44.0,59.0,1230,70.91,38894448727355
3282.0,2,26.97,61.0,66.0,66.0,46.0,63.0,1410,69.06,34949836683593
3282.0,3,29.08,62.0,66.0,66.0,47.0,63.0,1367,76.88,35305803422729
3288.0,0,29.51,61.0,62.0,62.0,46.0,63.0,1378,75.19,67901713133361
3288.0,1,26.82,58.0,62.0,62.0,44.0,59.0,1313,70.41,38894847969543
3288.0,2,27.08,61.0,66.0,66.0,46.0,63.0,1430,68.42,34950224617126
3288.0,3,29.43,62.0,66.0,66.0,47.0,63.0,1440,76.84,35306239131958
3293.0,0,29.82,60.0,62.0,62.0,46.0,63.0,1303,73.90,67902131428894
3293.0,1,26.24,59.0,62.0,62.0,44.0,59.0,1303,69.97,38895244010681
3294.0,2,27.12,61.0,66.0,66.0,46.0,62.0,1398,68.60,34950613570373
3294.0,3,28.73,62.0,66.0,66.0,47.0,63.0,1440,76.52,35306672987731
3299.0,0,30.24,61.0,62.0,62.0,46.0,62.0,1365,74.89,67902556067199
3299.0,1,27.03,58.0,62.0,62.0,44.0,59.0,1270,70.30,38895642592468
3299.0,2,26.63,61.0,66.0,66.0,46.0,63.0,1387,68.41,34951001439819
3299.0,3,29.34,62.0,66.0,66.0,47.0,63.0,1429,76.86,35307108810363
3305.0,0,29.95,61.0,62.0,62.0,46.0,62.0,1409,75.12,67902981995788
3305.0,1,26.49,58.0,62.0,62.0,44.0,59.0,1303,70.22,38896040730712
3305.0,2,26.62,61.0,66.0,66.0,46.0,62.0,1431,68.25,34951387740112
3305.0,3,29.84,62.0,66.0,66.0,47.0,63.0,1420,76.76,35307543288940
3310.0,0,29.98,61.0,62.0,62.0,46.0,63.0,1314,74.27,67903402381958
3310.0,1,26.72,58.0,62.0,62.0,44.0,59.0,1303,69.86,38896436124572
3311.0,2,27.02,61.0,66.0,66.0,46.0,63.0,1419,68.22,34951774535278
3311.0,3,28.81,62.0,66.0,66.0,47.0,63.0,1441,76.68,35307978078735
3316.0,0,29.91,61.0,62.0,62.0,46.0,63.0,1386,75.28,67903829214904
3316.0,1,27.42,58.0,62.0,62.0,44.0,59.0,1280,70.01,38896833083923
3316.0,2,27.50,60.0,64.0,66.0,46.0,61.0,1367,68.15,34952160286804
3316.0,3,29.20,62.0,66.0,66.0,47.0,63.0,1419,76.50,35308411067932
3322.0,0,28.61,61.0,62.0,62.0,46.0,63.0,1410,74.54,67904251130676
3322.0,1,26.69,58.0,62.0,62.0,44.0,59.0,1262,70.45,38897232552978
3322.0,2,27.10,60.0,64.0,66.0,46.0,62.0,1431,68.10,34952546410705
3322.0,3,29.98,62.0,66.0,66.0,47.0,63.0,1388,76.08,35308842432617
3327.0,0,29.85,61.0,62.0,62.0,46.0,63.0,1366,74.49,67904673516174
3327.0,1,27.27,58.0,62.0,62.0,44.0,59.0,1292,69.92,38897628298156
3328.0,2,27.38,60.0,64.0,66.0,46.0,62.0,1398,68.35,34952933952941
3328.0,3,29.01,62.0,66.0,66.0,47.0,64.0,1461,76.57,35309275820983
3333.0,0,30.80,61.0,62.0,62.0,46.0,63.0,1334,74.04,67905093306762
3333.0,1,26.81,58.0,62.0,62.0,43.0,58.0,1292,69.70,38898023472351
3333.0,2,26.88,60.0,64.0,64.0,46.0,61.0,1419,68.94,34953324180480
3333.0,3,29.52,62.0,66.0,66.0,47.0,63.0,1472,76.40,35309709008789
3339.0,0,30.68,60.0,62.0,62.0,46.0,63.0,1344,74.37,67905515003845
3339.0,1,24.51,57.0,62.0,62.0,43.0,58.0,1292,70.12,38898421030456
3339.0,2,27.42,60.0,64.0,64.0,46.0,62.0,1386,68.36,34953711756958
3339.0,3,30.12,62.0,66.0,66.0,47.0,63.0,1439,76.20,35310141813537
3344.0,0,30.32,59.0,62.0,62.0,45.0,62.0,1398,74.70,67905938564636
3344.0,1,27.48,57.0,62.0,62.0,43.0,58.0,1292,70.25,38898819338378
3345.0,2,27.16,60.0,64.0,64.0,46.0,61.0,1429,68.57,34954100540100
3345.0,3,29.22,61.0,64.0,66.0,47.0,63.0,1387,76.94,35310577302978
3350.0,0,30.14,59.0,60.0,62.0,45.0,62.0,1375,75.02,67906363946166
3350.0,1,26.72,57.0,62.0,62.0,43.0,58.0,1292,70.17,38899217228393
3350.0,2,27.87,60.0,64.0,64.0,46.0,62.0,1419,68.57,34954489346984
3350.0,3,29.27,63.0,66.0,66.0,47.0,64.0,1493,77.11,35311014509033
3356.0,0,30.15,59.0,60.0,62.0,45.0,62.0,1345,74.42,67906785913513
3356.0,1,27.34,57.0,62.0,62.0,43.0,58.0,1291,69.85,38899613251953
3356.0,2,26.90,61.0,66.0,64.0,46.0,62.0,1407,68.71,34954879647460
3356.0,3,28.42,63.0,66.0,66.0,47.0,64.0,1482,76.97,35311450914367
3361.0,0,30.82,59.0,62.0,62.0,45.0,61.0,1367,74.75,67907208977905
3361.0,1,27.33,56.0,62.0,62.0,43.0,58.0,1293,70.01,38900009520263
3362.0,2,27.04,60.0,66.0,64.0,46.0,62.0,1400,68.58,34955267126281
3362.0,3,27.61,63.0,66.0,64.0,47.0,64.0,1452,76.64,35311885465454
3367.0,0,30.88,59.0,60.0,62.0,45.0,61.0,1376,74.17,67907630245422
3367.0,1,27.23,57.0,62.0,62.0,43.0,58.0,1292,70.12,38900407123291
3367.0,2,26.40,60.0,64.0,64.0,46.0,62.0,1408,68.43,34955655141723
3367.0,3,26.90,63.0,66.0,64.0,47.0,64.0,1429,76.72,35312320476745
3373.0,0,30.39,59.0,62.0,62.0,45.0,61.0,1335,75.01,67908054789428
3373.0,1,27.52,56.0,60.0,62.0,43.0,58.0,1260,69.93,38900803610168
3373.0,2,27.24,61.0,66.0,64.0,46.0,62.0,1408,68.86,34956045580993
3373.0,3,28.41,63.0,66.0,66.0,47.0,64.0,1483,77.22,35312758341430
3378.0,0,30.85,59.0,62.0,62.0,45.0,61.0,1366,74.08,67908474850463
3378.0,1,27.64,57.0,62.0,62.0,43.0,58.0,1292,70.06,38901200854797
3379.0,2,25.38,59.0,64.0,64.0,46.0,62.0,1366,68.56,34956434330139
3379.0,3,28.44,62.0,66.0,64.0,47.0,64.0,1439,75.98,35313189158325
3384.0,0,30.83,59.0,62.0,62.0,45.0,61.0,1365,74.03,67908895348754
3384.0,1,27.74,57.0,62.0,62.0,43.0,58.0,1291,69.96,38901598203125
3384.0,2,25.56,60.0,64.0,64.0,46.0,61.0,1418,68.72,34956824643676
3384.0,3,30.03,62.0,66.0,64.0,47.0,63.0,1418,76.43,35313622532897
3390.0,0,30.61,60.0,60.0,64.0,45.0,61.0,1312,73.99,67909314862976
3390.0,1,27.84,57.0,62.0,62.0,43.0,58.0,1291,69.97,38901994935180
3390.0,2,24.26,60.0,64.0,64.0,46.0,61.0,1407,68.49,34957212989990
3390.0,3,30.06,61.0,64.0,64.0,47.0,63.0,1471,76.35,35314055434020
3395.0,0,31.25,60.0,62.0,62.0,45.0,62.0,1366,74.35,67909736412109
3395.0,1,27.10,57.0,62.0,60.0,43.0,58.0,1281,70.13,38902392598876
3396.0,2,25.31,60.0,64.0,64.0,46.0,62.0,1376,69.04,34957604462585
3396.0,3,29.89,61.0,64.0,66.0,47.0,63.0,1430,76.55,35314489473693
3401.0,0,31.26,60.0,62.0,62.0,45.0,62.0,1386,74.46,67910158609191
3401.0,1,25.18,57.0,62.0,62.0,43.0,58.0,1301,70.45,38902792030822
3401.0,2,25.46,60.0,64.0,64.0,46.0,62.0,1417,69.03,34957995871887
3401.0,3,30.55,62.0,66.0,66.0,47.0,63.0,1449,76.40,35314923415466
3407.0,0,31.04,60.0,62.0,62.0,46.0,62.0,1344,74.49,67910580946166
3407.0,1,24.54,57.0,62.0,62.0,43.0,58.0,1291,70.49,38903191694274
3407.0,2,27.68,60.0,64.0,64.0,46.0,62.0,1387,68.73,34958385553588
3407.0,3,29.80,62.0,66.0,66.0,47.0,63.0,1430,76.61,35315357044128
3412.0,0,29.90,61.0,62.0,62.0,46.0,63.0,1367,74.44,67911003024475
3412.0,1,26.23,58.0,62.0,62.0,43.0,57.0,1293,70.17,38903589578613
3413.0,2,27.82,60.0,64.0,64.0,46.0,62.0,1430,68.74,34958775291870
3413.0,3,30.26,62.0,66.0,66.0,47.0,63.0,1430,76.38,35315790136535
3418.0,0,30.34,60.0,62.0,62.0,46.0,62.0,1325,74.47,67911424549743
3418.0,1,25.38,56.0,60.0,62.0,43.0,58.0,1303,70.41,38903988073791
3418.0,2,27.78,60.0,64.0,64.0,46.0,62.0,1419,68.88,34959165157714
3418.0,3,29.87,62.0,66.0,66.0,47.0,63.0,1483,76.53,35316223304809
3424.0,0,30.04,61.0,62.0,62.0,46.0,62.0,1355,74.43,67911846575012
3424.0,1,25.83,56.0,60.0,62.0,43.0,58.0,1270,70.21,38904386163452
3424.0,2,27.80,60.0,64.0,64.0,46.0,62.0,1376,68.71,34959554756774
3424.0,3,30.29,62.0,64.0,64.0,47.0,63.0,1440,76.41,35316656534057
3429.0,0,28.18,61.0,62.0,62.0,46.0,63.0,1375,74.63,67912269741760
3429.0,1,26.14,58.0,62.0,62.0,44.0,59.0,1290,70.43,38904786229736
3430.0,2,27.78,59.0,64.0,66.0,46.0,61.0,1438,68.90,34959946090270
3430.0,3,29.69,62.0,66.0,66.0,47.0,63.0,1428,76.38,35317090382629
3435.0,0,29.16,61.0,62.0,62.0,46.0,63.0,1333,74.69,67912693957153
3435.0,1,27.82,58.0,62.0,62.0,44.0,59.0,1290,70.39,38905185327331
3435.0,2,27.78,60.0,64.0,66.0,46.0,62.0,1417,68.96,34960337112060
3435.0,3,29.82,62.0,66.0,66.0,47.0,63.0,1481,76.91,35317526483642
3441.0,0,28.70,61.0,62.0,62.0,46.0,62.0,1386,74.48,67913116243469
3441.0,1,27.46,58.0,62.0,62.0,44.0,58.0,1259,70.01,38905582988220
3441.0,2,27.95,60.0,64.0,64.0,46.0,61.0,1418,68.78,34960727763916
3441.0,3,29.80,62.0,66.0,66.0,47.0,63.0,1386,76.28,35317958977478
3446.0,0,29.94,60.0,62.0,62.0,46.0,62.0,1367,74.22,67913537079589
3447.0,1,26.66,57.0,60.0,62.0,43.0,58.0,1304,70.66,38905982905273
3447.0,2,27.39,60.0,64.0,64.0,46.0,61.0,1420,68.43,34961115084106
3447.0,3,28.91,62.0,66.0,66.0,47.0,64.0,1462,76.23,35318391178894
3452.0,0,30.95,60.0,62.0,62.0,45.0,62.0,1388,74.14,67913957460205
3452.0,1,27.70,57.0,60.0,60.0,43.0,58.0,1303,70.02,38906379932922
3452.0,2,25.12,60.0,64.0,64.0,46.0,62.0,1366,68.96,34961506080688
3452.0,3,30.29,61.0,64.0,66.0,47.0,63.0,1481,76.28,35318823658935
3458.0,0,30.04,59.0,62.0,64.0,45.0,61.0,1344,74.77,67914381404541
3458.0,1,26.83,57.0,60.0,60.0,43.0,58.0,1301,69.95,38906776534423
3458.0,2,28.70,61.0,66.0,64.0,46.0,62.0,1397,68.67,34961895461486
3458.0,3,28.88,63.0,66.0,66.0,47.0,64.0,1450,77.52,35319263199951
3463.0,0,29.79,60.0,62.0,62.0,46.0,62.0,1356,75.29,67914807541931
3464.0,1,27.03,58.0,62.0,60.0,44.0,59.0,1303,70.64,38907176379699
3464.0,2,27.64,61.0,66.0,66.0,46.0,62.0,1356,69.74,34962290914855
3464.0,3,28.69,62.0,66.0,66.0,47.0,63.0,1389,77.03,35319699176513
3469.0,0,30.19,61.0,62.0,62.0,46.0,63.0,1388,75.98,67915238373168
3469.0,1,27.64,58.0,62.0,62.0,44.0,59.0,1229,70.22,38907574546936
3469.0,2,27.78,60.0,64.0,66.0,46.0,62.0,1399,68.67,34962679581176
3469.0,3,29.36,62.0,66.0,66.0,47.0,63.0,1399,76.25,35320131522644
3475.0,0,10.56,59.0,60.0,60.0,45.0,61.0,1366,73.36,67915653582824
3475.0,1,19.71,57.0,62.0,62.0,43.0,58.0,1271,68.66,38907963847290
3475.0,2,28.59,60.0,64.0,64.0,46.0,62.0,1417,65.08,34963048576599
3475.0,3,28.11,62.0,66.0,66.0,47.0,63.0,1447,67.98,35320517631408
3480.0,0,27.23,60.0,64.0,64.0,45.0,62.0,1352,76.32,67916087824401
3481.0,1,22.57,57.0,62.0,62.0,43.0,58.0,1279,71.97,38908372635437
3481.0,2,15.12,62.0,66.0,66.0,46.0,64.0,1429,68.40,34963437092712
3481.0,3,1.62,64.0,66.0,66.0,48.0,64.0,1462,72.89,35320930172851
3486.0,0,15.90,59.0,60.0,60.0,45.0,61.0,1401,76.20,67916519102416
3486.0,1,24.12,57.0,62.0,62.0,44.0,59.0,1314,71.41,38908776837097
3486.0,2,25.95,60.0,64.0,64.0,46.0,62.0,1431,69.30,34963829309143
3486.0,3,24.56,61.0,64.0,64.0,47.0,63.0,1504,69.99,35321327018981
3492.0,0,25.35,60.0,64.0,64.0,45.0,62.0,1387,75.14,67916944401611
3492.0,1,21.10,57.0,62.0,62.0,43.0,58.0,1302,70.65,38909177397277
3492.0,2,19.93,60.0,66.0,66.0,46.0,62.0,1440,68.47,34964217542541
3492.0,3,19.15,62.0,66.0,66.0,46.0,63.0,1493,68.03,35321712756835
3497.0,0,26.27,59.0,64.0,64.0,45.0,62.0,1397,76.53,67917379116455
3498.0,1,21.52,57.0,62.0,62.0,43.0,58.0,1302,72.93,38909590936523
3498.0,2,20.43,60.0,66.0,66.0,46.0,62.0,1417,71.03,34964620257995
3498.0,3,14.12,64.0,66.0,66.0,47.0,64.0,1428,71.64,35322118975036
3503.0,0,22.50,60.0,62.0,62.0,45.0,62.0,1418,77.34,67917817646179
3503.0,1,17.94,58.0,62.0,62.0,44.0,59.0,1313,72.75,38910003436462
3503.0,2,21.93,59.0,66.0,66.0,46.0,61.0,1420,69.85,34965016312133
3503.0,3,20.55,61.0,64.0,64.0,46.0,62.0,1474,70.22,35322516420410
3509.0,0,28.01,60.0,64.0,64.0,45.0,62.0,1400,75.89,67918247208007
3509.0,1,17.67,59.0,62.0,62.0,44.0,60.0,1325,72.65,38910414646179
3509.0,2,0.00,63.0,66.0,66.0,47.0,64.0,1409,70.64,34965416114379
3509.0,3,7.60,63.0,64.0,64.0,47.0,63.0,1451,65.01,35322885050292
3514.0,0,30.80,62.0,64.0,64.0,46.0,64.0,1418,74.90,67918671879760
3515.0,1,12.75,59.0,62.0,62.0,44.0,60.0,1312,67.37,38910796656250
3515.0,2,13.07,60.0,64.0,64.0,46.0,62.0,1451,64.10,34965779540466
3515.0,3,12.91,61.0,64.0,64.0,46.0,62.0,1460,68.77,35323274951599
3520.0,0,27.05,60.0,64.0,64.0,45.0,62.0,1419,74.11,67919092072692
3520.0,1,21.32,58.0,62.0,62.0,44.0,59.0,1323,76.29,38911229213378
3520.0,2,9.48,62.0,66.0,66.0,46.0,64.0,1407,76.40,34966212704162
3520.0,3,10.52,64.0,66.0,66.0,47.0,64.0,1460,76.05,35323706149658
3526.0,0,4.43,62.0,62.0,64.0,46.0,64.0,1397,74.34,67919513575317
3526.0,1,6.77,57.0,62.0,62.0,43.0,58.0,1323,67.53,38911612115051
3526.0,2,20.71,60.0,66.0,66.0,46.0,62.0,1407,63.97,34966575409973
3526.0,3,19.99,61.0,66.0,66.0,46.0,62.0,1460,64.35,35324071641601
3531.0,0,12.77,60.0,62.0,62.0,45.0,62.0,1417,73.45,67919930037536
3532.0,1,10.90,57.0,62.0,62.0,44.0,58.0,1301,73.15,38912027593811
3532.0,2,23.03,60.0,66.0,66.0,46.0,62.0,1438,69.27,34966968856445
3532.0,3,29.67,61.0,64.0,64.0,46.0,62.0,1449,68.12,35324457870727
3537.0,0,19.96,61.0,64.0,64.0,46.0,64.0,1395,84.08,67920407592407
3537.0,1,7.89,60.0,62.0,62.0,44.0,60.0,1332,74.07,38912447569824
3537.0,2,20.16,60.0,66.0,66.0,46.0,61.0,1428,67.89,34967353789062
3538.0,3,19.47,61.0,66.0,66.0,46.0,62.0,1459,68.12,35324844783264
3543.0,0,11.80,59.0,62.0,62.0,45.0,61.0,1417,70.27,67920806753601
3543.0,1,27.52,57.0,62.0,62.0,43.0,58.0,1312,71.09,38912851345397
3543.0,2,25.71,60.0,66.0,66.0,46.0,61.0,1428,71.19,34967758175598
3543.0,3,24.98,61.0,64.0,64.0,46.0,62.0,1429,71.37,35325249430786
3548.0,0,13.61,59.0,64.0,64.0,45.0,62.0,1406,79.29,67921256354858
3549.0,1,25.83,57.0,62.0,62.0,44.0,58.0,1322,72.97,38913265093688
3549.0,2,29.88,61.0,66.0,66.0,46.0,62.0,1427,69.81,34968154698364
3549.0,3,23.81,63.0,66.0,66.0,46.0,63.0,1438,70.01,35325647113098
3554.0,0,24.70,59.0,64.0,64.0,45.0,61.0,1353,74.51,67921679593078
3554.0,1,20.88,58.0,64.0,64.0,43.0,59.0,1311,71.08,38913668818847
3554.0,2,19.88,61.0,66.0,66.0,46.0,62.0,1416,69.56,34968549792785
3555.0,3,7.69,64.0,64.0,64.0,47.0,64.0,1437,70.56,35326047896362
3560.0,0,15.15,61.0,62.0,62.0,46.0,63.0,1353,73.97,67922099715332
3560.0,1,10.64,58.0,62.0,62.0,44.0,59.0,1322,70.72,38914070514648
3560.0,2,16.41,61.0,64.0,64.0,46.0,62.0,1418,67.75,34968933954345
3560.0,3,15.43,60.0,64.0,64.0,46.0,62.0,1484,67.97,35326432634521
3565.0,0,26.27,59.0,62.0,62.0,45.0,62.0,1356,76.06,67922530241149
3566.0,1,1.83,60.0,62.0,62.0,44.0,60.0,1303,73.04,38914483927612
3566.0,2,6.26,61.0,64.0,66.0,46.0,63.0,1398,65.17,34969302831542
3566.0,3,19.77,61.0,64.0,64.0,45.0,62.0,1450,63.35,35326791806335
3571.0,0,32.86,59.0,62.0,62.0,45.0,62.0,1366,68.62,67922919331420
3571.0,1,27.75,57.0,62.0,60.0,44.0,59.0,1303,67.96,38914869248291
3571.0,2,25.85,60.0,64.0,64.0,46.0,62.0,1387,72.34,34969712982238
3572.0,3,27.37,61.0,64.0,64.0,46.0,62.0,1398,76.66,35327226476196
3577.0,0,33.06,60.0,62.0,62.0,45.0,62.0,1345,72.78,67923331292724
3577.0,1,26.25,57.0,60.0,62.0,43.0,58.0,1314,69.78,38915264909851
3577.0,2,26.90,60.0,64.0,64.0,46.0,62.0,1409,67.83,34970097580993
3577.0,3,26.65,61.0,64.0,64.0,46.0,62.0,1420,74.18,35327647051574
3582.0,0,30.20,60.0,62.0,62.0,46.0,62.0,1367,73.42,67923747566162
3583.0,1,27.77,58.0,62.0,62.0,43.0,58.0,1293,69.49,38915658231689
3583.0,2,26.99,59.0,64.0,64.0,46.0,61.0,1378,67.85,34970481617004
3583.0,3,29.64,61.0,64.0,64.0,46.0,62.0,1409,73.48,35328062974243
3588.0,0,27.59,60.0,62.0,62.0,45.0,62.0,1343,72.94,67924161136413
3588.0,1,26.63,56.0,60.0,62.0,43.0,58.0,1280,69.03,38916049623779
3588.0,2,29.49,61.0,66.0,64.0,46.0,62.0,1354,67.57,34970865436706
3589.0,3,30.96,61.0,64.0,64.0,46.0,62.0,1407,73.63,35328481193420
3594.0,0,31.20,60.0,62.0,62.0,45.0,62.0,1334,73.15,67924575886108
3594.0,1,26.58,57.0,62.0,62.0,43.0,58.0,1270,69.61,38916444305908
3594.0,2,27.47,60.0,64.0,64.0,46.0,62.0,1376,68.05,34971250594482
3594.0,3,28.11,61.0,64.0,64.0,46.0,62.0,1439,72.92,35328894665771
3599.0,0,30.02,60.0,62.0,62.0,46.0,62.0,1366,73.52,67924992761291
3600.0,1,27.38,58.0,62.0,62.0,43.0,59.0,1313,69.61,38916838984252
3600.0,2,26.81,60.0,64.0,66.0,46.0,62.0,1409,68.17,34971637127136
3600.0,3,29.68,60.0,64.0,64.0,46.0,62.0,1429,73.59,35329311202514
3605.0,0,26.97,60.0,62.0,62.0,45.0,62.0,1366,73.10,67925407239746
3605.0,1,26.96,57.0,62.0,62.0,43.0,58.0,1292,68.84,38917229278808
3605.0,2,28.49,60.0,64.0,64.0,46.0,62.0,1388,66.96,34972016799133
3606.0,3,28.97,62.0,66.0,64.0,46.0,63.0,1400,73.59,35329728485961
3611.0,0,31.83,60.0,62.0,62.0,46.0,62.0,1356,73.23,67925821728881
3611.0,1,26.53,56.0,60.0,62.0,43.0,58.0,1313,69.46,38917623103637
3611.0,2,27.28,60.0,64.0,64.0,46.0,62.0,1397,67.94,34972402015441
3611.0,3,27.83,61.0,64.0,64.0,46.0,62.0,1450,73.69,35330146323425
3616.0,0,28.74,60.0,62.0,62.0,45.0,61.0,1366,72.80,67926234507690
3617.0,1,24.80,57.0,62.0,62.0,44.0,59.0,1270,69.01,38918014394287
3617.0,2,28.86,61.0,66.0,64.0,46.0,62.0,1355,67.77,34972786279357
3617.0,3,30.53,61.0,64.0,64.0,46.0,62.0,1440,73.68,35330564071105
3622.0,0,30.85,59.0,60.0,62.0,45.0,61.0,1366,73.25,67926649809936
3622.0,1,27.66,57.0,62.0,60.0,43.0,58.0,1271,69.56,38918408785095
3622.0,2,26.55,60.0,64.0,64.0,46.0,62.0,1377,67.61,34973169622436
3623.0,3,27.22,61.0,64.0,64.0,46.0,62.0,1439,72.82,35330976981384
3628.0,0,30.39,60.0,62.0,62.0,45.0,62.0,1385,73.64,67927068094848
3628.0,1,27.60,58.0,62.0,62.0,43.0,59.0,1290,69.16,38918800945800
3628.0,2,27.34,60.0,64.0,64.0,46.0,61.0,1385,67.74,34973553733093
3628.0,3,28.45,61.0,64.0,64.0,46.0,62.0,1427,74.26,35331398757141
3633.0,0,27.60,60.0,62.0,62.0,45.0,61.0,1354,73.26,67927483488952
3634.0,1,26.85,57.0,62.0,62.0,43.0,58.0,1312,68.92,38919192386596
3634.0,2,29.11,60.0,66.0,64.0,46.0,62.0,1407,67.24,34973935635986
3634.0,3,29.45,61.0,66.0,66.0,46.0,63.0,1439,73.38,35331814833374
3639.0,0,30.31,60.0,62.0,62.0,45.0,62.0,1355,73.02,67927897527893
3639.0,1,26.65,56.0,60.0,62.0,43.0,58.0,1249,69.51,38919586487976
3639.0,2,27.18,60.0,64.0,64.0,46.0,62.0,1354,67.93,34974320811035
3640.0,3,27.69,61.0,64.0,64.0,46.0,62.0,1418,73.22,35332229981445
3645.0,0,28.05,60.0,62.0,62.0,45.0,61.0,1354,72.80,67928311043518
3645.0,1,24.61,56.0,60.0,62.0,43.0,58.0,1239,69.30,38919979408996
3645.0,2,28.95,61.0,66.0,64.0,46.0,62.0,1388,67.74,34974704902221
3645.0,3,30.85,61.0,64.0,64.0,47.0,63.0,1430,73.83,35332648605102
3650.0,0,28.59,60.0,62.0,62.0,45.0,62.0,1377,73.77,67928728594848
3651.0,1,27.64,58.0,62.0,62.0,43.0,59.0,1270,69.48,38920373333679
3651.0,2,27.88,60.0,64.0,64.0,46.0,62.0,1376,67.23,34975086072570
3651.0,3,27.95,61.0,64.0,64.0,46.0,62.0,1450,73.54,35333065580261
3656.0,0,30.56,59.0,60.0,62.0,45.0,61.0,1345,72.40,67929139099914
3656.0,1,28.70,57.0,62.0,62.0,43.0,58.0,1270,69.00,38920764579956
3656.0,2,25.97,60.0,64.0,64.0,46.0,62.0,1355,67.65,34975469663330
3657.0,3,25.46,61.0,64.0,64.0,46.0,62.0,1429,73.16,35333480373352
3662.0,0,29.91,60.0,62.0,62.0,45.0,61.0,1333,72.84,67929552826110
3662.0,1,25.29,58.0,62.0,62.0,44.0,59.0,1302,69.43,38921158228027
3662.0,2,27.58,61.0,66.0,66.0,46.0,62.0,1407,68.11,34975855859680
3662.0,3,30.59,61.0,64.0,66.0,46.0,63.0,1439,74.39,35333902153869
3667.0,0,31.38,59.0,62.0,62.0,45.0,61.0,1334,73.06,67929966363830
3668.0,1,26.81,57.0,62.0,60.0,43.0,58.0,1302,69.54,38921552528015
3668.0,2,25.99,60.0,64.0,64.0,46.0,62.0,1397,67.62,34976239244995
3668.0,3,27.35,61.0,64.0,64.0,46.0,62.0,1439,72.89,35334315461181
3673.0,0,30.41,60.0,60.0,62.0,45.0,61.0,1344,72.73,67930379446960
3673.0,1,25.11,58.0,62.0,62.0,44.0,59.0,1270,69.64,38921947380432
3673.0,2,26.94,61.0,66.0,64.0,46.0,63.0,1323,68.04,34976625045166
3674.0,3,31.05,61.0,64.0,66.0,46.0,62.0,1428,74.06,35334735401123
3679.0,0,30.70,60.0,62.0,62.0,46.0,62.0,1340,73.35,67930796097656
3679.0,1,25.01,56.0,60.0,62.0,43.0,58.0,1267,69.61,38922343457031
3679.0,2,27.20,60.0,64.0,64.0,46.0,62.0,1383,67.24,34977007665588
3679.0,3,27.77,61.0,64.0,64.0,46.0,62.0,1437,72.85,35335149936767
3685.0,0,27.05,60.0,62.0,62.0,45.0,62.0,1335,73.25,67931211412170
3685.0,1,26.17,57.0,62.0,62.0,43.0,58.0,1314,69.19,38922735057373
3685.0,2,29.00,59.0,64.0,64.0,46.0,62.0,1410,66.88,34977386219848
3685.0,3,29.03,62.0,66.0,64.0,47.0,63.0,1441,73.25,35335564513732
3690.0,0,29.14,60.0,62.0,62.0,45.0,62.0,1324,73.53,67931627568603
3690.0,1,26.78,57.0,62.0,62.0,43.0,59.0,1302,69.26,38923127761047
3690.0,2,26.75,60.0,64.0,64.0,46.0,62.0,1366,68.50,34977773924438
3691.0,3,27.55,61.0,64.0,64.0,46.0,62.0,1441,73.32,35335980250488
3696.0,0,30.97,59.0,60.0,62.0,45.0,61.0,1365,71.90,67932035956604
3696.0,1,28.54,57.0,62.0,60.0,43.0,58.0,1292,69.26,38923520488586
3696.0,2,27.05,60.0,64.0,64.0,46.0,62.0,1386,67.51,34978157388854
3696.0,3,25.27,61.0,64.0,64.0,46.0,62.0,1449,72.85,35336393305419
3702.0,0,30.36,60.0,62.0,62.0,46.0,62.0,1375,72.85,67932448999694
3702.0,1,28.14,58.0,62.0,62.0,43.0,59.0,1279,69.23,38923913043640
3702.0,2,25.21,60.0,64.0,66.0,46.0,62.0,1407,68.18,34978543943115
3702.0,3,28.59,61.0,64.0,64.0,46.0,62.0,1439,73.81,35336811834350
3707.0,0,31.14,59.0,60.0,62.0,45.0,61.0,1345,72.58,67932860531860
3707.0,1,28.35,57.0,62.0,60.0,43.0,58.0,1313,68.80,38924303139221
3707.0,2,27.10,60.0,64.0,64.0,46.0,62.0,1366,67.64,34978927469055
3708.0,3,25.57,61.0,64.0,64.0,46.0,62.0,1439,72.80,35337224608337
3713.0,0,30.01,60.0,62.0,62.0,45.0,62.0,1354,73.52,67933277400024
3713.0,1,27.54,57.0,62.0,62.0,43.0,59.0,1259,69.38,38924697207092
3713.0,2,28.33,60.0,64.0,66.0,46.0,61.0,1407,67.84,34979312789916
3713.0,3,27.34,61.0,64.0,64.0,46.0,62.0,1439,73.95,35337644671264
3719.0,0,29.01,59.0,62.0,60.0,45.0,62.0,1376,72.38,67933687773925
3719.0,1,28.46,57.0,62.0,62.0,43.0,58.0,1279,69.18,38925089453063
3719.0,2,28.53,60.0,64.0,64.0,46.0,62.0,1363,67.80,34979697231445
3719.0,3,26.27,61.0,64.0,64.0,46.0,63.0,1427,73.35,35338061294189
3724.0,0,29.67,60.0,62.0,62.0,46.0,62.0,1353,73.65,67934106082214
3724.0,1,27.04,58.0,62.0,62.0,43.0,59.0,1271,69.55,38925483794372
3725.0,2,27.82,60.0,64.0,64.0,46.0,61.0,1367,68.25,34980084191711
3725.0,3,27.05,61.0,64.0,64.0,47.0,62.0,1409,74.41,35338482475219
3730.0,0,28.20,60.0,62.0,62.0,45.0,62.0,1378,72.89,67934519343200
3730.0,1,28.42,57.0,62.0,62.0,43.0,58.0,1250,69.03,38925875170776
3730.0,2,28.80,60.0,64.0,64.0,46.0,62.0,1409,67.80,34980467936157
3730.0,3,26.98,62.0,64.0,64.0,47.0,63.0,1451,73.39,35338898582153
3736.0,0,30.97,60.0,62.0,62.0,46.0,62.0,1364,72.97,67934933106262
3736.0,1,27.02,57.0,60.0,62.0,43.0,58.0,1280,69.98,38926271973754
3736.0,2,26.99,59.0,64.0,64.0,46.0,61.0,1427,68.50,34980857002075
3736.0,3,27.62,61.0,64.0,64.0,46.0,62.0,1428,73.98,35339318045715
3741.0,0,27.42,60.0,62.0,62.0,45.0,62.0,1366,72.88,67935346352111
3741.0,1,27.17,57.0,62.0,62.0,43.0,58.0,1281,69.23,38926664484191
3742.0,2,29.45,61.0,66.0,64.0,46.0,62.0,1366,67.90,34981241994140
3742.0,3,29.97,62.0,64.0,66.0,46.0,63.0,1409,73.63,35339735551696
3747.0,0,31.18,60.0,62.0,62.0,45.0,62.0,1376,73.00,67935760289245
3747.0,1,25.57,57.0,60.0,62.0,43.0,58.0,1270,69.79,38927060217529
3747.0,2,28.07,60.0,66.0,64.0,46.0,62.0,1408,68.51,34981630470947
3747.0,3,27.76,61.0,64.0,64.0,46.0,62.0,1429,72.81,35340148376403
3753.0,0,29.36,60.0,62.0,62.0,45.0,61.0,1335,72.47,67936171169799
3753.0,1,24.74,57.0,62.0,62.0,44.0,59.0,1303,69.56,38927454600036
3753.0,2,28.35,61.0,66.0,64.0,46.0,62.0,1429,68.18,34982017024780
3753.0,3,30.03,61.0,64.0,64.0,46.0,63.0,1439,73.67,35340566062255
3758.0,0,31.73,59.0,62.0,62.0,45.0,62.0,1355,72.83,67936584108581
3758.0,1,26.75,56.0,60.0,62.0,43.0,58.0,1281,69.62,38927849362670
3759.0,2,25.92,60.0,64.0,64.0,46.0,62.0,1356,68.09,34982403080993
3759.0,3,27.98,61.0,64.0,64.0,46.0,62.0,1419,73.04,35340980215209
3764.0,0,29.64,60.0,62.0,62.0,45.0,61.0,1366,72.85,67936997188049
3764.0,1,24.69,57.0,62.0,62.0,44.0,59.0,1260,69.45,38928243157409
3764.0,2,27.20,61.0,66.0,64.0,46.0,62.0,1387,68.26,34982790095397
3764.0,3,30.54,61.0,66.0,66.0,46.0,63.0,1408,73.75,35341398356445
3770.0,0,30.67,59.0,62.0,62.0,45.0,61.0,1335,73.26,67937411845031
3770.0,1,26.09,56.0,60.0,62.0,43.0,58.0,1272,69.74,38928637863647
3770.0,2,27.42,60.0,64.0,64.0,46.0,62.0,1367,67.97,34983174807495
3770.0,3,27.31,61.0,64.0,64.0,46.0,62.0,1409,72.79,35341810334777
3775.0,0,30.36,60.0,62.0,62.0,46.0,62.0,1345,73.20,67937826867126
3775.0,1,27.96,57.0,62.0,62.0,43.0,59.0,1302,69.79,38929033573120
3776.0,2,26.40,60.0,64.0,66.0,46.0,62.0,1387,68.26,34983561861572
3776.0,3,30.04,61.0,64.0,64.0,46.0,63.0,1419,73.51,35342227148620
3781.0,0,30.81,59.0,60.0,62.0,45.0,61.0,1367,72.65,67938238765136
3781.0,1,28.52,57.0,62.0,60.0,43.0,59.0,1239,69.09,38929425336547
3781.0,2,27.83,60.0,64.0,64.0,46.0,62.0,1399,68.00,34983947444946
3781.0,3,25.10,61.0,64.0,64.0,46.0,62.0,1451,73.18,35342642091064
3787.0,0,30.19,60.0,62.0,62.0,46.0,62.0,1354,73.06,67938653017395
3787.0,1,27.79,57.0,62.0,62.0,44.0,58.0,1290,69.61,38929820001159
3787.0,2,25.41,60.0,64.0,66.0,46.0,62.0,1426,68.79,34984338176025
3787.0,3,29.37,61.0,66.0,66.0,47.0,63.0,1426,73.94,35343062079528
3792.0,0,30.94,58.0,60.0,62.0,45.0,61.0,1374,72.44,67939064457702
3792.0,1,28.67,57.0,62.0,60.0,43.0,58.0,1290,69.03,38930212090576
3793.0,2,25.90,60.0,64.0,64.0,46.0,62.0,1376,68.33,34984725633605
3793.0,3,25.57,61.0,64.0,64.0,46.0,62.0,1429,72.96,35343475766906
3798.0,0,30.03,59.0,62.0,62.0,45.0,61.0,1375,72.75,67939477675537
3798.0,1,26.83,58.0,62.0,62.0,43.0,59.0,1258,69.40,38930606260375
3798.0,2,25.27,61.0,66.0,66.0,46.0,62.0,1385,68.53,34985114858703
3798.0,3,30.26,61.0,66.0,66.0,46.0,63.0,1428,73.79,35343894907165
3804.0,0,30.80,59.0,60.0,62.0,45.0,61.0,1376,73.23,67939892877624
3804.0,1,28.24,57.0,62.0,60.0,43.0,58.0,1260,68.94,38930997137145
3804.0,2,24.52,60.0,64.0,64.0,46.0,62.0,1398,68.54,34985503455444
3804.0,3,26.79,61.0,64.0,64.0,46.0,62.0,1440,72.80,35344307655761
3809.0,0,30.45,59.0,62.0,62.0,45.0,61.0,1345,72.78,67940305517944
3809.0,1,27.02,57.0,62.0,62.0,43.0,58.0,1303,69.83,38931392351867
3810.0,2,25.13,61.0,66.0,66.0,46.0,61.0,1376,68.80,34985893537170
3810.0,3,29.74,61.0,64.0,64.0,46.0,63.0,1438,73.73,35344725707824
3815.0,0,30.98,58.0,60.0,62.0,45.0,61.0,1321,72.82,67940718397888
3815.0,1,28.21,57.0,62.0,62.0,43.0,58.0,1289,68.77,38931782991516
3815.0,2,24.62,60.0,64.0,64.0,46.0,62.0,1416,68.42,34986281487548
3815.0,3,26.93,61.0,64.0,64.0,46.0,63.0,1429,72.74,35345138888854
3821.0,0,30.20,59.0,62.0,62.0,45.0,62.0,1333,72.53,67941130388793
3821.0,1,26.46,58.0,62.0,62.0,43.0,59.0,1312,69.90,38932180048278
3821.0,2,26.32,61.0,66.0,66.0,46.0,62.0,1427,68.43,34986670192382
3821.0,3,30.50,61.0,64.0,64.0,46.0,63.0,1438,73.78,35345557237670
3826.0,0,30.80,58.0,60.0,62.0,45.0,61.0,1344,72.82,67941543263732
3826.0,1,27.98,57.0,62.0,60.0,43.0,58.0,1260,69.10,38932571843017
3827.0,2,26.23,60.0,64.0,64.0,46.0,62.0,1367,68.09,34987056274353
3827.0,3,25.62,61.0,64.0,64.0,46.0,63.0,1419,72.69,35345969367431
3832.0,0,29.73,60.0,62.0,62.0,45.0,62.0,1377,73.27,67941958706481
3832.0,1,27.90,57.0,62.0,62.0,43.0,59.0,1281,69.25,38932964499023
3832.0,2,27.22,60.0,64.0,66.0,46.0,61.0,1377,68.37,34987443955566
3832.0,3,27.91,61.0,64.0,64.0,46.0,62.0,1419,73.56,35346386449951
3838.0,0,29.50,59.0,62.0,60.0,45.0,61.0,1345,72.14,67942367035217
3838.0,1,28.11,57.0,62.0,62.0,43.0,58.0,1260,68.97,38933355582824
3838.0,2,29.17,60.0,64.0,64.0,46.0,62.0,1397,67.76,34987828152770
3838.0,3,25.36,61.0,64.0,64.0,47.0,63.0,1450,73.19,35346801414794
3843.0,0,30.64,60.0,62.0,62.0,45.0,62.0,1334,73.21,67942782128662
3843.0,1,26.34,56.0,60.0,62.0,43.0,58.0,1293,69.51,38933748994506
3844.0,2,27.31,59.0,64.0,64.0,46.0,61.0,1378,68.15,34988213888549
3844.0,3,27.18,61.0,64.0,64.0,46.0,62.0,1420,74.13,35347220992004
3849.0,0,30.09,59.0,62.0,62.0,45.0,61.0,1366,72.25,67943191799682
3849.0,1,25.92,57.0,62.0,62.0,43.0,58.0,1281,69.71,38934144248352
3849.0,2,27.84,61.0,66.0,66.0,46.0,62.0,1398,68.68,34988603308898
3849.0,3,29.95,61.0,66.0,66.0,46.0,62.0,1430,73.48,35347637629028
3855.0,0,30.75,58.0,60.0,62.0,45.0,61.0,1367,72.58,67943603348754
3855.0,1,27.76,57.0,62.0,60.0,43.0,58.0,1250,68.95,38934535215942
3855.0,2,27.28,60.0,64.0,64.0,46.0,62.0,1408,67.99,34988988799194
3855.0,3,25.44,60.0,62.0,64.0,46.0,62.0,1439,72.41,35348048204895
3860.0,0,28.95,60.0,62.0,62.0,45.0,62.0,1342,73.24,67944019349365
3860.0,1,26.86,58.0,62.0,62.0,43.0,57.0,1268,69.49,38934929912597
3861.0,2,28.17,60.0,64.0,64.0,46.0,61.0,1407,68.22,34989376263122
3861.0,3,27.83,61.0,64.0,64.0,46.0,62.0,1429,73.87,35348467805541
3866.0,0,16.20,62.0,62.0,62.0,46.0,63.0,1377,72.78,67944431304016
3866.0,1,16.26,57.0,62.0,62.0,43.0,58.0,1271,68.06,38935315808837
3866.0,2,20.01,60.0,66.0,66.0,46.0,62.0,1375,66.42,34989752868164
3866.0,3,20.73,61.0,66.0,66.0,46.0,62.0,1439,69.61,35348862515136
3872.0,0,14.49,59.0,62.0,62.0,45.0,61.0,1363,77.08,67944869116882
3872.0,1,13.80,57.0,62.0,62.0,43.0,58.0,1269,74.99,38935741024230
3872.0,2,19.42,60.0,66.0,66.0,46.0,62.0,1416,71.94,34990161475463
3872.0,3,31.07,61.0,66.0,66.0,46.0,62.0,1427,70.08,35349260554931
3877.0,0,13.37,59.0,62.0,62.0,45.0,62.0,1343,78.72,67945315431091
3877.0,1,29.01,57.0,62.0,62.0,43.0,58.0,1333,71.84,38936148329467
3878.0,2,27.70,60.0,66.0,66.0,46.0,62.0,1419,69.62,34990556239624
3878.0,3,18.81,63.0,66.0,66.0,47.0,63.0,1450,70.87,35349662394104
3883.0,0,24.67,59.0,64.0,64.0,45.0,61.0,1366,70.78,67945716778198
3883.0,1,20.09,57.0,62.0,62.0,43.0,58.0,1302,68.17,38936535524719
3883.0,2,18.92,60.0,66.0,66.0,46.0,62.0,1397,66.22,34990931720825
3883.0,3,1.61,64.0,66.0,66.0,47.0,64.0,1450,68.72,35350052034545
3889.0,0,14.72,60.0,62.0,62.0,46.0,62.0,1366,75.71,67946146038269
3889.0,1,27.07,58.0,62.0,60.0,43.0,59.0,1335,70.92,38936936947998
3889.0,2,25.62,61.0,66.0,66.0,46.0,62.0,1419,68.91,34991321743957
3889.0,3,21.25,61.0,64.0,64.0,46.0,62.0,1483,70.00,35350448239379
3894.0,0,21.26,61.0,62.0,62.0,46.0,63.0,1366,82.63,67946614555847
3894.0,1,20.45,60.0,62.0,62.0,44.0,59.0,1313,74.56,38937359711364
3895.0,2,18.94,62.0,64.0,64.0,47.0,63.0,1450,69.03,34991713850280
3895.0,3,19.17,61.0,66.0,66.0,46.0,62.0,1449,67.70,35350832776855
3900.0,0,10.17,62.0,62.0,62.0,46.0,63.0,1417,73.14,67947029236755
3900.0,1,20.87,57.0,62.0,62.0,43.0,58.0,1322,68.04,38937746154846
3900.0,2,19.68,60.0,66.0,66.0,46.0,61.0,1417,69.09,34992105596435
3900.0,3,18.78,61.0,66.0,66.0,46.0,62.0,1450,70.33,35351231545959
3906.0,0,20.52,63.0,64.0,64.0,46.0,64.0,1355,79.39,67947480188781
3906.0,1,8.42,57.0,60.0,60.0,44.0,58.0,1324,72.32,38938156184631
3906.0,2,10.33,60.0,64.0,64.0,46.0,61.0,1419,69.66,34992500593994
3906.0,3,26.11,61.0,64.0,64.0,46.0,62.0,1439,66.85,35351610607604
3911.0,0,20.99,60.0,62.0,62.0,45.0,62.0,1407,75.20,67947906592346
3912.0,1,17.17,58.0,62.0,62.0,44.0,59.0,1280,76.27,38938588655578
3912.0,2,12.24,61.0,64.0,64.0,46.0,63.0,1428,74.58,34992923435180
3912.0,3,11.95,60.0,64.0,64.0,46.0,62.0,1439,74.19,35352031289062
3917.0,0,25.68,59.0,62.0,62.0,45.0,62.0,1365,76.32,67948339332153
3917.0,1,21.40,57.0,62.0,62.0,43.0,58.0,1292,72.73,38939001035034
3917.0,2,19.78,61.0,66.0,66.0,46.0,62.0,1397,70.59,34993323661926
3917.0,3,19.37,61.0,64.0,64.0,46.0,62.0,1429,70.14,35352428985839
3923.0,0,23.16,59.0,62.0,62.0,45.0,62.0,1366,75.35,67948766556213
3923.0,1,19.71,58.0,62.0,62.0,44.0,59.0,1323,72.18,38939410310668
3923.0,2,3.32,60.0,66.0,66.0,46.0,62.0,1419,71.79,34993730721252
3923.0,3,0.00,64.0,64.0,64.0,47.0,63.0,1440,70.76,35352830199218
3928.0,0,15.81,59.0,62.0,62.0,45.0,61.0,1367,71.09,67949168902954
3929.0,1,16.90,57.0,60.0,62.0,43.0,58.0,1272,68.45,38939797713195
3929.0,2,15.99,60.0,64.0,64.0,46.0,62.0,1431,66.26,34994105750061
3929.0,3,16.20,60.0,64.0,64.0,46.0,62.0,1432,67.91,35353214595764
3934.0,0,24.45,59.0,62.0,62.0,45.0,61.0,1378,73.46,67949585401916
3934.0,1,19.61,57.0,62.0,62.0,43.0,58.0,1293,69.84,38940193678039
3934.0,2,18.26,60.0,66.0,66.0,46.0,62.0,1409,67.55,34994488779968
3934.0,3,15.50,63.0,64.0,64.0,47.0,63.0,1408,67.21,35353595702331
3940.0,0,23.61,60.0,62.0,62.0,45.0,62.0,1419,73.56,67950001762023
3940.0,1,21.50,57.0,60.0,62.0,43.0,58.0,1293,69.99,38940589848327
3940.0,2,20.28,60.0,64.0,64.0,46.0,61.0,1430,68.47,34994876326599
3940.0,3,18.73,60.0,64.0,62.0,45.0,61.0,1452,68.61,35353984041076
3945.0,0,24.80,59.0,62.0,62.0,45.0,61.0,1345,73.16,67950416599365
3946.0,1,19.69,57.0,60.0,62.0,43.0,58.0,1281,70.01,38940986800109
3946.0,2,18.72,60.0,64.0,64.0,46.0,61.0,1408,67.62,34995259711486
3946.0,3,9.25,61.0,64.0,64.0,46.0,62.0,1387,68.34,35354371525634
3951.0,0,27.86,59.0,62.0,62.0,45.0,61.0,1377,72.91,67950830012268
3951.0,1,19.79,59.0,62.0,62.0,44.0,59.0,1292,71.05,38941389668334
3951.0,2,4.02,62.0,66.0,66.0,47.0,64.0,1409,70.57,34995659868652
3951.0,3,5.07,63.0,64.0,64.0,47.0,63.0,1419,66.43,35354748198974
3957.0,0,29.82,60.0,62.0,62.0,46.0,62.0,1376,71.21,67951233791625
3957.0,1,27.44,58.0,60.0,62.0,43.0,58.0,1344,67.64,38941773190490
3957.0,2,28.01,60.0,64.0,64.0,46.0,61.0,1419,66.31,34996035861389
3957.0,3,30.72,61.0,64.0,64.0,46.0,62.0,1419,72.71,35355160458984
3962.0,0,33.43,60.0,62.0,62.0,45.0,61.0,1335,74.61,67951656060546
3963.0,1,28.66,56.0,60.0,62.0,43.0,58.0,1293,70.69,38942173297424
3963.0,2,25.40,60.0,64.0,64.0,46.0,61.0,1398,70.32,34996433879028
3963.0,3,28.15,60.0,64.0,64.0,46.0,62.0,1408,76.77,35355594972106
3968.0,0,28.82,59.0,60.0,62.0,45.0,61.0,1367,74.83,67952080326599
3968.0,1,30.35,56.0,60.0,60.0,43.0,58.0,1281,70.35,38942572164855
3968.0,2,29.22,61.0,66.0,64.0,46.0,63.0,1387,70.30,34996832454833
3968.0,3,27.72,61.0,64.0,64.0,46.0,62.0,1397,77.83,35356037021972
3974.0,0,29.45,59.0,62.0,62.0,45.0,62.0,1386,75.55,67952508667419
3974.0,1,30.23,57.0,62.0,60.0,43.0,58.0,1292,70.56,38942972265258
3974.0,2,26.58,60.0,64.0,64.0,46.0,62.0,1430,69.70,34997227644836
3974.0,3,29.70,61.0,64.0,64.0,46.0,62.0,1377,75.67,35356465304931
3979.0,0,30.82,61.0,62.0,62.0,45.0,62.0,1345,75.50,67952936769470
3980.0,1,27.32,58.0,62.0,62.0,43.0,58.0,1313,70.48,38943371877197
3980.0,2,28.24,60.0,64.0,66.0,46.0,62.0,1430,69.41,34997621189514
3980.0,3,30.55,61.0,64.0,64.0,46.0,62.0,1419,77.13,35356902658264
3985.0,0,30.11,59.0,62.0,62.0,45.0,61.0,1346,74.46,67953358221923
3985.0,1,26.27,57.0,62.0,60.0,43.0,59.0,1282,70.91,38943773211730
3985.0,2,29.44,61.0,66.0,64.0,46.0,62.0,1356,69.81,34998016317382
3985.0,3,29.73,61.0,66.0,66.0,46.0,63.0,1441,77.28,35357340082275
3991.0,0,29.81,59.0,62.0,62.0,45.0,61.0,1376,76.32,67953790944763
3991.0,1,29.88,56.0,60.0,60.0,43.0,58.0,1292,70.93,38944175401794
3991.0,2,27.04,60.0,64.0,64.0,46.0,62.0,1440,69.89,34998412609558
3991.0,3,28.39,62.0,64.0,64.0,47.0,63.0,1397,76.64,35357775391723
3996.0,0,34.74,61.0,62.0,62.0,46.0,62.0,1312,75.48,67954218929016
3997.0,1,26.25,56.0,60.0,62.0,43.0,58.0,1311,71.17,38944579623352
3997.0,2,26.19,60.0,64.0,64.0,46.0,62.0,1428,70.79,34998814690979
3997.0,3,28.69,61.0,64.0,64.0,46.0,62.0,1439,76.67,35358210105651
4002.0,0,30.83,60.0,62.0,62.0,46.0,62.0,1377,75.41,67954646519226
4002.0,1,27.08,58.0,62.0,62.0,44.0,59.0,1271,71.50,38944985030761
4002.0,2,26.67,61.0,66.0,66.0,46.0,62.0,1429,71.49,34999220045471
4002.0,3,32.14,61.0,66.0,66.0,46.0,62.0,1450,77.85,35358651504150
4008.0,0,29.84,59.0,62.0,62.0,45.0,62.0,1385,75.44,67955074997619
4008.0,1,29.13,56.0,62.0,60.0,43.0,58.0,1259,69.76,38945380543518
4008.0,2,26.95,60.0,64.0,64.0,46.0,62.0,1398,69.73,34999615430297
4008.0,3,29.27,61.0,64.0,64.0,46.0,62.0,1397,75.78,35359081149230
4013.0,0,30.17,59.0,62.0,60.0,45.0,62.0,1367,75.42,67955501875183
4014.0,1,27.54,58.0,62.0,62.0,44.0,59.0,1293,70.11,38945777367065
4014.0,2,26.71,61.0,66.0,64.0,46.0,62.0,1356,69.95,35000011340332
4014.0,3,30.11,62.0,66.0,66.0,46.0,63.0,1442,77.91,35359522096923
4019.0,0,30.89,60.0,62.0,62.0,46.0,62.0,1367,75.79,67955931600097
4019.0,1,26.88,58.0,62.0,62.0,43.0,59.0,1227,71.14,38946180715759
4019.0,2,27.69,60.0,64.0,66.0,46.0,61.0,1344,69.12,35000403277099
4019.0,3,29.43,61.0,64.0,64.0,47.0,63.0,1429,76.19,35359954080627
4025.0,0,30.51,60.0,62.0,62.0,46.0,62.0,1375,74.39,67956353396728
4025.0,1,27.98,58.0,62.0,62.0,44.0,59.0,1228,69.82,38946576610900
4025.0,2,27.35,60.0,64.0,64.0,46.0,62.0,1398,68.42,35000791229003
4025.0,3,29.25,61.0,66.0,66.0,47.0,63.0,1408,75.91,35360384507385
4030.0,0,30.82,60.0,62.0,62.0,46.0,62.0,1366,74.58,67956776280700
4031.0,1,26.43,57.0,62.0,62.0,43.0,58.0,1302,70.10,38946974077758
4031.0,2,27.66,60.0,64.0,64.0,46.0,62.0,1429,68.20,35001177901245
4031.0,3,29.59,62.0,66.0,66.0,47.0,63.0,1377,75.93,35360815002441
4036.0,0,30.37,59.0,62.0,62.0,45.0,61.0,1375,74.32,67957197690002
4036.0,1,27.67,57.0,60.0,60.0,43.0,58.0,1289,69.80,38947370530639
4036.0,2,26.81,60.0,64.0,64.0,46.0,62.0,1426,68.06,35001564507019
4037.0,3,29.50,62.0,66.0,64.0,47.0,64.0,1446,76.58,35361250753967
4042.0,0,30.89,59.0,62.0,60.0,45.0,62.0,1363,74.34,67957619926208
4042.0,1,27.62,58.0,62.0,62.0,44.0,59.0,1291,70.36,38947769469848
4042.0,2,27.18,61.0,66.0,66.0,46.0,62.0,1407,70.57,35001965316467
4042.0,3,29.24,62.0,64.0,66.0,47.0,63.0,1450,77.16,35361688234191
4047.0,0,29.69,61.0,62.0,62.0,46.0,62.0,1303,75.68,67958049038818
4048.0,1,26.40,58.0,62.0,62.0,43.0,59.0,1302,70.36,38948168431518
4048.0,2,27.63,60.0,64.0,66.0,46.0,62.0,1420,68.38,35002352331481
4048.0,3,30.21,61.0,66.0,66.0,46.0,62.0,1441,75.92,35362117946289
4053.0,0,30.03,60.0,62.0,62.0,45.0,62.0,1291,74.54,67958471681457
4053.0,1,28.18,57.0,60.0,62.0,43.0,58.0,1303,69.94,38948565015686
4053.0,2,27.66,60.0,64.0,64.0,46.0,62.0,1398,68.28,35002739490234
4054.0,3,28.83,61.0,66.0,66.0,46.0,63.0,1450,76.04,35362549113342
4059.0,0,29.28,59.0,62.0,62.0,46.0,62.0,1292,74.25,67958892677124
4059.0,1,27.07,58.0,62.0,62.0,44.0,59.0,1312,70.35,38948963877014
4059.0,2,27.01,61.0,66.0,64.0,46.0,62.0,1417,69.05,35003130978820
4059.0,3,29.60,61.0,64.0,66.0,47.0,63.0,1439,77.55,35362988841064
4064.0,0,31.20,60.0,62.0,62.0,46.0,62.0,1291,75.40,67959320196044
4065.0,1,28.72,57.0,60.0,62.0,43.0,58.0,1292,70.98,38949366344482
4065.0,2,26.74,60.0,64.0,64.0,46.0,62.0,1368,68.84,35003521321838
4065.0,3,28.99,62.0,66.0,66.0,46.0,62.0,1441,75.67,35363417890808
4070.0,0,29.62,59.0,62.0,62.0,45.0,62.0,1388,74.60,67959742428955
4070.0,1,27.03,58.0,62.0,60.0,44.0,59.0,1292,70.67,38949766326416
4070.0,2,27.15,61.0,66.0,66.0,46.0,62.0,1408,69.47,35003915193054
4071.0,3,29.43,62.0,66.0,66.0,47.0,63.0,1451,77.61,35363857939270
4076.0,0,31.03,61.0,62.0,62.0,46.0,63.0,1376,75.32,67960169482299
4076.0,1,26.74,58.0,62.0,62.0,43.0,59.0,1312,70.86,38950168831848
4076.0,2,27.07,60.0,64.0,64.0,46.0,61.0,1419,68.78,35004304471069
4076.0,3,29.38,62.0,66.0,66.0,46.0,63.0,1450,76.09,35364288619323
4081.0,0,29.50,59.0,62.0,62.0,45.0,62.0,1367,74.05,67960589339050
4082.0,1,27.70,56.0,60.0,62.0,43.0,58.0,1304,70.82,38950569648193
4082.0,2,26.99,60.0,64.0,64.0,46.0,62.0,1420,68.26,35004691506896
4082.0,3,28.47,61.0,64.0,66.0,46.0,63.0,1440,75.93,35364719132629
4087.0,0,30.48,60.0,62.0,62.0,46.0,63.0,1386,74.77,67961013265319
4087.0,1,26.70,58.0,62.0,62.0,43.0,58.0,1301,70.84,38950971321899
4087.0,2,27.54,61.0,66.0,66.0,46.0,62.0,1353,69.67,35005086532226
4088.0,3,29.66,61.0,66.0,66.0,47.0,63.0,1450,77.65,35365159400939
4093.0,0,31.44,61.0,62.0,62.0,46.0,63.0,1376,74.94,67961438186157
4093.0,1,27.09,56.0,60.0,62.0,43.0,58.0,1312,70.04,38951368434631
4093.0,2,27.54,60.0,64.0,64.0,46.0,62.0,1388,68.73,35005476209472
4093.0,3,28.66,62.0,66.0,66.0,47.0,63.0,1376,75.93,35365589946655
4098.0,0,29.63,59.0,62.0,62.0,45.0,61.0,1367,74.12,67961858443054
4099.0,1,27.05,57.0,60.0,60.0,43.0,58.0,1314,69.91,38951764797363
4099.0,2,28.32,61.0,66.0,64.0,46.0,62.0,1408,69.23,35005868719116
4099.0,3,29.08,63.0,66.0,66.0,47.0,64.0,1376,76.93,35366026135070
4104.0,0,29.62,61.0,62.0,62.0,46.0,62.0,1386,74.97,67962283503601
4104.0,1,27.58,58.0,62.0,62.0,44.0,59.0,1270,70.96,38952167155883
4104.0,2,27.71,61.0,66.0,66.0,46.0,63.0,1419,69.37,35006262052124
4105.0,3,29.27,62.0,66.0,66.0,47.0,63.0,1367,76.88,35366461276611
4110.0,0,30.07,61.0,62.0,62.0,46.0,63.0,1377,74.50,67962705149963
4110.0,1,26.99,56.0,60.0,62.0,43.0,58.0,1303,70.13,38952564068664
4110.0,2,27.16,60.0,64.0,64.0,46.0,61.0,1430,68.75,35006651174072
4110.0,3,29.38,62.0,66.0,66.0,47.0,63.0,1376,75.85,35366891364196
4115.0,0,29.23,59.0,62.0,62.0,45.0,61.0,1367,74.23,67963126022583
4116.0,1,27.10,56.0,62.0,62.0,43.0,58.0,1303,70.64,38952964570983
4116.0,2,28.42,61.0,66.0,64.0,46.0,63.0,1409,68.72,35007040842834
4116.0,3,29.85,63.0,66.0,66.0,47.0,64.0,1366,77.09,35367328447265
4121.0,0,29.66,60.0,62.0,62.0,46.0,62.0,1388,75.78,67963554920654
4121.0,1,27.94,58.0,62.0,62.0,43.0,59.0,1239,70.90,38953365866699
4121.0,2,27.57,60.0,64.0,66.0,46.0,62.0,1377,69.29,35007433040161
4122.0,3,28.88,62.0,66.0,66.0,47.0,63.0,1399,76.87,35367763547424
4127.0,0,30.19,60.0,62.0,62.0,46.0,62.0,1377,73.72,67963972898437
4127.0,1,27.10,56.0,62.0,62.0,43.0,58.0,1261,70.16,38953763687072
4127.0,2,27.22,60.0,64.0,64.0,46.0,62.0,1399,68.53,35007821610839
4127.0,3,29.40,62.0,66.0,66.0,47.0,63.0,1399,75.90,35368193880432
4132.0,0,29.84,59.0,62.0,62.0,45.0,61.0,1368,74.27,67964393270690
4133.0,1,26.88,57.0,62.0,62.0,44.0,59.0,1231,69.69,38954158114562
4133.0,2,27.06,61.0,66.0,64.0,46.0,62.0,1410,69.13,35008212877441
4133.0,3,29.62,63.0,66.0,66.0,47.0,64.0,1411,78.00,35368635352111
4138.0,0,31.42,60.0,62.0,62.0,46.0,62.0,1377,75.63,67964821357055
4138.0,1,26.15,58.0,62.0,62.0,44.0,59.0,1228,71.71,38954564703247
4138.0,2,27.39,60.0,64.0,64.0,46.0,62.0,1313,69.29,35008605064453
4139.0,3,28.66,62.0,66.0,66.0,47.0,63.0,1461,76.65,35369069162841
4144.0,0,29.51,60.0,62.0,62.0,45.0,61.0,1377,74.04,67965241151123
4144.0,1,27.18,57.0,60.0,60.0,43.0,58.0,1283,70.23,38954962188476
4144.0,2,28.78,60.0,64.0,64.0,46.0,61.0,1345,68.21,35008991830688
4144.0,3,29.31,62.0,66.0,64.0,47.0,63.0,1504,76.18,35369501131286
4149.0,0,30.46,61.0,62.0,62.0,46.0,62.0,1335,74.99,67965666340026
4150.0,1,26.94,58.0,62.0,62.0,44.0,59.0,1313,71.30,38955366471801
4150.0,2,27.56,61.0,64.0,66.0,46.0,62.0,1377,69.68,35009386897399
4150.0,3,29.12,62.0,66.0,66.0,47.0,63.0,1431,77.78,35369941389343
4155.0,0,29.27,60.0,62.0,62.0,45.0,62.0,1315,74.50,67966088035156
4155.0,1,29.34,57.0,62.0,62.0,43.0,58.0,1294,70.06,38955763025878
4155.0,2,27.35,60.0,64.0,64.0,46.0,62.0,1411,68.87,35009775991577
4156.0,3,28.68,61.0,64.0,66.0,47.0,63.0,1495,75.98,35370371416259
4161.0,0,28.89,59.0,60.0,60.0,46.0,62.0,1283,74.47,67966509510681
4161.0,1,27.01,58.0,62.0,60.0,44.0,59.0,1313,70.11,38956159852539
4161.0,2,27.88,61.0,66.0,64.0,46.0,62.0,1387,69.94,35010172530334
4161.0,3,30.26,62.0,66.0,66.0,47.0,64.0,1483,77.68,35370811883666
4166.0,0,30.82,61.0,62.0,62.0,46.0,63.0,1291,75.10,67966935329406
4167.0,1,26.17,58.0,62.0,62.0,44.0,59.0,1312,71.32,38956564945190
4167.0,2,27.10,60.0,64.0,64.0,46.0,62.0,1375,68.80,35010562619323
4167.0,3,29.05,62.0,66.0,66.0,47.0,63.0,1449,75.89,35371242957092
4172.0,0,29.23,59.0,60.0,62.0,45.0,62.0,1397,73.98,67967355536621
4172.0,1,26.58,57.0,60.0,60.0,43.0,58.0,1228,70.60,38956965241760
4172.0,2,29.58,60.0,66.0,64.0,46.0,62.0,1355,68.79,35010953355529
4173.0,3,29.05,63.0,66.0,66.0,47.0,64.0,1440,76.89,35371678903503
4178.0,0,29.83,61.0,62.0,62.0,46.0,63.0,1378,75.36,67967782100219
4178.0,1,27.53,58.0,62.0,62.0,43.0,59.0,1293,70.98,38957367004455
4178.0,2,27.66,60.0,64.0,66.0,46.0,62.0,1431,69.56,35011347067199
4178.0,3,29.19,62.0,66.0,66.0,47.0,63.0,1453,76.94,35372114394897
4183.0,0,29.29,60.0,62.0,62.0,45.0,62.0,1367,73.97,67968200781738
4184.0,1,28.88,57.0,62.0,62.0,43.0,58.0,1230,71.03,38957769032958
4184.0,2,27.28,60.0,64.0,64.0,46.0,62.0,1431,68.80,35011736452026
4184.0,3,29.32,62.0,66.0,66.0,47.0,63.0,1452,75.72,35372542969055
4189.0,0,29.05,60.0,62.0,62.0,46.0,62.0,1378,74.21,67968620821411
4189.0,1,26.79,59.0,62.0,60.0,44.0,59.0,1293,70.77,38958169564514
4189.0,2,26.92,61.0,66.0,66.0,46.0,62.0,1419,69.78,35012132097534
4190.0,3,29.87,62.0,66.0,66.0,47.0,63.0,1452,77.40,35372981803649
4195.0,0,30.47,61.0,62.0,62.0,46.0,63.0,1376,74.65,67969044061645
4195.0,1,27.14,56.0,60.0,62.0,43.0,58.0,1312,70.78,38958571570556
4195.0,2,28.04,60.0,64.0,64.0,46.0,62.0,1430,69.12,35012523296020
4195.0,3,29.19,62.0,66.0,66.0,47.0,63.0,1365,75.90,35373412178222
4200.0,0,29.30,60.0,62.0,60.0,46.0,62.0,1367,74.25,67969465074645
4201.0,1,26.27,59.0,62.0,60.0,44.0,59.0,1229,71.93,38958978715698
4201.0,2,28.02,61.0,66.0,66.0,46.0,62.0,1398,70.02,35012920325073
4201.0,3,31.50,62.0,66.0,66.0,47.0,64.0,1399,77.32,35373849806152
4206.0,0,26.28,63.0,64.0,64.0,46.0,64.0,1367,83.20,67969935960876
4206.0,1,24.98,60.0,62.0,62.0,44.0,60.0,1293,73.17,38959392836303
4206.0,2,24.46,60.0,64.0,64.0,46.0,62.0,1377,67.84,35013304996154
4207.0,3,23.69,62.0,66.0,66.0,47.0,63.0,1429,71.55,35374255521789
4212.0,0,10.33,63.0,64.0,64.0,47.0,64.0,1385,74.49,67970359091064
4212.0,1,20.38,57.0,64.0,64.0,43.0,58.0,1289,69.94,38959790082458
4212.0,2,19.40,60.0,66.0,66.0,46.0,62.0,1428,70.18,35013702893615
4212.0,3,19.66,62.0,66.0,66.0,47.0,63.0,1460,70.12,35374653124633
4217.0,0,14.51,59.0,62.0,62.0,45.0,62.0,1407,71.80,67970766196899
4218.0,1,14.86,57.0,60.0,60.0,43.0,58.0,1333,72.00,38960199064392
4218.0,2,14.68,60.0,64.0,64.0,46.0,62.0,1418,69.68,35014098681396
4218.0,3,13.66,62.0,64.0,64.0,47.0,63.0,1471,70.32,35375052537658
4223.0,0,24.23,60.0,64.0,64.0,45.0,62.0,1378,82.84,67971235906982
4223.0,1,4.29,60.0,64.0,62.0,44.0,60.0,1325,75.64,38960627184753
4223.0,2,19.93,60.0,66.0,66.0,46.0,62.0,1431,67.56,35014481078674
4224.0,3,18.80,62.0,66.0,66.0,47.0,63.0,1484,67.52,35375434690185
4229.0,0,11.73,63.0,64.0,64.0,47.0,64.0,1365,74.30,67971657170776
4229.0,1,20.84,57.0,64.0,64.0,43.0,58.0,1302,68.73,38961016866455
4229.0,2,19.72,60.0,66.0,66.0,46.0,62.0,1450,70.90,35014883055603
4229.0,3,19.96,61.0,66.0,66.0,47.0,63.0,1481,70.70,35375835575195
4234.0,0,36.01,60.0,64.0,64.0,46.0,62.0,1396,80.13,67972111505004
4235.0,1,9.95,60.0,64.0,64.0,44.0,60.0,1323,76.19,38961449650390
4235.0,2,15.74,62.0,66.0,64.0,46.0,62.0,1417,70.68,35015284498901
4235.0,3,17.96,61.0,64.0,64.0,46.0,62.0,1459,70.02,35376233295410
4240.0,0,26.31,59.0,60.0,60.0,45.0,62.0,1418,73.87,67972530360473
4240.0,1,23.37,57.0,62.0,62.0,43.0,59.0,1345,72.41,38961859476013
4240.0,2,22.55,60.0,64.0,64.0,46.0,62.0,1441,75.17,35015709981567
4241.0,3,20.83,61.0,64.0,64.0,46.0,63.0,1463,74.95,35376657486022
4246.0,0,22.98,59.0,60.0,60.0,45.0,61.0,1399,81.79,67972994093078
4246.0,1,18.36,58.0,62.0,60.0,44.0,59.0,1335,76.87,38962295322265
4246.0,2,23.82,60.0,64.0,64.0,46.0,62.0,1441,73.97,35016129390747
4246.0,3,34.20,61.0,64.0,64.0,46.0,62.0,1484,73.39,35377073616333
4251.0,0,24.69,60.0,64.0,64.0,46.0,62.0,1387,82.87,67973463155883
4252.0,1,15.68,59.0,64.0,64.0,44.0,60.0,1302,77.55,38962735003601
4252.0,2,12.18,62.0,66.0,66.0,47.0,64.0,1397,74.78,35016553399719
4252.0,3,17.24,64.0,64.0,64.0,47.0,64.0,1470,69.47,35377467534179
4257.0,0,25.52,60.0,64.0,64.0,45.0,62.0,1407,75.80,67973893700317
4257.0,1,13.68,59.0,64.0,64.0,44.0,60.0,1291,73.17,38963149905700
4257.0,2,11.07,63.0,66.0,66.0,47.0,64.0,1396,69.84,35016949377929
4258.0,3,19.58,63.0,64.0,64.0,47.0,63.0,1471,68.70,35377857070434
4263.0,0,18.30,63.0,64.0,64.0,46.0,63.0,1428,69.38,67974287798828
4263.0,1,12.91,57.0,60.0,60.0,43.0,58.0,1332,63.38,38963509900085
4263.0,2,12.08,61.0,64.0,64.0,46.0,62.0,1439,64.39,35017315114501
4263.0,3,11.35,61.0,64.0,64.0,46.0,62.0,1470,69.21,35378250162536
4268.0,0,26.19,60.0,64.0,64.0,45.0,62.0,1409,78.51,67974732169555
4269.0,1,17.67,59.0,64.0,64.0,44.0,59.0,1324,78.46,38963953972900
4269.0,2,2.64,63.0,66.0,66.0,47.0,64.0,1419,76.30,35017747732727
4269.0,3,19.43,63.0,64.0,64.0,47.0,63.0,1451,69.69,35378645319274
4274.0,0,38.00,62.0,64.0,64.0,46.0,64.0,1428,77.59,67975172879516
4274.0,1,18.26,60.0,62.0,62.0,44.0,60.0,1344,69.69,38964349827514
4274.0,2,18.34,61.0,66.0,66.0,46.0,62.0,1439,66.27,35018123486389
4275.0,3,16.76,61.0,64.0,64.0,46.0,62.0,1461,70.69,35379046139465
4280.0,0,32.15,59.0,64.0,64.0,45.0,62.0,1407,75.15,67975598959594
4280.0,1,26.94,58.0,64.0,64.0,43.0,58.0,1344,75.67,38964778894226
4280.0,2,25.88,61.0,66.0,66.0,46.0,62.0,1438,75.18,35018549783020
4280.0,3,16.02,64.0,66.0,66.0,47.0,64.0,1449,77.70,35379486719909
4285.0,0,14.02,60.0,62.0,62.0,46.0,61.0,1407,77.91,67976040700195
4286.0,1,21.37,57.0,62.0,62.0,44.0,58.0,1301,72.79,38965191598205
4286.0,2,30.09,60.0,64.0,64.0,46.0,62.0,1429,70.10,35018947228881
4286.0,3,29.33,61.0,64.0,64.0,46.0,62.0,1492,69.77,35379882306213
4291.0,0,30.79,60.0,62.0,62.0,46.0,62.0,1388,72.85,67976453782897
4291.0,1,28.78,58.0,62.0,62.0,44.0,58.0,1271,69.22,38965584096557
4291.0,2,26.76,60.0,64.0,66.0,46.0,62.0,1409,68.58,35019336090087
4292.0,3,28.79,60.0,64.0,64.0,46.0,62.0,1430,74.07,35380302303588
4297.0,0,30.85,61.0,62.0,62.0,46.0,62.0,1366,73.43,67976869384948
4297.0,1,25.93,57.0,60.0,62.0,43.0,58.0,1302,69.33,38965977170410
4297.0,2,26.60,60.0,64.0,64.0,46.0,62.0,1428,68.23,35019722929382
4297.0,3,32.67,61.0,64.0,64.0,46.0,62.0,1440,73.47,35380718872863
4302.0,0,30.72,59.0,60.0,62.0,45.0,61.0,1355,72.25,67977279749755
4303.0,1,29.00,57.0,62.0,62.0,44.0,58.0,1302,69.39,38966370590332
4303.0,2,26.60,60.0,64.0,64.0,46.0,62.0,1430,68.17,35020109476928
4303.0,3,26.63,61.0,64.0,64.0,46.0,62.0,1429,73.45,35381135351623
4308.0,0,30.91,60.0,62.0,62.0,45.0,62.0,1345,73.15,67977693755310
4308.0,1,28.23,57.0,62.0,60.0,43.0,58.0,1282,69.45,38966763673461
4308.0,2,27.39,60.0,64.0,64.0,46.0,62.0,1387,67.89,35020494396484
4309.0,3,26.42,61.0,64.0,64.0,46.0,62.0,1428,74.38,35381557100097
4314.0,0,29.96,60.0,62.0,62.0,46.0,62.0,1354,73.47,67978111079162
4314.0,1,26.73,56.0,62.0,62.0,43.0,58.0,1301,69.31,38967157345397
4314.0,2,27.96,59.0,64.0,64.0,46.0,61.0,1397,67.51,35020877161926
4314.0,3,28.13,61.0,64.0,64.0,46.0,62.0,1440,74.02,35381976777648
4319.0,0,27.99,60.0,62.0,62.0,45.0,62.0,1367,72.93,67978523864807
4320.0,1,25.07,57.0,62.0,62.0,44.0,58.0,1282,68.95,38967547574645
4320.0,2,29.30,61.0,66.0,64.0,46.0,62.0,1366,67.87,35021261286926
4320.0,3,31.15,61.0,66.0,66.0,46.0,63.0,1430,73.33,35382391826416
4325.0,0,30.72,59.0,62.0,62.0,45.0,62.0,1346,72.82,67978936767089
4325.0,1,27.22,57.0,62.0,62.0,43.0,58.0,1303,69.87,38967943733093
4325.0,2,28.02,60.0,64.0,64.0,46.0,62.0,1397,67.38,35021643338012
4326.0,3,26.93,61.0,64.0,64.0,46.0,62.0,1428,72.72,35382804875610
4331.0,0,31.15,60.0,62.0,62.0,46.0,62.0,1352,73.33,67979353255065
4331.0,1,27.35,57.0,62.0,62.0,43.0,58.0,1289,69.31,38968337416137
4331.0,2,27.22,60.0,66.0,64.0,46.0,62.0,1374,68.05,35022029880676
4331.0,3,27.14,61.0,64.0,64.0,46.0,62.0,1439,74.35,35383226436584
4336.0,0,30.27,60.0,62.0,62.0,46.0,62.0,1355,73.27,67979768674560
4337.0,1,27.42,58.0,62.0,62.0,44.0,59.0,1302,69.51,38968731533203
4337.0,2,25.67,60.0,64.0,66.0,46.0,62.0,1418,67.64,35022413374572
4337.0,3,30.37,61.0,64.0,64.0,46.0,63.0,1449,73.46,35383642929443
4342.0,0,30.82,59.0,62.0,62.0,45.0,61.0,1355,72.83,67980181638793
4342.0,1,27.85,57.0,62.0,62.0,43.0,58.0,1291,69.20,38969123880676
4342.0,2,26.58,60.0,64.0,64.0,46.0,62.0,1365,67.85,35022798103027
4343.0,3,26.65,61.0,64.0,64.0,46.0,62.0,1429,73.08,35384057294677
4348.0,0,29.94,60.0,62.0,62.0,46.0,62.0,1375,72.81,67980595182128
4348.0,1,27.96,58.0,62.0,62.0,44.0,59.0,1291,69.12,38969516461791
4348.0,2,25.49,60.0,64.0,66.0,46.0,62.0,1407,68.06,35023184678039
4348.0,3,29.10,61.0,66.0,66.0,46.0,63.0,1407,74.07,35384478015625
4354.0,0,31.26,59.0,60.0,62.0,45.0,61.0,1386,72.83,67981008141723
4354.0,1,28.34,57.0,62.0,60.0,43.0,59.0,1290,68.68,38969905867614
4354.0,2,24.93,60.0,64.0,64.0,46.0,62.0,1386,67.94,35023569874816
4354.0,3,26.73,61.0,64.0,64.0,46.0,62.0,1429,73.87,35384896832702
4359.0,0,30.44,60.0,60.0,62.0,45.0,61.0,1366,72.83,67981421087646
4359.0,1,24.81,58.0,62.0,62.0,44.0,59.0,1250,69.14,38970297890808
4359.0,2,26.22,60.0,66.0,66.0,46.0,62.0,1387,67.93,35023955011779
4360.0,3,31.06,61.0,66.0,66.0,46.0,63.0,1441,74.11,35385316296691
4365.0,0,31.27,59.0,62.0,62.0,45.0,61.0,1387,73.11,67981835636413
4365.0,1,26.78,56.0,60.0,60.0,43.0,57.0,1270,69.27,38970690651123
4365.0,2,25.30,60.0,64.0,64.0,46.0,62.0,1386,68.05,35024340863098
4365.0,3,27.68,61.0,64.0,64.0,46.0,62.0,1438,73.23,35385732228576
4371.0,0,30.06,59.0,62.0,62.0,45.0,62.0,1365,72.77,67982248235839
4371.0,1,26.26,58.0,62.0,62.0,43.0,58.0,1312,69.95,38971087241699
4371.0,2,26.29,61.0,66.0,66.0,46.0,62.0,1386,68.17,35024727407592
4371.0,3,30.89,61.0,64.0,64.0,47.0,63.0,1439,73.65,35386149831298
4376.0,0,30.84,59.0,60.0,62.0,45.0,61.0,1355,72.66,67982660231323
4376.0,1,28.22,57.0,62.0,62.0,43.0,58.0,1259,69.09,38971478971801
4376.0,2,27.62,60.0,66.0,66.0,46.0,62.0,1377,67.52,35025110246093
4377.0,3,24.96,61.0,64.0,64.0,46.0,62.0,1428,72.95,35386563468505
4382.0,0,31.82,60.0,62.0,62.0,46.0,62.0,1365,73.26,67983075642944
4382.0,1,26.24,56.0,62.0,62.0,43.0,58.0,1292,69.39,38971872386047
4382.0,2,26.85,60.0,64.0,64.0,46.0,62.0,1407,68.00,35025495780700
4382.0,3,27.11,61.0,64.0,64.0,46.0,63.0,1440,74.10,35386983637756
4388.0,0,30.22,60.0,62.0,62.0,45.0,62.0,1366,72.56,67983487039978
4388.0,1,26.20,57.0,62.0,62.0,43.0,58.0,1280,70.01,38972269342773
4388.0,2,26.33,60.0,64.0,66.0,46.0,62.0,1334,68.08,35025881766662
4388.0,3,30.26,61.0,66.0,66.0,46.0,62.0,1439,73.28,35387399129150
4393.0,0,28.71,60.0,62.0,62.0,45.0,62.0,1365,73.60,67983904329040
4393.0,1,28.03,57.0,62.0,62.0,43.0,58.0,1280,68.84,38972660340026
4394.0,2,28.24,60.0,64.0,64.0,46.0,61.0,1376,67.48,35026264405395
4394.0,3,26.75,62.0,64.0,64.0,47.0,63.0,1407,73.23,35387815059143
4399.0,0,31.41,60.0,62.0,62.0,46.0,62.0,1355,72.64,67984316935913
4399.0,1,26.12,56.0,60.0,62.0,43.0,58.0,1291,69.52,38973054545898
4399.0,2,27.20,60.0,66.0,64.0,46.0,62.0,1385,68.45,35026653183166
4399.0,3,27.65,61.0,64.0,64.0,46.0,62.0,1439,73.63,35388232538696
4405.0,0,29.95,60.0,62.0,62.0,45.0,61.0,1376,72.67,67984728273986
4405.0,1,24.93,58.0,62.0,62.0,44.0,59.0,1292,69.18,38973446781921
4405.0,2,27.75,60.0,66.0,66.0,46.0,62.0,1377,67.97,35027038557922
4405.0,3,30.40,62.0,66.0,66.0,46.0,63.0,1419,73.52,35388649397033
4410.0,0,30.97,59.0,60.0,62.0,45.0,61.0,1334,72.66,67985140242919
4410.0,1,27.69,57.0,62.0,62.0,43.0,58.0,1280,69.58,38973841312683
4411.0,2,27.02,60.0,64.0,64.0,46.0,62.0,1398,67.87,35027422710266
4411.0,3,25.77,61.0,64.0,64.0,46.0,62.0,1440,72.76,35389061933166
4416.0,0,30.28,60.0,62.0,62.0,46.0,62.0,1345,73.50,67985556987060
4416.0,1,26.64,58.0,62.0,62.0,44.0,59.0,1271,69.73,38974236007690
4416.0,2,27.84,59.0,64.0,64.0,46.0,62.0,1387,68.20,35027809388366
4416.0,3,28.42,61.0,64.0,64.0,46.0,62.0,1409,74.34,35389482709655
4422.0,0,26.08,60.0,62.0,62.0,45.0,61.0,1345,72.83,67985969909484
4422.0,1,27.13,57.0,62.0,62.0,43.0,58.0,1282,69.27,38974628787902
4422.0,2,29.58,60.0,64.0,66.0,46.0,62.0,1377,67.70,35028193269287
4422.0,3,29.35,62.0,66.0,64.0,47.0,63.0,1429,73.27,35389898177368
4427.0,0,28.90,60.0,62.0,62.0,45.0,62.0,1344,73.22,67986385065002
4427.0,1,27.12,58.0,62.0,62.0,44.0,58.0,1270,69.78,38975024446777
4428.0,2,27.44,60.0,64.0,64.0,46.0,62.0,1387,68.36,35028580847961
4428.0,3,27.81,61.0,64.0,64.0,46.0,63.0,1419,73.22,35390313332214
4433.0,0,26.28,60.0,62.0,62.0,45.0,62.0,1377,73.06,67986798603271
4433.0,1,28.22,57.0,62.0,62.0,43.0,58.0,1271,69.03,38975415821533
4433.0,2,28.92,60.0,64.0,66.0,46.0,62.0,1398,67.56,35028963889221
4433.0,3,28.91,62.0,66.0,64.0,47.0,63.0,1419,73.11,35390727872375
4439.0,0,30.00,60.0,62.0,62.0,45.0,62.0,1387,73.40,67987214763244
4439.0,1,27.23,56.0,60.0,62.0,43.0,57.0,1261,69.70,38975810346008
4439.0,2,27.98,60.0,64.0,64.0,46.0,62.0,1367,68.51,35029351669372
4439.0,3,27.55,61.0,64.0,64.0,46.0,62.0,1430,73.85,35391145848815
4444.0,0,26.63,59.0,62.0,62.0,45.0,62.0,1344,72.99,67987628611877
4444.0,1,27.83,57.0,62.0,62.0,43.0,58.0,1301,69.17,38976203219665
4445.0,2,29.03,60.0,64.0,64.0,46.0,62.0,1385,68.02,35029738040771
4445.0,3,29.05,62.0,66.0,64.0,47.0,63.0,1438,73.10,35391561075561
4450.0,0,30.12,60.0,62.0,62.0,46.0,62.0,1344,73.18,67988043543518
4450.0,1,27.12,58.0,62.0,62.0,43.0,58.0,1303,69.84,38976599201171
4450.0,2,27.81,60.0,64.0,64.0,46.0,61.0,1420,68.72,35030127014831
4450.0,3,27.47,61.0,64.0,64.0,46.0,62.0,1452,73.70,35391978240112
4456.0,0,29.22,58.0,60.0,62.0,45.0,61.0,1347,72.33,67988453675109
4456.0,1,28.72,57.0,62.0,60.0,43.0,58.0,1304,69.39,38976991958129
4456.0,2,28.09,60.0,66.0,66.0,46.0,62.0,1431,68.23,35030513187744
4456.0,3,25.19,61.0,64.0,64.0,46.0,62.0,1452,72.64,35392390093444
4461.0,0,30.64,60.0,62.0,62.0,45.0,62.0,1366,72.81,67988865792053
4461.0,1,27.43,57.0,62.0,62.0,43.0,59.0,1260,69.68,38977386367248
4462.0,2,25.20,60.0,64.0,66.0,46.0,62.0,1386,68.93,35030904705139
4462.0,3,29.66,61.0,66.0,66.0,46.0,63.0,1429,73.82,35392808631408
4467.0,0,30.64,59.0,60.0,62.0,45.0,61.0,1377,72.53,67989277048217
4467.0,1,28.31,57.0,62.0,60.0,43.0,58.0,1293,68.96,38977777365783
4467.0,2,100.00,60.0,64.0,64.0,46.0,62.0,1388,68.57,35031292797180
4467.0,3,27.43,61.0,64.0,64.0,46.0,62.0,1452,72.95,35393221503845
4473.0,0,30.33,60.0,62.0,62.0,46.0,62.0,1355,72.81,67989689897888
4473.0,1,27.54,58.0,62.0,62.0,43.0,58.0,1312,70.04,38978174490600
4473.0,2,25.75,60.0,64.0,66.0,46.0,62.0,1429,68.70,35031682344665
4473.0,3,28.86,61.0,66.0,66.0,47.0,63.0,1440,73.64,35393639017822
4478.0,0,31.81,60.0,62.0,62.0,45.0,62.0,1335,72.19,67990098479370
4478.0,1,26.43,56.0,60.0,62.0,43.0,58.0,1293,69.09,38978565522460
4479.0,2,25.79,60.0,64.0,64.0,46.0,62.0,1388,68.55,35032070331237
4479.0,3,27.63,61.0,64.0,64.0,46.0,62.0,1408,73.19,35394053266479
4484.0,0,26.91,60.0,62.0,62.0,45.0,62.0,1345,72.50,67990509581420
4484.0,1,25.57,57.0,62.0,62.0,43.0,58.0,1282,69.25,38978958156738
4484.0,2,29.52,61.0,66.0,64.0,46.0,62.0,1377,67.82,35032454861938
4484.0,3,30.58,61.0,64.0,66.0,47.0,62.0,1452,73.51,35394470065124
4490.0,0,29.42,60.0,62.0,62.0,46.0,62.0,1345,73.04,67990923702148
4490.0,1,27.07,56.0,62.0,62.0,43.0,58.0,1270,69.88,38979354385192
4490.0,2,27.51,60.0,64.0,64.0,46.0,62.0,1366,68.09,35032840930053
4490.0,3,27.50,61.0,64.0,64.0,46.0,62.0,1450,72.98,35394883877258
4495.0,0,26.25,59.0,62.0,62.0,45.0,61.0,1345,73.31,67991338660644
4495.0,1,27.81,57.0,62.0,62.0,43.0,58.0,1293,69.10,38979746198059
4496.0,2,28.83,60.0,66.0,66.0,46.0,62.0,1368,67.82,35033224793212
4496.0,3,27.98,62.0,64.0,64.0,47.0,63.0,1441,72.82,35395296044921
4501.0,0,29.35,60.0,62.0,62.0,46.0,62.0,1367,73.20,67991753708618
4501.0,1,27.53,57.0,62.0,62.0,44.0,59.0,1271,69.58,38980140020629
4501.0,2,28.79,59.0,64.0,66.0,46.0,62.0,1397,68.52,35033613299377
4501.0,3,26.38,61.0,64.0,66.0,46.0,62.0,1450,73.81,35395714552856
4507.0,0,31.24,59.0,60.0,62.0,45.0,61.0,1376,71.78,67992160721923
4507.0,1,28.56,58.0,62.0,60.0,43.0,58.0,1249,68.88,38980530562133
4507.0,2,25.66,60.0,64.0,64.0,46.0,62.0,1377,68.17,35033999811279
4507.0,3,25.59,61.0,64.0,64.0,47.0,62.0,1408,73.10,35396129026245
4512.0,0,30.12,59.0,60.0,62.0,45.0,62.0,1365,72.62,67992572497497
4512.0,1,25.85,58.0,62.0,62.0,44.0,59.0,1260,69.34,38980923711303
4513.0,2,27.21,60.0,66.0,64.0,46.0,62.0,1386,68.47,35034388060852
4513.0,3,30.98,61.0,64.0,64.0,46.0,63.0,1419,73.70,35396546907897
4518.0,0,31.05,60.0,62.0,62.0,46.0,62.0,1377,73.30,67992987362670
4518.0,1,25.31,56.0,60.0,62.0,43.0,58.0,1260,69.70,38981318886169
4518.0,2,28.39,61.0,64.0,64.0,46.0,62.0,1387,68.17,35034774559814
4518.0,3,28.06,61.0,64.0,64.0,46.0,63.0,1430,73.33,35396962693542
4524.0,0,26.56,60.0,62.0,60.0,45.0,62.0,1378,73.12,67993401972900
4524.0,1,26.53,57.0,62.0,62.0,43.0,58.0,1271,69.57,38981712627502
4524.0,2,29.67,60.0,64.0,64.0,46.0,62.0,1376,68.20,35035161235107
4524.0,3,29.10,62.0,66.0,64.0,46.0,63.0,1438,73.81,35397381179626
4529.0,0,29.92,60.0,62.0,62.0,45.0,62.0,1363,73.33,67993818503356
4529.0,1,27.43,58.0,60.0,62.0,43.0,58.0,1279,69.83,38982109238098
4530.0,2,28.17,60.0,64.0,64.0,46.0,61.0,1386,68.74,35035551000610
4530.0,3,27.62,61.0,64.0,64.0,46.0,62.0,1408,73.23,35397796398254
4535.0,0,28.07,59.0,62.0,60.0,45.0,62.0,1366,72.70,67994230740356
4535.0,1,28.33,57.0,62.0,62.0,43.0,58.0,1292,69.17,38982501426452
4535.0,2,29.29,60.0,64.0,64.0,46.0,62.0,1398,68.09,35035937079162
4535.0,3,25.68,61.0,64.0,64.0,46.0,63.0,1429,72.80,35398209182067
4541.0,0,30.88,60.0,62.0,62.0,45.0,62.0,1354,72.99,67994644612915
4541.0,1,28.42,58.0,62.0,62.0,43.0,59.0,1291,69.57,38982895868896
4541.0,2,27.29,60.0,64.0,66.0,46.0,62.0,1407,68.88,35036327612854
4541.0,3,27.82,60.0,64.0,64.0,46.0,62.0,1405,73.84,35398628591430
4546.0,0,31.54,58.0,60.0,62.0,45.0,61.0,1331,72.16,67995054460266
4546.0,1,29.16,58.0,62.0,60.0,43.0,58.0,1279,68.99,38983287732055
4547.0,2,25.27,60.0,64.0,64.0,46.0,62.0,1384,68.35,35036716522033
4547.0,3,25.83,61.0,64.0,64.0,46.0,62.0,1428,73.02,35399043367492
4552.0,0,30.39,59.0,62.0,62.0,45.0,62.0,1333,72.43,67995465847961
4552.0,1,26.48,58.0,62.0,62.0,44.0,59.0,1280,69.82,38983683626953
4552.0,2,26.36,61.0,66.0,66.0,46.0,62.0,1418,68.74,35037106255371
4552.0,3,30.68,61.0,66.0,66.0,46.0,62.0,1430,73.76,35399460863708
4558.0,0,31.22,59.0,62.0,62.0,45.0,61.0,1346,73.07,67995879406311
4558.0,1,27.38,57.0,60.0,60.0,43.0,58.0,1304,69.15,38984075690185
4558.0,2,26.39,60.0,64.0,64.0,46.0,62.0,1420,68.61,35037494568786
4558.0,3,27.35,61.0,64.0,64.0,46.0,62.0,1441,72.74,35399873316467
4563.0,0,30.62,59.0,62.0,62.0,45.0,61.0,1345,72.17,67996288597900
4563.0,1,25.40,58.0,62.0,60.0,43.0,58.0,1281,69.95,38984472301757
4564.0,2,26.39,60.0,66.0,66.0,46.0,62.0,1366,68.55,35037883254638
4564.0,3,30.49,61.0,66.0,66.0,46.0,63.0,1430,73.86,35400292111511
4569.0,0,30.74,58.0,60.0,62.0,45.0,61.0,1366,73.13,67996702526550
4569.0,1,27.99,57.0,62.0,60.0,43.0,58.0,1271,69.26,38984864288269
4569.0,2,26.13,60.0,66.0,66.0,46.0,62.0,1377,68.49,35038270918579
4569.0,3,26.87,61.0,64.0,64.0,47.0,63.0,1429,72.84,35400704387451
4575.0,0,30.37,59.0,62.0,62.0,45.0,62.0,1388,72.44,67997113247619
4575.0,1,26.40,58.0,62.0,62.0,43.0,59.0,1282,69.85,38985260328369
4575.0,2,26.43,60.0,66.0,66.0,46.0,61.0,1387,68.87,35038661426086
4575.0,3,30.36,61.0,64.0,64.0,46.0,63.0,1441,73.59,35401121636230
4580.0,0,31.66,59.0,62.0,62.0,45.0,61.0,1345,72.39,67997523693237
4580.0,1,26.78,57.0,60.0,60.0,43.0,58.0,1281,68.83,38985650574462
4581.0,2,25.69,60.0,64.0,64.0,46.0,62.0,1387,68.51,35039049872009
4581.0,3,27.71,61.0,64.0,64.0,46.0,63.0,1440,73.02,35401535663208
4586.0,0,23.58,60.0,62.0,62.0,45.0,62.0,1365,73.50,67997940421264
4586.0,1,25.83,58.0,62.0,62.0,44.0,59.0,1291,70.07,38986047865539
4586.0,2,25.25,61.0,66.0,66.0,46.0,62.0,1418,67.81,35039434334167
4586.0,3,23.22,62.0,66.0,66.0,47.0,63.0,1450,69.72,35401930997070
4592.0,0,29.73,59.0,62.0,62.0,45.0,61.0,1344,75.95,67998371034240
4592.0,1,16.50,59.0,62.0,62.0,44.0,60.0,1312,73.71,38986465794738
4592.0,2,5.27,63.0,66.0,66.0,47.0,64.0,1407,69.12,35039826263793
4592.0,3,5.74,61.0,66.0,66.0,46.0,62.0,1438,65.94,35402304875854
4597.0,0,27.56,59.0,62.0,62.0,45.0,61.0,1395,73.83,67998790361877
4597.0,1,21.79,57.0,62.0,62.0,43.0,58.0,1311,70.74,38986867589843
4598.0,2,0.00,62.0,66.0,66.0,47.0,64.0,1427,73.98,35040246470336
4598.0,3,6.18,63.0,64.0,64.0,47.0,63.0,1438,72.41,35402716146972
4603.0,0,5.74,62.0,62.0,62.0,46.0,63.0,1365,74.10,67999210520446
4603.0,1,8.24,57.0,62.0,62.0,43.0,58.0,1291,67.24,38987248815856
4603.0,2,21.06,60.0,66.0,66.0,46.0,62.0,1418,63.84,35040608462646
4603.0,3,19.94,61.0,64.0,64.0,46.0,62.0,1439,68.17,35403102672790
4609.0,0,13.24,59.0,62.0,62.0,45.0,61.0,1417,74.17,67999631075439
4609.0,1,11.30,57.0,62.0,62.0,43.0,58.0,1300,74.11,38987669027709
4609.0,2,30.41,60.0,66.0,66.0,46.0,62.0,1427,69.53,35041003370178
4609.0,3,32.23,61.0,64.0,64.0,46.0,62.0,1460,69.44,35403497094299
4614.0,0,25.77,59.0,64.0,64.0,45.0,62.0,1344,82.62,68000099519470
4614.0,1,7.04,60.0,62.0,62.0,44.0,60.0,1301,77.29,38988108033386
4615.0,2,19.11,62.0,64.0,64.0,47.0,63.0,1428,68.83,35041393656555
4615.0,3,18.99,61.0,66.0,66.0,46.0,62.0,1449,67.71,35403881035095
4620.0,0,26.52,59.0,62.0,62.0,45.0,62.0,1354,75.95,68000530930847
4620.0,1,6.11,60.0,62.0,62.0,44.0,60.0,1301,73.88,38988526937072
4620.0,2,19.58,61.0,64.0,66.0,47.0,63.0,1429,70.17,35041791507202
4620.0,3,19.02,61.0,66.0,66.0,46.0,62.0,1450,70.07,35404278358703
4626.0,0,32.66,59.0,64.0,64.0,45.0,62.0,1409,74.21,68000950960205
4626.0,1,26.29,59.0,62.0,62.0,44.0,60.0,1314,71.96,38988934972351
4626.0,2,7.93,62.0,66.0,66.0,47.0,63.0,1419,76.38,35042224596496
4626.0,3,8.26,63.0,64.0,64.0,47.0,63.0,1440,71.73,35404685061218
4631.0,0,17.78,59.0,62.0,62.0,45.0,61.0,1377,74.58,68001373810424
4631.0,1,15.57,58.0,62.0,62.0,43.0,59.0,1335,71.90,38989341919799
4632.0,2,14.92,60.0,64.0,64.0,46.0,62.0,1440,70.15,35042622342102
4632.0,3,21.41,60.0,64.0,62.0,46.0,62.0,1462,73.33,35405100858825
4637.0,0,25.51,60.0,62.0,62.0,45.0,61.0,1376,83.05,68001845554443
4637.0,1,21.03,57.0,62.0,62.0,44.0,59.0,1333,78.24,38989786344787
4637.0,2,25.70,62.0,66.0,66.0,47.0,64.0,1440,74.53,35043044911315
4637.0,3,18.54,61.0,64.0,64.0,46.0,62.0,1440,73.74,35405518979980
4643.0,0,16.34,59.0,60.0,60.0,45.0,62.0,1376,76.33,68002277604431
4643.0,1,22.60,57.0,62.0,62.0,44.0,58.0,1345,72.14,38990195403564
4643.0,2,22.18,61.0,64.0,64.0,46.0,62.0,1419,70.36,35043443841552
4643.0,3,20.49,60.0,64.0,64.0,46.0,62.0,1440,69.77,35405913856872
4648.0,0,27.86,60.0,64.0,64.0,46.0,62.0,1387,80.77,68002735552062
4648.0,1,33.81,59.0,62.0,62.0,44.0,60.0,1292,75.57,38990623876220
4649.0,2,20.23,63.0,66.0,66.0,47.0,64.0,1418,72.25,35043853494567
4649.0,3,18.84,62.0,64.0,64.0,46.0,63.0,1407,68.54,35406303156311
4654.0,0,30.41,59.0,62.0,62.0,45.0,61.0,1376,73.59,68003152781494
4654.0,1,24.68,57.0,64.0,64.0,43.0,58.0,1323,70.39,38991023001647
4654.0,2,16.49,60.0,66.0,66.0,46.0,62.0,1440,71.42,35044258436157
4654.0,3,7.43,63.0,64.0,64.0,47.0,63.0,1462,75.61,35406731843322
4660.0,0,30.36,59.0,64.0,64.0,45.0,62.0,1356,70.54,68003552719726
4660.0,1,6.42,60.0,62.0,62.0,44.0,60.0,1314,65.65,38991394574645
4660.0,2,6.28,60.0,64.0,64.0,46.0,62.0,1419,61.15,35044604545715
4660.0,3,7.56,61.0,64.0,64.0,46.0,62.0,1408,62.69,35407086689819
4665.0,0,29.78,60.0,62.0,62.0,46.0,62.0,1366,71.12,68003955943786
4665.0,1,26.99,58.0,62.0,62.0,44.0,59.0,1302,70.76,38991795801574
4666.0,2,29.64,61.0,66.0,66.0,46.0,62.0,1397,73.10,35045018996154
4666.0,3,27.76,61.0,64.0,64.0,46.0,62.0,1408,75.32,35407513756835
4671.0,0,25.72,61.0,62.0,62.0,46.0,63.0,1344,76.42,68004389229492
4671.0,1,27.38,58.0,62.0,62.0,44.0,59.0,1290,70.16,38992194311645
4671.0,2,29.13,61.0,64.0,64.0,46.0,62.0,1407,67.91,35045404739929
4671.0,3,29.15,61.0,64.0,64.0,46.0,62.0,1438,75.82,35407944422912
4677.0,0,27.43,59.0,62.0,62.0,45.0,62.0,1354,74.39,68004811745422
4677.0,1,28.92,58.0,62.0,60.0,44.0,59.0,1291,69.62,38992589081298
4677.0,2,29.23,61.0,66.0,66.0,46.0,62.0,1417,68.23,35045791618896
4677.0,3,26.36,61.0,64.0,66.0,46.0,62.0,1439,76.72,35408379430053
4682.0,0,32.81,60.0,62.0,62.0,46.0,62.0,1332,75.90,68005242085205
4683.0,1,25.94,56.0,60.0,62.0,43.0,58.0,1292,70.37,38992988066589
4683.0,2,25.24,60.0,64.0,64.0,46.0,62.0,1387,67.73,35046175631042
4683.0,3,29.10,61.0,66.0,66.0,46.0,63.0,1429,74.99,35408804626770
4688.0,0,26.45,60.0,62.0,62.0,46.0,63.0,1345,75.66,68005671067077
4688.0,1,27.75,58.0,62.0,60.0,44.0,59.0,1270,70.57,38993388195617
4688.0,2,29.67,61.0,66.0,64.0,46.0,62.0,1385,68.61,35046564636352
4688.0,3,28.51,61.0,66.0,66.0,46.0,63.0,1439,76.97,35409241022216
4694.0,0,32.04,60.0,62.0,62.0,46.0,63.0,1323,75.51,68006099199951
4694.0,1,24.79,58.0,60.0,62.0,43.0,58.0,1280,70.07,38993785507629
4694.0,2,24.32,60.0,64.0,64.0,46.0,62.0,1376,67.91,35046949704467
4694.0,3,29.85,61.0,66.0,66.0,47.0,63.0,1439,75.13,35409667015747
4699.0,0,26.22,60.0,62.0,62.0,46.0,62.0,1334,75.36,68006526507080
4700.0,1,28.48,58.0,62.0,60.0,44.0,59.0,1302,70.07,38994183477722
4700.0,2,29.05,61.0,66.0,66.0,46.0,62.0,1396,68.30,35047337640747
4700.0,3,27.62,61.0,66.0,66.0,46.0,63.0,1439,76.46,35410101327819
4705.0,0,33.01,60.0,62.0,62.0,46.0,63.0,1364,75.83,68006957202941
4705.0,1,26.33,56.0,60.0,62.0,43.0,58.0,1280,69.97,38994580221130
4705.0,2,24.81,60.0,64.0,64.0,46.0,62.0,1386,67.73,35047721681701
4705.0,3,28.65,61.0,66.0,66.0,46.0,62.0,1438,74.81,35410525518127
4711.0,0,26.27,60.0,62.0,62.0,46.0,62.0,1417,75.40,68007384722167
4711.0,1,27.98,58.0,62.0,60.0,44.0,59.0,1269,70.49,38994979875854
4711.0,2,29.44,60.0,66.0,66.0,46.0,62.0,1354,68.37,35048109328186
4711.0,3,27.16,62.0,66.0,66.0,47.0,62.0,1418,76.75,35410961467956
4716.0,0,31.71,60.0,62.0,62.0,46.0,62.0,1366,76.17,68007816588867
4717.0,1,25.01,58.0,62.0,62.0,44.0,59.0,1281,70.67,38995380583496
4717.0,2,25.40,60.0,64.0,64.0,46.0,61.0,1367,67.71,35048493225280
4717.0,3,30.62,61.0,66.0,66.0,46.0,63.0,1430,74.64,35411383953979
4722.0,0,30.93,60.0,62.0,62.0,45.0,62.0,1387,75.71,68008245852172
4722.0,1,29.23,56.0,62.0,62.0,43.0,58.0,1281,69.80,38995776371337
4722.0,2,24.83,60.0,64.0,64.0,46.0,61.0,1355,67.98,35048878669372
4723.0,3,26.51,61.0,64.0,64.0,47.0,63.0,1417,75.68,35411813788208
4728.0,0,26.38,61.0,62.0,62.0,46.0,63.0,1365,76.16,68008677682312
4728.0,1,25.40,58.0,62.0,62.0,44.0,59.0,1291,71.33,38996180816162
4728.0,2,30.21,61.0,66.0,66.0,46.0,62.0,1397,68.54,35049267984619
4728.0,3,29.77,61.0,66.0,66.0,46.0,63.0,1430,76.87,35412248857666
4733.0,0,31.42,60.0,62.0,62.0,46.0,62.0,1376,75.64,68009106580383
4734.0,1,25.41,58.0,62.0,62.0,44.0,59.0,1281,69.89,38996577093017
4734.0,2,25.09,60.0,66.0,66.0,46.0,62.0,1408,68.06,35049653211242
4734.0,3,29.85,62.0,66.0,66.0,47.0,63.0,1408,75.26,35412676355590
4739.0,0,28.77,59.0,62.0,62.0,45.0,62.0,1398,74.41,68009528490295
4739.0,1,29.95,57.0,60.0,60.0,43.0,58.0,1282,69.46,38996970920288
4739.0,2,26.10,60.0,64.0,64.0,46.0,62.0,1388,67.54,35050036136474
4740.0,3,25.94,62.0,64.0,64.0,47.0,64.0,1420,75.88,35413105825805
4745.0,0,27.15,60.0,62.0,62.0,46.0,62.0,1366,76.75,68009963691101
4745.0,1,24.58,58.0,62.0,62.0,44.0,59.0,1280,71.45,38997376023193
4745.0,2,28.75,60.0,64.0,66.0,46.0,62.0,1418,68.71,35050425739379
4745.0,3,31.74,62.0,66.0,66.0,47.0,63.0,1439,75.40,35413533364196
4750.0,0,29.78,59.0,60.0,62.0,45.0,61.0,1334,74.70,68010387214294
4751.0,1,29.01,56.0,62.0,60.0,43.0,58.0,1281,69.40,38997769528991
4751.0,2,26.83,61.0,66.0,64.0,46.0,62.0,1386,67.72,35050809719360
4751.0,3,25.35,62.0,66.0,66.0,47.0,63.0,1429,76.48,35413966992492
4756.0,0,29.80,60.0,62.0,62.0,46.0,62.0,1344,75.78,68010816899597
4756.0,1,24.93,58.0,62.0,62.0,44.0,59.0,1290,71.17,38998173055969
4756.0,2,26.37,60.0,64.0,64.0,46.0,62.0,1376,68.59,35051198652648
4757.0,3,31.58,62.0,66.0,66.0,47.0,63.0,1439,74.91,35414391724792
4762.0,0,27.00,59.0,62.0,62.0,45.0,62.0,1365,75.04,68011242364990
4762.0,1,29.07,58.0,62.0,62.0,44.0,59.0,1292,70.47,38998572615783
4762.0,2,28.27,61.0,66.0,64.0,46.0,62.0,1429,69.97,35051595409362
4762.0,3,26.66,62.0,66.0,66.0,46.0,63.0,1440,76.98,35414828203491
4767.0,0,32.60,60.0,62.0,62.0,46.0,62.0,1376,75.00,68011667598266
4768.0,1,25.89,56.0,60.0,62.0,43.0,58.0,1292,70.29,38998971151794
4768.0,2,24.57,60.0,64.0,64.0,46.0,62.0,1419,68.36,35051982994873
4768.0,3,29.15,62.0,66.0,66.0,47.0,62.0,1418,74.66,35415251546325
4773.0,0,25.92,61.0,62.0,62.0,46.0,63.0,1386,75.80,68012097389160
4773.0,1,26.24,58.0,62.0,62.0,43.0,59.0,1280,71.12,38999374415100
4773.0,2,29.62,61.0,66.0,66.0,46.0,62.0,1396,68.72,35052373339660
4774.0,3,29.14,62.0,66.0,66.0,47.0,63.0,1428,76.78,35415687683166
4779.0,0,33.09,60.0,62.0,62.0,46.0,63.0,1355,75.03,68012522802734
4779.0,1,25.88,57.0,62.0,62.0,43.0,58.0,1280,69.65,38999770011474
4779.0,2,25.63,60.0,64.0,64.0,46.0,61.0,1397,68.13,35052759646118
4779.0,3,27.31,62.0,66.0,66.0,47.0,63.0,1440,75.08,35416113398071
4784.0,0,27.09,59.0,60.0,62.0,45.0,62.0,1365,75.51,68012950939392
4785.0,1,29.82,56.0,60.0,60.0,43.0,58.0,1313,69.78,39000164979797
4785.0,2,27.35,61.0,66.0,64.0,46.0,62.0,1418,68.20,35053146356567
4785.0,3,25.19,63.0,66.0,66.0,47.0,63.0,1439,76.95,35416549718994
4790.0,0,27.23,60.0,62.0,62.0,46.0,62.0,1386,76.56,68013385802978
4790.0,1,25.21,58.0,62.0,62.0,44.0,59.0,1301,71.35,39000570219787
4790.0,2,28.92,60.0,64.0,66.0,46.0,62.0,1386,68.70,35053535876892
4791.0,3,32.22,62.0,66.0,66.0,47.0,63.0,1440,75.43,35416977413879
4796.0,0,32.19,60.0,62.0,62.0,46.0,63.0,1377,74.56,68013808539123
4796.0,1,25.38,58.0,62.0,62.0,43.0,58.0,1282,69.96,39000966876770
4796.0,2,25.68,60.0,64.0,64.0,46.0,61.0,1357,68.46,35053923367797
4796.0,3,28.83,62.0,66.0,66.0,47.0,63.0,1452,75.42,35417404286499
4801.0,0,27.16,59.0,60.0,62.0,45.0,62.0,1388,74.88,68014232345214
4802.0,1,29.62,57.0,62.0,60.0,43.0,59.0,1292,70.31,39001364855102
4802.0,2,29.23,61.0,66.0,64.0,46.0,62.0,1407,68.75,35054313158386
4802.0,3,25.86,62.0,66.0,66.0,47.0,63.0,1429,77.30,35417842588684
4807.0,0,27.19,61.0,62.0,62.0,46.0,63.0,1355,76.50,68014666101562
4807.0,1,25.12,58.0,62.0,62.0,44.0,59.0,1292,71.36,39001769467834
4807.0,2,27.33,60.0,64.0,66.0,46.0,62.0,1419,69.02,35054704474304
4808.0,3,32.55,62.0,66.0,66.0,47.0,63.0,1440,74.89,35418267218688
4813.0,0,31.63,60.0,62.0,62.0,45.0,62.0,1386,74.13,68015086397949
4813.0,1,27.00,56.0,60.0,62.0,43.0,58.0,1313,69.80,39002165231323
4813.0,2,25.43,60.0,64.0,64.0,46.0,62.0,1408,68.18,35055091047912
4813.0,3,26.57,61.0,64.0,66.0,46.0,63.0,1450,75.27,35418693973266
4818.0,0,25.84,60.0,62.0,62.0,45.0,62.0,1313,75.28,68015513231018
4819.0,1,26.95,58.0,62.0,60.0,44.0,59.0,1302,70.59,39002565465209
4819.0,2,30.04,61.0,66.0,66.0,46.0,62.0,1418,69.28,35055483865173
4819.0,3,27.42,62.0,66.0,66.0,47.0,63.0,1440,77.11,35419131184326
4824.0,0,26.94,61.0,62.0,62.0,46.0,63.0,1397,76.56,68015947330993
4824.0,1,25.56,58.0,62.0,62.0,44.0,59.0,1292,71.05,39002968298034
4824.0,2,27.24,60.0,64.0,66.0,46.0,62.0,1367,68.60,35055872814575
4825.0,3,32.25,62.0,66.0,66.0,46.0,63.0,1440,75.02,35419556552795
4830.0,0,31.86,60.0,62.0,62.0,46.0,62.0,1386,74.27,68016368435119
4830.0,1,26.40,56.0,62.0,62.0,43.0,58.0,1270,69.83,39003364244934
4830.0,2,25.99,60.0,64.0,64.0,46.0,62.0,1417,68.47,35056261034606
4830.0,3,26.99,62.0,66.0,66.0,47.0,63.0,1449,75.47,35419985197326
4835.0,0,27.45,59.0,60.0,62.0,45.0,61.0,1365,75.26,68016795155090
4836.0,1,29.43,57.0,62.0,60.0,44.0,58.0,1313,69.94,39003760822570
4836.0,2,28.99,61.0,66.0,64.0,46.0,62.0,1409,68.98,35056652143310
4836.0,3,25.73,62.0,66.0,66.0,47.0,63.0,1440,77.31,35420422763977
4841.0,0,27.04,61.0,62.0,62.0,46.0,63.0,1356,76.23,68017227377441
4841.0,1,25.29,58.0,62.0,62.0,44.0,59.0,1291,71.34,39004165329956
4841.0,2,27.82,60.0,64.0,66.0,46.0,61.0,1386,68.84,35057042441101
4842.0,3,32.39,62.0,66.0,66.0,47.0,63.0,1439,75.18,35420849806091
4847.0,0,32.40,61.0,62.0,62.0,46.0,62.0,1364,74.40,68017649236083
4847.0,1,25.29,56.0,60.0,62.0,43.0,58.0,1300,69.99,39004562891601
4847.0,2,25.88,60.0,64.0,64.0,46.0,62.0,1417,68.48,35057431428894
4847.0,3,28.56,62.0,66.0,66.0,47.0,63.0,1448,75.42,35421277449340
4852.0,0,26.92,59.0,62.0,62.0,45.0,61.0,1374,74.37,68018071680541
4853.0,1,29.35,57.0,62.0,60.0,44.0,59.0,1291,70.02,39004959881530
4853.0,2,29.11,61.0,66.0,64.0,46.0,62.0,1396,68.58,35057820980712
4853.0,3,25.51,62.0,66.0,66.0,47.0,63.0,1439,77.36,35421716082824
4858.0,0,27.75,60.0,62.0,62.0,46.0,62.0,1367,76.20,68018503754760
4858.0,1,24.89,58.0,62.0,62.0,44.0,59.0,1293,71.26,39005363941467
4858.0,2,27.64,60.0,64.0,66.0,46.0,62.0,1367,69.16,35058212442077
4859.0,3,32.37,62.0,66.0,66.0,47.0,63.0,1441,75.32,35422143159545
4864.0,0,30.85,60.0,62.0,62.0,45.0,62.0,1365,74.47,68018925987854
4864.0,1,29.51,56.0,60.0,60.0,43.0,58.0,1291,69.82,39005759842346
4864.0,2,25.19,59.0,64.0,64.0,46.0,62.0,1408,68.52,35058600965515
4864.0,3,26.40,62.0,66.0,64.0,47.0,64.0,1450,75.85,35422573212097
4869.0,0,26.26,61.0,62.0,62.0,46.0,63.0,1398,76.06,68019357262939
4870.0,1,24.22,58.0,62.0,62.0,44.0,59.0,1313,71.56,39006165579284
4870.0,2,29.13,61.0,66.0,66.0,46.0,62.0,1418,69.41,35058994525756
4870.0,3,30.18,62.0,66.0,66.0,47.0,63.0,1440,76.22,35423005352783
4875.0,0,32.49,60.0,62.0,62.0,45.0,62.0,1366,74.68,68019780683898
4875.0,1,27.12,56.0,62.0,62.0,43.0,58.0,1302,69.72,39006560865051
4875.0,2,25.05,60.0,64.0,64.0,46.0,62.0,1398,68.19,35059381138916
4876.0,3,27.41,62.0,66.0,66.0,47.0,63.0,1450,74.99,35423430560546
4881.0,0,25.80,60.0,62.0,62.0,46.0,62.0,1398,74.98,68020205803771
4881.0,1,27.71,58.0,62.0,60.0,44.0,59.0,1281,70.52,39006960700500
4881.0,2,30.14,61.0,66.0,66.0,46.0,62.0,1418,69.23,35059773645385
4881.0,3,27.17,62.0,66.0,66.0,47.0,63.0,1430,77.12,35423867815795
4886.0,0,32.17,60.0,62.0,62.0,46.0,62.0,1355,74.86,68020630247314
4887.0,1,25.87,57.0,60.0,62.0,43.0,58.0,1270,70.17,39007358580017
4887.0,2,25.40,59.0,64.0,64.0,46.0,61.0,1377,68.16,35060160085754
4887.0,3,28.87,62.0,66.0,66.0,47.0,63.0,1429,74.84,35424292172180
4892.0,0,25.10,61.0,62.0,62.0,46.0,62.0,1366,75.74,68021058911926
4892.0,1,26.99,58.0,62.0,62.0,44.0,59.0,1281,71.26,39007762640075
4892.0,2,29.41,61.0,66.0,66.0,46.0,62.0,1355,69.60,35060554733947
4893.0,3,27.26,63.0,66.0,66.0,47.0,64.0,1419,76.44,35424725567016
4898.0,0,0.00,59.0,60.0,60.0,45.0,61.0,1376,60.70,68021403056945
4898.0,1,0.00,56.0,62.0,62.0,43.0,58.0,1249,58.50,39008094312805
4898.0,2,0.00,60.0,64.0,64.0,46.0,61.0,1408,61.08,35060901049987
4898.0,3,0.00,62.0,64.0,64.0,46.0,63.0,1440,62.19,35425078187194
4904.0,0,0.00,58.0,60.0,60.0,44.0,61.0,1333,53.98,68021709635742
4904.0,1,0.00,56.0,62.0,62.0,43.0,58.0,1280,53.46,39008397451660
4904.0,2,0.00,60.0,64.0,64.0,46.0,62.0,1407,55.16,35061213809997
4904.0,3,0.00,61.0,64.0,64.0,46.0,62.0,1439,57.00,35425401400756
4909.0,0,21.18,59.0,62.0,62.0,45.0,61.0,1354,61.20,68022056617248
4909.0,1,0.00,59.0,62.0,62.0,44.0,59.0,1269,57.47,39008723317565
4909.0,2,0.00,59.0,64.0,64.0,45.0,61.0,1407,55.44,35061528167175
4910.0,3,0.00,61.0,64.0,64.0,46.0,62.0,1439,56.99,35425724512268
4915.0,0,42.99,59.0,60.0,60.0,45.0,61.0,1376,73.79,68022475023010
4915.0,1,41.06,57.0,60.0,60.0,43.0,58.0,1228,74.06,39009143226440
4915.0,2,40.86,60.0,64.0,64.0,46.0,62.0,1355,76.75,35061963325622
4915.0,3,40.16,61.0,64.0,64.0,46.0,62.0,1439,79.32,35426174273620
4921.0,0,42.80,59.0,60.0,60.0,45.0,61.0,1312,79.24,68022924308288
4921.0,1,41.64,57.0,62.0,60.0,43.0,58.0,1248,75.47,39009571148254
4921.0,2,40.45,60.0,64.0,64.0,46.0,62.0,1355,73.80,35062381788635
4921.0,3,39.33,61.0,64.0,64.0,46.0,62.0,1408,80.47,35426631341857
4926.0,0,43.45,59.0,60.0,60.0,45.0,61.0,1335,78.70,68023370561035
4926.0,1,39.66,57.0,60.0,60.0,43.0,58.0,1261,75.29,39009998038269
4926.0,2,38.57,60.0,64.0,64.0,46.0,62.0,1346,73.79,35062800187500
4927.0,3,39.40,61.0,64.0,64.0,46.0,62.0,1378,80.50,35427086960571
4932.0,0,42.15,59.0,60.0,60.0,45.0,61.0,1345,78.62,68023815539123
4932.0,1,40.36,57.0,60.0,60.0,44.0,58.0,1270,75.18,39010424325744
4932.0,2,40.03,60.0,64.0,64.0,46.0,62.0,1397,73.76,35063218380249
4932.0,3,38.14,61.0,64.0,64.0,47.0,63.0,1439,80.58,35427543868286
4938.0,0,14.54,62.0,62.0,62.0,46.0,63.0,1365,86.44,68024306532165
4938.0,1,30.48,57.0,62.0,62.0,43.0,58.0,1270,75.87,39010854484008
4938.0,2,29.18,61.0,66.0,66.0,46.0,62.0,1408,73.48,35063635001159
4938.0,3,27.93,62.0,66.0,66.0,46.0,63.0,1429,74.50,35427966278686
4943.0,0,22.22,61.0,62.0,62.0,46.0,63.0,1397,84.38,68024784987792
4943.0,1,29.02,58.0,62.0,62.0,44.0,59.0,1313,80.05,39011308388793
4943.0,2,27.09,61.0,66.0,66.0,47.0,63.0,1408,77.30,35064073315124
4944.0,3,25.94,61.0,64.0,64.0,46.0,62.0,1472,77.13,35428403624389
4949.0,0,26.27,60.0,64.0,64.0,45.0,62.0,1429,83.29,68025257235839
4949.0,1,22.16,58.0,64.0,64.0,44.0,58.0,1323,78.32,39011752446838
4949.0,2,31.95,62.0,66.0,66.0,47.0,64.0,1461,74.43,35064495357543
4949.0,3,20.25,63.0,66.0,66.0,47.0,64.0,1482,75.46,35428831499206
4955.0,0,25.20,60.0,64.0,64.0,46.0,62.0,1387,82.84,68025726117187
4955.0,1,27.84,58.0,64.0,64.0,44.0,58.0,1302,76.86,39012188218139
4955.0,2,32.01,62.0,66.0,66.0,47.0,64.0,1439,74.14,35064915709472
4955.0,3,15.76,64.0,66.0,66.0,47.0,64.0,1481,75.48,35429259498779
4960.0,0,25.67,62.0,62.0,62.0,46.0,63.0,1429,80.91,68026185670593
4960.0,1,22.52,58.0,62.0,62.0,44.0,59.0,1301,75.88,39012618449279
4961.0,2,21.02,61.0,64.0,64.0,46.0,63.0,1470,72.63,35065327521728
4961.0,3,18.44,62.0,64.0,64.0,47.0,63.0,1470,72.99,35429673342651
4966.0,0,36.93,63.0,64.0,64.0,47.0,64.0,1417,87.56,68026682134826
4966.0,1,22.46,59.0,62.0,64.0,44.0,60.0,1344,79.05,39013066687866
4966.0,2,21.52,61.0,66.0,66.0,46.0,62.0,1429,75.74,35065756989562
4966.0,3,19.56,62.0,66.0,66.0,47.0,63.0,1483,74.66,35430096659301
4972.0,0,25.20,60.0,64.0,64.0,46.0,62.0,1430,79.57,68027133309143
4972.0,1,29.27,58.0,64.0,64.0,44.0,59.0,1313,80.47,39013522936645
4972.0,2,26.46,61.0,66.0,66.0,46.0,63.0,1450,78.36,35066201297912
4972.0,3,19.98,65.0,66.0,66.0,47.0,64.0,1481,77.00,35430534008239
4977.0,0,16.35,61.0,62.0,62.0,46.0,63.0,1418,79.27,68027582787597
4977.0,1,15.40,58.0,62.0,62.0,44.0,59.0,1334,75.17,39013949172241
4978.0,2,27.32,61.0,66.0,66.0,46.0,63.0,1430,71.51,35066606742004
4978.0,3,24.93,61.0,64.0,64.0,46.0,62.0,1462,72.89,35430946539062
4983.0,0,28.51,63.0,64.0,64.0,47.0,64.0,1397,86.21,68028071610717
4983.0,1,20.41,58.0,64.0,64.0,44.0,59.0,1312,78.05,39014391688110
4983.0,2,19.12,61.0,66.0,66.0,46.0,62.0,1439,75.66,35067035717956
4983.0,3,32.43,62.0,66.0,66.0,47.0,63.0,1481,72.59,35431358835693
4989.0,0,36.87,63.0,64.0,64.0,47.0,64.0,1418,82.23,68028537861755
4989.0,1,21.84,59.0,62.0,64.0,44.0,60.0,1324,76.36,39014824634887
4989.0,2,20.81,61.0,66.0,66.0,46.0,62.0,1440,73.87,35067454585449
4989.0,3,20.99,62.0,66.0,66.0,46.0,63.0,1441,73.64,35431775628234
4994.0,0,19.17,59.0,64.0,64.0,45.0,62.0,1408,80.02,68028991596008
4994.0,1,16.03,57.0,62.0,62.0,44.0,59.0,1334,80.69,39015282137512
4995.0,2,27.81,61.0,64.0,64.0,46.0,62.0,1419,77.25,35067892585998
4995.0,3,33.61,61.0,64.0,64.0,46.0,62.0,1461,76.02,35432206658569
5000.0,0,26.30,60.0,64.0,64.0,46.0,62.0,1398,86.06,68029479578552
5000.0,1,27.93,58.0,64.0,64.0,44.0,60.0,1334,80.20,39015736850524
5000.0,2,26.73,63.0,66.0,66.0,47.0,64.0,1450,77.41,35068331513061
5000.0,3,20.02,64.0,66.0,66.0,47.0,64.0,1481,75.11,35432632504333
5006.0,0,41.71,60.0,64.0,64.0,46.0,63.0,1418,80.32,68029934970336
5006.0,1,26.32,60.0,64.0,64.0,45.0,61.0,1344,76.73,39016171885375
5006.0,2,15.02,64.0,66.0,66.0,48.0,64.0,1481,73.82,35068750073730
5006.0,3,19.23,62.0,64.0,64.0,47.0,63.0,1461,71.32,35433037627136
5011.0,0,34.77,60.0,64.0,64.0,46.0,62.0,1427,81.78,68030399456787
5011.0,1,28.93,58.0,64.0,64.0,44.0,59.0,1332,76.45,39016606099426
5012.0,2,22.44,63.0,66.0,66.0,47.0,64.0,1448,76.19,35069182844909
5012.0,3,16.05,64.0,66.0,66.0,47.0,64.0,1460,80.94,35433496531860
5017.0,0,25.85,62.0,64.0,62.0,47.0,64.0,1408,82.34,68030866338867
5017.0,1,20.79,58.0,64.0,64.0,44.0,59.0,1323,75.38,39017033511962
5017.0,2,19.61,61.0,66.0,66.0,47.0,62.0,1439,73.22,35069597991882
5017.0,3,33.88,63.0,66.0,66.0,47.0,64.0,1470,71.57,35433902317993
5023.0,0,24.98,60.0,64.0,64.0,46.0,62.0,1449,78.92,68031313840942
5023.0,1,20.12,58.0,64.0,64.0,44.0,59.0,1323,76.89,39017469469421
5023.0,2,19.72,60.0,64.0,66.0,46.0,62.0,1471,74.48,35070020299682
5023.0,3,18.04,62.0,64.0,66.0,47.0,63.0,1471,75.05,35434327867980
5028.0,0,39.62,62.0,64.0,64.0,47.0,64.0,1387,88.71,68031816814453
5028.0,1,21.46,61.0,64.0,62.0,45.0,61.0,1322,78.97,39017918044860
5029.0,2,19.91,61.0,68.0,68.0,46.0,63.0,1406,74.23,35070441925476
5029.0,3,19.97,61.0,66.0,66.0,46.0,63.0,1490,74.11,35434748815185
5034.0,0,36.01,64.0,64.0,64.0,47.0,64.0,1437,79.38,68032267704895
5034.0,1,20.29,58.0,62.0,64.0,45.0,60.0,1352,74.98,39018343944335
5034.0,2,22.23,61.0,68.0,68.0,46.0,62.0,1437,74.66,35070866002075
5034.0,3,22.26,62.0,66.0,66.0,46.0,63.0,1459,75.14,35435175600280
5040.0,0,9.55,62.0,64.0,62.0,47.0,64.0,1439,80.17,68032722271484
5040.0,1,23.29,60.0,62.0,62.0,45.0,60.0,1366,79.37,39018793996459
5040.0,2,25.23,62.0,66.0,66.0,47.0,63.0,1460,76.84,35071301688476
5040.0,3,23.90,63.0,66.0,66.0,47.0,63.0,1470,76.84,35435611308837
5045.0,0,28.25,60.0,64.0,64.0,46.0,63.0,1406,83.28,68033195289245
5045.0,1,29.65,58.0,64.0,64.0,44.0,59.0,1323,76.84,39019229672912
5046.0,2,28.15,61.0,66.0,66.0,47.0,63.0,1440,74.05,35071721523803
5046.0,3,15.59,63.0,66.0,66.0,47.0,64.0,1493,75.33,35436038411010
5051.0,0,19.97,63.0,64.0,64.0,47.0,64.0,1420,81.93,68033659029846
5051.0,1,14.98,58.0,62.0,62.0,44.0,59.0,1345,74.33,39019651151916
5051.0,2,24.79,61.0,66.0,66.0,46.0,63.0,1451,70.98,35072123980468
5051.0,3,25.08,61.0,66.0,66.0,46.0,63.0,1493,71.55,35436444099792
5057.0,0,33.31,61.0,64.0,64.0,46.0,62.0,1430,85.39,68034143191101
5057.0,1,37.03,59.0,64.0,64.0,45.0,61.0,1346,81.65,39020113284484
5057.0,2,16.49,63.0,68.0,68.0,47.0,65.0,1484,80.54,35072579817871
5057.0,3,14.68,64.0,66.0,66.0,47.0,64.0,1463,77.13,35436880671508
5062.0,0,16.64,62.0,64.0,64.0,47.0,63.0,1409,79.46,68034592947326
5062.0,1,30.44,58.0,64.0,64.0,44.0,59.0,1346,72.30,39020523237670
5063.0,2,28.10,61.0,66.0,66.0,47.0,63.0,1462,70.29,35072978371337
5063.0,3,27.24,63.0,66.0,66.0,47.0,63.0,1462,73.29,35437296220825
5068.0,0,27.57,60.0,64.0,64.0,46.0,63.0,1461,77.70,68035033523742
5068.0,1,25.47,57.0,62.0,64.0,44.0,59.0,1334,75.06,39020948838989
5068.0,2,31.13,60.0,66.0,66.0,46.0,62.0,1450,72.60,35073389996520
5068.0,3,20.29,61.0,64.0,64.0,46.0,62.0,1471,73.17,35437711094177
5074.0,0,29.63,60.0,64.0,64.0,46.0,63.0,1408,76.65,68035468119323
5074.0,1,27.21,59.0,62.0,62.0,44.0,60.0,1345,72.64,39021360007202
5074.0,2,22.11,62.0,66.0,66.0,47.0,64.0,1462,71.74,35073796051940
5074.0,3,22.87,62.0,66.0,66.0,47.0,64.0,1419,75.02,35438136475463
5079.0,0,25.49,62.0,64.0,62.0,47.0,64.0,1399,78.44,68035912853332
5079.0,1,21.61,60.0,64.0,62.0,45.0,60.0,1334,74.47,39021782257019
5080.0,2,24.00,63.0,66.0,66.0,47.0,63.0,1429,72.81,35074208905578
5080.0,3,30.52,63.0,66.0,66.0,47.0,63.0,1460,76.18,35438568414001
5085.0,0,33.28,61.0,64.0,64.0,46.0,63.0,1416,76.78,68036348955078
5085.0,1,22.30,59.0,64.0,64.0,44.0,60.0,1342,73.69,39022200828674
5085.0,2,21.53,62.0,66.0,66.0,47.0,64.0,1437,71.81,35074617486328
5085.0,3,23.55,62.0,66.0,66.0,47.0,63.0,1469,75.37,35438996513366
5091.0,0,26.60,60.0,64.0,64.0,46.0,62.0,1417,77.71,68036790320373
5091.0,1,28.04,59.0,64.0,64.0,44.0,60.0,1354,72.92,39022614986938
5091.0,2,21.95,62.0,66.0,66.0,47.0,64.0,1439,71.75,35075024308776
5091.0,3,24.17,62.0,66.0,66.0,47.0,64.0,1450,75.28,35439423323974
5096.0,0,26.05,60.0,64.0,64.0,46.0,62.0,1387,78.30,68037234263977
5096.0,1,26.72,58.0,64.0,64.0,44.0,59.0,1344,73.02,39023029030151
5097.0,2,23.81,62.0,66.0,66.0,47.0,63.0,1440,71.96,35075432347106
5097.0,3,24.49,62.0,66.0,66.0,47.0,64.0,1461,75.41,35439850891052
5102.0,0,26.28,60.0,64.0,64.0,46.0,62.0,1408,78.52,68037678702636
5102.0,1,26.09,58.0,64.0,64.0,44.0,59.0,1345,73.20,39023444065429
5102.0,2,23.82,62.0,66.0,66.0,47.0,64.0,1439,72.24,35075841936950
5102.0,3,25.05,63.0,66.0,66.0,47.0,63.0,1471,75.66,35440279882995
5108.0,0,26.84,60.0,64.0,64.0,46.0,62.0,1407,78.57,68038124961730
5108.0,1,26.96,59.0,64.0,64.0,44.0,60.0,1364,73.64,39023861621154
5108.0,2,22.34,62.0,66.0,66.0,47.0,64.0,1449,72.24,35076251556640
5108.0,3,24.73,62.0,66.0,66.0,47.0,64.0,1481,76.12,35440711460449
5113.0,0,30.09,61.0,64.0,64.0,46.0,63.0,1397,78.53,68038570231872
5113.0,1,23.22,59.0,64.0,64.0,44.0,60.0,1333,73.80,39024280039062
5114.0,2,22.47,62.0,66.0,66.0,47.0,64.0,1417,72.37,35076662644653
5114.0,3,24.96,62.0,66.0,66.0,47.0,63.0,1449,75.96,35441142131469
5119.0,0,30.68,61.0,64.0,64.0,46.0,64.0,1428,78.51,68039015396240
5119.0,1,22.57,59.0,64.0,64.0,44.0,60.0,1344,73.65,39024698388793
5119.0,2,22.64,61.0,66.0,66.0,47.0,63.0,1439,72.28,35077072467773
5119.0,3,24.95,62.0,66.0,66.0,47.0,64.0,1471,75.60,35441571563598
5125.0,0,27.45,62.0,64.0,64.0,46.0,63.0,1408,78.42,68039460045288
5125.0,1,22.36,59.0,64.0,62.0,44.0,59.0,1334,73.67,39025116070678
5125.0,2,22.67,62.0,66.0,66.0,47.0,64.0,1440,72.32,35077482534240
5125.0,3,26.42,62.0,66.0,66.0,47.0,64.0,1461,75.46,35441999410156
5130.0,0,26.24,61.0,62.0,62.0,46.0,63.0,1408,77.28,68039898217285
5130.0,1,22.56,59.0,62.0,64.0,44.0,60.0,1344,72.47,39025526269714
5131.0,2,22.33,62.0,66.0,66.0,47.0,63.0,1440,71.20,35077886254394
5131.0,3,29.32,62.0,64.0,66.0,47.0,63.0,1471,74.03,35442419167663
5136.0,0,26.48,60.0,64.0,64.0,45.0,62.0,1428,77.86,68040340438537
5136.0,1,22.29,58.0,64.0,64.0,44.0,59.0,1343,73.49,39025943691467
5136.0,2,26.03,62.0,66.0,66.0,47.0,64.0,1428,71.77,35078293179138
5136.0,3,24.98,62.0,66.0,66.0,47.0,64.0,1470,75.49,35442847175354
5142.0,0,26.21,60.0,64.0,64.0,46.0,62.0,1407,78.80,68040787250305
5142.0,1,26.01,58.0,64.0,64.0,44.0,60.0,1333,73.52,39026360561401
5142.0,2,23.58,62.0,66.0,66.0,47.0,63.0,1460,72.33,35078703313903
5142.0,3,25.06,63.0,66.0,66.0,47.0,64.0,1481,76.00,35443278099670
5147.0,0,30.02,61.0,64.0,64.0,46.0,63.0,1397,78.18,68041230541137
5148.0,1,23.29,58.0,64.0,64.0,44.0,60.0,1344,74.20,39026781256530
5148.0,2,22.57,62.0,66.0,66.0,47.0,63.0,1428,72.49,35079115066040
5148.0,3,24.95,62.0,66.0,66.0,47.0,63.0,1461,75.99,35443709740783
5153.0,0,27.27,62.0,62.0,62.0,46.0,63.0,1408,77.07,68041667510925
5153.0,1,22.77,59.0,62.0,64.0,44.0,59.0,1335,72.66,39027193258972
5153.0,2,22.88,61.0,66.0,66.0,47.0,63.0,1451,71.23,35079518243896
5153.0,3,26.89,62.0,64.0,66.0,47.0,63.0,1472,74.22,35444129852966
5159.0,0,27.72,60.0,64.0,64.0,46.0,62.0,1407,77.82,68042108734741
5159.0,1,24.11,59.0,62.0,62.0,44.0,60.0,1332,74.34,39027615533447
5159.0,2,22.77,62.0,66.0,66.0,47.0,63.0,1428,72.83,35079931937438
5159.0,3,25.84,63.0,66.0,66.0,47.0,64.0,1449,75.99,35444561484008
5164.0,0,28.98,61.0,64.0,64.0,46.0,63.0,1418,78.46,68042554380065
5165.0,1,22.91,58.0,64.0,64.0,44.0,59.0,1344,74.85,39028039933654
5165.0,2,23.02,62.0,66.0,66.0,47.0,63.0,1406,73.17,35080346812988
5165.0,3,25.12,62.0,66.0,66.0,47.0,64.0,1459,76.47,35444995052307
5170.0,0,27.31,59.0,60.0,64.0,46.0,62.0,1407,75.86,68042984496398
5170.0,1,22.72,58.0,64.0,64.0,44.0,59.0,1355,72.04,39028448394470
5170.0,2,22.76,61.0,66.0,66.0,47.0,62.0,1451,70.70,35080747688781
5170.0,3,26.99,63.0,66.0,66.0,46.0,62.0,1481,73.53,35445411966674
5176.0,0,27.77,61.0,64.0,64.0,46.0,63.0,1407,78.89,68043431815063
5176.0,1,22.69,59.0,62.0,62.0,44.0,60.0,1332,74.72,39028872775878
5176.0,2,23.04,62.0,66.0,66.0,47.0,63.0,1460,73.17,35081163308837
5176.0,3,25.74,62.0,66.0,66.0,47.0,64.0,1492,76.35,35445845655029
5181.0,0,27.31,60.0,62.0,64.0,46.0,63.0,1405,76.31,68043865233520
5182.0,1,22.64,57.0,62.0,64.0,44.0,59.0,1331,72.46,39029284354980
5182.0,2,22.73,60.0,66.0,66.0,46.0,63.0,1447,71.18,35081567638427
5182.0,3,26.69,61.0,64.0,66.0,46.0,63.0,1468,73.94,35446265636108
5187.0,0,27.48,60.0,64.0,64.0,46.0,62.0,1406,78.60,68044311681457
5187.0,1,23.47,59.0,64.0,64.0,44.0,60.0,1322,74.94,39029709288452
5187.0,2,23.09,62.0,66.0,66.0,47.0,63.0,1460,73.28,35081983153442
5188.0,3,25.18,62.0,66.0,66.0,47.0,63.0,1481,76.34,35446698461853
5193.0,0,27.49,61.0,64.0,62.0,46.0,63.0,1398,77.10,68044748836914
5193.0,1,22.85,59.0,62.0,64.0,44.0,60.0,1334,73.33,39030125063659
5193.0,2,23.01,62.0,66.0,66.0,47.0,63.0,1451,72.00,35082391406311
5193.0,3,25.67,63.0,64.0,66.0,47.0,63.0,1450,74.68,35447121873596
5198.0,0,27.23,60.0,64.0,64.0,45.0,62.0,1386,77.56,68045188586486
5199.0,1,23.24,59.0,64.0,64.0,44.0,60.0,1333,73.85,39030543791625
5199.0,2,22.98,62.0,66.0,66.0,47.0,63.0,1439,72.18,35082800655883
5199.0,3,25.36,63.0,66.0,66.0,47.0,64.0,1471,75.69,35447551050903
5204.0,0,27.80,62.0,62.0,62.0,47.0,63.0,1417,77.99,68045630788635
5204.0,1,23.27,59.0,62.0,62.0,44.0,60.0,1333,73.96,39030963863220
5204.0,2,23.16,63.0,66.0,66.0,47.0,64.0,1427,72.55,35083212722717
5205.0,3,25.33,63.0,66.0,66.0,47.0,64.0,1459,75.60,35447980484069
5210.0,0,27.49,60.0,64.0,64.0,46.0,62.0,1397,77.01,68046068205993
5210.0,1,22.41,59.0,64.0,64.0,44.0,60.0,1334,73.42,39031380128295
5210.0,2,23.04,62.0,66.0,66.0,47.0,63.0,1440,71.84,35083620062255
5210.0,3,25.71,63.0,66.0,66.0,47.0,64.0,1472,74.88,35448405063720
5215.0,0,27.46,60.0,62.0,64.0,46.0,63.0,1408,76.33,68046500972656
5216.0,1,23.06,57.0,62.0,64.0,44.0,59.0,1334,72.67,39031792158203
5216.0,2,23.09,61.0,66.0,66.0,47.0,63.0,1450,71.45,35084025159667
5216.0,3,24.53,61.0,64.0,66.0,46.0,63.0,1461,74.38,35448826823852
5221.0,0,25.77,61.0,64.0,64.0,46.0,63.0,1406,79.36,68046950939758
5221.0,1,22.14,59.0,64.0,64.0,44.0,60.0,1311,75.29,39032219048217
5221.0,2,23.49,61.0,66.0,66.0,46.0,63.0,1460,73.63,35084442618713
5222.0,3,25.60,62.0,66.0,66.0,47.0,64.0,1493,76.71,35449261790588
5227.0,0,27.98,60.0,64.0,64.0,46.0,62.0,1430,76.34,68047383810913
5227.0,1,22.79,59.0,62.0,62.0,44.0,59.0,1356,73.03,39032633133850
5227.0,2,21.67,62.0,66.0,66.0,47.0,63.0,1440,71.68,35084849035400
5227.0,3,25.90,62.0,66.0,66.0,47.0,63.0,1482,74.44,35449683885681
5232.0,0,28.07,61.0,62.0,64.0,46.0,63.0,1408,76.90,68047819833740
5233.0,1,22.99,58.0,62.0,64.0,44.0,59.0,1333,73.36,39033049090637
5233.0,2,23.23,61.0,64.0,66.0,47.0,63.0,1430,71.89,35085256655151
5233.0,3,24.86,61.0,64.0,66.0,46.0,63.0,1461,74.76,35450107760131
5238.0,0,27.10,60.0,64.0,64.0,46.0,62.0,1409,78.56,68048264505554
5238.0,1,21.71,59.0,64.0,64.0,44.0,60.0,1346,75.20,39033475462951
5238.0,2,23.58,62.0,66.0,66.0,47.0,64.0,1450,73.55,35085673668029
5239.0,3,25.75,62.0,66.0,66.0,47.0,63.0,1493,76.48,35450541379943
5244.0,0,28.04,60.0,64.0,64.0,45.0,62.0,1396,76.18,68048697184509
5244.0,1,23.37,58.0,62.0,62.0,44.0,58.0,1354,73.10,39033889934265
5244.0,2,22.34,61.0,66.0,66.0,47.0,63.0,1460,71.66,35086080003784
5244.0,3,24.57,62.0,66.0,66.0,47.0,63.0,1480,74.24,35450963075683
5249.0,0,26.44,62.0,64.0,62.0,46.0,63.0,1417,78.83,68049144127319
5250.0,1,23.17,59.0,64.0,62.0,44.0,59.0,1332,74.67,39034314085815
5250.0,2,23.20,62.0,66.0,66.0,47.0,63.0,1428,73.40,35086496917846
5250.0,3,25.92,63.0,66.0,66.0,47.0,64.0,1450,76.35,35451395984313
5255.0,0,27.98,60.0,64.0,64.0,45.0,62.0,1396,76.67,68049579596008
5255.0,1,22.69,59.0,64.0,64.0,44.0,60.0,1311,73.83,39034732692199
5255.0,2,23.39,62.0,66.0,66.0,47.0,64.0,1428,72.47,35086907828369
5256.0,3,25.63,62.0,66.0,66.0,47.0,64.0,1449,75.34,35451823135986
5261.0,0,27.29,59.0,62.0,64.0,46.0,62.0,1408,76.18,68050011547424
5261.0,1,23.03,58.0,64.0,64.0,44.0,58.0,1334,72.83,39035145637573
5261.0,2,23.33,61.0,66.0,66.0,46.0,63.0,1461,71.60,35087313805908
5261.0,3,25.47,63.0,66.0,66.0,47.0,62.0,1493,74.33,35452244597961
5266.0,0,25.89,61.0,64.0,62.0,46.0,63.0,1419,79.24,68050460835266
5267.0,1,22.92,58.0,64.0,64.0,44.0,59.0,1345,75.36,39035572943969
5267.0,2,23.60,62.0,66.0,66.0,47.0,63.0,1440,74.27,35087734914123
5267.0,3,25.62,62.0,66.0,66.0,47.0,64.0,1461,77.26,35452682649291
5272.0,0,27.74,60.0,64.0,64.0,45.0,62.0,1419,76.14,68050892544250
5272.0,1,22.01,59.0,64.0,64.0,44.0,59.0,1313,73.31,39035988632751
5272.0,2,22.48,62.0,66.0,66.0,47.0,64.0,1408,71.71,35088141495971
5273.0,3,26.03,62.0,66.0,66.0,47.0,64.0,1462,74.26,35453103717468
5278.0,0,27.99,60.0,62.0,62.0,45.0,62.0,1408,76.19,68051324547180
5278.0,1,23.06,58.0,64.0,64.0,44.0,59.0,1334,73.15,39036403378295
5278.0,2,23.12,62.0,66.0,66.0,47.0,63.0,1461,71.65,35088547754760
5278.0,3,23.98,63.0,66.0,66.0,47.0,64.0,1481,74.98,35453528855224
5283.0,0,26.24,62.0,62.0,62.0,46.0,63.0,1418,78.53,68051769797119
5284.0,1,23.47,59.0,62.0,62.0,44.0,59.0,1334,74.67,39036826760559
5284.0,2,23.63,62.0,66.0,66.0,47.0,64.0,1429,72.98,35088961549987
5284.0,3,25.93,63.0,66.0,64.0,47.0,63.0,1451,75.98,35453959653320
5289.0,0,27.25,61.0,64.0,64.0,46.0,63.0,1398,77.28,68052207222229
5289.0,1,22.17,58.0,64.0,64.0,44.0,60.0,1334,74.17,39037246556701
5289.0,2,23.36,61.0,66.0,66.0,47.0,64.0,1439,72.52,35089372728881
5290.0,3,25.78,62.0,66.0,66.0,47.0,64.0,1482,76.13,35454391285400
5295.0,0,28.00,60.0,64.0,64.0,45.0,62.0,1428,76.36,68052640952087
5295.0,1,23.41,58.0,64.0,64.0,44.0,59.0,1364,73.13,39037661953674
5295.0,2,20.90,62.0,66.0,66.0,47.0,63.0,1439,72.03,35089781143371
5295.0,3,25.91,62.0,66.0,66.0,47.0,63.0,1481,74.82,35454815504333
5300.0,0,27.73,61.0,62.0,62.0,46.0,63.0,1407,77.09,68053078079956
5301.0,1,23.26,59.0,62.0,64.0,44.0,59.0,1333,73.79,39038080344299
5301.0,2,23.39,62.0,66.0,66.0,47.0,63.0,1439,72.37,35090191504333
5301.0,3,24.40,62.0,64.0,66.0,47.0,63.0,1461,75.17,35455241745727
5306.0,0,24.80,61.0,62.0,62.0,46.0,63.0,1408,78.63,68053523888732
5306.0,1,23.33,58.0,62.0,62.0,44.0,59.0,1344,74.75,39038504190307
5306.0,2,24.03,62.0,66.0,66.0,47.0,64.0,1439,73.38,35090608306335
5307.0,3,26.26,62.0,66.0,66.0,47.0,63.0,1481,76.64,35455677049682
5312.0,0,27.79,60.0,64.0,64.0,45.0,62.0,1407,76.28,68053956410156
5312.0,1,22.01,59.0,64.0,64.0,44.0,59.0,1333,73.09,39038919318359
5312.0,2,23.21,62.0,66.0,66.0,47.0,63.0,1440,71.84,35091015628540
5312.0,3,25.99,62.0,66.0,66.0,47.0,64.0,1450,74.51,35456099515136
5318.0,0,27.74,60.0,62.0,62.0,45.0,61.0,1408,76.35,68054389302551
5318.0,1,22.98,57.0,64.0,64.0,44.0,58.0,1345,73.28,39039334085510
5318.0,2,24.02,61.0,66.0,66.0,47.0,64.0,1461,71.41,35091420522460
5318.0,3,23.66,63.0,66.0,66.0,47.0,63.0,1471,75.01,35456524829467
5323.0,0,26.65,61.0,64.0,62.0,46.0,63.0,1439,79.09,68054837758605
5323.0,1,23.19,59.0,62.0,62.0,44.0,60.0,1323,75.32,39039761929199
5323.0,2,23.73,61.0,66.0,66.0,47.0,63.0,1429,74.28,35091840975219
5324.0,3,25.76,62.0,66.0,66.0,47.0,63.0,1472,77.54,35456964464172
5329.0,0,27.72,60.0,64.0,64.0,45.0,62.0,1407,76.10,68055270014038
5329.0,1,22.48,59.0,64.0,64.0,44.0,59.0,1333,73.09,39040176325744
5329.0,2,22.38,62.0,66.0,66.0,47.0,63.0,1438,71.75,35092248543090
5329.0,3,25.65,62.0,66.0,66.0,47.0,64.0,1469,74.81,35457388611145
5335.0,0,27.49,61.0,62.0,64.0,46.0,62.0,1407,76.58,68055704233764
5335.0,1,22.97,58.0,62.0,62.0,44.0,59.0,1344,73.19,39040591289489
5335.0,2,24.23,61.0,66.0,66.0,47.0,63.0,1459,71.74,35092656011840
5335.0,3,23.99,62.0,64.0,66.0,47.0,63.0,1490,75.40,35457816907531
5340.0,0,26.37,61.0,64.0,64.0,46.0,63.0,1427,78.64,68056150885925
5340.0,1,22.47,59.0,64.0,64.0,44.0,59.0,1331,75.02,39041018164855
5341.0,2,23.31,62.0,66.0,66.0,47.0,63.0,1426,74.03,35093076525085
5341.0,3,25.87,62.0,66.0,66.0,47.0,64.0,1491,77.08,35458254726379
5346.0,0,27.47,60.0,62.0,62.0,45.0,62.0,1437,76.11,68056583199768
5346.0,1,22.99,58.0,62.0,62.0,44.0,59.0,1364,72.85,39041431200683
5346.0,2,23.24,62.0,66.0,66.0,47.0,64.0,1428,71.51,35093482720397
5346.0,3,25.43,62.0,66.0,66.0,47.0,63.0,1470,74.29,35458676675354
5352.0,0,25.97,61.0,62.0,62.0,46.0,63.0,1417,79.47,68057034580749
5352.0,1,23.18,58.0,62.0,62.0,44.0,59.0,1343,75.03,39041857357421
5352.0,2,23.43,62.0,66.0,66.0,47.0,63.0,1427,74.40,35093904565307
5352.0,3,25.78,62.0,66.0,66.0,47.0,63.0,1448,77.16,35459114181152
5357.0,0,27.73,60.0,64.0,64.0,45.0,61.0,1407,76.36,68057467560607
5357.0,1,22.78,58.0,62.0,62.0,44.0,59.0,1323,73.04,39042272198120
5358.0,2,21.93,62.0,66.0,66.0,47.0,63.0,1419,71.96,35094312578796
5358.0,3,26.11,63.0,66.0,66.0,47.0,63.0,1450,74.50,35459536608459
5363.0,0,27.21,61.0,62.0,62.0,46.0,63.0,1398,77.24,68057905501953
5363.0,1,23.08,59.0,62.0,62.0,44.0,60.0,1356,73.77,39042689717895
5363.0,2,23.39,62.0,66.0,66.0,47.0,63.0,1450,72.37,35094722942077
5363.0,3,25.18,62.0,64.0,66.0,47.0,63.0,1492,75.22,35459963095275
5369.0,0,26.48,60.0,62.0,62.0,45.0,62.0,1417,77.77,68058346435180
5369.0,1,22.10,59.0,64.0,64.0,44.0,59.0,1354,74.24,39043111401184
5369.0,2,23.69,62.0,66.0,66.0,47.0,63.0,1439,72.73,35095136053955
5369.0,3,25.80,62.0,66.0,66.0,47.0,63.0,1492,76.13,35460395504577
5374.0,0,27.72,60.0,64.0,64.0,45.0,61.0,1428,76.20,68058779235656
5374.0,1,22.62,58.0,64.0,64.0,44.0,59.0,1323,72.96,39043525069519
5375.0,2,23.38,61.0,66.0,66.0,47.0,63.0,1418,71.94,35095543979858
5375.0,3,24.31,63.0,66.0,66.0,47.0,64.0,1460,75.06,35460821070739
5380.0,0,25.48,62.0,64.0,62.0,46.0,62.0,1418,78.71,68059225548217
5380.0,1,23.09,59.0,64.0,62.0,44.0,59.0,1333,75.27,39043951836303
5380.0,2,23.82,62.0,66.0,66.0,47.0,63.0,1438,74.09,35095964061096
5380.0,3,26.06,63.0,66.0,66.0,47.0,63.0,1480,76.81,35461257364562
5386.0,0,27.46,60.0,62.0,62.0,46.0,62.0,1406,76.75,68059660718505
5386.0,1,20.55,59.0,64.0,64.0,44.0,59.0,1354,73.37,39044368599304
5386.0,2,24.62,62.0,66.0,66.0,47.0,63.0,1460,71.66,35096371098205
5386.0,3,25.85,62.0,66.0,66.0,47.0,63.0,1481,75.40,35461684900573
5391.0,0,27.23,60.0,64.0,64.0,45.0,62.0,1428,76.06,68060092740478
5391.0,1,22.79,58.0,62.0,62.0,44.0,59.0,1334,72.99,39044782434997
5392.0,2,22.90,62.0,66.0,66.0,47.0,63.0,1419,71.91,35096778850097
5392.0,3,25.75,63.0,66.0,66.0,47.0,64.0,1461,74.79,35462108959899
5397.0,0,26.27,61.0,62.0,62.0,46.0,62.0,1408,79.17,68060541645996
5397.0,1,22.86,58.0,64.0,62.0,44.0,59.0,1335,75.43,39045209380432
5397.0,2,23.53,61.0,66.0,66.0,47.0,63.0,1450,74.26,35097199897705
5397.0,3,25.97,63.0,66.0,66.0,47.0,63.0,1471,77.06,35462545885437
5403.0,0,33.55,60.0,64.0,64.0,46.0,62.0,1386,83.70,68061016235168
5403.0,1,25.40,60.0,64.0,64.0,44.0,60.0,1364,77.55,39045649860778
5403.0,2,21.03,62.0,66.0,66.0,47.0,64.0,1459,71.09,35097602989501
5403.0,3,21.42,61.0,66.0,66.0,46.0,63.0,1480,71.96,35462953877868
5408.0,0,25.17,60.0,64.0,64.0,45.0,62.0,1418,76.79,68061451645141
5408.0,1,19.19,59.0,64.0,64.0,44.0,60.0,1334,74.26,39046070935058
5409.0,2,7.52,61.0,66.0,66.0,47.0,63.0,1461,78.01,35098045323669
5409.0,3,17.36,61.0,64.0,66.0,46.0,62.0,1482,77.89,35463395524353
5414.0,0,32.42,60.0,64.0,64.0,46.0,62.0,1418,85.29,68061935266418
5414.0,1,27.57,60.0,64.0,64.0,45.0,60.0,1333,79.15,39046520510375
5414.0,2,20.96,63.0,66.0,66.0,47.0,64.0,1418,72.21,35098454762817
5414.0,3,20.06,61.0,66.0,66.0,46.0,63.0,1462,71.14,35463798868041
5420.0,0,31.24,63.0,64.0,62.0,47.0,64.0,1420,77.37,68062373957275
5420.0,1,20.67,58.0,64.0,64.0,44.0,58.0,1357,70.88,39046921701416
5420.0,2,20.64,61.0,66.0,66.0,46.0,62.0,1462,73.75,35098872927307
5420.0,3,21.12,61.0,66.0,66.0,47.0,63.0,1461,75.33,35464225968505
5425.0,0,23.49,61.0,62.0,62.0,46.0,63.0,1408,79.72,68062825982299
5425.0,1,15.51,59.0,62.0,62.0,44.0,59.0,1334,78.66,39047367700805
5426.0,2,22.87,62.0,66.0,66.0,47.0,63.0,1419,75.54,35099301257080
5426.0,3,24.10,63.0,66.0,66.0,47.0,64.0,1471,76.03,35464657083984
5431.0,0,25.63,61.0,62.0,62.0,46.0,62.0,1429,84.42,68063304667419
5431.0,1,20.37,58.0,62.0,62.0,44.0,59.0,1332,78.94,39047815284545
5431.0,2,20.68,61.0,66.0,66.0,47.0,63.0,1449,76.44,35099734692260
5431.0,3,34.41,62.0,66.0,66.0,47.0,63.0,1470,74.12,35465078085449
5437.0,0,34.61,60.0,64.0,64.0,46.0,62.0,1394,84.36,68063783810729
5437.0,1,28.17,58.0,64.0,64.0,44.0,59.0,1364,78.48,39048261068176
5437.0,2,18.93,64.0,68.0,66.0,47.0,65.0,1458,74.23,35100156297607
5437.0,3,19.34,61.0,64.0,66.0,46.0,62.0,1459,70.93,35465480238952
5442.0,0,19.33,60.0,64.0,64.0,46.0,61.0,1398,75.81,68064213625366
5442.0,1,19.92,57.0,62.0,62.0,44.0,58.0,1335,71.51,39048666512268
5443.0,2,18.88,60.0,66.0,66.0,46.0,62.0,1441,72.83,35100569249450
5443.0,3,12.34,61.0,64.0,64.0,46.0,62.0,1494,76.18,35465912163940
5448.0,0,32.28,60.0,64.0,64.0,46.0,62.0,1397,86.47,68064703929016
5448.0,1,30.86,60.0,64.0,64.0,44.0,60.0,1333,80.07,39049120506408
5448.0,2,19.30,64.0,66.0,66.0,48.0,65.0,1439,75.53,35100997520996
5448.0,3,18.27,60.0,64.0,66.0,46.0,62.0,1449,71.69,35466318628723
5454.0,0,32.88,63.0,64.0,64.0,47.0,64.0,1417,79.40,68065154108886
5454.0,1,20.44,58.0,64.0,64.0,44.0,59.0,1342,71.06,39049524123535
5454.0,2,24.98,61.0,66.0,66.0,46.0,63.0,1438,71.74,35101404302185
5454.0,3,24.81,61.0,66.0,66.0,46.0,63.0,1449,74.85,35466743796264
5459.0,0,23.15,61.0,62.0,62.0,46.0,63.0,1418,78.99,68065601999267
5459.0,1,18.95,59.0,62.0,62.0,44.0,59.0,1324,79.68,39049975887329
5460.0,2,22.38,61.0,66.0,66.0,47.0,63.0,1429,76.12,35101835928588
5460.0,3,22.25,62.0,66.0,66.0,47.0,63.0,1472,75.86,35467173172607
5465.0,0,26.92,60.0,64.0,64.0,46.0,62.0,1429,85.02,68066084062988
5465.0,1,22.24,58.0,64.0,64.0,44.0,59.0,1354,79.40,39050426084899
5465.0,2,31.76,63.0,68.0,68.0,47.0,64.0,1470,75.77,35102266294738
5465.0,3,19.52,63.0,66.0,66.0,47.0,64.0,1471,76.45,35467606643676
5471.0,0,45.60,60.0,64.0,64.0,46.0,62.0,1450,82.11,68066550432312
5471.0,1,18.92,61.0,64.0,64.0,45.0,60.0,1335,76.88,39050861233764
5471.0,2,18.77,62.0,66.0,66.0,47.0,64.0,1440,70.41,35102665543701
5471.0,3,19.27,61.0,64.0,64.0,46.0,62.0,1460,70.05,35468004518798
5476.0,0,23.97,61.0,64.0,64.0,46.0,63.0,1386,81.26,68067011167968
5476.0,1,15.53,59.0,64.0,64.0,44.0,60.0,1343,77.97,39051304123535
5477.0,2,33.56,62.0,66.0,66.0,47.0,64.0,1448,78.27,35103109336120
5477.0,3,31.77,61.0,64.0,64.0,46.0,62.0,1459,78.29,35468449180480
5482.0,0,42.19,63.0,64.0,64.0,47.0,64.0,1418,85.11,68067493747131
5482.0,1,20.66,61.0,64.0,62.0,45.0,61.0,1312,76.51,39051737938049
5482.0,2,19.21,61.0,68.0,68.0,47.0,63.0,1429,71.53,35103514906860
5482.0,3,18.58,61.0,66.0,66.0,46.0,63.0,1430,71.98,35468857334289
5488.0,0,29.47,60.0,62.0,64.0,46.0,62.0,1419,73.23,68067908950683
5488.0,1,24.28,58.0,64.0,64.0,44.0,59.0,1356,74.41,39052159857910
5488.0,2,24.07,61.0,66.0,66.0,47.0,63.0,1440,75.27,35103941686950
5488.0,3,17.19,63.0,66.0,66.0,47.0,64.0,1483,76.16,35469288401855
5493.0,0,35.26,60.0,64.0,64.0,46.0,63.0,1398,85.32,68068392726745
5494.0,1,26.33,59.0,64.0,64.0,44.0,60.0,1334,80.08,39052613904174
5494.0,2,20.53,62.0,68.0,68.0,47.0,64.0,1462,77.54,35104381353576
5494.0,3,20.16,63.0,66.0,66.0,47.0,64.0,1481,77.00,35469724997009
5499.0,0,26.68,60.0,64.0,64.0,46.0,63.0,1439,85.07,68068875064025
5499.0,1,34.02,60.0,64.0,64.0,44.0,60.0,1365,78.44,39053058632995
5499.0,2,20.15,64.0,68.0,68.0,47.0,65.0,1418,76.71,35104816315368
5499.0,3,19.56,64.0,64.0,64.0,47.0,64.0,1442,71.92,35470132800109
5505.0,0,17.77,59.0,62.0,64.0,45.0,62.0,1441,77.53,68069313900878
5505.0,1,14.32,57.0,64.0,64.0,44.0,59.0,1357,73.30,39053473494323
5505.0,2,13.22,61.0,66.0,66.0,46.0,62.0,1441,71.83,35105222883422
5505.0,3,21.69,60.0,64.0,64.0,46.0,62.0,1441,74.73,35470555773315
5510.0,0,20.94,60.0,64.0,64.0,46.0,62.0,1450,80.46,68069770114562
5511.0,1,18.69,58.0,64.0,64.0,44.0,59.0,1345,76.45,39053906980651
5511.0,2,18.52,63.0,66.0,66.0,47.0,65.0,1419,73.74,35105640991210
5511.0,3,8.67,63.0,66.0,66.0,47.0,64.0,1419,74.75,35470979631164
5516.0,0,16.30,62.0,62.0,64.0,46.0,63.0,1409,80.11,68070224343261
5516.0,1,18.66,58.0,62.0,62.0,44.0,59.0,1346,75.03,39054332420043
5516.0,2,28.00,62.0,66.0,66.0,47.0,64.0,1451,71.75,35106047830993
5516.0,3,24.68,62.0,66.0,66.0,47.0,63.0,1472,72.70,35471391824096
5522.0,0,23.96,61.0,64.0,64.0,46.0,62.0,1419,88.39,68070724642700
5522.0,1,37.26,59.0,64.0,64.0,44.0,61.0,1366,80.82,39054790677490
5522.0,2,20.57,63.0,68.0,68.0,47.0,64.0,1461,79.18,35106496763671
5522.0,3,19.39,64.0,66.0,66.0,47.0,64.0,1503,76.04,35471822972595
5527.0,0,30.41,62.0,62.0,64.0,47.0,63.0,1418,74.58,68071148244018
5528.0,1,25.98,58.0,64.0,64.0,44.0,59.0,1333,71.05,39055193524169
5528.0,2,24.70,61.0,66.0,66.0,47.0,63.0,1449,68.85,35106887161560
5528.0,3,20.80,63.0,66.0,66.0,47.0,64.0,1471,72.26,35472232703308
5533.0,0,30.30,60.0,64.0,64.0,46.0,63.0,1408,84.42,68071626048645
5533.0,1,29.05,58.0,62.0,64.0,44.0,59.0,1366,78.88,39055640755432
5533.0,2,25.79,61.0,66.0,66.0,46.0,62.0,1462,76.73,35107322208862
5533.0,3,16.41,61.0,64.0,64.0,46.0,62.0,1484,76.97,35472668334716
5539.0,0,28.49,60.0,64.0,64.0,46.0,63.0,1398,81.03,68072085506042
5539.0,1,35.97,58.0,64.0,64.0,44.0,59.0,1345,74.97,39056065089660
5539.0,2,18.26,61.0,68.0,68.0,47.0,63.0,1440,74.36,35107743078186
5539.0,3,17.90,64.0,66.0,66.0,47.0,64.0,1470,71.23,35473072928100
5544.0,0,30.53,63.0,64.0,64.0,47.0,64.0,1407,77.64,68072526504760
5545.0,1,23.89,58.0,64.0,64.0,44.0,59.0,1343,70.10,39056463236816
5545.0,2,23.63,61.0,66.0,66.0,47.0,63.0,1439,68.08,35108129783569
5545.0,3,22.54,62.0,66.0,66.0,46.0,63.0,1471,71.61,35473478949768
5550.0,0,28.97,61.0,64.0,64.0,46.0,63.0,1420,78.87,68072972884216
5550.0,1,24.18,59.0,62.0,62.0,44.0,60.0,1356,79.00,39056910353454
5550.0,2,24.35,62.0,66.0,66.0,47.0,64.0,1450,75.96,35108560503662
5550.0,3,26.27,62.0,66.0,66.0,47.0,63.0,1450,77.44,35473918055725
5556.0,0,24.97,60.0,64.0,64.0,46.0,62.0,1376,76.80,68073408339294
5556.0,1,26.77,58.0,62.0,62.0,44.0,59.0,1334,72.24,39057319956298
5556.0,2,26.34,62.0,66.0,66.0,47.0,64.0,1440,70.89,35108962434387
5556.0,3,23.14,62.0,66.0,66.0,47.0,64.0,1439,74.77,35474341998535
5561.0,0,25.48,62.0,64.0,64.0,46.0,64.0,1397,78.92,68073855799133
5562.0,1,21.63,60.0,64.0,62.0,44.0,60.0,1333,74.84,39057744274230
5562.0,2,23.39,62.0,66.0,66.0,47.0,63.0,1429,73.38,35109378499023
5562.0,3,30.92,62.0,66.0,66.0,47.0,63.0,1471,77.02,35474778711242
5567.0,0,30.46,61.0,64.0,64.0,46.0,63.0,1406,77.61,68074296637695
5567.0,1,21.64,59.0,64.0,64.0,44.0,60.0,1343,73.91,39058164091430
5567.0,2,21.74,62.0,66.0,66.0,47.0,64.0,1449,72.22,35109787994018
5568.0,3,26.18,62.0,66.0,66.0,47.0,63.0,1491,75.40,35475206213073
5573.0,0,30.44,61.0,64.0,64.0,46.0,63.0,1405,77.60,68074737384582
5573.0,1,22.45,59.0,64.0,64.0,44.0,60.0,1333,73.58,39058582000183
5573.0,2,22.09,61.0,66.0,66.0,47.0,62.0,1439,72.27,35110198492004
5573.0,3,25.23,62.0,66.0,66.0,47.0,63.0,1438,75.61,35475635695678
5578.0,0,27.13,61.0,64.0,64.0,46.0,63.0,1418,78.19,68075180731018
5579.0,1,22.39,59.0,64.0,64.0,44.0,60.0,1333,73.84,39059000699401
5579.0,2,22.36,61.0,66.0,66.0,47.0,63.0,1449,72.48,35110609462219
5579.0,3,27.53,62.0,66.0,66.0,47.0,63.0,1449,75.58,35476064221740
5584.0,0,26.06,62.0,62.0,62.0,46.0,64.0,1398,77.45,68075619856628
5584.0,1,22.12,59.0,62.0,64.0,44.0,59.0,1354,72.86,39059413828125
5584.0,2,22.26,62.0,66.0,66.0,47.0,64.0,1449,71.28,35111014352905
5585.0,3,29.71,63.0,66.0,66.0,47.0,63.0,1481,74.37,35476486662719
5590.0,0,27.34,60.0,64.0,64.0,46.0,62.0,1437,77.29,68076058884460
5590.0,1,22.54,58.0,62.0,62.0,44.0,59.0,1343,73.16,39059829394775
5590.0,2,25.01,62.0,66.0,66.0,47.0,64.0,1428,71.38,35111419054443
5590.0,3,25.32,63.0,66.0,66.0,47.0,64.0,1480,74.89,35476912018493
5595.0,0,27.51,61.0,64.0,64.0,46.0,63.0,1386,78.61,68076504582397
5596.0,1,24.23,59.0,64.0,64.0,44.0,59.0,1343,74.15,39060249808105
5596.0,2,22.81,62.0,66.0,66.0,47.0,64.0,1450,72.96,35111833477600
5596.0,3,25.12,62.0,66.0,66.0,47.0,63.0,1472,76.41,35477344509460
5601.0,0,27.30,62.0,64.0,64.0,47.0,64.0,1409,77.80,68076945697265
5601.0,1,22.61,59.0,64.0,62.0,44.0,59.0,1335,73.87,39060668651611
5601.0,2,22.68,62.0,66.0,66.0,47.0,64.0,1440,72.26,35112242473327
5602.0,3,26.51,63.0,66.0,66.0,47.0,63.0,1471,75.29,35477772183654
5607.0,0,27.53,60.0,64.0,64.0,45.0,62.0,1428,76.97,68077382111022
5607.0,1,22.78,58.0,64.0,64.0,44.0,59.0,1354,72.79,39061081353027
5607.0,2,24.11,62.0,66.0,66.0,47.0,64.0,1428,70.87,35112645020324
5607.0,3,25.51,63.0,66.0,66.0,47.0,64.0,1470,74.50,35478194587951
5612.0,0,28.33,61.0,64.0,64.0,46.0,63.0,1385,78.33,68077827049621
5613.0,1,22.78,59.0,64.0,64.0,44.0,60.0,1353,74.14,39061502451354
5613.0,2,22.59,62.0,66.0,66.0,47.0,64.0,1448,72.79,35113058443725
5613.0,3,25.07,62.0,66.0,66.0,47.0,64.0,1480,76.21,35478627432861
5618.0,0,27.52,59.0,60.0,64.0,46.0,62.0,1407,76.12,68078258647399
5618.0,1,23.12,58.0,64.0,64.0,44.0,59.0,1344,72.14,39061912224182
5618.0,2,22.60,61.0,66.0,66.0,47.0,62.0,1461,70.76,35113459663940
5619.0,3,26.48,63.0,66.0,66.0,47.0,62.0,1470,73.85,35479046146911
5624.0,0,28.01,61.0,64.0,64.0,46.0,63.0,1406,78.80,68078706209594
5624.0,1,22.90,58.0,64.0,64.0,44.0,59.0,1353,74.74,39062335993835
5624.0,2,22.96,62.0,66.0,66.0,47.0,64.0,1448,73.04,35113874506347
5624.0,3,25.47,62.0,66.0,66.0,47.0,63.0,1491,76.19,35479478919921
5629.0,0,28.01,60.0,64.0,64.0,45.0,62.0,1406,76.21,68079139075805
5630.0,1,23.33,58.0,62.0,62.0,44.0,58.0,1353,72.68,39062748840576
5630.0,2,23.11,62.0,66.0,66.0,47.0,63.0,1438,71.33,35114278951232
5630.0,3,24.20,63.0,66.0,66.0,47.0,64.0,1459,74.16,35479900126708
5635.0,0,27.42,61.0,64.0,64.0,46.0,62.0,1428,79.12,68079587713745
5635.0,1,22.79,58.0,64.0,64.0,44.0,59.0,1343,74.83,39063173895202
5635.0,2,23.47,61.0,66.0,66.0,47.0,63.0,1459,73.45,35114696154113
5636.0,3,25.66,62.0,66.0,66.0,47.0,63.0,1492,76.58,35480334341857
5641.0,0,27.73,60.0,64.0,64.0,46.0,62.0,1439,76.18,68080020418090
5641.0,1,23.04,58.0,64.0,64.0,44.0,59.0,1354,72.67,39063585957275
5641.0,2,22.57,62.0,66.0,66.0,47.0,63.0,1439,71.31,35115100459045
5641.0,3,25.72,63.0,66.0,66.0,47.0,64.0,1470,74.11,35480754537231
5646.0,0,28.09,61.0,64.0,64.0,46.0,63.0,1417,78.69,68080466562377
5647.0,1,22.58,59.0,64.0,64.0,44.0,59.0,1364,74.69,39064010169860
5647.0,2,22.69,62.0,66.0,66.0,47.0,63.0,1417,73.06,35115515418090
5647.0,3,25.76,62.0,66.0,66.0,47.0,64.0,1438,76.53,35481189254699
5652.0,0,27.50,60.0,64.0,64.0,45.0,62.0,1427,76.00,68080898257568
5652.0,1,22.83,58.0,64.0,64.0,44.0,59.0,1343,72.36,39064420463989
5652.0,2,23.14,62.0,66.0,66.0,47.0,63.0,1428,70.86,35115917186584
5653.0,3,26.05,63.0,66.0,66.0,47.0,64.0,1471,74.05,35481609128906
5658.0,0,27.60,61.0,64.0,64.0,46.0,63.0,1440,79.36,68081348202636
5658.0,1,23.67,58.0,64.0,64.0,44.0,59.0,1355,74.70,39064844007080
5658.0,2,23.21,60.0,66.0,66.0,46.0,62.0,1450,73.32,35116332929870
5658.0,3,25.60,62.0,66.0,66.0,47.0,64.0,1492,76.60,35482043475280
5664.0,0,27.99,60.0,62.0,62.0,46.0,62.0,1418,76.14,68081779926635
5664.0,1,23.14,57.0,64.0,64.0,44.0,59.0,1355,72.46,39065254861877
5664.0,2,22.72,62.0,66.0,66.0,47.0,63.0,1460,71.41,35116737813781
5664.0,3,25.46,63.0,66.0,66.0,47.0,64.0,1471,73.95,35482463491210
5669.0,0,26.77,61.0,64.0,64.0,46.0,63.0,1427,79.01,68082227936828
5669.0,1,23.04,58.0,64.0,64.0,44.0,60.0,1342,75.10,39065681456787
5669.0,2,23.23,62.0,66.0,66.0,47.0,63.0,1439,73.34,35117154403625
5670.0,3,25.88,62.0,66.0,66.0,47.0,64.0,1481,76.68,35482898277770
5675.0,0,28.03,60.0,62.0,62.0,45.0,61.0,1429,76.02,68082659705383
5675.0,1,22.98,58.0,62.0,62.0,43.0,59.0,1355,72.80,39066094213073
5675.0,2,23.19,62.0,66.0,66.0,47.0,64.0,1429,71.49,35117559765380
5675.0,3,25.51,62.0,66.0,66.0,47.0,64.0,1482,74.22,35483319101135
5681.0,0,26.48,61.0,64.0,62.0,46.0,63.0,1419,79.09,68083107378784
5681.0,1,23.17,58.0,62.0,62.0,44.0,59.0,1345,75.23,39066520779479
5681.0,2,23.23,62.0,66.0,66.0,47.0,64.0,1419,73.85,35117978471008
5681.0,3,25.86,62.0,66.0,66.0,47.0,63.0,1451,76.92,35483754462402
5686.0,0,27.73,60.0,64.0,64.0,46.0,62.0,1407,76.12,68083539752136
5686.0,1,23.16,59.0,64.0,64.0,44.0,59.0,1301,73.13,39066935451049
5687.0,2,23.25,62.0,66.0,66.0,47.0,63.0,1406,71.38,35118383207153
5687.0,3,25.70,63.0,66.0,66.0,47.0,64.0,1438,74.03,35484174925354
5692.0,0,27.50,62.0,62.0,62.0,46.0,63.0,1407,77.83,68083981041992
5692.0,1,23.52,59.0,62.0,62.0,44.0,60.0,1334,74.27,39067356553649
5692.0,2,23.61,62.0,66.0,66.0,47.0,64.0,1461,73.00,35118797141296
5692.0,3,25.40,63.0,66.0,66.0,47.0,63.0,1462,75.45,35484602736389
5698.0,0,27.76,60.0,64.0,64.0,46.0,62.0,1387,77.25,68084419067993
5698.0,1,21.37,59.0,64.0,64.0,44.0,59.0,1334,73.92,39067775681945
5698.0,2,23.42,62.0,66.0,66.0,47.0,63.0,1461,72.39,35119207591308
5698.0,3,25.77,62.0,66.0,66.0,47.0,64.0,1471,75.46,35485030574096
5703.0,0,27.30,59.0,62.0,62.0,46.0,62.0,1430,76.36,68084851257019
5703.0,1,23.10,57.0,62.0,64.0,44.0,59.0,1345,72.63,39068187503173
5704.0,2,23.24,60.0,64.0,66.0,46.0,62.0,1419,71.24,35119611538574
5704.0,3,26.34,61.0,64.0,66.0,46.0,62.0,1482,73.83,35485449191040
5709.0,0,27.21,61.0,64.0,64.0,46.0,63.0,1416,78.75,68085298584228
5709.0,1,22.96,58.0,64.0,64.0,44.0,60.0,1354,75.40,39068615015502
5709.0,2,23.54,61.0,66.0,66.0,47.0,64.0,1460,73.70,35120029391052
5709.0,3,25.57,62.0,66.0,66.0,47.0,63.0,1492,77.03,35485885952148
5715.0,0,27.79,60.0,64.0,64.0,45.0,62.0,1429,76.42,68085731865966
5715.0,1,23.44,57.0,64.0,64.0,44.0,59.0,1356,73.09,39069029417480
5715.0,2,22.89,62.0,66.0,66.0,47.0,63.0,1429,71.78,35120436369018
5715.0,3,24.33,62.0,66.0,66.0,47.0,63.0,1470,74.28,35486307841186
5720.0,0,29.00,61.0,62.0,62.0,46.0,62.0,1428,78.50,68086176964111
5720.0,1,22.93,58.0,64.0,64.0,44.0,59.0,1332,75.02,39069455528198
5721.0,2,22.92,62.0,66.0,66.0,47.0,63.0,1427,73.77,35120855407165
5721.0,3,25.67,62.0,66.0,66.0,47.0,64.0,1459,76.61,35486742233459
5726.0,0,27.46,59.0,62.0,62.0,45.0,61.0,1428,75.90,68086608079650
5726.0,1,23.35,58.0,62.0,62.0,44.0,59.0,1355,72.93,39069869040344
5726.0,2,23.36,62.0,66.0,66.0,47.0,64.0,1430,71.47,35121260629089
5726.0,3,25.45,63.0,66.0,66.0,47.0,64.0,1472,74.07,35487162219787
5732.0,0,27.50,61.0,62.0,62.0,46.0,63.0,1418,78.62,68087053851135
5732.0,1,23.16,59.0,62.0,62.0,44.0,59.0,1355,74.94,39070293953735
5732.0,2,23.23,62.0,66.0,66.0,47.0,64.0,1429,73.87,35121679491027
5732.0,3,25.52,63.0,66.0,66.0,47.0,63.0,1451,76.48,35487595839904
5737.0,0,27.23,60.0,62.0,62.0,45.0,62.0,1440,75.97,68087484575378
5737.0,1,23.30,58.0,62.0,62.0,44.0,58.0,1324,72.77,39070706545715
5738.0,2,23.60,62.0,66.0,66.0,47.0,63.0,1408,71.56,35122085260803
5738.0,3,25.53,62.0,66.0,66.0,47.0,63.0,1460,74.02,35488015524414
5743.0,0,27.12,61.0,62.0,62.0,46.0,63.0,1428,79.29,68087934133117
5743.0,1,23.22,59.0,64.0,64.0,43.0,58.0,1343,75.43,39071134244018
5743.0,2,23.70,62.0,66.0,66.0,47.0,64.0,1428,73.85,35122504005554
5743.0,3,25.81,62.0,66.0,66.0,47.0,63.0,1460,76.72,35488450511474
5749.0,0,26.75,60.0,62.0,64.0,46.0,62.0,1429,75.93,68088364628723
5749.0,1,22.88,57.0,62.0,62.0,44.0,59.0,1312,72.62,39071546000610
5749.0,2,23.31,60.0,64.0,66.0,47.0,62.0,1429,71.58,35122909884582
5749.0,3,27.39,61.0,64.0,66.0,47.0,62.0,1471,73.66,35488868893615
5754.0,0,26.23,60.0,62.0,62.0,45.0,62.0,1439,79.44,68088815054565
5754.0,1,23.92,59.0,62.0,62.0,44.0,60.0,1333,75.02,39071971335693
5755.0,2,24.08,62.0,66.0,66.0,47.0,63.0,1428,73.83,35123329236511
5755.0,3,25.56,62.0,66.0,66.0,47.0,64.0,1482,76.64,35489303425537
5760.0,0,27.02,61.0,62.0,62.0,46.0,63.0,1398,77.07,68089252015686
5760.0,1,23.15,59.0,62.0,62.0,44.0,60.0,1355,73.84,39072390761779
5760.0,2,23.56,62.0,66.0,66.0,47.0,64.0,1460,73.19,35123744201843
5760.0,3,26.59,63.0,66.0,64.0,47.0,63.0,1491,75.14,35489729477966
5766.0,0,27.31,60.0,64.0,64.0,45.0,61.0,1386,77.69,68089693275512
5766.0,1,23.49,59.0,64.0,64.0,44.0,60.0,1366,74.29,39072811996643
5766.0,2,24.07,62.0,66.0,66.0,47.0,63.0,1451,72.77,35124156814636
5766.0,3,25.57,62.0,66.0,66.0,47.0,64.0,1483,75.43,35490157156372
5771.0,0,27.02,62.0,62.0,62.0,46.0,63.0,1409,78.30,68090136464904
5771.0,1,23.23,59.0,62.0,62.0,44.0,60.0,1334,74.91,39073235985412
5772.0,2,24.04,63.0,66.0,66.0,47.0,64.0,1440,73.41,35124572328613
5772.0,3,25.31,63.0,66.0,66.0,47.0,64.0,1472,75.88,35490587399169
5777.0,0,26.45,60.0,62.0,62.0,45.0,62.0,1407,76.52,68090571117004
5777.0,1,23.04,58.0,62.0,62.0,44.0,59.0,1333,73.31,39073652396301
5777.0,2,24.97,62.0,66.0,66.0,47.0,64.0,1449,71.87,35124980571716
5777.0,3,25.46,63.0,66.0,66.0,47.0,63.0,1480,74.91,35491012160095
5783.0,0,27.48,61.0,64.0,64.0,46.0,63.0,1407,78.87,68091018317138
5783.0,1,23.32,58.0,62.0,62.0,44.0,59.0,1334,75.30,39074079338989
5783.0,2,23.17,62.0,66.0,66.0,47.0,64.0,1461,74.09,35125400644714
5783.0,3,25.47,63.0,66.0,66.0,46.0,63.0,1483,76.76,35491447391418
5788.0,0,26.17,60.0,62.0,62.0,45.0,62.0,1406,76.13,68091450713439
5788.0,1,23.01,58.0,62.0,62.0,44.0,59.0,1311,72.67,39074492128295
5789.0,2,24.52,62.0,66.0,66.0,47.0,64.0,1437,71.34,35125805874572
5789.0,3,25.40,63.0,66.0,66.0,47.0,63.0,1448,74.18,35491868746826
5794.0,0,27.82,60.0,64.0,64.0,46.0,62.0,1398,78.24,68091894323242
5794.0,1,24.20,58.0,64.0,64.0,44.0,59.0,1334,74.50,39074914549926
5794.0,2,23.09,62.0,66.0,66.0,47.0,63.0,1429,73.67,35126223596557
5794.0,3,25.17,62.0,66.0,66.0,47.0,63.0,1462,76.27,35492301223754
5800.0,0,25.95,62.0,62.0,62.0,46.0,63.0,1419,77.89,68092335160156
5800.0,1,22.70,59.0,62.0,62.0,44.0,60.0,1355,74.38,39075336279479
5800.0,2,23.74,63.0,66.0,66.0,47.0,64.0,1439,73.33,35126639392700
5800.0,3,26.87,63.0,66.0,66.0,47.0,64.0,1481,75.44,35492728967346
5805.0,0,26.16,60.0,64.0,64.0,45.0,62.0,1405,76.98,68092772392089
5805.0,1,22.88,58.0,64.0,64.0,44.0,59.0,1332,73.75,39075754465881
5806.0,2,26.14,62.0,66.0,66.0,47.0,64.0,1437,72.21,35127049542175
5806.0,3,25.52,63.0,66.0,66.0,47.0,64.0,1491,74.92,35493154537475
5811.0,0,28.70,60.0,62.0,62.0,46.0,63.0,1407,77.98,68093215307861
5811.0,1,23.77,59.0,64.0,64.0,44.0,59.0,1333,74.72,39076178852783
5811.0,2,23.22,62.0,66.0,66.0,47.0,64.0,1429,73.83,35127468144958
5811.0,3,24.95,62.0,66.0,66.0,47.0,64.0,1440,76.48,35493588201660
5817.0,0,26.01,62.0,62.0,62.0,46.0,63.0,1418,77.21,68093653116149
5817.0,1,22.69,59.0,62.0,62.0,44.0,60.0,1355,73.75,39076597007995
5817.0,2,23.35,62.0,66.0,66.0,47.0,64.0,1429,73.01,35127882085632
5817.0,3,26.95,63.0,64.0,64.0,47.0,63.0,1460,75.02,35494013550964
5822.0,0,26.19,59.0,62.0,62.0,45.0,62.0,1416,77.47,68094092362243
5822.0,1,22.70,58.0,62.0,62.0,44.0,59.0,1343,74.09,39077017842285
5823.0,2,25.47,62.0,66.0,66.0,47.0,64.0,1449,72.44,35128293558349
5823.0,3,25.76,63.0,66.0,66.0,47.0,64.0,1481,75.32,35494441345092
5828.0,0,28.02,61.0,64.0,64.0,46.0,63.0,1408,78.53,68094538416076
5828.0,1,22.93,58.0,62.0,62.0,44.0,59.0,1333,75.05,39077443379943
5828.0,2,23.23,62.0,66.0,66.0,47.0,64.0,1449,74.21,35128714323669
5828.0,3,25.20,62.0,66.0,66.0,47.0,64.0,1480,77.08,35494878392883
5834.0,0,25.91,60.0,62.0,62.0,45.0,61.0,1386,76.03,68094969525451
5834.0,1,22.83,57.0,62.0,62.0,44.0,59.0,1333,72.94,39077856935852
5834.0,2,25.13,62.0,66.0,66.0,47.0,63.0,1450,71.56,35129120044555
5834.0,3,25.48,63.0,66.0,66.0,47.0,64.0,1472,73.97,35495297829284
5839.0,0,26.23,61.0,64.0,64.0,46.0,63.0,1408,78.77,68095416138244
5839.0,1,22.88,59.0,62.0,62.0,44.0,59.0,1333,75.20,39078283307128
5840.0,2,24.51,62.0,66.0,66.0,47.0,63.0,1438,73.80,35129539217834
5840.0,3,25.87,62.0,66.0,66.0,47.0,64.0,1471,76.63,35495733102722
5845.0,0,26.07,61.0,62.0,62.0,46.0,63.0,1417,77.13,68095853444824
5845.0,1,22.97,59.0,62.0,62.0,44.0,59.0,1334,73.36,39078699244995
5845.0,2,23.40,62.0,66.0,66.0,47.0,64.0,1419,72.60,35129950851623
5845.0,3,27.65,63.0,64.0,66.0,47.0,63.0,1471,74.47,35496155351623
5851.0,0,25.91,60.0,62.0,62.0,45.0,62.0,1418,77.38,68096292990417
5851.0,1,23.01,59.0,64.0,64.0,44.0,59.0,1354,74.18,39079120584716
5851.0,2,24.39,62.0,66.0,66.0,47.0,63.0,1428,73.06,35130365127380
5851.0,3,25.52,62.0,66.0,66.0,47.0,64.0,1481,75.73,35496584725219
5856.0,0,26.09,62.0,62.0,62.0,46.0,63.0,1408,77.63,68096733152160
5857.0,1,22.73,59.0,62.0,62.0,44.0,60.0,1344,74.31,39079541921081
5857.0,2,23.74,63.0,66.0,66.0,47.0,64.0,1407,73.05,35130779310913
5857.0,3,26.99,63.0,66.0,66.0,47.0,64.0,1450,75.24,35497011327087
5862.0,0,26.10,60.0,62.0,62.0,45.0,62.0,1438,76.86,68097169723632
5862.0,1,23.47,58.0,64.0,64.0,44.0,59.0,1354,73.89,39079961622619
5862.0,2,24.85,62.0,68.0,68.0,47.0,64.0,1428,72.60,35131191694641
5862.0,3,25.46,62.0,66.0,66.0,47.0,64.0,1491,75.22,35497438593688
5868.0,0,25.93,62.0,62.0,62.0,46.0,63.0,1430,78.37,68097613298522
5868.0,1,23.14,59.0,62.0,62.0,44.0,59.0,1355,74.88,39080386185058
5868.0,2,24.62,63.0,66.0,66.0,47.0,64.0,1449,73.40,35131607861022
5868.0,3,25.60,63.0,66.0,66.0,47.0,64.0,1481,75.98,35497869415405
5873.0,0,26.43,59.0,62.0,62.0,45.0,62.0,1417,76.78,68098049390625
5874.0,1,22.90,59.0,64.0,64.0,44.0,59.0,1343,73.72,39080804174621
5874.0,2,24.37,62.0,66.0,66.0,47.0,64.0,1428,72.33,35132017976867
5874.0,3,25.52,62.0,66.0,66.0,47.0,64.0,1481,74.77,35498294088012
5879.0,0,39.40,63.0,64.0,64.0,47.0,64.0,1438,84.01,68098526583312
5879.0,1,20.82,60.0,62.0,62.0,44.0,60.0,1354,74.92,39081229715942
5879.0,2,19.91,61.0,68.0,68.0,46.0,62.0,1428,71.90,35132426346679
5880.0,3,20.13,61.0,66.0,66.0,46.0,63.0,1481,73.79,35498712492431
5885.0,0,34.32,60.0,64.0,64.0,45.0,61.0,1408,77.67,68098966971313
5885.0,1,27.74,58.0,64.0,64.0,44.0,59.0,1344,77.74,39081670488769
5885.0,2,25.95,63.0,68.0,68.0,47.0,64.0,1472,77.88,35132867951232
5885.0,3,7.85,63.0,66.0,66.0,47.0,64.0,1472,79.34,35499162324584
5890.0,0,33.56,60.0,64.0,64.0,46.0,62.0,1420,84.14,68099443214294
5891.0,1,22.80,59.0,64.0,64.0,44.0,59.0,1313,78.82,39082117380493
5891.0,2,18.25,62.0,66.0,66.0,46.0,62.0,1483,76.98,35133304430480
5891.0,3,26.73,61.0,64.0,64.0,46.0,62.0,1472,75.22,35499588817504
5896.0,0,26.49,60.0,64.0,64.0,45.0,62.0,1418,81.27,68099904835876
5896.0,1,21.60,58.0,64.0,64.0,44.0,59.0,1312,76.85,39082553129150
5896.0,2,26.68,62.0,68.0,68.0,47.0,63.0,1418,73.91,35133723490417
5897.0,3,26.00,63.0,66.0,66.0,47.0,64.0,1471,74.65,35500012078125
5902.0,0,37.92,62.0,64.0,64.0,46.0,64.0,1418,85.51,68100389691650
5902.0,1,22.04,60.0,62.0,62.0,45.0,60.0,1334,76.69,39082987935791
5902.0,2,20.58,61.0,68.0,68.0,46.0,63.0,1440,71.09,35134126578063
5902.0,3,20.06,62.0,66.0,66.0,46.0,63.0,1471,71.27,35500416206542
5907.0,0,10.06,59.0,62.0,62.0,45.0,61.0,1430,77.97,68100830984680
5908.0,1,28.57,58.0,62.0,60.0,44.0,59.0,1346,75.94,39083417774963
5908.0,2,27.26,61.0,66.0,66.0,47.0,63.0,1452,77.61,35134565878112
5908.0,3,24.89,62.0,64.0,64.0,47.0,63.0,1453,76.74,35500850535461
5913.0,0,26.26,62.0,62.0,64.0,46.0,63.0,1421,82.57,68101299171203
5913.0,1,21.72,58.0,64.0,64.0,44.0,59.0,1346,77.10,39083854908874
5913.0,2,20.35,61.0,66.0,66.0,47.0,63.0,1452,74.30,35134987165527
5914.0,3,32.05,63.0,66.0,66.0,47.0,64.0,1493,73.10,35501265026489
5919.0,0,29.81,63.0,64.0,64.0,46.0,64.0,1440,82.66,68101767874450
5919.0,1,19.49,59.0,62.0,62.0,44.0,60.0,1356,75.44,39084281909423
5919.0,2,19.50,61.0,66.0,66.0,46.0,62.0,1429,72.66,35135399130676
5919.0,3,20.38,62.0,66.0,66.0,46.0,63.0,1461,72.39,35501675500427
5924.0,0,19.40,60.0,64.0,64.0,45.0,62.0,1417,82.79,68102237267761
5925.0,1,27.75,58.0,64.0,64.0,44.0,59.0,1332,80.70,39084740261169
5925.0,2,34.82,60.0,66.0,68.0,46.0,62.0,1428,77.95,35135841105041
5925.0,3,19.14,61.0,66.0,66.0,46.0,62.0,1461,78.18,35502118764831
5930.0,0,35.41,63.0,64.0,64.0,47.0,63.0,1419,83.11,68102708496520
5930.0,1,21.77,58.0,64.0,64.0,44.0,59.0,1356,74.42,39085162220886
5930.0,2,20.47,61.0,68.0,68.0,47.0,63.0,1430,72.34,35136251281677
5931.0,3,22.93,62.0,66.0,66.0,46.0,63.0,1429,71.94,35502526639892
5936.0,0,26.38,62.0,64.0,64.0,47.0,64.0,1407,79.25,68103157824584
5936.0,1,17.95,59.0,62.0,62.0,44.0,60.0,1322,77.06,39085599142578
5936.0,2,18.33,61.0,66.0,66.0,47.0,63.0,1439,73.71,35136669235351
5936.0,3,27.26,61.0,66.0,66.0,46.0,63.0,1461,72.72,35502938947631
5941.0,0,18.03,60.0,64.0,64.0,46.0,62.0,1398,80.89,68103616477111
5942.0,1,14.55,58.0,64.0,64.0,44.0,59.0,1335,78.71,39086045439697
5942.0,2,17.89,63.0,68.0,68.0,46.0,62.0,1440,76.84,35137104938964
5942.0,3,17.08,61.0,64.0,64.0,46.0,62.0,1451,76.08,35503370349365
5947.0,0,31.35,63.0,64.0,64.0,47.0,64.0,1408,81.90,68104080843383
5947.0,1,22.15,58.0,64.0,64.0,44.0,59.0,1355,74.57,39086468224792
5947.0,2,20.86,61.0,68.0,68.0,47.0,62.0,1429,72.54,35137516266601
5948.0,3,26.18,62.0,66.0,66.0,46.0,63.0,1440,72.51,35503781504272
5953.0,0,19.36,62.0,62.0,62.0,46.0,63.0,1449,77.85,68104522259826
5953.0,1,22.24,58.0,62.0,62.0,44.0,59.0,1343,75.82,39086898110656
5953.0,2,27.26,62.0,66.0,66.0,47.0,63.0,1480,73.04,35137931115478
5953.0,3,23.95,62.0,66.0,66.0,47.0,63.0,1468,74.22,35504203086486
5958.0,0,19.95,60.0,62.0,64.0,46.0,63.0,1407,81.61,68104984983276
5959.0,1,29.95,59.0,62.0,62.0,44.0,59.0,1344,76.15,39087330632873
5959.0,2,28.58,62.0,66.0,66.0,47.0,63.0,1407,74.22,35138351956909
5959.0,3,23.65,61.0,64.0,64.0,46.0,62.0,1419,74.66,35504626380615
5964.0,0,39.31,63.0,64.0,64.0,47.0,64.0,1418,85.01,68105467011779
5964.0,1,20.90,59.0,62.0,64.0,44.0,60.0,1345,75.71,39087759177856
5964.0,2,19.56,61.0,68.0,68.0,46.0,63.0,1430,72.31,35138761203247
5965.0,3,20.47,62.0,66.0,66.0,46.0,63.0,1419,72.37,35505036694824
5970.0,0,39.75,60.0,64.0,64.0,46.0,62.0,1409,78.97,68105914775146
5970.0,1,13.03,61.0,64.0,64.0,45.0,61.0,1344,79.16,39088208027404
5970.0,2,13.68,61.0,66.0,66.0,47.0,63.0,1461,72.93,35139175431762
5970.0,3,20.28,62.0,64.0,64.0,46.0,63.0,1471,72.69,35505448115600
5975.0,0,11.79,60.0,62.0,62.0,46.0,63.0,1408,77.95,68106356775390
5976.0,1,10.52,58.0,64.0,64.0,44.0,59.0,1356,75.81,39088637845642
5976.0,2,26.85,62.0,66.0,66.0,47.0,63.0,1451,76.26,35139607088989
5976.0,3,19.55,61.0,66.0,66.0,46.0,63.0,1461,76.72,35505883117980
5981.0,0,25.90,60.0,64.0,64.0,46.0,62.0,1396,84.30,68106834739868
5981.0,1,23.74,58.0,64.0,64.0,44.0,59.0,1343,78.68,39089083964294
5981.0,2,31.91,63.0,68.0,68.0,47.0,64.0,1438,75.18,35140034133422
5982.0,3,19.14,63.0,66.0,66.0,47.0,64.0,1440,76.39,35506316257141
5987.0,0,25.78,60.0,62.0,62.0,46.0,62.0,1408,78.88,68107281967102
5987.0,1,21.79,58.0,62.0,62.0,44.0,59.0,1345,75.08,39089509648681
5987.0,2,18.99,62.0,66.0,66.0,47.0,63.0,1473,72.38,35140443823364
5987.0,3,22.89,62.0,66.0,66.0,47.0,63.0,1472,71.94,35506724169860
5992.0,0,23.17,62.0,64.0,64.0,46.0,63.0,1419,87.65,68107778954345
5993.0,1,18.82,59.0,64.0,64.0,44.0,60.0,1334,81.26,39089970409179
5993.0,2,24.92,62.0,66.0,66.0,47.0,63.0,1429,77.81,35140885004577
5993.0,3,34.68,62.0,66.0,66.0,47.0,63.0,1461,76.64,35507158725463
5998.0,0,29.37,60.0,64.0,64.0,46.0,63.0,1419,85.45,68108263476623
5998.0,1,32.63,60.0,64.0,64.0,45.0,60.0,1356,79.21,39090419509704
5998.0,2,19.48,64.0,68.0,68.0,48.0,65.0,1451,74.89,35141309604431
5999.0,3,19.53,61.0,64.0,66.0,46.0,62.0,1493,71.10,35507561874572
6004.0,0,41.64,64.0,64.0,64.0,47.0,64.0,1418,80.91,68108722226196
6004.0,1,20.80,60.0,62.0,62.0,45.0,60.0,1354,72.82,39090832380371
6004.0,2,20.94,61.0,66.0,66.0,46.0,63.0,1439,71.80,35141716714660
6004.0,3,21.29,61.0,66.0,66.0,46.0,62.0,1482,75.34,35507989041992
6009.0,0,13.22,62.0,62.0,62.0,47.0,64.0,1409,81.07,68109181882812
6010.0,1,31.74,58.0,64.0,64.0,44.0,59.0,1366,78.03,39091274815246
6010.0,2,30.73,61.0,66.0,66.0,47.0,63.0,1460,76.92,35142152841247
6010.0,3,26.05,63.0,66.0,66.0,47.0,64.0,1461,76.79,35508424454406
6015.0,0,26.50,60.0,64.0,64.0,46.0,62.0,1385,81.58,68109644452941
6015.0,1,21.90,58.0,64.0,64.0,44.0,59.0,1364,77.58,39091715494323
6015.0,2,32.00,62.0,66.0,68.0,47.0,63.0,1471,74.21,35142574380981
6016.0,3,20.53,61.0,66.0,66.0,46.0,63.0,1459,74.80,35508849324890
6021.0,0,37.63,60.0,64.0,64.0,46.0,62.0,1438,79.86,68110098034729
6021.0,1,22.42,60.0,64.0,64.0,44.0,60.0,1343,76.07,39092146787780
6021.0,2,11.20,64.0,66.0,66.0,48.0,65.0,1459,72.78,35142987060363
6021.0,3,16.23,62.0,64.0,64.0,47.0,63.0,1449,68.53,35509237869018
6026.0,0,26.50,60.0,64.0,64.0,46.0,62.0,1429,76.20,68110530073486
6027.0,1,27.95,58.0,64.0,64.0,44.0,59.0,1322,71.81,39092554658386
6027.0,2,23.77,62.0,66.0,66.0,47.0,64.0,1449,72.39,35143398248596
6027.0,3,23.23,62.0,66.0,66.0,47.0,63.0,1459,78.33,35509682778808
6032.0,0,25.15,62.0,64.0,62.0,46.0,63.0,1417,78.12,68110973769836
6032.0,1,21.01,60.0,64.0,62.0,45.0,60.0,1354,74.30,39092975945495
6032.0,2,24.64,63.0,66.0,66.0,47.0,64.0,1417,72.57,35143809744995
6033.0,3,29.96,63.0,66.0,64.0,47.0,64.0,1470,76.25,35510115126037
6038.0,0,29.64,61.0,64.0,64.0,46.0,63.0,1417,78.18,68111417047363
6038.0,1,21.77,59.0,64.0,64.0,44.0,60.0,1333,73.91,39093395733398
6038.0,2,21.70,62.0,66.0,66.0,47.0,64.0,1449,72.51,35144221616760
6038.0,3,26.84,62.0,66.0,66.0,47.0,64.0,1450,75.83,35510545863220
6044.0,0,32.73,61.0,64.0,64.0,46.0,63.0,1407,76.69,68111852623107
6044.0,1,21.64,59.0,64.0,64.0,44.0,60.0,1343,73.61,39093813114196
6044.0,2,21.89,62.0,66.0,66.0,47.0,64.0,1416,72.13,35144630600219
6044.0,3,24.40,62.0,66.0,66.0,47.0,64.0,1458,75.51,35510974756835
6049.0,0,30.69,61.0,64.0,64.0,46.0,63.0,1416,77.38,68112291385803
6049.0,1,23.22,59.0,64.0,64.0,44.0,60.0,1333,73.35,39094229763732
6049.0,2,21.93,62.0,66.0,66.0,47.0,64.0,1439,72.08,35145040027221
6050.0,3,24.61,62.0,66.0,66.0,47.0,64.0,1461,75.38,35511402142211
6055.0,0,31.98,61.0,64.0,64.0,46.0,63.0,1408,77.44,68112730486999
6055.0,1,22.22,59.0,64.0,64.0,44.0,60.0,1333,73.60,39094647082580
6055.0,2,22.19,62.0,66.0,66.0,47.0,64.0,1440,72.15,35145449142700
6055.0,3,24.32,62.0,66.0,66.0,47.0,63.0,1461,75.65,35511831061523
6061.0,0,31.48,61.0,64.0,64.0,46.0,62.0,1408,77.50,68113169884216
6061.0,1,21.90,59.0,64.0,64.0,44.0,60.0,1334,73.63,39095064591552
6061.0,2,22.26,62.0,66.0,66.0,47.0,64.0,1430,72.10,35145857924987
6061.0,3,24.69,63.0,66.0,66.0,47.0,64.0,1450,75.55,35512259411865
6066.0,0,29.83,61.0,64.0,64.0,46.0,63.0,1407,78.29,68113613798034
6066.0,1,22.42,59.0,64.0,64.0,44.0,60.0,1334,73.94,39095483815490
6067.0,2,22.65,62.0,66.0,66.0,47.0,64.0,1449,72.43,35146268601013
6067.0,3,24.95,62.0,66.0,66.0,47.0,64.0,1481,76.10,35512690889892
6072.0,0,26.14,61.0,62.0,64.0,46.0,63.0,1429,76.43,68114047917968
6072.0,1,22.36,59.0,62.0,64.0,44.0,60.0,1355,72.29,39095893680419
6072.0,2,22.20,62.0,66.0,66.0,47.0,63.0,1429,71.26,35146672670349
6072.0,3,28.79,62.0,64.0,66.0,47.0,63.0,1472,73.68,35513108654846
6078.0,0,26.39,60.0,64.0,64.0,46.0,62.0,1386,78.32,68114492008850
6078.0,1,22.60,58.0,64.0,64.0,44.0,59.0,1334,73.91,39096312736816
6078.0,2,25.95,62.0,66.0,66.0,47.0,64.0,1439,71.69,35147079149841
6078.0,3,24.92,63.0,66.0,66.0,47.0,64.0,1471,75.56,35513537068969
6083.0,0,28.86,60.0,64.0,64.0,46.0,62.0,1430,78.57,68114937486816
6083.0,1,22.67,59.0,64.0,64.0,44.0,60.0,1345,74.15,39096733143798
6084.0,2,22.65,62.0,66.0,66.0,47.0,63.0,1429,72.75,35147491663818
6084.0,3,25.55,63.0,66.0,66.0,47.0,64.0,1483,76.11,35513968594543
6089.0,0,27.02,61.0,62.0,62.0,46.0,63.0,1409,77.35,68115375276855
6089.0,1,22.57,59.0,62.0,62.0,44.0,60.0,1345,72.85,39097145480468
6089.0,2,22.83,62.0,66.0,66.0,47.0,63.0,1452,71.41,35147895821655
6089.0,3,26.86,62.0,64.0,66.0,47.0,63.0,1483,74.53,35514390450012
6095.0,0,26.43,60.0,64.0,64.0,45.0,62.0,1387,78.06,68115817889282
6095.0,1,22.88,58.0,64.0,64.0,44.0,59.0,1335,73.56,39097562591552
6095.0,2,24.92,62.0,66.0,66.0,47.0,64.0,1440,72.11,35148304700439
6095.0,3,25.43,63.0,66.0,66.0,47.0,64.0,1461,75.63,35514819263854
6100.0,0,27.29,61.0,64.0,64.0,46.0,63.0,1429,79.22,68116267080810
6100.0,1,22.83,59.0,64.0,64.0,44.0,60.0,1344,74.27,39097983715148
6101.0,2,22.82,62.0,66.0,66.0,47.0,63.0,1429,73.00,35148718636291
6101.0,3,25.71,62.0,66.0,66.0,47.0,63.0,1472,76.35,35515252161621
6106.0,0,27.47,60.0,64.0,64.0,45.0,62.0,1441,76.07,68116698374267
6106.0,1,22.98,58.0,64.0,64.0,44.0,59.0,1356,72.07,39098392336669
6106.0,2,22.78,62.0,66.0,66.0,47.0,63.0,1441,70.86,35149120400085
6106.0,3,25.82,63.0,66.0,66.0,47.0,64.0,1483,74.31,35515673473510
6112.0,0,28.80,61.0,64.0,64.0,46.0,63.0,1398,78.69,68117143757812
6112.0,1,22.52,59.0,64.0,64.0,44.0,60.0,1356,74.65,39098815618591
6112.0,2,22.89,62.0,66.0,66.0,47.0,64.0,1440,72.84,35149533422668
6112.0,3,25.68,62.0,66.0,66.0,47.0,64.0,1481,76.77,35516108745239
6117.0,0,27.71,60.0,62.0,64.0,46.0,62.0,1407,76.08,68117575867431
6117.0,1,22.78,58.0,60.0,62.0,43.0,58.0,1343,72.52,39099226780944
6118.0,2,22.97,61.0,64.0,66.0,46.0,62.0,1460,70.88,35149935318115
6118.0,3,25.86,61.0,64.0,66.0,46.0,62.0,1470,74.29,35516529948791
6123.0,0,27.23,60.0,64.0,64.0,46.0,63.0,1406,78.85,68118022954406
6123.0,1,23.02,59.0,64.0,64.0,44.0,59.0,1353,74.56,39099650266784
6123.0,2,22.97,62.0,66.0,66.0,47.0,64.0,1459,72.75,35150348560607
6123.0,3,25.71,62.0,66.0,66.0,47.0,63.0,1492,76.57,35516964853637
6129.0,0,27.23,61.0,62.0,62.0,46.0,62.0,1407,76.52,68118457613952
6129.0,1,22.89,59.0,62.0,62.0,44.0,59.0,1355,72.88,39100063488159
6129.0,2,22.62,62.0,66.0,66.0,47.0,63.0,1461,71.69,35150755017639
6129.0,3,27.05,63.0,66.0,66.0,47.0,63.0,1471,74.84,35517389172546
6134.0,0,26.46,60.0,64.0,64.0,45.0,62.0,1407,78.16,68118900797912
6134.0,1,23.45,58.0,64.0,64.0,44.0,59.0,1323,73.78,39100481841064
6135.0,2,24.44,62.0,66.0,66.0,47.0,64.0,1439,72.31,35151165009826
6135.0,3,25.58,62.0,66.0,66.0,47.0,63.0,1460,75.88,35517819418395
6140.0,0,28.09,61.0,64.0,64.0,46.0,63.0,1428,79.19,68119349788269
6140.0,1,22.72,58.0,64.0,64.0,44.0,59.0,1333,74.57,39100904681274
6140.0,2,22.77,62.0,66.0,66.0,47.0,63.0,1428,73.03,35151579825134
6140.0,3,25.35,62.0,66.0,66.0,47.0,64.0,1459,76.33,35518252972290
6146.0,0,26.43,60.0,62.0,64.0,46.0,62.0,1429,75.92,68119781004638
6146.0,1,23.05,58.0,64.0,64.0,43.0,58.0,1355,71.89,39101313022521
6146.0,2,22.73,61.0,64.0,66.0,46.0,62.0,1430,70.79,35151981215820
6146.0,3,27.18,60.0,64.0,66.0,46.0,62.0,1461,73.75,35518671120727
6151.0,0,27.27,60.0,62.0,62.0,46.0,62.0,1417,78.72,68120227352111
6151.0,1,23.30,59.0,64.0,64.0,44.0,59.0,1343,74.50,39101735427307
6152.0,2,22.64,62.0,66.0,66.0,47.0,63.0,1448,73.47,35152397775085
6152.0,3,25.79,62.0,66.0,66.0,47.0,63.0,1480,76.52,35519105016662
6157.0,0,26.20,62.0,62.0,62.0,46.0,63.0,1408,77.43,68120666403198
6157.0,1,22.52,59.0,62.0,62.0,44.0,60.0,1355,73.20,39102150493957
6157.0,2,22.66,62.0,66.0,66.0,47.0,64.0,1461,71.86,35152805236267
6157.0,3,27.69,63.0,66.0,64.0,47.0,63.0,1483,74.94,35519529932495
6163.0,0,26.06,60.0,62.0,62.0,45.0,62.0,1388,77.35,68121104972106
6163.0,1,22.57,58.0,64.0,64.0,44.0,59.0,1335,73.36,39102566464355
6163.0,2,25.80,62.0,66.0,66.0,47.0,64.0,1452,71.64,35153211462890
6163.0,3,25.20,62.0,66.0,66.0,47.0,63.0,1472,75.17,35519956125244
6168.0,0,26.02,60.0,64.0,64.0,45.0,62.0,1429,78.45,68121549785400
6168.0,1,25.69,58.0,62.0,62.0,44.0,59.0,1323,74.40,39102988293640
6169.0,2,22.71,62.0,66.0,66.0,47.0,64.0,1429,72.94,35153625024291
6169.0,3,25.26,62.0,66.0,66.0,47.0,64.0,1471,76.17,35520388019531
6174.0,0,26.44,62.0,62.0,62.0,46.0,63.0,1407,78.18,68121993054138
6174.0,1,22.50,59.0,62.0,62.0,44.0,60.0,1344,74.10,39103408420532
6174.0,2,22.97,62.0,66.0,66.0,47.0,63.0,1450,73.00,35154038948547
6174.0,3,25.92,63.0,66.0,66.0,47.0,64.0,1482,75.87,35520818216125
6180.0,0,26.21,60.0,62.0,62.0,45.0,62.0,1398,76.36,68122426003601
6180.0,1,22.75,58.0,62.0,62.0,44.0,59.0,1313,72.54,39103819716979
6180.0,2,25.34,62.0,66.0,66.0,47.0,63.0,1430,70.94,35154441206481
6180.0,3,25.73,63.0,66.0,66.0,47.0,64.0,1462,74.30,35521239508605
6185.0,0,26.75,60.0,62.0,62.0,46.0,62.0,1428,79.11,68122874530761
6185.0,1,24.61,59.0,62.0,62.0,44.0,60.0,1343,74.37,39104241418518
6186.0,2,22.55,62.0,66.0,66.0,47.0,63.0,1438,73.51,35154858008117
6186.0,3,25.53,62.0,66.0,66.0,47.0,63.0,1470,76.47,35521673119934
6191.0,0,28.06,61.0,64.0,62.0,46.0,63.0,1397,78.43,68123319230712
6191.0,1,22.80,59.0,64.0,62.0,44.0,59.0,1344,74.45,39104664300415
6191.0,2,23.00,62.0,66.0,66.0,47.0,63.0,1449,73.06,35155272981201
6191.0,3,25.41,62.0,66.0,66.0,47.0,64.0,1481,76.30,35522106485900
6197.0,0,26.20,60.0,60.0,62.0,46.0,62.0,1397,75.96,68123749946899
6197.0,1,22.47,58.0,62.0,62.0,44.0,59.0,1334,72.59,39105075138977
6197.0,2,24.23,61.0,66.0,66.0,47.0,62.0,1430,71.32,35155676627929
6197.0,3,27.22,63.0,66.0,66.0,46.0,62.0,1472,73.89,35522525457336
6202.0,0,25.94,60.0,62.0,62.0,46.0,62.0,1430,78.89,68124197247070
6202.0,1,24.78,58.0,62.0,62.0,44.0,59.0,1335,74.85,39105499563415
6203.0,2,23.32,62.0,66.0,66.0,47.0,63.0,1430,73.51,35156093403503
6203.0,3,25.41,62.0,66.0,66.0,47.0,64.0,1483,76.70,35522959583435
6208.0,0,26.77,62.0,62.0,62.0,46.0,63.0,1409,78.12,68124640177978
6208.0,1,22.88,59.0,62.0,62.0,44.0,59.0,1345,74.60,39105922569030
6208.0,2,22.97,61.0,66.0,66.0,47.0,63.0,1450,73.21,35156508491149
6208.0,3,25.59,63.0,66.0,66.0,47.0,64.0,1482,75.95,35523390214721
6214.0,0,26.19,60.0,64.0,64.0,45.0,62.0,1386,76.17,68125072088195
6214.0,1,22.62,58.0,64.0,64.0,44.0,59.0,1312,72.52,39106333735778
6214.0,2,25.53,62.0,66.0,66.0,47.0,63.0,1429,71.24,35156912400268
6214.0,3,25.52,63.0,66.0,66.0,47.0,64.0,1460,74.72,35523813872436
6219.0,0,26.04,60.0,64.0,64.0,45.0,62.0,1428,78.31,68125516114746
6219.0,1,25.34,59.0,62.0,62.0,44.0,60.0,1343,74.09,39106754587646
6220.0,2,22.99,62.0,66.0,66.0,47.0,63.0,1438,73.44,35157329513000
6220.0,3,25.58,62.0,66.0,66.0,47.0,64.0,1481,76.22,35524246800537
6225.0,0,28.04,61.0,64.0,62.0,46.0,63.0,1398,78.16,68125959282775
6225.0,1,22.63,58.0,62.0,62.0,44.0,59.0,1333,74.76,39107178471008
6225.0,2,23.34,62.0,66.0,66.0,47.0,63.0,1450,73.68,35157747289489
6225.0,3,25.46,62.0,66.0,66.0,47.0,64.0,1461,76.48,35524680418212
6231.0,0,25.53,60.0,62.0,62.0,46.0,63.0,1418,75.96,68126390726806
6231.0,1,22.93,58.0,62.0,62.0,44.0,59.0,1334,72.47,39107589373962
6231.0,2,23.16,61.0,66.0,66.0,47.0,63.0,1430,71.45,35158152386718
6231.0,3,28.35,61.0,64.0,66.0,47.0,63.0,1451,73.95,35525099720458
6236.0,0,26.47,60.0,62.0,62.0,46.0,62.0,1417,78.16,68126833891113
6236.0,1,23.60,58.0,64.0,64.0,44.0,59.0,1343,74.66,39108012717346
6237.0,2,23.57,62.0,66.0,66.0,47.0,63.0,1448,73.67,35158570123596
6237.0,3,25.90,62.0,66.0,66.0,47.0,64.0,1480,76.30,35525533080993
6242.0,0,27.08,61.0,62.0,62.0,46.0,63.0,1397,78.58,68127279436279
6242.0,1,23.05,58.0,64.0,62.0,44.0,59.0,1334,74.69,39108436226501
6242.0,2,23.66,62.0,66.0,66.0,47.0,63.0,1449,73.64,35158988412597
6242.0,3,25.37,62.0,66.0,66.0,47.0,63.0,1492,76.62,35525967496887
6248.0,0,25.74,60.0,62.0,62.0,45.0,62.0,1386,76.15,68127711225463
6248.0,1,23.15,58.0,62.0,62.0,44.0,59.0,1334,72.69,39108848353881
6248.0,2,25.05,62.0,66.0,66.0,47.0,64.0,1429,71.31,35159392715454
6248.0,3,25.61,62.0,66.0,66.0,47.0,64.0,1450,74.19,35526388154907
6253.0,0,25.92,60.0,62.0,62.0,46.0,62.0,1429,78.13,68128155023559
6253.0,1,24.85,58.0,62.0,62.0,44.0,60.0,1332,74.31,39109270461975
6254.0,2,23.38,62.0,66.0,66.0,47.0,63.0,1427,73.76,35159810915527
6254.0,3,25.30,62.0,66.0,66.0,47.0,63.0,1470,76.51,35526822706176
6259.0,0,25.97,62.0,62.0,62.0,46.0,63.0,1417,77.84,68128596383300
6259.0,1,22.73,59.0,64.0,62.0,44.0,59.0,1354,74.30,39109692497131
6259.0,2,23.37,63.0,66.0,66.0,47.0,64.0,1438,73.25,35160226970458
6259.0,3,26.00,63.0,66.0,66.0,47.0,64.0,1480,75.97,35527253483947
6265.0,0,25.70,60.0,64.0,64.0,45.0,62.0,1385,76.14,68129028857360
6265.0,1,22.67,58.0,62.0,62.0,44.0,59.0,1333,72.59,39110104074279
6265.0,2,25.38,62.0,66.0,66.0,47.0,63.0,1441,71.67,35160633351867
6265.0,3,26.37,62.0,66.0,66.0,47.0,64.0,1483,74.54,35527676112731
6270.0,0,25.95,60.0,62.0,62.0,45.0,62.0,1430,78.30,68129472820861
6271.0,1,25.90,59.0,62.0,62.0,44.0,59.0,1344,74.50,39110526487976
6271.0,2,23.03,62.0,66.0,66.0,47.0,64.0,1428,73.81,35161051828002
6271.0,3,25.48,62.0,66.0,66.0,47.0,64.0,1471,76.56,35528110204772
6276.0,0,27.86,61.0,64.0,62.0,46.0,63.0,1398,78.03,68129915236694
6276.0,1,22.41,58.0,64.0,62.0,44.0,59.0,1344,75.19,39110952834472
6276.0,2,23.56,61.0,66.0,66.0,47.0,63.0,1460,73.92,35161470962951
6276.0,3,25.32,63.0,66.0,66.0,47.0,63.0,1482,76.39,35528543334960
6282.0,0,26.23,60.0,62.0,62.0,45.0,62.0,1387,76.23,68130347438415
6282.0,1,22.99,58.0,62.0,62.0,44.0,59.0,1335,72.52,39111364021911
6282.0,2,23.77,62.0,66.0,66.0,47.0,64.0,1452,71.60,35161876953002
6282.0,3,25.81,63.0,66.0,66.0,47.0,64.0,1483,74.57,35528966126403
6287.0,0,27.70,61.0,64.0,64.0,46.0,62.0,1409,78.72,68130792971374
6288.0,1,22.44,58.0,64.0,64.0,44.0,60.0,1334,74.85,39111788404479
6288.0,2,23.38,62.0,66.0,66.0,47.0,63.0,1440,73.62,35162294356933
6288.0,3,25.51,63.0,66.0,66.0,47.0,64.0,1471,76.78,35529401451477
6293.0,0,25.97,61.0,62.0,62.0,46.0,63.0,1429,76.14,68131224672363
6293.0,1,22.74,58.0,62.0,64.0,44.0,59.0,1323,72.47,39112199301818
6293.0,2,23.11,61.0,66.0,66.0,47.0,63.0,1429,71.89,35162701967773
6293.0,3,27.87,61.0,64.0,66.0,47.0,63.0,1461,74.11,35529821660278
6299.0,0,25.73,60.0,62.0,62.0,45.0,62.0,1417,78.11,68131668343200
6299.0,1,25.12,58.0,64.0,64.0,44.0,59.0,1354,74.28,39112620490661
6299.0,2,24.24,62.0,66.0,66.0,47.0,63.0,1428,73.22,35163117110229
6299.0,3,25.61,63.0,66.0,66.0,47.0,64.0,1460,76.39,35530254812805
6304.0,0,28.84,61.0,64.0,64.0,46.0,62.0,1408,78.10,68132111179199
6305.0,1,22.45,58.0,64.0,64.0,44.0,59.0,1334,74.80,39113044623840
6305.0,2,23.46,62.0,66.0,66.0,47.0,63.0,1439,73.79,35163535513122
6305.0,3,25.47,62.0,66.0,66.0,47.0,64.0,1493,76.58,35530688995483
6310.0,0,26.21,61.0,62.0,64.0,46.0,63.0,1429,76.69,68132546012390
6310.0,1,22.73,58.0,62.0,64.0,44.0,59.0,1334,72.57,39113456093811
6310.0,2,23.14,62.0,66.0,66.0,47.0,63.0,1430,71.96,35163943513854
6311.0,3,27.74,62.0,66.0,66.0,47.0,63.0,1472,74.22,35531109845336
6316.0,0,26.24,60.0,62.0,62.0,45.0,62.0,1429,77.64,68132986245666
6316.0,1,24.61,58.0,64.0,64.0,44.0,59.0,1355,74.27,39113877229370
6316.0,2,24.02,62.0,66.0,66.0,47.0,63.0,1439,73.41,35164359747314
6316.0,3,25.79,63.0,66.0,66.0,47.0,64.0,1482,76.33,35531542643859
6321.0,0,27.89,61.0,62.0,62.0,46.0,62.0,1408,78.58,68133431798522
6322.0,1,22.93,58.0,64.0,64.0,44.0,59.0,1334,74.52,39114299782348
6322.0,2,23.23,62.0,66.0,66.0,47.0,63.0,1440,74.01,35164779396423
6322.0,3,25.33,62.0,66.0,66.0,47.0,63.0,1482,76.52,35531976513793
6327.0,0,26.03,60.0,62.0,62.0,45.0,62.0,1406,76.07,68133863110229
6327.0,1,23.02,58.0,62.0,62.0,44.0,59.0,1333,72.31,39114710496398
6327.0,2,24.34,62.0,66.0,66.0,47.0,64.0,1450,71.70,35165185940612
6328.0,3,25.27,62.0,66.0,66.0,47.0,63.0,1460,73.94,35532396501647
6333.0,0,26.81,60.0,62.0,62.0,46.0,62.0,1409,78.49,68134308133483
6333.0,1,24.65,58.0,64.0,64.0,44.0,60.0,1303,75.07,39115135417358
6333.0,2,23.36,62.0,66.0,66.0,47.0,63.0,1430,74.17,35165606460327
6333.0,3,25.81,61.0,66.0,66.0,46.0,62.0,1452,76.58,35532829939941
6338.0,0,25.96,61.0,62.0,62.0,46.0,63.0,1429,76.90,68134744130065
6339.0,1,22.92,59.0,62.0,64.0,44.0,59.0,1335,73.21,39115550515380
6339.0,2,23.77,62.0,66.0,66.0,47.0,64.0,1408,72.27,35166016252746
6339.0,3,27.49,62.0,66.0,66.0,47.0,63.0,1429,74.57,35533252730834
6344.0,0,26.04,60.0,62.0,62.0,45.0,62.0,1430,78.05,68135186683959
6344.0,1,23.46,59.0,64.0,64.0,44.0,59.0,1344,74.46,39115972679260
6344.0,2,24.25,62.0,66.0,66.0,47.0,64.0,1439,73.21,35166431326110
6345.0,3,25.73,63.0,66.0,66.0,47.0,64.0,1492,75.95,35533683353271
6350.0,0,33.37,60.0,64.0,64.0,45.0,62.0,1417,78.94,68135634292358
6350.0,1,27.89,58.0,64.0,64.0,44.0,59.0,1354,74.92,39116397448913
6350.0,2,27.02,61.0,68.0,68.0,46.0,63.0,1460,73.77,35166849600585
6350.0,3,9.86,63.0,66.0,66.0,47.0,64.0,1482,77.53,35534122926940
6355.0,0,23.17,60.0,62.0,62.0,46.0,62.0,1419,77.10,68136071474304
6356.0,1,21.39,58.0,62.0,62.0,44.0,58.0,1345,72.76,39116809985717
6356.0,2,21.03,61.0,66.0,66.0,47.0,63.0,1418,70.73,35167250621582
6356.0,3,13.92,63.0,66.0,66.0,47.0,64.0,1461,71.57,35534528702209
6361.0,0,20.17,62.0,62.0,62.0,46.0,63.0,1418,85.05,68136553720947
6361.0,1,23.76,59.0,62.0,62.0,44.0,59.0,1345,78.88,39117257212890
6361.0,2,22.55,62.0,66.0,66.0,47.0,63.0,1450,76.79,35167686003845
6362.0,3,20.60,62.0,66.0,66.0,47.0,63.0,1472,76.42,35534962025024
6367.0,0,20.40,60.0,62.0,62.0,46.0,62.0,1400,82.43,68137020271362
6367.0,1,13.97,58.0,64.0,64.0,44.0,59.0,1336,76.23,39117688658142
6367.0,2,24.61,61.0,66.0,66.0,46.0,62.0,1442,72.59,35168096846374
6367.0,3,32.05,61.0,66.0,66.0,46.0,63.0,1485,71.93,35535369148071
6372.0,0,25.76,61.0,62.0,64.0,46.0,63.0,1431,79.91,68137473383789
6373.0,1,21.20,58.0,64.0,64.0,44.0,59.0,1346,75.69,39118117800109
6373.0,2,20.57,61.0,66.0,66.0,46.0,63.0,1419,73.54,35168513842651
6373.0,3,33.12,63.0,66.0,66.0,47.0,64.0,1471,71.92,35535776951965
6378.0,0,23.65,61.0,64.0,64.0,46.0,63.0,1429,83.35,68137945971191
6378.0,1,21.20,59.0,62.0,62.0,44.0,59.0,1354,77.68,39118558237976
6378.0,2,23.12,63.0,66.0,66.0,47.0,64.0,1460,75.53,35168942106384
6379.0,3,22.73,63.0,66.0,66.0,47.0,63.0,1481,74.96,35536201980773
6384.0,0,25.08,62.0,62.0,62.0,46.0,63.0,1397,80.10,68138400118469
6384.0,1,20.69,59.0,62.0,62.0,44.0,59.0,1345,75.50,39118986331970
6384.0,2,20.01,62.0,66.0,66.0,47.0,63.0,1430,73.63,35169359593750
6384.0,3,22.83,62.0,66.0,66.0,47.0,63.0,1483,74.02,35536621667175
6389.0,0,30.47,63.0,64.0,64.0,47.0,64.0,1408,86.59,68138890200256
6390.0,1,20.48,58.0,64.0,64.0,44.0,59.0,1334,77.13,39119423663574
6390.0,2,19.18,61.0,66.0,66.0,47.0,63.0,1473,74.76,35169782723937
6390.0,3,30.28,62.0,66.0,66.0,47.0,63.0,1483,72.62,35537032670166
6395.0,0,33.92,60.0,64.0,64.0,46.0,62.0,1398,77.81,68139331379638
6395.0,1,28.70,58.0,64.0,64.0,44.0,59.0,1356,77.35,39119862250793
6395.0,2,27.11,62.0,68.0,68.0,47.0,63.0,1418,75.22,35170209216796
6396.0,3,11.75,63.0,66.0,66.0,47.0,64.0,1471,76.71,35537468407897
6401.0,0,29.13,63.0,64.0,64.0,47.0,64.0,1396,83.85,68139807671936
6401.0,1,17.76,59.0,62.0,62.0,44.0,59.0,1354,73.70,39120280114624
6401.0,2,20.47,61.0,66.0,66.0,46.0,63.0,1428,71.21,35170613694519
6401.0,3,20.70,61.0,66.0,66.0,46.0,62.0,1460,71.56,35537874159790
6406.0,0,27.98,60.0,64.0,64.0,46.0,63.0,1420,83.41,68140279765991
6407.0,1,33.88,59.0,64.0,64.0,44.0,60.0,1345,82.25,39120746486083
6407.0,2,20.15,64.0,66.0,66.0,48.0,65.0,1429,80.42,35171069671569
6407.0,3,18.95,64.0,66.0,64.0,47.0,64.0,1461,76.02,35538305188232
6412.0,0,38.60,62.0,64.0,64.0,46.0,64.0,1428,78.82,68140727477661
6412.0,1,20.76,59.0,64.0,64.0,44.0,60.0,1333,75.82,39121176392822
6412.0,2,19.57,64.0,66.0,66.0,47.0,64.0,1438,73.23,35171485601684
6413.0,3,22.10,63.0,64.0,64.0,47.0,63.0,1438,75.02,35538731292419
6418.0,0,26.50,60.0,64.0,64.0,46.0,62.0,1426,80.22,68141183110839
6418.0,1,22.19,58.0,64.0,64.0,44.0,59.0,1342,76.01,39121608105041
6418.0,2,30.67,63.0,68.0,68.0,47.0,64.0,1449,74.55,35171908310546
6418.0,3,20.92,63.0,66.0,66.0,47.0,64.0,1418,77.36,35539169915161
6423.0,0,21.67,61.0,62.0,62.0,46.0,63.0,1430,80.20,68141637829162
6424.0,1,18.45,59.0,62.0,62.0,44.0,59.0,1323,76.09,39122039554443
6424.0,2,18.51,62.0,66.0,66.0,47.0,63.0,1472,73.54,35172325305725
6424.0,3,30.70,62.0,64.0,64.0,47.0,63.0,1481,72.64,35539581811767
6429.0,0,25.03,60.0,64.0,64.0,46.0,62.0,1419,87.13,68142131831970
6429.0,1,31.40,58.0,64.0,64.0,44.0,60.0,1345,80.01,39122493204467
6429.0,2,24.53,63.0,68.0,68.0,47.0,64.0,1461,78.12,35172768228149
6430.0,3,19.78,64.0,66.0,66.0,47.0,64.0,1482,75.77,35540011429809
6435.0,0,35.82,63.0,64.0,64.0,47.0,64.0,1416,82.27,68142598305725
6435.0,1,23.17,58.0,62.0,64.0,44.0,59.0,1343,73.68,39122910989440
6435.0,2,21.65,61.0,66.0,66.0,47.0,63.0,1480,71.57,35173174730285
6435.0,3,20.19,61.0,66.0,66.0,47.0,63.0,1438,73.51,35540428978271
6440.0,0,25.97,61.0,64.0,64.0,46.0,63.0,1407,76.52,68143032914245
6441.0,1,18.71,59.0,64.0,64.0,44.0,60.0,1333,78.68,39123357906005
6441.0,2,21.52,62.0,66.0,66.0,47.0,64.0,1429,76.11,35173606296142
6441.0,3,20.92,63.0,66.0,66.0,47.0,64.0,1482,75.42,35540856588806
6446.0,0,25.52,61.0,62.0,62.0,46.0,63.0,1420,82.53,68143500037231
6446.0,1,21.04,59.0,62.0,60.0,44.0,60.0,1347,77.38,39123795855102
6446.0,2,20.16,63.0,66.0,64.0,47.0,64.0,1431,75.88,35174035784301
6447.0,3,21.64,62.0,66.0,64.0,47.0,64.0,1462,75.63,35541284652709
6452.0,0,25.60,60.0,64.0,64.0,46.0,63.0,1398,84.80,68143980853027
6452.0,1,21.05,58.0,64.0,64.0,44.0,59.0,1345,79.10,39124244330200
6452.0,2,34.20,61.0,66.0,66.0,47.0,64.0,1462,74.97,35174460098693
6452.0,3,19.77,63.0,66.0,66.0,47.0,64.0,1484,75.68,35541713777648
6457.0,0,32.89,60.0,64.0,64.0,46.0,63.0,1429,81.88,68144445106140
6458.0,1,32.87,58.0,64.0,64.0,44.0,59.0,1344,76.07,39124675666381
6458.0,2,25.17,63.0,66.0,66.0,48.0,65.0,1427,74.41,35174882742431
6458.0,3,13.98,63.0,66.0,66.0,47.0,64.0,1471,75.69,35542142918090
6463.0,0,12.24,61.0,64.0,64.0,46.0,63.0,1420,81.89,68144908591979
6463.0,1,18.45,58.0,64.0,64.0,44.0,59.0,1357,76.26,39125107295043
6463.0,2,18.36,61.0,66.0,66.0,47.0,63.0,1464,73.52,35175298872924
6464.0,3,18.01,61.0,66.0,66.0,46.0,63.0,1474,73.22,35542557327270
6469.0,0,27.04,63.0,62.0,62.0,47.0,64.0,1441,77.69,68145349111206
6469.0,1,24.36,58.0,64.0,64.0,44.0,59.0,1356,71.98,39125515423583
6469.0,2,25.56,61.0,66.0,66.0,46.0,63.0,1440,69.66,35175693839477
6469.0,3,24.96,63.0,66.0,66.0,47.0,64.0,1481,69.91,35542953691162
6474.0,0,17.31,60.0,64.0,64.0,46.0,62.0,1407,83.69,68145823645507
6475.0,1,32.32,57.0,64.0,64.0,44.0,59.0,1333,79.12,39125964010498
6475.0,2,30.75,60.0,64.0,64.0,46.0,62.0,1440,77.00,35176130401855
6475.0,3,21.46,61.0,64.0,64.0,46.0,62.0,1473,76.81,35543389215270
6480.0,0,35.77,61.0,64.0,64.0,46.0,63.0,1450,81.33,68146284789794
6480.0,1,22.40,59.0,64.0,64.0,44.0,60.0,1355,77.37,39126402683471
6480.0,2,20.77,62.0,66.0,66.0,47.0,64.0,1470,75.01,35176555722961
6481.0,3,20.58,63.0,66.0,66.0,47.0,63.0,1449,75.27,35543815993774
6486.0,0,24.09,61.0,62.0,62.0,46.0,63.0,1440,75.73,68146714151000
6486.0,1,20.44,58.0,62.0,62.0,44.0,59.0,1334,72.42,39126813308105
6486.0,2,19.18,62.0,66.0,66.0,47.0,63.0,1460,70.96,35176958040954
6486.0,3,28.29,62.0,64.0,64.0,47.0,63.0,1470,69.64,35544211526123
6491.0,0,19.06,60.0,64.0,64.0,46.0,62.0,1427,82.60,68147182484924
6492.0,1,32.87,58.0,64.0,64.0,44.0,59.0,1343,75.44,39127241805419
6492.0,2,27.07,62.0,66.0,66.0,47.0,64.0,1439,73.32,35177374480041
6492.0,3,20.20,63.0,66.0,66.0,47.0,64.0,1450,73.82,35544630080505
6497.0,0,27.45,60.0,64.0,64.0,46.0,63.0,1386,80.81,68147641465454
6497.0,1,14.63,60.0,64.0,64.0,45.0,60.0,1343,77.50,39127681216125
6497.0,2,6.15,64.0,66.0,66.0,48.0,64.0,1482,73.10,35177788960754
6498.0,3,11.23,60.0,64.0,64.0,46.0,62.0,1481,68.66,35545019407470
6503.0,0,26.13,60.0,64.0,64.0,46.0,62.0,1417,74.07,68148061435546
6503.0,1,27.67,58.0,64.0,64.0,44.0,59.0,1355,70.27,39128079659301
6503.0,2,25.79,62.0,66.0,66.0,47.0,64.0,1428,71.93,35178196828979
6503.0,3,22.93,62.0,66.0,66.0,47.0,62.0,1418,79.14,35545468125183
6509.0,0,28.68,61.0,64.0,64.0,46.0,63.0,1387,79.07,68148509745117
6509.0,1,21.62,59.0,64.0,64.0,44.0,60.0,1343,74.77,39128504345153
6509.0,2,21.56,62.0,66.0,66.0,47.0,64.0,1428,73.46,35178614092651
6509.0,3,28.92,62.0,66.0,66.0,47.0,63.0,1439,76.68,35545903679260
6514.0,0,27.96,60.0,64.0,64.0,46.0,63.0,1417,76.79,68148945895874
6514.0,1,28.28,59.0,62.0,62.0,44.0,60.0,1345,72.54,39128915669860
6514.0,2,21.73,62.0,66.0,66.0,47.0,64.0,1440,71.66,35179020403686
6515.0,3,23.70,62.0,66.0,66.0,47.0,63.0,1450,75.04,35546329142150
6520.0,0,25.68,60.0,64.0,64.0,46.0,62.0,1417,77.51,68149385366821
6520.0,1,24.12,58.0,64.0,64.0,44.0,59.0,1343,73.26,39129331047668
6520.0,2,27.08,62.0,66.0,66.0,47.0,63.0,1460,71.42,35179425329650
6520.0,3,24.40,62.0,66.0,66.0,47.0,64.0,1460,75.23,35546755711059
6526.0,0,26.16,60.0,62.0,64.0,46.0,62.0,1398,77.97,68149827463806
6526.0,1,22.19,57.0,62.0,62.0,44.0,59.0,1335,73.32,39129746748718
6526.0,2,26.66,61.0,66.0,66.0,47.0,63.0,1430,71.68,35179831778198
6526.0,3,26.56,61.0,64.0,66.0,47.0,63.0,1461,75.28,35547182534240
6531.0,0,26.20,61.0,62.0,64.0,46.0,63.0,1406,78.69,68150273629211
6531.0,1,21.89,58.0,62.0,62.0,44.0,59.0,1342,73.85,39130166227355
6532.0,2,25.30,61.0,66.0,66.0,47.0,63.0,1437,72.18,35180241749145
6532.0,3,27.87,62.0,64.0,66.0,47.0,63.0,1458,75.49,35547611300842
6537.0,0,25.93,60.0,62.0,64.0,46.0,63.0,1437,77.86,68150715884277
6537.0,1,22.01,58.0,62.0,64.0,44.0,59.0,1332,73.35,39130582147277
6537.0,2,24.95,61.0,66.0,66.0,47.0,63.0,1427,71.76,35180649332214
6537.0,3,28.19,61.0,64.0,66.0,46.0,63.0,1469,75.07,35548037690490
6543.0,0,25.90,59.0,62.0,64.0,46.0,62.0,1396,78.07,68151159306579
6543.0,1,22.14,58.0,64.0,64.0,44.0,59.0,1333,73.55,39130999889160
6543.0,2,25.84,61.0,64.0,66.0,46.0,62.0,1429,71.95,35181057282531
6543.0,3,26.71,61.0,64.0,66.0,46.0,63.0,1471,75.36,35548464981872
6548.0,0,26.12,61.0,62.0,62.0,46.0,63.0,1407,78.78,68151605975341
6548.0,1,21.83,57.0,62.0,64.0,44.0,59.0,1344,73.68,39131417635986
6549.0,2,25.65,60.0,66.0,66.0,47.0,63.0,1439,71.89,35181464909057
6549.0,3,26.57,62.0,64.0,66.0,47.0,63.0,1460,75.61,35548894461120
6554.0,0,26.17,60.0,64.0,64.0,46.0,62.0,1428,78.33,68152050087097
6554.0,1,22.27,58.0,64.0,64.0,44.0,59.0,1332,73.77,39131836660888
6554.0,2,26.14,62.0,66.0,66.0,47.0,64.0,1448,72.16,35181874803771
6554.0,3,25.40,62.0,66.0,66.0,47.0,64.0,1459,75.88,35549324685119
6560.0,0,26.43,60.0,64.0,64.0,46.0,62.0,1384,78.54,68152496218017
6560.0,1,25.21,58.0,64.0,64.0,44.0,59.0,1332,73.54,39132254372314
6560.0,2,23.83,62.0,66.0,66.0,47.0,64.0,1438,72.44,35182286271484
6560.0,3,25.20,62.0,66.0,66.0,47.0,63.0,1480,75.81,35549755296142
6565.0,0,29.75,61.0,64.0,64.0,46.0,63.0,1429,78.43,68152941687744
6565.0,1,22.58,59.0,62.0,62.0,44.0,59.0,1342,74.36,39132676752014
6566.0,2,22.99,62.0,66.0,66.0,47.0,64.0,1426,72.83,35182699958679
6566.0,3,24.95,63.0,66.0,66.0,47.0,64.0,1480,76.07,35550187377441
6571.0,0,26.43,62.0,64.0,62.0,46.0,63.0,1396,78.01,68153384019836
6571.0,1,22.46,59.0,64.0,62.0,44.0,60.0,1335,73.61,39133093392639
6571.0,2,22.88,63.0,66.0,66.0,47.0,63.0,1462,72.23,35183109494750
6571.0,3,27.23,63.0,66.0,66.0,47.0,64.0,1461,75.30,35550614306213
6577.0,0,26.42,60.0,64.0,64.0,46.0,62.0,1416,77.22,68153822643554
6577.0,1,22.72,58.0,64.0,64.0,44.0,59.0,1333,72.83,39133507039123
6577.0,2,25.80,62.0,66.0,66.0,47.0,63.0,1429,70.79,35183510856689
6577.0,3,25.71,63.0,66.0,66.0,47.0,64.0,1461,74.54,35551036939208
6582.0,0,26.45,60.0,64.0,64.0,46.0,62.0,1409,79.05,68154270093688
6582.0,1,25.96,59.0,64.0,64.0,44.0,59.0,1335,74.08,39133926351135
6583.0,2,22.48,62.0,66.0,66.0,47.0,64.0,1451,72.75,35183922597229
6583.0,3,25.22,62.0,66.0,66.0,47.0,64.0,1483,76.14,35551467877014
6588.0,0,30.20,61.0,64.0,64.0,46.0,63.0,1430,78.58,68154715628356
6588.0,1,22.79,58.0,64.0,64.0,44.0,59.0,1343,74.10,39134347232360
6588.0,2,22.88,61.0,66.0,66.0,46.0,62.0,1427,72.65,35184335254394
6588.0,3,25.38,63.0,66.0,66.0,47.0,64.0,1427,76.02,35551899689758
6594.0,0,26.88,62.0,64.0,62.0,46.0,63.0,1407,77.53,68155155986999
6594.0,1,22.68,59.0,62.0,62.0,44.0,60.0,1366,73.54,39134764185424
6594.0,2,22.70,62.0,66.0,66.0,47.0,63.0,1450,72.10,35184744089172
6594.0,3,27.90,63.0,66.0,66.0,47.0,64.0,1461,74.64,35552322908142
6599.0,0,26.87,60.0,64.0,64.0,46.0,62.0,1418,77.49,68155595351074
6599.0,1,22.51,58.0,62.0,62.0,43.0,59.0,1312,73.19,39135179198364
6600.0,2,25.47,62.0,66.0,66.0,47.0,64.0,1429,71.52,35185149610351
6600.0,3,24.97,63.0,66.0,66.0,47.0,64.0,1481,74.84,35552747997009
6605.0,0,26.65,60.0,64.0,64.0,46.0,62.0,1418,78.75,68156041862121
6605.0,1,25.35,58.0,62.0,62.0,44.0,59.0,1365,74.33,39135600658142
6605.0,2,22.73,62.0,66.0,66.0,47.0,63.0,1429,72.95,35185563950927
6605.0,3,24.84,63.0,66.0,66.0,47.0,63.0,1493,76.03,35553179071472
6611.0,0,28.68,61.0,64.0,62.0,46.0,63.0,1406,78.50,68156487758056
6611.0,1,22.17,59.0,64.0,64.0,44.0,59.0,1332,74.27,39136022504699
6611.0,2,22.49,62.0,66.0,66.0,47.0,64.0,1448,73.01,35185977915771
6611.0,3,24.91,62.0,66.0,66.0,47.0,63.0,1469,76.45,35553612531372
6616.0,0,26.64,61.0,62.0,64.0,46.0,63.0,1429,76.76,68156922985656
6616.0,1,22.61,58.0,62.0,64.0,44.0,59.0,1344,72.36,39136432771606
6617.0,2,23.13,61.0,66.0,66.0,47.0,63.0,1429,70.90,35186379942687
6617.0,3,28.50,61.0,64.0,66.0,47.0,63.0,1461,73.58,35554029721984
6622.0,0,26.20,60.0,64.0,64.0,46.0,62.0,1407,79.08,68157371345031
6622.0,1,24.86,59.0,62.0,62.0,44.0,59.0,1344,74.22,39136853578918
6622.0,2,22.89,62.0,66.0,66.0,47.0,63.0,1460,72.91,35186793334106
6622.0,3,25.23,62.0,66.0,66.0,47.0,63.0,1492,75.85,35554460571838
6628.0,0,29.10,61.0,64.0,64.0,46.0,63.0,1397,78.56,68157816752685
6628.0,1,22.35,58.0,62.0,62.0,44.0,59.0,1333,74.24,39137275275146
6628.0,2,22.61,62.0,66.0,66.0,47.0,63.0,1427,72.67,35187206073791
6628.0,3,25.07,62.0,66.0,66.0,47.0,64.0,1449,76.26,35554892969604
6633.0,0,26.45,61.0,62.0,64.0,46.0,63.0,1439,77.02,68158254236145
6633.0,1,22.57,58.0,62.0,64.0,44.0,59.0,1344,72.66,39137687267517
6634.0,2,22.64,61.0,66.0,66.0,47.0,63.0,1439,71.15,35187609471618
6634.0,3,27.50,62.0,64.0,66.0,47.0,63.0,1491,73.89,35555311953430
6639.0,0,26.45,60.0,62.0,62.0,45.0,62.0,1407,78.12,68158697156860
6639.0,1,22.94,58.0,64.0,64.0,44.0,59.0,1343,73.97,39138107389709
6639.0,2,25.21,62.0,66.0,66.0,47.0,63.0,1459,72.37,35188020553466
6639.0,3,25.03,63.0,66.0,66.0,47.0,63.0,1492,75.79,35555742414978
6645.0,0,28.42,61.0,64.0,64.0,46.0,63.0,1407,78.87,68159144375732
6645.0,1,22.84,59.0,64.0,64.0,44.0,59.0,1344,74.28,39138528538146
6645.0,2,22.95,62.0,66.0,66.0,47.0,63.0,1430,72.99,35188434396789
6645.0,3,25.02,63.0,66.0,66.0,47.0,63.0,1451,75.98,35556173197692
6650.0,0,26.99,61.0,62.0,62.0,46.0,63.0,1419,76.81,68159579904846
6650.0,1,22.85,59.0,62.0,64.0,44.0,59.0,1345,73.01,39138942503967
6651.0,2,22.90,62.0,66.0,66.0,47.0,63.0,1429,71.63,35188840519165
6651.0,3,26.63,62.0,64.0,66.0,47.0,63.0,1481,74.33,35556594659362
6656.0,0,26.21,60.0,64.0,64.0,45.0,62.0,1408,78.08,68160022604370
6656.0,1,24.01,58.0,64.0,64.0,44.0,59.0,1333,74.46,39139364685180
6656.0,2,24.42,62.0,66.0,66.0,47.0,64.0,1450,73.11,35189254310729
6656.0,3,24.88,63.0,66.0,66.0,47.0,64.0,1493,76.05,35557025889038
6662.0,0,27.11,61.0,64.0,64.0,46.0,62.0,1407,78.93,68160470933654
6662.0,1,23.30,59.0,62.0,62.0,44.0,60.0,1333,74.82,39139788934020
6662.0,2,24.05,62.0,66.0,66.0,47.0,63.0,1439,73.54,35189671995483
6662.0,3,25.32,62.0,66.0,66.0,47.0,63.0,1429,76.55,35557459947998
6667.0,0,26.22,60.0,62.0,62.0,46.0,62.0,1429,76.24,68160903238220
6668.0,1,22.90,58.0,62.0,64.0,43.0,58.0,1334,72.54,39140200247924
6668.0,2,23.36,61.0,64.0,66.0,46.0,62.0,1418,71.28,35190076174865
6668.0,3,27.36,60.0,62.0,66.0,46.0,62.0,1460,73.80,35557878403442
6673.0,0,26.47,60.0,64.0,64.0,45.0,62.0,1418,78.96,68161350942138
6673.0,1,24.07,59.0,62.0,62.0,44.0,59.0,1354,74.55,39140622940856
6673.0,2,23.01,60.0,66.0,66.0,46.0,62.0,1460,73.53,35190493116088
6673.0,3,25.51,63.0,66.0,66.0,47.0,64.0,1491,76.37,35558312183959
6679.0,0,28.27,61.0,62.0,62.0,46.0,62.0,1406,78.46,68161796585021
6679.0,1,22.94,58.0,62.0,62.0,44.0,59.0,1332,74.86,39141048155090
6679.0,2,23.13,62.0,66.0,66.0,47.0,63.0,1459,73.73,35190911879333
6679.0,3,25.25,62.0,66.0,66.0,47.0,63.0,1480,76.35,35558745867370
6684.0,0,26.46,59.0,62.0,62.0,46.0,62.0,1418,76.05,68162227784057
6685.0,1,23.03,58.0,64.0,64.0,44.0,58.0,1313,72.49,39141459194335
6685.0,2,23.52,61.0,66.0,66.0,46.0,62.0,1408,71.28,35191316037353
6685.0,3,27.38,63.0,66.0,66.0,46.0,62.0,1451,73.87,35559163948120
6690.0,0,26.47,60.0,62.0,62.0,46.0,62.0,1428,78.98,68162675589233
6690.0,1,24.41,59.0,62.0,62.0,44.0,60.0,1364,74.73,39141883634521
6690.0,2,22.98,62.0,66.0,66.0,47.0,63.0,1438,73.79,35191735180419
6691.0,3,25.61,62.0,66.0,66.0,47.0,64.0,1502,76.49,35559598423217
6696.0,0,26.20,62.0,62.0,62.0,46.0,63.0,1408,77.93,68163117442749
6696.0,1,22.85,59.0,64.0,62.0,44.0,59.0,1355,74.27,39142304015441
6696.0,2,23.31,63.0,66.0,66.0,47.0,64.0,1450,73.16,35192150001403
6696.0,3,26.83,63.0,66.0,66.0,47.0,64.0,1482,75.67,35560026699768
6701.0,0,26.96,60.0,62.0,62.0,45.0,62.0,1406,76.96,68163554592529
6702.0,1,22.54,58.0,64.0,64.0,44.0,59.0,1312,73.27,39142720188232
6702.0,2,24.61,62.0,66.0,66.0,47.0,63.0,1439,72.05,35192558509399
6702.0,3,25.89,62.0,66.0,66.0,47.0,64.0,1470,75.06,35560453038146
6707.0,0,28.89,61.0,64.0,64.0,46.0,62.0,1398,78.70,68164000833251
6707.0,1,22.56,58.0,62.0,62.0,44.0,59.0,1334,75.00,39143145415527
6707.0,2,23.24,62.0,66.0,66.0,47.0,63.0,1461,73.85,35192977240905
6708.0,3,25.09,62.0,66.0,66.0,47.0,63.0,1461,76.47,35560886603027
6713.0,0,26.71,61.0,62.0,64.0,46.0,63.0,1419,76.80,68164435507873
6713.0,1,23.00,57.0,62.0,64.0,44.0,59.0,1355,72.99,39143558520202
6713.0,2,23.13,61.0,66.0,66.0,47.0,63.0,1430,71.62,35193382620605
6713.0,3,27.12,61.0,64.0,66.0,47.0,63.0,1450,74.01,35561306218750
6718.0,0,26.46,60.0,62.0,62.0,45.0,62.0,1439,78.35,68164879758483
6719.0,1,24.71,58.0,62.0,62.0,44.0,59.0,1344,74.25,39143980262817
6719.0,2,23.56,62.0,66.0,66.0,47.0,64.0,1439,73.37,35193799352294
6719.0,3,25.66,62.0,66.0,66.0,47.0,64.0,1482,76.32,35561738976684
6724.0,0,29.33,61.0,62.0,62.0,46.0,63.0,1397,78.28,68165324391967
6724.0,1,22.57,58.0,64.0,64.0,44.0,59.0,1312,74.93,39144405124877
6724.0,2,23.17,62.0,66.0,66.0,47.0,64.0,1449,73.74,35194217454345
6725.0,3,25.42,62.0,66.0,66.0,47.0,64.0,1471,76.51,35562172781127
6730.0,0,26.21,61.0,62.0,62.0,46.0,63.0,1419,77.01,68165760264343
6730.0,1,23.06,59.0,62.0,64.0,44.0,59.0,1356,73.25,39144820454589
6730.0,2,23.33,62.0,66.0,66.0,47.0,63.0,1431,72.44,35194628164794
6730.0,3,27.19,63.0,66.0,66.0,47.0,63.0,1483,74.75,35562596641052
6735.0,0,25.97,60.0,64.0,64.0,45.0,62.0,1407,77.29,68166199295288
6736.0,1,22.56,58.0,62.0,62.0,44.0,59.0,1333,74.00,39145240036010
6736.0,2,25.85,62.0,66.0,66.0,47.0,64.0,1449,72.42,35195038760986
6736.0,3,25.28,62.0,66.0,66.0,47.0,64.0,1481,75.54,35563024979858
6741.0,0,26.27,60.0,64.0,64.0,46.0,63.0,1419,78.74,68166645774169
6741.0,1,24.24,59.0,64.0,64.0,44.0,59.0,1344,74.71,39145663631408
6741.0,2,24.02,62.0,66.0,66.0,47.0,64.0,1429,73.68,35195456544067
6742.0,3,25.44,63.0,66.0,66.0,47.0,64.0,1450,76.65,35563459575805
6747.0,0,25.96,62.0,62.0,62.0,46.0,63.0,1418,77.60,68167085763427
6747.0,1,23.00,59.0,62.0,62.0,44.0,59.0,1355,73.89,39146082612854
6747.0,2,23.11,62.0,66.0,66.0,47.0,64.0,1430,73.22,35195871686340
6747.0,3,27.94,63.0,66.0,66.0,47.0,64.0,1471,75.46,35563887440307
6752.0,0,25.70,60.0,64.0,64.0,45.0,62.0,1407,76.98,68167522257324
6753.0,1,22.73,58.0,62.0,62.0,44.0,58.0,1334,73.24,39146497895812
6753.0,2,25.68,62.0,66.0,66.0,47.0,64.0,1440,71.90,35196279339477
6753.0,3,25.48,63.0,66.0,66.0,47.0,63.0,1471,74.93,35564312305969
6758.0,0,26.94,60.0,62.0,62.0,46.0,62.0,1406,78.59,68167967884460
6758.0,1,24.76,57.0,62.0,62.0,43.0,58.0,1332,74.71,39146922259521
6758.0,2,23.16,62.0,66.0,66.0,47.0,63.0,1427,73.94,35196699299377
6759.0,3,25.46,62.0,66.0,66.0,47.0,63.0,1468,76.75,35564748219482
6764.0,0,26.24,62.0,62.0,62.0,46.0,63.0,1428,77.80,68168409812561
6764.0,1,22.82,59.0,64.0,62.0,44.0,59.0,1354,74.35,39147343810424
6764.0,2,23.58,63.0,66.0,66.0,47.0,64.0,1438,73.38,35197116084533
6764.0,3,26.17,63.0,66.0,66.0,47.0,63.0,1471,75.74,35565178438537
6769.0,0,25.72,60.0,62.0,62.0,45.0,61.0,1397,76.07,68168841145690
6770.0,1,22.67,58.0,62.0,62.0,44.0,58.0,1312,72.88,39147757038818
6770.0,2,26.19,62.0,66.0,66.0,47.0,64.0,1440,71.46,35197521249816
6770.0,3,26.27,63.0,66.0,66.0,47.0,64.0,1483,74.50,35565600089965
6775.0,0,25.94,60.0,62.0,62.0,45.0,62.0,1430,78.25,68169284821838
6775.0,1,25.15,58.0,64.0,64.0,44.0,59.0,1334,74.28,39148178232971
6775.0,2,23.14,62.0,66.0,66.0,47.0,64.0,1430,74.01,35197940173034
6776.0,3,25.36,62.0,66.0,66.0,47.0,63.0,1472,76.40,35566033274780
6781.0,0,28.21,61.0,62.0,62.0,46.0,63.0,1408,78.45,68169729638366
6781.0,1,22.87,58.0,64.0,64.0,44.0,59.0,1344,75.11,39148604096679
6781.0,2,23.38,62.0,66.0,66.0,47.0,63.0,1459,74.13,35198361252685
6781.0,3,25.28,63.0,66.0,66.0,47.0,63.0,1470,76.68,35566468832885
6786.0,0,25.97,60.0,62.0,64.0,45.0,62.0,1408,75.90,68170160777221
6787.0,1,22.50,57.0,62.0,62.0,44.0,59.0,1323,72.61,39149016528259
6787.0,2,23.05,60.0,66.0,66.0,47.0,63.0,1418,71.81,35198768403259
6787.0,3,27.90,61.0,64.0,66.0,46.0,62.0,1449,73.80,35566887302917
6792.0,0,25.97,60.0,62.0,62.0,45.0,62.0,1438,78.51,68170605947998
6792.0,1,24.36,59.0,64.0,64.0,44.0,59.0,1333,74.96,39149441554931
6792.0,2,24.05,62.0,66.0,66.0,47.0,64.0,1428,73.77,35199186690124
6793.0,3,25.40,62.0,66.0,66.0,47.0,64.0,1482,76.31,35567319969726
6798.0,0,27.74,61.0,62.0,62.0,46.0,63.0,1407,78.04,68171048449157
6798.0,1,22.92,59.0,62.0,62.0,44.0,60.0,1355,74.80,39149865693115
6798.0,2,23.19,62.0,66.0,66.0,47.0,64.0,1461,73.90,35199605694030
6798.0,3,25.29,62.0,66.0,66.0,47.0,64.0,1481,76.55,35567754028076
6803.0,0,26.30,60.0,62.0,62.0,45.0,61.0,1408,75.90,68171478792663
6804.0,1,22.71,58.0,62.0,62.0,44.0,59.0,1325,72.64,39150277563415
6804.0,2,24.80,62.0,66.0,66.0,47.0,64.0,1440,71.39,35200010453430
6804.0,3,26.20,63.0,66.0,66.0,47.0,64.0,1472,73.96,35568173371276
6809.0,0,25.59,60.0,62.0,62.0,45.0,62.0,1429,78.49,68171923825683
6809.0,1,25.28,58.0,64.0,64.0,44.0,59.0,1323,74.74,39150701341613
6809.0,2,23.08,62.0,66.0,66.0,47.0,64.0,1428,74.03,35200430181152
6810.0,3,25.30,62.0,66.0,66.0,47.0,63.0,1481,76.58,35568607599670
6815.0,0,28.04,61.0,64.0,62.0,46.0,62.0,1429,77.82,68172365044921
6815.0,1,22.70,58.0,64.0,64.0,44.0,59.0,1354,74.66,39151124652160
6815.0,2,23.49,62.0,66.0,66.0,47.0,63.0,1439,73.87,35200849008850
6815.0,3,25.54,62.0,66.0,66.0,47.0,63.0,1482,76.29,35569040945007
6820.0,0,16.87,62.0,62.0,62.0,46.0,63.0,1397,75.70,68172794246582
6821.0,1,14.62,58.0,64.0,64.0,44.0,59.0,1313,71.04,39151527420776
6821.0,2,17.36,61.0,66.0,66.0,46.0,62.0,1440,69.60,35201243628417
6821.0,3,25.09,61.0,66.0,66.0,46.0,62.0,1472,71.56,35569445970336
6826.0,0,31.91,60.0,62.0,62.0,45.0,62.0,1407,81.68,68173257359252
6826.0,1,26.48,58.0,64.0,64.0,44.0,59.0,1354,78.63,39151974062194
6826.0,2,17.39,60.0,66.0,66.0,46.0,62.0,1427,77.05,35201681282470
6827.0,3,20.80,61.0,64.0,64.0,46.0,62.0,1480,76.14,35569878448486
6832.0,0,25.40,60.0,64.0,64.0,45.0,62.0,1385,84.76,68173738822753
6832.0,1,35.53,59.0,64.0,64.0,44.0,60.0,1355,78.44,39152418842102
6832.0,2,19.89,64.0,68.0,66.0,48.0,65.0,1440,76.81,35202116803466
6832.0,3,19.02,64.0,66.0,64.0,47.0,64.0,1482,71.92,35570286255981
6838.0,0,27.54,60.0,64.0,64.0,46.0,62.0,1386,77.95,68174180805908
6838.0,1,20.87,59.0,64.0,64.0,44.0,60.0,1343,74.19,39152839515136
6838.0,2,16.46,63.0,66.0,68.0,47.0,64.0,1438,72.99,35202531391479
6838.0,3,20.81,64.0,66.0,66.0,47.0,64.0,1438,73.62,35570704439575
6843.0,0,17.14,60.0,62.0,62.0,45.0,61.0,1429,69.24,68174573389953
6843.0,1,17.34,58.0,62.0,62.0,44.0,58.0,1355,66.54,39153216774169
6843.0,2,16.68,61.0,66.0,66.0,47.0,63.0,1442,64.74,35202897804931
6844.0,3,11.07,63.0,66.0,66.0,47.0,63.0,1463,69.75,35571099231872
6849.0,0,28.56,60.0,64.0,64.0,45.0,62.0,1409,83.58,68175047289978
6849.0,1,22.48,58.0,64.0,64.0,43.0,59.0,1303,78.51,39153661908996
6849.0,2,15.75,61.0,66.0,66.0,47.0,63.0,1440,76.15,35203329551757
6849.0,3,19.48,64.0,66.0,64.0,47.0,64.0,1483,71.58,35571505112060
6855.0,0,4.13,60.0,62.0,64.0,46.0,62.0,1408,71.39,68175452084594
6855.0,1,20.63,58.0,64.0,64.0,44.0,58.0,1281,66.71,39154040163024
6855.0,2,19.74,61.0,66.0,66.0,46.0,62.0,1428,65.08,35203698544860
6855.0,3,19.68,61.0,66.0,66.0,46.0,62.0,1438,69.07,35571896718078
6860.0,0,25.65,61.0,62.0,62.0,46.0,63.0,1408,79.23,68175901305908
6860.0,1,19.14,58.0,62.0,62.0,44.0,59.0,1344,74.52,39154462674377
6860.0,2,19.01,62.0,66.0,66.0,47.0,63.0,1429,72.31,35204108538024
6861.0,3,17.70,62.0,66.0,66.0,47.0,63.0,1439,72.28,35572307270629
6866.0,0,26.18,60.0,64.0,64.0,45.0,61.0,1406,73.13,68176315960266
6866.0,1,20.76,57.0,64.0,64.0,44.0,58.0,1353,70.03,39154860424377
6866.0,2,20.19,61.0,66.0,66.0,46.0,62.0,1437,67.83,35204493827453
6866.0,3,19.28,61.0,66.0,66.0,46.0,62.0,1427,67.76,35572691453552
6872.0,0,10.36,61.0,62.0,62.0,46.0,62.0,1387,77.69,68176757252075
6872.0,1,23.27,58.0,62.0,62.0,44.0,59.0,1313,72.40,39155270937500
6872.0,2,26.65,61.0,66.0,66.0,46.0,63.0,1430,69.94,35204890379943
6872.0,3,24.54,61.0,64.0,64.0,46.0,62.0,1441,69.78,35573087120056
6877.0,0,26.20,60.0,64.0,64.0,46.0,62.0,1407,81.06,68177216853393
6877.0,1,6.90,60.0,64.0,64.0,44.0,60.0,1313,76.25,39155703263122
6878.0,2,19.50,63.0,66.0,66.0,47.0,64.0,1438,67.93,35205275549560
6878.0,3,19.76,61.0,66.0,66.0,46.0,62.0,1448,66.98,35573466916992
6883.0,0,31.71,60.0,64.0,64.0,45.0,62.0,1406,75.72,68177646196411
6883.0,1,16.54,59.0,64.0,64.0,44.0,60.0,1332,73.94,39156122526306
6883.0,2,10.26,64.0,66.0,66.0,47.0,64.0,1417,72.04,35205684764709
6883.0,3,11.39,61.0,66.0,66.0,46.0,62.0,1450,71.98,35573875780273
6889.0,0,26.72,59.0,62.0,62.0,45.0,62.0,1399,73.33,68178061993652
6889.0,1,21.47,57.0,62.0,62.0,44.0,58.0,1336,69.80,39156518282714
6889.0,2,19.99,61.0,66.0,66.0,46.0,63.0,1421,72.26,35206093017944
6889.0,3,11.34,63.0,66.0,66.0,47.0,63.0,1441,75.15,35574301120666
6894.0,0,21.77,59.0,64.0,64.0,45.0,61.0,1397,74.83,68178486285034
6894.0,1,18.21,57.0,62.0,62.0,44.0,58.0,1333,71.24,39156922196166
6895.0,2,18.58,61.0,66.0,66.0,46.0,62.0,1427,69.20,35206486101135
6895.0,3,23.90,61.0,64.0,64.0,46.0,62.0,1449,69.02,35574692490173
6900.0,0,15.50,59.0,64.0,64.0,45.0,62.0,1366,78.99,68178934163085
6900.0,1,28.00,58.0,62.0,62.0,44.0,59.0,1313,72.89,39157335470092
6900.0,2,25.60,60.0,64.0,66.0,46.0,62.0,1420,70.65,35206886685180
6900.0,3,18.52,61.0,64.0,64.0,46.0,62.0,1463,71.22,35575096313293
6906.0,0,26.07,62.0,62.0,62.0,46.0,63.0,1367,74.55,68179356100952
6906.0,1,21.80,57.0,64.0,64.0,43.0,58.0,1293,69.33,39157727900024
6906.0,2,20.00,61.0,66.0,66.0,46.0,62.0,1419,66.92,35207265459777
6906.0,3,18.84,61.0,66.0,66.0,46.0,62.0,1408,67.25,35575476963684
6911.0,0,16.36,59.0,62.0,62.0,45.0,61.0,1386,74.78,68179780853881
6911.0,1,14.32,57.0,62.0,62.0,43.0,58.0,1354,73.95,39158147919799
6912.0,2,14.75,61.0,66.0,66.0,46.0,62.0,1418,71.42,35207671141174
6912.0,3,18.58,61.0,64.0,64.0,46.0,62.0,1439,71.30,35575881970642
6917.0,0,18.43,60.0,62.0,62.0,45.0,61.0,1375,80.14,68180235263793
6917.0,1,14.02,57.0,64.0,64.0,44.0,59.0,1332,75.27,39158574711242
6917.0,2,24.27,61.0,66.0,66.0,46.0,63.0,1438,71.54,35208077495605
6917.0,3,31.40,63.0,64.0,64.0,46.0,63.0,1447,70.55,35576282712036
6923.0,0,25.04,62.0,64.0,64.0,46.0,63.0,1418,81.79,68180699021789
6923.0,1,14.64,60.0,62.0,62.0,44.0,60.0,1281,74.03,39158994463745
6923.0,2,20.30,61.0,64.0,66.0,46.0,62.0,1418,67.48,35208460115417
6923.0,3,19.40,60.0,66.0,66.0,46.0,62.0,1419,67.88,35576667603759
6928.0,0,33.66,60.0,62.0,62.0,45.0,62.0,1450,74.81,68181123186706
6928.0,1,25.30,57.0,62.0,62.0,44.0,58.0,1344,74.81,39159418639831
6929.0,2,18.78,60.0,66.0,66.0,46.0,62.0,1450,77.00,35208896693908
6929.0,3,17.33,60.0,64.0,64.0,46.0,62.0,1429,75.91,35577097999511
6934.0,0,15.98,63.0,64.0,62.0,47.0,64.0,1396,80.15,68181578462524
6934.0,1,19.78,60.0,62.0,62.0,44.0,59.0,1343,69.79,39159815040832
6934.0,2,18.30,61.0,66.0,66.0,46.0,62.0,1438,67.02,35209276724121
6934.0,3,18.95,61.0,66.0,66.0,46.0,62.0,1439,67.53,35577480879333
6940.0,0,35.52,60.0,64.0,64.0,45.0,62.0,1407,75.06,68182004035766
6940.0,1,11.96,60.0,64.0,62.0,44.0,60.0,1343,76.84,39160251509399
6940.0,2,8.49,63.0,66.0,64.0,47.0,64.0,1417,71.14,35209680816650
6940.0,3,9.36,61.0,64.0,64.0,46.0,62.0,1438,69.86,35577877698486
6945.0,0,26.65,59.0,64.0,64.0,45.0,62.0,1395,73.07,68182419098327
6945.0,1,21.32,58.0,64.0,64.0,44.0,59.0,1332,70.81,39160653003967
6946.0,2,19.73,61.0,66.0,66.0,46.0,62.0,1438,73.10,35210096043640
6946.0,3,12.19,63.0,64.0,64.0,47.0,63.0,1448,74.53,35578301037292
6951.0,0,19.97,59.0,62.0,62.0,45.0,61.0,1417,75.27,68182845857604
6951.0,1,16.79,58.0,62.0,62.0,44.0,58.0,1322,71.17,39161057242065
6951.0,2,20.93,61.0,66.0,66.0,46.0,62.0,1448,68.74,35210485822631
6951.0,3,23.35,61.0,64.0,64.0,46.0,62.0,1480,68.70,35578691233947
6957.0,0,24.37,59.0,62.0,62.0,45.0,62.0,1311,82.16,68183312503601
6957.0,1,19.05,58.0,64.0,64.0,44.0,59.0,1332,76.75,39161493162048
6957.0,2,15.32,60.0,66.0,66.0,46.0,63.0,1417,74.63,35210909706237
6957.0,3,19.31,63.0,66.0,66.0,47.0,63.0,1428,73.62,35579108686279
6962.0,0,25.13,60.0,62.0,62.0,45.0,62.0,1365,76.59,68183747525878
6962.0,1,21.34,58.0,64.0,64.0,44.0,59.0,1322,72.79,39161905868652
6963.0,2,19.78,61.0,66.0,66.0,46.0,62.0,1418,70.47,35211309297424
6963.0,3,13.44,63.0,66.0,66.0,47.0,63.0,1419,71.71,35579515267883
6968.0,0,24.46,59.0,64.0,64.0,45.0,62.0,1408,82.68,68184216322448
6968.0,1,19.75,58.0,62.0,62.0,44.0,59.0,1313,77.27,39162344017150
6968.0,2,29.10,60.0,66.0,66.0,46.0,63.0,1449,73.66,35211727667541
6968.0,3,19.73,61.0,64.0,64.0,46.0,62.0,1491,73.64,35579932822387
6974.0,0,24.19,60.0,62.0,64.0,46.0,62.0,1417,75.57,68184644824523
6974.0,1,20.95,58.0,62.0,62.0,43.0,58.0,1354,71.80,39162751107116
6974.0,2,19.91,61.0,66.0,66.0,46.0,62.0,1450,70.05,35212124828308
6974.0,3,19.99,61.0,66.0,66.0,46.0,62.0,1439,70.36,35580332468750
6979.0,0,24.44,59.0,62.0,62.0,46.0,62.0,1418,80.83,68185103125122
6979.0,1,20.74,58.0,62.0,62.0,44.0,58.0,1323,76.62,39163186317077
6980.0,2,19.71,61.0,66.0,66.0,46.0,62.0,1428,74.18,35212545441406
6980.0,3,29.07,62.0,64.0,64.0,47.0,63.0,1450,72.49,35580743490234
6985.0,0,26.60,63.0,64.0,64.0,47.0,64.0,1428,80.07,68185557904724
6985.0,1,21.41,59.0,62.0,62.0,44.0,59.0,1355,70.69,39163587107849
6985.0,2,19.95,61.0,66.0,66.0,46.0,62.0,1451,67.93,35212930608520
6985.0,3,19.69,61.0,64.0,64.0,46.0,62.0,1451,68.01,35581129087707
6991.0,0,15.06,59.0,62.0,62.0,45.0,61.0,1420,72.67,68185969205993
6991.0,1,14.25,57.0,60.0,60.0,43.0,58.0,1282,75.50,39164014430419
6991.0,2,13.85,60.0,64.0,64.0,46.0,62.0,1399,74.46,35213352036499
6991.0,3,14.19,60.0,64.0,64.0,46.0,61.0,1441,74.16,35581548855529
6996.0,0,18.50,60.0,62.0,62.0,45.0,62.0,1409,82.00,68186434147583
6996.0,1,17.10,59.0,62.0,62.0,44.0,60.0,1314,76.83,39164450058410
6997.0,2,30.10,62.0,66.0,66.0,47.0,63.0,1430,73.47,35213767903808
6997.0,3,29.76,62.0,66.0,66.0,46.0,63.0,1451,75.01,35581974152343
7002.0,0,24.96,61.0,62.0,62.0,46.0,63.0,1420,77.73,68186874093688
7002.0,1,21.07,59.0,62.0,62.0,44.0,59.0,1335,73.66,39164866992797
7002.0,2,26.86,62.0,66.0,66.0,47.0,63.0,1461,71.53,35214173465026
7002.0,3,28.23,62.0,64.0,64.0,47.0,63.0,1430,75.59,35582402752624
7008.0,0,26.46,61.0,62.0,62.0,46.0,63.0,1418,78.65,68187320056030
7008.0,1,21.80,59.0,64.0,62.0,44.0,59.0,1355,74.54,39165289637756
7008.0,2,21.94,61.0,66.0,66.0,47.0,63.0,1429,72.91,35214586867431
7008.0,3,29.04,62.0,66.0,66.0,46.0,63.0,1429,76.08,35582834143188
7013.0,0,30.63,61.0,62.0,62.0,46.0,63.0,1417,76.81,68187756335021
7013.0,1,21.93,59.0,62.0,62.0,44.0,59.0,1343,73.20,39165705432067
7014.0,2,21.74,62.0,66.0,66.0,47.0,63.0,1438,71.75,35214994395019
7014.0,3,24.97,62.0,66.0,66.0,47.0,63.0,1449,75.31,35583261135314
7019.0,0,31.89,61.0,64.0,64.0,46.0,63.0,1395,77.04,68188193917785
7019.0,1,21.70,59.0,62.0,62.0,44.0,59.0,1342,73.49,39166122881225
7019.0,2,21.77,62.0,66.0,66.0,47.0,63.0,1437,72.01,35215403423217
7019.0,3,23.75,62.0,66.0,66.0,47.0,63.0,1437,75.93,35583692398010
7025.0,0,30.62,61.0,62.0,62.0,46.0,63.0,1408,77.83,68188635192321
7025.0,1,22.04,59.0,62.0,62.0,44.0,59.0,1344,73.61,39166540259277
7025.0,2,22.25,61.0,66.0,66.0,47.0,63.0,1449,72.25,35215813791137
7025.0,3,25.19,62.0,66.0,66.0,47.0,63.0,1417,75.83,35584123132141
7030.0,0,32.11,61.0,62.0,62.0,46.0,62.0,1406,77.54,68189074839294
7031.0,1,22.18,59.0,62.0,62.0,44.0,59.0,1332,73.49,39166957661621
7031.0,2,22.40,61.0,66.0,66.0,46.0,63.0,1450,71.91,35216221547668
7031.0,3,24.77,62.0,66.0,66.0,47.0,63.0,1450,75.81,35584552999755
7036.0,0,27.57,61.0,62.0,62.0,46.0,63.0,1418,77.98,68189517789550
7036.0,1,22.46,58.0,62.0,62.0,44.0,59.0,1333,73.64,39167375180725
7036.0,2,22.33,61.0,66.0,66.0,46.0,63.0,1439,72.43,35216632247863
7036.0,3,26.21,62.0,66.0,66.0,47.0,63.0,1438,75.63,35584981809143
7042.0,0,26.98,61.0,62.0,64.0,46.0,62.0,1418,76.20,68189949824157
7042.0,1,22.44,58.0,62.0,62.0,44.0,59.0,1354,72.06,39167783786010
7042.0,2,22.43,61.0,66.0,66.0,47.0,63.0,1450,70.68,35217033026367
7042.0,3,28.28,62.0,64.0,66.0,47.0,63.0,1428,73.60,35585399113647
7047.0,0,26.23,59.0,62.0,62.0,45.0,62.0,1397,78.13,68190392840637
7048.0,1,22.63,58.0,62.0,62.0,44.0,58.0,1303,73.42,39168200097106
7048.0,2,25.70,61.0,66.0,66.0,47.0,63.0,1419,71.51,35217438491882
7048.0,3,25.17,62.0,66.0,66.0,47.0,64.0,1420,75.44,35585826872070
7053.0,0,27.15,60.0,62.0,62.0,46.0,62.0,1429,78.72,68190839206237
7053.0,1,24.14,59.0,62.0,62.0,44.0,59.0,1343,74.18,39168620713073
7053.0,2,22.85,62.0,66.0,66.0,47.0,63.0,1428,72.57,35217850664611
7053.0,3,25.54,62.0,66.0,66.0,47.0,63.0,1450,76.12,35586258480529
7059.0,0,26.97,62.0,62.0,62.0,46.0,63.0,1409,77.72,68191279858886
7059.0,1,22.58,59.0,62.0,62.0,44.0,59.0,1345,73.31,39169036361389
7059.0,2,22.34,62.0,66.0,66.0,47.0,63.0,1452,72.22,35218259417358
7059.0,3,26.91,63.0,66.0,64.0,47.0,64.0,1440,75.38,35586685857849
7064.0,0,27.48,60.0,62.0,62.0,45.0,62.0,1407,76.86,68191715634765
7065.0,1,22.37,58.0,62.0,62.0,44.0,59.0,1313,72.77,39169448987060
7065.0,2,23.54,62.0,66.0,66.0,47.0,63.0,1418,71.23,35218663308532
7065.0,3,25.62,62.0,66.0,66.0,47.0,64.0,1418,74.75,35587109694885
7070.0,0,27.32,61.0,62.0,62.0,46.0,63.0,1428,78.75,68192162163269
7070.0,1,22.90,59.0,62.0,62.0,44.0,59.0,1302,74.40,39169870831115
7070.0,2,22.63,61.0,66.0,66.0,46.0,63.0,1429,73.08,35219077658081
7070.0,3,25.79,62.0,66.0,66.0,47.0,63.0,1450,76.61,35587544101562
7076.0,0,27.48,60.0,62.0,62.0,45.0,61.0,1420,75.93,68192592713012
7076.0,1,22.72,58.0,62.0,62.0,44.0,59.0,1356,72.04,39170279313049
7076.0,2,23.81,62.0,66.0,66.0,47.0,63.0,1431,70.52,35219477517517
7076.0,3,25.70,63.0,66.0,66.0,47.0,64.0,1452,74.30,35587965401672
7081.0,0,28.09,60.0,62.0,62.0,46.0,63.0,1429,78.58,68193038251586
7082.0,1,22.44,59.0,62.0,62.0,44.0,59.0,1343,74.79,39170703390808
7082.0,2,22.88,62.0,66.0,66.0,47.0,63.0,1427,73.12,35219892106079
7082.0,3,25.53,62.0,66.0,66.0,47.0,63.0,1481,76.40,35588398613037
7087.0,0,27.47,59.0,62.0,62.0,45.0,61.0,1429,75.86,68193468354064
7087.0,1,22.97,58.0,62.0,62.0,43.0,58.0,1344,72.26,39171113076965
7087.0,2,22.97,60.0,64.0,66.0,46.0,62.0,1449,70.68,35220293594604
7088.0,3,25.92,60.0,64.0,66.0,47.0,62.0,1469,73.96,35588818683593
7093.0,0,26.47,60.0,62.0,62.0,45.0,62.0,1426,78.90,68193916493164
7093.0,1,24.42,59.0,62.0,62.0,44.0,59.0,1320,74.10,39171534701293
7093.0,2,22.75,62.0,66.0,66.0,47.0,63.0,1459,72.97,35220708076904
7093.0,3,25.58,63.0,66.0,66.0,47.0,64.0,1470,76.47,35589253025085
7098.0,0,26.64,62.0,64.0,62.0,46.0,63.0,1398,78.58,68194362021484
7099.0,1,22.74,59.0,64.0,62.0,44.0,59.0,1335,73.84,39171952629089
7099.0,2,22.80,62.0,66.0,66.0,47.0,63.0,1440,72.65,35221119284729
7099.0,3,25.21,63.0,66.0,66.0,47.0,63.0,1471,76.02,35589684052185
7104.0,0,27.25,59.0,62.0,62.0,45.0,62.0,1396,77.00,68194799406799
7104.0,1,22.63,57.0,62.0,62.0,44.0,59.0,1322,72.66,39172365350036
7104.0,2,23.81,61.0,66.0,66.0,47.0,63.0,1460,70.81,35221521498352
7105.0,3,25.38,62.0,66.0,66.0,47.0,63.0,1449,74.35,35590105644958
7110.0,0,28.43,61.0,62.0,62.0,46.0,62.0,1407,78.84,68195246437377
7110.0,1,22.36,59.0,62.0,62.0,44.0,59.0,1322,74.76,39172789244384
7110.0,2,22.63,61.0,66.0,66.0,46.0,63.0,1428,73.00,35221936117614
7110.0,3,25.55,62.0,66.0,66.0,47.0,63.0,1450,76.36,35590538580566
7115.0,0,27.48,59.0,62.0,62.0,46.0,61.0,1439,76.41,68195679659240
7116.0,1,22.58,58.0,62.0,62.0,43.0,58.0,1344,72.10,39173198051452
7116.0,2,22.75,61.0,64.0,66.0,46.0,62.0,1418,70.65,35222336712219
7116.0,3,26.32,60.0,62.0,66.0,46.0,62.0,1449,73.77,35590957621948
7121.0,0,27.40,61.0,64.0,64.0,46.0,63.0,1429,78.55,68196125795043
7121.0,1,22.55,58.0,62.0,62.0,44.0,59.0,1323,74.26,39173619852783
7121.0,2,22.89,61.0,66.0,66.0,47.0,63.0,1429,73.01,35222750697692
7122.0,3,25.73,62.0,66.0,66.0,47.0,63.0,1483,76.53,35591391570922
7127.0,0,27.73,59.0,62.0,62.0,45.0,61.0,1428,76.20,68196557838073
7127.0,1,22.75,58.0,64.0,64.0,43.0,58.0,1333,72.39,39174030309692
7127.0,2,22.71,61.0,66.0,66.0,47.0,63.0,1428,71.02,35223153400146
7127.0,3,25.78,63.0,66.0,66.0,47.0,64.0,1458,74.37,35591813972412
7132.0,0,27.65,61.0,64.0,64.0,45.0,63.0,1428,78.56,68197004056518
7133.0,1,22.72,58.0,62.0,62.0,44.0,59.0,1321,74.63,39174454222595
7133.0,2,22.59,62.0,66.0,66.0,47.0,63.0,1427,73.17,35223569008056
7133.0,3,25.29,62.0,66.0,66.0,47.0,63.0,1460,76.67,35592248705322
7138.0,0,27.46,59.0,62.0,62.0,45.0,61.0,1439,76.09,68197435462585
7138.0,1,22.69,58.0,64.0,64.0,44.0,58.0,1292,72.35,39174864439575
7138.0,2,23.45,62.0,66.0,66.0,47.0,63.0,1429,70.98,35223971454528
7139.0,3,26.37,61.0,66.0,66.0,46.0,62.0,1450,74.24,35592669651428
7144.0,0,27.73,61.0,62.0,62.0,45.0,62.0,1418,79.03,68197883554748
7144.0,1,23.66,59.0,62.0,62.0,44.0,59.0,1344,74.60,39175287442077
7144.0,2,22.85,62.0,66.0,66.0,47.0,63.0,1429,73.26,35224386836364
7144.0,3,25.52,62.0,66.0,66.0,47.0,64.0,1429,76.61,35593104001953
7149.0,0,27.61,59.0,60.0,62.0,45.0,61.0,1429,76.07,68198314892639
7150.0,1,22.82,58.0,62.0,62.0,43.0,59.0,1345,72.60,39175699098632
7150.0,2,22.83,61.0,66.0,66.0,46.0,62.0,1408,71.18,35224790418151
7150.0,3,26.06,62.0,62.0,66.0,46.0,62.0,1460,74.17,35593524536193
7155.0,0,26.71,60.0,62.0,62.0,45.0,63.0,1427,79.04,68198763075195
7155.0,1,22.91,58.0,62.0,62.0,44.0,59.0,1342,74.82,39176124070861
7155.0,2,23.43,61.0,66.0,66.0,47.0,63.0,1427,73.52,35225207999755
7156.0,3,25.64,62.0,66.0,66.0,47.0,64.0,1450,76.81,35593960797790
7161.0,0,27.94,59.0,62.0,62.0,45.0,61.0,1419,76.10,68199194584167
7161.0,1,22.92,58.0,62.0,62.0,44.0,58.0,1335,72.79,39176536040100
7161.0,2,22.71,62.0,66.0,66.0,47.0,63.0,1430,71.53,35225613568969
7161.0,3,25.58,63.0,66.0,66.0,47.0,64.0,1460,74.39,35594382564819
7166.0,0,26.92,61.0,62.0,62.0,46.0,63.0,1385,78.95,68199643040527
7167.0,1,23.25,59.0,64.0,64.0,44.0,59.0,1279,75.01,39176962078674
7167.0,2,23.23,61.0,66.0,66.0,46.0,63.0,1449,73.60,35226030873718
7167.0,3,25.53,62.0,66.0,66.0,47.0,64.0,1471,77.20,35594820260803
7172.0,0,27.38,60.0,62.0,62.0,45.0,61.0,1407,76.04,68200074196777
7172.0,1,22.97,58.0,62.0,62.0,44.0,58.0,1323,72.49,39177373823730
7172.0,2,22.28,61.0,66.0,66.0,47.0,63.0,1449,71.29,35226435816162
7173.0,3,25.95,63.0,66.0,66.0,47.0,64.0,1470,74.17,35595241550170
7178.0,0,28.72,60.0,62.0,62.0,45.0,62.0,1397,78.96,68200521897216
7178.0,1,23.06,59.0,62.0,64.0,44.0,59.0,1333,75.28,39177800674804
7178.0,2,22.95,62.0,66.0,66.0,47.0,63.0,1459,73.95,35226855108093
7178.0,3,25.47,62.0,66.0,66.0,47.0,64.0,1470,76.98,35595678009521
7184.0,0,27.72,59.0,62.0,62.0,45.0,61.0,1395,76.03,68200953748168
7184.0,1,22.94,58.0,64.0,64.0,44.0,59.0,1321,72.89,39178214716857
7184.0,2,23.88,62.0,66.0,66.0,47.0,63.0,1438,71.46,35227260974487
7184.0,3,25.62,62.0,66.0,66.0,47.0,63.0,1480,74.31,35596100093017
7189.0,0,26.51,62.0,62.0,62.0,46.0,62.0,1397,78.44,68201398476135
7189.0,1,23.02,59.0,62.0,62.0,44.0,59.0,1355,74.64,39178637933776
7189.0,2,23.39,62.0,66.0,66.0,47.0,63.0,1461,73.51,35227677766357
7190.0,3,25.79,63.0,66.0,66.0,47.0,64.0,1492,76.35,35596533000122
7195.0,0,26.71,59.0,62.0,62.0,45.0,61.0,1385,76.91,68201835298278
7195.0,1,22.26,59.0,62.0,62.0,44.0,59.0,1353,73.52,39179055509765
7195.0,2,23.57,62.0,66.0,66.0,47.0,63.0,1449,72.05,35228086276489
7195.0,3,26.06,62.0,66.0,66.0,47.0,64.0,1471,75.40,35596960498657
7201.0,0,27.22,61.0,62.0,62.0,46.0,63.0,1399,78.26,68202279016906
7201.0,1,23.41,59.0,62.0,62.0,44.0,60.0,1346,74.38,39179476487487
7201.0,2,23.39,62.0,66.0,66.0,47.0,64.0,1441,73.13,35228500928894
7201.0,3,25.81,63.0,66.0,66.0,47.0,63.0,1472,76.04,35597391656860
7206.0,0,26.96,60.0,62.0,62.0,45.0,61.0,1439,77.39,68202717844665
7206.0,1,22.64,59.0,64.0,64.0,44.0,59.0,1364,74.03,39179896211669
7207.0,2,23.35,61.0,66.0,66.0,47.0,63.0,1458,72.10,35228910433227
7207.0,3,26.01,63.0,66.0,66.0,47.0,63.0,1479,75.66,35597821381530
7212.0,0,26.43,61.0,62.0,62.0,46.0,63.0,1416,77.41,68203157518249
7212.0,1,22.93,59.0,62.0,62.0,44.0,60.0,1354,73.66,39180314614868
7212.0,2,23.36,62.0,66.0,66.0,47.0,64.0,1428,72.65,35229322376159
7212.0,3,26.39,63.0,66.0,64.0,47.0,64.0,1470,75.41,35598248969970
7218.0,0,26.42,60.0,62.0,62.0,45.0,62.0,1427,77.55,68203597997863
7218.0,1,23.61,58.0,62.0,62.0,44.0,59.0,1332,73.95,39180734624572
7218.0,2,23.15,61.0,66.0,66.0,47.0,63.0,1427,72.67,35229735118225
7218.0,3,25.67,62.0,66.0,66.0,47.0,63.0,1479,75.77,35598680107604
7223.0,0,27.22,60.0,62.0,62.0,46.0,62.0,1427,76.78,68204033360351
7223.0,1,23.09,58.0,62.0,62.0,44.0,59.0,1301,72.86,39181148495422
7224.0,2,23.06,60.0,66.0,66.0,46.0,63.0,1428,71.75,35230142686523
7224.0,3,26.52,61.0,64.0,66.0,46.0,62.0,1461,74.65,35599102600219
7229.0,0,26.98,61.0,62.0,62.0,46.0,62.0,1419,78.17,68204476582092
7229.0,1,22.94,59.0,62.0,62.0,44.0,59.0,1302,75.08,39181573423889
7229.0,2,24.00,61.0,66.0,66.0,47.0,64.0,1430,73.59,35230559959350
7229.0,3,25.46,62.0,66.0,66.0,47.0,64.0,1419,77.13,35599539947143
7235.0,0,26.69,59.0,62.0,62.0,45.0,61.0,1397,76.82,68204912173095
7235.0,1,23.06,58.0,62.0,62.0,44.0,59.0,1313,72.95,39181987046813
7235.0,2,23.86,61.0,66.0,66.0,47.0,63.0,1419,71.95,35230967208251
7235.0,3,25.60,63.0,66.0,66.0,47.0,64.0,1461,74.85,35599964346679
7240.0,0,25.07,60.0,62.0,62.0,46.0,62.0,1409,79.09,68205360602111
7240.0,1,23.25,59.0,62.0,62.0,44.0,59.0,1303,75.50,39182415159729
7241.0,2,24.66,61.0,66.0,66.0,47.0,63.0,1450,73.81,35231385734741
7241.0,3,26.01,63.0,66.0,66.0,47.0,64.0,1483,77.12,35600401613464
7246.0,0,27.46,60.0,64.0,64.0,45.0,61.0,1408,76.12,68205792176330
7246.0,1,21.78,59.0,64.0,64.0,44.0,59.0,1355,73.37,39182831166015
7246.0,2,24.05,62.0,66.0,66.0,47.0,63.0,1450,71.79,35231792783691
7246.0,3,25.86,63.0,66.0,66.0,47.0,64.0,1471,75.19,35600827923278
7252.0,0,27.46,60.0,62.0,62.0,46.0,62.0,1408,76.59,68206226451293
7252.0,1,23.02,56.0,60.0,62.0,43.0,58.0,1345,73.08,39183245517211
7252.0,2,24.34,60.0,64.0,66.0,46.0,62.0,1419,71.56,35232198527404
7252.0,3,24.69,60.0,64.0,66.0,46.0,63.0,1450,75.03,35601253365417
7257.0,0,26.14,60.0,62.0,62.0,45.0,62.0,1407,78.77,68206673053100
7257.0,1,24.12,59.0,62.0,62.0,44.0,60.0,1322,75.18,39183671780029
7258.0,2,23.28,61.0,66.0,66.0,47.0,63.0,1428,74.22,35232619339050
7258.0,3,25.82,62.0,66.0,66.0,47.0,64.0,1471,76.81,35601688861389
7263.0,0,27.48,59.0,62.0,62.0,45.0,62.0,1417,75.96,68207104498718
7263.0,1,22.92,57.0,62.0,62.0,44.0,58.0,1311,72.69,39184084634765
7263.0,2,23.69,61.0,64.0,66.0,46.0,62.0,1437,71.56,35233025818054
7263.0,3,25.86,63.0,66.0,66.0,46.0,62.0,1447,74.54,35602112220275
7269.0,0,26.19,61.0,62.0,62.0,46.0,63.0,1386,78.91,68207551941650
7269.0,1,23.01,58.0,64.0,64.0,44.0,59.0,1312,75.33,39184511746765
7269.0,2,24.12,62.0,66.0,66.0,47.0,64.0,1438,73.95,35233445878723
7269.0,3,25.62,62.0,66.0,66.0,47.0,63.0,1470,77.28,35602551171691
7274.0,0,27.98,59.0,62.0,62.0,45.0,62.0,1406,76.27,68207985175537
7274.0,1,23.28,58.0,62.0,62.0,44.0,59.0,1333,73.05,39184926687622
7275.0,2,22.14,61.0,66.0,66.0,47.0,63.0,1450,71.93,35233853743408
7275.0,3,25.70,63.0,66.0,66.0,47.0,64.0,1481,74.70,35602974703247
7280.0,0,27.46,61.0,62.0,62.0,46.0,63.0,1429,77.70,68208425749816
7280.0,1,23.35,59.0,62.0,62.0,44.0,59.0,1354,74.50,39185349125915
7280.0,2,24.17,62.0,66.0,66.0,47.0,64.0,1440,72.69,35234265889648
7280.0,3,25.67,63.0,66.0,64.0,47.0,63.0,1482,76.21,35603406820800
7286.0,0,26.70,61.0,62.0,62.0,46.0,63.0,1418,78.05,68208868303039
7286.0,1,20.50,58.0,62.0,62.0,44.0,59.0,1334,74.42,39185771070312
7286.0,2,24.39,62.0,66.0,66.0,47.0,64.0,1417,73.00,35234679808349
7286.0,3,25.64,63.0,66.0,66.0,47.0,64.0,1471,76.40,35603839989501
7291.0,0,26.46,59.0,62.0,62.0,45.0,61.0,1407,76.07,68209299628051
7291.0,1,22.82,58.0,62.0,62.0,44.0,59.0,1334,73.01,39186185027221
7292.0,2,24.56,61.0,66.0,66.0,46.0,63.0,1461,71.70,35235086327636
7292.0,3,26.55,63.0,66.0,66.0,47.0,64.0,1460,74.40,35604261821838
7297.0,0,25.83,61.0,62.0,62.0,46.0,62.0,1386,79.32,68209749350708
7297.0,1,23.06,58.0,64.0,64.0,44.0,59.0,1323,75.22,39186611549194
7297.0,2,23.82,61.0,66.0,66.0,47.0,63.0,1450,74.14,35235506688781
7297.0,3,26.16,62.0,66.0,66.0,47.0,63.0,1471,77.43,35604700877014
7303.0,0,26.47,59.0,62.0,62.0,45.0,61.0,1408,76.76,68210184597656
7303.0,1,23.42,58.0,62.0,62.0,44.0,58.0,1345,72.89,39187024854064
7303.0,2,24.20,61.0,66.0,66.0,47.0,63.0,1439,71.80,35235913780883
7303.0,3,26.35,63.0,66.0,66.0,47.0,64.0,1471,74.37,35605123302612
7308.0,0,25.65,61.0,64.0,62.0,46.0,63.0,1396,79.31,68210634258239
7308.0,1,23.06,58.0,62.0,62.0,44.0,59.0,1343,75.49,39187453637573
7309.0,2,24.37,61.0,66.0,66.0,46.0,63.0,1459,74.01,35236334141845
7309.0,3,25.67,62.0,66.0,66.0,47.0,63.0,1490,77.43,35605563130737
7314.0,0,26.44,60.0,62.0,62.0,45.0,61.0,1437,76.22,68211067969299
7314.0,1,22.99,58.0,62.0,62.0,44.0,59.0,1342,73.08,39187868756591
7314.0,2,23.97,62.0,66.0,66.0,47.0,63.0,1426,71.76,35236741727233
7314.0,3,25.69,63.0,66.0,66.0,47.0,64.0,1490,74.79,35605987175354
7320.0,0,27.54,62.0,62.0,62.0,46.0,62.0,1419,78.60,68211513628295
7320.0,1,22.95,59.0,62.0,62.0,44.0,59.0,1335,74.89,39188293390014
7320.0,2,23.78,63.0,66.0,66.0,47.0,63.0,1409,73.50,35237158446105
7320.0,3,25.42,63.0,66.0,66.0,47.0,64.0,1441,76.63,35606421654174
7325.0,0,30.04,59.0,62.0,64.0,45.0,62.0,1419,79.99,68211966344543
7325.0,1,8.08,60.0,62.0,62.0,45.0,60.0,1334,74.50,39188715778076
7326.0,2,14.83,61.0,66.0,66.0,46.0,62.0,1419,68.29,35237545676818
7326.0,3,17.03,61.0,66.0,66.0,46.0,62.0,1460,71.10,35606824814819
7331.0,0,24.68,61.0,62.0,62.0,46.0,62.0,1417,74.02,68212386759765
7331.0,1,21.26,58.0,62.0,62.0,44.0,59.0,1322,75.19,39189142121887
7331.0,2,19.98,61.0,66.0,66.0,47.0,63.0,1460,76.84,35237981371398
7331.0,3,17.56,61.0,64.0,64.0,46.0,62.0,1482,74.83,35607249127990
7337.0,0,27.20,62.0,64.0,62.0,46.0,63.0,1324,80.12,68212841035278
7337.0,1,21.60,58.0,64.0,64.0,44.0,59.0,1345,72.60,39189553737915
7337.0,2,20.62,61.0,68.0,68.0,46.0,62.0,1429,70.47,35238380911071
7337.0,3,17.54,61.0,66.0,66.0,46.0,63.0,1429,69.75,35607644616821
7342.0,0,19.96,60.0,62.0,64.0,45.0,62.0,1407,73.10,68213255528198
7342.0,1,20.35,58.0,64.0,64.0,43.0,58.0,1354,73.95,39189973034362
7343.0,2,19.43,61.0,66.0,66.0,46.0,63.0,1439,71.94,35238788806152
7343.0,3,19.73,61.0,66.0,66.0,46.0,62.0,1438,71.34,35608049854614
7348.0,0,23.71,59.0,62.0,62.0,45.0,61.0,1417,77.98,68213698475830
7348.0,1,21.78,58.0,62.0,62.0,43.0,58.0,1332,73.24,39190389036865
7348.0,2,21.51,61.0,66.0,66.0,46.0,62.0,1437,70.61,35239189896789
7348.0,3,21.42,62.0,66.0,66.0,46.0,63.0,1458,71.23,35608454451843
7354.0,0,4.67,62.0,62.0,62.0,46.0,63.0,1374,77.38,68214137222167
7354.0,1,20.55,57.0,64.0,64.0,43.0,58.0,1321,70.07,39190787038085
7354.0,2,19.42,61.0,66.0,66.0,46.0,62.0,1406,67.56,35239573662780
7354.0,3,18.14,61.0,66.0,66.0,46.0,62.0,1471,67.84,35608839089050
7359.0,0,25.51,59.0,64.0,64.0,45.0,61.0,1354,76.86,68214573769409
7360.0,1,20.38,58.0,62.0,62.0,44.0,58.0,1302,74.14,39191207431457
7360.0,2,19.73,61.0,66.0,66.0,47.0,62.0,1418,72.14,35239982693298
7360.0,3,8.15,63.0,66.0,66.0,47.0,64.0,1450,73.38,35609255173278
7365.0,0,25.55,59.0,62.0,62.0,45.0,61.0,1356,74.91,68214997787902
7365.0,1,26.66,57.0,60.0,60.0,43.0,58.0,1303,70.92,39191608823120
7365.0,2,25.67,61.0,66.0,64.0,46.0,63.0,1441,68.95,35240373615722
7365.0,3,23.71,61.0,64.0,64.0,46.0,62.0,1473,69.35,35609648367858
7371.0,0,26.45,59.0,64.0,64.0,45.0,61.0,1376,76.42,68215431067443
7371.0,1,21.28,58.0,64.0,64.0,43.0,58.0,1323,72.48,39192019777954
7371.0,2,18.05,63.0,66.0,66.0,47.0,64.0,1451,70.25,35240771244445
7371.0,3,0.00,63.0,64.0,64.0,47.0,63.0,1440,71.02,35610050351440
7376.0,0,36.97,60.0,64.0,64.0,46.0,62.0,1386,76.74,68215866958923
7377.0,1,13.98,60.0,64.0,64.0,45.0,60.0,1270,73.95,39192439840698
7377.0,2,10.07,63.0,66.0,66.0,47.0,64.0,1427,67.77,35241156161010
7377.0,3,14.94,61.0,64.0,64.0,46.0,62.0,1459,65.46,35610422159667
7382.0,0,24.19,59.0,62.0,62.0,45.0,61.0,1429,72.40,68216277446533
7382.0,1,18.68,57.0,60.0,62.0,43.0,58.0,1313,69.16,39192831982666
7382.0,2,17.78,60.0,64.0,66.0,46.0,62.0,1440,71.47,35241561382873
7382.0,3,16.71,61.0,64.0,64.0,46.0,62.0,1462,73.56,35610839253662
7388.0,0,25.68,60.0,60.0,62.0,46.0,62.0,1376,78.57,68216722918518
7388.0,1,20.51,58.0,64.0,64.0,44.0,59.0,1323,74.55,39193254681823
7388.0,2,19.45,61.0,66.0,66.0,46.0,62.0,1418,72.39,35241971807495
7388.0,3,21.21,61.0,66.0,66.0,46.0,62.0,1439,72.29,35611249138732
7393.0,0,20.22,60.0,62.0,62.0,45.0,62.0,1375,80.19,68217177623901
7394.0,1,22.81,58.0,62.0,62.0,44.0,59.0,1334,74.10,39193674832885
7394.0,2,20.40,61.0,66.0,66.0,47.0,63.0,1419,72.13,35242380758544
7394.0,3,21.21,62.0,64.0,64.0,46.0,62.0,1439,72.80,35611661900817
7399.0,0,36.46,62.0,64.0,64.0,47.0,64.0,1419,87.78,68217675347167
7399.0,1,21.75,59.0,62.0,62.0,44.0,60.0,1354,79.13,39194123510925
7399.0,2,20.06,61.0,66.0,66.0,46.0,62.0,1428,75.00,35242805992797
7400.0,3,22.15,61.0,64.0,64.0,46.0,62.0,1440,74.47,35612084133911
7405.0,0,28.19,61.0,62.0,64.0,46.0,63.0,1418,75.47,68218103245910
7405.0,1,23.18,58.0,64.0,64.0,44.0,59.0,1313,74.82,39194547722412
7405.0,2,23.63,61.0,66.0,66.0,46.0,62.0,1408,73.82,35243224552917
7405.0,3,23.54,62.0,66.0,66.0,46.0,63.0,1417,73.66,35612502511901
7410.0,0,24.65,62.0,64.0,62.0,47.0,64.0,1406,81.55,68218566424011
7411.0,1,20.95,58.0,64.0,64.0,44.0,59.0,1300,73.88,39194967341796
7411.0,2,19.57,61.0,66.0,66.0,46.0,62.0,1449,72.00,35243633520446
7411.0,3,19.78,61.0,66.0,66.0,46.0,62.0,1450,72.31,35612912526123
7416.0,0,21.43,60.0,62.0,62.0,46.0,62.0,1407,75.27,68218993201660
7416.0,1,14.48,58.0,62.0,62.0,44.0,58.0,1354,74.18,39195387962158
7416.0,2,13.45,61.0,66.0,66.0,46.0,62.0,1449,71.74,35244040282592
7417.0,3,13.03,61.0,64.0,64.0,46.0,62.0,1438,71.28,35613316688903
7422.0,0,17.11,63.0,64.0,64.0,47.0,64.0,1407,80.09,68219447290161
7422.0,1,17.88,60.0,62.0,62.0,44.0,60.0,1333,71.13,39195791273681
7422.0,2,19.92,61.0,66.0,66.0,46.0,62.0,1460,67.17,35244421821350
7422.0,3,19.51,61.0,66.0,66.0,46.0,62.0,1429,67.95,35613702664855
7427.0,0,26.38,62.0,62.0,62.0,46.0,64.0,1408,73.91,68219866352966
7428.0,1,14.04,57.0,62.0,62.0,43.0,58.0,1334,72.41,39196201826232
7428.0,2,14.39,61.0,66.0,66.0,46.0,62.0,1377,72.08,35244829770568
7428.0,3,15.75,61.0,64.0,64.0,46.0,62.0,1440,71.67,35614109051330
7433.0,0,24.54,59.0,62.0,62.0,45.0,62.0,1427,76.33,68220299890197
7433.0,1,17.70,57.0,60.0,64.0,44.0,59.0,1364,76.88,39196638488220
7433.0,2,16.73,60.0,64.0,66.0,46.0,62.0,1460,74.25,35245251536926
7434.0,3,16.49,62.0,64.0,64.0,46.0,63.0,1440,75.08,35614533996032
7439.0,0,26.95,60.0,64.0,64.0,45.0,62.0,1421,79.96,68220752460021
7439.0,1,21.72,58.0,64.0,64.0,44.0,59.0,1314,76.42,39197071012207
7439.0,2,20.68,62.0,66.0,66.0,47.0,63.0,1420,74.16,35245671264221
7439.0,3,21.30,63.0,66.0,66.0,47.0,63.0,1419,73.25,35614949318908
7444.0,0,21.12,60.0,62.0,62.0,46.0,63.0,1431,79.38,68221202519226
7445.0,1,17.66,58.0,62.0,62.0,44.0,59.0,1325,75.85,39197501054992
7445.0,2,16.83,61.0,66.0,66.0,47.0,63.0,1441,73.14,35246085953186
7445.0,3,32.95,61.0,64.0,64.0,46.0,62.0,1452,71.53,35615354896972
7450.0,0,26.90,62.0,62.0,62.0,46.0,63.0,1430,81.88,68221665974975
7450.0,1,21.80,58.0,64.0,64.0,43.0,59.0,1323,73.57,39197918179077
7450.0,2,19.98,61.0,66.0,66.0,46.0,62.0,1439,71.18,35246489528747
7451.0,3,20.11,61.0,66.0,66.0,46.0,62.0,1449,71.15,35615758326599
7456.0,0,27.99,60.0,64.0,64.0,46.0,62.0,1417,82.50,68222134603332
7456.0,1,21.11,59.0,64.0,64.0,44.0,60.0,1311,80.91,39198376932800
7456.0,2,20.50,63.0,66.0,66.0,47.0,64.0,1427,73.59,35246907529602
7456.0,3,20.19,61.0,66.0,66.0,46.0,62.0,1427,70.75,35616160194091
7461.0,0,30.35,60.0,62.0,62.0,45.0,61.0,1437,75.97,68222566085510
7462.0,1,29.03,58.0,62.0,62.0,44.0,59.0,1321,72.13,39198786653808
7462.0,2,21.32,60.0,66.0,66.0,46.0,62.0,1439,75.08,35247333225830
7462.0,3,19.02,60.0,64.0,64.0,46.0,62.0,1440,77.49,35616599571899
7467.0,0,25.97,60.0,64.0,64.0,45.0,62.0,1430,81.23,68223026636047
7467.0,1,22.35,58.0,64.0,64.0,44.0,59.0,1355,76.03,39199217735961
7467.0,2,23.17,61.0,66.0,66.0,46.0,63.0,1460,73.57,35247750370239
7468.0,3,19.47,64.0,64.0,66.0,47.0,64.0,1448,71.98,35617008414855
7473.0,0,21.21,59.0,60.0,62.0,45.0,62.0,1428,73.57,68223443779174
7473.0,1,16.88,57.0,60.0,60.0,44.0,58.0,1344,70.19,39199615732238
7473.0,2,18.08,60.0,64.0,64.0,46.0,62.0,1440,67.70,35248134239074
7473.0,3,23.41,61.0,64.0,62.0,46.0,62.0,1461,69.09,35617400155822
7478.0,0,25.50,60.0,64.0,64.0,46.0,62.0,1387,86.39,68223933634277
7479.0,1,24.58,58.0,64.0,64.0,44.0,59.0,1335,79.91,39200068826538
7479.0,2,31.95,61.0,66.0,66.0,46.0,63.0,1430,76.50,35248567991088
7479.0,3,19.00,63.0,66.0,66.0,47.0,63.0,1453,77.21,35617837160278
7484.0,0,21.13,62.0,62.0,62.0,47.0,64.0,1429,78.05,68224376197204
7484.0,1,12.44,58.0,64.0,64.0,44.0,58.0,1344,70.53,39200468720336
7484.0,2,12.33,61.0,66.0,66.0,46.0,62.0,1450,68.61,35248956993469
7485.0,3,13.74,61.0,64.0,64.0,46.0,62.0,1460,69.00,35618228414978
7490.0,0,37.01,60.0,64.0,64.0,45.0,62.0,1376,79.15,68224824953491
7490.0,1,10.70,61.0,64.0,62.0,45.0,60.0,1343,77.97,39200910798706
7490.0,2,10.75,62.0,66.0,66.0,47.0,63.0,1407,71.56,35249362760314
7490.0,3,12.20,61.0,64.0,64.0,46.0,62.0,1428,70.62,35618629542419
7495.0,0,27.11,60.0,64.0,64.0,45.0,62.0,1407,73.64,68225242475219
7496.0,1,23.11,58.0,62.0,62.0,44.0,59.0,1345,71.91,39201318511291
7496.0,2,27.65,62.0,66.0,66.0,47.0,64.0,1440,74.66,35249786096496
7496.0,3,25.97,62.0,66.0,66.0,46.0,63.0,1430,76.04,35619059914489
7501.0,0,25.19,62.0,62.0,62.0,46.0,63.0,1409,78.56,68225687921447
7501.0,1,21.39,59.0,62.0,62.0,44.0,59.0,1344,74.47,39201740766967
7501.0,2,23.35,62.0,66.0,66.0,47.0,63.0,1461,73.07,35250200398742
7502.0,3,31.01,62.0,66.0,64.0,47.0,63.0,1439,76.49,35619493633300
7507.0,0,29.20,61.0,64.0,64.0,46.0,63.0,1397,77.98,68226130087768
7507.0,1,21.77,59.0,62.0,62.0,44.0,59.0,1365,73.71,39202159432800
7507.0,2,21.75,62.0,66.0,66.0,47.0,63.0,1439,71.99,35250609315185
7507.0,3,26.39,62.0,66.0,66.0,47.0,63.0,1428,75.44,35619922120117
7512.0,0,31.43,61.0,62.0,62.0,46.0,62.0,1417,76.86,68226566627136
7513.0,1,21.76,59.0,64.0,64.0,44.0,59.0,1343,73.35,39202575333312
7513.0,2,21.63,62.0,66.0,66.0,47.0,63.0,1427,72.13,35251019007385
7513.0,3,24.65,62.0,66.0,66.0,47.0,63.0,1437,75.43,35620350583923
7518.0,0,31.69,61.0,62.0,62.0,46.0,62.0,1417,77.29,68227004864746
7518.0,1,21.95,59.0,64.0,64.0,44.0,59.0,1344,73.25,39202991368957
7518.0,2,22.17,61.0,66.0,66.0,47.0,63.0,1439,71.93,35251426859436
7519.0,3,24.54,62.0,66.0,66.0,47.0,63.0,1430,75.75,35620779350341
7524.0,0,30.40,61.0,64.0,64.0,46.0,63.0,1408,77.92,68227446666320
7524.0,1,22.44,58.0,62.0,62.0,44.0,59.0,1355,73.90,39203409648193
7524.0,2,22.46,61.0,66.0,66.0,47.0,63.0,1450,72.41,35251837447326
7524.0,3,24.56,62.0,66.0,66.0,47.0,63.0,1439,76.08,35621211467895
7529.0,0,26.21,62.0,62.0,62.0,46.0,63.0,1408,77.63,68227886847045
7530.0,1,22.37,59.0,62.0,62.0,44.0,59.0,1323,72.97,39203824090393
7530.0,2,22.13,62.0,66.0,66.0,47.0,63.0,1418,71.85,35252244835021
7530.0,3,28.80,63.0,66.0,64.0,47.0,64.0,1439,74.93,35621636338500
7535.0,0,26.71,60.0,62.0,62.0,45.0,62.0,1408,76.73,68228321891357
7535.0,1,22.36,58.0,62.0,62.0,44.0,59.0,1323,72.54,39204235417358
7535.0,2,25.66,62.0,66.0,66.0,47.0,63.0,1450,70.65,35252645408569
7536.0,3,25.67,62.0,66.0,66.0,47.0,63.0,1461,74.57,35622059173645
7541.0,0,27.77,60.0,64.0,64.0,46.0,63.0,1418,78.45,68228767482543
7541.0,1,23.95,59.0,64.0,64.0,44.0,60.0,1323,74.20,39204656116210
7541.0,2,22.51,61.0,66.0,66.0,46.0,63.0,1429,72.75,35253057902465
7541.0,3,25.74,62.0,66.0,66.0,47.0,63.0,1406,76.40,35622492379699
7547.0,0,26.97,62.0,62.0,62.0,46.0,63.0,1417,77.92,68229209291381
7547.0,1,22.69,59.0,62.0,62.0,44.0,60.0,1343,73.39,39205072230712
7547.0,2,22.85,62.0,66.0,66.0,47.0,63.0,1416,72.07,35253467256530
7547.0,3,26.59,63.0,66.0,66.0,47.0,64.0,1449,75.41,35622920721008
7552.0,0,27.00,60.0,62.0,62.0,45.0,62.0,1406,76.63,68229644556945
7552.0,1,22.53,58.0,62.0,62.0,44.0,58.0,1333,72.70,39205485146972
7552.0,2,24.71,62.0,66.0,66.0,47.0,63.0,1450,71.07,35253870210510
7553.0,3,25.70,62.0,66.0,66.0,47.0,63.0,1471,74.64,35623343938537
7558.0,0,28.26,60.0,64.0,64.0,46.0,63.0,1408,78.59,68230090138366
7558.0,1,22.78,59.0,64.0,64.0,44.0,59.0,1334,74.41,39205907027709
7558.0,2,22.44,61.0,66.0,66.0,47.0,63.0,1429,72.85,35254283273559
7558.0,3,25.41,60.0,66.0,66.0,46.0,62.0,1429,76.28,35623776469116
7564.0,0,27.47,59.0,62.0,62.0,45.0,62.0,1429,75.92,68230520614990
7564.0,1,22.67,58.0,62.0,62.0,43.0,58.0,1344,72.16,39206316161926
7564.0,2,22.92,61.0,64.0,66.0,46.0,62.0,1408,70.69,35254684059143
7564.0,3,26.28,60.0,64.0,66.0,46.0,62.0,1418,73.81,35624194957397
7569.0,0,27.23,60.0,64.0,64.0,45.0,62.0,1440,79.02,68230967844665
7569.0,1,23.48,58.0,62.0,62.0,44.0,59.0,1355,74.15,39206736586975
7570.0,2,22.85,62.0,66.0,66.0,47.0,63.0,1439,73.03,35255098148925
7570.0,3,25.72,62.0,66.0,66.0,47.0,63.0,1450,76.60,35624629297790
7575.0,0,28.34,61.0,62.0,62.0,46.0,62.0,1407,78.52,68231413838684
7575.0,1,22.68,58.0,62.0,62.0,44.0,59.0,1333,74.33,39207158046264
7575.0,2,23.05,61.0,66.0,66.0,46.0,63.0,1460,73.04,35255512308593
7575.0,3,25.58,63.0,66.0,66.0,47.0,63.0,1470,76.53,35625064000366
7581.0,0,27.73,60.0,62.0,62.0,45.0,61.0,1407,76.34,68231846682250
7581.0,1,22.53,58.0,62.0,62.0,44.0,59.0,1312,72.61,39207570490661
7581.0,2,22.60,61.0,66.0,66.0,47.0,63.0,1439,70.74,35255914127868
7581.0,3,25.71,62.0,66.0,66.0,47.0,63.0,1480,74.20,35625484735839
7586.0,0,28.17,61.0,62.0,62.0,46.0,63.0,1396,78.50,68232292563781
7586.0,1,22.93,58.0,62.0,62.0,44.0,59.0,1333,74.74,39207994247192
7587.0,2,22.91,61.0,66.0,66.0,46.0,63.0,1449,73.43,35256330479675
7587.0,3,25.71,62.0,66.0,66.0,47.0,64.0,1481,76.54,35625919492675
7592.0,0,27.23,60.0,64.0,64.0,45.0,61.0,1385,75.92,68232723808227
7592.0,1,22.55,58.0,64.0,64.0,44.0,58.0,1332,72.61,39208406695190
7592.0,2,24.09,61.0,66.0,66.0,46.0,63.0,1459,71.06,35256734072692
7592.0,3,25.68,62.0,66.0,66.0,47.0,63.0,1460,73.97,35626338926086
7598.0,0,29.24,61.0,64.0,64.0,46.0,62.0,1408,78.52,68233168236511
7598.0,1,22.69,58.0,64.0,64.0,44.0,59.0,1333,74.57,39208829481079
7598.0,2,22.66,61.0,66.0,66.0,47.0,63.0,1429,73.06,35257148342468
7598.0,3,25.31,62.0,66.0,66.0,47.0,63.0,1450,76.70,35626773812744
7603.0,0,26.71,61.0,62.0,62.0,46.0,63.0,1429,76.83,68233604642517
7603.0,1,22.61,59.0,62.0,62.0,44.0,59.0,1344,72.76,39209242013061
7604.0,2,22.53,61.0,66.0,66.0,47.0,63.0,1429,71.63,35257554486877
7604.0,3,27.14,63.0,66.0,66.0,47.0,63.0,1449,74.41,35627195742492
7609.0,0,26.73,59.0,62.0,62.0,45.0,62.0,1426,77.52,68234044958251
7609.0,1,22.45,58.0,62.0,62.0,44.0,59.0,1354,73.24,39209658005187
7609.0,2,25.39,61.0,66.0,66.0,46.0,63.0,1439,71.44,35257960253906
7609.0,3,25.12,62.0,66.0,66.0,47.0,63.0,1482,75.56,35627624191711
7615.0,0,28.70,61.0,62.0,62.0,46.0,63.0,1409,78.43,68234488853393
7615.0,1,22.29,59.0,64.0,64.0,44.0,59.0,1313,74.73,39210080981811
7615.0,2,22.75,61.0,66.0,66.0,46.0,63.0,1439,72.69,35258372395080
7615.0,3,25.41,62.0,66.0,66.0,47.0,63.0,1471,76.25,35628057305969
7620.0,0,26.98,60.0,62.0,62.0,46.0,62.0,1429,76.67,68234923552185
7620.0,1,22.77,58.0,62.0,62.0,44.0,59.0,1334,72.23,39210490521118
7621.0,2,22.76,61.0,66.0,66.0,46.0,63.0,1418,70.94,35258774623901
7621.0,3,26.34,62.0,64.0,66.0,47.0,63.0,1438,74.11,35628477536865
7626.0,0,27.24,59.0,62.0,62.0,45.0,62.0,1417,78.50,68235369427917
7626.0,1,23.58,59.0,62.0,62.0,44.0,59.0,1343,74.53,39210913850830
7626.0,2,23.30,61.0,66.0,66.0,47.0,63.0,1429,72.99,35259188470458
7626.0,3,25.57,63.0,66.0,66.0,47.0,63.0,1451,76.17,35628909420288
7632.0,0,27.48,61.0,62.0,62.0,46.0,62.0,1429,77.41,68235808370849
7632.0,1,22.85,59.0,62.0,62.0,44.0,59.0,1313,73.50,39211330578735
7632.0,2,22.97,62.0,66.0,66.0,47.0,63.0,1418,72.46,35259599317443
7632.0,3,25.82,63.0,66.0,64.0,47.0,63.0,1482,75.07,35629335049621
7637.0,0,27.47,59.0,62.0,62.0,45.0,61.0,1429,77.35,68236246970825
7637.0,1,23.68,59.0,62.0,62.0,44.0,59.0,1344,73.71,39211748495483
7638.0,2,23.17,62.0,66.0,66.0,47.0,63.0,1429,72.51,35260010431213
7638.0,3,25.48,62.0,66.0,66.0,47.0,63.0,1503,75.51,35629763183288
7643.0,0,28.28,61.0,62.0,62.0,46.0,63.0,1438,78.29,68236690885803
7643.0,1,22.72,59.0,62.0,62.0,44.0,59.0,1365,74.43,39212170532104
7643.0,2,23.02,61.0,66.0,66.0,47.0,63.0,1448,73.10,35260425659790
7643.0,3,25.17,63.0,66.0,66.0,47.0,63.0,1469,75.94,35630194505187
7649.0,0,27.48,59.0,64.0,64.0,45.0,62.0,1406,76.27,68237124112365
7649.0,1,22.97,58.0,62.0,62.0,44.0,59.0,1343,72.79,39212584004699
7649.0,2,22.47,62.0,66.0,66.0,47.0,63.0,1439,71.77,35260832569030
7649.0,3,25.80,62.0,66.0,66.0,47.0,63.0,1481,74.54,35630617121093
7654.0,0,27.69,61.0,62.0,62.0,46.0,62.0,1409,78.42,68237567944763
7654.0,1,22.91,58.0,62.0,62.0,44.0,59.0,1346,74.98,39213009167846
7655.0,2,23.20,62.0,66.0,66.0,47.0,63.0,1451,73.64,35261250089477
7655.0,3,25.43,62.0,66.0,66.0,47.0,63.0,1471,76.35,35631049999755
7660.0,0,27.21,59.0,62.0,62.0,45.0,61.0,1406,75.92,68237999164916
7660.0,1,22.73,58.0,62.0,62.0,44.0,59.0,1354,72.78,39213421849914
7660.0,2,24.22,61.0,66.0,66.0,47.0,63.0,1460,71.47,35261655314270
7660.0,3,25.49,62.0,66.0,66.0,47.0,64.0,1460,74.00,35631469553344
7666.0,0,28.10,61.0,62.0,62.0,46.0,63.0,1386,78.62,68238444934875
7666.0,1,23.19,59.0,62.0,62.0,44.0,59.0,1312,74.65,39213845876770
7666.0,2,23.36,61.0,66.0,66.0,46.0,63.0,1439,73.72,35262074028198
7666.0,3,25.30,62.0,66.0,66.0,47.0,63.0,1471,76.53,35631904267517
7671.0,0,27.22,59.0,64.0,64.0,45.0,62.0,1407,75.77,68238875323181
7671.0,1,22.70,58.0,62.0,62.0,43.0,58.0,1323,72.66,39214257843688
7672.0,2,23.58,62.0,66.0,66.0,46.0,63.0,1449,71.37,35262478702331
7672.0,3,25.12,63.0,66.0,66.0,47.0,64.0,1470,74.22,35632325082946
7677.0,0,27.17,61.0,64.0,64.0,46.0,62.0,1386,78.71,68239321598999
7677.0,1,23.20,59.0,64.0,64.0,44.0,59.0,1333,75.26,39214684586669
7677.0,2,23.17,61.0,66.0,66.0,47.0,63.0,1460,73.95,35262898002807
7677.0,3,25.64,62.0,66.0,66.0,47.0,63.0,1481,76.89,35632761077575
7683.0,0,26.21,59.0,62.0,62.0,45.0,61.0,1397,76.19,68239753589416
7683.0,1,22.76,58.0,62.0,62.0,44.0,58.0,1323,72.63,39215096395690
7683.0,2,23.66,61.0,66.0,66.0,47.0,63.0,1438,71.42,35263303664367
7683.0,3,26.61,62.0,66.0,66.0,46.0,62.0,1459,73.84,35633180502563
7688.0,0,26.46,60.0,62.0,62.0,45.0,62.0,1406,78.85,68240201477416
7688.0,1,23.84,58.0,62.0,62.0,44.0,59.0,1310,74.66,39215520488769
7689.0,2,23.21,62.0,66.0,66.0,47.0,63.0,1459,73.61,35263721783264
7689.0,3,25.53,63.0,66.0,66.0,47.0,63.0,1449,76.59,35633615538269
7694.0,0,26.71,60.0,62.0,62.0,46.0,62.0,1398,76.55,68240635540344
7694.0,1,23.15,57.0,62.0,64.0,44.0,59.0,1335,72.79,39215933213806
7694.0,2,23.31,60.0,64.0,66.0,47.0,62.0,1441,71.67,35264127433654
7694.0,3,25.56,61.0,64.0,66.0,46.0,63.0,1451,74.19,35634035470153
7700.0,0,26.73,60.0,62.0,62.0,45.0,62.0,1399,78.22,68241079023681
7700.0,1,23.59,59.0,62.0,62.0,44.0,59.0,1334,74.91,39216357973449
7700.0,2,23.57,62.0,66.0,66.0,47.0,63.0,1440,73.91,35264546522644
7700.0,3,25.72,63.0,66.0,66.0,47.0,64.0,1472,76.82,35634471035339
7705.0,0,27.26,61.0,62.0,62.0,46.0,63.0,1428,76.99,68241515552795
7705.0,1,22.99,59.0,62.0,62.0,44.0,59.0,1334,73.48,39216774609985
7706.0,2,23.71,62.0,66.0,66.0,47.0,63.0,1428,72.36,35264956830322
7706.0,3,25.40,63.0,66.0,66.0,47.0,63.0,1460,75.05,35634896594482
7711.0,0,27.23,60.0,62.0,62.0,45.0,61.0,1429,77.72,68241956214904
7711.0,1,22.31,59.0,62.0,62.0,44.0,59.0,1333,74.21,39217195372863
7711.0,2,23.72,61.0,66.0,66.0,47.0,63.0,1429,73.02,35265370875183
7711.0,3,26.07,63.0,66.0,66.0,47.0,63.0,1471,75.99,35635327447265
7717.0,0,26.22,62.0,62.0,62.0,46.0,62.0,1419,77.67,68242396591613
7717.0,1,23.06,59.0,62.0,62.0,44.0,59.0,1345,73.76,39217613608520
7717.0,2,22.97,62.0,66.0,66.0,47.0,63.0,1408,72.79,35265783622802
7717.0,3,26.30,63.0,66.0,66.0,47.0,64.0,1430,75.37,35635754777709
7722.0,0,26.99,60.0,62.0,62.0,45.0,61.0,1429,77.17,68242834142028
7723.0,1,22.98,58.0,62.0,62.0,44.0,59.0,1323,74.00,39218033168701
7723.0,2,23.35,62.0,66.0,66.0,47.0,63.0,1428,72.93,35266197146057
7723.0,3,25.87,62.0,66.0,66.0,47.0,63.0,1460,75.48,35636182735473
7728.0,0,26.47,61.0,62.0,62.0,46.0,63.0,1429,78.20,68243277513793
7728.0,1,22.90,59.0,62.0,62.0,44.0,60.0,1345,74.18,39218453772094
7728.0,2,23.54,62.0,66.0,66.0,47.0,63.0,1430,73.39,35266613289184
7728.0,3,25.60,63.0,66.0,66.0,47.0,64.0,1441,76.17,35636614643005
7734.0,0,25.97,59.0,62.0,62.0,45.0,62.0,1418,76.86,68243713330871
7734.0,1,22.70,58.0,64.0,64.0,44.0,59.0,1333,73.19,39218868750122
7734.0,2,24.71,62.0,66.0,66.0,47.0,63.0,1429,72.05,35267021786987
7734.0,3,25.62,62.0,66.0,66.0,47.0,64.0,1471,74.81,35637038829406
7739.0,0,27.24,61.0,62.0,62.0,46.0,63.0,1429,78.60,68244159010437
7740.0,1,23.07,58.0,62.0,62.0,44.0,59.0,1344,74.73,39219292491027
7740.0,2,23.33,62.0,66.0,66.0,47.0,64.0,1429,74.01,35267441416625
7740.0,3,25.61,62.0,66.0,66.0,47.0,63.0,1482,76.68,35637473617980
7745.0,0,26.20,59.0,62.0,62.0,45.0,61.0,1419,76.09,68244590427307
7745.0,1,23.04,58.0,62.0,62.0,44.0,58.0,1355,72.64,39219704353698
7745.0,2,24.67,62.0,66.0,66.0,47.0,63.0,1450,71.54,35267847039001
7745.0,3,25.64,63.0,66.0,66.0,47.0,64.0,1492,74.14,35637894713073
7751.0,0,26.97,61.0,62.0,62.0,46.0,63.0,1374,79.24,68245039701110
7751.0,1,22.84,59.0,62.0,62.0,44.0,59.0,1343,74.85,39220129525085
7751.0,2,23.63,62.0,66.0,66.0,47.0,63.0,1448,73.73,35268265827392
7751.0,3,25.80,62.0,66.0,66.0,47.0,63.0,1481,76.92,35638330873962
7756.0,0,26.68,61.0,62.0,62.0,46.0,63.0,1408,76.67,68245474397827
7757.0,1,22.67,59.0,62.0,62.0,44.0,59.0,1335,72.79,39220542250976
7757.0,2,22.92,62.0,66.0,66.0,47.0,63.0,1451,72.32,35268675170410
7757.0,3,27.39,62.0,64.0,66.0,47.0,63.0,1472,74.66,35638754172363
7762.0,0,26.07,59.0,62.0,62.0,45.0,61.0,1418,77.43,68245914219604
7762.0,1,23.34,58.0,62.0,62.0,44.0,59.0,1323,74.08,39220962290832
7762.0,2,25.17,62.0,66.0,66.0,47.0,63.0,1429,72.72,35269087498535
7763.0,3,25.62,62.0,66.0,66.0,47.0,63.0,1450,75.88,35639184417907
7768.0,0,26.73,62.0,62.0,62.0,46.0,62.0,1419,78.36,68246357715637
7768.0,1,23.11,59.0,62.0,62.0,44.0,59.0,1302,74.53,39221384119262
7768.0,2,24.23,63.0,66.0,66.0,47.0,63.0,1407,73.19,35269503195983
7768.0,3,25.54,63.0,66.0,66.0,47.0,64.0,1450,76.45,35639617881408
7773.0,0,26.17,59.0,64.0,64.0,45.0,62.0,1428,76.61,68246792840332
7774.0,1,23.15,57.0,62.0,62.0,43.0,58.0,1343,73.15,39221799600830
7774.0,2,23.65,62.0,66.0,66.0,47.0,63.0,1428,71.92,35269910973266
7774.0,3,25.90,63.0,66.0,66.0,47.0,64.0,1429,75.20,35640044264648
7779.0,0,27.65,61.0,62.0,62.0,46.0,63.0,1429,78.47,68247237757019
7779.0,1,22.78,58.0,62.0,62.0,44.0,59.0,1323,74.81,39222223772583
7779.0,2,23.22,62.0,66.0,66.0,47.0,63.0,1429,73.90,35270330007873
7780.0,3,25.11,63.0,66.0,66.0,47.0,64.0,1460,76.44,35640477681274
7785.0,0,25.95,59.0,62.0,62.0,45.0,61.0,1418,76.07,68247669094482
7785.0,1,22.93,57.0,64.0,64.0,44.0,59.0,1344,72.50,39222634855712
7785.0,2,24.72,62.0,66.0,66.0,47.0,64.0,1428,71.36,35270734609863
7785.0,3,25.60,63.0,66.0,66.0,47.0,64.0,1470,74.29,35640899647888
7790.0,0,26.22,60.0,62.0,62.0,45.0,62.0,1385,78.72,68248115451782
7791.0,1,24.16,58.0,62.0,62.0,44.0,59.0,1354,74.44,39223057670349
7791.0,2,23.32,62.0,66.0,66.0,47.0,63.0,1449,73.81,35271153827453
7791.0,3,25.43,62.0,66.0,66.0,47.0,64.0,1492,76.60,35641333983215
7796.0,0,26.21,62.0,62.0,62.0,46.0,63.0,1409,77.60,68248555467285
7796.0,1,22.74,59.0,62.0,62.0,44.0,60.0,1313,73.81,39223475426818
7796.0,2,23.10,62.0,66.0,66.0,47.0,64.0,1440,73.02,35271567874206
7797.0,3,26.47,63.0,66.0,66.0,47.0,64.0,1450,75.65,35641762913574
7802.0,0,25.45,59.0,62.0,62.0,45.0,61.0,1417,76.64,68248990768005
7802.0,1,22.60,58.0,64.0,64.0,44.0,58.0,1333,73.08,39223890534484
7802.0,2,25.93,62.0,66.0,66.0,47.0,63.0,1428,71.95,35271975807312
7802.0,3,25.23,63.0,66.0,66.0,47.0,63.0,1460,74.73,35642186618530
7807.0,0,26.30,60.0,62.0,62.0,45.0,62.0,1407,78.68,68249436877258
7808.0,1,24.57,58.0,62.0,62.0,44.0,59.0,1332,74.70,39224314072204
7808.0,2,23.49,62.0,66.0,66.0,47.0,64.0,1438,73.60,35272393848083
7808.0,3,25.31,62.0,66.0,66.0,47.0,64.0,1480,76.47,35642620954223
7813.0,0,26.19,62.0,62.0,62.0,46.0,62.0,1407,77.63,68249877065795
7813.0,1,22.60,59.0,62.0,62.0,44.0,60.0,1334,73.88,39224733687133
7813.0,2,23.10,62.0,66.0,66.0,47.0,64.0,1451,73.30,35272808701354
7814.0,3,27.50,63.0,66.0,66.0,47.0,64.0,1473,75.41,35643047795593
7819.0,0,25.21,60.0,62.0,62.0,45.0,62.0,1398,76.13,68250308746215
7819.0,1,22.10,58.0,62.0,62.0,44.0,58.0,1313,72.79,39225145675964
7819.0,2,24.33,62.0,66.0,66.0,47.0,63.0,1428,71.85,35273216080810
7819.0,3,25.15,62.0,66.0,66.0,47.0,63.0,1481,74.84,35643472883666
7824.0,0,17.42,60.0,64.0,64.0,45.0,62.0,1355,80.29,68250763990966
7825.0,1,25.01,57.0,62.0,62.0,44.0,59.0,1323,73.76,39225564644409
7825.0,2,28.54,62.0,66.0,66.0,47.0,64.0,1429,71.09,35273619877746
7825.0,3,19.12,63.0,66.0,66.0,47.0,64.0,1472,72.37,35643882520507
7830.0,0,25.25,62.0,64.0,64.0,46.0,63.0,1355,81.70,68251227213012
7830.0,1,9.93,60.0,64.0,62.0,44.0,60.0,1334,74.63,39225987029968
7830.0,2,19.82,61.0,64.0,66.0,46.0,62.0,1461,66.96,35273999515136
7831.0,3,19.52,61.0,66.0,66.0,46.0,62.0,1493,67.51,35644265303955
7836.0,0,29.35,63.0,64.0,64.0,47.0,64.0,1420,75.51,68251654580505
7836.0,1,10.97,60.0,62.0,62.0,44.0,60.0,1304,71.47,39226392276794
7836.0,2,11.74,61.0,66.0,66.0,46.0,62.0,1420,71.53,35274404389770
7836.0,3,13.59,61.0,64.0,64.0,46.0,62.0,1452,71.72,35644671950195
7841.0,0,31.54,60.0,64.0,64.0,45.0,62.0,1419,74.40,68252076455505
7842.0,1,20.83,59.0,62.0,62.0,44.0,59.0,1344,76.03,39226823339599
7842.0,2,10.43,62.0,66.0,66.0,47.0,64.0,1440,76.31,35274837041198
7842.0,3,10.70,62.0,64.0,64.0,46.0,62.0,1461,76.15,35645103720947
7847.0,0,27.07,60.0,64.0,64.0,45.0,61.0,1355,76.60,68252510788879
7847.0,1,14.11,59.0,64.0,64.0,44.0,60.0,1356,73.64,39227240120605
7847.0,2,0.52,64.0,66.0,66.0,47.0,64.0,1430,70.78,35275237673217
7848.0,3,19.67,62.0,64.0,64.0,47.0,63.0,1451,64.76,35645470283935
7853.0,0,32.09,62.0,64.0,62.0,47.0,63.0,1386,75.95,68252941415893
7853.0,1,14.45,59.0,62.0,62.0,44.0,59.0,1355,67.99,39227625623107
7853.0,2,14.79,61.0,66.0,66.0,46.0,62.0,1418,66.99,35275617489501
7853.0,3,15.03,61.0,64.0,64.0,46.0,62.0,1439,71.41,35645875906799
7858.0,0,30.40,58.0,62.0,62.0,45.0,61.0,1408,75.87,68253371612731
7859.0,1,25.49,57.0,62.0,62.0,43.0,58.0,1334,77.43,39228064668823
7859.0,2,23.74,61.0,64.0,66.0,47.0,62.0,1430,75.96,35276048199829
7859.0,3,22.68,62.0,64.0,64.0,46.0,62.0,1430,77.33,35646313579467
7864.0,0,24.93,63.0,62.0,62.0,46.0,64.0,1409,82.47,68253839227844
7864.0,1,21.97,57.0,64.0,64.0,43.0,58.0,1292,73.17,39228479564880
7864.0,2,20.71,61.0,66.0,66.0,46.0,62.0,1440,70.82,35276449762695
7865.0,3,20.27,61.0,66.0,66.0,46.0,62.0,1450,70.32,35646712317077
7870.0,0,26.43,59.0,64.0,64.0,45.0,62.0,1418,73.67,68254256949645
7870.0,1,21.66,58.0,64.0,64.0,43.0,58.0,1280,74.51,39228902008300
7870.0,2,20.36,61.0,66.0,66.0,46.0,63.0,1439,72.41,35276860333312
7870.0,3,21.05,61.0,66.0,66.0,46.0,63.0,1407,72.78,35647124977172
7875.0,0,16.03,61.0,62.0,62.0,46.0,63.0,1441,77.77,68254697145507
7876.0,1,12.87,58.0,62.0,62.0,44.0,59.0,1293,74.23,39229322141906
7876.0,2,12.32,61.0,66.0,66.0,46.0,63.0,1452,71.63,35277266501281
7876.0,3,13.68,62.0,66.0,66.0,47.0,63.0,1463,72.05,35647532787902
7881.0,0,29.08,61.0,64.0,64.0,46.0,63.0,1388,85.17,68255180036926
7881.0,1,21.96,60.0,62.0,62.0,44.0,60.0,1356,74.87,39229746648620
7881.0,2,20.23,61.0,66.0,66.0,46.0,62.0,1429,69.83,35277661719909
7882.0,3,19.63,61.0,66.0,66.0,46.0,62.0,1470,69.91,35647929876281
7887.0,0,22.46,63.0,64.0,62.0,47.0,64.0,1415,74.67,68255604154907
7887.0,1,14.31,58.0,62.0,62.0,43.0,58.0,1352,71.97,39230155446899
7887.0,2,14.69,61.0,66.0,66.0,46.0,62.0,1426,72.44,35278073886413
7887.0,3,20.24,61.0,64.0,64.0,46.0,62.0,1438,72.74,35648343011352
7892.0,0,24.72,60.0,60.0,60.0,46.0,62.0,1386,79.17,68256053066406
7893.0,1,23.59,57.0,62.0,62.0,43.0,58.0,1324,77.50,39230594895629
7893.0,2,21.90,60.0,64.0,64.0,46.0,62.0,1420,75.53,35278501367736
7893.0,3,20.94,60.0,62.0,62.0,46.0,62.0,1443,75.22,35648768769226
7898.0,0,32.12,60.0,64.0,64.0,46.0,62.0,1391,82.81,68256521761108
7898.0,1,31.11,59.0,62.0,62.0,44.0,60.0,1337,76.94,39231030354492
7898.0,2,19.32,61.0,66.0,66.0,46.0,63.0,1453,75.74,35278930083740
7899.0,3,18.65,62.0,66.0,66.0,47.0,63.0,1431,75.84,35649198011169
7904.0,0,29.08,60.0,64.0,64.0,46.0,62.0,1375,82.20,68256987857360
7904.0,1,23.25,60.0,64.0,64.0,45.0,60.0,1354,76.16,39231462160461
7904.0,2,19.24,63.0,66.0,66.0,47.0,64.0,1439,70.25,35279328421142
7904.0,3,19.62,61.0,66.0,66.0,46.0,62.0,1439,69.35,35649591210632
7909.0,0,22.06,60.0,62.0,62.0,45.0,62.0,1429,74.60,68257410851745
7910.0,1,15.57,58.0,62.0,62.0,44.0,59.0,1334,71.36,39231866748413
7910.0,2,22.10,61.0,66.0,66.0,46.0,62.0,1450,72.45,35279739216735
7910.0,3,22.76,61.0,64.0,64.0,46.0,62.0,1481,73.50,35650008677551
7915.0,0,26.45,60.0,64.0,64.0,45.0,62.0,1417,79.00,68257858808166
7915.0,1,20.80,58.0,62.0,62.0,44.0,59.0,1333,75.03,39232292916687
7915.0,2,21.45,62.0,66.0,66.0,47.0,64.0,1439,72.39,35280150367919
7916.0,3,18.74,63.0,66.0,66.0,47.0,64.0,1439,73.17,35650423526794
7921.0,0,31.08,60.0,64.0,64.0,45.0,62.0,1398,77.39,68258297618041
7921.0,1,25.70,58.0,62.0,62.0,43.0,58.0,1334,73.40,39232709115783
7921.0,2,24.37,62.0,66.0,66.0,47.0,64.0,1418,71.67,35280556745971
7921.0,3,8.50,63.0,66.0,66.0,47.0,64.0,1461,74.02,35650842454528
7926.0,0,21.92,60.0,62.0,62.0,46.0,62.0,1419,78.46,68258742477600
7927.0,1,17.69,58.0,62.0,62.0,44.0,59.0,1345,74.09,39233128437927
7927.0,2,16.91,61.0,66.0,66.0,46.0,63.0,1429,71.45,35280961842285
7927.0,3,26.66,61.0,64.0,64.0,46.0,62.0,1470,71.01,35651245771484
7932.0,0,15.70,63.0,64.0,64.0,47.0,64.0,1417,82.84,68259212989990
7932.0,1,20.72,59.0,62.0,64.0,44.0,59.0,1354,71.47,39233534362304
7932.0,2,20.75,61.0,66.0,66.0,46.0,62.0,1450,68.08,35281347868286
7933.0,3,20.93,61.0,66.0,66.0,46.0,62.0,1461,68.25,35651632736755
7938.0,0,25.49,60.0,64.0,64.0,46.0,62.0,1398,80.11,68259666425354
7938.0,1,34.66,59.0,64.0,64.0,44.0,60.0,1281,79.76,39233986598022
7938.0,2,19.92,63.0,66.0,66.0,47.0,64.0,1450,79.31,35281797559204
7938.0,3,20.15,63.0,64.0,64.0,47.0,63.0,1439,74.91,35652057498107
7943.0,0,28.70,62.0,62.0,62.0,46.0,63.0,1418,78.38,68260111608520
7944.0,1,24.00,58.0,64.0,64.0,44.0,59.0,1302,73.89,39234405545166
7944.0,2,24.02,61.0,66.0,66.0,46.0,62.0,1408,71.35,35282202121948
7944.0,3,26.09,63.0,66.0,66.0,47.0,64.0,1429,75.26,35652484237243
7949.0,0,31.52,60.0,64.0,64.0,45.0,61.0,1407,82.82,68260581221679
7949.0,1,26.40,58.0,62.0,62.0,44.0,59.0,1365,78.10,39234848388854
7949.0,2,21.81,60.0,66.0,66.0,46.0,62.0,1428,75.87,35282632325561
7950.0,3,11.24,60.0,64.0,64.0,46.0,62.0,1460,75.86,35652914348022
7955.0,0,27.04,60.0,64.0,64.0,46.0,62.0,1386,77.84,68261022577819
7955.0,1,21.18,58.0,64.0,64.0,44.0,59.0,1323,73.75,39235267306884
7955.0,2,13.77,63.0,66.0,66.0,47.0,64.0,1407,72.05,35283041554931
7955.0,3,20.71,63.0,66.0,66.0,47.0,64.0,1439,71.78,35653322080444
7961.0,0,21.13,61.0,62.0,62.0,46.0,63.0,1419,77.62,68261462661560
7961.0,1,11.65,59.0,62.0,62.0,44.0,59.0,1345,74.03,39235686309326
7961.0,2,11.03,60.0,66.0,66.0,46.0,62.0,1452,71.49,35283446212158
7961.0,3,23.96,60.0,64.0,64.0,46.0,62.0,1461,70.00,35653718271789
7966.0,0,37.40,62.0,64.0,64.0,46.0,64.0,1419,86.10,68261950842163
7966.0,1,22.14,59.0,64.0,62.0,44.0,60.0,1335,77.36,39236124934387
7966.0,2,20.89,61.0,66.0,66.0,46.0,62.0,1462,71.56,35283851957031
7967.0,3,20.14,61.0,64.0,64.0,46.0,62.0,1441,71.60,35654124252014
7972.0,0,24.23,62.0,62.0,62.0,46.0,63.0,1431,74.41,68262371982727
7972.0,1,19.94,58.0,62.0,62.0,44.0,59.0,1356,73.39,39236541043457
7972.0,2,19.77,61.0,66.0,66.0,46.0,62.0,1440,74.45,35284274097045
7972.0,3,20.48,61.0,64.0,64.0,46.0,62.0,1419,74.37,35654545953308
7978.0,0,33.32,60.0,64.0,64.0,46.0,62.0,1408,82.57,68262840173645
7978.0,1,12.42,59.0,64.0,64.0,44.0,60.0,1324,79.60,39236991571777
7978.0,2,7.12,63.0,66.0,66.0,47.0,64.0,1430,72.17,35284682566772
7978.0,3,13.11,61.0,66.0,66.0,46.0,62.0,1461,70.55,35654945973876
7983.0,0,28.48,59.0,62.0,62.0,45.0,61.0,1438,73.58,68263257375732
7983.0,1,23.59,57.0,62.0,62.0,43.0,58.0,1333,70.43,39237391606201
7983.0,2,20.87,60.0,64.0,64.0,46.0,62.0,1440,73.23,35285097764892
7984.0,3,19.31,60.0,64.0,64.0,46.0,62.0,1471,74.94,35655370908996
7989.0,0,25.23,59.0,62.0,62.0,45.0,62.0,1407,77.41,68263697068603
7989.0,1,27.22,58.0,62.0,62.0,44.0,59.0,1333,72.92,39237805078125
7989.0,2,25.62,62.0,66.0,66.0,47.0,63.0,1428,71.37,35285503138000
7989.0,3,23.50,62.0,66.0,66.0,47.0,63.0,1407,75.63,35655799715148
7995.0,0,27.45,61.0,64.0,62.0,46.0,63.0,1419,78.94,68264144678100
7995.0,1,21.41,59.0,64.0,62.0,44.0,59.0,1345,74.83,39238229365661
7995.0,2,21.56,62.0,66.0,66.0,47.0,64.0,1418,73.40,35285919325622
7995.0,3,29.70,62.0,66.0,66.0,47.0,63.0,1419,76.55,35656233750000
8000.0,0,31.14,60.0,64.0,64.0,45.0,62.0,1418,76.50,68264578442871
8000.0,1,24.55,59.0,62.0,62.0,44.0,60.0,1333,72.80,39238642119812
8000.0,2,21.47,62.0,66.0,66.0,47.0,63.0,1439,71.70,35286325891906
8001.0,3,23.12,62.0,66.0,66.0,47.0,63.0,1418,75.53,35656662004577
8006.0,0,25.96,59.0,62.0,62.0,45.0,62.0,1418,77.55,68265018175842
8006.0,1,28.59,58.0,62.0,62.0,44.0,59.0,1344,72.85,39239055188110
8006.0,2,22.83,62.0,66.0,66.0,47.0,63.0,1440,71.92,35286733700561
8006.0,3,24.36,62.0,66.0,66.0,47.0,64.0,1419,75.23,35657088541992
8012.0,0,25.95,60.0,62.0,62.0,45.0,61.0,1429,78.26,68265461899719
8012.0,1,27.54,58.0,64.0,64.0,44.0,59.0,1333,73.05,39239469380126
8012.0,2,23.03,62.0,66.0,66.0,47.0,63.0,1429,72.25,35287143358215
8012.0,3,24.62,62.0,66.0,66.0,47.0,63.0,1418,75.72,35657517882263
8017.0,0,25.97,60.0,64.0,64.0,45.0,62.0,1409,78.32,68265905994995
8017.0,1,27.63,59.0,62.0,62.0,44.0,59.0,1324,73.18,39239884325927
8018.0,2,22.39,62.0,66.0,66.0,47.0,63.0,1430,72.38,35287553771911
8018.0,3,25.12,62.0,66.0,66.0,47.0,64.0,1430,75.69,35657947045288
8023.0,0,27.69,60.0,62.0,62.0,45.0,62.0,1409,78.30,68266349931274
8023.0,1,26.02,59.0,64.0,64.0,44.0,59.0,1345,73.56,39240301434936
8023.0,2,22.71,62.0,66.0,66.0,47.0,63.0,1440,72.35,35287964001708
8023.0,3,24.84,62.0,66.0,66.0,47.0,64.0,1419,75.83,35658376983276
8029.0,0,30.21,61.0,62.0,62.0,46.0,63.0,1398,78.31,68266793152526
8029.0,1,22.58,59.0,64.0,64.0,44.0,60.0,1335,74.12,39240720954772
8029.0,2,22.61,61.0,66.0,66.0,47.0,63.0,1439,72.62,35288375760559
8029.0,3,25.23,62.0,66.0,66.0,47.0,64.0,1471,75.88,35658807224426
8034.0,0,26.20,62.0,62.0,62.0,46.0,63.0,1430,77.88,68267234707641
8034.0,1,22.66,59.0,62.0,62.0,44.0,60.0,1344,73.24,39241136242919
8035.0,2,22.80,62.0,66.0,66.0,47.0,63.0,1439,72.21,35288785194396
8035.0,3,28.44,63.0,66.0,66.0,47.0,64.0,1460,75.04,35659232727416
8040.0,0,26.38,60.0,62.0,62.0,45.0,61.0,1396,77.04,68267672285583
8040.0,1,22.58,58.0,62.0,62.0,44.0,59.0,1280,72.62,39241548733398
8040.0,2,24.89,61.0,66.0,66.0,47.0,63.0,1440,70.89,35289187138427
8040.0,3,25.35,62.0,66.0,66.0,47.0,64.0,1450,74.62,35659655841674
8046.0,0,26.70,60.0,62.0,62.0,46.0,62.0,1428,78.82,68268119197875
8046.0,1,25.75,59.0,62.0,62.0,44.0,59.0,1333,73.77,39241967029113
8046.0,2,22.90,62.0,66.0,66.0,47.0,63.0,1428,72.65,35289599090820
8046.0,3,25.37,62.0,66.0,66.0,47.0,64.0,1469,76.19,35660088600708
8051.0,0,29.82,61.0,62.0,62.0,46.0,62.0,1406,78.72,68268566322326
8051.0,1,22.80,59.0,64.0,64.0,44.0,60.0,1322,74.24,39242388697204
8052.0,2,22.56,61.0,66.0,66.0,47.0,63.0,1460,72.78,35290012464904
8052.0,3,25.33,62.0,66.0,66.0,47.0,63.0,1461,76.35,35660521532714
8057.0,0,27.39,60.0,62.0,62.0,45.0,62.0,1420,75.91,68268995984497
8057.0,1,22.87,58.0,62.0,62.0,44.0,59.0,1336,72.24,39242797585571
8057.0,2,23.13,61.0,66.0,66.0,47.0,63.0,1421,70.85,35290413469482
8057.0,3,25.93,63.0,66.0,66.0,47.0,63.0,1451,74.04,35660940614746
8063.0,0,27.46,60.0,62.0,62.0,46.0,62.0,1430,78.65,68269441930114
8063.0,1,23.55,59.0,62.0,62.0,44.0,59.0,1333,74.40,39243219440612
8063.0,2,22.84,61.0,66.0,66.0,46.0,63.0,1428,73.06,35290827700439
8063.0,3,25.56,62.0,66.0,66.0,47.0,63.0,1461,76.50,35661374345031
8068.0,0,27.20,61.0,62.0,62.0,46.0,62.0,1439,77.01,68269878590759
8068.0,1,22.82,59.0,62.0,62.0,44.0,59.0,1354,73.11,39243633980468
8069.0,2,22.86,62.0,66.0,66.0,47.0,63.0,1428,71.53,35291233967773
8069.0,3,27.39,63.0,64.0,64.0,47.0,64.0,1470,74.54,35661797747619
8074.0,0,26.44,60.0,64.0,64.0,45.0,62.0,1384,77.56,68270319129333
8074.0,1,22.86,58.0,62.0,62.0,44.0,59.0,1321,73.37,39244051481201
8074.0,2,25.07,61.0,66.0,66.0,47.0,63.0,1459,71.81,35291641873596
8074.0,3,25.25,62.0,66.0,66.0,47.0,63.0,1469,75.36,35662225803466
8080.0,0,28.37,61.0,64.0,64.0,46.0,63.0,1418,78.38,68270763564514
8080.0,1,23.35,58.0,62.0,62.0,44.0,59.0,1302,74.20,39244472212402
8080.0,2,22.97,62.0,66.0,66.0,47.0,63.0,1429,72.62,35292053637817
8080.0,3,25.22,62.0,66.0,66.0,47.0,63.0,1440,76.16,35662657640808
8085.0,0,27.97,61.0,62.0,62.0,46.0,63.0,1418,78.35,68271207814331
8085.0,1,22.55,58.0,62.0,62.0,44.0,59.0,1344,74.38,39244893958679
8086.0,2,22.68,61.0,66.0,66.0,47.0,63.0,1439,72.85,35292466678466
8086.0,3,25.57,62.0,66.0,66.0,47.0,63.0,1460,76.11,35663089171508
8091.0,0,26.79,60.0,62.0,62.0,46.0,62.0,1407,75.95,68271639226074
8091.0,1,22.90,57.0,60.0,62.0,43.0,59.0,1312,71.90,39245301658081
8091.0,2,23.77,60.0,64.0,66.0,46.0,62.0,1440,70.50,35292866412597
8091.0,3,27.55,61.0,64.0,66.0,46.0,63.0,1451,73.43,35663505493774
8097.0,0,26.29,60.0,62.0,62.0,45.0,62.0,1430,78.65,68272084391906
8097.0,1,24.90,58.0,64.0,64.0,44.0,59.0,1325,74.33,39245722368164
8097.0,2,23.86,62.0,66.0,66.0,47.0,63.0,1420,72.61,35293277362609
8097.0,3,25.33,62.0,66.0,66.0,47.0,63.0,1462,76.21,35663936852539
8102.0,0,28.44,61.0,62.0,62.0,46.0,63.0,1410,78.75,68272530886535
8102.0,1,22.93,59.0,62.0,62.0,44.0,59.0,1313,74.11,39246142571655
8103.0,2,22.71,61.0,66.0,66.0,47.0,63.0,1450,73.12,35293691939025
8103.0,3,25.34,62.0,66.0,66.0,47.0,63.0,1461,76.31,35664369555053
8108.0,0,26.54,61.0,62.0,64.0,46.0,62.0,1418,76.77,68272966165771
8108.0,1,22.67,57.0,62.0,64.0,44.0,59.0,1335,72.30,39246552523986
8108.0,2,22.83,60.0,66.0,66.0,46.0,62.0,1430,70.88,35294093833618
8108.0,3,27.13,61.0,64.0,66.0,46.0,63.0,1441,73.84,35664788203796
8114.0,0,26.53,60.0,62.0,62.0,45.0,62.0,1430,78.78,68273412067260
8114.0,1,24.10,59.0,64.0,64.0,44.0,59.0,1323,74.62,39246975639038
8114.0,2,22.84,61.0,66.0,66.0,47.0,63.0,1429,73.26,35294509201721
8114.0,3,25.68,62.0,66.0,66.0,47.0,64.0,1481,76.46,35665221755432
8119.0,0,27.87,62.0,64.0,62.0,46.0,63.0,1397,78.38,68273857275756
8119.0,1,22.87,59.0,62.0,62.0,44.0,59.0,1355,74.22,39247396455078
8120.0,2,23.06,62.0,66.0,66.0,47.0,63.0,1449,73.31,35294924852050
8120.0,3,25.38,63.0,66.0,66.0,47.0,63.0,1471,76.09,35665653193481
8125.0,0,26.56,59.0,62.0,62.0,45.0,61.0,1386,76.51,68274291091491
8125.0,1,22.84,58.0,64.0,64.0,43.0,59.0,1333,72.76,39247809000000
8125.0,2,24.96,62.0,66.0,66.0,47.0,63.0,1461,70.97,35295327234619
8125.0,3,25.61,62.0,66.0,66.0,47.0,63.0,1461,74.43,35666075216125
8131.0,0,26.51,60.0,64.0,64.0,45.0,62.0,1429,78.95,68274738746643
8131.0,1,24.08,58.0,62.0,62.0,44.0,59.0,1334,74.64,39248232197204
8131.0,2,23.21,62.0,66.0,66.0,47.0,63.0,1429,73.60,35295744532470
8131.0,3,25.66,62.0,66.0,66.0,47.0,63.0,1471,76.61,35666509617370
8136.0,0,27.30,61.0,62.0,62.0,46.0,62.0,1440,76.82,68275174299987
8136.0,1,22.65,59.0,62.0,62.0,44.0,59.0,1356,73.29,39248647735961
8137.0,2,23.46,62.0,66.0,66.0,47.0,63.0,1430,71.79,35296151599914
8137.0,3,26.33,63.0,64.0,66.0,47.0,63.0,1471,74.97,35666934722839
8142.0,0,27.26,60.0,62.0,62.0,45.0,61.0,1396,78.02,68275616665588
8142.0,1,24.25,59.0,64.0,64.0,44.0,59.0,1332,74.43,39249069740722
8142.0,2,22.92,62.0,66.0,66.0,47.0,64.0,1450,72.93,35296565110473
8142.0,3,25.28,63.0,66.0,66.0,47.0,64.0,1482,75.67,35667363799621
8148.0,0,28.51,61.0,62.0,62.0,46.0,63.0,1407,78.18,68276059953247
8148.0,1,22.85,58.0,62.0,62.0,44.0,59.0,1344,74.81,39249494679016
8148.0,2,23.24,62.0,66.0,66.0,47.0,63.0,1448,73.66,35296983472900
8148.0,3,25.34,63.0,66.0,66.0,47.0,63.0,1449,76.11,35667796090576
8153.0,0,26.50,59.0,62.0,62.0,45.0,61.0,1407,76.32,68276493470031
8153.0,1,22.89,58.0,64.0,64.0,44.0,59.0,1291,73.15,39249909438903
8154.0,2,25.15,62.0,66.0,66.0,47.0,63.0,1450,71.19,35297387137390
8154.0,3,25.53,62.0,66.0,66.0,47.0,64.0,1482,74.38,35668217850341
8159.0,0,27.98,61.0,62.0,62.0,46.0,63.0,1408,78.92,68276940961181
8159.0,1,23.17,58.0,62.0,62.0,44.0,59.0,1313,74.81,39250333603881
8159.0,2,23.15,62.0,66.0,66.0,47.0,63.0,1461,73.70,35297805032226
8159.0,3,25.52,62.0,66.0,66.0,47.0,63.0,1451,76.50,35668651627014
8165.0,0,27.48,59.0,60.0,62.0,46.0,62.0,1418,76.04,68277372122558
8165.0,1,22.82,58.0,64.0,64.0,43.0,59.0,1313,73.00,39250747532043
8165.0,2,23.22,61.0,66.0,66.0,47.0,62.0,1408,71.60,35298211026977
8165.0,3,26.07,63.0,66.0,66.0,46.0,62.0,1461,74.11,35669071815856
8170.0,0,26.49,60.0,62.0,62.0,45.0,62.0,1428,79.35,68277822010437
8170.0,1,24.22,58.0,64.0,64.0,44.0,60.0,1364,74.79,39251171590942
8171.0,2,23.32,61.0,66.0,66.0,47.0,63.0,1427,73.66,35298629431091
8171.0,3,25.69,62.0,66.0,66.0,47.0,64.0,1459,76.50,35669506353759
8176.0,0,26.97,61.0,62.0,62.0,46.0,63.0,1418,77.28,68278260215026
8176.0,1,23.17,59.0,62.0,62.0,44.0,59.0,1355,73.65,39251589930664
8176.0,2,23.15,62.0,66.0,66.0,47.0,63.0,1429,72.57,35299040889526
8176.0,3,26.53,63.0,64.0,66.0,47.0,63.0,1482,75.24,35669932937011
8182.0,0,27.46,60.0,62.0,62.0,45.0,62.0,1428,77.47,68278700233154
8182.0,1,23.53,58.0,64.0,64.0,44.0,59.0,1343,74.45,39252012075622
8182.0,2,23.31,62.0,66.0,66.0,47.0,64.0,1439,73.28,35299456391296
8182.0,3,25.51,62.0,66.0,66.0,47.0,64.0,1492,75.50,35670360994262
8187.0,0,26.83,62.0,62.0,62.0,46.0,63.0,1406,78.50,68279145306762
8187.0,1,23.45,59.0,62.0,62.0,44.0,60.0,1354,74.34,39252433591857
8188.0,2,24.40,62.0,66.0,66.0,47.0,63.0,1460,73.08,35299870780090
8188.0,3,25.39,63.0,66.0,64.0,47.0,64.0,1481,75.68,35670790072448
8193.0,0,26.82,59.0,62.0,62.0,45.0,61.0,1418,76.98,68279581801574
8193.0,1,24.00,58.0,64.0,64.0,44.0,59.0,1353,73.49,39252851034423
8193.0,2,23.54,62.0,66.0,66.0,47.0,64.0,1459,72.48,35300282468811
8193.0,3,25.49,63.0,66.0,66.0,47.0,64.0,1469,75.15,35671216908325
8199.0,0,26.44,62.0,62.0,62.0,46.0,63.0,1397,78.67,68280028626708
8199.0,1,23.38,58.0,62.0,62.0,44.0,59.0,1345,74.81,39253275207275
8199.0,2,23.85,62.0,66.0,66.0,46.0,63.0,1441,73.58,35300699692199
8199.0,3,25.45,63.0,66.0,64.0,47.0,63.0,1493,76.10,35671648372497
8204.0,0,26.94,59.0,64.0,64.0,45.0,61.0,1406,76.40,68280461812133
8205.0,1,23.02,58.0,64.0,64.0,44.0,59.0,1332,73.22,39253691097473
8205.0,2,24.33,62.0,66.0,66.0,47.0,63.0,1459,71.70,35301106924316
8205.0,3,25.61,62.0,66.0,66.0,47.0,63.0,1470,74.44,35672070438659
8210.0,0,27.68,61.0,64.0,64.0,46.0,63.0,1408,78.62,68280907597778
8210.0,1,23.23,59.0,62.0,62.0,44.0,59.0,1334,74.82,39254115311767
8210.0,2,23.30,61.0,66.0,66.0,47.0,63.0,1461,74.29,35301527397521
8210.0,3,25.69,62.0,66.0,66.0,47.0,64.0,1471,76.46,35672504726501
8216.0,0,26.45,59.0,62.0,62.0,45.0,62.0,1399,76.29,68281340171997
8216.0,1,22.92,58.0,64.0,64.0,44.0,58.0,1314,73.03,39254528642517
8216.0,2,24.03,61.0,66.0,66.0,46.0,63.0,1441,71.63,35301933558349
8216.0,3,26.99,63.0,66.0,66.0,47.0,64.0,1441,74.32,35672925396240
8221.0,0,27.03,61.0,62.0,62.0,46.0,63.0,1408,78.76,68281786713806
8222.0,1,23.65,59.0,62.0,62.0,44.0,59.0,1334,75.11,39254954530334
8222.0,2,23.90,62.0,66.0,66.0,47.0,64.0,1429,73.87,35302352375305
8222.0,3,25.88,62.0,66.0,66.0,47.0,64.0,1450,76.64,35673359919494
8227.0,0,26.44,61.0,62.0,62.0,46.0,62.0,1406,76.95,68282222997375
8227.0,1,23.00,59.0,62.0,64.0,44.0,59.0,1332,73.29,39255370813293
8227.0,2,23.47,62.0,66.0,66.0,47.0,63.0,1427,72.08,35302761813171
8227.0,3,26.61,62.0,64.0,66.0,47.0,63.0,1458,74.27,35673781772705
8233.0,0,26.43,60.0,62.0,62.0,45.0,62.0,1417,78.33,68282667898376
8233.0,1,23.87,59.0,62.0,62.0,44.0,59.0,1323,74.52,39255793359802
8233.0,2,23.76,62.0,66.0,66.0,47.0,63.0,1429,73.18,35303176767150
8233.0,3,25.44,62.0,66.0,66.0,47.0,63.0,1440,75.91,35674212163635
8238.0,0,26.69,62.0,62.0,62.0,46.0,63.0,1429,77.84,68283109223022
8239.0,1,23.30,59.0,62.0,62.0,44.0,60.0,1355,74.19,39256214039794
8239.0,2,24.12,62.0,66.0,66.0,47.0,64.0,1429,72.70,35303588984802
8239.0,3,26.07,63.0,66.0,64.0,47.0,64.0,1450,75.11,35674638046691
8244.0,0,26.47,59.0,62.0,62.0,45.0,62.0,1429,77.13,68283546559204
8244.0,1,22.93,58.0,64.0,64.0,44.0,59.0,1355,73.60,39256632080444
8244.0,2,25.48,62.0,66.0,66.0,47.0,63.0,1428,72.07,35303998356201
8245.0,3,25.65,62.0,66.0,66.0,47.0,64.0,1481,75.15,35675064889343
8250.0,0,27.97,60.0,62.0,62.0,46.0,62.0,1386,78.51,68283992477416
8250.0,1,22.73,59.0,62.0,62.0,44.0,59.0,1344,74.81,39257056253967
8250.0,2,23.70,62.0,66.0,66.0,47.0,63.0,1450,73.78,35304416684265
8250.0,3,25.29,62.0,66.0,66.0,47.0,63.0,1472,76.22,35675497083129
8255.0,0,26.16,61.0,62.0,62.0,46.0,63.0,1409,77.27,68284429851989
8256.0,1,22.75,59.0,62.0,62.0,44.0,59.0,1334,73.79,39257474629333
8256.0,2,23.43,62.0,66.0,66.0,47.0,63.0,1450,72.86,35304829807434
8256.0,3,28.24,63.0,66.0,64.0,47.0,64.0,1450,74.62,35675920161499
8261.0,0,26.68,59.0,64.0,64.0,45.0,62.0,1428,77.34,68284869136840
8261.0,1,22.84,58.0,64.0,64.0,44.0,59.0,1355,74.21,39257895417480
8261.0,2,25.46,62.0,66.0,66.0,47.0,63.0,1428,73.00,35305243711669
8262.0,3,25.48,63.0,66.0,66.0,47.0,63.0,1481,75.44,35676347919128
8267.0,0,28.16,60.0,62.0,62.0,46.0,63.0,1386,78.49,68285314192810
8267.0,1,22.54,58.0,62.0,62.0,44.0,59.0,1343,75.04,39258320870361
8267.0,2,23.50,61.0,66.0,66.0,47.0,63.0,1438,73.90,35305662696899
8267.0,3,25.17,62.0,66.0,66.0,47.0,63.0,1481,76.27,35676781159423
8272.0,0,26.20,61.0,62.0,62.0,46.0,62.0,1386,77.04,68285751015686
8273.0,1,22.69,59.0,62.0,62.0,44.0,60.0,1311,73.61,39258738979125
8273.0,2,23.39,62.0,66.0,66.0,47.0,63.0,1449,72.60,35306075041320
8273.0,3,27.67,63.0,66.0,64.0,47.0,64.0,1470,74.60,35677204164184
8278.0,0,26.35,59.0,62.0,62.0,45.0,62.0,1429,76.99,68286188328186
8278.0,1,23.10,58.0,62.0,62.0,44.0,59.0,1334,73.97,39259158362243
8278.0,2,24.94,62.0,66.0,66.0,47.0,63.0,1429,72.55,35306486412170
8279.0,3,25.49,62.0,66.0,66.0,47.0,64.0,1460,75.30,35677631135559
8284.0,0,28.27,60.0,62.0,62.0,46.0,63.0,1407,78.39,68286632792419
8284.0,1,22.99,59.0,64.0,64.0,44.0,59.0,1334,74.92,39259583157165
8284.0,2,23.46,62.0,66.0,66.0,47.0,64.0,1430,73.87,35306905246826
8284.0,3,25.12,62.0,66.0,66.0,47.0,64.0,1463,76.28,35678063660766
8289.0,0,26.17,60.0,62.0,64.0,45.0,62.0,1399,76.09,68287063456176
8290.0,1,22.61,57.0,62.0,62.0,44.0,59.0,1334,72.70,39259995367126
8290.0,2,23.59,60.0,66.0,66.0,46.0,62.0,1450,71.64,35307311461059
8290.0,3,26.51,61.0,64.0,66.0,46.0,63.0,1471,73.71,35678481571716
8295.0,0,26.44,60.0,62.0,62.0,45.0,62.0,1407,78.67,68287509517700
8295.0,1,23.19,59.0,62.0,62.0,44.0,59.0,1334,75.24,39260421965881
8295.0,2,24.43,62.0,66.0,66.0,47.0,63.0,1440,73.87,35307730303588
8296.0,3,25.50,62.0,66.0,66.0,47.0,64.0,1461,76.47,35678915153686
8301.0,0,26.09,61.0,62.0,62.0,46.0,62.0,1419,77.52,68287949062133
8301.0,1,23.13,59.0,62.0,62.0,44.0,59.0,1324,74.11,39260841429626
8301.0,2,24.59,62.0,66.0,66.0,47.0,64.0,1418,72.62,35308142034118
8301.0,3,26.28,63.0,66.0,66.0,47.0,63.0,1450,74.78,35679339174194
8306.0,0,25.71,59.0,62.0,62.0,45.0,62.0,1429,77.06,68288385985473
8307.0,1,23.10,58.0,64.0,64.0,44.0,59.0,1333,73.77,39261260424316
8307.0,2,26.25,62.0,66.0,66.0,47.0,63.0,1428,72.44,35308552772644
8307.0,3,24.87,62.0,66.0,66.0,47.0,64.0,1439,75.49,35679767220642
8312.0,0,25.91,62.0,62.0,62.0,46.0,63.0,1418,77.32,68288825175476
8312.0,1,21.05,57.0,64.0,64.0,43.0,58.0,1344,72.55,39261671788452
8312.0,2,19.68,61.0,66.0,66.0,46.0,62.0,1439,70.42,35308952048767
8313.0,3,20.06,61.0,66.0,66.0,46.0,63.0,1482,70.98,35680169668029
8318.0,0,24.22,59.0,64.0,64.0,45.0,61.0,1375,75.85,68289255261779
8318.0,1,21.80,58.0,62.0,62.0,44.0,59.0,1280,73.71,39262089699157
8318.0,2,20.40,61.0,66.0,66.0,46.0,62.0,1429,71.52,35309357592956
8318.0,3,19.61,61.0,66.0,66.0,46.0,63.0,1439,71.94,35680577570251
8323.0,0,11.75,60.0,62.0,62.0,46.0,63.0,1366,78.62,68289701025939
8324.0,1,16.37,58.0,62.0,62.0,44.0,59.0,1292,73.70,39262507580871
8324.0,2,30.54,61.0,66.0,66.0,47.0,63.0,1449,70.12,35309755153381
8324.0,3,30.20,62.0,66.0,66.0,46.0,63.0,1471,70.70,35680979140136
8329.0,0,18.70,59.0,60.0,62.0,45.0,61.0,1398,80.59,68290157987121
8329.0,1,14.63,58.0,62.0,62.0,44.0,58.0,1314,75.88,39262937835754
8329.0,2,29.37,61.0,68.0,68.0,46.0,62.0,1452,71.38,35310159882690
8330.0,3,32.93,61.0,66.0,66.0,46.0,62.0,1485,71.54,35681384079345
8335.0,0,24.76,63.0,64.0,64.0,46.0,63.0,1398,80.95,68290616186462
8335.0,1,22.20,59.0,62.0,64.0,44.0,59.0,1335,70.80,39263338538391
8335.0,2,20.75,61.0,66.0,66.0,46.0,62.0,1441,68.27,35310546271911
8335.0,3,20.61,61.0,66.0,66.0,46.0,62.0,1439,68.45,35681772176635
8340.0,0,16.66,62.0,62.0,62.0,46.0,63.0,1408,73.85,68291034908325
8341.0,1,15.67,58.0,62.0,62.0,43.0,58.0,1354,74.07,39263759274230
8341.0,2,16.89,61.0,66.0,66.0,46.0,62.0,1428,72.12,35310955891784
8341.0,3,17.08,61.0,64.0,64.0,46.0,62.0,1439,72.35,35682182384094
8346.0,0,20.68,59.0,62.0,62.0,45.0,61.0,1429,78.19,68291479013244
8346.0,1,11.53,58.0,62.0,62.0,44.0,59.0,1354,75.20,39264185671142
8346.0,2,10.90,61.0,66.0,66.0,46.0,62.0,1439,72.56,35311367322692
8347.0,3,30.73,61.0,66.0,66.0,46.0,62.0,1462,70.59,35682582608947
8352.0,0,32.81,61.0,64.0,64.0,46.0,63.0,1419,82.19,68291944196899
8352.0,1,21.83,60.0,62.0,62.0,44.0,60.0,1282,74.87,39264609463195
8352.0,2,20.50,61.0,66.0,66.0,46.0,62.0,1430,68.82,35311757531982
8352.0,3,20.26,61.0,66.0,66.0,46.0,62.0,1387,68.91,35682973353393
8357.0,0,36.41,59.0,64.0,64.0,45.0,62.0,1438,76.68,68292379724365
8358.0,1,34.47,58.0,64.0,64.0,44.0,59.0,1323,76.43,39265043599609
8358.0,2,17.91,61.0,68.0,68.0,46.0,63.0,1460,79.69,35312209347595
8358.0,3,14.79,64.0,66.0,66.0,47.0,64.0,1428,77.09,35683410478576
8363.0,0,15.40,60.0,62.0,62.0,45.0,62.0,1428,73.82,68292798280273
8363.0,1,11.70,58.0,62.0,62.0,44.0,59.0,1343,70.80,39265445044921
8363.0,2,8.05,60.0,66.0,66.0,46.0,62.0,1460,69.25,35312601997070
8364.0,3,6.43,60.0,62.0,62.0,46.0,62.0,1470,71.32,35683814844421
8369.0,0,28.42,60.0,64.0,64.0,45.0,62.0,1387,85.11,68293280829101
8369.0,1,28.21,59.0,64.0,62.0,44.0,60.0,1322,79.35,39265895780090
8369.0,2,19.68,63.0,66.0,66.0,47.0,64.0,1417,73.69,35313020552001
8369.0,3,19.12,61.0,66.0,66.0,46.0,62.0,1417,71.03,35684218284606
8374.0,0,27.96,59.0,62.0,62.0,45.0,62.0,1394,73.35,68293697460571
8375.0,1,23.25,58.0,62.0,62.0,44.0,59.0,1322,70.20,39266293796386
8375.0,2,23.14,61.0,66.0,66.0,46.0,62.0,1439,72.13,35313430267150
8375.0,3,22.41,63.0,66.0,66.0,47.0,63.0,1481,75.77,35684648644470
8380.0,0,20.70,59.0,62.0,62.0,45.0,61.0,1405,75.14,68294124271972
8380.0,1,20.25,58.0,62.0,62.0,44.0,58.0,1352,70.94,39266697460388
8380.0,2,20.23,61.0,66.0,66.0,46.0,62.0,1435,68.83,35313821204895
8381.0,3,20.91,61.0,66.0,66.0,46.0,62.0,1488,69.67,35685044392761
8386.0,0,27.97,60.0,64.0,64.0,45.0,62.0,1384,83.69,68294599626037
8386.0,1,16.05,59.0,64.0,64.0,44.0,60.0,1353,78.80,39267145027770
8386.0,2,17.15,63.0,66.0,66.0,47.0,64.0,1417,74.09,35314242016357
8386.0,3,19.89,62.0,64.0,64.0,46.0,63.0,1470,68.98,35685436213073
8392.0,0,29.72,60.0,62.0,62.0,45.0,62.0,1418,73.84,68295018298034
8392.0,1,24.46,58.0,62.0,62.0,44.0,59.0,1334,70.88,39267546904113
8392.0,2,17.23,62.0,66.0,66.0,47.0,63.0,1461,70.85,35314643728881
8392.0,3,16.29,62.0,66.0,66.0,46.0,63.0,1461,76.02,35685867274414
8397.0,0,19.22,61.0,62.0,62.0,46.0,63.0,1395,79.65,68295470698425
8397.0,1,9.90,59.0,62.0,62.0,44.0,59.0,1332,75.41,39267975249938
8398.0,2,12.09,61.0,66.0,66.0,47.0,63.0,1426,72.60,35315056123718
8398.0,3,26.88,60.0,64.0,64.0,46.0,62.0,1478,70.81,35686269449340
8403.0,0,26.98,60.0,64.0,64.0,45.0,61.0,1415,76.51,68295906057739
8403.0,1,21.84,58.0,64.0,64.0,44.0,59.0,1341,73.11,39268390517700
8403.0,2,20.62,61.0,66.0,66.0,46.0,62.0,1448,70.73,35315457869812
8403.0,3,13.22,62.0,64.0,64.0,47.0,63.0,1438,72.44,35686680932556
8409.0,0,17.15,59.0,62.0,62.0,45.0,61.0,1417,77.82,68296347317504
8409.0,1,14.20,57.0,60.0,62.0,44.0,58.0,1313,74.04,39268810302246
8409.0,2,23.77,61.0,66.0,64.0,47.0,63.0,1429,71.42,35315862820068
8409.0,3,26.46,62.0,66.0,66.0,47.0,63.0,1452,72.36,35687091211364
8414.0,0,26.78,59.0,64.0,64.0,45.0,62.0,1399,79.58,68296797744140
8414.0,1,21.27,57.0,64.0,64.0,44.0,59.0,1325,75.10,39269235341308
8415.0,2,20.24,61.0,66.0,66.0,46.0,62.0,1441,72.12,35316271047363
8415.0,3,20.56,63.0,66.0,66.0,47.0,64.0,1419,71.62,35687496555908
8420.0,0,36.38,63.0,64.0,64.0,47.0,64.0,1397,84.21,68297275195861
8420.0,1,21.79,57.0,64.0,64.0,43.0,58.0,1343,74.58,39269658967468
8420.0,2,20.01,61.0,66.0,66.0,46.0,62.0,1428,72.34,35316681938293
8420.0,3,22.06,61.0,66.0,66.0,46.0,62.0,1449,72.04,35687905754882
8426.0,0,41.69,60.0,64.0,64.0,46.0,62.0,1407,79.16,68297724823364
8426.0,1,22.01,59.0,64.0,64.0,44.0,60.0,1344,81.55,39270121328247
8426.0,2,13.67,64.0,66.0,66.0,47.0,64.0,1408,75.28,35317108761474
8426.0,3,13.47,61.0,64.0,64.0,46.0,62.0,1430,72.04,35688314245117
8431.0,0,13.97,61.0,62.0,62.0,46.0,63.0,1410,77.07,68298161062500
8431.0,1,23.84,59.0,62.0,60.0,44.0,59.0,1345,71.87,39270528099060
8432.0,2,25.04,62.0,66.0,66.0,47.0,63.0,1419,73.29,35317523556213
8432.0,3,23.58,62.0,64.0,64.0,47.0,63.0,1473,76.81,35688749754882
8437.0,0,26.68,60.0,64.0,64.0,45.0,62.0,1409,85.56,68298646159667
8437.0,1,22.10,58.0,64.0,64.0,44.0,58.0,1335,79.73,39270980169555
8437.0,2,32.44,63.0,66.0,66.0,47.0,64.0,1430,75.37,35317950919128
8437.0,3,19.22,63.0,66.0,66.0,47.0,63.0,1440,75.87,35689179206237
8443.0,0,30.32,63.0,64.0,64.0,47.0,64.0,1418,80.71,68299103800109
8443.0,1,16.22,58.0,62.0,64.0,44.0,59.0,1333,71.88,39271387744812
8443.0,2,15.83,61.0,66.0,66.0,46.0,62.0,1461,69.62,35318345647094
8443.0,3,17.50,61.0,66.0,66.0,46.0,62.0,1429,69.53,35689573443054
8448.0,0,12.73,62.0,62.0,62.0,46.0,63.0,1418,76.20,68299535863769
8448.0,1,10.11,59.0,62.0,62.0,44.0,60.0,1333,76.27,39271820189941
8449.0,2,9.50,62.0,66.0,66.0,47.0,63.0,1440,73.21,35318760749877
8449.0,3,8.96,62.0,64.0,64.0,46.0,62.0,1461,72.36,35689983711242
8454.0,0,37.52,62.0,64.0,64.0,46.0,64.0,1387,85.07,68300018223815
8454.0,1,21.83,60.0,62.0,64.0,45.0,60.0,1335,77.90,39272261883605
8454.0,2,20.69,61.0,66.0,66.0,46.0,62.0,1451,72.37,35319171111083
8454.0,3,20.62,61.0,66.0,66.0,46.0,62.0,1431,73.12,35690398302062
8460.0,0,20.02,60.0,62.0,62.0,45.0,62.0,1429,72.63,68300429331726
8460.0,1,16.40,58.0,62.0,62.0,44.0,59.0,1345,73.22,39272677049743
8460.0,2,16.88,61.0,66.0,66.0,46.0,62.0,1450,74.45,35319593259521
8460.0,3,24.00,61.0,64.0,64.0,46.0,62.0,1449,74.30,35690819581237
8465.0,0,24.71,59.0,64.0,64.0,45.0,62.0,1420,74.94,68300854220214
8465.0,1,22.07,58.0,64.0,64.0,44.0,59.0,1345,71.45,39273081446411
8466.0,2,16.53,60.0,66.0,66.0,46.0,62.0,1441,69.84,35319988541748
8466.0,3,2.02,61.0,64.0,64.0,46.0,62.0,1441,71.60,35691224843994
8471.0,0,28.85,60.0,62.0,62.0,45.0,62.0,1418,75.63,68301283039306
8471.0,1,26.84,58.0,62.0,62.0,44.0,59.0,1335,71.84,39273488801818
8471.0,2,23.32,62.0,66.0,66.0,47.0,63.0,1429,70.80,35320389963623
8471.0,3,23.33,62.0,66.0,66.0,47.0,63.0,1429,75.07,35691650487915
8477.0,0,28.21,61.0,62.0,62.0,46.0,62.0,1419,78.21,68301726508178
8477.0,1,20.84,58.0,62.0,62.0,44.0,59.0,1334,74.39,39273910592834
8477.0,2,21.02,62.0,66.0,66.0,47.0,63.0,1430,73.02,35320804002502
8477.0,3,30.90,62.0,66.0,66.0,47.0,63.0,1430,76.45,35692083987487
8482.0,0,27.78,60.0,62.0,62.0,45.0,62.0,1419,76.20,68302158548034
8482.0,1,27.77,58.0,62.0,62.0,44.0,59.0,1344,72.14,39274319619079
8483.0,2,21.95,62.0,66.0,66.0,47.0,64.0,1418,70.94,35321206207214
8483.0,3,24.66,62.0,66.0,66.0,47.0,63.0,1419,75.22,35692510466979
8488.0,0,24.92,60.0,62.0,62.0,46.0,62.0,1398,77.20,68302596243774
8488.0,1,21.23,58.0,62.0,62.0,44.0,59.0,1335,73.01,39274733583374
8488.0,2,28.01,61.0,66.0,66.0,47.0,63.0,1440,71.06,35321609124206
8488.0,3,27.93,62.0,64.0,66.0,47.0,63.0,1429,75.43,35692938165405
8494.0,0,26.36,61.0,62.0,62.0,46.0,62.0,1408,78.72,68303042558471
8494.0,1,21.60,59.0,62.0,62.0,44.0,59.0,1312,74.52,39275156094543
8494.0,2,21.50,62.0,66.0,66.0,47.0,63.0,1418,73.16,35322023935302
8494.0,3,30.72,62.0,66.0,66.0,47.0,63.0,1429,76.55,35693372223693
8499.0,0,30.82,61.0,62.0,62.0,46.0,62.0,1417,77.03,68303479327026
8499.0,1,21.70,59.0,62.0,62.0,44.0,59.0,1300,72.91,39275569513793
8500.0,2,21.67,61.0,66.0,66.0,47.0,63.0,1438,71.35,35322429184387
8500.0,3,25.87,62.0,66.0,66.0,47.0,63.0,1439,75.70,35693802211120
8505.0,0,32.24,60.0,62.0,62.0,45.0,62.0,1407,76.34,68303912922790
8505.0,1,23.17,59.0,62.0,62.0,44.0,59.0,1344,72.80,39275983043334
8505.0,2,21.44,62.0,66.0,66.0,47.0,63.0,1460,71.69,35322835653198
8505.0,3,24.79,62.0,66.0,66.0,47.0,63.0,1439,75.59,35694230816528
8511.0,0,27.71,59.0,64.0,64.0,46.0,62.0,1418,77.19,68304350617736
8511.0,1,25.70,59.0,62.0,62.0,44.0,59.0,1333,72.59,39276394623413
8511.0,2,21.87,62.0,66.0,66.0,47.0,63.0,1438,71.84,35323242969848
8511.0,3,25.34,62.0,66.0,66.0,47.0,63.0,1437,75.72,35694660933044
8516.0,0,26.44,59.0,62.0,62.0,45.0,62.0,1405,77.06,68304788306701
8516.0,1,28.39,58.0,62.0,62.0,44.0,59.0,1342,72.26,39276805047729
8517.0,2,22.11,62.0,66.0,66.0,46.0,63.0,1428,71.54,35323649312561
8517.0,3,24.64,62.0,66.0,66.0,47.0,63.0,1428,75.65,35695089888183
8522.0,0,25.61,60.0,64.0,64.0,45.0,61.0,1428,77.70,68305228885803
8522.0,1,27.03,59.0,62.0,62.0,44.0,59.0,1344,72.62,39277216821044
8522.0,2,22.05,62.0,66.0,66.0,47.0,63.0,1439,71.70,35324055835754
8522.0,3,25.42,62.0,66.0,66.0,47.0,63.0,1417,75.68,35695519752319
8528.0,0,25.51,60.0,62.0,62.0,45.0,62.0,1407,77.65,68305669180419
8528.0,1,27.15,59.0,62.0,62.0,44.0,59.0,1333,72.76,39277629368530
8528.0,2,22.34,62.0,66.0,66.0,47.0,63.0,1429,71.92,35324463609741
8528.0,3,24.95,62.0,66.0,66.0,47.0,63.0,1430,75.92,35695949433898
8533.0,0,25.44,59.0,62.0,62.0,45.0,61.0,1408,77.33,68306107651550
8533.0,1,27.24,58.0,62.0,62.0,44.0,59.0,1312,72.29,39278039947509
8534.0,2,22.93,62.0,66.0,66.0,47.0,63.0,1439,71.54,35324869952209
8534.0,3,25.10,63.0,66.0,66.0,47.0,63.0,1459,75.68,35696379321716
8539.0,0,25.71,60.0,64.0,64.0,45.0,61.0,1396,77.85,68306549813232
8539.0,1,26.56,59.0,62.0,62.0,44.0,59.0,1312,73.00,39278453846557
8539.0,2,22.34,62.0,66.0,66.0,47.0,63.0,1439,72.10,35325278771484
8539.0,3,25.48,62.0,66.0,66.0,47.0,64.0,1439,76.29,35696811899353
8545.0,0,27.22,60.0,62.0,62.0,45.0,62.0,1418,77.65,68306990094970
8545.0,1,25.87,59.0,62.0,62.0,44.0,59.0,1333,72.95,39278867455444
8545.0,2,21.82,61.0,66.0,66.0,47.0,63.0,1439,72.17,35325687996948
8545.0,3,25.43,62.0,66.0,66.0,47.0,63.0,1471,76.04,35697243036254
8550.0,0,30.54,61.0,64.0,64.0,46.0,62.0,1409,77.59,68307430046508
8550.0,1,22.02,58.0,62.0,62.0,44.0,59.0,1334,73.52,39279284296875
8551.0,2,21.94,62.0,66.0,66.0,47.0,63.0,1461,71.93,35326095831542
8551.0,3,25.65,62.0,66.0,66.0,47.0,63.0,1471,76.57,35697677178039
8556.0,0,28.69,61.0,64.0,62.0,46.0,63.0,1407,77.65,68307870329833
8556.0,1,22.13,59.0,64.0,62.0,44.0,59.0,1334,73.58,39279701503845
8556.0,2,22.04,61.0,66.0,66.0,47.0,63.0,1439,72.18,35326505081359
8556.0,3,25.90,62.0,66.0,66.0,47.0,63.0,1481,76.12,35698109526123
8562.0,0,26.21,62.0,62.0,62.0,46.0,62.0,1405,77.16,68308308593383
8562.0,1,22.02,59.0,62.0,62.0,44.0,59.0,1321,72.96,39280115907043
8562.0,2,21.92,62.0,66.0,66.0,47.0,63.0,1417,71.78,35326912770141
8562.0,3,29.60,63.0,66.0,66.0,47.0,63.0,1439,75.12,35698535462036
8567.0,0,25.91,61.0,62.0,62.0,46.0,62.0,1420,76.95,68308744145385
8567.0,1,21.96,59.0,62.0,62.0,44.0,59.0,1324,72.52,39280527122436
8568.0,2,21.95,62.0,66.0,66.0,47.0,63.0,1440,71.13,35327316085632
8568.0,3,30.45,63.0,66.0,66.0,47.0,63.0,1472,74.85,35698959842834
8573.0,0,25.65,59.0,60.0,62.0,45.0,61.0,1386,76.52,68309178794799
8573.0,1,21.84,58.0,64.0,64.0,44.0,58.0,1312,72.77,39280939725463
8573.0,2,24.47,61.0,64.0,66.0,46.0,62.0,1450,70.68,35327716868347
8573.0,3,27.74,61.0,64.0,66.0,46.0,63.0,1482,74.73,35699383585083
8579.0,0,25.67,59.0,62.0,62.0,45.0,62.0,1429,77.57,68309618633422
8579.0,1,21.73,58.0,62.0,62.0,44.0,59.0,1323,73.48,39281356349426
8579.0,2,27.78,62.0,66.0,66.0,47.0,63.0,1439,71.27,35328120947570
8579.0,3,25.21,62.0,66.0,66.0,47.0,64.0,1471,76.17,35699815470031
8584.0,0,25.94,59.0,62.0,62.0,45.0,61.0,1429,78.02,68310060984008
8585.0,1,23.89,58.0,62.0,62.0,43.0,59.0,1344,73.47,39281772918884
8585.0,2,25.67,61.0,66.0,66.0,47.0,63.0,1419,71.75,35328527768981
8585.0,3,25.24,62.0,66.0,66.0,47.0,63.0,1473,75.94,35700246038085
8590.0,0,25.69,59.0,62.0,62.0,45.0,61.0,1409,77.59,68310500907958
8590.0,1,26.81,59.0,62.0,62.0,44.0,59.0,1302,72.79,39282185655578
8590.0,2,21.96,62.0,66.0,66.0,47.0,64.0,1440,72.19,35328937073913
8590.0,3,25.48,62.0,66.0,66.0,47.0,63.0,1450,76.00,35700676932189
8596.0,0,25.96,60.0,64.0,64.0,45.0,62.0,1386,77.84,68310942262695
8596.0,1,26.78,58.0,62.0,62.0,44.0,59.0,1322,73.20,39282600710021
8596.0,2,22.14,61.0,66.0,66.0,47.0,63.0,1439,72.02,35329345455566
8596.0,3,24.93,62.0,66.0,66.0,47.0,64.0,1481,75.87,35701107105285
8601.0,0,28.09,60.0,62.0,62.0,45.0,62.0,1417,77.57,68311382073852
8602.0,1,24.38,58.0,62.0,62.0,44.0,59.0,1333,73.36,39283017407470
8602.0,2,22.12,62.0,66.0,66.0,47.0,63.0,1459,72.30,35329756139099
8602.0,3,25.07,63.0,66.0,66.0,47.0,63.0,1470,76.01,35701538850219
8607.0,0,30.79,60.0,62.0,62.0,46.0,62.0,1407,76.83,68311818460205
8607.0,1,23.02,58.0,62.0,62.0,44.0,59.0,1333,73.29,39283432956298
8607.0,2,22.18,62.0,66.0,66.0,47.0,63.0,1449,72.04,35330164614074
8607.0,3,25.32,62.0,66.0,66.0,47.0,64.0,1461,76.07,35701970158996
8613.0,0,30.16,61.0,62.0,62.0,46.0,62.0,1407,76.98,68312254943298
8613.0,1,22.11,58.0,62.0,62.0,44.0,59.0,1292,73.88,39283851866333
8613.0,2,22.71,61.0,66.0,66.0,46.0,63.0,1428,72.53,35330575885986
8613.0,3,25.22,62.0,66.0,66.0,47.0,64.0,1470,76.24,35702402420715
8618.0,0,26.39,61.0,62.0,62.0,46.0,62.0,1418,77.43,68312693997192
8619.0,1,22.10,59.0,62.0,62.0,44.0,59.0,1280,73.44,39284268258972
8619.0,2,22.56,62.0,66.0,66.0,47.0,63.0,1440,72.24,35330985483093
8619.0,3,28.42,63.0,66.0,66.0,47.0,63.0,1461,75.32,35702829487426
8624.0,0,25.71,61.0,62.0,62.0,46.0,63.0,1376,76.55,68313128037841
8624.0,1,22.13,59.0,62.0,62.0,44.0,59.0,1313,72.59,39284679826354
8624.0,2,22.56,62.0,66.0,66.0,47.0,64.0,1439,71.27,35331390291381
8625.0,3,30.00,63.0,66.0,64.0,47.0,64.0,1471,74.97,35703255316589
8630.0,0,25.68,60.0,62.0,62.0,46.0,62.0,1417,77.04,68313565596801
8630.0,1,21.95,58.0,62.0,62.0,44.0,59.0,1291,72.85,39285093590515
8630.0,2,24.20,60.0,66.0,66.0,47.0,62.0,1439,71.51,35331795731079
8630.0,3,28.93,62.0,64.0,66.0,46.0,63.0,1481,75.04,35703680780883
8635.0,0,25.71,59.0,62.0,62.0,45.0,61.0,1415,77.66,68314005906677
8636.0,1,21.97,58.0,64.0,64.0,43.0,58.0,1330,73.91,39285513386535
8636.0,2,27.03,61.0,66.0,66.0,46.0,62.0,1437,71.73,35332203178466
8636.0,3,25.83,63.0,66.0,66.0,46.0,62.0,1468,75.78,35704111189636
8641.0,0,25.69,59.0,62.0,62.0,45.0,61.0,1427,77.66,68314446994201
8641.0,1,23.35,58.0,62.0,62.0,44.0,58.0,1343,73.71,39285932055847
8641.0,2,26.28,61.0,66.0,66.0,46.0,63.0,1427,72.25,35332613571594
8642.0,3,25.61,62.0,66.0,66.0,47.0,63.0,1459,76.22,35704544092285
8647.0,0,25.18,60.0,62.0,62.0,45.0,62.0,1397,77.52,68314887279846
8647.0,1,26.80,58.0,62.0,62.0,44.0,59.0,1333,73.35,39286347960388
8647.0,2,23.41,61.0,66.0,66.0,47.0,63.0,1439,72.39,35333024007629
8647.0,3,25.58,62.0,66.0,66.0,47.0,64.0,1481,76.27,35704976522888
8652.0,0,26.42,60.0,62.0,62.0,45.0,62.0,1397,77.44,68315326346008
8653.0,1,26.87,59.0,64.0,64.0,44.0,59.0,1323,73.28,39286763451660
8653.0,2,22.28,61.0,66.0,66.0,47.0,63.0,1460,72.53,35333435232421
8653.0,3,25.09,63.0,66.0,66.0,47.0,64.0,1460,76.04,35705408457702
8658.0,0,30.26,61.0,62.0,62.0,46.0,62.0,1406,77.14,68315763715393
8658.0,1,22.68,59.0,62.0,62.0,44.0,59.0,1343,73.53,39287181099182
8658.0,2,22.78,61.0,66.0,66.0,47.0,63.0,1439,72.34,35333846111206
8659.0,3,25.33,61.0,66.0,66.0,47.0,63.0,1481,76.41,35705841695190
8664.0,0,28.74,61.0,62.0,62.0,46.0,63.0,1407,77.42,68316203485839
8664.0,1,22.24,58.0,62.0,62.0,44.0,59.0,1302,74.02,39287600765930
8664.0,2,22.70,61.0,66.0,66.0,47.0,63.0,1418,72.46,35334256937866
8664.0,3,26.20,63.0,66.0,66.0,47.0,64.0,1408,76.35,35706274614074
8669.0,0,25.70,61.0,62.0,62.0,46.0,63.0,1398,76.45,68316636949157
8670.0,1,22.30,59.0,62.0,62.0,44.0,59.0,1313,72.59,39288012373657
8670.0,2,22.66,62.0,66.0,66.0,47.0,64.0,1451,71.92,35334664747375
8670.0,3,29.62,63.0,66.0,66.0,47.0,64.0,1493,74.60,35706697615966
8675.0,0,26.21,59.0,62.0,62.0,45.0,61.0,1407,76.81,68317072462951
8675.0,1,22.56,58.0,62.0,62.0,44.0,58.0,1332,73.01,39288426345397
8675.0,2,25.85,61.0,66.0,66.0,46.0,63.0,1439,71.28,35335068879821
8676.0,3,26.50,63.0,66.0,66.0,47.0,62.0,1481,75.12,35707123557250
8681.0,0,25.70,60.0,64.0,64.0,45.0,61.0,1396,77.84,68317513836120
8681.0,1,24.76,58.0,62.0,62.0,44.0,59.0,1311,73.78,39288845435913
8681.0,2,24.50,61.0,66.0,66.0,46.0,63.0,1436,72.55,35335480948303
8681.0,3,25.55,62.0,66.0,66.0,47.0,63.0,1468,76.20,35707557140625
8686.0,0,25.87,60.0,62.0,62.0,45.0,62.0,1405,77.76,68317955506103
8687.0,1,26.20,59.0,62.0,62.0,44.0,59.0,1332,73.34,39289262025451
8687.0,2,22.87,61.0,66.0,66.0,47.0,63.0,1439,72.57,35335893169067
8687.0,3,25.55,62.0,66.0,66.0,47.0,63.0,1481,76.27,35707989580505
8692.0,0,29.43,61.0,62.0,62.0,46.0,63.0,1429,77.53,68318395871215
8692.0,1,22.56,58.0,62.0,62.0,44.0,59.0,1344,74.02,39289681735717
8692.0,2,23.08,61.0,66.0,66.0,46.0,63.0,1417,72.84,35336306192260
8693.0,3,25.70,62.0,66.0,66.0,47.0,63.0,1460,76.40,35708422743164
8698.0,0,25.69,61.0,62.0,62.0,46.0,63.0,1398,77.06,68318832057067
8698.0,1,22.34,59.0,62.0,62.0,44.0,59.0,1261,72.85,39290094058105
8698.0,2,22.80,62.0,66.0,64.0,47.0,63.0,1441,71.90,35336713879516
8698.0,3,28.99,63.0,66.0,64.0,47.0,63.0,1461,75.12,35708848665527
8703.0,0,25.72,59.0,62.0,62.0,45.0,61.0,1418,76.48,68319265716247
8704.0,1,22.48,58.0,64.0,64.0,44.0,59.0,1355,72.86,39290507884948
8704.0,2,25.07,60.0,66.0,66.0,46.0,62.0,1429,71.64,35337120067565
8704.0,3,25.88,63.0,66.0,66.0,47.0,64.0,1472,75.37,35709276012756
8709.0,0,26.20,60.0,62.0,62.0,45.0,62.0,1397,77.83,68319707773925
8709.0,1,25.57,59.0,62.0,62.0,44.0,59.0,1344,73.84,39290926549682
8709.0,2,22.70,61.0,66.0,66.0,47.0,63.0,1460,72.96,35337533724243
8710.0,3,25.77,62.0,66.0,66.0,47.0,63.0,1481,76.77,35709711305358
8715.0,0,29.52,61.0,62.0,62.0,46.0,62.0,1418,77.67,68320148185607
8715.0,1,22.76,59.0,62.0,62.0,44.0,59.0,1313,73.98,39291346035400
8715.0,2,22.78,61.0,66.0,66.0,47.0,63.0,1408,73.21,35337948829345
8715.0,3,25.47,62.0,66.0,66.0,47.0,63.0,1440,76.59,35710145545715
8720.0,0,25.71,61.0,62.0,62.0,46.0,63.0,1409,76.31,68320580094604
8721.0,1,22.50,59.0,62.0,62.0,44.0,59.0,1345,72.67,39291758075012
8721.0,2,22.79,62.0,66.0,66.0,47.0,64.0,1461,71.79,35338355876586
8721.0,3,28.90,63.0,66.0,66.0,47.0,63.0,1481,74.72,35710569188537
8726.0,0,25.96,59.0,62.0,62.0,45.0,61.0,1428,76.70,68321015764038
8726.0,1,22.24,57.0,64.0,64.0,44.0,59.0,1312,73.44,39292174461303
8726.0,2,26.12,62.0,66.0,66.0,47.0,63.0,1418,71.96,35338763890563
8727.0,3,25.86,62.0,66.0,66.0,47.0,63.0,1471,75.61,35710997884338
8732.0,0,25.78,60.0,62.0,62.0,45.0,62.0,1386,77.88,68321457367736
8732.0,1,25.20,58.0,62.0,62.0,44.0,59.0,1300,74.06,39292594361816
8732.0,2,22.83,61.0,66.0,66.0,47.0,63.0,1449,73.40,35339180803283
8732.0,3,25.90,62.0,66.0,66.0,47.0,63.0,1470,76.32,35711431399230
8738.0,0,29.13,61.0,62.0,62.0,45.0,63.0,1407,77.42,68321897090698
8738.0,1,22.41,58.0,64.0,64.0,44.0,59.0,1312,74.27,39293016234497
8738.0,2,22.79,62.0,66.0,66.0,47.0,63.0,1438,73.47,35339597371520
8738.0,3,25.66,62.0,66.0,66.0,47.0,63.0,1428,76.48,35711865033081
8743.0,0,25.69,61.0,62.0,62.0,46.0,63.0,1408,76.09,68322328502990
8743.0,1,22.32,59.0,62.0,62.0,44.0,59.0,1344,72.67,39293428267944
8743.0,2,22.69,62.0,66.0,64.0,47.0,64.0,1451,71.80,35340004453613
8744.0,3,29.19,63.0,66.0,64.0,47.0,64.0,1482,74.55,35712287756774
8749.0,0,25.70,59.0,62.0,62.0,45.0,61.0,1417,76.42,68322761801696
8749.0,1,22.51,58.0,62.0,62.0,44.0,58.0,1322,73.16,39293843060546
8749.0,2,25.90,61.0,66.0,66.0,47.0,63.0,1439,71.79,35340411495483
8749.0,3,25.83,62.0,66.0,66.0,47.0,63.0,1460,75.51,35712715889404
8755.0,0,25.71,59.0,62.0,62.0,45.0,62.0,1396,77.33,68323201041503
8755.0,1,25.95,59.0,62.0,62.0,44.0,59.0,1332,73.50,39294260555969
8755.0,2,23.46,62.0,66.0,66.0,47.0,63.0,1448,73.18,35340827148559
8755.0,3,25.58,62.0,66.0,66.0,47.0,63.0,1469,76.14,35713148352294
8760.0,0,27.18,60.0,62.0,62.0,45.0,62.0,1406,77.45,68323640980224
8760.0,1,24.45,59.0,62.0,62.0,44.0,59.0,1353,73.86,39294680102905
8761.0,2,22.89,62.0,66.0,66.0,47.0,63.0,1437,72.95,35341241481628
8761.0,3,25.86,62.0,66.0,66.0,47.0,64.0,1448,76.30,35713581744018
8766.0,0,29.81,61.0,62.0,62.0,46.0,63.0,1396,77.31,68324079338378
8766.0,1,22.09,58.0,62.0,62.0,44.0,59.0,1321,74.12,39295101098815
8766.0,2,22.46,61.0,66.0,66.0,47.0,63.0,1448,73.03,35341656304077
8766.0,3,25.16,62.0,66.0,66.0,47.0,63.0,1459,76.32,35714015214965
8772.0,0,25.43,61.0,62.0,62.0,46.0,63.0,1407,76.13,68324510968933
8772.0,1,22.39,59.0,62.0,62.0,44.0,59.0,1334,72.85,39295514176757
8772.0,2,22.86,62.0,66.0,64.0,47.0,63.0,1460,71.91,35342064027160
8772.0,3,29.55,63.0,66.0,66.0,47.0,63.0,1480,74.79,35714439271911
8777.0,0,25.44,59.0,62.0,62.0,45.0,62.0,1394,76.20,68324944559814
8777.0,1,22.21,57.0,60.0,64.0,44.0,58.0,1299,72.96,39295928606628
8778.0,2,25.95,60.0,64.0,66.0,46.0,62.0,1437,71.26,35342468799499
8778.0,3,27.49,61.0,64.0,66.0,46.0,63.0,1458,74.88,35714865333435
8783.0,0,27.08,61.0,62.0,62.0,46.0,63.0,1384,77.26,68325383374389
8783.0,1,19.56,59.0,62.0,62.0,44.0,59.0,1310,74.50,39296351777343
8783.0,2,23.83,61.0,66.0,66.0,47.0,63.0,1438,73.35,35342885404418
8783.0,3,30.08,63.0,66.0,66.0,47.0,63.0,1480,76.38,35715298417724
